#include "../include.h"

// format: 4-bit paletted pixel graphics
// image width: 320 pixels
// image height: 320 lines
// image pitch: 160 bytes
const u16 BackgroundImg_Pal[16] __attribute__ ((aligned(4))) = {
	0x0000, 0xFFFF, 0x7465, 0x9549, 0xAE4E, 0x3A22, 0x52E4, 0xDED4, 0x18C1, 0x3162, 0x7347, 0xB4CD, 0x8BA9, 0x9C4B, 0x5204, 0xCD70, 
};

const u8 BackgroundImg[51200] __attribute__ ((aligned(4))) = {
	0x08, 0x08, 0x08, 0x08, 0x08, 0x88, 0x88, 0x08, 0x08, 0x08, 0x89, 0x88, 0x88, 0x80, 0x00, 0x80, 
	0x80, 0x08, 0x08, 0x88, 0xE8, 0x09, 0x80, 0x89, 0x9E, 0x80, 0x88, 0x00, 0x08, 0x00, 0x08, 0x5E, 
	0x88, 0x80, 0x80, 0x80, 0x89, 0x08, 0x88, 0x90, 0x80, 0x89, 0x98, 0x08, 0x88, 0x88, 0x80, 0x08, 
	0x8E, 0xBD, 0xCD, 0xBF, 0xBC, 0xA6, 0x69, 0x80, 0x00, 0x88, 0x00, 0x00, 0x80, 0x00, 0x08, 0x89, 
	0x98, 0x98, 0x98, 0x80, 0x00, 0x00, 0x00, 0x00, 0x00, 0x08, 0x80, 0x80, 0x00, 0x08, 0x08, 0x00, 
	0x00, 0x00, 0x00, 0x08, 0x00, 0x08, 0x08, 0x08, 0x88, 0x08, 0x80, 0x80, 0x00, 0x00, 0x80, 0x80, 
	0x9A, 0xCA, 0xCD, 0xDA, 0xCC, 0xCC, 0xCA, 0xE8, 0x08, 0x08, 0x08, 0x88, 0x88, 0x88, 0x98, 0x99, 
	0x5E, 0x98, 0x99, 0x98, 0x88, 0x88, 0x8E, 0x99, 0x89, 0x98, 0x99, 0x99, 0x98, 0x89, 0x98, 0x88, 
	0x00, 0x88, 0x89, 0x88, 0x00, 0x88, 0x88, 0x00, 0x80, 0x88, 0x88, 0x80, 0x00, 0x00, 0x89, 0x9E, 
	0x99, 0x99, 0x98, 0x88, 0x88, 0x00, 0x88, 0x6B, 0xFF, 0x7F, 0xBC, 0x99, 0x98, 0x99, 0x59, 0x98, 
	0x00, 0x88, 0x80, 0x00, 0x00, 0x88, 0x80, 0x00, 0x80, 0x08, 0x88, 0x88, 0x88, 0x88, 0x00, 0x88, 
	0x00, 0x88, 0x88, 0x99, 0x58, 0x89, 0x88, 0x99, 0x99, 0x80, 0x88, 0x80, 0x80, 0x00, 0x08, 0xE9, 
	0x88, 0x00, 0x00, 0x80, 0x88, 0x08, 0x88, 0x98, 0x88, 0x88, 0x88, 0x00, 0x00, 0x00, 0x88, 0x80, 
	0x8E, 0xBB, 0xDB, 0xFB, 0xDC, 0xCA, 0x69, 0x80, 0x08, 0x98, 0x08, 0x00, 0x88, 0x80, 0x08, 0x89, 
	0x99, 0x99, 0x98, 0x88, 0x08, 0x00, 0x00, 0x00, 0x08, 0x88, 0x88, 0x00, 0x00, 0x88, 0x88, 0x80, 
	0x00, 0x00, 0x00, 0x00, 0x88, 0x00, 0x00, 0x88, 0x88, 0x88, 0x80, 0x08, 0x88, 0x08, 0x80, 0x00, 
	0x9C, 0xCA, 0xAC, 0xDC, 0xAC, 0xAA, 0xCC, 0xA9, 0x08, 0x08, 0x08, 0x89, 0x88, 0x88, 0x88, 0x88, 
	0x99, 0x98, 0x9E, 0x69, 0x98, 0x89, 0x9E, 0xE9, 0x99, 0x99, 0x99, 0xE9, 0x99, 0x99, 0xEE, 0x98, 
	0x08, 0x88, 0x89, 0x88, 0x88, 0x98, 0x89, 0x88, 0x88, 0x88, 0x89, 0x88, 0x80, 0x80, 0x89, 0xEE, 
	0x99, 0x99, 0x98, 0x88, 0x88, 0x88, 0x88, 0x63, 0xBF, 0xBC, 0xCC, 0xE6, 0xEE, 0xE9, 0x98, 0x88, 
	0x00, 0x80, 0x80, 0x00, 0x08, 0x88, 0x00, 0x00, 0x80, 0x00, 0x88, 0x00, 0x80, 0x08, 0x00, 0x88, 
	0x00, 0x88, 0x80, 0x9E, 0x50, 0x89, 0x89, 0x99, 0x88, 0x80, 0x08, 0x88, 0x80, 0x00, 0x09, 0x65, 
	0x88, 0x80, 0x00, 0x80, 0x80, 0x08, 0x00, 0x88, 0x08, 0x08, 0x88, 0x80, 0x00, 0x00, 0x08, 0x80, 
	0x86, 0xBF, 0xDF, 0xBD, 0xCA, 0xDA, 0x65, 0x00, 0x08, 0x98, 0x88, 0x00, 0x88, 0x80, 0x08, 0x89, 
	0x99, 0x99, 0x98, 0x88, 0x08, 0x00, 0x00, 0x00, 0x08, 0x88, 0x88, 0x00, 0x00, 0x80, 0x80, 0x80, 
	0x00, 0x00, 0x00, 0x00, 0x88, 0x00, 0x00, 0x88, 0x80, 0x88, 0x80, 0x08, 0x88, 0x08, 0x80, 0x00, 
	0x9A, 0xCA, 0xAC, 0xDC, 0xCC, 0xCA, 0xCC, 0xA9, 0x08, 0x08, 0x80, 0x89, 0x88, 0x88, 0x88, 0x88, 
	0x89, 0x98, 0x9E, 0x69, 0x99, 0x99, 0xEE, 0xE9, 0x99, 0x89, 0x99, 0xE9, 0x99, 0x99, 0xEE, 0x98, 
	0x88, 0x88, 0x89, 0x88, 0x99, 0x98, 0x89, 0x88, 0x89, 0x98, 0x89, 0x88, 0x88, 0x80, 0x89, 0xE9, 
	0x99, 0x99, 0x98, 0x88, 0x88, 0x88, 0x88, 0xE3, 0xBB, 0xCE, 0xAC, 0xE6, 0xE9, 0x99, 0x88, 0x08, 
	0x00, 0x00, 0x00, 0x80, 0x88, 0x00, 0x00, 0x00, 0x00, 0x00, 0x08, 0x00, 0x08, 0x00, 0x80, 0x88, 
	0x00, 0x08, 0x00, 0x9A, 0x98, 0x89, 0x99, 0x98, 0x00, 0x80, 0x08, 0x88, 0x00, 0x00, 0x09, 0xA6, 
	0x98, 0x80, 0x08, 0x00, 0x88, 0x00, 0x00, 0x09, 0x00, 0x00, 0x89, 0x80, 0x00, 0x08, 0x00, 0x08, 
	0x86, 0xBF, 0xDB, 0xDC, 0xAA, 0xCA, 0xAE, 0x80, 0x88, 0x80, 0x80, 0x80, 0x00, 0x80, 0x08, 0x89, 
	0x98, 0x99, 0x98, 0x88, 0x00, 0x00, 0x00, 0x00, 0x00, 0x88, 0x80, 0x80, 0x00, 0x80, 0x80, 0x80, 
	0x00, 0x00, 0x00, 0x00, 0x00, 0x80, 0x00, 0x08, 0x80, 0x08, 0x00, 0x00, 0x00, 0x00, 0x80, 0x00, 
	0x9A, 0xCC, 0xCA, 0xCD, 0xCC, 0xDA, 0xCC, 0x69, 0x08, 0x08, 0x90, 0x08, 0x80, 0x88, 0x08, 0x89, 
	0x88, 0x89, 0x89, 0x99, 0x99, 0x9E, 0xEE, 0xE8, 0x99, 0x9E, 0xE9, 0x99, 0x89, 0x99, 0x9E, 0x99, 
	0x88, 0x98, 0x89, 0x99, 0x99, 0x98, 0x88, 0x98, 0x89, 0xE9, 0x98, 0x99, 0x89, 0x80, 0x89, 0x88, 
	0x9E, 0x99, 0x88, 0x88, 0x98, 0x99, 0x98, 0x6B, 0xFB, 0xCA, 0xCC, 0x98, 0x88, 0x80, 0x00, 0x00, 
	0x80, 0x08, 0x00, 0x00, 0x00, 0x00, 0x80, 0x00, 0x08, 0x08, 0x00, 0x08, 0x00, 0x08, 0x00, 0x08, 
	0x88, 0x00, 0x00, 0x9E, 0x9E, 0x99, 0x98, 0x80, 0x00, 0x00, 0x08, 0x00, 0x00, 0x80, 0x89, 0xE6, 
	0x98, 0x00, 0x00, 0x00, 0x80, 0x80, 0x00, 0x08, 0x80, 0x00, 0x08, 0x88, 0x00, 0x00, 0x80, 0x00, 
	0x8E, 0xDF, 0xDB, 0xBD, 0xCC, 0xA6, 0xCE, 0x88, 0x99, 0x00, 0x00, 0x00, 0x00, 0x00, 0x88, 0x89, 
	0x89, 0x99, 0x98, 0x80, 0x00, 0x00, 0x08, 0x80, 0x00, 0x88, 0x00, 0x80, 0x00, 0x80, 0x00, 0x00, 
	0x00, 0x00, 0x00, 0x00, 0x80, 0x00, 0x80, 0x00, 0x00, 0x00, 0x80, 0x80, 0x80, 0x80, 0x00, 0x80, 
	0x9A, 0xCC, 0xDC, 0xAD, 0xCD, 0xDC, 0xC6, 0xE9, 0x80, 0x88, 0x88, 0x88, 0x88, 0x88, 0x88, 0x99, 
	0x98, 0x89, 0x88, 0x99, 0x98, 0x89, 0x99, 0x98, 0x88, 0x99, 0x98, 0x89, 0x98, 0x89, 0x99, 0x99, 
	0x99, 0x99, 0x88, 0x99, 0x89, 0x98, 0x80, 0x88, 0x88, 0x9E, 0x99, 0x88, 0x99, 0x80, 0x89, 0x99, 
	0xEE, 0x99, 0x99, 0x80, 0x88, 0x88, 0x88, 0xA7, 0x7F, 0xFB, 0xBA, 0x90, 0x08, 0x80, 0x88, 0x88, 
	0x00, 0x00, 0x00, 0x00, 0x00, 0x00, 0x00, 0x80, 0x80, 0x00, 0x00, 0x00, 0x00, 0x00, 0x00, 0x08, 
	0x80, 0x00, 0x08, 0x65, 0x9E, 0x98, 0x80, 0x80, 0x00, 0x00, 0x00, 0x00, 0x08, 0x88, 0x88, 0x9E, 
	0x99, 0x80, 0x08, 0x08, 0x80, 0x00, 0x00, 0x09, 0x80, 0x00, 0x00, 0x88, 0x00, 0x00, 0x00, 0x00, 
	0x8E, 0xCB, 0xCD, 0xBB, 0xDD, 0xEE, 0xAE, 0x88, 0x88, 0x00, 0x08, 0x00, 0x00, 0x00, 0x88, 0x89, 
	0x88, 0x89, 0x99, 0x80, 0x80, 0x00, 0x88, 0x00, 0x00, 0x88, 0x80, 0x80, 0x00, 0x00, 0x00, 0x00, 
	0x00, 0x00, 0x00, 0x00, 0x00, 0x08, 0x00, 0x00, 0x00, 0x00, 0x00, 0x08, 0x00, 0x80, 0x80, 0x00, 
	0x9A, 0xAA, 0xCD, 0xCD, 0xCC, 0xCC, 0xAA, 0xE9, 0x90, 0x89, 0x88, 0x98, 0x99, 0x98, 0x89, 0x99, 
	0x98, 0x89, 0x88, 0x99, 0x98, 0x88, 0x88, 0x00, 0x88, 0x88, 0x98, 0x9E, 0x98, 0x99, 0x9E, 0x99, 
	0x99, 0x99, 0x98, 0x88, 0x89, 0x98, 0x88, 0x88, 0x88, 0x89, 0x99, 0x98, 0x89, 0x80, 0x89, 0xEE, 
	0x59, 0x9E, 0x99, 0x80, 0x00, 0x00, 0x08, 0xCF, 0x71, 0x1F, 0xBC, 0xE8, 0x88, 0x80, 0x89, 0x99, 
	0x00, 0x00, 0x00, 0x00, 0x00, 0x00, 0x00, 0x80, 0x80, 0x00, 0x00, 0x00, 0x00, 0x00, 0x00, 0x08, 
	0x00, 0x00, 0x09, 0x69, 0x89, 0x88, 0x80, 0x80, 0x00, 0x00, 0x00, 0x00, 0x08, 0x88, 0x88, 0x9E, 
	0x98, 0x80, 0x08, 0x08, 0x80, 0x00, 0x00, 0x09, 0x80, 0x00, 0x00, 0x88, 0x00, 0x00, 0x00, 0x00, 
	0x09, 0xCD, 0xDD, 0xDB, 0xBB, 0xAE, 0x6E, 0x88, 0x80, 0x00, 0x08, 0x00, 0x00, 0x00, 0x88, 0x89, 
	0x88, 0x89, 0x99, 0x80, 0x80, 0x00, 0x80, 0x00, 0x00, 0x88, 0x80, 0x80, 0x00, 0x00, 0x00, 0x00, 
	0x00, 0x00, 0x00, 0x00, 0x00, 0x08, 0x80, 0x00, 0x00, 0x00, 0x00, 0x08, 0x88, 0x88, 0x80, 0x00, 
	0x9C, 0xAA, 0xCD, 0xBB, 0xCA, 0xCC, 0xAA, 0xE9, 0x98, 0x89, 0x88, 0x99, 0x99, 0x98, 0x85, 0x98, 
	0x98, 0x89, 0x80, 0x98, 0x98, 0x89, 0x88, 0x00, 0x08, 0x88, 0x99, 0x9E, 0x99, 0x99, 0x9E, 0x99, 
	0x99, 0x99, 0x99, 0x88, 0x89, 0x98, 0x88, 0x99, 0x98, 0x89, 0x99, 0x99, 0x99, 0x80, 0x89, 0xEE, 
	0x99, 0x9E, 0x99, 0x80, 0x00, 0x00, 0x89, 0xCF, 0x71, 0x7B, 0xBC, 0x66, 0xA6, 0x80, 0x89, 0x99, 
	0x00, 0x00, 0x00, 0x00, 0x00, 0x00, 0x00, 0x00, 0x00, 0x00, 0x80, 0x00, 0x00, 0x00, 0x00, 0x00, 
	0x00, 0x88, 0x98, 0x90, 0x08, 0x89, 0x80, 0x00, 0x00, 0x00, 0x00, 0x00, 0x00, 0x00, 0x08, 0x9E, 
	0x98, 0x08, 0x00, 0x00, 0x00, 0x80, 0x00, 0x08, 0x80, 0x00, 0x08, 0x08, 0x00, 0x00, 0x00, 0x00, 
	0x09, 0xCA, 0xBB, 0xCB, 0xFF, 0xCA, 0xA6, 0x80, 0x00, 0x00, 0x08, 0x00, 0x08, 0x80, 0x08, 0x89, 
	0x98, 0x88, 0x99, 0x80, 0x80, 0x00, 0x00, 0x00, 0x00, 0x89, 0x00, 0x00, 0x00, 0x00, 0x00, 0x00, 
	0x00, 0x00, 0x00, 0x00, 0x88, 0x08, 0x80, 0x08, 0x00, 0x00, 0x00, 0x80, 0x88, 0x08, 0x00, 0x00, 
	0x9C, 0xCC, 0xCD, 0xFB, 0xCA, 0xDC, 0xCC, 0xE9, 0xE8, 0x88, 0x98, 0x99, 0x99, 0x58, 0x89, 0x88, 
	0x98, 0x88, 0x80, 0x88, 0x88, 0x99, 0x88, 0x80, 0x88, 0x88, 0x99, 0x99, 0x99, 0x99, 0x99, 0x99, 
	0x88, 0x89, 0xEE, 0x99, 0x98, 0x98, 0x89, 0x5E, 0xE9, 0x88, 0x88, 0x9E, 0x99, 0x80, 0x89, 0x9E, 
	0x99, 0x99, 0xE9, 0x90, 0x00, 0x08, 0x89, 0xAB, 0xFF, 0xCE, 0xCA, 0x6C, 0xDC, 0x90, 0x88, 0x98, 
	0x00, 0x00, 0x00, 0x00, 0x00, 0x08, 0x00, 0x00, 0x00, 0x00, 0x80, 0x00, 0x00, 0x00, 0x00, 0x08, 
	0x88, 0x99, 0xE8, 0x00, 0x80, 0x09, 0x80, 0x00, 0x00, 0x80, 0x00, 0x80, 0x00, 0x00, 0x08, 0xEE, 
	0x98, 0x80, 0x89, 0x80, 0x00, 0x00, 0x00, 0x00, 0x08, 0x88, 0x08, 0x08, 0x80, 0x08, 0x88, 0x88, 
	0x09, 0xCA, 0xBF, 0xCC, 0xDB, 0xDC, 0xCA, 0xE9, 0x00, 0x00, 0x00, 0x80, 0x00, 0x00, 0x08, 0x89, 
	0x98, 0x88, 0x88, 0x88, 0x00, 0x00, 0x00, 0x00, 0x00, 0x89, 0x00, 0x08, 0x80, 0x08, 0x00, 0x00, 
	0x00, 0x00, 0x08, 0x00, 0x00, 0x00, 0x80, 0x00, 0x08, 0x80, 0x00, 0x80, 0x88, 0x00, 0x00, 0x00, 
	0x9C, 0xCC, 0xDD, 0xDB, 0xCA, 0xDB, 0xCA, 0xE9, 0x99, 0x99, 0x88, 0x88, 0x88, 0x88, 0x89, 0x59, 
	0x98, 0x88, 0x88, 0x08, 0x88, 0x99, 0x89, 0x98, 0x89, 0x89, 0x9E, 0x88, 0x89, 0x98, 0x88, 0x99, 
	0x98, 0x89, 0x99, 0x99, 0x99, 0x89, 0x98, 0x99, 0x9E, 0x88, 0x99, 0x99, 0x88, 0x88, 0x89, 0x99, 
	0x98, 0x99, 0x98, 0x98, 0x88, 0x00, 0x09, 0xCD, 0xDB, 0xA9, 0x6E, 0x9E, 0xC6, 0x90, 0x88, 0x88, 
	0x00, 0x00, 0x00, 0x08, 0x00, 0x08, 0x00, 0x00, 0x00, 0x00, 0x00, 0x08, 0x00, 0x00, 0x00, 0x89, 
	0x88, 0x9E, 0x98, 0x00, 0x80, 0x8E, 0x80, 0x00, 0x00, 0x00, 0x00, 0x00, 0x00, 0x80, 0x08, 0x66, 
	0x98, 0x98, 0x88, 0x88, 0x80, 0x00, 0x80, 0x88, 0x00, 0x80, 0x08, 0x08, 0x88, 0x00, 0x88, 0x80, 
	0x09, 0xCC, 0xDB, 0xBC, 0xAB, 0xBD, 0xA6, 0xAA, 0xE0, 0x80, 0x00, 0x08, 0x00, 0x00, 0x08, 0x99, 
	0x99, 0x99, 0x99, 0x88, 0x80, 0x00, 0x00, 0x00, 0x00, 0x88, 0x80, 0x08, 0x80, 0x00, 0x80, 0x00, 
	0x00, 0x00, 0x08, 0x08, 0x00, 0x80, 0x00, 0x08, 0x88, 0x88, 0x88, 0x88, 0x88, 0x80, 0x00, 0x80, 
	0x9C, 0xCC, 0xBB, 0xDB, 0xCC, 0xDB, 0xCA, 0xE9, 0x89, 0x98, 0x88, 0x89, 0x98, 0x88, 0x88, 0x99, 
	0x88, 0x99, 0x88, 0x88, 0x99, 0x99, 0x89, 0x99, 0x99, 0x99, 0x99, 0x88, 0x89, 0x58, 0x89, 0x99, 
	0x99, 0x98, 0x89, 0xE9, 0xE5, 0x99, 0x58, 0x98, 0x99, 0x89, 0x99, 0x98, 0x88, 0x88, 0x89, 0x88, 
	0x88, 0x88, 0x98, 0x99, 0x98, 0x88, 0x8E, 0xBB, 0xDB, 0xDA, 0xA6, 0x89, 0xE9, 0x80, 0x89, 0x88, 
	0x00, 0x00, 0x00, 0x08, 0x00, 0x08, 0x00, 0x00, 0x00, 0x00, 0x00, 0x08, 0x00, 0x00, 0x08, 0x98, 
	0x88, 0x8E, 0x90, 0x00, 0x88, 0x8E, 0x80, 0x00, 0x00, 0x00, 0x00, 0x00, 0x00, 0x88, 0x89, 0x66, 
	0x98, 0x88, 0x88, 0x88, 0x88, 0x88, 0x88, 0x88, 0x80, 0x00, 0x88, 0x00, 0x88, 0x00, 0x00, 0x00, 
	0x09, 0xAC, 0xCD, 0xBD, 0xCB, 0xBD, 0xA9, 0xAA, 0xE8, 0x80, 0x00, 0x08, 0x00, 0x00, 0x88, 0x99, 
	0x99, 0x99, 0x99, 0x88, 0x80, 0x00, 0x00, 0x00, 0x08, 0x88, 0x80, 0x08, 0x80, 0x08, 0x80, 0x00, 
	0x00, 0x00, 0x88, 0x08, 0x00, 0x80, 0x00, 0x88, 0x80, 0x88, 0x88, 0x88, 0x88, 0x88, 0x08, 0x80, 
	0x9A, 0xCC, 0xDB, 0xBB, 0xDD, 0xCB, 0xCA, 0x68, 0x89, 0x88, 0x88, 0x89, 0x98, 0x08, 0x88, 0x89, 
	0x88, 0x99, 0x88, 0x88, 0x99, 0x99, 0x99, 0x99, 0x99, 0x99, 0x99, 0x88, 0x88, 0x58, 0x89, 0x99, 
	0x99, 0x99, 0x89, 0x99, 0xE5, 0x99, 0x59, 0x98, 0x99, 0x99, 0x99, 0x99, 0x88, 0x88, 0x89, 0x88, 
	0x88, 0x88, 0x98, 0x99, 0x98, 0x88, 0x9E, 0xFF, 0xBF, 0xBC, 0xC6, 0x88, 0x80, 0x80, 0x88, 0x88, 
	0x00, 0x00, 0x00, 0x00, 0x00, 0x00, 0x00, 0x00, 0x00, 0x00, 0x00, 0x80, 0x00, 0x80, 0x09, 0x90, 
	0x08, 0x8E, 0x80, 0x00, 0x89, 0x89, 0x98, 0x00, 0x80, 0x00, 0x00, 0x08, 0x08, 0x08, 0x9E, 0xEE, 
	0x99, 0x89, 0x80, 0x00, 0x98, 0x88, 0x08, 0x88, 0x88, 0x08, 0x80, 0x00, 0x80, 0x00, 0x00, 0x08, 
	0x09, 0xAC, 0xCD, 0xBB, 0xDF, 0xBD, 0xA9, 0x89, 0x98, 0x80, 0x80, 0x80, 0x00, 0x00, 0x88, 0x99, 
	0x88, 0x99, 0x98, 0x98, 0x00, 0x00, 0x00, 0x00, 0x88, 0x88, 0x08, 0x08, 0x80, 0x88, 0x80, 0x80, 
	0x08, 0x08, 0x88, 0x08, 0x80, 0x80, 0x08, 0x80, 0x08, 0x89, 0x88, 0x80, 0x08, 0x88, 0x88, 0x00, 
	0x9A, 0xCD, 0xCD, 0xBB, 0xBD, 0xDB, 0xAC, 0xA9, 0x08, 0x00, 0x00, 0x89, 0x89, 0x88, 0x80, 0x89, 
	0x98, 0x88, 0x89, 0x99, 0x89, 0x99, 0x99, 0x99, 0x88, 0x98, 0x88, 0x88, 0x88, 0x98, 0x88, 0x95, 
	0x88, 0x95, 0x98, 0x89, 0xE9, 0x99, 0x99, 0x98, 0x88, 0x59, 0x99, 0xE9, 0x88, 0x88, 0x88, 0x88, 
	0x88, 0x88, 0x88, 0x89, 0x99, 0x99, 0x9E, 0x4F, 0xF7, 0xFD, 0xAE, 0x99, 0x98, 0x00, 0x80, 0x88, 
	0x00, 0x00, 0x00, 0x00, 0x00, 0x00, 0x00, 0x00, 0x00, 0x08, 0x00, 0x00, 0x00, 0x00, 0x89, 0x80, 
	0x09, 0x99, 0x80, 0x88, 0x89, 0x99, 0xE9, 0x80, 0x08, 0x88, 0x08, 0x88, 0x88, 0x89, 0x99, 0x96, 
	0x99, 0x88, 0x90, 0x80, 0x89, 0x00, 0x88, 0x88, 0x88, 0x00, 0x00, 0x08, 0x80, 0x08, 0x00, 0x00, 
	0x09, 0xAD, 0xDD, 0xBF, 0xBB, 0xCC, 0xCE, 0x88, 0x88, 0x00, 0x08, 0x08, 0x00, 0x00, 0x88, 0x9E, 
	0x88, 0x99, 0x98, 0x88, 0x00, 0x88, 0x88, 0x80, 0x00, 0x89, 0x00, 0x00, 0x80, 0x00, 0x88, 0x00, 
	0x80, 0x80, 0x88, 0x08, 0x98, 0x80, 0x80, 0x08, 0x08, 0x88, 0x08, 0x08, 0x80, 0x88, 0x80, 0x80, 
	0x9C, 0xCD, 0xCD, 0xDB, 0xBC, 0xBD, 0xAC, 0xA9, 0x00, 0x08, 0x00, 0x88, 0x88, 0x88, 0x80, 0x88, 
	0x99, 0x88, 0x88, 0x99, 0x88, 0x99, 0x99, 0x98, 0x00, 0x88, 0x88, 0x88, 0x88, 0x89, 0x88, 0x59, 
	0x99, 0x99, 0x99, 0x99, 0x98, 0x99, 0x85, 0x95, 0x89, 0x99, 0x99, 0x99, 0x88, 0x99, 0x98, 0x89, 
	0x99, 0x88, 0x99, 0x98, 0x85, 0x98, 0x96, 0xB7, 0x77, 0x7F, 0xA9, 0x9E, 0x98, 0x00, 0x00, 0x88, 
	0x00, 0x00, 0x00, 0x00, 0x00, 0x00, 0x00, 0x00, 0x08, 0x00, 0x00, 0x80, 0x88, 0x08, 0x98, 0x88, 
	0x8E, 0x98, 0x88, 0x88, 0x88, 0x89, 0x99, 0x90, 0x88, 0x88, 0x88, 0x88, 0x99, 0x88, 0x88, 0x96, 
	0x95, 0x88, 0x98, 0x80, 0x88, 0x88, 0x80, 0x88, 0x88, 0x00, 0x08, 0x08, 0x80, 0x00, 0x00, 0x00, 
	0x89, 0x6C, 0xBD, 0xDF, 0xBC, 0xAD, 0xDE, 0x80, 0x88, 0x80, 0x00, 0x80, 0x08, 0x08, 0x88, 0x99, 
	0x89, 0x99, 0x88, 0x88, 0x80, 0x08, 0x88, 0x88, 0x80, 0x89, 0x80, 0x08, 0x80, 0x08, 0x88, 0x80, 
	0x80, 0x08, 0x88, 0x88, 0x88, 0x88, 0x88, 0x08, 0x80, 0x88, 0x89, 0x88, 0x88, 0x98, 0x00, 0x80, 
	0x9A, 0xCD, 0xCD, 0xBB, 0xDC, 0xBD, 0xCC, 0x6E, 0x98, 0x88, 0x80, 0x88, 0x89, 0x88, 0x80, 0x89, 
	0x99, 0x88, 0x99, 0xE5, 0x88, 0x99, 0x88, 0x80, 0x80, 0x88, 0x85, 0x98, 0x98, 0x89, 0x98, 0x99, 
	0x95, 0x98, 0x89, 0x98, 0x88, 0x95, 0x89, 0x99, 0x95, 0x59, 0x88, 0x89, 0x99, 0x99, 0x98, 0x88, 
	0x99, 0x98, 0x99, 0x88, 0x96, 0x98, 0x86, 0xD7, 0x17, 0xF7, 0xD9, 0x99, 0x88, 0x00, 0x00, 0x00, 
	0x00, 0x00, 0x00, 0x00, 0x00, 0x00, 0x00, 0x00, 0x08, 0x00, 0x00, 0x88, 0x88, 0x88, 0x90, 0x08, 
	0x9E, 0x98, 0x88, 0x00, 0x88, 0x89, 0x99, 0x99, 0x99, 0x88, 0x88, 0x80, 0x99, 0x88, 0x88, 0x96, 
	0x95, 0x98, 0x99, 0x80, 0x88, 0x88, 0x80, 0x88, 0x88, 0x00, 0x88, 0x00, 0x80, 0x00, 0x00, 0x08, 
	0x89, 0xAC, 0xDC, 0xCF, 0xBA, 0xED, 0xDA, 0x90, 0x88, 0x80, 0x00, 0x80, 0x88, 0x88, 0x88, 0x89, 
	0x89, 0x99, 0x88, 0x88, 0x80, 0x00, 0x88, 0x08, 0x88, 0x89, 0x80, 0x08, 0x88, 0x88, 0x80, 0x80, 
	0x80, 0x08, 0x88, 0x80, 0x08, 0x88, 0x88, 0x88, 0x80, 0x08, 0x89, 0x88, 0x88, 0x98, 0x88, 0x88, 
	0x9A, 0xCD, 0xCD, 0xFB, 0xCC, 0xDD, 0xCC, 0xEE, 0x99, 0x99, 0x80, 0x80, 0x89, 0x08, 0x88, 0x89, 
	0x89, 0x80, 0x99, 0xE5, 0x88, 0x99, 0x88, 0x89, 0x80, 0x88, 0x95, 0x98, 0x98, 0x89, 0x98, 0x89, 
	0x99, 0x98, 0x89, 0x90, 0x88, 0x89, 0x88, 0x89, 0x95, 0x58, 0x88, 0x89, 0x99, 0x89, 0x98, 0x88, 
	0x99, 0x98, 0x99, 0x08, 0x96, 0x88, 0x8A, 0xBF, 0x17, 0xF7, 0xB9, 0x88, 0x88, 0x00, 0x00, 0x00, 
	0x00, 0x08, 0x00, 0x08, 0x88, 0x00, 0x00, 0x88, 0x00, 0x00, 0x00, 0x88, 0x80, 0x89, 0x80, 0x09, 
	0xE9, 0x88, 0x80, 0x08, 0x88, 0x88, 0x88, 0xEE, 0xE9, 0x99, 0x99, 0x88, 0xE9, 0x00, 0x88, 0x9E, 
	0x9E, 0xE9, 0x9E, 0x80, 0x88, 0x88, 0x88, 0x88, 0x80, 0x08, 0x80, 0x00, 0x08, 0x00, 0x00, 0x08, 
	0x89, 0xCA, 0xCC, 0xDF, 0xBC, 0x6D, 0xDA, 0x98, 0x88, 0x08, 0x08, 0x08, 0x88, 0x80, 0x88, 0x89, 
	0x89, 0x88, 0x98, 0x80, 0x80, 0x00, 0x00, 0x08, 0x08, 0x88, 0x00, 0x00, 0x08, 0x88, 0x80, 0x80, 
	0x80, 0x80, 0x88, 0x00, 0x88, 0x88, 0x88, 0x88, 0x08, 0x80, 0x88, 0x89, 0x98, 0x98, 0x89, 0x99, 
	0x96, 0xCC, 0xDD, 0xBD, 0xCC, 0xCC, 0xCC, 0xEE, 0xE9, 0x9E, 0x80, 0x80, 0x88, 0x00, 0x08, 0x88, 
	0x88, 0x00, 0x8E, 0x99, 0x88, 0x98, 0x89, 0x9E, 0x88, 0x99, 0x99, 0x58, 0x89, 0x88, 0x88, 0x89, 
	0x88, 0x99, 0x95, 0x58, 0x88, 0x88, 0x88, 0x88, 0x99, 0x98, 0x88, 0x99, 0x88, 0x88, 0x80, 0x88, 
	0x98, 0x88, 0x98, 0x88, 0x88, 0x98, 0x9C, 0xFB, 0x77, 0xF7, 0xD9, 0x08, 0x98, 0x88, 0x88, 0x98, 
	0x00, 0x88, 0x00, 0x80, 0x88, 0x89, 0x88, 0x88, 0x80, 0x08, 0x08, 0x08, 0x88, 0x88, 0x88, 0x8E, 
	0x98, 0x88, 0x88, 0x88, 0x88, 0x88, 0x89, 0x99, 0x99, 0x88, 0x89, 0x99, 0x98, 0x88, 0x80, 0x8E, 
	0xE9, 0x99, 0x9E, 0x90, 0x80, 0x88, 0x88, 0x88, 0x80, 0x80, 0x00, 0x88, 0x88, 0x00, 0x08, 0x88, 
	0x89, 0xAC, 0xDD, 0xFF, 0xFB, 0xCC, 0xCA, 0x98, 0x98, 0x08, 0x00, 0x88, 0x88, 0x08, 0x88, 0x89, 
	0x88, 0x88, 0x88, 0x08, 0x00, 0x00, 0x00, 0x00, 0x80, 0x89, 0x80, 0x80, 0x88, 0x08, 0x98, 0x80, 
	0x88, 0x08, 0x89, 0x80, 0x00, 0x00, 0x89, 0x80, 0x88, 0x88, 0x80, 0x89, 0x88, 0x98, 0x96, 0x98, 
	0x9A, 0xCD, 0xCC, 0xDC, 0xDB, 0xDC, 0xCC, 0xAE, 0x99, 0x99, 0x80, 0x08, 0x00, 0x08, 0x09, 0x98, 
	0x89, 0x00, 0x89, 0x99, 0x88, 0x98, 0x9E, 0x9E, 0x88, 0x99, 0x99, 0x99, 0x99, 0x80, 0x88, 0x88, 
	0x88, 0x89, 0x59, 0x99, 0x89, 0x88, 0x88, 0x08, 0x58, 0x88, 0x88, 0x88, 0x95, 0x88, 0x88, 0x99, 
	0x98, 0x99, 0x99, 0x99, 0x89, 0xE8, 0x9C, 0xBD, 0xF7, 0xFF, 0xC9, 0x88, 0x98, 0x99, 0x99, 0xE9, 
	0x88, 0x88, 0x88, 0x88, 0x98, 0x8E, 0x98, 0x88, 0x88, 0x08, 0x08, 0x00, 0x89, 0x88, 0x08, 0x96, 
	0x98, 0x88, 0x88, 0x88, 0x88, 0x88, 0x98, 0x88, 0x88, 0x88, 0x89, 0xE8, 0x00, 0x08, 0x80, 0x8E, 
	0xEE, 0x98, 0x99, 0x88, 0x08, 0x88, 0x88, 0x88, 0x80, 0x88, 0x08, 0x88, 0x88, 0x88, 0x88, 0x99, 
	0x89, 0xCF, 0xBD, 0xF7, 0xFB, 0xDC, 0xCA, 0x98, 0x88, 0x80, 0x08, 0x88, 0x99, 0x88, 0x89, 0x88, 
	0x88, 0x88, 0x88, 0x00, 0x80, 0x00, 0x00, 0x00, 0x88, 0x88, 0x88, 0x88, 0x89, 0x88, 0x88, 0x88, 
	0x89, 0x88, 0x88, 0x88, 0x88, 0x08, 0x88, 0x88, 0x98, 0x88, 0x80, 0x88, 0x88, 0x88, 0x9E, 0x98, 
	0x86, 0xCC, 0xCC, 0xBD, 0xDD, 0xDC, 0xAC, 0xAE, 0x99, 0x99, 0x98, 0x80, 0x00, 0x08, 0x08, 0x88, 
	0x89, 0x99, 0x88, 0x88, 0x89, 0x98, 0x9E, 0x65, 0x99, 0x99, 0x99, 0x88, 0x99, 0x98, 0x88, 0x88, 
	0x80, 0x88, 0x99, 0x99, 0x88, 0x88, 0x88, 0x08, 0x98, 0x88, 0x98, 0x89, 0x99, 0x88, 0x88, 0x89, 
	0x98, 0x88, 0x89, 0xEE, 0xEE, 0x59, 0x96, 0xAD, 0xBF, 0x7B, 0xAE, 0x99, 0x6E, 0x99, 0x99, 0x95, 
	0x88, 0x88, 0x88, 0x88, 0x98, 0x89, 0x98, 0x88, 0x88, 0x88, 0x88, 0x88, 0x89, 0x80, 0x88, 0x96, 
	0x98, 0x08, 0x88, 0x00, 0x80, 0x88, 0x88, 0x00, 0x80, 0x00, 0x89, 0xE8, 0x00, 0x00, 0x88, 0x8E, 
	0xE6, 0x98, 0x98, 0x88, 0x88, 0x88, 0x88, 0x88, 0x80, 0x89, 0x88, 0x88, 0x88, 0x88, 0x88, 0x9E, 
	0x89, 0xD7, 0xBB, 0xF7, 0xBB, 0xBC, 0xDA, 0x98, 0x88, 0x88, 0x08, 0x88, 0x99, 0x80, 0x89, 0x88, 
	0x88, 0x88, 0x88, 0x00, 0x80, 0x00, 0x00, 0x00, 0x88, 0x88, 0x08, 0x88, 0x99, 0x98, 0x88, 0x88, 
	0x89, 0x98, 0x88, 0x88, 0x88, 0x88, 0x88, 0x88, 0x98, 0x88, 0x88, 0x80, 0x88, 0x88, 0x98, 0x88, 
	0x9A, 0xCC, 0xAC, 0xBB, 0xDD, 0xDC, 0xAC, 0xAE, 0x99, 0x99, 0xE9, 0x98, 0x80, 0x08, 0x88, 0x89, 
	0x99, 0xE9, 0x88, 0x88, 0x99, 0x99, 0x9E, 0x69, 0x99, 0x99, 0x99, 0x88, 0x89, 0x98, 0x88, 0x88, 
	0x00, 0x08, 0x99, 0x89, 0x88, 0x88, 0x88, 0x88, 0x88, 0x08, 0x98, 0x89, 0x99, 0x88, 0x88, 0x88, 
	0x98, 0x88, 0x09, 0xEE, 0xEE, 0x99, 0x95, 0xAB, 0xCB, 0xFC, 0xAE, 0x5E, 0x6E, 0x99, 0x98, 0x95, 
	0x88, 0x89, 0x98, 0x89, 0x98, 0x88, 0x89, 0x88, 0x98, 0x89, 0x99, 0x99, 0x98, 0x89, 0x89, 0x9E, 
	0x88, 0x00, 0x08, 0x80, 0x80, 0x89, 0x00, 0x00, 0x08, 0x88, 0x08, 0x98, 0x88, 0x80, 0x88, 0x8E, 
	0x6E, 0x98, 0x88, 0x95, 0x58, 0x89, 0x88, 0x89, 0x80, 0x89, 0x98, 0x08, 0x08, 0x99, 0x99, 0xE9, 
	0x89, 0xB7, 0xBB, 0xFF, 0xBB, 0xBC, 0xDA, 0x98, 0x88, 0x88, 0x00, 0x80, 0x88, 0x80, 0x88, 0x88, 
	0x88, 0x08, 0x80, 0x80, 0x00, 0x88, 0x80, 0x08, 0x88, 0x88, 0x08, 0x89, 0x9E, 0xE8, 0x88, 0x88, 
	0x88, 0x58, 0x09, 0x88, 0x88, 0x88, 0x80, 0x89, 0x88, 0x88, 0x08, 0x98, 0x88, 0x89, 0x98, 0x89, 
	0xEC, 0xCC, 0xCC, 0xDB, 0xBD, 0xDC, 0xCC, 0xCE, 0x9E, 0xE9, 0x9E, 0xE9, 0x80, 0x88, 0x98, 0x98, 
	0x99, 0x59, 0x98, 0x89, 0x9E, 0xEE, 0xE9, 0xE9, 0x99, 0x89, 0x59, 0x98, 0x88, 0x88, 0x98, 0x80, 
	0x00, 0x80, 0x89, 0x88, 0x88, 0x88, 0x98, 0x98, 0x08, 0x08, 0x88, 0x88, 0x88, 0x88, 0x89, 0x98, 
	0x98, 0x88, 0x89, 0x9E, 0xE9, 0x95, 0x96, 0xCB, 0xDD, 0xAE, 0xAE, 0xEE, 0xE9, 0x99, 0x98, 0x85, 
	0x88, 0x99, 0x88, 0x89, 0x88, 0x88, 0x88, 0x99, 0xE9, 0x89, 0x99, 0x88, 0x88, 0x9E, 0x9E, 0x99, 
	0x98, 0x88, 0x89, 0x88, 0x80, 0x98, 0x88, 0x08, 0x89, 0x99, 0x88, 0x98, 0x08, 0x88, 0x89, 0x9E, 
	0xA5, 0x98, 0x89, 0x6A, 0xA9, 0x99, 0x98, 0x88, 0x08, 0x88, 0x99, 0x88, 0x88, 0x88, 0x89, 0xE9, 
	0x99, 0xCF, 0xBB, 0xBB, 0xBD, 0xBD, 0xDC, 0x98, 0x80, 0x80, 0x00, 0x08, 0x80, 0x08, 0x88, 0x08, 
	0x00, 0x80, 0x88, 0x80, 0x80, 0x08, 0x88, 0x88, 0x99, 0x98, 0x88, 0x88, 0x99, 0x99, 0x99, 0x88, 
	0x88, 0x89, 0x08, 0x80, 0x00, 0x88, 0x88, 0x98, 0x88, 0x08, 0x89, 0x88, 0x98, 0x88, 0x89, 0x88, 
	0xED, 0xCC, 0xCC, 0xDD, 0xDD, 0xDC, 0xDC, 0xAE, 0xEE, 0x99, 0xEE, 0x98, 0x88, 0x99, 0xE9, 0x88, 
	0x89, 0x99, 0x98, 0x55, 0x55, 0xEC, 0xAE, 0xE9, 0x65, 0x89, 0x99, 0x58, 0x08, 0x08, 0x88, 0x00, 
	0x00, 0x08, 0x88, 0x80, 0x80, 0x09, 0x88, 0x80, 0x88, 0x80, 0x00, 0x88, 0x08, 0x08, 0x9E, 0x69, 
	0x95, 0x95, 0x99, 0xE9, 0x99, 0x9E, 0x9A, 0xDD, 0xBB, 0x69, 0x5E, 0xEA, 0x98, 0x89, 0x88, 0x89, 
	0x88, 0x98, 0x88, 0x88, 0x88, 0x88, 0x89, 0x99, 0x99, 0x89, 0x88, 0x80, 0x08, 0x95, 0xE9, 0x95, 
	0x99, 0x89, 0x99, 0x88, 0x89, 0xE8, 0x98, 0x08, 0x99, 0x99, 0x80, 0x98, 0x08, 0x95, 0x5E, 0xEE, 
	0x6E, 0xE8, 0x8E, 0x56, 0x69, 0xEE, 0x98, 0x88, 0x89, 0x99, 0xEE, 0x99, 0x98, 0x88, 0x99, 0x99, 
	0x99, 0xCF, 0xBB, 0xBB, 0xDC, 0xDC, 0xCC, 0x98, 0x88, 0x88, 0x88, 0x88, 0x88, 0x88, 0x80, 0x00, 
	0x08, 0x88, 0x88, 0x98, 0x88, 0x88, 0x88, 0x99, 0x99, 0x98, 0x89, 0x55, 0x98, 0x99, 0x99, 0x99, 
	0x98, 0x88, 0x00, 0x00, 0x80, 0x88, 0x89, 0x98, 0x98, 0x88, 0x9E, 0x89, 0x98, 0x98, 0x88, 0x98, 
	0xED, 0xDD, 0xDD, 0xBB, 0xCC, 0xCC, 0xDC, 0x6E, 0xE6, 0x99, 0x99, 0x99, 0x9E, 0xE9, 0x99, 0x98, 
	0x89, 0x88, 0x88, 0x95, 0xE9, 0x6B, 0xFA, 0x98, 0x5E, 0x98, 0x88, 0x98, 0x88, 0x88, 0x88, 0x00, 
	0x00, 0x00, 0x88, 0x80, 0x80, 0x89, 0x99, 0x80, 0x88, 0x88, 0x88, 0x88, 0x88, 0x08, 0x95, 0xE9, 
	0x99, 0x99, 0xEE, 0xEE, 0x95, 0x99, 0x9C, 0xCC, 0xDD, 0xC6, 0x9A, 0xC6, 0x98, 0x88, 0x88, 0x88, 
	0x88, 0x98, 0x80, 0x88, 0x00, 0x88, 0x99, 0x98, 0x89, 0x89, 0x88, 0x88, 0x88, 0x95, 0xE9, 0x5E, 
	0x99, 0x99, 0x99, 0x95, 0x55, 0xE9, 0xE9, 0x98, 0x99, 0x99, 0x99, 0xE9, 0x89, 0xE5, 0x66, 0x59, 
	0xEE, 0xE9, 0x8E, 0x5E, 0x6E, 0x66, 0x98, 0x99, 0x9E, 0xEE, 0xEE, 0x9E, 0x99, 0x98, 0x99, 0x99, 
	0x99, 0xCF, 0xDD, 0xBD, 0xAC, 0xDC, 0xDC, 0x99, 0x88, 0x89, 0x99, 0x98, 0x88, 0x88, 0x80, 0x08, 
	0x88, 0x88, 0x88, 0x99, 0x99, 0x99, 0x88, 0x99, 0x98, 0x98, 0x89, 0xEE, 0x98, 0x99, 0x99, 0x99, 
	0x98, 0x00, 0x00, 0x00, 0x80, 0x88, 0x88, 0x98, 0x98, 0x88, 0x99, 0x9E, 0x99, 0x98, 0x88, 0x99, 
	0x5D, 0xDB, 0xDD, 0xBB, 0xCC, 0xCC, 0xDC, 0x6E, 0xAA, 0x98, 0x88, 0x99, 0x5E, 0xE9, 0x99, 0x98, 
	0x89, 0x88, 0x88, 0x89, 0xE9, 0x63, 0x72, 0x88, 0x89, 0x98, 0x00, 0x88, 0x88, 0x80, 0x80, 0x00, 
	0x00, 0x00, 0x08, 0x00, 0x88, 0x88, 0x99, 0x80, 0x08, 0x89, 0x98, 0x88, 0x98, 0x08, 0x89, 0xE9, 
	0x98, 0x89, 0xEE, 0xEE, 0x99, 0x98, 0x5D, 0xDD, 0xBD, 0xDC, 0xE6, 0xCE, 0x99, 0x88, 0x88, 0x88, 
	0x89, 0x99, 0x90, 0x89, 0x88, 0x99, 0xE9, 0x98, 0x08, 0x89, 0x88, 0x89, 0x89, 0x9E, 0x99, 0xE9, 
	0x9E, 0xEE, 0x55, 0x56, 0x6E, 0x59, 0x9E, 0xE5, 0x99, 0x99, 0xEE, 0xA5, 0x95, 0x65, 0x6E, 0x99, 
	0x99, 0xE9, 0x85, 0xE9, 0xEE, 0x6E, 0x99, 0xEE, 0xEE, 0xEE, 0xEE, 0x99, 0xEE, 0xE9, 0xE8, 0x98, 
	0x8E, 0xDB, 0xAC, 0xBD, 0x6C, 0xFC, 0xBC, 0x99, 0x99, 0x99, 0x99, 0x98, 0x88, 0x88, 0x88, 0x89, 
	0x98, 0x89, 0x99, 0xEE, 0x9E, 0xE9, 0x89, 0x9E, 0x99, 0x88, 0x8E, 0xEE, 0x88, 0x89, 0x99, 0x89, 
	0x80, 0x00, 0x80, 0x80, 0x00, 0x08, 0x00, 0x88, 0x88, 0x89, 0x98, 0x9E, 0xE9, 0x98, 0x88, 0x99, 
	0x9D, 0xDD, 0xCB, 0xBB, 0xDC, 0xCC, 0xCC, 0xAE, 0xAE, 0x98, 0x89, 0xEE, 0xE9, 0x99, 0x98, 0x88, 
	0x08, 0x80, 0x89, 0x88, 0x99, 0x52, 0xFA, 0x98, 0x00, 0x00, 0x80, 0x88, 0x90, 0x00, 0x00, 0x00, 
	0x08, 0x80, 0x00, 0x00, 0x08, 0x00, 0x8E, 0x88, 0x00, 0x89, 0xE9, 0x80, 0x98, 0x80, 0x08, 0x99, 
	0x99, 0x88, 0xEE, 0x99, 0x98, 0x88, 0x6B, 0xBB, 0xFB, 0xDD, 0xE9, 0xE9, 0xE9, 0x88, 0x88, 0x80, 
	0x59, 0xEE, 0x98, 0x89, 0x99, 0xEE, 0x99, 0x88, 0x89, 0x88, 0x99, 0x9E, 0x99, 0x95, 0x89, 0xE9, 
	0x9E, 0xAA, 0x66, 0x55, 0x65, 0x65, 0x5A, 0xEA, 0xA9, 0x9E, 0xAA, 0x66, 0x55, 0x55, 0x59, 0xEE, 
	0x99, 0x99, 0x89, 0xE9, 0x95, 0x99, 0x9E, 0xAA, 0xE9, 0xE9, 0x9E, 0xE9, 0x9E, 0xEE, 0x99, 0xE9, 
	0x9E, 0xCD, 0xE6, 0xDB, 0xDB, 0xFC, 0xDC, 0x99, 0xEE, 0x99, 0x9E, 0x99, 0x99, 0x88, 0x88, 0x9E, 
	0xE9, 0x99, 0xEE, 0xAA, 0xE9, 0x99, 0x99, 0x99, 0xE9, 0x80, 0x89, 0x89, 0x98, 0x8E, 0xA9, 0x88, 
	0x00, 0x80, 0x80, 0x00, 0x08, 0x88, 0x80, 0x80, 0x89, 0x99, 0x88, 0x99, 0xE9, 0x99, 0x89, 0x99, 
	0x9C, 0xFB, 0xDB, 0xBD, 0xDD, 0xDC, 0xCD, 0xCE, 0xE9, 0xEE, 0x99, 0x9E, 0xE9, 0x88, 0x80, 0x00, 
	0x80, 0x00, 0x08, 0x89, 0x98, 0x96, 0x36, 0x99, 0x08, 0x88, 0x88, 0x08, 0x80, 0x00, 0x00, 0x00, 
	0x88, 0x98, 0x80, 0x08, 0x80, 0x00, 0x88, 0x08, 0x88, 0x08, 0x99, 0x80, 0x89, 0x90, 0x88, 0x98, 
	0x89, 0x99, 0x99, 0x89, 0x88, 0x88, 0xA7, 0x7F, 0xB7, 0xBC, 0xE9, 0x98, 0x99, 0x98, 0x99, 0x98, 
	0xE9, 0x95, 0xEE, 0x6E, 0x99, 0x99, 0x89, 0x89, 0x9E, 0x99, 0x95, 0x96, 0xE9, 0x99, 0x99, 0xE9, 
	0x95, 0x6E, 0x55, 0x95, 0x66, 0x55, 0x6E, 0x96, 0xA9, 0x9E, 0xA6, 0x66, 0x55, 0x5E, 0x6E, 0xEE, 
	0x99, 0x69, 0x9E, 0x99, 0x55, 0x99, 0xEE, 0xEA, 0xEE, 0xEE, 0x6A, 0xEE, 0x9E, 0xE5, 0x9E, 0xE9, 
	0x8E, 0xCC, 0x9E, 0xDF, 0xFF, 0xBC, 0xCA, 0x99, 0x6E, 0x89, 0xAE, 0x9E, 0xE9, 0x99, 0x99, 0x9E, 
	0xEE, 0xE9, 0xEE, 0xE6, 0xE9, 0x9E, 0xE9, 0x99, 0x98, 0x88, 0x89, 0x88, 0xE9, 0x8E, 0xA9, 0x80, 
	0x00, 0x08, 0x00, 0x08, 0x88, 0x98, 0x80, 0x08, 0x88, 0x99, 0x98, 0xEE, 0x99, 0x69, 0x9E, 0x98, 
	0x9A, 0xBB, 0xBD, 0xBD, 0xCC, 0xDD, 0xCD, 0xCE, 0x5E, 0xEE, 0x9E, 0xEE, 0x5E, 0x98, 0x88, 0x88, 
	0x88, 0x88, 0x09, 0x99, 0x55, 0x22, 0x69, 0x88, 0x00, 0x88, 0x88, 0x88, 0x00, 0x00, 0x88, 0x00, 
	0x88, 0x98, 0x88, 0x88, 0x80, 0x08, 0x80, 0x08, 0x98, 0x80, 0x88, 0x88, 0x89, 0x80, 0x88, 0x99, 
	0x89, 0x99, 0x95, 0xE9, 0x5E, 0x99, 0xDF, 0xFF, 0xFF, 0xBD, 0xE9, 0x98, 0x88, 0x88, 0x98, 0x88, 
	0xE9, 0x99, 0xE6, 0xAE, 0x99, 0x88, 0x89, 0x99, 0x5E, 0x55, 0x56, 0x5A, 0xE9, 0x89, 0x56, 0xE5, 
	0x55, 0x59, 0x5E, 0x95, 0xE6, 0x55, 0x69, 0x9E, 0x69, 0x9E, 0xEE, 0x66, 0x65, 0xE6, 0x66, 0xEE, 
	0x99, 0x69, 0x9E, 0x99, 0x55, 0x95, 0x65, 0x9E, 0xEE, 0x6E, 0xAA, 0xEE, 0x5E, 0xE5, 0x9E, 0xE8, 
	0x89, 0xCA, 0x9E, 0xDF, 0xF7, 0xBD, 0xCA, 0xEE, 0x6E, 0x99, 0xAE, 0xE6, 0xE9, 0x99, 0x99, 0x9E, 
	0xEE, 0xEE, 0xEE, 0x99, 0xE9, 0x9E, 0xE9, 0x89, 0x98, 0x88, 0x89, 0x98, 0xE9, 0x99, 0x98, 0x80, 
	0x00, 0x08, 0x00, 0x08, 0x80, 0x98, 0x80, 0x08, 0x88, 0x89, 0x99, 0xEE, 0x99, 0xA9, 0x9E, 0x98, 
	0x9A, 0xDB, 0xBC, 0xDC, 0xCC, 0xCD, 0xCC, 0xCE, 0x96, 0xEE, 0x9E, 0x6E, 0xEE, 0xE9, 0x99, 0x99, 
	0x89, 0x99, 0x89, 0x99, 0x56, 0x33, 0x68, 0x80, 0x00, 0x08, 0x80, 0x88, 0x00, 0x00, 0x88, 0x80, 
	0x08, 0x98, 0x88, 0x88, 0x00, 0x88, 0x88, 0x88, 0x99, 0x88, 0x08, 0x88, 0x89, 0x88, 0x88, 0x99, 
	0x89, 0x99, 0x9E, 0xE5, 0xEE, 0x99, 0xDB, 0xFB, 0xBF, 0xBD, 0xE9, 0x98, 0x88, 0x88, 0x80, 0x88, 
	0xE9, 0x88, 0x6E, 0xEE, 0xE5, 0x95, 0x5E, 0x9E, 0x55, 0x66, 0x56, 0x56, 0xEE, 0x9E, 0x6A, 0x65, 
	0x6E, 0x99, 0x5A, 0xE9, 0x95, 0x99, 0xE9, 0x99, 0x9E, 0xE6, 0xEE, 0xAA, 0x66, 0xEA, 0xEE, 0xEE, 
	0x99, 0x69, 0x99, 0x99, 0xE6, 0x96, 0x68, 0x89, 0xEE, 0xAE, 0xEE, 0x99, 0xEE, 0xEE, 0x6E, 0x95, 
	0x9E, 0xDA, 0x5E, 0xCF, 0xFF, 0xCD, 0xCA, 0xEE, 0xEE, 0x99, 0xEE, 0xAA, 0xE9, 0xEE, 0xE9, 0xEE, 
	0xE9, 0xEE, 0xEE, 0x98, 0x8E, 0x99, 0x99, 0x88, 0x99, 0x99, 0x89, 0x98, 0x9E, 0x98, 0x88, 0x88, 
	0x88, 0x00, 0x00, 0x80, 0x88, 0x80, 0x00, 0x00, 0x80, 0x08, 0x99, 0x9E, 0x99, 0x69, 0x9E, 0x99, 
	0x9A, 0xCB, 0xDC, 0xCC, 0xDC, 0xCD, 0xCC, 0xCE, 0x96, 0xE9, 0x9E, 0xAE, 0xEE, 0xE9, 0xE9, 0x9E, 
	0xEE, 0x9E, 0x99, 0x99, 0x52, 0x32, 0x69, 0x99, 0x98, 0x00, 0x80, 0x88, 0x88, 0x88, 0x88, 0x99, 
	0x88, 0x88, 0x88, 0x00, 0x88, 0x89, 0x89, 0x99, 0x5E, 0x88, 0x89, 0x89, 0x88, 0x88, 0x88, 0x99, 
	0x99, 0x89, 0x99, 0x95, 0xE9, 0x89, 0xCD, 0x4D, 0xCB, 0xBD, 0xAE, 0x98, 0x08, 0x80, 0x00, 0x88, 
	0x58, 0x88, 0xE9, 0x9E, 0xAA, 0xAA, 0x6A, 0x55, 0x56, 0x66, 0x55, 0x55, 0x6E, 0xAA, 0xCA, 0x66, 
	0x6E, 0x99, 0xEA, 0xEE, 0xE9, 0xEE, 0x98, 0x99, 0xEA, 0xCC, 0xAE, 0xA6, 0xA5, 0x55, 0x99, 0xEA, 
	0xE9, 0xE9, 0x88, 0x88, 0xE6, 0x99, 0x98, 0x88, 0x9E, 0xE9, 0x99, 0xEE, 0xEA, 0xAE, 0xCE, 0xEA, 
	0x9E, 0xDC, 0xEA, 0xDB, 0xBD, 0xAA, 0x6A, 0xE9, 0x9E, 0xEE, 0xAE, 0xAA, 0xEE, 0x9E, 0xEE, 0xEE, 
	0x99, 0xAE, 0x99, 0xE9, 0x89, 0xE8, 0x88, 0x99, 0x88, 0x98, 0x88, 0x98, 0x89, 0x99, 0x89, 0x99, 
	0x98, 0x88, 0x98, 0x88, 0x89, 0x80, 0x00, 0x00, 0x08, 0x08, 0x88, 0x89, 0x98, 0x99, 0xEE, 0xEE, 
	0x9A, 0xDD, 0xBC, 0xDD, 0xBB, 0xCC, 0xDC, 0xAE, 0x95, 0xEE, 0x99, 0xEE, 0xE9, 0x9E, 0xE9, 0x9E, 
	0xAE, 0x9E, 0xE8, 0x88, 0x63, 0xA5, 0x25, 0xEE, 0xE8, 0x88, 0x88, 0x9E, 0x9E, 0xE9, 0x98, 0xEE, 
	0x98, 0x88, 0x00, 0x08, 0x88, 0x08, 0x88, 0x99, 0xEA, 0x98, 0x89, 0x95, 0x99, 0x59, 0x98, 0x99, 
	0xEE, 0x88, 0x95, 0x99, 0x99, 0x88, 0xE3, 0xFB, 0xBB, 0xDD, 0xDD, 0x68, 0x89, 0x98, 0x88, 0x90, 
	0x59, 0x99, 0xEE, 0x6E, 0xAC, 0xA6, 0x66, 0x66, 0x65, 0x55, 0x55, 0x56, 0xEE, 0x62, 0xAA, 0xA6, 
	0x55, 0xE9, 0x5E, 0xEA, 0xE9, 0x66, 0x59, 0xEE, 0xE6, 0xAC, 0xA6, 0xA6, 0x65, 0x69, 0x95, 0xEA, 
	0x6E, 0xE9, 0x98, 0x08, 0xEE, 0x98, 0x88, 0x99, 0x99, 0x98, 0x89, 0x9E, 0xAC, 0x6A, 0xAE, 0xEA, 
	0xEE, 0xCC, 0xDD, 0xDB, 0xBD, 0xCA, 0xEA, 0xE9, 0x99, 0xEA, 0xCE, 0x66, 0xE9, 0x99, 0xEE, 0x59, 
	0x99, 0xE9, 0x8E, 0xCA, 0xEE, 0xE9, 0x99, 0x99, 0x88, 0x98, 0x88, 0x99, 0x99, 0x99, 0x99, 0xE9, 
	0x99, 0x88, 0x88, 0x88, 0x88, 0x88, 0x08, 0x88, 0x88, 0x08, 0x88, 0x00, 0x88, 0x89, 0xEE, 0xEE, 
	0x5A, 0xCD, 0xBD, 0xBB, 0xBB, 0xCC, 0xDC, 0xCE, 0x9E, 0x99, 0x99, 0xEE, 0x59, 0xEE, 0xEE, 0xEE, 
	0xAE, 0x9E, 0x98, 0x88, 0xEC, 0x59, 0xAA, 0xAA, 0xA9, 0x89, 0x88, 0x99, 0x9A, 0xA9, 0x98, 0x56, 
	0xE9, 0x99, 0x88, 0x88, 0x88, 0x00, 0x08, 0x9E, 0xEE, 0x99, 0x99, 0x99, 0x99, 0x99, 0x99, 0x99, 
	0x95, 0x59, 0x99, 0x98, 0x88, 0x88, 0xA4, 0xFB, 0xFF, 0xDA, 0xAC, 0x68, 0x89, 0x99, 0x89, 0xE8, 
	0x59, 0x95, 0xEE, 0x6E, 0xEA, 0x66, 0x65, 0x66, 0x65, 0x55, 0x55, 0x56, 0x6E, 0x62, 0x66, 0xA5, 
	0x55, 0xE9, 0x95, 0x6C, 0x6E, 0xA6, 0x6E, 0xE6, 0xEE, 0xE6, 0xAA, 0xA6, 0x55, 0x6E, 0x55, 0xEA, 
	0x6E, 0xE9, 0x99, 0x96, 0xA6, 0x99, 0x88, 0x6E, 0x9E, 0x99, 0x89, 0x9E, 0xCA, 0x6C, 0xEE, 0x66, 
	0xEE, 0xAC, 0xBB, 0xBB, 0xBB, 0xDC, 0xAA, 0xE9, 0x99, 0xEA, 0xAE, 0xEE, 0x99, 0x89, 0xEE, 0x99, 
	0x99, 0x98, 0x8E, 0xCA, 0xEE, 0xE9, 0x99, 0x99, 0x88, 0x98, 0x88, 0x99, 0x99, 0x89, 0x99, 0xE9, 
	0x99, 0x88, 0x88, 0x80, 0x08, 0x88, 0x88, 0x88, 0x88, 0x00, 0x80, 0x00, 0x08, 0x89, 0xEE, 0xE5, 
	0x9A, 0xDD, 0xBD, 0xB4, 0xBD, 0xCC, 0xDC, 0xC6, 0x9E, 0x99, 0x99, 0xE9, 0x99, 0xEE, 0xEE, 0xE6, 
	0xE5, 0x9E, 0x98, 0x80, 0x55, 0x88, 0x6A, 0xAA, 0xA9, 0x99, 0x88, 0x99, 0x96, 0x69, 0x99, 0xE6, 
	0xE9, 0x9E, 0x99, 0x98, 0x88, 0x80, 0x88, 0x8E, 0x99, 0x99, 0x99, 0x98, 0x89, 0x99, 0x99, 0x99, 
	0x99, 0xE9, 0x99, 0x98, 0x88, 0x89, 0xC4, 0x7B, 0xFF, 0xDE, 0x85, 0x98, 0x89, 0x99, 0x99, 0xE9, 
	0x99, 0x96, 0x65, 0xEE, 0xE6, 0x66, 0x65, 0x66, 0x69, 0x5E, 0x96, 0xEE, 0xAE, 0x6A, 0x95, 0x25, 
	0x55, 0xE5, 0xE6, 0xAA, 0xA6, 0xAA, 0xAE, 0xEA, 0xAE, 0xEE, 0xEC, 0x65, 0x55, 0x6A, 0xE6, 0xA6, 
	0xA6, 0x69, 0x9E, 0xEC, 0xCA, 0xEE, 0x9E, 0xCA, 0x6A, 0xEE, 0x9E, 0x6E, 0xA6, 0xAC, 0xEE, 0xAE, 
	0xEE, 0xCC, 0xDF, 0xFF, 0xBB, 0xFD, 0xCA, 0xEE, 0x99, 0xEE, 0xEE, 0xEE, 0x95, 0x99, 0x99, 0x95, 
	0x88, 0x88, 0x89, 0xE9, 0xEE, 0x88, 0x88, 0x88, 0x88, 0x88, 0x08, 0x99, 0x9E, 0x89, 0x99, 0x99, 
	0xEE, 0x88, 0x80, 0x00, 0x08, 0x88, 0x98, 0x89, 0x80, 0x00, 0x88, 0x00, 0x00, 0x09, 0x9E, 0x98, 
	0x86, 0xDC, 0xBD, 0x4B, 0xBC, 0xCD, 0xCC, 0xCA, 0x99, 0xEE, 0xE9, 0x88, 0x08, 0xEE, 0x9E, 0xEA, 
	0xE9, 0x99, 0x88, 0x89, 0xE5, 0x55, 0x6A, 0xEE, 0x99, 0x99, 0x89, 0x98, 0x99, 0x99, 0xEE, 0xEE, 
	0x98, 0x9E, 0xEE, 0xE9, 0x89, 0x98, 0x88, 0x89, 0x99, 0x99, 0x98, 0x98, 0x88, 0x98, 0x99, 0xEE, 
	0x89, 0x99, 0x59, 0x98, 0x88, 0x09, 0xD3, 0xFB, 0xBF, 0xBE, 0x88, 0x88, 0x98, 0x88, 0x98, 0x99, 
	0x95, 0x66, 0xA5, 0x55, 0xA2, 0x62, 0x55, 0x22, 0x69, 0x6E, 0x9E, 0xEE, 0x55, 0xAE, 0x95, 0x66, 
	0x65, 0x56, 0xAC, 0x66, 0x26, 0x66, 0x66, 0x5A, 0xCA, 0xCA, 0x62, 0x26, 0x25, 0x6A, 0x56, 0xAE, 
	0xCA, 0xE9, 0x89, 0xE6, 0xAE, 0x9E, 0xEA, 0xBD, 0xCC, 0xEE, 0xEC, 0xCA, 0xEA, 0xCA, 0xEE, 0xAA, 
	0xEE, 0xDD, 0xDF, 0xBF, 0xBD, 0xBB, 0xCA, 0x5E, 0xEE, 0xAE, 0x5E, 0xEE, 0xEA, 0xE9, 0x88, 0x88, 
	0x80, 0x88, 0x88, 0x88, 0xEE, 0x89, 0x00, 0x88, 0x08, 0x98, 0x80, 0x89, 0x99, 0x88, 0x89, 0x89, 
	0x99, 0x99, 0x98, 0x80, 0x88, 0x08, 0x99, 0x89, 0x80, 0x80, 0x88, 0x88, 0x00, 0x08, 0xE9, 0x98, 
	0x9A, 0xCD, 0xDD, 0xBD, 0xBD, 0xDC, 0xCC, 0xAA, 0x99, 0xAC, 0xA9, 0x08, 0x88, 0x9E, 0x99, 0xE6, 
	0xCE, 0x99, 0x80, 0x86, 0x32, 0x22, 0xCA, 0xEE, 0xE9, 0x9E, 0x9E, 0x69, 0xEE, 0x9E, 0xAE, 0x99, 
	0x88, 0x89, 0x6A, 0xAE, 0x9E, 0xE8, 0x08, 0x98, 0x99, 0x89, 0x99, 0x98, 0x88, 0x98, 0x99, 0x59, 
	0x88, 0x89, 0x98, 0x80, 0x80, 0x09, 0xCD, 0xF7, 0xFF, 0xC5, 0x88, 0x08, 0x89, 0x88, 0x89, 0x88, 
	0x66, 0x6A, 0xA5, 0x56, 0x22, 0x66, 0x65, 0xAC, 0xAE, 0x66, 0x59, 0x9E, 0xE6, 0x6E, 0x5E, 0x66, 
	0x55, 0x66, 0x6A, 0x65, 0x65, 0x66, 0xA6, 0x6A, 0xAA, 0xA6, 0x6A, 0x22, 0x25, 0x66, 0x5E, 0x6E, 
	0xCA, 0x59, 0x89, 0xEE, 0xEE, 0x9E, 0xAA, 0xCC, 0xCA, 0xE9, 0xEC, 0xC6, 0xEA, 0xDA, 0xEA, 0x66, 
	0xAE, 0xCD, 0xDB, 0xBF, 0xFD, 0xDD, 0xCA, 0xEE, 0xAE, 0x6A, 0x6E, 0x69, 0x96, 0xE9, 0x99, 0x88, 
	0x98, 0x98, 0x88, 0x00, 0x9E, 0x98, 0x80, 0x99, 0x89, 0x88, 0x90, 0x89, 0x99, 0x98, 0x98, 0x9E, 
	0x98, 0x99, 0x99, 0x98, 0x88, 0x88, 0x88, 0x99, 0x88, 0x88, 0x89, 0x88, 0x08, 0x08, 0xE9, 0x99, 
	0x9A, 0xDB, 0xBD, 0xBB, 0xDC, 0xCC, 0xAC, 0xC6, 0x99, 0xCC, 0xA9, 0x09, 0x99, 0x89, 0xEE, 0x6A, 
	0xCA, 0x9E, 0x98, 0x92, 0x43, 0xFF, 0x43, 0xCC, 0xAE, 0xE6, 0x6A, 0xA9, 0xEE, 0x6E, 0xA6, 0x98, 
	0x88, 0x89, 0x5A, 0xAA, 0xEA, 0xAE, 0x99, 0xE9, 0x99, 0x99, 0xEE, 0xE9, 0x89, 0xE9, 0x95, 0x98, 
	0x99, 0x99, 0x88, 0x80, 0x88, 0x09, 0xAC, 0xFF, 0xFB, 0xA9, 0x88, 0x89, 0x99, 0x88, 0x99, 0x88, 
	0x62, 0x66, 0x65, 0x56, 0x26, 0x55, 0x65, 0xEA, 0xAE, 0x6A, 0x59, 0x6C, 0xCA, 0x66, 0x6E, 0xA6, 
	0x55, 0x66, 0x66, 0x56, 0x56, 0x66, 0x6E, 0xAA, 0x6A, 0xE5, 0x6A, 0x22, 0x26, 0x66, 0x5E, 0x55, 
	0xCA, 0x59, 0x88, 0xEA, 0xEE, 0x9E, 0xAA, 0xEA, 0xAA, 0xA9, 0x5A, 0xAE, 0xEE, 0xDA, 0xEA, 0x6E, 
	0xCA, 0xCD, 0xCD, 0xFF, 0xFD, 0xBD, 0xC6, 0xEE, 0x6E, 0xEA, 0xAE, 0x69, 0x89, 0x99, 0x9E, 0x99, 
	0x99, 0x98, 0x89, 0x88, 0x99, 0x98, 0x88, 0x99, 0x99, 0x88, 0x98, 0x89, 0x99, 0x88, 0x99, 0x9E, 
	0x88, 0x89, 0x99, 0x98, 0x88, 0x88, 0x08, 0x99, 0x88, 0x88, 0x89, 0x88, 0x88, 0x88, 0x98, 0x99, 
	0x96, 0xDB, 0xBD, 0xBB, 0xCC, 0xCD, 0xAC, 0xC6, 0xE9, 0xAA, 0x69, 0x89, 0xE9, 0x8E, 0xA6, 0x6A, 
	0xAA, 0xEE, 0x99, 0x63, 0x47, 0x77, 0x44, 0x3C, 0xAE, 0xEA, 0xCC, 0x6E, 0xEE, 0x6E, 0xAA, 0xE8, 
	0x9A, 0x98, 0x96, 0x66, 0xEA, 0xCE, 0x9E, 0x66, 0xE9, 0x95, 0xEE, 0xE6, 0x6A, 0xE9, 0x5E, 0x98, 
	0x95, 0x58, 0x88, 0x80, 0x88, 0x09, 0xCD, 0xFF, 0xFB, 0xAE, 0x98, 0x95, 0x59, 0x88, 0x89, 0x88, 
	0x66, 0x59, 0x55, 0x66, 0x25, 0x56, 0x55, 0x9E, 0x6E, 0x6C, 0x6E, 0xCF, 0x4A, 0x6A, 0xA6, 0xCA, 
	0x55, 0x55, 0x56, 0x62, 0x66, 0x26, 0xE9, 0xEA, 0xAC, 0x6E, 0xA6, 0x66, 0x26, 0x55, 0xEE, 0xE6, 
	0xCA, 0x59, 0x98, 0xEA, 0xEE, 0xEE, 0xEE, 0x99, 0xE6, 0xAE, 0xEE, 0xEE, 0x9E, 0xDC, 0xEE, 0xAE, 
	0xCC, 0xCC, 0x6C, 0x7B, 0xBD, 0xFD, 0xA6, 0xE9, 0xE9, 0x8E, 0xE9, 0x99, 0x08, 0x89, 0xEE, 0xE9, 
	0x99, 0x88, 0x9E, 0x88, 0x88, 0x98, 0x88, 0x89, 0x99, 0x88, 0x88, 0x99, 0x90, 0x08, 0x89, 0x99, 
	0x88, 0x88, 0x88, 0x99, 0x89, 0x98, 0x88, 0x99, 0x88, 0x98, 0x98, 0x88, 0x88, 0x98, 0x88, 0x99, 
	0x8E, 0xDB, 0xDD, 0xBB, 0xDC, 0xCD, 0xCC, 0xCA, 0xA9, 0x89, 0x9E, 0x59, 0xEE, 0x9E, 0xCA, 0xEE, 
	0x5E, 0xE9, 0x95, 0x24, 0x71, 0x77, 0x23, 0x26, 0x5E, 0xEC, 0xCC, 0xEE, 0xEE, 0x9E, 0xCA, 0xEE, 
	0xEC, 0xE5, 0x99, 0x9E, 0xEE, 0xAE, 0x9E, 0xAA, 0xEE, 0xEE, 0x69, 0x9A, 0xCC, 0x69, 0x6E, 0x88, 
	0x99, 0x98, 0x99, 0x99, 0x08, 0x0E, 0xBB, 0xBF, 0xBD, 0xCE, 0x99, 0x95, 0x98, 0x98, 0x08, 0x99, 
	0x55, 0x59, 0x95, 0x22, 0x65, 0x65, 0x6A, 0xAA, 0xEE, 0xAC, 0xAA, 0xDF, 0xC5, 0x56, 0xCA, 0xCA, 
	0xE6, 0x66, 0x62, 0x26, 0x26, 0x65, 0x98, 0x99, 0x6C, 0xCA, 0xEE, 0xA6, 0xAA, 0xEE, 0xAE, 0x5A, 
	0xA6, 0x69, 0x99, 0x9E, 0xEA, 0xEA, 0xE9, 0x59, 0xEA, 0x6E, 0xAA, 0xAA, 0xEE, 0xCA, 0xEE, 0xEE, 
	0xEA, 0xC6, 0xEC, 0xFF, 0xBB, 0xBB, 0xCA, 0xEE, 0xA9, 0x89, 0xE9, 0x89, 0x88, 0x9E, 0xE9, 0xE9, 
	0x99, 0x89, 0xEE, 0x99, 0x98, 0x99, 0x98, 0x89, 0x98, 0x08, 0x88, 0x88, 0x80, 0x00, 0x89, 0xE9, 
	0x89, 0x89, 0x88, 0x89, 0x99, 0x99, 0x99, 0x89, 0x88, 0x88, 0x99, 0x80, 0x08, 0x89, 0x98, 0x99, 
	0x96, 0xCB, 0xDD, 0xDB, 0xBD, 0xBB, 0xAA, 0xCC, 0xC9, 0x89, 0xEE, 0xA9, 0x9E, 0xEE, 0xAA, 0x59, 
	0xE6, 0x59, 0xE6, 0x37, 0x17, 0x74, 0xA6, 0x59, 0xEA, 0x96, 0xAA, 0xAE, 0xEE, 0xEA, 0xCE, 0xEA, 
	0xA6, 0xEA, 0xA9, 0xEA, 0xA5, 0xEA, 0xE9, 0xEE, 0xEE, 0xEE, 0xA9, 0x8E, 0xCE, 0x9E, 0xE9, 0x89, 
	0xEE, 0x99, 0x99, 0x6E, 0x80, 0x86, 0xFF, 0xBF, 0xFB, 0xAE, 0xE9, 0x88, 0x99, 0x98, 0x88, 0x9E, 
	0x69, 0x99, 0x56, 0x66, 0x55, 0x65, 0x66, 0xAA, 0xA2, 0xCA, 0x26, 0xAD, 0xA5, 0x85, 0xAA, 0xA6, 
	0x66, 0x62, 0x26, 0x66, 0x26, 0x59, 0x99, 0xEE, 0xEC, 0xDC, 0xEA, 0xCA, 0xCC, 0xAE, 0xE5, 0x5A, 
	0xA6, 0x68, 0x89, 0xEA, 0xAA, 0xE6, 0xE6, 0xEE, 0xAC, 0xEE, 0xAA, 0x6A, 0xEE, 0xA6, 0xE6, 0xEE, 
	0x56, 0xCE, 0xEC, 0xBB, 0xBB, 0xBD, 0xCA, 0xE5, 0xE9, 0x9E, 0xE9, 0x9E, 0xE9, 0x99, 0x9E, 0x99, 
	0xEE, 0x9E, 0xEE, 0x99, 0x98, 0x88, 0x99, 0x88, 0x88, 0x88, 0x89, 0x88, 0x00, 0x88, 0x88, 0x99, 
	0x99, 0x89, 0x98, 0x88, 0x99, 0x99, 0x99, 0x99, 0x88, 0x08, 0x89, 0x98, 0x88, 0x09, 0x98, 0x89, 
	0x96, 0xCD, 0xDB, 0xDB, 0xBB, 0xDD, 0xAA, 0xCD, 0xB6, 0x99, 0xEE, 0x6E, 0x99, 0xE9, 0xEE, 0x59, 
	0x55, 0x6E, 0xE6, 0x47, 0x77, 0x73, 0x65, 0xEE, 0xA6, 0xEE, 0x66, 0xAE, 0x99, 0xEA, 0xAE, 0xEA, 
	0x65, 0xEA, 0xAE, 0xEA, 0xAE, 0x5E, 0xE9, 0x9E, 0xAA, 0xEE, 0xCE, 0x89, 0xE9, 0x89, 0x99, 0x99, 
	0xA6, 0x99, 0x59, 0x59, 0x88, 0x8A, 0x77, 0xFF, 0xFB, 0xAE, 0x99, 0x99, 0x88, 0x89, 0x99, 0x89, 
	0x65, 0x65, 0x56, 0x65, 0x55, 0x55, 0x55, 0x6A, 0xA3, 0xA6, 0x26, 0x62, 0x66, 0x80, 0xEA, 0xA6, 
	0x66, 0x62, 0x25, 0x66, 0x66, 0x59, 0x9E, 0xE6, 0x6A, 0xCC, 0xAA, 0xCC, 0xCC, 0xAE, 0x99, 0x5A, 
	0xC6, 0x69, 0x89, 0xEC, 0xAE, 0xEE, 0xAA, 0xAA, 0xAA, 0xE6, 0xAA, 0xE6, 0xEE, 0x66, 0x6A, 0xA6, 
	0xE6, 0xCA, 0xAC, 0xBB, 0xBD, 0xBD, 0xCA, 0xE9, 0x99, 0x5E, 0xE9, 0x9E, 0xE9, 0x99, 0x9E, 0x99, 
	0xEE, 0x9E, 0xE6, 0x99, 0x98, 0x88, 0x99, 0x88, 0x88, 0x88, 0x89, 0x80, 0x08, 0x99, 0x88, 0x88, 
	0x99, 0x89, 0x99, 0x98, 0x99, 0x99, 0x99, 0x99, 0x88, 0x88, 0x89, 0x98, 0x88, 0x89, 0x98, 0x89, 
	0x9A, 0xDC, 0xDB, 0xBB, 0xBB, 0xDD, 0xEA, 0xCB, 0xFA, 0x99, 0xEE, 0xEE, 0x99, 0x99, 0x98, 0x98, 
	0x85, 0xCA, 0xE6, 0x47, 0x77, 0xF3, 0xA6, 0xEE, 0x6E, 0x6E, 0xEE, 0x6E, 0xEE, 0xE6, 0xE6, 0xE6, 
	0xE5, 0xE6, 0x66, 0x6A, 0xA6, 0x59, 0x6A, 0x66, 0xA6, 0xE6, 0xCE, 0x88, 0x89, 0x88, 0x8E, 0x99, 
	0x66, 0x98, 0x59, 0x99, 0x88, 0x86, 0xF7, 0x7F, 0xFF, 0xCE, 0x98, 0x99, 0x88, 0x89, 0x99, 0x88, 
	0xA6, 0x26, 0x56, 0x58, 0x59, 0x96, 0x55, 0x6A, 0xA2, 0x66, 0x22, 0x66, 0xAA, 0x98, 0xE6, 0xA6, 
	0x6A, 0x56, 0x26, 0x55, 0x55, 0x59, 0x9A, 0x6A, 0xAE, 0xCC, 0xDA, 0xEC, 0xDA, 0xEE, 0xE9, 0x9E, 
	0xCA, 0x69, 0x88, 0xEC, 0xE9, 0xEE, 0xCE, 0xCC, 0xEE, 0xEA, 0xEE, 0xEE, 0xEA, 0x6A, 0xAE, 0xCA, 
	0xEA, 0xBC, 0xAC, 0xBF, 0xDD, 0xFB, 0xCA, 0xEE, 0x9E, 0xEE, 0xE9, 0x99, 0xEE, 0x98, 0x9E, 0x98, 
	0x89, 0x99, 0xEA, 0x98, 0x89, 0x99, 0x99, 0x98, 0x88, 0x88, 0x99, 0x90, 0x88, 0x99, 0x99, 0x80, 
	0x89, 0x8E, 0x99, 0xE5, 0x99, 0x99, 0x99, 0x88, 0x88, 0x89, 0x99, 0x89, 0x89, 0x98, 0x88, 0x99, 
	0x9A, 0xDC, 0xDB, 0xBF, 0xFB, 0xBB, 0x6A, 0xDB, 0xFA, 0x89, 0x89, 0xEE, 0xE9, 0x99, 0xE8, 0x88, 
	0x8E, 0xCA, 0x56, 0x77, 0x74, 0x33, 0xCC, 0x6E, 0x55, 0xAE, 0xEE, 0x9E, 0xAA, 0xEE, 0xEA, 0xEE, 
	0xAE, 0xEE, 0xEA, 0xAE, 0xEA, 0xE9, 0xAC, 0xCA, 0xE9, 0xEA, 0xC5, 0x88, 0x9E, 0x99, 0x9E, 0x69, 
	0x9E, 0x98, 0x95, 0x88, 0x89, 0x9A, 0xBF, 0x77, 0xF7, 0xCE, 0x98, 0x98, 0x88, 0x88, 0xE5, 0x88, 
	0xE6, 0x26, 0x56, 0x68, 0x95, 0x96, 0xA6, 0x26, 0x26, 0x55, 0x22, 0x66, 0x6E, 0x6E, 0xCC, 0x22, 
	0x65, 0x56, 0x62, 0x59, 0xEE, 0xE9, 0x9A, 0xAC, 0xAE, 0x6C, 0xCE, 0xED, 0xBC, 0xEC, 0xA9, 0x9A, 
	0xCC, 0x69, 0x80, 0x9A, 0x59, 0xAA, 0xAE, 0xEE, 0xAE, 0xAA, 0xEE, 0xEE, 0xAB, 0xA6, 0xAE, 0xAA, 
	0xE6, 0xBC, 0xAC, 0xDB, 0xBD, 0xBD, 0xDA, 0xAA, 0x5E, 0xEE, 0xEE, 0xEE, 0x9E, 0xE8, 0x99, 0xE9, 
	0x88, 0x8E, 0xEE, 0x80, 0x88, 0x99, 0x99, 0xE8, 0x08, 0x88, 0x88, 0x88, 0x08, 0x88, 0x89, 0x88, 
	0x08, 0x89, 0x88, 0x96, 0xE9, 0x9E, 0x98, 0x08, 0x99, 0x89, 0x99, 0x95, 0x99, 0x99, 0x99, 0x99, 
	0x9E, 0xCB, 0xBD, 0xDB, 0xBB, 0xFD, 0xEE, 0xCD, 0xFC, 0x98, 0x89, 0xEA, 0x5E, 0xEE, 0x99, 0x95, 
	0x9E, 0xAE, 0xEA, 0x77, 0x43, 0x37, 0xF3, 0xA6, 0x66, 0xEE, 0x9E, 0x95, 0xCA, 0xEA, 0xAA, 0xEA, 
	0xDC, 0xEA, 0xAA, 0xE9, 0x5A, 0xE9, 0xAA, 0x6E, 0xAE, 0x9A, 0x65, 0x99, 0xEA, 0xEE, 0xEE, 0xDE, 
	0x9E, 0x99, 0x96, 0x99, 0x8E, 0x9C, 0xFF, 0x77, 0x77, 0xCE, 0x99, 0x98, 0x89, 0x98, 0x99, 0x89, 
	0x95, 0x66, 0x66, 0x59, 0x55, 0xEA, 0x66, 0x66, 0x65, 0x55, 0x62, 0x26, 0x66, 0xAA, 0xC2, 0x66, 
	0x65, 0x66, 0x56, 0x5E, 0xAA, 0xEE, 0xEC, 0xDC, 0xAE, 0x6A, 0xAE, 0xAB, 0xDA, 0xAC, 0xAE, 0x66, 
	0xCA, 0xAE, 0x88, 0x8E, 0xE9, 0x6E, 0xEE, 0x59, 0xEE, 0x6A, 0xEE, 0xEE, 0xAB, 0xAE, 0x6A, 0xA6, 
	0xEE, 0xDD, 0xCC, 0xDB, 0xBD, 0xBC, 0xCA, 0x6A, 0x6E, 0x99, 0xEE, 0xE9, 0x9E, 0xE9, 0x9E, 0xE9, 
	0x98, 0x09, 0xE9, 0x08, 0x88, 0x88, 0x99, 0x98, 0x09, 0x98, 0x80, 0x00, 0x08, 0x80, 0x88, 0x89, 
	0x88, 0x88, 0x88, 0x8E, 0x99, 0xEE, 0x98, 0x08, 0x89, 0x9E, 0x69, 0x99, 0x9E, 0xEE, 0x99, 0x98, 
	0x9E, 0xCD, 0xBB, 0xDD, 0xBB, 0xBC, 0xAE, 0xCC, 0xBD, 0x9E, 0x66, 0xE6, 0x6E, 0xEE, 0x9E, 0xE6, 
	0xAE, 0xEE, 0xE6, 0xD4, 0x33, 0x71, 0x72, 0x33, 0x32, 0x65, 0xEE, 0xE9, 0x66, 0xEA, 0xCD, 0xAA, 
	0xDD, 0xA6, 0xC6, 0xE9, 0xE6, 0x69, 0x66, 0xEE, 0xAA, 0x9E, 0x5E, 0x9E, 0xAA, 0xEA, 0xAE, 0xDA, 
	0xE9, 0x99, 0x96, 0x95, 0x9C, 0x6C, 0x77, 0x77, 0x77, 0xD5, 0x99, 0x98, 0x88, 0x98, 0x88, 0x99, 
	0x55, 0x66, 0x26, 0x66, 0x59, 0x6C, 0x65, 0x65, 0x55, 0x55, 0x62, 0x26, 0x66, 0xAA, 0xA2, 0x66, 
	0x65, 0x26, 0x55, 0x9E, 0x6A, 0xE6, 0xEA, 0xCA, 0xA6, 0x6A, 0xEE, 0xAD, 0xCE, 0xAC, 0x6E, 0xAE, 
	0xCA, 0xA6, 0x98, 0x89, 0x99, 0x98, 0x99, 0x98, 0x99, 0xEE, 0xE9, 0x95, 0xEA, 0x66, 0x6A, 0xAE, 
	0xEE, 0xCD, 0xBB, 0xBB, 0xBB, 0xBC, 0xCA, 0xE6, 0x69, 0x89, 0xEE, 0x99, 0x9E, 0xE9, 0x9E, 0xE9, 
	0x98, 0x89, 0xE8, 0x88, 0x88, 0x88, 0x99, 0x88, 0x89, 0x98, 0x08, 0x00, 0x88, 0x88, 0x08, 0x89, 
	0x88, 0x88, 0x88, 0x00, 0x88, 0xEE, 0x98, 0x88, 0x89, 0x9E, 0x6E, 0x99, 0x9E, 0xE6, 0xE9, 0x98, 
	0x8E, 0xDD, 0xBB, 0xDB, 0xBD, 0xDD, 0xA6, 0xCC, 0xDC, 0xEA, 0xA6, 0xEE, 0xAE, 0xEE, 0x99, 0xE6, 
	0xAE, 0x99, 0x99, 0x52, 0x34, 0xF7, 0xFA, 0x23, 0x33, 0x26, 0xEE, 0xE9, 0x9E, 0xEA, 0xCD, 0xA6, 
	0xCC, 0xAE, 0xAE, 0x99, 0xEE, 0x6E, 0xA6, 0xEE, 0x6A, 0xE9, 0x5E, 0x5A, 0xCC, 0xAA, 0xCE, 0xA6, 
	0xE9, 0x88, 0x95, 0x95, 0xEC, 0xCD, 0x77, 0x77, 0x77, 0xD5, 0x89, 0x98, 0x00, 0x88, 0x88, 0x99, 
	0x65, 0x55, 0x66, 0x22, 0x65, 0x62, 0x65, 0x55, 0x95, 0x66, 0x52, 0x66, 0x55, 0x66, 0x66, 0x66, 
	0x65, 0x66, 0x55, 0x99, 0x5A, 0xEA, 0xEE, 0xEE, 0xEC, 0xAA, 0xEE, 0x6E, 0xA6, 0xCA, 0xE6, 0xC6, 
	0xC6, 0xAA, 0x98, 0x08, 0x8E, 0x88, 0x88, 0x89, 0x98, 0x88, 0x88, 0x98, 0x89, 0x9A, 0xAA, 0x6E, 
	0xEE, 0xDB, 0xFF, 0xFF, 0xBB, 0xBC, 0xCA, 0x99, 0xE9, 0x9E, 0x99, 0x99, 0x98, 0x99, 0x88, 0x89, 
	0x98, 0x88, 0x98, 0x89, 0x88, 0x88, 0x89, 0x98, 0x89, 0x88, 0x9E, 0x98, 0x98, 0x88, 0x98, 0x99, 
	0x98, 0x88, 0x89, 0x80, 0x89, 0x8E, 0xE9, 0x88, 0x99, 0x89, 0xEE, 0x99, 0x98, 0xEA, 0xEE, 0x99, 
	0x9E, 0xDB, 0xBB, 0xDB, 0xBD, 0xCD, 0xAA, 0xCA, 0xDC, 0xEA, 0xE5, 0xEE, 0xAE, 0xE9, 0x99, 0x99, 
	0xE9, 0x88, 0x88, 0x95, 0x23, 0x33, 0x32, 0x66, 0x23, 0x32, 0x66, 0x99, 0x88, 0xEE, 0xAC, 0xAA, 
	0x6E, 0xEE, 0xE9, 0x99, 0x99, 0x9E, 0xCA, 0x99, 0x9E, 0xEE, 0xE9, 0x5C, 0xCA, 0xCC, 0xCE, 0x99, 
	0x89, 0x00, 0x85, 0x95, 0x6A, 0xCD, 0xFF, 0x77, 0x7F, 0xC9, 0x88, 0x80, 0x88, 0x00, 0x08, 0x98, 
	0x66, 0x55, 0x26, 0x65, 0x56, 0x62, 0x26, 0x59, 0x96, 0x65, 0x55, 0x55, 0x55, 0x55, 0x56, 0x65, 
	0x56, 0x55, 0x59, 0x59, 0x5A, 0x6E, 0x5A, 0xEE, 0xEC, 0xAE, 0xEC, 0xCE, 0xEC, 0xBA, 0xEA, 0xAA, 
	0xCA, 0xA6, 0x98, 0x80, 0x09, 0x99, 0x99, 0xE6, 0xE9, 0x9E, 0x98, 0x98, 0x88, 0x9A, 0xA6, 0xCC, 
	0xEE, 0xDB, 0xBB, 0xBB, 0xBD, 0xBC, 0xCC, 0x98, 0x99, 0x99, 0xE9, 0x99, 0xE8, 0x89, 0x88, 0x88, 
	0x80, 0x89, 0x99, 0x89, 0x88, 0x00, 0x88, 0x99, 0x88, 0x09, 0xAC, 0xA9, 0x89, 0x99, 0xE9, 0x98, 
	0x98, 0x88, 0x9E, 0xE8, 0x9E, 0x99, 0xEE, 0x89, 0xEE, 0x98, 0x99, 0x9E, 0xE8, 0x95, 0xEA, 0xE9, 
	0x9E, 0xCD, 0xBD, 0xBB, 0xBC, 0xCC, 0xCC, 0xAC, 0xDC, 0xEE, 0x9E, 0xAE, 0x59, 0x99, 0xEA, 0xE8, 
	0x99, 0x99, 0xEE, 0xEE, 0xA4, 0x22, 0x22, 0x65, 0x63, 0x42, 0x6D, 0x69, 0x98, 0xE9, 0xEA, 0x2F, 
	0xCE, 0xAE, 0xEE, 0xE9, 0xE9, 0x9A, 0xAE, 0x98, 0x89, 0x95, 0x98, 0x96, 0xAE, 0xEE, 0xE9, 0x88, 
	0x08, 0x80, 0x89, 0x99, 0x55, 0x6D, 0xDC, 0xBF, 0xF7, 0xDE, 0x88, 0x80, 0x9E, 0x80, 0x88, 0x88, 
	0x55, 0x56, 0x65, 0x99, 0x52, 0x66, 0x62, 0x58, 0x56, 0x55, 0x56, 0x66, 0x66, 0x59, 0x66, 0x56, 
	0x65, 0x99, 0x65, 0x55, 0x66, 0x59, 0xE6, 0x6E, 0xEA, 0xE5, 0xEA, 0xCE, 0xEC, 0xF6, 0xEA, 0xE6, 
	0xCA, 0x6E, 0xE8, 0x80, 0x88, 0x89, 0x99, 0xE6, 0xE9, 0x9E, 0xE8, 0xEE, 0xEE, 0xE6, 0xEE, 0xCA, 
	0xEA, 0xDB, 0xDB, 0xDB, 0xBB, 0xBD, 0xCA, 0xE9, 0x89, 0x9E, 0x99, 0x89, 0xE8, 0x98, 0x89, 0x88, 
	0x88, 0x88, 0x99, 0x98, 0x89, 0x98, 0x89, 0x99, 0x99, 0x89, 0xAA, 0xE9, 0x89, 0xEE, 0x5E, 0x99, 
	0x99, 0x89, 0x9E, 0xE9, 0x9A, 0xA9, 0x99, 0x88, 0x99, 0x99, 0x59, 0x99, 0x98, 0x88, 0x9E, 0xE9, 
	0x9E, 0xCC, 0xDC, 0xDD, 0xBD, 0xDC, 0xBC, 0xEC, 0xCC, 0xE9, 0x9E, 0x65, 0x99, 0x99, 0xE6, 0x58, 
	0x88, 0x9E, 0xAE, 0xEE, 0x63, 0x66, 0x2A, 0x66, 0x62, 0x33, 0x2F, 0x3E, 0x98, 0xE9, 0x92, 0x41, 
	0xB6, 0x66, 0xEC, 0xAE, 0xE6, 0x6A, 0x69, 0x88, 0x9E, 0x99, 0x88, 0x95, 0x6E, 0x5E, 0x98, 0x88, 
	0x00, 0x88, 0x88, 0x85, 0x99, 0x6B, 0xDE, 0xCF, 0xFF, 0xBE, 0x89, 0x80, 0x99, 0x80, 0x08, 0x99, 
	0x56, 0x66, 0x65, 0x99, 0x62, 0x59, 0x56, 0x59, 0x56, 0x55, 0x56, 0xA6, 0x26, 0x59, 0x66, 0x56, 
	0x25, 0x95, 0xA6, 0x96, 0x26, 0x58, 0xE6, 0xAE, 0x9E, 0x99, 0xEE, 0xEE, 0xEA, 0xDE, 0x95, 0x96, 
	0xCA, 0xEE, 0xE8, 0x80, 0x88, 0x89, 0x99, 0x99, 0x98, 0x8E, 0xE9, 0xEE, 0xEE, 0xEE, 0x9E, 0xAE, 
	0xEA, 0xDB, 0xDB, 0xDB, 0xBF, 0xBD, 0xA6, 0xE9, 0x89, 0x9E, 0x99, 0x99, 0x99, 0x98, 0x89, 0x88, 
	0x89, 0x99, 0x99, 0x98, 0x9E, 0x99, 0x89, 0x99, 0x99, 0x9E, 0x6E, 0x99, 0x99, 0xEE, 0x9E, 0x99, 
	0x99, 0x89, 0x89, 0xE9, 0x9A, 0xAE, 0x98, 0x88, 0x89, 0x99, 0xE6, 0x98, 0x98, 0x88, 0x88, 0xE9, 
	0x9E, 0xDD, 0xCC, 0xDD, 0xBB, 0xDC, 0xBC, 0xAA, 0xCA, 0x99, 0x9E, 0x99, 0x96, 0xEE, 0xE9, 0x98, 
	0x88, 0x9E, 0xAE, 0xE5, 0x52, 0x2D, 0x32, 0x66, 0x52, 0x33, 0x24, 0x4A, 0x58, 0xE5, 0x62, 0xB1, 
	0xF6, 0x5E, 0xEC, 0xAE, 0xEA, 0xCA, 0xE8, 0x89, 0x6A, 0x99, 0x88, 0x99, 0xEE, 0x9E, 0x99, 0x85, 
	0xE8, 0x89, 0x88, 0x55, 0x5A, 0xA4, 0xBA, 0xB7, 0xFB, 0xFD, 0xE9, 0x99, 0x98, 0x80, 0x08, 0x99, 
	0x62, 0x26, 0x55, 0x55, 0x66, 0x59, 0x55, 0x55, 0x55, 0x55, 0x5A, 0x65, 0xA6, 0x59, 0x56, 0x5A, 
	0x35, 0x56, 0xCA, 0x96, 0x65, 0x59, 0xEA, 0xCE, 0xEE, 0x66, 0xEE, 0xEE, 0xE9, 0xE9, 0x99, 0x5A, 
	0xCA, 0xE9, 0x99, 0x00, 0x89, 0x88, 0x99, 0x99, 0x88, 0x89, 0x99, 0xEE, 0x99, 0x99, 0x99, 0x99, 
	0xEE, 0xCB, 0xDF, 0xBD, 0xBB, 0xBD, 0xEE, 0x98, 0x9E, 0xE9, 0x89, 0xE9, 0x99, 0x99, 0x98, 0x89, 
	0x9E, 0xEE, 0x89, 0x98, 0x99, 0xE9, 0x89, 0x99, 0xEE, 0xEE, 0xEE, 0x99, 0xE9, 0xEE, 0x99, 0x89, 
	0x98, 0x99, 0x89, 0x99, 0x8E, 0xEE, 0x98, 0x98, 0x88, 0x99, 0xE6, 0x98, 0x80, 0x80, 0x00, 0x9E, 
	0x9E, 0xDF, 0xDC, 0xBD, 0xBB, 0xBC, 0xCA, 0xC6, 0xAA, 0x5E, 0x99, 0x88, 0x9A, 0xAE, 0xE9, 0x88, 
	0x99, 0x88, 0x99, 0x59, 0x63, 0x47, 0x43, 0x26, 0x66, 0x32, 0x2A, 0x3A, 0xE5, 0x66, 0xAA, 0x6F, 
	0x76, 0x89, 0x9E, 0xEE, 0x9A, 0xCE, 0x99, 0x89, 0xAA, 0xEE, 0x99, 0x88, 0x99, 0x96, 0xAE, 0x8E, 
	0xA5, 0x99, 0x89, 0x69, 0xED, 0xCB, 0xFD, 0x71, 0xFB, 0xFF, 0xD6, 0x9E, 0x98, 0x98, 0x08, 0x99, 
	0x26, 0x65, 0x96, 0x66, 0x66, 0x65, 0x25, 0x95, 0x55, 0x59, 0x96, 0x59, 0x59, 0x95, 0x66, 0x96, 
	0x69, 0x56, 0x6E, 0xE5, 0x95, 0x95, 0xAA, 0xAC, 0xAA, 0xCC, 0xCC, 0xAE, 0x88, 0xEE, 0xEE, 0xEC, 
	0xC6, 0xE9, 0x99, 0x08, 0x88, 0x88, 0xEE, 0xEE, 0x98, 0x8E, 0xE9, 0xE9, 0x9A, 0xEE, 0xEE, 0xEE, 
	0x9E, 0xAC, 0xDF, 0xFB, 0xFD, 0xBD, 0xE6, 0x98, 0x5A, 0xCE, 0x99, 0x99, 0xEE, 0xEE, 0xE8, 0x9E, 
	0xEE, 0x99, 0x89, 0x99, 0xE9, 0x99, 0x9E, 0x65, 0xE9, 0x9E, 0xE9, 0x9E, 0x65, 0x96, 0x99, 0x98, 
	0x88, 0xEE, 0x9E, 0xE9, 0x89, 0xEE, 0x99, 0xE8, 0x08, 0x99, 0x99, 0x98, 0x88, 0x00, 0x00, 0x9E, 
	0xEE, 0xCB, 0xBC, 0xCB, 0xDD, 0xDC, 0xCC, 0xCE, 0x6C, 0xA9, 0x9E, 0x99, 0x9E, 0xE6, 0x69, 0x99, 
	0xEE, 0xE9, 0xEE, 0xAA, 0x37, 0x77, 0x74, 0x22, 0x32, 0x63, 0x22, 0x26, 0x52, 0xCA, 0xCE, 0x9A, 
	0xF6, 0x88, 0x88, 0x98, 0x89, 0xE9, 0x99, 0x9E, 0xEE, 0xEE, 0xEE, 0x89, 0xEE, 0xEC, 0xDA, 0x9E, 
	0xEE, 0x99, 0x89, 0x99, 0xEA, 0xCD, 0xFF, 0x77, 0xFD, 0xDD, 0xFA, 0xEA, 0xE9, 0xAE, 0x88, 0x88, 
	0x66, 0x56, 0x55, 0x55, 0x56, 0x66, 0x65, 0x85, 0x66, 0x98, 0x89, 0x95, 0x88, 0x95, 0x65, 0x95, 
	0x69, 0x96, 0x6E, 0xA6, 0x95, 0xE6, 0x2A, 0xAC, 0x6E, 0xAA, 0xAC, 0xDA, 0xE9, 0x99, 0x95, 0xEA, 
	0xC6, 0xE9, 0x99, 0x88, 0x89, 0x5E, 0xEE, 0xE6, 0xE9, 0xEE, 0xEE, 0xE9, 0xEA, 0xAE, 0xEE, 0xE5, 
	0x9A, 0xCC, 0xBB, 0xFB, 0xBD, 0xDD, 0x66, 0xE9, 0x5A, 0xAE, 0x6E, 0x96, 0xCA, 0xEE, 0xE9, 0xE9, 
	0x5E, 0x98, 0x99, 0xEE, 0xEE, 0x98, 0x9E, 0x66, 0xE8, 0x9E, 0xE9, 0x9E, 0x65, 0x96, 0x99, 0x99, 
	0x88, 0xE6, 0x9E, 0xE9, 0x99, 0x99, 0x9E, 0x99, 0x88, 0x9E, 0x99, 0x98, 0x89, 0x99, 0x88, 0x89, 
	0xEA, 0xCD, 0xDC, 0xCB, 0xBB, 0xBC, 0xCC, 0xA6, 0xAB, 0xD6, 0x9E, 0xC3, 0x69, 0x5E, 0xAE, 0x9E, 
	0x6E, 0xAE, 0x6A, 0xAA, 0x44, 0x71, 0x43, 0x33, 0xF3, 0x62, 0xA6, 0x32, 0x63, 0x33, 0xDE, 0x89, 
	0xCE, 0x88, 0x88, 0x88, 0x88, 0x98, 0x88, 0x99, 0x99, 0x99, 0x9E, 0xEE, 0xCA, 0xEC, 0xC6, 0x99, 
	0xE5, 0xEA, 0xE9, 0x9A, 0xAE, 0xAB, 0xBF, 0xFF, 0xFA, 0x6A, 0xBA, 0x5A, 0xAE, 0xA6, 0x88, 0x89, 
	0x65, 0x5E, 0x59, 0x99, 0x95, 0x55, 0x65, 0x95, 0x65, 0x88, 0x88, 0x99, 0x89, 0x55, 0x65, 0x89, 
	0x69, 0x86, 0x69, 0xAA, 0x95, 0x66, 0x26, 0x6A, 0x99, 0x99, 0xEA, 0xCA, 0xAE, 0x90, 0x89, 0xE6, 
	0xA6, 0xE9, 0x99, 0x88, 0x89, 0x6E, 0xEE, 0x9E, 0xEE, 0x6E, 0xEE, 0xEE, 0xEA, 0xAE, 0xEE, 0xE9, 
	0x9A, 0xDD, 0xDB, 0xFB, 0xBD, 0xDB, 0xA6, 0x69, 0x96, 0x5E, 0x6E, 0xEA, 0xC6, 0x9E, 0xE5, 0xE9, 
	0x9E, 0x98, 0x99, 0xEE, 0xEE, 0x99, 0x99, 0xE6, 0xE9, 0x9E, 0xE9, 0x85, 0xE9, 0x95, 0x99, 0x99, 
	0x99, 0xE6, 0x9E, 0xE9, 0x59, 0x89, 0x9E, 0x89, 0x88, 0x9E, 0x9E, 0x98, 0x89, 0x9E, 0x99, 0x89, 
	0x9A, 0xDD, 0xCC, 0xDF, 0xFD, 0xDC, 0xAC, 0xAA, 0xBB, 0xDA, 0x56, 0xF4, 0x25, 0x5E, 0xA6, 0xE6, 
	0x6E, 0x6E, 0x6A, 0x6A, 0x34, 0x77, 0x32, 0x34, 0x74, 0x22, 0x66, 0x33, 0x23, 0x47, 0xFE, 0x89, 
	0x95, 0xEE, 0x99, 0x99, 0x99, 0x98, 0x88, 0x88, 0x98, 0x88, 0x89, 0xEA, 0xBA, 0xEA, 0xA6, 0x59, 
	0xE6, 0xEA, 0xE9, 0x9A, 0xC5, 0xA4, 0xBF, 0xBF, 0xFA, 0x9A, 0xAE, 0x6A, 0xAE, 0x66, 0x98, 0x89, 
	0x65, 0x59, 0x99, 0x58, 0x88, 0x99, 0x58, 0x59, 0x58, 0x88, 0x99, 0xE9, 0x85, 0x65, 0xA9, 0x89, 
	0x55, 0x96, 0x69, 0x9E, 0x98, 0x5A, 0x69, 0x96, 0x88, 0x88, 0x88, 0x89, 0xAE, 0x99, 0x99, 0x9E, 
	0xAA, 0xEE, 0x99, 0x98, 0x89, 0x66, 0xE9, 0x89, 0xEE, 0x69, 0x9E, 0xEE, 0x5E, 0xAE, 0xEE, 0x98, 
	0x9A, 0xBB, 0xDB, 0xBF, 0xFD, 0xDB, 0xCE, 0xA9, 0x89, 0x55, 0xEE, 0xEA, 0xA5, 0x99, 0x9E, 0xE9, 
	0x99, 0x99, 0x89, 0x99, 0xE9, 0x99, 0x99, 0x9E, 0x59, 0x9E, 0xEE, 0x99, 0x99, 0x59, 0x89, 0xEE, 
	0xE9, 0xEE, 0x99, 0x59, 0x99, 0x98, 0x99, 0x89, 0x98, 0x99, 0x9E, 0xE9, 0x99, 0x9E, 0xEE, 0x99, 
	0x96, 0xBD, 0xCC, 0xDF, 0xBC, 0xAC, 0xAA, 0xAC, 0x7D, 0x6A, 0x6A, 0xFF, 0x36, 0x55, 0xAA, 0x6A, 
	0x99, 0x95, 0xE5, 0x99, 0x22, 0x43, 0x66, 0x24, 0x77, 0x33, 0x3C, 0x24, 0x32, 0x31, 0x7E, 0x99, 
	0xEE, 0xAA, 0x9E, 0xE9, 0x9E, 0x98, 0x88, 0x99, 0x88, 0x88, 0x08, 0x9C, 0xDA, 0xEA, 0xAA, 0xE9, 
	0x6C, 0xEE, 0x58, 0x9E, 0xAE, 0xAB, 0xBF, 0xF7, 0x7C, 0xEA, 0xE9, 0xAE, 0x99, 0x9E, 0x98, 0x98, 
	0x69, 0x89, 0x56, 0x58, 0x85, 0x66, 0x58, 0x88, 0x59, 0x95, 0x6A, 0xA5, 0xEA, 0x65, 0x65, 0x95, 
	0x99, 0x66, 0x55, 0x96, 0x99, 0x56, 0x69, 0x88, 0x80, 0x89, 0x89, 0x88, 0x99, 0x9A, 0xAE, 0x99, 
	0xEE, 0xE9, 0x99, 0x99, 0x98, 0x56, 0xAE, 0x9E, 0x99, 0x59, 0x95, 0xE9, 0x56, 0xEE, 0xE9, 0x88, 
	0x8E, 0xDD, 0xDF, 0xBF, 0xBD, 0xDD, 0xAE, 0x59, 0x85, 0x6A, 0xEE, 0x9E, 0xEE, 0xE9, 0x9E, 0xEE, 
	0x99, 0xEE, 0x99, 0xE9, 0x98, 0x88, 0x9E, 0xE5, 0x69, 0x9E, 0xE9, 0xEE, 0xE5, 0xE5, 0x99, 0x9E, 
	0xE9, 0x99, 0x59, 0x99, 0x9E, 0xE9, 0x89, 0x99, 0x98, 0xEE, 0xE9, 0x99, 0x99, 0x9E, 0xEE, 0x99, 
	0x96, 0xBB, 0xDC, 0xBD, 0xDC, 0xCC, 0xCC, 0xCD, 0x7B, 0xEE, 0xA6, 0xCC, 0x22, 0x55, 0x66, 0x66, 
	0x99, 0x96, 0xE9, 0x59, 0x56, 0xA6, 0x62, 0x33, 0x44, 0x44, 0x7F, 0x33, 0x32, 0x64, 0x76, 0x99, 
	0xEE, 0xEE, 0x9E, 0x65, 0x99, 0x98, 0x88, 0x99, 0x99, 0x5E, 0x98, 0x9A, 0xCA, 0xEC, 0xCC, 0xE9, 
	0xCC, 0x99, 0x69, 0x6E, 0xE9, 0xCD, 0xB7, 0x77, 0xFC, 0xEA, 0xEE, 0xE9, 0x89, 0x99, 0x99, 0x98, 
	0x55, 0x56, 0x66, 0x58, 0x96, 0x66, 0x69, 0x08, 0x55, 0xE5, 0x6A, 0xA6, 0xA6, 0x59, 0x59, 0x59, 
	0x95, 0x55, 0x55, 0x55, 0xEA, 0x66, 0x65, 0x99, 0x98, 0x99, 0x89, 0x99, 0x89, 0x96, 0x6E, 0xA6, 
	0x59, 0xE9, 0x99, 0x9E, 0xE9, 0xEA, 0x66, 0x66, 0x95, 0xEE, 0x55, 0x65, 0x55, 0x55, 0x98, 0x85, 
	0x56, 0xCC, 0xBF, 0xFB, 0xBD, 0xCD, 0xAE, 0xE9, 0x55, 0x6A, 0xE5, 0xE9, 0x95, 0xE9, 0xEE, 0xEE, 
	0xE9, 0x99, 0x99, 0x99, 0x99, 0x88, 0x89, 0xEE, 0x6E, 0xE9, 0x99, 0x99, 0x95, 0x66, 0x59, 0x9E, 
	0xE9, 0x89, 0x99, 0x99, 0x9E, 0xEE, 0xEE, 0x99, 0xE9, 0xE6, 0xEE, 0x9E, 0xEE, 0x99, 0x5E, 0x98, 
	0x9A, 0xDD, 0xCD, 0xDC, 0xDB, 0xDC, 0xCC, 0xCC, 0xBB, 0xA5, 0x66, 0x55, 0x66, 0x66, 0x66, 0x55, 
	0x59, 0x55, 0x59, 0x95, 0xEE, 0x55, 0x23, 0xF4, 0x44, 0x47, 0x77, 0xF3, 0x22, 0x5A, 0xB6, 0x98, 
	0x6A, 0x99, 0x99, 0x59, 0x98, 0x88, 0x88, 0x89, 0x33, 0xAA, 0xAE, 0x6E, 0xAE, 0x9A, 0xAA, 0xE9, 
	0xAA, 0x99, 0xE9, 0xEE, 0x99, 0xCB, 0xDF, 0x77, 0xBC, 0xE6, 0x6E, 0xE9, 0x9E, 0xE8, 0x9E, 0x99, 
	0x55, 0x52, 0x25, 0x98, 0x96, 0x56, 0x29, 0x08, 0x55, 0x59, 0xE6, 0x66, 0x65, 0x99, 0x89, 0x5E, 
	0x95, 0x99, 0x55, 0x6E, 0xAC, 0xA6, 0x66, 0x5E, 0x58, 0x99, 0x88, 0xE9, 0x89, 0x9E, 0xEE, 0xAA, 
	0xE9, 0xE9, 0x9E, 0x9E, 0xE6, 0x6A, 0x66, 0xAA, 0xEE, 0xEE, 0x56, 0xA6, 0x55, 0x55, 0x99, 0x9E, 
	0x6A, 0xCD, 0xFF, 0xFB, 0xBD, 0xCD, 0xC6, 0xEE, 0xE5, 0xEA, 0xE5, 0xE8, 0x89, 0x99, 0x5E, 0xE9, 
	0xE5, 0x99, 0x99, 0x9E, 0x6E, 0x88, 0x99, 0xEE, 0xEE, 0xE8, 0x88, 0x88, 0x89, 0xEE, 0x59, 0x9E, 
	0xE9, 0x99, 0x99, 0x99, 0x9E, 0xEE, 0xEE, 0x55, 0xEE, 0xE6, 0x9E, 0xEE, 0x66, 0xE9, 0x9E, 0x98, 
	0x9A, 0xCC, 0xCD, 0xCC, 0xDB, 0xDC, 0xCA, 0xCC, 0xDB, 0xC6, 0x66, 0x59, 0x99, 0x66, 0x66, 0x55, 
	0x58, 0x99, 0x99, 0x55, 0xEE, 0x66, 0x34, 0x74, 0x44, 0x47, 0x47, 0xF2, 0x34, 0x26, 0xCE, 0x99, 
	0x6A, 0x99, 0x88, 0x88, 0x88, 0x80, 0x88, 0x9A, 0x74, 0xAA, 0xA6, 0xAA, 0xCC, 0xE5, 0x8E, 0xE9, 
	0x9E, 0x99, 0x99, 0x6E, 0x9E, 0xBF, 0xCD, 0xFF, 0xBC, 0x9E, 0x6E, 0x6E, 0x9E, 0xE8, 0x9E, 0x99, 
	0x55, 0x92, 0x25, 0x99, 0x85, 0x66, 0x69, 0x88, 0x95, 0x99, 0x85, 0x95, 0x59, 0x99, 0x88, 0x9A, 
	0xE5, 0x89, 0x56, 0x6E, 0xCA, 0x66, 0x66, 0x56, 0xE9, 0x88, 0x88, 0x98, 0x89, 0x99, 0x99, 0xEE, 
	0xAE, 0xEE, 0xEA, 0xE9, 0x6A, 0xA6, 0x9E, 0xAE, 0xEE, 0xE9, 0x56, 0x66, 0x56, 0x69, 0x95, 0xE6, 
	0x6A, 0xDD, 0xFF, 0x7B, 0xFD, 0xCC, 0xCA, 0xEE, 0x9E, 0x9E, 0xEE, 0x98, 0x99, 0x89, 0x99, 0xE9, 
	0xEE, 0xEE, 0x98, 0x8E, 0xAE, 0x99, 0xEE, 0x99, 0xEE, 0x99, 0x99, 0x80, 0x88, 0x99, 0xE5, 0x9E, 
	0x9E, 0x99, 0x99, 0xE9, 0x99, 0xEE, 0x9E, 0xE6, 0xEE, 0xEE, 0x5E, 0xEE, 0xAA, 0xE9, 0x95, 0x55, 
	0x56, 0xCD, 0xCC, 0xCC, 0xBB, 0xDC, 0xA6, 0xCC, 0xCB, 0xDC, 0x6A, 0x58, 0x85, 0x56, 0x55, 0x56, 
	0x98, 0x89, 0x95, 0xEE, 0xEA, 0xA6, 0x23, 0x44, 0x44, 0x77, 0x44, 0x22, 0x3F, 0x32, 0xA6, 0x66, 
	0xE9, 0x08, 0x00, 0x00, 0x89, 0x80, 0x88, 0x93, 0x73, 0x65, 0x56, 0xAC, 0xBF, 0xCE, 0x9E, 0xA9, 
	0x89, 0x98, 0x89, 0x69, 0x96, 0xFF, 0xCC, 0xBD, 0xBD, 0xE8, 0x9E, 0xAE, 0x88, 0x98, 0x89, 0xE9, 
	0x65, 0x55, 0x66, 0x56, 0x96, 0x32, 0x65, 0x99, 0x99, 0xE5, 0x89, 0x59, 0x59, 0x99, 0x99, 0x9E, 
	0xAA, 0x5E, 0xEA, 0xE6, 0xA6, 0x63, 0x65, 0x55, 0x59, 0x80, 0x08, 0xE9, 0x96, 0xE9, 0xEA, 0x5E, 
	0xAC, 0xA6, 0xAA, 0xAE, 0x66, 0x59, 0x99, 0xEE, 0xEA, 0xE5, 0x56, 0x56, 0x56, 0x59, 0x59, 0x99, 
	0x5A, 0xBB, 0xFF, 0x7B, 0xBD, 0xDC, 0xCA, 0xEE, 0x99, 0x98, 0x9E, 0x99, 0xAE, 0x9E, 0xE9, 0x99, 
	0x99, 0xEE, 0xE9, 0x89, 0x59, 0xEE, 0xE9, 0x99, 0x99, 0x9E, 0xE9, 0x98, 0x88, 0x88, 0x56, 0x55, 
	0x99, 0x99, 0x89, 0x59, 0x55, 0x99, 0xE9, 0x56, 0x55, 0x9E, 0x6A, 0xE9, 0xEE, 0x99, 0x99, 0xAA, 
	0xE6, 0xDC, 0xCD, 0xCC, 0xFB, 0xCC, 0xC6, 0xCA, 0x24, 0x74, 0x26, 0x69, 0x85, 0x55, 0x55, 0x59, 
	0x88, 0x99, 0x85, 0x96, 0x23, 0x32, 0x23, 0x44, 0x44, 0x74, 0x33, 0x22, 0xA3, 0x44, 0x32, 0x23, 
	0x68, 0x00, 0x00, 0x80, 0x99, 0x98, 0x99, 0x9D, 0xD6, 0x66, 0x55, 0x5A, 0xCB, 0xBA, 0xAA, 0xCE, 
	0x99, 0x99, 0x99, 0x59, 0x9A, 0xDB, 0xDD, 0xFB, 0xFF, 0x68, 0x9E, 0xE9, 0x88, 0x88, 0x99, 0x98, 
	0x65, 0x98, 0x56, 0x65, 0xE6, 0x26, 0x55, 0x55, 0x59, 0x59, 0x85, 0x59, 0x59, 0x59, 0x66, 0x99, 
	0x66, 0xAA, 0xE6, 0xEE, 0x66, 0x62, 0xA6, 0x55, 0xEE, 0x98, 0x8E, 0xCE, 0xEA, 0xE6, 0xAC, 0xEA, 
	0xAA, 0x26, 0x62, 0x2A, 0x65, 0x58, 0x95, 0x9E, 0xE6, 0xA6, 0x55, 0x55, 0x55, 0x99, 0x99, 0x88, 
	0x5A, 0xBB, 0xBF, 0x7B, 0xBD, 0xBC, 0xA6, 0xEE, 0xEE, 0x65, 0x99, 0x8E, 0xDD, 0xEE, 0x6E, 0x99, 
	0x99, 0x9E, 0xE9, 0x99, 0x9E, 0xE5, 0x99, 0x9E, 0x95, 0xEE, 0x59, 0x99, 0x99, 0x95, 0x55, 0x65, 
	0x99, 0x55, 0x99, 0xE5, 0x56, 0x5E, 0x65, 0x56, 0x65, 0xE6, 0x66, 0xE5, 0x56, 0xE5, 0x95, 0x6A, 
	0x6A, 0xCC, 0xCC, 0xCC, 0xBB, 0xDC, 0xC6, 0xAA, 0x27, 0x17, 0xF2, 0xA6, 0x55, 0x56, 0x55, 0x65, 
	0x99, 0x99, 0x89, 0xEC, 0x33, 0x22, 0x32, 0x33, 0x33, 0x43, 0x23, 0x33, 0x66, 0x23, 0x43, 0x22, 
	0x25, 0x80, 0x89, 0x59, 0x9E, 0x69, 0x95, 0x96, 0x98, 0x62, 0x22, 0x65, 0x6A, 0xDC, 0xCC, 0xDB, 
	0xDA, 0x99, 0x99, 0x9E, 0x6A, 0xCB, 0xBB, 0xFF, 0xFF, 0xAE, 0xAA, 0xEE, 0x99, 0x88, 0x99, 0x98, 
	0x65, 0x88, 0x8E, 0x65, 0xE5, 0x65, 0x95, 0x56, 0x59, 0x99, 0x95, 0x99, 0x55, 0x59, 0x6A, 0x99, 
	0x9A, 0xBA, 0xEE, 0xE9, 0x66, 0x66, 0x66, 0x65, 0xEE, 0x5E, 0xEA, 0xDA, 0xAA, 0xEA, 0xCC, 0xAA, 
	0xA6, 0x26, 0x66, 0x26, 0x65, 0x59, 0x55, 0x5E, 0xEE, 0x66, 0x59, 0x55, 0x55, 0x99, 0x99, 0x88, 
	0x9A, 0xBD, 0xBB, 0xFB, 0xBD, 0xDC, 0xA6, 0xEE, 0xEE, 0xA6, 0x99, 0xEE, 0xDD, 0xAE, 0x6E, 0x59, 
	0x99, 0x9E, 0xE5, 0xE6, 0x6E, 0xE9, 0x98, 0x8E, 0x9E, 0xEE, 0x55, 0x99, 0x99, 0xE5, 0x55, 0x65, 
	0x55, 0x55, 0x55, 0xE5, 0x56, 0x5E, 0x65, 0x56, 0x66, 0x66, 0x5E, 0x55, 0x95, 0x65, 0x95, 0x6A, 
	0xAC, 0xCC, 0xCC, 0xCC, 0xDB, 0xDC, 0xCA, 0xA6, 0xC7, 0x11, 0xF2, 0xAA, 0x65, 0x56, 0x59, 0xE5, 
	0x55, 0x99, 0x9E, 0xDB, 0x43, 0x22, 0x32, 0x23, 0xA2, 0x2A, 0x23, 0x43, 0x65, 0x53, 0x33, 0x22, 
	0x26, 0x98, 0x9E, 0xE9, 0x96, 0x69, 0x99, 0x80, 0x08, 0x66, 0x23, 0xA6, 0x55, 0xAA, 0xAA, 0xCB, 
	0xBD, 0xA6, 0xE6, 0x66, 0xAA, 0xDB, 0xBF, 0x7F, 0xFB, 0xAA, 0xCA, 0xEE, 0x99, 0x89, 0x99, 0x98, 
	0x58, 0x89, 0x89, 0x55, 0x88, 0x55, 0x95, 0x96, 0x99, 0x89, 0xE5, 0x99, 0x66, 0xE9, 0x9A, 0x6E, 
	0x6C, 0xBA, 0xEE, 0x69, 0x52, 0x65, 0x55, 0x25, 0xEE, 0xEA, 0xEA, 0xCA, 0xCC, 0xE6, 0xAA, 0xA6, 
	0x26, 0x66, 0x55, 0x55, 0xE5, 0x6E, 0xE6, 0xE9, 0x9E, 0xEE, 0x59, 0x99, 0x55, 0x59, 0x89, 0x98, 
	0x9C, 0xBB, 0xFB, 0xBB, 0xBC, 0xDC, 0xAA, 0xEE, 0xEE, 0xAA, 0x5E, 0xAE, 0xEC, 0xAE, 0xEE, 0xEE, 
	0xE5, 0x95, 0x55, 0x62, 0xAE, 0xEE, 0xE8, 0x99, 0x89, 0xE9, 0xEE, 0x99, 0xE9, 0xE6, 0x56, 0x55, 
	0x56, 0x59, 0x55, 0x55, 0x56, 0x55, 0x55, 0x66, 0x66, 0xE6, 0x5E, 0xE5, 0x99, 0xE6, 0x5E, 0xEA, 
	0xAC, 0xCC, 0xAC, 0xCC, 0xBD, 0xDA, 0xCC, 0xA6, 0xD1, 0x11, 0xC5, 0x62, 0xAE, 0x95, 0x88, 0x96, 
	0x65, 0x98, 0xED, 0x74, 0x32, 0x33, 0x33, 0x34, 0x2A, 0x22, 0x23, 0x42, 0x2A, 0x63, 0x22, 0x22, 
	0x22, 0x69, 0xE5, 0x59, 0x9E, 0xE9, 0x98, 0x80, 0x08, 0xE5, 0x52, 0x22, 0x66, 0x26, 0x66, 0x5A, 
	0xCC, 0xCC, 0xAC, 0xCA, 0x6C, 0xBB, 0xFF, 0x7F, 0xFC, 0xAC, 0xCE, 0x98, 0x89, 0x89, 0x88, 0x89, 
	0x88, 0xE6, 0x89, 0x65, 0x88, 0x62, 0x59, 0x55, 0x98, 0x89, 0x59, 0x99, 0x66, 0x6E, 0x9A, 0xCC, 
	0xC6, 0xA6, 0x65, 0x56, 0x55, 0x55, 0x66, 0x59, 0xAA, 0xEA, 0xEE, 0xAA, 0x66, 0x6A, 0x66, 0x65, 
	0x65, 0x65, 0x56, 0x99, 0x95, 0xA6, 0x6E, 0xEE, 0xEE, 0x65, 0x55, 0x99, 0x95, 0x95, 0x96, 0x69, 
	0x9C, 0xDB, 0xBF, 0xFF, 0xBC, 0xDC, 0xAC, 0xEE, 0xEA, 0xAE, 0xEA, 0xEE, 0x9E, 0xEE, 0xAE, 0xE6, 
	0x65, 0x55, 0x56, 0x66, 0x6E, 0xE6, 0x5E, 0xE9, 0x9E, 0xEE, 0xEE, 0xEE, 0x98, 0x5A, 0x65, 0x55, 
	0x95, 0x95, 0x56, 0x56, 0x55, 0x66, 0x69, 0x55, 0x59, 0x55, 0xEA, 0x69, 0x5E, 0x95, 0x6E, 0xEA, 
	0xCD, 0xCC, 0xCC, 0xCC, 0xBD, 0xBA, 0xAC, 0xAA, 0x41, 0x7B, 0x66, 0x62, 0xAA, 0x59, 0x80, 0x89, 
	0x59, 0x89, 0xAF, 0x43, 0x43, 0x33, 0x33, 0x23, 0x44, 0x44, 0x44, 0x43, 0x23, 0x33, 0x22, 0x22, 
	0x22, 0x2E, 0x6A, 0x66, 0x98, 0x99, 0x88, 0x98, 0x09, 0x65, 0x56, 0x26, 0x96, 0x66, 0x65, 0x99, 
	0x9E, 0xEE, 0x6A, 0xCC, 0xAC, 0xDB, 0xBF, 0xFF, 0xB6, 0xEE, 0xEE, 0x98, 0x08, 0x08, 0x88, 0x98, 
	0x99, 0x66, 0x95, 0x65, 0x95, 0x66, 0x66, 0x66, 0x59, 0x89, 0x9E, 0xEE, 0x5E, 0x5E, 0x66, 0xCC, 
	0xA6, 0x6A, 0x26, 0x5A, 0x59, 0x55, 0x56, 0x99, 0x6A, 0xAE, 0xAA, 0xC6, 0xEE, 0x6A, 0x66, 0x55, 
	0x55, 0x55, 0x55, 0x59, 0x85, 0x6E, 0x55, 0xEE, 0x65, 0x55, 0x95, 0x59, 0x55, 0x99, 0xE6, 0xAC, 
	0xED, 0xBB, 0xBF, 0xFB, 0xBD, 0xDC, 0xAA, 0x66, 0x6A, 0x6E, 0xA6, 0xEE, 0xE9, 0xEA, 0xA6, 0x55, 
	0x56, 0x56, 0x55, 0x65, 0x56, 0x65, 0xEE, 0xE9, 0xEA, 0xAE, 0xEE, 0xAE, 0xE5, 0xE6, 0x56, 0x56, 
	0x55, 0x55, 0xE6, 0x56, 0x65, 0x66, 0x55, 0x95, 0x59, 0x5E, 0xE6, 0x6E, 0x56, 0xE5, 0x5E, 0xAC, 
	0xCC, 0xCC, 0xCC, 0xAC, 0xDB, 0xBC, 0xAC, 0xAC, 0x77, 0xB6, 0x62, 0x22, 0x22, 0x69, 0x98, 0x89, 
	0x99, 0x56, 0x34, 0x43, 0x34, 0x44, 0x32, 0x22, 0x44, 0x47, 0x74, 0x44, 0x33, 0x33, 0x32, 0x22, 
	0x22, 0x6E, 0x62, 0xAA, 0x98, 0x99, 0x95, 0x6E, 0x89, 0xA2, 0x23, 0x32, 0x95, 0x56, 0x26, 0x66, 
	0x99, 0x89, 0xE5, 0xAA, 0xEC, 0xBF, 0xFB, 0xBB, 0xDA, 0x66, 0x59, 0x99, 0x88, 0x88, 0x89, 0x98, 
	0x95, 0xEE, 0x95, 0xE5, 0x56, 0x65, 0x66, 0x66, 0x59, 0x99, 0x9E, 0xEE, 0x9E, 0x9E, 0xAE, 0xAA, 
	0xAA, 0x6A, 0x26, 0x62, 0x69, 0x55, 0x5E, 0x99, 0xE6, 0x66, 0xCC, 0xA6, 0x9E, 0x6A, 0x66, 0x55, 
	0x95, 0x55, 0x55, 0x55, 0x99, 0xEE, 0x55, 0x5E, 0x65, 0x59, 0x95, 0x58, 0x55, 0x99, 0xEE, 0xAC, 
	0xAB, 0xBF, 0xBF, 0xFB, 0xDD, 0xDA, 0x66, 0x6A, 0x66, 0xE6, 0xAA, 0xEE, 0xE9, 0xE6, 0xA6, 0x55, 
	0x56, 0x66, 0x55, 0x65, 0x56, 0x65, 0xEE, 0xE9, 0xEA, 0xAE, 0xEE, 0x6E, 0xE5, 0x65, 0x56, 0x56, 
	0x55, 0x66, 0x66, 0x66, 0x65, 0x65, 0x55, 0x55, 0x55, 0x5E, 0x5E, 0x5E, 0x5E, 0xE9, 0x96, 0xAC, 
	0xCA, 0xAC, 0xCC, 0xAC, 0xCB, 0xBD, 0xAC, 0xCF, 0x1F, 0xA6, 0xA2, 0x22, 0x23, 0xA6, 0xA6, 0x99, 
	0x89, 0x52, 0x44, 0x43, 0x33, 0x44, 0x32, 0x23, 0x33, 0x47, 0x74, 0x44, 0x32, 0x23, 0x42, 0x62, 
	0x22, 0x65, 0x62, 0xAA, 0xE9, 0x5E, 0xE6, 0xA6, 0xEE, 0xA3, 0x44, 0x47, 0xCE, 0x55, 0x2A, 0x66, 
	0xE6, 0xE6, 0xA6, 0x6E, 0x9A, 0xFF, 0x7F, 0xFF, 0xBC, 0x6A, 0xE9, 0x96, 0xE9, 0x88, 0x89, 0x98, 
	0x95, 0x99, 0x55, 0x95, 0x62, 0x55, 0x25, 0x95, 0x99, 0x58, 0x99, 0x99, 0x99, 0x89, 0x69, 0x96, 
	0xAC, 0xA6, 0xA6, 0x6C, 0xA5, 0x56, 0x6E, 0x59, 0x59, 0xEA, 0xDC, 0x65, 0x9E, 0x6A, 0xA6, 0x55, 
	0x99, 0x89, 0x69, 0x96, 0x99, 0x55, 0x55, 0x95, 0x55, 0x99, 0x59, 0x58, 0x95, 0x55, 0x89, 0xEA, 
	0xAB, 0xBF, 0xBB, 0xFB, 0xCB, 0xC6, 0x6E, 0xEA, 0x6E, 0x56, 0xCC, 0xE9, 0x99, 0x99, 0x65, 0x59, 
	0x56, 0x65, 0x66, 0x55, 0x6A, 0x55, 0x6E, 0x5E, 0xEE, 0xE9, 0x98, 0x89, 0xEE, 0x56, 0x65, 0x55, 
	0x66, 0x66, 0x62, 0x66, 0x65, 0x55, 0x55, 0x56, 0xEE, 0x99, 0x99, 0x99, 0xE9, 0x98, 0x5A, 0xCA, 
	0xAA, 0xCD, 0xCA, 0xCC, 0xCB, 0xDB, 0xA6, 0xC7, 0x7C, 0x62, 0x22, 0x22, 0x23, 0x22, 0xCC, 0x65, 
	0x95, 0x63, 0x74, 0x32, 0x22, 0x44, 0x22, 0x33, 0x22, 0x44, 0x74, 0x34, 0x36, 0x6A, 0xB2, 0x95, 
	0x62, 0x5E, 0x66, 0x6E, 0xEE, 0x6A, 0xAA, 0xCA, 0xAA, 0xA4, 0x77, 0x71, 0xBE, 0xE5, 0xA6, 0xEE, 
	0xEA, 0xAC, 0xCC, 0xAE, 0xEC, 0xFB, 0xFF, 0x77, 0xFC, 0xEA, 0xA9, 0x9A, 0xA9, 0x88, 0x89, 0x98, 
	0x89, 0x98, 0x56, 0x55, 0x66, 0x55, 0x66, 0x98, 0x88, 0x88, 0x95, 0x55, 0x59, 0x59, 0x98, 0x85, 
	0xAA, 0x2A, 0xE5, 0x6C, 0xA5, 0x6A, 0x2A, 0x65, 0xAE, 0xCD, 0xDA, 0xE5, 0x96, 0x56, 0x26, 0x59, 
	0x59, 0x98, 0x99, 0x55, 0x95, 0x65, 0x99, 0x59, 0x9E, 0x98, 0x88, 0x89, 0x95, 0x69, 0x85, 0x66, 
	0xAD, 0xBB, 0xBB, 0xFB, 0xCB, 0xCA, 0xE5, 0x66, 0x65, 0x96, 0x66, 0x59, 0x9E, 0x59, 0x55, 0x95, 
	0x55, 0x56, 0x65, 0x65, 0xE6, 0x55, 0x66, 0x65, 0x5E, 0x88, 0x88, 0x99, 0x9E, 0x55, 0x55, 0x66, 
	0x62, 0x65, 0x55, 0x59, 0x56, 0x55, 0x55, 0x66, 0x59, 0x99, 0x9E, 0x9E, 0x98, 0x89, 0xAC, 0x2A, 
	0xAC, 0xAA, 0xA6, 0xAA, 0xDD, 0xCB, 0xCE, 0xC7, 0xDA, 0x6C, 0x22, 0x22, 0x23, 0x32, 0x22, 0xCA, 
	0x66, 0x24, 0x43, 0x62, 0x2A, 0x43, 0xA2, 0x3A, 0x66, 0xA3, 0x44, 0x44, 0x69, 0x6C, 0xC6, 0x99, 
	0x66, 0x6A, 0xAA, 0xA6, 0xAC, 0xA2, 0x22, 0x22, 0x23, 0xA3, 0x47, 0x77, 0xB6, 0xEE, 0xEA, 0xAC, 
	0xCC, 0xAA, 0xCD, 0xCC, 0x6D, 0xFF, 0xFB, 0x7F, 0xDA, 0xEA, 0xE9, 0xE5, 0x5E, 0x99, 0x88, 0x88, 
	0x89, 0x99, 0x56, 0x55, 0x55, 0x95, 0x56, 0x88, 0x88, 0x88, 0x9E, 0x55, 0x5E, 0x98, 0x89, 0x95, 
	0xAE, 0xA6, 0x55, 0x6A, 0x66, 0x66, 0x6A, 0x66, 0xAE, 0xAD, 0xDA, 0xE6, 0x6A, 0x66, 0x66, 0x66, 
	0x66, 0x98, 0x95, 0x55, 0x55, 0x55, 0x95, 0x65, 0x99, 0x99, 0x89, 0x85, 0x55, 0x55, 0x56, 0x55, 
	0xAD, 0xBB, 0xBD, 0xBF, 0xDD, 0xCC, 0xA6, 0x66, 0x55, 0x55, 0x66, 0x65, 0x56, 0x69, 0x56, 0x55, 
	0x65, 0x55, 0x56, 0x66, 0x65, 0x65, 0x65, 0x55, 0x66, 0x98, 0x9E, 0x6E, 0xE5, 0x55, 0x66, 0x66, 
	0x66, 0x65, 0x95, 0x59, 0x56, 0x65, 0x55, 0x55, 0x98, 0x99, 0x99, 0x99, 0x99, 0xE6, 0xAC, 0xCA, 
	0xAA, 0xAC, 0xCA, 0xAC, 0xDC, 0xCD, 0xCA, 0xAB, 0xC6, 0xAD, 0x22, 0x22, 0x22, 0x22, 0x32, 0xA2, 
	0xAA, 0x34, 0x36, 0x66, 0xA2, 0x32, 0x66, 0x26, 0x66, 0x56, 0x33, 0x44, 0x65, 0xAC, 0xAA, 0xA6, 
	0xA2, 0x6A, 0xAC, 0xAA, 0xCC, 0xC2, 0x32, 0x22, 0x22, 0x2A, 0x34, 0x47, 0xB6, 0xEE, 0xEE, 0xAA, 
	0xCC, 0xAE, 0xAD, 0xCA, 0xAB, 0x7F, 0xFF, 0xFF, 0xDA, 0xEE, 0xE9, 0xEE, 0xE6, 0xEE, 0x88, 0x99, 
	0x99, 0x89, 0x5E, 0x55, 0x99, 0x95, 0x95, 0x98, 0x89, 0x80, 0x95, 0x55, 0xEE, 0x98, 0xE6, 0x55, 
	0x69, 0xA6, 0x55, 0x5E, 0x66, 0x66, 0x56, 0x66, 0xA6, 0xAC, 0xCA, 0xE6, 0xAA, 0x66, 0x66, 0x66, 
	0x26, 0x88, 0x96, 0x55, 0xE5, 0x59, 0x55, 0xE5, 0x99, 0x89, 0x89, 0x55, 0x55, 0x55, 0x66, 0x59, 
	0xAB, 0xBB, 0xFB, 0xBB, 0xBD, 0xAC, 0xC6, 0x6E, 0x55, 0x55, 0x66, 0x66, 0x66, 0x65, 0x56, 0x55, 
	0x65, 0x55, 0x56, 0x66, 0x65, 0x65, 0x65, 0x55, 0x6A, 0x58, 0xEE, 0xA6, 0xE5, 0x55, 0x66, 0x66, 
	0x66, 0x65, 0x56, 0x66, 0x66, 0x66, 0x66, 0x55, 0x5E, 0x69, 0x99, 0x99, 0x99, 0xEA, 0xAC, 0xCA, 
	0x6A, 0x6C, 0xCA, 0x6C, 0xDC, 0xCD, 0xCA, 0x6A, 0xDA, 0xCC, 0x22, 0x22, 0x22, 0x22, 0x32, 0x2B, 
	0xBB, 0x33, 0xA6, 0xAA, 0x23, 0x22, 0x22, 0x26, 0x22, 0x65, 0x62, 0x44, 0x22, 0xCC, 0xAA, 0xCA, 
	0xC3, 0x2A, 0xAC, 0xAC, 0xCC, 0xC2, 0x32, 0x22, 0x22, 0x26, 0x23, 0x47, 0xBE, 0xEE, 0xE9, 0x66, 
	0xAA, 0xA6, 0xAC, 0xCA, 0x6D, 0xFF, 0xFF, 0xFF, 0xBA, 0x9E, 0x65, 0xE6, 0x66, 0x6E, 0xEE, 0x66, 
	0x89, 0x95, 0x59, 0x66, 0x99, 0x59, 0x89, 0x98, 0x88, 0x80, 0x89, 0x56, 0xE6, 0x99, 0xA2, 0x65, 
	0x99, 0x62, 0x65, 0xE5, 0x66, 0x55, 0x66, 0x55, 0xE6, 0xEE, 0xEE, 0xEA, 0x66, 0xAA, 0x55, 0x56, 
	0xA9, 0x88, 0x96, 0x59, 0x65, 0x59, 0x66, 0x99, 0x55, 0x98, 0x89, 0x65, 0x55, 0x56, 0x56, 0x5E, 
	0xCD, 0xBF, 0x7F, 0xBB, 0xDD, 0xAA, 0xA6, 0x59, 0x89, 0x55, 0x56, 0x66, 0xA5, 0x56, 0x66, 0x59, 
	0x55, 0x55, 0x56, 0x65, 0x65, 0x65, 0x65, 0x55, 0x6A, 0x69, 0x9E, 0xEA, 0x66, 0x66, 0x56, 0xAA, 
	0x26, 0xE6, 0xA2, 0xCC, 0xAA, 0xAA, 0xAA, 0x66, 0xAC, 0xAA, 0x6E, 0xEE, 0x5E, 0xEA, 0xCA, 0xAA, 
	0xAA, 0xEA, 0xCE, 0x6A, 0xCC, 0xCC, 0xCC, 0x66, 0xBB, 0xDA, 0x22, 0x22, 0x32, 0x23, 0x43, 0x3F, 
	0x77, 0xBC, 0x2C, 0xCD, 0x34, 0x33, 0x43, 0x26, 0x66, 0x66, 0x62, 0x43, 0x23, 0x32, 0x22, 0xA2, 
	0x34, 0x33, 0x2A, 0xCA, 0xAC, 0xCA, 0x33, 0x23, 0x26, 0x26, 0x52, 0x47, 0xDE, 0x69, 0x89, 0x89, 
	0xEE, 0xAA, 0xEA, 0xAE, 0x6C, 0xBF, 0xB7, 0x7F, 0xFC, 0xEE, 0xA6, 0x56, 0xA6, 0x66, 0xAA, 0xAA, 
	0x9E, 0x65, 0x65, 0x65, 0x55, 0x88, 0x88, 0x80, 0x88, 0x88, 0x8E, 0xA6, 0x66, 0x99, 0xE6, 0x55, 
	0x95, 0x56, 0x55, 0x99, 0x99, 0x56, 0x55, 0x56, 0xEA, 0xEE, 0x9E, 0xA6, 0x66, 0x55, 0x59, 0x9A, 
	0x65, 0x98, 0x96, 0x59, 0x59, 0x88, 0x99, 0x89, 0x55, 0x68, 0x88, 0x56, 0x55, 0x55, 0x56, 0x56, 
	0xCD, 0xFF, 0xFF, 0xDB, 0xDC, 0xCA, 0xEE, 0x55, 0x95, 0x95, 0x56, 0x66, 0x66, 0x55, 0x55, 0x65, 
	0x5A, 0x55, 0x65, 0x55, 0x56, 0x66, 0x56, 0x65, 0x55, 0x66, 0xE9, 0x9E, 0x66, 0x59, 0x9C, 0x4C, 
	0xCC, 0xAA, 0xCD, 0xBB, 0xDD, 0xDD, 0xBD, 0xCD, 0xBF, 0xBD, 0xDC, 0xAA, 0xA6, 0xE6, 0xAA, 0xEE, 
	0xCA, 0xE6, 0xEE, 0xAA, 0xAC, 0xAA, 0xAA, 0x6E, 0xDF, 0xCE, 0x22, 0x22, 0x22, 0x23, 0x44, 0x77, 
	0x17, 0x7D, 0xDC, 0x37, 0x77, 0x73, 0x34, 0x32, 0x66, 0x22, 0x23, 0x32, 0x22, 0x33, 0xAA, 0x23, 
	0x34, 0x7F, 0xC6, 0xCA, 0xA6, 0x62, 0x33, 0x32, 0x6A, 0x65, 0x55, 0xC7, 0xC6, 0xAE, 0x88, 0x89, 
	0x9E, 0xAA, 0x66, 0x26, 0xAB, 0x4F, 0xB7, 0xFD, 0xFC, 0xE6, 0x66, 0x55, 0x26, 0x66, 0xAA, 0x6E, 
	0x66, 0x56, 0x66, 0x69, 0x98, 0x88, 0x80, 0x88, 0x88, 0x88, 0x8E, 0xAE, 0x55, 0xEE, 0x66, 0x66, 
	0x55, 0x65, 0x59, 0x88, 0x88, 0x96, 0x65, 0x66, 0xE6, 0xE6, 0x9E, 0x66, 0x66, 0x99, 0x95, 0xEA, 
	0x65, 0x59, 0x56, 0xE9, 0x98, 0x09, 0x88, 0x85, 0x5E, 0x55, 0x55, 0x55, 0x99, 0x99, 0x55, 0x66, 
	0xCC, 0xFB, 0xDB, 0xBD, 0xCC, 0xAC, 0xA6, 0x55, 0x99, 0x99, 0x56, 0x66, 0x56, 0x55, 0x55, 0x56, 
	0x6A, 0x55, 0x55, 0x65, 0x95, 0x65, 0x56, 0x59, 0x99, 0x55, 0x6E, 0xE6, 0xEE, 0x65, 0x6B, 0xFC, 
	0xAD, 0xDD, 0xBD, 0xDB, 0xBD, 0xBB, 0xBD, 0xDD, 0xB7, 0xBB, 0xBB, 0xBB, 0xFB, 0xDC, 0xAA, 0xEE, 
	0xA6, 0xEE, 0xEE, 0xAC, 0xCC, 0xAE, 0xEA, 0xEE, 0xAB, 0xAE, 0x22, 0x22, 0xA6, 0x24, 0x34, 0x47, 
	0x77, 0x73, 0xC2, 0x34, 0xF7, 0x74, 0x34, 0x32, 0x26, 0x62, 0x22, 0x23, 0x32, 0x3B, 0x32, 0xA2, 
	0x23, 0x44, 0xDA, 0x6E, 0xE5, 0xAF, 0xF4, 0x36, 0x96, 0x59, 0x98, 0x5D, 0x6E, 0xA6, 0x98, 0xE6, 
	0x99, 0x6A, 0xA2, 0x66, 0x3F, 0xFF, 0xF7, 0xFB, 0xFD, 0xA6, 0x66, 0x66, 0x2A, 0xA6, 0x66, 0xE6, 
	0xAE, 0x56, 0xAA, 0x68, 0x80, 0x88, 0x88, 0x88, 0x08, 0x88, 0x8E, 0x69, 0x59, 0xE6, 0x22, 0xA6, 
	0x65, 0x65, 0x99, 0x88, 0x99, 0x56, 0x65, 0x66, 0x55, 0x56, 0xEE, 0x66, 0x66, 0x89, 0x95, 0x6A, 
	0x65, 0x55, 0x5E, 0xE9, 0x99, 0x89, 0x88, 0x55, 0x55, 0x55, 0x66, 0x55, 0x98, 0x88, 0x55, 0x6A, 
	0xCC, 0xBB, 0xDC, 0xBD, 0xCC, 0xAA, 0xAA, 0x55, 0x98, 0x59, 0x56, 0x56, 0x56, 0x55, 0x55, 0x56, 
	0x66, 0x55, 0x55, 0x69, 0x89, 0x55, 0x55, 0x59, 0x89, 0x95, 0x6A, 0xAA, 0xAA, 0xCC, 0xCB, 0xBC, 
	0xAD, 0xBB, 0xBD, 0xDB, 0xFD, 0xBB, 0xFB, 0xDB, 0xBF, 0xBB, 0xFF, 0xFF, 0x7F, 0xFB, 0xCC, 0xCC, 
	0xA6, 0x9E, 0xEE, 0xAC, 0xCC, 0xAE, 0x96, 0xEE, 0x9A, 0x6E, 0x22, 0x26, 0x6E, 0x24, 0x34, 0x44, 
	0x47, 0xF3, 0x22, 0x24, 0x47, 0x74, 0x34, 0x22, 0x26, 0x62, 0x22, 0x23, 0x32, 0x3B, 0x32, 0x66, 
	0x56, 0x23, 0xCA, 0x6E, 0x59, 0x37, 0x74, 0x36, 0x66, 0x59, 0x95, 0x99, 0x56, 0xAA, 0xE9, 0x6C, 
	0xE9, 0xEA, 0x66, 0xE6, 0x3F, 0xFF, 0xF7, 0xFF, 0xFD, 0xA6, 0x66, 0x66, 0x6A, 0x65, 0x55, 0x66, 
	0xE9, 0x56, 0x2A, 0x68, 0x88, 0x99, 0x88, 0x88, 0x88, 0x99, 0x9E, 0xE9, 0xE5, 0x9A, 0x33, 0x22, 
	0x65, 0x56, 0x98, 0x99, 0x55, 0x56, 0x55, 0x55, 0x65, 0x56, 0xEE, 0x66, 0x55, 0x95, 0x99, 0x66, 
	0x55, 0x59, 0x89, 0x99, 0x95, 0x99, 0x99, 0x65, 0x98, 0x89, 0xE6, 0x65, 0x98, 0x88, 0x99, 0x6C, 
	0xCC, 0xBB, 0xDD, 0xBD, 0xCC, 0xC6, 0xAC, 0x69, 0x98, 0x95, 0x55, 0x56, 0x56, 0x58, 0x55, 0x65, 
	0x59, 0x55, 0x55, 0x58, 0x88, 0x85, 0x99, 0x6E, 0x99, 0x95, 0x6D, 0xDD, 0xDD, 0xBF, 0xDB, 0xDC, 
	0xCB, 0xFB, 0xBF, 0xBF, 0xFD, 0xBD, 0xFB, 0xDF, 0xBD, 0xDB, 0xFF, 0xDB, 0xFF, 0x7F, 0xBB, 0xFB, 
	0xDC, 0xAA, 0xE6, 0xCC, 0xDC, 0xCE, 0x9E, 0x9E, 0x9A, 0xAE, 0x63, 0x25, 0x5E, 0x63, 0x44, 0x44, 
	0x4F, 0x36, 0x66, 0x23, 0x47, 0x77, 0x44, 0x25, 0x62, 0x62, 0x22, 0x23, 0x33, 0x23, 0x36, 0x55, 
	0x59, 0x99, 0x9A, 0xBC, 0xA6, 0x47, 0x43, 0x2A, 0x36, 0x55, 0xE6, 0xE9, 0x9A, 0xAC, 0xA6, 0xAD, 
	0xCA, 0x6A, 0x55, 0x66, 0x6B, 0xBF, 0x77, 0x77, 0xFD, 0xA6, 0x65, 0x56, 0x5E, 0x55, 0x99, 0x6E, 
	0x95, 0x65, 0x66, 0x98, 0x9E, 0x99, 0x80, 0x09, 0x98, 0x65, 0x95, 0x95, 0xA2, 0x56, 0xC2, 0x26, 
	0x65, 0x65, 0x58, 0x8E, 0x65, 0x66, 0x59, 0x99, 0x66, 0xA5, 0xEA, 0x99, 0x55, 0x55, 0x95, 0x65, 
	0x59, 0x55, 0x99, 0x95, 0x66, 0x55, 0x99, 0xE5, 0x58, 0x88, 0x99, 0x99, 0x58, 0x59, 0x55, 0x5C, 
	0xDC, 0xFD, 0xDB, 0xDB, 0xDA, 0xAA, 0xAD, 0xA5, 0x69, 0x56, 0x6E, 0x56, 0x55, 0x98, 0x89, 0x99, 
	0x88, 0x9E, 0x55, 0x59, 0x55, 0x95, 0x55, 0x6E, 0x6E, 0xAA, 0xAD, 0xBB, 0xFF, 0xBF, 0xBB, 0xCD, 
	0xBB, 0xDC, 0xBF, 0xBD, 0xDD, 0xFD, 0xDB, 0xFD, 0xA6, 0xAB, 0xFB, 0xDB, 0xDD, 0xBF, 0xFF, 0xBB, 
	0xBF, 0xFB, 0xAC, 0xDD, 0xBB, 0xAA, 0x98, 0x88, 0x9D, 0xD6, 0xAC, 0x69, 0xE9, 0x64, 0x44, 0x44, 
	0x43, 0x6E, 0xE6, 0x24, 0x77, 0x17, 0x44, 0xA5, 0x22, 0x26, 0x62, 0x22, 0x24, 0x2A, 0x65, 0x65, 
	0x95, 0x80, 0x8C, 0x17, 0x42, 0x74, 0x3A, 0x2D, 0x36, 0x6A, 0xA5, 0xEE, 0xEE, 0xEA, 0xCC, 0xCD, 
	0xBD, 0xCA, 0x55, 0xAE, 0x6F, 0xFF, 0x77, 0x7F, 0xFB, 0xAE, 0xEE, 0x9E, 0x55, 0x66, 0x59, 0x59, 
	0x8E, 0x65, 0x59, 0x9E, 0xE6, 0x99, 0x98, 0x8E, 0xE5, 0x65, 0x55, 0x95, 0xAA, 0x65, 0xE6, 0x66, 
	0x55, 0x55, 0x59, 0x96, 0x55, 0x26, 0x95, 0x55, 0x55, 0x65, 0xE6, 0x98, 0x95, 0xE9, 0x96, 0x65, 
	0x99, 0xEE, 0xE9, 0xE9, 0x55, 0x99, 0x89, 0x56, 0x58, 0x89, 0x88, 0x08, 0x99, 0x95, 0x55, 0x92, 
	0xDD, 0xFB, 0xCD, 0xBD, 0xCC, 0xCA, 0xCB, 0xAE, 0x55, 0x96, 0x65, 0x55, 0x99, 0x88, 0x98, 0x99, 
	0x99, 0x89, 0x95, 0x55, 0x66, 0x56, 0x26, 0xEE, 0xAC, 0xBD, 0xDB, 0xFB, 0xBB, 0xBF, 0xBD, 0xCD, 
	0xFD, 0xCC, 0xCD, 0xDC, 0xCB, 0xFB, 0xCB, 0xBC, 0xE6, 0xAD, 0xFD, 0xDD, 0xDC, 0xDF, 0xFF, 0xFF, 
	0xBF, 0xFF, 0xBD, 0xBB, 0xFF, 0xDA, 0xE8, 0x80, 0x9D, 0xBA, 0xAC, 0x6E, 0x6E, 0x53, 0x74, 0x43, 
	0x26, 0xEC, 0xC6, 0x34, 0x77, 0x77, 0x43, 0x66, 0x6A, 0x33, 0x26, 0xA2, 0x33, 0x26, 0x22, 0x26, 
	0x55, 0xE9, 0x9D, 0x77, 0x44, 0x43, 0x22, 0xCB, 0x32, 0x22, 0xAE, 0x6A, 0xCC, 0xAA, 0xCC, 0xAA, 
	0xDD, 0xCC, 0xAA, 0xCE, 0xAF, 0x7F, 0xF7, 0x7B, 0xBD, 0x6E, 0xEA, 0xE5, 0x5E, 0x66, 0x6E, 0xE8, 
	0x9E, 0xA5, 0x99, 0x5E, 0xEE, 0x55, 0x59, 0x9E, 0xE5, 0xE5, 0x55, 0x56, 0xAA, 0xE9, 0x85, 0x55, 
	0x99, 0x99, 0x59, 0x56, 0x56, 0x25, 0x85, 0x55, 0x99, 0x99, 0xE9, 0x98, 0x85, 0xE9, 0x96, 0xE5, 
	0x99, 0xEE, 0xE9, 0xE8, 0x99, 0x88, 0x88, 0x9E, 0x55, 0x59, 0x88, 0x88, 0x99, 0x95, 0x59, 0x52, 
	0xDB, 0xBD, 0xCC, 0xDC, 0xAC, 0xCA, 0xCD, 0xAE, 0x99, 0x9E, 0xE5, 0x99, 0x88, 0x88, 0xEE, 0x59, 
	0x99, 0x99, 0x55, 0x55, 0x6A, 0xAA, 0x3C, 0xAC, 0xDB, 0xFB, 0xDF, 0xFB, 0xBD, 0xBB, 0xCA, 0xCD, 
	0xBD, 0xCD, 0xCD, 0xDD, 0xDB, 0xFB, 0xCD, 0xDC, 0xCD, 0xDB, 0xBD, 0xDD, 0xDC, 0xDF, 0xBF, 0xFF, 
	0xBF, 0xFF, 0xFB, 0xBB, 0xFB, 0xBC, 0xAC, 0xAE, 0xEB, 0xDA, 0xAA, 0xCC, 0xDA, 0x62, 0x44, 0x33, 
	0x69, 0xAD, 0xD6, 0x34, 0x77, 0x77, 0x32, 0x66, 0x56, 0x34, 0x26, 0x62, 0x33, 0x2A, 0x22, 0x2A, 
	0x2C, 0xBC, 0x6C, 0xF3, 0x34, 0x4B, 0x32, 0xDB, 0x32, 0x22, 0xAA, 0xAA, 0xDD, 0xDA, 0xCC, 0xAE, 
	0xCD, 0xAA, 0xCA, 0xAE, 0xC7, 0xFF, 0xF7, 0x7B, 0xAA, 0xE9, 0xEA, 0xE5, 0x5E, 0x56, 0x66, 0xE5, 
	0x95, 0xA9, 0x99, 0xAA, 0x99, 0x56, 0x65, 0x55, 0x96, 0x55, 0x6E, 0xE6, 0xA6, 0x88, 0x95, 0x95, 
	0x95, 0x88, 0x98, 0x55, 0x96, 0x65, 0x95, 0x98, 0x88, 0x89, 0xE8, 0x99, 0x9E, 0xE8, 0x96, 0x98, 
	0x95, 0xEE, 0xE9, 0x90, 0x08, 0x89, 0x88, 0x89, 0x56, 0x68, 0x88, 0x99, 0x59, 0x95, 0x89, 0x6C, 
	0xCB, 0xDD, 0xCA, 0xCC, 0xAC, 0xCA, 0xCC, 0x6E, 0x88, 0x99, 0x99, 0x98, 0x00, 0x98, 0x9A, 0xEE, 
	0x99, 0xE5, 0x6E, 0x95, 0xEC, 0xCA, 0xCC, 0xDB, 0xBB, 0xBD, 0xDF, 0xBF, 0xDD, 0xBB, 0xAA, 0xDC, 
	0xBB, 0xBD, 0xDB, 0xCB, 0xBB, 0xBB, 0xCD, 0xDB, 0xFF, 0xFB, 0xBB, 0xBD, 0xDC, 0xDF, 0xFF, 0xBF, 
	0xBB, 0xBB, 0xFF, 0xBF, 0xFD, 0xBB, 0xBF, 0xDC, 0xAD, 0xAA, 0xAA, 0xDB, 0xBC, 0xA2, 0x32, 0x22, 
	0x66, 0xAC, 0xCA, 0x47, 0x77, 0x7F, 0x26, 0x25, 0x99, 0x2F, 0x26, 0x66, 0x22, 0x62, 0x62, 0x22, 
	0x44, 0x74, 0x32, 0x32, 0x23, 0x77, 0x42, 0x2C, 0xCC, 0x66, 0x23, 0x22, 0xCC, 0xD6, 0xAC, 0xAA, 
	0xCC, 0x6E, 0xAE, 0xE5, 0x37, 0xBB, 0x77, 0x7D, 0x6E, 0x99, 0xEE, 0xEE, 0x99, 0xE6, 0xAA, 0x66, 
	0x56, 0x65, 0x95, 0xCD, 0x69, 0x62, 0xA6, 0x69, 0x95, 0x65, 0x5A, 0xAA, 0xE9, 0x89, 0x69, 0x95, 
	0x59, 0x80, 0x88, 0x89, 0x55, 0x55, 0x98, 0x88, 0x88, 0x08, 0x98, 0x88, 0x9A, 0x69, 0x89, 0x98, 
	0x95, 0x99, 0x99, 0x98, 0x88, 0x8E, 0x99, 0x99, 0x56, 0x98, 0x89, 0x65, 0x55, 0x59, 0x85, 0xAD, 
	0xC4, 0xDB, 0xCA, 0xAA, 0xAC, 0x6A, 0xDD, 0xE9, 0x88, 0x99, 0x98, 0x89, 0x88, 0x98, 0x9A, 0xE5, 
	0x9E, 0x66, 0x59, 0x9E, 0xEC, 0xAD, 0xDC, 0xDF, 0xFD, 0xCD, 0xDD, 0xDB, 0xCD, 0xDB, 0xBB, 0xBC, 
	0xCD, 0xDB, 0xFD, 0xCB, 0xFD, 0xDB, 0xDF, 0xFF, 0xFF, 0xFF, 0xBB, 0xBF, 0xFD, 0xBB, 0xFF, 0xBB, 
	0xBB, 0xBB, 0xFB, 0xFF, 0xFD, 0xDB, 0xFB, 0xBB, 0xBD, 0xAC, 0xDA, 0xCC, 0xDC, 0xD2, 0x22, 0x6A, 
	0xCC, 0xAD, 0xD3, 0x77, 0x43, 0x4C, 0x55, 0x58, 0x56, 0x63, 0x22, 0x26, 0x63, 0x22, 0x66, 0x2A, 
	0x47, 0x44, 0x43, 0xA6, 0x24, 0x17, 0x42, 0x66, 0xA2, 0xA5, 0x62, 0x22, 0x66, 0xEE, 0x6A, 0xCD, 
	0x3A, 0xAE, 0x55, 0x5E, 0xD7, 0xFF, 0x17, 0x7B, 0xCA, 0x5E, 0x99, 0x99, 0x88, 0x9E, 0xE5, 0x5A, 
	0x55, 0x59, 0x99, 0xA3, 0x26, 0x62, 0x66, 0x59, 0x89, 0x66, 0x56, 0x6E, 0x89, 0x95, 0x69, 0x95, 
	0x59, 0x90, 0x08, 0x96, 0x59, 0x95, 0x98, 0x95, 0x98, 0x00, 0x08, 0x89, 0x56, 0x59, 0x88, 0x99, 
	0xE9, 0x88, 0x99, 0xE5, 0x99, 0xEE, 0x99, 0x55, 0x95, 0x99, 0x9E, 0xE6, 0x55, 0x65, 0x99, 0x6D, 
	0xDB, 0xBD, 0xCA, 0xCA, 0xAA, 0xEA, 0xCD, 0xE8, 0x89, 0x6E, 0x98, 0x9E, 0x59, 0xE9, 0x9E, 0xEC, 
	0xAA, 0xA6, 0x98, 0xEA, 0xDD, 0xCD, 0xCC, 0xBB, 0xBB, 0xCC, 0xDC, 0xDB, 0xCD, 0xDB, 0xFB, 0xDD, 
	0xDC, 0xDF, 0xFD, 0xCD, 0xBC, 0xCD, 0xDB, 0x7F, 0xBB, 0xBB, 0xBF, 0xBB, 0xBD, 0xFB, 0xBB, 0xDD, 
	0xBB, 0xFB, 0xBB, 0xFF, 0xBB, 0xDB, 0xFB, 0xBB, 0xBB, 0xCC, 0xBD, 0xCA, 0xAA, 0xC2, 0x66, 0x2D, 
	0xCC, 0x33, 0x44, 0x4B, 0x22, 0x26, 0x55, 0x98, 0x52, 0x22, 0x4F, 0x32, 0x23, 0x3A, 0x22, 0x23, 
	0x44, 0x43, 0x34, 0x22, 0x34, 0x77, 0x32, 0x26, 0x2A, 0x26, 0x56, 0x22, 0x66, 0x56, 0x66, 0xA3, 
	0x26, 0x22, 0x66, 0x66, 0xCF, 0xFF, 0x77, 0x7B, 0xBA, 0x6A, 0x66, 0x6E, 0x88, 0x89, 0x98, 0x96, 
	0x59, 0x98, 0x89, 0x62, 0x36, 0x62, 0x66, 0x59, 0x95, 0x62, 0x65, 0x56, 0xEE, 0xAA, 0x69, 0x55, 
	0x59, 0x90, 0x08, 0xE6, 0x59, 0x89, 0x98, 0x95, 0x98, 0x00, 0x08, 0x95, 0x5E, 0x59, 0x99, 0x95, 
	0xE9, 0x88, 0x95, 0xE6, 0x59, 0xE9, 0x99, 0x99, 0x9E, 0xE9, 0x66, 0xE6, 0x99, 0x65, 0x99, 0xAB, 
	0xBD, 0xBC, 0xCC, 0xCA, 0xAA, 0x66, 0x6A, 0xE8, 0x8E, 0xAE, 0x89, 0x6E, 0x6E, 0xA6, 0x59, 0xED, 
	0xC6, 0xA6, 0x9E, 0xAC, 0xBB, 0xCB, 0xDC, 0xBB, 0xDB, 0xDD, 0xDD, 0xBB, 0xDD, 0xBB, 0xFB, 0xBB, 
	0xDC, 0xDB, 0xBD, 0xCD, 0xDD, 0xCC, 0xCD, 0xFF, 0xBD, 0xDD, 0xBF, 0xBC, 0xDD, 0xBB, 0xBC, 0xCD, 
	0xBB, 0xFB, 0xDB, 0xFF, 0xDB, 0xBB, 0xFB, 0xDB, 0xDF, 0xCA, 0xDB, 0xDC, 0xA2, 0x22, 0x63, 0x7F, 
	0xC2, 0x43, 0x44, 0x42, 0x22, 0xA6, 0x65, 0x99, 0xE2, 0x33, 0x77, 0x44, 0x33, 0x33, 0xB3, 0x33, 
	0x44, 0x43, 0x34, 0x33, 0x34, 0x77, 0x32, 0x23, 0x22, 0x23, 0x2A, 0x22, 0x2A, 0x66, 0x66, 0x62, 
	0x26, 0x23, 0xA6, 0x66, 0xCB, 0xBF, 0xB7, 0x7B, 0xDA, 0xCA, 0xAA, 0xA6, 0x6E, 0xE5, 0x9E, 0xEE, 
	0x99, 0x59, 0x89, 0x66, 0x26, 0x66, 0x65, 0x65, 0x56, 0x56, 0x65, 0x6C, 0xA6, 0xCC, 0x6E, 0x66, 
	0x69, 0x80, 0x88, 0xEE, 0x99, 0x99, 0x98, 0x88, 0x88, 0x08, 0x89, 0x96, 0x69, 0x95, 0x99, 0x55, 
	0x99, 0x99, 0x95, 0x66, 0xEE, 0xE9, 0x99, 0x88, 0xED, 0xA9, 0xAA, 0x55, 0x89, 0xE6, 0x55, 0xCB, 
	0xBD, 0xBC, 0xCD, 0xAC, 0xCE, 0xAE, 0x99, 0x69, 0x9A, 0xAE, 0x9E, 0xAE, 0xAA, 0xCA, 0x6E, 0x6C, 
	0xAE, 0xEE, 0x6C, 0xDD, 0xBB, 0xCB, 0xBB, 0xDD, 0xDB, 0xBD, 0xDB, 0xFB, 0xDC, 0xFB, 0xBB, 0xFF, 
	0xBC, 0xBB, 0xDD, 0xCD, 0xDB, 0xDA, 0xAC, 0xDB, 0xBC, 0xCD, 0xBB, 0xDA, 0xCB, 0xBD, 0xBC, 0xDB, 
	0xFF, 0xBD, 0xCB, 0xFB, 0xCB, 0xFF, 0xFF, 0xBB, 0xCB, 0xAE, 0xC4, 0xFB, 0xC3, 0x22, 0xA4, 0x17, 
	0x23, 0x33, 0x44, 0x33, 0x33, 0x32, 0x66, 0x65, 0x6A, 0x34, 0x77, 0x74, 0x33, 0x34, 0x74, 0x44, 
	0x33, 0x43, 0x23, 0x44, 0x44, 0x77, 0x32, 0x34, 0x32, 0x24, 0x42, 0x66, 0x2A, 0xA6, 0x26, 0x26, 
	0x66, 0x52, 0x22, 0x66, 0xBC, 0xD7, 0xBF, 0x7D, 0xAA, 0xCE, 0xA6, 0xEA, 0xCA, 0xA6, 0x6A, 0xAA, 
	0x95, 0x65, 0x85, 0x2A, 0x55, 0x65, 0x56, 0x66, 0x66, 0x55, 0x65, 0x6A, 0xA6, 0x6A, 0x2A, 0x66, 
	0x58, 0x00, 0x08, 0x99, 0x95, 0x66, 0x69, 0x80, 0x88, 0x88, 0x96, 0x59, 0x98, 0x85, 0x99, 0x99, 
	0x88, 0x55, 0x95, 0x66, 0x66, 0xAA, 0x98, 0x89, 0xAF, 0xA9, 0xEA, 0xE9, 0x95, 0x55, 0x96, 0xDD, 
	0xCD, 0xDC, 0xDC, 0xAA, 0xAE, 0xA5, 0x9E, 0x99, 0x9E, 0xEE, 0xEA, 0x66, 0xAC, 0xCA, 0xCA, 0xAA, 
	0xEE, 0xEA, 0xDB, 0xBD, 0xDD, 0xCB, 0xFB, 0xBB, 0xDF, 0xDD, 0xBF, 0xFB, 0xDC, 0xBB, 0xDB, 0xBB, 
	0xFD, 0xDF, 0xDD, 0xCD, 0xBF, 0xFC, 0xAD, 0xDD, 0xFD, 0xBB, 0xDD, 0xCC, 0xBF, 0xBB, 0xBD, 0xBF, 
	0xBB, 0xFB, 0xDF, 0xFD, 0xBD, 0xDD, 0xBF, 0xFD, 0xAD, 0xAE, 0xDD, 0xBF, 0x32, 0x43, 0x37, 0x74, 
	0x23, 0x34, 0x77, 0x44, 0x33, 0x43, 0x62, 0x36, 0x22, 0x63, 0x44, 0x43, 0x22, 0x34, 0x44, 0x43, 
	0x33, 0x22, 0x34, 0x47, 0x44, 0x43, 0x22, 0x2C, 0x2A, 0x34, 0x32, 0x65, 0x56, 0xC2, 0x62, 0x26, 
	0x62, 0x56, 0xA3, 0x2A, 0x4D, 0xDF, 0xF7, 0xBC, 0xCC, 0xAE, 0x55, 0x5E, 0xEE, 0x6C, 0xCC, 0xDD, 
	0x95, 0x65, 0x56, 0x26, 0x55, 0x59, 0x55, 0x56, 0x65, 0x55, 0x55, 0x56, 0xE5, 0x66, 0x66, 0x65, 
	0x98, 0x88, 0x9E, 0x98, 0x85, 0x6A, 0xAE, 0x88, 0x88, 0x88, 0x56, 0x98, 0x88, 0x95, 0x99, 0x88, 
	0x95, 0x59, 0x55, 0x6A, 0x6E, 0xAA, 0x98, 0x89, 0x6D, 0x69, 0xE6, 0xE9, 0xE9, 0x99, 0x9A, 0xBC, 
	0xDC, 0xCD, 0xCC, 0xCA, 0x66, 0x6E, 0xE9, 0x99, 0x99, 0x95, 0xEE, 0x5E, 0x6A, 0xAA, 0xAA, 0x6A, 
	0xCC, 0xAC, 0xBB, 0xBD, 0xDB, 0xDB, 0xFB, 0xDD, 0xDB, 0xBB, 0xFB, 0xBD, 0xCC, 0xBD, 0xDD, 0xDD, 
	0xBB, 0xDB, 0xBB, 0xCB, 0xFF, 0xBB, 0xBB, 0xBD, 0xBB, 0xFB, 0xDD, 0xDD, 0xBB, 0xBB, 0xBD, 0xFB, 
	0xFD, 0xDD, 0xDB, 0xBB, 0xFD, 0xCD, 0xBF, 0xBD, 0xCA, 0x6A, 0xCA, 0x3B, 0x33, 0xBB, 0xF7, 0x43, 
	0x33, 0x44, 0x44, 0x44, 0x33, 0x34, 0x2A, 0x22, 0x66, 0x62, 0x3F, 0x4A, 0x22, 0x34, 0x44, 0x44, 
	0x32, 0x22, 0x23, 0x77, 0x43, 0x32, 0x66, 0x66, 0x22, 0x33, 0x33, 0x42, 0x66, 0xAA, 0x62, 0x26, 
	0x66, 0x66, 0x22, 0xAA, 0xFF, 0xBF, 0x77, 0xBC, 0xCC, 0xE9, 0x5E, 0x65, 0x55, 0x56, 0xA6, 0xAA, 
	0x99, 0x66, 0x66, 0x65, 0x55, 0x59, 0x59, 0x56, 0x55, 0x55, 0x55, 0x56, 0x55, 0x66, 0x65, 0x55, 
	0x59, 0x95, 0x6C, 0x90, 0x89, 0xE6, 0xA6, 0xE5, 0x99, 0x98, 0x55, 0x88, 0x88, 0x55, 0x55, 0x98, 
	0xE6, 0x98, 0x55, 0x6A, 0x69, 0x96, 0x99, 0x99, 0x99, 0x99, 0xE9, 0x99, 0x98, 0x09, 0xEC, 0xDD, 
	0xDC, 0xCD, 0xCC, 0xCA, 0x66, 0x6E, 0xE9, 0x99, 0x98, 0x89, 0x59, 0x9E, 0xE6, 0x6A, 0xAA, 0xCD, 
	0xBD, 0xDD, 0xBB, 0xBD, 0xDD, 0xBD, 0xBB, 0xDC, 0xBB, 0xBF, 0xFD, 0xBD, 0xCC, 0xBD, 0xDD, 0xDD, 
	0xDB, 0xDB, 0xFB, 0xCB, 0xFB, 0xBB, 0xBF, 0xFB, 0xDB, 0xFB, 0xBF, 0xBB, 0xBB, 0xDB, 0xBD, 0xBB, 
	0xBA, 0xAC, 0xCD, 0xBB, 0xBD, 0xDD, 0xBF, 0xDD, 0xDA, 0xEA, 0xAD, 0x3C, 0x33, 0xDF, 0x77, 0x43, 
	0x33, 0x44, 0x44, 0x44, 0x34, 0x34, 0x26, 0x66, 0x66, 0x23, 0x34, 0x36, 0x22, 0x34, 0x44, 0x44, 
	0x32, 0x22, 0x22, 0x77, 0x33, 0x22, 0x66, 0x66, 0x23, 0x33, 0x24, 0x73, 0x32, 0xAA, 0x62, 0x26, 
	0x55, 0x66, 0x2A, 0x6C, 0xF7, 0xFF, 0xF7, 0xBC, 0xAC, 0xE5, 0x56, 0x66, 0x59, 0x95, 0x6E, 0x95, 
	0x59, 0x56, 0x65, 0x55, 0x65, 0x59, 0x95, 0x55, 0x59, 0x55, 0x66, 0x95, 0x55, 0x25, 0x55, 0x99, 
	0x65, 0x56, 0xAD, 0x98, 0x99, 0x99, 0xE5, 0xA6, 0x55, 0x59, 0x99, 0x88, 0x98, 0x59, 0x56, 0x99, 
	0x65, 0x88, 0x95, 0x6A, 0x68, 0x88, 0x9E, 0xE8, 0x89, 0x99, 0xE8, 0x08, 0x88, 0x89, 0xAD, 0xCB, 
	0xDA, 0xCC, 0xCA, 0xAC, 0xAE, 0xAE, 0x98, 0x88, 0x89, 0x99, 0x99, 0x99, 0x95, 0x9E, 0xEA, 0xBB, 
	0xDB, 0xBB, 0xFD, 0xBB, 0xBD, 0xBD, 0xCF, 0xBC, 0xBD, 0xCB, 0xBB, 0xBD, 0xCC, 0xBD, 0xDD, 0xBD, 
	0xDF, 0xDB, 0xFF, 0xDD, 0xFD, 0xDB, 0xDD, 0xFB, 0xDF, 0xBB, 0xF7, 0xFF, 0xBD, 0xDF, 0xDD, 0xBB, 
	0xDA, 0xAA, 0x6A, 0xBD, 0xCC, 0xBD, 0xBF, 0xCC, 0xDC, 0x6A, 0xDF, 0xDC, 0xCC, 0xBB, 0x74, 0x32, 
	0x22, 0x47, 0x43, 0x34, 0x33, 0x43, 0x26, 0x66, 0x62, 0x34, 0x32, 0x26, 0x22, 0x23, 0x47, 0x43, 
	0x32, 0x33, 0x23, 0x47, 0x32, 0x22, 0x2A, 0x66, 0x34, 0x44, 0x34, 0x44, 0x43, 0xA6, 0x66, 0x66, 
	0x66, 0x62, 0x66, 0x5C, 0xB7, 0x7B, 0xDF, 0xFB, 0xCA, 0x66, 0x55, 0xAA, 0x59, 0x55, 0x6A, 0x99, 
	0x96, 0x56, 0x55, 0x55, 0x59, 0x65, 0x55, 0x98, 0x89, 0x99, 0x6A, 0x95, 0xE9, 0x55, 0x99, 0x85, 
	0x55, 0x65, 0x5E, 0x88, 0x59, 0x89, 0x96, 0x65, 0x95, 0x55, 0x99, 0x98, 0x98, 0x88, 0x59, 0x89, 
	0x98, 0x85, 0x55, 0x56, 0x65, 0x88, 0x89, 0x99, 0x88, 0x88, 0x90, 0x88, 0x99, 0xEE, 0xAD, 0xCD, 
	0xCC, 0xCA, 0xC6, 0xAA, 0xAE, 0xEE, 0x98, 0x80, 0x8E, 0xAE, 0x9E, 0xEE, 0x9E, 0xEE, 0xCB, 0xFB, 
	0xDB, 0xDF, 0xFB, 0xDC, 0xDB, 0xFB, 0xBB, 0xDD, 0xDD, 0xCD, 0xBF, 0xDC, 0xDB, 0xDD, 0xDB, 0xDC, 
	0xF7, 0xDD, 0xDB, 0xBB, 0xDD, 0xDB, 0xDC, 0xBD, 0xDF, 0xBF, 0xFF, 0xFB, 0xFB, 0xBD, 0xCB, 0xFB, 
	0xBC, 0xCC, 0xAC, 0xDB, 0xDC, 0xBC, 0xDB, 0xDA, 0xAB, 0xAC, 0xBF, 0xBF, 0xBC, 0xCB, 0x44, 0x22, 
	0x22, 0x34, 0x42, 0x23, 0x43, 0x32, 0x22, 0x22, 0x22, 0x34, 0xF2, 0x66, 0x62, 0x34, 0x44, 0x42, 
	0x22, 0x33, 0x34, 0x44, 0x32, 0x22, 0x26, 0x62, 0x22, 0x23, 0x33, 0x34, 0x43, 0xC6, 0xAE, 0x55, 
	0x55, 0x56, 0xE6, 0x6C, 0xBF, 0xFF, 0xDD, 0xB3, 0x26, 0x66, 0x66, 0x6A, 0x6E, 0x65, 0x66, 0xEE, 
	0x66, 0x55, 0x55, 0x69, 0x99, 0x59, 0x99, 0x80, 0x85, 0x95, 0x5E, 0x55, 0x55, 0xE6, 0x99, 0x99, 
	0x55, 0x55, 0x88, 0x95, 0xE5, 0x89, 0xE5, 0x99, 0x95, 0x56, 0x5E, 0x98, 0x88, 0x88, 0x98, 0x88, 
	0x98, 0x85, 0x56, 0x69, 0x56, 0xE9, 0x88, 0x88, 0x88, 0x88, 0x89, 0xE6, 0x6C, 0xAE, 0xCC, 0xDC, 
	0xCC, 0xCC, 0xAA, 0xCC, 0xAE, 0xE9, 0x99, 0x90, 0x8E, 0xAE, 0x89, 0xEA, 0xAA, 0xCC, 0xDF, 0xBB, 
	0xDD, 0xBF, 0xBD, 0xCC, 0xDF, 0xBD, 0xBD, 0xCC, 0xDC, 0xDB, 0xBB, 0xDC, 0xDB, 0xBB, 0xBD, 0xCC, 
	0xBF, 0xDD, 0xDD, 0xBF, 0xBD, 0xBF, 0xBD, 0xBD, 0xDF, 0xBB, 0x7F, 0x7B, 0xFD, 0xBD, 0xCD, 0xBB, 
	0xFF, 0xBD, 0xBD, 0xBB, 0xBC, 0xCD, 0xBD, 0xBA, 0x6F, 0xBB, 0xFB, 0xF7, 0xFD, 0xCD, 0xBB, 0xD3, 
	0xC2, 0x23, 0x32, 0x22, 0x33, 0x33, 0x22, 0x22, 0x32, 0x33, 0x43, 0x65, 0x52, 0x43, 0x34, 0x42, 
	0x2A, 0x22, 0x34, 0x44, 0x33, 0x22, 0x22, 0x66, 0x66, 0x22, 0x22, 0x23, 0x33, 0x3A, 0xAA, 0x6E, 
	0x66, 0x66, 0xAA, 0x6C, 0xDD, 0xBF, 0xBB, 0xBB, 0xA5, 0x6A, 0x65, 0x56, 0xAA, 0x65, 0x55, 0x56, 
	0x66, 0x55, 0x55, 0x69, 0x88, 0x88, 0x98, 0x88, 0x89, 0x55, 0x99, 0x55, 0x55, 0x66, 0x56, 0x55, 
	0x55, 0x59, 0x59, 0xE6, 0xA6, 0x99, 0x59, 0x08, 0x55, 0x56, 0x66, 0x98, 0x88, 0x88, 0x80, 0x08, 
	0x59, 0x56, 0x56, 0xE9, 0x56, 0xEE, 0x98, 0x88, 0x99, 0xEE, 0xEE, 0x6A, 0xAC, 0xAE, 0xCC, 0xDC, 
	0xCC, 0xCC, 0xAA, 0xCC, 0xA6, 0x69, 0x99, 0x98, 0x8E, 0xAE, 0x88, 0x9A, 0xCC, 0xDD, 0xBF, 0xBB, 
	0xDD, 0xBF, 0xDC, 0xDD, 0xBB, 0xDD, 0xBD, 0xCC, 0xDD, 0xDD, 0xDB, 0xDD, 0xDB, 0xBB, 0xFD, 0xDB, 
	0xDF, 0xDC, 0xCD, 0xBB, 0xBC, 0xBF, 0xDB, 0xBD, 0xBF, 0xBD, 0xFF, 0xFB, 0xBC, 0xDB, 0xDD, 0xBB, 
	0xF7, 0xBB, 0xFB, 0xBB, 0xBD, 0xAD, 0xBC, 0xBE, 0x6F, 0xFF, 0xFF, 0xFF, 0x7B, 0xCB, 0xBB, 0xD3, 
	0xDC, 0x23, 0x32, 0x22, 0x33, 0x34, 0x22, 0x22, 0x33, 0x32, 0x33, 0xC6, 0x62, 0x33, 0x33, 0x32, 
	0x2A, 0x22, 0x34, 0x44, 0x33, 0x22, 0x22, 0xA6, 0x66, 0x66, 0x62, 0x22, 0x32, 0x3C, 0xAA, 0xAA, 
	0xAA, 0xAA, 0xCC, 0x6C, 0xDD, 0xDB, 0xF4, 0xBB, 0xA5, 0x66, 0x59, 0x5E, 0xAA, 0x66, 0x99, 0x5A, 
	0x66, 0x55, 0x55, 0x65, 0x98, 0x88, 0x88, 0x89, 0x89, 0x56, 0x59, 0x56, 0x55, 0x65, 0x5A, 0x65, 
	0x66, 0x59, 0x6E, 0xEA, 0xCA, 0x99, 0x80, 0x08, 0x69, 0x95, 0x66, 0x99, 0x59, 0x99, 0x88, 0x08, 
	0x99, 0x6A, 0x65, 0x95, 0x96, 0x5E, 0xE9, 0x99, 0xEE, 0xAA, 0xAE, 0xAA, 0xAA, 0xEE, 0xCC, 0xCC, 
	0xCD, 0xCA, 0xCC, 0xCA, 0xEA, 0xA9, 0x98, 0x98, 0x89, 0xE9, 0x55, 0xEC, 0xDB, 0xDD, 0xDB, 0xDB, 
	0xDC, 0xDF, 0xBD, 0xBB, 0xBD, 0xCD, 0xBC, 0xCD, 0xBF, 0xDA, 0xAC, 0xCC, 0xDB, 0xBF, 0xFB, 0xBF, 
	0xDF, 0xBA, 0xAB, 0xBD, 0xDC, 0xFB, 0xCB, 0xDB, 0xFF, 0xBD, 0xBB, 0xBD, 0xCC, 0xCB, 0xFB, 0xDD, 
	0xF7, 0xBD, 0xFB, 0xBF, 0xBC, 0xAD, 0xBA, 0xC9, 0xEF, 0xFF, 0xB7, 0x7B, 0xFD, 0xCF, 0xBD, 0xCB, 
	0xBB, 0x22, 0x22, 0x33, 0x33, 0x47, 0x22, 0x33, 0x33, 0x33, 0x33, 0x42, 0x22, 0x23, 0x32, 0x22, 
	0x22, 0x23, 0x43, 0x44, 0x43, 0x22, 0xA3, 0x26, 0x62, 0x66, 0x62, 0xC2, 0x23, 0xDD, 0xCA, 0xCC, 
	0xCC, 0xCC, 0x3D, 0xCC, 0xB3, 0xBD, 0xFF, 0xDB, 0xA6, 0x55, 0x55, 0x59, 0xE6, 0xAA, 0x65, 0xEC, 
	0x56, 0x66, 0xE6, 0x59, 0x88, 0x99, 0x88, 0x08, 0x9E, 0x69, 0x58, 0x96, 0x59, 0x99, 0x56, 0x56, 
	0x55, 0x65, 0x5E, 0x56, 0xEE, 0xE9, 0x98, 0x88, 0xE9, 0x55, 0x55, 0x96, 0xA6, 0xE9, 0x99, 0x80, 
	0x89, 0x95, 0x69, 0x55, 0x96, 0x5E, 0xEE, 0xEE, 0xAA, 0xCC, 0xE9, 0xEE, 0xE9, 0x9A, 0xCB, 0xDC, 
	0xCC, 0xCC, 0xCC, 0xA6, 0xE6, 0xA9, 0x89, 0xE9, 0x99, 0xEE, 0xAA, 0xDB, 0xBD, 0xCB, 0xBD, 0xDD, 
	0xDC, 0xCD, 0xBB, 0xBD, 0xDB, 0xCB, 0xFD, 0xBB, 0xDB, 0xBA, 0xE6, 0xAD, 0xFF, 0xBB, 0xFF, 0xFF, 
	0xDD, 0xDD, 0xCF, 0xFD, 0xCC, 0xBD, 0xDF, 0xDB, 0xBF, 0xFB, 0xDF, 0xCC, 0xAC, 0xCB, 0xFD, 0xCD, 
	0xDB, 0xDD, 0xBF, 0xFB, 0xBD, 0xCD, 0xDA, 0xA9, 0xEB, 0xBB, 0xBF, 0xFF, 0xBC, 0xAF, 0xBC, 0xDB, 
	0xFB, 0xAA, 0x44, 0x22, 0x44, 0x73, 0x65, 0x63, 0x33, 0x44, 0x34, 0x4A, 0x22, 0x23, 0x22, 0x22, 
	0x22, 0xA3, 0x33, 0x44, 0x32, 0x26, 0x22, 0x26, 0x22, 0x62, 0x26, 0xAA, 0xA3, 0x3C, 0xC6, 0x6A, 
	0xCC, 0xAA, 0xDB, 0xDB, 0xFB, 0xBB, 0xBD, 0xDD, 0xCA, 0xA6, 0x5E, 0xAE, 0xEA, 0x62, 0x36, 0x6A, 
	0x95, 0x65, 0x95, 0x98, 0x99, 0xEE, 0x98, 0x09, 0x9E, 0x59, 0x58, 0x95, 0x99, 0x89, 0x66, 0x55, 
	0x55, 0x55, 0xE5, 0x95, 0x95, 0x66, 0xA9, 0x99, 0x55, 0x95, 0x5E, 0xE6, 0x65, 0x5E, 0xEE, 0x98, 
	0x89, 0x95, 0x55, 0x66, 0x66, 0x6E, 0xEE, 0xEE, 0xE6, 0xA6, 0x69, 0x9E, 0xE9, 0x96, 0xCD, 0xCC, 
	0xCC, 0xCC, 0xAC, 0xAA, 0xAA, 0x69, 0x96, 0xEE, 0xEE, 0xEA, 0xDD, 0xDB, 0xFB, 0xBB, 0xCD, 0xCD, 
	0xDD, 0xDD, 0xDD, 0xBB, 0xDB, 0xDB, 0xBB, 0xBB, 0xDB, 0xDC, 0xAA, 0xCB, 0xFF, 0xFB, 0x7F, 0xFF, 
	0xDC, 0xCB, 0xDB, 0xBB, 0xCD, 0xFB, 0xBB, 0xDD, 0xDF, 0xFB, 0xDD, 0xAD, 0xBB, 0xFB, 0xDC, 0xDD, 
	0xAD, 0xDD, 0xDB, 0xBF, 0xFB, 0xBF, 0xFD, 0xCD, 0xCB, 0xBB, 0xBB, 0xBB, 0xBD, 0xDF, 0xBC, 0xCB, 
	0xBB, 0xCD, 0xFF, 0xA6, 0x37, 0xBA, 0x55, 0x5A, 0xA2, 0x33, 0x33, 0x43, 0x22, 0x22, 0x23, 0x22, 
	0x22, 0x23, 0x43, 0x43, 0x22, 0xA2, 0x2A, 0x22, 0x33, 0x23, 0x32, 0xCD, 0xA2, 0xCC, 0xDC, 0xAA, 
	0xAC, 0xA6, 0xCC, 0xD4, 0xBB, 0xF4, 0xBD, 0xCD, 0xCC, 0xC6, 0xEA, 0x6A, 0xAC, 0x6A, 0xD6, 0x66, 
	0x99, 0x55, 0x88, 0x98, 0x99, 0xEE, 0x98, 0x89, 0x99, 0x89, 0x98, 0x89, 0x99, 0x89, 0x6E, 0x58, 
	0x99, 0x99, 0x55, 0x99, 0x99, 0x6A, 0xC6, 0x55, 0x55, 0x55, 0x66, 0x66, 0x59, 0x5E, 0xEE, 0xEE, 
	0x99, 0x55, 0x56, 0xA6, 0xAA, 0x66, 0xEE, 0xE5, 0x9E, 0xE9, 0xA9, 0xE6, 0xE9, 0x86, 0xCD, 0xCC, 
	0xCC, 0xDA, 0xAC, 0xAA, 0xAA, 0x69, 0x9A, 0xEE, 0xEA, 0xAC, 0xBB, 0xDB, 0xFF, 0xFB, 0xCD, 0xDD, 
	0xDD, 0xBD, 0xCD, 0xBB, 0xDB, 0xBB, 0xDB, 0xBD, 0xDB, 0xDC, 0xCB, 0xDF, 0xFF, 0xFF, 0x7F, 0xBF, 
	0xBB, 0xDD, 0xDD, 0xBD, 0xDB, 0xFF, 0xBB, 0xDD, 0xBB, 0xBD, 0xDC, 0xCD, 0xFF, 0xFB, 0xCC, 0xBC, 
	0xCB, 0xCC, 0xDD, 0xBB, 0xFB, 0xBF, 0x7B, 0xBF, 0xBB, 0xBF, 0xBD, 0xDB, 0xBB, 0xFF, 0xBA, 0xCB, 
	0xBF, 0xBB, 0xFF, 0x69, 0x2B, 0xA9, 0x56, 0xA5, 0x52, 0x66, 0x23, 0x43, 0x22, 0x26, 0x23, 0x22, 
	0x22, 0x23, 0x44, 0x43, 0x32, 0x23, 0x2A, 0x23, 0x33, 0x34, 0x33, 0xCD, 0xCC, 0xCC, 0xBD, 0xCA, 
	0xAC, 0xAA, 0xAA, 0xD4, 0xBB, 0x74, 0xBB, 0xBB, 0xCC, 0xCA, 0xEA, 0xAC, 0xDC, 0x56, 0xC6, 0x66, 
	0x98, 0x89, 0x08, 0x99, 0x99, 0xE9, 0x80, 0x85, 0x99, 0x88, 0x89, 0x88, 0x88, 0x89, 0x59, 0x88, 
	0x88, 0x88, 0x8E, 0xE9, 0x59, 0x5A, 0xCA, 0xE6, 0x66, 0x55, 0x6A, 0xA5, 0x99, 0x6E, 0xE9, 0xEC, 
	0x55, 0x66, 0x56, 0x66, 0xAA, 0xAA, 0xE9, 0x88, 0x9E, 0x9E, 0xAE, 0xAA, 0x98, 0x9A, 0xDD, 0xDD, 
	0xCC, 0xDC, 0xAC, 0x6A, 0x6A, 0xEE, 0xEA, 0x66, 0x6C, 0xDD, 0xBF, 0xDD, 0xBF, 0x7B, 0xDB, 0xBB, 
	0xDD, 0xBB, 0xAC, 0xDD, 0xDD, 0xDD, 0xBF, 0xFD, 0xDF, 0xDD, 0xBF, 0xBB, 0xFF, 0xFF, 0xFB, 0xDB, 
	0xFF, 0xFD, 0xCC, 0xDC, 0xBB, 0xFB, 0xBF, 0xDB, 0xFD, 0xDD, 0xCD, 0xBB, 0xBF, 0xBF, 0xDD, 0xBD, 
	0xBF, 0xCD, 0xCC, 0xDD, 0xFD, 0xDD, 0x7B, 0xFF, 0xBD, 0xFF, 0xFD, 0xCF, 0xBB, 0x7F, 0xBC, 0xDF, 
	0xBB, 0xFF, 0xBB, 0xE9, 0x56, 0x95, 0x52, 0x36, 0xA3, 0x55, 0x62, 0x34, 0x32, 0x66, 0x62, 0x33, 
	0x23, 0x33, 0x37, 0x74, 0x43, 0x34, 0x32, 0x24, 0x44, 0x47, 0x33, 0xCD, 0xBC, 0xA2, 0x3B, 0xBC, 
	0xCC, 0xCC, 0xCA, 0xBB, 0xD4, 0xFB, 0xDB, 0xFD, 0xCA, 0xDA, 0x6A, 0xAD, 0xDA, 0x6A, 0xAA, 0xCA, 
	0x99, 0x88, 0x88, 0x9E, 0xE9, 0x98, 0x80, 0x89, 0x95, 0x89, 0xE6, 0x98, 0x00, 0x85, 0x98, 0x00, 
	0x09, 0x98, 0x89, 0x55, 0xE5, 0x66, 0x65, 0x95, 0x6A, 0x69, 0x95, 0x55, 0x99, 0xAA, 0x5E, 0xAA, 
	0x66, 0x66, 0x65, 0xEE, 0x59, 0xEA, 0x98, 0x89, 0xEE, 0xEA, 0xEA, 0xCE, 0x99, 0xEC, 0xCC, 0xDD, 
	0xCC, 0xCC, 0xAC, 0xAA, 0xC6, 0xEE, 0xAC, 0xCC, 0xAB, 0xFF, 0xBD, 0xBB, 0xFF, 0xBB, 0xDB, 0xFF, 
	0xBB, 0xBB, 0xDA, 0xCB, 0xCC, 0xCC, 0xBB, 0xDD, 0xDF, 0xDF, 0xBB, 0xBD, 0xDB, 0xFB, 0xDD, 0xDF, 
	0xBD, 0xFD, 0xCC, 0xDA, 0xDF, 0xFF, 0xBB, 0xBF, 0xBD, 0xBF, 0xBD, 0xFF, 0xBB, 0xDD, 0xCD, 0xBB, 
	0xFF, 0xCB, 0xBC, 0xBB, 0xBD, 0xCD, 0xFB, 0xFB, 0xFC, 0xCD, 0xCD, 0xCB, 0xBD, 0xBB, 0xFF, 0xBB, 
	0xBB, 0xDD, 0xBD, 0xE8, 0x55, 0x52, 0x56, 0x22, 0xCA, 0x52, 0x26, 0x23, 0x3A, 0x23, 0x23, 0xCA, 
	0x3F, 0x74, 0x37, 0x17, 0x33, 0x44, 0x32, 0x33, 0x44, 0x44, 0x4B, 0x3C, 0xBA, 0xA3, 0x34, 0x33, 
	0xDC, 0xDD, 0xCC, 0xBB, 0xBB, 0xFB, 0xDB, 0xBD, 0xAA, 0xDC, 0xAA, 0x6A, 0xC6, 0xAD, 0xDB, 0xBC, 
	0x89, 0x99, 0x9E, 0x96, 0xE9, 0x99, 0x98, 0x89, 0x95, 0xE6, 0xAA, 0x69, 0x00, 0x08, 0x88, 0x88, 
	0x89, 0x98, 0x89, 0x99, 0x95, 0x65, 0x99, 0x99, 0x6E, 0xEE, 0x99, 0xE5, 0x55, 0xEE, 0x9E, 0xAE, 
	0xE6, 0x66, 0x59, 0xE9, 0x99, 0x66, 0x98, 0xEA, 0xCA, 0xE6, 0xE6, 0xAE, 0x96, 0xCC, 0xDD, 0xBD, 
	0xDD, 0xCC, 0xAC, 0xCC, 0xAE, 0xAA, 0xAC, 0xDB, 0xBB, 0xBB, 0xDD, 0xBB, 0xFF, 0xFF, 0xBB, 0xBB, 
	0xBD, 0xDD, 0xBB, 0xDD, 0xCD, 0xCD, 0xDC, 0xCD, 0xDB, 0xBB, 0xDB, 0xDD, 0xDB, 0xFD, 0xDD, 0xBB, 
	0xBD, 0xBD, 0xBD, 0xDC, 0xBF, 0xFB, 0xDD, 0xBB, 0xBB, 0xFF, 0xBD, 0xBF, 0xBB, 0xDD, 0xDB, 0xBB, 
	0xBB, 0xCD, 0xDA, 0xBB, 0xBB, 0xBB, 0xBB, 0xBB, 0xBC, 0x6C, 0xBD, 0xDD, 0xDD, 0xCD, 0xBF, 0xBD, 
	0xFF, 0xDC, 0xBC, 0x55, 0x66, 0x22, 0x66, 0x63, 0x36, 0x63, 0x33, 0x34, 0x26, 0x63, 0xDF, 0xDA, 
	0xD4, 0xF4, 0xF7, 0x77, 0x43, 0x33, 0x23, 0x33, 0x33, 0x47, 0x4F, 0x3C, 0xBC, 0x34, 0x43, 0x33, 
	0xDC, 0xCC, 0xDD, 0xDD, 0xDB, 0xBB, 0xDD, 0xBD, 0xAA, 0xCD, 0xDC, 0xDD, 0xDC, 0xDD, 0xDD, 0xDC, 
	0x99, 0x9A, 0xAE, 0x9E, 0xE9, 0x9A, 0xE9, 0x99, 0x95, 0x6A, 0xAC, 0xA9, 0x88, 0x88, 0x88, 0x89, 
	0x88, 0x88, 0x89, 0x99, 0x99, 0x59, 0x99, 0x99, 0x59, 0xAA, 0xEE, 0xE5, 0x59, 0x98, 0x56, 0xAE, 
	0xE6, 0x66, 0x55, 0xE9, 0x95, 0x6E, 0x95, 0xAC, 0xCA, 0xE6, 0xE6, 0x6E, 0xEC, 0xDC, 0xDB, 0xDD, 
	0xDB, 0xDC, 0xCC, 0xCC, 0xA6, 0xAA, 0xAC, 0xDB, 0xFD, 0xDB, 0xDB, 0xBB, 0xFF, 0xFF, 0xBB, 0xBB, 
	0xBC, 0xCC, 0xBF, 0xBD, 0xCB, 0xBB, 0xDC, 0xCD, 0xDB, 0xBB, 0xBB, 0xDD, 0xDD, 0xFB, 0xBB, 0xBB, 
	0xBD, 0xCB, 0xBB, 0xDD, 0xFF, 0xBD, 0xDB, 0xBB, 0xBF, 0xFF, 0xBD, 0xBB, 0xFB, 0xBB, 0xBB, 0xBD, 
	0xBB, 0xDD, 0xDA, 0xBB, 0xBB, 0xBD, 0xDD, 0xBF, 0xBB, 0xCD, 0xBB, 0xBC, 0xDD, 0xCC, 0xCB, 0xDB, 
	0xFB, 0xDC, 0xBA, 0x55, 0x6A, 0x22, 0x66, 0x52, 0x36, 0x23, 0x44, 0x44, 0x26, 0x52, 0xB7, 0xBC, 
	0xDB, 0xBB, 0x77, 0x77, 0x43, 0x32, 0x23, 0x32, 0x33, 0x47, 0x77, 0x33, 0xDD, 0x34, 0x43, 0x33, 
	0xBC, 0xAC, 0xBD, 0xDB, 0xBB, 0xBF, 0xFF, 0xBD, 0xAA, 0xCD, 0xDC, 0xDB, 0xBD, 0xDA, 0xA6, 0x6A, 
	0xE9, 0x9A, 0xA9, 0x99, 0xEE, 0x9C, 0xA9, 0x98, 0x55, 0x66, 0xCC, 0x68, 0x89, 0x59, 0x99, 0x9E, 
	0x80, 0x08, 0x8E, 0xE9, 0x95, 0x89, 0x55, 0x58, 0x8E, 0xCD, 0xAE, 0xEE, 0x98, 0x89, 0xEA, 0x6E, 
	0x6A, 0x66, 0x65, 0x5E, 0xEE, 0xA9, 0x96, 0xCC, 0xAE, 0xEA, 0xEA, 0xAE, 0xAB, 0xDD, 0xBB, 0xCC, 
	0xBB, 0xDD, 0xBD, 0xCC, 0xAA, 0xAC, 0xCD, 0xDB, 0xFD, 0xBF, 0xDB, 0xBB, 0xBB, 0xFF, 0xFB, 0xDF, 
	0xDC, 0xCA, 0xDB, 0xBD, 0xCD, 0xFF, 0xDC, 0xDD, 0xBF, 0xFF, 0xFD, 0xDB, 0xDC, 0xDB, 0xBB, 0xBD, 
	0xBB, 0xBF, 0xBF, 0xDD, 0x7B, 0xDD, 0xBF, 0xFB, 0xDB, 0xFF, 0xDD, 0xDD, 0xBF, 0xBF, 0xBB, 0xBD, 
	0xDB, 0xBD, 0xDD, 0xBF, 0xDD, 0xCD, 0xBB, 0xBF, 0xF7, 0xBB, 0xBB, 0xBD, 0xDC, 0xCC, 0xCC, 0xDF, 
	0xFC, 0xBD, 0xDA, 0x56, 0x22, 0x26, 0x66, 0x95, 0x32, 0x34, 0x77, 0x74, 0x36, 0x5A, 0xD7, 0xFB, 
	0xBD, 0xD2, 0x47, 0x71, 0x32, 0x33, 0x62, 0x23, 0x34, 0x77, 0x77, 0x33, 0x3C, 0x34, 0x44, 0x44, 
	0xBD, 0xAC, 0xDB, 0xF4, 0xFF, 0xF7, 0x77, 0xFC, 0xCA, 0xCB, 0xD6, 0xAD, 0xDD, 0xA9, 0x99, 0x5E, 
	0xA9, 0x89, 0xE9, 0xEE, 0xE9, 0x9A, 0xC9, 0x89, 0x59, 0x59, 0x5E, 0x98, 0x86, 0x59, 0x88, 0x96, 
	0x80, 0x08, 0x89, 0x99, 0x99, 0x89, 0xEE, 0x58, 0x9C, 0xDC, 0xCE, 0xEE, 0xE9, 0x9E, 0xEA, 0x66, 
	0x66, 0x66, 0x66, 0x55, 0xAA, 0xA9, 0x9E, 0xA6, 0xEE, 0xA6, 0xAC, 0x6E, 0xCB, 0xBF, 0xFD, 0xAD, 
	0xBD, 0xDF, 0x7D, 0xCD, 0xCC, 0xDD, 0xDB, 0xBD, 0xBD, 0xDD, 0xCB, 0xFF, 0xBB, 0xDD, 0xBF, 0xDB, 
	0xFB, 0xCD, 0xBB, 0xBD, 0xDD, 0xBF, 0xBD, 0xDB, 0xF7, 0xBF, 0xFB, 0xDB, 0xDC, 0xAC, 0xDF, 0xFD, 
	0xDB, 0xF7, 0xBF, 0xDB, 0xFB, 0xBD, 0x77, 0xFD, 0xDC, 0xCB, 0xBF, 0xDD, 0xBF, 0xFF, 0xFF, 0xBB, 
	0xDD, 0xDD, 0xFF, 0xBF, 0xBC, 0xCB, 0xBD, 0xDB, 0xBF, 0xFD, 0xDB, 0xDB, 0xBC, 0xDB, 0xDC, 0xBD, 
	0xDC, 0xDB, 0xC2, 0x62, 0x33, 0x66, 0x26, 0x55, 0x23, 0x34, 0x77, 0x77, 0x36, 0xED, 0xFF, 0xFF, 
	0xFD, 0xB2, 0x34, 0x7F, 0x22, 0x22, 0x62, 0x22, 0x33, 0x44, 0x44, 0x43, 0x43, 0x23, 0x44, 0x43, 
	0xCA, 0xCA, 0xA4, 0x17, 0x44, 0xFF, 0x7F, 0xDA, 0xAA, 0xCF, 0xBE, 0xEA, 0xAA, 0xE9, 0x96, 0xAE, 
	0x6E, 0x88, 0x9A, 0xEE, 0xAE, 0x9E, 0xA9, 0x89, 0x99, 0x98, 0x89, 0x89, 0x85, 0x98, 0x80, 0x9E, 
	0x80, 0x88, 0x99, 0x89, 0xEE, 0x99, 0xEE, 0x5E, 0xAC, 0xA6, 0xAE, 0x99, 0xEE, 0xE5, 0x56, 0xAA, 
	0x66, 0x66, 0x66, 0x66, 0x66, 0x65, 0x9E, 0xAA, 0xEA, 0xA6, 0xCD, 0xDD, 0xDF, 0xFB, 0xDA, 0xCB, 
	0xBB, 0xBB, 0xBC, 0xDD, 0xDD, 0xBB, 0xBB, 0xBD, 0xDC, 0xCD, 0xDB, 0xBB, 0xDB, 0xDC, 0xDB, 0xBD, 
	0xBB, 0xDC, 0xDB, 0xFB, 0xBB, 0xDB, 0xDB, 0xDB, 0xFF, 0xBB, 0xBD, 0xCD, 0xCD, 0xBD, 0xBF, 0xBC, 
	0xCB, 0xBF, 0xFF, 0xDD, 0xBB, 0xBB, 0xFF, 0xBB, 0xDA, 0xAD, 0xBF, 0xBB, 0xFF, 0xBB, 0xF7, 0xFB, 
	0xFD, 0xDB, 0xBF, 0xBF, 0xFA, 0xCB, 0xDC, 0xDC, 0xCD, 0xBB, 0xCC, 0xAD, 0xDC, 0xCD, 0xDA, 0xBD, 
	0xDB, 0xBD, 0x32, 0x23, 0x42, 0x22, 0x26, 0x22, 0x22, 0x37, 0x77, 0x17, 0xC6, 0x6B, 0xFB, 0xFB, 
	0xFB, 0xD2, 0x44, 0x42, 0xAA, 0x22, 0x56, 0x6A, 0xD3, 0x33, 0x47, 0x33, 0x34, 0x32, 0x33, 0x32, 
	0xAC, 0xA6, 0x63, 0x77, 0x77, 0x7B, 0xBB, 0xDC, 0xAC, 0xCC, 0xCE, 0x65, 0xEE, 0xEE, 0x6C, 0xCA, 
	0xEE, 0xE9, 0x9A, 0xAE, 0xAE, 0x99, 0xE9, 0x89, 0x98, 0x88, 0x89, 0x99, 0x88, 0x88, 0x08, 0x9E, 
	0x88, 0x99, 0x99, 0x89, 0xEE, 0x6E, 0xEE, 0x5E, 0xAA, 0xEE, 0xAE, 0x5E, 0xA6, 0xE6, 0x66, 0xCC, 
	0x66, 0x66, 0x6E, 0x66, 0xE6, 0x59, 0x9E, 0xAA, 0x6A, 0xAA, 0xDB, 0xBD, 0xDB, 0xBD, 0xE5, 0xCB, 
	0xBB, 0xBD, 0xCC, 0xDD, 0xBB, 0xFB, 0xBB, 0xBD, 0xCA, 0xCB, 0xBD, 0xCC, 0xDD, 0xDA, 0xCD, 0xDB, 
	0xBB, 0xDC, 0xDB, 0xFB, 0xFB, 0xDD, 0xDB, 0xDD, 0xFB, 0xBD, 0xDD, 0xCC, 0xDB, 0xFF, 0xFB, 0xDC, 
	0xCD, 0xDB, 0xFF, 0xBD, 0xBB, 0xBF, 0xBD, 0xBB, 0xBA, 0xCD, 0xDB, 0xFF, 0xBB, 0xDB, 0xB7, 0xFF, 
	0x7B, 0xBB, 0xDB, 0xBF, 0xBC, 0xCD, 0xDD, 0xDC, 0xCC, 0xDB, 0xCA, 0xCC, 0xDC, 0xDD, 0xCC, 0xBD, 
	0xBF, 0xDC, 0x32, 0x33, 0x4C, 0x23, 0x2A, 0x23, 0x26, 0x2F, 0x77, 0x1F, 0x66, 0xAB, 0xFF, 0xFF, 
	0xFB, 0x23, 0x43, 0x26, 0x56, 0x22, 0x66, 0x6C, 0xD3, 0x22, 0x47, 0x32, 0x33, 0x32, 0x22, 0x26, 
	0x2C, 0xA2, 0x2A, 0x3F, 0x77, 0x7F, 0xBD, 0xDC, 0x6A, 0xA6, 0x6E, 0x69, 0x9E, 0x66, 0xCD, 0xCA, 
	0xAC, 0xC9, 0x9E, 0xC6, 0xAE, 0x99, 0x59, 0x99, 0x99, 0x88, 0x99, 0x98, 0x88, 0x89, 0x99, 0x99, 
	0x95, 0xE9, 0x9E, 0x59, 0xEE, 0xA6, 0xEE, 0xEE, 0xE5, 0xEC, 0xCE, 0xEA, 0xCA, 0x6A, 0x6A, 0xCA, 
	0x66, 0xE6, 0xE9, 0xE9, 0xEA, 0x99, 0x6A, 0xCA, 0xAC, 0xCD, 0xFB, 0xDC, 0xC6, 0xEE, 0x9E, 0xCD, 
	0xBD, 0xCC, 0xDD, 0xDD, 0xFF, 0xFF, 0xBD, 0xBB, 0xCC, 0xCB, 0xDC, 0xCD, 0xBC, 0xCA, 0xCC, 0xDF, 
	0xBD, 0xBD, 0xFF, 0xBB, 0xBF, 0xDD, 0xBB, 0xDD, 0xFB, 0xDC, 0xCD, 0xDD, 0xDF, 0xFF, 0xBA, 0xAD, 
	0xCD, 0xBB, 0xBF, 0xBB, 0xFF, 0xFB, 0xBD, 0xDD, 0xBC, 0xCB, 0xDB, 0xFB, 0xCD, 0xCF, 0xFF, 0x7F, 
	0xFF, 0xFD, 0xDB, 0xFB, 0xDC, 0xDD, 0xDB, 0xBB, 0xDC, 0xBF, 0xDD, 0xBB, 0xBD, 0xFB, 0xCB, 0xBD, 
	0xBB, 0xC2, 0x2A, 0x44, 0x4D, 0x33, 0x32, 0x22, 0x55, 0x63, 0x77, 0x73, 0x66, 0xC4, 0x47, 0x47, 
	0x4D, 0x23, 0x32, 0x66, 0x95, 0x26, 0x22, 0x23, 0x32, 0x6A, 0x34, 0x46, 0x22, 0xA3, 0x22, 0x6A, 
	0x33, 0x34, 0x32, 0x32, 0x4B, 0xF7, 0xFC, 0xCC, 0x66, 0xAE, 0x5E, 0x95, 0xEE, 0xA6, 0xCD, 0xAA, 
	0xFF, 0xD9, 0x9A, 0xCA, 0xE5, 0x59, 0x96, 0xE9, 0x9E, 0x88, 0x9E, 0x98, 0x99, 0xEE, 0xEE, 0xEE, 
	0xEA, 0xAE, 0x9E, 0xAE, 0xEE, 0xAC, 0xCC, 0xCC, 0xEE, 0xAC, 0x6E, 0xAA, 0x6A, 0xA6, 0x66, 0xEE, 
	0xAE, 0xEE, 0x95, 0x69, 0xCD, 0x9E, 0xDB, 0xBD, 0xCD, 0xBB, 0xDC, 0x6E, 0xE9, 0x99, 0x9E, 0xCD, 
	0xCC, 0xCD, 0xDB, 0xBD, 0xFB, 0xDD, 0xDB, 0xBD, 0xCD, 0xDC, 0xAC, 0xBB, 0xBC, 0xDD, 0xBF, 0xFF, 
	0xDC, 0xDD, 0xDB, 0xBF, 0xBD, 0xDF, 0xBD, 0xDB, 0xFB, 0xAA, 0xDD, 0xFB, 0xDF, 0xBB, 0xDC, 0xCB, 
	0xBF, 0xFF, 0xBB, 0xFF, 0x7B, 0xB7, 0xFD, 0xBD, 0xBB, 0xDD, 0xBB, 0xBC, 0xDD, 0xCF, 0x7F, 0xF7, 
	0xFB, 0xFD, 0xFF, 0xBF, 0xFD, 0xFF, 0xCD, 0xDD, 0xDB, 0xFF, 0xBF, 0xFB, 0xFB, 0x7F, 0xDF, 0xDA, 
	0xAC, 0xA2, 0x22, 0x74, 0x34, 0x33, 0x33, 0x26, 0x55, 0x53, 0x77, 0x7A, 0x56, 0x3B, 0x47, 0x77, 
	0x73, 0x22, 0x66, 0x26, 0x55, 0x62, 0x33, 0x33, 0x43, 0x22, 0x6A, 0x26, 0x66, 0x63, 0x43, 0x23, 
	0x44, 0x44, 0x23, 0x32, 0x3D, 0xDB, 0xFC, 0xEA, 0xAE, 0xAA, 0xE9, 0x9A, 0xAA, 0xE5, 0xAC, 0xAC, 
	0xFF, 0xB9, 0x8E, 0xAE, 0x66, 0x55, 0xE6, 0xE9, 0xE9, 0x88, 0x9E, 0xEE, 0xEE, 0x55, 0x5E, 0xEE, 
	0xE6, 0xEE, 0xAE, 0xAA, 0xAE, 0xAC, 0xCA, 0xAA, 0xAA, 0xAA, 0x5E, 0x66, 0xEA, 0xA6, 0xA6, 0x55, 
	0xA6, 0x65, 0x5E, 0xEA, 0xCD, 0xAB, 0xFF, 0xBD, 0xCC, 0xAA, 0x6E, 0x9E, 0x99, 0x59, 0xEA, 0xDB, 
	0xDD, 0xBB, 0xBB, 0xDB, 0xFB, 0xDB, 0xBB, 0xDC, 0xAB, 0xBA, 0xAB, 0xFB, 0xFB, 0xBB, 0xFF, 0x7B, 
	0xCC, 0xDB, 0xDB, 0xBB, 0xFB, 0xBB, 0xCD, 0xFF, 0xFD, 0xAC, 0xDB, 0xFF, 0xFF, 0xDD, 0xBD, 0xDB, 
	0xBB, 0xBB, 0xBC, 0xBF, 0xFB, 0xBF, 0xFD, 0xDD, 0xDB, 0xDB, 0xFF, 0xBD, 0xBB, 0xCD, 0xBC, 0xCD, 
	0xDD, 0xBB, 0xFB, 0xFF, 0xFB, 0xFB, 0xAC, 0xCD, 0xBF, 0xBB, 0xDD, 0xBD, 0xDB, 0xF7, 0xBB, 0xD6, 
	0xEA, 0xA2, 0x33, 0x44, 0x44, 0x33, 0x44, 0x26, 0x56, 0x5C, 0x71, 0x4E, 0x62, 0x23, 0x34, 0x44, 
	0x44, 0x32, 0x62, 0x3A, 0xA2, 0x62, 0x33, 0x22, 0x33, 0x32, 0x22, 0x22, 0x22, 0x33, 0x32, 0x23, 
	0x44, 0x44, 0x23, 0x33, 0xCC, 0xCC, 0xDC, 0xA6, 0xEE, 0xE6, 0x69, 0x9E, 0xA6, 0x99, 0x6A, 0x6A, 
	0xDB, 0xD9, 0x88, 0x85, 0x66, 0x55, 0x66, 0xE5, 0xE9, 0x99, 0x9E, 0xEE, 0xEE, 0x99, 0x9E, 0xE9, 
	0xE6, 0x9E, 0xCC, 0xCA, 0xAE, 0xEC, 0xAA, 0x6E, 0xAA, 0xA6, 0x9E, 0xEA, 0xAA, 0xAA, 0xA6, 0x55, 
	0xA6, 0x6E, 0x6A, 0x6C, 0xCC, 0xCB, 0xFB, 0xCA, 0x6A, 0x98, 0x88, 0x5A, 0xEA, 0xAA, 0xAC, 0xDB, 
	0xBB, 0xFF, 0xBB, 0xDB, 0x7B, 0xBF, 0xBB, 0xDD, 0xCB, 0xDE, 0xAF, 0xBD, 0xFF, 0xFB, 0xBF, 0xFB, 
	0xDD, 0xDB, 0xBB, 0xDB, 0xFB, 0xBD, 0xAC, 0xFF, 0xFB, 0xBD, 0xDF, 0xFF, 0xFF, 0xBD, 0xFB, 0xDB, 
	0xBB, 0xDB, 0xBA, 0xCB, 0xDD, 0xBD, 0xFB, 0xBD, 0xDB, 0xBF, 0xFF, 0xFB, 0xFB, 0xBC, 0xCA, 0xEE, 
	0xCC, 0xDF, 0xFB, 0xFB, 0xBF, 0xBC, 0xAC, 0xDD, 0xFF, 0xBB, 0xDD, 0xDC, 0xCD, 0xBF, 0xBC, 0xCA, 
	0xAC, 0xA2, 0x33, 0x44, 0x43, 0x23, 0x44, 0xB2, 0x66, 0x6A, 0x71, 0x35, 0x22, 0x23, 0x33, 0x44, 
	0x44, 0xB2, 0xC3, 0x3A, 0xC3, 0x22, 0x33, 0x26, 0x23, 0x32, 0x22, 0x22, 0x23, 0x43, 0x22, 0x23, 
	0x44, 0x44, 0x33, 0x32, 0xDD, 0xBB, 0xCA, 0xCA, 0x98, 0x9E, 0x6E, 0x99, 0x6E, 0xE6, 0xA6, 0xEE, 
	0x96, 0xCE, 0x98, 0x9E, 0x6A, 0x59, 0x65, 0x9E, 0x99, 0xEA, 0xEE, 0xEE, 0xEE, 0x99, 0xEE, 0x99, 
	0xEA, 0xEE, 0xCF, 0xBA, 0xEE, 0xEE, 0xEE, 0xE9, 0xEA, 0xAE, 0x9E, 0x6C, 0xCA, 0xA3, 0xA6, 0x66, 
	0xAA, 0xAA, 0xCC, 0xCC, 0xCC, 0xCD, 0xCA, 0x59, 0x99, 0x99, 0xEE, 0xAC, 0xCC, 0xDB, 0xDD, 0xCD, 
	0xDB, 0x77, 0xBB, 0xBF, 0xFB, 0xBB, 0xDB, 0xBF, 0xDD, 0xCA, 0xDF, 0xCC, 0xFF, 0xBB, 0xDD, 0xBD, 
	0xDD, 0xAD, 0xBB, 0xBB, 0xFB, 0xCD, 0xCC, 0xCB, 0xFF, 0xFD, 0xDF, 0xBB, 0xBF, 0xFB, 0x7F, 0xBB, 
	0xBF, 0xBB, 0xDC, 0xDD, 0xCD, 0xDD, 0xFF, 0xFB, 0xBB, 0xB7, 0x7B, 0xFB, 0xBF, 0x7B, 0xDB, 0xAE, 
	0xDD, 0xCF, 0xFF, 0xBC, 0xD7, 0xBD, 0xDB, 0xFB, 0xBF, 0xBD, 0xBF, 0xDD, 0xDB, 0xCD, 0xDA, 0xAC, 
	0xCC, 0xC3, 0x34, 0x44, 0x3A, 0x63, 0x77, 0x74, 0x26, 0x2A, 0x77, 0x66, 0x32, 0x33, 0x34, 0x43, 
	0x34, 0xCA, 0xDD, 0xC6, 0xA3, 0x32, 0x22, 0x2A, 0xA3, 0x32, 0x22, 0x26, 0x62, 0x33, 0x22, 0x23, 
	0x44, 0x44, 0x34, 0x3C, 0xBF, 0x77, 0xDC, 0xCD, 0xEE, 0x95, 0xAA, 0xE9, 0x96, 0xCC, 0xCA, 0x66, 
	0x9A, 0xCA, 0xA5, 0xE9, 0x55, 0x55, 0x99, 0x59, 0x9E, 0xCD, 0xA9, 0x99, 0x9E, 0xEE, 0xE9, 0x99, 
	0xEE, 0xEE, 0x6B, 0xCE, 0x9E, 0xE9, 0x9E, 0xEE, 0xEA, 0xAA, 0xEE, 0xCC, 0xAC, 0xCC, 0x66, 0xAC, 
	0xCD, 0xDD, 0xDB, 0xBB, 0xDA, 0xAA, 0xE5, 0x88, 0x99, 0xEA, 0xCC, 0xDB, 0xBD, 0xDD, 0xDB, 0xDB, 
	0xDB, 0xDB, 0xBB, 0xFB, 0xDD, 0xDB, 0xBF, 0xFF, 0xBD, 0xBB, 0xFB, 0xDC, 0xDB, 0xFD, 0xCC, 0xBC, 
	0xAA, 0xEC, 0xDF, 0xFF, 0xBC, 0xAD, 0xBC, 0xCB, 0xFF, 0xFD, 0xBF, 0xBB, 0xBF, 0xBB, 0x77, 0xFB, 
	0xFF, 0xFD, 0xCD, 0xFB, 0xBB, 0xBD, 0xBF, 0xBF, 0xFD, 0xBB, 0xFB, 0xBF, 0xDD, 0xFD, 0xBF, 0xDC, 
	0xDC, 0xCB, 0x77, 0xCC, 0xD7, 0xFB, 0xF7, 0xFD, 0xDB, 0xFB, 0xBB, 0xDB, 0xBD, 0xAA, 0xAA, 0x6C, 
	0xBD, 0xD3, 0x33, 0x3C, 0x65, 0x66, 0x41, 0x77, 0x25, 0x56, 0x33, 0x62, 0x23, 0x33, 0x33, 0x43, 
	0x34, 0xAA, 0xAC, 0x3A, 0xAD, 0x43, 0x23, 0x33, 0x32, 0x33, 0x22, 0x26, 0x23, 0x23, 0x23, 0x23, 
	0x33, 0x44, 0x22, 0xDF, 0x71, 0x74, 0x7F, 0xBB, 0xDD, 0x6E, 0xCC, 0xCE, 0xED, 0xBC, 0xAA, 0xE6, 
	0x86, 0xAC, 0xC6, 0x6A, 0xA5, 0x99, 0x99, 0x99, 0xEC, 0xDB, 0xA9, 0x98, 0x9E, 0x99, 0x9E, 0x5E, 
	0xEE, 0xE9, 0x9A, 0xAA, 0xE9, 0xEE, 0xEA, 0xAE, 0xA6, 0x6A, 0x6E, 0xAC, 0xAA, 0x2A, 0x2B, 0xDD, 
	0xDB, 0xDD, 0xDD, 0xDC, 0xA6, 0x6E, 0x98, 0x89, 0xAC, 0xDD, 0xBB, 0xBD, 0xDD, 0xBB, 0xDD, 0xBB, 
	0xDD, 0xDD, 0xDB, 0xFD, 0xDD, 0xDB, 0xDB, 0xFB, 0xDB, 0xBB, 0xFB, 0xBD, 0xDD, 0xBD, 0xDB, 0xDC, 
	0xAE, 0xAC, 0xCB, 0xFF, 0xBC, 0xCD, 0xBB, 0xFB, 0xBB, 0xBB, 0xFF, 0xBD, 0xBF, 0xBF, 0x7F, 0xFF, 
	0xBB, 0xDB, 0xBF, 0xFB, 0xCD, 0xBB, 0xFF, 0xBB, 0xFD, 0xBD, 0xDF, 0xDC, 0xCD, 0xBC, 0xBD, 0xDB, 
	0xDD, 0xBF, 0xFF, 0xCD, 0xBF, 0xFF, 0xFF, 0xBB, 0xDB, 0xBB, 0xDD, 0xBB, 0xDC, 0xA6, 0xAA, 0xEC, 
	0xDC, 0xA2, 0x43, 0x2C, 0xEE, 0x69, 0xA7, 0x14, 0x68, 0x56, 0xA6, 0x62, 0x23, 0x33, 0x33, 0x33, 
	0x34, 0x3C, 0x66, 0x32, 0x34, 0x33, 0x34, 0x4F, 0xF2, 0x22, 0x23, 0x25, 0x23, 0x32, 0x32, 0x33, 
	0x23, 0x44, 0x3A, 0xB7, 0x77, 0x77, 0x77, 0x43, 0x47, 0xBC, 0xDC, 0xCC, 0xAB, 0x7B, 0xEE, 0x56, 
	0x89, 0x6C, 0xC6, 0xAC, 0xA5, 0x99, 0x99, 0x95, 0xEC, 0xDB, 0xEE, 0x59, 0x9E, 0x59, 0x9E, 0xAA, 
	0xE6, 0xAE, 0xEE, 0xE6, 0xE9, 0x6E, 0x6A, 0xAE, 0x66, 0xEA, 0xAA, 0xAC, 0xAA, 0xCC, 0x4F, 0xBB, 
	0xBB, 0xCA, 0xAA, 0xA5, 0x99, 0x58, 0x89, 0xE6, 0xCD, 0xBB, 0xBD, 0xBD, 0xCD, 0xBB, 0xBD, 0xBB, 
	0xDC, 0xBD, 0xDB, 0xFB, 0xBB, 0xDD, 0xCD, 0xBD, 0xDB, 0xBB, 0xFF, 0xFB, 0xDD, 0xCD, 0xDB, 0xBB, 
	0xDC, 0xDB, 0xBB, 0xFF, 0xBD, 0xDD, 0xBB, 0xFD, 0xAA, 0xDF, 0xFF, 0xDD, 0xFF, 0xBB, 0xFB, 0xBB, 
	0xDD, 0xCB, 0xFF, 0x7F, 0xDD, 0xBF, 0xFF, 0xBB, 0xBD, 0xFD, 0xCF, 0xDA, 0xDD, 0xDC, 0xDB, 0xBB, 
	0xDB, 0xFF, 0xBB, 0xDB, 0xBF, 0xFF, 0xBB, 0xBB, 0xBB, 0xDB, 0xAD, 0xBB, 0xDD, 0xC6, 0xAC, 0xAC, 
	0xCA, 0x9A, 0xF2, 0xEA, 0xAE, 0x68, 0x93, 0x7A, 0x89, 0x66, 0x66, 0x62, 0x62, 0x23, 0x33, 0x33, 
	0x34, 0x3D, 0xA6, 0x32, 0x44, 0x34, 0x44, 0xF7, 0x7A, 0x62, 0x23, 0x26, 0x23, 0x33, 0x33, 0x33, 
	0x22, 0x34, 0x32, 0xDF, 0xF7, 0x77, 0x47, 0x43, 0x41, 0x4D, 0xDC, 0xDB, 0xCD, 0xFF, 0xAE, 0xE6, 
	0x98, 0x5A, 0xAE, 0xAA, 0x99, 0x99, 0xE9, 0x96, 0xEE, 0xDD, 0x6A, 0xE9, 0xEA, 0xEE, 0x9E, 0xCC, 
	0xEA, 0xCA, 0xAE, 0xEE, 0xEE, 0xAE, 0xAE, 0xEE, 0x5A, 0xEE, 0xCC, 0xAC, 0xAC, 0xDB, 0xFB, 0xCD, 
	0xBD, 0xCE, 0x99, 0x99, 0x99, 0xE6, 0xAA, 0xCC, 0xAC, 0xBD, 0xDC, 0xBD, 0xDD, 0xDF, 0xFB, 0xBB, 
	0xDD, 0xBD, 0xDF, 0x7F, 0xBF, 0xBD, 0xCD, 0xDD, 0xDD, 0xBB, 0xBB, 0xBF, 0xDC, 0xCB, 0xAC, 0xFF, 
	0xFB, 0xBF, 0xFF, 0xFB, 0xDB, 0xBD, 0xCD, 0xBC, 0x6A, 0xCF, 0xFB, 0xAB, 0xFD, 0xCC, 0xCC, 0xFC, 
	0xCD, 0xBF, 0xF7, 0x77, 0xFD, 0xBF, 0xFB, 0xBF, 0xDB, 0xFB, 0xCA, 0xCC, 0xBB, 0xBD, 0xDF, 0xFF, 
	0xBF, 0x7F, 0xDB, 0xBF, 0xFB, 0xDC, 0xCF, 0xFD, 0xFF, 0xBC, 0xAD, 0xDD, 0xDB, 0xDA, 0xAC, 0xDA, 
	0x6E, 0xEC, 0xBA, 0x66, 0xCE, 0x99, 0x96, 0x35, 0x85, 0x22, 0x22, 0x26, 0x56, 0x23, 0x33, 0x33, 
	0x34, 0x43, 0x22, 0x22, 0x33, 0x47, 0x47, 0x77, 0x4A, 0x23, 0x32, 0x22, 0x33, 0x33, 0x34, 0x32, 
	0x22, 0x24, 0x43, 0x23, 0x34, 0x74, 0x44, 0x4C, 0x47, 0x43, 0x3D, 0xFF, 0xBD, 0xBB, 0xCA, 0xAA, 
	0xEE, 0xE5, 0x5E, 0x59, 0x88, 0x99, 0x99, 0x99, 0x99, 0xAC, 0xEE, 0xEE, 0xAE, 0xEA, 0xE9, 0xAA, 
	0xEE, 0xAC, 0xCE, 0x5E, 0x5A, 0x6A, 0xEE, 0xE9, 0x9A, 0xEE, 0xAD, 0xDD, 0xCA, 0xBF, 0xDC, 0xDD, 
	0xCA, 0xE6, 0x99, 0xEA, 0xCA, 0xCB, 0xBB, 0xBC, 0xE6, 0xCC, 0xDC, 0xDB, 0xBB, 0xBF, 0xFB, 0xBF, 
	0xBB, 0xBB, 0xBB, 0xBD, 0xD7, 0xBF, 0xBB, 0xFB, 0xDB, 0xFF, 0xBD, 0xBF, 0xDA, 0xCB, 0xAC, 0x7F, 
	0x7F, 0xBB, 0xBB, 0xDC, 0xDB, 0xCC, 0xDB, 0xDD, 0xCD, 0xBB, 0xDD, 0xDF, 0xBC, 0xDC, 0xCC, 0xBC, 
	0xDB, 0xFB, 0xCC, 0xDB, 0xBF, 0xBD, 0xDD, 0xBF, 0xBD, 0xDD, 0xBA, 0xAB, 0xFD, 0xCC, 0xDF, 0xFB, 
	0xDD, 0xBB, 0xDF, 0x7B, 0xBD, 0xDD, 0xCF, 0xDA, 0xDB, 0xFD, 0xCC, 0xDB, 0xDB, 0xCA, 0xAC, 0xBD, 
	0xAA, 0xDD, 0xAA, 0xCA, 0xCE, 0x55, 0x55, 0x69, 0x95, 0x22, 0x22, 0x26, 0x62, 0x22, 0x34, 0x43, 
	0x33, 0x33, 0x42, 0x24, 0x44, 0x77, 0x47, 0x77, 0x32, 0x42, 0xA6, 0x62, 0x23, 0x23, 0x44, 0xA6, 
	0x33, 0x33, 0x34, 0x22, 0x34, 0x47, 0x77, 0x74, 0xC4, 0x74, 0x3D, 0xBF, 0xFF, 0xBB, 0xDD, 0xD6, 
	0xE6, 0xE8, 0x99, 0x88, 0x80, 0x89, 0x9E, 0xE9, 0x99, 0xEA, 0xEE, 0xEA, 0xAE, 0xEA, 0xE9, 0x56, 
	0xE5, 0xEA, 0x6E, 0xA6, 0xEA, 0xA6, 0x5E, 0x99, 0x9C, 0xDC, 0xAD, 0xBB, 0xCA, 0xDB, 0xDC, 0xCC, 
	0xAE, 0x95, 0x99, 0xAB, 0xDC, 0xDB, 0xBB, 0xDC, 0xAD, 0xDD, 0xCD, 0xDB, 0xFB, 0xFB, 0xBB, 0xBF, 
	0xFF, 0xFB, 0xFB, 0xC6, 0xCF, 0xDF, 0xFB, 0xBB, 0xBF, 0xBB, 0xBD, 0xF7, 0xBC, 0xDD, 0xBF, 0xF7, 
	0xFB, 0xBC, 0xDD, 0xAA, 0xDD, 0xAC, 0xCF, 0xFF, 0xFF, 0xFB, 0xDD, 0xBF, 0xDD, 0xBB, 0xCD, 0xBC, 
	0xBD, 0xDD, 0xE9, 0xCB, 0xBF, 0xBB, 0xBD, 0xBF, 0xBC, 0xAC, 0xBD, 0xBF, 0xFC, 0xAD, 0xBB, 0xFB, 
	0xCD, 0xBB, 0xDB, 0x7D, 0xCD, 0xBD, 0xBB, 0xCA, 0xCF, 0xFB, 0xDD, 0xDB, 0xDC, 0xAA, 0xCC, 0xBB, 
	0xDD, 0xBD, 0xCA, 0xCD, 0xAA, 0x66, 0x56, 0xE6, 0x56, 0x33, 0x22, 0xA6, 0xC2, 0x66, 0x23, 0x43, 
	0x34, 0x43, 0x3A, 0x24, 0x77, 0x44, 0x47, 0x74, 0x23, 0x4A, 0xA6, 0x62, 0xA2, 0x23, 0xF3, 0x62, 
	0x22, 0x23, 0x33, 0x33, 0x33, 0x44, 0x77, 0x74, 0xA2, 0xBB, 0xBC, 0xCC, 0xDB, 0xBF, 0xBB, 0xDA, 
	0xE6, 0x99, 0x99, 0x88, 0x89, 0x95, 0xEE, 0xE6, 0xEE, 0x6A, 0xE6, 0xEA, 0x6E, 0xAA, 0xE5, 0x5E, 
	0xE9, 0x88, 0x9E, 0xC6, 0xAC, 0xAE, 0x6A, 0xE5, 0xEC, 0xDB, 0xCC, 0xBD, 0xCA, 0xCD, 0xCA, 0xAA, 
	0x6E, 0x89, 0xE6, 0xCF, 0xBB, 0xBC, 0xAC, 0xCC, 0xDB, 0xBD, 0xDD, 0xCD, 0xBB, 0xFB, 0xDB, 0xBF, 
	0xFF, 0xFB, 0xFB, 0xAA, 0xDB, 0xBB, 0xBB, 0xBD, 0xBF, 0xDC, 0xDB, 0x77, 0xBD, 0xDD, 0xF7, 0xFF, 
	0xBD, 0xDC, 0xDD, 0xAC, 0xDC, 0xDC, 0xCF, 0xFF, 0xFF, 0xFB, 0xDB, 0xFF, 0xBB, 0xFF, 0xDB, 0xFF, 
	0xBD, 0xCD, 0xCC, 0xDB, 0xFF, 0xBF, 0xFD, 0xBF, 0xBD, 0xAC, 0xBF, 0xFF, 0xBD, 0xAD, 0xBB, 0xFB, 
	0xBF, 0xBB, 0xCC, 0xBC, 0xCD, 0xBB, 0xFD, 0xCC, 0xCB, 0xBB, 0xBD, 0xDB, 0xDC, 0xAA, 0xCC, 0xDB, 
	0xDB, 0xBD, 0xCA, 0xCB, 0xAC, 0x2A, 0x66, 0x22, 0x62, 0x33, 0x22, 0x66, 0xC2, 0x56, 0x22, 0x33, 
	0x34, 0x43, 0x22, 0x23, 0x77, 0x44, 0x47, 0x74, 0x23, 0x36, 0x26, 0x22, 0x62, 0x2A, 0x46, 0x52, 
	0xA2, 0x33, 0x33, 0x33, 0x23, 0x44, 0x77, 0x74, 0xCA, 0xAD, 0xBD, 0xA6, 0xAC, 0xBB, 0xDD, 0xBD, 
	0x99, 0x9E, 0x98, 0x99, 0xEE, 0xE6, 0xAE, 0x6A, 0xA6, 0xAC, 0x6A, 0xEE, 0x5E, 0xCC, 0xA6, 0x65, 
	0xE5, 0x95, 0xEA, 0xC6, 0xCA, 0xAE, 0xCD, 0xCA, 0xAA, 0xCD, 0xCA, 0xDC, 0xCA, 0xA6, 0xE6, 0xCC, 
	0x59, 0x9E, 0xCC, 0xDB, 0xFB, 0xDA, 0xAA, 0xCC, 0xDB, 0xFD, 0xDB, 0xCC, 0xBB, 0xFD, 0xDF, 0xBB, 
	0xFF, 0xBB, 0xFD, 0xCD, 0xBB, 0xBD, 0xDD, 0xBB, 0xFF, 0xC6, 0xCF, 0xF7, 0xDA, 0xCD, 0xFF, 0xFB, 
	0xDF, 0xBD, 0xFD, 0xCD, 0xBB, 0xFD, 0xBB, 0xBB, 0xDB, 0xBF, 0xBB, 0xBF, 0xBD, 0xFF, 0xDB, 0x77, 
	0xBB, 0xDD, 0xFF, 0xFF, 0x77, 0xFF, 0xFB, 0xDF, 0xBB, 0xDD, 0xD7, 0x7F, 0xBF, 0xDD, 0xBB, 0xBB, 
	0x77, 0xBD, 0xAA, 0x6A, 0xDB, 0xBB, 0xFC, 0xCD, 0xDB, 0xBD, 0xBB, 0xCD, 0xCC, 0xCC, 0xDD, 0xCC, 
	0xCD, 0xDC, 0x6E, 0xCD, 0xAD, 0x32, 0x2A, 0x32, 0xA3, 0x42, 0x25, 0x95, 0x66, 0x66, 0x2A, 0x24, 
	0x43, 0x33, 0x23, 0x2A, 0x47, 0x44, 0x47, 0x73, 0x22, 0x22, 0x32, 0x32, 0x66, 0x55, 0x26, 0x62, 
	0x23, 0x44, 0x43, 0x32, 0x22, 0x34, 0x47, 0x74, 0xDD, 0xDB, 0xBB, 0xDC, 0xCD, 0xDC, 0xAC, 0xBB, 
	0x6A, 0xAE, 0x99, 0xEA, 0xCC, 0xCE, 0xEE, 0xEE, 0xEA, 0xAA, 0xAE, 0xE5, 0xEA, 0xAA, 0xCC, 0x6E, 
	0xA6, 0xAA, 0xCC, 0xAA, 0xAE, 0xE6, 0xBF, 0xBD, 0xCE, 0xEA, 0xCE, 0xAC, 0x6E, 0xA5, 0x8E, 0xCC, 
	0xEE, 0xAA, 0xDC, 0xDB, 0xBD, 0xCD, 0xDD, 0xDD, 0xCD, 0xBB, 0xDB, 0xBD, 0xFF, 0xFD, 0xBB, 0xBB, 
	0xBF, 0xF7, 0xFB, 0xBB, 0xFB, 0xDC, 0xCD, 0xBF, 0xFB, 0xDA, 0xDF, 0xBB, 0xDA, 0xDB, 0xDB, 0xDD, 
	0xB7, 0xFF, 0xBB, 0xCF, 0xFF, 0x7B, 0xFD, 0xAA, 0xEC, 0xF7, 0xFF, 0xBF, 0xFB, 0xBB, 0xBB, 0xFF, 
	0xFF, 0xBB, 0xB7, 0xBF, 0x7F, 0xBF, 0xBF, 0xBB, 0xBB, 0xBB, 0xDF, 0xBB, 0xFF, 0xBB, 0xFF, 0xBB, 
	0xFF, 0xBD, 0xAC, 0xEA, 0xBB, 0xBB, 0xBC, 0xDF, 0xFB, 0xFD, 0xBC, 0xAA, 0xA6, 0xAC, 0xDC, 0xDC, 
	0xAA, 0xAA, 0xAE, 0xEA, 0xAD, 0x33, 0xA2, 0xA2, 0x23, 0x36, 0x59, 0x89, 0xE6, 0x22, 0x32, 0x24, 
	0x44, 0x42, 0xA3, 0xDA, 0xA3, 0x47, 0x47, 0x4A, 0xC2, 0x23, 0x22, 0x22, 0x66, 0x62, 0x62, 0x22, 
	0x23, 0x77, 0x74, 0x22, 0x44, 0x32, 0x34, 0x77, 0xDC, 0xBF, 0xDC, 0xBB, 0xDB, 0xBB, 0xCC, 0xCC, 
	0x2A, 0x65, 0x99, 0xAC, 0xAC, 0xAE, 0xEE, 0x99, 0xEA, 0x66, 0xA6, 0x6E, 0x6A, 0x6E, 0x66, 0xEE, 
	0x6E, 0xEE, 0x66, 0xEE, 0x66, 0xEA, 0xBB, 0xDC, 0xAE, 0x9A, 0xA5, 0x6A, 0x59, 0x58, 0x9A, 0xCA, 
	0xCC, 0xCD, 0xBD, 0xDD, 0xDB, 0xBF, 0xFB, 0xBD, 0xDB, 0xDB, 0xBF, 0xBB, 0xFF, 0xFB, 0xBD, 0xDF, 
	0xBB, 0xBB, 0xDF, 0xFD, 0xBB, 0xDD, 0xCD, 0xFB, 0xBF, 0xDB, 0xBF, 0xBC, 0xCB, 0xDD, 0xCB, 0xDD, 
	0xF7, 0xFF, 0xBF, 0xBB, 0xBF, 0xFB, 0xFB, 0xBA, 0x6C, 0xDB, 0x77, 0xBB, 0xBF, 0xBB, 0xFB, 0xBB, 
	0xBB, 0xBB, 0xBF, 0xBB, 0xBA, 0xCF, 0xDB, 0xDC, 0xDB, 0xBB, 0xBB, 0xDB, 0x7F, 0xBD, 0xB7, 0xFF, 
	0xBB, 0xBB, 0xDD, 0xDB, 0xFB, 0xDB, 0xDC, 0xBF, 0x7F, 0xBD, 0xDC, 0xCC, 0xAA, 0xAD, 0xDC, 0xAA, 
	0xAE, 0xEE, 0xA6, 0x5E, 0x6C, 0x33, 0xAC, 0x33, 0x23, 0x25, 0x89, 0x99, 0xE2, 0x33, 0x22, 0x23, 
	0x33, 0x36, 0x5A, 0xA2, 0x66, 0x34, 0x44, 0x36, 0xCC, 0xC2, 0x22, 0x66, 0x22, 0x23, 0x22, 0x32, 
	0x22, 0x44, 0x74, 0x33, 0x34, 0x42, 0x24, 0x44, 0xDC, 0xFB, 0xAA, 0xDB, 0xBB, 0xCD, 0xFB, 0xCC, 
	0x26, 0x59, 0x9E, 0xAA, 0x9A, 0xAE, 0xEE, 0xE6, 0x6A, 0x6E, 0xA6, 0x6E, 0x66, 0xE9, 0x98, 0x89, 
	0xE9, 0x98, 0x89, 0x9E, 0xAA, 0xAC, 0xDD, 0xCA, 0x6E, 0xEA, 0xE9, 0x6E, 0x98, 0x8E, 0xCD, 0xAA, 
	0xDD, 0xDB, 0xBD, 0xDD, 0xDB, 0xFF, 0xFB, 0xBD, 0xBB, 0xDB, 0xFF, 0xBB, 0xFF, 0xFF, 0xFD, 0xDF, 
	0xBD, 0xDC, 0xCF, 0xFD, 0xBB, 0xDD, 0xCB, 0xFB, 0xBB, 0xDB, 0xBB, 0xBE, 0xAB, 0xDC, 0xCB, 0xDD, 
	0x7F, 0xBB, 0xCB, 0xFF, 0xBB, 0xFD, 0xDF, 0xFB, 0xDB, 0xCC, 0xF7, 0xBD, 0xBF, 0xBF, 0xFF, 0xDB, 
	0xBB, 0xBB, 0xBB, 0xBD, 0xC6, 0xCB, 0xDD, 0xCA, 0xDB, 0xBB, 0xFB, 0xFF, 0xFB, 0xBD, 0xD7, 0x7F, 
	0xDD, 0xBF, 0xBB, 0xBF, 0xFB, 0xDB, 0xDB, 0xBB, 0xFB, 0xDD, 0xCD, 0xBD, 0xAC, 0xCD, 0xDD, 0xAA, 
	0xCE, 0xEE, 0x6A, 0xE6, 0xEA, 0x33, 0xAD, 0x33, 0x32, 0x58, 0x89, 0x55, 0x53, 0x33, 0xC2, 0x23, 
	0x32, 0x25, 0x55, 0x62, 0xA6, 0x23, 0x44, 0x26, 0xDB, 0xD2, 0xA2, 0x66, 0x22, 0x34, 0x32, 0x32, 
	0x22, 0x34, 0x74, 0x33, 0x34, 0x73, 0xB4, 0x44, 0xDC, 0xBC, 0xAD, 0xCC, 0xBB, 0xAA, 0xBD, 0xCD, 
	0x65, 0x88, 0xEE, 0xAE, 0xEE, 0xEE, 0xEE, 0xAC, 0xA6, 0xAE, 0xA9, 0xEE, 0x6E, 0x99, 0x99, 0x89, 
	0x98, 0x9E, 0xEA, 0xAC, 0xCC, 0xCC, 0xCC, 0xAA, 0x9E, 0xAA, 0x99, 0xE9, 0x9E, 0x6C, 0xBB, 0xCC, 
	0xBD, 0xBB, 0xDB, 0xDD, 0xDD, 0xFF, 0xBB, 0xBB, 0xFB, 0xBD, 0xBB, 0xBB, 0xFF, 0xFF, 0xBD, 0xBB, 
	0xBC, 0xCC, 0xDB, 0xBB, 0xDD, 0xDD, 0xBB, 0xFB, 0xFD, 0xDB, 0xDD, 0xBA, 0xCB, 0xBD, 0xBB, 0xBD, 
	0xFB, 0xBD, 0x6C, 0xF7, 0xBB, 0xBC, 0xDF, 0xFF, 0xFF, 0xDA, 0xDF, 0xBD, 0xDB, 0xBF, 0xFF, 0xDB, 
	0xFB, 0xFF, 0xBD, 0xFC, 0xCC, 0xBD, 0xBC, 0xCC, 0xCB, 0xFF, 0xBF, 0xFB, 0xBB, 0xFB, 0xDF, 0x7F, 
	0xBD, 0xFF, 0xFF, 0xFF, 0xBF, 0xBB, 0xB7, 0xBC, 0xDD, 0xBC, 0xAD, 0xFB, 0xCC, 0xCC, 0xDD, 0xA6, 
	0xC6, 0xEE, 0xE6, 0xAA, 0xEA, 0xBD, 0x6C, 0x44, 0x36, 0x88, 0x88, 0xEE, 0x5A, 0x33, 0xD3, 0x33, 
	0x26, 0x66, 0x55, 0x62, 0x2A, 0x2A, 0x44, 0xAA, 0xBF, 0xD2, 0x62, 0x62, 0x22, 0x33, 0x33, 0x22, 
	0x23, 0x47, 0x44, 0x44, 0xDB, 0x74, 0x77, 0x77, 0x36, 0xDC, 0xCD, 0xCA, 0xAB, 0xDE, 0xEE, 0x6D, 
	0x59, 0x99, 0x9E, 0xCC, 0xCA, 0xAC, 0xCA, 0xEA, 0xEA, 0xE9, 0x59, 0xEA, 0x69, 0x99, 0xEE, 0xE6, 
	0xE9, 0xEC, 0xDB, 0xDD, 0xAC, 0xC6, 0xEE, 0x55, 0x9A, 0xA9, 0x9E, 0x99, 0xEC, 0xDB, 0xDD, 0xBB, 
	0xDC, 0xCD, 0xBB, 0xBB, 0xFD, 0xDD, 0xDB, 0xBF, 0xFD, 0xBB, 0xBF, 0xFD, 0xBB, 0xFB, 0xBD, 0xBD, 
	0xDB, 0xDB, 0xBB, 0xDD, 0xDC, 0xDF, 0xBD, 0xFF, 0xFD, 0xDF, 0xBC, 0xBF, 0xFB, 0xDB, 0xFD, 0xBD, 
	0xFD, 0xCA, 0xAB, 0xFF, 0xBD, 0xDB, 0xBF, 0xBB, 0xFB, 0xCA, 0xDD, 0xCC, 0xBD, 0xDD, 0xCC, 0xDF, 
	0xBB, 0xCC, 0xBD, 0xFC, 0xAB, 0xFB, 0xFB, 0xBB, 0xDC, 0xDF, 0xFD, 0xBB, 0xDF, 0xFF, 0xBB, 0xBF, 
	0xFB, 0xFF, 0xF7, 0x7F, 0xBF, 0xFB, 0xDF, 0xFC, 0xAC, 0xFD, 0xCD, 0xDD, 0xCD, 0xAC, 0xDC, 0xDA, 
	0xAC, 0xEE, 0xEC, 0xDC, 0xEA, 0xBA, 0x96, 0x4F, 0xA9, 0x89, 0x88, 0x99, 0xEA, 0x33, 0x33, 0x33, 
	0x65, 0x66, 0x55, 0x63, 0x22, 0x26, 0x34, 0xA3, 0xFF, 0xBA, 0x62, 0x22, 0x26, 0x23, 0x43, 0x22, 
	0x23, 0x74, 0xBB, 0xFB, 0xBF, 0xBB, 0x71, 0x77, 0xF2, 0xA6, 0xAA, 0xAC, 0x6C, 0xBD, 0xEE, 0x5E, 
	0xE5, 0xE5, 0xEA, 0xAC, 0x6E, 0x6A, 0x6E, 0x9E, 0x9E, 0x88, 0x89, 0x6A, 0xEE, 0x9E, 0x59, 0x5E, 
	0xEA, 0xDD, 0xDB, 0xDC, 0xAA, 0x69, 0x99, 0x89, 0xAA, 0xE9, 0x65, 0xEA, 0xDD, 0xDD, 0xBD, 0xDD, 
	0xDD, 0xCD, 0xBB, 0xDD, 0xBB, 0xDB, 0xDF, 0xFF, 0xFB, 0xBF, 0xFB, 0xBD, 0xBF, 0xFD, 0xBB, 0xDC, 
	0xBB, 0xBB, 0xBB, 0xBB, 0xDC, 0xDB, 0xDB, 0x77, 0xFD, 0xBB, 0xDD, 0xFF, 0xFB, 0xBF, 0x7D, 0xDD, 
	0xBB, 0xCB, 0xFF, 0xFF, 0xBD, 0xAB, 0xBB, 0xDD, 0xBC, 0xDF, 0xDD, 0xDD, 0xCC, 0xCA, 0xAC, 0xDB, 
	0xCD, 0xAC, 0xDA, 0xDC, 0xCD, 0xFF, 0xBB, 0xDD, 0xCC, 0xDD, 0xBD, 0xDB, 0xBF, 0x7F, 0xBB, 0xBB, 
	0xFB, 0x7F, 0xBF, 0xFB, 0xBF, 0xBD, 0xDB, 0xDC, 0xCB, 0xFB, 0xCD, 0xDD, 0xDC, 0x6D, 0xBD, 0xDA, 
	0x6A, 0xAA, 0xCA, 0xAC, 0xAA, 0xDE, 0x99, 0xCF, 0x68, 0x98, 0x88, 0x99, 0xEC, 0xCC, 0xD3, 0x22, 
	0x26, 0x65, 0x56, 0xA3, 0x33, 0x26, 0x23, 0xC3, 0xBF, 0x43, 0x22, 0x23, 0x35, 0x63, 0xF3, 0x22, 
	0x23, 0xBD, 0xDB, 0xFB, 0xDD, 0x3D, 0xF7, 0xF4, 0xFB, 0x2A, 0x65, 0xAA, 0x6A, 0xDF, 0xC6, 0x6E, 
	0xEE, 0x66, 0xAC, 0x66, 0x98, 0x99, 0x89, 0x88, 0x88, 0x00, 0x89, 0x6E, 0x9E, 0x9E, 0x99, 0x56, 
	0xCD, 0xBB, 0xCC, 0xAA, 0xA6, 0x99, 0x99, 0xEE, 0xAA, 0x96, 0xC6, 0xAD, 0xFB, 0xDD, 0xBC, 0xDD, 
	0xDB, 0xCD, 0xBD, 0xCD, 0xBB, 0xDB, 0xBF, 0xBD, 0xBB, 0xBF, 0xFB, 0xDD, 0xBF, 0xFB, 0xBB, 0xDD, 
	0xBB, 0xBB, 0xBF, 0xBB, 0xDC, 0xDB, 0xBF, 0x77, 0xFB, 0xBB, 0xDB, 0xFF, 0xDB, 0xF7, 0xFD, 0xCD, 
	0xBB, 0xBF, 0x7F, 0xBB, 0xCD, 0xCF, 0xBB, 0xDC, 0xDB, 0xDF, 0xDD, 0xBC, 0xAC, 0xCD, 0xCD, 0xBD, 
	0xCB, 0xCC, 0xCA, 0xAC, 0xBF, 0xFB, 0xBD, 0xDB, 0xDD, 0xDC, 0xDD, 0xDF, 0xFF, 0xFF, 0xBF, 0xBB, 
	0xFF, 0x7F, 0xBD, 0xBB, 0xBB, 0xDD, 0xBB, 0xAA, 0xCB, 0xBD, 0xDB, 0xDD, 0xCA, 0xAB, 0xFD, 0xCA, 
	0xAA, 0x6C, 0xDA, 0xE6, 0xAA, 0xA6, 0x58, 0x6D, 0xE9, 0x98, 0x88, 0x98, 0xEA, 0xA6, 0xC6, 0x22, 
	0x22, 0x65, 0x56, 0xA2, 0x33, 0x3A, 0xA2, 0xA2, 0xDF, 0x43, 0x32, 0x23, 0x36, 0x82, 0xF3, 0x22, 
	0x22, 0x2C, 0xDF, 0xFB, 0xDD, 0x3D, 0xDB, 0xBC, 0xDF, 0xBC, 0x6E, 0x66, 0x6A, 0xAF, 0xBA, 0xA6, 
	0xEE, 0x6C, 0xCA, 0x99, 0x88, 0x99, 0x99, 0x59, 0x95, 0x98, 0x88, 0xE5, 0x95, 0x9E, 0xEA, 0xAC, 
	0xBB, 0xBB, 0xA6, 0x6E, 0xEE, 0x9E, 0xEE, 0xAA, 0xA6, 0x6C, 0xDA, 0xCB, 0xFB, 0xDB, 0xBC, 0xCD, 
	0xDB, 0xDC, 0xDD, 0xDB, 0xBD, 0xBB, 0xBF, 0xDC, 0xDD, 0xBB, 0xFF, 0xBB, 0xDB, 0xFB, 0xBD, 0xBB, 
	0xDD, 0xDD, 0xF7, 0xFB, 0xCC, 0xBB, 0xF7, 0xFF, 0xFF, 0xBD, 0xBF, 0xFB, 0xDB, 0xF7, 0xBD, 0xDD, 
	0xBF, 0xF7, 0xFD, 0xAA, 0xAC, 0xBF, 0xBB, 0xDC, 0xDF, 0xDF, 0xBD, 0xFA, 0x6D, 0xBF, 0xBF, 0xFD, 
	0xCF, 0xFD, 0xCC, 0xCC, 0xF7, 0xFB, 0xFB, 0xDF, 0xFD, 0xBB, 0xDC, 0xDF, 0x7F, 0xDB, 0xFF, 0xBD, 
	0xFF, 0x7F, 0xBB, 0xDF, 0xBB, 0xDB, 0xFF, 0xA9, 0xAC, 0x6C, 0xBF, 0xDD, 0xAA, 0xCB, 0xBA, 0xEE, 
	0xCA, 0xEC, 0xDA, 0x66, 0xAE, 0xEA, 0xE9, 0x99, 0x9E, 0x98, 0x89, 0x98, 0x8E, 0xE9, 0x59, 0x63, 
	0x22, 0x26, 0x55, 0x66, 0x23, 0xD2, 0x23, 0x6E, 0x3B, 0x44, 0x33, 0x34, 0xBC, 0xE6, 0x43, 0x23, 
	0x26, 0xC3, 0xBF, 0xBF, 0xBB, 0xBB, 0xCA, 0xAA, 0xB7, 0xFC, 0xAA, 0xA6, 0xAC, 0xAC, 0xBD, 0xAA, 
	0x59, 0x6C, 0x69, 0x89, 0x9E, 0xAA, 0xAE, 0xAA, 0xAA, 0xE8, 0x88, 0x96, 0x99, 0x6A, 0xCD, 0xDD, 
	0xDB, 0xDC, 0xA5, 0x99, 0x9E, 0xEA, 0xAA, 0xCA, 0xAC, 0xCA, 0xCA, 0xAD, 0xDD, 0xDB, 0xBD, 0xA2, 
	0xDC, 0xAA, 0xAD, 0xBF, 0xBD, 0xBF, 0xFB, 0xDD, 0xDD, 0xDB, 0xBB, 0xDB, 0xDB, 0xBF, 0xFD, 0xFB, 
	0xBD, 0xDB, 0xFB, 0xBD, 0xCD, 0xDB, 0xFF, 0xBC, 0xCD, 0xDD, 0xFB, 0x7B, 0xDB, 0xDF, 0xDC, 0xBB, 
	0xFF, 0xFB, 0xDC, 0xCA, 0xDD, 0xDF, 0xDD, 0xDB, 0xBF, 0xCD, 0xFB, 0xFC, 0xAD, 0xBB, 0xFB, 0xDC, 
	0xCF, 0xFB, 0xDD, 0xBD, 0xF7, 0xBF, 0xDD, 0xF7, 0xFD, 0xDF, 0xDD, 0xDF, 0x7F, 0xDB, 0xFF, 0x7B, 
	0xDB, 0xFF, 0xBB, 0xDF, 0xFF, 0xFF, 0xFB, 0xCE, 0xEE, 0x9A, 0xBB, 0xDD, 0xCC, 0xAC, 0xDC, 0x96, 
	0xBD, 0x6C, 0xDA, 0xCC, 0xAE, 0xAE, 0x99, 0xE9, 0x99, 0x98, 0x08, 0x88, 0x88, 0x99, 0x99, 0x6A, 
	0x22, 0x62, 0x66, 0x66, 0xAC, 0xC3, 0xD3, 0x25, 0xAC, 0xCD, 0xD3, 0xBB, 0xBB, 0xC6, 0x24, 0x33, 
	0x3A, 0xCB, 0xDB, 0xFB, 0x4F, 0xBF, 0xBD, 0xDF, 0x71, 0xFD, 0xDD, 0xDC, 0x6C, 0xCA, 0xDF, 0xCA, 
	0x99, 0xEA, 0x98, 0x9E, 0xAC, 0xCC, 0xCE, 0xEA, 0xAC, 0xE8, 0x80, 0x96, 0x6A, 0xCD, 0xDD, 0xDC, 
	0xCD, 0xAE, 0xE8, 0xEA, 0xE6, 0x6C, 0xCC, 0xCC, 0xBD, 0xCD, 0xBC, 0xED, 0xCC, 0xDD, 0xDD, 0xAC, 
	0xBD, 0xCA, 0xCB, 0xBB, 0xDD, 0xBB, 0xBD, 0xDF, 0xBD, 0xDB, 0xDB, 0xBF, 0xBB, 0xBB, 0xFB, 0xBD, 
	0xDB, 0xBF, 0xBD, 0xDD, 0xBF, 0xFF, 0xFB, 0xCA, 0x6A, 0xCB, 0xFB, 0xFF, 0xCC, 0xDB, 0xDD, 0xDD, 
	0xBF, 0xBD, 0xBB, 0xBB, 0xFB, 0xBC, 0xAD, 0xDF, 0xBC, 0xCB, 0xBB, 0xFF, 0xDD, 0xBD, 0xFB, 0xBC, 
	0xAD, 0xBD, 0xCC, 0xBB, 0xFB, 0xBF, 0xDD, 0xBF, 0xFB, 0xDB, 0xBD, 0xDB, 0xFB, 0xBF, 0xBF, 0x7B, 
	0xDD, 0xBF, 0xBF, 0xBB, 0xBB, 0xBB, 0xFB, 0xBD, 0xE9, 0xEB, 0xDD, 0xDD, 0xDC, 0x66, 0xCA, 0xEC, 
	0xDC, 0xCD, 0xCC, 0xAC, 0xAA, 0xCE, 0x99, 0x99, 0x98, 0x88, 0x88, 0x99, 0x99, 0x88, 0x99, 0x52, 
	0x3A, 0x66, 0xAA, 0x26, 0x6A, 0xAC, 0xC3, 0x25, 0xA2, 0xAA, 0x3B, 0xDD, 0xBB, 0xB6, 0x24, 0x3D, 
	0xDA, 0xCB, 0xBF, 0xBF, 0x7F, 0xBF, 0xFB, 0x4F, 0xF7, 0xDB, 0xBF, 0xFD, 0xAC, 0xCD, 0xAB, 0xFB, 
	0x89, 0x95, 0x98, 0x9E, 0xCD, 0xCC, 0xA5, 0xEA, 0xAA, 0xAA, 0x5E, 0xE6, 0x6C, 0xDD, 0xCC, 0xAA, 
	0xAA, 0x98, 0x88, 0xEA, 0x6A, 0xAD, 0xDC, 0xCB, 0xFB, 0xCD, 0xBC, 0xAC, 0xAC, 0xBB, 0xDC, 0xAC, 
	0x4B, 0xDC, 0xDF, 0xDB, 0xDB, 0xBD, 0xBD, 0xDB, 0xBD, 0xBB, 0xFB, 0xFF, 0xBB, 0xBB, 0xFF, 0xBD, 
	0xBB, 0xFF, 0xDB, 0xBB, 0xF7, 0xBB, 0xBC, 0xEC, 0xCE, 0xCF, 0xFD, 0xFB, 0xCC, 0xBD, 0xBB, 0xDD, 
	0xBB, 0xDD, 0xBF, 0xBF, 0x7B, 0xDA, 0x6D, 0xBF, 0xDC, 0xBB, 0xDB, 0xF7, 0xBC, 0xDC, 0xBF, 0xFD, 
	0x6C, 0xDD, 0xCC, 0xBF, 0xBC, 0xDB, 0xDD, 0xDB, 0xBB, 0xCD, 0xDC, 0xDB, 0xBB, 0xBB, 0xDB, 0xFF, 
	0xFB, 0xBF, 0xBB, 0xBB, 0xBB, 0xCC, 0xDD, 0xBF, 0xDA, 0xDF, 0xBD, 0xDB, 0xBC, 0xAE, 0x6A, 0xAD, 
	0xAA, 0xDD, 0xAC, 0xEA, 0xAC, 0xCE, 0x99, 0x99, 0x98, 0x88, 0x88, 0x9E, 0x6A, 0x69, 0x99, 0x92, 
	0x26, 0x56, 0x6A, 0x26, 0xE6, 0x6A, 0xA3, 0x25, 0xA3, 0x6A, 0x3B, 0xDD, 0xBB, 0xBC, 0xCB, 0xBB, 
	0xBD, 0xCD, 0xDF, 0xBF, 0x7F, 0xBF, 0xBB, 0x4B, 0xBD, 0xCB, 0xF7, 0xFD, 0xDC, 0xCB, 0x6C, 0xFF, 
	0x98, 0x89, 0x99, 0x9E, 0xCC, 0x65, 0x95, 0xAA, 0xEE, 0xCB, 0xAA, 0xC6, 0x6C, 0xCA, 0x6A, 0x99, 
	0x69, 0x96, 0xA9, 0xEA, 0xAC, 0xCD, 0xDC, 0xDB, 0xBB, 0xCC, 0xDC, 0xCC, 0xCD, 0x44, 0x3A, 0xCD, 
	0xFF, 0xFD, 0xDF, 0xDB, 0xBB, 0xBB, 0xBD, 0xDD, 0xCD, 0xFF, 0xFB, 0xBF, 0xBB, 0xDD, 0xBB, 0xDB, 
	0xFB, 0xBB, 0xDF, 0xFB, 0xBB, 0xCD, 0xCC, 0xAB, 0xBC, 0xCB, 0xFD, 0xBB, 0xBB, 0xBD, 0xFB, 0xBD, 
	0xBC, 0xCD, 0xFF, 0xDF, 0xFD, 0xDB, 0xCD, 0xFB, 0xCB, 0xFB, 0xDB, 0xF7, 0xBC, 0xCA, 0xD7, 0xFD, 
	0xCC, 0x6C, 0xDB, 0xFF, 0xDC, 0xBA, 0xCB, 0xCE, 0x6D, 0xDC, 0xDC, 0xDD, 0xBF, 0xDD, 0xDD, 0xFF, 
	0x7F, 0xDB, 0xDD, 0xDB, 0xBB, 0xAA, 0xEE, 0x6D, 0xFB, 0xFF, 0xFD, 0xDF, 0xBC, 0xCE, 0xEA, 0xAA, 
	0xEA, 0xDA, 0xAC, 0xAA, 0xCA, 0xAE, 0x98, 0x89, 0x98, 0x88, 0x89, 0x9A, 0x33, 0x2A, 0x98, 0x8A, 
	0xA5, 0x5E, 0x56, 0xA6, 0xEE, 0xAA, 0xA2, 0x26, 0x22, 0x56, 0xDB, 0xBD, 0xDB, 0xBB, 0xDB, 0xB7, 
	0xFF, 0xDA, 0xCD, 0xBD, 0xFF, 0xBF, 0xDB, 0xBC, 0xDD, 0xCC, 0xF7, 0xFD, 0xBD, 0xCF, 0xAA, 0xFF, 
	0x99, 0x99, 0x99, 0xE9, 0xEE, 0xA5, 0x56, 0xEE, 0x6A, 0xDB, 0xCD, 0xDE, 0x6E, 0xE6, 0x6E, 0x99, 
	0xEE, 0xAB, 0xBA, 0xAC, 0xCC, 0xDC, 0xAC, 0xCC, 0xDD, 0xCA, 0xCC, 0xAA, 0xD4, 0x33, 0xCA, 0xC4, 
	0xB3, 0xBB, 0xBB, 0xBF, 0xBD, 0xDB, 0xFB, 0xFB, 0xDF, 0xBB, 0xBD, 0xDB, 0xFB, 0xDD, 0xBC, 0xCF, 
	0xDA, 0xDF, 0xBD, 0xDA, 0xAA, 0xAA, 0xAB, 0xBB, 0xDB, 0xBB, 0xBB, 0xBF, 0xFB, 0xDF, 0xFB, 0xFB, 
	0xFD, 0xCD, 0xDD, 0xBB, 0xBF, 0xBF, 0xFB, 0xFC, 0xCB, 0xD7, 0xBF, 0xFF, 0xFF, 0xCA, 0xB7, 0xFB, 
	0xFB, 0x6A, 0xBF, 0xBD, 0xDB, 0xFC, 0xAB, 0xDE, 0xEC, 0xFD, 0xBD, 0xDB, 0xFF, 0xDD, 0xBB, 0xFF, 
	0xBD, 0xCC, 0xFB, 0xBD, 0xDD, 0xAD, 0xCA, 0xEA, 0xDB, 0xDB, 0xFB, 0xBD, 0xAD, 0xCE, 0xEC, 0xEE, 
	0xEC, 0xBA, 0xCA, 0xCD, 0xCC, 0xAA, 0xE9, 0x8E, 0x99, 0x80, 0x88, 0x9D, 0xF4, 0x33, 0x68, 0x89, 
	0x59, 0x95, 0xEE, 0x66, 0x56, 0x62, 0x36, 0x66, 0x66, 0x55, 0xAD, 0xDD, 0xDD, 0xFB, 0xBB, 0xFB, 
	0xF7, 0xBC, 0xCA, 0xCD, 0xBF, 0xCD, 0xBD, 0xBD, 0xFB, 0xDA, 0xCB, 0xBB, 0xDA, 0xCF, 0xCE, 0xDF, 
	0xAA, 0xA6, 0xEA, 0xAA, 0xAA, 0xCC, 0xCA, 0xAA, 0xDD, 0xBF, 0xBC, 0xAE, 0x66, 0x66, 0x6E, 0xE6, 
	0xEE, 0xCF, 0xBD, 0xDD, 0xCC, 0xDC, 0xAD, 0xBD, 0xBB, 0xDC, 0xDD, 0xCC, 0xB3, 0x33, 0x33, 0xC3, 
	0xD2, 0xBF, 0xBB, 0xFB, 0xDB, 0xBF, 0xFB, 0xBB, 0xBB, 0xDC, 0xDD, 0xDC, 0xBF, 0xBD, 0xCA, 0xCB, 
	0xCB, 0xDB, 0xBD, 0xDE, 0xEA, 0xDD, 0xAB, 0xFB, 0xDB, 0xBB, 0xFF, 0xFF, 0xBB, 0xB7, 0xBD, 0xBD, 
	0xDD, 0xCD, 0xDD, 0xFB, 0xDB, 0xFF, 0xFF, 0xDA, 0xDD, 0xD7, 0xFF, 0xFF, 0xF7, 0xBF, 0xFF, 0xFF, 
	0x7B, 0xDC, 0xDB, 0xBD, 0xBB, 0xFC, 0xCB, 0xCA, 0xAB, 0x7F, 0xFB, 0xCB, 0x77, 0xBB, 0xBF, 0xFF, 
	0xDC, 0xCC, 0xFF, 0xBC, 0xDC, 0xAD, 0xDD, 0xDC, 0xBF, 0xDD, 0xFD, 0xCA, 0xEA, 0xAA, 0xCC, 0xEE, 
	0xCC, 0xBB, 0xBA, 0xCC, 0xAA, 0x66, 0xAE, 0xEE, 0x98, 0x90, 0x00, 0x54, 0x77, 0x34, 0xD9, 0x89, 
	0x95, 0x95, 0x66, 0x66, 0x66, 0x23, 0x32, 0x66, 0xA6, 0x55, 0x6D, 0xDB, 0xDD, 0xDD, 0xDB, 0xBC, 
	0xF7, 0xDC, 0xDB, 0xCB, 0xFF, 0xCD, 0xFB, 0xBB, 0xFF, 0xDA, 0xCD, 0xDD, 0xDA, 0xCF, 0xDC, 0xCD, 
	0xAA, 0xAA, 0xEA, 0xAC, 0xCC, 0xDB, 0xBC, 0xAA, 0xDD, 0xBF, 0xDA, 0x6E, 0x6A, 0xA6, 0xEE, 0x66, 
	0xEE, 0xDB, 0xDD, 0xDC, 0xAC, 0xDC, 0xCD, 0xBB, 0xBD, 0xDC, 0xDB, 0xDB, 0xB3, 0x22, 0x33, 0xC3, 
	0xCA, 0xBF, 0xBB, 0xBD, 0xDD, 0xBF, 0xFB, 0xBB, 0xBD, 0xDB, 0xBB, 0xDC, 0xBB, 0xFB, 0xEE, 0xBB, 
	0xCB, 0xBD, 0xDD, 0xDA, 0xCD, 0xBD, 0xCB, 0xFB, 0xBB, 0xBB, 0xFF, 0xFF, 0xBB, 0xFF, 0xBC, 0xDA, 
	0xAC, 0xDB, 0xDB, 0xBB, 0xDB, 0xBD, 0xBB, 0xCC, 0xBD, 0xDF, 0xFF, 0xFF, 0xBF, 0xF7, 0xFF, 0xF7, 
	0x7B, 0xBB, 0xDD, 0xBD, 0xDD, 0xBD, 0xBB, 0xC6, 0xAF, 0x7F, 0xFB, 0xCB, 0x77, 0xBB, 0xDB, 0xFF, 
	0xCC, 0xBD, 0xFF, 0xBB, 0xDD, 0xCC, 0xDB, 0xBD, 0xB7, 0xBB, 0xFD, 0xAA, 0xA9, 0xEA, 0xDC, 0xEA, 
	0xDC, 0xDF, 0xFD, 0xDC, 0x6E, 0xE6, 0xAA, 0xA6, 0x59, 0x98, 0x88, 0x53, 0x77, 0x34, 0xB9, 0x89, 
	0x95, 0x55, 0x66, 0x66, 0x65, 0x23, 0x42, 0x56, 0x26, 0x65, 0x6D, 0xBD, 0xDC, 0xCC, 0xCD, 0xBC, 
	0xFF, 0xAA, 0xBF, 0xBF, 0x7F, 0xBB, 0xFF, 0xBF, 0xFF, 0xDC, 0xCC, 0xCC, 0xCC, 0xDB, 0xBD, 0xCC, 
	0xE9, 0xEA, 0xE6, 0xEA, 0xCC, 0xC3, 0xDC, 0xE6, 0xE6, 0xCC, 0xCC, 0xA6, 0x96, 0xA6, 0x9E, 0xA5, 
	0xE6, 0xFB, 0xCC, 0xAA, 0x6D, 0xCC, 0xCC, 0xDD, 0xDC, 0xAA, 0xDD, 0xD4, 0x32, 0x2A, 0xD2, 0x23, 
	0x26, 0xDF, 0xFF, 0xDB, 0xBD, 0xBF, 0xFF, 0xFD, 0xDD, 0xBB, 0xBF, 0xBD, 0xDD, 0xBF, 0xAA, 0xBD, 
	0xCB, 0xDC, 0xCC, 0xCD, 0xDD, 0xBD, 0xBF, 0xBB, 0xFF, 0xFB, 0xBF, 0xFF, 0xBF, 0xFD, 0xDA, 0xA6, 
	0xCC, 0xDB, 0xBF, 0xBB, 0xBF, 0xBD, 0xCD, 0xCD, 0xBD, 0xBB, 0xFB, 0xFF, 0xDD, 0x77, 0xFB, 0xBF, 
	0xFB, 0xBF, 0xDD, 0xDC, 0xCD, 0xBF, 0xBF, 0xDA, 0xAB, 0xF7, 0xBB, 0xBB, 0xFF, 0xBF, 0xDB, 0xBB, 
	0xDB, 0xFB, 0xBB, 0xFF, 0xBF, 0xBD, 0xDF, 0xBC, 0xBF, 0xBB, 0xFB, 0xCD, 0xCA, 0xAD, 0xBB, 0xAC, 
	0xDD, 0xBF, 0xFF, 0xBD, 0xCE, 0xEA, 0xEC, 0xDA, 0xEE, 0xE9, 0xE9, 0x96, 0xF7, 0x34, 0x39, 0x88, 
	0x89, 0xE6, 0x66, 0x62, 0x26, 0x24, 0x42, 0x66, 0x22, 0x65, 0x63, 0xBC, 0xDC, 0xCA, 0xAC, 0xBB, 
	0xFD, 0xAC, 0xBF, 0xFF, 0xF7, 0xFF, 0xBB, 0xBB, 0xFF, 0xDC, 0xDC, 0xAE, 0xAD, 0xDB, 0xBC, 0xDC, 
	0x98, 0x8E, 0xA9, 0x85, 0xEE, 0xE6, 0xE9, 0x99, 0x99, 0xE6, 0x66, 0x69, 0x96, 0x6E, 0xEA, 0xAA, 
	0xCD, 0xFB, 0xCA, 0xAC, 0x6C, 0xDC, 0x6E, 0xDB, 0xCA, 0xAD, 0xCD, 0x33, 0x22, 0x22, 0x32, 0xAB, 
	0x26, 0xDF, 0x7B, 0xDB, 0xBD, 0xDB, 0x77, 0xFB, 0xDF, 0xDD, 0xDF, 0xFB, 0xBC, 0xDB, 0xBB, 0xDC, 
	0xAC, 0xA6, 0xAD, 0xDD, 0xCC, 0xDB, 0xF7, 0xFF, 0xFF, 0xFB, 0xFF, 0xBD, 0xDB, 0xFC, 0xCA, 0xEC, 
	0xDD, 0xDF, 0xFF, 0xFF, 0xFF, 0xBB, 0xCC, 0xBB, 0xBB, 0xFF, 0x7F, 0x7F, 0xBC, 0xBF, 0x7F, 0xBC, 
	0xBF, 0xF7, 0xBB, 0xCD, 0xDD, 0xB7, 0xFF, 0xFB, 0xBF, 0xFB, 0xBF, 0x7F, 0xDD, 0xFF, 0xBF, 0xFB, 
	0xFF, 0xF7, 0xBB, 0xBF, 0xFF, 0xBB, 0xDB, 0xDA, 0xCD, 0xBB, 0xFF, 0xBB, 0xBD, 0xBF, 0xFF, 0xDD, 
	0xCC, 0xFF, 0xBB, 0xBF, 0xDA, 0xCE, 0xEA, 0xDD, 0xAA, 0xAA, 0xA9, 0x89, 0xC4, 0x47, 0x28, 0x08, 
	0x89, 0x62, 0x22, 0x26, 0x65, 0x27, 0x43, 0x22, 0x23, 0x66, 0x62, 0xCC, 0xCC, 0xCC, 0xCD, 0xDF, 
	0xFD, 0xDB, 0xDD, 0xBF, 0x7F, 0xBB, 0xDC, 0xFF, 0xBB, 0xCC, 0xBD, 0xAE, 0xCC, 0x6C, 0xBC, 0xBC, 
	0x69, 0x89, 0xAE, 0x99, 0x98, 0x80, 0x09, 0x6E, 0x99, 0x95, 0x5E, 0x68, 0xEC, 0xAA, 0xCD, 0xA6, 
	0xAC, 0xDD, 0xCC, 0xDA, 0xEC, 0xBF, 0x6A, 0xBD, 0xAA, 0xDD, 0xAC, 0x33, 0x2A, 0xA2, 0x32, 0xAB, 
	0xDA, 0xCB, 0xFD, 0xDB, 0xFB, 0xBF, 0xFF, 0xFB, 0xBB, 0xBD, 0xDD, 0xBF, 0xBD, 0xDD, 0xFF, 0xCA, 
	0xCD, 0xCA, 0xCB, 0xBD, 0xDB, 0xBF, 0xF7, 0x7F, 0xBD, 0xDD, 0xB7, 0xBD, 0xBF, 0xBC, 0xDB, 0xBB, 
	0xBB, 0xDF, 0xFF, 0xFB, 0xBF, 0xFF, 0xBB, 0xFB, 0xBD, 0xBB, 0xF7, 0xFF, 0xFD, 0xDB, 0xFF, 0xBC, 
	0xFF, 0xFF, 0xDD, 0xDB, 0xBB, 0xFF, 0xBB, 0xFF, 0xF7, 0xBD, 0xF7, 0x7F, 0xDD, 0xDB, 0xF7, 0x7B, 
	0xFF, 0xBF, 0xFF, 0xBF, 0x77, 0xFB, 0xBB, 0xBD, 0xCC, 0xDB, 0xFB, 0xBF, 0xFB, 0xBB, 0xBB, 0xDC, 
	0xCA, 0xDD, 0xDD, 0xBD, 0xCC, 0xCE, 0xEC, 0xDC, 0xCA, 0xCC, 0xAE, 0xE9, 0x52, 0x44, 0x68, 0x89, 
	0x88, 0xEC, 0x22, 0x2A, 0x66, 0xA4, 0x73, 0x22, 0xA2, 0x22, 0x6A, 0xCC, 0xCC, 0xAA, 0xCC, 0xCB, 
	0xBB, 0xBB, 0xDC, 0xCB, 0xFB, 0xBB, 0xBD, 0xFF, 0xBD, 0xCB, 0xDC, 0xCC, 0xC6, 0x9A, 0xDD, 0xFF, 
	0x66, 0xAE, 0xC6, 0xEE, 0x55, 0x99, 0x89, 0x6E, 0x99, 0x98, 0x0E, 0xC6, 0xCD, 0xCC, 0xDD, 0xCA, 
	0xAA, 0xCC, 0xAC, 0xBA, 0x6C, 0xBF, 0xAC, 0xBD, 0x6C, 0xBD, 0x62, 0x33, 0x2A, 0x62, 0x32, 0xCB, 
	0xDA, 0xAD, 0xDD, 0xDB, 0xFF, 0xBF, 0xFB, 0xBD, 0xBD, 0xBB, 0xCA, 0xDF, 0xBB, 0xDC, 0xBB, 0xCD, 
	0xDB, 0xDD, 0xBF, 0xFF, 0xBF, 0xFF, 0xFF, 0xFB, 0xDC, 0xCC, 0xDF, 0xBB, 0xFF, 0xDC, 0xBF, 0xFF, 
	0xBB, 0xBF, 0xBB, 0xBF, 0xBF, 0xFF, 0xFF, 0xBB, 0xBC, 0xCD, 0xDF, 0xFB, 0xFB, 0xFD, 0xDB, 0xBF, 
	0xFF, 0xFF, 0xDC, 0xBF, 0xDB, 0xBD, 0xCB, 0xFB, 0xBF, 0xBB, 0xFF, 0xFB, 0xBB, 0xBB, 0xF7, 0x7F, 
	0xFB, 0xDB, 0xFF, 0xBF, 0x77, 0xFF, 0xFB, 0xFB, 0xDB, 0xDD, 0xBD, 0xDB, 0xBC, 0xDD, 0xBD, 0xCC, 
	0xBD, 0xCA, 0xCB, 0xBD, 0xAA, 0xCA, 0xAD, 0xDC, 0xA6, 0xAC, 0xEE, 0x66, 0x95, 0x33, 0x98, 0x89, 
	0x88, 0x9C, 0x22, 0x2A, 0x66, 0x63, 0xF3, 0x22, 0xAA, 0x22, 0x56, 0xCC, 0xCC, 0xCA, 0xCC, 0xAC, 
	0xDB, 0xDD, 0xCA, 0xCD, 0xBD, 0xDF, 0xBB, 0xFF, 0xBD, 0xDB, 0xDC, 0xDD, 0x69, 0x9A, 0xDD, 0xF7, 
	0xEA, 0xCA, 0xCA, 0x6A, 0xE6, 0x9E, 0x99, 0xEE, 0x9E, 0xE9, 0x8E, 0xBC, 0xBD, 0xCC, 0xCC, 0xDC, 
	0xAA, 0xCD, 0x6C, 0xDA, 0xAC, 0xCA, 0xCC, 0xBC, 0xAC, 0x33, 0x2C, 0xC3, 0x32, 0x62, 0xD3, 0xBD, 
	0xCA, 0xCC, 0xCC, 0xDB, 0xFF, 0xFB, 0xBB, 0xDD, 0xDB, 0xFB, 0xCA, 0xDF, 0xFF, 0xDC, 0xBB, 0xDF, 
	0xFB, 0xBF, 0xFF, 0xF7, 0xBB, 0xF7, 0xFD, 0xDD, 0xDD, 0xDB, 0xAC, 0xFB, 0xFF, 0xDC, 0xDF, 0x7B, 
	0xFB, 0xBF, 0xFD, 0xB7, 0xFB, 0xFB, 0xFB, 0xDF, 0xBD, 0xCD, 0xCD, 0xFB, 0xFF, 0x7B, 0xBD, 0xB7, 
	0xBD, 0xFF, 0xBD, 0xFF, 0xBD, 0xDC, 0xAB, 0xFD, 0xDB, 0xBB, 0xBC, 0xDB, 0xFF, 0xFF, 0xFF, 0xFF, 
	0xFD, 0xBF, 0xFF, 0xBF, 0xFF, 0xB7, 0x7B, 0xBB, 0xBB, 0xBB, 0xBD, 0xDD, 0xAA, 0x6A, 0xDB, 0xDD, 
	0xFF, 0xDC, 0xDF, 0xBD, 0xAA, 0xDC, 0xDB, 0xDD, 0x6A, 0xEA, 0xEE, 0xAA, 0xAE, 0xAA, 0x99, 0x88, 
	0x98, 0x82, 0x33, 0x32, 0x25, 0x52, 0x44, 0x26, 0x66, 0xA2, 0x6A, 0xCC, 0xAC, 0xDA, 0xAA, 0xAC, 
	0xCD, 0xCC, 0xAA, 0xDB, 0xBD, 0xDB, 0xDF, 0xFF, 0xFB, 0xBD, 0xCD, 0xBC, 0xEE, 0xCD, 0xBC, 0xB7, 
	0xAD, 0xCD, 0xD6, 0x5E, 0xEE, 0x9E, 0x99, 0x98, 0x96, 0xCA, 0xEC, 0xFD, 0xDC, 0xCA, 0xEA, 0xCA, 
	0xCC, 0xBB, 0xEA, 0xDC, 0xCC, 0xDA, 0xAD, 0xCA, 0x3C, 0x3F, 0x4F, 0x43, 0xA2, 0x26, 0x2C, 0xD2, 
	0xAA, 0xEE, 0x6C, 0xDC, 0xBB, 0xBB, 0xBC, 0xCB, 0xBF, 0xBD, 0xDB, 0xBB, 0xBB, 0xBB, 0xDD, 0xD7, 
	0x7B, 0xF7, 0x7B, 0xBF, 0xDC, 0xCD, 0xDC, 0xAC, 0xBB, 0xFF, 0xBC, 0xBF, 0xBD, 0xCD, 0xB7, 0xFF, 
	0xFB, 0xFF, 0xBB, 0xBF, 0x7F, 0xFB, 0xDD, 0xBB, 0xFF, 0xBF, 0xCD, 0x7F, 0xF7, 0xF7, 0xFD, 0xFF, 
	0xCC, 0xBB, 0xFF, 0xF7, 0x7B, 0xBD, 0xCD, 0xBF, 0xFF, 0xF7, 0xFA, 0xEC, 0xDB, 0x7B, 0xBF, 0xBD, 
	0xDB, 0xFF, 0xFB, 0xDB, 0xBF, 0xBF, 0xBB, 0xF7, 0xFD, 0xDB, 0xBB, 0xBA, 0x6A, 0xAC, 0xF7, 0xFF, 
	0xFF, 0xDD, 0xFD, 0xAA, 0xDD, 0xFB, 0xDB, 0xBD, 0x6A, 0xEE, 0xEE, 0xAA, 0xBC, 0xE6, 0xE8, 0x88, 
	0x98, 0x85, 0x34, 0x33, 0x69, 0x92, 0x23, 0x6E, 0xEE, 0x6A, 0xAC, 0xCD, 0xAA, 0xC6, 0x6A, 0x66, 
	0xAB, 0xDA, 0xCD, 0xDC, 0xCC, 0xAC, 0xCD, 0xCD, 0xB7, 0xFB, 0xDB, 0xBB, 0xDB, 0xFF, 0xDD, 0xDB, 
	0xEA, 0xAC, 0xDE, 0xAE, 0xEE, 0x9E, 0xE9, 0xE9, 0xEA, 0xCA, 0xAD, 0xDA, 0xCC, 0xCA, 0x6A, 0x6E, 
	0xAC, 0xFD, 0xAD, 0xCA, 0xCA, 0xA6, 0xCC, 0xAC, 0x22, 0x3B, 0x3B, 0x33, 0xAA, 0xAE, 0xAA, 0xA6, 
	0x66, 0xE6, 0xAD, 0xDA, 0xCC, 0xBB, 0xDC, 0xBF, 0xBB, 0xBD, 0xBB, 0xBB, 0xBB, 0xBF, 0xBB, 0xBF, 
	0xFB, 0xBB, 0xFF, 0xBD, 0xBD, 0xCA, 0xCD, 0xCC, 0xDC, 0xBF, 0xBB, 0xFF, 0xBB, 0xCB, 0xFF, 0x77, 
	0xFF, 0xBB, 0xDD, 0xBF, 0x7F, 0xBB, 0xBB, 0xBD, 0xF7, 0xBF, 0xFB, 0xFB, 0xDB, 0xBF, 0xFF, 0xFF, 
	0xBB, 0xFF, 0xFF, 0xFF, 0x7F, 0xBD, 0xDB, 0xF7, 0xFF, 0xFF, 0xBA, 0xA6, 0xDB, 0xBB, 0xBB, 0xBD, 
	0xDF, 0xBB, 0xFB, 0xBF, 0xDB, 0xFF, 0xBB, 0xFB, 0xFD, 0xCD, 0xDC, 0xC6, 0xCC, 0xBB, 0xF7, 0xFF, 
	0xFF, 0xBF, 0x7D, 0x9E, 0xCB, 0xFB, 0xDD, 0xBD, 0xCD, 0xEE, 0xAA, 0x6A, 0xFD, 0xEE, 0xE9, 0x88, 
	0x89, 0x89, 0x23, 0x42, 0x58, 0x92, 0x56, 0x55, 0xEE, 0xAA, 0xAA, 0xAA, 0x6A, 0xAA, 0xCA, 0x6A, 
	0xCD, 0xDC, 0xDB, 0xDC, 0xDA, 0xAA, 0xCC, 0xEA, 0xDB, 0xBB, 0xDC, 0xDB, 0xCD, 0xFB, 0xBB, 0xCC, 
	0x99, 0x9A, 0xA6, 0xC6, 0x99, 0xEA, 0x6E, 0xA6, 0x6A, 0xCC, 0xCC, 0xE9, 0xAC, 0xAA, 0xAA, 0x9E, 
	0xAC, 0x7B, 0xDB, 0xC6, 0xAA, 0xEA, 0xCC, 0xCC, 0x22, 0x32, 0xA3, 0x32, 0xA6, 0x6E, 0xCA, 0x6C, 
	0xAA, 0xCD, 0xDB, 0xBA, 0xCC, 0xBF, 0xBB, 0xBB, 0xBB, 0xBB, 0xFB, 0xDB, 0xFB, 0xBF, 0xBB, 0xFF, 
	0xBD, 0xDC, 0xDF, 0xBB, 0xBB, 0xDC, 0xCC, 0xCD, 0xDC, 0xDF, 0xBB, 0xFB, 0xBF, 0xBB, 0xFF, 0x7F, 
	0xBB, 0xDB, 0xDB, 0xBF, 0x7F, 0xBB, 0xFB, 0xBB, 0xFF, 0xBB, 0xFB, 0xBD, 0xAD, 0xFF, 0xFF, 0xFF, 
	0xFF, 0xFF, 0xFF, 0xBB, 0xFF, 0xBB, 0xBF, 0x7F, 0xFB, 0xBB, 0xDB, 0xDA, 0xDB, 0xDD, 0xDB, 0xBD, 
	0xDB, 0xDB, 0xFB, 0xFF, 0xBB, 0xBB, 0xBF, 0xFC, 0xBB, 0xDD, 0xBC, 0xAA, 0xBB, 0xFB, 0xF7, 0xBB, 
	0xBF, 0xF7, 0x7D, 0xAA, 0xDF, 0xFB, 0xDB, 0xBD, 0xDD, 0xAE, 0xAA, 0xE6, 0xFB, 0xEE, 0xE9, 0x88, 
	0x89, 0x88, 0x53, 0x42, 0x98, 0x96, 0x98, 0x95, 0xEE, 0xAA, 0x6A, 0xAE, 0xEA, 0xAC, 0xCC, 0xCA, 
	0xCD, 0xCD, 0xBB, 0xDD, 0xDC, 0xCA, 0xCC, 0xAC, 0xBC, 0xBB, 0xCA, 0xCD, 0xAC, 0xDB, 0x4B, 0xCA, 
	0xAA, 0xEC, 0xA6, 0xC6, 0x99, 0xAC, 0xAA, 0xCA, 0xA6, 0xA3, 0xC6, 0xEE, 0x5A, 0x6A, 0xCA, 0xEE, 
	0xAD, 0x7B, 0xBB, 0xCA, 0xCA, 0xAD, 0xAA, 0xC2, 0x33, 0x42, 0xA4, 0x4A, 0x2A, 0xEA, 0xDD, 0xCB, 
	0xCD, 0xBF, 0xBF, 0xBC, 0xDD, 0xB4, 0xFF, 0xDD, 0xFB, 0xBF, 0xFB, 0xDD, 0xBD, 0xDF, 0xFF, 0x7F, 
	0xFD, 0xCC, 0xBF, 0xFF, 0xBD, 0xBD, 0xCA, 0xDF, 0xBD, 0xBF, 0xFF, 0xBD, 0xAB, 0xFF, 0xBF, 0xFA, 
	0xCD, 0xCD, 0xBF, 0xBF, 0xFB, 0xBB, 0xBC, 0xB7, 0xBB, 0xBD, 0xBB, 0xBB, 0xDB, 0x77, 0xFD, 0xFB, 
	0xBF, 0xBF, 0xFF, 0xBD, 0xBF, 0xB7, 0xFF, 0xFB, 0xBD, 0xDC, 0xB7, 0xFD, 0xDD, 0xCC, 0xCD, 0xDB, 
	0xBB, 0xDF, 0xFB, 0xBB, 0xFB, 0xDB, 0xBF, 0xD6, 0xCD, 0xDB, 0xFB, 0xDB, 0xFF, 0xBF, 0xBF, 0xBD, 
	0xDB, 0xFF, 0xFB, 0xDD, 0xB7, 0xFB, 0xBF, 0xBD, 0xDA, 0xC6, 0xAA, 0x9E, 0xFB, 0xE9, 0x99, 0x99, 
	0x89, 0x98, 0x93, 0x3E, 0x89, 0x99, 0x99, 0x9E, 0xE9, 0xE6, 0xEA, 0xAE, 0x9E, 0xCC, 0xAC, 0xDC, 
	0xCD, 0xCB, 0xDC, 0xDB, 0xDC, 0xDC, 0xCD, 0xDB, 0xBC, 0xDD, 0xCA, 0xCC, 0xEC, 0xAF, 0xBB, 0xBC, 
	0xBD, 0x6C, 0xA6, 0xAE, 0xE6, 0xCD, 0xDC, 0x43, 0x66, 0x6A, 0xA6, 0xAA, 0x9E, 0xAC, 0xA6, 0xAC, 
	0xBF, 0xBD, 0xBB, 0xDB, 0xBD, 0xFF, 0xCA, 0xAD, 0x32, 0xB4, 0x3D, 0x3C, 0xBD, 0xAD, 0xBF, 0xFB, 
	0xDF, 0xBB, 0xDF, 0xBD, 0xBB, 0xBF, 0xBD, 0xDB, 0xFB, 0xBB, 0xBB, 0xBD, 0xBB, 0xBB, 0xFF, 0xFB, 
	0xFB, 0xBB, 0xDF, 0xFF, 0xDD, 0xDA, 0xAD, 0xBB, 0xDF, 0x7F, 0xBC, 0xDC, 0xAD, 0xDD, 0xDF, 0xDE, 
	0x6A, 0xCF, 0xDB, 0xBB, 0xBB, 0xFD, 0xBB, 0xFF, 0xF7, 0xBC, 0xBD, 0xF7, 0x77, 0xFF, 0xBD, 0xBB, 
	0xBB, 0xBF, 0xFB, 0xDB, 0xF7, 0xFF, 0xFD, 0xBF, 0xFB, 0xDD, 0xF7, 0x7D, 0xDD, 0xCE, 0xAB, 0xFB, 
	0xDF, 0xFF, 0xFB, 0xFF, 0x7F, 0xB7, 0x77, 0xA9, 0x6C, 0xCB, 0xF7, 0xFF, 0xFD, 0xCD, 0xBB, 0xCA, 
	0xAD, 0xBB, 0xBF, 0xBF, 0xBF, 0xDF, 0xBD, 0xBB, 0xCA, 0xCC, 0xCA, 0xEE, 0xBC, 0x59, 0x9E, 0xE8, 
	0x88, 0x88, 0x9C, 0xA9, 0x9E, 0xE9, 0x9E, 0xEA, 0xE9, 0x5A, 0xA6, 0xAA, 0xEA, 0xAA, 0xAC, 0xDC, 
	0xCD, 0xCD, 0xCA, 0xBB, 0xCA, 0xDD, 0xBB, 0xBB, 0xDC, 0xDD, 0xDC, 0xDA, 0xEC, 0xCB, 0xDD, 0xDB, 
	0xDC, 0xCD, 0xCA, 0xCA, 0xAA, 0xAC, 0xCC, 0xC2, 0x65, 0x56, 0x22, 0xAA, 0xEA, 0xDB, 0xDD, 0xDB, 
	0xFB, 0xDC, 0xDB, 0xBF, 0xBD, 0xBF, 0xB2, 0xAB, 0xB3, 0x33, 0x3C, 0xC3, 0xBD, 0xAD, 0xBF, 0xFD, 
	0xDF, 0xBB, 0xBF, 0xBC, 0xDD, 0xFB, 0xDD, 0xDB, 0xFB, 0xBB, 0xBB, 0xBB, 0xDD, 0xBB, 0xFB, 0xBD, 
	0xBB, 0xBD, 0xBF, 0xFF, 0xDC, 0xCE, 0xAB, 0xBB, 0xBF, 0x7B, 0xCC, 0xDD, 0xCC, 0xCC, 0xAD, 0xCA, 
	0xCD, 0xDF, 0xBD, 0xCC, 0xDD, 0xBB, 0xBF, 0xBB, 0xFF, 0xBD, 0xBB, 0xFF, 0xFF, 0xFF, 0xBB, 0xFF, 
	0xFF, 0xBB, 0xBB, 0xFF, 0xF7, 0xBB, 0xBD, 0xBF, 0xFF, 0xBB, 0xFB, 0xBB, 0xBB, 0xDE, 0xAB, 0xBD, 
	0xDF, 0xFB, 0xBF, 0xBB, 0xFB, 0xB7, 0x1F, 0xAE, 0xAD, 0xDD, 0xBF, 0xF7, 0xBD, 0xCA, 0xDD, 0xAA, 
	0xBF, 0xFF, 0xFF, 0xBB, 0xFB, 0xDF, 0xBC, 0xBD, 0xDA, 0xCD, 0xDA, 0xAA, 0xCA, 0xEE, 0xEE, 0x69, 
	0x99, 0x99, 0x96, 0xE8, 0x9E, 0x59, 0x9E, 0xE6, 0x65, 0xEA, 0xAA, 0x6E, 0xEA, 0xA6, 0xAC, 0xDD, 
	0xDC, 0xDB, 0xDA, 0xDB, 0xCC, 0xCB, 0xBC, 0xDD, 0xBB, 0xDC, 0xDD, 0xBD, 0xAA, 0xCB, 0xCC, 0xDB, 
	0x6A, 0xCC, 0xCC, 0xCC, 0xC6, 0x5E, 0xAC, 0xE5, 0x55, 0x56, 0x32, 0x6E, 0xAA, 0xDB, 0xDD, 0xBF, 
	0xBB, 0xBB, 0xDB, 0xBF, 0xBF, 0xBB, 0xFD, 0x23, 0xD3, 0x23, 0x22, 0xC3, 0xBD, 0xCD, 0xDB, 0xBD, 
	0xBF, 0xBB, 0xBF, 0xDC, 0xDD, 0xBB, 0xDD, 0xDD, 0xBB, 0xBB, 0xBB, 0xFB, 0xDC, 0xBB, 0xFB, 0xBD, 
	0xCB, 0xBF, 0xBF, 0xFF, 0xDC, 0xAC, 0xBB, 0xBB, 0xBF, 0xFD, 0xAD, 0xBB, 0xDC, 0xCB, 0xCC, 0xCC, 
	0xBD, 0xBF, 0xDC, 0xAA, 0xBD, 0xBB, 0xBB, 0xDC, 0xFF, 0xBB, 0xBB, 0xBB, 0xDB, 0xBB, 0xDF, 0xFF, 
	0xBF, 0xBB, 0xBF, 0x7F, 0xFF, 0xDD, 0xBB, 0xFF, 0xF7, 0xFB, 0xFD, 0xDF, 0xFF, 0xBA, 0xCF, 0xBC, 
	0xDF, 0xFB, 0xBF, 0xBB, 0xBB, 0xF7, 0x7B, 0xBD, 0xCB, 0xBB, 0xDB, 0xF7, 0xFB, 0xBA, 0xCD, 0xAC, 
	0xF7, 0xFF, 0xBF, 0xFF, 0x7B, 0xB7, 0xBB, 0xFB, 0xDA, 0xCB, 0xDC, 0xAC, 0xAA, 0xE6, 0x6E, 0x6E, 
	0x59, 0x99, 0x95, 0x99, 0x9E, 0x99, 0xEE, 0xEE, 0x6E, 0x6A, 0xAA, 0xE9, 0xEA, 0xAA, 0xAC, 0xCB, 
	0xBA, 0xDF, 0xFC, 0xDB, 0xBD, 0xCB, 0xDA, 0xAC, 0xBF, 0xBB, 0xDD, 0xBB, 0xCC, 0xCD, 0xDD, 0xCB, 
	0x9A, 0xCA, 0x6C, 0xCC, 0xA5, 0x99, 0x6A, 0x55, 0x66, 0x56, 0x36, 0x99, 0xAE, 0xCC, 0x66, 0xBF, 
	0xDB, 0xFF, 0xBF, 0xFF, 0xF7, 0xF3, 0x4B, 0x2C, 0x23, 0xC2, 0x66, 0x22, 0xCD, 0xBD, 0xCC, 0xDB, 
	0xFB, 0xBF, 0xBB, 0xCD, 0xBB, 0xDD, 0xDB, 0xBC, 0xCB, 0xBB, 0xBF, 0xFB, 0xDC, 0xDF, 0xBD, 0xDD, 
	0xCB, 0xF7, 0xFB, 0xBF, 0xBD, 0xDF, 0xFB, 0xFB, 0xFB, 0xFD, 0xCB, 0xFF, 0xBD, 0xB7, 0xBC, 0xCB, 
	0xDD, 0xFB, 0xCC, 0xCD, 0xFB, 0xFB, 0xBC, 0xAA, 0xFF, 0xBF, 0xFB, 0xCD, 0xBB, 0xBD, 0xCF, 0xFF, 
	0xDB, 0xBF, 0xBF, 0x7F, 0xFF, 0xDD, 0xFF, 0xFF, 0xFF, 0xFB, 0xFB, 0xF7, 0x77, 0xFC, 0xDB, 0xDA, 
	0xDF, 0xBB, 0xFF, 0xFB, 0xDB, 0xFF, 0xDD, 0xFF, 0xDF, 0xBF, 0xDC, 0xF7, 0xFF, 0xFD, 0xCD, 0xDD, 
	0xBF, 0xBD, 0xDB, 0x77, 0x7B, 0xB7, 0xFF, 0xFF, 0xCC, 0xDB, 0xDC, 0xCC, 0xEE, 0xEA, 0xAE, 0x5A, 
	0xE9, 0x99, 0x99, 0xEE, 0x99, 0x95, 0xAE, 0x95, 0xEE, 0xA6, 0xCA, 0xEE, 0x96, 0xCA, 0xAA, 0xAF, 
	0xFC, 0xDF, 0x7B, 0xDB, 0xFD, 0xCD, 0xCA, 0x66, 0xDB, 0xBB, 0xBD, 0xFF, 0xBB, 0xBD, 0xBF, 0xCD, 
	0x96, 0xCC, 0x5A, 0xCC, 0xA6, 0x69, 0x96, 0x66, 0x26, 0x52, 0x65, 0x99, 0xE9, 0x66, 0x6A, 0xCB, 
	0xBD, 0xBB, 0xFF, 0xBB, 0xFF, 0x7F, 0x43, 0x2A, 0x23, 0x32, 0xC2, 0x2C, 0xCC, 0xDB, 0xDD, 0xDF, 
	0xBD, 0xBD, 0xCC, 0xCB, 0xFF, 0xDD, 0xDF, 0xBC, 0xCB, 0xFF, 0xBF, 0xDC, 0xCD, 0xFB, 0xDB, 0xBB, 
	0xDF, 0xFB, 0xDD, 0xDF, 0x7F, 0xF7, 0xBF, 0xDC, 0xBF, 0xBF, 0xFF, 0x7B, 0xDF, 0x7F, 0xBB, 0xBB, 
	0xDB, 0xDC, 0xCF, 0xFF, 0xBF, 0xBA, 0xCC, 0xDA, 0xBF, 0x7F, 0xFB, 0xBB, 0xF7, 0xFC, 0xCB, 0xDB, 
	0xBA, 0xCB, 0xB7, 0x7F, 0xFF, 0xFD, 0xB7, 0xFF, 0xFD, 0xDB, 0xBF, 0x77, 0x7F, 0xFD, 0xCD, 0xDC, 
	0xBB, 0xDF, 0xFB, 0xDD, 0xBB, 0xAC, 0xAC, 0xBD, 0xCB, 0xBF, 0xFD, 0xBF, 0x7F, 0xBF, 0xFF, 0xFF, 
	0xDD, 0xDC, 0xDF, 0x7F, 0xFB, 0xFF, 0xBF, 0x7B, 0xDB, 0xDC, 0xAD, 0xDA, 0xEA, 0xEE, 0xAA, 0xEC, 
	0x6E, 0xE9, 0x99, 0xEE, 0x98, 0x9E, 0xAA, 0xEA, 0xAE, 0xAA, 0x66, 0xCC, 0xE5, 0xAA, 0x6A, 0xAD, 
	0xDC, 0xBD, 0xBF, 0xDC, 0xBB, 0xDC, 0xDD, 0xA6, 0xAC, 0xCD, 0xBC, 0xBF, 0xF7, 0x77, 0x7B, 0xBB, 
	0x9E, 0xAA, 0xEE, 0xAD, 0x3A, 0xA9, 0x9A, 0xCC, 0xA5, 0x6A, 0x59, 0x98, 0xEA, 0xE9, 0xEC, 0xDB, 
	0xDC, 0xDB, 0xBB, 0xBD, 0xBB, 0xFB, 0x33, 0x32, 0x22, 0x2A, 0xDC, 0xAA, 0xAA, 0xDF, 0xBB, 0xBF, 
	0xBD, 0xBD, 0xCB, 0xBB, 0xBB, 0xBB, 0xBF, 0xFB, 0xBF, 0xFB, 0xFB, 0xAC, 0xDB, 0xBF, 0xBB, 0xBF, 
	0xBB, 0xBB, 0xCC, 0xDF, 0x7F, 0xF7, 0xFB, 0xDB, 0xBB, 0xF7, 0x7F, 0xFD, 0xB7, 0xFB, 0xBF, 0xFD, 
	0xDB, 0xDD, 0xFF, 0xFB, 0xBB, 0xCA, 0xAC, 0xDD, 0xFF, 0xFB, 0xBB, 0xFF, 0xFF, 0xFC, 0xDB, 0xAC, 
	0xDC, 0xDB, 0xBF, 0x77, 0xBB, 0xBB, 0xFF, 0xFB, 0xBD, 0xBF, 0xFB, 0xBF, 0xFB, 0xFB, 0xBB, 0xDB, 
	0xFB, 0xDB, 0xBC, 0xCD, 0xBC, 0xEA, 0xBC, 0xAC, 0xDC, 0xDB, 0xBB, 0xBB, 0xFB, 0xFF, 0xBB, 0xFF, 
	0xBB, 0xBD, 0xBB, 0xFF, 0xFF, 0xFF, 0xFF, 0xFD, 0xDB, 0xDA, 0xCA, 0xDD, 0xAA, 0xEA, 0xDC, 0xAA, 
	0xAA, 0xA6, 0x96, 0xAE, 0xEE, 0x9E, 0x6E, 0xEA, 0xCE, 0xAA, 0x5E, 0xAC, 0x65, 0xAA, 0xEA, 0xAA, 
	0xCC, 0xDD, 0xCB, 0xDA, 0xDB, 0xBD, 0xDD, 0xCC, 0xCC, 0xCC, 0xDD, 0xDF, 0xBF, 0xF7, 0x1B, 0xBF, 
	0x9E, 0x6E, 0xEE, 0xAC, 0x2A, 0xA6, 0xAA, 0xDD, 0xA6, 0xA6, 0x56, 0x66, 0xCC, 0xEE, 0xCB, 0xFB, 
	0xDC, 0xDB, 0xBB, 0xBD, 0xDD, 0xDD, 0xCD, 0x32, 0x22, 0x6A, 0xCC, 0xE5, 0xAC, 0xBF, 0xFF, 0xFF, 
	0xBB, 0xFB, 0xBF, 0xBD, 0xDD, 0xBB, 0xBF, 0xFF, 0xFF, 0xFD, 0xFB, 0xCD, 0xFF, 0xBB, 0xFB, 0xBF, 
	0xFB, 0xBB, 0xBD, 0xBF, 0xFB, 0xF7, 0x7B, 0xBF, 0xBB, 0xFF, 0xFF, 0xFB, 0xFF, 0xBD, 0xB7, 0xFD, 
	0xBF, 0xDF, 0x7B, 0xBB, 0xBB, 0xCA, 0xCD, 0xBF, 0x7F, 0xBB, 0xDB, 0xBF, 0xBB, 0xFB, 0xBB, 0xAA, 
	0xDB, 0xBB, 0xBF, 0xF7, 0xBC, 0xDF, 0xFF, 0xFB, 0xFF, 0xFF, 0xFA, 0xAB, 0xDB, 0xFF, 0xFF, 0xBF, 
	0xFB, 0xBB, 0xBC, 0xCF, 0xD5, 0xEC, 0xBC, 0xEC, 0xCA, 0xCA, 0xCB, 0xBD, 0xBB, 0x7F, 0xCD, 0xFF, 
	0xFF, 0xFB, 0xBB, 0xBB, 0xFF, 0xFF, 0xFB, 0xBA, 0xDB, 0xCB, 0xDC, 0xBD, 0xCA, 0xAC, 0xBA, 0xAA, 
	0xCA, 0xAA, 0x6A, 0xCE, 0xEE, 0x95, 0xE9, 0xEC, 0xB6, 0xAA, 0xEE, 0x66, 0xA6, 0xAA, 0xEA, 0xA6, 
	0xAA, 0xAD, 0xAD, 0xBC, 0xDB, 0xDB, 0xDB, 0xBD, 0xDC, 0xCC, 0xCD, 0xDF, 0xDC, 0xBF, 0x7B, 0xBF, 
	0xEE, 0xAE, 0xE6, 0x66, 0x56, 0x6A, 0x3A, 0xCD, 0xCC, 0xEE, 0xAD, 0xDD, 0xBD, 0xAA, 0xFF, 0x7F, 
	0xBD, 0xBB, 0xBB, 0xBD, 0xCC, 0xCC, 0xCC, 0x33, 0xC6, 0x65, 0xE9, 0x9E, 0xCB, 0xFF, 0xFF, 0xFF, 
	0xFB, 0xBF, 0xFB, 0xCA, 0xCD, 0xFF, 0xFF, 0xF7, 0xF7, 0xBD, 0xFB, 0xFB, 0x7F, 0xFD, 0xBB, 0xDF, 
	0x7B, 0xBF, 0xFF, 0xBB, 0xBB, 0xF7, 0xFB, 0xFF, 0xDB, 0xFB, 0xBB, 0xFF, 0xFB, 0xBB, 0xBF, 0xFB, 
	0xFB, 0xB7, 0xFB, 0xBF, 0xBD, 0xDC, 0xDF, 0xFF, 0x7F, 0xBB, 0xDD, 0xDF, 0xFB, 0xFF, 0xDD, 0xDD, 
	0xB7, 0xFF, 0xFB, 0xBF, 0xBC, 0xDF, 0xFF, 0xFF, 0x77, 0x77, 0xFE, 0xCF, 0xDB, 0x77, 0x7B, 0xBF, 
	0x7F, 0xFD, 0xBC, 0xDF, 0xAE, 0xAE, 0xDD, 0xED, 0xDA, 0xE6, 0xDB, 0xBC, 0xCB, 0x7F, 0xDC, 0xFF, 
	0x7F, 0xFF, 0xFF, 0xFF, 0xBB, 0xBF, 0xFB, 0xBA, 0xDD, 0xB7, 0xDD, 0xBA, 0xCC, 0xDD, 0xBA, 0x66, 
	0xCA, 0xEA, 0xAA, 0xAE, 0xE9, 0xE9, 0x9E, 0xEC, 0xBA, 0xEE, 0xAA, 0xEE, 0xEA, 0xAE, 0xEE, 0xA6, 
	0xAA, 0xAD, 0xAD, 0xFF, 0xBD, 0xCB, 0xBB, 0xFC, 0xDA, 0xAD, 0xCD, 0xDF, 0xBC, 0xDC, 0xCB, 0xBB, 
	0xAA, 0x6A, 0xEA, 0xA5, 0x56, 0x22, 0xC6, 0x6C, 0xDC, 0x6A, 0xBF, 0xFF, 0xBB, 0xDB, 0xFF, 0x7F, 
	0xFC, 0xDB, 0xFB, 0xDB, 0xBB, 0xDD, 0xAA, 0xD7, 0x46, 0x95, 0xA5, 0xEC, 0xFF, 0xFB, 0xFF, 0xFF, 
	0x7B, 0xBF, 0xDC, 0xDC, 0xCB, 0xDC, 0xDC, 0xBF, 0xFF, 0xFB, 0xBB, 0xFB, 0xBB, 0xDC, 0xCD, 0xDF, 
	0xFB, 0xFD, 0xBF, 0xBF, 0xFB, 0xFB, 0xAC, 0xDD, 0xBF, 0xFB, 0xDF, 0x7F, 0xBB, 0xFF, 0xBB, 0xFF, 
	0xFB, 0xFF, 0xFF, 0x77, 0xDB, 0xFD, 0xF7, 0x7F, 0x7F, 0xBF, 0xFD, 0xDF, 0xFF, 0xFF, 0xDB, 0xFB, 
	0x77, 0x7B, 0xBF, 0xF7, 0xFF, 0xFD, 0xBD, 0xFF, 0xFF, 0xFB, 0xDA, 0xD7, 0xFF, 0xBF, 0xFF, 0xBB, 
	0xBF, 0xBC, 0xDD, 0xFB, 0xEE, 0xA9, 0x6D, 0xAD, 0xBC, 0xEA, 0xF7, 0xFD, 0xAD, 0xB7, 0x7B, 0xF7, 
	0xFD, 0xB7, 0xFB, 0xB7, 0xBD, 0xFD, 0xBF, 0xFD, 0xBF, 0x7F, 0xDB, 0xD6, 0xAA, 0xBF, 0xFD, 0xCC, 
	0xAA, 0xEC, 0x6E, 0xEE, 0xEE, 0xAE, 0x9E, 0xE6, 0xCA, 0xEA, 0xEA, 0xAA, 0xED, 0xDA, 0xAE, 0xAA, 
	0xCC, 0xDC, 0xAB, 0x71, 0x7F, 0xDD, 0xFF, 0xBC, 0xCD, 0xCD, 0xCB, 0xDB, 0xBC, 0xDC, 0xAC, 0xDD, 
	0x6A, 0xAA, 0xAA, 0x66, 0x56, 0x2A, 0x66, 0x62, 0xC2, 0xCF, 0x7F, 0xBB, 0xBB, 0xBF, 0xFF, 0xFB, 
	0xFC, 0xDF, 0xBD, 0xDB, 0xBB, 0xBD, 0xAC, 0xD7, 0x36, 0x5A, 0xDC, 0xCB, 0x7F, 0xFF, 0xBF, 0xFF, 
	0xFD, 0xDB, 0xDD, 0xBB, 0xBD, 0xCC, 0xCC, 0xBF, 0xFF, 0xFF, 0xBF, 0xBB, 0xFB, 0xCD, 0xBB, 0xBB, 
	0xBF, 0xFD, 0xBF, 0xFF, 0xBB, 0xFC, 0xEC, 0xCD, 0xF7, 0xFF, 0xBF, 0x7F, 0xFB, 0xBB, 0xFF, 0x77, 
	0xBB, 0xFB, 0xF7, 0x7F, 0xBF, 0xFB, 0xBF, 0x7F, 0x7F, 0xB7, 0x7B, 0xF7, 0xF7, 0xFF, 0xDB, 0xFF, 
	0xFF, 0xFF, 0xB7, 0xFF, 0x77, 0xFB, 0xDC, 0xFB, 0xBB, 0xFB, 0xBB, 0xBF, 0xFF, 0xBF, 0xFF, 0xDC, 
	0xDB, 0xCD, 0xCC, 0xDA, 0xCC, 0xDC, 0xAB, 0xBB, 0xFC, 0xAC, 0xF7, 0x7D, 0xCA, 0xCF, 0xFB, 0xF7, 
	0xBB, 0xBF, 0xBF, 0xBF, 0xFB, 0xFD, 0xB7, 0x7F, 0xFF, 0xFB, 0xDD, 0xCA, 0xAC, 0xBD, 0xDD, 0xDB, 
	0xAA, 0xAC, 0xAE, 0x95, 0x6A, 0xCD, 0xAE, 0xE5, 0xE6, 0xE6, 0xEE, 0xAA, 0xEC, 0xCA, 0x6A, 0xCA, 
	0xCD, 0xCA, 0xCB, 0xF7, 0x77, 0xBC, 0xF7, 0xBD, 0xCC, 0xCC, 0xDD, 0xDD, 0xBD, 0xDD, 0xCC, 0xDB, 
	0xEA, 0xA6, 0xAA, 0xA2, 0x66, 0x26, 0x66, 0xAC, 0x32, 0xC7, 0x7F, 0xDB, 0xBB, 0xBF, 0xFF, 0xBB, 
	0xFD, 0xBF, 0xBD, 0xDB, 0xBB, 0xDD, 0xAD, 0xFF, 0x25, 0xAD, 0xBD, 0xDB, 0xFF, 0xFB, 0xBF, 0xBB, 
	0xDD, 0xDD, 0xBB, 0xFF, 0xFB, 0xDD, 0xDB, 0xBB, 0xBF, 0xFB, 0xFF, 0xDB, 0xBB, 0xDB, 0xFB, 0xBD, 
	0xDF, 0xFB, 0xBF, 0xBB, 0xBB, 0xBC, 0xCD, 0xDB, 0xFF, 0xFF, 0xBB, 0xFF, 0xFB, 0xDB, 0x7F, 0x77, 
	0xBF, 0xFB, 0xFF, 0x7F, 0xDB, 0xFB, 0xBF, 0xFF, 0x7F, 0xB7, 0x7F, 0x77, 0xF7, 0xFB, 0xBB, 0xFF, 
	0xFF, 0xFF, 0xF7, 0xFF, 0xFF, 0xFF, 0xFB, 0xBB, 0xDB, 0xFB, 0xFF, 0xFF, 0xFF, 0xFF, 0xFF, 0xDC, 
	0xCC, 0xDD, 0xA6, 0xEA, 0xBF, 0xBB, 0xBF, 0xFB, 0xFB, 0xBB, 0xF7, 0x7B, 0xCA, 0xCB, 0xBD, 0xBF, 
	0xFF, 0xFB, 0xBF, 0xBF, 0x7B, 0xFB, 0xB7, 0x77, 0x7F, 0xDB, 0xFF, 0xBC, 0xCD, 0xDA, 0xCC, 0xCB, 
	0xCA, 0xAA, 0xA6, 0xEE, 0xAC, 0xAB, 0xCE, 0xE5, 0x9E, 0xEE, 0x9E, 0xAA, 0xEE, 0xAA, 0x6A, 0xCA, 
	0xAC, 0xCC, 0xCD, 0xDB, 0xF7, 0xFC, 0xB7, 0xFB, 0xDD, 0xDC, 0xBD, 0xB7, 0xFD, 0xDD, 0xDD, 0xBB, 
	0x66, 0x6E, 0x6A, 0xA6, 0x66, 0x62, 0x62, 0xAD, 0x4A, 0xAF, 0x77, 0xDB, 0xBB, 0x4B, 0x4F, 0xBF, 
	0xFB, 0xBB, 0xDD, 0xDB, 0xDD, 0xCC, 0xCB, 0x74, 0xAA, 0xCF, 0xFD, 0xCD, 0xBD, 0xFD, 0xCB, 0xDD, 
	0xCD, 0xBB, 0xBF, 0xFF, 0xFF, 0xBF, 0xDB, 0xDC, 0xDF, 0xBC, 0xBB, 0xDD, 0xDD, 0xBB, 0xFD, 0xDD, 
	0xDB, 0xFF, 0xBB, 0xDD, 0xBF, 0xBD, 0xBF, 0xFF, 0xBB, 0xFF, 0xFF, 0xBF, 0x7F, 0xBB, 0xFF, 0xFF, 
	0xF7, 0xFF, 0xFB, 0xFD, 0xAC, 0xDC, 0xBF, 0xBD, 0x7F, 0xBF, 0xFF, 0xFF, 0xFF, 0xBD, 0xBB, 0xF7, 
	0x7F, 0xFF, 0xFF, 0x7F, 0xBB, 0x7F, 0x7F, 0xBB, 0xDF, 0xFF, 0xF7, 0xFB, 0xFF, 0x7F, 0xBB, 0xBD, 
	0xCA, 0xFB, 0xE5, 0xEA, 0xF7, 0xFF, 0x7F, 0xBB, 0x7F, 0x7F, 0x7F, 0xFF, 0xCD, 0xFD, 0xCD, 0xDF, 
	0x7F, 0xFB, 0xFF, 0xBF, 0xFB, 0xBF, 0xBF, 0xFF, 0xFB, 0xDF, 0x77, 0x7B, 0xBB, 0xDA, 0xCA, 0xAD, 
	0xDC, 0xEE, 0xAA, 0xEA, 0xAA, 0xEA, 0xAA, 0xEE, 0xE9, 0xEE, 0xEE, 0xAC, 0x69, 0xEA, 0xA6, 0xAA, 
	0xEA, 0xCD, 0xAA, 0xCA, 0xBF, 0xFB, 0xDF, 0x7F, 0xBB, 0xBD, 0xFD, 0xF1, 0x7D, 0xDD, 0xBF, 0xBF, 
	0xA6, 0x66, 0x56, 0x69, 0x95, 0x56, 0xAE, 0xAB, 0x36, 0xED, 0xFB, 0xBB, 0xDB, 0xBF, 0xFF, 0xFF, 
	0x4B, 0xDD, 0xBB, 0xDD, 0xCA, 0xAD, 0xD3, 0x43, 0xAD, 0xBF, 0xFD, 0xCB, 0xDC, 0xBB, 0xCC, 0xBD, 
	0xAC, 0xBB, 0xDF, 0xBB, 0xBB, 0xF7, 0xDD, 0xCA, 0xCB, 0xCA, 0xAD, 0xDA, 0xAB, 0xFB, 0xDD, 0xDF, 
	0xFB, 0xBD, 0xCC, 0xCD, 0xFF, 0xDB, 0xBF, 0x7F, 0xBB, 0xF7, 0xFF, 0xBB, 0xBB, 0xFF, 0xFF, 0xBB, 
	0xFF, 0xFF, 0xFB, 0xDA, 0x6C, 0xCA, 0xB7, 0x7D, 0xB7, 0xBB, 0xF7, 0x77, 0xFB, 0xDB, 0xF7, 0xFF, 
	0x77, 0x7B, 0xBF, 0xBD, 0xBF, 0xBB, 0x7F, 0xFB, 0xFB, 0xBF, 0xFB, 0xBB, 0xFF, 0xBC, 0xBF, 0xFB, 
	0xCD, 0x7C, 0x9E, 0xAC, 0x7F, 0xBD, 0xF7, 0xFF, 0x7F, 0xFF, 0xBB, 0xF7, 0xBF, 0x7B, 0xDF, 0xBF, 
	0xBC, 0xDD, 0xFF, 0xBF, 0xFB, 0xFF, 0xBF, 0xBF, 0xFD, 0xD7, 0x11, 0x77, 0x7F, 0xFB, 0xBC, 0xAD, 
	0xA6, 0xEA, 0x6A, 0xEC, 0xAE, 0xEE, 0x6C, 0xEE, 0xA9, 0x9A, 0x6A, 0xEA, 0xA9, 0xE6, 0xCC, 0xEE, 
	0xEA, 0xAC, 0xCA, 0xA6, 0xCD, 0xCB, 0xCD, 0xFD, 0xAC, 0xDD, 0xFB, 0x77, 0x7F, 0xDF, 0x7B, 0xCD, 
	0xC6, 0xE5, 0x95, 0x58, 0x89, 0xE5, 0xE9, 0x6C, 0xAA, 0x6A, 0xDD, 0xFB, 0xDD, 0xBF, 0x7F, 0xF7, 
	0xFB, 0xBD, 0xBB, 0xDB, 0xDC, 0xCB, 0xBD, 0x43, 0xCB, 0xFF, 0xBB, 0xBB, 0xCA, 0xCB, 0xBD, 0xBD, 
	0xCD, 0xBB, 0xBB, 0xBB, 0xBF, 0xBF, 0xCC, 0xBB, 0xDB, 0xDA, 0xDD, 0xCA, 0xAB, 0xFF, 0xBD, 0xBF, 
	0xFF, 0xBD, 0xAA, 0xBB, 0xFB, 0xBB, 0xFF, 0x7F, 0xBF, 0xFF, 0xBB, 0xFB, 0xDB, 0xFF, 0xFF, 0xFF, 
	0xBB, 0xFB, 0xBF, 0xBD, 0xDB, 0xBB, 0xB7, 0xFD, 0xFF, 0xBB, 0x77, 0xFF, 0xFB, 0xBF, 0xFF, 0xBB, 
	0xF7, 0x7F, 0xFB, 0xDD, 0xDD, 0xDB, 0xBB, 0xFF, 0x7B, 0xBF, 0xFC, 0xCF, 0xFB, 0xCC, 0xDC, 0xCA, 
	0xAF, 0xF6, 0x9A, 0xCB, 0xFD, 0xBB, 0xBF, 0x77, 0xFB, 0xBB, 0xBB, 0xBF, 0xFB, 0xFF, 0xBB, 0xF7, 
	0xD6, 0xAA, 0xBF, 0xBF, 0xBC, 0xFF, 0xFB, 0xBF, 0xBD, 0xDF, 0x77, 0xBB, 0xFB, 0xBB, 0xBB, 0xCC, 
	0xCE, 0xAC, 0xAA, 0x6A, 0xAE, 0xAC, 0xAA, 0xEE, 0xAE, 0x9A, 0x66, 0xEA, 0xAE, 0xE6, 0xAC, 0xAA, 
	0xAC, 0xA6, 0x6A, 0xCC, 0xDA, 0xAD, 0xBC, 0xBC, 0xA6, 0xAC, 0xDD, 0xF1, 0xFB, 0xDB, 0xFD, 0xCB, 
	0xC6, 0xE9, 0x88, 0x88, 0x88, 0xE8, 0x08, 0x55, 0xEA, 0xAA, 0xAA, 0xBB, 0xDD, 0xDB, 0xFF, 0xF7, 
	0xFD, 0xDD, 0xBB, 0xDB, 0xBB, 0xDB, 0xBD, 0x43, 0xDB, 0xFF, 0xBB, 0xBB, 0xDA, 0xAF, 0xFC, 0xDD, 
	0xDD, 0xBB, 0xBF, 0xFB, 0xFF, 0xBD, 0xCB, 0xFF, 0xDB, 0xBB, 0xBB, 0xDB, 0xBB, 0xBB, 0xDD, 0xFF, 
	0xBB, 0xBD, 0xAC, 0xFF, 0xBB, 0xFF, 0xFF, 0x7F, 0xFF, 0xFF, 0xBB, 0xFF, 0xDB, 0xFF, 0xFF, 0xFF, 
	0xDD, 0xBD, 0xBF, 0xBB, 0xBF, 0xFF, 0xB7, 0xFB, 0xFF, 0xBB, 0x77, 0xFB, 0xFF, 0xFF, 0xFF, 0xBB, 
	0xF7, 0x7F, 0xFF, 0xFB, 0xCA, 0xCB, 0xBB, 0xF7, 0x7B, 0xFF, 0xFC, 0xCF, 0xFD, 0xCD, 0xC6, 0x99, 
	0xDF, 0xBA, 0x6D, 0xBF, 0xBC, 0xBF, 0xBF, 0xFF, 0xBD, 0xDB, 0xBB, 0xBF, 0x7B, 0xDF, 0xFF, 0x77, 
	0xBC, 0xAC, 0xBF, 0xBF, 0xBA, 0xBF, 0xFD, 0xBF, 0xDB, 0xBB, 0xFC, 0xEE, 0xCC, 0xCD, 0xBB, 0xCC, 
	0xDA, 0xDD, 0xCA, 0x2C, 0xAA, 0xCD, 0xCE, 0xAE, 0xA6, 0x56, 0xE5, 0xEA, 0xAE, 0xE6, 0xAA, 0xAA, 
	0xAC, 0xAE, 0xEA, 0xDC, 0xDA, 0xAC, 0xBC, 0xCC, 0xCE, 0x5A, 0xAC, 0xF1, 0xBD, 0xBD, 0xDB, 0xDF, 
	0xA6, 0x98, 0x00, 0x00, 0x00, 0x99, 0x88, 0x89, 0xEA, 0xCD, 0xCA, 0xCB, 0xBB, 0xDC, 0xBF, 0x74, 
	0xBD, 0xDD, 0xDD, 0xDF, 0xFB, 0xDD, 0xBD, 0xB4, 0xBB, 0xBB, 0xBB, 0xDB, 0xBC, 0xCF, 0xB6, 0xCB, 
	0xBB, 0xFD, 0xB7, 0xFB, 0x7B, 0xDD, 0xBF, 0xFB, 0xCD, 0xBF, 0xBF, 0xB7, 0xFF, 0xCA, 0xCD, 0xFF, 
	0xDC, 0xBD, 0xDB, 0xBF, 0xBB, 0xFF, 0x7B, 0xFF, 0x7F, 0xBF, 0xBF, 0xFF, 0xBF, 0xF7, 0xFB, 0xBB, 
	0xDB, 0xBB, 0xBB, 0xDF, 0xFF, 0x7B, 0xB7, 0xFF, 0x7F, 0xBB, 0xF7, 0xFB, 0xF7, 0x7F, 0xF7, 0xFF, 
	0x77, 0x7F, 0x77, 0x7F, 0xDC, 0xDF, 0xFB, 0xB7, 0xFF, 0x77, 0xFB, 0xBF, 0xFC, 0xDD, 0xDA, 0xEC, 
	0x7F, 0xAD, 0xDB, 0xBF, 0xDB, 0xB7, 0x7F, 0xDB, 0xFF, 0xBF, 0xBF, 0xFB, 0x1F, 0xDB, 0x7F, 0xFF, 
	0xFB, 0xDB, 0x7B, 0xBF, 0xFD, 0xDF, 0xFC, 0xCF, 0xBF, 0xBD, 0xCE, 0x9E, 0x6A, 0xDB, 0xBD, 0xAD, 
	0xDC, 0xBB, 0xCC, 0x3B, 0xAA, 0xDD, 0xCE, 0xC6, 0xEA, 0xEE, 0xE9, 0x9E, 0xAE, 0xEA, 0xAA, 0xCC, 
	0xCA, 0xAA, 0xAA, 0xBD, 0xCD, 0xCA, 0xCC, 0xAD, 0xDA, 0x66, 0x6A, 0xB7, 0xDC, 0xBB, 0xDF, 0xBF, 
	0x69, 0x88, 0x08, 0x08, 0x88, 0x89, 0x88, 0x89, 0xAC, 0xDF, 0xBC, 0xBF, 0xFF, 0xDC, 0xCD, 0xBD, 
	0xCD, 0xFB, 0xBF, 0xDD, 0xBB, 0xBB, 0xD2, 0xDF, 0x4D, 0xCC, 0xCC, 0xDF, 0xDC, 0xDD, 0xDA, 0xDB, 
	0xFD, 0xBB, 0xFB, 0xBF, 0xFB, 0xB7, 0x77, 0xFB, 0xBF, 0xBD, 0xCB, 0xBB, 0xFD, 0xAC, 0xDB, 0xDB, 
	0xFD, 0xDB, 0xFF, 0xBF, 0x7F, 0x7F, 0xFB, 0xDB, 0xFB, 0xFB, 0xFF, 0xFF, 0xBB, 0xBB, 0xFB, 0xCC, 
	0xDD, 0xFF, 0xFB, 0xBB, 0x7F, 0x7F, 0xB7, 0xFF, 0x7F, 0xFF, 0x77, 0xFD, 0xFD, 0xD7, 0xFF, 0x77, 
	0x7F, 0x7F, 0xF7, 0x7F, 0xFF, 0xFF, 0xFF, 0xBF, 0x77, 0x7F, 0xBB, 0x7F, 0xFB, 0xDA, 0xCD, 0xCF, 
	0x7B, 0xDF, 0x7F, 0xBF, 0xF7, 0xFF, 0x7F, 0xDB, 0x7F, 0xF7, 0xBF, 0xFD, 0x77, 0xFB, 0xF7, 0xFF, 
	0x77, 0xFB, 0xFF, 0xBB, 0xFF, 0xBB, 0xBC, 0xCD, 0xBF, 0xFF, 0xDE, 0xEE, 0xAD, 0xBB, 0xFD, 0xAC, 
	0xCA, 0xDD, 0x37, 0x77, 0xCA, 0xDB, 0xAE, 0xCC, 0xEA, 0x65, 0x56, 0xEE, 0xA6, 0x9A, 0xCA, 0xAA, 
	0xAC, 0xAA, 0xDC, 0xBB, 0xCD, 0xCA, 0xAD, 0xDD, 0xCD, 0xDD, 0xAA, 0xB7, 0xBA, 0xAC, 0xDB, 0xBB, 
	0x58, 0x00, 0x89, 0x99, 0x99, 0x5E, 0xE9, 0xEA, 0xCC, 0xDB, 0xBF, 0xFF, 0xFB, 0xDD, 0xCD, 0xDC, 
	0xCD, 0xBB, 0xBF, 0xDD, 0xBD, 0xBF, 0x3C, 0xDD, 0xBC, 0xAC, 0xCC, 0xDB, 0xCC, 0xDB, 0xCC, 0xDB, 
	0xFB, 0xBF, 0xFD, 0xDB, 0xDB, 0xFF, 0xF7, 0xFF, 0xFF, 0xFD, 0xCD, 0xBB, 0xBB, 0xCD, 0xBB, 0xDB, 
	0xFB, 0xBF, 0x77, 0xFF, 0x77, 0xFF, 0xFF, 0xDC, 0xCD, 0xFB, 0xBB, 0x7F, 0xBB, 0xBD, 0xBD, 0xBB, 
	0xBB, 0xBF, 0xFF, 0xBF, 0xFB, 0xFB, 0xDF, 0xFF, 0xF7, 0x7F, 0xFF, 0xBB, 0xBC, 0xCB, 0xFF, 0xFF, 
	0xFF, 0xFF, 0xFF, 0xFF, 0x7F, 0xBB, 0xBD, 0xCD, 0xFF, 0xFF, 0xDB, 0xFF, 0xFF, 0xBC, 0xDF, 0xFF, 
	0x7F, 0xFF, 0x7B, 0xDF, 0x7F, 0x7F, 0xFF, 0xDF, 0xFF, 0xFF, 0xB7, 0x7B, 0xF7, 0x7F, 0x77, 0xF7, 
	0x7F, 0xFF, 0xFB, 0xBB, 0xBF, 0xFB, 0xBC, 0xCA, 0xDB, 0xBB, 0xCA, 0xCC, 0xCC, 0xCB, 0x7B, 0xAC, 
	0xCA, 0xAC, 0xF7, 0x77, 0xBA, 0xCB, 0xCE, 0xAC, 0xAA, 0xA6, 0xCF, 0xCA, 0x6A, 0x5C, 0xCA, 0xCC, 
	0xAC, 0xAC, 0xDC, 0xCD, 0xDD, 0xCC, 0xCB, 0xBD, 0xDC, 0xCD, 0xCA, 0xBF, 0xBA, 0xAC, 0xCC, 0xDD, 
	0x99, 0x59, 0x95, 0xEE, 0x95, 0xE6, 0x6A, 0xCD, 0xDD, 0xBB, 0xF7, 0xFF, 0xFD, 0xDD, 0xDD, 0xCC, 
	0xCD, 0xBB, 0xBB, 0xDD, 0xBD, 0xB7, 0x4B, 0xCD, 0xB2, 0xAC, 0xDD, 0xDD, 0xCC, 0xBF, 0xDB, 0xBB, 
	0xBB, 0xDF, 0xFD, 0xDD, 0xAB, 0xFF, 0xFF, 0xBF, 0xFF, 0xFB, 0xDD, 0xBB, 0xCD, 0xDB, 0xBB, 0xBB, 
	0xFF, 0xFF, 0x77, 0xFF, 0x7F, 0xFF, 0xFF, 0xBA, 0xEA, 0xBB, 0xDB, 0x7F, 0xBF, 0xBD, 0xDB, 0xFF, 
	0xFB, 0xDF, 0xFF, 0xBB, 0xDD, 0xBB, 0xDB, 0xBB, 0xFF, 0xFB, 0xDB, 0xDB, 0xBD, 0xDB, 0xFF, 0xFF, 
	0xFF, 0xFF, 0xFB, 0xBF, 0xFF, 0xBD, 0xCA, 0xAD, 0xBB, 0xFF, 0xFB, 0xFB, 0xFF, 0xFB, 0xBF, 0x7F, 
	0xF7, 0x7F, 0x7F, 0xBF, 0x7F, 0x7F, 0xBF, 0xBF, 0xFF, 0xFF, 0xB7, 0x7F, 0xFF, 0x77, 0x7F, 0xF7, 
	0x7F, 0xBB, 0xFB, 0xBB, 0xBF, 0xFF, 0xDC, 0xDA, 0xDC, 0xDC, 0xCC, 0xBB, 0xDA, 0xAD, 0xFF, 0xDB, 
	0xDA, 0xAC, 0x77, 0x77, 0x43, 0xDF, 0xDA, 0xAC, 0xCA, 0xCB, 0xF7, 0xFC, 0x66, 0xEA, 0xCA, 0xAC, 
	0xAC, 0xAD, 0xDA, 0x6A, 0xCD, 0xCC, 0xDD, 0xFB, 0xDA, 0xAC, 0xDA, 0xCB, 0xBD, 0xDC, 0xAA, 0xCC, 
	0x9E, 0xAE, 0xEE, 0xAE, 0xE6, 0xEA, 0xAC, 0xDB, 0xCB, 0xF7, 0xF7, 0x7B, 0xBB, 0xDD, 0xDC, 0xAA, 
	0xCD, 0xBB, 0xBD, 0xDB, 0xDD, 0xB4, 0xFB, 0xCD, 0x4A, 0xAC, 0xBB, 0xDC, 0xCB, 0xFF, 0xBF, 0xBF, 
	0xDF, 0xCB, 0x7B, 0xDD, 0xDF, 0x7B, 0xBB, 0xBB, 0xFF, 0xFB, 0xDB, 0xFD, 0xCD, 0xBD, 0xDF, 0xFB, 
	0xFF, 0x7F, 0xFF, 0x77, 0xFB, 0x77, 0xBB, 0xBA, 0xAC, 0xBF, 0xBF, 0xFB, 0xBF, 0xFD, 0xBF, 0x77, 
	0xFB, 0xBF, 0xFF, 0xBB, 0xCC, 0xCD, 0xDB, 0xBB, 0xBD, 0xDD, 0xCC, 0xDF, 0xFB, 0xFF, 0x77, 0x7F, 
	0xFB, 0xFB, 0xBB, 0xFB, 0xBB, 0xBC, 0xCA, 0xDF, 0xFF, 0xFF, 0x7F, 0xBF, 0xFF, 0x7F, 0xFF, 0x7B, 
	0xBF, 0x7F, 0xF7, 0x7F, 0xF7, 0xFF, 0xBF, 0xFF, 0xBB, 0xFF, 0xFF, 0xF7, 0xBB, 0xFF, 0xFB, 0xBF, 
	0x77, 0xBD, 0x7F, 0xBB, 0xB7, 0xBB, 0xDA, 0xDC, 0xDD, 0xDA, 0xCB, 0xDB, 0xBC, 0xCD, 0xCB, 0xF7, 
	0xBC, 0xCD, 0x77, 0x77, 0x44, 0x4F, 0xBB, 0xCA, 0xDA, 0xD7, 0x74, 0x73, 0x6A, 0xAC, 0xAE, 0xEC, 
	0xCA, 0xAB, 0xDA, 0xA6, 0xAC, 0xCD, 0xDC, 0xBF, 0xBC, 0xCD, 0xBA, 0xEC, 0xDB, 0xFC, 0xA6, 0xAC, 
	0xEC, 0xCA, 0x99, 0xEA, 0xAA, 0xA6, 0xAA, 0xCC, 0xCF, 0x77, 0xBD, 0xDB, 0xDB, 0xBC, 0xDA, 0xAA, 
	0xBB, 0xDD, 0xDD, 0xDD, 0xDB, 0xBC, 0xCC, 0xAC, 0x3A, 0xCA, 0xDF, 0xBD, 0xDD, 0xDB, 0xBF, 0xFF, 
	0xDB, 0xDF, 0xBD, 0xDB, 0xBB, 0xBB, 0xCC, 0xBB, 0xFF, 0xBC, 0xCC, 0xBD, 0xDB, 0xFD, 0xCB, 0xF7, 
	0xBF, 0xF7, 0xFB, 0xFF, 0xBF, 0xFF, 0xDC, 0xBB, 0xBB, 0xDD, 0xF7, 0xBF, 0x7F, 0xDD, 0xFF, 0xBF, 
	0xF7, 0xFF, 0xFB, 0xF7, 0xFB, 0xCD, 0xFF, 0xFF, 0xBD, 0xBF, 0xBD, 0xFF, 0xFF, 0xFF, 0xBB, 0xF7, 
	0x7F, 0xFF, 0x7F, 0xBB, 0xFF, 0xDA, 0xBB, 0xB7, 0x7B, 0xDD, 0xFB, 0xDD, 0xDB, 0xFF, 0xB7, 0x7D, 
	0xCF, 0xFF, 0xF7, 0x77, 0xBB, 0xBB, 0xBB, 0xDD, 0xBB, 0xBF, 0x7F, 0x7F, 0xBB, 0xFD, 0xFF, 0xF7, 
	0xFF, 0xBB, 0xFF, 0xFD, 0xDB, 0xBB, 0xFB, 0xCD, 0xFF, 0xBC, 0xCF, 0xCC, 0xDB, 0x33, 0xAA, 0xF1, 
	0xFD, 0xBB, 0x77, 0x77, 0x44, 0x44, 0xF4, 0xDA, 0xDC, 0xB4, 0xF7, 0x74, 0x34, 0x4B, 0xAE, 0xEA, 
	0xAC, 0xAD, 0xCA, 0xAA, 0xAE, 0xCB, 0xCA, 0xDD, 0xDD, 0xBF, 0xFA, 0x9E, 0xDB, 0xBC, 0xCA, 0xCC, 
	0xAA, 0xA6, 0xEA, 0xAC, 0xCC, 0xCE, 0x6A, 0xAA, 0xCF, 0xFF, 0xDC, 0xCD, 0xCD, 0x3C, 0x3A, 0xDC, 
	0xDB, 0xDD, 0xBB, 0xDB, 0xBB, 0xDC, 0xA2, 0xAA, 0x2A, 0xAC, 0xCB, 0xDB, 0xBB, 0xDD, 0xBB, 0xBF, 
	0xFF, 0xBB, 0xBB, 0xBB, 0xDC, 0xDD, 0xCD, 0xBB, 0xBB, 0xDA, 0xCD, 0xBB, 0xFF, 0xBB, 0xBD, 0xF7, 
	0xFB, 0xFF, 0xBF, 0xBB, 0xDB, 0xFF, 0xBB, 0xF7, 0xFF, 0xDD, 0xFF, 0xF7, 0xFB, 0xDB, 0xBB, 0xBF, 
	0xFF, 0xFF, 0xFF, 0x7F, 0x7F, 0xBB, 0x77, 0x7F, 0xFB, 0xFF, 0xDB, 0x7F, 0xFF, 0xBB, 0xBB, 0xFF, 
	0xFB, 0x77, 0x7F, 0xBF, 0xFF, 0xDB, 0xFF, 0xBB, 0xFF, 0xCD, 0xBC, 0xCD, 0xDB, 0x77, 0xFF, 0xFB, 
	0xDF, 0x7B, 0xBF, 0xFF, 0xBC, 0xDB, 0xBD, 0xBB, 0xFD, 0xDF, 0x7F, 0xFF, 0xFF, 0xBA, 0xB7, 0xFB, 
	0xFF, 0xFB, 0xBF, 0xBB, 0xBD, 0xDB, 0xFB, 0xAA, 0xB7, 0xFC, 0xDF, 0xCA, 0xB7, 0x4F, 0xF3, 0xB7, 
	0xBD, 0xDF, 0x77, 0x74, 0x44, 0x33, 0x4B, 0xBC, 0xCD, 0xF4, 0x44, 0x44, 0xF7, 0x7F, 0xAE, 0xEA, 
	0xAC, 0xAA, 0xAA, 0x66, 0xCE, 0xAD, 0xAA, 0xCD, 0xDB, 0xBB, 0xDA, 0x6E, 0xAD, 0xDC, 0xAA, 0xA3, 
	0xAE, 0xEA, 0xCD, 0xDD, 0xDD, 0xCA, 0xAC, 0xAA, 0xCB, 0xBD, 0xBD, 0xCC, 0xCC, 0x3D, 0x3B, 0xBD, 
	0xDB, 0xDB, 0xBB, 0xDB, 0xBB, 0xDC, 0xCC, 0xAA, 0xAC, 0xCC, 0xCD, 0xDB, 0xBF, 0xBB, 0xBD, 0xBF, 
	0xFF, 0xFB, 0xFF, 0xFF, 0xDC, 0xDD, 0xDF, 0xBB, 0xDC, 0xCC, 0xDB, 0xBF, 0x77, 0xDF, 0xFB, 0xFF, 
	0xFF, 0xFB, 0xFF, 0xFD, 0xCD, 0xFF, 0xFF, 0x7F, 0xFF, 0xBB, 0xBF, 0xF7, 0xFB, 0xBB, 0xBB, 0xFF, 
	0xFF, 0xFF, 0xF7, 0x7F, 0x7F, 0xBF, 0x7F, 0x7F, 0xFB, 0xFF, 0xDF, 0x7F, 0xBB, 0xBB, 0xFF, 0xFF, 
	0xBB, 0x7F, 0xFB, 0xBF, 0xFB, 0xDF, 0xFB, 0xBD, 0xFF, 0xCD, 0xBC, 0xDB, 0xFF, 0x7F, 0xFF, 0xBB, 
	0xBF, 0x7B, 0xDD, 0xBB, 0xDC, 0xDB, 0xBB, 0xBF, 0xBB, 0xCF, 0xFF, 0xFF, 0x77, 0xBA, 0xDF, 0xDC, 
	0xFF, 0xFB, 0xBF, 0xBB, 0xFB, 0xDB, 0xFB, 0x6E, 0xD7, 0xFB, 0xDB, 0xCD, 0x47, 0x47, 0x74, 0x3F, 
	0xCC, 0xD7, 0x77, 0x74, 0xB4, 0x33, 0x4B, 0x4B, 0xAB, 0x74, 0x44, 0x44, 0x77, 0xFB, 0xCE, 0xEA, 
	0xAC, 0xA6, 0xAA, 0xAA, 0xCA, 0xEA, 0xCA, 0xCD, 0xDB, 0xDC, 0xC6, 0xAA, 0xEC, 0xCA, 0xAA, 0xA3, 
	0x65, 0xEC, 0xFB, 0xDD, 0xBD, 0xDD, 0xCC, 0xCC, 0xDB, 0xBB, 0xFF, 0xDD, 0xCD, 0xDF, 0x47, 0x4D, 
	0xBD, 0xDB, 0xBD, 0xDB, 0xBF, 0xDD, 0xCC, 0xA2, 0xAD, 0xDA, 0xCC, 0xDB, 0xDF, 0xFF, 0xBD, 0xBF, 
	0xDF, 0xFF, 0x77, 0x7F, 0xBB, 0xBB, 0xB7, 0xBF, 0xDC, 0xDB, 0xFF, 0xBF, 0x7F, 0xDB, 0x7F, 0xBB, 
	0xF7, 0xFB, 0x77, 0x7B, 0xDD, 0xBB, 0xFF, 0xFB, 0xBF, 0xFF, 0xBB, 0xFF, 0xBF, 0xBB, 0xBB, 0x77, 
	0xFB, 0xFF, 0xFF, 0xF7, 0xFF, 0xBF, 0xFB, 0xFF, 0xBB, 0xBF, 0xBF, 0x77, 0xBD, 0xFF, 0x77, 0xFF, 
	0xFF, 0xFB, 0xBB, 0xBF, 0xFD, 0xB7, 0xBB, 0xFB, 0xF7, 0xBB, 0xBF, 0xBB, 0x7F, 0xFB, 0xBB, 0xAC, 
	0xFF, 0xFF, 0xBD, 0xDA, 0xCD, 0xDB, 0xBF, 0xFB, 0xBF, 0xDB, 0xBF, 0xFF, 0xFF, 0xDC, 0xBB, 0xDD, 
	0xF7, 0x7F, 0xF7, 0xBB, 0xFB, 0xBF, 0xFD, 0xC6, 0xCF, 0xFF, 0xBB, 0xCF, 0x77, 0x44, 0x47, 0x47, 
	0xDC, 0xD7, 0x77, 0x4B, 0xFF, 0xD2, 0xBF, 0x7B, 0xCB, 0x14, 0x44, 0x44, 0x44, 0x3C, 0xCA, 0xAA, 
	0xCD, 0xA6, 0xCA, 0xCD, 0xCC, 0xEA, 0xDD, 0xAD, 0xBD, 0xCA, 0xAA, 0xCC, 0xAC, 0xCC, 0xAA, 0xC2, 
	0xA6, 0xAC, 0xBC, 0xAC, 0xCD, 0xCC, 0xCA, 0xCC, 0xB7, 0xBA, 0xDB, 0xDD, 0xDD, 0x44, 0x34, 0xBB, 
	0xFB, 0xCD, 0xB3, 0x47, 0x4B, 0xBC, 0xAA, 0xEE, 0xCD, 0xDC, 0xCB, 0xBD, 0xBB, 0xBF, 0xFB, 0xFF, 
	0xDB, 0xFF, 0xFF, 0xF7, 0xBD, 0xDF, 0x7F, 0xBB, 0xDB, 0xFF, 0xFB, 0xBF, 0xFD, 0xDF, 0xF7, 0xFF, 
	0xB7, 0x7F, 0xFF, 0xFF, 0xFB, 0xBF, 0xFF, 0x7B, 0xBB, 0xFF, 0xFD, 0xBB, 0xBF, 0xFB, 0xCD, 0xFB, 
	0xFF, 0xFB, 0xFB, 0xBB, 0xFB, 0xBF, 0xFD, 0xF7, 0xBF, 0xBB, 0xFB, 0xBB, 0xBB, 0x7F, 0xF7, 0xFB, 
	0xBB, 0xFF, 0xB7, 0xBF, 0xBD, 0xB7, 0xDD, 0xBB, 0xF7, 0xFB, 0xFF, 0xFB, 0xFC, 0xDD, 0xCC, 0xAD, 
	0xFB, 0xBF, 0xDB, 0xDA, 0xCB, 0xDD, 0xFF, 0xBF, 0xFB, 0xFF, 0xD7, 0xFF, 0x7B, 0xFF, 0xF7, 0xFF, 
	0xFF, 0xF7, 0xF7, 0xBB, 0xFB, 0xFB, 0xDD, 0xBD, 0xCB, 0xDF, 0x7F, 0xCB, 0xF7, 0x47, 0x44, 0x47, 
	0x4D, 0xB4, 0x47, 0x33, 0x44, 0x4D, 0xBF, 0xBB, 0x34, 0x77, 0x74, 0x3B, 0xFD, 0xDA, 0xAC, 0xCC, 
	0xAC, 0xDA, 0xDC, 0xDB, 0xDD, 0xAC, 0xDC, 0xCC, 0xDD, 0xBD, 0xDD, 0xCD, 0xCA, 0xCC, 0xAC, 0xBC, 
	0x66, 0x6A, 0xAE, 0x96, 0x6A, 0x6A, 0xAC, 0xCC, 0xB7, 0xDE, 0xAC, 0xCD, 0xBB, 0x33, 0x33, 0xBB, 
	0xBB, 0xD3, 0x34, 0x74, 0x33, 0xF3, 0xCC, 0xAA, 0xDD, 0xCC, 0xCB, 0xDB, 0xFB, 0xBF, 0x7B, 0xBF, 
	0xDD, 0xFF, 0xBB, 0xBB, 0xCC, 0xBF, 0xFB, 0xDD, 0xDF, 0xFB, 0xBB, 0xBF, 0xBD, 0xBF, 0xFF, 0x77, 
	0xFF, 0xFB, 0xBB, 0xF7, 0xFB, 0xFF, 0xFF, 0x7B, 0xDD, 0xBF, 0xBB, 0xFF, 0xBB, 0xBB, 0xDB, 0xFB, 
	0xF7, 0x7B, 0xFB, 0xBB, 0xBD, 0xBF, 0xBF, 0x77, 0xBB, 0xBF, 0xFF, 0xDC, 0xBF, 0xFB, 0xBF, 0x7B, 
	0xDB, 0xFF, 0xFF, 0xFB, 0xDB, 0xDF, 0xBB, 0xFF, 0xFF, 0x7F, 0xF7, 0xFF, 0xFC, 0xCB, 0xCA, 0xDF, 
	0xFF, 0xBB, 0xBB, 0xBF, 0xCB, 0xBB, 0xBF, 0xF7, 0xFC, 0xB7, 0xBF, 0xBB, 0xFF, 0xFF, 0xFF, 0xFB, 
	0xFB, 0xFF, 0xBF, 0xFF, 0xFB, 0xBD, 0xCD, 0xBF, 0xBD, 0xCF, 0x7F, 0xDD, 0xBF, 0xFF, 0x47, 0x47, 
	0x73, 0x4F, 0x44, 0x33, 0x34, 0x7F, 0xFB, 0xBB, 0xF4, 0x47, 0xFD, 0xCC, 0xBD, 0xDC, 0xCD, 0xCA, 
	0xAA, 0xDC, 0xDD, 0xDD, 0xBB, 0xDD, 0xCC, 0xDD, 0xDB, 0xDD, 0xDB, 0xDD, 0xCC, 0xDC, 0xCD, 0xFB, 
	0xE6, 0x66, 0x5E, 0xEE, 0x5E, 0x66, 0xAC, 0xCC, 0xDF, 0xDC, 0xAA, 0xCC, 0xBB, 0xC3, 0x32, 0xBB, 
	0xBB, 0xD3, 0x34, 0xF3, 0x23, 0xF3, 0xCC, 0xAD, 0xBD, 0xDD, 0xDB, 0xDB, 0xFB, 0xBB, 0xFB, 0xBB, 
	0xCC, 0xFB, 0xCD, 0xDA, 0xAB, 0xBB, 0xFB, 0xDC, 0xBF, 0xDC, 0xDB, 0xBB, 0xDB, 0xFF, 0xFF, 0x7F, 
	0xFF, 0xBD, 0xBF, 0xF7, 0xFF, 0x7B, 0xBF, 0xFB, 0xBB, 0xBB, 0xDB, 0x7F, 0xBB, 0xFF, 0xFF, 0xFF, 
	0xBF, 0xFF, 0xFB, 0xBF, 0xDD, 0xBB, 0xBF, 0x7F, 0xBB, 0xF7, 0xFF, 0xFB, 0xBF, 0xFB, 0xBF, 0x7B, 
	0xBB, 0xFF, 0x7F, 0xFB, 0xBF, 0xBB, 0xFF, 0xFF, 0xFF, 0x7F, 0xF7, 0xFF, 0xFB, 0xBF, 0xBB, 0xFF, 
	0xBF, 0xDC, 0xFB, 0xF7, 0xBB, 0xFF, 0xFF, 0x77, 0xC6, 0xB7, 0xFC, 0xCD, 0xB7, 0xFF, 0xBF, 0xFB, 
	0xFB, 0xBF, 0xBB, 0xFF, 0xFB, 0xDD, 0xCD, 0xBB, 0xBD, 0xDF, 0x7F, 0xFB, 0xBB, 0xFB, 0xB7, 0x47, 
	0x74, 0x44, 0x43, 0x33, 0x4F, 0x77, 0xFD, 0xB4, 0x7B, 0x3F, 0xDA, 0xCD, 0xBB, 0xBC, 0xCD, 0xCC, 
	0xCC, 0xCC, 0xCB, 0xDD, 0xBD, 0xDB, 0xCD, 0xBB, 0xBB, 0xDD, 0xCD, 0xDD, 0xDD, 0xBD, 0xDB, 0xBB, 
	0xEE, 0xAA, 0xAC, 0xCA, 0x6A, 0xCA, 0xAC, 0xDD, 0xCC, 0xBB, 0xCC, 0xCC, 0xBB, 0xC3, 0xB2, 0xDB, 
	0xBD, 0xD4, 0x33, 0x32, 0x24, 0x43, 0xAA, 0xAD, 0xBB, 0xBB, 0xBD, 0xDF, 0xBF, 0xBD, 0xBB, 0xBB, 
	0xAB, 0xFD, 0xCD, 0xDC, 0xDF, 0xBB, 0xFB, 0xBC, 0xDB, 0xCA, 0xBB, 0xBD, 0xBF, 0xFF, 0xBF, 0xFB, 
	0xBB, 0xBB, 0xB7, 0x7F, 0xF7, 0x7D, 0xDB, 0xDF, 0x7F, 0xBC, 0xDF, 0xFB, 0xFB, 0x77, 0xF7, 0xBB, 
	0xBB, 0xBF, 0xFB, 0xBF, 0xDB, 0xFB, 0xBF, 0xFB, 0xBF, 0x7F, 0xFF, 0x7F, 0xFF, 0x7F, 0xBF, 0x7F, 
	0x7F, 0xBB, 0xF7, 0xFF, 0xFF, 0xFB, 0xFF, 0x77, 0xFF, 0xFB, 0xB7, 0xFF, 0xFF, 0xFF, 0x77, 0xFF, 
	0xBF, 0xCA, 0xBF, 0xBF, 0xFF, 0x77, 0xFF, 0x7F, 0xCC, 0xBF, 0xBA, 0xDB, 0xBF, 0xFB, 0xFF, 0xFF, 
	0xFF, 0xBB, 0xBB, 0x7B, 0xF7, 0xBD, 0xBB, 0xBB, 0xDD, 0xBF, 0x77, 0x7F, 0xBD, 0xBB, 0xBF, 0xBF, 
	0x77, 0x43, 0x73, 0xD4, 0x77, 0x77, 0x44, 0xB4, 0x74, 0xD3, 0xBC, 0xCF, 0x7B, 0xDD, 0xCC, 0xCB, 
	0xBD, 0xCC, 0xDD, 0xDB, 0xDC, 0xBD, 0xCD, 0xBB, 0xFB, 0xDD, 0xCC, 0xDB, 0xBB, 0xBD, 0xDD, 0xCD, 
	0xEA, 0xCA, 0xCC, 0xDC, 0xCA, 0xCC, 0xCA, 0xAD, 0xCC, 0xDD, 0xDD, 0xCD, 0xBD, 0xA2, 0x3C, 0x2C, 
	0xCC, 0xC3, 0x42, 0x22, 0x23, 0xC3, 0xC6, 0xAC, 0xDF, 0xBD, 0xDB, 0xBD, 0xBF, 0xDD, 0xBB, 0xFD, 
	0xDF, 0xBC, 0xBB, 0xDB, 0xFF, 0xFB, 0xFB, 0xDD, 0xBD, 0xAC, 0xBC, 0xCB, 0xDC, 0xF7, 0xBB, 0xBD, 
	0xDD, 0xFF, 0xF7, 0xFB, 0xF7, 0xFB, 0xFD, 0xDF, 0xFB, 0xBF, 0xFF, 0xFB, 0xFF, 0xFD, 0xBF, 0xBB, 
	0xFF, 0xFF, 0xBF, 0xFB, 0xDF, 0x7F, 0xFF, 0xDD, 0xFF, 0xF7, 0x7F, 0xFB, 0xF7, 0x77, 0xBD, 0xDB, 
	0xFD, 0xDB, 0x77, 0xFB, 0xBB, 0xBB, 0xBF, 0xFF, 0xBB, 0xBF, 0xFF, 0xF7, 0xF7, 0x77, 0x77, 0x77, 
	0x7F, 0xDC, 0xCF, 0xBB, 0xF7, 0xFD, 0xDB, 0xBB, 0xBB, 0xDB, 0xFD, 0xF7, 0xBB, 0x7F, 0xF7, 0xF7, 
	0x77, 0xBB, 0xFF, 0xFF, 0x77, 0x7F, 0xFF, 0x7F, 0xDB, 0xFB, 0xBB, 0xBF, 0xDD, 0xCC, 0xBF, 0xBB, 
	0x47, 0x73, 0x44, 0x47, 0x44, 0x43, 0xDF, 0x7F, 0xBB, 0x3B, 0xFB, 0xCC, 0xBC, 0xCB, 0xCD, 0xDC, 
	0xDB, 0xDB, 0xBC, 0xCB, 0xDA, 0xCC, 0xAA, 0xAD, 0xFF, 0xDC, 0xDC, 0xCD, 0xBB, 0xCD, 0xDC, 0xAA, 
	0xEA, 0xAA, 0xAA, 0xCC, 0xAC, 0xBD, 0xCC, 0xCC, 0xCC, 0xDC, 0xDD, 0xCD, 0xBD, 0xCD, 0xCA, 0xAA, 
	0xCD, 0x3C, 0xC2, 0x2A, 0xA2, 0xAC, 0xCA, 0xCB, 0xDB, 0xBD, 0xDB, 0xDC, 0xBB, 0xBB, 0xFB, 0xBD, 
	0xDF, 0xBD, 0xFF, 0xDB, 0xBB, 0x7F, 0xBF, 0xBB, 0xFC, 0xAD, 0xDA, 0xDB, 0xDB, 0xBF, 0xBF, 0xBC, 
	0xAC, 0xFF, 0xFF, 0xBB, 0xF7, 0xFF, 0xBD, 0xBB, 0xDD, 0xFF, 0xFB, 0xFF, 0xFB, 0xBA, 0xDF, 0xBF, 
	0xFF, 0x77, 0xFF, 0xFB, 0xBF, 0xFF, 0xFB, 0xDB, 0xFB, 0xBF, 0xFF, 0x7F, 0x7F, 0xF7, 0xBA, 0xAD, 
	0xBD, 0xBB, 0xF7, 0xFD, 0xDD, 0xFF, 0xFF, 0xFF, 0xFB, 0xFF, 0xBF, 0xBF, 0x7F, 0xFF, 0xFF, 0x77, 
	0x7D, 0xDB, 0xDB, 0xDD, 0xFF, 0xBC, 0xDB, 0xBB, 0x7B, 0xAD, 0xFF, 0xFF, 0xFF, 0x77, 0xFF, 0x77, 
	0xFF, 0xFF, 0xF7, 0xFF, 0xFF, 0xFF, 0xFF, 0xFF, 0xBF, 0xBD, 0xCD, 0xBF, 0xBB, 0xCC, 0xDB, 0xBC, 
	0x34, 0x7F, 0x47, 0x4B, 0x3B, 0xDC, 0xDF, 0x7B, 0xDC, 0xAD, 0xBF, 0xDA, 0xAE, 0xAC, 0xCC, 0xCC, 
	0xAC, 0xDD, 0xDD, 0xDD, 0xDC, 0xDD, 0xCA, 0xCC, 0xBB, 0xDD, 0xDD, 0xCD, 0xBD, 0xDC, 0xCC, 0xCA, 
	0x66, 0xAA, 0xAC, 0xCA, 0xAC, 0xBD, 0xCC, 0xCC, 0xCC, 0xDD, 0xDD, 0xCC, 0xDD, 0xDB, 0xA6, 0x6A, 
	0xCD, 0x43, 0x62, 0x2A, 0x62, 0xAA, 0xAA, 0xDB, 0xDD, 0xBD, 0xDB, 0xBB, 0xBB, 0xBF, 0xFD, 0xBD, 
	0xCD, 0xFB, 0xFF, 0xBB, 0xDB, 0x7F, 0xBF, 0xFF, 0xFD, 0xCB, 0xFB, 0xBB, 0xFF, 0xDD, 0xBB, 0xBC, 
	0x9A, 0xFF, 0xFB, 0xBB, 0xF7, 0xFF, 0xDD, 0xBB, 0xDB, 0xBB, 0xFB, 0xF7, 0xFD, 0xCA, 0xDF, 0xBB, 
	0xFF, 0x77, 0xFF, 0xFF, 0xFB, 0xBF, 0xBB, 0xBF, 0xFD, 0xBF, 0xFF, 0x7F, 0x7F, 0xFF, 0xB6, 0xAB, 
	0xFB, 0xBB, 0xB7, 0xFB, 0xCD, 0xFF, 0xFF, 0xFF, 0xFB, 0xFF, 0xFF, 0xBB, 0x7F, 0xBD, 0xBF, 0xFF, 
	0xFD, 0xBF, 0xDD, 0xCD, 0xFF, 0xDD, 0xBF, 0xBB, 0xFB, 0xAC, 0xB7, 0xFB, 0xF7, 0x7F, 0xFB, 0xFF, 
	0xBB, 0xBF, 0xF7, 0xFF, 0xBF, 0xFF, 0xBF, 0xFF, 0xFF, 0xBF, 0xBD, 0xBF, 0xFB, 0xDB, 0xDB, 0xB3, 
	0x24, 0x77, 0x77, 0x4C, 0xCD, 0xBB, 0xBF, 0x7B, 0xCA, 0xCD, 0xBF, 0xDC, 0xAA, 0xAA, 0xCC, 0xCD, 
	0xBB, 0xDD, 0xDB, 0xDD, 0xDD, 0xDD, 0xDD, 0xBD, 0xDB, 0xBB, 0xBD, 0xCD, 0xBD, 0xBD, 0xDB, 0xDC, 
	0xAE, 0x6A, 0xCD, 0xCA, 0xAC, 0xBB, 0xCC, 0xCD, 0xDD, 0xDD, 0xBD, 0xDD, 0xCC, 0xDC, 0x66, 0x62, 
	0xCC, 0x74, 0x66, 0xCA, 0x26, 0x2A, 0x6A, 0xDD, 0xAC, 0xBC, 0xCB, 0xF7, 0xBF, 0xBF, 0xBB, 0xFD, 
	0xCD, 0x7F, 0xBF, 0xFB, 0xDF, 0xFB, 0xFF, 0xFF, 0xBB, 0xDB, 0x77, 0xFB, 0x77, 0xDC, 0xCD, 0xFD, 
	0x6D, 0xFF, 0xBD, 0xFF, 0xBF, 0x7F, 0xDD, 0xBB, 0xFF, 0xDD, 0xFB, 0xF7, 0xFD, 0xDB, 0xFF, 0xDB, 
	0xFF, 0xFF, 0x7F, 0x77, 0xFF, 0xD7, 0xBB, 0xFF, 0xFD, 0xBF, 0xF7, 0xFF, 0xFF, 0xFF, 0xFD, 0xD7, 
	0x7B, 0xFF, 0xBF, 0xFF, 0xCB, 0xFB, 0xBF, 0xBF, 0xFB, 0xBB, 0x7F, 0xBB, 0x7F, 0xBB, 0xBB, 0xDB, 
	0xCB, 0xFB, 0xDA, 0xCB, 0xFF, 0xBF, 0xF7, 0xFD, 0xBB, 0xCD, 0xD7, 0xBB, 0xB7, 0xFB, 0xFD, 0xDB, 
	0xBC, 0xDF, 0x77, 0xBB, 0xBF, 0xBB, 0xBB, 0xFF, 0xFB, 0xF7, 0xFF, 0xBB, 0xFB, 0xB4, 0x44, 0x44, 
	0x33, 0x47, 0x77, 0x4B, 0xFB, 0xBF, 0xBF, 0xFB, 0xDD, 0xBF, 0xBB, 0xBB, 0xCB, 0xDC, 0xDC, 0xC4, 
	0x77, 0xDC, 0xBB, 0xDD, 0xDD, 0xDD, 0xBB, 0xFB, 0xCD, 0xFF, 0xFC, 0xCD, 0xDB, 0xBD, 0xBF, 0xBB, 
	0xEE, 0xCC, 0xCD, 0xAA, 0xAC, 0xCC, 0xCA, 0xDB, 0xBD, 0xDD, 0xDD, 0xCD, 0xDD, 0x2A, 0x6A, 0xAA, 
	0x66, 0x37, 0x22, 0x22, 0xA2, 0x66, 0xCC, 0xAC, 0xCC, 0xFD, 0xDD, 0xBB, 0xBB, 0xDB, 0xFF, 0xBB, 
	0xBB, 0xF7, 0xDB, 0x7B, 0xBB, 0xBD, 0xDB, 0xDC, 0xB7, 0xFB, 0xF7, 0xFF, 0xFB, 0xBC, 0xCC, 0xFF, 
	0xDF, 0xFD, 0xCD, 0xFF, 0xBF, 0xFF, 0xDF, 0xFF, 0xFF, 0xCD, 0x7F, 0x7F, 0xBB, 0xF7, 0xBF, 0xFF, 
	0xFF, 0xBF, 0x7F, 0x71, 0xFB, 0xBF, 0xB7, 0x77, 0xBB, 0xBB, 0xF7, 0xF7, 0xBF, 0xB7, 0x77, 0xBF, 
	0xFB, 0xF7, 0xFB, 0xFF, 0xFF, 0xDD, 0xBB, 0xBF, 0xBD, 0xDF, 0xFF, 0xFB, 0xBF, 0x77, 0xBD, 0xBB, 
	0xCC, 0xDD, 0xDA, 0xCF, 0xF7, 0xBB, 0xBB, 0xDD, 0xCC, 0xDB, 0xDB, 0xBD, 0xB7, 0xBD, 0xDD, 0xDB, 
	0xBC, 0xDF, 0xFF, 0xFF, 0xFF, 0xDB, 0xFD, 0xCD, 0xBF, 0xFF, 0xF7, 0xFB, 0xB4, 0x77, 0x74, 0x44, 
	0x74, 0x3B, 0xDB, 0xFF, 0x7B, 0xDB, 0x7B, 0x33, 0xB7, 0x7B, 0xDB, 0xFB, 0xDB, 0xFB, 0xBD, 0xDB, 
	0x7F, 0xDC, 0xCD, 0xCB, 0xDD, 0xDB, 0xBD, 0xDD, 0xDB, 0xFF, 0xBD, 0xCC, 0xCB, 0xDD, 0xFF, 0xF7, 
	0xAE, 0xAA, 0xCC, 0xAA, 0xCC, 0xAC, 0xCC, 0xDD, 0xDD, 0xCD, 0xCC, 0xCC, 0xCD, 0xAA, 0xAC, 0xAA, 
	0x65, 0x34, 0x32, 0x26, 0x66, 0xAE, 0xAA, 0xAC, 0xDD, 0xBD, 0xDD, 0xDD, 0xDD, 0xDB, 0xFF, 0xBF, 
	0xFB, 0xF7, 0xDB, 0xFB, 0xBD, 0xBD, 0xDC, 0xCC, 0xFF, 0xFF, 0xBF, 0xFF, 0x7B, 0xDC, 0xCC, 0xFF, 
	0xF7, 0xBC, 0xCC, 0xBF, 0xFF, 0xFB, 0xB7, 0xFB, 0xBB, 0xBB, 0x77, 0xFB, 0xFF, 0xFF, 0xBF, 0xFF, 
	0xFB, 0xDB, 0xFB, 0xB7, 0xFB, 0xBB, 0xFF, 0xFF, 0xFB, 0xDB, 0xFF, 0xF7, 0xBF, 0xBF, 0xFF, 0xF7, 
	0xFF, 0xFF, 0xFB, 0xFF, 0x77, 0xCD, 0xFB, 0xBF, 0xFB, 0xFB, 0xBF, 0xFB, 0xB7, 0xFF, 0xFB, 0xBB, 
	0xDC, 0xCF, 0xBC, 0xCC, 0xDB, 0xFB, 0xBB, 0xAC, 0xCC, 0xBF, 0xBF, 0xFD, 0xFF, 0xDB, 0xBB, 0xFF, 
	0xFB, 0xFF, 0xBB, 0xF7, 0x7B, 0xDB, 0xFC, 0xAA, 0xBF, 0xFB, 0xBF, 0xFF, 0xBB, 0xFF, 0x47, 0x44, 
	0x77, 0xFF, 0xFB, 0xBF, 0xFF, 0xBB, 0xFD, 0x34, 0xFF, 0xFD, 0xDB, 0xBC, 0xDB, 0xFF, 0xDC, 0xDD, 
	0xFF, 0xDD, 0xCD, 0xDD, 0xDC, 0xDB, 0xBB, 0xBD, 0xBB, 0xBB, 0xDB, 0xDD, 0xCD, 0xBB, 0xBF, 0xF7, 
	0xAE, 0xAA, 0xCA, 0xAC, 0xDC, 0xCD, 0xDD, 0xDC, 0xCC, 0xCD, 0xCC, 0xCC, 0xCD, 0xAA, 0xAC, 0xA2, 
	0xC2, 0x34, 0x33, 0x26, 0x5A, 0xA5, 0x6A, 0xAC, 0xDD, 0xBC, 0xCC, 0xBD, 0xDD, 0xDB, 0xFF, 0xBF, 
	0xFB, 0xF7, 0xBD, 0xDB, 0xBB, 0xBB, 0xBC, 0xCB, 0xFB, 0xFF, 0xFF, 0xFF, 0xFF, 0xBD, 0xCF, 0xFF, 
	0x77, 0xDC, 0xDA, 0xAF, 0xFF, 0xFB, 0xBF, 0xFB, 0xDD, 0xFF, 0x77, 0xBF, 0x7F, 0xFD, 0xDF, 0xFB, 
	0xFF, 0xBD, 0xBD, 0xAC, 0xBB, 0xBB, 0xFF, 0xFF, 0xFB, 0xBB, 0xBF, 0xF7, 0xFF, 0xBB, 0xFF, 0xF7, 
	0xFF, 0xFB, 0xBB, 0xFF, 0x77, 0xDB, 0xFF, 0xBF, 0xFF, 0x7B, 0xBF, 0xFB, 0xF7, 0xFF, 0xFF, 0xFF, 
	0xBB, 0xCF, 0xFB, 0xCE, 0xAB, 0xFB, 0xDD, 0xCD, 0xDD, 0xBF, 0xBF, 0x7F, 0xFB, 0xDF, 0xFF, 0x77, 
	0xFF, 0xFF, 0xBD, 0xBF, 0xFB, 0xDB, 0xBC, 0xDC, 0xBF, 0xFD, 0xDF, 0xB7, 0xFB, 0xDC, 0x3F, 0x33, 
	0x77, 0x77, 0x7B, 0xBF, 0xBF, 0xFB, 0xBC, 0x34, 0xFF, 0xDD, 0xBB, 0xDA, 0xDB, 0xBB, 0xCC, 0xDC, 
	0xDB, 0xDD, 0xCB, 0xBD, 0xDD, 0xCC, 0xCB, 0xFD, 0xBB, 0xDC, 0xDB, 0xBB, 0xDD, 0xBB, 0xDF, 0xF7, 
	0xAE, 0xAA, 0xAE, 0xCC, 0xDD, 0xCB, 0xFD, 0xCA, 0xAA, 0xDC, 0xAA, 0xAC, 0xDD, 0xAA, 0x22, 0x23, 
	0x43, 0x33, 0x34, 0x36, 0x6C, 0x65, 0x5A, 0xCC, 0xDB, 0xBC, 0xAC, 0xBB, 0xDD, 0xBB, 0xBB, 0xF7, 
	0xBD, 0xFF, 0xFC, 0xAD, 0xBF, 0xBF, 0xFD, 0xDF, 0xFD, 0xB7, 0xFF, 0xFF, 0xBF, 0x7B, 0xD7, 0xFB, 
	0x7F, 0xBB, 0xFD, 0xCB, 0xBB, 0xFF, 0xBB, 0x7F, 0xBB, 0xFB, 0xF7, 0xFF, 0xFB, 0xBC, 0xBB, 0xBF, 
	0xF7, 0xFC, 0xBC, 0xEC, 0xDD, 0xDB, 0xFF, 0xFF, 0xBF, 0xFB, 0xBF, 0xFF, 0xF7, 0xFB, 0xBF, 0x7F, 
	0xBF, 0xFB, 0xBB, 0xFF, 0x7F, 0xFF, 0xBF, 0xBB, 0xB7, 0x77, 0xFB, 0xFB, 0xFF, 0x7F, 0xF7, 0xFF, 
	0xF7, 0xBF, 0xF7, 0xDA, 0xCF, 0x7D, 0xCD, 0xFF, 0xBB, 0xFB, 0xBB, 0xF7, 0xFB, 0xBF, 0x77, 0x7F, 
	0xF7, 0xFB, 0xFB, 0xEA, 0xBB, 0xBF, 0xDC, 0xFB, 0xFB, 0xFB, 0xBF, 0xB7, 0x7F, 0xDA, 0xAA, 0xAC, 
	0xF1, 0x71, 0xFB, 0xBF, 0xBF, 0xBD, 0xDD, 0xBB, 0xFB, 0xDB, 0xBF, 0xDC, 0xDF, 0xDD, 0xCD, 0xBD, 
	0xDD, 0xCC, 0xCB, 0xBD, 0xBF, 0xC6, 0x6D, 0xBD, 0xDB, 0xCD, 0xDB, 0xDF, 0xBB, 0xBD, 0xDF, 0xFF, 
	0xCE, 0xEE, 0xEE, 0xAC, 0xCC, 0xCC, 0xDD, 0xCD, 0xCC, 0xCC, 0xAC, 0xCC, 0xCB, 0xCA, 0xA2, 0x33, 
	0x44, 0x22, 0x22, 0x33, 0xD3, 0x65, 0x6A, 0xAD, 0xBB, 0xFB, 0xDC, 0xDB, 0xBF, 0xFF, 0xBB, 0xFB, 
	0xDB, 0xFB, 0xDA, 0xCD, 0xDB, 0xFB, 0xDC, 0xD7, 0xFF, 0xFB, 0xFF, 0xFF, 0xBF, 0xFB, 0xDF, 0x7F, 
	0xBF, 0x77, 0xF7, 0xFD, 0xCC, 0xDD, 0xDF, 0xFB, 0x7F, 0xBD, 0xBF, 0xFB, 0xDD, 0xBF, 0xFD, 0xBF, 
	0xFB, 0xDC, 0xBC, 0x6B, 0xFB, 0xBB, 0xF7, 0xCD, 0xFF, 0xBF, 0xF7, 0xF7, 0x7F, 0xBB, 0xBB, 0xFF, 
	0xF7, 0xF7, 0x7F, 0xF7, 0xFB, 0xB7, 0xBB, 0xFF, 0xBF, 0xFF, 0x7F, 0xBF, 0xFF, 0x7B, 0xBF, 0x77, 
	0xF7, 0x7B, 0xBB, 0xFB, 0xBF, 0xFF, 0xDD, 0x77, 0x77, 0xFB, 0xDB, 0xBB, 0xFF, 0xFF, 0x7F, 0xF7, 
	0xFF, 0xFF, 0xFB, 0xAA, 0xDD, 0xFF, 0xBC, 0xB7, 0xBD, 0xFF, 0xFF, 0xFF, 0x7F, 0xFB, 0xCE, 0xEC, 
	0xB7, 0xBD, 0xDC, 0xC3, 0xDB, 0xBD, 0xDF, 0xFF, 0xBB, 0xFD, 0xDF, 0xFF, 0xFB, 0xDB, 0xBC, 0xDB, 
	0xFB, 0xCC, 0xCD, 0xDC, 0xBF, 0xB6, 0x6A, 0xDC, 0xDD, 0xCD, 0xCB, 0xDB, 0xF7, 0xBD, 0xDB, 0xFB, 
	0xAA, 0xEA, 0xAA, 0xCC, 0xCC, 0xCC, 0xDC, 0xCD, 0xCD, 0xCA, 0xCD, 0xDC, 0xCD, 0xCA, 0x3D, 0x22, 
	0x43, 0x26, 0x23, 0x34, 0x43, 0xAA, 0xAC, 0xCB, 0xFD, 0xBF, 0xBD, 0xBB, 0xBB, 0xFF, 0xFF, 0xBC, 
	0xDB, 0xBC, 0xCB, 0xBD, 0xBF, 0xFB, 0xDD, 0xBF, 0xF7, 0xFB, 0xFF, 0xFF, 0xF7, 0xFF, 0xBB, 0xF7, 
	0xBF, 0xFF, 0xBF, 0xFB, 0xDC, 0xAD, 0xBF, 0xBB, 0xFB, 0xFF, 0xFD, 0xCD, 0xBD, 0xB7, 0x7D, 0xDB, 
	0xFB, 0xAC, 0xFC, 0xCF, 0x7F, 0xFF, 0xBB, 0xAC, 0xB7, 0xFF, 0xFF, 0xF7, 0xFF, 0xFF, 0xFF, 0xFF, 
	0xF7, 0x7F, 0xF7, 0xF7, 0x7F, 0xF7, 0xFB, 0xFF, 0xFF, 0xBB, 0xFF, 0xF7, 0xFF, 0xFB, 0xBB, 0xFF, 
	0x77, 0xFB, 0xBF, 0x77, 0xFF, 0xBF, 0xFF, 0xFF, 0xF7, 0x7B, 0xDB, 0xBD, 0xFB, 0xF7, 0xFF, 0xBF, 
	0x7F, 0xF7, 0xBF, 0xFB, 0xBD, 0xBB, 0xFB, 0xB7, 0xBD, 0xDB, 0x7F, 0xFF, 0xFB, 0xFF, 0xBA, 0xAD, 
	0xBF, 0xA6, 0x3D, 0x32, 0xCF, 0xFB, 0xDB, 0xFB, 0xBB, 0xFD, 0xCB, 0xBF, 0xFD, 0xDB, 0xBD, 0xDB, 
	0xFB, 0xCC, 0xCB, 0xDD, 0xBF, 0xFD, 0xCC, 0xDB, 0xBC, 0xCD, 0xDD, 0xDD, 0xBF, 0xBB, 0xBD, 0xDC, 
	0xAA, 0xAA, 0xAC, 0xDD, 0xCC, 0xDD, 0xDC, 0xCC, 0xCD, 0xCC, 0xCD, 0xDC, 0xAC, 0xCA, 0x3D, 0x6A, 
	0x32, 0x65, 0x23, 0x23, 0x32, 0xC2, 0xDD, 0xBF, 0xFD, 0xDB, 0xFF, 0xFB, 0xBB, 0xFF, 0xFF, 0xBD, 
	0xBB, 0xDD, 0xBF, 0xFB, 0xFF, 0xFB, 0xBB, 0xBD, 0xFF, 0xBB, 0xFF, 0xFB, 0x7F, 0xFF, 0xBB, 0xFF, 
	0xFF, 0xBC, 0xCB, 0xDD, 0xBC, 0xCB, 0xFF, 0xBC, 0xCB, 0xFF, 0x7D, 0xCF, 0xFB, 0xB7, 0xFC, 0xCC, 
	0xFB, 0xDD, 0xFB, 0xDF, 0x7F, 0xFB, 0xBC, 0xCB, 0xBF, 0xFF, 0xFB, 0xF7, 0xBF, 0x7F, 0x77, 0xFF, 
	0xF7, 0x7F, 0xFF, 0xFF, 0x77, 0xFF, 0xFF, 0x7F, 0xFF, 0xFB, 0xFF, 0xF7, 0xFF, 0xDD, 0xFB, 0xBF, 
	0xFF, 0xBB, 0xFF, 0x77, 0x7F, 0xFF, 0x7F, 0xFF, 0xF7, 0x7B, 0xBF, 0xFF, 0xFB, 0xBF, 0xFF, 0xBF, 
	0x7F, 0xFF, 0xBF, 0x7F, 0xFB, 0xDC, 0xFF, 0xBF, 0xBB, 0xDB, 0x7F, 0xBF, 0xBD, 0xBF, 0xFD, 0xBB, 
	0xBD, 0xAC, 0x4F, 0x3A, 0x2B, 0x7F, 0xBB, 0xBB, 0xBB, 0xBD, 0xDB, 0xBF, 0xFD, 0xDB, 0xBB, 0xDD, 
	0xBB, 0xBD, 0xDB, 0xBD, 0xBB, 0xBD, 0xDC, 0xDB, 0xDC, 0xCB, 0xBD, 0xCB, 0xFF, 0xFF, 0xFD, 0xCA, 
	0xAC, 0xC6, 0xCD, 0xBD, 0xCC, 0xDB, 0xCD, 0xCA, 0xCC, 0xCC, 0xCC, 0xCC, 0xAD, 0xDA, 0xAA, 0xAA, 
	0xC6, 0x65, 0x63, 0x62, 0xAE, 0x22, 0x3F, 0xFF, 0xBB, 0xBD, 0xBF, 0xFB, 0xDB, 0xFF, 0xF7, 0xFB, 
	0xFD, 0xBF, 0xFF, 0xFF, 0xB7, 0xBB, 0xFF, 0xBB, 0xFB, 0xCD, 0xFF, 0xFB, 0x7B, 0xFF, 0xBF, 0xFD, 
	0xDB, 0xBC, 0xAD, 0xCD, 0xBB, 0xBF, 0xBF, 0xFC, 0xAB, 0xFD, 0xFF, 0xF7, 0x7F, 0xB7, 0xBC, 0xCC, 
	0xFF, 0xFB, 0xFF, 0xBB, 0xF7, 0xBB, 0xDD, 0xB7, 0xFB, 0x77, 0xFF, 0xF7, 0xF7, 0x77, 0xF7, 0x77, 
	0xFF, 0xF7, 0xFB, 0xFF, 0x77, 0xBB, 0xF7, 0x7B, 0xF7, 0x7F, 0xB7, 0x7F, 0xBB, 0xCD, 0xFF, 0xDB, 
	0xBB, 0xBF, 0xFF, 0x77, 0x7F, 0x77, 0xFB, 0xBB, 0xFF, 0xFB, 0xBF, 0x77, 0xFB, 0xDC, 0xBB, 0xFF, 
	0xFB, 0xBB, 0xFF, 0x77, 0xFF, 0xDC, 0xB7, 0xFB, 0xBF, 0xBB, 0x7F, 0xBF, 0xDD, 0xDB, 0xFB, 0xF7, 
	0xBC, 0xCD, 0x77, 0x4C, 0x63, 0xF7, 0xBF, 0xDD, 0xBB, 0xBB, 0xDF, 0xF7, 0xFD, 0xDB, 0xBB, 0xDD, 
	0xBD, 0xFB, 0xDD, 0xBB, 0xBD, 0xDD, 0xDD, 0xBD, 0xAD, 0xBF, 0xFD, 0xD7, 0x77, 0x7F, 0x7B, 0xCC, 
	0xCD, 0xCA, 0xCB, 0xDC, 0xAC, 0xFF, 0xCC, 0xDC, 0xCA, 0xAC, 0xCA, 0xCC, 0xAC, 0xDA, 0x66, 0xCA, 
	0x6E, 0xA6, 0xA6, 0x6A, 0x66, 0x3C, 0xCB, 0xBB, 0xFF, 0xFD, 0xBB, 0xBB, 0xDF, 0xFB, 0xB7, 0xBD, 
	0xFB, 0xBB, 0xBD, 0xFF, 0xBF, 0xBF, 0xFF, 0x7F, 0xBD, 0xAC, 0xFB, 0xFB, 0xFB, 0xBB, 0xF7, 0xFD, 
	0xCD, 0xFF, 0xBF, 0xBB, 0xFF, 0x7F, 0xDB, 0xBB, 0xBF, 0xDC, 0xF7, 0x7F, 0xFF, 0xFB, 0xDD, 0xBB, 
	0xFF, 0xFF, 0xFB, 0xDF, 0xFB, 0xBF, 0xBF, 0x7F, 0xFB, 0xFF, 0x7F, 0xB7, 0x7F, 0xF7, 0xFF, 0x77, 
	0x7D, 0xAB, 0xFB, 0x77, 0x77, 0xFB, 0xBF, 0xFB, 0xBF, 0xFF, 0xFF, 0xFF, 0x7D, 0xAC, 0xBF, 0xDB, 
	0xDD, 0xFF, 0xF7, 0xFB, 0xBB, 0xFF, 0xBF, 0xBB, 0xF7, 0x1D, 0xCF, 0xBF, 0x7F, 0xDC, 0xFF, 0xFB, 
	0xBF, 0xFB, 0xBB, 0xF7, 0xFF, 0xFB, 0xDF, 0x7F, 0xFB, 0xBB, 0xF7, 0xFF, 0xCA, 0xCF, 0xBB, 0xFF, 
	0xFB, 0xBB, 0xBD, 0x3D, 0x6A, 0x33, 0xDD, 0xDC, 0xDB, 0xFB, 0xBF, 0xFB, 0xBD, 0xDD, 0xBF, 0xFB, 
	0xDD, 0xBD, 0xDD, 0xDD, 0xBD, 0xBB, 0xDB, 0xFB, 0xCD, 0xFB, 0xDD, 0xFF, 0x77, 0xFF, 0xFF, 0xDB, 
	0xDD, 0xDA, 0xCD, 0xCC, 0xCC, 0xBD, 0xAA, 0xCD, 0xDA, 0xAC, 0xCA, 0xCA, 0xCC, 0xCA, 0xAC, 0xBD, 
	0x6D, 0xDC, 0xC6, 0xAD, 0x33, 0x32, 0xAD, 0xDB, 0xFB, 0xBB, 0xFB, 0xFF, 0xDB, 0xBB, 0xFF, 0xFD, 
	0xDB, 0xBF, 0xBC, 0xBF, 0xBB, 0xBB, 0xBB, 0xFB, 0xBD, 0xCD, 0xFF, 0xBF, 0xFF, 0xFB, 0xBF, 0xBB, 
	0xBB, 0xF7, 0xFF, 0x77, 0x7F, 0xBD, 0xCD, 0xFF, 0xFF, 0xBB, 0xFF, 0xFF, 0xFB, 0xFD, 0xBB, 0xFF, 
	0xFF, 0xDB, 0xBD, 0xBB, 0xBB, 0xF7, 0xF7, 0x7F, 0xBB, 0xBF, 0x7F, 0xBF, 0xFB, 0xBF, 0xFF, 0xFB, 
	0xBC, 0xAB, 0x7F, 0xF7, 0x7F, 0x7F, 0xCB, 0xFF, 0xFF, 0xBB, 0xFD, 0xFF, 0x7D, 0xCC, 0xAB, 0xDF, 
	0xFF, 0x7B, 0xBF, 0xFF, 0xFF, 0x77, 0xDF, 0xFB, 0xBF, 0x7D, 0xBF, 0xDF, 0xFB, 0xBB, 0xBB, 0xFD, 
	0xB7, 0xFF, 0xFF, 0xFF, 0xFF, 0x7F, 0xDB, 0x7F, 0xFB, 0xDD, 0xBF, 0x7F, 0xDA, 0xAB, 0xFF, 0xBB, 
	0xBB, 0xBB, 0xCA, 0xD3, 0x22, 0x3C, 0x3D, 0xB3, 0xD3, 0x4B, 0x4F, 0xBD, 0xBD, 0xCD, 0xBB, 0xBD, 
	0xDB, 0xBD, 0xCB, 0xBB, 0xBB, 0xDB, 0xBB, 0xBF, 0xFB, 0xBB, 0xCD, 0xBB, 0xFF, 0xFF, 0x7F, 0xBF, 
	0xCC, 0xCA, 0xAC, 0xCC, 0xCC, 0xBC, 0x66, 0xAD, 0xDA, 0xAC, 0xCC, 0xCA, 0xCD, 0xCC, 0xAC, 0xBD, 
	0x2D, 0xBD, 0xCA, 0xDB, 0x43, 0x32, 0xAC, 0xDB, 0xFB, 0xCB, 0xFB, 0xFB, 0xDB, 0xBB, 0xFF, 0xFD, 
	0xDB, 0xBF, 0xBC, 0xBF, 0xDD, 0xBB, 0xDD, 0xDD, 0xBD, 0xBF, 0xFB, 0xBB, 0xB7, 0x7F, 0xBB, 0xFF, 
	0xBF, 0xFF, 0xFF, 0x77, 0x7F, 0xCA, 0xCB, 0xF7, 0x7F, 0xFF, 0xFF, 0xBF, 0xFD, 0xFC, 0xBB, 0xBB, 
	0xFF, 0xDB, 0xBB, 0xBD, 0xBF, 0xF7, 0xF7, 0x7F, 0xFB, 0xBB, 0x7F, 0xFF, 0xFD, 0xDB, 0xBB, 0xDA, 
	0xCC, 0xBF, 0xFF, 0xBF, 0x7F, 0xFF, 0xCB, 0xFF, 0x7F, 0xBB, 0xFD, 0xBB, 0xFD, 0xBB, 0xCB, 0xBF, 
	0x77, 0x7B, 0xBF, 0xF7, 0x7F, 0x7F, 0xBF, 0xBD, 0xDB, 0xBF, 0xFB, 0xDB, 0xBB, 0xFF, 0xDD, 0xFB, 
	0xB7, 0xFF, 0xF7, 0xFF, 0xFF, 0x7F, 0xBB, 0xFF, 0xFB, 0xDB, 0xBF, 0x7F, 0xFB, 0xCB, 0xFF, 0xFB, 
	0xCD, 0xDB, 0xC3, 0xD3, 0x33, 0x3D, 0x3D, 0x43, 0xB3, 0x44, 0x4F, 0xBB, 0xBB, 0xDB, 0xBC, 0xDD, 
	0xBF, 0xFB, 0xDB, 0xFF, 0xDB, 0xDB, 0xFB, 0xBF, 0x7F, 0xFF, 0xBD, 0xBB, 0xFF, 0xBB, 0xFF, 0xBB, 
	0xAA, 0x6A, 0xAC, 0xDC, 0xAC, 0xDA, 0x66, 0xAC, 0xCC, 0xCC, 0xDD, 0xAC, 0xDB, 0xCD, 0xAA, 0xCA, 
	0x32, 0x3F, 0xDD, 0xBD, 0x32, 0x2A, 0xAA, 0xDF, 0xFD, 0xDD, 0xBB, 0xBD, 0xDB, 0xFF, 0xBB, 0xBD, 
	0xDB, 0xBF, 0xDD, 0xFF, 0xCC, 0xBB, 0xDD, 0xDB, 0xFB, 0xF7, 0xFB, 0xBD, 0xDF, 0xF7, 0xBF, 0x7F, 
	0xDF, 0x7B, 0xDD, 0xF7, 0xFB, 0xCC, 0xBF, 0xBF, 0xFF, 0x7F, 0xBF, 0xBB, 0xBB, 0xBA, 0xAD, 0xAC, 
	0xBB, 0xFF, 0xBB, 0xFB, 0xF7, 0xFF, 0xFF, 0xFF, 0x7F, 0xBF, 0x7B, 0xF7, 0xBC, 0xDB, 0xCC, 0xE9, 
	0xAB, 0x77, 0xBB, 0xCD, 0x7F, 0xBB, 0xBF, 0x7F, 0xF7, 0xFB, 0xFC, 0xDD, 0xDC, 0xFF, 0xFB, 0xF7, 
	0xFF, 0xFB, 0xBF, 0x7F, 0xFF, 0xFB, 0xFB, 0xBD, 0xBB, 0xB7, 0x7D, 0xCC, 0xDF, 0x77, 0xBC, 0xF7, 
	0xBF, 0xFF, 0xBF, 0xFF, 0xFB, 0xF7, 0xBD, 0xBF, 0xBD, 0xBF, 0xFF, 0xFF, 0x7F, 0xBB, 0xFF, 0x7F, 
	0xDD, 0xDC, 0xB4, 0x23, 0x33, 0x33, 0xBB, 0x44, 0xF4, 0x44, 0x74, 0xBF, 0xDD, 0xFB, 0xBC, 0xBB, 
	0xBF, 0xF7, 0xBB, 0x7F, 0xBB, 0xBD, 0xFF, 0xFF, 0x47, 0xF7, 0xFB, 0xBB, 0xB7, 0xDC, 0xDF, 0xBD, 
	0xAA, 0xAA, 0xCC, 0xA6, 0xAC, 0xCA, 0xCC, 0xCC, 0xDC, 0xDD, 0xDC, 0xCB, 0xFB, 0xCC, 0xCC, 0xCC, 
	0xDA, 0xDF, 0x3B, 0xBC, 0x32, 0x6A, 0x6D, 0xFF, 0xBB, 0xFD, 0xAC, 0xDF, 0xBB, 0xFB, 0xBB, 0xDD, 
	0xDB, 0xBF, 0xBF, 0x7D, 0xCD, 0xBF, 0xFD, 0xBF, 0xBF, 0xFB, 0xBF, 0xBD, 0xFF, 0xF7, 0xBB, 0xFF, 
	0xDB, 0x7D, 0xCC, 0xDD, 0xCF, 0xBF, 0x7F, 0xF7, 0x7F, 0xFB, 0xFF, 0xFB, 0xDF, 0xDA, 0xAB, 0xCB, 
	0xFB, 0x77, 0x7B, 0xFF, 0xFF, 0xFF, 0xF7, 0xF7, 0xFF, 0x77, 0x7F, 0xF7, 0xBD, 0xBD, 0xCD, 0x6A, 
	0xDB, 0xFF, 0xBB, 0xCD, 0xBF, 0xBF, 0x7B, 0xFF, 0xBF, 0x7F, 0xBA, 0xAB, 0xCC, 0xF7, 0x7F, 0xFF, 
	0xBF, 0xFF, 0xF7, 0x7B, 0xBF, 0xFF, 0x7F, 0xFF, 0xFF, 0xFF, 0xBD, 0xBB, 0xDB, 0xFF, 0xFB, 0xBF, 
	0xBC, 0xDF, 0xBB, 0xBF, 0xFF, 0xBF, 0xBD, 0xFF, 0xBB, 0xBB, 0xB7, 0xBB, 0xFF, 0xFF, 0xBF, 0xFF, 
	0xFB, 0xB3, 0x34, 0x33, 0x23, 0x43, 0x33, 0x34, 0x77, 0x44, 0x3C, 0xD7, 0xBB, 0x7D, 0xCD, 0xFF, 
	0xBF, 0xBF, 0x7B, 0xBD, 0xFF, 0xDB, 0xBB, 0x7F, 0xDB, 0x77, 0xFB, 0xFF, 0xBB, 0xDC, 0xDD, 0xBB, 
	0xCC, 0xAA, 0xAC, 0xAA, 0xAC, 0xCC, 0xCC, 0xCD, 0xBC, 0xDC, 0xCC, 0xCD, 0xDD, 0xCF, 0xDC, 0xDD, 
	0xDC, 0x34, 0xDB, 0x3A, 0x33, 0x66, 0xAB, 0xBB, 0xBF, 0xFB, 0xDC, 0xB7, 0xFB, 0xBB, 0xFF, 0xBB, 
	0xBB, 0xFF, 0xF7, 0x7D, 0xBB, 0xFB, 0xBB, 0xBF, 0xBF, 0xBB, 0xBF, 0xBB, 0xFF, 0x7F, 0xFB, 0xFF, 
	0xBB, 0xFB, 0xCD, 0xFF, 0xDB, 0xFF, 0xFF, 0x77, 0xFB, 0xFF, 0xFB, 0xFF, 0xBD, 0xCC, 0xBF, 0xFF, 
	0xBF, 0x77, 0x7F, 0xBB, 0xBD, 0xB7, 0x7F, 0xBF, 0xFF, 0xFF, 0xFF, 0x7F, 0xBD, 0xBB, 0xBF, 0xBF, 
	0xFB, 0xBF, 0xFF, 0xBB, 0xFF, 0xFF, 0xFF, 0xFB, 0xBF, 0xF7, 0xFE, 0xAF, 0xDD, 0xFF, 0xFF, 0xBF, 
	0xBF, 0x7F, 0x7F, 0xFF, 0xFF, 0xFF, 0x77, 0xF7, 0xFF, 0xFF, 0xFB, 0xB7, 0xFF, 0xFB, 0xBF, 0xBB, 
	0xFB, 0xDF, 0xFF, 0xF7, 0xFF, 0xBB, 0xDB, 0xBF, 0xFF, 0xFD, 0xBB, 0xBB, 0xFF, 0xBB, 0xDB, 0xDB, 
	0xBF, 0xBC, 0x33, 0xB3, 0x2C, 0x44, 0x33, 0x47, 0x44, 0x4B, 0xBD, 0xDF, 0xBF, 0xFD, 0xDC, 0xF7, 
	0xDD, 0xFB, 0xFF, 0xDB, 0xFB, 0xBD, 0xDB, 0x7F, 0xCD, 0xBF, 0x7F, 0xBB, 0xBB, 0xDB, 0xBD, 0xCD, 
	0xCC, 0xCA, 0xAC, 0xAA, 0xCC, 0xDC, 0xCC, 0xCB, 0xBD, 0xCC, 0xCC, 0xCC, 0xCC, 0xDF, 0xBD, 0xDB, 
	0xDC, 0x34, 0xDD, 0x3A, 0x3B, 0xA6, 0xAD, 0xCA, 0xDF, 0xBB, 0xBD, 0xF7, 0xFB, 0xBF, 0x7F, 0xFF, 
	0xFB, 0xFF, 0xF7, 0x7F, 0xBB, 0xBD, 0xBF, 0xFF, 0xBB, 0xBB, 0xBB, 0xBF, 0xFF, 0xFF, 0xFF, 0xFB, 
	0xBB, 0xBF, 0xBF, 0x7F, 0xBB, 0xFF, 0xFF, 0x7F, 0xFF, 0xFF, 0xBB, 0xFF, 0xDA, 0xCD, 0xFF, 0x7F, 
	0xBF, 0x7F, 0x7F, 0xBB, 0xBD, 0xB7, 0x7F, 0xBB, 0xDD, 0xBB, 0xFF, 0x7F, 0xBF, 0xBF, 0xFF, 0xF7, 
	0x7F, 0xBF, 0x7F, 0xFF, 0x7F, 0xBB, 0xF7, 0xFB, 0xBF, 0xB7, 0xFA, 0xDB, 0xDB, 0x7F, 0xDB, 0xBF, 
	0xFF, 0x7F, 0x7F, 0xF7, 0x7F, 0xFF, 0xFF, 0xF7, 0xFF, 0xFF, 0x7F, 0xB7, 0x7F, 0xFB, 0xBF, 0xBF, 
	0x7F, 0xBF, 0x7F, 0x77, 0xFF, 0xFF, 0xDB, 0xBF, 0xFF, 0xFB, 0xFD, 0xBB, 0xFB, 0xDD, 0xBD, 0xDD, 
	0xDB, 0xBC, 0x33, 0xB3, 0xCA, 0x34, 0x33, 0x47, 0x44, 0x4F, 0xFB, 0xDD, 0xDB, 0xBB, 0xFB, 0xFF, 
	0xCA, 0xFB, 0xDB, 0xDB, 0xFB, 0xBB, 0xDB, 0x7F, 0xCB, 0xDD, 0xFF, 0xBB, 0xFB, 0xDB, 0xBD, 0xCC, 
	0xCC, 0x3A, 0xCA, 0xAC, 0xCD, 0xDA, 0xCC, 0xCD, 0xDB, 0xDC, 0xCC, 0xAA, 0xAC, 0xBF, 0xBB, 0xD4, 
	0xDA, 0xC7, 0xBD, 0xCC, 0x3F, 0xC6, 0xAC, 0xAA, 0xCD, 0xDF, 0xBD, 0xBF, 0xFD, 0xB7, 0xFF, 0x77, 
	0xBB, 0xFF, 0x77, 0xFB, 0xAC, 0xDD, 0xB7, 0xFF, 0xFD, 0xFF, 0xFD, 0xBF, 0xFB, 0xBF, 0xFF, 0xFB, 
	0xFF, 0xBF, 0xFF, 0xFB, 0xBF, 0x77, 0xFF, 0xFB, 0xF7, 0x7F, 0xDB, 0xBC, 0xE6, 0xDC, 0xBF, 0xFB, 
	0xFF, 0xFF, 0xFF, 0xFF, 0xFB, 0xDF, 0xFB, 0xDA, 0xAC, 0xBB, 0xFF, 0xFB, 0xF7, 0xF7, 0x7B, 0xFF, 
	0xF7, 0xBB, 0x77, 0xF7, 0x7F, 0xBB, 0xBF, 0xFB, 0xF7, 0xDF, 0xBC, 0xFB, 0xDF, 0x7F, 0xBD, 0xFF, 
	0xFF, 0xF7, 0xFF, 0xF7, 0xF7, 0x7B, 0xBB, 0xFF, 0xF7, 0xF7, 0x7F, 0xBB, 0xF7, 0xFF, 0xBB, 0xF7, 
	0xF7, 0xFF, 0x7F, 0x7F, 0xFF, 0x77, 0xBB, 0xDB, 0x7D, 0xBF, 0xFB, 0xFF, 0xBD, 0xCD, 0xBC, 0xDB, 
	0xCD, 0xBD, 0x44, 0xB4, 0xBA, 0xA3, 0x33, 0x44, 0x44, 0x47, 0xFB, 0xBC, 0xAD, 0xFF, 0x77, 0xBB, 
	0xA6, 0xCB, 0xDB, 0xBB, 0xFB, 0xFF, 0xDB, 0x7F, 0xDF, 0xFD, 0xBF, 0xB3, 0xFB, 0xDD, 0xDB, 0xDC, 
	0x2A, 0x2A, 0xAC, 0xCA, 0xAD, 0xCA, 0xDC, 0xCC, 0xCB, 0xBB, 0xDC, 0xCC, 0xDD, 0xCD, 0xDB, 0xBB, 
	0xDC, 0xA4, 0x74, 0x2B, 0x44, 0xCE, 0x5A, 0xBD, 0xDC, 0xBB, 0xBD, 0xDB, 0xBD, 0xF7, 0xBB, 0xFB, 
	0xCB, 0xFB, 0xBF, 0xDA, 0x6A, 0xBF, 0xF7, 0xFB, 0xBD, 0xDB, 0x7D, 0xD7, 0x7F, 0xD7, 0xFB, 0xBF, 
	0x77, 0xBB, 0x7B, 0xDC, 0xF7, 0xF7, 0x7F, 0xBF, 0xFF, 0xFB, 0xDB, 0xDA, 0x6D, 0xFB, 0xDB, 0xFD, 
	0xDD, 0xB7, 0x7B, 0xB7, 0xFD, 0xCD, 0xDD, 0xDC, 0xCC, 0xB7, 0x7F, 0xBB, 0xBF, 0xFF, 0xFF, 0xFF, 
	0xFF, 0xBF, 0x77, 0xFB, 0xF7, 0xFF, 0x7F, 0xFB, 0xFB, 0xBF, 0xFF, 0x77, 0x77, 0x17, 0xFD, 0xF7, 
	0xFF, 0xB7, 0xBB, 0x77, 0x77, 0xFF, 0x7F, 0xFF, 0xBB, 0xDB, 0xF7, 0x7B, 0xBF, 0xFF, 0xFB, 0xBF, 
	0xBF, 0xFB, 0xFF, 0xF7, 0xFF, 0xFF, 0xFF, 0xBB, 0xBC, 0xDF, 0xFF, 0xDF, 0xBB, 0xDD, 0xDC, 0xDB, 
	0xDC, 0xCD, 0xFF, 0x77, 0x74, 0x23, 0x34, 0x44, 0x77, 0x77, 0x7B, 0xBB, 0x6A, 0xDD, 0xBB, 0xBB, 
	0xCC, 0xAD, 0xF7, 0xFB, 0xDD, 0xBF, 0xBB, 0xFB, 0xBB, 0x7F, 0xBF, 0xBD, 0xBF, 0xBB, 0xBD, 0x4F, 
	0x22, 0x2C, 0xAC, 0xAA, 0xAC, 0xCC, 0xDD, 0xCC, 0xCD, 0xDD, 0xDD, 0xDD, 0xBD, 0xDC, 0xCD, 0xBC, 
	0xCB, 0x33, 0xB3, 0xCC, 0xC3, 0xAE, 0x6C, 0xBB, 0xFB, 0xBF, 0xBB, 0xDF, 0xFF, 0xFF, 0xBB, 0xBC, 
	0xCF, 0xFD, 0xDB, 0xCC, 0xAD, 0xFF, 0x77, 0xFB, 0xFB, 0xDD, 0xFB, 0xBF, 0xFB, 0xDF, 0xFB, 0xF7, 
	0xFF, 0xFF, 0xFF, 0xDB, 0xFF, 0xFF, 0x7F, 0xF7, 0xFB, 0xBD, 0xBB, 0xDD, 0xBF, 0xBF, 0xDF, 0xFD, 
	0xCD, 0xF7, 0xFB, 0xBF, 0xFB, 0xDB, 0xDD, 0xBB, 0xFB, 0xD7, 0xFD, 0xBF, 0xFF, 0x7F, 0x7F, 0xBB, 
	0xBF, 0xFF, 0xFF, 0xBD, 0xBF, 0x7F, 0xF7, 0x7B, 0xBB, 0xFB, 0xFB, 0xF7, 0x11, 0x77, 0xFD, 0xBF, 
	0xBB, 0xBB, 0xBB, 0xFF, 0x7F, 0xF7, 0x7F, 0xBF, 0xBB, 0xDD, 0xBF, 0xFF, 0xBB, 0xFF, 0xFF, 0xBB, 
	0xFF, 0x7B, 0xBF, 0x7F, 0x7F, 0xFF, 0xFF, 0xFB, 0xDC, 0xDF, 0xBB, 0xCC, 0xDF, 0xBB, 0xCC, 0xDD, 
	0xDD, 0xCA, 0xDB, 0xBF, 0x44, 0x33, 0x33, 0x34, 0x47, 0x77, 0x7B, 0xDB, 0xBC, 0xCC, 0xDD, 0xDD, 
	0xDB, 0xCD, 0xBF, 0xBF, 0xDD, 0xDF, 0xFB, 0xBB, 0xBB, 0xF7, 0xFB, 0xBB, 0xDF, 0xFB, 0xDB, 0x71, 
	0x22, 0x2C, 0xAC, 0xCA, 0xAC, 0xCC, 0xDD, 0xCC, 0xDD, 0xCC, 0xDB, 0xBB, 0xBD, 0xDC, 0xAC, 0xDA, 
	0xDF, 0x36, 0xA2, 0xC2, 0x66, 0xE6, 0xAC, 0xDB, 0x7F, 0xDB, 0xDD, 0xBF, 0x7F, 0xFF, 0xBB, 0xDD, 
	0xBF, 0xFD, 0xDB, 0xBD, 0xDB, 0x7F, 0xFF, 0xFF, 0xFF, 0xDC, 0xBF, 0xBB, 0xBB, 0xBB, 0xBF, 0xF7, 
	0xBF, 0xFF, 0xFF, 0xFF, 0xFF, 0xFF, 0xFF, 0xF7, 0xFC, 0xDD, 0xDB, 0xBF, 0xFB, 0xBF, 0xB7, 0xFD, 
	0xDF, 0xFF, 0xFD, 0xBB, 0xFF, 0xBB, 0xBB, 0xBF, 0xFF, 0xBF, 0xBD, 0xFF, 0x7F, 0xFF, 0x7F, 0xBB, 
	0xBF, 0xFF, 0xFB, 0xCC, 0xDF, 0x7F, 0xFF, 0xFD, 0xDB, 0xFB, 0xBD, 0xB7, 0x11, 0x77, 0xFD, 0xDB, 
	0xBB, 0xFD, 0xFB, 0xFF, 0xFD, 0xB7, 0xFB, 0xBB, 0xDF, 0xBC, 0xDD, 0xBF, 0xBD, 0xBF, 0xF7, 0xBF, 
	0xFB, 0x7F, 0xDF, 0x7F, 0x7F, 0xFF, 0xFF, 0xFF, 0xDD, 0xBF, 0xBB, 0xBD, 0xBF, 0xFB, 0xDC, 0xDD, 
	0xCD, 0xCA, 0xCA, 0xAD, 0x34, 0x43, 0x34, 0x33, 0x47, 0xFF, 0xFB, 0xBF, 0xBD, 0xCC, 0xDB, 0xCD, 
	0xBB, 0xDC, 0xDD, 0xBF, 0xDB, 0xDB, 0xFD, 0xDB, 0xBD, 0xF7, 0xFD, 0xBB, 0xBF, 0xFD, 0xDB, 0x71, 
	0x62, 0x3C, 0xAA, 0xDC, 0xCA, 0xCC, 0xDD, 0xCC, 0xDC, 0xDC, 0xDB, 0xBF, 0xBD, 0xCA, 0xCD, 0xC3, 
	0xBB, 0x26, 0x66, 0xC3, 0x6E, 0xAA, 0xCC, 0xCB, 0x7F, 0xC6, 0xAA, 0xF7, 0xFB, 0xBF, 0xFF, 0xBF, 
	0xFF, 0xBC, 0xDB, 0xFB, 0xBF, 0xFF, 0xBB, 0xFF, 0x7F, 0xBB, 0xBF, 0xBB, 0xBB, 0xFB, 0xDF, 0xFF, 
	0xBB, 0xBF, 0xBF, 0x7F, 0xB7, 0xFB, 0xB7, 0x7F, 0xBD, 0xCC, 0xDB, 0xF7, 0x7B, 0xBB, 0xFF, 0xBB, 
	0xB7, 0xFB, 0xFD, 0xDB, 0xBF, 0xFF, 0xBF, 0xBD, 0xB7, 0xFF, 0xFB, 0xF7, 0xFF, 0xBF, 0x77, 0xFB, 
	0xFF, 0xFF, 0x7B, 0xCC, 0xBB, 0x77, 0xBD, 0xDD, 0xDB, 0xBF, 0xBC, 0xB7, 0x11, 0x1F, 0x7B, 0xCD, 
	0xBB, 0xFB, 0xFB, 0xBB, 0xBD, 0xBF, 0xBD, 0xDA, 0xC7, 0xDA, 0xAA, 0xC7, 0xFD, 0xDB, 0x7F, 0xB7, 
	0xBC, 0xF7, 0xFF, 0xFB, 0xFF, 0x7F, 0xFF, 0x77, 0xBF, 0xFF, 0xBF, 0xF7, 0xFB, 0xFF, 0xFD, 0xDD, 
	0xAC, 0xDD, 0xCE, 0x96, 0xD3, 0x34, 0x37, 0x4B, 0x4F, 0x33, 0xDB, 0xFF, 0xBB, 0xBD, 0xBF, 0xDD, 
	0xFB, 0xDC, 0xDC, 0xDF, 0xDB, 0xDD, 0xBD, 0xDF, 0xBD, 0xBF, 0xBB, 0xBF, 0x4B, 0xBD, 0xBB, 0xB7, 
	0x23, 0xCA, 0xAC, 0x2B, 0x3A, 0xCC, 0xCC, 0xDC, 0xCC, 0xCD, 0xDD, 0xDB, 0xDC, 0xCD, 0xDC, 0xAC, 
	0xCD, 0xC2, 0x3A, 0x4B, 0x6A, 0xCD, 0xCD, 0xBB, 0xFB, 0xDA, 0xCD, 0xBF, 0xFB, 0xFB, 0x7B, 0xB7, 
	0xFB, 0xBD, 0xDF, 0xFB, 0xFF, 0xFB, 0xBB, 0xFF, 0x7B, 0xF7, 0x7F, 0xDC, 0xB7, 0xFF, 0xBF, 0xBB, 
	0x7F, 0xB7, 0xFB, 0xFF, 0xFF, 0xFB, 0xFB, 0xBD, 0xDB, 0xBB, 0xBF, 0xFF, 0xFF, 0xBF, 0x7B, 0xFF, 
	0xFF, 0xFB, 0xDB, 0xFB, 0xDB, 0xFF, 0xDD, 0xDD, 0xD7, 0x7F, 0xF7, 0xFF, 0xFB, 0xFF, 0xFF, 0x7B, 
	0xF7, 0x7F, 0xFF, 0xBB, 0xBD, 0xBF, 0xDC, 0xFB, 0xBB, 0xB7, 0x7D, 0xAB, 0xBB, 0xBD, 0xBC, 0xAD, 
	0x7B, 0xDB, 0xFF, 0xFB, 0xFF, 0xF7, 0xFB, 0xDC, 0xD7, 0xCA, 0xDB, 0xF7, 0x7F, 0xDB, 0xBF, 0xF7, 
	0xFD, 0xBF, 0x77, 0xBB, 0xFB, 0xBF, 0x7F, 0x77, 0xBF, 0xFB, 0xBB, 0xB7, 0x7F, 0xFB, 0xFB, 0xFC, 
	0xAA, 0xDC, 0xE9, 0x85, 0x47, 0x44, 0x44, 0xF7, 0xBC, 0xAA, 0xAD, 0xFF, 0xFB, 0xDF, 0xF7, 0xFB, 
	0xFB, 0xBB, 0xDC, 0xBB, 0xBF, 0xBC, 0xDB, 0xBF, 0xDD, 0xBB, 0xDF, 0xFF, 0xFB, 0xFB, 0xBD, 0xB7, 
	0x2C, 0xCA, 0xAC, 0x34, 0x3A, 0x2C, 0x3C, 0xCC, 0xCA, 0xAC, 0xCD, 0xCD, 0xDD, 0xDD, 0xDD, 0xA6, 
	0x63, 0x32, 0xC2, 0x3C, 0x6B, 0xDD, 0xCD, 0xDD, 0xBB, 0xBD, 0xBB, 0xDB, 0xBB, 0xFB, 0xFF, 0xBF, 
	0xFD, 0xFB, 0xBF, 0x7F, 0xFF, 0xFB, 0xBB, 0xBB, 0xFF, 0xFF, 0xFF, 0xBD, 0xF7, 0x7F, 0xBF, 0xBF, 
	0xFF, 0xFF, 0xFB, 0xB7, 0xFD, 0xBF, 0x7F, 0xDB, 0xFF, 0xFF, 0xBF, 0xFB, 0xBF, 0xFF, 0xFF, 0xBB, 
	0xBF, 0x7F, 0xBF, 0x7B, 0xAC, 0xDC, 0xDB, 0xBB, 0xCF, 0x7F, 0xFF, 0xBB, 0xFF, 0xFF, 0xFF, 0x7F, 
	0xF1, 0x17, 0xFF, 0xFB, 0xFF, 0xBB, 0xBB, 0xFB, 0xFF, 0xDF, 0x7F, 0xDB, 0xAA, 0xAA, 0xDD, 0xDB, 
	0x7F, 0xCB, 0xBF, 0x7F, 0xFB, 0xBF, 0x7F, 0xBF, 0x77, 0xFB, 0xFF, 0x7F, 0xFF, 0xFF, 0xCD, 0xF7, 
	0x7F, 0xBB, 0xF7, 0xFB, 0xFB, 0xFF, 0xF7, 0xFF, 0xBB, 0xFF, 0xBD, 0xDF, 0xFF, 0xFB, 0xDD, 0xFD, 
	0xCC, 0xDC, 0xE9, 0x89, 0x37, 0x77, 0xB3, 0xDB, 0xDA, 0xA6, 0xAC, 0xBF, 0xFF, 0xBF, 0xFF, 0xFD, 
	0xCC, 0xBF, 0xDD, 0xBB, 0xBB, 0xBD, 0xDB, 0xBB, 0xBB, 0xFB, 0xBB, 0xBB, 0xFD, 0xBB, 0xBB, 0xDB, 
	0x2C, 0xCA, 0xCC, 0x33, 0x2A, 0x2C, 0x3C, 0xCC, 0xCA, 0xAC, 0xCD, 0xCC, 0xDB, 0xDD, 0xDD, 0xAE, 
	0xA3, 0x33, 0xAA, 0x66, 0xAF, 0xDC, 0xCD, 0xDD, 0xBB, 0xDB, 0xBB, 0xDB, 0xBF, 0xFD, 0xDF, 0xBB, 
	0xFB, 0xFF, 0xFF, 0x77, 0xFF, 0xFB, 0xBB, 0xBB, 0xBF, 0xFF, 0xFF, 0xFB, 0xF7, 0xFF, 0xFF, 0xFF, 
	0xFB, 0xFF, 0xBF, 0xFF, 0xBD, 0xBF, 0x7F, 0xBB, 0x7B, 0xF7, 0xFF, 0xFB, 0xBF, 0xFF, 0xFF, 0xBB, 
	0xBF, 0xFF, 0xF7, 0x7B, 0xCC, 0xCA, 0xDB, 0xBF, 0xBB, 0x7F, 0xFF, 0xBF, 0xFB, 0xFF, 0xFF, 0xFF, 
	0x71, 0x17, 0xFF, 0xFB, 0xF7, 0xFF, 0xFF, 0xFB, 0xFF, 0xCB, 0xF7, 0xFB, 0xDD, 0xCD, 0xBB, 0xFF, 
	0x7F, 0xBF, 0xFF, 0x77, 0xFB, 0xBF, 0x7F, 0xF7, 0x77, 0x77, 0x77, 0x7F, 0xFF, 0x77, 0xCD, 0xF7, 
	0x77, 0xBB, 0xF7, 0xFF, 0xFF, 0xFB, 0xF7, 0xFF, 0xBB, 0xFF, 0xFD, 0xDB, 0xBB, 0xFB, 0xCC, 0xBB, 
	0xDC, 0xCC, 0xE9, 0xE9, 0x6F, 0x7F, 0xAE, 0xAA, 0xA6, 0xAE, 0xAC, 0xBB, 0xFF, 0xFB, 0xBB, 0xBA, 
	0xAC, 0xBB, 0xDD, 0xBB, 0xBD, 0xBB, 0xDB, 0xBB, 0xBB, 0xBB, 0xBB, 0xBD, 0xBB, 0xBD, 0xBB, 0xDD, 
	0xA2, 0xAA, 0xD3, 0x26, 0xAA, 0x32, 0xAC, 0x3C, 0xCC, 0xDD, 0xCC, 0xDC, 0xCD, 0xDB, 0xCC, 0xCA, 
	0xCC, 0x23, 0x66, 0xA6, 0xAB, 0xDC, 0xCB, 0xBB, 0xFB, 0xDB, 0xDB, 0xBB, 0xFF, 0x7D, 0xCF, 0xFF, 
	0xFF, 0xFB, 0xFF, 0xFF, 0xBF, 0xBF, 0xDB, 0xFF, 0xFF, 0xFF, 0xBF, 0xFF, 0xFF, 0xBF, 0x7F, 0xF7, 
	0xFF, 0xFB, 0xFF, 0x7B, 0xDB, 0xFF, 0xFF, 0xFF, 0xFB, 0x7F, 0xFF, 0xFD, 0xBF, 0xBF, 0xBF, 0xBF, 
	0xFF, 0xDD, 0xDF, 0x7B, 0xFB, 0xDD, 0xBB, 0xBF, 0x7B, 0xFF, 0xFF, 0xF7, 0xFB, 0xF7, 0xBB, 0xDB, 
	0x17, 0x17, 0xBF, 0xBB, 0x77, 0x77, 0x7F, 0xBF, 0xFB, 0xAD, 0xB7, 0x7D, 0xFF, 0xBF, 0xFB, 0x77, 
	0xFF, 0xF7, 0xF7, 0x7F, 0xBF, 0xFF, 0xFF, 0x77, 0xF7, 0x77, 0x77, 0x7B, 0xBF, 0x77, 0xBF, 0x77, 
	0x77, 0xFF, 0x7F, 0xF7, 0x7F, 0xFB, 0xFF, 0x77, 0xFF, 0xF7, 0x7B, 0xBF, 0xBF, 0xFF, 0xDD, 0xBB, 
	0xBD, 0xCA, 0xEE, 0xAE, 0x6A, 0xFC, 0x99, 0xEE, 0x99, 0xAA, 0xCD, 0xDC, 0xF7, 0xFD, 0xDB, 0xDC, 
	0xCD, 0xBD, 0xDD, 0xBB, 0xDB, 0xFB, 0xBD, 0xBB, 0xDB, 0xDD, 0xDB, 0xDC, 0xDF, 0xBD, 0xDF, 0xBC, 
	0xA6, 0x6A, 0x23, 0x26, 0x33, 0x22, 0xA2, 0xCC, 0xAC, 0xCC, 0xCC, 0xDC, 0xCD, 0x47, 0x2A, 0xDD, 
	0xDA, 0xAC, 0x6A, 0xB3, 0xCA, 0xDB, 0xDB, 0xFB, 0xFF, 0xBD, 0xDF, 0xBD, 0xDB, 0xBB, 0xDB, 0x7F, 
	0xBF, 0x7F, 0xFB, 0xBB, 0xFB, 0xDB, 0xBF, 0xFF, 0xBB, 0xBF, 0xFF, 0xFB, 0xFF, 0xF7, 0x7B, 0xFF, 
	0xF7, 0x7F, 0xF7, 0x7F, 0xFB, 0xBF, 0xFF, 0xF7, 0xFF, 0xFF, 0x7B, 0xBD, 0xBB, 0xFF, 0xCB, 0xFF, 
	0xBD, 0xCB, 0xAC, 0xBB, 0xB7, 0x7F, 0xDD, 0xFB, 0xFF, 0xDD, 0xDB, 0xBF, 0x7F, 0x77, 0xDC, 0x6D, 
	0x11, 0x1B, 0xDF, 0xDB, 0x7F, 0xFB, 0xDB, 0xFF, 0xDC, 0xAD, 0xCF, 0x7C, 0xBF, 0xBF, 0xFF, 0x7F, 
	0xF7, 0xFF, 0xF7, 0x7F, 0xFF, 0xF7, 0xFF, 0xFF, 0xFF, 0xF7, 0xFD, 0xDD, 0xDB, 0xFF, 0xF7, 0x7F, 
	0xFF, 0x7F, 0xFF, 0x77, 0xFF, 0x7F, 0x7F, 0x7F, 0x7F, 0xFF, 0x7F, 0xFF, 0xB7, 0xFB, 0xBB, 0xBB, 
	0xDC, 0xA6, 0xAC, 0xCA, 0xCC, 0xAE, 0xE9, 0x55, 0x69, 0x6C, 0xBC, 0xAA, 0xBF, 0xBB, 0xF7, 0xFB, 
	0xBF, 0x7D, 0xCD, 0xBD, 0xCB, 0xF7, 0xFB, 0xBD, 0xCD, 0xBF, 0xBB, 0xDD, 0xBF, 0xFB, 0xDB, 0xBD, 
	0x66, 0x62, 0xA2, 0x22, 0x22, 0x2C, 0xCA, 0xAA, 0xAA, 0xAA, 0xDD, 0xCC, 0xAC, 0x74, 0x32, 0xCC, 
	0xA6, 0x2A, 0x63, 0xBD, 0xD6, 0xCB, 0xBF, 0xFB, 0xBF, 0xFD, 0xBF, 0xBD, 0xDB, 0xFF, 0xBB, 0xFB, 
	0xDF, 0x7F, 0xFF, 0xFF, 0xBB, 0xDD, 0xBF, 0x7F, 0xDB, 0xFB, 0xBB, 0xBF, 0xFB, 0xF7, 0xFB, 0xFF, 
	0xF7, 0x7F, 0xFF, 0xF7, 0xFB, 0xFF, 0xFF, 0x7F, 0xF7, 0xF7, 0xFB, 0xDB, 0xBB, 0xFB, 0xBF, 0xBB, 
	0xCC, 0xDB, 0xFB, 0xBD, 0xB7, 0x7F, 0xDD, 0xFF, 0xFF, 0xBD, 0xBF, 0xFF, 0x77, 0x17, 0xFF, 0xD4, 
	0x11, 0x7D, 0xCB, 0xDB, 0xBD, 0xBB, 0xB7, 0x77, 0xBC, 0xCB, 0xBF, 0xFD, 0xDF, 0xBB, 0x77, 0xFF, 
	0x77, 0xFB, 0xBF, 0x7F, 0x7F, 0xFF, 0xFF, 0xBB, 0x7F, 0xFF, 0xBC, 0xDB, 0xDD, 0xBF, 0x7F, 0xBF, 
	0xF7, 0x1F, 0xF7, 0xF7, 0x7F, 0x7F, 0xFF, 0x7F, 0xF7, 0x7F, 0xFF, 0xFB, 0xFF, 0xFF, 0xFF, 0xBF, 
	0xBC, 0xCC, 0xCC, 0xCC, 0xBD, 0xE6, 0xA6, 0x6E, 0x66, 0xAC, 0xBC, 0xCA, 0xCB, 0xFB, 0xBF, 0xFF, 
	0xBB, 0xFB, 0xBC, 0xDD, 0xDB, 0xBF, 0xBB, 0xBB, 0xDD, 0xB7, 0xFB, 0xDC, 0xDB, 0xBF, 0xDB, 0xBB, 
	0x56, 0xA2, 0x6A, 0x22, 0x22, 0x2A, 0xAA, 0xAA, 0xAA, 0xAC, 0xDC, 0xCC, 0xAC, 0xF3, 0x32, 0xAA, 
	0x6A, 0x26, 0x62, 0xCC, 0xCA, 0xAB, 0xBF, 0xFB, 0xBB, 0xFD, 0xBF, 0xBB, 0xBD, 0xFF, 0xBB, 0xFD, 
	0xDB, 0xFF, 0xFF, 0xFF, 0xBF, 0xBB, 0xBF, 0x7F, 0xDB, 0xBB, 0xFD, 0xDF, 0xBB, 0xFF, 0xBB, 0xFF, 
	0xFF, 0x7F, 0xFF, 0xF7, 0xFF, 0xFF, 0xBF, 0x7F, 0xF7, 0x77, 0xFD, 0xCB, 0xFF, 0xFF, 0xFF, 0xBD, 
	0xCD, 0xBF, 0x7F, 0xBB, 0xFF, 0x7B, 0xDB, 0xFF, 0xF7, 0xFB, 0xFF, 0x77, 0x71, 0x17, 0x77, 0x77, 
	0x17, 0x7F, 0xDD, 0xDD, 0xCA, 0xDB, 0xF7, 0x77, 0xFB, 0xBB, 0xFF, 0xBB, 0xBF, 0xBF, 0x77, 0xFF, 
	0x77, 0xFD, 0xBF, 0x7F, 0x7B, 0xFF, 0xFF, 0xBF, 0x7F, 0xFB, 0xBB, 0xBB, 0xBB, 0xDF, 0x7F, 0xDF, 
	0x77, 0x17, 0xFF, 0x77, 0x7F, 0x7F, 0xBF, 0x7F, 0xF7, 0x7F, 0xFF, 0xFB, 0xFF, 0xFF, 0x7F, 0xDB, 
	0xBC, 0xCD, 0xCA, 0xCC, 0xDD, 0xAA, 0xAA, 0xAA, 0x6A, 0xCA, 0xFD, 0xAA, 0xAC, 0xBD, 0xDD, 0xDF, 
	0xBD, 0xBF, 0xFC, 0xDB, 0xDB, 0xBD, 0xDD, 0xDB, 0xBB, 0xBF, 0xFB, 0xBC, 0xDD, 0xDB, 0xDB, 0xBB, 
	0xE6, 0xC6, 0x6A, 0x6A, 0x2C, 0x26, 0x6E, 0xAA, 0xAA, 0xAC, 0xDA, 0xAC, 0xCC, 0x32, 0x23, 0xA6, 
	0x6A, 0xAA, 0x6E, 0xEE, 0xAC, 0xCB, 0xBB, 0xBF, 0xBD, 0xBD, 0xDF, 0xBB, 0xBC, 0xB7, 0xFF, 0xBD, 
	0xDD, 0xDB, 0xBF, 0xBF, 0xBB, 0xFF, 0xFB, 0xFF, 0xBF, 0xBB, 0xFD, 0xBF, 0xBF, 0x7B, 0xFF, 0xBF, 
	0xFB, 0xFF, 0xBF, 0x77, 0xBF, 0x7F, 0xBF, 0x7F, 0x77, 0x77, 0xFA, 0xCF, 0xF7, 0x7F, 0x77, 0xFB, 
	0xBB, 0xF7, 0x7F, 0xF7, 0x7B, 0xFF, 0xFF, 0xFF, 0xBF, 0xFB, 0x7F, 0x71, 0x77, 0x77, 0xF7, 0x17, 
	0x17, 0x17, 0xBD, 0xCA, 0xAD, 0xBF, 0x7B, 0xFF, 0xFF, 0xBF, 0x77, 0xFF, 0xFF, 0xF7, 0xFF, 0xFB, 
	0xF7, 0x7B, 0xB7, 0x7B, 0xFB, 0xFF, 0xF7, 0xBF, 0xF7, 0xFC, 0xF7, 0xBB, 0xFF, 0xBB, 0x7F, 0xD7, 
	0x1F, 0x77, 0xFB, 0x71, 0x77, 0xFF, 0xB7, 0x7F, 0x77, 0x7F, 0xFF, 0xFF, 0x7F, 0xFF, 0xBC, 0xCC, 
	0xBB, 0xDC, 0xCA, 0xAC, 0xAD, 0xA6, 0xA6, 0xDC, 0xEC, 0xDA, 0xBB, 0xAA, 0xAA, 0xDC, 0xCD, 0xCB, 
	0xFD, 0xDF, 0xBD, 0xDD, 0xDB, 0xBD, 0xDD, 0xCD, 0xFF, 0xDB, 0xBD, 0xFB, 0xBD, 0xDB, 0xDD, 0xDD, 
	0xEA, 0xC5, 0x52, 0x23, 0xDC, 0xA6, 0xEE, 0xAA, 0xEE, 0x6C, 0xCA, 0xAA, 0xAC, 0xAA, 0x22, 0xCC, 
	0x6A, 0xCC, 0x6E, 0xAC, 0xDD, 0xDD, 0xCC, 0xDF, 0xFD, 0xBF, 0xBD, 0xDF, 0xBC, 0xDF, 0x7B, 0xCA, 
	0xCB, 0xFF, 0xBB, 0xBF, 0xBD, 0xDB, 0xDD, 0xBD, 0xDB, 0xBF, 0xBB, 0xFB, 0xBF, 0xFB, 0xFF, 0xBF, 
	0xFB, 0xFB, 0xFB, 0xFF, 0xBB, 0xFF, 0xB7, 0x77, 0x7F, 0xBF, 0x7D, 0xB7, 0xFF, 0xFF, 0x7F, 0xFF, 
	0xF7, 0xFF, 0xFF, 0xF7, 0xFF, 0xF7, 0x7F, 0xFF, 0xBD, 0xBF, 0xF7, 0x47, 0x71, 0x71, 0xFF, 0x71, 
	0x77, 0x77, 0xFF, 0xBC, 0xDF, 0x77, 0xBC, 0xDB, 0xB7, 0xFF, 0x7F, 0x7B, 0xFF, 0xBF, 0xFF, 0xBC, 
	0xB7, 0x77, 0xBF, 0x7F, 0xBB, 0x7F, 0xFF, 0xFB, 0xBB, 0xFB, 0xFF, 0xFF, 0xFF, 0xBF, 0x77, 0xFF, 
	0xFB, 0xF7, 0xFF, 0x77, 0xFF, 0x77, 0xFF, 0xFF, 0x7F, 0xFF, 0x7F, 0xB7, 0xF7, 0x7C, 0xAC, 0xDD, 
	0xCB, 0xBC, 0xBD, 0xCA, 0xED, 0xCC, 0xCA, 0xD2, 0x6A, 0xDA, 0xDF, 0xBD, 0xDC, 0xDC, 0xDF, 0xFB, 
	0xDC, 0xDD, 0xCD, 0xBF, 0xBD, 0xDD, 0xDB, 0xAC, 0xBD, 0xDB, 0xCD, 0xF7, 0xFF, 0xBF, 0xBB, 0xFB, 
	0x6C, 0xC5, 0x5A, 0x22, 0xAD, 0xBC, 0x6A, 0xCC, 0xAE, 0xAA, 0xAC, 0xAC, 0xCC, 0xA2, 0x3A, 0xCC, 
	0xAD, 0x3A, 0xAC, 0xBF, 0xDC, 0xCD, 0xAC, 0xDB, 0xFB, 0xFB, 0xDD, 0xBB, 0xDC, 0xBB, 0xFD, 0xAC, 
	0xBF, 0xF7, 0xFF, 0xBF, 0xBB, 0xBB, 0xBD, 0xCD, 0xFF, 0xF7, 0xFF, 0xFB, 0xFF, 0xBF, 0xFB, 0xBF, 
	0xBB, 0xBB, 0xFB, 0xBB, 0xBF, 0xFF, 0xFF, 0xFF, 0xFF, 0xFF, 0xFF, 0xFF, 0xFB, 0xFF, 0xFF, 0xFF, 
	0x7F, 0xFF, 0xF7, 0xFF, 0xF7, 0x7F, 0xF7, 0xFF, 0xFB, 0xF7, 0xFF, 0x77, 0x17, 0x77, 0x7F, 0x77, 
	0x17, 0x4F, 0xFF, 0xFD, 0xB7, 0x7F, 0xDC, 0xDB, 0xBF, 0xFF, 0xFF, 0x7F, 0xBF, 0xDD, 0xBF, 0xDA, 
	0xCB, 0x71, 0xFF, 0x7F, 0xDB, 0x7B, 0xCC, 0xBD, 0xBD, 0xF7, 0xFB, 0xBF, 0xBB, 0xBF, 0x7F, 0xBB, 
	0xAB, 0x77, 0xF7, 0xF7, 0x7F, 0xFF, 0xFF, 0xF7, 0xFF, 0xF7, 0x7B, 0xB7, 0xFF, 0xBA, 0xAB, 0xBB, 
	0xCB, 0xBC, 0xDF, 0xBA, 0x9C, 0xCA, 0xBA, 0xCA, 0xAA, 0xCD, 0xDB, 0xBB, 0xBD, 0xDC, 0xB7, 0xBD, 
	0xDD, 0xCC, 0xCC, 0xB7, 0xFC, 0xBB, 0xDD, 0xBC, 0xDB, 0xBF, 0xBB, 0xBF, 0xBB, 0xBF, 0xBB, 0xBB, 
	0x32, 0xA9, 0x6A, 0x2A, 0xCF, 0xFD, 0x6A, 0xCC, 0xCA, 0xAA, 0x6C, 0xCC, 0xCC, 0xC2, 0x2A, 0xCC, 
	0x6D, 0x3A, 0xDB, 0xFF, 0xDD, 0xCD, 0xCD, 0xBB, 0xFF, 0xFD, 0xCD, 0xBD, 0xDB, 0xBB, 0xBD, 0xCD, 
	0xF7, 0xF7, 0x7F, 0xFF, 0xFF, 0xFF, 0xDD, 0xCB, 0x7F, 0xF7, 0xFF, 0xFB, 0xFF, 0xFF, 0xFB, 0xBF, 
	0xFB, 0xBF, 0xBB, 0xDB, 0xF7, 0x7F, 0xFB, 0xBF, 0xF7, 0x77, 0xFF, 0xFB, 0xFB, 0xFF, 0xF7, 0xFF, 
	0x7F, 0xFF, 0xF7, 0xBC, 0xB7, 0x77, 0xFF, 0xFF, 0xFF, 0x7F, 0xBB, 0x77, 0x17, 0x7F, 0x77, 0x77, 
	0x17, 0xFB, 0xFF, 0xFB, 0xFF, 0xFF, 0xBB, 0xDF, 0xBB, 0xFF, 0xFF, 0xFB, 0xBB, 0xDC, 0xBB, 0xCC, 
	0xAC, 0xF7, 0x77, 0xFD, 0xDB, 0xFB, 0xA6, 0xDD, 0xBB, 0xF7, 0xFB, 0xBF, 0xBD, 0xBF, 0xFB, 0xFB, 
	0xCB, 0x77, 0xF7, 0xF7, 0x7F, 0xBB, 0xFF, 0xF7, 0xFF, 0xF7, 0x7B, 0xFF, 0xBB, 0xDD, 0xBF, 0xBB, 
	0xBB, 0xBB, 0xDF, 0xFD, 0xAC, 0xCA, 0xBC, 0xEA, 0xCC, 0xCB, 0xCB, 0xBB, 0xBD, 0xDD, 0xBF, 0xDC, 
	0xBB, 0xDD, 0xDC, 0xB7, 0xFB, 0xBB, 0xBB, 0xBD, 0xDF, 0xFF, 0xFB, 0xBF, 0xBF, 0xBB, 0xDD, 0xBD, 
	0x36, 0x89, 0xAC, 0x2A, 0xB7, 0xFC, 0xEE, 0xAD, 0xDA, 0xCC, 0xAC, 0xDD, 0xDC, 0xDA, 0xAC, 0xAA, 
	0x6C, 0xAC, 0xFF, 0xFB, 0xDB, 0xDC, 0xDB, 0xFD, 0xBF, 0xBC, 0x6C, 0xCC, 0xBF, 0xFF, 0xBB, 0xBB, 
	0xF7, 0xBF, 0x77, 0xF7, 0xFB, 0xFB, 0xCC, 0xDB, 0xFB, 0xBF, 0xFF, 0xBF, 0xFF, 0x7F, 0xFF, 0xFF, 
	0x7B, 0xB7, 0xBC, 0xDF, 0x7F, 0x77, 0xFB, 0xFF, 0xF7, 0xF7, 0x7D, 0xBB, 0xBF, 0xFB, 0x77, 0xBF, 
	0xFF, 0x77, 0x7F, 0xDA, 0xDF, 0x71, 0xFD, 0xF7, 0xFF, 0xFB, 0xDD, 0x77, 0x77, 0x4B, 0x71, 0x71, 
	0x77, 0x7F, 0xFF, 0xFF, 0xFD, 0xBF, 0xFF, 0xBF, 0xFF, 0xF7, 0x77, 0xDD, 0xFB, 0xBB, 0xFB, 0xDB, 
	0xAD, 0xBF, 0x17, 0xFC, 0xDF, 0xBF, 0xDD, 0xBB, 0xFF, 0x7F, 0xFF, 0xF7, 0xBB, 0xFF, 0xBB, 0x7F, 
	0xFF, 0xFF, 0xF7, 0xF7, 0x77, 0xFF, 0xFB, 0xF7, 0x7F, 0xFF, 0xFF, 0x7D, 0xCB, 0xDF, 0x7F, 0xBB, 
	0xFF, 0xBF, 0xBF, 0xFF, 0xDD, 0xDA, 0xBB, 0xAA, 0xCC, 0xCB, 0xCB, 0xDD, 0xBB, 0xDD, 0xDB, 0xDC, 
	0xBF, 0xBB, 0xBD, 0xDF, 0xBF, 0xDC, 0xBB, 0xBC, 0xDB, 0xFF, 0xFF, 0xBB, 0xF7, 0xBB, 0xBD, 0xBB, 
	0xA5, 0x89, 0x6A, 0xA2, 0xF7, 0xBE, 0x99, 0xEC, 0xAE, 0xEE, 0xAB, 0x4C, 0xCC, 0xCC, 0xBF, 0xDC, 
	0xCA, 0xCB, 0xFF, 0xBB, 0xFB, 0xDD, 0xFF, 0xBB, 0xBD, 0xCC, 0xAC, 0xCB, 0xBF, 0xFF, 0xFD, 0xFF, 
	0xBF, 0xFB, 0xFB, 0xBF, 0xFD, 0xDB, 0xDD, 0xFF, 0xBD, 0xB7, 0xFB, 0xFB, 0xFF, 0x7F, 0xF7, 0xFF, 
	0x7B, 0xF7, 0xBC, 0xBB, 0xFF, 0xF7, 0xBB, 0xBB, 0xFF, 0xFF, 0xBD, 0xBF, 0xBB, 0xFF, 0xFB, 0xF7, 
	0xF7, 0x7B, 0xDF, 0xFB, 0xB7, 0x77, 0xFB, 0xF7, 0x77, 0xDC, 0xB4, 0x77, 0x77, 0xBB, 0xF7, 0x17, 
	0x77, 0x77, 0x77, 0xF7, 0x7B, 0x7F, 0xBF, 0x7B, 0xF7, 0xBF, 0x7B, 0xBB, 0xFB, 0xF7, 0xBB, 0xBB, 
	0xCF, 0xFB, 0xF7, 0x7F, 0xFB, 0xF7, 0x77, 0xFF, 0xBB, 0xFF, 0xFB, 0xB7, 0xFB, 0x77, 0xB7, 0x77, 
	0x77, 0xF7, 0x7F, 0x7F, 0xFF, 0x77, 0xFB, 0xFF, 0x77, 0xFD, 0xB7, 0xBC, 0xCB, 0x77, 0xFB, 0xBF, 
	0xF7, 0xFB, 0x77, 0xFB, 0xBF, 0xFD, 0xDB, 0xCD, 0xAA, 0xCB, 0xCD, 0xCD, 0xDF, 0xBC, 0xDF, 0xBC, 
	0xAD, 0xFB, 0xDC, 0xCB, 0xBB, 0xCC, 0xDF, 0xDC, 0xBD, 0xBB, 0xDD, 0xBB, 0xBB, 0xFF, 0xFF, 0xBB, 
	0x66, 0x96, 0xAC, 0xCC, 0xFF, 0xD5, 0x88, 0x9A, 0xE9, 0x9E, 0xCF, 0x4C, 0xCC, 0xCB, 0xBB, 0xDD, 
	0xBB, 0xDB, 0xFB, 0xBB, 0xBB, 0xDD, 0xBF, 0xBB, 0xDD, 0xCC, 0xCD, 0xDB, 0xBF, 0xBB, 0xBB, 0xFB, 
	0xBB, 0xFF, 0xFB, 0xFB, 0xBD, 0xBF, 0xFB, 0xBF, 0xFF, 0xFF, 0xFF, 0xBB, 0xFF, 0xFF, 0xFF, 0xBF, 
	0xFF, 0x77, 0xFD, 0xFF, 0xFF, 0xFF, 0xFF, 0xFB, 0xBB, 0xFB, 0xBD, 0xDB, 0xBF, 0x7B, 0xDD, 0xBF, 
	0x7F, 0xFC, 0xCF, 0x7F, 0xFF, 0x7F, 0xFF, 0xBB, 0x77, 0x7F, 0xF7, 0x47, 0x77, 0x4B, 0xB1, 0x71, 
	0x7F, 0x77, 0x77, 0xBF, 0x7F, 0xFB, 0xFF, 0x7F, 0xBF, 0xFF, 0xFC, 0xFF, 0xFF, 0x7F, 0xBF, 0xBD, 
	0xB7, 0xFF, 0xBF, 0x77, 0xFB, 0xBF, 0xF7, 0xFF, 0xFB, 0xBF, 0xFB, 0xFF, 0xFB, 0xFF, 0xFF, 0xFF, 
	0x7F, 0xF7, 0x7B, 0xFF, 0x7F, 0xFF, 0x7F, 0xFF, 0xFF, 0x7F, 0xF7, 0xBD, 0xCD, 0x7F, 0xFB, 0xBB, 
	0xF7, 0xBD, 0xFF, 0xBB, 0xFB, 0xBD, 0xDD, 0xCB, 0xDA, 0xCB, 0xDD, 0xDB, 0xDB, 0xFD, 0xDB, 0xBD, 
	0xCB, 0xBB, 0xDD, 0xDB, 0xBB, 0xCD, 0xDB, 0xBD, 0xCD, 0xDB, 0xDC, 0xDB, 0xDC, 0xDB, 0xBB, 0xBB, 
	0x66, 0x62, 0x33, 0xCD, 0xFB, 0xC5, 0x99, 0xEA, 0x55, 0xEA, 0xBF, 0x42, 0xCC, 0xCB, 0xDD, 0xCB, 
	0xFF, 0xBF, 0xBD, 0xBB, 0xBB, 0xDD, 0xBB, 0xBB, 0xDD, 0xDC, 0xDB, 0xDD, 0xBB, 0xDB, 0xBF, 0xFB, 
	0xBB, 0xFF, 0xFF, 0xFB, 0xFF, 0xFF, 0x7B, 0xDF, 0xF7, 0xFF, 0xFF, 0xBB, 0xFF, 0xBB, 0xFF, 0xBF, 
	0xB7, 0x7F, 0xBB, 0xFF, 0xFB, 0xFF, 0xF7, 0xFF, 0xBB, 0xFF, 0xFB, 0xDB, 0xFF, 0xFD, 0xCC, 0xDB, 
	0xFD, 0xDD, 0xDF, 0x7F, 0x7F, 0xFF, 0xFF, 0xBB, 0x77, 0x17, 0x77, 0x77, 0x77, 0x4B, 0xF1, 0x11, 
	0x77, 0xF7, 0x77, 0xFF, 0x7F, 0xDB, 0xFF, 0x77, 0xBD, 0xFF, 0xBD, 0xBF, 0x7F, 0xFF, 0xFF, 0xBD, 
	0xF7, 0xF7, 0xFD, 0xF7, 0xFB, 0xBD, 0xB7, 0xFF, 0xFB, 0xBF, 0xFF, 0xFD, 0xFB, 0xBB, 0x7F, 0xBB, 
	0xFD, 0xF7, 0x7D, 0xBF, 0x7F, 0xBF, 0x77, 0xFB, 0xBF, 0x77, 0x7F, 0xBD, 0xCB, 0xFB, 0xFF, 0xFF, 
	0xF7, 0xBD, 0xDB, 0xBB, 0xFB, 0xDD, 0xBD, 0xDB, 0xBC, 0xCB, 0xBF, 0xBB, 0xDD, 0xFB, 0xCD, 0xDD, 
	0xDB, 0xBB, 0xBB, 0xBB, 0xBB, 0xBD, 0xDB, 0xFB, 0xCD, 0xDB, 0xBD, 0xCD, 0xCA, 0xCD, 0xCD, 0xBB, 
	0x66, 0x23, 0x4D, 0xCB, 0xFD, 0xA5, 0xAC, 0xCC, 0xAA, 0xAD, 0x4D, 0x3A, 0xCD, 0xDD, 0xDD, 0xDB, 
	0xBB, 0xB7, 0xBA, 0xDD, 0xFF, 0xCC, 0xDD, 0xBF, 0xBD, 0xCC, 0xDB, 0xBB, 0xFD, 0xBF, 0xBB, 0xBF, 
	0xFB, 0xBB, 0xBF, 0xBF, 0x77, 0xBF, 0xFF, 0xBB, 0xFF, 0x7F, 0xFF, 0xBB, 0x7F, 0xBB, 0xBF, 0xFF, 
	0xFF, 0xFB, 0xCB, 0xF7, 0xBB, 0xF7, 0xFF, 0x7F, 0xBF, 0xF7, 0xFB, 0xBF, 0x77, 0xBD, 0xCD, 0xCF, 
	0xFC, 0xDF, 0xFF, 0x7F, 0x7F, 0xF7, 0x7F, 0xBF, 0xF7, 0x77, 0x11, 0x77, 0x17, 0x44, 0x77, 0x11, 
	0x17, 0xBF, 0x17, 0x77, 0x7F, 0xFF, 0x7F, 0xF7, 0xBD, 0xB7, 0xFF, 0xDF, 0x1F, 0xBF, 0x7F, 0xBF, 
	0x77, 0xF1, 0xFD, 0xDF, 0x7F, 0xBB, 0xBF, 0x77, 0xFF, 0xFF, 0x77, 0xFB, 0xFB, 0xBB, 0x7F, 0xDB, 
	0xFB, 0xFF, 0x7B, 0xB7, 0x7F, 0xF7, 0xFF, 0xFB, 0xDF, 0x77, 0x7B, 0xBC, 0xCF, 0xDD, 0xF7, 0x77, 
	0xF7, 0x7F, 0xBB, 0xFF, 0xFF, 0xBB, 0xFB, 0xDD, 0xBD, 0xCB, 0xF7, 0xBD, 0xDD, 0xBB, 0xCB, 0xBB, 
	0xFB, 0xBF, 0xFB, 0xFB, 0xBB, 0xFB, 0xDF, 0xFF, 0xDB, 0xDD, 0xFB, 0xDD, 0xDD, 0xDB, 0xDA, 0xDF, 
	0x22, 0x3A, 0xDA, 0xCF, 0xFC, 0xEE, 0xDF, 0xFD, 0xDD, 0xC3, 0xD3, 0xCC, 0xDD, 0xBB, 0xBF, 0xBD, 
	0xCD, 0xB7, 0xBC, 0xBB, 0xBD, 0xDD, 0xBD, 0xB7, 0xFD, 0xCD, 0xDB, 0xF7, 0xBB, 0x7B, 0xDD, 0xBF, 
	0xFF, 0xBB, 0xBF, 0xFB, 0xFB, 0xBB, 0xBF, 0xF7, 0xFB, 0xFF, 0x77, 0xDD, 0xBF, 0xFF, 0xBD, 0xF7, 
	0x7F, 0xDC, 0xCB, 0xFF, 0xFB, 0xFF, 0x4B, 0xBB, 0x7F, 0xFF, 0xFB, 0xF7, 0xFD, 0xDF, 0xBF, 0xF7, 
	0xFD, 0xBF, 0x77, 0xFB, 0xBF, 0x7F, 0x77, 0xFF, 0xF7, 0x71, 0x11, 0x17, 0x77, 0x47, 0x71, 0x17, 
	0x1F, 0xD7, 0x77, 0x77, 0x77, 0x17, 0xF7, 0xFF, 0xFB, 0xFF, 0xBF, 0xBF, 0x77, 0x7F, 0xFF, 0xF7, 
	0xF1, 0x7F, 0xBB, 0xDB, 0x77, 0x77, 0xF7, 0xF7, 0xFB, 0xFF, 0xFF, 0xBF, 0xBB, 0x7F, 0x7B, 0xDB, 
	0xFB, 0x77, 0xFF, 0xBF, 0xFF, 0xBF, 0xF7, 0xFF, 0xDB, 0xFF, 0xFD, 0xCC, 0xBB, 0xDB, 0x7F, 0xF7, 
	0x7F, 0xFF, 0x7F, 0xBB, 0xFF, 0x77, 0xFF, 0xFB, 0xCC, 0xCB, 0xBB, 0xFC, 0xBD, 0xDB, 0xDD, 0xF7, 
	0x1F, 0xFB, 0xBF, 0xDB, 0xFD, 0xBF, 0xBD, 0xB7, 0xDD, 0xDC, 0xDB, 0xBB, 0xFB, 0xCD, 0xBB, 0xBB, 
	0x26, 0xAA, 0xA6, 0xBF, 0xBA, 0x9E, 0xCB, 0xBC, 0xDC, 0xCC, 0xBB, 0x3C, 0xBD, 0xBF, 0xB7, 0xFD, 
	0xCD, 0xFF, 0xDD, 0xBB, 0xFB, 0xBB, 0xDB, 0xDF, 0xBB, 0xDD, 0xBF, 0xFF, 0xBF, 0xFF, 0xBB, 0xFB, 
	0xF7, 0xBB, 0xB7, 0xFB, 0xFB, 0xBB, 0xFF, 0xFF, 0xFB, 0xBB, 0xFF, 0xBB, 0xDF, 0x7F, 0xFD, 0xBF, 
	0xBD, 0xBD, 0xDF, 0xBB, 0xFF, 0x7F, 0x4F, 0xFF, 0x77, 0xBB, 0xFF, 0x77, 0xFB, 0xBF, 0xF7, 0xFF, 
	0xFF, 0xFB, 0xFF, 0xBD, 0xDF, 0x77, 0xFF, 0xFF, 0x77, 0x77, 0x77, 0x71, 0x1F, 0x47, 0x71, 0x11, 
	0x74, 0xF7, 0xF7, 0x77, 0x17, 0x71, 0x77, 0xDD, 0xBF, 0x7F, 0xDB, 0xF7, 0xFF, 0x7F, 0xFB, 0xFF, 
	0x77, 0xFB, 0xBB, 0xFF, 0xFF, 0xF7, 0xFF, 0xFF, 0xFB, 0xBF, 0x77, 0xF7, 0xBF, 0xFF, 0xFB, 0xBF, 
	0xFF, 0xFF, 0xF7, 0xFF, 0xBB, 0xFF, 0xF7, 0x7F, 0xBD, 0xBB, 0xBB, 0xDB, 0xFD, 0xDF, 0x77, 0xFF, 
	0xFF, 0xBF, 0x7F, 0xFF, 0xFB, 0xFF, 0xDB, 0x7B, 0xCC, 0xCB, 0xDC, 0xBD, 0xBD, 0xDB, 0xBB, 0x77, 
	0x77, 0xBD, 0xB7, 0xFB, 0xBB, 0xBF, 0xFD, 0xDB, 0xDB, 0xBD, 0xCD, 0xBF, 0xBB, 0xCD, 0xFB, 0xDD, 
	0x26, 0x56, 0x9A, 0xFF, 0xDE, 0x9E, 0x6A, 0xAA, 0xCC, 0xAC, 0xBF, 0xBD, 0xBD, 0xDF, 0xBF, 0xBD, 
	0xDD, 0xFB, 0xCD, 0xBD, 0xBF, 0xFD, 0xDB, 0xDD, 0xDB, 0xBD, 0xBF, 0xBB, 0xFF, 0xFB, 0xBF, 0xFF, 
	0xF7, 0xBB, 0xF7, 0xFF, 0xFF, 0xFF, 0xBF, 0xFF, 0xFB, 0xBB, 0xBF, 0xFF, 0xFF, 0xFF, 0xFF, 0xFB, 
	0xAA, 0xBB, 0xBF, 0xBB, 0x77, 0x77, 0x4F, 0x77, 0x77, 0xBF, 0xFF, 0x77, 0xFF, 0xFF, 0x77, 0xFF, 
	0xF7, 0xFB, 0xFF, 0xBB, 0xFF, 0xFF, 0xFF, 0xFF, 0xF7, 0xFF, 0xF7, 0x71, 0x1F, 0x37, 0x71, 0x71, 
	0x74, 0x77, 0x47, 0x77, 0x17, 0x71, 0x77, 0xCC, 0xB7, 0x7F, 0xBB, 0xF7, 0xFF, 0xFB, 0xFF, 0xFF, 
	0xFF, 0xFF, 0xFB, 0x77, 0xFB, 0xF7, 0xFF, 0xFF, 0xFF, 0xBF, 0x7F, 0xB7, 0xFF, 0xFF, 0xFB, 0xF7, 
	0xF7, 0xFF, 0x7F, 0xF7, 0xBB, 0xFF, 0xF7, 0xFF, 0xBB, 0xBB, 0xBF, 0xBF, 0xFD, 0xBF, 0x7F, 0xFF, 
	0xFF, 0xBF, 0xFF, 0xFF, 0xBD, 0xBC, 0xCB, 0x7F, 0xFD, 0xCB, 0xCC, 0xDB, 0xBD, 0xDB, 0xBF, 0x77, 
	0x77, 0xBD, 0xD7, 0x7B, 0xCD, 0xDD, 0xBD, 0xCD, 0xBD, 0xBB, 0xAD, 0xBF, 0xDD, 0xBB, 0xFB, 0xDD, 
	0x26, 0x69, 0x9D, 0xFF, 0xC9, 0x9E, 0xEE, 0xE6, 0xCC, 0xCC, 0xBB, 0xBB, 0xDD, 0xBB, 0xDD, 0xDD, 
	0xDD, 0xBB, 0xCC, 0xDD, 0xD7, 0xFD, 0xDB, 0xCA, 0xCD, 0xFB, 0xFB, 0xDB, 0xBF, 0xBD, 0xF7, 0xFF, 
	0x7F, 0xFF, 0xF7, 0xFF, 0xF7, 0x7B, 0xD7, 0xFB, 0xFF, 0xFF, 0xBB, 0x7F, 0x7F, 0xFF, 0x77, 0x7B, 
	0xAD, 0xDB, 0xBF, 0xFF, 0x77, 0x11, 0xB3, 0xF1, 0x17, 0xB7, 0xFF, 0x7F, 0xF7, 0xF7, 0xFF, 0xFF, 
	0xBF, 0xFB, 0xBF, 0xFF, 0x7F, 0xBB, 0xFF, 0xBF, 0xBF, 0xBD, 0xB7, 0x74, 0x1F, 0xD7, 0x77, 0x77, 
	0x74, 0x74, 0x77, 0x77, 0x17, 0x17, 0xFF, 0xBB, 0xF7, 0x7F, 0xFF, 0xF7, 0x7F, 0xBD, 0xB7, 0xF7, 
	0xBB, 0xF7, 0x7F, 0x7F, 0xBF, 0xBF, 0x7F, 0xF7, 0x7F, 0xFF, 0xFB, 0xDF, 0xFD, 0xBF, 0xFB, 0x77, 
	0x7F, 0xBF, 0x1B, 0xF7, 0xFF, 0xFB, 0xFF, 0xBF, 0xFF, 0xFB, 0xBF, 0xFF, 0xBB, 0xFF, 0xFB, 0x77, 
	0xFB, 0xBF, 0xBF, 0xBC, 0xEA, 0xCA, 0xCF, 0xF7, 0x7F, 0xCB, 0xCD, 0xDB, 0xFB, 0xBD, 0xDF, 0x7B, 
	0xFF, 0xBD, 0xBF, 0x7B, 0xCC, 0xCA, 0xDD, 0xCB, 0xBC, 0xDF, 0xCB, 0xFB, 0xBB, 0xBB, 0xFF, 0xDB, 
	0x26, 0x58, 0x6F, 0xFB, 0xA9, 0x9E, 0xCC, 0xAC, 0xDB, 0xBD, 0xBB, 0x4B, 0x3F, 0xBD, 0xBC, 0xCB, 
	0xCC, 0xDD, 0xDC, 0xDB, 0xDB, 0xFF, 0xFB, 0xDC, 0xCB, 0xBD, 0xFD, 0xBB, 0xDF, 0xDD, 0xFF, 0x77, 
	0xFF, 0xFB, 0xBB, 0xBF, 0xF7, 0x7D, 0xCB, 0xFF, 0x7F, 0xFB, 0xFF, 0xFF, 0x77, 0x7B, 0x47, 0x1F, 
	0xDF, 0xBD, 0xDB, 0xB7, 0x71, 0x17, 0x33, 0xB7, 0x1F, 0x7B, 0xC7, 0x7F, 0xFF, 0xF7, 0xFD, 0xCD, 
	0xDF, 0x77, 0xFB, 0xBF, 0xF7, 0xFB, 0xFF, 0xBB, 0xBB, 0xBD, 0xF7, 0x44, 0xF7, 0x74, 0x44, 0x77, 
	0x77, 0x77, 0x71, 0x71, 0x77, 0x77, 0xBD, 0x7F, 0xBF, 0xFF, 0x77, 0xF7, 0xFB, 0xFF, 0xFF, 0xBB, 
	0xBF, 0xFF, 0xFF, 0xFF, 0xFB, 0xDB, 0xF7, 0xBF, 0x7B, 0xFB, 0xBB, 0xBB, 0xFB, 0x7F, 0xFF, 0xFF, 
	0x7B, 0xBF, 0xFB, 0x7B, 0xF7, 0xBF, 0xF7, 0xFF, 0xFB, 0xBF, 0xFF, 0xBB, 0xFF, 0xBB, 0xFF, 0xF7, 
	0xFB, 0xDD, 0xFF, 0xAE, 0x9A, 0xDC, 0xAF, 0xFF, 0xFF, 0xBF, 0xDB, 0xFB, 0xFF, 0xBD, 0xBB, 0xBF, 
	0xFF, 0xDB, 0xFB, 0xBD, 0xDB, 0xDC, 0xBB, 0xDD, 0xDC, 0xDB, 0xFB, 0xBD, 0xBF, 0xDC, 0xBB, 0xCB, 
	0x22, 0x99, 0xDF, 0xFD, 0xE8, 0xEA, 0xBB, 0xDD, 0xDF, 0xBB, 0x3B, 0x44, 0xFF, 0xBD, 0xDC, 0xDB, 
	0xCC, 0xCD, 0xBD, 0xDD, 0xDD, 0xFB, 0xBB, 0xFB, 0xDB, 0xBD, 0xBB, 0xBB, 0xDF, 0xBB, 0xFB, 0xFF, 
	0x77, 0xBD, 0xBB, 0xFF, 0x77, 0xFD, 0xDF, 0x77, 0xFF, 0xFF, 0x7F, 0xFF, 0x77, 0x7F, 0x71, 0x17, 
	0x47, 0xFD, 0xCD, 0xD7, 0x77, 0x77, 0xFF, 0x47, 0x7F, 0xFF, 0xDF, 0x7F, 0xBF, 0xBF, 0xFD, 0xAD, 
	0xBB, 0xFF, 0xBB, 0xCB, 0xBF, 0xFF, 0xFF, 0xFB, 0xDF, 0xFB, 0xBF, 0xF4, 0x34, 0xFB, 0x77, 0x77, 
	0x77, 0x77, 0x71, 0x77, 0x71, 0x7F, 0xDD, 0x7F, 0xBF, 0xBF, 0xFF, 0xDB, 0xFF, 0x7F, 0x77, 0xBD, 
	0xBB, 0xFF, 0xBF, 0xFF, 0xBD, 0xBB, 0xFF, 0xFF, 0xFF, 0xBB, 0xFF, 0xFF, 0xFF, 0xF7, 0x7F, 0xBF, 
	0x7F, 0xFF, 0xFF, 0xFC, 0xBF, 0xF7, 0xFF, 0xFF, 0xBB, 0xF7, 0x7F, 0xCC, 0xFF, 0xBB, 0xFF, 0xBB, 
	0xFF, 0xDD, 0xFC, 0xEA, 0xCD, 0xBC, 0xAB, 0xFF, 0xDF, 0xFF, 0xDB, 0xFB, 0xBF, 0xBB, 0xFB, 0xDB, 
	0xFF, 0xDC, 0xBB, 0xBD, 0xBF, 0xBB, 0xFB, 0xDB, 0xDF, 0xBB, 0xFF, 0xDD, 0xFB, 0xDA, 0xDB, 0xCD, 
	0x22, 0x5A, 0xBF, 0xBA, 0x98, 0x6C, 0xDB, 0xBB, 0xBB, 0xBB, 0x33, 0x44, 0x77, 0xFB, 0xDC, 0xDB, 
	0xAA, 0xCD, 0xBD, 0xCC, 0xCB, 0xFF, 0xDB, 0x7B, 0xDD, 0xFB, 0xBB, 0xBB, 0xBF, 0xFF, 0xFB, 0xDB, 
	0x77, 0xDD, 0xBB, 0xFF, 0x7F, 0xBB, 0xFF, 0xF7, 0xFF, 0xFF, 0x7F, 0xFF, 0x77, 0x77, 0x71, 0x17, 
	0x77, 0x7B, 0xCD, 0xB7, 0x77, 0x77, 0x77, 0x47, 0x7F, 0xF7, 0xFF, 0x7F, 0xDB, 0xDB, 0xFB, 0xBF, 
	0xFB, 0xFF, 0xBB, 0xCD, 0xBB, 0xF7, 0xFB, 0xFD, 0xCF, 0xFF, 0xBB, 0xF4, 0x44, 0xBF, 0x77, 0xFF, 
	0xFF, 0xFF, 0x71, 0x77, 0x71, 0x7D, 0xDF, 0x7B, 0xBF, 0xBF, 0xFB, 0xCD, 0xFF, 0xFF, 0x77, 0xBD, 
	0xFB, 0xFF, 0xBF, 0xFF, 0xDD, 0xBB, 0xFB, 0xFF, 0xFF, 0xBF, 0x77, 0x7F, 0xFF, 0xF7, 0x7F, 0xBF, 
	0x7F, 0xFF, 0xFF, 0xFC, 0xBB, 0x77, 0xFF, 0xFF, 0xBB, 0xF7, 0x7F, 0xBC, 0xFF, 0xFF, 0xFB, 0xCC, 
	0xFF, 0xBF, 0xBA, 0xAC, 0xBB, 0xFB, 0xDF, 0xFF, 0xDF, 0x7F, 0xBB, 0xBB, 0xCB, 0xBB, 0xFF, 0xBB, 
	0xFB, 0xDC, 0xBF, 0xBB, 0xBB, 0xBF, 0xFD, 0xDD, 0xB7, 0xFB, 0xFF, 0xCB, 0xFB, 0xBD, 0xDF, 0xBD, 
	0x32, 0x6D, 0xFB, 0xCE, 0x9E, 0xAA, 0xAD, 0xBB, 0xBD, 0xBB, 0xD3, 0x34, 0x71, 0x7B, 0xCC, 0xCC, 
	0xAA, 0xDB, 0xDC, 0xCC, 0xCB, 0x77, 0xDD, 0x7B, 0xCA, 0xFF, 0xFF, 0xFB, 0xFF, 0xFF, 0xFB, 0xDD, 
	0x77, 0xBB, 0xFF, 0xBF, 0xFB, 0xBF, 0x7F, 0xBF, 0xF7, 0x7F, 0xFF, 0xBF, 0x7F, 0x71, 0x11, 0x11, 
	0x71, 0x74, 0xD4, 0x77, 0x77, 0x71, 0x17, 0x47, 0xF7, 0x77, 0x7F, 0x7B, 0xDB, 0xDF, 0xBF, 0x77, 
	0xFD, 0xBB, 0xFB, 0xBD, 0xDB, 0xB7, 0xFD, 0xBB, 0xBB, 0x77, 0xF4, 0x77, 0x44, 0x47, 0x4F, 0xBB, 
	0xBD, 0xBF, 0x77, 0x14, 0xB7, 0xFC, 0xB7, 0xFB, 0xBF, 0xBF, 0xFB, 0xDB, 0x7F, 0xFF, 0xF7, 0xFB, 
	0x7B, 0xFF, 0xBF, 0x7F, 0xDB, 0xFB, 0xBB, 0xB7, 0xBB, 0xFF, 0xFF, 0xF7, 0xBB, 0xF7, 0x7F, 0xF7, 
	0xFB, 0xFF, 0xFB, 0xFB, 0xFF, 0xFF, 0xBF, 0x7B, 0xFF, 0xBF, 0x7F, 0xFB, 0xFF, 0xFF, 0xBD, 0xCC, 
	0xBF, 0xFF, 0xDA, 0xDD, 0xDB, 0xFF, 0xF7, 0xFF, 0xBB, 0xFF, 0xFB, 0xBF, 0xCD, 0xFB, 0xBF, 0xFF, 
	0xBD, 0xDB, 0xBF, 0xDD, 0xBD, 0xDF, 0xBC, 0xCC, 0xB7, 0x7B, 0xBB, 0xDB, 0xFB, 0xFB, 0xDF, 0xFD, 
	0x42, 0x6B, 0xFB, 0xAE, 0xAC, 0xCC, 0xCB, 0xDB, 0xBD, 0xBB, 0x3D, 0xC3, 0x77, 0xBC, 0xAC, 0xAA, 
	0xAC, 0xBF, 0xDC, 0xDD, 0xDD, 0xF7, 0xBD, 0xBD, 0xAC, 0xF7, 0x7B, 0xDB, 0xFF, 0xFF, 0xBF, 0xFB, 
	0xBF, 0xFB, 0xF7, 0xFF, 0xFF, 0xFF, 0xF7, 0xFF, 0xFF, 0xFF, 0xFB, 0xDB, 0xFF, 0x71, 0x17, 0x17, 
	0x11, 0x77, 0xD7, 0x77, 0x71, 0x17, 0x74, 0x7F, 0x71, 0x77, 0x77, 0x4B, 0xBB, 0xDD, 0xBB, 0x7B, 
	0xDF, 0xFF, 0xFF, 0xFF, 0xDB, 0xBF, 0xBC, 0xBF, 0x7B, 0xF7, 0x77, 0x47, 0x74, 0xB4, 0x47, 0x47, 
	0x4D, 0x47, 0xFF, 0xF7, 0xBB, 0xDB, 0xFB, 0xDD, 0xCC, 0xBF, 0xBB, 0xBD, 0xB7, 0x77, 0xFF, 0xFF, 
	0xFF, 0xF7, 0xFF, 0x7F, 0xBF, 0x77, 0xFF, 0xB7, 0xFB, 0xFF, 0xBB, 0xFF, 0xFB, 0x77, 0x77, 0x7F, 
	0x7B, 0xDB, 0xBB, 0xFF, 0xF7, 0xFF, 0xFF, 0xFB, 0x7F, 0xBD, 0xBD, 0xBF, 0xFF, 0xFF, 0xFD, 0xDB, 
	0xD7, 0xFB, 0xCC, 0xFF, 0xBD, 0xB7, 0x7F, 0xBB, 0xBF, 0x7F, 0x77, 0xBF, 0xFB, 0xF7, 0xBB, 0xBB, 
	0xBD, 0xCD, 0xDD, 0xCD, 0xBD, 0xBB, 0xCD, 0xBD, 0xFF, 0xFB, 0xCB, 0xFB, 0xDB, 0xBD, 0xBB, 0xBB, 
	0x43, 0x3F, 0xBC, 0xEA, 0xFB, 0xBB, 0xDD, 0xBB, 0xDD, 0xB3, 0x3C, 0x22, 0xBB, 0xCA, 0xCC, 0xAC, 
	0xCD, 0xDB, 0xBB, 0xBD, 0xBD, 0xBF, 0xBD, 0xDC, 0xDB, 0xF7, 0xFD, 0xCD, 0xBB, 0xF7, 0xFF, 0xFF, 
	0xBF, 0xBF, 0xFF, 0xFB, 0xFF, 0x7F, 0xFF, 0xFB, 0xFF, 0x44, 0x4F, 0xCD, 0xF7, 0x17, 0x77, 0x77, 
	0x77, 0x77, 0x47, 0x77, 0x17, 0x7F, 0xF4, 0x44, 0x77, 0x77, 0x17, 0xFF, 0xFB, 0xCA, 0xCC, 0xBB, 
	0xDF, 0xBB, 0x77, 0xFB, 0xBB, 0xDB, 0xDD, 0xFF, 0xFF, 0xBF, 0x77, 0x47, 0x44, 0x47, 0x77, 0x71, 
	0x7F, 0x77, 0xBC, 0xBB, 0xFF, 0xBD, 0xFB, 0xDB, 0xDC, 0xDF, 0xDB, 0xBD, 0xBF, 0xF7, 0xFB, 0xFF, 
	0xFF, 0xFF, 0x77, 0xFF, 0xBF, 0xFF, 0xFF, 0xBB, 0xFB, 0xF7, 0xFB, 0xFF, 0x7F, 0xF7, 0xFF, 0x7F, 
	0xFB, 0xDB, 0xFF, 0xFF, 0xFF, 0x77, 0xFF, 0xFF, 0xFF, 0xBB, 0xBD, 0xCB, 0xFB, 0xBF, 0xFD, 0xDD, 
	0xD7, 0xBD, 0xBB, 0xF7, 0xBD, 0xDF, 0xFF, 0xFD, 0xDF, 0xFF, 0xFF, 0xBB, 0xFF, 0xF7, 0xFB, 0xBD, 
	0xBB, 0xDB, 0xBB, 0xDD, 0x4F, 0xF3, 0xCB, 0xBB, 0xF7, 0x7B, 0xDB, 0xFD, 0xCB, 0xFB, 0xFF, 0xBB, 
	0x34, 0x3B, 0xD6, 0xAD, 0xFB, 0xBF, 0xDC, 0xBB, 0xAD, 0xB3, 0x32, 0x26, 0x6E, 0xEA, 0xCC, 0xCC, 
	0xCB, 0xDD, 0xFF, 0xBD, 0xBD, 0xDB, 0xBB, 0xCC, 0xBB, 0xF7, 0xBB, 0xBC, 0xDF, 0xF7, 0xFF, 0xFF, 
	0xFF, 0xBF, 0xFF, 0xFD, 0xFF, 0x7F, 0xFF, 0xFF, 0xFF, 0x44, 0x4F, 0xBD, 0x77, 0x17, 0xFF, 0x77, 
	0x77, 0x77, 0x77, 0x77, 0x77, 0xFF, 0xF4, 0x4B, 0xFF, 0x77, 0x1F, 0xFF, 0x7F, 0xDC, 0xAE, 0xCB, 
	0xBF, 0xBB, 0x77, 0xBD, 0xBB, 0xCB, 0xDC, 0xFF, 0xFB, 0xBB, 0xF7, 0xF7, 0x44, 0x77, 0x17, 0x71, 
	0x77, 0x7F, 0xBC, 0xFB, 0xBF, 0xBD, 0xBB, 0xBF, 0xFB, 0xFF, 0xBF, 0xBD, 0xBB, 0xF7, 0xFB, 0xFF, 
	0xFB, 0xBF, 0x77, 0xFF, 0xBF, 0xBB, 0xFB, 0xBC, 0xBB, 0xF7, 0x7F, 0xFF, 0x7F, 0xFF, 0xFF, 0x7F, 
	0xFF, 0xFF, 0xF7, 0xFF, 0xFF, 0x77, 0xFF, 0xF7, 0xFF, 0xFF, 0xFD, 0xCD, 0xFF, 0xBF, 0xFD, 0xDD, 
	0xBF, 0xDB, 0xFF, 0xF7, 0xBD, 0xBB, 0xFB, 0xBB, 0xBF, 0xFF, 0xBB, 0xBD, 0xFF, 0xFF, 0xFB, 0xBC, 
	0xBB, 0xBF, 0xBB, 0xBB, 0x47, 0x73, 0xDB, 0xBB, 0xFF, 0xFB, 0xBB, 0xFD, 0xAB, 0xFF, 0xFB, 0xBB, 
	0x33, 0x3D, 0xC6, 0xCD, 0xDD, 0xDD, 0xCB, 0xBA, 0xAD, 0x32, 0x23, 0xCE, 0x9E, 0xEC, 0xDD, 0xCC, 
	0xCB, 0xBD, 0xBF, 0xDB, 0xBD, 0xDB, 0xDD, 0xDC, 0xBD, 0xFF, 0xB7, 0xFD, 0xB7, 0x7F, 0xFF, 0xFF, 
	0xFF, 0xFF, 0xFF, 0xFD, 0xBF, 0xFF, 0xBF, 0xFF, 0xFF, 0x77, 0x44, 0x7F, 0xF7, 0x7F, 0xDB, 0xF7, 
	0x17, 0x77, 0x77, 0x77, 0x47, 0x77, 0xFF, 0x4F, 0xCB, 0x11, 0xFF, 0xBB, 0x77, 0xBB, 0xCA, 0xAB, 
	0xFF, 0xBF, 0x7F, 0xCA, 0xFD, 0xAF, 0xFC, 0xB7, 0x3D, 0xFD, 0xF7, 0x74, 0x77, 0x77, 0x77, 0x17, 
	0xF1, 0xBC, 0xDD, 0xFF, 0xDF, 0xBD, 0xDF, 0xBF, 0x77, 0x7F, 0xF7, 0xDD, 0xBD, 0xF7, 0xFF, 0x77, 
	0xFD, 0xBF, 0x7F, 0xFB, 0xBF, 0xDD, 0xBC, 0xDC, 0xBB, 0xD7, 0xFF, 0x7F, 0x77, 0xFB, 0xBF, 0xFF, 
	0x7F, 0x77, 0xBF, 0xFF, 0xF7, 0x77, 0xFF, 0xFF, 0xFF, 0x77, 0xFB, 0xCA, 0xF7, 0xBF, 0xBD, 0xDB, 
	0xFF, 0xDB, 0x7F, 0xB7, 0xFD, 0xDB, 0xBD, 0xBF, 0x7B, 0xBB, 0xBB, 0xBB, 0xBB, 0xDB, 0xFB, 0xBD, 
	0xBF, 0xBB, 0xDF, 0xBB, 0x44, 0x44, 0xBF, 0xDD, 0xBB, 0xDB, 0xFF, 0xFC, 0xCB, 0xF7, 0xBD, 0x4D, 
	0x43, 0x3B, 0xDA, 0xAC, 0xCC, 0xCC, 0xC7, 0xFA, 0xAC, 0x33, 0x26, 0x6E, 0xAC, 0xCD, 0xDC, 0xDD, 
	0xCF, 0xFD, 0xBD, 0xCD, 0xCC, 0xDC, 0xCC, 0xDD, 0xDF, 0xFF, 0xFF, 0xBB, 0xFB, 0xF7, 0xFF, 0xFB, 
	0xFB, 0xFB, 0xBB, 0xFB, 0xDB, 0xFB, 0xBF, 0xBB, 0xFB, 0xF1, 0x77, 0x11, 0x77, 0x77, 0x47, 0x77, 
	0x77, 0x44, 0x77, 0x77, 0x71, 0x77, 0x77, 0x77, 0xDB, 0x17, 0xFF, 0xBB, 0x7F, 0xDB, 0xFF, 0xFF, 
	0x77, 0x77, 0x7F, 0xBB, 0xBF, 0xDB, 0x7F, 0x44, 0xDB, 0xBC, 0x71, 0xF7, 0x43, 0x3B, 0xDB, 0xBC, 
	0xCD, 0xA6, 0xAC, 0xB7, 0xBF, 0xBB, 0xDF, 0xDC, 0xF7, 0xFB, 0xBF, 0xBF, 0xFB, 0xF7, 0xF7, 0xF7, 
	0xBB, 0xFF, 0xFF, 0xFD, 0xDD, 0xDC, 0xCD, 0xCD, 0xBF, 0xDB, 0x7F, 0xFF, 0xFB, 0xBD, 0xBB, 0xBB, 
	0xF7, 0xFF, 0xBF, 0xFB, 0x77, 0x7F, 0xBF, 0x74, 0x7F, 0x7F, 0xBD, 0xAD, 0xBB, 0xBF, 0x7B, 0xFB, 
	0xBF, 0xFB, 0xBB, 0xBF, 0x7B, 0xB7, 0xBA, 0xFB, 0xBF, 0xBB, 0xFB, 0xFF, 0xBD, 0xAF, 0xFB, 0xFB, 
	0xBF, 0xDB, 0xBB, 0xB7, 0x74, 0x47, 0xBB, 0xBB, 0xDC, 0xCC, 0xDD, 0xBD, 0xDD, 0xDB, 0xDC, 0xDD, 
	0x73, 0x33, 0xCA, 0x6A, 0x2D, 0xDC, 0xD1, 0xFC, 0xD3, 0x32, 0x22, 0xAC, 0xCB, 0xBD, 0xBC, 0xDD, 
	0xDB, 0xBD, 0xCC, 0xCD, 0xDB, 0xBD, 0xDF, 0xBB, 0xBF, 0xBB, 0xBB, 0xDB, 0xBD, 0xBF, 0xFB, 0xDB, 
	0xFF, 0xFB, 0xBF, 0xFB, 0xBF, 0xBD, 0xFB, 0xCC, 0xFF, 0xF1, 0x11, 0x11, 0x11, 0x11, 0x11, 0x77, 
	0x74, 0x47, 0x44, 0x74, 0x47, 0xF7, 0x7F, 0xF4, 0xF7, 0x17, 0x77, 0xFB, 0xFB, 0xBF, 0xFF, 0x77, 
	0xFF, 0x77, 0x77, 0xFD, 0xCB, 0xCC, 0xF7, 0x74, 0xBB, 0xFB, 0x7F, 0xF1, 0x43, 0x4F, 0xDD, 0xCC, 
	0xDD, 0xDA, 0xAA, 0xAD, 0xBB, 0xBF, 0xBB, 0xBC, 0xDB, 0xCD, 0xBB, 0xBF, 0xBF, 0x7F, 0xBF, 0x77, 
	0xFF, 0x7F, 0xBB, 0xBC, 0xCC, 0xDC, 0xCD, 0xCB, 0xFF, 0xBB, 0xFF, 0x77, 0xBD, 0xBB, 0xFF, 0xFF, 
	0xFF, 0xFF, 0xBB, 0xFF, 0x77, 0xFB, 0xF7, 0xF4, 0x77, 0x7B, 0xFB, 0xBB, 0xFB, 0xFF, 0xFF, 0x7F, 
	0xF7, 0xFF, 0xBB, 0xFB, 0xFF, 0xFF, 0xBD, 0xFF, 0xDB, 0xFB, 0xDB, 0xFF, 0xBB, 0xCB, 0xFB, 0xBF, 
	0xFF, 0xBB, 0xFB, 0xFF, 0x44, 0x44, 0xFB, 0xDD, 0xDD, 0xDD, 0xDD, 0xBB, 0xBD, 0xDD, 0xDD, 0xDC, 
	0xF3, 0x32, 0x26, 0x6A, 0x2D, 0xCD, 0xD7, 0xBD, 0xB4, 0x26, 0x24, 0xCD, 0xBF, 0xBC, 0xBC, 0xCD, 
	0xDD, 0xDC, 0xAA, 0xCB, 0xBB, 0xFB, 0xDF, 0xFF, 0xFF, 0xDC, 0xBD, 0xDB, 0xDB, 0xBB, 0xBC, 0xCB, 
	0xF7, 0xFF, 0xFF, 0xFB, 0xFF, 0xDD, 0xBD, 0xAC, 0x77, 0x11, 0x11, 0x11, 0x11, 0x11, 0x11, 0x77, 
	0x7F, 0x4F, 0x33, 0x44, 0x43, 0xB7, 0x7B, 0x44, 0x77, 0x1F, 0x77, 0xFB, 0xBD, 0xFF, 0xFF, 0x77, 
	0xFF, 0x7F, 0xFF, 0xBD, 0xCB, 0xDD, 0xF7, 0x77, 0xF3, 0xBF, 0xFC, 0x71, 0x77, 0x77, 0xBD, 0xCB, 
	0xBF, 0xFB, 0xCA, 0xAC, 0xBB, 0xDB, 0xDD, 0xBD, 0xCC, 0xAD, 0xFB, 0xFF, 0xD7, 0x7B, 0xDF, 0x7F, 
	0xF7, 0x7F, 0xDD, 0xBC, 0xAC, 0xDC, 0xCD, 0xBF, 0xFC, 0xFF, 0xFB, 0x7F, 0xBB, 0xBF, 0xFF, 0x77, 
	0xFF, 0xF7, 0xDB, 0xF7, 0xFF, 0xBB, 0x7F, 0xF4, 0x77, 0x7B, 0xFF, 0xFF, 0xFF, 0xFF, 0xFF, 0xFF, 
	0xF7, 0xF7, 0xFB, 0xBD, 0xBF, 0xFB, 0xBF, 0x7F, 0xBD, 0xFB, 0xCD, 0xFF, 0xDF, 0xBD, 0xFD, 0xDF, 
	0xFB, 0xBB, 0xFB, 0x7B, 0x34, 0x44, 0xFB, 0xDD, 0xDB, 0xBF, 0xFD, 0xDB, 0xBD, 0xDD, 0xBD, 0xDC, 
	0x33, 0x2A, 0x22, 0x22, 0x3C, 0xAD, 0xCD, 0xDB, 0xB3, 0x66, 0x3F, 0xCC, 0xBD, 0xAE, 0xA6, 0xAC, 
	0xDD, 0xCC, 0xCC, 0xCF, 0xFD, 0xFB, 0xBF, 0xDF, 0xFB, 0xBD, 0xBB, 0xFB, 0xDF, 0xFB, 0xBD, 0xBF, 
	0xF7, 0x77, 0x7B, 0xFB, 0xFB, 0xBD, 0xDC, 0xCD, 0xF1, 0x11, 0x71, 0x17, 0x11, 0x17, 0xFF, 0xFF, 
	0x77, 0x7B, 0x43, 0x37, 0x74, 0xFF, 0x4B, 0x44, 0x77, 0x7C, 0x77, 0x7F, 0xFF, 0x7F, 0xBB, 0xFF, 
	0x77, 0x7B, 0xDB, 0xBF, 0xFF, 0xF7, 0x77, 0x17, 0x7D, 0xD7, 0xBF, 0x17, 0x71, 0x71, 0xBC, 0xAF, 
	0xBF, 0x77, 0xCD, 0xDB, 0xDD, 0xAE, 0xCD, 0xDC, 0xDD, 0xCB, 0x7F, 0xBB, 0xBF, 0xFB, 0xDB, 0xFD, 
	0xF7, 0xFB, 0xCD, 0xFB, 0xDC, 0xCC, 0xCB, 0x77, 0xB6, 0xB7, 0xBD, 0x7B, 0xFB, 0xBF, 0xFF, 0x7F, 
	0xFF, 0xFF, 0xBF, 0xF7, 0xBB, 0xBB, 0xFB, 0x44, 0x77, 0x7F, 0xF7, 0x7F, 0xBF, 0x77, 0xFF, 0xBF, 
	0x7F, 0xFF, 0xFF, 0xDA, 0xCB, 0xFD, 0xB7, 0xFF, 0xFD, 0xBF, 0xBD, 0xBF, 0xD7, 0xBB, 0xFB, 0xCB, 
	0x7D, 0xDB, 0xBB, 0xF4, 0x34, 0x44, 0x7B, 0xDC, 0xDD, 0xDF, 0x7D, 0xCD, 0xFD, 0xBD, 0xBB, 0xCD, 
	0x43, 0x23, 0x22, 0x23, 0x33, 0x2A, 0xAA, 0xDD, 0xC3, 0x33, 0x43, 0xAD, 0xBA, 0xEE, 0xAC, 0xAA, 
	0xBB, 0xDB, 0xBB, 0xDB, 0xDC, 0xBB, 0xFF, 0xCD, 0xDB, 0xBB, 0x77, 0x4F, 0xBB, 0xBF, 0xF7, 0x7F, 
	0x77, 0xF7, 0xFF, 0xFF, 0x4B, 0xFD, 0xAD, 0xFF, 0x77, 0x71, 0x11, 0x17, 0x71, 0xFB, 0xDF, 0x4B, 
	0xFB, 0xBF, 0x77, 0x47, 0xF7, 0xBF, 0x77, 0x17, 0x74, 0x33, 0x17, 0x17, 0xF7, 0x7B, 0xFB, 0xF7, 
	0xFB, 0xBD, 0xDF, 0x11, 0x7F, 0x71, 0x71, 0x77, 0x43, 0x41, 0x71, 0x71, 0x77, 0x7F, 0xCA, 0xAF, 
	0xDD, 0xBB, 0xDF, 0xBF, 0xDC, 0xAE, 0xCC, 0xAA, 0xCB, 0xDB, 0x7B, 0xCF, 0x7B, 0xBF, 0xFF, 0xFD, 
	0xB7, 0x7D, 0xCB, 0x77, 0xFB, 0xDD, 0xAF, 0x77, 0xCA, 0xDB, 0x43, 0x4B, 0x7F, 0xBF, 0xFF, 0xFD, 
	0xBF, 0xFB, 0xFB, 0xDB, 0xD7, 0x7B, 0xDB, 0xF4, 0x47, 0x77, 0x77, 0x77, 0xBB, 0xF7, 0xBF, 0xF7, 
	0xFB, 0xDD, 0xBD, 0xCC, 0xDF, 0xBB, 0xFF, 0xB7, 0xFD, 0xDB, 0x7B, 0xFF, 0xFF, 0xB7, 0xFF, 0xBF, 
	0xFD, 0xCD, 0xCC, 0xDF, 0x33, 0x44, 0xFF, 0xBD, 0xBD, 0xCD, 0xFB, 0xCC, 0xFD, 0xCC, 0xDD, 0xCD, 
	0xBC, 0x23, 0x32, 0x23, 0x33, 0x36, 0xAC, 0x3A, 0xA3, 0x44, 0x32, 0x6A, 0xCA, 0xAA, 0xCC, 0xBD, 
	0xDD, 0xDB, 0xBF, 0xBD, 0xDD, 0xDC, 0xDB, 0xCD, 0xDD, 0xBF, 0x74, 0x44, 0xFF, 0xFB, 0xF1, 0x7B, 
	0xF7, 0xFF, 0xB7, 0x4B, 0x4F, 0xFB, 0xDB, 0x7F, 0x77, 0xFF, 0x77, 0x7F, 0xFF, 0xCD, 0xBF, 0x74, 
	0xDC, 0xF1, 0x11, 0x74, 0x4F, 0xBF, 0x71, 0x77, 0x77, 0x4F, 0x77, 0x77, 0xFF, 0xFF, 0xFF, 0xF7, 
	0x7D, 0xDB, 0xDF, 0x11, 0x7F, 0x77, 0x71, 0x17, 0x4B, 0x77, 0x71, 0x17, 0x77, 0x4B, 0xDC, 0xCF, 
	0xDD, 0xDD, 0xDF, 0xBF, 0xBB, 0xCC, 0xDA, 0xAD, 0xCB, 0xDB, 0xFF, 0xCB, 0xFB, 0xFF, 0xFF, 0xBD, 
	0xDF, 0xFD, 0xFF, 0xBF, 0x7F, 0xBB, 0xD7, 0x77, 0xDD, 0xD4, 0x44, 0x44, 0xFF, 0xF7, 0xFB, 0xFD, 
	0xB7, 0xFB, 0xFB, 0xDC, 0xDF, 0x7F, 0xDB, 0xFF, 0x47, 0xFF, 0xFF, 0xFF, 0xBB, 0xFF, 0xBF, 0xFF, 
	0xBD, 0xDC, 0xDC, 0xDB, 0xFF, 0xDD, 0xBD, 0xBF, 0xFF, 0xBB, 0xFB, 0xFF, 0xBB, 0xFF, 0x77, 0xFF, 
	0xBB, 0xDD, 0xCC, 0xBF, 0x33, 0x43, 0xBF, 0xBD, 0xCB, 0xDC, 0xBF, 0xDC, 0xBC, 0xCC, 0xCD, 0xFB, 
	0xCA, 0x23, 0x32, 0x23, 0x33, 0x3A, 0xAD, 0x3A, 0xA3, 0x33, 0x3A, 0x6E, 0xEA, 0xAC, 0xDC, 0xBB, 
	0xDC, 0xDB, 0xBB, 0xBD, 0xDB, 0xDA, 0xAD, 0xBB, 0xDD, 0xB7, 0x74, 0x44, 0xFF, 0xFB, 0xF7, 0xFB, 
	0xF7, 0xFB, 0xBF, 0x43, 0x4F, 0xFF, 0xBF, 0x7F, 0x77, 0xFD, 0xD3, 0xFB, 0xDC, 0xAB, 0xFF, 0x7F, 
	0xB7, 0x71, 0x11, 0x74, 0x4B, 0xBF, 0x77, 0x77, 0x77, 0x77, 0x77, 0xF7, 0x7F, 0xFF, 0xF7, 0xF7, 
	0x7B, 0xBB, 0xBF, 0x11, 0x77, 0x77, 0x71, 0x7F, 0x44, 0x77, 0x71, 0x17, 0x77, 0x4B, 0xBB, 0xBB, 
	0xBB, 0xBC, 0xDB, 0xBF, 0xFF, 0xDB, 0xBC, 0xCD, 0xCD, 0xBF, 0xBF, 0xCD, 0xDB, 0x7F, 0xBB, 0xBB, 
	0xDB, 0xBB, 0x7F, 0xDD, 0xF7, 0xBF, 0xF7, 0x77, 0xFF, 0xF4, 0x44, 0x44, 0xFF, 0xF7, 0xFF, 0xFD, 
	0xFF, 0xFF, 0xBD, 0xBD, 0xDD, 0xFF, 0xBF, 0x7F, 0x47, 0x4F, 0xFF, 0xDF, 0xBB, 0xFF, 0xBF, 0xFF, 
	0xFD, 0xBB, 0xDD, 0xDB, 0xFD, 0xCC, 0xDD, 0xDF, 0xFF, 0xFF, 0xFB, 0xBF, 0xBB, 0xFF, 0x77, 0x7F, 
	0xBF, 0xFB, 0xCC, 0xBF, 0x33, 0x43, 0xDB, 0xDC, 0xCB, 0xBD, 0xBF, 0xBD, 0xDC, 0xCC, 0xAB, 0x7B, 
	0xEE, 0x6A, 0x22, 0x23, 0x33, 0xC2, 0x23, 0x3A, 0x23, 0x22, 0x22, 0x26, 0x5A, 0xCB, 0xCC, 0xBB, 
	0xDD, 0xDF, 0xBC, 0xDB, 0xBB, 0xDD, 0xAD, 0xFB, 0xBD, 0xB7, 0x77, 0x43, 0xDF, 0xBD, 0xFF, 0x7F, 
	0xB7, 0xBB, 0xBB, 0xD4, 0x33, 0x4B, 0xBB, 0x77, 0xF7, 0xFF, 0xBD, 0x4C, 0xDD, 0xDF, 0xBF, 0x77, 
	0x71, 0x11, 0x11, 0x7F, 0xDD, 0xFB, 0x7F, 0x44, 0x44, 0x77, 0x7F, 0xB7, 0xFF, 0x7F, 0xBF, 0x77, 
	0x77, 0xBD, 0xFF, 0x71, 0x17, 0x77, 0x17, 0x4F, 0xF4, 0x77, 0x77, 0x77, 0x77, 0x4F, 0xFF, 0xBB, 
	0xBF, 0xBD, 0xBB, 0xBF, 0xFF, 0xDF, 0xBC, 0xDD, 0xCC, 0xBF, 0xDB, 0xDD, 0xBB, 0xFF, 0xBD, 0xDF, 
	0xBB, 0xFB, 0xF7, 0xBA, 0xB7, 0xBF, 0x7F, 0xFF, 0xF7, 0x74, 0x47, 0xF4, 0x47, 0xFF, 0xB7, 0xBD, 
	0x7D, 0xF7, 0xBB, 0xFF, 0xBD, 0xFB, 0xB7, 0x77, 0x44, 0xBB, 0xFB, 0xDB, 0xFB, 0xB7, 0xFF, 0xFF, 
	0x7B, 0xFF, 0xBB, 0xBF, 0xBC, 0xCD, 0xBF, 0xDB, 0xBB, 0xF7, 0x7F, 0xDF, 0xFB, 0x77, 0x77, 0x17, 
	0xBB, 0x7F, 0xDA, 0xDB, 0x34, 0x74, 0xDD, 0xCD, 0xDD, 0xFB, 0xFF, 0xBB, 0xDC, 0xCC, 0xCD, 0xBB, 
	0x69, 0xA2, 0x66, 0xAA, 0x22, 0xA2, 0x32, 0x26, 0xA3, 0x66, 0x66, 0x3C, 0xE6, 0xCF, 0xDC, 0xCD, 
	0xBB, 0xBD, 0xDC, 0xBF, 0xDD, 0xFF, 0x4D, 0xBD, 0xFF, 0xF4, 0x44, 0x3C, 0xDF, 0xBB, 0xBB, 0x77, 
	0xFF, 0xBF, 0xF3, 0x3B, 0x3C, 0x47, 0x4B, 0xF7, 0x7F, 0xBB, 0x7F, 0xDC, 0xBB, 0xDD, 0xB7, 0x47, 
	0x11, 0x71, 0x77, 0x1F, 0xCB, 0xBF, 0xDC, 0xF3, 0x7B, 0xF7, 0xFB, 0x47, 0xBF, 0xFB, 0xC7, 0x11, 
	0x43, 0xDB, 0xF7, 0x77, 0x77, 0xFF, 0x17, 0x74, 0x47, 0x71, 0x14, 0xBB, 0xFB, 0xDF, 0xBB, 0xDB, 
	0xBD, 0xDB, 0xFF, 0xFF, 0xBB, 0xCB, 0xDD, 0xBF, 0xDC, 0xFF, 0xFC, 0xDF, 0x7F, 0xFF, 0xFB, 0xBB, 
	0xF7, 0xFB, 0x77, 0xBB, 0xFB, 0xFB, 0xBF, 0x77, 0xF7, 0x4B, 0x3B, 0x4F, 0xBB, 0xBF, 0xFF, 0xDB, 
	0x7D, 0xDB, 0x7F, 0xB7, 0x7F, 0x7F, 0xBF, 0xF4, 0x44, 0x34, 0x47, 0xBD, 0xBF, 0xF7, 0xFF, 0xFB, 
	0xFB, 0xBB, 0xFF, 0xFD, 0xCD, 0xBF, 0xF7, 0xDD, 0xFF, 0xBB, 0xFB, 0xBD, 0x7F, 0xFD, 0xB7, 0x77, 
	0xFB, 0xFF, 0xBA, 0x23, 0x34, 0x73, 0xCC, 0xCC, 0xBD, 0xFF, 0xDB, 0xFD, 0xBB, 0xDC, 0xDC, 0xAC, 
	0x59, 0x6A, 0x22, 0xA6, 0x66, 0x52, 0x32, 0x65, 0xE2, 0x26, 0x52, 0x3A, 0xAC, 0xDB, 0xDA, 0xCC, 
	0xDB, 0xDC, 0xCC, 0xDB, 0xBB, 0xBF, 0xB3, 0xCC, 0xBB, 0xBF, 0xF4, 0x23, 0xBF, 0xFF, 0xBF, 0x77, 
	0x7F, 0x47, 0x4B, 0xD3, 0x3D, 0xB4, 0x34, 0x7F, 0xF4, 0xFB, 0xFF, 0xBD, 0xBD, 0xAC, 0xB7, 0x71, 
	0x11, 0x11, 0xFF, 0x7F, 0x3D, 0xDB, 0x6A, 0xF3, 0xBF, 0xFF, 0x44, 0x47, 0xDD, 0xBB, 0xB7, 0x77, 
	0x73, 0xBB, 0xF1, 0x11, 0x11, 0xFF, 0x17, 0x77, 0x77, 0x77, 0x7F, 0xFB, 0xFB, 0xCB, 0xDB, 0xDB, 
	0xFD, 0xCB, 0xDD, 0xFB, 0xBB, 0xDB, 0xDF, 0xBB, 0xFB, 0xBB, 0xBD, 0xBF, 0xFF, 0xBB, 0xBF, 0xFF, 
	0xF7, 0xFF, 0xFF, 0xFF, 0xBD, 0xBB, 0xDB, 0xBB, 0xBF, 0x74, 0x4F, 0xB4, 0x4B, 0xFB, 0xBB, 0xBF, 
	0xFB, 0xDD, 0xF7, 0xFF, 0xFF, 0x77, 0xFF, 0x4F, 0x4F, 0x44, 0xBB, 0xBD, 0xDF, 0x7F, 0xFF, 0xFB, 
	0xDD, 0xBC, 0xFB, 0xBD, 0xAC, 0xBF, 0x7F, 0xBD, 0xF7, 0xDB, 0xDD, 0xBB, 0xFF, 0xFD, 0xCF, 0x77, 
	0xFB, 0xBB, 0xDD, 0x33, 0x33, 0xDA, 0xAD, 0xBC, 0xBD, 0xBD, 0xCC, 0xBB, 0xDD, 0xDD, 0xBC, 0xAC, 
	0x99, 0x6A, 0x22, 0x65, 0x99, 0x52, 0x32, 0x2A, 0x62, 0x33, 0x2B, 0x26, 0xCB, 0xDD, 0xCC, 0xCC, 
	0xDB, 0xDC, 0xCC, 0xDB, 0xBB, 0xBB, 0xB3, 0x2D, 0xBD, 0xBF, 0xF4, 0x23, 0xFF, 0x7F, 0xFF, 0xF7, 
	0x7B, 0x47, 0x4F, 0xB3, 0x3D, 0xB3, 0x24, 0xFF, 0xF4, 0xFF, 0xFF, 0xFB, 0xBD, 0xCD, 0xFF, 0x71, 
	0x11, 0x11, 0xFB, 0xB7, 0x4F, 0xFB, 0xAC, 0xFB, 0xBF, 0x7F, 0x44, 0x47, 0xBD, 0xBF, 0xF7, 0x77, 
	0x73, 0xBF, 0xF1, 0x11, 0x11, 0xFF, 0x17, 0x47, 0x7F, 0x4B, 0xFB, 0xFF, 0x7B, 0xDD, 0xBB, 0xDB, 
	0x7B, 0xCD, 0xAA, 0xBD, 0xBF, 0xBB, 0xBF, 0xBD, 0x7F, 0xBD, 0xBB, 0xFF, 0xBF, 0xBB, 0xBB, 0xF7, 
	0x7F, 0xFB, 0xFB, 0xF7, 0xBD, 0xBB, 0xDD, 0xAC, 0xBF, 0x74, 0x4F, 0xB4, 0x4B, 0xFD, 0xDB, 0xFF, 
	0xBF, 0xBB, 0xBF, 0x7B, 0xDD, 0xFF, 0x7F, 0x4F, 0x4F, 0x44, 0xBB, 0xBB, 0xD7, 0x7F, 0xFF, 0xFF, 
	0xDD, 0xBC, 0xBD, 0xCB, 0xCA, 0xCF, 0x7F, 0xBB, 0xFF, 0xBF, 0xDD, 0xBF, 0xBB, 0xFB, 0xBB, 0x77, 
	0xFB, 0xBB, 0xDB, 0xB3, 0x2C, 0x6E, 0xCB, 0xBD, 0xDD, 0xDC, 0xDC, 0xDF, 0xDC, 0xCD, 0xBD, 0xCC, 
	0x66, 0xA2, 0x25, 0x95, 0x66, 0x63, 0x2A, 0x33, 0x23, 0x43, 0x3F, 0xA6, 0xBF, 0xCA, 0xCC, 0xCC, 
	0xBB, 0xCD, 0xDD, 0xDB, 0xBD, 0xF4, 0x4C, 0x3B, 0xDC, 0x34, 0x74, 0x3D, 0xBB, 0xF7, 0x7F, 0xB7, 
	0x43, 0x44, 0xF4, 0x4D, 0xC2, 0xCC, 0x24, 0xBB, 0xBF, 0xF7, 0xBF, 0xFF, 0xDD, 0xFF, 0xBA, 0xD7, 
	0x71, 0x71, 0x7D, 0xD7, 0x77, 0x74, 0xF7, 0x7F, 0x43, 0x47, 0xB7, 0x77, 0x4B, 0x47, 0x77, 0x77, 
	0x7D, 0x47, 0xB7, 0x77, 0x17, 0xB7, 0x74, 0x34, 0xFB, 0xBF, 0xBD, 0xB7, 0xFD, 0xBB, 0xFD, 0xDF, 
	0xFF, 0xC6, 0xEE, 0xAD, 0xBB, 0xBB, 0xFF, 0xBD, 0x77, 0xDC, 0xBB, 0xBB, 0xBF, 0xFB, 0xBB, 0xF1, 
	0x7D, 0xBD, 0xBD, 0xFF, 0xDB, 0xFB, 0xBD, 0xAD, 0xFB, 0xF4, 0xB4, 0xB4, 0x44, 0xBD, 0xBF, 0x74, 
	0xFB, 0xF7, 0xDA, 0xFB, 0xA6, 0xCB, 0xFF, 0xB4, 0x44, 0x77, 0xFF, 0x4F, 0xF1, 0x77, 0x74, 0x47, 
	0xBB, 0xFD, 0xDD, 0xDD, 0xDD, 0xCB, 0xF7, 0xBB, 0xBF, 0xF7, 0xBB, 0xFB, 0xDB, 0xFB, 0xFF, 0xFF, 
	0xBD, 0xFF, 0xBB, 0xCA, 0xAD, 0xCA, 0xBF, 0xDB, 0xCD, 0xBD, 0xBD, 0xDF, 0xDC, 0xCC, 0xDB, 0xDA, 
	0x33, 0x32, 0x69, 0x92, 0x33, 0x33, 0xA2, 0xF4, 0x3A, 0xAA, 0xCC, 0x5A, 0xFD, 0xCA, 0xAC, 0xCB, 
	0xBC, 0xCD, 0xFB, 0xB7, 0xFD, 0xB4, 0xD2, 0x33, 0xCD, 0x34, 0x44, 0xB4, 0x7F, 0xFF, 0xFB, 0x4F, 
	0x33, 0x43, 0x34, 0x3A, 0xAA, 0xAC, 0x34, 0x3C, 0xCC, 0x7F, 0xDB, 0xBF, 0xDB, 0x7F, 0xC5, 0xEF, 
	0x17, 0xBF, 0xDC, 0xF7, 0x17, 0x77, 0x11, 0x77, 0xFF, 0xBB, 0xD4, 0x74, 0xBD, 0x47, 0x77, 0x77, 
	0xFB, 0xF7, 0xBF, 0x11, 0x1F, 0xB1, 0x7F, 0x3C, 0xCD, 0xFF, 0xBB, 0xFB, 0xBD, 0xBD, 0xFB, 0xDD, 
	0xBB, 0xCA, 0xCA, 0xAB, 0xDC, 0xDF, 0xFD, 0xBD, 0xDF, 0xDB, 0xDC, 0xCD, 0xFF, 0xBD, 0xFF, 0xFF, 
	0xBC, 0xDD, 0xCC, 0xBB, 0xDF, 0xFB, 0xFB, 0xDD, 0xFB, 0x4F, 0x43, 0x34, 0x34, 0x34, 0x4B, 0x47, 
	0x74, 0xDF, 0xC6, 0x77, 0xCA, 0xDC, 0xDB, 0xCC, 0x3B, 0x41, 0x77, 0xFF, 0x77, 0x77, 0x4B, 0xB7, 
	0x7B, 0xBC, 0xAB, 0xBC, 0xFF, 0xBB, 0xBF, 0x7B, 0xDF, 0x77, 0xFB, 0xFD, 0xBF, 0xFF, 0xBF, 0xFB, 
	0xBB, 0xBB, 0xFB, 0xAA, 0xCC, 0xAC, 0xBD, 0xCD, 0xDB, 0xBB, 0xDB, 0xDB, 0xBC, 0xDC, 0xDD, 0xBC, 
	0x22, 0x26, 0x66, 0x63, 0x43, 0x23, 0x22, 0x4C, 0xA6, 0x26, 0xE9, 0x9C, 0xBC, 0xDC, 0xCC, 0xCB, 
	0xBC, 0xCD, 0xBB, 0xFF, 0xBD, 0xFF, 0x33, 0x33, 0xAC, 0xB4, 0x44, 0x47, 0xF7, 0x4F, 0x4B, 0xBB, 
	0x33, 0x33, 0x33, 0x26, 0x62, 0x6A, 0x33, 0x43, 0x6A, 0xF7, 0xFF, 0x4B, 0xBB, 0xFF, 0x68, 0xEF, 
	0x7B, 0xAA, 0xAC, 0xF7, 0x7F, 0x77, 0x77, 0x7F, 0xB4, 0xBB, 0x47, 0x74, 0xB3, 0xB7, 0x77, 0x77, 
	0xFF, 0x77, 0x4D, 0x71, 0x1F, 0xF7, 0x74, 0x3C, 0xBB, 0xBB, 0xFB, 0xDD, 0xBB, 0xDC, 0xBF, 0xDB, 
	0xBC, 0xDC, 0xCA, 0xCB, 0xCA, 0xDD, 0xDC, 0xBC, 0xCF, 0xF7, 0xBB, 0xCC, 0xBB, 0xCC, 0xFF, 0xBD, 
	0xCD, 0xFF, 0xDC, 0xFB, 0xD7, 0xFD, 0xBF, 0xFB, 0xDB, 0x77, 0x74, 0x43, 0x43, 0x34, 0x44, 0x47, 
	0x1F, 0xAC, 0xDD, 0xFF, 0xDB, 0xBF, 0xBB, 0x3C, 0xBB, 0xB7, 0xFF, 0x74, 0x44, 0x74, 0x44, 0xF7, 
	0x7D, 0xDC, 0xCD, 0xBD, 0xFF, 0xFF, 0xBF, 0x7F, 0xBF, 0xFB, 0xBB, 0xFB, 0xBB, 0xBB, 0xBF, 0xBB, 
	0xFB, 0xDD, 0xBD, 0xCD, 0xBD, 0xCD, 0xDC, 0xAD, 0xDD, 0xCD, 0xDD, 0xBD, 0xDC, 0xDD, 0xDB, 0xFB, 
	0x99, 0x9A, 0x32, 0x24, 0x43, 0x23, 0x26, 0x26, 0x22, 0x26, 0x99, 0xEB, 0xDA, 0xDB, 0xBD, 0xDB, 
	0xBA, 0xCD, 0xDD, 0xBF, 0xCD, 0xFF, 0x33, 0x33, 0x63, 0xF4, 0x44, 0x47, 0xFF, 0x47, 0x4B, 0xBB, 
	0x33, 0x32, 0x33, 0xA6, 0x2C, 0x66, 0x33, 0x33, 0xEA, 0xB7, 0x7F, 0x3A, 0xDD, 0xBB, 0x68, 0xEB, 
	0xDA, 0x6A, 0xAD, 0xFF, 0xBB, 0x77, 0x7F, 0xFB, 0xD4, 0xBF, 0x4F, 0x74, 0xB3, 0xD7, 0x77, 0x77, 
	0xF7, 0x7F, 0x43, 0xF1, 0x17, 0xF7, 0x74, 0x3B, 0xFB, 0xBF, 0xFD, 0xAC, 0xBB, 0xCC, 0xBF, 0xBB, 
	0xBC, 0xDB, 0xCE, 0xAC, 0xCB, 0xDC, 0xDD, 0xDC, 0xBF, 0x7F, 0xFF, 0xDC, 0xAD, 0xDB, 0xFB, 0xBD, 
	0xCD, 0xF7, 0xBB, 0x7B, 0xCF, 0xBD, 0xFF, 0xF4, 0x34, 0x77, 0x74, 0x44, 0x44, 0x34, 0x44, 0x47, 
	0x7B, 0xAC, 0xFB, 0xBD, 0xDF, 0xF7, 0xFF, 0x4B, 0xFB, 0xDF, 0xFD, 0x74, 0x34, 0xF4, 0x44, 0x77, 
	0xFD, 0xDD, 0xDB, 0xFB, 0xFF, 0xF7, 0xFF, 0xF7, 0xFF, 0xFD, 0xBF, 0xFB, 0xDB, 0xDD, 0xBF, 0xBF, 
	0xFB, 0xDC, 0xDD, 0xCB, 0xBD, 0xDD, 0xCC, 0xAD, 0xBC, 0xAC, 0xCD, 0xBD, 0xDC, 0xCC, 0xDF, 0xBB, 
	0x08, 0x5C, 0x43, 0x34, 0xF3, 0x23, 0xA9, 0x6A, 0x43, 0x69, 0x9E, 0xAB, 0xCA, 0xDF, 0xFD, 0xBB, 
	0xBA, 0xCC, 0xCD, 0xD4, 0xDB, 0x4B, 0x33, 0x22, 0x63, 0x44, 0x33, 0x44, 0x33, 0xF4, 0xFF, 0xB3, 
	0x33, 0x32, 0x43, 0x22, 0x3D, 0x66, 0x3A, 0xAD, 0xAA, 0xCF, 0x4A, 0x66, 0xAA, 0xCC, 0xAE, 0xEC, 
	0xAA, 0xAC, 0xCD, 0xFB, 0xBF, 0x71, 0x4B, 0x7F, 0xBB, 0xBB, 0xFB, 0x44, 0xF3, 0x34, 0x77, 0x74, 
	0x44, 0x43, 0x34, 0x41, 0x17, 0x77, 0x7B, 0x47, 0x74, 0xB7, 0xFC, 0xCD, 0xBC, 0xDB, 0xDF, 0xBB, 
	0xBD, 0xBF, 0xD6, 0xEA, 0xB7, 0xCC, 0xFF, 0xBB, 0xFB, 0xFB, 0xFB, 0xBC, 0xAC, 0xBF, 0xFB, 0xBB, 
	0xBA, 0xDF, 0xBF, 0x7B, 0xDD, 0xDB, 0x7D, 0x3B, 0x44, 0x74, 0x43, 0xF4, 0x74, 0x44, 0x43, 0xD4, 
	0xBD, 0xDB, 0x7F, 0xBC, 0xD7, 0x7F, 0xF7, 0xB4, 0xBB, 0x3B, 0x74, 0x74, 0x34, 0x33, 0x47, 0x7F, 
	0xDB, 0xFB, 0xBF, 0xBF, 0xBF, 0x7F, 0x7B, 0xBF, 0xFF, 0x7B, 0xBF, 0xFD, 0xDB, 0xBC, 0xCF, 0xFB, 
	0xBB, 0xCA, 0xDB, 0xDB, 0xBD, 0xBD, 0xDD, 0xCD, 0xFD, 0xAD, 0xCC, 0xBB, 0xCD, 0xDA, 0xCD, 0xDD, 
	0x89, 0x6D, 0xD6, 0x6A, 0x3A, 0x66, 0x95, 0x2A, 0xFC, 0x99, 0xEE, 0xCB, 0xCC, 0xDB, 0xBD, 0xCB, 
	0xCA, 0xDC, 0xCF, 0x43, 0x33, 0x24, 0x43, 0x32, 0xA3, 0x32, 0x23, 0x3A, 0x6A, 0x33, 0x44, 0xDB, 
	0xCC, 0x33, 0x32, 0x23, 0x22, 0x23, 0x33, 0x2C, 0xDC, 0xCF, 0xA6, 0xE6, 0xEE, 0xA6, 0xAD, 0xCA, 
	0xCD, 0xDB, 0xCD, 0xFF, 0xB7, 0x77, 0xFF, 0xFF, 0x73, 0xB3, 0xD4, 0x44, 0xBD, 0x47, 0x44, 0x44, 
	0x7F, 0x44, 0x47, 0x77, 0x14, 0x44, 0x44, 0x71, 0xF7, 0xFB, 0xFC, 0xDB, 0xDC, 0xFF, 0xDD, 0xDD, 
	0xBB, 0xFB, 0xCA, 0x6D, 0x77, 0xCC, 0x77, 0xFF, 0xFB, 0xDA, 0xDF, 0xBD, 0xDB, 0xFB, 0xBB, 0xDF, 
	0xBA, 0xAC, 0xCA, 0xBF, 0xFB, 0xBF, 0xFD, 0xAA, 0x37, 0x44, 0x43, 0x44, 0x44, 0x43, 0x33, 0x2D, 
	0xDB, 0xFB, 0xBF, 0xFD, 0xB7, 0x7F, 0xFF, 0xF7, 0xBB, 0xF3, 0xF7, 0x4B, 0x34, 0x34, 0x74, 0xBF, 
	0x34, 0x77, 0xBB, 0xBF, 0xB7, 0x7B, 0xBC, 0xD7, 0x7B, 0xBF, 0xFF, 0xFB, 0xDB, 0xDA, 0xCB, 0x7B, 
	0xBF, 0x3C, 0xBF, 0x77, 0xBD, 0xBF, 0xBF, 0xBA, 0xBB, 0xCB, 0xCA, 0xDD, 0xDF, 0xBA, 0xDC, 0x6C, 
	0xE6, 0x56, 0x69, 0x89, 0x56, 0x98, 0x6C, 0x36, 0xDA, 0x56, 0xAA, 0xDD, 0xDC, 0xCD, 0xDC, 0xAD, 
	0xCD, 0xBC, 0xDB, 0x43, 0x22, 0x23, 0x33, 0x43, 0x34, 0x22, 0x34, 0x26, 0x22, 0x33, 0xBF, 0xBD, 
	0xCC, 0xD3, 0x26, 0x22, 0x26, 0x23, 0x3D, 0xAA, 0xBC, 0xBD, 0xCF, 0xCA, 0xAA, 0xCA, 0xCB, 0xCE, 
	0xDB, 0xDD, 0xDD, 0xBB, 0xFF, 0xFB, 0xFB, 0xF4, 0x43, 0xF4, 0x47, 0x74, 0xF4, 0x47, 0x74, 0x47, 
	0x17, 0x77, 0x77, 0x77, 0x74, 0x43, 0x47, 0x77, 0x4F, 0xBD, 0xBC, 0xDB, 0xBB, 0xFB, 0xDD, 0xCC, 
	0xDD, 0xDF, 0xBC, 0xBB, 0xBB, 0xCC, 0xBF, 0xFB, 0xBB, 0xDB, 0xBB, 0xBD, 0xDB, 0xBD, 0xDB, 0xBF, 
	0xBC, 0xCC, 0xDA, 0xAF, 0x7B, 0xDD, 0xFD, 0x32, 0x34, 0x43, 0x33, 0x33, 0x34, 0x43, 0x3F, 0xDC, 
	0xCD, 0xFB, 0xBB, 0xBD, 0xFF, 0xFF, 0x7F, 0x7F, 0xBF, 0x4F, 0x47, 0x44, 0x44, 0x34, 0x4B, 0xDB, 
	0x34, 0x4F, 0x4B, 0xBF, 0xF7, 0xFF, 0xDC, 0xDF, 0xFB, 0xBB, 0x7B, 0xDB, 0xBD, 0xDD, 0xDB, 0xFB, 
	0xFF, 0xBB, 0xBB, 0xFF, 0xDC, 0xDB, 0xFB, 0xBC, 0xDC, 0xDF, 0xDC, 0xDD, 0xDF, 0xDC, 0xBD, 0xAC, 
	0xE6, 0x80, 0x08, 0x98, 0x96, 0x55, 0x3B, 0x32, 0xA6, 0xAC, 0xCC, 0xBD, 0xDC, 0xDB, 0xCC, 0xCC, 
	0xCD, 0xBA, 0xCB, 0xB2, 0x33, 0x23, 0xC3, 0x44, 0x44, 0x32, 0x34, 0x26, 0x23, 0x4B, 0xBF, 0xFC, 
	0xCD, 0xB3, 0xA2, 0x22, 0x26, 0x63, 0x3C, 0xAA, 0xCC, 0xB6, 0xCB, 0xCA, 0xCC, 0xCD, 0xBB, 0xAA, 
	0xBF, 0xDD, 0xDD, 0xBB, 0xBB, 0xBB, 0xFB, 0xF4, 0x33, 0x44, 0x4F, 0x7F, 0x74, 0x47, 0x74, 0x47, 
	0x77, 0x77, 0x77, 0x77, 0x74, 0x44, 0x47, 0x7F, 0x3D, 0xAC, 0xBB, 0xCD, 0xFB, 0xBB, 0xDD, 0xCC, 
	0xDC, 0xAB, 0xFD, 0xFB, 0xCA, 0xDC, 0xCF, 0xFB, 0xBB, 0xBF, 0xFB, 0xBB, 0xBB, 0xBB, 0xBF, 0xFF, 
	0xBD, 0xBB, 0xBC, 0x6F, 0x7B, 0xCC, 0xBB, 0x43, 0x24, 0x43, 0x32, 0x33, 0x34, 0x43, 0x47, 0xFC, 
	0xCC, 0xFF, 0xBF, 0xBB, 0xFF, 0xBF, 0x7F, 0x7F, 0xBB, 0x47, 0xF7, 0x44, 0x44, 0x44, 0x4C, 0xCD, 
	0x34, 0x4F, 0xFF, 0xBF, 0x77, 0xFF, 0xFB, 0xBF, 0xFD, 0xBB, 0xFF, 0xDF, 0xBD, 0xDB, 0xBD, 0xFF, 
	0xFF, 0xFF, 0xDD, 0xDB, 0xDD, 0xFB, 0xBD, 0xDC, 0xCC, 0xBF, 0xDC, 0xDD, 0xDB, 0xDD, 0xFF, 0xBB, 
	0x69, 0x08, 0x88, 0x59, 0xEA, 0x5A, 0x44, 0x33, 0xCA, 0xCD, 0xCC, 0xDD, 0xDD, 0xBB, 0xCD, 0xDC, 
	0xDB, 0xA6, 0xAD, 0xD3, 0x44, 0x33, 0x32, 0x3F, 0x43, 0x33, 0x33, 0x66, 0x24, 0x4F, 0x47, 0x72, 
	0x24, 0x43, 0x23, 0x23, 0x2A, 0x62, 0xA6, 0xEE, 0xEC, 0xDE, 0xA6, 0xA6, 0xCB, 0xCD, 0xBA, 0xAD, 
	0xFF, 0xBD, 0xDB, 0xFD, 0xDF, 0xFF, 0xFF, 0x44, 0x44, 0x44, 0x33, 0xFF, 0x7F, 0x47, 0x74, 0x44, 
	0x47, 0x71, 0x44, 0x77, 0x44, 0x77, 0x77, 0x7D, 0xBF, 0xAC, 0xFF, 0xDC, 0xBD, 0xDD, 0xDD, 0xDB, 
	0xDC, 0xAC, 0xFB, 0xBD, 0xDC, 0xDD, 0xCF, 0xFB, 0xFF, 0xBF, 0xBB, 0xFB, 0xFF, 0xB7, 0xBF, 0x7F, 
	0xBB, 0xBF, 0xFB, 0xCB, 0x7B, 0xCC, 0xA4, 0x74, 0x23, 0x44, 0x44, 0x34, 0x43, 0x33, 0x47, 0x73, 
	0xDB, 0xF7, 0xF7, 0xFB, 0xF7, 0xFF, 0xFB, 0x74, 0x43, 0x34, 0x77, 0x44, 0x34, 0x44, 0x33, 0x23, 
	0x44, 0x77, 0x77, 0xFF, 0x7F, 0xFB, 0x7F, 0xFB, 0xFD, 0xDB, 0xF7, 0xB7, 0xFB, 0xBB, 0xFD, 0xB7, 
	0x7F, 0x7F, 0xBB, 0xDD, 0xBF, 0x1B, 0xCA, 0x6C, 0xDD, 0xFF, 0xBA, 0xAB, 0xDC, 0xDD, 0xB7, 0x7F, 
	0xC9, 0x09, 0x99, 0x5A, 0xAA, 0x62, 0x32, 0xAC, 0xCC, 0xDD, 0xAC, 0xAC, 0xDB, 0xBD, 0xDF, 0xDD, 
	0xFB, 0xCD, 0x26, 0xAB, 0x44, 0x34, 0xF2, 0x23, 0xA2, 0x32, 0x32, 0x66, 0x62, 0xAD, 0xFF, 0x42, 
	0x33, 0x33, 0x2A, 0x23, 0x43, 0x63, 0x6E, 0xEE, 0x6D, 0xC5, 0x6A, 0x3A, 0xDF, 0xBD, 0xBB, 0xDB, 
	0xB7, 0x7B, 0xFB, 0xBB, 0xBD, 0xFB, 0xB7, 0x77, 0x77, 0x74, 0xBC, 0xDD, 0xF7, 0x77, 0x44, 0x44, 
	0x44, 0x44, 0x44, 0x74, 0x37, 0x74, 0x74, 0x4F, 0x71, 0xF4, 0xDD, 0xDC, 0xDD, 0xAA, 0xBB, 0xCC, 
	0xDC, 0xDC, 0xDF, 0xBD, 0xBB, 0xCD, 0xDF, 0xBB, 0xFB, 0xDB, 0xDF, 0xBB, 0x7F, 0xF7, 0xFB, 0xFF, 
	0xFB, 0xDF, 0xF7, 0xF7, 0xF7, 0xFB, 0xD3, 0xB3, 0x23, 0x44, 0x77, 0x43, 0x43, 0x33, 0x77, 0x7D, 
	0xBF, 0xBB, 0xFB, 0xFB, 0x77, 0x7B, 0x33, 0x34, 0x33, 0x3F, 0x47, 0x34, 0x33, 0x33, 0x44, 0x34, 
	0x43, 0x34, 0x77, 0xF7, 0xFB, 0xDD, 0xFF, 0x7F, 0xBD, 0xAB, 0xFF, 0xFF, 0xFB, 0xDB, 0xFD, 0xB7, 
	0xFB, 0xBF, 0xBD, 0xBD, 0xF7, 0xFD, 0xBB, 0xAA, 0xCB, 0xBF, 0x7C, 0xAD, 0xCA, 0xCC, 0xB7, 0x77, 
	0x39, 0x89, 0x96, 0xEA, 0xCC, 0x63, 0x32, 0x2C, 0xDC, 0xDD, 0xCC, 0xCC, 0xCD, 0xDD, 0xBF, 0xFB, 
	0xBB, 0xB3, 0x6E, 0xAB, 0x33, 0x44, 0x4A, 0xA6, 0x56, 0x23, 0x2A, 0x62, 0x22, 0x62, 0x4B, 0x32, 
	0x22, 0x23, 0x66, 0x62, 0x43, 0x62, 0x6E, 0x6E, 0xCD, 0xE5, 0x2D, 0x33, 0xDF, 0xFF, 0xFF, 0xFF, 
	0xFF, 0xFF, 0xFB, 0xBF, 0xBC, 0xFF, 0xF7, 0x77, 0x77, 0x17, 0xF3, 0x3C, 0xBF, 0x74, 0x44, 0x44, 
	0x43, 0x32, 0x47, 0x74, 0x44, 0xB3, 0x44, 0xF7, 0x11, 0x17, 0xCA, 0xCC, 0xCD, 0xCA, 0xCD, 0xCA, 
	0xAD, 0xBD, 0xDF, 0xFD, 0xCB, 0xCC, 0xDF, 0xCD, 0xDD, 0xBD, 0xDB, 0xBB, 0xBF, 0x7F, 0xFB, 0xFB, 
	0xBF, 0xDD, 0xBF, 0x77, 0x77, 0xF4, 0xFF, 0xB4, 0x34, 0x44, 0x44, 0x33, 0x34, 0x44, 0x77, 0x7F, 
	0xFF, 0xDD, 0xBD, 0xBD, 0xBF, 0x43, 0x4B, 0x33, 0x33, 0x34, 0x44, 0x43, 0x32, 0x23, 0x44, 0x47, 
	0x42, 0x23, 0xFF, 0xFF, 0xFC, 0xCD, 0xBB, 0xF7, 0xFB, 0xBB, 0xBF, 0xFF, 0x7F, 0xFF, 0xFB, 0xFF, 
	0xBB, 0xBB, 0xBB, 0xFF, 0x7F, 0xBB, 0xFF, 0xDD, 0xDD, 0xD4, 0xFB, 0xBB, 0xDC, 0xDD, 0xB7, 0x77, 
	0x25, 0x5E, 0xEA, 0x6A, 0xCC, 0xA3, 0x32, 0xAA, 0xCA, 0xBD, 0xDD, 0xCC, 0xCD, 0xDD, 0xBB, 0xBB, 
	0xBD, 0xB2, 0x66, 0xCB, 0x33, 0x44, 0x25, 0xA5, 0x62, 0xD3, 0x26, 0xA3, 0x22, 0x33, 0x4C, 0x66, 
	0x66, 0x23, 0x65, 0x62, 0x43, 0x62, 0x56, 0xAA, 0xDA, 0x9A, 0x3D, 0x33, 0xDD, 0xFF, 0xFF, 0xFF, 
	0xFB, 0xF7, 0xFF, 0xFF, 0xBB, 0xF7, 0x77, 0xFF, 0x77, 0x17, 0x74, 0x33, 0xAD, 0xF4, 0x44, 0x44, 
	0x43, 0x2C, 0x47, 0x7F, 0x43, 0x63, 0x44, 0x77, 0x11, 0x17, 0xCA, 0xCC, 0xDB, 0xCC, 0xCD, 0xDA, 
	0xCD, 0xFB, 0xDB, 0xBD, 0xCB, 0xDC, 0xDF, 0xDC, 0xCD, 0xBD, 0xDB, 0xFB, 0xCF, 0xFB, 0xFF, 0xFB, 
	0xBF, 0xDC, 0xCB, 0x7F, 0xFF, 0x44, 0x7F, 0x44, 0x34, 0x44, 0x43, 0x22, 0x34, 0x44, 0x77, 0x7F, 
	0xBF, 0xBD, 0xCD, 0xBD, 0xCB, 0x43, 0x4F, 0x33, 0x33, 0x34, 0x44, 0x43, 0x22, 0x22, 0x44, 0x47, 
	0x4B, 0x23, 0xBD, 0xBF, 0xFD, 0xBB, 0xBB, 0xBF, 0x7F, 0xFB, 0xBF, 0xFB, 0x77, 0x77, 0x7F, 0x7B, 
	0xBB, 0xFB, 0xBF, 0xFF, 0x7B, 0xBF, 0x7F, 0xBB, 0xBB, 0x34, 0xFF, 0xFF, 0xBC, 0xBF, 0xBF, 0xF7, 
	0x5E, 0xEA, 0xAC, 0xAE, 0xCC, 0xAB, 0xD6, 0xEA, 0xCC, 0xDB, 0xDB, 0xDA, 0xCD, 0xBC, 0xDC, 0xCD, 
	0xBD, 0xC6, 0x6A, 0xBD, 0x33, 0x33, 0xA5, 0x2A, 0xA3, 0xF3, 0x66, 0x24, 0x22, 0x44, 0x4A, 0x98, 
	0x53, 0x36, 0x56, 0x23, 0x4A, 0x26, 0x6C, 0xCC, 0xAE, 0xEC, 0xA2, 0xAC, 0xCA, 0xB7, 0xBD, 0xBF, 
	0xBD, 0xF1, 0x77, 0xBF, 0xFF, 0x71, 0x74, 0xCB, 0x17, 0x77, 0x74, 0x44, 0xA2, 0x44, 0x44, 0x47, 
	0x73, 0xC3, 0xB7, 0x17, 0x26, 0xA4, 0x77, 0x71, 0x17, 0x17, 0xDA, 0xDD, 0xBD, 0xAC, 0xBF, 0xBD, 
	0xBB, 0xFB, 0xDD, 0xDC, 0xBF, 0xDD, 0xBF, 0xBD, 0xDB, 0xDD, 0xCD, 0xFB, 0xCF, 0xDA, 0x77, 0xFB, 
	0xDB, 0xBC, 0xAD, 0x1D, 0x63, 0x44, 0x4B, 0x44, 0x44, 0x43, 0x32, 0x22, 0xA3, 0x33, 0x47, 0x4D, 
	0xDF, 0xBC, 0xAD, 0xBB, 0xB4, 0x34, 0x44, 0x44, 0x44, 0x44, 0x44, 0xD3, 0x22, 0x22, 0x34, 0x44, 
	0x77, 0x44, 0x33, 0x47, 0xBF, 0x7F, 0x34, 0xFB, 0xFB, 0x7F, 0xBF, 0xFB, 0x71, 0x11, 0x77, 0xFD, 
	0xBC, 0xFF, 0xF7, 0xFB, 0xFB, 0xBF, 0x7F, 0xBB, 0xBF, 0x43, 0xBF, 0xFF, 0xFD, 0xB7, 0xFC, 0xCF, 
	0x5E, 0xEA, 0xAD, 0xCE, 0x6A, 0xCD, 0xA6, 0xAC, 0xBB, 0xCC, 0xBD, 0xCC, 0xCB, 0xBC, 0xCA, 0xCB, 
	0xDC, 0xAE, 0xAC, 0xD3, 0x32, 0x33, 0x36, 0xCD, 0x33, 0x33, 0xE6, 0x44, 0x22, 0x2A, 0xC6, 0x99, 
	0xAF, 0xF6, 0x6A, 0x22, 0x36, 0x66, 0x3F, 0xBC, 0x6A, 0x6C, 0xCA, 0xCC, 0xDD, 0xFF, 0xDD, 0xFB, 
	0xDD, 0xBF, 0xFF, 0xFF, 0x77, 0x77, 0x4C, 0xBB, 0xF4, 0x34, 0x44, 0x44, 0x34, 0x44, 0x44, 0x44, 
	0x3D, 0xAA, 0xC7, 0x14, 0xA2, 0x27, 0x77, 0x11, 0x11, 0x17, 0xDA, 0xDB, 0xBA, 0xCC, 0xDF, 0xDB, 
	0xBD, 0xBB, 0xCC, 0xDC, 0xBF, 0xDC, 0xBF, 0xDB, 0xFF, 0xDC, 0xAD, 0xBD, 0xBF, 0xCA, 0xF7, 0xFD, 
	0xDC, 0xDD, 0xCD, 0xFA, 0x62, 0x4F, 0x34, 0xF3, 0x73, 0x33, 0x33, 0xA2, 0x22, 0x33, 0x33, 0x3C, 
	0xCB, 0xFC, 0xCD, 0xAA, 0xFF, 0x47, 0x34, 0x77, 0x44, 0x33, 0x44, 0xC2, 0x33, 0x44, 0x33, 0x44, 
	0x44, 0x74, 0x47, 0x44, 0xF7, 0x47, 0x47, 0x44, 0x7D, 0x77, 0xBF, 0xB4, 0x77, 0x71, 0x77, 0xFD, 
	0xBC, 0xBF, 0xBF, 0xFB, 0xBD, 0xD4, 0xF4, 0xF7, 0xB4, 0xBD, 0x4F, 0xBB, 0xFF, 0x7F, 0xBB, 0xFF, 
	0xEE, 0xE6, 0xCB, 0xAE, 0xCC, 0xDD, 0xAA, 0xBB, 0xBB, 0xCC, 0xDD, 0xCC, 0xCC, 0xDD, 0xCC, 0xCB, 
	0xDC, 0xCA, 0xCD, 0xAD, 0x42, 0x22, 0x2A, 0xAC, 0x22, 0x23, 0x22, 0x33, 0x26, 0x58, 0xAA, 0x9C, 
	0xF7, 0x72, 0x56, 0x62, 0x22, 0x62, 0x34, 0xBA, 0xDD, 0xCD, 0xDB, 0xDD, 0xBB, 0xFB, 0xBF, 0xFF, 
	0xDD, 0xBB, 0xCC, 0xF7, 0x77, 0x77, 0x4D, 0xFB, 0xBD, 0xBB, 0x47, 0x74, 0x47, 0x74, 0xF4, 0x32, 
	0xAC, 0xCA, 0xAF, 0x7D, 0x23, 0xF1, 0x11, 0x11, 0x11, 0x11, 0xDA, 0xCD, 0xBC, 0xCB, 0xDC, 0xCD, 
	0xDB, 0xFB, 0xDA, 0xCD, 0xDB, 0xDC, 0xDB, 0xDB, 0xBF, 0xDB, 0xBD, 0xDB, 0xFD, 0xDD, 0xF7, 0xBD, 
	0xBB, 0xDB, 0xFF, 0xDD, 0xF3, 0x44, 0x34, 0xB2, 0x43, 0x44, 0x43, 0x22, 0x23, 0x33, 0x44, 0x32, 
	0x3F, 0xBD, 0xDD, 0xA6, 0xD4, 0x74, 0x47, 0x74, 0x43, 0x22, 0x43, 0xA2, 0x34, 0x4F, 0x33, 0x44, 
	0x44, 0x44, 0x74, 0x44, 0x44, 0x44, 0x77, 0x47, 0x7F, 0x77, 0xFB, 0xB4, 0x77, 0x77, 0x77, 0xDD, 
	0xBD, 0xDD, 0xCD, 0xDF, 0x4B, 0xB3, 0x47, 0x74, 0x4B, 0x44, 0x44, 0xBB, 0xF7, 0xFF, 0xFF, 0x77, 
	0xEE, 0xEA, 0xDD, 0xAA, 0xBB, 0xDD, 0xDB, 0xFD, 0xDD, 0xCC, 0xCC, 0xCC, 0xCC, 0xCD, 0xCC, 0xCD, 
	0xDC, 0xCD, 0xDD, 0xAD, 0x42, 0x2A, 0xAA, 0x62, 0x26, 0xC3, 0x22, 0x22, 0x26, 0x56, 0x6A, 0xEF, 
	0x7F, 0xFA, 0x95, 0x62, 0x22, 0x32, 0x33, 0xCA, 0xBB, 0xDF, 0xFF, 0xBB, 0xBF, 0xFD, 0xBF, 0xFB, 
	0xDD, 0xBB, 0xAA, 0xF7, 0xF4, 0x7F, 0x3B, 0xFD, 0xDF, 0xF7, 0x77, 0x74, 0x4F, 0xF4, 0xF4, 0x25, 
	0x63, 0xDA, 0xAF, 0xBC, 0xB7, 0x71, 0x11, 0x11, 0x11, 0x11, 0xBA, 0xAC, 0xBD, 0xCB, 0xAE, 0xAB, 
	0xBB, 0xBD, 0xDC, 0xCD, 0xBB, 0xDD, 0xBB, 0xDD, 0xDF, 0xBF, 0xFB, 0xDB, 0xFD, 0xBF, 0xF7, 0xFB, 
	0xFB, 0xDB, 0x7F, 0xAB, 0x7F, 0x44, 0x33, 0x32, 0x33, 0x34, 0x74, 0x34, 0x33, 0x33, 0x34, 0x32, 
	0x3F, 0xBB, 0xBD, 0xDD, 0xCB, 0x74, 0x47, 0x73, 0x33, 0x6A, 0x43, 0x22, 0x34, 0x47, 0x33, 0x44, 
	0x44, 0x44, 0x74, 0x44, 0x44, 0x44, 0x77, 0x47, 0xFF, 0x7F, 0xFB, 0xB4, 0x77, 0x7B, 0xFF, 0xAD, 
	0xBD, 0xDD, 0xDC, 0xBF, 0x44, 0xB3, 0x47, 0x74, 0x4B, 0x4B, 0xD3, 0xDD, 0xD7, 0x77, 0x77, 0x7F, 
	0xEE, 0xED, 0xD2, 0x2D, 0xFF, 0xDD, 0xFF, 0xBC, 0xCC, 0xCC, 0xCC, 0xCC, 0xCD, 0xCC, 0xDD, 0xDC, 
	0xCC, 0xCB, 0xDD, 0xC3, 0x3C, 0x36, 0x62, 0x22, 0x2A, 0xD3, 0xA6, 0x66, 0x66, 0x22, 0xA6, 0x67, 
	0xF3, 0x35, 0x96, 0x66, 0x62, 0x43, 0x33, 0xAC, 0xBB, 0xB7, 0x7F, 0xFD, 0xDF, 0xFB, 0xBB, 0xFD, 
	0xDB, 0xBB, 0xBB, 0xF7, 0x33, 0x7B, 0xDF, 0xDC, 0x37, 0x71, 0x17, 0x47, 0x43, 0x33, 0x44, 0xAC, 
	0x34, 0x4D, 0x34, 0x34, 0x71, 0x77, 0x11, 0x11, 0x71, 0x71, 0xBE, 0x9E, 0xCF, 0xDC, 0x6E, 0xCF, 
	0xFD, 0xAC, 0xCD, 0xDB, 0x7F, 0xDF, 0xFB, 0xDA, 0xAF, 0xBB, 0xFB, 0xBF, 0xBD, 0xF7, 0x77, 0x7F, 
	0xFB, 0xCB, 0x7B, 0xAC, 0xF7, 0x74, 0x22, 0x23, 0x3A, 0x23, 0x74, 0x37, 0x32, 0x42, 0x23, 0x2C, 
	0x4B, 0xCF, 0xBD, 0x4F, 0xBD, 0x44, 0x47, 0x4A, 0xA2, 0xA3, 0x43, 0x33, 0x43, 0x77, 0x43, 0x33, 
	0x33, 0x34, 0x44, 0x43, 0x44, 0x77, 0x44, 0x74, 0xBC, 0xFB, 0xBB, 0x44, 0x7F, 0x4D, 0xFB, 0xCB, 
	0xB3, 0xB4, 0xBB, 0x74, 0xF4, 0x32, 0x37, 0x77, 0x4D, 0xDC, 0xAA, 0xDA, 0xAF, 0x71, 0x77, 0xFC, 
	0x99, 0xEC, 0xC2, 0xC3, 0xDD, 0xBB, 0xFB, 0xCC, 0xDC, 0xCD, 0xCA, 0xCD, 0xBB, 0xCA, 0xDB, 0xDC, 
	0xDD, 0xCC, 0xAC, 0xDC, 0x6A, 0x26, 0x23, 0x34, 0x33, 0x22, 0x56, 0x33, 0x23, 0x43, 0x32, 0xA4, 
	0x4C, 0x68, 0x85, 0x69, 0x63, 0x33, 0x43, 0x6A, 0xDD, 0xBF, 0x77, 0xBB, 0xBD, 0xBF, 0xDD, 0xDD, 
	0xBF, 0xDD, 0xFF, 0xBF, 0xDF, 0xBB, 0xCB, 0x33, 0x47, 0x17, 0xF4, 0x77, 0x73, 0xAB, 0x73, 0x3F, 
	0x71, 0x77, 0x44, 0x47, 0x77, 0x71, 0x1F, 0x77, 0x11, 0xFB, 0xDE, 0xEA, 0xAF, 0xBB, 0xC6, 0xCD, 
	0xBB, 0xAC, 0xCD, 0xFF, 0x77, 0xBB, 0xBB, 0xDD, 0xDB, 0xDC, 0xDB, 0x7F, 0xCD, 0xF7, 0x7F, 0xFF, 
	0xFF, 0xD7, 0xFF, 0xCC, 0xB7, 0xFD, 0xD2, 0x3B, 0x3A, 0x62, 0x34, 0x44, 0x42, 0x32, 0x6A, 0x33, 
	0x2C, 0x2B, 0xD3, 0x44, 0xBC, 0xC3, 0x43, 0xA2, 0x34, 0x34, 0x44, 0x47, 0x4C, 0x37, 0x73, 0x33, 
	0x24, 0x43, 0x33, 0x74, 0x33, 0x47, 0x43, 0x77, 0xBA, 0xDB, 0xBB, 0xB4, 0xBD, 0xDF, 0x7B, 0xDD, 
	0xB4, 0x77, 0x73, 0x33, 0x43, 0x33, 0x34, 0x44, 0xBC, 0xAA, 0xDC, 0xCC, 0x6C, 0xBF, 0x7B, 0xCE, 
	0x89, 0x6A, 0xAC, 0xAC, 0xCD, 0xFB, 0xBD, 0xCC, 0xDD, 0xDD, 0xDD, 0xDD, 0xBF, 0xDC, 0xDB, 0xBD, 
	0xDC, 0xAA, 0xCC, 0xD2, 0x62, 0x22, 0x33, 0x33, 0x43, 0x26, 0x52, 0x43, 0x33, 0x43, 0x33, 0x23, 
	0x32, 0x59, 0x95, 0x66, 0x24, 0x43, 0x32, 0x2A, 0xAC, 0xDC, 0xBF, 0xFF, 0xBD, 0xFB, 0xDB, 0xBC, 
	0xCD, 0xCC, 0xFF, 0xF7, 0xBF, 0xFF, 0xDD, 0x4F, 0x77, 0x74, 0x33, 0x44, 0x43, 0xB7, 0x7D, 0xD7, 
	0x77, 0x17, 0x74, 0x3B, 0xBC, 0xB7, 0x7C, 0xCB, 0xF7, 0xBA, 0xCC, 0xCD, 0xAF, 0xFF, 0xBB, 0xDD, 
	0xFF, 0xDC, 0xCB, 0xFB, 0xBF, 0xFF, 0xBB, 0xBF, 0xBC, 0xA6, 0xCD, 0xBD, 0xCD, 0xFF, 0xFF, 0xF7, 
	0xFF, 0xF7, 0xBC, 0xCD, 0xB7, 0xFF, 0x43, 0x3B, 0x22, 0x2A, 0x23, 0x44, 0x43, 0x44, 0x22, 0x44, 
	0x23, 0x33, 0x23, 0x74, 0xDC, 0x34, 0x43, 0x62, 0x33, 0x23, 0x43, 0x34, 0x33, 0x2B, 0x44, 0x33, 
	0x33, 0x33, 0x44, 0x44, 0x33, 0x34, 0x4F, 0xF7, 0xFB, 0xBD, 0xDB, 0xB4, 0x33, 0x34, 0x7F, 0xDB, 
	0xFB, 0xBF, 0x44, 0x44, 0x4B, 0xB4, 0xB3, 0x32, 0xDD, 0xCC, 0xFF, 0xFB, 0x33, 0xDD, 0xBC, 0x99, 
	0x89, 0xAA, 0xAC, 0xAC, 0xCB, 0xBB, 0xDD, 0xDC, 0xDC, 0xBD, 0xDB, 0xCC, 0xDF, 0xFB, 0xBB, 0xBD, 
	0xCA, 0x6A, 0xDD, 0xCC, 0x22, 0x23, 0x33, 0x33, 0x33, 0x26, 0xE3, 0x43, 0x33, 0x44, 0x33, 0x22, 
	0x22, 0x56, 0xA6, 0xA2, 0x34, 0x42, 0x62, 0x2A, 0x6A, 0xCA, 0xCB, 0xF7, 0xFF, 0x7B, 0xBF, 0xBC, 
	0x66, 0xAD, 0xBF, 0x7F, 0xBF, 0xFF, 0xDD, 0x47, 0x74, 0x43, 0x33, 0x33, 0x33, 0xF7, 0xFC, 0xC7, 
	0x77, 0x77, 0xF3, 0x22, 0x65, 0x6D, 0xCE, 0x6C, 0xAA, 0xCA, 0xCD, 0xDB, 0xDB, 0xF7, 0xFB, 0xCC, 
	0xBF, 0xBC, 0xDD, 0xBD, 0xDB, 0xFB, 0xDD, 0xF7, 0xFC, 0x6A, 0xDD, 0xDC, 0xDB, 0xFF, 0xBF, 0xF7, 
	0xFF, 0x7F, 0xCE, 0xDF, 0xF7, 0x77, 0x43, 0x33, 0x33, 0x3A, 0x62, 0x34, 0x44, 0x47, 0x33, 0x44, 
	0xB4, 0x43, 0x34, 0x74, 0xCD, 0x47, 0xF4, 0x22, 0x26, 0x52, 0x3A, 0x23, 0x34, 0x33, 0x44, 0x32, 
	0x22, 0x23, 0x44, 0x44, 0x43, 0x34, 0x47, 0xFF, 0xFB, 0xBB, 0xBF, 0xB4, 0x33, 0x34, 0x77, 0xDB, 
	0xBC, 0xCB, 0x44, 0x74, 0x4B, 0xB4, 0xD2, 0x22, 0x2B, 0xB3, 0x77, 0x7F, 0x33, 0xDC, 0xAE, 0xEA, 
	0x89, 0xAC, 0xCC, 0xCD, 0xBD, 0xDB, 0xBB, 0xBC, 0xCA, 0xBD, 0xCD, 0xAA, 0xCB, 0x7F, 0xFB, 0xBD, 
	0xAA, 0xCC, 0xBB, 0xCB, 0x32, 0x33, 0x33, 0x22, 0x22, 0x26, 0xED, 0x4A, 0xA4, 0xF4, 0x32, 0x22, 
	0xA6, 0x62, 0x32, 0x23, 0xB3, 0xD6, 0x56, 0x62, 0xAA, 0xCC, 0xAC, 0xB7, 0x77, 0xFD, 0xFB, 0xDD, 
	0xCA, 0xAB, 0xFF, 0x7B, 0xDB, 0xBB, 0xBD, 0x44, 0x44, 0x44, 0x3C, 0xAA, 0x33, 0x44, 0x3A, 0xA4, 
	0x43, 0x43, 0x2A, 0x66, 0x66, 0x55, 0x55, 0xAC, 0xA6, 0x6A, 0xAD, 0xCD, 0xFB, 0xBF, 0xBD, 0xAC, 
	0xDF, 0xBC, 0xBD, 0xAB, 0xFB, 0xFD, 0xCD, 0xFF, 0xBD, 0xCA, 0xBF, 0xDD, 0xBB, 0xFF, 0xDF, 0x7F, 
	0xBB, 0xBD, 0xEA, 0xB7, 0x77, 0x77, 0x43, 0x33, 0x44, 0x32, 0xA6, 0xA4, 0x4F, 0x44, 0x43, 0x34, 
	0x77, 0x43, 0x34, 0x43, 0xBB, 0x77, 0x77, 0x33, 0x2A, 0xA2, 0x63, 0x44, 0x33, 0x44, 0x44, 0x26, 
	0x66, 0xA3, 0x33, 0x34, 0x44, 0x33, 0x47, 0x73, 0xCD, 0xDF, 0x77, 0x33, 0x34, 0x44, 0x74, 0xBF, 
	0xBC, 0xAB, 0x4B, 0x44, 0x34, 0x44, 0x22, 0x33, 0x34, 0xB3, 0x44, 0x4B, 0x33, 0x4A, 0xEA, 0xCD, 
	0x88, 0xEC, 0xCC, 0xDC, 0xDB, 0xDD, 0xBD, 0xCC, 0xAA, 0xFB, 0xCC, 0xAC, 0xCC, 0xBB, 0xBF, 0xFC, 
	0xDD, 0xBB, 0xDD, 0xD3, 0x2A, 0xA6, 0x6A, 0xA2, 0x26, 0xA5, 0x9A, 0xC6, 0x23, 0xCC, 0x26, 0x66, 
	0x62, 0x23, 0x43, 0xAA, 0x2C, 0x65, 0x66, 0x56, 0xAC, 0xCD, 0xDB, 0xBB, 0xF7, 0xB6, 0xBD, 0xCD, 
	0xDD, 0xF7, 0xFB, 0xBB, 0xDD, 0xBF, 0xFF, 0x34, 0x44, 0x44, 0x32, 0x6A, 0x47, 0x74, 0x23, 0x2D, 
	0x2A, 0x23, 0x23, 0xA2, 0x22, 0x65, 0x66, 0x3A, 0xA3, 0xA6, 0xAA, 0xAB, 0xFF, 0x7D, 0xAC, 0xCD, 
	0xBB, 0xDC, 0xBF, 0xBD, 0xDB, 0xFB, 0xBF, 0xFF, 0xBB, 0xBC, 0xDF, 0xBB, 0xDC, 0xBF, 0xBF, 0xBB, 
	0xDC, 0xAE, 0x6F, 0x77, 0x74, 0x44, 0x33, 0xB3, 0x23, 0xF4, 0x44, 0x23, 0x33, 0xAA, 0x34, 0x33, 
	0x44, 0x43, 0xC3, 0x34, 0x74, 0x44, 0x44, 0x33, 0x4F, 0x43, 0xA7, 0x17, 0x43, 0x74, 0x34, 0x25, 
	0x62, 0x33, 0x43, 0x33, 0x74, 0x23, 0x74, 0x4C, 0xDB, 0xDB, 0xFF, 0x34, 0x44, 0x44, 0x44, 0x4F, 
	0x4D, 0xB4, 0x33, 0x43, 0x43, 0x34, 0x34, 0x44, 0x43, 0x34, 0x33, 0x33, 0xD4, 0x3A, 0xCB, 0xBD, 
	0x99, 0x6A, 0xCD, 0xDD, 0xBB, 0xDD, 0xDC, 0xDD, 0xAC, 0xBD, 0xCD, 0xCD, 0xDC, 0xDD, 0xCF, 0xFD, 
	0xBB, 0xBB, 0xD3, 0xCA, 0xA2, 0x65, 0x5A, 0x3D, 0x22, 0x65, 0x99, 0x66, 0x32, 0x56, 0x22, 0x62, 
	0x22, 0x34, 0x43, 0xE9, 0x56, 0x55, 0x63, 0x25, 0x6A, 0xAC, 0xDB, 0xDD, 0xDB, 0xDE, 0xBB, 0xCC, 
	0xCD, 0xBF, 0xFB, 0xBF, 0xBD, 0xDB, 0xF7, 0x44, 0x4B, 0x34, 0x43, 0x2F, 0x71, 0x74, 0x32, 0xCA, 
	0xA6, 0xDF, 0xB3, 0xA6, 0xA2, 0xA2, 0x22, 0xC2, 0x33, 0x33, 0xAA, 0xAD, 0xB7, 0xFD, 0xCA, 0xDB, 
	0xFF, 0xDD, 0xB7, 0xFD, 0xBF, 0xFF, 0xFF, 0xF7, 0xFF, 0xFB, 0xBF, 0xBB, 0xBB, 0xBF, 0xBD, 0xCB, 
	0xF3, 0xCA, 0xA4, 0xF7, 0x74, 0x43, 0x4F, 0xFF, 0x33, 0xB7, 0x77, 0xF3, 0x32, 0x55, 0x24, 0x43, 
	0x32, 0x33, 0x22, 0x37, 0x44, 0x43, 0x43, 0x23, 0x77, 0x43, 0x34, 0x77, 0x43, 0x43, 0x2C, 0x26, 
	0x33, 0x43, 0x33, 0x33, 0x44, 0x34, 0xB3, 0x33, 0xF7, 0x3C, 0xB4, 0xB4, 0x44, 0x43, 0x33, 0xBB, 
	0x4F, 0x43, 0x34, 0x33, 0x33, 0x33, 0x33, 0x34, 0x73, 0x34, 0x22, 0x44, 0x33, 0x3C, 0xFF, 0xFD, 
	0xEA, 0xAA, 0xDB, 0xDB, 0xBB, 0xDC, 0xCC, 0xDC, 0xCD, 0xDC, 0xCD, 0xDD, 0xBD, 0xDB, 0xCF, 0xFB, 
	0xBC, 0xDD, 0xD3, 0xA5, 0x62, 0x66, 0xAB, 0x4B, 0x22, 0x66, 0x69, 0x52, 0x32, 0x55, 0x22, 0x23, 
	0x22, 0x34, 0x42, 0x59, 0x89, 0x55, 0x63, 0x36, 0x66, 0xAD, 0xDB, 0xDD, 0xCD, 0xBD, 0xDB, 0xDD, 
	0xBD, 0xBF, 0xFB, 0xBB, 0xBD, 0xCD, 0xFF, 0x44, 0x4B, 0x24, 0x74, 0x37, 0x11, 0x73, 0x32, 0xCA, 
	0xAA, 0xDF, 0xB2, 0x66, 0x62, 0x32, 0x22, 0xC2, 0x33, 0x34, 0x26, 0xED, 0xBF, 0xDD, 0xBC, 0xDB, 
	0xBF, 0xBB, 0xBF, 0xBB, 0xB7, 0xFF, 0xFB, 0xF7, 0x77, 0x7F, 0xFF, 0xBB, 0xFF, 0xFB, 0xBA, 0xAB, 
	0x7F, 0xFB, 0x24, 0xF7, 0xF4, 0x43, 0x47, 0x77, 0xF4, 0x47, 0x77, 0x74, 0x33, 0x62, 0x23, 0x43, 
	0xB2, 0x33, 0x22, 0x47, 0x43, 0x43, 0x42, 0x63, 0x77, 0x33, 0x34, 0x44, 0x33, 0x32, 0x66, 0x22, 
	0x44, 0x43, 0x33, 0x33, 0x23, 0x34, 0x23, 0x34, 0x77, 0x3A, 0x34, 0xF4, 0xB4, 0x43, 0x33, 0xB3, 
	0x37, 0x43, 0x34, 0x33, 0x33, 0x32, 0x22, 0x24, 0xF2, 0x23, 0x33, 0x44, 0x33, 0x2D, 0xFD, 0xBC, 
	0xAD, 0xDD, 0xBD, 0xDF, 0xDB, 0xDC, 0xAD, 0xDA, 0xDC, 0xCD, 0xCD, 0xDB, 0xBB, 0xBF, 0xBB, 0x3B, 
	0xBC, 0xCC, 0xDD, 0xA5, 0x26, 0xAA, 0xC7, 0x73, 0xA2, 0x26, 0x26, 0xA3, 0x42, 0x55, 0x22, 0x34, 
	0x33, 0x23, 0x43, 0xAA, 0x65, 0x69, 0x52, 0xDA, 0xAC, 0xDB, 0xBF, 0xCD, 0xBB, 0xFF, 0xCD, 0xBF, 
	0x7B, 0xBF, 0xBD, 0xFD, 0xDB, 0xDB, 0xBB, 0x34, 0x43, 0x34, 0x74, 0x47, 0x11, 0x7A, 0xC6, 0xCC, 
	0xCA, 0xCA, 0xE9, 0x95, 0x92, 0x43, 0x26, 0x23, 0x34, 0x33, 0x26, 0xED, 0xCC, 0xCC, 0xBB, 0xDB, 
	0xDB, 0xFF, 0xBB, 0xDD, 0xBF, 0xF7, 0xFB, 0xF7, 0x77, 0xFF, 0xFF, 0xFF, 0xFF, 0xFD, 0xBA, 0xAB, 
	0xF7, 0x77, 0x33, 0x44, 0x3F, 0xD2, 0x37, 0x77, 0x77, 0x44, 0x74, 0x44, 0x44, 0x33, 0x32, 0x34, 
	0xF2, 0x22, 0x63, 0x44, 0x43, 0x44, 0x32, 0x23, 0xF4, 0x26, 0x24, 0x32, 0x23, 0x25, 0x66, 0xA3, 
	0x77, 0x3A, 0x23, 0x42, 0x66, 0x33, 0x33, 0x44, 0x77, 0x32, 0x33, 0x74, 0x34, 0x43, 0x33, 0x43, 
	0x34, 0x43, 0xD3, 0x33, 0x33, 0x36, 0x59, 0x63, 0x43, 0x33, 0x33, 0xB4, 0x33, 0x23, 0xCA, 0xDA, 
	0xCD, 0xBF, 0xBC, 0xCD, 0xDF, 0xDA, 0xCD, 0xCA, 0xDA, 0xAD, 0xCC, 0xCC, 0xDF, 0xBB, 0xFD, 0xDB, 
	0xBB, 0xBB, 0xD4, 0x46, 0x62, 0x36, 0x24, 0xBA, 0x23, 0x22, 0x42, 0x32, 0xC6, 0x56, 0x22, 0x44, 
	0xFF, 0x33, 0x44, 0x44, 0x35, 0x99, 0x56, 0x23, 0x34, 0x4B, 0xDF, 0xBC, 0xD7, 0xFB, 0xDB, 0xF7, 
	0xFB, 0xFB, 0xFB, 0xBF, 0xFB, 0xF7, 0x77, 0x44, 0xB4, 0x47, 0x74, 0x44, 0xFF, 0xD6, 0x69, 0xEC, 
	0xDC, 0x69, 0x89, 0x88, 0x86, 0x77, 0x46, 0xA4, 0x3D, 0x33, 0x36, 0xEC, 0xAA, 0xCC, 0xDF, 0xDD, 
	0xBB, 0xFB, 0xDF, 0xBC, 0xCD, 0xB7, 0xFB, 0x7F, 0xBF, 0xFB, 0xBB, 0xDB, 0xF7, 0xDD, 0xDA, 0xDD, 
	0xBB, 0x33, 0x34, 0x33, 0xDD, 0xC3, 0x34, 0x77, 0x47, 0x43, 0x43, 0x43, 0x23, 0x44, 0x4A, 0x24, 
	0x36, 0x33, 0x32, 0x33, 0x44, 0x33, 0x23, 0x43, 0x33, 0x22, 0x62, 0x26, 0x23, 0x26, 0x23, 0x44, 
	0x47, 0x32, 0x24, 0x73, 0x66, 0x24, 0x74, 0x43, 0x44, 0x33, 0xC3, 0x43, 0xB4, 0x4F, 0x44, 0x34, 
	0x44, 0x33, 0x42, 0x22, 0x22, 0xA6, 0x95, 0x2A, 0x34, 0x44, 0x3B, 0x33, 0x32, 0x33, 0x32, 0x3C, 
	0xCD, 0xFF, 0xDD, 0xDD, 0xDB, 0xDA, 0xDD, 0xCC, 0xCA, 0x6C, 0xAC, 0xCD, 0xBB, 0xBD, 0xBC, 0xDB, 
	0xBB, 0xDD, 0xD3, 0x42, 0x23, 0x26, 0x62, 0xA2, 0x33, 0x22, 0xF3, 0x22, 0x33, 0x23, 0x3A, 0x23, 
	0x44, 0x44, 0x3C, 0x34, 0x46, 0x9A, 0x22, 0x34, 0x33, 0x33, 0x3B, 0xDC, 0xF1, 0xBC, 0xFF, 0xBF, 
	0xBF, 0xBB, 0xFF, 0xFF, 0xBD, 0x7F, 0xF1, 0x74, 0x47, 0x77, 0x77, 0x73, 0x2C, 0xEE, 0x5E, 0xEA, 
	0xDC, 0x69, 0x99, 0x99, 0x85, 0xB7, 0x73, 0x6B, 0xF4, 0xD4, 0x42, 0x6A, 0xCA, 0xCD, 0xBF, 0xBD, 
	0xBB, 0xBF, 0xBF, 0xDC, 0xAA, 0xBB, 0xDB, 0xFB, 0xDF, 0x7B, 0xDC, 0xCB, 0xFB, 0xDF, 0xDC, 0xBC, 
	0xBD, 0xDB, 0x4B, 0x32, 0xC3, 0x33, 0x34, 0x44, 0x34, 0x44, 0x33, 0x43, 0x66, 0x34, 0x32, 0xA2, 
	0x22, 0x34, 0x33, 0x33, 0x44, 0x42, 0x62, 0x32, 0x23, 0x33, 0x22, 0x32, 0x24, 0x32, 0x23, 0x33, 
	0x34, 0x34, 0x44, 0xB2, 0x66, 0x33, 0x47, 0x43, 0x34, 0x34, 0x33, 0x33, 0x33, 0x3B, 0x33, 0x33, 
	0x33, 0x22, 0x32, 0x23, 0x32, 0x56, 0x62, 0x32, 0x34, 0x33, 0x4D, 0x32, 0x23, 0xFF, 0x32, 0x44, 
	0xCB, 0xFD, 0xCD, 0xDC, 0xDD, 0xCA, 0xDD, 0xCC, 0xAA, 0xA6, 0xAD, 0xCD, 0xBB, 0xCD, 0xDA, 0xCB, 
	0xBC, 0xAD, 0xD3, 0x33, 0x33, 0x62, 0xA5, 0x62, 0x33, 0x62, 0xD3, 0x22, 0x43, 0x34, 0x3A, 0x52, 
	0x32, 0x34, 0x25, 0x62, 0xBE, 0xED, 0x33, 0x34, 0x32, 0x34, 0x3C, 0xCC, 0xF1, 0xDC, 0xFF, 0xBB, 
	0xDF, 0xBB, 0xFF, 0xFB, 0xDD, 0xFB, 0xB1, 0x74, 0x47, 0x1F, 0xF7, 0xF6, 0x99, 0x99, 0x9E, 0xEE, 
	0xCD, 0x69, 0x99, 0x99, 0x98, 0x6F, 0x7B, 0xEC, 0xF4, 0xB4, 0x43, 0xC6, 0xAA, 0xCD, 0xDF, 0xFB, 
	0xFB, 0xDF, 0xFF, 0xCD, 0xCA, 0xBD, 0xCD, 0xDD, 0xDF, 0xFB, 0xCC, 0xCB, 0xFD, 0xDF, 0xBD, 0xDC, 
	0xFD, 0xBB, 0x4D, 0x2A, 0xA3, 0x33, 0x33, 0x33, 0x22, 0x44, 0x33, 0x43, 0x65, 0x34, 0x32, 0x66, 
	0x33, 0x33, 0x33, 0x33, 0x44, 0x32, 0xA6, 0x62, 0x23, 0x43, 0x33, 0x33, 0x23, 0x43, 0x32, 0x22, 
	0x34, 0x47, 0x44, 0x26, 0x66, 0x33, 0x3F, 0x43, 0x33, 0x33, 0x44, 0x33, 0x33, 0xC3, 0xC2, 0x33, 
	0x32, 0x2A, 0x22, 0x33, 0x43, 0x22, 0x22, 0x33, 0x34, 0x33, 0x3D, 0x26, 0x63, 0x77, 0x33, 0x44, 
	0xDB, 0xDA, 0xDB, 0xCC, 0xDD, 0xAA, 0xDC, 0xCC, 0xCA, 0xCA, 0xCD, 0xDD, 0xFD, 0xAD, 0xAE, 0xAB, 
	0xBC, 0x6C, 0xB2, 0x23, 0x4A, 0x53, 0x3A, 0x62, 0xB3, 0xA6, 0x66, 0x62, 0x36, 0x34, 0x32, 0x59, 
	0x98, 0x62, 0x66, 0x66, 0x69, 0xED, 0x22, 0x44, 0x42, 0x3F, 0xCA, 0xAC, 0xBF, 0xDC, 0xBB, 0xBF, 
	0xBF, 0xFB, 0xF7, 0xBC, 0xCC, 0xBD, 0xD7, 0x74, 0x77, 0xFC, 0xA3, 0x69, 0x59, 0x89, 0x99, 0x89, 
	0xCB, 0xE8, 0x99, 0x89, 0xE8, 0x8E, 0xBB, 0xEE, 0xCF, 0xB4, 0x44, 0xBA, 0x6A, 0xCC, 0x6C, 0xFF, 
	0xBD, 0xCB, 0x7D, 0xCB, 0xDD, 0xBB, 0xBD, 0xAC, 0xCA, 0xDB, 0xBD, 0xDD, 0xDB, 0xBB, 0xFD, 0xAD, 
	0xFD, 0xF4, 0x32, 0x3A, 0x23, 0x44, 0x42, 0xA3, 0x66, 0x34, 0x44, 0x44, 0x26, 0x37, 0x4E, 0x56, 
	0x43, 0x32, 0x24, 0x43, 0x44, 0x23, 0x3C, 0xA2, 0x34, 0x32, 0x33, 0x44, 0x66, 0x33, 0x42, 0x56, 
	0x34, 0x47, 0x73, 0x65, 0x56, 0x33, 0x24, 0x43, 0x33, 0x2A, 0x37, 0x44, 0x33, 0x33, 0x22, 0x22, 
	0x23, 0x22, 0xA3, 0x34, 0x44, 0x43, 0x36, 0x23, 0x33, 0x34, 0xAC, 0x66, 0x63, 0x77, 0x44, 0x74, 
	0xCD, 0xBA, 0xCB, 0xCD, 0xBD, 0xDD, 0xCC, 0xCD, 0xDA, 0xCA, 0xAD, 0xBB, 0xBC, 0xAD, 0x6A, 0xDB, 
	0xFB, 0xAA, 0xF4, 0x33, 0x4A, 0x5A, 0x33, 0x63, 0xFF, 0xCE, 0x66, 0x32, 0x69, 0x6C, 0x36, 0x90, 
	0x08, 0x95, 0x52, 0x22, 0x58, 0x9E, 0x6D, 0x43, 0xC6, 0x2D, 0x2D, 0x2A, 0xAD, 0xCD, 0xCA, 0xB7, 
	0xBF, 0xFD, 0xB7, 0x7C, 0xCA, 0xDD, 0x44, 0x74, 0xCA, 0xA5, 0x96, 0x98, 0x9E, 0x9E, 0xEE, 0x89, 
	0xCB, 0xE9, 0x99, 0x99, 0x98, 0x88, 0xEC, 0x59, 0x6C, 0xAA, 0xDD, 0xCC, 0xCD, 0xBC, 0xAA, 0xBD, 
	0xDF, 0xFF, 0xFD, 0xDB, 0xDF, 0xF7, 0xFC, 0xAC, 0xAC, 0xDD, 0xFF, 0xBD, 0xBF, 0xCB, 0x7D, 0xAF, 
	0xBC, 0xDD, 0xCA, 0x22, 0x2C, 0x44, 0x32, 0x62, 0x55, 0x34, 0x33, 0x34, 0x32, 0x37, 0x7E, 0x53, 
	0x44, 0x32, 0x34, 0x34, 0xCC, 0x23, 0x77, 0x43, 0x44, 0xA5, 0xA3, 0x44, 0x65, 0x64, 0x74, 0xA2, 
	0x24, 0x44, 0x43, 0x26, 0x55, 0xA2, 0x34, 0x33, 0x34, 0x3A, 0x33, 0x4C, 0x34, 0x44, 0xCA, 0x22, 
	0x24, 0x36, 0x2A, 0x22, 0x22, 0x22, 0x26, 0x22, 0x24, 0xF3, 0x66, 0x22, 0xA4, 0x74, 0x43, 0x33, 
	0xAD, 0xBD, 0xCD, 0xDB, 0xDB, 0xDD, 0xCD, 0xDC, 0xCA, 0xAA, 0xAC, 0xBB, 0xCA, 0xCA, 0xEC, 0xCD, 
	0xBB, 0xAA, 0xB4, 0x43, 0x32, 0x52, 0x3D, 0x62, 0x4B, 0x36, 0x62, 0x22, 0x68, 0x8A, 0x32, 0x90, 
	0x89, 0x88, 0x92, 0x32, 0x65, 0x98, 0xAC, 0xCA, 0x65, 0x5E, 0xAF, 0xD2, 0xEA, 0xAC, 0xCC, 0xBF, 
	0xFF, 0xBD, 0xDF, 0x7B, 0xBD, 0xD4, 0x44, 0x73, 0x68, 0x98, 0x00, 0x99, 0xE6, 0xEE, 0xEE, 0x99, 
	0xAD, 0xEE, 0x5E, 0xE9, 0x96, 0xE9, 0x9E, 0xEE, 0x6E, 0xEE, 0xAA, 0xAA, 0xDB, 0xBC, 0xCB, 0xDD, 
	0xDB, 0x7F, 0xBB, 0xBB, 0xCF, 0xFF, 0xBA, 0xAD, 0xCB, 0xBB, 0xFD, 0xCB, 0xF7, 0xBF, 0x7D, 0xAF, 
	0xDA, 0xCB, 0xBC, 0x34, 0x36, 0x34, 0x33, 0x62, 0x69, 0xC4, 0x33, 0x34, 0x32, 0x34, 0x46, 0x64, 
	0x44, 0x32, 0x33, 0x3C, 0xE6, 0x62, 0x77, 0x74, 0x43, 0xE9, 0x24, 0x44, 0x32, 0x24, 0x44, 0xF3, 
	0x33, 0x44, 0x44, 0x4A, 0x99, 0x52, 0x23, 0x43, 0x33, 0x33, 0x32, 0xDA, 0x37, 0x44, 0xB3, 0x33, 
	0x34, 0x36, 0x66, 0x62, 0x66, 0x22, 0x66, 0x22, 0x23, 0x4D, 0x26, 0x32, 0x37, 0x74, 0x33, 0x33, 
	0xAC, 0xBB, 0xCD, 0xBB, 0xDD, 0xDD, 0xCD, 0xCA, 0xAA, 0xAC, 0xAA, 0xAD, 0xAA, 0xDA, 0xCC, 0xCB, 
	0xDD, 0xAC, 0xD4, 0x44, 0x22, 0x22, 0x2C, 0x56, 0x33, 0x36, 0x23, 0x22, 0x69, 0x56, 0x32, 0x59, 
	0x95, 0x59, 0x62, 0x32, 0x2C, 0xEE, 0xDA, 0x98, 0x99, 0x80, 0x64, 0xDC, 0xA6, 0xAC, 0xDD, 0xBB, 
	0xFB, 0xBF, 0xDD, 0xFF, 0xFF, 0xB4, 0x4F, 0x7C, 0x90, 0x88, 0x99, 0x56, 0x66, 0xEE, 0x9E, 0xEE, 
	0x6C, 0xEE, 0x6E, 0xEE, 0x56, 0xEE, 0xEE, 0xEE, 0x66, 0xEA, 0xAE, 0x6A, 0xDD, 0xDD, 0xDB, 0xCD, 
	0xBB, 0xFF, 0xBF, 0xBB, 0xCB, 0xBB, 0xAE, 0xCB, 0xBF, 0xFF, 0xFA, 0xCF, 0x77, 0xFF, 0x7B, 0xAF, 
	0xDA, 0xBF, 0xFF, 0x47, 0x36, 0x24, 0x33, 0xA3, 0x68, 0xA4, 0x33, 0x34, 0x26, 0x33, 0x26, 0x63, 
	0x43, 0x32, 0x33, 0x3A, 0x56, 0x23, 0xF7, 0x74, 0x42, 0x99, 0x23, 0x44, 0x33, 0x34, 0x33, 0x44, 
	0x33, 0x44, 0x44, 0x7A, 0x62, 0x22, 0x22, 0x44, 0x32, 0x33, 0x32, 0xCA, 0x2F, 0x44, 0x33, 0x33, 
	0x34, 0x25, 0x66, 0x62, 0x65, 0x66, 0x66, 0x22, 0x2A, 0x2D, 0x26, 0x32, 0x37, 0x74, 0x33, 0x33, 
	0xEA, 0xBB, 0xCB, 0xBB, 0xCD, 0xCC, 0xCD, 0xAA, 0xCC, 0xDD, 0xC6, 0xAD, 0xCD, 0xBD, 0xBD, 0xDF, 
	0xDC, 0xCC, 0xDF, 0x73, 0x66, 0x3A, 0x66, 0x6A, 0x3D, 0x26, 0x33, 0x2A, 0xAA, 0xA2, 0x32, 0x65, 
	0x55, 0xA5, 0xA3, 0xA6, 0x34, 0xA6, 0xDA, 0x99, 0x99, 0x58, 0x92, 0xAC, 0xDA, 0xAD, 0xFB, 0xBD, 
	0xBC, 0xDF, 0xBD, 0xDF, 0x77, 0xBB, 0x77, 0xBE, 0x88, 0x5E, 0x66, 0x6A, 0xAE, 0x9E, 0x55, 0xAC, 
	0x6C, 0xEE, 0xAE, 0xEA, 0x6E, 0xEA, 0xE9, 0x9E, 0x5A, 0x6C, 0xC6, 0xAA, 0xDA, 0xAB, 0xDC, 0xCD, 
	0xFB, 0xBD, 0xFB, 0xDD, 0xCD, 0xCA, 0xA6, 0xCB, 0xBF, 0x77, 0xFC, 0xB7, 0x77, 0x7F, 0xF7, 0xCF, 
	0xDD, 0xF7, 0x77, 0xF7, 0x42, 0xA4, 0x44, 0xAC, 0xA9, 0xE4, 0x44, 0x4C, 0x56, 0x22, 0x65, 0x62, 
	0x32, 0x22, 0x23, 0x42, 0x62, 0x33, 0x34, 0x77, 0x43, 0xA6, 0x32, 0x34, 0x23, 0x43, 0x2A, 0x24, 
	0x42, 0x33, 0x47, 0xF6, 0x24, 0x33, 0x32, 0x47, 0x3A, 0x33, 0x22, 0x22, 0x2A, 0xC3, 0x22, 0x33, 
	0x34, 0xA6, 0x26, 0x22, 0x26, 0x5A, 0x32, 0x23, 0x36, 0x56, 0x26, 0xA6, 0x37, 0x77, 0x32, 0x32, 
	0xE6, 0xBC, 0xAC, 0xCD, 0xDB, 0xDC, 0xDD, 0xCC, 0xCD, 0xDC, 0xBD, 0xCF, 0xFF, 0xBD, 0xFF, 0xBB, 
	0xDB, 0xBD, 0xBF, 0x32, 0x66, 0x36, 0x66, 0xD3, 0xC2, 0x23, 0x4A, 0xA3, 0x33, 0x33, 0x66, 0xA9, 
	0x9E, 0xDE, 0x6A, 0x69, 0xAD, 0xAA, 0xCC, 0xAE, 0xE6, 0x65, 0x95, 0xA2, 0xBD, 0xAD, 0xDD, 0xBB, 
	0xDD, 0xAB, 0xFF, 0xDD, 0xFB, 0xAD, 0x7B, 0xA8, 0x99, 0xAC, 0xCC, 0xCA, 0xAC, 0xEE, 0xA6, 0x33, 
	0xAA, 0xEE, 0xAE, 0xAD, 0xC6, 0xAE, 0x9E, 0xE9, 0x9E, 0xCA, 0x6A, 0xAC, 0xDD, 0xB7, 0xFC, 0xDF, 
	0xBD, 0xCD, 0xDB, 0xDC, 0xBD, 0xAC, 0xDC, 0xDC, 0xB7, 0x7B, 0x7B, 0xF7, 0xFF, 0x7F, 0xF7, 0xDB, 
	0xFB, 0xB7, 0x7F, 0xC4, 0x73, 0x64, 0x73, 0x6A, 0x3A, 0x64, 0x44, 0x46, 0x92, 0x33, 0x35, 0x5D, 
	0x43, 0x43, 0x33, 0x43, 0x23, 0x22, 0x24, 0x44, 0x47, 0x43, 0xAA, 0x33, 0x33, 0x43, 0xA2, 0x6D, 
	0x73, 0x44, 0x44, 0x36, 0x24, 0x44, 0x33, 0x47, 0x7A, 0x23, 0x22, 0x52, 0x42, 0x26, 0x62, 0x33, 
	0x32, 0x23, 0x22, 0x33, 0x22, 0x64, 0xF3, 0xA3, 0x42, 0x56, 0x62, 0x32, 0x63, 0xC3, 0x22, 0xC2, 
	0xEE, 0xDC, 0xAA, 0xCC, 0xCC, 0xCC, 0xCC, 0xCC, 0xCD, 0xCC, 0xDB, 0xBF, 0xFB, 0xFD, 0xBB, 0xBB, 
	0xBB, 0xFF, 0xBC, 0xA6, 0x26, 0xA6, 0xA6, 0xB3, 0xA3, 0xCD, 0xCC, 0xF4, 0x32, 0x22, 0x55, 0xE8, 
	0x89, 0xA9, 0x5E, 0x99, 0x5A, 0xEE, 0xAA, 0x6D, 0xB3, 0xA6, 0x66, 0x22, 0xDD, 0xCD, 0xBD, 0xBD, 
	0xBD, 0xEC, 0x77, 0xFC, 0xCC, 0x6C, 0xBA, 0x89, 0x9E, 0xAA, 0xCC, 0x3B, 0xDC, 0xCA, 0xAB, 0xF3, 
	0x6A, 0x6E, 0xEE, 0xCB, 0xDD, 0xAE, 0xEE, 0xEE, 0xAE, 0xCA, 0xAC, 0xCC, 0xBF, 0xFB, 0xFB, 0xBB, 
	0xBB, 0xCC, 0xDF, 0xBB, 0xFB, 0xCA, 0xDD, 0xCD, 0xF7, 0xFF, 0x7B, 0x7F, 0xBB, 0x7F, 0xF7, 0xBB, 
	0xBD, 0xB7, 0x7D, 0xAD, 0xF7, 0xA3, 0x7C, 0x63, 0xF3, 0x34, 0x44, 0x36, 0x63, 0x33, 0x35, 0xEF, 
	0x7F, 0x44, 0x33, 0x34, 0x34, 0x22, 0x24, 0x74, 0x44, 0x43, 0x33, 0x33, 0x33, 0x34, 0x33, 0x23, 
	0x44, 0x77, 0x33, 0x22, 0x23, 0x33, 0x34, 0x47, 0x73, 0x32, 0x34, 0x6A, 0x43, 0x22, 0x22, 0x22, 
	0x22, 0x22, 0x23, 0x32, 0x32, 0x24, 0x44, 0x62, 0x33, 0x22, 0x62, 0x43, 0x56, 0x56, 0x62, 0x33, 
	0xE6, 0xCC, 0xCA, 0xCA, 0x6A, 0xDA, 0xAA, 0xCC, 0xCC, 0xCD, 0xCD, 0xBF, 0xDD, 0xBC, 0xCD, 0xDB, 
	0xBD, 0xBF, 0xD6, 0xE6, 0x26, 0xAA, 0xAA, 0x36, 0xA3, 0xCA, 0x6C, 0xF3, 0x22, 0x66, 0x69, 0x00, 
	0x08, 0x88, 0x88, 0x09, 0x59, 0x59, 0xE6, 0xEB, 0x73, 0xAA, 0x66, 0x22, 0xCB, 0xCD, 0xFD, 0xDB, 
	0xFB, 0xAD, 0x77, 0x7C, 0xA6, 0x6C, 0xA5, 0xE6, 0xE6, 0xAE, 0x6A, 0x3B, 0xBC, 0xDC, 0xCF, 0x7A, 
	0x5C, 0xAE, 0x6A, 0xCD, 0xDD, 0xA6, 0x66, 0xAA, 0xDA, 0xCC, 0xDD, 0xCD, 0xBF, 0xFD, 0xFB, 0xDD, 
	0xBB, 0xDD, 0xBB, 0xDD, 0xFF, 0xBC, 0xCB, 0xDF, 0x77, 0xFF, 0x7B, 0x7F, 0xBF, 0x7B, 0xB7, 0xFF, 
	0xCC, 0xF7, 0x7D, 0x33, 0x41, 0xCA, 0x46, 0x63, 0x74, 0x44, 0x33, 0x3A, 0xA2, 0x32, 0x36, 0xEF, 
	0x77, 0x44, 0x32, 0x33, 0x44, 0x33, 0xB4, 0x74, 0x44, 0x43, 0x43, 0x33, 0x33, 0x34, 0x44, 0x43, 
	0x44, 0xFF, 0x32, 0x33, 0x22, 0x22, 0x44, 0x47, 0x74, 0x26, 0x34, 0x22, 0x33, 0x22, 0x22, 0x66, 
	0x22, 0x22, 0x23, 0x33, 0x33, 0x34, 0x43, 0x56, 0x34, 0x33, 0xA6, 0x33, 0x25, 0x85, 0xA2, 0x33, 
	0x5A, 0xDD, 0xBC, 0xA6, 0xEC, 0xDC, 0xAC, 0xDA, 0xAD, 0xCB, 0xDD, 0xFB, 0xDB, 0xBC, 0xDD, 0xCD, 
	0xDA, 0xCC, 0xDC, 0xAA, 0xC6, 0x3C, 0xCD, 0xA5, 0xAD, 0xC5, 0x5A, 0xB6, 0x56, 0x66, 0x68, 0x89, 
	0x9E, 0x98, 0x99, 0x9E, 0xE9, 0x69, 0x9A, 0x63, 0x44, 0x22, 0xA5, 0xA2, 0xDF, 0xDB, 0xFC, 0xDF, 
	0xFD, 0xDB, 0x7F, 0xFC, 0xDA, 0xAC, 0xAA, 0xAC, 0xAA, 0x6A, 0xA3, 0xBB, 0xFC, 0xCB, 0xC7, 0xFE, 
	0x5C, 0xEE, 0xAC, 0xAC, 0xCE, 0xEC, 0xAC, 0xCA, 0xDD, 0xCD, 0xDC, 0xDB, 0xFB, 0xFD, 0xBD, 0xCC, 
	0xFF, 0xBB, 0xBC, 0xEA, 0xDB, 0xBB, 0xAB, 0xF7, 0x1F, 0xF7, 0xFB, 0xFB, 0xF7, 0x7F, 0xB7, 0x77, 
	0xCC, 0x77, 0x4F, 0x44, 0x47, 0xB3, 0x35, 0x56, 0x47, 0x74, 0x22, 0x3C, 0x26, 0x23, 0x32, 0x52, 
	0x77, 0x33, 0x23, 0x2A, 0x43, 0x44, 0x74, 0x43, 0x33, 0x43, 0x32, 0x22, 0x2A, 0x2F, 0x77, 0x73, 
	0x33, 0x32, 0x43, 0x43, 0x32, 0x23, 0x77, 0x34, 0x43, 0x6E, 0x63, 0x32, 0x22, 0x62, 0x66, 0x66, 
	0x62, 0x23, 0x23, 0x33, 0x43, 0x44, 0x32, 0x62, 0x23, 0x44, 0x25, 0x64, 0x42, 0x66, 0x3A, 0x22, 
	0xEC, 0xCD, 0xDA, 0xAC, 0xCC, 0xCC, 0xCB, 0xBA, 0xCB, 0xDB, 0xBD, 0xBB, 0xBF, 0xDC, 0xBF, 0xBD, 
	0xDD, 0xDC, 0xBB, 0xC3, 0xD6, 0x66, 0xDF, 0x26, 0x32, 0x26, 0x56, 0x36, 0x62, 0x26, 0x90, 0x9A, 
	0xCA, 0x56, 0x69, 0x6A, 0xE9, 0x99, 0x92, 0xC2, 0x23, 0x32, 0x35, 0xEC, 0xBB, 0xFF, 0xBD, 0xCB, 
	0xDD, 0xFF, 0xBD, 0xDC, 0xBB, 0xDC, 0xCD, 0xDB, 0xD3, 0x23, 0x44, 0xFB, 0x43, 0xAB, 0xDB, 0xC9, 
	0x9A, 0xEE, 0xEA, 0xA6, 0xE5, 0xEA, 0xAD, 0xAC, 0xCC, 0xAA, 0xCC, 0xBD, 0xBF, 0xFD, 0xCC, 0xCB, 
	0xBB, 0xFD, 0xDC, 0xEC, 0xAC, 0xAD, 0xDB, 0x77, 0x7B, 0xB7, 0x7F, 0xDB, 0x77, 0x77, 0xBF, 0x77, 
	0x4B, 0x4F, 0x44, 0x74, 0x44, 0x77, 0x32, 0x36, 0xA4, 0x74, 0x33, 0x46, 0x59, 0x23, 0x33, 0x2A, 
	0x47, 0x33, 0x33, 0x22, 0x43, 0x47, 0x43, 0x33, 0xA2, 0x44, 0x26, 0x66, 0x65, 0x5A, 0x47, 0x74, 
	0x23, 0x26, 0x32, 0x34, 0x43, 0x37, 0x77, 0x43, 0x65, 0x5C, 0xE6, 0x66, 0x66, 0x26, 0x56, 0x32, 
	0x22, 0x33, 0x32, 0x23, 0x44, 0x44, 0x3A, 0x23, 0x2A, 0x34, 0x25, 0x52, 0x34, 0x32, 0x42, 0x56, 
	0x96, 0x6A, 0xA6, 0xEA, 0xCA, 0xCA, 0xCB, 0xDC, 0xBB, 0xBB, 0xBD, 0xCB, 0xFB, 0xBD, 0xBB, 0xBB, 
	0xBF, 0xBB, 0xFB, 0xDB, 0xDE, 0xE6, 0xDF, 0xC2, 0x32, 0x66, 0x62, 0x33, 0x42, 0x65, 0x80, 0x9D, 
	0xB2, 0x26, 0x26, 0x6A, 0xA5, 0x59, 0x53, 0xBC, 0x33, 0x3D, 0x35, 0x9C, 0xCC, 0xBF, 0xBD, 0xDB, 
	0xCD, 0xBD, 0xCC, 0xCD, 0xDF, 0xFB, 0xBD, 0xDD, 0xDD, 0x23, 0x44, 0xBD, 0x33, 0x2D, 0xBB, 0xC9, 
	0x9A, 0xAE, 0xE6, 0xAC, 0xAC, 0xE6, 0xCC, 0xEC, 0xCC, 0xAC, 0x3D, 0xFB, 0xBF, 0xBC, 0xAC, 0xFF, 
	0xFD, 0xBB, 0xDC, 0xAC, 0xAB, 0xAC, 0xDF, 0x77, 0xFB, 0xB7, 0xFB, 0xFF, 0xF7, 0x77, 0xFB, 0xF1, 
	0x7B, 0xDB, 0x44, 0x44, 0x44, 0x47, 0x43, 0x43, 0xEC, 0xF4, 0x44, 0x35, 0x95, 0x63, 0x44, 0x32, 
	0x3B, 0x34, 0x33, 0x33, 0x33, 0x34, 0x4D, 0x22, 0x66, 0xC3, 0x62, 0x66, 0x69, 0x09, 0xC4, 0x43, 
	0x23, 0x32, 0xA6, 0x27, 0x74, 0x34, 0x44, 0x43, 0x90, 0xEF, 0x35, 0x65, 0x22, 0x35, 0x62, 0x23, 
	0x33, 0x22, 0xD3, 0x22, 0x33, 0x23, 0x43, 0x33, 0x32, 0x23, 0x22, 0x66, 0x23, 0x22, 0x43, 0x65, 
	0x88, 0x88, 0x99, 0x96, 0xCC, 0xDC, 0xCB, 0xCD, 0xBD, 0xBB, 0xDC, 0xAB, 0xFB, 0xBB, 0xBC, 0xBB, 
	0xBB, 0xBB, 0xFD, 0xCB, 0xC6, 0xAC, 0xCD, 0xD3, 0x32, 0x66, 0x63, 0x33, 0xFC, 0x65, 0x58, 0x9C, 
	0xB3, 0x2A, 0x26, 0x6A, 0x26, 0x59, 0x52, 0xDC, 0x33, 0x2C, 0x26, 0xAC, 0xAA, 0xDF, 0xFD, 0xDB, 
	0xDD, 0xCA, 0xCD, 0xDB, 0xDB, 0xFF, 0xFC, 0xCD, 0xCD, 0xC3, 0xB4, 0xCA, 0x23, 0x2C, 0xBB, 0xC5, 
	0x9A, 0xA9, 0xEE, 0xAB, 0xBD, 0xEE, 0xDA, 0xCD, 0xDC, 0xCD, 0x4F, 0xFD, 0xDB, 0xDC, 0xAC, 0xF7, 
	0xFC, 0xCD, 0xCD, 0xCB, 0xCB, 0xCC, 0xD7, 0x77, 0x4F, 0xB7, 0xB3, 0x77, 0xF7, 0xF7, 0xFD, 0xF1, 
	0x7F, 0xCD, 0x43, 0x44, 0x34, 0x3F, 0x44, 0x44, 0x69, 0xC4, 0x43, 0x26, 0x65, 0x63, 0x44, 0x33, 
	0x32, 0x33, 0x33, 0x44, 0x32, 0x23, 0x4C, 0x66, 0x65, 0x66, 0x22, 0x3D, 0xA9, 0x86, 0x23, 0x22, 
	0x33, 0x33, 0x65, 0x2F, 0xF4, 0x34, 0x43, 0x23, 0xA9, 0xEF, 0x46, 0x66, 0x34, 0x32, 0x32, 0x34, 
	0x43, 0x66, 0xD4, 0x22, 0x36, 0x52, 0x44, 0x43, 0x32, 0x22, 0x62, 0x25, 0x52, 0x22, 0x44, 0x36, 
	0x00, 0x08, 0x88, 0x9A, 0xCB, 0xBB, 0xDD, 0xCD, 0xCC, 0x4B, 0xCA, 0xCB, 0xBB, 0xBB, 0xDC, 0xDD, 
	0xDD, 0xCD, 0xDC, 0xAA, 0xCC, 0xCD, 0xD2, 0x34, 0x43, 0x66, 0x62, 0x62, 0xCC, 0x65, 0x69, 0x8E, 
	0xD4, 0x22, 0x62, 0x62, 0x36, 0x55, 0x66, 0x62, 0x34, 0xEE, 0x6C, 0xDC, 0xCC, 0xDB, 0xBB, 0xDB, 
	0xBB, 0xDC, 0xCF, 0xDB, 0xFD, 0xD7, 0xF2, 0xCD, 0xDC, 0xCD, 0xBB, 0xA6, 0xAA, 0xAD, 0x4B, 0xA9, 
	0x86, 0xE9, 0x6E, 0xC4, 0x7D, 0xEA, 0xBA, 0xBF, 0xBC, 0xD4, 0x77, 0x42, 0xCC, 0xDC, 0xAC, 0xB7, 
	0xBC, 0xAA, 0xAB, 0xDF, 0xDD, 0xDD, 0xB7, 0x7F, 0x47, 0xB7, 0xDD, 0xF7, 0xFF, 0xFF, 0xFD, 0xF1, 
	0x77, 0xB3, 0x43, 0x44, 0x43, 0xA3, 0x33, 0x43, 0x25, 0xA4, 0x32, 0xA2, 0x26, 0x22, 0x33, 0x24, 
	0x33, 0x22, 0x32, 0x43, 0x36, 0x62, 0x36, 0x52, 0x6A, 0x26, 0x33, 0x4B, 0x29, 0x63, 0x32, 0x6A, 
	0x34, 0x33, 0x2A, 0x22, 0x23, 0x43, 0x32, 0x63, 0xDE, 0x9B, 0x7A, 0x56, 0x3F, 0x43, 0x43, 0x34, 
	0x73, 0x56, 0x34, 0x23, 0x3A, 0x63, 0x4F, 0x43, 0xD3, 0x25, 0x96, 0x65, 0x62, 0x32, 0x34, 0x43, 
	0x88, 0x89, 0x9E, 0xED, 0xDD, 0xFD, 0xCC, 0x3C, 0xDC, 0x44, 0xBC, 0xDB, 0xDD, 0xDC, 0xCC, 0xDB, 
	0xCC, 0xDC, 0xCD, 0xDC, 0xBB, 0xDB, 0xBD, 0xC3, 0x42, 0x22, 0x25, 0x56, 0x6C, 0xE5, 0x69, 0x8E, 
	0xB4, 0x22, 0x22, 0x26, 0x32, 0x56, 0x36, 0x66, 0x33, 0x66, 0xAD, 0xDC, 0x3D, 0xBB, 0xDF, 0xBF, 
	0xBD, 0xDD, 0xDB, 0xCD, 0xBB, 0xDF, 0xB3, 0xDB, 0x32, 0xBF, 0xFC, 0xA3, 0x3A, 0x24, 0x4F, 0xA9, 
	0x9E, 0x99, 0xAB, 0x77, 0xBD, 0xAD, 0xBE, 0xD7, 0x7D, 0xF7, 0x77, 0x43, 0xAB, 0xBA, 0xDB, 0xFB, 
	0xBF, 0xCA, 0xAF, 0xBF, 0xCC, 0xBD, 0xF1, 0x7D, 0xB4, 0xBF, 0xDB, 0x47, 0x4F, 0xFB, 0xFD, 0xF1, 
	0x77, 0x44, 0x74, 0x34, 0xB2, 0x62, 0x22, 0x43, 0x32, 0x33, 0x22, 0x33, 0x66, 0x3A, 0x22, 0x34, 
	0x44, 0x3A, 0x22, 0x34, 0x26, 0x26, 0x66, 0x52, 0x33, 0x26, 0x22, 0xCA, 0x69, 0x2F, 0x33, 0x22, 
	0x34, 0x42, 0x34, 0x36, 0x52, 0x74, 0x36, 0x56, 0x36, 0x9A, 0x46, 0x56, 0x23, 0x34, 0x73, 0x34, 
	0x44, 0xA3, 0x33, 0x24, 0x44, 0x22, 0x33, 0xC3, 0x3A, 0x69, 0x85, 0x95, 0x22, 0x33, 0x23, 0x44, 
	0x98, 0x9E, 0x6A, 0xAD, 0xBB, 0xBC, 0x33, 0x43, 0x3D, 0x34, 0x4C, 0xCD, 0xCD, 0xDC, 0xDD, 0xFF, 
	0xBD, 0xDC, 0xCB, 0xBD, 0xDB, 0xDD, 0xCD, 0xAC, 0x3A, 0x33, 0x65, 0x66, 0x62, 0x95, 0x6E, 0x5A, 
	0xC3, 0x33, 0x32, 0x22, 0x22, 0x22, 0x32, 0x26, 0x23, 0xA6, 0xCC, 0xAC, 0xCB, 0xBC, 0xDB, 0xF4, 
	0xFD, 0xDD, 0xB4, 0x3A, 0xDB, 0xDD, 0xB4, 0xCD, 0xB3, 0xF7, 0xF2, 0x3B, 0x4A, 0x2F, 0x4B, 0xA9, 
	0xEE, 0x99, 0xC7, 0x7F, 0xCC, 0xAC, 0xCE, 0xAB, 0xFC, 0x7F, 0xB4, 0x74, 0xAB, 0xFA, 0xBF, 0xBC, 
	0xF7, 0xAC, 0xCB, 0xFD, 0xCD, 0xFB, 0x77, 0xFC, 0xBF, 0xDB, 0xDF, 0x44, 0x74, 0x4D, 0xFF, 0xB7, 
	0x7F, 0x74, 0x74, 0x34, 0x33, 0x32, 0x33, 0x44, 0x44, 0x32, 0x23, 0x44, 0x26, 0xA3, 0x43, 0x43, 
	0x34, 0x42, 0x23, 0x33, 0x66, 0x32, 0x66, 0x56, 0x23, 0x32, 0x65, 0x59, 0x55, 0xAB, 0x33, 0x22, 
	0x34, 0xF2, 0x23, 0x29, 0x53, 0x44, 0x42, 0x62, 0x22, 0x66, 0x32, 0x22, 0x26, 0x63, 0x42, 0x34, 
	0x44, 0x33, 0x22, 0x23, 0x43, 0x22, 0x32, 0x62, 0x22, 0x25, 0x95, 0x89, 0x66, 0x23, 0x3C, 0x3C, 
	0xA9, 0x5E, 0xAC, 0xCB, 0xDB, 0xDC, 0x34, 0x43, 0x3D, 0x34, 0x4A, 0xAC, 0xDD, 0xDC, 0xCD, 0xF7, 
	0xBC, 0xCC, 0xDB, 0xBB, 0xDD, 0xCC, 0xCD, 0xAD, 0xCA, 0x32, 0x56, 0xC6, 0xA2, 0x95, 0x62, 0x22, 
	0xA3, 0x44, 0x32, 0x22, 0x22, 0x22, 0x22, 0x26, 0x23, 0xA6, 0xAA, 0xAD, 0xDB, 0xCC, 0xBB, 0xF4, 
	0xFD, 0xDD, 0xB4, 0x42, 0xCD, 0xCA, 0xB4, 0x3D, 0xB4, 0xFF, 0xB2, 0x3B, 0x3E, 0x2B, 0x3A, 0xAE, 
	0xEE, 0x99, 0xA7, 0xFC, 0xE6, 0xAA, 0xDA, 0xED, 0xFB, 0xFB, 0xE2, 0xF4, 0x6D, 0xBC, 0xBF, 0xDA, 
	0xBF, 0xAC, 0xDC, 0xBC, 0xCB, 0xFF, 0x7F, 0xBD, 0x77, 0xBD, 0xDF, 0x44, 0x74, 0x4C, 0xF7, 0xFF, 
	0xFF, 0x74, 0x74, 0x34, 0x34, 0x32, 0x33, 0x43, 0x34, 0x36, 0x24, 0x44, 0xBC, 0xC4, 0x74, 0x42, 
	0x23, 0x42, 0x23, 0x32, 0x56, 0x23, 0x3A, 0x66, 0x22, 0x22, 0x89, 0x69, 0x62, 0xAA, 0x32, 0x22, 
	0x34, 0x42, 0x56, 0x69, 0x52, 0x23, 0x43, 0x32, 0x63, 0x32, 0x23, 0x33, 0x43, 0x23, 0x26, 0x24, 
	0x44, 0x33, 0xA6, 0x23, 0x32, 0xA2, 0x36, 0x62, 0x22, 0x22, 0x2C, 0x68, 0x86, 0x23, 0x33, 0x25, 
	0xCE, 0xEE, 0xAD, 0xBD, 0xCD, 0xCD, 0xBD, 0x34, 0xD3, 0x34, 0x4A, 0x6C, 0x3D, 0xCA, 0xAD, 0xBB, 
	0xBA, 0xCB, 0xDD, 0xFF, 0xDD, 0xAA, 0xCD, 0xAD, 0xAD, 0xD5, 0xEA, 0xCE, 0xA2, 0xE6, 0x23, 0x35, 
	0x5C, 0xF4, 0x22, 0x32, 0xA2, 0x33, 0x66, 0xA2, 0x33, 0x69, 0xAC, 0xAB, 0xBB, 0xCD, 0xFB, 0xF4, 
	0xBB, 0xDD, 0x37, 0x72, 0x2C, 0xBB, 0x34, 0x4D, 0x47, 0x32, 0x6A, 0x32, 0xE6, 0x32, 0xAA, 0xCE, 
	0xEC, 0xEE, 0x6C, 0xA9, 0xEA, 0xCC, 0xBC, 0xAD, 0x77, 0xCA, 0x9E, 0x44, 0xC6, 0xDD, 0xDD, 0xCC, 
	0xCA, 0xCD, 0xBD, 0xBD, 0xDB, 0xFD, 0xFC, 0xAB, 0x1F, 0xFB, 0xAB, 0x44, 0x44, 0x33, 0x77, 0x7B, 
	0xD4, 0x44, 0x43, 0x2D, 0x34, 0x22, 0x32, 0x32, 0x62, 0x33, 0x23, 0x44, 0xF4, 0x47, 0x44, 0x42, 
	0x22, 0x32, 0x62, 0x26, 0x6A, 0x63, 0x32, 0x22, 0x65, 0x6A, 0x6A, 0x36, 0x23, 0x2A, 0x26, 0x63, 
	0x43, 0x26, 0x96, 0x65, 0x56, 0x6A, 0x33, 0x43, 0xA3, 0x42, 0x34, 0x44, 0x74, 0x32, 0x68, 0x53, 
	0x33, 0x22, 0x22, 0x34, 0xA6, 0x22, 0x25, 0x62, 0x22, 0x33, 0x44, 0x25, 0x52, 0xA2, 0x33, 0xA5, 
	0xCE, 0xEA, 0xAB, 0xBC, 0xCA, 0x6A, 0xDC, 0xCB, 0x32, 0xC3, 0x3A, 0x22, 0xAA, 0xD6, 0x6C, 0xAA, 
	0xDC, 0xDF, 0xDB, 0xBD, 0xDB, 0xDA, 0xAD, 0xAC, 0xEC, 0xCE, 0xAE, 0x6E, 0x22, 0xA3, 0xCA, 0x69, 
	0x9E, 0xAA, 0x6A, 0xA6, 0x33, 0x26, 0x62, 0x44, 0x26, 0x99, 0xCA, 0xCD, 0xDF, 0xDC, 0xB7, 0x44, 
	0xB4, 0xBC, 0x37, 0x42, 0x4F, 0x77, 0x43, 0x22, 0x44, 0x26, 0x63, 0xD6, 0x62, 0x22, 0x34, 0xB6, 
	0xAB, 0xDC, 0xBB, 0xDE, 0xEC, 0xBD, 0xFD, 0xCB, 0xFB, 0xDC, 0xE6, 0x47, 0xF6, 0x24, 0xDA, 0xCB, 
	0xBC, 0xDB, 0xBF, 0xBF, 0xBF, 0xFC, 0xBA, 0xED, 0x7F, 0xFF, 0xAD, 0x44, 0x43, 0x43, 0x47, 0x43, 
	0x33, 0x43, 0x43, 0x2A, 0x33, 0x66, 0x66, 0xA2, 0x66, 0x4F, 0x36, 0x34, 0x33, 0x43, 0x34, 0x33, 
	0x22, 0x23, 0x22, 0x22, 0xAE, 0x9E, 0xA6, 0x6C, 0x68, 0x96, 0x34, 0x43, 0x2A, 0x23, 0x22, 0x34, 
	0xFC, 0x59, 0x52, 0x26, 0x22, 0x22, 0x32, 0x34, 0x44, 0x33, 0x44, 0x47, 0x73, 0xA2, 0x69, 0x5A, 
	0xAA, 0x66, 0x23, 0x42, 0x69, 0x63, 0x22, 0x32, 0x33, 0x34, 0x43, 0x32, 0xA4, 0x36, 0x62, 0x22, 
	0xAE, 0xAC, 0xAB, 0xCA, 0xCA, 0xAC, 0xDC, 0xAC, 0xCD, 0x32, 0x22, 0x32, 0x2A, 0xDC, 0xAC, 0xAA, 
	0xDD, 0xDD, 0xDC, 0xCC, 0xBB, 0xBA, 0xCB, 0xCA, 0xEA, 0xA6, 0xAE, 0x5A, 0xA6, 0xAB, 0xA5, 0x9E, 
	0xEE, 0xEE, 0xAA, 0x6A, 0x32, 0x66, 0x24, 0xF3, 0x66, 0x88, 0xEE, 0xAC, 0xCB, 0xCA, 0xB7, 0x43, 
	0xBF, 0xFD, 0xF4, 0x32, 0x34, 0x77, 0x73, 0xA2, 0x47, 0x33, 0x34, 0x36, 0x33, 0x66, 0x23, 0xCE, 
	0xCF, 0x44, 0xF7, 0xFB, 0xCB, 0xFB, 0xFB, 0xCB, 0xBC, 0xDD, 0xAC, 0xB7, 0x73, 0x37, 0xFA, 0xBB, 
	0xDD, 0xDB, 0xF7, 0xBF, 0xDF, 0xFC, 0xBA, 0xAD, 0xFB, 0xBB, 0xDD, 0xF7, 0x43, 0x4D, 0x34, 0x74, 
	0x33, 0x44, 0x34, 0x26, 0x22, 0x59, 0x56, 0x2A, 0x23, 0x74, 0x42, 0x34, 0x32, 0x22, 0x23, 0x33, 
	0x33, 0x6A, 0x62, 0x34, 0x3A, 0x50, 0x95, 0x5A, 0xA5, 0x52, 0x33, 0x33, 0x36, 0x62, 0x23, 0xF3, 
	0xDA, 0x56, 0x22, 0x22, 0x33, 0x26, 0x33, 0x47, 0x74, 0x44, 0x47, 0x74, 0xB6, 0x56, 0x26, 0x56, 
	0x22, 0x69, 0x62, 0x36, 0x59, 0x62, 0x33, 0x43, 0x22, 0x34, 0x32, 0x33, 0x34, 0x4A, 0x56, 0x36, 
	0xE6, 0xCC, 0xCD, 0xA6, 0xAA, 0xAC, 0xCC, 0xAA, 0xAC, 0x32, 0xA3, 0x33, 0xBA, 0xCD, 0xCA, 0xCA, 
	0xDD, 0xDC, 0xCA, 0xAA, 0xDB, 0xDA, 0xDD, 0xDC, 0xE6, 0xA6, 0x65, 0xEA, 0xA5, 0x6D, 0x99, 0x9E, 
	0x6E, 0x66, 0xA6, 0xAC, 0x32, 0x56, 0x3F, 0xBE, 0x5C, 0xC9, 0x89, 0xEC, 0xCC, 0xAC, 0xBF, 0x32, 
	0xDF, 0xFB, 0x74, 0x32, 0x23, 0x77, 0x73, 0xA2, 0x47, 0x43, 0x43, 0x2A, 0xB3, 0x56, 0x26, 0x59, 
	0xCF, 0x44, 0xF7, 0xFF, 0xBF, 0xFB, 0xFB, 0xCC, 0xAE, 0xDD, 0xCC, 0xF7, 0x73, 0x37, 0x7D, 0xBF, 
	0xBB, 0xCD, 0xF7, 0xBF, 0xCB, 0xBC, 0xFC, 0xCD, 0xBD, 0xBB, 0xBF, 0xFF, 0x33, 0x4D, 0xA3, 0xF4, 
	0x33, 0x44, 0x44, 0x26, 0x22, 0xA5, 0xA2, 0x26, 0x23, 0xF4, 0x44, 0x44, 0x2A, 0x66, 0x62, 0x23, 
	0x33, 0x69, 0x92, 0x47, 0x4C, 0xCA, 0x98, 0x85, 0xA5, 0x62, 0x33, 0x33, 0x42, 0x62, 0x33, 0x4A, 
	0x62, 0x62, 0x22, 0x22, 0x34, 0x26, 0x33, 0x47, 0xF3, 0x44, 0x47, 0x74, 0x26, 0x66, 0x32, 0x66, 
	0x22, 0x29, 0x92, 0x26, 0x22, 0x66, 0x33, 0x43, 0x22, 0x34, 0x33, 0x34, 0x44, 0x43, 0x3A, 0x25, 
	0xEA, 0xAC, 0xCA, 0xAA, 0xCC, 0xCD, 0xAA, 0xAA, 0x66, 0xA2, 0x23, 0x34, 0xFC, 0x6D, 0xCA, 0xAA, 
	0xAC, 0xCC, 0xCC, 0xCC, 0xDD, 0xCA, 0x4D, 0xBD, 0xAA, 0xA5, 0x95, 0xEA, 0x65, 0xEA, 0xEE, 0x9E, 
	0xAE, 0xAA, 0xEE, 0xDC, 0x25, 0x56, 0xAB, 0xA8, 0x9D, 0xBA, 0xE9, 0x9C, 0xDA, 0x6B, 0x34, 0x32, 
	0xB7, 0xFB, 0x4D, 0x33, 0xAA, 0x77, 0x43, 0x22, 0x44, 0x24, 0x36, 0xAC, 0xC6, 0xA2, 0x26, 0x98, 
	0x64, 0x43, 0x37, 0xB3, 0x74, 0xBD, 0xFB, 0xC6, 0x9E, 0xBD, 0xA3, 0x77, 0x7A, 0xA4, 0x7B, 0xD7, 
	0x7D, 0xAC, 0xBF, 0xBF, 0xDA, 0xAA, 0xFD, 0xDC, 0xDB, 0xBF, 0xFF, 0xFB, 0x3B, 0x43, 0x23, 0x43, 
	0x22, 0x33, 0x44, 0x22, 0x23, 0x3A, 0x33, 0x26, 0x52, 0x44, 0x74, 0x33, 0x23, 0x23, 0x22, 0x24, 
	0x43, 0x29, 0x5C, 0x74, 0x43, 0x44, 0x65, 0x58, 0x55, 0x62, 0x22, 0x24, 0x33, 0x23, 0x32, 0x26, 
	0x63, 0x62, 0x32, 0x22, 0x33, 0x32, 0x24, 0x7F, 0x33, 0x44, 0x44, 0x43, 0x26, 0x22, 0x33, 0x65, 
	0x23, 0x36, 0x63, 0x22, 0x34, 0x26, 0x22, 0x36, 0x52, 0x33, 0x34, 0x44, 0x44, 0x44, 0x42, 0x66, 
	0xA6, 0xCD, 0xAA, 0xCA, 0xDB, 0xBC, 0xAC, 0xA6, 0x65, 0x64, 0x44, 0x43, 0xB3, 0xAC, 0xDC, 0xEE, 
	0xCD, 0xBD, 0xCD, 0xDB, 0xDC, 0xAD, 0x4D, 0x33, 0xCD, 0xA5, 0x5E, 0xAA, 0xCA, 0xAA, 0xCC, 0xEC, 
	0xAE, 0xAC, 0xE6, 0xB3, 0x26, 0x65, 0x9E, 0x59, 0x96, 0xB4, 0xCA, 0x6C, 0xCA, 0xCF, 0xBD, 0x33, 
	0x77, 0xCA, 0xDD, 0x22, 0x3C, 0x34, 0x33, 0x25, 0xA3, 0xA2, 0xA6, 0xCD, 0x66, 0xF4, 0x43, 0x65, 
	0x33, 0xB3, 0x44, 0xC6, 0x4F, 0x3C, 0xDD, 0xAC, 0xAD, 0xF3, 0xA4, 0x77, 0x46, 0x63, 0x77, 0xCF, 
	0x7B, 0xCD, 0xDB, 0xB7, 0xFC, 0xCC, 0xBF, 0xDB, 0xF7, 0xFF, 0xBD, 0xCD, 0xB4, 0x43, 0x34, 0x33, 
	0x42, 0xA2, 0x22, 0x32, 0x44, 0x22, 0xF3, 0x23, 0x6A, 0x43, 0x44, 0x22, 0x33, 0x4F, 0x43, 0x34, 
	0x33, 0x36, 0x34, 0x77, 0x43, 0x47, 0x22, 0x29, 0x85, 0x23, 0x23, 0x23, 0x32, 0x6A, 0x33, 0x22, 
	0x22, 0x62, 0x3A, 0x65, 0x2F, 0x44, 0x23, 0x3C, 0x24, 0x43, 0x43, 0x44, 0x32, 0x62, 0x44, 0x25, 
	0x62, 0x23, 0x33, 0x33, 0x33, 0x23, 0x26, 0x65, 0x5A, 0x33, 0xA2, 0x34, 0x43, 0x22, 0x32, 0x24, 
	0xAC, 0xDB, 0xCC, 0xDD, 0xBF, 0xF2, 0x2C, 0xAA, 0x65, 0x63, 0x44, 0x32, 0xAA, 0xCC, 0xBC, 0x5A, 
	0xDC, 0xDD, 0xDC, 0xCB, 0xDC, 0xCD, 0xFB, 0x22, 0x34, 0xAA, 0xEA, 0xAA, 0xCB, 0xBA, 0xCC, 0xCD, 
	0xDC, 0xCC, 0x6A, 0xDA, 0xA2, 0x26, 0x88, 0x5E, 0xE8, 0xC7, 0x7F, 0x3B, 0xBB, 0xFB, 0xDD, 0x4D, 
	0xFB, 0xAA, 0xDC, 0xAC, 0xDC, 0x34, 0x34, 0x35, 0x2D, 0x33, 0xA2, 0x34, 0x22, 0x74, 0x4F, 0x36, 
	0xF4, 0x4F, 0x43, 0xE9, 0xCB, 0x33, 0x2C, 0xCF, 0xF4, 0x7C, 0x27, 0x74, 0x32, 0x34, 0x47, 0x3B, 
	0xBD, 0xDB, 0xBF, 0x71, 0xFF, 0xFF, 0x44, 0xBB, 0x77, 0x74, 0x3A, 0xCD, 0xDB, 0xF3, 0x34, 0x33, 
	0x42, 0x62, 0x66, 0x33, 0xF3, 0x63, 0x7C, 0x23, 0x23, 0xF4, 0x33, 0x22, 0x33, 0x34, 0x32, 0x2C, 
	0x23, 0x33, 0xF7, 0x44, 0x34, 0x44, 0x4F, 0xF6, 0x63, 0x32, 0xAA, 0xA6, 0x23, 0x22, 0x34, 0x22, 
	0x62, 0x3F, 0xF3, 0x62, 0x34, 0x44, 0x32, 0x22, 0x33, 0x33, 0x33, 0x33, 0x26, 0x23, 0x33, 0xA5, 
	0x62, 0x24, 0x43, 0x33, 0x22, 0x33, 0x32, 0x59, 0x9E, 0x2D, 0x66, 0x62, 0x33, 0xA6, 0x23, 0x34, 
	0xCD, 0xDD, 0xCC, 0xDD, 0xDB, 0xB3, 0x22, 0xAA, 0x66, 0xA3, 0x44, 0x36, 0x9E, 0xAC, 0xBA, 0x6C, 
	0xCA, 0xCC, 0xBD, 0xC3, 0xCB, 0xDD, 0xB4, 0x32, 0x33, 0xAA, 0xEA, 0xAC, 0xDB, 0xBD, 0xDA, 0xCB, 
	0xFD, 0xDC, 0x6D, 0xC6, 0xA4, 0x46, 0x96, 0x6E, 0xE9, 0xEF, 0x17, 0x44, 0xFF, 0xFC, 0xDB, 0x4B, 
	0xDC, 0xAD, 0xBC, 0xAC, 0xCC, 0x34, 0x34, 0x32, 0x3B, 0x43, 0x62, 0x33, 0x33, 0x43, 0x47, 0x3A, 
	0xF4, 0x47, 0x4A, 0x89, 0xED, 0x23, 0x22, 0xB7, 0x7F, 0x42, 0x27, 0x73, 0x23, 0x44, 0x47, 0xFC, 
	0xAB, 0xBB, 0xBF, 0x71, 0x77, 0x77, 0x44, 0xBB, 0x77, 0x74, 0x3C, 0xDD, 0xAD, 0xB2, 0x34, 0x33, 
	0x3A, 0x52, 0x66, 0x24, 0xB6, 0x63, 0x42, 0x23, 0x34, 0x74, 0x32, 0x33, 0x4C, 0x22, 0x65, 0xA6, 
	0x23, 0x34, 0xFF, 0x33, 0x34, 0x43, 0x47, 0x73, 0x34, 0x32, 0x55, 0x69, 0x63, 0x43, 0x33, 0x32, 
	0x23, 0x47, 0x74, 0x23, 0x33, 0x43, 0x32, 0x34, 0x43, 0x63, 0x33, 0x32, 0x26, 0x33, 0x32, 0x65, 
	0x62, 0x24, 0x33, 0x33, 0xA2, 0x33, 0x32, 0xA9, 0x89, 0xEA, 0xE6, 0xA6, 0x33, 0x2A, 0x24, 0x44, 
	0xCB, 0xDA, 0xAE, 0xCD, 0xC3, 0x33, 0x2A, 0xCC, 0x26, 0x23, 0x33, 0x36, 0x9E, 0x6C, 0xDA, 0x6A, 
	0xCA, 0xCC, 0xFB, 0x33, 0xDF, 0xBD, 0xDB, 0x43, 0xCA, 0xAA, 0xAA, 0xCB, 0xFD, 0xDB, 0xC6, 0xAF, 
	0x7C, 0xDC, 0xAB, 0xAA, 0xCF, 0x7A, 0x62, 0xAE, 0x66, 0x5C, 0x77, 0x73, 0xFB, 0xAC, 0xBF, 0xF4, 
	0x33, 0xDB, 0xBC, 0xCA, 0xAC, 0x33, 0x33, 0x33, 0x33, 0x42, 0x56, 0x23, 0x43, 0x3A, 0x44, 0x6C, 
	0x44, 0x74, 0x32, 0xEE, 0xC3, 0xC3, 0x32, 0x47, 0x77, 0x32, 0x2F, 0x73, 0x23, 0x74, 0x77, 0xFA, 
	0xAB, 0xFD, 0xCB, 0x77, 0x17, 0x17, 0x74, 0xDB, 0xF7, 0x74, 0xBB, 0xDB, 0xAC, 0xC2, 0x34, 0x42, 
	0x69, 0x56, 0x25, 0x63, 0x2A, 0x6A, 0x32, 0x22, 0x47, 0x44, 0x43, 0x44, 0xFC, 0x55, 0x66, 0x6C, 
	0x44, 0x43, 0x33, 0x22, 0x34, 0x4A, 0x47, 0x44, 0x44, 0x35, 0x89, 0x65, 0x24, 0xF3, 0xA2, 0x32, 
	0x34, 0x77, 0x77, 0x26, 0x44, 0x32, 0x23, 0x47, 0x74, 0x62, 0x23, 0x3A, 0x22, 0x23, 0x26, 0x56, 
	0x22, 0x22, 0xA3, 0x33, 0x25, 0x24, 0x22, 0x3E, 0x80, 0x89, 0x53, 0x32, 0x22, 0x32, 0x23, 0x44, 
	0xAB, 0xBA, 0xEE, 0xAA, 0xCC, 0xA2, 0x33, 0xCC, 0x22, 0x3B, 0x3C, 0xCE, 0xEA, 0xAD, 0xC6, 0xAC, 
	0xAC, 0xDC, 0xBB, 0xB3, 0x3B, 0xBC, 0xBB, 0x44, 0x42, 0xAD, 0xBC, 0xAC, 0xBB, 0xBD, 0xAA, 0xD7, 
	0xBC, 0xBC, 0xDB, 0x6C, 0xAB, 0x3A, 0x33, 0x65, 0x5A, 0xA2, 0x77, 0x43, 0x3C, 0xAB, 0x74, 0x44, 
	0x44, 0x3D, 0xCC, 0xDC, 0xC2, 0xA6, 0x34, 0x42, 0x22, 0xC6, 0x55, 0x24, 0x44, 0x26, 0x3A, 0x6F, 
	0x43, 0x43, 0x34, 0xCA, 0xF7, 0x4A, 0xA3, 0x77, 0x44, 0x34, 0x2A, 0xBF, 0xDA, 0x34, 0x74, 0xD6, 
	0xAD, 0xFB, 0xAB, 0x17, 0x71, 0x17, 0x77, 0x4F, 0xB4, 0xB3, 0x3B, 0xDD, 0xA6, 0xAA, 0x24, 0x7A, 
	0x98, 0x85, 0x65, 0x95, 0x63, 0x22, 0x23, 0x33, 0x77, 0x74, 0x73, 0x33, 0x3A, 0x62, 0x33, 0x2F, 
	0x33, 0x43, 0x22, 0x62, 0x33, 0x32, 0x44, 0x43, 0x34, 0xA5, 0x55, 0x22, 0x6A, 0x33, 0x26, 0xA6, 
	0x44, 0x44, 0x47, 0x25, 0xA3, 0x32, 0xA4, 0x47, 0x73, 0x66, 0x23, 0x32, 0x63, 0x33, 0x36, 0x62, 
	0x43, 0xA2, 0x22, 0x23, 0x26, 0x22, 0xAC, 0x3C, 0x90, 0x08, 0x63, 0x43, 0x32, 0xA6, 0x64, 0x44, 
	0x6C, 0xCA, 0xAC, 0xA6, 0x23, 0x26, 0x22, 0x2C, 0x33, 0x34, 0xDC, 0xAE, 0xEA, 0xAC, 0x6A, 0xCC, 
	0xAD, 0xDC, 0xD3, 0x44, 0x34, 0xDC, 0xFF, 0x47, 0x73, 0x6C, 0xFD, 0xED, 0xFB, 0xD3, 0xA3, 0xBF, 
	0xCB, 0xBC, 0xBB, 0xEA, 0xDA, 0x23, 0x32, 0xA6, 0x63, 0xF4, 0x47, 0x43, 0x43, 0x3F, 0xFB, 0x33, 
	0x43, 0xDC, 0xDC, 0xAA, 0xC2, 0x36, 0x3F, 0x32, 0x23, 0x22, 0xAA, 0x63, 0x33, 0x22, 0x36, 0x64, 
	0x44, 0x32, 0xBF, 0xBA, 0x47, 0x42, 0x63, 0x4F, 0x33, 0x4B, 0xA6, 0xCB, 0xC3, 0x47, 0x44, 0x33, 
	0x3A, 0xBB, 0xAF, 0x11, 0x11, 0x17, 0x44, 0xBF, 0xBF, 0x32, 0xD4, 0xBD, 0x32, 0x32, 0xAB, 0xB6, 
	0x88, 0x88, 0x55, 0x8E, 0xFF, 0x26, 0x24, 0xF4, 0x44, 0x44, 0xF3, 0x62, 0x26, 0x34, 0x43, 0x34, 
	0x33, 0x33, 0x33, 0x22, 0x33, 0x43, 0x33, 0x33, 0x44, 0x66, 0x22, 0x33, 0x35, 0x62, 0xA6, 0x22, 
	0x23, 0xF3, 0xAB, 0x32, 0x52, 0x43, 0x33, 0x34, 0xBC, 0x62, 0x23, 0x43, 0x63, 0xFF, 0xF3, 0x23, 
	0x33, 0x33, 0x43, 0x22, 0xA2, 0x32, 0x6A, 0x2A, 0x90, 0x09, 0xA3, 0x32, 0x22, 0x25, 0x24, 0x44, 
	0xAE, 0xAA, 0xCC, 0xAA, 0xC3, 0x25, 0x66, 0x2C, 0x33, 0x33, 0xCA, 0xA6, 0xEE, 0xAC, 0xAC, 0xDD, 
	0xDD, 0xBD, 0xD3, 0x44, 0x24, 0xCC, 0x77, 0x47, 0xF3, 0x2A, 0xBD, 0xAD, 0xFB, 0x34, 0xD3, 0xBD, 
	0xCF, 0xFB, 0xBD, 0x6A, 0xDA, 0xC3, 0x26, 0xAC, 0xB4, 0x77, 0x47, 0x43, 0x33, 0x3B, 0xFD, 0xA3, 
	0x43, 0xAA, 0xCA, 0x62, 0xA2, 0x32, 0x34, 0x33, 0x33, 0x2D, 0xD2, 0x56, 0x26, 0x6C, 0x4A, 0x53, 
	0x44, 0x2E, 0xF7, 0xDA, 0x44, 0x43, 0x22, 0x3D, 0x34, 0x4B, 0xA6, 0xAA, 0xA3, 0x47, 0x44, 0x34, 
	0x33, 0xBB, 0xCF, 0x11, 0x11, 0x17, 0x43, 0xBF, 0xBF, 0x33, 0xB4, 0xBD, 0x33, 0x33, 0xDD, 0xA9, 
	0x98, 0x5A, 0xE6, 0x86, 0x77, 0x32, 0x34, 0xF4, 0x44, 0x4B, 0xC6, 0x56, 0xB3, 0x34, 0x33, 0x33, 
	0x33, 0x33, 0x34, 0x33, 0x44, 0x33, 0x33, 0x33, 0x43, 0x6A, 0x32, 0x24, 0x4D, 0x26, 0x56, 0x4B, 
	0x23, 0x73, 0x62, 0x33, 0xA6, 0x33, 0x43, 0x43, 0x26, 0xA2, 0x6A, 0x33, 0x62, 0xF7, 0x74, 0x43, 
	0x33, 0x44, 0x73, 0x22, 0x23, 0x4B, 0xA6, 0x25, 0x88, 0x89, 0xA3, 0x26, 0x23, 0x32, 0x34, 0x44, 
	0xCA, 0xCA, 0xCA, 0xEC, 0xD2, 0x66, 0x65, 0x6A, 0x3A, 0x2A, 0xAA, 0x6A, 0x66, 0x6C, 0xAC, 0xBB, 
	0xBD, 0xBD, 0xD4, 0xB3, 0x23, 0xDD, 0xF7, 0x44, 0x32, 0x32, 0x3D, 0xD3, 0xB3, 0x47, 0xBB, 0x3C, 
	0xDB, 0xBF, 0xFB, 0xAC, 0xDC, 0xBC, 0xAA, 0xAC, 0x77, 0x77, 0x74, 0x42, 0x23, 0x2D, 0x42, 0x62, 
	0xDD, 0x65, 0x9E, 0xC3, 0x66, 0xA2, 0x43, 0x33, 0x42, 0x2F, 0x46, 0x5A, 0x35, 0x9C, 0x4A, 0x96, 
	0x44, 0x69, 0xBF, 0xA6, 0x43, 0x34, 0x43, 0xA2, 0xB7, 0x74, 0x6A, 0x5E, 0x63, 0x44, 0x44, 0x33, 
	0x44, 0x4D, 0xCB, 0x11, 0x17, 0x17, 0x33, 0xB7, 0xF4, 0x33, 0x43, 0x43, 0x44, 0x4F, 0x4B, 0x69, 
	0x55, 0xCB, 0xA2, 0x5A, 0x74, 0x44, 0x44, 0x33, 0x44, 0x7B, 0xE6, 0x5A, 0x74, 0xA2, 0x26, 0x32, 
	0x33, 0x2A, 0x34, 0x44, 0xF4, 0x23, 0x22, 0x33, 0x42, 0x66, 0x25, 0x63, 0x47, 0x4A, 0x96, 0xF7, 
	0x34, 0x73, 0x33, 0x34, 0x35, 0x62, 0x34, 0x74, 0x66, 0x2A, 0x99, 0xCD, 0xE5, 0x24, 0x77, 0x43, 
	0x33, 0x34, 0x44, 0x22, 0x33, 0x4F, 0x22, 0x29, 0x85, 0x69, 0x62, 0x58, 0x64, 0x44, 0x44, 0x44, 
	0xAC, 0xCC, 0xCE, 0xEC, 0x3A, 0x23, 0x26, 0x2C, 0xA6, 0xAA, 0xE5, 0x5A, 0xA3, 0xAA, 0xAA, 0xDF, 
	0xBB, 0xDC, 0xBD, 0xC3, 0x2C, 0xBD, 0xD3, 0x34, 0x42, 0x3D, 0xCC, 0xBC, 0xCD, 0x77, 0x4D, 0xCD, 
	0xDD, 0xB7, 0xFB, 0xAC, 0xFF, 0xFC, 0xD3, 0xAC, 0x74, 0x44, 0x74, 0x32, 0x3A, 0x23, 0x32, 0x36, 
	0xE6, 0x6E, 0x9C, 0xF4, 0xA6, 0x6A, 0x43, 0x2D, 0x36, 0xA4, 0xD6, 0x5A, 0xA9, 0x9A, 0x46, 0x86, 
	0x44, 0xE9, 0xAA, 0x96, 0x4C, 0x47, 0x44, 0x23, 0xBB, 0x43, 0xE6, 0x5A, 0xC3, 0x74, 0x43, 0x24, 
	0x44, 0xDB, 0xBC, 0xF7, 0x11, 0x14, 0x44, 0xB4, 0x74, 0x33, 0x34, 0x73, 0x33, 0x44, 0x4C, 0x6E, 
	0x9A, 0xF4, 0xA6, 0x24, 0x74, 0x47, 0x47, 0x32, 0x37, 0x74, 0x62, 0x63, 0x44, 0x66, 0x26, 0x66, 
	0x23, 0x62, 0x33, 0x22, 0x32, 0x2A, 0x22, 0x34, 0x32, 0x22, 0x26, 0x56, 0x37, 0x74, 0x66, 0x33, 
	0x47, 0x74, 0x43, 0x22, 0xA5, 0x23, 0x37, 0x77, 0x22, 0xAE, 0x80, 0xEA, 0x66, 0x6A, 0x33, 0x33, 
	0x43, 0x34, 0x44, 0x33, 0x32, 0x23, 0x66, 0x26, 0x96, 0x26, 0x55, 0x88, 0x53, 0x34, 0x44, 0x43, 
	0xCC, 0xAD, 0xBA, 0xEC, 0x23, 0x3F, 0x32, 0x3C, 0x2A, 0xEE, 0x89, 0xA3, 0x3B, 0xCA, 0xAA, 0xDF, 
	0xDB, 0xDD, 0xBC, 0xD3, 0x23, 0xDC, 0x33, 0x37, 0x42, 0x3D, 0x3D, 0xDD, 0xC4, 0x77, 0xFB, 0xBB, 
	0xDF, 0xFF, 0xCC, 0xAB, 0xBB, 0xFD, 0xDD, 0xCD, 0x44, 0x34, 0x43, 0x44, 0x36, 0x62, 0x33, 0x26, 
	0x89, 0xAA, 0xE3, 0xF3, 0x22, 0x22, 0x3D, 0x3C, 0x2A, 0xA2, 0x65, 0x9E, 0xE9, 0xA4, 0x45, 0x9D, 
	0xF4, 0x6A, 0xB6, 0x8A, 0xBD, 0x47, 0x32, 0x23, 0x43, 0x32, 0x55, 0x5E, 0xAC, 0x44, 0x33, 0x33, 
	0x33, 0xAC, 0xBC, 0xCF, 0x11, 0x17, 0xB3, 0xFB, 0xF7, 0x33, 0x44, 0x43, 0x33, 0x33, 0x3A, 0xEE, 
	0x53, 0x4C, 0x63, 0xF7, 0x44, 0x44, 0x44, 0x32, 0x37, 0x43, 0x23, 0x32, 0x33, 0x62, 0x32, 0x26, 
	0x23, 0x22, 0x32, 0x23, 0x22, 0x62, 0xFF, 0x33, 0x33, 0x33, 0x43, 0x22, 0x44, 0x43, 0x22, 0x62, 
	0x47, 0x74, 0x33, 0x66, 0x66, 0x3F, 0x44, 0x44, 0xCA, 0x69, 0x80, 0x89, 0xE2, 0x55, 0x63, 0x33, 
	0x32, 0x23, 0x34, 0x43, 0x22, 0x66, 0x65, 0x22, 0x55, 0xA2, 0x68, 0x00, 0x96, 0xA2, 0x34, 0x36, 
	0xDD, 0xAD, 0xFB, 0xCC, 0x23, 0x4F, 0x32, 0x3A, 0x66, 0x88, 0x89, 0xC3, 0x3B, 0xCC, 0xAC, 0xFF, 
	0xDB, 0xDD, 0xBD, 0xD3, 0xDB, 0xB2, 0x33, 0x4F, 0x32, 0x3C, 0x3D, 0xDB, 0xC4, 0x77, 0xBB, 0xFF, 
	0xF7, 0xFD, 0x66, 0xCF, 0xDD, 0xBC, 0xCD, 0xCC, 0x34, 0x44, 0x32, 0x3F, 0x36, 0xA6, 0x23, 0x26, 
	0x95, 0xCC, 0xA3, 0xD6, 0x23, 0x22, 0x6B, 0x32, 0x22, 0x65, 0x89, 0xE5, 0x59, 0xD7, 0x46, 0x9B, 
	0x74, 0x2C, 0x73, 0x5A, 0xBB, 0x47, 0x36, 0x23, 0x44, 0xA6, 0x65, 0x98, 0x6C, 0x44, 0x44, 0x33, 
	0x32, 0x6A, 0xCA, 0xAF, 0x17, 0x7F, 0xB3, 0xFF, 0xFF, 0x43, 0x33, 0x43, 0x33, 0x32, 0x3A, 0xEE, 
	0x64, 0x3A, 0x24, 0x7F, 0x34, 0x34, 0x44, 0x23, 0x4F, 0x32, 0x34, 0x33, 0x22, 0x52, 0x32, 0x3B, 
	0x33, 0x22, 0x32, 0x23, 0x22, 0x63, 0x7F, 0x32, 0x33, 0x4F, 0x74, 0x43, 0x43, 0x32, 0x22, 0x62, 
	0x47, 0x73, 0x23, 0x26, 0x33, 0x47, 0x32, 0x33, 0xC6, 0x59, 0x88, 0x98, 0x5C, 0x66, 0x24, 0x43, 
	0x25, 0x62, 0x23, 0x33, 0x22, 0x66, 0x66, 0x23, 0x22, 0x52, 0x68, 0x08, 0x9E, 0x55, 0x23, 0x6A, 
	0xBB, 0xCC, 0xBF, 0xBC, 0xC3, 0x33, 0x22, 0x26, 0x98, 0x9A, 0x59, 0xC3, 0x33, 0x2B, 0xCD, 0x7F, 
	0xCC, 0xDB, 0xDB, 0xDB, 0xFF, 0x42, 0x33, 0x43, 0x22, 0x3A, 0x3C, 0xAD, 0x34, 0x74, 0xCD, 0xBF, 
	0x77, 0xBC, 0xAA, 0xDB, 0xCC, 0xDC, 0xDD, 0xCA, 0xD4, 0x74, 0x43, 0xA3, 0x2A, 0x36, 0x52, 0x62, 
	0x6E, 0xCC, 0xAD, 0xCA, 0x23, 0xA5, 0x64, 0x32, 0x32, 0x65, 0x89, 0xD3, 0xAE, 0x47, 0x42, 0xA3, 
	0xF4, 0x33, 0x74, 0x6C, 0xBB, 0x37, 0x32, 0x24, 0x47, 0x25, 0x26, 0xA5, 0x5C, 0x44, 0x47, 0x43, 
	0x43, 0xAA, 0x66, 0xAF, 0x77, 0xF3, 0xB3, 0xB7, 0xF3, 0x43, 0x22, 0xB4, 0x34, 0x44, 0x32, 0x66, 
	0xAD, 0x2D, 0x44, 0x43, 0x34, 0x43, 0x43, 0x34, 0x44, 0x2A, 0x34, 0x43, 0x32, 0x6A, 0x66, 0x47, 
	0x43, 0x22, 0x26, 0x23, 0x26, 0x24, 0x43, 0xA6, 0x24, 0x77, 0x74, 0x44, 0x32, 0xAA, 0x65, 0x23, 
	0x34, 0x4A, 0x64, 0x42, 0x44, 0x44, 0x2A, 0x23, 0xA9, 0x89, 0x98, 0x98, 0x9A, 0x62, 0x37, 0x7A, 
	0x98, 0x55, 0x52, 0x22, 0x23, 0x65, 0x22, 0x34, 0x34, 0xA6, 0x90, 0x85, 0xAC, 0xC6, 0x66, 0x63, 
	0xAB, 0xBC, 0xDB, 0xFC, 0xAA, 0xA2, 0x26, 0x59, 0x98, 0x6B, 0x69, 0x23, 0x23, 0x23, 0xC4, 0xF3, 
	0xCC, 0xB4, 0x33, 0x33, 0x34, 0xBA, 0xDC, 0xC2, 0x33, 0x32, 0xA6, 0x6C, 0x3B, 0x44, 0xDB, 0xDB, 
	0xFF, 0xDC, 0xDD, 0xCA, 0xCD, 0xDB, 0xBB, 0x3A, 0xDD, 0x47, 0x74, 0xAA, 0xA2, 0xF2, 0x56, 0x63, 
	0xA6, 0x6A, 0x3B, 0xD3, 0x66, 0x65, 0x64, 0xDD, 0xDA, 0x62, 0x9E, 0xF7, 0x4A, 0x37, 0x44, 0x44, 
	0x3A, 0x33, 0x44, 0x63, 0x74, 0x34, 0x43, 0x3F, 0x47, 0xA9, 0x6A, 0xF3, 0xA4, 0x43, 0x47, 0x74, 
	0x34, 0xAA, 0xAC, 0xCC, 0x47, 0x43, 0x4F, 0x33, 0xBD, 0xD2, 0x23, 0x23, 0x47, 0x77, 0x43, 0x62, 
	0x32, 0x24, 0x73, 0x34, 0x74, 0x34, 0x77, 0x34, 0x43, 0x23, 0x22, 0x22, 0x26, 0x22, 0x9A, 0x77, 
	0x73, 0x22, 0x23, 0x66, 0x22, 0x33, 0x33, 0x36, 0x64, 0x77, 0x73, 0xA2, 0x62, 0x33, 0xE5, 0x22, 
	0x44, 0x36, 0x62, 0x32, 0x44, 0x32, 0x23, 0x33, 0x69, 0x99, 0xE9, 0x88, 0x9E, 0x63, 0x34, 0x46, 
	0x98, 0x95, 0x95, 0x55, 0x66, 0x99, 0x66, 0x37, 0x47, 0x4E, 0x99, 0x9A, 0x47, 0x74, 0x66, 0x23, 
	0xAB, 0x3D, 0xBB, 0xDC, 0xA2, 0x22, 0x35, 0x5A, 0x26, 0x3B, 0x66, 0x23, 0x33, 0x22, 0x34, 0x44, 
	0xCB, 0xF4, 0x34, 0x43, 0x23, 0x4A, 0xC2, 0xBD, 0x33, 0x2A, 0x25, 0x9A, 0x23, 0x44, 0x3B, 0xBD, 
	0xBB, 0xDD, 0xBD, 0xCC, 0xDC, 0xDB, 0xBF, 0xF3, 0xDD, 0x47, 0x74, 0x32, 0x2B, 0x42, 0x23, 0x6A, 
	0x66, 0x6A, 0xBB, 0xC3, 0x66, 0xC5, 0xEC, 0xBF, 0xC6, 0x34, 0xAA, 0x74, 0x43, 0x34, 0x44, 0x44, 
	0x65, 0x3B, 0x33, 0x63, 0x77, 0x43, 0x32, 0x2B, 0x44, 0x29, 0x53, 0x77, 0xC3, 0x43, 0x44, 0x44, 
	0x3C, 0xAA, 0x6A, 0x66, 0x34, 0xFD, 0x4B, 0x32, 0xDD, 0xB3, 0x33, 0x34, 0x44, 0xF7, 0x44, 0x23, 
	0x32, 0x24, 0x43, 0x24, 0x77, 0x24, 0x77, 0x33, 0x33, 0x4F, 0x26, 0x22, 0x22, 0x33, 0x96, 0x4F, 
	0x7F, 0x26, 0x33, 0x26, 0x33, 0x42, 0x34, 0x43, 0x24, 0x47, 0x4A, 0x96, 0x23, 0x43, 0x22, 0x23, 
	0x33, 0x22, 0x2A, 0x23, 0x33, 0x23, 0x33, 0x32, 0x5E, 0x99, 0x99, 0x9E, 0xA6, 0x63, 0x4F, 0x32, 
	0x69, 0x56, 0x95, 0x58, 0x95, 0x98, 0x66, 0xAB, 0x44, 0x42, 0x23, 0x66, 0x34, 0x44, 0x32, 0x22, 
	0xAD, 0x3D, 0xBB, 0xCA, 0xA3, 0x23, 0x25, 0xCD, 0x3A, 0x3C, 0xEC, 0xB4, 0x43, 0x22, 0x34, 0x4B, 
	0xCF, 0xBB, 0xD4, 0x43, 0x33, 0x32, 0xAD, 0xFB, 0x33, 0x26, 0x26, 0x96, 0x23, 0x44, 0x3D, 0xDD, 
	0xDF, 0xBB, 0xFB, 0xDD, 0xDD, 0xBD, 0xB7, 0x74, 0xDB, 0x4F, 0xF4, 0x44, 0x3B, 0x32, 0x44, 0x69, 
	0x9A, 0xCA, 0xBB, 0x63, 0xCB, 0xBA, 0x56, 0x47, 0x22, 0x47, 0x32, 0xF4, 0x44, 0x43, 0x34, 0x44, 
	0xA2, 0x3F, 0x33, 0x32, 0xF7, 0x43, 0x26, 0x62, 0x44, 0x46, 0x53, 0x71, 0x33, 0x43, 0x34, 0x43, 
	0x3A, 0xAC, 0xA6, 0xEA, 0x24, 0xF4, 0x43, 0x33, 0xDD, 0x44, 0x43, 0x34, 0x44, 0x47, 0x44, 0x33, 
	0x26, 0xA4, 0x43, 0x23, 0xFF, 0x23, 0x77, 0x36, 0x33, 0x34, 0x29, 0x23, 0x33, 0x44, 0x56, 0x44, 
	0x77, 0x22, 0x34, 0x32, 0x34, 0x44, 0x33, 0x43, 0x34, 0x47, 0x42, 0x66, 0x23, 0x43, 0x22, 0x34, 
	0x33, 0x22, 0x26, 0x23, 0x22, 0x22, 0x33, 0x32, 0x5E, 0x59, 0x99, 0x56, 0xC6, 0x52, 0x47, 0x32, 
	0xBC, 0xCB, 0x65, 0x58, 0x86, 0x2E, 0x6E, 0x96, 0x23, 0x32, 0x34, 0x35, 0x24, 0x44, 0x42, 0x22, 
	0xA2, 0xD3, 0x23, 0x26, 0x62, 0x34, 0x6E, 0xDD, 0x3A, 0x32, 0x6B, 0x74, 0xF3, 0x23, 0xCB, 0x4C, 
	0xC4, 0xDC, 0x34, 0x44, 0xBC, 0x22, 0x2F, 0x4D, 0x22, 0x36, 0x22, 0x6C, 0x24, 0x43, 0xA2, 0xAD, 
	0xD7, 0xFD, 0xBB, 0xDB, 0xBB, 0xDD, 0xF7, 0x73, 0x34, 0x73, 0x22, 0x77, 0x42, 0x23, 0xF3, 0x58, 
	0x9D, 0xDC, 0xD3, 0xAD, 0x47, 0x72, 0x66, 0x47, 0xC2, 0xF4, 0x32, 0x44, 0x44, 0x73, 0x2F, 0x43, 
	0x23, 0x44, 0xD3, 0x43, 0x34, 0x33, 0x3A, 0x6A, 0x44, 0x7C, 0x63, 0x77, 0x33, 0x73, 0x23, 0x33, 
	0x4D, 0xCD, 0xC6, 0xAD, 0xD4, 0x44, 0x74, 0x3B, 0x43, 0x34, 0x33, 0x33, 0x33, 0x44, 0x44, 0x43, 
	0xAA, 0x34, 0x43, 0x23, 0x33, 0x23, 0x44, 0x46, 0x34, 0x22, 0x29, 0xA4, 0x43, 0x44, 0xE6, 0x43, 
	0x44, 0x23, 0x47, 0x42, 0x23, 0x77, 0x42, 0x32, 0x34, 0x44, 0x33, 0x32, 0x23, 0x32, 0x26, 0x34, 
	0x33, 0x65, 0x26, 0x24, 0x36, 0x26, 0x34, 0x36, 0x85, 0xE5, 0x9E, 0x6A, 0xA6, 0x63, 0x47, 0x3A, 
	0xF4, 0x47, 0x36, 0x98, 0x9C, 0x4C, 0xA9, 0x96, 0xA2, 0x22, 0x47, 0x46, 0x23, 0x33, 0x32, 0x22, 
	0x62, 0x3A, 0x62, 0x2A, 0x66, 0x33, 0x69, 0xEA, 0x62, 0x33, 0x24, 0x43, 0x33, 0x32, 0xCB, 0x4C, 
	0xCF, 0x22, 0x2F, 0x43, 0x33, 0x2D, 0x23, 0x3A, 0x62, 0x32, 0xAA, 0x3B, 0x2C, 0x2A, 0x6A, 0xAC, 
	0xCB, 0x7D, 0xCB, 0xDD, 0xBB, 0xDD, 0xF7, 0x74, 0x4B, 0x36, 0x6A, 0x34, 0x32, 0x63, 0x3A, 0x6E, 
	0xEC, 0xCD, 0xCD, 0x34, 0x77, 0x42, 0x26, 0x34, 0x43, 0x33, 0x43, 0xAA, 0x34, 0x43, 0x63, 0x2A, 
	0xA3, 0x43, 0x44, 0x44, 0x33, 0x34, 0x44, 0x26, 0x34, 0x74, 0xA3, 0x74, 0x34, 0x44, 0x23, 0x44, 
	0xCD, 0xBC, 0xAA, 0xCD, 0xF7, 0x44, 0x74, 0x47, 0x7F, 0x33, 0x34, 0xA6, 0x24, 0x47, 0x43, 0x32, 
	0x2F, 0x44, 0x43, 0x34, 0x42, 0x24, 0x43, 0x36, 0x33, 0x34, 0x45, 0xA7, 0x32, 0x22, 0x66, 0x32, 
	0x34, 0x23, 0x77, 0x36, 0x34, 0x77, 0x36, 0x66, 0x62, 0x2A, 0xA3, 0x43, 0x34, 0x44, 0x69, 0x24, 
	0x42, 0x59, 0x95, 0x34, 0x42, 0x66, 0x34, 0x25, 0x88, 0x5A, 0x66, 0x66, 0x66, 0x44, 0x34, 0x32, 
	0x33, 0x44, 0xFC, 0x98, 0x9A, 0x7F, 0xD5, 0x23, 0x43, 0x23, 0x44, 0x72, 0x24, 0x42, 0xA3, 0x23, 
	0x62, 0x26, 0x62, 0x26, 0x62, 0x33, 0x66, 0x5A, 0x33, 0x33, 0x33, 0xC2, 0x22, 0x22, 0x33, 0x33, 
	0xCB, 0x22, 0x3B, 0xDD, 0xDD, 0x33, 0x22, 0x26, 0x62, 0x34, 0x2C, 0xDD, 0x2A, 0x6A, 0xAC, 0xCA, 
	0xCF, 0xFD, 0xAB, 0xBD, 0xFF, 0xB3, 0xB4, 0x77, 0x33, 0x3A, 0x62, 0x23, 0x32, 0x23, 0x2A, 0xAA, 
	0xAD, 0xCD, 0xCC, 0xD4, 0x47, 0x32, 0x32, 0x34, 0x73, 0xA4, 0x43, 0x62, 0x34, 0x33, 0x22, 0x62, 
	0x22, 0x33, 0x77, 0x44, 0xFF, 0x43, 0x47, 0x32, 0x23, 0xD3, 0x34, 0x44, 0x43, 0x44, 0x34, 0x73, 
	0x6D, 0xDA, 0x66, 0xCC, 0x47, 0x74, 0x44, 0x44, 0x44, 0x34, 0xF7, 0x36, 0x2F, 0x44, 0x33, 0x33, 
	0xF7, 0x74, 0x33, 0x47, 0x73, 0x23, 0x44, 0x3A, 0x34, 0xF7, 0x72, 0x37, 0x46, 0x22, 0x62, 0x32, 
	0x34, 0x33, 0x47, 0x25, 0x37, 0x77, 0x32, 0x22, 0x26, 0x65, 0x24, 0x44, 0x43, 0x4F, 0x36, 0x34, 
	0x32, 0x69, 0x09, 0x23, 0x32, 0x56, 0x22, 0x65, 0x59, 0x6F, 0x35, 0x55, 0x62, 0x44, 0x33, 0x43, 
	0x22, 0x34, 0x7B, 0x58, 0x8E, 0xB4, 0xFE, 0xAF, 0x44, 0x23, 0x44, 0x42, 0x24, 0x43, 0x22, 0x33, 
	0x62, 0x66, 0x62, 0x25, 0x62, 0x32, 0x6A, 0x6C, 0xB3, 0x22, 0x3A, 0x62, 0x26, 0x62, 0x33, 0x22, 
	0xC3, 0x33, 0x4D, 0xCD, 0xDD, 0x33, 0x26, 0xA6, 0x23, 0xB7, 0x2A, 0xCA, 0x2A, 0x6A, 0xCC, 0xCA, 
	0xCF, 0xBC, 0xCB, 0xBD, 0xFB, 0xDB, 0xD3, 0x7F, 0xCB, 0x4A, 0x62, 0x23, 0x33, 0xB3, 0xAC, 0xCA, 
	0xCD, 0xDD, 0xD2, 0xC4, 0x4F, 0x36, 0x33, 0x34, 0x73, 0x24, 0x43, 0xB3, 0x34, 0x33, 0x22, 0x23, 
	0x33, 0x23, 0x77, 0x44, 0x77, 0x43, 0x47, 0x43, 0x23, 0x66, 0x34, 0x44, 0x44, 0x43, 0x34, 0x43, 
	0x6C, 0xDE, 0xE6, 0xA2, 0x37, 0x74, 0x44, 0x33, 0x43, 0x34, 0xF7, 0x35, 0x2F, 0x33, 0x33, 0x34, 
	0x77, 0x74, 0x23, 0x47, 0x74, 0x23, 0x44, 0x3C, 0x24, 0x77, 0x72, 0x3F, 0x36, 0x32, 0x23, 0x33, 
	0x34, 0x43, 0x34, 0x26, 0x37, 0x7F, 0x22, 0x33, 0x22, 0x66, 0x34, 0x44, 0x44, 0x47, 0x32, 0x44, 
	0x32, 0xA9, 0x09, 0x62, 0x22, 0x26, 0x69, 0x95, 0x65, 0xA4, 0x36, 0x56, 0xA2, 0x44, 0x33, 0x43, 
	0x26, 0x22, 0xB3, 0xE0, 0x85, 0x24, 0x76, 0xE4, 0x44, 0x22, 0x34, 0x42, 0x34, 0x44, 0x22, 0x33, 
	0x66, 0x66, 0x26, 0x65, 0x52, 0x36, 0xEA, 0xAC, 0xC3, 0x66, 0x22, 0x62, 0x26, 0x6C, 0xDA, 0x6A, 
	0x2D, 0x3B, 0x32, 0xCC, 0xBD, 0xBD, 0x22, 0x66, 0x34, 0xFF, 0x26, 0xAA, 0xCA, 0x6A, 0xAC, 0xAA, 
	0xDB, 0xCA, 0xDD, 0xCD, 0xBC, 0xCF, 0xBC, 0x7B, 0xCF, 0xFA, 0xE6, 0x34, 0x43, 0xF3, 0x6D, 0xDA, 
	0xDD, 0xDB, 0xDA, 0xA4, 0x44, 0x26, 0x23, 0x47, 0x43, 0x33, 0x33, 0xF4, 0x44, 0x33, 0x33, 0x34, 
	0x34, 0x34, 0x44, 0x44, 0x77, 0x44, 0x77, 0x73, 0x34, 0x6E, 0x34, 0x44, 0x44, 0x43, 0x33, 0x33, 
	0xAC, 0xD6, 0xEA, 0xAA, 0x24, 0x43, 0x34, 0x32, 0x32, 0x3B, 0x34, 0x26, 0x24, 0x22, 0x23, 0x34, 
	0x74, 0x74, 0x23, 0x44, 0x74, 0xA3, 0x77, 0x43, 0x62, 0x74, 0x46, 0x24, 0x22, 0x42, 0x24, 0x33, 
	0x33, 0x34, 0x22, 0x23, 0x34, 0x43, 0x22, 0x34, 0x33, 0x22, 0x34, 0x74, 0x34, 0xF4, 0x22, 0x73, 
	0x22, 0x68, 0x08, 0x55, 0x52, 0x36, 0x69, 0x99, 0x56, 0x23, 0x42, 0x62, 0x23, 0x33, 0x33, 0x32, 
	0x2A, 0x25, 0x95, 0xE8, 0x86, 0x23, 0xFA, 0x52, 0x33, 0x66, 0x23, 0x43, 0x44, 0x43, 0x2A, 0x22, 
	0x66, 0x56, 0x26, 0x56, 0x66, 0x26, 0xEC, 0xC6, 0xE2, 0x22, 0x33, 0x22, 0x33, 0xC3, 0x26, 0x63, 
	0x32, 0x23, 0x2D, 0xDD, 0xCC, 0xD2, 0xAA, 0x26, 0x37, 0x43, 0x66, 0xA3, 0xAE, 0xAA, 0xCD, 0xAD, 
	0xBC, 0xAC, 0xCB, 0xBB, 0xDA, 0xAF, 0xFB, 0x7F, 0xCB, 0xBA, 0xAE, 0xAC, 0xB3, 0xD6, 0xEC, 0xCC, 
	0x2C, 0xFB, 0xC2, 0x24, 0x43, 0x26, 0xA3, 0x74, 0x34, 0x33, 0x32, 0x34, 0x74, 0x34, 0x3A, 0x37, 
	0x43, 0x63, 0x47, 0x73, 0x34, 0x47, 0x44, 0x44, 0x34, 0xAA, 0x47, 0x43, 0x33, 0x43, 0x23, 0x4F, 
	0x36, 0xAA, 0x6A, 0x23, 0x33, 0x33, 0x43, 0x33, 0x32, 0x22, 0x32, 0x23, 0x33, 0x33, 0x22, 0x24, 
	0x74, 0x32, 0x23, 0x32, 0x32, 0x23, 0x44, 0x44, 0xA2, 0x33, 0x3A, 0x33, 0xA3, 0x42, 0x34, 0x43, 
	0xA2, 0x33, 0x32, 0x4F, 0x33, 0x32, 0x32, 0x34, 0x43, 0x24, 0x34, 0x74, 0x6A, 0x36, 0x52, 0x43, 
	0x26, 0x98, 0x00, 0x95, 0x96, 0x69, 0x99, 0x59, 0x95, 0x6B, 0x44, 0x33, 0xA3, 0x46, 0x66, 0x65, 
	0x6D, 0xA9, 0x8E, 0x66, 0xE3, 0x33, 0x32, 0x22, 0x2A, 0x55, 0x2A, 0x24, 0x43, 0xB2, 0x66, 0x66, 
	0x26, 0x56, 0x26, 0x95, 0x62, 0x26, 0xAD, 0xCA, 0xCD, 0x33, 0x33, 0x32, 0x22, 0x2C, 0xA2, 0x23, 
	0x32, 0x22, 0xDD, 0xBD, 0xAA, 0xCC, 0xA2, 0x32, 0x3B, 0x36, 0x62, 0x22, 0x2E, 0xAA, 0xAC, 0xDF, 
	0x7D, 0xCC, 0xCF, 0xFB, 0xBC, 0xCF, 0x7F, 0xBB, 0xDD, 0xCA, 0x6E, 0xA6, 0xCD, 0xA9, 0x9A, 0xCD, 
	0xCD, 0xBD, 0x23, 0x33, 0x33, 0x33, 0x32, 0xBC, 0x23, 0x22, 0x23, 0x34, 0x43, 0x33, 0x26, 0xAB, 
	0x42, 0x22, 0x34, 0x43, 0x24, 0x77, 0x73, 0x34, 0x43, 0x3F, 0x44, 0x44, 0x33, 0x34, 0x23, 0x74, 
	0x36, 0xAC, 0xA3, 0x34, 0xF4, 0x23, 0x43, 0x33, 0x32, 0x33, 0x43, 0x3F, 0x42, 0x34, 0x32, 0x24, 
	0x44, 0xA6, 0x23, 0x26, 0x62, 0x22, 0x33, 0x34, 0x33, 0x23, 0x43, 0x43, 0x3F, 0x32, 0x33, 0x34, 
	0x23, 0x33, 0x42, 0x34, 0x33, 0x33, 0x32, 0x23, 0x32, 0x63, 0x47, 0x4C, 0x99, 0x58, 0x63, 0x32, 
	0xA6, 0x88, 0x00, 0x99, 0xE6, 0x98, 0x88, 0x99, 0x9E, 0xEC, 0x33, 0x33, 0xCC, 0xC6, 0x99, 0x99, 
	0xEC, 0x68, 0x6B, 0x33, 0xD4, 0x33, 0x33, 0x23, 0x26, 0x22, 0x32, 0x24, 0x42, 0xC3, 0x65, 0x56, 
	0x26, 0x55, 0x66, 0x99, 0x63, 0x2A, 0xDD, 0xCD, 0xBB, 0x33, 0x33, 0x32, 0x62, 0x2C, 0xA2, 0x33, 
	0x32, 0x22, 0xDC, 0xDC, 0x66, 0xAC, 0xD4, 0x33, 0x32, 0x6A, 0x33, 0x3C, 0xC6, 0xAD, 0xAC, 0xF7, 
	0xFD, 0xDC, 0xB7, 0xFB, 0xBB, 0xCB, 0x7B, 0xCD, 0xBD, 0xCA, 0x66, 0xCE, 0xAF, 0xA9, 0x9E, 0xCD, 
	0xDB, 0xDD, 0xCB, 0x33, 0x32, 0x44, 0x46, 0x65, 0x63, 0x22, 0x23, 0xB3, 0x33, 0x32, 0x62, 0x22, 
	0x43, 0x22, 0x34, 0x42, 0x24, 0x77, 0x72, 0x24, 0x43, 0x44, 0x34, 0x44, 0x33, 0x34, 0x33, 0xF3, 
	0x22, 0x3C, 0xA3, 0x44, 0x74, 0x63, 0x43, 0x32, 0x22, 0x33, 0x44, 0x47, 0x42, 0x33, 0x32, 0x34, 
	0x33, 0xA6, 0x23, 0x69, 0x62, 0x26, 0x22, 0x33, 0x43, 0x33, 0x74, 0x43, 0x44, 0x22, 0x22, 0x23, 
	0x44, 0x44, 0x43, 0x33, 0x33, 0x34, 0x4A, 0x52, 0x26, 0x62, 0x34, 0x25, 0x59, 0x88, 0x62, 0x26, 
	0x6E, 0x80, 0x08, 0xE9, 0x6A, 0x80, 0x89, 0x99, 0x9E, 0x55, 0x6A, 0x33, 0xDA, 0x66, 0x98, 0x89, 
	0x9E, 0x59, 0x6F, 0x44, 0xB4, 0x33, 0x33, 0x23, 0x2A, 0x23, 0x33, 0x23, 0x36, 0x23, 0xA5, 0x56, 
	0x66, 0x65, 0x62, 0x65, 0x62, 0x2A, 0xBC, 0xCF, 0x44, 0xB3, 0xD2, 0x43, 0xE6, 0xAC, 0x26, 0xA2, 
	0x22, 0xAA, 0xAA, 0xC6, 0x6A, 0xAA, 0xBF, 0xB2, 0xAA, 0x6C, 0x4B, 0x33, 0xDA, 0xAB, 0xDC, 0x7F, 
	0xBD, 0xBD, 0x7F, 0xDD, 0xBF, 0xDD, 0xFD, 0xAD, 0xFB, 0xDA, 0x6C, 0xC6, 0xD7, 0xD9, 0xE5, 0x6C, 
	0x3B, 0xCC, 0xDF, 0x44, 0x23, 0xFF, 0x39, 0x88, 0x53, 0x32, 0x63, 0xC6, 0x24, 0x2A, 0x23, 0x32, 
	0x44, 0x22, 0x23, 0x42, 0x24, 0x74, 0x42, 0x24, 0x74, 0x42, 0x24, 0x44, 0x32, 0x37, 0x33, 0x42, 
	0xA3, 0x4D, 0x6A, 0xBF, 0x44, 0xA2, 0x33, 0x33, 0x33, 0x33, 0x44, 0x34, 0x4A, 0x22, 0x22, 0x43, 
	0x26, 0x23, 0x32, 0x26, 0x63, 0x26, 0x23, 0x22, 0x33, 0x34, 0x44, 0x44, 0xC2, 0x22, 0xA6, 0x5A, 
	0x77, 0x74, 0x43, 0x23, 0x23, 0x44, 0x72, 0x52, 0x2A, 0x26, 0x62, 0x6C, 0x3A, 0x99, 0x66, 0x59, 
	0x69, 0x00, 0x09, 0xA9, 0xAA, 0x80, 0x8E, 0x59, 0x99, 0x68, 0x9A, 0xAC, 0xBC, 0x66, 0x98, 0x88, 
	0x98, 0x89, 0x6A, 0x34, 0x33, 0x33, 0x33, 0x23, 0x22, 0x24, 0x44, 0x32, 0x26, 0x23, 0x2A, 0x62, 
	0x26, 0x55, 0x63, 0x32, 0x36, 0xA3, 0xDD, 0xDB, 0xFC, 0xAD, 0xCA, 0xCC, 0x66, 0xC3, 0xAA, 0xAC, 
	0x36, 0x62, 0xDD, 0xAA, 0xCC, 0xAA, 0xDB, 0xC6, 0x6A, 0xA3, 0x33, 0xA2, 0xCC, 0xDD, 0xDB, 0x44, 
	0xBD, 0xFF, 0xFC, 0xCB, 0xDF, 0xCC, 0xDC, 0xCD, 0xFD, 0xBA, 0xCB, 0xC6, 0xD7, 0xDE, 0xE6, 0xCB, 
	0x3D, 0xAA, 0xB7, 0x43, 0x23, 0x3C, 0x68, 0x89, 0x2B, 0x4A, 0x66, 0xE9, 0x24, 0x23, 0x33, 0xF3, 
	0xA2, 0x22, 0x34, 0x33, 0x34, 0x44, 0x32, 0x33, 0x44, 0x32, 0x34, 0x44, 0x22, 0x44, 0x34, 0x33, 
	0x32, 0xCA, 0x66, 0xCD, 0x32, 0x23, 0x34, 0x77, 0x74, 0x32, 0x34, 0x22, 0x22, 0x3A, 0x23, 0x44, 
	0x25, 0xAF, 0x36, 0x22, 0x63, 0x42, 0x44, 0x23, 0x74, 0x33, 0x44, 0x44, 0x66, 0x22, 0x33, 0xE6, 
	0x34, 0x43, 0x34, 0x22, 0x33, 0x44, 0x73, 0x56, 0x33, 0x46, 0x56, 0x2F, 0x74, 0x66, 0x99, 0x88, 
	0x98, 0x88, 0x09, 0xAE, 0xC5, 0x88, 0x99, 0x66, 0x99, 0xA9, 0x9A, 0x34, 0x3D, 0x69, 0x88, 0x98, 
	0x99, 0x86, 0x32, 0xAA, 0x24, 0x33, 0x34, 0x2A, 0x23, 0x32, 0xC3, 0x3A, 0x33, 0x22, 0x33, 0x22, 
	0x65, 0x55, 0xA2, 0x23, 0x22, 0x2C, 0xAC, 0xCC, 0xDE, 0x5A, 0xAC, 0xDD, 0xC2, 0xDC, 0xAD, 0x2C, 
	0x22, 0x23, 0xF3, 0xA6, 0xAA, 0xA6, 0xAC, 0x22, 0xAA, 0xA2, 0x22, 0x6A, 0xAA, 0xDA, 0xCB, 0x33, 
	0xFB, 0xBB, 0xBA, 0xDD, 0xDB, 0xAC, 0xCC, 0xDD, 0xBB, 0xDC, 0xBB, 0xAA, 0xCB, 0xBA, 0x5A, 0xDB, 
	0xCA, 0xA6, 0xCF, 0x33, 0x33, 0x26, 0x98, 0x95, 0xAD, 0xB2, 0x65, 0x95, 0xA2, 0x24, 0x43, 0x43, 
	0x52, 0x32, 0x3F, 0x34, 0xF4, 0x33, 0x23, 0x22, 0x33, 0x23, 0x44, 0x44, 0x33, 0x44, 0x34, 0x33, 
	0xF3, 0xAA, 0xCE, 0xAD, 0x33, 0x33, 0x33, 0x47, 0x77, 0x36, 0x34, 0x36, 0x6A, 0x32, 0x23, 0x43, 
	0x26, 0x37, 0x4A, 0x32, 0x52, 0x4F, 0x77, 0x44, 0x44, 0x34, 0x77, 0x74, 0x3F, 0x32, 0x4F, 0x32, 
	0x34, 0x32, 0x34, 0x33, 0x33, 0x44, 0x43, 0x55, 0x23, 0x32, 0x23, 0x44, 0x77, 0xCA, 0x59, 0x80, 
	0x00, 0x99, 0x99, 0xE5, 0xC9, 0x89, 0x9E, 0xE6, 0x99, 0x69, 0x6F, 0x43, 0xD3, 0xA9, 0x98, 0x85, 
	0xEE, 0x53, 0xFF, 0x35, 0x63, 0x43, 0x34, 0x22, 0x22, 0x32, 0x6A, 0x62, 0x33, 0x22, 0x33, 0x33, 
	0x59, 0x56, 0xA6, 0x62, 0x22, 0x3A, 0x6A, 0xCA, 0x69, 0x89, 0xEC, 0xDD, 0xC2, 0xDA, 0xCD, 0x2A, 
	0x23, 0x33, 0x43, 0xAA, 0xAA, 0xAE, 0xAA, 0x22, 0xAA, 0xA2, 0x22, 0x6A, 0x26, 0xC6, 0xCB, 0x33, 
	0xBB, 0xDB, 0xDA, 0xCD, 0xDD, 0xAC, 0xDD, 0xDD, 0xDF, 0xCC, 0xFD, 0xEC, 0xCB, 0xFC, 0xAA, 0xDC, 
	0xAA, 0xCA, 0xCD, 0x23, 0x34, 0x36, 0x58, 0x5A, 0x66, 0xD3, 0x66, 0xAC, 0xAE, 0xAF, 0x43, 0x33, 
	0xD3, 0x22, 0x47, 0x34, 0xF3, 0x33, 0x23, 0x26, 0x32, 0x23, 0x44, 0x34, 0x44, 0x43, 0x23, 0x34, 
	0x74, 0xCA, 0xDE, 0xAD, 0x44, 0x33, 0x22, 0x3F, 0xFF, 0x26, 0x34, 0x3A, 0x96, 0x33, 0x22, 0x33, 
	0x22, 0x47, 0x4A, 0x33, 0x23, 0x47, 0x77, 0x74, 0x44, 0x34, 0x77, 0xF4, 0x47, 0x43, 0x47, 0x44, 
	0x33, 0x26, 0x34, 0x33, 0x33, 0x44, 0x43, 0x26, 0x56, 0x22, 0x34, 0x44, 0x77, 0xCA, 0x59, 0x80, 
	0x08, 0x9E, 0xE9, 0x9E, 0xA9, 0x89, 0x8E, 0xAA, 0xE9, 0x66, 0x3F, 0x43, 0xD3, 0x3C, 0x65, 0x85, 
	0x66, 0x63, 0x7F, 0x36, 0x62, 0x32, 0x23, 0x22, 0x22, 0x32, 0x26, 0x62, 0x33, 0x32, 0x33, 0x33, 
	0x99, 0x66, 0xAE, 0xE5, 0x56, 0x3A, 0x6A, 0x3C, 0x69, 0xE6, 0xAC, 0xCC, 0xAA, 0xAA, 0xCC, 0xA6, 
	0xA4, 0x42, 0x3D, 0xAC, 0xCC, 0xA6, 0xCC, 0xC2, 0xCA, 0xA6, 0x62, 0xA2, 0x36, 0x66, 0x3B, 0xAA, 
	0xCD, 0xDB, 0xD6, 0xCD, 0xDD, 0xCD, 0xBF, 0xDD, 0xDB, 0xAC, 0xBC, 0x6D, 0xDF, 0xFA, 0xDC, 0x6E, 
	0xAC, 0xCC, 0xBC, 0xC4, 0x44, 0x32, 0x69, 0xA3, 0x59, 0xC3, 0x62, 0x34, 0x6E, 0xD4, 0x44, 0x33, 
	0x73, 0x66, 0x47, 0x23, 0x33, 0x33, 0x32, 0x56, 0x23, 0xA2, 0x43, 0x24, 0x44, 0x32, 0x62, 0x44, 
	0x44, 0xDA, 0xAE, 0x6D, 0xF7, 0x4A, 0x66, 0x23, 0x22, 0x26, 0x34, 0x43, 0xA5, 0x23, 0x22, 0x22, 
	0x22, 0x47, 0x7A, 0xA4, 0x44, 0x34, 0x77, 0x77, 0x33, 0x22, 0xF4, 0x34, 0x77, 0x74, 0x44, 0xF4, 
	0x32, 0x66, 0x34, 0x34, 0x44, 0x43, 0x33, 0x42, 0x55, 0x96, 0x37, 0x44, 0x74, 0x68, 0x89, 0x88, 
	0x98, 0x99, 0xA5, 0x96, 0xE8, 0x88, 0x89, 0xC6, 0xA5, 0x63, 0x44, 0x33, 0x2A, 0x4F, 0x26, 0x66, 
	0x22, 0x23, 0x43, 0x32, 0x26, 0x66, 0x23, 0x23, 0x33, 0x3A, 0x32, 0x23, 0x33, 0x42, 0x23, 0x33, 
	0x99, 0xE9, 0x5A, 0xA5, 0x96, 0x44, 0x23, 0x34, 0xCE, 0xCD, 0xDC, 0x6E, 0x62, 0xAD, 0xCA, 0xAA, 
	0xAF, 0xBA, 0x2C, 0xAC, 0xDA, 0xAC, 0xA2, 0xB3, 0xA2, 0xC6, 0xAD, 0x34, 0x43, 0x26, 0xAB, 0xCA, 
	0xAC, 0xCB, 0xCE, 0xCB, 0xFB, 0xDB, 0xBB, 0xDF, 0xDC, 0xDB, 0xBC, 0xCD, 0xBF, 0xBA, 0xDC, 0xEE, 
	0xCD, 0xDB, 0xDA, 0xC7, 0x74, 0x23, 0x6E, 0xDA, 0x99, 0x66, 0x64, 0x4D, 0x56, 0x43, 0x34, 0x33, 
	0x42, 0x66, 0x23, 0xA3, 0x22, 0x34, 0x36, 0x52, 0x2A, 0x33, 0x33, 0x23, 0x44, 0x26, 0x22, 0x33, 
	0x2C, 0xAE, 0xAA, 0xEA, 0xCC, 0x26, 0x22, 0x42, 0x62, 0x23, 0x34, 0x47, 0x46, 0x56, 0x66, 0x63, 
	0x33, 0x37, 0x42, 0x27, 0x74, 0x24, 0x7B, 0xCD, 0x22, 0x22, 0x3A, 0xA3, 0x4C, 0xC7, 0x43, 0xCA, 
	0xA3, 0x25, 0xA2, 0x24, 0x44, 0x33, 0x26, 0x33, 0x22, 0x56, 0x37, 0x34, 0x44, 0x39, 0x85, 0x99, 
	0xE8, 0x99, 0x6E, 0x56, 0x90, 0x89, 0x99, 0xAA, 0xEE, 0xAF, 0x43, 0xDC, 0x2A, 0xD4, 0xA2, 0x43, 
	0x24, 0x43, 0x32, 0x32, 0x22, 0x55, 0x62, 0x33, 0x22, 0xCA, 0x3D, 0x43, 0x32, 0x22, 0x33, 0x33, 
	0x99, 0x90, 0xEF, 0x35, 0xED, 0x47, 0x33, 0xF7, 0xDC, 0xBD, 0xC6, 0xEE, 0xAA, 0xC3, 0xCA, 0xAA, 
	0xCB, 0x32, 0xAC, 0xCA, 0xDC, 0xA6, 0xEA, 0x3C, 0x66, 0xA6, 0xDF, 0x34, 0x33, 0x3A, 0xAA, 0xAC, 
	0xDC, 0xAB, 0xCA, 0xCF, 0xBB, 0xBD, 0xFB, 0xBF, 0xCC, 0xBF, 0xFD, 0xDB, 0xDD, 0xDC, 0xBC, 0xCC, 
	0xBB, 0xDC, 0xCC, 0x37, 0xFC, 0xAD, 0x66, 0xBA, 0x96, 0x65, 0xA3, 0x32, 0x56, 0x32, 0x23, 0xD3, 
	0x32, 0x25, 0x62, 0x22, 0x63, 0x44, 0x32, 0x22, 0x22, 0xF4, 0x44, 0x23, 0x44, 0x32, 0x32, 0xAA, 
	0x66, 0x55, 0x6A, 0xE5, 0x6A, 0x22, 0x33, 0x44, 0x3F, 0xF4, 0x33, 0x44, 0x42, 0x95, 0x55, 0x22, 
	0x22, 0x34, 0x33, 0x34, 0x43, 0x34, 0x4A, 0x96, 0x23, 0x33, 0x22, 0x23, 0x25, 0xEB, 0x43, 0x55, 
	0x23, 0x32, 0x22, 0x63, 0x33, 0x32, 0x69, 0xAC, 0xAA, 0x23, 0x34, 0x34, 0x3C, 0x29, 0x6B, 0xB6, 
	0x56, 0xA6, 0x56, 0xC3, 0x68, 0x89, 0xE9, 0x6E, 0xE6, 0x34, 0x3A, 0xBC, 0xCA, 0xAC, 0x62, 0xF4, 
	0x34, 0x43, 0x32, 0x23, 0x32, 0x26, 0x52, 0x43, 0xA6, 0x6A, 0x43, 0x33, 0x22, 0x62, 0x33, 0x33, 
	0x59, 0xEA, 0xCF, 0x2E, 0xDF, 0x4F, 0x33, 0x7F, 0xCA, 0xBC, 0x65, 0xE6, 0x6A, 0x33, 0xCC, 0xA6, 
	0xC3, 0xB3, 0xAC, 0xCA, 0xAC, 0xAE, 0xEA, 0x3A, 0x6A, 0x6E, 0xBF, 0x34, 0x33, 0x3A, 0x6E, 0xEC, 
	0xBB, 0xAC, 0xDC, 0xDB, 0xBB, 0xBC, 0xBB, 0xBF, 0xCB, 0xBF, 0xFC, 0xDF, 0xDC, 0xDD, 0xDA, 0xDB, 
	0xFD, 0xCC, 0xDC, 0xBF, 0xD5, 0xAD, 0xAA, 0xDA, 0x5A, 0x6C, 0xBD, 0xCC, 0x55, 0x2A, 0x52, 0xB3, 
	0x23, 0x22, 0x62, 0x32, 0x24, 0x34, 0x22, 0x33, 0x33, 0xF4, 0x43, 0x22, 0x34, 0x33, 0x32, 0x65, 
	0x6E, 0x55, 0xEA, 0xEE, 0xAB, 0xD2, 0x23, 0x37, 0x77, 0x73, 0x22, 0x43, 0x42, 0x6A, 0xA6, 0x66, 
	0x62, 0x23, 0x33, 0x33, 0x33, 0x44, 0x46, 0x66, 0x23, 0x33, 0x33, 0x34, 0x28, 0x9A, 0x33, 0x22, 
	0x33, 0x32, 0x22, 0x23, 0x33, 0x32, 0x65, 0x9A, 0xE6, 0x34, 0x34, 0x34, 0x35, 0x56, 0xBF, 0xB6, 
	0x63, 0xB2, 0x6C, 0xF4, 0xA5, 0x99, 0xE6, 0xE5, 0xCA, 0x34, 0xA6, 0xCA, 0xAA, 0x5E, 0x5A, 0xF4, 
	0x34, 0x43, 0x32, 0x24, 0x32, 0x22, 0x22, 0x32, 0x69, 0x96, 0x33, 0x33, 0x22, 0x62, 0x33, 0x33, 
	0x65, 0xA4, 0x4A, 0x5E, 0xBF, 0x43, 0x34, 0x4A, 0x9E, 0xA6, 0x6E, 0x66, 0x62, 0x3A, 0xCC, 0xAA, 
	0x34, 0xF3, 0x23, 0xAA, 0x6A, 0xCA, 0x6C, 0x4A, 0xAC, 0xAE, 0xB4, 0x34, 0x43, 0x2A, 0xA9, 0xEA, 
	0xDB, 0xCC, 0xFB, 0xDD, 0xBF, 0xBD, 0xDD, 0xDC, 0xBF, 0xBB, 0xBA, 0xDF, 0xDC, 0xBD, 0xCA, 0xDF, 
	0xBA, 0xCB, 0xBC, 0xBF, 0xC6, 0x2D, 0xAC, 0x6A, 0x5A, 0xAF, 0x7B, 0xBD, 0x66, 0x22, 0x63, 0x73, 
	0x34, 0x34, 0x33, 0x42, 0x33, 0x23, 0x33, 0x43, 0x44, 0x34, 0x3A, 0x32, 0x23, 0x23, 0x3C, 0x3A, 
	0xA5, 0xEE, 0x9E, 0xE6, 0xDF, 0xF3, 0xA2, 0x24, 0x74, 0x42, 0x62, 0x32, 0x33, 0x23, 0x32, 0x65, 
	0x52, 0x33, 0x43, 0x22, 0x23, 0x44, 0x33, 0x32, 0x24, 0x44, 0x44, 0x44, 0x36, 0x6A, 0x22, 0x44, 
	0x43, 0x32, 0x22, 0x44, 0x44, 0x22, 0x2A, 0x88, 0x85, 0x33, 0x33, 0x33, 0x36, 0x52, 0xF3, 0xA6, 
	0x24, 0x73, 0x64, 0x77, 0xC6, 0xEE, 0xEA, 0x6A, 0x42, 0xA4, 0xD6, 0xAA, 0x9E, 0x6A, 0x56, 0x44, 
	0x33, 0x43, 0x32, 0x23, 0x42, 0x23, 0x33, 0x25, 0x55, 0x55, 0xA3, 0x22, 0x33, 0x22, 0x33, 0x22, 
	0x65, 0x34, 0x33, 0x69, 0xAC, 0x22, 0x22, 0xCE, 0x9E, 0xCC, 0xCE, 0xA5, 0x64, 0x26, 0x6E, 0xCD, 
	0x44, 0x73, 0x22, 0xAA, 0x6E, 0xA6, 0x6D, 0x46, 0x6C, 0xAE, 0xCD, 0xDB, 0x3A, 0x6A, 0xC9, 0xEC, 
	0xAC, 0xCD, 0x7F, 0xDC, 0xBF, 0xFF, 0xCD, 0xCA, 0xFB, 0xBF, 0xCA, 0xFF, 0xFB, 0xFC, 0x6A, 0xBF, 
	0xDC, 0xBF, 0x3D, 0xF4, 0xC6, 0x3D, 0xCB, 0x69, 0x5C, 0xCF, 0xFC, 0xBB, 0x63, 0x43, 0x2F, 0x74, 
	0x44, 0x37, 0x73, 0x33, 0x4A, 0x64, 0x73, 0x22, 0x22, 0x22, 0x62, 0xF4, 0x42, 0x23, 0x4F, 0x74, 
	0x65, 0xAE, 0xEE, 0xAA, 0xCB, 0x34, 0x22, 0x33, 0x47, 0x7A, 0x52, 0x32, 0x44, 0x34, 0x43, 0x22, 
	0x22, 0x23, 0x32, 0x22, 0x34, 0x34, 0x44, 0x44, 0x23, 0x77, 0x44, 0x43, 0x33, 0x23, 0x23, 0x77, 
	0x43, 0xA6, 0x56, 0x77, 0x73, 0x56, 0x3D, 0xE0, 0x85, 0x62, 0x43, 0x34, 0x33, 0x23, 0x32, 0x66, 
	0x24, 0x43, 0xA7, 0x7B, 0xA6, 0xCC, 0x66, 0x24, 0x43, 0x22, 0x3C, 0xCE, 0x9A, 0xAA, 0x56, 0x44, 
	0x43, 0x33, 0x32, 0x62, 0x32, 0x26, 0x34, 0x26, 0x22, 0x26, 0x6A, 0x33, 0x33, 0x32, 0x22, 0x33, 
	0x22, 0x2C, 0xC2, 0x6E, 0x66, 0x62, 0x66, 0xCC, 0x6A, 0x32, 0x26, 0x66, 0x24, 0xA5, 0x66, 0x23, 
	0x47, 0x42, 0x22, 0xA2, 0x69, 0x6C, 0x63, 0x36, 0xEA, 0xCD, 0xCA, 0xCB, 0xA6, 0xAD, 0xAE, 0xAC, 
	0xA6, 0xCB, 0xFB, 0xDC, 0xB7, 0xFF, 0xCD, 0xBC, 0xFB, 0xBF, 0xAB, 0xFD, 0xBB, 0xBD, 0xAA, 0xBB, 
	0xDD, 0xFF, 0xDB, 0xBB, 0xDA, 0xBB, 0xDF, 0xCE, 0x5D, 0xBD, 0xC6, 0xCB, 0xA3, 0x43, 0x24, 0x77, 
	0x43, 0x34, 0x43, 0x32, 0xC2, 0x6F, 0x74, 0x23, 0x2A, 0x26, 0x53, 0x47, 0x43, 0x23, 0x44, 0x43, 
	0x6E, 0xA5, 0xEE, 0xE6, 0xAA, 0x34, 0x22, 0x32, 0x37, 0x73, 0x62, 0x22, 0x44, 0x44, 0x43, 0x23, 
	0x32, 0x22, 0x22, 0x32, 0x33, 0x34, 0x44, 0x74, 0x23, 0x44, 0x43, 0x33, 0x34, 0x33, 0x33, 0x44, 
	0x32, 0x66, 0x8E, 0xB4, 0xB6, 0x85, 0xDB, 0xE8, 0x52, 0x63, 0x33, 0x34, 0x44, 0x32, 0x22, 0x65, 
	0xA3, 0x44, 0x3B, 0xB2, 0x66, 0x34, 0x22, 0x34, 0x44, 0x22, 0x33, 0x26, 0x6C, 0xA6, 0x66, 0xDB, 
	0x33, 0x22, 0x2A, 0x22, 0x22, 0x25, 0x24, 0x33, 0x33, 0x22, 0x62, 0xD3, 0x22, 0x22, 0x6A, 0x22, 
	0x32, 0x62, 0xC2, 0x66, 0xAA, 0x22, 0x66, 0x3D, 0x22, 0x22, 0x36, 0x62, 0x34, 0x26, 0xA2, 0x23, 
	0x4F, 0x36, 0x22, 0x22, 0xE9, 0xAD, 0x23, 0x3A, 0xA6, 0xAD, 0xCE, 0xAD, 0xE6, 0xCD, 0xAA, 0xAA, 
	0xA6, 0xBD, 0xBB, 0xDB, 0xBF, 0xDB, 0xCF, 0xFB, 0xFF, 0xFB, 0xCF, 0xFC, 0xBD, 0xDB, 0xCC, 0xBB, 
	0xDB, 0xFB, 0xDD, 0xDB, 0xDC, 0xBB, 0xDF, 0xBD, 0xDB, 0xBA, 0xE9, 0x6C, 0xA3, 0x43, 0x23, 0xF7, 
	0x43, 0x33, 0x43, 0x32, 0x66, 0xA7, 0x74, 0x32, 0x26, 0x25, 0x92, 0x34, 0x33, 0x23, 0x43, 0x32, 
	0x9A, 0x69, 0xE5, 0x9E, 0xAA, 0x44, 0x22, 0x22, 0x3F, 0x73, 0x22, 0x22, 0x44, 0x32, 0x33, 0x22, 
	0x32, 0x23, 0x22, 0x22, 0x32, 0x44, 0x4F, 0x74, 0x33, 0x44, 0x33, 0x33, 0x33, 0x33, 0x32, 0x23, 
	0x26, 0x62, 0x99, 0xA2, 0x2A, 0x89, 0xCD, 0x99, 0xC3, 0x23, 0x33, 0x34, 0x44, 0x32, 0x62, 0x65, 
	0xA3, 0x47, 0x42, 0x22, 0x5A, 0x44, 0x33, 0x34, 0x43, 0x22, 0x33, 0x22, 0x3D, 0xEE, 0x69, 0xAD, 
	0x32, 0x22, 0x66, 0x22, 0x23, 0x35, 0x64, 0x44, 0x43, 0x22, 0x32, 0xCA, 0x66, 0x22, 0xA6, 0x22, 
	0x43, 0x63, 0x32, 0x26, 0xC3, 0x33, 0x2A, 0x33, 0x32, 0x5A, 0x4A, 0xA3, 0x44, 0x22, 0x23, 0x22, 
	0x33, 0xA6, 0x22, 0x26, 0xE5, 0xAD, 0x34, 0x32, 0x36, 0x6C, 0x66, 0xCC, 0x6A, 0xDD, 0xAC, 0xCA, 
	0xAC, 0xFC, 0xBD, 0xDF, 0xBA, 0xAA, 0xD7, 0xFB, 0x7F, 0xFD, 0xD7, 0xBD, 0xBD, 0xDB, 0xBD, 0xBF, 
	0xDB, 0xFD, 0xDC, 0xCD, 0xCC, 0xDD, 0xCB, 0xF7, 0x7F, 0xCA, 0xA5, 0xEA, 0x23, 0x33, 0x3A, 0x37, 
	0x32, 0x44, 0x44, 0x36, 0x55, 0xA7, 0x74, 0x4A, 0x26, 0xA6, 0x66, 0x23, 0x34, 0x23, 0x43, 0x58, 
	0x9A, 0x99, 0x99, 0xA6, 0xEC, 0x74, 0x22, 0x23, 0x33, 0x44, 0x32, 0x23, 0x44, 0x26, 0x62, 0x66, 
	0x26, 0x34, 0x32, 0xA2, 0x22, 0x34, 0x77, 0x74, 0x44, 0x43, 0x23, 0x33, 0x32, 0x23, 0x26, 0x66, 
	0x69, 0x56, 0x98, 0x85, 0x23, 0x90, 0x9E, 0x85, 0x44, 0x32, 0x33, 0x44, 0x77, 0x32, 0x22, 0x96, 
	0x23, 0x44, 0x7A, 0x33, 0x6A, 0xB4, 0x44, 0x44, 0x4A, 0x62, 0x22, 0x23, 0x44, 0x65, 0xE9, 0x53, 
	0x26, 0x66, 0x66, 0x23, 0x34, 0x46, 0x93, 0x44, 0x33, 0x23, 0x42, 0x66, 0x56, 0x23, 0x22, 0x2C, 
	0x23, 0x6A, 0x22, 0x66, 0x33, 0x22, 0x32, 0x32, 0xD6, 0x9A, 0x3C, 0xCA, 0xCA, 0x6A, 0x32, 0x66, 
	0x66, 0x66, 0x26, 0x65, 0x56, 0xCD, 0xCC, 0x23, 0x4A, 0x6C, 0x6A, 0xAA, 0xAC, 0xDD, 0xAC, 0xBC, 
	0xDF, 0xFC, 0xDC, 0xBB, 0xA6, 0xCA, 0xDF, 0xCF, 0x7D, 0xBD, 0xD7, 0xBF, 0xBB, 0x4D, 0xBB, 0xFF, 
	0xBF, 0xDC, 0xAD, 0xDC, 0xAA, 0xDB, 0xCB, 0xBF, 0x11, 0xCA, 0xCE, 0xEA, 0x47, 0x33, 0x32, 0x33, 
	0x22, 0x47, 0x74, 0x26, 0x26, 0x34, 0x44, 0x3A, 0x2A, 0xEC, 0xB6, 0x64, 0x73, 0x24, 0x7F, 0xE8, 
	0xE6, 0x99, 0x9E, 0xBD, 0x6C, 0x74, 0x22, 0x3F, 0x43, 0x33, 0x42, 0x27, 0x74, 0x66, 0x34, 0x25, 
	0x65, 0xA3, 0x33, 0x23, 0x22, 0x24, 0x44, 0x73, 0x44, 0x74, 0x23, 0x22, 0x26, 0x6A, 0x22, 0x22, 
	0x39, 0x89, 0x88, 0x86, 0x43, 0x50, 0x08, 0x99, 0xB4, 0x66, 0x33, 0x34, 0x77, 0xBA, 0x32, 0x62, 
	0x33, 0x44, 0x42, 0x3F, 0x36, 0x22, 0x37, 0x74, 0x32, 0x26, 0x66, 0x34, 0x44, 0x36, 0x55, 0x5A, 
	0x22, 0x26, 0x26, 0xA4, 0x43, 0x42, 0x56, 0x23, 0x22, 0x33, 0x36, 0x62, 0x63, 0x33, 0x32, 0xA2, 
	0x63, 0x32, 0xA2, 0x66, 0x22, 0x22, 0x22, 0x32, 0xC6, 0x96, 0x2A, 0xAE, 0x6E, 0xAA, 0x22, 0x26, 
	0x55, 0x62, 0x26, 0x23, 0x6A, 0x3D, 0x33, 0x33, 0xDA, 0x23, 0x6A, 0xCA, 0xAC, 0xDC, 0x6D, 0xFC, 
	0xDF, 0x7D, 0xCB, 0xFC, 0xAC, 0xDA, 0xBB, 0xCF, 0xDC, 0xBB, 0xBF, 0xB4, 0xBB, 0xFD, 0xDF, 0xFF, 
	0xDB, 0xDD, 0xCB, 0xBC, 0xBC, 0xCD, 0xCF, 0xFF, 0x17, 0xDE, 0xAA, 0xAA, 0xB4, 0x33, 0x22, 0x33, 
	0x33, 0x44, 0x43, 0xA2, 0x32, 0x34, 0x44, 0x42, 0xA6, 0xAD, 0xBE, 0x6F, 0x44, 0x23, 0x44, 0x26, 
	0x26, 0x89, 0xEA, 0xDD, 0xA3, 0x43, 0x22, 0x3B, 0x44, 0x33, 0x43, 0x34, 0x43, 0x62, 0xF7, 0x39, 
	0x95, 0x62, 0x43, 0x23, 0x33, 0x24, 0x77, 0x42, 0x37, 0x77, 0x32, 0xA3, 0x32, 0x52, 0x32, 0x23, 
	0xBE, 0x88, 0x89, 0x86, 0x44, 0xE0, 0x88, 0x99, 0xAC, 0x22, 0x33, 0x23, 0x47, 0xB6, 0x33, 0x23, 
	0x34, 0x44, 0x3C, 0x34, 0x36, 0x33, 0x24, 0xBC, 0x63, 0x32, 0x22, 0x34, 0x43, 0x43, 0x22, 0x22, 
	0x32, 0x22, 0x22, 0x23, 0x36, 0x33, 0x22, 0x23, 0xA6, 0x23, 0x26, 0x62, 0x63, 0x33, 0xC2, 0x3A, 
	0x63, 0x43, 0xA2, 0x66, 0xA2, 0x22, 0x22, 0x32, 0x2A, 0xEE, 0xAA, 0x66, 0x6E, 0xA6, 0x52, 0x3A, 
	0x66, 0x62, 0x2A, 0x33, 0x62, 0x3D, 0x33, 0x43, 0xAC, 0x33, 0x26, 0xAA, 0xEC, 0xDC, 0xAB, 0xBC, 
	0xAD, 0xFB, 0xDB, 0xFD, 0xCD, 0xBD, 0xBB, 0xBB, 0x6B, 0xFB, 0xBF, 0xB3, 0xBD, 0xBD, 0xDF, 0xFF, 
	0xDB, 0xDB, 0xBF, 0xFD, 0xFD, 0xCB, 0xCB, 0xFF, 0x7F, 0xBE, 0x6C, 0xCA, 0xB3, 0x23, 0x22, 0x44, 
	0x33, 0x44, 0x3A, 0x23, 0x32, 0x34, 0x44, 0x43, 0xA6, 0xCD, 0xC9, 0x2F, 0x44, 0x33, 0x34, 0x33, 
	0x35, 0x89, 0xEA, 0xCC, 0xA3, 0x43, 0x33, 0x32, 0x23, 0x33, 0x43, 0x34, 0x43, 0x63, 0x77, 0x36, 
	0x55, 0x63, 0x43, 0x23, 0x33, 0x34, 0x7F, 0x26, 0x37, 0x77, 0x36, 0x34, 0x43, 0x22, 0x22, 0x23, 
	0xD9, 0x88, 0x89, 0x8A, 0x44, 0xE9, 0x99, 0x99, 0x05, 0x24, 0x42, 0x62, 0x34, 0x25, 0x24, 0x43, 
	0x24, 0x44, 0x2A, 0x33, 0x26, 0x34, 0x43, 0x22, 0x23, 0x33, 0x33, 0x34, 0x44, 0x44, 0x32, 0x33, 
	0x32, 0x22, 0x23, 0x23, 0x65, 0x63, 0x32, 0x23, 0xAE, 0x23, 0xA6, 0x22, 0x62, 0xCC, 0xA2, 0x26, 
	0xA4, 0x33, 0x22, 0x2A, 0x23, 0x22, 0x62, 0x3A, 0xAC, 0x65, 0xEA, 0xCC, 0xAE, 0xEE, 0x52, 0x32, 
	0x22, 0x65, 0x62, 0x33, 0x63, 0x3D, 0x43, 0x32, 0x63, 0x3B, 0x36, 0xAC, 0x6C, 0xCC, 0xDB, 0xDA, 
	0xE6, 0xDB, 0xBB, 0xBB, 0xBD, 0xFB, 0xDB, 0xFD, 0xA7, 0x7C, 0xD7, 0xDC, 0xBC, 0xCD, 0xBB, 0xFF, 
	0xBB, 0xBF, 0xFF, 0xBB, 0xBD, 0xBF, 0xDA, 0xBD, 0xC6, 0xBC, 0x6C, 0xAA, 0xBA, 0x24, 0x33, 0x74, 
	0x44, 0x44, 0xA5, 0x34, 0xA6, 0x37, 0x43, 0x33, 0x26, 0xCC, 0x65, 0x34, 0x44, 0x32, 0x34, 0x44, 
	0xD9, 0x99, 0x96, 0xCA, 0x64, 0x44, 0x34, 0x4A, 0x56, 0x34, 0x32, 0x34, 0x43, 0x62, 0xF4, 0x23, 
	0xAA, 0x24, 0x43, 0xA3, 0x43, 0x34, 0x43, 0x6A, 0x47, 0x74, 0x26, 0x47, 0x44, 0x32, 0x56, 0x62, 
	0x68, 0x08, 0x08, 0x9A, 0x43, 0x56, 0x65, 0x55, 0x59, 0xA7, 0x42, 0x66, 0x2A, 0x69, 0xA7, 0x74, 
	0x24, 0x43, 0xAA, 0x63, 0xA6, 0x47, 0x73, 0x34, 0x32, 0x44, 0x33, 0x33, 0x34, 0x43, 0x33, 0x33, 
	0x33, 0x23, 0x34, 0x22, 0x26, 0x62, 0x33, 0x33, 0x2C, 0x3C, 0x22, 0x32, 0x66, 0x6A, 0x6A, 0x66, 
	0x23, 0x22, 0x2A, 0x33, 0x22, 0x33, 0x26, 0x22, 0xCA, 0x65, 0xEE, 0xDD, 0xE9, 0x95, 0x96, 0x33, 
	0x43, 0x65, 0x52, 0x2A, 0x6A, 0x2B, 0xB2, 0xA6, 0x62, 0x47, 0x4A, 0xCD, 0xAE, 0xAB, 0xBD, 0xD3, 
	0x6A, 0xCD, 0xBD, 0xBD, 0xBD, 0xBD, 0xBB, 0xBB, 0xC7, 0x7A, 0xC7, 0xDA, 0xCA, 0xDF, 0x7F, 0xFF, 
	0xFF, 0xF7, 0xBC, 0xCC, 0xDD, 0x71, 0xB6, 0xDA, 0xE9, 0xDF, 0xCC, 0xA6, 0xDA, 0xB4, 0x33, 0x44, 
	0x43, 0x34, 0x66, 0x33, 0x62, 0x34, 0x34, 0x42, 0x62, 0xAA, 0xAA, 0x44, 0x33, 0x22, 0x44, 0x43, 
	0x25, 0x65, 0xEA, 0xA6, 0xAB, 0x73, 0x3B, 0xBC, 0x96, 0x44, 0x32, 0x24, 0x43, 0x22, 0x32, 0x2F, 
	0x44, 0x33, 0x32, 0x23, 0x34, 0x43, 0x33, 0x23, 0x74, 0x42, 0x62, 0x47, 0x74, 0xA5, 0x53, 0x25, 
	0x88, 0x08, 0x88, 0x8A, 0x43, 0x62, 0x36, 0x22, 0x25, 0x64, 0x36, 0x62, 0x22, 0x2A, 0xE3, 0x44, 
	0x23, 0x44, 0x33, 0x62, 0x3A, 0x23, 0x32, 0x47, 0x36, 0x33, 0xA2, 0x32, 0x32, 0x2A, 0x23, 0x32, 
	0x22, 0x22, 0x33, 0x22, 0x22, 0x26, 0x23, 0x33, 0x44, 0xC2, 0x23, 0x22, 0x26, 0x55, 0x56, 0x6A, 
	0x33, 0x2A, 0x2C, 0x43, 0x22, 0x22, 0xA2, 0x23, 0x2E, 0x56, 0x59, 0xAA, 0x98, 0xE6, 0xE5, 0x24, 
	0x3A, 0x99, 0x52, 0x66, 0x22, 0xAD, 0xD2, 0x22, 0x23, 0x47, 0x36, 0xCB, 0x65, 0xDB, 0xDC, 0xDB, 
	0xCC, 0xBD, 0xBD, 0xBC, 0xDB, 0xBC, 0xFF, 0xBB, 0xCF, 0xFC, 0xDF, 0xBA, 0xCC, 0xBB, 0xFF, 0xFF, 
	0x7F, 0xFF, 0xCA, 0xDD, 0xCB, 0x77, 0xDA, 0xFC, 0x56, 0xDF, 0xDD, 0xDE, 0xCD, 0x4F, 0x33, 0x33, 
	0x33, 0x43, 0x22, 0x32, 0x2F, 0xF4, 0x43, 0x32, 0x22, 0x66, 0x3F, 0x43, 0x33, 0x33, 0xF4, 0x33, 
	0x6E, 0xCA, 0xA6, 0x66, 0xAC, 0x4D, 0xDD, 0xCA, 0x9A, 0xF4, 0x33, 0x33, 0x33, 0x32, 0x62, 0x37, 
	0x43, 0x32, 0x26, 0x62, 0x34, 0x33, 0x33, 0x33, 0x43, 0x26, 0x52, 0x47, 0x74, 0x68, 0xE3, 0x29, 
	0x88, 0x89, 0x88, 0x8A, 0x34, 0x22, 0x32, 0x62, 0x22, 0x23, 0x25, 0x56, 0x23, 0x33, 0x62, 0x34, 
	0x33, 0x34, 0x44, 0x3A, 0xCD, 0xAA, 0x6A, 0x3D, 0xCA, 0x22, 0x6A, 0x33, 0x42, 0x22, 0x22, 0x22, 
	0x66, 0x66, 0x23, 0x22, 0x23, 0x26, 0x62, 0x23, 0xF3, 0x66, 0xA2, 0xA6, 0x26, 0x66, 0x99, 0x6A, 
	0x33, 0x2A, 0x2C, 0x32, 0x22, 0x22, 0xA2, 0xA3, 0x26, 0x66, 0x99, 0x59, 0x99, 0xAA, 0x66, 0x23, 
	0x69, 0x8E, 0x66, 0x66, 0x22, 0xAC, 0xA2, 0x22, 0x33, 0x4F, 0x32, 0xDD, 0x6A, 0xDB, 0xCC, 0xCB, 
	0xDB, 0xFB, 0xBB, 0xDC, 0xDB, 0xBD, 0x7F, 0xBD, 0xCB, 0xFF, 0xBB, 0xBF, 0xBD, 0xBD, 0xDB, 0xBF, 
	0x7F, 0xBD, 0xAC, 0xBB, 0xBB, 0xF7, 0xBC, 0xFD, 0xCC, 0xDB, 0xDD, 0xDA, 0xAC, 0x47, 0x43, 0x33, 
	0x33, 0x43, 0x23, 0x22, 0x47, 0x73, 0x33, 0x32, 0x22, 0x62, 0x47, 0x43, 0x44, 0x44, 0x73, 0x63, 
	0xEE, 0xCA, 0xAE, 0xEC, 0xCA, 0xCC, 0xCA, 0xE6, 0x6A, 0xF3, 0x32, 0x23, 0x33, 0x32, 0x63, 0x47, 
	0x43, 0x32, 0x26, 0x6A, 0x34, 0x33, 0x33, 0x33, 0x32, 0x66, 0x62, 0x47, 0x74, 0x28, 0x53, 0x25, 
	0x88, 0xE9, 0x88, 0x92, 0x34, 0x32, 0x32, 0x62, 0x22, 0x22, 0x2A, 0x95, 0x62, 0x34, 0x26, 0x34, 
	0x43, 0x23, 0x44, 0x3A, 0xAC, 0xA6, 0x22, 0x26, 0xAA, 0xA2, 0x66, 0x34, 0x43, 0x22, 0x22, 0x22, 
	0x26, 0x66, 0x22, 0x22, 0x23, 0x26, 0x62, 0x22, 0xF2, 0x55, 0x66, 0x66, 0x22, 0x22, 0x59, 0x6A, 
	0x34, 0x2A, 0xA2, 0x26, 0x2A, 0x2C, 0xA6, 0xA4, 0x22, 0x6A, 0x99, 0x98, 0x55, 0xC2, 0x66, 0x22, 
	0x58, 0x9A, 0x25, 0x62, 0x22, 0x22, 0x66, 0x33, 0x34, 0x44, 0x43, 0x3D, 0xAC, 0xCD, 0xDC, 0x2B, 
	0xDB, 0x7F, 0xDB, 0xDC, 0xDF, 0xBB, 0x7F, 0xFB, 0xDB, 0xB7, 0xBB, 0x41, 0x7B, 0xBC, 0xBB, 0xDF, 
	0xFB, 0xCA, 0xCB, 0xBF, 0xFB, 0xD7, 0x7D, 0xDC, 0xFB, 0xFD, 0xAC, 0xDD, 0xAA, 0x47, 0x43, 0x33, 
	0x44, 0x32, 0x23, 0xA3, 0x77, 0x43, 0x22, 0x33, 0x36, 0xA4, 0x34, 0x43, 0x47, 0x44, 0x7A, 0xEC, 
	0xE9, 0xEE, 0xEE, 0xEB, 0xFC, 0xAC, 0xAE, 0xEA, 0xC6, 0xAB, 0x36, 0x62, 0x44, 0x32, 0x23, 0x44, 
	0x43, 0x22, 0x32, 0x22, 0x43, 0x22, 0x33, 0x22, 0x26, 0x62, 0x26, 0x34, 0x44, 0x39, 0x8E, 0xC6, 
	0x89, 0xC5, 0x88, 0x93, 0x33, 0x4A, 0x32, 0x22, 0x22, 0x32, 0x33, 0x98, 0x85, 0x23, 0x26, 0x23, 
	0x43, 0x66, 0x33, 0x32, 0x55, 0x52, 0x43, 0x36, 0xEC, 0xEA, 0x5E, 0x44, 0x34, 0x33, 0x22, 0x22, 
	0x32, 0x26, 0x55, 0x22, 0x22, 0x22, 0x22, 0x5A, 0x42, 0x55, 0x55, 0x22, 0x23, 0x33, 0x69, 0x52, 
};
