#include "../include.h"

// format: compressed 8-bit paletted pixel graphics
// image width: 320 pixels
// image height: 320 lines
// image pitch: 320 bytes
const u16 OscilImg_Pal[256] __attribute__ ((aligned(4))) = {
	0x0000, 0x0000, 0x0020, 0x0820, 0x0060, 0x0860, 0x0021, 0x0061, 0x0861, 0x1840, 0x10A1, 0x0822, 0x0043, 0x1043, 0x08A3, 0x10A3, 
	0x28C1, 0x2962, 0x0844, 0x1044, 0x08A4, 0x10A4, 0x18E5, 0x0887, 0x18E6, 0x20C6, 0x1124, 0x1926, 0x19C7, 0x2945, 0x2947, 0x3947, 
	0x31A6, 0x4161, 0x41E4, 0x5A42, 0x72E3, 0x4A46, 0x5AA6, 0x6B26, 0x29A8, 0x39E8, 0x39EA, 0x090C, 0x61CB, 0x2A89, 0x2B49, 0x320C, 
	0x23AF, 0x4A49, 0x4A4A, 0x5AAB, 0x62E9, 0x7369, 0x4AAC, 0x5ACC, 0x4AAF, 0x62CD, 0x5B2D, 0x632D, 0x738C, 0x6B4E, 0x736F, 0x6BAF, 
	0x73AF, 0x83A6, 0x83E9, 0x83ED, 0x74AD, 0xA467, 0x9C6A, 0xACC9, 0xB50A, 0x8C2F, 0xA4CD, 0x9D8E, 0xBD4D, 0xC56A, 0xD5CC, 0xE64E, 
	0x1991, 0x29F4, 0x5331, 0x5B73, 0x6B70, 0x7B70, 0x6BB0, 0x7BD0, 0x42F7, 0x4B56, 0x5BF7, 0x63B4, 0x6BF5, 0x83F1, 0x5C12, 0x7C30, 
	0x7C12, 0x6C35, 0x7435, 0x7CD5, 0x6C16, 0x7456, 0x7CB7, 0x5C19, 0x6CBB, 0x8431, 0x9470, 0x84B1, 0x9CB0, 0x8C52, 0x9473, 0x8CB2, 
	0x94B2, 0x94B3, 0xA4F1, 0x9533, 0xB552, 0x8454, 0x9474, 0x8CB5, 0x94B4, 0x9CB4, 0x94F4, 0x9CF4, 0x9CB5, 0x94F5, 0x9CF5, 0x8456, 
	0x8CD7, 0x94B6, 0x9CD6, 0xA4F4, 0xA4B5, 0xA4F5, 0xACF5, 0xA4F6, 0x9D36, 0xA534, 0xAD34, 0xA574, 0xAD74, 0xA535, 0xAD35, 0xA575, 
	0xAD75, 0xB555, 0xBDB5, 0xA536, 0xAD36, 0xA576, 0xAD76, 0xA537, 0xAD37, 0xA577, 0xAD77, 0xB577, 0xADB6, 0xB5B6, 0xBDD6, 0xB5B7, 
	0xBDB7, 0xB5F7, 0xBDF7, 0xCDD4, 0x9E13, 0xAED3, 0xAE15, 0xD693, 0xF731, 0xD676, 0xDED7, 0xFFF6, 0x8CD8, 0x9D58, 0xA518, 0xA578, 
	0xB558, 0xADB9, 0xB5B8, 0xBDB8, 0xB5F8, 0xBDF8, 0xB5B9, 0xBD99, 0xB5F9, 0xBDF9, 0xA59A, 0xADDA, 0xB5FA, 0xC5F8, 0xC5F9, 0xCDFA, 
	0xBE78, 0xBE3A, 0xB65B, 0xC638, 0xCE38, 0xC639, 0xCE39, 0xC679, 0xCE79, 0xD679, 0xC6B9, 0xC63A, 0xCE3A, 0xC67A, 0xCE7A, 0xC63B, 
	0xCE3B, 0xC67B, 0xCE7B, 0xD67A, 0xDE7A, 0xD67B, 0xDE7B, 0xCEBB, 0xD6BA, 0xDEBA, 0xDEFA, 0xD6BB, 0xDEBB, 0xD6FB, 0xDEFB, 0xE6DB, 
	0xDF3B, 0xF779, 0xFFBB, 0xC67C, 0xD67C, 0xCEBC, 0xCEFD, 0xD6BC, 0xDEBC, 0xD6FC, 0xDEFC, 0xD6BD, 0xDEBD, 0xDEFD, 0xCEBE, 0xE6FC, 
	0xDF3C, 0xDF7C, 0xDF1E, 0xE73C, 0xEF3C, 0xE73D, 0xEF3D, 0xE77D, 0xEF7D, 0xF7BD, 0xEF5E, 0xF77E, 0xEFBE, 0xF7BF, 0x0000, 0x0000, 
};

const u8 OscilImg[31648] __attribute__ ((aligned(4))) = {
	0xFF, 0x00, 0xFF, 0x00, 0xB9, 0x00, 0xFF, 0x00, 0xFF, 0x00, 0xB9, 0x00, 0xFF, 0x00, 0xFF, 0x00, 
	0xB9, 0x00, 0xFF, 0x00, 0xFF, 0x00, 0xB9, 0x00, 0xFF, 0x00, 0xFF, 0x00, 0xB9, 0x00, 0xFF, 0x00, 
	0xFF, 0x00, 0xB9, 0x00, 0xFF, 0x00, 0xFF, 0x00, 0xB9, 0x00, 0xFF, 0x00, 0xFF, 0x00, 0xB9, 0x00, 
	0xFF, 0x00, 0xFF, 0x00, 0xB9, 0x00, 0xFF, 0x00, 0xFF, 0x00, 0xB9, 0x00, 0xFF, 0x00, 0xFF, 0x00, 
	0xB9, 0x00, 0xFF, 0x00, 0xFF, 0x00, 0xB9, 0x00, 0xFF, 0x00, 0xFF, 0x00, 0xB9, 0x00, 0xFF, 0x00, 
	0xFF, 0x00, 0xB9, 0x00, 0xFF, 0x00, 0xFF, 0x00, 0xB9, 0x00, 0xFF, 0x00, 0xFF, 0x00, 0xB9, 0x00, 
	0xFF, 0x00, 0xFF, 0x00, 0xB9, 0x00, 0xFF, 0x00, 0xFF, 0x00, 0xB9, 0x00, 0xFF, 0x00, 0xFF, 0x00, 
	0xB9, 0x00, 0xFF, 0x00, 0xFF, 0x00, 0xB9, 0x00, 0xFF, 0x00, 0xFF, 0x00, 0xB9, 0x00, 0xFF, 0x00, 
	0xFF, 0x00, 0xB9, 0x00, 0xFF, 0x00, 0xFF, 0x00, 0xB9, 0x00, 0xFF, 0x00, 0xFF, 0x00, 0xB9, 0x00, 
	0xFF, 0x00, 0xFF, 0x00, 0xB9, 0x00, 0xFF, 0x00, 0xFF, 0x00, 0xB9, 0x00, 0xFF, 0x00, 0xFF, 0x00, 
	0xB9, 0x00, 0xFF, 0x00, 0xFF, 0x00, 0xB9, 0x00, 0xFF, 0x00, 0xFF, 0x00, 0xB9, 0x00, 0xFF, 0x00, 
	0xFF, 0x00, 0xB9, 0x00, 0xFF, 0x00, 0xFF, 0x00, 0xB9, 0x00, 0xFF, 0x00, 0xFF, 0x00, 0xB9, 0x00, 
	0x8F, 0x00, 0x00, 0x08, 0x80, 0x1D, 0x01, 0x1A, 0x1A, 0x84, 0x1D, 0x8A, 0x20, 0x03, 0x29, 0x20, 
	0x1D, 0x1A, 0x89, 0x1D, 0x01, 0x1A, 0x1D, 0x81, 0x20, 0x83, 0x1D, 0x86, 0x20, 0x87, 0x1D, 0x00, 
	0x20, 0x8D, 0x1D, 0x00, 0x1A, 0x83, 0x1D, 0x04, 0x20, 0x20, 0x1D, 0x20, 0x29, 0x80, 0x20, 0x81, 
	0x1D, 0x00, 0x20, 0x80, 0x1D, 0x00, 0x20, 0x81, 0x1D, 0x00, 0x20, 0x84, 0x1D, 0x00, 0x1A, 0x81, 
	0x1D, 0x82, 0x20, 0x03, 0x1D, 0x1D, 0x1A, 0x1A, 0x83, 0x1D, 0x07, 0x0F, 0x0F, 0x1D, 0x1D, 0x1A, 
	0x1A, 0x1D, 0x1A, 0x81, 0x1D, 0x00, 0x1A, 0x8F, 0x0F, 0x05, 0x02, 0x00, 0x00, 0x08, 0x0F, 0x0D, 
	0x80, 0x0F, 0xF1, 0x00, 0x8C, 0x00, 0x0A, 0x29, 0x69, 0x8D, 0xC5, 0xFB, 0xFA, 0xF8, 0xF5, 0xF3, 
	0xF5, 0xF6, 0x80, 0xF8, 0x01, 0xF7, 0xF8, 0x83, 0xFA, 0x0C, 0xFC, 0xFA, 0xF8, 0xFA, 0xFA, 0xF8, 
	0xFA, 0xFD, 0xFA, 0xF5, 0xF5, 0xF6, 0xF8, 0x87, 0xF6, 0x01, 0xF5, 0xF8, 0x82, 0xFA, 0x01, 0xF6, 
	0xF6, 0x80, 0xF8, 0x86, 0xFA, 0x87, 0xF8, 0x01, 0xFA, 0xFA, 0x86, 0xF8, 0x80, 0xFA, 0x04, 0xF8, 
	0xF8, 0xF6, 0xF5, 0xF5, 0x82, 0xF8, 0x0A, 0xFA, 0xFB, 0xFA, 0xFC, 0xFD, 0xFA, 0xFC, 0xFA, 0xF8, 
	0xFA, 0xF8, 0x80, 0xFA, 0x0B, 0xF8, 0xFA, 0xFA, 0xF8, 0xF8, 0xF6, 0xF8, 0xFA, 0xF5, 0xF6, 0xFA, 
	0xF6, 0x80, 0xF8, 0x03, 0xF5, 0xF5, 0xF8, 0xF8, 0x84, 0xFA, 0x05, 0xF6, 0xF5, 0xF5, 0xF6, 0xFA, 
	0xF8, 0x80, 0xF6, 0x01, 0xF5, 0xF5, 0x80, 0xF6, 0x80, 0xF5, 0x81, 0xF6, 0x88, 0xF5, 0x80, 0xEF, 
	0x09, 0xF3, 0xF3, 0xEF, 0xEF, 0xF8, 0xC3, 0x70, 0x71, 0xC6, 0xF8, 0x80, 0xF3, 0x03, 0xEA, 0x89, 
	0x71, 0x7B, 0x81, 0x83, 0x81, 0x7B, 0x84, 0x71, 0x0D, 0x7B, 0x83, 0x7B, 0x7B, 0x83, 0x7B, 0x71, 
	0x71, 0x7B, 0x89, 0x7B, 0x71, 0x71, 0x70, 0x84, 0x71, 0x07, 0x70, 0x70, 0x71, 0x7B, 0x70, 0x70, 
	0x7B, 0x89, 0x81, 0x71, 0x01, 0x7B, 0x71, 0x84, 0x70, 0x01, 0x71, 0x71, 0x80, 0x70, 0x02, 0x71, 
	0x71, 0x6D, 0x80, 0x69, 0x06, 0x49, 0x69, 0x70, 0x69, 0x70, 0x71, 0x70, 0x82, 0x69, 0x00, 0x6D, 
	0x82, 0x69, 0x00, 0x6D, 0x84, 0x69, 0x03, 0x6D, 0x6D, 0x29, 0x0F, 0x8C, 0x00, 0x8A, 0x00, 0x01, 
	0x0D, 0x9D, 0x80, 0xFD, 0x00, 0xFA, 0x89, 0xF5, 0x85, 0xEF, 0x01, 0xF5, 0xEF, 0x80, 0xF5, 0x00, 
	0xEF, 0xC9, 0xF5, 0x00, 0xEF, 0xA2, 0xF5, 0x82, 0xF6, 0x06, 0xF8, 0xFA, 0xF6, 0xF6, 0xF8, 0xF6, 
	0xF5, 0x83, 0xF6, 0x00, 0xFA, 0x83, 0xF8, 0x02, 0xF6, 0xFA, 0xF6, 0x84, 0xFA, 0x00, 0xF6, 0xEA, 
	0xFD, 0x02, 0xD9, 0x3D, 0x02, 0x8A, 0x00, 0x89, 0x00, 0x06, 0x02, 0xB5, 0xFD, 0xF5, 0xDE, 0xDB, 
	0xDC, 0xF3, 0xDB, 0x91, 0xDC, 0x84, 0xDB, 0x05, 0xDC, 0xDC, 0xDB, 0xDC, 0xDC, 0xDB, 0x8C, 0xDC, 
	0x85, 0xEA, 0x09, 0xDE, 0xEA, 0xED, 0xEA, 0xF3, 0x95, 0x75, 0x7D, 0x7E, 0x7E, 0x82, 0x88, 0x11, 
	0x93, 0x93, 0x97, 0x97, 0x7E, 0x93, 0x93, 0x7E, 0x7E, 0x93, 0x7E, 0x93, 0x7E, 0x93, 0x7E, 0x93, 
	0x7E, 0x93, 0x80, 0x7E, 0x01, 0x93, 0x85, 0x81, 0x7E, 0x85, 0x93, 0x0C, 0x97, 0x97, 0x93, 0x93, 
	0x97, 0x97, 0x94, 0x96, 0x95, 0x93, 0x7E, 0x93, 0x87, 0x80, 0x93, 0x0B, 0x98, 0x93, 0x93, 0x9A, 
	0x8D, 0x96, 0x9A, 0xAF, 0x9F, 0xA0, 0xB0, 0xB1, 0x82, 0x9A, 0x81, 0xB2, 0x01, 0x9C, 0x9F, 0x80, 
	0xB2, 0x01, 0x9A, 0x9A, 0x82, 0xB2, 0x01, 0xB4, 0xB4, 0x85, 0xB9, 0x04, 0xBE, 0xE7, 0xFD, 0xFD, 
	0x90, 0x8A, 0x00, 0x89, 0x00, 0x06, 0x3D, 0xFD, 0xE8, 0xE7, 0xDB, 0xE8, 0xDC, 0xF1, 0xE7, 0x8A, 
	0xE8, 0x83, 0xDC, 0x91, 0xE8, 0x82, 0xEA, 0x82, 0xE8, 0x02, 0xEA, 0xE8, 0xE7, 0x82, 0xEA, 0x09, 
	0xE8, 0xE8, 0xE9, 0xDB, 0xDC, 0xFD, 0x60, 0x2F, 0x52, 0x52, 0x87, 0x53, 0x17, 0x56, 0x82, 0x82, 
	0x75, 0x75, 0x88, 0x7D, 0x82, 0x75, 0x7D, 0x77, 0x99, 0x60, 0x60, 0x88, 0x75, 0x97, 0x77, 0x7D, 
	0x88, 0x77, 0x77, 0x62, 0x53, 0x89, 0x5B, 0x14, 0x52, 0x88, 0x9F, 0x52, 0x53, 0x7D, 0x78, 0x93, 
	0x60, 0x7D, 0x7D, 0x75, 0x81, 0x82, 0x81, 0x9C, 0x88, 0x60, 0x53, 0x9C, 0x9F, 0x80, 0x5B, 0x84, 
	0x5C, 0x06, 0x5B, 0x62, 0xAF, 0x82, 0x88, 0x88, 0x99, 0x80, 0x88, 0x05, 0x99, 0x77, 0x88, 0x80, 
	0x77, 0x5B, 0x80, 0x62, 0x09, 0x5C, 0x62, 0x5C, 0x5C, 0x62, 0x62, 0xAF, 0xFA, 0xFD, 0x3B, 0x89, 
	0x00, 0x88, 0x00, 0x07, 0x02, 0xC5, 0xF5, 0xE8, 0xE7, 0xE7, 0xE8, 0xE8, 0xF1, 0xE7, 0x8B, 0xE8, 
	0x03, 0xDC, 0xDC, 0xEA, 0xEA, 0x9B, 0xE8, 0x06, 0xEA, 0xE8, 0xDB, 0xDB, 0xCC, 0xCE, 0xE8, 0x80, 
	0xDB, 0x06, 0xCE, 0xD7, 0xCE, 0xD9, 0xFB, 0xAD, 0x61, 0x88, 0xAC, 0x0E, 0x66, 0xBA, 0xD1, 0xB8, 
	0xE5, 0xE3, 0xF2, 0xD2, 0xC1, 0xE6, 0xD1, 0xE5, 0xFA, 0xCF, 0xB1, 0x80, 0xF2, 0x06, 0xBC, 0xB8, 
	0xFC, 0xE6, 0xE3, 0xBC, 0x65, 0x89, 0xAC, 0x15, 0x65, 0xC1, 0xDB, 0x61, 0xAC, 0xFA, 0xE5, 0xF2, 
	0xD1, 0xE6, 0xF2, 0xAF, 0xBC, 0xE3, 0xAD, 0xE5, 0xE3, 0x7F, 0x64, 0xC1, 0xCD, 0x65, 0x83, 0x66, 
	0x80, 0xAC, 0x10, 0x62, 0xBA, 0xD1, 0xD1, 0xBC, 0xB8, 0xFA, 0xF2, 0xB1, 0xB8, 0xED, 0xCF, 0xF2, 
	0xD1, 0xAD, 0x65, 0xAC, 0x84, 0x66, 0x05, 0x65, 0x5B, 0xB1, 0xFD, 0xDE, 0x0F, 0x88, 0x00, 0x88, 
	0x00, 0x04, 0x08, 0xC8, 0xEF, 0xDB, 0xE7, 0x80, 0xE8, 0xF1, 0xE7, 0xAC, 0xE8, 0x80, 0xEA, 0x81, 
	0xDB, 0x0A, 0xF3, 0xF6, 0xF3, 0xDE, 0xD8, 0xEA, 0xDD, 0xDC, 0xFB, 0x97, 0x5B, 0x88, 0x65, 0x07, 
	0x64, 0x65, 0xBB, 0xB1, 0xB1, 0xBA, 0x88, 0x88, 0x80, 0xB1, 0x0D, 0xAF, 0xAD, 0xB1, 0x80, 0xBA, 
	0xB1, 0x99, 0xBA, 0x80, 0xB8, 0xB1, 0xBB, 0xAD, 0x5C, 0x87, 0x65, 0x19, 0x62, 0x65, 0x5B, 0xB8, 
	0xD2, 0x5B, 0xAC, 0xBB, 0xB1, 0xAF, 0xCF, 0xAD, 0xB1, 0xBB, 0xAD, 0x80, 0xBA, 0xB1, 0xBC, 0x7F, 
	0x5B, 0xC1, 0xCB, 0x5C, 0x64, 0x62, 0x84, 0x65, 0x0E, 0x61, 0x66, 0xC2, 0xBC, 0xAF, 0x88, 0xBC, 
	0xCF, 0xAF, 0xAD, 0xBB, 0xBB, 0xAF, 0xC2, 0xBA, 0x87, 0x65, 0x04, 0x64, 0x62, 0xED, 0xFD, 0x37, 
	0x88, 0x00, 0x88, 0x00, 0x04, 0x1D, 0xCE, 0xEF, 0xDB, 0xE7, 0x80, 0xE8, 0xF1, 0xE7, 0x02, 0xE8, 
	0xE7, 0xE7, 0x80, 0xE8, 0x01, 0xE7, 0xE7, 0xA4, 0xE8, 0x15, 0xEA, 0xE8, 0xEA, 0xDE, 0xDE, 0xFA, 
	0xFA, 0xDB, 0xDB, 0xDE, 0xFA, 0xFB, 0xF0, 0xF0, 0xEF, 0xFB, 0xB1, 0x75, 0xAC, 0xAC, 0x80, 0x80, 
	0x85, 0xAC, 0x84, 0x80, 0x01, 0xAD, 0x7F, 0x83, 0x80, 0x05, 0x77, 0x77, 0x80, 0x80, 0x77, 0x77, 
	0x80, 0x80, 0x83, 0xAC, 0x82, 0x80, 0x06, 0xAC, 0x7F, 0xB9, 0xD2, 0x63, 0x80, 0x62, 0x80, 0x80, 
	0x04, 0x7F, 0x7F, 0xAC, 0x80, 0x7F, 0x80, 0x80, 0x04, 0xAC, 0x7F, 0xCB, 0xCB, 0x7F, 0x87, 0x80, 
	0x00, 0x77, 0x81, 0x80, 0x01, 0x7F, 0x7F, 0x81, 0x80, 0x02, 0x62, 0x80, 0x88, 0x87, 0x80, 0x04, 
	0x7F, 0x75, 0xD5, 0xFD, 0x5D, 0x88, 0x00, 0x88, 0x00, 0x04, 0x20, 0xDB, 0xEA, 0xDB, 0xDB, 0xFB, 
	0xE7, 0x84, 0xE8, 0x04, 0xE7, 0xE7, 0xE8, 0xE8, 0xE7, 0x9B, 0xE8, 0x0F, 0xDC, 0xEA, 0xF5, 0xF5, 
	0xBD, 0xD3, 0xDB, 0xDD, 0xC8, 0xDE, 0xFD, 0xF5, 0xF3, 0xF6, 0xD2, 0xE7, 0x82, 0xDC, 0x80, 0xEA, 
	0x00, 0xEF, 0x80, 0xEA, 0x02, 0xEF, 0xE8, 0xEC, 0x88, 0xE8, 0x0B, 0xE7, 0xE7, 0xE8, 0xDB, 0xE7, 
	0xE7, 0xDB, 0xDB, 0xDC, 0xEA, 0xE8, 0xDC, 0x80, 0xEA, 0x82, 0xDC, 0x80, 0xDB, 0x01, 0xD3, 0xD9, 
	0x80, 0xDB, 0x03, 0xE7, 0xE8, 0xE7, 0xE8, 0x81, 0xE7, 0x09, 0xD5, 0xDB, 0xD5, 0xDB, 0xDB, 0xD8, 
	0xD8, 0xDB, 0xD7, 0xDB, 0x82, 0xDC, 0x00, 0xE8, 0x80, 0xDC, 0x00, 0xDB, 0x85, 0xD5, 0x12, 0xE7, 
	0xE7, 0xDB, 0xDB, 0xDC, 0xDB, 0xDB, 0xDC, 0xDB, 0xDB, 0xDC, 0xDB, 0xDB, 0xD7, 0xD7, 0xC3, 0xC9, 
	0xFD, 0x6E, 0x88, 0x00, 0x88, 0x00, 0x04, 0x20, 0xD8, 0xEA, 0xDB, 0xDB, 0xF5, 0xE7, 0x83, 0xDB, 
	0x01, 0xE8, 0xE8, 0x84, 0xE7, 0x81, 0xE8, 0x00, 0xE7, 0x85, 0xE8, 0x01, 0xE7, 0xE7, 0x8F, 0xE8, 
	0x0F, 0xEA, 0xEA, 0xF8, 0x9F, 0xCE, 0xFD, 0xFD, 0xB5, 0xC5, 0xC5, 0xCE, 0xFD, 0xEA, 0xF8, 0xD8, 
	0xD8, 0x83, 0xD9, 0x87, 0xDF, 0x88, 0xD9, 0x01, 0xDC, 0xDC, 0x82, 0xD9, 0x07, 0xDC, 0xD9, 0xD9, 
	0xDC, 0xDF, 0xDF, 0xDC, 0xD9, 0x80, 0xDF, 0x0D, 0xD9, 0xD8, 0xD8, 0xD9, 0xD3, 0xD3, 0xDC, 0xD9, 
	0xD9, 0xDC, 0xDF, 0xDE, 0xDC, 0xDE, 0x81, 0xDF, 0x06, 0xDC, 0xDC, 0xD9, 0xD9, 0xD8, 0xD8, 0xDA, 
	0x80, 0xD9, 0x03, 0xDC, 0xDF, 0xD9, 0xDC, 0x81, 0xDF, 0x00, 0xDC, 0x83, 0xD9, 0x05, 0xDC, 0xD9, 
	0xDE, 0xF6, 0xF6, 0xF4, 0x81, 0xDF, 0x84, 0xD9, 0x03, 0xC3, 0xC8, 0xFD, 0x71, 0x88, 0x00, 0x88, 
	0x00, 0x07, 0x20, 0xDB, 0xEA, 0xDC, 0xDB, 0xE7, 0xE7, 0xDB, 0x84, 0xE7, 0x00, 0xDC, 0xE8, 0xE7, 
	0x00, 0xE8, 0x8A, 0xDB, 0x81, 0xE7, 0x80, 0xE8, 0x00, 0xE7, 0x82, 0xE8, 0x02, 0xE7, 0xE8, 0xE7, 
	0x91, 0xE8, 0x0F, 0xEA, 0xEF, 0xDB, 0xB5, 0xFD, 0xF5, 0x7B, 0x57, 0x40, 0x9F, 0xA2, 0xCE, 0xFC, 
	0xFA, 0xD9, 0xD8, 0x80, 0xDB, 0x03, 0xEA, 0xF5, 0xEA, 0xEA, 0x82, 0xF5, 0x01, 0xF0, 0xF0, 0x81, 
	0xEA, 0x03, 0xDC, 0xF5, 0xEA, 0xD8, 0x80, 0xDB, 0x00, 0xD8, 0x81, 0xDB, 0x00, 0xD8, 0x81, 0xDB, 
	0x04, 0xF5, 0xF5, 0xDD, 0xEA, 0xEA, 0x81, 0xF0, 0x0B, 0xEA, 0xEA, 0xDC, 0xDC, 0xDB, 0xD5, 0xD5, 
	0xDB, 0xD5, 0xEA, 0xEA, 0xDD, 0x80, 0xEA, 0x00, 0xF0, 0x81, 0xEA, 0x0A, 0xDC, 0xD8, 0xD8, 0xD5, 
	0xD5, 0xD9, 0xD4, 0xF5, 0xF0, 0xEA, 0xEA, 0x81, 0xF0, 0x02, 0xF5, 0xED, 0xEA, 0x84, 0xDB, 0x08, 
	0xF5, 0xEA, 0xC7, 0xD7, 0xDB, 0xDE, 0xF5, 0xF5, 0xEA, 0x81, 0xDB, 0x06, 0xD3, 0xD3, 0xD4, 0xBE, 
	0xD2, 0xFD, 0x70, 0x88, 0x00, 0x88, 0x00, 0x03, 0x29, 0xDC, 0xEA, 0xDC, 0x80, 0xE7, 0x04, 0xDB, 
	0xE7, 0xE7, 0xE8, 0xE7, 0x80, 0xE8, 0x04, 0xE7, 0xE7, 0xE8, 0xDC, 0xDC, 0x94, 0xE8, 0x01, 0xE7, 
	0xE7, 0x80, 0xE8, 0x00, 0xDC, 0x8B, 0xE8, 0x80, 0xE7, 0x82, 0xE8, 0x01, 0xE7, 0xE7, 0x80, 0xDC, 
	0x88, 0xE8, 0x04, 0xE7, 0xE8, 0xE8, 0xDC, 0xDC, 0x81, 0xE7, 0x09, 0xDC, 0xE8, 0xE8, 0xE7, 0xE7, 
	0xE8, 0xE7, 0xE8, 0xE8, 0xDC, 0x86, 0xE8, 0x00, 0xE7, 0x80, 0xE8, 0x01, 0xDB, 0xDB, 0x80, 0xE7, 
	0x90, 0xDB, 0x81, 0xE8, 0x02, 0xE7, 0xDB, 0xDB, 0x86, 0xE8, 0x00, 0xE7, 0x88, 0xE8, 0x11, 0xE7, 
	0xE8, 0xEA, 0xEF, 0xC8, 0xA2, 0xFD, 0x71, 0x71, 0x90, 0x8D, 0x69, 0xB5, 0xA2, 0xF5, 0xFB, 0xDC, 
	0xDB, 0x80, 0xDC, 0x06, 0xEA, 0xC6, 0xDE, 0xF5, 0xF5, 0xF6, 0xFA, 0x80, 0xF8, 0x10, 0xF5, 0xDC, 
	0xEF, 0xF6, 0xEA, 0xEA, 0xB5, 0xCE, 0xDC, 0xEA, 0xF6, 0xF5, 0xF5, 0xDC, 0xEA, 0xF5, 0xEF, 0x80, 
	0xF5, 0x03, 0xDB, 0xF5, 0xCE, 0x96, 0x81, 0xDB, 0x06, 0xDE, 0xDD, 0xDB, 0xDB, 0xD7, 0xEA, 0xF0, 
	0x81, 0xDB, 0x04, 0xEA, 0xC8, 0xB5, 0xDB, 0xD8, 0x83, 0xDB, 0x23, 0xD8, 0xEA, 0xE8, 0xDB, 0xD3, 
	0xDB, 0xDB, 0xEF, 0xC3, 0xC3, 0xDB, 0xEA, 0xF0, 0xF3, 0xF3, 0xF5, 0xEA, 0xD8, 0xD7, 0xEA, 0xEA, 
	0xDB, 0xDB, 0xDC, 0xDC, 0xFA, 0xC5, 0x8D, 0xD7, 0xF5, 0xF8, 0xFA, 0xF8, 0xFC, 0xFD, 0xEA, 0x80, 
	0xDB, 0x06, 0xD3, 0xD3, 0xDB, 0xC5, 0xD3, 0xFD, 0x71, 0x88, 0x00, 0x88, 0x00, 0x03, 0x29, 0xDC, 
	0xEA, 0xDC, 0x80, 0xE7, 0x01, 0xE8, 0xE7, 0x84, 0xDB, 0x00, 0xE7, 0x92, 0xDB, 0x00, 0xD3, 0x85, 
	0xDB, 0x00, 0xD8, 0xBB, 0xDB, 0x01, 0xE7, 0xE7, 0xA8, 0xDB, 0x06, 0xE7, 0xE8, 0xE8, 0xDB, 0xDB, 
	0xE7, 0xE8, 0x81, 0xE7, 0x82, 0xDB, 0x53, 0xE7, 0xE7, 0xEA, 0xEA, 0xDB, 0x96, 0xFD, 0x57, 0xA2, 
	0xFD, 0xFD, 0x69, 0x9C, 0xCE, 0xA2, 0xFD, 0xDE, 0xDB, 0xDC, 0xDC, 0xF5, 0xC5, 0xBD, 0xC8, 0x9F, 
	0xA0, 0xC6, 0xC5, 0x90, 0x7B, 0xC5, 0x89, 0xC3, 0xF5, 0xD3, 0xF6, 0xDB, 0x37, 0x8D, 0xFD, 0xCE, 
	0x9F, 0xBD, 0xB5, 0xD3, 0xD3, 0xBD, 0xC6, 0x96, 0x9B, 0xA0, 0xEF, 0xFA, 0x6E, 0xB5, 0xFD, 0xFD, 
	0xFA, 0xFA, 0xFD, 0xFD, 0xFC, 0xFB, 0xFD, 0xF8, 0xEA, 0xDB, 0xDB, 0xD8, 0xDC, 0xD3, 0x90, 0xF3, 
	0xF5, 0xEA, 0xFA, 0xFD, 0xFA, 0xFD, 0xFA, 0xEA, 0xF5, 0xF5, 0xD3, 0x80, 0xDB, 0x0D, 0xDC, 0xC6, 
	0x9D, 0xF7, 0xFD, 0x90, 0x8D, 0x96, 0x89, 0x9F, 0x69, 0xC5, 0xFC, 0xF0, 0x80, 0xDB, 0x0D, 0xDC, 
	0xF6, 0xBD, 0x90, 0xF8, 0xB5, 0xA2, 0xCE, 0x89, 0x7B, 0x90, 0xC5, 0xFD, 0xEA, 0x80, 0xDB, 0x05, 
	0xD3, 0xDB, 0xC5, 0xD3, 0xFD, 0x71, 0x88, 0x00, 0x88, 0x00, 0x03, 0x29, 0xDE, 0xEA, 0xDC, 0x80, 
	0xE7, 0x04, 0xE8, 0xE7, 0xDB, 0xD5, 0xD5, 0x80, 0xDB, 0x00, 0xD8, 0x8F, 0xDB, 0x00, 0xD8, 0x88, 
	0xDB, 0x00, 0xD8, 0x86, 0xDB, 0x01, 0xD8, 0xD8, 0xAE, 0xDB, 0x00, 0xE7, 0xB9, 0xDB, 0x78, 0xD5, 
	0xDB, 0xDB, 0xE7, 0xE8, 0xDC, 0xDC, 0xF5, 0x96, 0xCE, 0xDE, 0x37, 0xC3, 0x89, 0x3B, 0xFA, 0xCE, 
	0x8D, 0xFD, 0xEA, 0xDC, 0xDC, 0xDB, 0xF5, 0xBD, 0xDC, 0xC3, 0x89, 0x96, 0x96, 0x7B, 0x8E, 0x9D, 
	0x8D, 0x5D, 0xC6, 0xF3, 0xC5, 0xFD, 0xD5, 0x3B, 0x96, 0xFD, 0x8D, 0x69, 0x6D, 0x69, 0x9F, 0x9D, 
	0x57, 0x71, 0x9F, 0x69, 0x6E, 0xFB, 0xEA, 0x71, 0xF0, 0xCE, 0xB5, 0xA2, 0xC5, 0xA2, 0x9D, 0xC5, 
	0xC6, 0x9F, 0xF5, 0xDE, 0xCE, 0xDB, 0xD3, 0xDC, 0xC5, 0xA0, 0xFA, 0xF0, 0xFA, 0xD8, 0x9C, 0xB5, 
	0x96, 0xC5, 0xFA, 0xF5, 0xEA, 0xC5, 0xDB, 0xDB, 0xD3, 0xEA, 0x9F, 0xC5, 0xFD, 0xFD, 0x8D, 0x40, 
	0x69, 0x5F, 0x7B, 0x6D, 0xC3, 0xFD, 0xEA, 0xCE, 0xDB, 0xDB, 0xEA, 0xC6, 0x9B, 0xFD, 0xF5, 0x3B, 
	0x5F, 0x70, 0x89, 0x8D, 0x69, 0x89, 0xFD, 0xF5, 0x82, 0xDB, 0x03, 0xC5, 0xD3, 0xFD, 0x71, 0x88, 
	0x00, 0x88, 0x00, 0x04, 0x31, 0xEA, 0xEA, 0xDB, 0xDB, 0x80, 0xE7, 0x07, 0xDB, 0xE8, 0xEA, 0xDB, 
	0xCE, 0xCC, 0xCE, 0xD3, 0xA7, 0xCE, 0x8A, 0xC8, 0x00, 0xCE, 0x81, 0xC8, 0x04, 0xC6, 0xC6, 0xC8, 
	0xC6, 0xC8, 0x95, 0xC6, 0x01, 0xC5, 0xC6, 0x85, 0xCC, 0x01, 0xC5, 0xC5, 0x80, 0xC6, 0x01, 0xCB, 
	0xC6, 0x80, 0xCC, 0x01, 0xCB, 0xCC, 0x80, 0xC6, 0x00, 0xCB, 0x81, 0xCC, 0x06, 0xC5, 0xC5, 0xC6, 
	0xCB, 0xCB, 0xC6, 0xC6, 0x81, 0xCC, 0x00, 0xC6, 0x81, 0xCC, 0x08, 0xC6, 0xC6, 0xC5, 0xCB, 0xCC, 
	0xC6, 0xC6, 0xCC, 0xC6, 0x82, 0xCC, 0x80, 0xC5, 0x66, 0xCE, 0xD5, 0xDB, 0xE8, 0xE8, 0xDC, 0xDE, 
	0xEA, 0xDE, 0x6E, 0xF3, 0xDB, 0x40, 0x57, 0xDC, 0xFD, 0xC3, 0x7B, 0xFD, 0xDE, 0xDC, 0xDB, 0xD8, 
	0xF5, 0xC5, 0xEA, 0xD8, 0x9D, 0xC8, 0xC8, 0xDE, 0xDE, 0xF3, 0xC3, 0xA2, 0xC8, 0xD8, 0xCE, 0xFD, 
	0x6D, 0x00, 0x32, 0xFD, 0xBD, 0x57, 0x40, 0x7B, 0x83, 0x71, 0x69, 0x7B, 0xA0, 0x7B, 0x96, 0xFB, 
	0xEA, 0x7B, 0xEA, 0x40, 0x37, 0x71, 0x89, 0x37, 0x69, 0x3D, 0x40, 0x40, 0xC5, 0xF5, 0xCE, 0xDB, 
	0xD3, 0xDC, 0xC5, 0x9F, 0xFA, 0xF0, 0xFD, 0x90, 0x37, 0x70, 0x70, 0x9C, 0xFD, 0xF5, 0xEA, 0xC5, 
	0xDB, 0xD3, 0xD3, 0xDC, 0xA0, 0xC6, 0xDB, 0xA2, 0xA2, 0x90, 0x9F, 0x9D, 0xC3, 0x96, 0x90, 0x9F, 
	0x80, 0xDB, 0x0F, 0xD3, 0xEF, 0x9B, 0xCE, 0xFD, 0xDB, 0xCE, 0xF3, 0xDB, 0xDE, 0xEA, 0xC7, 0xDD, 
	0xFA, 0xEF, 0xCE, 0x80, 0xD3, 0x04, 0xDB, 0xBD, 0xD3, 0xFD, 0x71, 0x88, 0x00, 0x88, 0x00, 0x04, 
	0x29, 0xEA, 0xEA, 0xDB, 0xDB, 0x82, 0xE7, 0x09, 0xE8, 0xEA, 0xDB, 0xCC, 0xB9, 0xB5, 0xA0, 0xB5, 
	0xBD, 0xC3, 0x80, 0xC5, 0x02, 0xBD, 0xB5, 0xB5, 0x80, 0xBD, 0x05, 0xB5, 0xBD, 0xB5, 0xB5, 0xC5, 
	0xBE, 0x84, 0xBD, 0x9D, 0xB5, 0x07, 0xB3, 0xB3, 0xB5, 0xA2, 0xB5, 0xB5, 0xA2, 0xA2, 0x82, 0xB5, 
	0x09, 0xB3, 0xB3, 0xA2, 0xA0, 0xB3, 0xB3, 0xA0, 0xA0, 0xB3, 0xA2, 0x80, 0xB5, 0x01, 0xA0, 0xA0, 
	0x80, 0xB5, 0x06, 0xA0, 0xB3, 0xB3, 0xB2, 0xB2, 0xB3, 0xB2, 0x8A, 0xB3, 0x01, 0x9F, 0x9F, 0x80, 
	0xB2, 0x02, 0xB3, 0x9F, 0x9F, 0x81, 0xB2, 0x00, 0x9F, 0x82, 0xB2, 0x88, 0xB3, 0x04, 0x9F, 0xB5, 
	0xB5, 0xB3, 0xB3, 0x80, 0xB5, 0x0A, 0xB3, 0x9F, 0x9F, 0xB3, 0xC5, 0xCE, 0xD5, 0xDB, 0xDB, 0xE8, 
	0xE8, 0x80, 0xDC, 0x03, 0xEF, 0xCE, 0x6D, 0xCE, 0x80, 0xFD, 0x40, 0xFC, 0x71, 0x9F, 0xFD, 0xDE, 
	0xDB, 0xDB, 0xD3, 0xF5, 0xBE, 0xD8, 0xFD, 0xFD, 0xC3, 0x90, 0x9D, 0xA2, 0x90, 0xDE, 0xFD, 0xFD, 
	0xD8, 0xC6, 0xF6, 0x9F, 0x9B, 0x96, 0xDB, 0xD3, 0x9F, 0xC5, 0xC5, 0xB5, 0xA2, 0xC6, 0xC5, 0x96, 
	0xC5, 0xCE, 0xEF, 0xEA, 0x7B, 0xDE, 0xC5, 0x90, 0xB5, 0xDE, 0xC5, 0xDD, 0xC5, 0x96, 0x96, 0xF5, 
	0xDE, 0xCE, 0xDB, 0xD3, 0xDC, 0xBD, 0x9F, 0xFA, 0xF0, 0xF5, 0xCE, 0xC5, 0x80, 0xDB, 0x26, 0xF7, 
	0xF5, 0xF0, 0xC7, 0xDB, 0xD3, 0xD3, 0xEA, 0xA0, 0xC5, 0xF7, 0x57, 0x69, 0x96, 0x96, 0x9F, 0x89, 
	0xCE, 0xC3, 0xC5, 0xF3, 0xCE, 0xDB, 0xD3, 0xDC, 0x96, 0xC5, 0xFB, 0xF5, 0xFD, 0x8D, 0x70, 0x96, 
	0x7B, 0xC7, 0xFD, 0xFA, 0xD8, 0xC3, 0x80, 0xD3, 0x04, 0xDB, 0xBD, 0xCE, 0xFD, 0x71, 0x88, 0x00, 
	0x88, 0x00, 0x04, 0x31, 0xEA, 0xEA, 0xDB, 0xDB, 0x81, 0xE7, 0x80, 0xE8, 0x0B, 0xEA, 0xEA, 0xE7, 
	0xD2, 0xBE, 0xB3, 0x96, 0xB2, 0xB9, 0xB5, 0xB5, 0x9F, 0x80, 0x9A, 0x04, 0xB3, 0x94, 0x9A, 0x93, 
	0x93, 0x80, 0x9A, 0x01, 0x96, 0x93, 0x80, 0xB2, 0x03, 0x9F, 0x9F, 0x96, 0x7E, 0x80, 0x9A, 0x09, 
	0x7E, 0x7E, 0x9A, 0x93, 0x93, 0xB2, 0x9A, 0x96, 0x94, 0x9F, 0x8B, 0x9A, 0x1B, 0x89, 0x85, 0x93, 
	0x93, 0x7C, 0x8F, 0x9F, 0x93, 0x7E, 0x96, 0x71, 0x98, 0x93, 0x8D, 0x93, 0x82, 0x8D, 0x89, 0x9A, 
	0x94, 0x7E, 0x93, 0x73, 0x8D, 0xB0, 0x94, 0x98, 0x94, 0x80, 0x9A, 0x00, 0x94, 0x80, 0x9A, 0x08, 
	0x7E, 0x93, 0x7E, 0x7E, 0x78, 0x7E, 0x8D, 0x93, 0x96, 0x81, 0x94, 0x03, 0x93, 0x93, 0x94, 0x94, 
	0x81, 0x96, 0x0F, 0x94, 0x98, 0x9A, 0x96, 0x71, 0x7E, 0x94, 0x7E, 0x7E, 0x96, 0x93, 0x94, 0x7E, 
	0x7E, 0x9A, 0x9A, 0x80, 0x94, 0x81, 0x9A, 0x14, 0x94, 0x9A, 0x9A, 0x98, 0x90, 0x95, 0xAF, 0xB0, 
	0x9C, 0x9A, 0x7B, 0x7B, 0x8D, 0x9A, 0xB5, 0xC5, 0xCE, 0xD5, 0xD5, 0xDB, 0xDB, 0x83, 0xE8, 0x0A, 
	0xF5, 0xDB, 0x7B, 0x89, 0x9F, 0xA2, 0x71, 0x96, 0xEF, 0xFA, 0xEA, 0x80, 0xDB, 0x16, 0xEF, 0xA0, 
	0xDB, 0xFD, 0xFD, 0xC8, 0x89, 0x9D, 0x71, 0x40, 0xF3, 0xFD, 0xFD, 0xD8, 0xA0, 0xF8, 0xFB, 0xFD, 
	0xFD, 0xF3, 0xF5, 0xFA, 0xF6, 0x80, 0xF8, 0x08, 0xF5, 0xF3, 0xF8, 0xF6, 0xF3, 0xEA, 0xEA, 0x6D, 
	0xF5, 0x87, 0xFD, 0x0A, 0xDB, 0xCE, 0xDB, 0xD3, 0xDB, 0xB5, 0x9F, 0xFD, 0xFA, 0xF7, 0xFC, 0x81, 
	0xFD, 0x2E, 0xFA, 0xFD, 0xF8, 0xC5, 0xDB, 0xD3, 0xD3, 0xDC, 0x9F, 0xCE, 0xFD, 0x69, 0x3F, 0x6D, 
	0x96, 0x8D, 0x40, 0x7B, 0x7B, 0xC5, 0xFD, 0xC6, 0xD3, 0xD3, 0xDB, 0xC5, 0x7B, 0xF5, 0xFD, 0xF7, 
	0x6D, 0x3B, 0x7B, 0x9F, 0xCE, 0xFD, 0xDB, 0x96, 0xCE, 0xD8, 0xD3, 0xD3, 0xDB, 0xBD, 0xD3, 0xFD, 
	0x71, 0x88, 0x00, 0x88, 0x00, 0x04, 0x31, 0xEA, 0xEA, 0xDB, 0xDB, 0x81, 0xE7, 0x82, 0xE8, 0x17, 
	0xEA, 0xED, 0xEA, 0xEA, 0xF6, 0x40, 0x1E, 0x28, 0x32, 0x9F, 0x9F, 0xB5, 0x3E, 0x20, 0x3E, 0x57, 
	0x69, 0x6E, 0x69, 0x20, 0x29, 0x32, 0x37, 0x29, 0x80, 0x2A, 0x0E, 0x20, 0x3D, 0xB9, 0x3E, 0x20, 
	0x3B, 0x71, 0x7B, 0x33, 0x32, 0x3B, 0x29, 0x2A, 0x33, 0x37, 0x8B, 0x2A, 0x19, 0x28, 0x3C, 0x4A, 
	0x34, 0x34, 0x43, 0x33, 0x2A, 0x43, 0x42, 0x32, 0x6A, 0x34, 0x31, 0x34, 0x34, 0x3B, 0x3B, 0x3C, 
	0x2A, 0x3B, 0x4A, 0x34, 0x43, 0x40, 0x2A, 0x86, 0x32, 0x06, 0x2A, 0x57, 0x33, 0x6D, 0x8D, 0x8D, 
	0x69, 0x90, 0x32, 0x04, 0x96, 0x6E, 0x29, 0x57, 0x71, 0x80, 0x32, 0x02, 0x57, 0x5D, 0x29, 0x89, 
	0x32, 0x01, 0x36, 0x36, 0x80, 0x32, 0x0B, 0x37, 0x96, 0x9F, 0xBD, 0xCC, 0xCE, 0xCC, 0xCE, 0xCE, 
	0xD5, 0xDB, 0xDB, 0x84, 0xE8, 0x23, 0xEF, 0xF3, 0xC6, 0x9D, 0x96, 0xC5, 0xF5, 0xDB, 0xFA, 0xEA, 
	0xDB, 0xDC, 0xD3, 0xDC, 0xC5, 0x9D, 0xC8, 0xD8, 0xDB, 0xDC, 0xDE, 0xD8, 0x9F, 0xC3, 0xC8, 0xB5, 
	0x89, 0xCE, 0xF5, 0xF3, 0xF3, 0xEF, 0xDE, 0xEA, 0xF6, 0xFB, 0x80, 0xFD, 0x0A, 0xFC, 0xF3, 0xDE, 
	0xDE, 0xEA, 0xEA, 0xF8, 0x71, 0x6F, 0xBD, 0xA2, 0x83, 0xB5, 0x02, 0xBD, 0xA0, 0xBD, 0x80, 0xD3, 
	0x04, 0xD8, 0xCE, 0x8D, 0xB5, 0xC6, 0x84, 0xC5, 0x26, 0xC8, 0x90, 0xA0, 0xDC, 0xD3, 0xCE, 0xD8, 
	0xC6, 0x8D, 0xC3, 0xC5, 0x9F, 0x96, 0x9D, 0x96, 0xC5, 0x8E, 0x8D, 0x90, 0x96, 0xC5, 0xDB, 0xD3, 
	0xD3, 0xEA, 0x9F, 0x71, 0xCD, 0xFA, 0xFB, 0xFA, 0xF5, 0xFD, 0xF8, 0xA0, 0x71, 0xC5, 0xDB, 0xCE, 
	0x80, 0xD3, 0x03, 0xBD, 0xD3, 0xFD, 0x71, 0x88, 0x00, 0x88, 0x00, 0x04, 0x31, 0xEA, 0xEA, 0xDB, 
	0xDB, 0x81, 0xE7, 0x80, 0xE8, 0x00, 0xEA, 0x81, 0xE8, 0x29, 0xEA, 0xFD, 0x3B, 0x00, 0x0C, 0x00, 
	0x37, 0x57, 0x71, 0x69, 0x00, 0x3B, 0x57, 0x71, 0x7B, 0x29, 0x33, 0x3D, 0x57, 0x6D, 0x0C, 0x0B, 
	0x0C, 0x0C, 0x06, 0x1E, 0x6D, 0x1E, 0x0D, 0x1E, 0x5D, 0x6E, 0x6D, 0x9D, 0x69, 0x15, 0x3D, 0x57, 
	0x57, 0x06, 0x0C, 0x12, 0x84, 0x0C, 0x06, 0x0D, 0x0D, 0x0C, 0x0C, 0x0F, 0x27, 0x10, 0x80, 0x42, 
	0x16, 0x22, 0x0B, 0x11, 0x41, 0x0A, 0x34, 0x25, 0x46, 0x42, 0x27, 0x46, 0x0F, 0x25, 0x22, 0x22, 
	0x25, 0x47, 0x25, 0x08, 0x05, 0x12, 0x0D, 0x0D, 0x82, 0x0C, 0x0A, 0x0D, 0x00, 0x37, 0x3D, 0x32, 
	0x3D, 0x7B, 0x3B, 0x9F, 0x3D, 0x00, 0x83, 0x0C, 0x00, 0x0D, 0x84, 0x0C, 0x0E, 0x06, 0x0F, 0x96, 
	0x9F, 0x6D, 0x71, 0x7B, 0x3B, 0x6E, 0x69, 0x7B, 0x9F, 0x20, 0x00, 0x0D, 0x87, 0x0C, 0x10, 0x12, 
	0x06, 0x1D, 0x0D, 0x00, 0x1E, 0xEA, 0xDB, 0xCE, 0xCC, 0xCB, 0xCC, 0xCE, 0xCE, 0xD5, 0xDB, 0xDB, 
	0x84, 0xE8, 0x20, 0xEA, 0xEA, 0xF5, 0xFA, 0xFA, 0xF5, 0xEA, 0xDB, 0xFA, 0xDE, 0xD3, 0xDC, 0xD3, 
	0xD3, 0xDC, 0xB5, 0x7B, 0x79, 0x85, 0x93, 0x94, 0x96, 0x9F, 0x85, 0x71, 0x78, 0xC5, 0xF5, 0xEA, 
	0xF3, 0xEF, 0xDC, 0xF6, 0x86, 0xFD, 0x01, 0xEA, 0xDC, 0x80, 0xEA, 0x01, 0x7B, 0x6D, 0x81, 0x69, 
	0x06, 0x6D, 0x6D, 0x6E, 0x6E, 0x8D, 0xC6, 0xDB, 0x80, 0xD3, 0x01, 0xDC, 0xC5, 0x80, 0x7B, 0x81, 
	0x71, 0x03, 0x7B, 0x7B, 0x71, 0x8E, 0x82, 0xD3, 0x08, 0xDC, 0xB5, 0x7B, 0x89, 0x8D, 0x8D, 0x89, 
	0x8D, 0x7B, 0x80, 0x8D, 0x01, 0x96, 0xDB, 0x81, 0xD3, 0x0D, 0xEA, 0xB5, 0x6F, 0x7B, 0xB5, 0xC5, 
	0xC5, 0x9F, 0x7B, 0x71, 0xCE, 0xDC, 0xCE, 0xCE, 0x80, 0xD3, 0x03, 0xBD, 0xD3, 0xFD, 0x71, 0x88, 
	0x00, 0x88, 0x00, 0x04, 0x31, 0xEA, 0xEA, 0xDB, 0xDB, 0x82, 0xE7, 0x85, 0xE8, 0x27, 0xFD, 0x3D, 
	0x06, 0x1E, 0x15, 0x32, 0x37, 0x6D, 0x6D, 0x15, 0x57, 0x6F, 0x57, 0x6D, 0x33, 0x40, 0xDB, 0x3D, 
	0x6D, 0x1E, 0x16, 0x1E, 0x1E, 0x19, 0x1E, 0x37, 0x28, 0x19, 0x6D, 0x37, 0x33, 0x57, 0x3B, 0x37, 
	0x3E, 0xC8, 0x3D, 0x3B, 0x0F, 0x19, 0x88, 0x1E, 0x1B, 0x18, 0x16, 0x35, 0x42, 0x34, 0x25, 0x46, 
	0x35, 0x15, 0x34, 0x42, 0x34, 0x43, 0x22, 0x3C, 0x27, 0x26, 0x35, 0x0D, 0x0F, 0x35, 0x35, 0x43, 
	0x35, 0x35, 0x33, 0x18, 0x19, 0x85, 0x1E, 0x0A, 0x0C, 0x6D, 0x69, 0x37, 0x78, 0x69, 0x7B, 0xCB, 
	0x6D, 0x0C, 0x19, 0x8A, 0x1E, 0x0D, 0x16, 0x29, 0x37, 0x57, 0xB9, 0x5D, 0x3D, 0x33, 0x8D, 0x78, 
	0x93, 0x6D, 0x3B, 0x0C, 0x80, 0x1E, 0x10, 0x19, 0x1E, 0x19, 0x19, 0x1E, 0x1E, 0x1B, 0x1B, 0x13, 
	0x34, 0x3C, 0x1D, 0x06, 0x2A, 0xEA, 0xCE, 0xC6, 0x81, 0xCC, 0x03, 0xCE, 0xD5, 0xDB, 0xDB, 0x83, 
	0xE8, 0x80, 0xEA, 0x1E, 0xDB, 0xEA, 0xEF, 0xEA, 0xEA, 0xDB, 0xFA, 0xDB, 0xD3, 0xDB, 0xDC, 0xDC, 
	0xD3, 0xDB, 0xEA, 0xDC, 0xDB, 0xD3, 0xCE, 0xD3, 0xD7, 0xDB, 0xEA, 0xF5, 0xF3, 0xEA, 0xF3, 0xEA, 
	0xDB, 0xF6, 0xFA, 0x80, 0xFB, 0x83, 0xFD, 0x07, 0xFB, 0xD3, 0xDC, 0xEA, 0xEF, 0xF5, 0xEA, 0xDB, 
	0x80, 0xD3, 0x04, 0xDB, 0xDB, 0xDC, 0xEA, 0xEA, 0x80, 0xDB, 0x11, 0xD3, 0xDB, 0xD3, 0xF5, 0xB5, 
	0x57, 0x85, 0x96, 0x85, 0x94, 0x71, 0x8D, 0x70, 0xC5, 0xF8, 0xD3, 0xD3, 0xCE, 0x80, 0xD3, 0x04, 
	0xDE, 0xEA, 0xDC, 0xDB, 0xD8, 0x81, 0xDB, 0x02, 0xDC, 0xEA, 0xEA, 0x82, 0xD3, 0x14, 0xDB, 0xDC, 
	0xDB, 0xB5, 0x8D, 0x7B, 0x83, 0x8E, 0xC5, 0xEA, 0xDC, 0xD8, 0xD3, 0xCE, 0xD3, 0xD3, 0xDB, 0xBD, 
	0xD3, 0xFD, 0x71, 0x88, 0x00, 0x88, 0x00, 0x04, 0x31, 0xEA, 0xEA, 0xDB, 0xDB, 0x82, 0xE7, 0x85, 
	0xE8, 0x2A, 0xFD, 0x3D, 0x06, 0x19, 0x15, 0x0C, 0x0B, 0x16, 0x0E, 0x0C, 0x15, 0x0E, 0x06, 0x0C, 
	0x0B, 0x29, 0x28, 0x06, 0x0F, 0x0C, 0x15, 0x0D, 0x15, 0x15, 0x0D, 0x0C, 0x0D, 0x0E, 0x16, 0x16, 
	0x15, 0x06, 0x00, 0x00, 0x29, 0x1D, 0x08, 0x33, 0x11, 0x0D, 0x13, 0x15, 0x0F, 0x84, 0x15, 0x1D, 
	0x0D, 0x15, 0x0C, 0x0F, 0x20, 0x0C, 0x0B, 0x1A, 0x0F, 0x08, 0x16, 0x15, 0x0F, 0x1D, 0x15, 0x0C, 
	0x0E, 0x0B, 0x1E, 0x57, 0x2A, 0x0A, 0x0F, 0x1D, 0x06, 0x11, 0x1D, 0x13, 0x0F, 0x14, 0x84, 0x15, 
	0x09, 0x13, 0x1E, 0x15, 0x16, 0x1E, 0x19, 0x16, 0x0F, 0x15, 0x0D, 0x8D, 0x15, 0x09, 0x0C, 0x06, 
	0x16, 0x16, 0x15, 0x0B, 0x15, 0x1E, 0x16, 0x0E, 0x87, 0x15, 0x0B, 0x13, 0x15, 0x1B, 0x0C, 0x42, 
	0x42, 0x19, 0x0C, 0x2A, 0xE7, 0xCE, 0xC6, 0x81, 0xCC, 0x01, 0xCE, 0xD5, 0x80, 0xDB, 0x82, 0xE8, 
	0x16, 0xEA, 0xEA, 0xDE, 0xC5, 0xDB, 0xEA, 0xDC, 0xEA, 0xDB, 0xF6, 0xDB, 0xCE, 0xD3, 0xDB, 0xDB, 
	0xD3, 0xD3, 0xDB, 0xDC, 0xDE, 0xDC, 0xDC, 0xDE, 0x80, 0xEA, 0x0A, 0xDE, 0xDC, 0xEA, 0xDE, 0xD3, 
	0xF6, 0xFD, 0xFB, 0xF5, 0xFA, 0xFD, 0x80, 0xF8, 0x09, 0xFB, 0xFD, 0xFA, 0xFD, 0xF8, 0xD3, 0xDC, 
	0xEA, 0xF6, 0xF5, 0x82, 0xEF, 0x04, 0xF5, 0xF6, 0xF5, 0xEA, 0xDC, 0x82, 0xDB, 0x0C, 0xF6, 0xC6, 
	0x71, 0x71, 0x85, 0x79, 0x85, 0x9F, 0x7B, 0x5D, 0x9F, 0xF6, 0xDC, 0x82, 0xDB, 0x01, 0xDC, 0xF3, 
	0x80, 0xF6, 0x80, 0xF5, 0x03, 0xF6, 0xF6, 0xEF, 0xDC, 0x81, 0xDB, 0x0C, 0xD3, 0xEA, 0xEF, 0xF5, 
	0xF6, 0xFA, 0xF6, 0xF6, 0xFA, 0xF6, 0xF3, 0xEA, 0xDB, 0x81, 0xD3, 0x04, 0xDB, 0xBD, 0xD3, 0xFD, 
	0x71, 0x88, 0x00, 0x88, 0x00, 0x04, 0x31, 0xEA, 0xEA, 0xDB, 0xDC, 0x81, 0xE7, 0x86, 0xE8, 0x01, 
	0xFD, 0x3D, 0xA0, 0x00, 0x01, 0x0F, 0x02, 0x9A, 0x00, 0x02, 0x06, 0x1A, 0x08, 0xBD, 0x00, 0x12, 
	0x0E, 0x18, 0x0F, 0x25, 0x1E, 0x06, 0x31, 0xE7, 0xCE, 0xC5, 0xCB, 0xCC, 0xCC, 0xCE, 0xCE, 0xD5, 
	0xDB, 0xDB, 0xE7, 0x84, 0xE8, 0x11, 0xDB, 0xD5, 0xD5, 0xEA, 0xEA, 0xDE, 0xDC, 0xF5, 0xCE, 0xCE, 
	0xDB, 0xDB, 0xD3, 0xD3, 0xDB, 0xD8, 0xD3, 0xDB, 0x81, 0xEA, 0x01, 0xDB, 0xDB, 0x80, 0xDC, 0x07, 
	0xCE, 0xDB, 0xFC, 0xF5, 0xFD, 0xFC, 0xFA, 0xF8, 0x81, 0xF5, 0x00, 0xFA, 0x80, 0xFD, 0x06, 0xDC, 
	0xDB, 0xEF, 0xC3, 0xDB, 0xEA, 0xDB, 0x83, 0xEA, 0x01, 0xD7, 0xEA, 0x80, 0xDB, 0x0E, 0xD3, 0xDC, 
	0xEA, 0xC5, 0xEA, 0xF3, 0xDB, 0xD8, 0xDB, 0xF3, 0xF5, 0xEA, 0xC5, 0xDB, 0xEA, 0x81, 0xDB, 0x02, 
	0xEA, 0xDC, 0xC5, 0x80, 0xD8, 0x81, 0xDB, 0x03, 0xD8, 0xCE, 0xDD, 0xDE, 0x80, 0xDB, 0x02, 0xEF, 
	0xD3, 0xC6, 0x80, 0xDB, 0x07, 0xDC, 0xDB, 0xDD, 0xDB, 0xDB, 0xD8, 0xDB, 0xDB, 0x81, 0xD3, 0x03, 
	0xBD, 0xD3, 0xFD, 0x71, 0x88, 0x00, 0x88, 0x00, 0x04, 0x31, 0xEA, 0xEA, 0xDB, 0xDC, 0x81, 0xE7, 
	0x86, 0xE8, 0x01, 0xFD, 0x3D, 0xFF, 0x00, 0x80, 0x00, 0x12, 0x12, 0x17, 0x34, 0x42, 0x22, 0x06, 
	0x31, 0xE7, 0xCE, 0xC5, 0xC5, 0xCC, 0xCC, 0xCE, 0xCE, 0xD5, 0xDB, 0xDB, 0xE7, 0x82, 0xE8, 0x0C, 
	0xEA, 0xDB, 0xD5, 0xE7, 0xD2, 0xD5, 0xEA, 0xDE, 0xDC, 0xF5, 0xC6, 0xD3, 0xDB, 0x80, 0xD3, 0x0E, 
	0xDB, 0xD3, 0xD3, 0xDB, 0xBD, 0xB5, 0x96, 0xCE, 0xDC, 0xD3, 0xDB, 0xDB, 0xD3, 0xC5, 0xF0, 0x80, 
	0xF5, 0x03, 0xF8, 0xF7, 0xF5, 0xF7, 0x80, 0xF5, 0x3F, 0xF7, 0xFA, 0xF8, 0xFD, 0xEF, 0xD5, 0x96, 
	0xA2, 0xC3, 0x9F, 0xC5, 0x8D, 0x9F, 0x9D, 0xBD, 0xBD, 0xB5, 0xEA, 0xDD, 0xDC, 0xDB, 0xDB, 0xDC, 
	0xEA, 0x9D, 0xC5, 0xF0, 0xB5, 0xC8, 0xDC, 0xDB, 0xC3, 0xB5, 0xD3, 0xDB, 0xEF, 0xDE, 0xDB, 0xDB, 
	0xD3, 0xDC, 0xDC, 0x9D, 0xC8, 0xDC, 0xDE, 0xDE, 0xEA, 0xEA, 0xDD, 0xDB, 0xEA, 0xDB, 0xF0, 0xEA, 
	0xDB, 0xDB, 0xEA, 0xD3, 0x96, 0xDB, 0xDC, 0xDC, 0xDD, 0x81, 0xEA, 0x03, 0xDB, 0xDB, 0xF5, 0xDC, 
	0x81, 0xD3, 0x03, 0xBD, 0xD3, 0xFD, 0x71, 0x88, 0x00, 0x88, 0x00, 0x04, 0x32, 0xEF, 0xEA, 0xDB, 
	0xDB, 0x81, 0xE7, 0x86, 0xE8, 0x01, 0xFD, 0x3D, 0xFF, 0x00, 0x80, 0x00, 0x12, 0x0D, 0x12, 0x41, 
	0x4D, 0x26, 0x06, 0x31, 0xE8, 0xCE, 0xC5, 0xC5, 0xCC, 0xCC, 0xCE, 0xCE, 0xD5, 0xDB, 0xDB, 0xE7, 
	0x84, 0xE8, 0x81, 0xDB, 0x05, 0xDC, 0xDE, 0xDC, 0xF3, 0xC5, 0xCE, 0x81, 0xD3, 0x08, 0xCE, 0xD3, 
	0xDC, 0xA0, 0x9F, 0xC5, 0x83, 0x9F, 0xDC, 0x80, 0xD3, 0x1F, 0xCE, 0xC6, 0xEA, 0xEA, 0xF5, 0xF7, 
	0xF7, 0xF8, 0xF7, 0xF5, 0xF5, 0xF7, 0xF7, 0xF5, 0xF8, 0xFA, 0xFB, 0xF5, 0xB2, 0x69, 0xFD, 0x89, 
	0x3B, 0x71, 0x9F, 0x70, 0x70, 0x57, 0x57, 0x70, 0xFD, 0xC6, 0x80, 0xDB, 0x0E, 0xDC, 0xC5, 0x96, 
	0xFD, 0xD7, 0x69, 0x5D, 0x89, 0x69, 0x6D, 0x6D, 0x3B, 0xFB, 0xFA, 0xC8, 0x80, 0xDB, 0x20, 0xEA, 
	0xA0, 0xB5, 0xFD, 0xFA, 0xFC, 0xFA, 0xF3, 0xF3, 0xFA, 0xFA, 0xFB, 0xFA, 0xEA, 0xCE, 0xDB, 0xDB, 
	0xEF, 0x9B, 0xC6, 0xFD, 0xF5, 0xFC, 0xFD, 0xFA, 0xF5, 0xFA, 0xFC, 0xFA, 0xF8, 0xEF, 0xCE, 0xDB, 
	0x80, 0xD3, 0x03, 0xBD, 0xD3, 0xFD, 0x71, 0x88, 0x00, 0x88, 0x00, 0x02, 0x33, 0xF5, 0xDC, 0x82, 
	0xDB, 0x00, 0xE7, 0x86, 0xE8, 0x01, 0xFD, 0x3D, 0xFF, 0x00, 0x80, 0x00, 0x11, 0x0E, 0x18, 0x11, 
	0x10, 0x1E, 0x0C, 0x31, 0xE8, 0xCE, 0xC5, 0xC5, 0xCC, 0xCC, 0xCE, 0xCE, 0xD5, 0xDB, 0xDB, 0x80, 
	0xE7, 0x82, 0xE8, 0x81, 0xEA, 0x80, 0xDC, 0x02, 0xEA, 0xC3, 0xCE, 0x81, 0xD3, 0x07, 0xCE, 0xDB, 
	0xC6, 0x9B, 0xEA, 0xDB, 0xDC, 0xDC, 0x81, 0xD3, 0x5C, 0xC5, 0xC5, 0xEA, 0xEA, 0xF5, 0xF3, 0xF5, 
	0xF8, 0xF7, 0xF5, 0xF8, 0xF8, 0xF7, 0xF7, 0xF8, 0xF6, 0xFA, 0xF5, 0x94, 0x69, 0xEA, 0x9F, 0x7B, 
	0x89, 0xD8, 0x89, 0x8D, 0x89, 0x6F, 0x89, 0xEA, 0xC5, 0xD3, 0xDB, 0xD3, 0xDC, 0xC5, 0x9F, 0xFD, 
	0xDB, 0x9C, 0x96, 0xA2, 0xC3, 0xA1, 0xBD, 0x8E, 0xEA, 0xF5, 0xC6, 0xDB, 0xD3, 0xD3, 0xDC, 0xA0, 
	0xB5, 0xFD, 0xC3, 0x69, 0x6F, 0x96, 0x6D, 0xA2, 0x96, 0x3B, 0xD7, 0xFA, 0xC6, 0xDB, 0xDB, 0xEA, 
	0x9F, 0xC6, 0xFA, 0xFA, 0x96, 0x6D, 0x6D, 0x9C, 0xB5, 0x40, 0xD7, 0xFD, 0xDE, 0xCE, 0xD3, 0xD3, 
	0xCE, 0xD3, 0xBD, 0xCE, 0xFD, 0x71, 0x88, 0x00, 0x88, 0x00, 0x02, 0x33, 0xF5, 0xDC, 0x82, 0xDB, 
	0x00, 0xE7, 0x86, 0xE8, 0x01, 0xFD, 0x3D, 0xFF, 0x00, 0x80, 0x00, 0x11, 0x12, 0x2B, 0x0F, 0x35, 
	0x16, 0x06, 0x31, 0xE8, 0xCE, 0xC5, 0xC5, 0xCC, 0xCC, 0xCE, 0xCE, 0xD5, 0xDB, 0xDB, 0x80, 0xE7, 
	0x86, 0xE8, 0x80, 0xDC, 0x04, 0xEA, 0xBD, 0xCE, 0xD3, 0xCE, 0x80, 0xD3, 0x06, 0xDB, 0xC6, 0x96, 
	0xDC, 0xEA, 0xD3, 0xA0, 0x81, 0xCE, 0x08, 0xC5, 0xC5, 0xCE, 0xCE, 0xF5, 0xF7, 0xF5, 0xF8, 0xFA, 
	0x80, 0xF8, 0x25, 0xF7, 0xF8, 0xF5, 0xF8, 0xFB, 0xDB, 0x7B, 0x69, 0xCE, 0x8D, 0x90, 0x9D, 0x8D, 
	0x9C, 0x9F, 0xB5, 0xA1, 0x7B, 0xB5, 0xCE, 0xCE, 0xD3, 0xD3, 0xDC, 0xC5, 0x9F, 0xF8, 0xFC, 0xD7, 
	0xCD, 0xB5, 0xB5, 0xC7, 0xC5, 0xDC, 0xF5, 0xEA, 0xC5, 0x80, 0xD3, 0x27, 0xDC, 0xA2, 0xB5, 0xFD, 
	0xA1, 0x3D, 0x3F, 0x9F, 0xB5, 0x8D, 0x57, 0x71, 0xFA, 0xF0, 0xC6, 0xD8, 0xD3, 0xDC, 0x9C, 0xC5, 
	0xFA, 0xFC, 0x8D, 0x40, 0x69, 0x7B, 0x69, 0x89, 0xF5, 0xF7, 0xEA, 0xCE, 0xD3, 0xD3, 0xCE, 0xD3, 
	0xBD, 0xCE, 0xFD, 0x71, 0x88, 0x00, 0x88, 0x00, 0x02, 0x33, 0xF5, 0xDC, 0x82, 0xDB, 0x00, 0xE7, 
	0x86, 0xE8, 0x01, 0xFD, 0x3B, 0xFF, 0x00, 0x80, 0x00, 0x09, 0x0E, 0x18, 0x0F, 0x46, 0x22, 0x06, 
	0x32, 0xEB, 0xC8, 0xC6, 0x81, 0xCC, 0x04, 0xCE, 0xD5, 0xDB, 0xDB, 0xE7, 0x80, 0xE8, 0x00, 0xE7, 
	0x84, 0xE8, 0x05, 0xDC, 0xDC, 0xDE, 0xEF, 0xB5, 0xCE, 0x83, 0xD3, 0x11, 0xDC, 0xA0, 0x8E, 0xC5, 
	0x96, 0x9B, 0xDB, 0xCE, 0xC6, 0xC6, 0xC5, 0xB5, 0xBE, 0xCE, 0xF5, 0xF8, 0xF5, 0xF7, 0x82, 0xFA, 
	0x24, 0xF7, 0xF5, 0xF8, 0xFD, 0xCE, 0x6D, 0x6D, 0xC8, 0x40, 0x5F, 0x71, 0x40, 0x6D, 0x6D, 0x69, 
	0x6F, 0x71, 0xD3, 0xDB, 0xCE, 0xD3, 0xD3, 0xDB, 0xBD, 0x9F, 0xFA, 0xFD, 0x9F, 0x57, 0x40, 0x3F, 
	0x7B, 0x31, 0x7B, 0xFD, 0xF5, 0xC7, 0x80, 0xD3, 0x27, 0xDC, 0xA0, 0xC3, 0xFC, 0xEA, 0xF0, 0xEA, 
	0xDD, 0xFA, 0xEA, 0xDB, 0xFD, 0xFA, 0xF5, 0xC8, 0xD3, 0xD3, 0xDE, 0x9C, 0xCE, 0xFA, 0xEA, 0xF5, 
	0xFA, 0xDD, 0xDB, 0xCE, 0xFC, 0xF7, 0xF5, 0xF5, 0xCE, 0xD3, 0xCE, 0xD3, 0xD3, 0xBD, 0xCE, 0xFD, 
	0x71, 0x88, 0x00, 0x88, 0x00, 0x02, 0x33, 0xF5, 0xEA, 0x82, 0xDB, 0x00, 0xE7, 0x86, 0xE8, 0x01, 
	0xFD, 0x3D, 0xFF, 0x00, 0x80, 0x00, 0x09, 0x0E, 0x18, 0x16, 0x22, 0x1D, 0x0C, 0x32, 0xE7, 0xC8, 
	0xC5, 0x81, 0xCC, 0x04, 0xCE, 0xD5, 0xDB, 0xDB, 0xE7, 0x88, 0xE8, 0x05, 0xDC, 0xDC, 0xDE, 0xEA, 
	0xB5, 0xC8, 0x82, 0xD3, 0x13, 0xCE, 0xD3, 0xEA, 0xBD, 0x96, 0xBD, 0xDB, 0xCE, 0xCE, 0xC6, 0xC6, 
	0xC5, 0x9F, 0xCC, 0xE7, 0xDB, 0xF3, 0xF5, 0xF3, 0xF7, 0x81, 0xFA, 0x12, 0xF6, 0xF5, 0xF5, 0xFA, 
	0xBD, 0x85, 0x40, 0x96, 0xEA, 0xC3, 0x96, 0xB5, 0x9D, 0x90, 0x96, 0x9F, 0xDB, 0xDB, 0x9F, 0x80, 
	0xD3, 0x16, 0xDB, 0xC5, 0x8D, 0xF6, 0xFD, 0xF5, 0xCE, 0xDE, 0xC3, 0xDE, 0xB5, 0xEA, 0xFD, 0xCE, 
	0x9F, 0xDB, 0xD3, 0xD3, 0xDC, 0xA0, 0x96, 0xFD, 0xFC, 0x80, 0xFD, 0x0D, 0xFA, 0xFD, 0xFD, 0xFA, 
	0xFB, 0xD3, 0xBD, 0xDB, 0xD3, 0xDC, 0x96, 0xB5, 0xFD, 0xFA, 0x82, 0xFD, 0x0C, 0xFC, 0xFA, 0xFC, 
	0xCE, 0xC5, 0xD3, 0xCE, 0xD3, 0xD3, 0xBD, 0xCE, 0xFD, 0x71, 0x88, 0x00, 0x88, 0x00, 0x02, 0x33, 
	0xF3, 0xEA, 0x83, 0xDB, 0x86, 0xE8, 0x01, 0xFD, 0x3D, 0xFF, 0x00, 0x80, 0x00, 0x0A, 0x08, 0x1E, 
	0x18, 0x0E, 0x18, 0x12, 0x31, 0xDC, 0xCE, 0xC5, 0xC6, 0x80, 0xCC, 0x06, 0xCE, 0xD5, 0xDB, 0xDB, 
	0xE7, 0xE8, 0xE7, 0x86, 0xE8, 0x05, 0xDC, 0xDC, 0xEA, 0xEA, 0xB5, 0xCE, 0x84, 0xD3, 0x05, 0xDB, 
	0xDC, 0xDC, 0xDB, 0xCE, 0xCE, 0x80, 0xC6, 0x08, 0xC5, 0xB3, 0xB2, 0xD2, 0xD7, 0xEA, 0xF0, 0xEF, 
	0xEA, 0x82, 0xF5, 0x1A, 0xF7, 0xF8, 0xDB, 0x8D, 0xB3, 0x71, 0x57, 0x89, 0x7B, 0x7B, 0x8D, 0x89, 
	0x8E, 0x8E, 0x8D, 0x8E, 0x71, 0xA0, 0xDC, 0xD3, 0xCE, 0xD3, 0xDB, 0x96, 0x71, 0x7B, 0x8D, 0x80, 
	0x96, 0x06, 0x8D, 0x9F, 0x8E, 0x7B, 0x71, 0xC3, 0xDB, 0x81, 0xD3, 0x03, 0x8E, 0x7B, 0x89, 0x89, 
	0x82, 0x7B, 0x03, 0x8D, 0x7B, 0x7B, 0xC6, 0x80, 0xD3, 0x03, 0xC5, 0x7B, 0x8D, 0x8D, 0x82, 0x89, 
	0x0C, 0x8D, 0x8D, 0x89, 0x90, 0xD3, 0xD3, 0xCE, 0xD3, 0xDB, 0xBD, 0xCE, 0xFD, 0x7B, 0x88, 0x00, 
	0x88, 0x00, 0x02, 0x33, 0xF5, 0xDC, 0x83, 0xDB, 0x86, 0xE8, 0x01, 0xFD, 0x3D, 0xFF, 0x00, 0x80, 
	0x00, 0x0A, 0x05, 0x2A, 0x51, 0x2F, 0x2F, 0x17, 0x29, 0xD9, 0xD0, 0xC5, 0xC5, 0x80, 0xCC, 0x04, 
	0xCE, 0xD5, 0xDB, 0xDB, 0xE7, 0x86, 0xE8, 0x80, 0xEA, 0x04, 0xDC, 0xEA, 0xEA, 0xB5, 0xCE, 0x84, 
	0xD3, 0x03, 0xDB, 0xDB, 0xD3, 0xD3, 0x80, 0xCE, 0x0B, 0xC6, 0xCC, 0xC5, 0xBE, 0x96, 0xB5, 0xCE, 
	0xCE, 0xEA, 0xF5, 0xEA, 0xEF, 0x82, 0xF5, 0x19, 0xF0, 0x9C, 0x8E, 0xBD, 0xC6, 0x9B, 0x7B, 0x8D, 
	0x8E, 0x8E, 0x90, 0x96, 0x96, 0x9B, 0x9F, 0xC6, 0xDC, 0xD3, 0xD3, 0xCE, 0xD3, 0xCE, 0xDC, 0xC5, 
	0x9D, 0x9B, 0x82, 0x96, 0x04, 0x9F, 0xA0, 0xD3, 0xDB, 0xCE, 0x81, 0xD3, 0x03, 0xDB, 0xB5, 0x9F, 
	0x9B, 0x82, 0x96, 0x03, 0x9F, 0xA0, 0xD3, 0xDB, 0x80, 0xD3, 0x03, 0xDB, 0xD3, 0x9F, 0x9F, 0x82, 
	0x96, 0x02, 0x9D, 0x9F, 0xB5, 0x83, 0xD3, 0x03, 0xBD, 0xCE, 0xFD, 0x7B, 0x88, 0x00, 0x88, 0x00, 
	0x02, 0x33, 0xF5, 0xDC, 0x83, 0xDB, 0x86, 0xE8, 0x01, 0xFD, 0x3D, 0xFF, 0x00, 0x80, 0x00, 0x0A, 
	0x08, 0x2F, 0x51, 0x50, 0x58, 0x50, 0x29, 0xDC, 0xD0, 0xC5, 0xC5, 0x80, 0xCC, 0x04, 0xCE, 0xD5, 
	0xDB, 0xDB, 0xE7, 0x80, 0xE8, 0x02, 0xE7, 0xE8, 0xEA, 0x80, 0xED, 0x07, 0xEF, 0xED, 0xEA, 0xDE, 
	0xDE, 0xEA, 0xA2, 0xCE, 0x81, 0xD3, 0x81, 0xDB, 0x80, 0xDC, 0x1D, 0xDB, 0xD3, 0xD3, 0xCE, 0xCC, 
	0xC5, 0xBE, 0x9F, 0x8D, 0xB9, 0xCE, 0xCC, 0xCE, 0xED, 0xEA, 0xF3, 0xF5, 0xF5, 0xDB, 0xD7, 0x9F, 
	0x8D, 0xB5, 0xBE, 0xC6, 0xCC, 0xCE, 0xD5, 0xD5, 0xDB, 0x80, 0xDC, 0x03, 0xEF, 0xEF, 0xDC, 0xDB, 
	0x80, 0xD3, 0x03, 0xCE, 0xCE, 0xDB, 0xEA, 0x80, 0xEF, 0x80, 0xEA, 0x80, 0xEF, 0x01, 0xDC, 0xDB, 
	0x81, 0xD3, 0x03, 0xDB, 0xDC, 0xEF, 0xEF, 0x81, 0xEA, 0x81, 0xEF, 0x00, 0xDC, 0x82, 0xD3, 0x00, 
	0xDC, 0x86, 0xEF, 0x01, 0xEA, 0xDB, 0x80, 0xD3, 0x05, 0xCE, 0xD3, 0xBD, 0xCE, 0xFD, 0x7B, 0x88, 
	0x00, 0x88, 0x00, 0x02, 0x33, 0xF5, 0xDC, 0x83, 0xDB, 0x86, 0xE8, 0x01, 0xFD, 0x3B, 0xFF, 0x00, 
	0x80, 0x00, 0x0A, 0x08, 0x28, 0x5A, 0x68, 0x59, 0x2B, 0x29, 0xDA, 0xCE, 0xCB, 0xC5, 0x80, 0xCC, 
	0x01, 0xCE, 0xD3, 0x80, 0xDB, 0x06, 0xDC, 0xE8, 0xE7, 0xDB, 0xF6, 0xF5, 0xED, 0x81, 0xF5, 0x0C, 
	0xEA, 0xF5, 0xF5, 0xEA, 0xA0, 0xC6, 0xD3, 0xD3, 0xCE, 0xDB, 0xEA, 0xDB, 0xDE, 0x80, 0xEA, 0x0D, 
	0xDE, 0xEA, 0xDB, 0xD8, 0xCE, 0xCE, 0xCC, 0xBE, 0xBD, 0x96, 0x7E, 0xB2, 0x93, 0x9A, 0x82, 0xDB, 
	0x0E, 0x95, 0x8D, 0x89, 0x9F, 0xB5, 0xBD, 0xD3, 0xD3, 0xC6, 0xCE, 0xCE, 0xD3, 0xD8, 0xDB, 0xDC, 
	0x80, 0xEA, 0x00, 0xDB, 0x81, 0xD3, 0x03, 0xD8, 0xEA, 0xF0, 0xEA, 0x85, 0xEF, 0x2C, 0xDC, 0xDC, 
	0xD3, 0xD3, 0xDB, 0xD3, 0xD3, 0xF5, 0xEF, 0xEA, 0xEA, 0xEF, 0xEA, 0xEF, 0xF3, 0xF3, 0xEA, 0xEA, 
	0xDB, 0xDB, 0xD8, 0xD3, 0xD3, 0xDC, 0xEF, 0xEA, 0xEA, 0xEF, 0xF6, 0xF6, 0xEF, 0xF6, 0xF6, 0xF0, 
	0xEA, 0xDB, 0xDB, 0xD3, 0xD3, 0xCE, 0xD3, 0xBD, 0xCE, 0xFD, 0x7B, 0x88, 0x00, 0x88, 0x00, 0x02, 
	0x33, 0xF5, 0xDC, 0x83, 0xDB, 0x86, 0xE8, 0x01, 0xFD, 0x3B, 0xFF, 0x00, 0x80, 0x00, 0x23, 0x06, 
	0x2F, 0x5A, 0x67, 0x5A, 0x2B, 0x2A, 0xDA, 0xC7, 0xCB, 0xC6, 0xCB, 0xCB, 0xCC, 0xCE, 0xD3, 0xD8, 
	0xDB, 0xDB, 0xDC, 0xDC, 0xE8, 0xF5, 0xB3, 0x79, 0x9F, 0x9A, 0x9A, 0x9B, 0x9B, 0x96, 0xB3, 0xF5, 
	0xED, 0xB3, 0xCC, 0x80, 0xD3, 0x24, 0xDC, 0x9F, 0xC6, 0xEA, 0xDB, 0xDB, 0xEA, 0xDC, 0xDB, 0xDC, 
	0xCE, 0xC5, 0xC6, 0xCE, 0xBE, 0xB5, 0xB5, 0x96, 0x7B, 0x7B, 0x96, 0xB2, 0xB5, 0xB5, 0xB2, 0x94, 
	0x7B, 0x8D, 0x9B, 0xB5, 0xB5, 0xCE, 0xA0, 0x96, 0xCE, 0xC6, 0xCE, 0x80, 0xDB, 0x05, 0xCE, 0xD8, 
	0xDD, 0xDB, 0xDC, 0xDB, 0x80, 0xD3, 0x05, 0xEF, 0xC6, 0x9F, 0xC7, 0xDB, 0xEA, 0x82, 0xDB, 0x03, 
	0xCE, 0xD3, 0xEA, 0xDB, 0x80, 0xD3, 0x26, 0xEF, 0xC3, 0xA2, 0xCE, 0xC8, 0xCE, 0xC8, 0xC8, 0xCE, 
	0xCE, 0xC8, 0xC7, 0xDB, 0xEA, 0xDB, 0xDB, 0xDC, 0xEF, 0xA0, 0xBD, 0xCE, 0xCE, 0xD3, 0xD8, 0xD8, 
	0xD3, 0xCE, 0xCE, 0xD7, 0xEA, 0xDC, 0xD3, 0xD3, 0xCE, 0xD3, 0xBD, 0xCE, 0xFD, 0x7B, 0x88, 0x00, 
	0x88, 0x00, 0x01, 0x33, 0xF5, 0x84, 0xDB, 0x86, 0xE8, 0x01, 0xFD, 0x3B, 0xFF, 0x00, 0x80, 0x00, 
	0x09, 0x08, 0x2F, 0x51, 0x50, 0x51, 0x2B, 0x2A, 0xDE, 0xCE, 0xC6, 0x81, 0xCC, 0x00, 0xCE, 0x80, 
	0xDB, 0x07, 0xDC, 0xDE, 0xEA, 0xEA, 0xED, 0x69, 0x7B, 0x9B, 0x81, 0x96, 0x69, 0xB2, 0x6D, 0x96, 
	0xFA, 0xB2, 0xCC, 0xD3, 0xD3, 0xEA, 0xA0, 0x9F, 0xDC, 0x89, 0xB5, 0x89, 0x6D, 0x9D, 0x8D, 0xC5, 
	0xD8, 0xFD, 0xBE, 0x9B, 0xCE, 0xBE, 0xB5, 0xB5, 0x9F, 0x8D, 0x7B, 0x71, 0x71, 0x79, 0x79, 0x7B, 
	0x96, 0xA0, 0xB5, 0xBD, 0xC5, 0xC5, 0x71, 0xC3, 0x9F, 0xC5, 0xCE, 0x6D, 0x7B, 0x9D, 0x9F, 0x9D, 
	0x6D, 0xB5, 0xDC, 0xDB, 0xDB, 0xD3, 0xDC, 0xD3, 0x8E, 0xEA, 0xFD, 0xC3, 0x8D, 0xEA, 0x9F, 0x7B, 
	0x9F, 0x9D, 0xF3, 0xF5, 0xCE, 0xDB, 0xD3, 0xD3, 0xDC, 0xC6, 0x96, 0xF8, 0xFD, 0xFA, 0xFB, 0xFA, 
	0xFD, 0xF7, 0xF5, 0xFC, 0xFC, 0xF5, 0xD8, 0xDB, 0xD3, 0xEF, 0xA0, 0x9F, 0xF8, 0xFA, 0xDD, 0x69, 
	0x69, 0xCE, 0x83, 0x9F, 0xFD, 0xF5, 0xEF, 0x80, 0xD3, 0x05, 0xCE, 0xD3, 0xBD, 0xCE, 0xFD, 0x7B, 
	0x88, 0x00, 0x88, 0x00, 0x01, 0x33, 0xF3, 0x84, 0xDB, 0x85, 0xE8, 0x02, 0xEA, 0xFD, 0x3B, 0xFF, 
	0x00, 0x80, 0x00, 0x01, 0x08, 0x2F, 0x80, 0x50, 0x05, 0x17, 0x32, 0xDB, 0xC5, 0xC3, 0xC5, 0x80, 
	0xBE, 0x04, 0xC5, 0xC5, 0xC6, 0xC6, 0xC8, 0x80, 0xCE, 0x04, 0xBE, 0x5D, 0x96, 0x9A, 0x9B, 0x80, 
	0x9A, 0x19, 0xB5, 0x6E, 0x7B, 0xFA, 0xB2, 0xCC, 0xD3, 0xD3, 0xEA, 0x96, 0xD3, 0xC7, 0x37, 0x6F, 
	0x6F, 0x3D, 0x69, 0x6D, 0x69, 0x69, 0xDB, 0xCE, 0x85, 0xCE, 0xC5, 0xBE, 0x80, 0xB5, 0x4E, 0xA0, 
	0x9B, 0x96, 0x96, 0x9F, 0xB3, 0xB5, 0xB5, 0xBD, 0xC5, 0xC5, 0xA0, 0x8D, 0xC3, 0x69, 0x8F, 0x69, 
	0x3F, 0x57, 0x3E, 0x6D, 0x6F, 0x33, 0x96, 0xDB, 0xD3, 0xDB, 0xD3, 0xDC, 0xB5, 0x9F, 0xFC, 0xFD, 
	0x6F, 0x3B, 0x71, 0x7B, 0x96, 0x7B, 0x69, 0xEA, 0xFA, 0xC5, 0xDB, 0xDB, 0xD3, 0xDC, 0x9F, 0xC5, 
	0xF5, 0x9D, 0xCE, 0xB5, 0xC3, 0x8D, 0xDB, 0xF3, 0xB5, 0xC7, 0xDB, 0xCE, 0xDB, 0xDB, 0xEA, 0x96, 
	0xC6, 0xFD, 0xFC, 0xD7, 0x8D, 0x71, 0x7B, 0x6D, 0xA2, 0xFD, 0xFA, 0xEA, 0xC6, 0xDB, 0x80, 0xD3, 
	0x03, 0xC5, 0xCE, 0xFD, 0x7B, 0x88, 0x00, 0x88, 0x00, 0x02, 0x33, 0xF5, 0xDC, 0x83, 0xDB, 0x86, 
	0xE8, 0x01, 0xFD, 0x39, 0xFF, 0x00, 0x80, 0x00, 0x0C, 0x07, 0x2F, 0x38, 0x2F, 0x38, 0x2B, 0x1E, 
	0xC6, 0xD2, 0xC5, 0xC5, 0xCB, 0xCC, 0x80, 0xCE, 0x00, 0xD3, 0x80, 0xDB, 0x23, 0xDC, 0xE7, 0xBE, 
	0x5D, 0x96, 0x9A, 0x96, 0x96, 0x9A, 0x9A, 0xB5, 0x6E, 0x85, 0xFA, 0xB2, 0xCE, 0xD3, 0xCE, 0xDC, 
	0x96, 0xBD, 0xF5, 0xC7, 0xD7, 0xB5, 0xF7, 0xD7, 0xCE, 0xD7, 0x9C, 0xDD, 0xC6, 0x8D, 0xCE, 0xCB, 
	0xC5, 0x83, 0xBD, 0x81, 0xBE, 0x4E, 0xBD, 0xC3, 0xC5, 0xC6, 0xB5, 0x71, 0xF5, 0xD7, 0xC7, 0xB5, 
	0xFA, 0xDB, 0xCE, 0xDB, 0xC8, 0xF0, 0xDB, 0xB5, 0xD3, 0xD8, 0xD3, 0xDC, 0xBD, 0x96, 0xFD, 0xFA, 
	0xD7, 0xDB, 0xC5, 0xDB, 0xF7, 0xDB, 0xC7, 0xFC, 0xEA, 0xC5, 0xDB, 0xD3, 0xD3, 0xDC, 0xA0, 0xDB, 
	0xC3, 0x37, 0x40, 0x40, 0x3B, 0x3B, 0x9D, 0x7B, 0x33, 0x69, 0xCE, 0xD8, 0xDB, 0xD3, 0xEA, 0x96, 
	0xCE, 0xCE, 0x8D, 0xC3, 0xCE, 0xC5, 0x96, 0x9D, 0x9F, 0x9D, 0x9F, 0xEA, 0xCE, 0xD3, 0xD3, 0xCE, 
	0xD3, 0xBD, 0xCE, 0xFD, 0x7B, 0x88, 0x00, 0x88, 0x00, 0x02, 0x33, 0xF5, 0xDC, 0x82, 0xDB, 0x02, 
	0xE7, 0xE8, 0xE7, 0x84, 0xE8, 0x01, 0xFD, 0x37, 0xFF, 0x00, 0x81, 0x00, 0x0F, 0x3A, 0xA1, 0x5F, 
	0x3A, 0x28, 0x20, 0xEA, 0xED, 0xDB, 0xDB, 0xE7, 0xDC, 0xE8, 0xEA, 0xEA, 0xEF, 0x82, 0xF5, 0x02, 
	0xE8, 0x6D, 0x94, 0x80, 0x9A, 0x1B, 0x9B, 0x9B, 0xB5, 0x71, 0x89, 0xF6, 0x9F, 0xC6, 0xD3, 0xCE, 
	0xDC, 0x96, 0xA0, 0xFD, 0xFD, 0xD7, 0x69, 0x71, 0x8D, 0x57, 0xB5, 0xFD, 0xFD, 0xBD, 0x8E, 0xCE, 
	0xC6, 0xC6, 0x81, 0xC5, 0x01, 0xBD, 0xBD, 0x83, 0xC5, 0x21, 0xC6, 0xC6, 0xBD, 0x96, 0x7B, 0x6D, 
	0x40, 0xB5, 0x8F, 0x96, 0x71, 0xCE, 0x69, 0x57, 0x8D, 0xCE, 0xD3, 0xD3, 0xCE, 0xDB, 0xC5, 0xB5, 
	0x8E, 0x57, 0x57, 0xB5, 0x96, 0x8D, 0x7B, 0xC7, 0x69, 0x40, 0x8D, 0xD7, 0x80, 0xD3, 0x27, 0xDB, 
	0xA0, 0xC5, 0xDD, 0x8D, 0xB5, 0x9F, 0x96, 0xF0, 0xB5, 0x96, 0xA2, 0xC5, 0xEA, 0xC5, 0xD3, 0xD3, 
	0xDC, 0x9C, 0xC5, 0xFA, 0xCE, 0x5F, 0x5F, 0x7B, 0x89, 0x96, 0x8D, 0x8D, 0xF5, 0xEA, 0xCE, 0xD3, 
	0xCE, 0xCE, 0xD3, 0xBD, 0xCE, 0xFD, 0x71, 0x88, 0x00, 0x88, 0x00, 0x02, 0x33, 0xF5, 0xDC, 0x82, 
	0xDB, 0x80, 0xE7, 0x84, 0xE8, 0x01, 0xFD, 0x3B, 0xFF, 0x00, 0x81, 0x00, 0x07, 0x3A, 0xDD, 0x6B, 
	0x6F, 0x33, 0x29, 0xED, 0xCE, 0x82, 0xCC, 0x01, 0xCE, 0xD5, 0x80, 0xDB, 0x06, 0xD5, 0xDB, 0xDB, 
	0xD2, 0x57, 0x9A, 0xB5, 0x81, 0xB3, 0x17, 0xCE, 0x6D, 0x71, 0xF8, 0x9F, 0xC6, 0xD3, 0xCE, 0xDC, 
	0x8E, 0xBD, 0xFD, 0xFD, 0xDB, 0x40, 0x71, 0x6F, 0x6D, 0xC7, 0xFD, 0xFD, 0xC6, 0x8D, 0xD3, 0x81, 
	0xC6, 0x01, 0xC5, 0xC6, 0x80, 0xC5, 0x02, 0xC6, 0xC6, 0xC5, 0x80, 0xC6, 0x20, 0xCE, 0xBD, 0x8E, 
	0x8F, 0x5F, 0x69, 0x90, 0x70, 0x71, 0x71, 0x8D, 0x7B, 0x69, 0x83, 0xCE, 0xCE, 0xD3, 0xCE, 0xDB, 
	0xB5, 0xB5, 0x8E, 0x57, 0x69, 0x90, 0x6D, 0x6F, 0x89, 0x8D, 0x71, 0x69, 0x8D, 0xDB, 0x80, 0xD3, 
	0x02, 0xDC, 0x9F, 0xB5, 0x87, 0xFD, 0x1A, 0xF6, 0xBD, 0xD3, 0xD3, 0xDC, 0x96, 0xC7, 0xFD, 0xDD, 
	0x6F, 0x7B, 0x57, 0x70, 0x57, 0x71, 0xD7, 0xFD, 0xF5, 0xC5, 0xD3, 0xCE, 0xD3, 0xD3, 0xBD, 0xCE, 
	0xFD, 0x70, 0x88, 0x00, 0x88, 0x00, 0x02, 0x33, 0xF5, 0xDC, 0x83, 0xDB, 0x00, 0xE7, 0x85, 0xE8, 
	0x01, 0xFD, 0x3B, 0xFF, 0x00, 0x81, 0x00, 0x0E, 0x3D, 0xDD, 0xDE, 0xA2, 0x29, 0x28, 0xE7, 0xCC, 
	0xC5, 0xCB, 0xCB, 0xC5, 0xCC, 0xCE, 0xD2, 0x83, 0xDB, 0x02, 0xE8, 0x71, 0x3D, 0x83, 0x57, 0x09, 
	0x3D, 0xB5, 0xF5, 0x9F, 0xC6, 0xCE, 0xCE, 0xD3, 0xB5, 0x7B, 0x80, 0xB5, 0x09, 0x9F, 0xC3, 0xC5, 
	0xC5, 0xC3, 0xB5, 0xB5, 0x7B, 0xB5, 0xD3, 0x83, 0xC6, 0x80, 0xCE, 0x15, 0xD3, 0xCE, 0xC6, 0xCE, 
	0xCE, 0xC6, 0xCE, 0xCE, 0x7B, 0x96, 0xCE, 0xB5, 0x9D, 0xC8, 0x9F, 0xC3, 0x9F, 0xCE, 0xC6, 0x7B, 
	0x96, 0xDC, 0x81, 0xCE, 0x13, 0x89, 0x9F, 0xC6, 0xA0, 0x9F, 0xC6, 0xA0, 0xC5, 0x9F, 0xCE, 0xC3, 
	0x71, 0x9F, 0xDB, 0xCE, 0xD3, 0xD3, 0xC5, 0x8D, 0xB5, 0x86, 0xC5, 0x1A, 0x96, 0xBD, 0xD3, 0xD3, 
	0xDB, 0xA0, 0x8D, 0xC8, 0xB5, 0xC8, 0xCE, 0x9F, 0xA2, 0x9F, 0x9D, 0xC5, 0xC3, 0x9D, 0xC8, 0xD3, 
	0xCE, 0xD3, 0xD3, 0xBD, 0xCE, 0xFD, 0x71, 0x88, 0x00, 0x88, 0x00, 0x01, 0x33, 0xF5, 0x84, 0xDB, 
	0x00, 0xE7, 0x82, 0xE8, 0x04, 0xE7, 0xE8, 0xE8, 0xFD, 0x37, 0xFF, 0x00, 0x81, 0x00, 0x07, 0x3A, 
	0xDD, 0x9F, 0x96, 0x32, 0x28, 0xE8, 0xCC, 0x80, 0xCB, 0x1C, 0xC5, 0xCC, 0xCE, 0xD2, 0xD5, 0xDB, 
	0xDB, 0xE7, 0xDB, 0xDB, 0xD5, 0xDB, 0x94, 0x79, 0x79, 0x71, 0x71, 0x78, 0x71, 0xB5, 0xEA, 0xDB, 
	0xA0, 0xC6, 0xCE, 0xC6, 0xCE, 0xDB, 0xA0, 0x80, 0x71, 0x03, 0x7B, 0x71, 0x7B, 0x7B, 0x80, 0x71, 
	0x01, 0x9F, 0xDB, 0x8E, 0xCE, 0x06, 0xD3, 0xC6, 0x8D, 0x7B, 0x8D, 0x7B, 0x71, 0x82, 0x7B, 0x02, 
	0x96, 0xC6, 0xD3, 0x80, 0xCE, 0x04, 0xD3, 0xC3, 0x89, 0x7B, 0x83, 0x82, 0x7B, 0x04, 0x71, 0x7B, 
	0x96, 0xCE, 0xD3, 0x80, 0xCE, 0x01, 0xD3, 0xB5, 0x87, 0x71, 0x00, 0x8E, 0x80, 0xCE, 0x16, 0xD3, 
	0xDB, 0x9F, 0x71, 0x7B, 0x7B, 0x71, 0x8D, 0x83, 0x8D, 0x8D, 0x7B, 0x71, 0x9F, 0xD3, 0xD3, 0xCE, 
	0xCE, 0xDB, 0xC5, 0xCE, 0xFD, 0x7B, 0x88, 0x00, 0x88, 0x00, 0x01, 0x33, 0xF5, 0x84, 0xDB, 0x00, 
	0xE7, 0x81, 0xE8, 0x05, 0xE7, 0xE7, 0xE8, 0xE8, 0xFD, 0x3A, 0xFF, 0x00, 0x81, 0x00, 0x07, 0x3A, 
	0xCA, 0x5F, 0x3F, 0x32, 0x29, 0xE8, 0xCC, 0x80, 0xCB, 0x03, 0xC5, 0xCC, 0xCE, 0xD5, 0x85, 0xDB, 
	0x81, 0xED, 0x07, 0xEA, 0xED, 0xF5, 0xEA, 0xDB, 0xDC, 0x9F, 0xC8, 0x81, 0xCE, 0x03, 0xDB, 0xDC, 
	0xDB, 0xDB, 0x82, 0xD3, 0x03, 0xDB, 0xEA, 0xDB, 0xC6, 0x82, 0xCE, 0x00, 0xD3, 0x89, 0xCE, 0x0C, 
	0xD3, 0xE8, 0xDC, 0xDB, 0xD5, 0xD5, 0xD3, 0xD3, 0xDB, 0xDB, 0xDC, 0xEA, 0xD3, 0x82, 0xCE, 0x01, 
	0xD3, 0xDE, 0x81, 0xDB, 0x06, 0xD3, 0xD3, 0xDB, 0xDC, 0xEA, 0xDC, 0xD3, 0x80, 0xCE, 0x06, 0xD3, 
	0xC8, 0xD8, 0xDC, 0xDB, 0xD3, 0xDB, 0x80, 0xD3, 0x0D, 0xDB, 0xDB, 0xDC, 0xDC, 0xCE, 0xD3, 0xCE, 
	0xCE, 0xD3, 0xDC, 0xDC, 0xD3, 0xDB, 0xDB, 0x81, 0xD3, 0x0B, 0xDB, 0xEA, 0xDC, 0xD3, 0xD3, 0xCE, 
	0xD3, 0xD3, 0xBD, 0xCE, 0xFD, 0x7B, 0x88, 0x00, 0x88, 0x00, 0x01, 0x33, 0xF5, 0x84, 0xDB, 0x00, 
	0xE7, 0x81, 0xE8, 0x00, 0xE7, 0x80, 0xE8, 0x01, 0xFD, 0x37, 0xFF, 0x00, 0x81, 0x00, 0x0E, 0x36, 
	0x8F, 0x3F, 0x3A, 0x28, 0x29, 0xE8, 0xCE, 0xC5, 0xC5, 0xCB, 0xCB, 0xCC, 0xCE, 0xD5, 0x82, 0xDB, 
	0x80, 0xE7, 0x0B, 0xDB, 0xE7, 0xE8, 0xEA, 0xE8, 0xE8, 0xEA, 0xDC, 0xE8, 0xDE, 0x9D, 0xC6, 0x86, 
	0xD3, 0x01, 0xD9, 0xD9, 0x83, 0xD3, 0x00, 0xC9, 0x81, 0xD3, 0x00, 0xCE, 0x80, 0xD3, 0x81, 0xCE, 
	0x83, 0xD3, 0x10, 0xDC, 0xD8, 0xD6, 0xD6, 0xD8, 0xDC, 0xDC, 0xD4, 0xD3, 0xD3, 0xC9, 0xC9, 0xC8, 
	0xC8, 0xD3, 0xD3, 0xCE, 0x80, 0xD3, 0x0D, 0xD9, 0xD9, 0xD3, 0xD9, 0xD4, 0xDB, 0xDB, 0xD3, 0xD3, 
	0xCE, 0xC8, 0xD3, 0xD3, 0xCE, 0x81, 0xD3, 0x05, 0xDC, 0xDC, 0xD9, 0xD3, 0xD3, 0xD8, 0x82, 0xD3, 
	0x08, 0xC8, 0xC8, 0xC9, 0xD3, 0xD3, 0xD8, 0xD9, 0xD3, 0xD3, 0x80, 0xD8, 0x81, 0xD3, 0x07, 0xCE, 
	0xCE, 0xD3, 0xD3, 0xBD, 0xD3, 0xFD, 0x7B, 0x88, 0x00, 0x88, 0x00, 0x02, 0x33, 0xF5, 0xE7, 0x84, 
	0xDB, 0x00, 0xE7, 0x84, 0xE8, 0x01, 0xFD, 0x37, 0xFF, 0x00, 0x80, 0x00, 0x00, 0x0C, 0x81, 0x1B, 
	0x0A, 0x0C, 0x32, 0xE8, 0xCE, 0xC5, 0xC5, 0xCB, 0xCC, 0xCC, 0xCE, 0xD2, 0x81, 0xDB, 0x81, 0xE7, 
	0x01, 0xDB, 0xDB, 0x80, 0xE8, 0x0A, 0xE7, 0xDC, 0xDC, 0xE8, 0xD8, 0xA2, 0xE8, 0xDE, 0xDC, 0xDE, 
	0xDC, 0x83, 0xDE, 0x81, 0xEA, 0x09, 0xDE, 0xE8, 0xE8, 0xDC, 0xDC, 0xE8, 0xEF, 0xDE, 0xDD, 0xEA, 
	0x80, 0xDF, 0x0D, 0xDE, 0xDE, 0xDF, 0xDE, 0xDE, 0xF3, 0xDE, 0xDE, 0xEF, 0xDE, 0xDE, 0xD6, 0xD3, 
	0xE0, 0x81, 0xDE, 0x83, 0xDC, 0x0A, 0xE8, 0xE8, 0xEA, 0xEA, 0xE8, 0xDE, 0xDE, 0xEA, 0xEF, 0xEF, 
	0xDE, 0x80, 0xDC, 0x0B, 0xDE, 0xEA, 0xD4, 0xD3, 0xDD, 0xEF, 0xE8, 0xDE, 0xDE, 0xEF, 0xEA, 0xDE, 
	0x80, 0xEA, 0x04, 0xDE, 0xDE, 0xEA, 0xDC, 0xDE, 0x80, 0xDC, 0x05, 0xEA, 0xEA, 0xDE, 0xEA, 0xE8, 
	0xEF, 0x80, 0xEA, 0x01, 0xDE, 0xDE, 0x80, 0xDC, 0x06, 0xDE, 0xDE, 0xEF, 0xCE, 0xC8, 0xFB, 0x8D, 
	0x88, 0x00, 0x88, 0x00, 0x02, 0x33, 0xF5, 0xE7, 0x84, 0xDB, 0x00, 0xE7, 0x84, 0xE8, 0x01, 0xFD, 
	0x37, 0xFF, 0x00, 0x81, 0x00, 0x0E, 0x36, 0x8F, 0x3F, 0x3A, 0x28, 0x29, 0xDB, 0xCE, 0xC5, 0xC5, 
	0xCB, 0xCC, 0xCC, 0xCE, 0xD2, 0x81, 0xDB, 0x83, 0xE7, 0x00, 0xDB, 0x80, 0xE8, 0x05, 0xDC, 0xDC, 
	0xE8, 0xDE, 0x96, 0xAF, 0x87, 0xB1, 0x01, 0xBB, 0xB1, 0x86, 0xAF, 0x03, 0x9A, 0x95, 0x9A, 0x9A, 
	0x83, 0xB6, 0x0A, 0xB1, 0xB8, 0xB1, 0xB1, 0xB2, 0xB1, 0x9C, 0xC6, 0xCE, 0x99, 0xB8, 0x81, 0xB1, 
	0x05, 0xB6, 0xAF, 0xAF, 0xB1, 0x99, 0x97, 0x82, 0xAF, 0x05, 0xB1, 0xAF, 0xB1, 0xBC, 0xB6, 0xB2, 
	0x80, 0xB6, 0x0D, 0xB1, 0xC5, 0xCE, 0x9C, 0xB8, 0xB6, 0xB4, 0xB4, 0xB8, 0xB4, 0xB8, 0xBC, 0xB1, 
	0xB1, 0x82, 0xAF, 0x05, 0xB1, 0xAF, 0xAF, 0xB1, 0x99, 0xAF, 0x82, 0xB1, 0x03, 0xB8, 0xB9, 0xB6, 
	0xB6, 0x80, 0xB4, 0x05, 0xB8, 0xB8, 0x99, 0xC7, 0xFD, 0x8D, 0x88, 0x00, 0x88, 0x00, 0x01, 0x33, 
	0xF5, 0x84, 0xDB, 0x80, 0xE7, 0x83, 0xE8, 0x01, 0xFD, 0x37, 0xFF, 0x00, 0x81, 0x00, 0x11, 0x3A, 
	0xC7, 0x5F, 0x3F, 0x2A, 0x29, 0xE7, 0xCE, 0xC5, 0xC5, 0xCB, 0xCB, 0xCC, 0xCE, 0xD2, 0xD5, 0xDB, 
	0xDB, 0x81, 0xE7, 0x0D, 0xE8, 0xF5, 0xF6, 0xF5, 0xF6, 0xF5, 0xF5, 0xF6, 0xEF, 0xDC, 0xF3, 0x78, 
	0x53, 0x64, 0x84, 0x5C, 0x12, 0x61, 0x5C, 0x5C, 0x80, 0x77, 0xAF, 0x82, 0x97, 0x97, 0xAF, 0xAF, 
	0x81, 0xBA, 0x80, 0x82, 0x82, 0x80, 0x5B, 0x64, 0x84, 0x61, 0x14, 0x64, 0x61, 0x61, 0x5B, 0xB6, 
	0xCF, 0x5B, 0x64, 0x64, 0x61, 0x5C, 0x61, 0x5B, 0xAD, 0xB1, 0x97, 0x97, 0x80, 0xAD, 0x82, 0x88, 
	0x80, 0x82, 0x03, 0xB1, 0x7F, 0x5C, 0x64, 0x80, 0x61, 0x08, 0x64, 0x5B, 0xB6, 0xCB, 0x5B, 0x64, 
	0x5C, 0x61, 0x61, 0x80, 0x62, 0x13, 0x5C, 0x77, 0x7D, 0x88, 0xAD, 0x82, 0xAD, 0x82, 0x82, 0xAD, 
	0xAD, 0x88, 0x88, 0x80, 0xAD, 0x97, 0x82, 0x7D, 0x80, 0x5C, 0x84, 0x61, 0x04, 0x5C, 0x5C, 0xE5, 
	0xFD, 0x7B, 0x88, 0x00, 0x88, 0x00, 0x01, 0x33, 0xF5, 0x84, 0xDB, 0x80, 0xE7, 0x83, 0xE8, 0x01, 
	0xFD, 0x37, 0xFF, 0x00, 0x81, 0x00, 0x18, 0x3A, 0x9C, 0x6F, 0x3F, 0x28, 0x29, 0xDC, 0xCE, 0xC5, 
	0xC5, 0xCB, 0xCB, 0xCC, 0xCE, 0xD2, 0xD5, 0xDB, 0xDB, 0xE7, 0xE7, 0xDB, 0xEA, 0xF5, 0xC5, 0xC5, 
	0x81, 0xCC, 0x06, 0xC5, 0xEA, 0xF6, 0xF3, 0x81, 0x5C, 0x66, 0x86, 0x65, 0x0F, 0x5C, 0xAD, 0xD1, 
	0xE5, 0xB1, 0xD1, 0xD1, 0xBB, 0xBC, 0xE6, 0xAD, 0x82, 0xF5, 0xE5, 0xAD, 0x5C, 0x81, 0x66, 0x0A, 
	0x65, 0x66, 0x65, 0x66, 0x66, 0x65, 0x66, 0x64, 0xB5, 0xCB, 0x64, 0x81, 0x65, 0x0F, 0x66, 0x5C, 
	0xBA, 0xBC, 0xC1, 0xE7, 0xE5, 0xC1, 0xCF, 0xC1, 0xBC, 0xBC, 0xB1, 0xFC, 0xAD, 0x5C, 0x82, 0x65, 
	0x05, 0x64, 0xB2, 0xC5, 0x64, 0x65, 0x65, 0x82, 0x66, 0x13, 0x5C, 0xBB, 0xE6, 0xE5, 0xB8, 0xE6, 
	0xE6, 0xD1, 0xAF, 0xCF, 0xBB, 0xB1, 0xF0, 0xE5, 0xBC, 0xB1, 0xD2, 0xE5, 0xBA, 0x5C, 0x84, 0x65, 
	0x04, 0x64, 0x62, 0xD2, 0xFD, 0x7B, 0x88, 0x00, 0x88, 0x00, 0x02, 0x33, 0xF5, 0xE7, 0x83, 0xDB, 
	0x01, 0xE7, 0xDB, 0x81, 0xE8, 0x04, 0xDC, 0xDC, 0xE8, 0xFD, 0x37, 0xFF, 0x00, 0x81, 0x00, 0x19, 
	0x36, 0xC0, 0xC0, 0x7A, 0x1E, 0x29, 0xE8, 0xCE, 0xC5, 0xCB, 0xCC, 0xCB, 0xCC, 0xCE, 0xD2, 0xD5, 
	0xDB, 0xDB, 0xE7, 0xDB, 0xE7, 0xF6, 0x8D, 0x6D, 0x85, 0x7B, 0x80, 0x85, 0x06, 0x8D, 0x7B, 0xD4, 
	0xFB, 0x80, 0x5B, 0x65, 0x86, 0x62, 0x05, 0x61, 0x80, 0xBB, 0xAD, 0xBC, 0xB1, 0x80, 0xAD, 0x06, 
	0xB1, 0xB1, 0xB8, 0xB8, 0xC1, 0xBB, 0x62, 0x86, 0x65, 0x05, 0x62, 0x65, 0x5C, 0xB4, 0xCB, 0x5C, 
	0x82, 0x65, 0x0E, 0x61, 0xAC, 0xBA, 0xAD, 0xBC, 0xBB, 0xBC, 0xD1, 0xBC, 0xE3, 0xBB, 0xAF, 0xC2, 
	0x80, 0x5C, 0x82, 0x65, 0x03, 0x5C, 0xB8, 0xC5, 0x5C, 0x84, 0x65, 0x03, 0x61, 0xAD, 0xBB, 0xBC, 
	0x80, 0xBB, 0x0D, 0xB1, 0xE3, 0xAF, 0xBA, 0xBB, 0xB1, 0xC2, 0xAD, 0xBA, 0xBB, 0xC2, 0xC2, 0x80, 
	0x62, 0x81, 0x65, 0x06, 0x62, 0x65, 0x64, 0x60, 0xCE, 0xFD, 0x7B, 0x88, 0x00, 0x88, 0x00, 0x02, 
	0x33, 0xF5, 0xE7, 0x85, 0xDB, 0x80, 0xE8, 0x80, 0xDC, 0x02, 0xE8, 0xFD, 0x37, 0xFF, 0x00, 0x81, 
	0x00, 0x0F, 0x36, 0xC0, 0xA1, 0x8F, 0x28, 0x29, 0xE8, 0xC6, 0xC5, 0xCB, 0xCC, 0xCB, 0xCC, 0xCC, 
	0xCE, 0xD5, 0x81, 0xDB, 0x03, 0xE7, 0xDB, 0x5D, 0x94, 0x82, 0x9F, 0x07, 0xC5, 0x6D, 0x83, 0xFD, 
	0x7D, 0x5B, 0x7F, 0x7F, 0x82, 0x62, 0x80, 0x7F, 0x00, 0x75, 0x80, 0x62, 0x0F, 0x80, 0x62, 0x62, 
	0x7F, 0x7F, 0x62, 0x80, 0x77, 0x60, 0x62, 0x80, 0x7F, 0x65, 0x65, 0x7F, 0x65, 0x80, 0x7F, 0x07, 
	0x65, 0x7F, 0x65, 0x65, 0x60, 0xB8, 0xCF, 0x62, 0x82, 0x65, 0x0B, 0x7F, 0x62, 0x7F, 0x62, 0x7F, 
	0x62, 0x77, 0x75, 0x7F, 0x7F, 0x80, 0x7F, 0x80, 0x62, 0x01, 0x7F, 0x65, 0x80, 0x62, 0x03, 0x5C, 
	0xBC, 0xCF, 0x60, 0x84, 0x65, 0x00, 0x63, 0x80, 0x65, 0x04, 0x80, 0x62, 0x62, 0x7F, 0x7F, 0x80, 
	0x80, 0x07, 0x62, 0x75, 0x75, 0x7F, 0x62, 0x62, 0x80, 0x77, 0x83, 0x62, 0x05, 0x65, 0x62, 0x60, 
	0xD2, 0xFD, 0x7B, 0x88, 0x00, 0x88, 0x00, 0x02, 0x33, 0xF5, 0xE7, 0x84, 0xDB, 0x03, 0xE7, 0xE8, 
	0xE7, 0xE7, 0x80, 0xDC, 0x02, 0xE8, 0xFD, 0x37, 0xFF, 0x00, 0x81, 0x00, 0x07, 0x36, 0xC0, 0xC7, 
	0x69, 0x28, 0x29, 0xCE, 0xBD, 0x81, 0xB5, 0x01, 0xB9, 0xBE, 0x81, 0xC5, 0x04, 0xCB, 0xCC, 0xCC, 
	0x9F, 0x57, 0x80, 0x96, 0x80, 0x9A, 0x05, 0xB4, 0x6F, 0x83, 0xF6, 0x9F, 0xCB, 0x8B, 0xD2, 0x00, 
	0xCB, 0x82, 0xD2, 0x04, 0xCB, 0xCB, 0xD2, 0xCB, 0xCB, 0x87, 0xCE, 0x05, 0xCD, 0xCD, 0xD2, 0xDB, 
	0xCC, 0x97, 0x82, 0x99, 0x04, 0x98, 0x93, 0x93, 0x97, 0x97, 0x88, 0x93, 0x00, 0x99, 0x81, 0x93, 
	0x08, 0xB9, 0xDC, 0xCE, 0xD1, 0xE5, 0xE7, 0xE5, 0xE5, 0xE7, 0x80, 0xE5, 0x01, 0xCF, 0xD0, 0x81, 
	0xCB, 0x81, 0xC1, 0x83, 0xCB, 0x02, 0xB9, 0xCB, 0xD2, 0x83, 0xCB, 0x04, 0xE3, 0xB9, 0xCE, 0xFD, 
	0x7B, 0x88, 0x00, 0x88, 0x00, 0x02, 0x33, 0xF5, 0xE7, 0x84, 0xDB, 0x00, 0xE7, 0x80, 0xE8, 0x80, 
	0xDC, 0x02, 0xE8, 0xFD, 0x37, 0xFF, 0x00, 0x81, 0x00, 0x08, 0x36, 0xC0, 0xF0, 0x8F, 0x1E, 0x1B, 
	0xD2, 0xDC, 0xCE, 0x80, 0xD5, 0x04, 0xDB, 0xDB, 0xE7, 0xE8, 0xEA, 0x80, 0xED, 0x03, 0xEA, 0xCE, 
	0x5D, 0x94, 0x81, 0x9A, 0x06, 0x96, 0xB4, 0x6F, 0x7B, 0xF3, 0xA2, 0xD3, 0x8A, 0xD9, 0x93, 0xDC, 
	0x09, 0xD9, 0xD9, 0xDC, 0xDE, 0xC6, 0x94, 0x91, 0x96, 0x96, 0x91, 0x86, 0x9B, 0x01, 0x96, 0x96, 
	0x87, 0x9B, 0x06, 0x90, 0xBD, 0xDC, 0xD9, 0xF0, 0xF3, 0xDC, 0x81, 0xDE, 0x05, 0xDC, 0xEA, 0xEF, 
	0xDC, 0xDC, 0xDE, 0x80, 0xDC, 0x04, 0xDB, 0xDB, 0xDC, 0xDC, 0xD8, 0x83, 0xDC, 0x84, 0xD9, 0x04, 
	0xEA, 0xCC, 0xCE, 0xFB, 0x7B, 0x88, 0x00, 0x88, 0x00, 0x01, 0x33, 0xF5, 0x80, 0xDB, 0x00, 0xD5, 
	0x81, 0xDB, 0x00, 0xE7, 0x80, 0xE8, 0x80, 0xDC, 0x02, 0xE8, 0xFD, 0x37, 0xFF, 0x00, 0x81, 0x00, 
	0x08, 0x36, 0xA1, 0xCA, 0x7A, 0x1E, 0x29, 0xF5, 0xDC, 0xD8, 0x81, 0xDB, 0x0A, 0xE7, 0xE8, 0xEA, 
	0xEA, 0xED, 0xED, 0xEA, 0xED, 0xDB, 0x6D, 0x96, 0x81, 0x9F, 0x0B, 0x9A, 0xB5, 0x71, 0x8D, 0xF5, 
	0xA0, 0xC6, 0xD3, 0xCE, 0xD3, 0xCE, 0xC8, 0x92, 0xD3, 0x80, 0xD4, 0x82, 0xDC, 0x06, 0xD4, 0xC9, 
	0xD8, 0xD5, 0xDC, 0xC3, 0x8E, 0x87, 0x96, 0x06, 0x9B, 0x96, 0x96, 0x9B, 0x9B, 0x96, 0x8E, 0x85, 
	0x96, 0x06, 0x8E, 0xBD, 0xDB, 0xDE, 0xC8, 0x7B, 0x9D, 0x81, 0xA0, 0x05, 0x96, 0xA2, 0xDE, 0xDC, 
	0xD3, 0xDC, 0x8E, 0xD3, 0x08, 0xCE, 0xCE, 0xC8, 0xC8, 0xD4, 0xBD, 0xCE, 0xFB, 0x8D, 0x88, 0x00, 
	0x88, 0x00, 0x02, 0x33, 0xF5, 0xE7, 0x84, 0xDB, 0x00, 0xE7, 0x80, 0xE8, 0x80, 0xDC, 0x02, 0xE8, 
	0xFD, 0x37, 0xFF, 0x00, 0x81, 0x00, 0x0E, 0x36, 0xCA, 0x9C, 0x6F, 0x28, 0x29, 0xDB, 0xC5, 0xC5, 
	0xBE, 0xBE, 0xC5, 0xC5, 0xCC, 0xCE, 0x82, 0xD5, 0x0F, 0xDB, 0xD5, 0x40, 0x79, 0x9A, 0x96, 0x9A, 
	0x96, 0x96, 0xB5, 0x40, 0x7B, 0xFA, 0xB3, 0xCC, 0xD2, 0x82, 0xCE, 0x81, 0xD2, 0x04, 0xCE, 0xD3, 
	0xDB, 0xD3, 0xDB, 0x80, 0xD8, 0x03, 0xD3, 0xD3, 0xD8, 0xD8, 0x80, 0xD3, 0x80, 0xD8, 0x01, 0xF3, 
	0xF6, 0x80, 0xF3, 0x0C, 0xF6, 0xF3, 0xDE, 0xD3, 0xE4, 0xDC, 0xC3, 0x8D, 0x9A, 0x96, 0x9A, 0x9A, 
	0x96, 0x81, 0x9A, 0x01, 0x96, 0x9A, 0x81, 0x9B, 0x82, 0x96, 0x82, 0x9A, 0x09, 0x93, 0xBE, 0xDB, 
	0xEF, 0x91, 0xC5, 0xFC, 0xF0, 0xFD, 0xFD, 0x80, 0xF5, 0x02, 0xDB, 0xDB, 0xD5, 0x88, 0xD3, 0x81, 
	0xCE, 0x03, 0xD2, 0xD5, 0xD2, 0xD2, 0x80, 0xCE, 0x04, 0xD3, 0xBD, 0xCE, 0xFB, 0x89, 0x88, 0x00, 
	0x88, 0x00, 0x02, 0x33, 0xF5, 0xE7, 0x85, 0xDB, 0x80, 0xE7, 0x80, 0xDB, 0x02, 0xE8, 0xFD, 0x37, 
	0xFF, 0x00, 0x81, 0x00, 0x07, 0x36, 0xCA, 0xB4, 0x7A, 0x28, 0x29, 0xDB, 0xCE, 0x81, 0xC5, 0x05, 
	0xCB, 0xCE, 0xD5, 0xDB, 0xDB, 0xD5, 0x80, 0xDB, 0x01, 0xE8, 0x8D, 0x84, 0x3D, 0x04, 0x40, 0xC6, 
	0xEA, 0xA0, 0xC6, 0x83, 0xCE, 0x07, 0xD3, 0xEA, 0xF5, 0xEF, 0xEA, 0xEF, 0xEF, 0xEA, 0x80, 0xEF, 
	0x03, 0xEA, 0xF3, 0xF5, 0xDE, 0x81, 0xD3, 0x04, 0xD5, 0xD9, 0xDA, 0xBD, 0x9E, 0x80, 0xA9, 0x07, 
	0xC3, 0xA2, 0xC4, 0xDF, 0xE8, 0xDC, 0xC3, 0x8D, 0x85, 0x96, 0x07, 0x9F, 0x9F, 0xB3, 0x9F, 0x9F, 
	0xB5, 0x9F, 0xA0, 0x86, 0x96, 0x19, 0x93, 0xBD, 0xDC, 0xDB, 0x9D, 0xEA, 0xFA, 0xF5, 0x40, 0x9D, 
	0xF8, 0xF5, 0xF5, 0xDB, 0xCE, 0xDB, 0xD3, 0xD3, 0xEF, 0xEF, 0xEA, 0xEA, 0xEF, 0xEF, 0xEA, 0xEF, 
	0x80, 0xEA, 0x04, 0xF5, 0xF5, 0xDB, 0xCE, 0xCE, 0x82, 0xD3, 0x03, 0xBD, 0xCE, 0xFB, 0x89, 0x88, 
	0x00, 0x88, 0x00, 0x02, 0x33, 0xF5, 0xE7, 0x85, 0xDB, 0x80, 0xE7, 0x80, 0xDB, 0x02, 0xE8, 0xFD, 
	0x37, 0xFF, 0x00, 0x81, 0x00, 0x07, 0x37, 0xA1, 0x73, 0x3F, 0x28, 0x29, 0xDB, 0xCE, 0x81, 0xC5, 
	0x02, 0xCB, 0xCE, 0xD2, 0x80, 0xD5, 0x06, 0xDB, 0xDB, 0xD5, 0xD5, 0xE8, 0xCE, 0xB3, 0x81, 0x9F, 
	0x05, 0xB5, 0xDC, 0xDE, 0xDC, 0xA0, 0xC6, 0x80, 0xCE, 0x19, 0xD3, 0xCE, 0xD3, 0xDC, 0x8E, 0x71, 
	0x7B, 0x83, 0x83, 0x8D, 0x9B, 0x71, 0x89, 0x9D, 0x7B, 0x8D, 0x89, 0xBD, 0xD9, 0xD8, 0xD8, 0xD3, 
	0xD4, 0xDF, 0xA3, 0x74, 0x84, 0xA7, 0x04, 0xAA, 0xDC, 0xDC, 0xC6, 0x8E, 0x85, 0x96, 0x08, 0x79, 
	0x85, 0x69, 0x71, 0x8D, 0x69, 0x6E, 0x79, 0x9B, 0x85, 0x96, 0x20, 0x93, 0xBD, 0xDC, 0xDB, 0x96, 
	0xDC, 0xFA, 0xFD, 0x08, 0x00, 0xC3, 0xFD, 0xF5, 0xD8, 0xCE, 0xD3, 0xDB, 0xDB, 0x83, 0x8D, 0x83, 
	0x8D, 0x8D, 0x9B, 0x9B, 0x7B, 0x9B, 0x96, 0x8D, 0x8E, 0x83, 0xC6, 0xDB, 0x83, 0xD3, 0x03, 0xBD, 
	0xCE, 0xFB, 0x89, 0x88, 0x00, 0x88, 0x00, 0x02, 0x33, 0xF5, 0xE7, 0x85, 0xDB, 0x80, 0xE7, 0x80, 
	0xDB, 0x02, 0xE8, 0xFD, 0x37, 0xFF, 0x00, 0x81, 0x00, 0x07, 0x3A, 0xCA, 0x5F, 0x3F, 0x2A, 0x29, 
	0xDB, 0xCE, 0x81, 0xC5, 0x02, 0xCB, 0xCE, 0xD2, 0x80, 0xD5, 0x82, 0xDB, 0x00, 0xE8, 0x83, 0xEA, 
	0x1A, 0xDC, 0xDB, 0xEA, 0x9F, 0xC5, 0xD3, 0xCE, 0xD3, 0xD3, 0xCE, 0xD3, 0xEA, 0x40, 0x33, 0x69, 
	0x6E, 0x3E, 0x40, 0x6E, 0x7B, 0x6E, 0x3D, 0x70, 0x3D, 0x33, 0x70, 0xF3, 0x80, 0xD8, 0x03, 0xD9, 
	0xD9, 0x74, 0xA8, 0x84, 0xAB, 0x04, 0xA7, 0xC9, 0xDC, 0xC6, 0x94, 0x83, 0x96, 0x09, 0x9B, 0x96, 
	0x5D, 0x6D, 0x3E, 0x6D, 0x3E, 0x3B, 0x57, 0x5D, 0x80, 0x9B, 0x83, 0x96, 0x0E, 0x8D, 0xB5, 0xDC, 
	0xDB, 0x96, 0xDB, 0xFA, 0xF5, 0x3D, 0x8D, 0xF5, 0xF5, 0xF6, 0xD3, 0xCE, 0x80, 0xDB, 0x18, 0x3B, 
	0x33, 0x69, 0x6D, 0x5D, 0x57, 0x6E, 0x7B, 0x6E, 0x40, 0x7B, 0x37, 0x31, 0x96, 0xF5, 0xCE, 0xD3, 
	0xD3, 0xCE, 0xD3, 0xDB, 0xBD, 0xCE, 0xFD, 0x89, 0x88, 0x00, 0x88, 0x00, 0x02, 0x33, 0xF5, 0xE7, 
	0x85, 0xDB, 0x80, 0xE7, 0x80, 0xDB, 0x02, 0xE8, 0xFD, 0x37, 0xFF, 0x00, 0x80, 0x00, 0x08, 0x06, 
	0x32, 0x6B, 0x3B, 0x33, 0x1E, 0x29, 0xE7, 0xC6, 0x81, 0xC5, 0x02, 0xCB, 0xCE, 0xD2, 0x80, 0xD5, 
	0x83, 0xDB, 0x80, 0xE7, 0x1D, 0xE8, 0xE8, 0xDC, 0xDB, 0xDC, 0xEA, 0x9F, 0xC5, 0xD3, 0xCE, 0xCE, 
	0xD3, 0xCE, 0xD3, 0xDB, 0x6D, 0xC5, 0x71, 0x69, 0x6D, 0x3D, 0x8E, 0x9F, 0x8E, 0x69, 0x69, 0x71, 
	0x40, 0x69, 0xF6, 0x82, 0xD8, 0x02, 0x74, 0xA8, 0xA8, 0x80, 0x4C, 0x07, 0x47, 0x4F, 0xAB, 0xA7, 
	0xC4, 0xDC, 0xC6, 0x8E, 0x82, 0x96, 0x02, 0x9A, 0x9B, 0x9F, 0x80, 0x57, 0x07, 0x6E, 0x57, 0x6D, 
	0x57, 0x40, 0x78, 0xB3, 0x9B, 0x83, 0x96, 0x07, 0x8D, 0xB5, 0xDB, 0xDB, 0x8E, 0xEA, 0xFD, 0xF8, 
	0x80, 0xFD, 0x16, 0xFC, 0xFD, 0xD3, 0xC6, 0xD3, 0xDB, 0xCE, 0x6E, 0xBD, 0x69, 0x71, 0x6E, 0x3D, 
	0x96, 0xA0, 0x8E, 0x69, 0x6D, 0x7B, 0x3B, 0x71, 0xF6, 0xCE, 0x82, 0xD3, 0x03, 0xBD, 0xC6, 0xFB, 
	0x89, 0x88, 0x00, 0x88, 0x00, 0x05, 0x33, 0xF5, 0xE7, 0xDB, 0xDB, 0xD5, 0x82, 0xDB, 0x80, 0xE7, 
	0x80, 0xDB, 0x02, 0xE8, 0xFD, 0x37, 0xFF, 0x00, 0x80, 0x00, 0x08, 0x0C, 0x18, 0x18, 0x1B, 0x1E, 
	0x12, 0x2A, 0xDC, 0xC6, 0x81, 0xC5, 0x02, 0xCB, 0xCE, 0xD2, 0x80, 0xD5, 0x81, 0xDB, 0x02, 0xE7, 
	0xE7, 0xE8, 0x81, 0xE7, 0x09, 0xDC, 0xDB, 0xDC, 0xEA, 0x9F, 0xC6, 0xD3, 0xCE, 0xCE, 0xD3, 0x80, 
	0xCE, 0x0F, 0xD3, 0xEA, 0xC6, 0xC6, 0xCE, 0xD3, 0xDC, 0xDB, 0xD8, 0xDC, 0xC6, 0xDC, 0xDC, 0xD8, 
	0xD9, 0xD3, 0x80, 0xD8, 0x0E, 0xD5, 0x74, 0xA8, 0xA8, 0x4C, 0x4C, 0x4A, 0x4A, 0xA7, 0xAB, 0xA7, 
	0xC6, 0xE8, 0xC6, 0x8E, 0x84, 0x96, 0x01, 0x9F, 0x94, 0x80, 0x8D, 0x06, 0x96, 0x8E, 0x7B, 0x8D, 
	0x8D, 0x9F, 0x9B, 0x83, 0x96, 0x08, 0x8D, 0xBD, 0xDB, 0xDB, 0x9D, 0x8D, 0xB5, 0x9F, 0xB5, 0x81, 
	0x9F, 0x02, 0xBD, 0xD3, 0xD3, 0x80, 0xDB, 0x0F, 0xEF, 0xBD, 0xC6, 0xC6, 0xD3, 0xDB, 0xD3, 0xDC, 
	0xCE, 0xBD, 0xDE, 0xD3, 0xCE, 0xDB, 0xD3, 0xCE, 0x81, 0xD3, 0x03, 0xBD, 0xC6, 0xFB, 0x8D, 0x88, 
	0x00, 0x88, 0x00, 0x08, 0x33, 0xF5, 0xE7, 0xDB, 0xD3, 0xD5, 0xDB, 0xDB, 0xD5, 0x85, 0xDB, 0x02, 
	0xE8, 0xFD, 0x37, 0xFF, 0x00, 0x80, 0x00, 0x01, 0x04, 0x2F, 0x80, 0x51, 0x03, 0x2B, 0x29, 0xD9, 
	0xCC, 0x81, 0xC5, 0x04, 0xCC, 0xCC, 0xCE, 0xD5, 0xD5, 0x81, 0xDB, 0x02, 0xE7, 0xDB, 0xDB, 0x82, 
	0xE8, 0x06, 0xDB, 0xDB, 0xDE, 0xEA, 0x9F, 0xC6, 0xD3, 0x81, 0xCE, 0x06, 0xD3, 0xD3, 0xDC, 0xDB, 
	0xEA, 0xEF, 0xEA, 0x80, 0xEF, 0x01, 0xF3, 0xEF, 0x80, 0xDF, 0x0B, 0xDE, 0xD8, 0xD3, 0xD8, 0xD3, 
	0xD9, 0xD5, 0x74, 0xA8, 0xAB, 0xA8, 0xA8, 0x81, 0xAB, 0x04, 0xA7, 0xC4, 0xE8, 0xC6, 0x8E, 0x84, 
	0x96, 0x09, 0x9B, 0xB3, 0x9B, 0x9F, 0xBD, 0xC8, 0xC6, 0xC5, 0x9D, 0x96, 0x81, 0x9B, 0x81, 0x96, 
	0x06, 0x93, 0xBD, 0xDC, 0xD8, 0xDB, 0x96, 0x6E, 0x80, 0x6D, 0x09, 0x69, 0x6D, 0x8D, 0xCE, 0xDB, 
	0xD3, 0xD3, 0xDC, 0xDC, 0xDB, 0x80, 0xEF, 0x0A, 0xF5, 0xEF, 0xEF, 0xEA, 0xF5, 0xEA, 0xDB, 0xEA, 
	0xDC, 0xD3, 0xDB, 0x80, 0xD3, 0x05, 0xCE, 0xD3, 0xBD, 0xCE, 0xFB, 0x89, 0x88, 0x00, 0x88, 0x00, 
	0x08, 0x33, 0xF5, 0xE7, 0xDB, 0xD3, 0xD5, 0xDB, 0xDB, 0xD5, 0x85, 0xDB, 0x02, 0xE8, 0xFD, 0x37, 
	0xFF, 0x00, 0x80, 0x00, 0x01, 0x07, 0x2F, 0x80, 0x50, 0x03, 0x2B, 0x29, 0xD9, 0xCB, 0x81, 0xC5, 
	0x04, 0xCC, 0xCC, 0xCE, 0xD5, 0xD5, 0x82, 0xDB, 0x00, 0xED, 0x84, 0xFA, 0x06, 0xF5, 0xDE, 0xEA, 
	0x9F, 0xC5, 0xD3, 0xD3, 0x80, 0xCE, 0x00, 0xD3, 0x81, 0xDB, 0x02, 0xD3, 0xDB, 0xF6, 0x81, 0xFD, 
	0x0B, 0xF3, 0xD9, 0xDF, 0xDC, 0xDC, 0xD8, 0xD8, 0xD3, 0xC9, 0xD9, 0x72, 0x4F, 0x83, 0xAB, 0x05, 
	0xA8, 0x74, 0xC9, 0xDC, 0xC6, 0x8E, 0x83, 0x96, 0x04, 0x9B, 0x9B, 0x96, 0xB5, 0xDE, 0x81, 0xFD, 
	0x02, 0xF8, 0xA2, 0x8E, 0x80, 0x9B, 0x81, 0x96, 0x0C, 0x93, 0xBD, 0xDB, 0xD8, 0xD8, 0xEA, 0xF6, 
	0xEA, 0xCE, 0xCE, 0xDB, 0xEA, 0xEA, 0x84, 0xDB, 0x03, 0xD3, 0xDB, 0xEA, 0xF6, 0x81, 0xFD, 0x01, 
	0xF6, 0xD8, 0x81, 0xDB, 0x80, 0xD3, 0x05, 0xCE, 0xD3, 0xC5, 0xCE, 0xFB, 0x89, 0x88, 0x00, 0x88, 
	0x00, 0x05, 0x33, 0xF5, 0xE7, 0xDB, 0xDB, 0xD5, 0x88, 0xDB, 0x02, 0xE8, 0xFD, 0x37, 0xFF, 0x00, 
	0x80, 0x00, 0x01, 0x07, 0x2F, 0x80, 0x59, 0x03, 0x2B, 0x29, 0xD9, 0xCB, 0x81, 0xC5, 0x04, 0xCB, 
	0xCC, 0xD2, 0xD5, 0xD5, 0x81, 0xDB, 0x02, 0xEA, 0xDB, 0x96, 0x82, 0x9F, 0x05, 0x96, 0xC5, 0xF5, 
	0xEA, 0x9F, 0xC5, 0x80, 0xD3, 0x01, 0xCE, 0xCE, 0x80, 0xD3, 0x0D, 0xDB, 0xC6, 0xBD, 0xF3, 0xFD, 
	0xFB, 0xFD, 0xF9, 0xFD, 0xFD, 0xDE, 0xC9, 0xDE, 0xD9, 0x80, 0xD8, 0x02, 0xD3, 0xD3, 0x9E, 0x84, 
	0x4A, 0x05, 0x46, 0x92, 0xD3, 0xDC, 0xC3, 0x8E, 0x83, 0x96, 0x03, 0x9B, 0x8E, 0x9D, 0xEF, 0x82, 
	0xF9, 0x04, 0xFD, 0xFD, 0x9B, 0x8D, 0x9B, 0x82, 0x96, 0x0D, 0x93, 0xBD, 0xDB, 0xD3, 0xF3, 0xEA, 
	0xA0, 0xB5, 0xC6, 0xCE, 0xDC, 0xEA, 0xDB, 0xEA, 0x81, 0xDB, 0x06, 0xD3, 0xD3, 0xC8, 0xCE, 0xEA, 
	0xFB, 0xFB, 0x81, 0xFD, 0x03, 0xF5, 0xC6, 0xDB, 0xDB, 0x81, 0xD3, 0x05, 0xCE, 0xD3, 0xBD, 0xCE, 
	0xFB, 0x89, 0x88, 0x00, 0x80, 0x00, 0x03, 0x0F, 0x40, 0x57, 0x20, 0x81, 0x00, 0x04, 0x33, 0xF5, 
	0xE7, 0xDB, 0xDB, 0x80, 0xD5, 0x86, 0xDB, 0x02, 0xE8, 0xFD, 0x37, 0xFF, 0x00, 0x80, 0x00, 0x08, 
	0x07, 0x2F, 0x59, 0x68, 0x68, 0x50, 0x20, 0xD9, 0xCC, 0x81, 0xC5, 0x01, 0xCB, 0xCE, 0x80, 0xD5, 
	0x14, 0xDB, 0xE7, 0xE7, 0xE8, 0xF5, 0x6E, 0x69, 0x8D, 0x7B, 0x85, 0x85, 0x7E, 0x8D, 0x6D, 0xB5, 
	0xF6, 0x9F, 0xC6, 0xD3, 0xCE, 0xCE, 0x80, 0xD3, 0x06, 0xCE, 0xCE, 0xC6, 0xBD, 0xDB, 0xF5, 0xF3, 
	0x83, 0xF8, 0x02, 0xD8, 0xD3, 0xD8, 0x80, 0xD3, 0x04, 0xD5, 0xD5, 0xDC, 0xC6, 0x91, 0x80, 0x8A, 
	0x07, 0x86, 0x91, 0xC4, 0xD3, 0xCC, 0xD9, 0xC3, 0x93, 0x83, 0x96, 0x05, 0x8D, 0x90, 0xD8, 0xDF, 
	0xF3, 0xF5, 0x80, 0xF8, 0x03, 0xFA, 0xFD, 0xEA, 0x85, 0x83, 0x96, 0x0F, 0x8D, 0xBD, 0xDB, 0xEF, 
	0xD3, 0x90, 0xC3, 0x9D, 0xA2, 0xC3, 0x90, 0x9F, 0xEF, 0xDB, 0xEA, 0xDB, 0x80, 0xD3, 0x04, 0xC6, 
	0xCE, 0xD8, 0xF3, 0xF5, 0x83, 0xFA, 0x05, 0xDE, 0xC6, 0xCE, 0xD3, 0xD3, 0xCE, 0x80, 0xD3, 0x03, 
	0xBD, 0xCE, 0xFB, 0x89, 0x81, 0x00, 0x02, 0x1A, 0x40, 0x31, 0x81, 0x00, 0x07, 0x00, 0x00, 0x08, 
	0xC3, 0xFD, 0xCC, 0x57, 0x1D, 0x80, 0x00, 0x04, 0x37, 0xF5, 0xE7, 0xDB, 0xDB, 0x80, 0xD5, 0x80, 
	0xDB, 0x00, 0xE7, 0x82, 0xDB, 0x02, 0xDC, 0xFB, 0x33, 0xFF, 0x00, 0x80, 0x00, 0x0F, 0x07, 0x2F, 
	0x51, 0x59, 0x67, 0x2B, 0x29, 0xD9, 0xCB, 0xBD, 0xC5, 0xC5, 0xBE, 0xC5, 0xC5, 0xCC, 0x82, 0xCE, 
	0x0E, 0xD5, 0xC5, 0x5D, 0x96, 0x9B, 0x9B, 0x9F, 0x9F, 0x9B, 0xBD, 0x71, 0x7B, 0xFA, 0x9F, 0xC5, 
	0x84, 0xCE, 0x0D, 0xC6, 0xB5, 0xC5, 0xF3, 0xFA, 0xF3, 0xF5, 0xF3, 0xF7, 0xF7, 0xF8, 0xFD, 0xDE, 
	0xC3, 0x82, 0xD3, 0x04, 0xC9, 0xD3, 0xD5, 0xDC, 0xD9, 0x80, 0xD8, 0x06, 0xDC, 0xD8, 0xD3, 0xD3, 
	0xD9, 0xC3, 0x93, 0x80, 0x94, 0x80, 0x96, 0x0D, 0x7B, 0xA0, 0xDF, 0xF4, 0xFA, 0xF0, 0xF5, 0xF5, 
	0xF7, 0xF5, 0xFA, 0xFD, 0xB5, 0x85, 0x82, 0x96, 0x0E, 0x8D, 0xBD, 0xE8, 0xD8, 0x8D, 0xDE, 0xFD, 
	0x7B, 0x33, 0x70, 0x8E, 0xC5, 0xFD, 0xDB, 0xCE, 0x80, 0xD3, 0x0E, 0xCE, 0xBD, 0xCE, 0xEA, 0xFA, 
	0xF7, 0xF5, 0xFA, 0xFA, 0xF6, 0xF6, 0xFD, 0xF8, 0xC5, 0xC6, 0x82, 0xCE, 0x04, 0xD3, 0xB5, 0xC6, 
	0xFB, 0x89, 0x80, 0x00, 0x04, 0x1D, 0x3D, 0xB5, 0xFD, 0x57, 0x80, 0x00, 0x07, 0x00, 0x00, 0x3D, 
	0xFD, 0xE8, 0x3B, 0x20, 0x33, 0x80, 0x00, 0x03, 0x31, 0xF6, 0xDB, 0xD3, 0x82, 0xD5, 0x85, 0xDB, 
	0x02, 0xE7, 0xFB, 0x33, 0xFF, 0x00, 0x80, 0x00, 0x09, 0x08, 0x2F, 0x51, 0x50, 0x51, 0x2B, 0x20, 
	0xCC, 0xC5, 0xC3, 0x81, 0xBD, 0x09, 0xC5, 0xC5, 0xCC, 0xCE, 0xCE, 0xCC, 0xCE, 0xCE, 0x9F, 0x57, 
	0x80, 0x96, 0x0B, 0x9A, 0x96, 0x9A, 0xB5, 0x6F, 0x7B, 0xF5, 0x9F, 0xC5, 0xD3, 0xCE, 0xCE, 0x80, 
	0xC6, 0x0F, 0xCC, 0xBE, 0xB2, 0xC5, 0xDB, 0xF0, 0xF5, 0xF3, 0xF3, 0xF5, 0xF6, 0xF8, 0xF8, 0xDC, 
	0xBD, 0xCE, 0x83, 0xD3, 0x01, 0xD8, 0xDB, 0x81, 0xD9, 0x06, 0xD4, 0xD3, 0xD8, 0xD3, 0xDB, 0xC5, 
	0x8D, 0x82, 0x94, 0x07, 0x8E, 0x71, 0xB5, 0xDB, 0xDD, 0xF5, 0xF5, 0xEF, 0x81, 0xF5, 0x02, 0xFB, 
	0xC5, 0x79, 0x81, 0x94, 0x1A, 0x96, 0x8E, 0xB5, 0xEF, 0x90, 0xC5, 0xFD, 0xDB, 0x7B, 0x7B, 0x71, 
	0x9F, 0xA2, 0xEF, 0xF8, 0xCE, 0xCE, 0xD3, 0xCE, 0xBE, 0xB5, 0xCB, 0xD7, 0xEA, 0xF5, 0xF0, 0xF0, 
	0x81, 0xF5, 0x04, 0xF3, 0xC6, 0xC6, 0xCE, 0xC6, 0x80, 0xCE, 0x04, 0xD3, 0xBD, 0xC6, 0xFD, 0x71, 
	0x80, 0x00, 0x07, 0x32, 0x1E, 0x33, 0xED, 0xFD, 0x29, 0x00, 0x00, 0x0E, 0x00, 0x00, 0x90, 0xFD, 
	0xB5, 0x29, 0x31, 0x8D, 0x57, 0x3B, 0x3B, 0x6E, 0xDB, 0xDB, 0xD3, 0x82, 0xD5, 0x85, 0xDB, 0x02, 
	0xE8, 0xFD, 0x33, 0xFF, 0x00, 0x80, 0x00, 0x09, 0x08, 0x2F, 0x51, 0x50, 0x51, 0x2B, 0x20, 0xE8, 
	0xF0, 0xDC, 0x80, 0xDB, 0x03, 0xDE, 0xEA, 0xEA, 0xED, 0x82, 0xF5, 0x04, 0xDB, 0x69, 0x93, 0x9A, 
	0x96, 0x80, 0x9A, 0x08, 0xB5, 0x70, 0x7B, 0xF5, 0x9B, 0xC5, 0xD3, 0xD3, 0xCE, 0x80, 0xC6, 0x06, 
	0xBE, 0xBE, 0x96, 0xB9, 0xEA, 0xDE, 0xEA, 0x81, 0xF3, 0x05, 0xEA, 0xF8, 0xDB, 0xA0, 0xC6, 0xC6, 
	0x83, 0xD3, 0x04, 0xDB, 0xD8, 0xD9, 0xD9, 0xD4, 0x81, 0xD3, 0x18, 0xDB, 0xBD, 0x8D, 0x96, 0x94, 
	0x94, 0x8E, 0x8D, 0x85, 0x71, 0x9F, 0xDD, 0xEA, 0xDB, 0xDE, 0xEF, 0xEF, 0xF3, 0xF0, 0xEA, 0xFA, 
	0xB5, 0x71, 0x94, 0x93, 0x80, 0x94, 0x18, 0x8D, 0xB5, 0xEF, 0x83, 0xC3, 0xFD, 0xDE, 0x9F, 0x96, 
	0xCE, 0x8D, 0x8F, 0xF5, 0xFB, 0xB5, 0xC5, 0xCE, 0xC5, 0xB3, 0x9F, 0xCB, 0xE7, 0xEA, 0xDB, 0xEA, 
	0x80, 0xF0, 0x03, 0xEA, 0xF0, 0xEA, 0xBD, 0x80, 0xC6, 0x81, 0xCE, 0x0E, 0xBD, 0xC6, 0xF6, 0x96, 
	0x3B, 0x3B, 0x40, 0x6E, 0x29, 0x1E, 0x9B, 0xFD, 0x7B, 0x00, 0x00, 0x0E, 0x00, 0x08, 0xCE, 0xFA, 
	0x71, 0x20, 0x7B, 0xCE, 0xEF, 0xF6, 0xFB, 0xDB, 0xB5, 0xDB, 0xD8, 0x82, 0xD5, 0x85, 0xDB, 0x02, 
	0xE8, 0xFD, 0x32, 0xFF, 0x00, 0x80, 0x00, 0x0F, 0x08, 0x2F, 0x51, 0x59, 0x58, 0x2B, 0x31, 0xF5, 
	0xCE, 0xC8, 0xCC, 0xC8, 0xC8, 0xCE, 0xD3, 0xD5, 0x82, 0xDB, 0x0E, 0xE8, 0xCE, 0x69, 0x9F, 0xB3, 
	0xB2, 0xB2, 0xB3, 0xB5, 0xC5, 0x7B, 0x71, 0xF5, 0x9B, 0xC5, 0x80, 0xC6, 0x07, 0xC5, 0xC6, 0xC6, 
	0xBE, 0xB5, 0x96, 0x9C, 0xC5, 0x80, 0xEA, 0x0A, 0xF3, 0xF3, 0xEF, 0xF5, 0xEA, 0xA2, 0xA0, 0xC6, 
	0xC6, 0xC8, 0xCE, 0x81, 0xD3, 0x02, 0xDB, 0xDC, 0xD9, 0x80, 0xDC, 0x05, 0xD8, 0xD3, 0xD3, 0xD8, 
	0xBD, 0x8D, 0x80, 0x94, 0x09, 0x8D, 0x8D, 0x85, 0x6E, 0x8E, 0xC5, 0xC7, 0xEA, 0xDB, 0xDE, 0x80, 
	0xEA, 0x2A, 0xF5, 0xDC, 0x85, 0x79, 0x85, 0x93, 0x93, 0x94, 0x94, 0x8D, 0xB5, 0xDC, 0x9F, 0x6D, 
	0xF5, 0xFD, 0x8D, 0x69, 0xA2, 0x40, 0x8F, 0xFD, 0xA0, 0x8D, 0xC6, 0xC6, 0xBD, 0xB3, 0x96, 0xB9, 
	0xB9, 0xDB, 0xEA, 0xEA, 0xF0, 0xEA, 0xEA, 0xF0, 0xEA, 0xC7, 0xB5, 0xC5, 0xC5, 0x81, 0xC6, 0x0F, 
	0xD3, 0xBD, 0xC6, 0xDC, 0xDB, 0xFA, 0xFB, 0xF5, 0xD3, 0x78, 0x1E, 0x69, 0xFD, 0xCE, 0x08, 0x00, 
	0x0E, 0x00, 0x20, 0xF5, 0xFA, 0x40, 0x32, 0xB9, 0xCB, 0xCE, 0xD3, 0xD3, 0xC3, 0xC5, 0xDB, 0xD8, 
	0x82, 0xD5, 0x85, 0xDB, 0x02, 0xE8, 0xFB, 0x33, 0xFF, 0x00, 0x80, 0x00, 0x19, 0x07, 0x2B, 0x58, 
	0x59, 0x67, 0x2B, 0x20, 0xDB, 0xC5, 0xC3, 0xBE, 0xBD, 0xBD, 0xC5, 0xC5, 0xCE, 0xD2, 0xD2, 0xD5, 
	0xD5, 0xD2, 0xD5, 0xDB, 0x57, 0x57, 0x71, 0x80, 0x6E, 0x09, 0x71, 0x71, 0x3B, 0x8D, 0xF5, 0x9B, 
	0xC5, 0xC6, 0xC5, 0xC6, 0x80, 0xC5, 0x04, 0xBE, 0xB9, 0x9A, 0x78, 0x9A, 0x80, 0xEA, 0x06, 0xDD, 
	0xDE, 0xEF, 0xFB, 0xCE, 0x7B, 0xBD, 0x80, 0xC6, 0x11, 0xC8, 0xD3, 0xD3, 0xDC, 0xEF, 0xEA, 0xEF, 
	0xF3, 0xF3, 0xEF, 0xDE, 0xDE, 0xD8, 0xCE, 0xD3, 0xBE, 0x8D, 0x8E, 0x80, 0x8D, 0x10, 0x85, 0x85, 
	0x78, 0x6E, 0x8D, 0xB5, 0xF5, 0xEA, 0xDD, 0xDB, 0xDB, 0xF0, 0xFD, 0x9B, 0x69, 0x85, 0x85, 0x81, 
	0x93, 0x21, 0x85, 0xB5, 0xD3, 0xDB, 0x7B, 0x57, 0xC5, 0xB5, 0x9F, 0x9F, 0xB5, 0xA2, 0x89, 0x6E, 
	0xBD, 0xC6, 0xC5, 0xBD, 0xB5, 0x93, 0x93, 0x96, 0xD2, 0xF5, 0xEA, 0xEA, 0xDB, 0xEA, 0xF5, 0xEA, 
	0x9F, 0xB5, 0xBD, 0xC5, 0x81, 0xC6, 0x0F, 0xD3, 0xB5, 0xC6, 0xEA, 0xCE, 0xD3, 0xD3, 0xCE, 0xCB, 
	0xB5, 0x32, 0x3B, 0xF5, 0xFD, 0x29, 0x00, 0x07, 0x00, 0x37, 0xFD, 0xEA, 0x37, 0x3D, 0xB9, 0xCB, 
	0x80, 0xCE, 0x03, 0xC3, 0xC5, 0xDB, 0xD8, 0x82, 0xD5, 0x85, 0xDB, 0x02, 0xE8, 0xFB, 0x33, 0xFF, 
	0x00, 0x80, 0x00, 0x08, 0x07, 0x2F, 0x51, 0x59, 0x59, 0x2B, 0x29, 0xE8, 0xC7, 0x82, 0xC5, 0x01, 
	0xC8, 0xCE, 0x83, 0xD5, 0x03, 0xDB, 0xB5, 0x57, 0x3E, 0x82, 0x3D, 0x1A, 0x6D, 0xDB, 0xDB, 0x96, 
	0xC3, 0xCE, 0xC5, 0xC5, 0xC6, 0xC5, 0xBE, 0xBD, 0xB5, 0x9F, 0x7B, 0x93, 0xC5, 0xDB, 0xEA, 0xEF, 
	0xEA, 0xF3, 0xCE, 0x8D, 0x90, 0xBD, 0xC3, 0x80, 0xC6, 0x04, 0xCE, 0xDC, 0xDC, 0x9F, 0xA0, 0x81, 
	0xA2, 0x05, 0xB5, 0xC3, 0xDC, 0xD8, 0xD3, 0xBE, 0x82, 0x8D, 0x10, 0x85, 0x85, 0x7E, 0x69, 0x6E, 
	0xB5, 0xC7, 0xDB, 0xF0, 0xE9, 0xE9, 0xF5, 0xB5, 0x69, 0x78, 0x85, 0x85, 0x80, 0x8D, 0x21, 0x93, 
	0x85, 0xB3, 0xD3, 0xC8, 0xDB, 0x8E, 0x57, 0x70, 0x8D, 0x8D, 0x71, 0x69, 0x6E, 0xC5, 0xC6, 0xC6, 
	0xC5, 0xB5, 0xB5, 0x9A, 0x7E, 0xB2, 0xCB, 0xD2, 0xE7, 0xEA, 0xDD, 0xEA, 0xDB, 0x9F, 0x9F, 0xBD, 
	0xBD, 0x81, 0xC5, 0x10, 0xC6, 0xCE, 0xB5, 0xC6, 0xEA, 0xCE, 0xCE, 0xD2, 0xCE, 0xCC, 0xBE, 0x3D, 
	0x32, 0xE7, 0xFD, 0x3B, 0x00, 0x0E, 0x00, 0x40, 0xFD, 0xCE, 0x33, 0x57, 0xB5, 0xC5, 0xC6, 0xCE, 
	0xCE, 0xBE, 0xC5, 0xDB, 0xDB, 0x82, 0xD5, 0x85, 0xDB, 0x02, 0xE8, 0xFD, 0x33, 0xFF, 0x00, 0x80, 
	0x00, 0x01, 0x07, 0x2F, 0x80, 0x50, 0x04, 0x2B, 0x29, 0xD9, 0xCC, 0xC3, 0x81, 0xC5, 0x02, 0xCC, 
	0xCE, 0xD2, 0x83, 0xD5, 0x0D, 0xE8, 0xEA, 0xD5, 0xCE, 0xCB, 0xCB, 0xCE, 0xDB, 0xEA, 0xDB, 0xDB, 
	0x96, 0xBD, 0xCE, 0x80, 0xC6, 0x23, 0xC5, 0xBD, 0xBD, 0xB5, 0xA0, 0x96, 0x78, 0x78, 0x9A, 0xC5, 
	0x93, 0xB3, 0x9F, 0x79, 0x85, 0xB2, 0xA0, 0xBD, 0xC6, 0xC5, 0xC6, 0xD3, 0xDC, 0x8E, 0xB5, 0xF5, 
	0xF7, 0xF7, 0xF3, 0xFA, 0xF5, 0xDC, 0xC6, 0xD3, 0xDB, 0xBD, 0x82, 0x8D, 0x0D, 0x85, 0x7E, 0x79, 
	0x78, 0x57, 0x5D, 0x7E, 0xB4, 0xB9, 0x95, 0xB9, 0x7E, 0x57, 0x6D, 0x80, 0x7E, 0x26, 0x85, 0x85, 
	0x93, 0x93, 0x85, 0xA0, 0xD3, 0xC8, 0xCE, 0xDC, 0xDB, 0xA0, 0x8D, 0x7B, 0x90, 0xC6, 0xDB, 0xD3, 
	0xC6, 0xC6, 0xC5, 0xBE, 0xB5, 0xB3, 0x8D, 0x78, 0x93, 0xB2, 0xCB, 0x9F, 0xB2, 0xB9, 0x96, 0x9A, 
	0xB5, 0xB5, 0xBD, 0xBD, 0xC5, 0x80, 0xC6, 0x0F, 0xCE, 0xB5, 0xC6, 0xEA, 0xCE, 0xCC, 0xCE, 0xCC, 
	0xC5, 0xBE, 0x69, 0x29, 0xB3, 0xFD, 0x7B, 0x00, 0x0D, 0x00, 0x7B, 0xFD, 0xB9, 0x33, 0x78, 0xC5, 
	0xCC, 0xCE, 0xCE, 0xD5, 0xC5, 0xC5, 0xDB, 0x83, 0xD5, 0x85, 0xDB, 0x02, 0xE8, 0xFB, 0x33, 0xFF, 
	0x00, 0x80, 0x00, 0x01, 0x07, 0x2F, 0x80, 0x51, 0x03, 0x2B, 0x29, 0xD9, 0xCC, 0x82, 0xC5, 0x02, 
	0xCC, 0xCE, 0xD2, 0x80, 0xD5, 0x82, 0xDB, 0x05, 0xE8, 0xDB, 0xDB, 0xE8, 0xE8, 0xDC, 0x80, 0xDB, 
	0x02, 0x96, 0xBD, 0xCE, 0x80, 0xC6, 0x25, 0xC5, 0xBD, 0xBD, 0xB5, 0xA0, 0xA0, 0x96, 0x79, 0x6D, 
	0x6D, 0x5D, 0x6D, 0x6E, 0x8D, 0xB2, 0xB3, 0xB5, 0xBD, 0xC5, 0xC5, 0xC6, 0xD3, 0xD3, 0x7B, 0xDD, 
	0xFC, 0xCE, 0xCE, 0xF8, 0xCE, 0xDB, 0xFA, 0xB5, 0xC6, 0xDB, 0xBD, 0x85, 0x93, 0x80, 0x8D, 0x37, 
	0x85, 0x7E, 0x7E, 0x79, 0x76, 0x5D, 0x40, 0x57, 0x56, 0x3D, 0x57, 0x55, 0x6D, 0x79, 0x7E, 0x7E, 
	0x85, 0x85, 0x8D, 0x93, 0x93, 0x85, 0xA0, 0xD3, 0xC6, 0xDE, 0xDB, 0xC5, 0xC5, 0xBD, 0xBD, 0xC3, 
	0xC3, 0xC5, 0xD3, 0xD3, 0xC6, 0xC5, 0xC5, 0xBE, 0xB5, 0xA0, 0x93, 0x71, 0x79, 0x7B, 0x6D, 0x7B, 
	0x85, 0x96, 0xB2, 0xB5, 0xB5, 0xBD, 0xC5, 0xC5, 0x80, 0xC6, 0x0F, 0xCE, 0xB5, 0xC6, 0xEA, 0xD2, 
	0xCE, 0xD5, 0xD2, 0xCE, 0xC5, 0x7B, 0x29, 0x93, 0xFD, 0x96, 0x00, 0x06, 0x00, 0xA2, 0xFD, 0x96, 
	0x32, 0x93, 0xCB, 0x80, 0xCE, 0x03, 0xD3, 0xBE, 0xC5, 0xDB, 0x83, 0xD5, 0x85, 0xDB, 0x02, 0xE8, 
	0xFB, 0x32, 0xFF, 0x00, 0x80, 0x00, 0x08, 0x0E, 0x28, 0x2B, 0x2B, 0x50, 0x17, 0x2A, 0xD9, 0xC6, 
	0x82, 0xC5, 0x02, 0xCC, 0xCE, 0xD2, 0x80, 0xD5, 0x84, 0xDB, 0x01, 0xE7, 0xE7, 0x82, 0xDB, 0x01, 
	0x96, 0xBD, 0x81, 0xC6, 0x80, 0xC5, 0x0C, 0xBD, 0xB5, 0xA0, 0xA0, 0x9F, 0x96, 0x8D, 0x8E, 0x8E, 
	0x9F, 0xB3, 0xB5, 0xB5, 0x80, 0xC5, 0x81, 0xC6, 0x0E, 0x7B, 0xEA, 0xDD, 0x69, 0x6F, 0x40, 0x3E, 
	0x9D, 0xFD, 0xB5, 0xC5, 0xD3, 0xBD, 0x83, 0x93, 0x80, 0x8D, 0x02, 0x85, 0x85, 0x7E, 0x80, 0x79, 
	0x04, 0x6E, 0x5D, 0x57, 0x5D, 0x6D, 0x80, 0x79, 0x0C, 0x7E, 0x7E, 0x85, 0x8D, 0x8D, 0x93, 0x93, 
	0x85, 0xB3, 0xD3, 0xDB, 0xC6, 0x8E, 0x80, 0xB5, 0x12, 0x9F, 0xA2, 0x9F, 0xC3, 0xDB, 0xD3, 0xCE, 
	0xCC, 0xC5, 0xC5, 0xBE, 0xB5, 0xB5, 0xA0, 0x96, 0x8D, 0x96, 0x9F, 0xB3, 0x80, 0xB5, 0x02, 0xBD, 
	0xC5, 0xC5, 0x81, 0xC6, 0x0F, 0xCE, 0xB5, 0xC6, 0xEA, 0xCE, 0xD2, 0xD5, 0xD5, 0xCE, 0xCB, 0x9A, 
	0x32, 0x71, 0xFD, 0xC3, 0x08, 0x0D, 0x04, 0xC5, 0xFB, 0x7B, 0x33, 0x9A, 0xC5, 0xCC, 0xCE, 0xCE, 
	0xD3, 0xC5, 0xC5, 0xDB, 0x83, 0xD5, 0x85, 0xDB, 0x02, 0xE8, 0xFB, 0x32, 0xFF, 0x00, 0x80, 0x00, 
	0x07, 0x0C, 0x1E, 0x2A, 0x20, 0x1D, 0x14, 0x2A, 0xDB, 0x83, 0xC5, 0x02, 0xCC, 0xCE, 0xD2, 0x80, 
	0xD5, 0x80, 0xDB, 0x00, 0xD5, 0x80, 0xDB, 0x01, 0xE7, 0xE7, 0x82, 0xDB, 0x01, 0x96, 0xBD, 0x81, 
	0xC6, 0x01, 0xC5, 0xC6, 0x80, 0xC5, 0x85, 0xBD, 0x00, 0xBE, 0x82, 0xC5, 0x11, 0xC6, 0xC6, 0xCE, 
	0xC6, 0x7B, 0xDC, 0xF5, 0x96, 0x96, 0x90, 0x70, 0xCE, 0xFD, 0xA0, 0xBD, 0xD3, 0xBD, 0x83, 0x81, 
	0x8D, 0x80, 0x85, 0x03, 0x7E, 0x7B, 0x79, 0x7B, 0x85, 0x7E, 0x18, 0x85, 0x85, 0x8D, 0x93, 0x8D, 
	0x93, 0x85, 0xB3, 0xD3, 0xDE, 0x8D, 0xC8, 0xFD, 0xFA, 0xF7, 0xFD, 0xFD, 0xF7, 0xFD, 0xD8, 0xC6, 
	0xD3, 0xCC, 0xCC, 0xC6, 0x8B, 0xC5, 0x82, 0xC6, 0x0F, 0xCE, 0xB5, 0xC6, 0xE8, 0xCE, 0xCE, 0xD5, 
	0xD5, 0xCE, 0xCB, 0x9F, 0x33, 0x5D, 0xFB, 0xF3, 0x1D, 0x0D, 0x0F, 0xCE, 0xFA, 0x6D, 0x37, 0x9F, 
	0xC5, 0xCE, 0xCE, 0xC8, 0xCE, 0xBE, 0xC5, 0xDB, 0x83, 0xD5, 0x85, 0xDB, 0x02, 0xE8, 0xFB, 0x36, 
	0xFF, 0x00, 0x81, 0x00, 0x09, 0x3A, 0xCA, 0x5F, 0x3A, 0x29, 0x29, 0xDB, 0xC3, 0xC5, 0xCB, 0x80, 
	0xC5, 0x02, 0xCC, 0xCE, 0xD2, 0x80, 0xD5, 0x80, 0xDB, 0x03, 0xD5, 0xDB, 0xE8, 0xE7, 0x80, 0xE8, 
	0x81, 0xDB, 0x02, 0x96, 0xBD, 0xCE, 0x80, 0xC6, 0x00, 0xC5, 0x81, 0xC6, 0x00, 0xC5, 0x80, 0xC6, 
	0x04, 0xCE, 0xC6, 0xC6, 0xCE, 0xC6, 0x81, 0xC5, 0x82, 0xC6, 0x01, 0x71, 0xEF, 0x82, 0xFD, 0x06, 
	0xFA, 0xFD, 0xB5, 0xBD, 0xD3, 0xBD, 0x83, 0x81, 0x8D, 0x02, 0x85, 0x8D, 0x8D, 0x80, 0x85, 0x04, 
	0x7E, 0x7E, 0x85, 0x85, 0x7E, 0x82, 0x85, 0x00, 0x8D, 0x80, 0x93, 0x11, 0x94, 0x85, 0xB3, 0xDB, 
	0xD8, 0x8D, 0xD7, 0xF5, 0xEA, 0xFD, 0xD7, 0x7B, 0xF5, 0xFA, 0xC8, 0xBD, 0xD3, 0xD2, 0x81, 0xCC, 
	0x06, 0xC8, 0xCE, 0xCE, 0xD3, 0xD3, 0xCE, 0xCE, 0x82, 0xC6, 0x00, 0xCE, 0x81, 0xC6, 0x0F, 0xCE, 
	0xB5, 0xC6, 0xE8, 0xCE, 0xCE, 0xD5, 0xD5, 0xCE, 0xCC, 0xB5, 0x37, 0x3D, 0xFA, 0xF3, 0x1D, 0x0C, 
	0x20, 0xDE, 0xFA, 0x5D, 0x37, 0x9F, 0xBE, 0xC5, 0xCC, 0xC5, 0xCB, 0xB5, 0xC5, 0x84, 0xD5, 0x85, 
	0xDB, 0x02, 0xE8, 0xFB, 0x32, 0xFF, 0x00, 0x81, 0x00, 0x07, 0x3A, 0xA1, 0x8B, 0x5F, 0x28, 0x29, 
	0xDB, 0xC6, 0x81, 0xC5, 0x02, 0xCB, 0xCC, 0xCE, 0x81, 0xD5, 0x05, 0xDB, 0xDB, 0xD5, 0xED, 0xED, 
	0xE8, 0x81, 0xEA, 0x06, 0xE7, 0xF3, 0xEA, 0xDB, 0x96, 0xBD, 0xCE, 0x84, 0xC6, 0x02, 0xC5, 0xD3, 
	0xDC, 0x83, 0xCE, 0x01, 0xD3, 0xD3, 0x83, 0xC6, 0x11, 0xCE, 0xD3, 0x79, 0x8E, 0xD3, 0xCE, 0xCE, 
	0xC7, 0xCE, 0xCE, 0xA0, 0x8E, 0xC6, 0xCE, 0xBD, 0x85, 0x8E, 0x8E, 0x87, 0x8D, 0x00, 0x93, 0x81, 
	0x8D, 0x82, 0x93, 0x12, 0x8E, 0x94, 0x94, 0x85, 0xB3, 0xDB, 0xD3, 0x8D, 0xD7, 0xF7, 0xFD, 0x9C, 
	0x00, 0x20, 0xFD, 0xFA, 0xC8, 0xBD, 0xD3, 0x80, 0xCE, 0x03, 0xCC, 0xDB, 0xDB, 0xD3, 0x80, 0xDB, 
	0x00, 0xD8, 0x81, 0xD3, 0x01, 0xCE, 0xCE, 0x82, 0xC6, 0x03, 0xCE, 0xB5, 0xC6, 0xEA, 0x82, 0xCE, 
	0x06, 0xC5, 0xB5, 0x3D, 0x3D, 0xF5, 0xF8, 0x29, 0x0C, 0x32, 0xFA, 0xF5, 0x57, 0x39, 0x9F, 0xB5, 
	0xC5, 0xCB, 0xCB, 0xC5, 0xB9, 0xC5, 0x84, 0xD5, 0x83, 0xDB, 0x04, 0xE7, 0xDB, 0xE8, 0xFA, 0x32, 
	0xFF, 0x00, 0x81, 0x00, 0x07, 0x36, 0xC0, 0xE0, 0xA1, 0x1E, 0x29, 0xDB, 0xC6, 0x81, 0xC5, 0x02, 
	0xCB, 0xCC, 0xCE, 0x80, 0xD5, 0x11, 0xDB, 0xD5, 0xD5, 0xED, 0xC5, 0x6E, 0x7B, 0x7B, 0x85, 0x85, 
	0x7E, 0x71, 0x8F, 0xEA, 0xEA, 0x8E, 0xBD, 0xCE, 0x84, 0xC6, 0x05, 0xD3, 0xDB, 0x96, 0x96, 0x9D, 
	0x9D, 0x81, 0x9F, 0x03, 0xCE, 0xD8, 0xCE, 0xCE, 0x80, 0xC6, 0x04, 0xCE, 0xCE, 0xC5, 0x6E, 0x5D, 
	0x80, 0x69, 0x07, 0x5D, 0x69, 0x6E, 0xB5, 0xCE, 0xD3, 0xBD, 0x8D, 0x85, 0x8E, 0x07, 0x8D, 0x8D, 
	0x94, 0x94, 0x93, 0x93, 0x94, 0x94, 0x80, 0x93, 0x1B, 0x94, 0x94, 0x8E, 0x94, 0x94, 0x8E, 0x85, 
	0xB3, 0xD5, 0xD3, 0x8E, 0xDB, 0xF7, 0xF8, 0xCE, 0x33, 0x33, 0xFD, 0xFA, 0xCE, 0xBD, 0xD3, 0xCE, 
	0xD3, 0xCE, 0xDC, 0xC6, 0x8F, 0x80, 0x9F, 0x07, 0xA1, 0x9F, 0x9D, 0xC6, 0xDC, 0xD3, 0xCE, 0xCE, 
	0x82, 0xC6, 0x05, 0xCE, 0xBD, 0xC6, 0xEA, 0xCE, 0xCC, 0x80, 0xCE, 0x06, 0xC5, 0xB3, 0x3D, 0x39, 
	0xEA, 0xFD, 0x31, 0x06, 0x3B, 0xFD, 0xEA, 0x3D, 0x3D, 0x9F, 0xB5, 0x81, 0xC5, 0x01, 0xB9, 0xC5, 
	0x84, 0xD5, 0x85, 0xDB, 0x02, 0xE8, 0xFA, 0x32, 0xFF, 0x00, 0x81, 0x00, 0x07, 0x37, 0xA1, 0xCA, 
	0x7A, 0x1E, 0x29, 0xDC, 0xC6, 0x81, 0xC5, 0x03, 0xCC, 0xCE, 0xD2, 0xD5, 0x80, 0xDB, 0x06, 0xE7, 
	0xE7, 0xEA, 0x5D, 0x71, 0x9A, 0x94, 0x80, 0x96, 0x06, 0x9F, 0x69, 0x96, 0xF6, 0x96, 0xBD, 0xCE, 
	0x80, 0xC6, 0x81, 0xCE, 0x0C, 0xDC, 0x83, 0xA2, 0xFA, 0xFB, 0xFD, 0xF7, 0xFC, 0xFA, 0xF5, 0xA2, 
	0xC6, 0xD3, 0x80, 0xCE, 0x80, 0xC6, 0x02, 0xCE, 0xDB, 0xC6, 0x81, 0xC5, 0x08, 0xC6, 0xDB, 0xCE, 
	0xC6, 0xD3, 0xBD, 0x8D, 0x93, 0x8E, 0x90, 0x94, 0x00, 0x8E, 0x80, 0x94, 0x0E, 0x85, 0xB3, 0xDB, 
	0xD3, 0x7B, 0xDB, 0xFD, 0xFA, 0xFD, 0xFD, 0xFA, 0xFD, 0xFD, 0xC6, 0xB5, 0x82, 0xD3, 0x03, 0x8D, 
	0xF5, 0xFD, 0xFC, 0x80, 0xFD, 0x03, 0xFA, 0xFA, 0xDB, 0xD3, 0x85, 0xCE, 0x0E, 0xBD, 0xC6, 0xEA, 
	0xCE, 0xCC, 0xCE, 0xCC, 0xC5, 0xC5, 0xB5, 0x40, 0x37, 0xDB, 0xFD, 0x33, 0x07, 0x3B, 0xFD, 0xDB, 
	0x3B, 0x3D, 0x9F, 0xB5, 0xBE, 0x80, 0xC5, 0x01, 0xB5, 0xC5, 0x85, 0xD5, 0x84, 0xDB, 0x02, 0xE8, 
	0xFB, 0x32, 0xFF, 0x00, 0x81, 0x00, 0x07, 0x37, 0xC0, 0x3F, 0x3B, 0x2A, 0x29, 0xDB, 0xC5, 0x81, 
	0xB5, 0x05, 0xBE, 0xBE, 0xC5, 0xC5, 0xCB, 0xC5, 0x80, 0xCC, 0x0E, 0xB3, 0x57, 0x94, 0x96, 0x96, 
	0x9A, 0x96, 0x96, 0x9F, 0x6F, 0x7B, 0xF5, 0x96, 0xBD, 0xCE, 0x80, 0xC6, 0x10, 0xCE, 0xC6, 0xCE, 
	0xD3, 0xD3, 0x7B, 0xCE, 0xFC, 0xCE, 0xDB, 0xDB, 0xC5, 0xDB, 0xFD, 0xB5, 0xBD, 0xD3, 0x84, 0xCE, 
	0x00, 0xD3, 0x82, 0xDB, 0x08, 0xD3, 0xD3, 0xCE, 0xCE, 0xD3, 0xBD, 0x85, 0x8E, 0x8E, 0x94, 0x94, 
	0x1F, 0x85, 0xB3, 0xD5, 0xD8, 0x96, 0x6E, 0x96, 0x8D, 0x8D, 0x8E, 0x9C, 0x8D, 0x8D, 0x9F, 0xD3, 
	0xD3, 0xCE, 0xCE, 0xD3, 0xBD, 0x9F, 0xDB, 0xCE, 0xC8, 0xC3, 0xB5, 0xCE, 0xDB, 0xEA, 0xCE, 0xC6, 
	0xD3, 0x84, 0xCE, 0x0E, 0xBD, 0xC6, 0xEA, 0xCE, 0xCB, 0xCC, 0xCC, 0xC6, 0xC5, 0xB5, 0x57, 0x32, 
	0xCC, 0xFD, 0x37, 0x06, 0x33, 0xFD, 0xDB, 0x39, 0x55, 0x9F, 0xB5, 0x81, 0xBE, 0x01, 0xB3, 0xC5, 
	0x85, 0xD5, 0x84, 0xDB, 0x02, 0xE8, 0xFA, 0x32, 0xFF, 0x00, 0x81, 0x00, 0x08, 0x36, 0xC0, 0xA1, 
	0xA1, 0x32, 0x16, 0xCC, 0xCE, 0xC6, 0x80, 0xCB, 0x00, 0xCC, 0x80, 0xCE, 0x13, 0xD2, 0xD5, 0xD5, 
	0xDB, 0xD5, 0xB3, 0x57, 0x94, 0x96, 0x96, 0x9A, 0x9B, 0x9B, 0xA0, 0x6F, 0x7B, 0xEF, 0x96, 0xC5, 
	0xCE, 0x80, 0xC6, 0x80, 0xCE, 0x0F, 0xD3, 0xD3, 0x83, 0xC7, 0xFD, 0x5F, 0x3B, 0xF8, 0x37, 0xB5, 
	0xFD, 0xA0, 0xBD, 0xD3, 0xCE, 0xD3, 0x83, 0xCE, 0x83, 0xD3, 0x80, 0xCE, 0x02, 0xD3, 0xBD, 0x8D, 
	0x81, 0x94, 0x81, 0x96, 0x87, 0x94, 0x80, 0x96, 0x81, 0x94, 0x07, 0x85, 0xB3, 0xD3, 0xC6, 0xD8, 
	0x9B, 0x6E, 0x6E, 0x81, 0x6D, 0x13, 0x89, 0xC6, 0xD3, 0xD3, 0xCE, 0xCE, 0xD3, 0xBD, 0xC5, 0x9D, 
	0x33, 0x37, 0x40, 0x57, 0x37, 0x69, 0x8D, 0xDB, 0xCE, 0xD3, 0x84, 0xCE, 0x0E, 0xBD, 0xC6, 0xE8, 
	0xCE, 0xC5, 0xCC, 0xCB, 0xC5, 0xC5, 0xB5, 0x69, 0x32, 0xC5, 0xFD, 0x33, 0x06, 0x8D, 0xF5, 0xD3, 
	0x37, 0x57, 0xB2, 0xB5, 0x80, 0xBE, 0x03, 0xC5, 0xB5, 0xC5, 0xDB, 0x83, 0xD5, 0x85, 0xDB, 0x02, 
	0xE8, 0xFA, 0x32, 0xFF, 0x00, 0x81, 0x00, 0x07, 0x36, 0x9C, 0xFC, 0xB4, 0x1B, 0x28, 0xF5, 0xEA, 
	0x81, 0xDB, 0x04, 0xE8, 0xEA, 0xEA, 0xED, 0xED, 0x81, 0xF5, 0x03, 0xDB, 0x69, 0x94, 0x9B, 0x81, 
	0x9A, 0x05, 0xB3, 0x71, 0x7B, 0xF5, 0x9A, 0xC5, 0x84, 0xC6, 0x0D, 0xCE, 0xD3, 0x83, 0xC7, 0xFC, 
	0x9F, 0x8D, 0xFC, 0xB5, 0xDB, 0xFA, 0xB5, 0xB5, 0xD3, 0x81, 0xCE, 0x87, 0xD3, 0x05, 0xC8, 0xCE, 
	0xCE, 0xD3, 0xBD, 0x8D, 0x81, 0x94, 0x81, 0x96, 0x00, 0x9B, 0x83, 0x96, 0x0E, 0x94, 0x94, 0x96, 
	0x9A, 0x9A, 0x94, 0x96, 0x96, 0x94, 0x94, 0x8D, 0xB3, 0xD3, 0xCE, 0xCE, 0x80, 0xDC, 0x80, 0xDB, 
	0x01, 0xDE, 0xDB, 0x81, 0xCE, 0x0F, 0xD3, 0xDB, 0xBD, 0xA0, 0xDD, 0x8D, 0x96, 0x8F, 0xC5, 0x9C, 
	0x8F, 0xC3, 0xDD, 0xCE, 0xD3, 0xD3, 0x82, 0xCE, 0x0F, 0xD3, 0xBD, 0xC6, 0xEA, 0xCE, 0xCB, 0xC6, 
	0xCB, 0xC5, 0xC5, 0xB5, 0x6D, 0x32, 0xB5, 0xFB, 0x96, 0x0F, 0xFB, 0xCE, 0xCE, 0x37, 0x69, 0xB2, 
	0xB5, 0xBE, 0xC5, 0xBE, 0xC5, 0xB5, 0xC5, 0xDB, 0xD5, 0xD2, 0x81, 0xD5, 0x85, 0xDB, 0x02, 0xDC, 
	0xFA, 0x32, 0xFF, 0x00, 0x81, 0x00, 0x07, 0x37, 0xA1, 0x6B, 0x3F, 0x28, 0x29, 0xE8, 0xC6, 0x82, 
	0xC5, 0x02, 0xCC, 0xCE, 0xCE, 0x80, 0xD5, 0x0F, 0xD2, 0xDB, 0xCC, 0x57, 0x9F, 0xB5, 0xB5, 0xB9, 
	0xB5, 0xB5, 0xCE, 0x79, 0x71, 0xF5, 0x9A, 0xC5, 0x83, 0xC6, 0x04, 0xCE, 0xCE, 0xDB, 0x71, 0xD8, 
	0x80, 0xFD, 0x00, 0xFA, 0x80, 0xFD, 0x06, 0xA1, 0xB5, 0xD3, 0xCE, 0xCE, 0xC6, 0xCE, 0x80, 0xD3, 
	0x00, 0xDB, 0x82, 0xDC, 0x0F, 0xDB, 0xD3, 0xCE, 0xCE, 0xD5, 0xBE, 0x8D, 0x94, 0x94, 0x96, 0x9B, 
	0xB3, 0xB3, 0xA0, 0x9F, 0x9B, 0x84, 0x96, 0x01, 0x9B, 0x9F, 0x80, 0xB3, 0x18, 0x9F, 0x9A, 0x94, 
	0x94, 0x8D, 0xB5, 0xDB, 0xCE, 0xD3, 0xDB, 0xDC, 0xEF, 0xF6, 0xF6, 0xEA, 0xDC, 0xDB, 0xD8, 0xD3, 
	0xCE, 0xCE, 0xD3, 0xD3, 0xBD, 0x8D, 0x85, 0xFD, 0x02, 0xCE, 0xC7, 0xD3, 0x83, 0xCE, 0x0F, 0xD3, 
	0xBD, 0xC6, 0xEA, 0xCE, 0xCB, 0xCC, 0xCC, 0xC5, 0xC5, 0xB5, 0x78, 0x32, 0x9F, 0xEA, 0xFD, 0x07, 
	0xDC, 0xDB, 0xC5, 0x33, 0x6D, 0xB2, 0xB3, 0xB9, 0x80, 0xBE, 0x04, 0xB3, 0xC5, 0xDB, 0xD5, 0xD2, 
	0x81, 0xD5, 0x85, 0xDB, 0x02, 0xDC, 0xFA, 0x32, 0xFF, 0x00, 0x81, 0x00, 0x17, 0x36, 0xCA, 0x6B, 
	0x33, 0x2A, 0x28, 0xDB, 0xC6, 0xC5, 0xC5, 0xBE, 0xC5, 0xC5, 0xCC, 0xCC, 0xCE, 0xCE, 0xD5, 0xD5, 
	0xD2, 0xD5, 0xE7, 0x6D, 0x3B, 0x83, 0x40, 0x05, 0x3B, 0x9F, 0xED, 0x9A, 0xC5, 0xC8, 0x82, 0xC6, 
	0x05, 0xCE, 0xCE, 0xD3, 0x96, 0x71, 0xA2, 0x82, 0x9F, 0x04, 0x96, 0x8D, 0xC8, 0xCE, 0xC6, 0x82, 
	0xCE, 0x18, 0xDC, 0xDB, 0xC6, 0xDB, 0xDC, 0xD3, 0xDC, 0xD3, 0xCE, 0xDB, 0xCE, 0xD5, 0xC5, 0x8D, 
	0x94, 0x9F, 0x9F, 0x96, 0x7B, 0x7B, 0x96, 0x96, 0x9F, 0x9F, 0x9B, 0x81, 0x96, 0x22, 0xB2, 0x9F, 
	0x85, 0x71, 0x71, 0x7B, 0x8D, 0x9B, 0x9B, 0x96, 0x8D, 0xB5, 0xDB, 0xD3, 0xD8, 0xF3, 0xEA, 0xCE, 
	0xB5, 0xA0, 0xCE, 0xDE, 0xEA, 0xDC, 0xD3, 0xD3, 0xCE, 0xCE, 0xD3, 0xD3, 0x89, 0x90, 0xB5, 0xA0, 
	0xA2, 0x81, 0xA0, 0x00, 0xC5, 0x86, 0xCE, 0x0E, 0xBD, 0xC6, 0xEA, 0xCE, 0xC5, 0xC5, 0xC6, 0xC5, 
	0xBD, 0xB3, 0x79, 0x32, 0x96, 0xEA, 0xEA, 0x0C, 0xDB, 0xDB, 0xB5, 0x33, 0x6D, 0x9F, 0xA0, 0xB5, 
	0xBE, 0xB9, 0xB5, 0xB3, 0xC5, 0x85, 0xD5, 0x84, 0xDB, 0x02, 0xE8, 0xFA, 0x32, 0xFF, 0x00, 0x81, 
	0x00, 0x07, 0x36, 0xC7, 0xC0, 0x5F, 0x28, 0x29, 0xDB, 0xC6, 0x82, 0xC5, 0x02, 0xCC, 0xCE, 0xCE, 
	0x83, 0xD5, 0x02, 0xCE, 0x71, 0x5D, 0x80, 0x57, 0x0A, 0x5D, 0x5D, 0x96, 0xE8, 0xDB, 0x9A, 0xC5, 
	0xCE, 0xC6, 0xC6, 0xCE, 0x80, 0xC6, 0x05, 0xCE, 0xCE, 0xD3, 0x8E, 0x69, 0x69, 0x80, 0x5D, 0x03, 
	0x69, 0x6E, 0xC5, 0xD3, 0x83, 0xCE, 0x37, 0xDB, 0xCE, 0x96, 0xB5, 0x96, 0x96, 0xC5, 0x96, 0x9D, 
	0xA0, 0xD3, 0xDB, 0xDB, 0xC6, 0x8D, 0x9F, 0x96, 0x71, 0x8D, 0xB5, 0xB5, 0x8D, 0x8D, 0x89, 0x8D, 
	0x9B, 0x9B, 0x96, 0x96, 0xB3, 0x85, 0x71, 0x9F, 0xBD, 0xC6, 0xC5, 0xB5, 0x96, 0x8D, 0x9F, 0x8D, 
	0xB5, 0xDB, 0xD8, 0xEF, 0xB5, 0x9D, 0xA2, 0xC3, 0xC5, 0xC5, 0xCE, 0xC8, 0xDC, 0xDB, 0xD3, 0x80, 
	0xCE, 0x02, 0xD3, 0xC5, 0x71, 0x82, 0x69, 0x02, 0x6E, 0x8D, 0xC6, 0x81, 0xCE, 0x09, 0xC6, 0xCE, 
	0xCE, 0xC6, 0xCE, 0xBD, 0xC6, 0xEA, 0xCE, 0xBE, 0x80, 0xC5, 0x06, 0xB5, 0xB3, 0x79, 0x32, 0x8D, 
	0xEF, 0xEA, 0x08, 0xD3, 0xDB, 0xA0, 0x32, 0x6D, 0x9B, 0x9F, 0xB3, 0xB5, 0x80, 0xB3, 0x00, 0xCB, 
	0x85, 0xD5, 0x84, 0xDB, 0x02, 0xE8, 0xFA, 0x32, 0xFF, 0x00, 0x81, 0x00, 0x07, 0x37, 0x9C, 0x73, 
	0x5F, 0x28, 0x29, 0xDB, 0xC6, 0x82, 0xC5, 0x02, 0xCC, 0xCE, 0xCE, 0x84, 0xD5, 0x0F, 0xED, 0xED, 
	0xE8, 0xE7, 0xE8, 0xEA, 0xED, 0xE8, 0xDB, 0xE8, 0x9A, 0xC5, 0xCE, 0xC6, 0xC6, 0xCE, 0x80, 0xC6, 
	0x0B, 0xCE, 0xCE, 0xC6, 0xDB, 0xDC, 0xD5, 0xCE, 0xCE, 0xD3, 0xD3, 0xDB, 0xD3, 0x84, 0xCE, 0x1F, 
	0xEA, 0x89, 0xDB, 0xFA, 0x8D, 0x89, 0x70, 0x6F, 0xB5, 0xFD, 0xBD, 0xD3, 0xDB, 0xC6, 0x96, 0x8F, 
	0x70, 0xDE, 0x6D, 0x8D, 0xC3, 0x7B, 0x71, 0x71, 0x9F, 0x9B, 0x9B, 0x96, 0xA0, 0x7B, 0x8D, 0xFC, 
	0x83, 0xFD, 0x11, 0xC5, 0x89, 0x94, 0xB5, 0xDB, 0xEA, 0x9F, 0x9F, 0xF8, 0x5F, 0x6F, 0xC8, 0x57, 
	0x83, 0xEF, 0xD3, 0xDB, 0xD3, 0x82, 0xCE, 0x00, 0xDC, 0x80, 0xD3, 0x03, 0xCE, 0xD3, 0xDC, 0xDB, 
	0x84, 0xCE, 0x11, 0xC6, 0xCE, 0xD3, 0xBD, 0xC6, 0xEA, 0xCC, 0xB5, 0xBE, 0xBE, 0xBD, 0xB5, 0xB2, 
	0x78, 0x32, 0x85, 0xEA, 0xDC, 0x0C, 0xCE, 0xDB, 0x9F, 0x32, 0x69, 0x9A, 0x9F, 0xB2, 0xB3, 0xB3, 
	0xB2, 0x9F, 0xC5, 0x85, 0xD5, 0x84, 0xDB, 0x02, 0xE8, 0xFA, 0x32, 0xFF, 0x00, 0x81, 0x00, 0x07, 
	0x3A, 0xDD, 0x5F, 0x3F, 0x32, 0x28, 0xDB, 0xC6, 0x82, 0xC5, 0x02, 0xCC, 0xCE, 0xD2, 0x84, 0xD5, 
	0x82, 0xDB, 0x00, 0xE7, 0x80, 0xDB, 0x03, 0xDC, 0x9B, 0xC5, 0xCE, 0x83, 0xC6, 0x80, 0xCE, 0x05, 
	0xD3, 0xD5, 0xDB, 0xD5, 0xDB, 0xDB, 0x80, 0xD3, 0x83, 0xCE, 0x38, 0xD3, 0xD3, 0x7B, 0xDE, 0xDE, 
	0x71, 0x71, 0x6F, 0x69, 0x9C, 0xFD, 0xB5, 0xC5, 0xDB, 0xC5, 0x96, 0x6D, 0xDB, 0xFC, 0x69, 0x6F, 
	0x8D, 0xC8, 0x96, 0x71, 0xFA, 0xD3, 0x7B, 0x9A, 0x8D, 0x7B, 0xF5, 0xCE, 0xB5, 0xB5, 0xC8, 0xA1, 
	0xEA, 0xC7, 0xDB, 0xB5, 0x7B, 0xBE, 0xEA, 0xB5, 0x9D, 0xFD, 0xF5, 0x71, 0x6F, 0x71, 0x71, 0x6D, 
	0xFA, 0xF3, 0xCE, 0xD8, 0x82, 0xCE, 0x01, 0xD3, 0xD3, 0x81, 0xDB, 0x80, 0xD3, 0x0C, 0xCE, 0xCE, 
	0xC6, 0xC6, 0xCE, 0xCE, 0xC6, 0xCE, 0xD3, 0xC5, 0xC6, 0xEA, 0xCE, 0x81, 0xB5, 0x06, 0xB2, 0x9F, 
	0x78, 0x32, 0x7B, 0xEA, 0xDB, 0x06, 0xC6, 0xD3, 0x96, 0x32, 0x6D, 0x9A, 0x9F, 0x80, 0xB2, 0x02, 
	0x9F, 0x9F, 0xCC, 0x85, 0xD5, 0x84, 0xDB, 0x02, 0xE8, 0xFA, 0x32, 0xFF, 0x00, 0x80, 0x00, 0x08, 
	0x07, 0x28, 0x36, 0x2A, 0x2A, 0x16, 0x2A, 0xDB, 0xC6, 0x82, 0xC5, 0x02, 0xCC, 0xCE, 0xD2, 0x83, 
	0xD5, 0x85, 0xDB, 0x05, 0xD8, 0xDB, 0xDC, 0x96, 0xC5, 0xCE, 0x80, 0xC6, 0x02, 0xCE, 0xC6, 0xC6, 
	0x83, 0xCE, 0x04, 0xD3, 0xD3, 0xCE, 0xD3, 0xD3, 0x84, 0xCE, 0x20, 0xD3, 0xD3, 0x8D, 0xCE, 0x9D, 
	0x8F, 0x8D, 0xA1, 0x89, 0x8F, 0xB5, 0xC5, 0xBE, 0xDB, 0xC6, 0x7B, 0x71, 0xFD, 0xC5, 0xB5, 0xA2, 
	0x90, 0x9F, 0x96, 0x96, 0xDE, 0xF6, 0x71, 0x9B, 0x69, 0xC5, 0xF3, 0x37, 0x80, 0x3B, 0x16, 0x57, 
	0x71, 0x40, 0x9F, 0xED, 0x6E, 0xBE, 0xEF, 0x8D, 0xCE, 0xFD, 0xA2, 0xB5, 0x9F, 0x96, 0xB5, 0xB5, 
	0x9F, 0xF8, 0xD3, 0xCE, 0xCE, 0xD3, 0x82, 0xCE, 0x80, 0xD3, 0x02, 0xCE, 0xCE, 0xD3, 0x87, 0xCE, 
	0x03, 0xBD, 0xC6, 0xEA, 0xCE, 0x81, 0xB3, 0x06, 0xB2, 0x9A, 0x78, 0x31, 0x78, 0xE8, 0xDB, 0x06, 
	0xC5, 0xCE, 0x96, 0x32, 0x5D, 0x93, 0x96, 0x80, 0x9A, 0x02, 0x96, 0x9F, 0xCC, 0x85, 0xD5, 0x80, 
	0xDB, 0x00, 0xD5, 0x80, 0xDB, 0x02, 0xE8, 0xFA, 0x32, 0xFF, 0x00, 0x80, 0x00, 0x08, 0x0C, 0x1B, 
	0x20, 0x1E, 0x1E, 0x0E, 0x2A, 0xDB, 0xC6, 0x82, 0xC5, 0x02, 0xCC, 0xCE, 0xD2, 0x81, 0xD5, 0x85, 
	0xDB, 0x00, 0xE7, 0x80, 0xDB, 0x02, 0xDC, 0x96, 0xC5, 0x80, 0xCE, 0x01, 0xC6, 0xCE, 0x80, 0xC6, 
	0x83, 0xCE, 0x00, 0xD3, 0x87, 0xCE, 0x37, 0xD3, 0xCE, 0x8D, 0xF3, 0x6D, 0x69, 0x9C, 0x71, 0x89, 
	0x6F, 0xDB, 0xC5, 0xB9, 0xDB, 0xC5, 0x85, 0x57, 0xF6, 0xD7, 0x3B, 0x71, 0x7B, 0x3F, 0x57, 0x3D, 
	0xD8, 0xEA, 0x6D, 0x94, 0x6D, 0x71, 0xFD, 0x9F, 0x9F, 0xB5, 0x90, 0x9F, 0x90, 0x96, 0xF5, 0x9F, 
	0x6E, 0xB3, 0xE8, 0x85, 0x8E, 0xFD, 0xB5, 0x71, 0x89, 0x7B, 0x96, 0x40, 0xCE, 0xFB, 0xA0, 0x80, 
	0xCE, 0x80, 0xD3, 0x01, 0xCE, 0xCE, 0x83, 0xD3, 0x86, 0xCE, 0x04, 0xD3, 0xBD, 0xC6, 0xEA, 0xCC, 
	0x81, 0x9F, 0x06, 0x9A, 0x96, 0x6D, 0x29, 0x6E, 0xDB, 0xCE, 0x0C, 0xC5, 0xC6, 0x96, 0x31, 0x57, 
	0x8D, 0x94, 0x96, 0x96, 0x9A, 0x94, 0x9B, 0xCC, 0x85, 0xD5, 0x84, 0xDB, 0x02, 0xE8, 0xFA, 0x32, 
	0xFF, 0x00, 0x81, 0x00, 0x07, 0x3A, 0xD7, 0x6B, 0x56, 0x2A, 0x28, 0xDB, 0xC6, 0x82, 0xC5, 0x02, 
	0xCC, 0xCE, 0xCE, 0x81, 0xD5, 0x80, 0xDB, 0x00, 0xEA, 0x83, 0xF5, 0x04, 0xEA, 0xDB, 0xEA, 0x9D, 
	0xC5, 0x80, 0xCE, 0x00, 0xC6, 0x80, 0xCE, 0x00, 0xC6, 0x84, 0xCE, 0x81, 0xD3, 0x83, 0xCE, 0x1F, 
	0xD3, 0xD3, 0x71, 0xEA, 0xB5, 0x9F, 0x90, 0x7B, 0x90, 0x9F, 0xF3, 0xB9, 0xB9, 0xD5, 0xBD, 0x8D, 
	0x6D, 0x5D, 0xCE, 0x7B, 0x7B, 0x9F, 0x8D, 0x9F, 0x7B, 0x8D, 0x6D, 0x79, 0x93, 0x93, 0x3E, 0x70, 
	0x84, 0xFD, 0x11, 0x96, 0x5D, 0x85, 0xB3, 0xD5, 0xC5, 0x69, 0xBD, 0xC5, 0x6D, 0xC7, 0x8E, 0x71, 
	0x71, 0xDB, 0x9B, 0xA0, 0xD3, 0x81, 0xCE, 0x02, 0xD3, 0xD3, 0xCE, 0x84, 0xD3, 0x00, 0xCE, 0x80, 
	0xD3, 0x81, 0xCE, 0x0F, 0xD3, 0xBD, 0xC6, 0xEF, 0xCE, 0x96, 0x96, 0x9B, 0x96, 0x96, 0x93, 0x69, 
	0x29, 0x6E, 0xD5, 0xCE, 0x06, 0xC5, 0xCE, 0x96, 0x32, 0x5D, 0x93, 0x96, 0x80, 0x9A, 0x02, 0x96, 
	0x9B, 0xCC, 0x85, 0xD5, 0x84, 0xDB, 0x02, 0xE7, 0xFA, 0x32, 0xFF, 0x00, 0x81, 0x00, 0x07, 0x3A, 
	0xA1, 0x6F, 0x3F, 0x28, 0x29, 0xDB, 0xC6, 0x82, 0xC5, 0x02, 0xCC, 0xCE, 0xCE, 0x81, 0xD5, 0x04, 
	0xDB, 0xDB, 0xF5, 0xCB, 0xBE, 0x81, 0xC5, 0x05, 0xB5, 0xDB, 0xF5, 0xDC, 0x9D, 0xC5, 0x80, 0xCE, 
	0x00, 0xC6, 0x82, 0xCE, 0x00, 0xD3, 0x82, 0xCE, 0x81, 0xD3, 0x84, 0xCE, 0x37, 0xDB, 0x8E, 0x6F, 
	0x9C, 0x9C, 0x71, 0x7B, 0x71, 0x96, 0x7B, 0x96, 0xCE, 0xD5, 0xBE, 0x85, 0x9A, 0x5D, 0x3D, 0x96, 
	0xB5, 0xCE, 0xE7, 0xA2, 0x7B, 0x40, 0x6E, 0x94, 0x93, 0x93, 0x85, 0x3D, 0x57, 0x96, 0xC5, 0xCE, 
	0xC5, 0x96, 0x69, 0x57, 0x93, 0x8D, 0xB2, 0xD3, 0xD3, 0xB5, 0x69, 0x69, 0x89, 0xC5, 0xB5, 0x8D, 
	0x9C, 0x71, 0x96, 0xD3, 0xD3, 0x82, 0xCE, 0x01, 0xD3, 0xCE, 0x84, 0xD3, 0x85, 0xCE, 0x0F, 0xD3, 
	0xBD, 0xC6, 0xEF, 0xCE, 0x9A, 0x9B, 0x9B, 0x96, 0x9A, 0x93, 0x6D, 0x29, 0x6E, 0xDB, 0xCE, 0x06, 
	0xC5, 0xD3, 0x94, 0x32, 0x5D, 0x93, 0x96, 0x80, 0x9A, 0x05, 0x96, 0x9F, 0xCC, 0xDB, 0xD3, 0xD3, 
	0x82, 0xD5, 0x85, 0xDB, 0x01, 0xFA, 0x32, 0xFF, 0x00, 0x81, 0x00, 0x07, 0x37, 0x9C, 0xA1, 0x3F, 
	0x28, 0x29, 0xDB, 0xC6, 0x82, 0xC5, 0x02, 0xCC, 0xCE, 0xCE, 0x82, 0xD5, 0x02, 0xF5, 0x96, 0x6D, 
	0x82, 0x7B, 0x07, 0x71, 0x6E, 0xD3, 0xF5, 0x9B, 0xC5, 0xCE, 0xCE, 0x80, 0xC6, 0x02, 0xDC, 0xEA, 
	0xC6, 0x82, 0xCE, 0x00, 0xD3, 0x80, 0xCE, 0x00, 0xD3, 0x86, 0xCE, 0x03, 0xDB, 0x96, 0x6D, 0x69, 
	0x81, 0x6D, 0x10, 0x7B, 0xC5, 0xCE, 0xD3, 0xBD, 0x85, 0x93, 0x9A, 0x7B, 0x40, 0x3F, 0x40, 0x3E, 
	0x3D, 0x57, 0x93, 0x96, 0x81, 0x93, 0x17, 0x94, 0x6D, 0x3D, 0x3D, 0x3E, 0x3D, 0x3D, 0x6D, 0x94, 
	0x94, 0x85, 0x9F, 0xCE, 0xCE, 0xD3, 0xC6, 0x8D, 0x70, 0x69, 0x70, 0x71, 0x7B, 0xBD, 0xD3, 0x80, 
	0xCE, 0x02, 0xEA, 0xD3, 0xCE, 0x80, 0xD3, 0x05, 0xCE, 0xD3, 0xD3, 0xCE, 0xCE, 0xD3, 0x86, 0xCE, 
	0x0F, 0xD3, 0xBD, 0xC6, 0xEF, 0xCE, 0x9B, 0x9F, 0x9F, 0x9A, 0x9A, 0x93, 0x6D, 0x29, 0x6E, 0xDB, 
	0xCE, 0x0F, 0xC5, 0xD3, 0x94, 0x32, 0x5D, 0x93, 0x96, 0x96, 0x9A, 0x96, 0x94, 0x9F, 0xCC, 0xDB, 
	0xD8, 0xD3, 0x82, 0xD5, 0x84, 0xDB, 0x02, 0xE8, 0xFA, 0x32, 0xFF, 0x00, 0x81, 0x00, 0x07, 0x37, 
	0x9C, 0x9C, 0x3F, 0x28, 0x29, 0xE8, 0xCC, 0x82, 0xC5, 0x02, 0xCC, 0xCC, 0xCE, 0x80, 0xD5, 0x80, 
	0xDB, 0x0C, 0x57, 0x94, 0xB5, 0xB2, 0xB2, 0x9F, 0x9F, 0xCB, 0x6E, 0x7B, 0xFA, 0x9B, 0xBE, 0x81, 
	0xCE, 0x17, 0xD3, 0xC5, 0xB5, 0xD3, 0xDB, 0xDB, 0xDC, 0xEA, 0xDC, 0xDC, 0xEF, 0xEA, 0xEA, 0xDB, 
	0xEA, 0xEF, 0xDB, 0xDC, 0xDC, 0xD3, 0xC6, 0xCE, 0xD3, 0xCE, 0x80, 0xDB, 0x80, 0xD3, 0x14, 0xDB, 
	0xDC, 0xCE, 0xC6, 0xD3, 0xBD, 0x85, 0x94, 0x94, 0x96, 0x9A, 0x94, 0x85, 0x93, 0x94, 0x9A, 0x94, 
	0x94, 0x93, 0x8D, 0x93, 0x80, 0x94, 0x02, 0x96, 0x93, 0x85, 0x82, 0x94, 0x0B, 0x85, 0xA0, 0xD3, 
	0xC8, 0xCE, 0xCE, 0xD3, 0xD3, 0xCE, 0xCE, 0xD3, 0xDB, 0x80, 0xD3, 0x13, 0xCE, 0xCE, 0xB5, 0xCE, 
	0xD3, 0xDB, 0xF6, 0xDC, 0xEA, 0xDC, 0xDE, 0xEA, 0xDE, 0xD8, 0xF3, 0xDE, 0xDC, 0xDC, 0xDB, 0xD3, 
	0x80, 0xCE, 0x05, 0xD3, 0xBD, 0xC6, 0xEA, 0xCE, 0x96, 0x80, 0x9A, 0x06, 0x96, 0x93, 0x6D, 0x29, 
	0x78, 0xE7, 0xD2, 0x06, 0xC5, 0xCE, 0x94, 0x31, 0x57, 0x8D, 0x93, 0x80, 0x96, 0x05, 0x93, 0x9B, 
	0xCC, 0xDB, 0xD8, 0xD3, 0x82, 0xD5, 0x84, 0xDB, 0x02, 0xDC, 0xFA, 0x32, 0xFF, 0x00, 0x81, 0x00, 
	0x06, 0x37, 0xA1, 0x5F, 0x3B, 0x29, 0x28, 0xC6, 0x84, 0xB5, 0x01, 0xBE, 0xBE, 0x80, 0xC5, 0x03, 
	0xBE, 0xBE, 0x96, 0x40, 0x83, 0x96, 0x05, 0xB4, 0x6E, 0x7B, 0xF5, 0x9B, 0xC5, 0x81, 0xCE, 0x15, 
	0xEF, 0x40, 0x33, 0xEA, 0xC5, 0xC6, 0xBD, 0x9F, 0xCE, 0xC5, 0x96, 0xA0, 0x9F, 0xC6, 0xA0, 0x9F, 
	0xC6, 0xB5, 0xC6, 0xBD, 0xD3, 0xCE, 0x80, 0xD3, 0x80, 0xDB, 0x02, 0xD3, 0xDB, 0xD3, 0x80, 0xCE, 
	0x02, 0xD3, 0xBD, 0x85, 0x81, 0x94, 0x81, 0x9A, 0x80, 0x94, 0x81, 0x93, 0x81, 0x94, 0x01, 0x9A, 
	0x9A, 0x80, 0x94, 0x09, 0x93, 0x85, 0xB3, 0xD3, 0xC8, 0xC8, 0xCE, 0xD3, 0xD3, 0xDB, 0x83, 0xD3, 
	0x26, 0xDC, 0xB5, 0x31, 0x8E, 0xF5, 0xC5, 0x8E, 0xB5, 0xBD, 0xD3, 0xC6, 0xB5, 0xBD, 0xD3, 0x96, 
	0xBD, 0xC6, 0xC5, 0xC6, 0xC5, 0xD3, 0xCE, 0xCE, 0xD3, 0xBD, 0xC6, 0xEF, 0xCE, 0x96, 0x96, 0x9A, 
	0x96, 0x94, 0x93, 0x69, 0x29, 0x78, 0xD5, 0xCE, 0x0F, 0xC5, 0xC6, 0x94, 0x31, 0x57, 0x7E, 0x8D, 
	0x93, 0x96, 0x96, 0x93, 0x9B, 0xC6, 0xDB, 0xD3, 0xD3, 0x82, 0xD5, 0x85, 0xDB, 0x01, 0xFA, 0x32, 
	0xFF, 0x00, 0x81, 0x00, 0x3B, 0x36, 0xCA, 0xC0, 0x6B, 0x28, 0x16, 0xD5, 0xE8, 0xD2, 0xD5, 0xD5, 
	0xD2, 0xD5, 0xDB, 0xDB, 0xE8, 0xE8, 0xEA, 0xEA, 0xE8, 0xE8, 0xC5, 0x57, 0x94, 0x9B, 0x96, 0x96, 
	0x9A, 0x9A, 0xB5, 0x71, 0x7B, 0xF5, 0x9B, 0xBE, 0xCE, 0xCE, 0xD3, 0xCE, 0xEF, 0x69, 0x3D, 0xF6, 
	0x8E, 0x57, 0x57, 0x69, 0x3E, 0x9F, 0x6D, 0x57, 0x57, 0x9F, 0x40, 0x69, 0x5D, 0x69, 0x69, 0x96, 
	0xEA, 0x81, 0xD3, 0x00, 0xDB, 0x82, 0xD3, 0x80, 0xCE, 0x03, 0xD3, 0xC3, 0x8D, 0x93, 0x87, 0x94, 
	0x80, 0x93, 0x40, 0x8D, 0x9B, 0xB3, 0x9A, 0x9B, 0xB2, 0x9F, 0xB2, 0x9F, 0x94, 0x93, 0x7E, 0xA0, 
	0xD3, 0xCE, 0xC8, 0xC8, 0xC6, 0xCE, 0xD3, 0xD3, 0xCE, 0xCE, 0xD3, 0xD3, 0xCE, 0xEA, 0xB5, 0x37, 
	0x9B, 0xFA, 0xC6, 0x40, 0x71, 0x3B, 0x5D, 0x69, 0x3D, 0x7B, 0x9B, 0x40, 0x6D, 0x40, 0x69, 0x6D, 
	0xC5, 0xDB, 0xCE, 0xCE, 0xD3, 0xBD, 0xC5, 0xEA, 0xCE, 0x96, 0x94, 0x9A, 0x96, 0x93, 0x85, 0x5D, 
	0x29, 0x78, 0xCE, 0xCE, 0x0F, 0xC5, 0xC5, 0x96, 0x31, 0x3D, 0x7B, 0x85, 0x93, 0x93, 0x94, 0x8D, 
	0x9B, 0xCC, 0xDB, 0xD3, 0xD3, 0x82, 0xD5, 0x84, 0xDB, 0x02, 0xE7, 0xFA, 0x32, 0xFF, 0x00, 0x81, 
	0x00, 0x0F, 0x36, 0xC0, 0xFC, 0x9C, 0x1A, 0x29, 0xF5, 0xE7, 0xDB, 0xDB, 0xD5, 0xD5, 0xDB, 0xDB, 
	0xE8, 0xE8, 0x81, 0xEA, 0x05, 0xED, 0xD5, 0x69, 0x94, 0x96, 0x96, 0x80, 0x9A, 0x05, 0xB5, 0x7B, 
	0x7B, 0xF5, 0x9B, 0xBE, 0x80, 0xCE, 0x15, 0xDC, 0xC5, 0x15, 0x00, 0x96, 0xD3, 0x3B, 0x6E, 0x69, 
	0x37, 0x8E, 0x9B, 0x96, 0x3B, 0x6E, 0x71, 0x40, 0x40, 0x6D, 0x3B, 0xDC, 0xDC, 0x83, 0xD3, 0x03, 
	0xDB, 0xDB, 0xD3, 0xD3, 0x80, 0xCE, 0x03, 0xD3, 0xBD, 0x85, 0x93, 0x81, 0x94, 0x80, 0x8E, 0x14, 
	0x8D, 0x8E, 0x94, 0x94, 0x93, 0x93, 0x96, 0x79, 0x6D, 0x93, 0x79, 0x6E, 0x79, 0x6E, 0x78, 0x94, 
	0x94, 0x85, 0xA0, 0xD3, 0xC6, 0x85, 0xCE, 0x80, 0xD3, 0x26, 0xF6, 0x3E, 0x00, 0x33, 0xF6, 0xEA, 
	0x8D, 0x7B, 0x40, 0x3B, 0x40, 0x40, 0x69, 0x96, 0x71, 0x57, 0x5D, 0x3E, 0x40, 0xF5, 0xD3, 0xD3, 
	0xCE, 0xD3, 0xBD, 0xC6, 0xEF, 0xCE, 0x8E, 0x93, 0x94, 0x94, 0x8D, 0x7B, 0x57, 0x29, 0x79, 0xC8, 
	0xD3, 0x0F, 0xC8, 0xC5, 0x9B, 0x31, 0x3D, 0x78, 0x7E, 0x7E, 0x8D, 0x8D, 0x7E, 0x96, 0xCE, 0xDB, 
	0xD8, 0xD3, 0x82, 0xD5, 0x84, 0xDB, 0x02, 0xE8, 0xFA, 0x32, 0xFF, 0x00, 0x81, 0x00, 0x07, 0x37, 
	0xA1, 0x5F, 0x3F, 0x28, 0x29, 0xD5, 0xC5, 0x82, 0xBE, 0x02, 0xC5, 0xCC, 0xCC, 0x81, 0xCE, 0x04, 
	0xD5, 0xCC, 0x40, 0x8D, 0xB5, 0x81, 0xB2, 0x1D, 0xCB, 0x69, 0x6E, 0xF6, 0x9B, 0xC5, 0xCE, 0xC6, 
	0xC6, 0xD3, 0x9B, 0x6E, 0x6E, 0x8E, 0xD5, 0xA0, 0xC5, 0x83, 0xA0, 0x8E, 0xC6, 0xBD, 0x71, 0xBD, 
	0xBD, 0x83, 0xC5, 0xA0, 0x9B, 0xEF, 0x81, 0xDB, 0x00, 0xEA, 0x82, 0xF5, 0x07, 0xEF, 0xDC, 0xCE, 
	0xCE, 0xD3, 0xBE, 0x8D, 0x8E, 0x80, 0x94, 0x02, 0x93, 0x87, 0x87, 0x82, 0x94, 0x10, 0x93, 0x93, 
	0x9F, 0x6D, 0x33, 0x5D, 0x5D, 0x39, 0x33, 0x33, 0x3D, 0x9D, 0x98, 0x85, 0xA0, 0xCE, 0xC6, 0x85, 
	0xCE, 0x29, 0xD3, 0xD3, 0xDB, 0xCE, 0x83, 0x6E, 0x71, 0xC6, 0xEA, 0xBD, 0xBD, 0xB5, 0x9D, 0xA2, 
	0xB5, 0x8D, 0xCE, 0x9B, 0x96, 0xCE, 0x9F, 0xA0, 0xEA, 0xD3, 0xCE, 0xCE, 0xD3, 0xBD, 0xC6, 0xF5, 
	0xCE, 0x8D, 0x8D, 0x93, 0x8D, 0x7E, 0x7B, 0x3E, 0x28, 0x7B, 0xC6, 0xD8, 0x14, 0xDB, 0xA0, 0x9B, 
	0x31, 0x37, 0x6D, 0x78, 0x78, 0x79, 0x7E, 0x78, 0x94, 0xCE, 0xDB, 0xD8, 0xD3, 0xD5, 0xD5, 0xD2, 
	0xD5, 0xD5, 0x84, 0xDB, 0x02, 0xE8, 0xFA, 0x32, 0xFF, 0x00, 0x81, 0x00, 0x07, 0x33, 0xC0, 0x73, 
	0x5F, 0x28, 0x29, 0xDC, 0xC6, 0x82, 0xC5, 0x04, 0xCC, 0xCE, 0xCE, 0xD2, 0xD2, 0x80, 0xD5, 0x02, 
	0xE7, 0x7B, 0x37, 0x83, 0x3B, 0x04, 0x3D, 0xBE, 0xED, 0x9B, 0xC5, 0x80, 0xCE, 0x13, 0xC6, 0xDC, 
	0xF8, 0xFA, 0xEF, 0xDC, 0xF6, 0xEF, 0xF3, 0xDE, 0xEA, 0xDC, 0xDC, 0xF3, 0xDC, 0xDE, 0xF6, 0xEA, 
	0xEA, 0xEF, 0x81, 0xDB, 0x08, 0xEF, 0xC5, 0xA1, 0xC8, 0xD3, 0xC6, 0xCE, 0xBD, 0xA0, 0x80, 0xDB, 
	0x0B, 0xC5, 0x8D, 0x8E, 0x94, 0x85, 0x8D, 0x8F, 0x95, 0x8F, 0x89, 0x8D, 0x8D, 0x81, 0x93, 0x10, 
	0x9B, 0x78, 0x3B, 0x3E, 0x57, 0x3D, 0x6D, 0x76, 0x3E, 0x90, 0x94, 0x85, 0xA0, 0xD3, 0xC6, 0xC6, 
	0xC8, 0x83, 0xCE, 0x15, 0xD3, 0xD3, 0xCE, 0xDB, 0xF6, 0xFD, 0xFA, 0xDC, 0xD3, 0xDE, 0xDC, 0xEF, 
	0xF5, 0xEF, 0xEA, 0xEA, 0xD8, 0xEA, 0xF5, 0xEA, 0xF5, 0xF5, 0x82, 0xD3, 0x03, 0xBD, 0xC6, 0xF5, 
	0xCE, 0x80, 0x7E, 0x07, 0x79, 0x78, 0x6E, 0x37, 0x20, 0x85, 0xBE, 0xEA, 0x06, 0xC8, 0x96, 0x96, 
	0x32, 0x32, 0x69, 0x6E, 0x80, 0x78, 0x0A, 0x6E, 0x93, 0xCE, 0xDB, 0xD8, 0xD3, 0xD5, 0xD5, 0xD2, 
	0xD5, 0xD5, 0x84, 0xDB, 0x02, 0xE8, 0xFA, 0x32, 0xFF, 0x00, 0x81, 0x00, 0x07, 0x36, 0xA1, 0xF1, 
	0x6F, 0x1E, 0x29, 0xDB, 0xC6, 0x82, 0xC5, 0x04, 0xCC, 0xCE, 0xCE, 0xD2, 0xD2, 0x81, 0xD5, 0x02, 
	0xE7, 0xB2, 0x7B, 0x80, 0x6E, 0x06, 0x71, 0x7B, 0xCC, 0xE8, 0xE7, 0x9A, 0xC5, 0x81, 0xCE, 0x80, 
	0xD3, 0x0E, 0xDC, 0xDC, 0xD3, 0xD3, 0xDB, 0xEA, 0xF6, 0xF3, 0xEA, 0xF5, 0xDE, 0xCE, 0xCE, 0xDC, 
	0xDC, 0x81, 0xDB, 0x12, 0xEF, 0xBD, 0x96, 0xC3, 0x89, 0x83, 0xA2, 0x96, 0x9F, 0xC5, 0xCC, 0xDB, 
	0xDB, 0xC5, 0x8D, 0x8D, 0x7A, 0x73, 0xA6, 0x81, 0xA5, 0x13, 0xA4, 0x73, 0x93, 0x94, 0x93, 0x93, 
	0x94, 0x85, 0x93, 0x94, 0x7E, 0x85, 0x98, 0x98, 0x87, 0x87, 0x8E, 0x85, 0xB3, 0xD3, 0x80, 0xC6, 
	0x84, 0xCE, 0x01, 0xD3, 0xD8, 0x80, 0xDC, 0x0C, 0xDB, 0xD3, 0xCE, 0xDC, 0xEA, 0xF3, 0xF8, 0xF8, 
	0xF3, 0xF6, 0xEA, 0xD8, 0xCE, 0x83, 0xDB, 0x10, 0xCE, 0xDB, 0xBD, 0xC6, 0xF5, 0xCE, 0x79, 0x78, 
	0x7B, 0x78, 0x6E, 0x69, 0x33, 0x20, 0x8D, 0xB2, 0xCE, 0x0F, 0x20, 0xB5, 0x9F, 0x32, 0x32, 0x5D, 
	0x6D, 0x6E, 0x6E, 0x78, 0x6D, 0x93, 0xCE, 0xDB, 0xD3, 0xD3, 0x82, 0xD5, 0x84, 0xDB, 0x02, 0xE8, 
	0xF6, 0x32, 0xFF, 0x00, 0x81, 0x00, 0x07, 0x3A, 0xA1, 0x6F, 0x3F, 0x28, 0x29, 0xDB, 0xC6, 0x82, 
	0xC5, 0x02, 0xCC, 0xCE, 0xCE, 0x83, 0xD5, 0x0C, 0xD2, 0xE8, 0xEA, 0xE8, 0xE7, 0xE8, 0xE8, 0xEA, 
	0xE8, 0xDB, 0xEA, 0x9A, 0xBE, 0x82, 0xCE, 0x80, 0xD3, 0x0D, 0xCE, 0xD3, 0xEF, 0xFA, 0xFD, 0xFD, 
	0xFB, 0xFB, 0xFD, 0xFD, 0xFB, 0xEA, 0xC6, 0xD3, 0x81, 0xDB, 0x11, 0xDC, 0x71, 0xEA, 0xFD, 0x89, 
	0x89, 0x6D, 0x3B, 0x9F, 0xFD, 0xBD, 0xCC, 0xD5, 0xBE, 0x93, 0x93, 0x73, 0xA4, 0x83, 0xA5, 0x02, 
	0xA4, 0x85, 0x94, 0x80, 0x93, 0x0C, 0x94, 0x96, 0x79, 0x94, 0x9F, 0xA9, 0xA3, 0x8D, 0xAE, 0x94, 
	0x89, 0xA0, 0xD3, 0x80, 0xC8, 0x00, 0xC6, 0x83, 0xCE, 0x09, 0xD3, 0xDB, 0xDB, 0xDC, 0xDB, 0xCE, 
	0xDB, 0xEA, 0xF5, 0xFB, 0x84, 0xFD, 0x02, 0xF5, 0xD3, 0xCE, 0x81, 0xDB, 0x10, 0xCE, 0xD3, 0xC5, 
	0xC6, 0xF5, 0xCE, 0x78, 0x6E, 0x78, 0x6E, 0x6D, 0x5D, 0x32, 0x29, 0x96, 0xC5, 0x20, 0x0C, 0x1A, 
	0xB5, 0xB3, 0x33, 0x2A, 0x57, 0x6D, 0x6D, 0x6E, 0x6E, 0x6D, 0x93, 0xCE, 0x80, 0xD3, 0x84, 0xD5, 
	0x82, 0xDB, 0x02, 0xE8, 0xF6, 0x2A, 0xFF, 0x00, 0x81, 0x00, 0x07, 0x3A, 0xD7, 0x5F, 0x3F, 0x2A, 
	0x28, 0xDB, 0xC6, 0x82, 0xC5, 0x01, 0xCC, 0xCE, 0x85, 0xD5, 0x01, 0xDB, 0xDB, 0x80, 0xE7, 0x81, 
	0xDB, 0x02, 0xEA, 0x96, 0xB5, 0x82, 0xCE, 0x25, 0xD3, 0xC6, 0xB5, 0xCE, 0xF8, 0xFC, 0xFA, 0xF8, 
	0xF7, 0xF8, 0xF7, 0xF7, 0xF8, 0xFD, 0xFD, 0xF5, 0xBD, 0xC6, 0xDB, 0xD3, 0xD3, 0xCE, 0x71, 0xCE, 
	0xEA, 0x8D, 0x8D, 0x96, 0x71, 0x9D, 0xF3, 0xBE, 0xC5, 0xDB, 0xBE, 0x85, 0x9A, 0x6F, 0x80, 0x44, 
	0x05, 0x4B, 0x4B, 0xA4, 0x44, 0x73, 0xB2, 0x81, 0x93, 0x0C, 0x96, 0x7B, 0x6D, 0x94, 0x85, 0xA9, 
	0xAB, 0x74, 0x87, 0x93, 0x83, 0xA0, 0xD3, 0x80, 0xC8, 0x83, 0xCE, 0x04, 0xD3, 0xCE, 0xCE, 0xD3, 
	0xD3, 0x80, 0xCE, 0x00, 0xF5, 0x80, 0xFA, 0x1D, 0xF8, 0xF8, 0xFA, 0xF6, 0xFA, 0xFB, 0xFD, 0xFD, 
	0xDB, 0xC6, 0xDB, 0xDC, 0xDB, 0xCE, 0xDB, 0xC5, 0xC6, 0xF5, 0xCE, 0x6E, 0x6D, 0x6E, 0x6D, 0x6D, 
	0x57, 0x31, 0x29, 0x9B, 0xBD, 0x0F, 0x06, 0x1D, 0x9B, 0xB3, 0x33, 0x29, 0x3E, 0x5D, 0x80, 0x6D, 
	0x01, 0x69, 0x8D, 0x81, 0xD3, 0x84, 0xD5, 0x82, 0xDB, 0x02, 0xE8, 0xFA, 0x29, 0xFF, 0x00, 0x80, 
	0x00, 0x08, 0x06, 0x28, 0x3A, 0x32, 0x2A, 0x1B, 0x29, 0xDB, 0xC6, 0x82, 0xC5, 0x05, 0xCC, 0xCE, 
	0xCE, 0xD3, 0xD3, 0xDB, 0x80, 0xD5, 0x86, 0xDB, 0x04, 0xE8, 0xEA, 0x94, 0xB5, 0xCE, 0x80, 0xC6, 
	0x2F, 0xCE, 0xC6, 0xBD, 0xCE, 0xDB, 0xF5, 0xF8, 0xF5, 0xF7, 0xF7, 0xFA, 0xFA, 0xF7, 0xF7, 0xF5, 
	0xFA, 0xFD, 0xEF, 0xBD, 0xC6, 0xCE, 0xD3, 0xC6, 0x71, 0xCE, 0x96, 0x96, 0x9F, 0x9C, 0x9F, 0x96, 
	0xB5, 0xCC, 0xC5, 0xDB, 0xBE, 0x85, 0x94, 0x73, 0x44, 0x44, 0x3C, 0x44, 0x44, 0xA4, 0x34, 0x6B, 
	0xB3, 0x81, 0x93, 0x0C, 0x96, 0x6E, 0x7E, 0x96, 0x7E, 0x85, 0xE2, 0xA9, 0x78, 0x94, 0x83, 0xB2, 
	0xD3, 0x80, 0xC8, 0x83, 0xCE, 0x00, 0xD3, 0x80, 0xCE, 0x12, 0xC5, 0xCE, 0xDB, 0xD7, 0xF0, 0xF8, 
	0xF7, 0xF5, 0xF7, 0xF8, 0xFB, 0xFA, 0xF8, 0xF6, 0xF8, 0xFD, 0xFA, 0xD8, 0xCE, 0x80, 0xD3, 0x05, 
	0xDB, 0xC5, 0xC6, 0xF5, 0xCE, 0x6E, 0x80, 0x6D, 0x06, 0x69, 0x40, 0x29, 0x29, 0x9F, 0x9F, 0x1D, 
	0x0C, 0x1A, 0x96, 0xB2, 0x37, 0x29, 0x40, 0x5D, 0x6D, 0x6D, 0x76, 0x69, 0x8D, 0xCE, 0x80, 0xD3, 
	0x84, 0xD5, 0x82, 0xDB, 0x02, 0xE8, 0xF6, 0x2A, 0xFF, 0x00, 0x80, 0x00, 0x08, 0x0E, 0x16, 0x06, 
	0x0C, 0x12, 0x06, 0x32, 0xDB, 0xC6, 0x82, 0xC5, 0x00, 0xCC, 0x80, 0xCE, 0x06, 0xD3, 0xD8, 0xD5, 
	0xD5, 0xDB, 0xD5, 0xD5, 0x84, 0xDB, 0x04, 0xE8, 0xEA, 0x93, 0xB5, 0xCE, 0x80, 0xC6, 0x08, 0xC5, 
	0xB5, 0xC5, 0xF0, 0xFD, 0xF3, 0xF3, 0xF8, 0xFA, 0x80, 0xF5, 0x1A, 0xF8, 0xFA, 0xF7, 0xF5, 0xF6, 
	0xFD, 0xEA, 0xA0, 0xC8, 0xCC, 0xBE, 0x6D, 0xEF, 0x6E, 0x5F, 0x8D, 0x6F, 0x71, 0x69, 0xCE, 0xD3, 
	0xB9, 0xDB, 0xBE, 0x85, 0x8D, 0x73, 0x80, 0xA4, 0x0B, 0xA5, 0x4B, 0xA4, 0x4B, 0xA4, 0x94, 0x94, 
	0x8D, 0x8D, 0x94, 0x7B, 0x6E, 0x80, 0x94, 0x07, 0x79, 0xAA, 0xE2, 0x9B, 0x85, 0x83, 0xA0, 0xD3, 
	0x80, 0xC8, 0x83, 0xCE, 0x17, 0xD3, 0xC8, 0xC8, 0xC6, 0xB9, 0xD2, 0xDB, 0xFC, 0xFC, 0xEA, 0xF5, 
	0xF8, 0xFA, 0xF7, 0xF5, 0xF5, 0xF8, 0xFA, 0xFA, 0xF5, 0xFD, 0xFD, 0xCE, 0xC6, 0x80, 0xD3, 0x0E, 
	0xBD, 0xC5, 0xF5, 0xCE, 0x76, 0x6D, 0x6E, 0x6D, 0x69, 0x57, 0x20, 0x31, 0xB2, 0x9F, 0x1D, 0x0C, 
	0x08, 0x8D, 0xB3, 0x37, 0x20, 0x40, 0x5D, 0x69, 0x6D, 0x6D, 0x5D, 0x8D, 0xD2, 0x80, 0xD3, 0x84, 
	0xD5, 0x82, 0xDB, 0x02, 0xE8, 0xF6, 0x2A, 0xFF, 0x00, 0x80, 0x00, 0x01, 0x0E, 0x1B, 0x80, 0x16, 
	0x03, 0x0C, 0x2A, 0xDB, 0xC6, 0x82, 0xC5, 0x00, 0xCC, 0x80, 0xCE, 0x01, 0xD3, 0xD8, 0x80, 0xD5, 
	0x01, 0xE8, 0xF6, 0x83, 0xFA, 0x0E, 0xF5, 0xDB, 0xEA, 0x85, 0xB3, 0xC8, 0xC6, 0xC5, 0xC5, 0xA0, 
	0xB5, 0xDB, 0xF5, 0xF5, 0xFA, 0x80, 0xF5, 0x81, 0xEA, 0x1A, 0xF5, 0xF8, 0xFA, 0xFA, 0xF8, 0xFD, 
	0xC5, 0xA2, 0xC6, 0xC5, 0x5D, 0x96, 0xDB, 0xCE, 0x8F, 0x96, 0x8D, 0x71, 0xCE, 0xB3, 0xC5, 0xD5, 
	0xBE, 0x85, 0x89, 0x73, 0xA4, 0x83, 0xA5, 0x07, 0xA4, 0x85, 0x94, 0x8D, 0x8D, 0x8E, 0x7E, 0x85, 
	0x80, 0x94, 0x07, 0x87, 0x8C, 0xA9, 0xB3, 0x85, 0x83, 0xB3, 0xD3, 0x81, 0xC6, 0x81, 0xCE, 0x20, 
	0xC8, 0xCE, 0xC6, 0xC5, 0xB5, 0xCD, 0xD2, 0xEA, 0xF7, 0xFA, 0xFA, 0xF7, 0xF6, 0xEA, 0xEA, 0xF0, 
	0xEA, 0xEA, 0xF5, 0xFA, 0xFB, 0xF8, 0xFB, 0xF5, 0xC5, 0xCE, 0xCE, 0xD3, 0xBD, 0xC5, 0xF5, 0xD2, 
	0x6E, 0x80, 0x6D, 0x06, 0x5D, 0x40, 0x1E, 0x32, 0xB3, 0x96, 0x0F, 0x0C, 0x00, 0x57, 0xCB, 0x3D, 
	0x1E, 0x3D, 0x57, 0x5D, 0x69, 0x6D, 0x5D, 0x85, 0xCE, 0x80, 0xD3, 0x83, 0xD5, 0x83, 0xDB, 0x02, 
	0xE8, 0xF6, 0x29, 0xFF, 0x00, 0x80, 0x00, 0x01, 0x0E, 0x1B, 0x80, 0x16, 0x03, 0x0C, 0x2A, 0xDB, 
	0xC6, 0x82, 0xC5, 0x00, 0xCC, 0x80, 0xCE, 0x05, 0xD3, 0xD3, 0xDB, 0xD5, 0xE8, 0xEA, 0x82, 0x9F, 
	0x0E, 0xB2, 0x96, 0xBE, 0xF5, 0xE8, 0x7E, 0x9F, 0xC6, 0xC5, 0xC5, 0xB5, 0x96, 0xC5, 0xEA, 0xF5, 
	0x80, 0xF3, 0x80, 0xEA, 0x0E, 0xF0, 0xF0, 0xEA, 0xEA, 0xF0, 0xF5, 0xF6, 0xF5, 0xFD, 0xEA, 0x96, 
	0xBD, 0xC5, 0x93, 0x3E, 0x82, 0x69, 0x09, 0x6D, 0x6D, 0x9F, 0xCE, 0xD5, 0xBD, 0x85, 0x94, 0x7B, 
	0x73, 0x82, 0xA6, 0x01, 0x8B, 0x8B, 0x80, 0x8D, 0x0E, 0x8E, 0x8D, 0x94, 0x94, 0x93, 0x94, 0x94, 
	0x98, 0x85, 0x71, 0x8D, 0x8E, 0x85, 0xB2, 0xD3, 0x81, 0xC6, 0x81, 0xCE, 0x80, 0xC6, 0x27, 0xBD, 
	0xB5, 0xCD, 0xDB, 0xF5, 0xF5, 0xF0, 0xF3, 0xF5, 0xF0, 0xEA, 0xF3, 0xF5, 0xF3, 0xEA, 0xEA, 0xF3, 
	0xF8, 0xF6, 0xF6, 0xFB, 0xCE, 0xC5, 0xC6, 0xCE, 0xBD, 0xC5, 0xEF, 0xCE, 0x6D, 0x5D, 0x69, 0x5D, 
	0x57, 0x3D, 0x1D, 0x37, 0xCB, 0x69, 0x00, 0x0B, 0x00, 0x3D, 0xCB, 0x40, 0x1D, 0x33, 0x3E, 0x57, 
	0x57, 0x5D, 0x40, 0x7E, 0x81, 0xD3, 0x02, 0xD5, 0xD5, 0xD2, 0x80, 0xD5, 0x83, 0xDB, 0x02, 0xE8, 
	0xF5, 0x29, 0xFF, 0x00, 0x80, 0x00, 0x01, 0x0E, 0x1B, 0x80, 0x16, 0x03, 0x0C, 0x2A, 0xDB, 0xC8, 
	0x82, 0xC5, 0x04, 0xCC, 0xCE, 0xCE, 0xD3, 0xD8, 0x80, 0xDB, 0x03, 0xF5, 0x79, 0x69, 0x7B, 0x81, 
	0x79, 0x10, 0x7B, 0x5D, 0xB9, 0xF5, 0x7B, 0x9F, 0xC5, 0xBD, 0xBD, 0x9F, 0x9B, 0xCE, 0xEA, 0xF5, 
	0xF3, 0xF3, 0xF0, 0x80, 0xEA, 0x01, 0xF0, 0xF0, 0x80, 0xEA, 0x1F, 0xF0, 0xF5, 0xF5, 0xFA, 0xF5, 
	0x9F, 0xA0, 0xBE, 0xC5, 0x9F, 0x6F, 0x6D, 0x6D, 0x6E, 0x71, 0x8D, 0xB3, 0xCC, 0xCC, 0xD5, 0xBE, 
	0x85, 0x93, 0x94, 0x93, 0x8D, 0x8D, 0x94, 0x8E, 0x8E, 0x87, 0x87, 0x82, 0x8E, 0x85, 0x94, 0x09, 
	0x8E, 0x8E, 0x85, 0x9F, 0xD3, 0xC8, 0xC8, 0xC6, 0xC6, 0xCE, 0x80, 0xC6, 0x0C, 0xCC, 0xC5, 0xC6, 
	0xB5, 0xB3, 0xCB, 0xDB, 0xF5, 0xF0, 0xF0, 0xF3, 0xF0, 0xEA, 0x80, 0xF5, 0x10, 0xF3, 0xF0, 0xEA, 
	0xF0, 0xF5, 0xF6, 0xF5, 0xFB, 0xDC, 0xB5, 0xC6, 0xCE, 0xB5, 0xBD, 0xF5, 0xCE, 0x5D, 0x80, 0x57, 
	0x06, 0x3E, 0x37, 0x15, 0x3B, 0xCB, 0x40, 0x00, 0x12, 0x00, 0x37, 0xB9, 0x57, 0x1D, 0x31, 0x3B, 
	0x3D, 0x3D, 0x3E, 0x3B, 0x79, 0xDB, 0xD5, 0xD3, 0xD3, 0xD5, 0xD5, 0xD2, 0x80, 0xD5, 0x83, 0xDB, 
	0x02, 0xE8, 0xF5, 0x29, 0xFF, 0x00, 0x80, 0x00, 0x01, 0x0E, 0x1B, 0x80, 0x16, 0x04, 0x0C, 0x32, 
	0xDB, 0xC3, 0xBD, 0x80, 0xBE, 0x80, 0xC5, 0x00, 0xC6, 0x81, 0xCE, 0x03, 0xD2, 0xCB, 0x57, 0x96, 
	0x82, 0x9F, 0x0C, 0xBE, 0x6E, 0x6E, 0xF5, 0x79, 0x9B, 0xBD, 0xB5, 0xA0, 0x8E, 0x9B, 0xD2, 0xED, 
	0x83, 0xF5, 0x84, 0xEA, 0x0F, 0xF5, 0xF6, 0xF5, 0xFA, 0xBD, 0x9B, 0xBE, 0xC5, 0xC5, 0xCB, 0xC5, 
	0xC5, 0xCB, 0xCE, 0xCE, 0xD3, 0x80, 0xCE, 0x04, 0xBE, 0x8D, 0x8B, 0x8E, 0x8E, 0x82, 0x94, 0x01, 
	0x93, 0x93, 0x80, 0x94, 0x01, 0x8E, 0x8E, 0x82, 0x94, 0x09, 0x8E, 0x94, 0x94, 0x8E, 0x94, 0x85, 
	0xA0, 0xD3, 0xC8, 0xC8, 0x82, 0xC6, 0x11, 0xC5, 0xCB, 0xC5, 0xBE, 0x9F, 0xB5, 0xCE, 0xDB, 0xF5, 
	0xF0, 0xF0, 0xF5, 0xF0, 0xF0, 0xF3, 0xF5, 0xF5, 0xF3, 0x80, 0xF0, 0x0C, 0xF3, 0xF5, 0xF5, 0xFA, 
	0xF3, 0xBD, 0xC5, 0xC6, 0xB5, 0xBD, 0xEF, 0xCE, 0x57, 0x80, 0x3D, 0x06, 0x3B, 0x31, 0x15, 0x40, 
	0xBE, 0x3D, 0x00, 0x0F, 0x00, 0x20, 0x9A, 0x6D, 0x1E, 0x29, 0x3D, 0x3D, 0x55, 0x57, 0x3D, 0x7E, 
	0xE7, 0xDB, 0xD3, 0xD3, 0x83, 0xD5, 0x83, 0xDB, 0x02, 0xE8, 0xF5, 0x29, 0xFF, 0x00, 0x80, 0x00, 
	0x01, 0x0E, 0x1B, 0x80, 0x16, 0x03, 0x0C, 0x28, 0xC5, 0xC5, 0x81, 0xB5, 0x03, 0xBD, 0xBE, 0xB9, 
	0xBE, 0x80, 0xC5, 0x04, 0xBE, 0xBE, 0x96, 0x40, 0x94, 0x80, 0x96, 0x14, 0x9A, 0x96, 0xB3, 0x6E, 
	0x6D, 0xE8, 0x7B, 0x96, 0xB5, 0xA0, 0x9F, 0x93, 0x8D, 0xB9, 0xE9, 0xEA, 0xEA, 0xF0, 0xF0, 0xF5, 
	0xF5, 0x83, 0xEA, 0x0A, 0xF0, 0xF0, 0xEA, 0xEA, 0xF5, 0xB5, 0x96, 0xBD, 0xC5, 0xC6, 0xC6, 0x80, 
	0xCE, 0x01, 0xD3, 0xD3, 0x80, 0xCE, 0x01, 0xD3, 0xBD, 0x80, 0x8D, 0x00, 0x8E, 0x80, 0x94, 0x03, 
	0x8E, 0x94, 0x93, 0x93, 0x87, 0x94, 0x09, 0x8E, 0x8E, 0x94, 0x8E, 0x8E, 0x85, 0xA0, 0xD3, 0xC6, 
	0xC8, 0x81, 0xC6, 0x0B, 0xC5, 0xC6, 0xCC, 0xC5, 0xB5, 0x9F, 0x9A, 0x9A, 0xCE, 0xEA, 0xE9, 0xEA, 
	0x85, 0xF0, 0x18, 0xEA, 0xEA, 0xF0, 0xF5, 0xEA, 0xEA, 0xDB, 0xB5, 0xC5, 0xCC, 0xB5, 0xBD, 0xEF, 
	0xCE, 0x57, 0x40, 0x57, 0x3D, 0x3D, 0x29, 0x15, 0x69, 0xB2, 0x31, 0x00, 0x0F, 0x00, 0x1D, 0x7B, 
	0x6D, 0x20, 0x1E, 0x3E, 0x3D, 0x40, 0x57, 0x3D, 0x7B, 0xD5, 0xD5, 0xCE, 0xCE, 0x83, 0xD5, 0x83, 
	0xDB, 0x02, 0xE8, 0xF5, 0x29, 0xFF, 0x00, 0x80, 0x00, 0x01, 0x0E, 0x1B, 0x80, 0x16, 0x0C, 0x0C, 
	0x28, 0xED, 0xEF, 0xDB, 0xE7, 0xE7, 0xDB, 0xDB, 0xE8, 0xEA, 0xED, 0xED, 0x80, 0xF5, 0x04, 0xED, 
	0xCE, 0x5D, 0x8D, 0x9A, 0x81, 0x96, 0x10, 0xB3, 0x6E, 0x6D, 0xE7, 0x79, 0x96, 0xA0, 0x9F, 0x9F, 
	0x8D, 0x8D, 0xC5, 0xF5, 0xF5, 0xEA, 0xF0, 0xEA, 0x86, 0xF0, 0x0B, 0xEA, 0xF3, 0xFA, 0xFA, 0xB5, 
	0x96, 0xB5, 0xBD, 0xC5, 0xC6, 0xCE, 0xD3, 0x82, 0xCE, 0x03, 0xC8, 0xD3, 0xC3, 0x8D, 0x80, 0x94, 
	0x80, 0x96, 0x87, 0x94, 0x05, 0x96, 0x96, 0x94, 0x94, 0x96, 0x96, 0x80, 0x94, 0x07, 0x85, 0x9F, 
	0xD3, 0xC6, 0xC8, 0xC6, 0xC6, 0xC5, 0x81, 0xC6, 0x08, 0xBE, 0xB3, 0x96, 0x9A, 0x9F, 0xE7, 0xFA, 
	0xF0, 0xEA, 0x89, 0xF0, 0x14, 0xF5, 0xFA, 0xDB, 0xB3, 0xBE, 0xCC, 0xB3, 0xB5, 0xED, 0xD2, 0x57, 
	0x3E, 0x55, 0x54, 0x3E, 0x1D, 0x1D, 0x6D, 0x85, 0x1D, 0x00, 0x0F, 0x00, 0x08, 0x6D, 0x78, 0x31, 
	0x0D, 0x33, 0x40, 0x40, 0x57, 0x3D, 0x94, 0xDB, 0xCE, 0xCE, 0xD2, 0x83, 0xD5, 0x83, 0xDB, 0x02, 
	0xE8, 0xF5, 0x29, 0xFF, 0x00, 0x80, 0x00, 0x01, 0x0E, 0x1B, 0x80, 0x16, 0x02, 0x06, 0x32, 0xED, 
	0x83, 0xCE, 0x02, 0xD2, 0xD5, 0xDB, 0x80, 0xE7, 0x04, 0xE8, 0xE8, 0xCE, 0x69, 0x9B, 0x82, 0x9F, 
	0x0F, 0xC5, 0x7B, 0x6D, 0xDB, 0x78, 0x8E, 0xA0, 0x9B, 0x96, 0x7B, 0x93, 0xCD, 0xEA, 0xF0, 0xEA, 
	0xEA, 0x88, 0xF0, 0x08, 0xF3, 0xF5, 0xF5, 0xB5, 0x8E, 0xB5, 0xBD, 0xC5, 0xCE, 0x82, 0xD3, 0x80, 
	0xCE, 0x02, 0xD3, 0xC5, 0x8D, 0x80, 0x94, 0x83, 0x96, 0x84, 0x94, 0x01, 0x96, 0x96, 0x80, 0x9B, 
	0x00, 0x96, 0x80, 0x94, 0x04, 0x8D, 0xA0, 0xD3, 0xC6, 0xC8, 0x81, 0xC6, 0x0B, 0xC5, 0xBE, 0xBE, 
	0xBD, 0xB3, 0x94, 0x9F, 0xC5, 0xD7, 0xF0, 0xF0, 0xEA, 0x80, 0xF0, 0x80, 0xF5, 0x1A, 0xF0, 0xF0, 
	0xF5, 0xF0, 0xF0, 0xEF, 0xF5, 0xF8, 0xDD, 0xB3, 0xB5, 0xC5, 0xB3, 0xB5, 0xED, 0xE8, 0x5D, 0x40, 
	0x57, 0x40, 0x32, 0x08, 0x29, 0x78, 0x6D, 0x08, 0x00, 0x0D, 0x00, 0x00, 0x3D, 0x93, 0x33, 0x15, 
	0x1D, 0x33, 0x31, 0x29, 0x20, 0x3B, 0xCE, 0xDB, 0x81, 0xD5, 0x00, 0xD2, 0x80, 0xD5, 0x83, 0xDB, 
	0x02, 0xE8, 0xF5, 0x29, 0xFF, 0x00, 0x80, 0x00, 0x01, 0x0E, 0x1B, 0x80, 0x16, 0x04, 0x0C, 0x32, 
	0xD5, 0xC5, 0xB9, 0x81, 0xBE, 0x02, 0xC5, 0xCB, 0xCC, 0x81, 0xCE, 0x03, 0xD2, 0xCE, 0x40, 0x69, 
	0x80, 0x7B, 0x0E, 0x85, 0x7B, 0x8D, 0x3E, 0x6E, 0xE7, 0x6E, 0x8D, 0xA0, 0x96, 0x96, 0x7B, 0x78, 
	0xB9, 0xE7, 0x80, 0xEA, 0x83, 0xF0, 0x0F, 0xEA, 0xF0, 0xF5, 0xF0, 0xEA, 0xF3, 0xF5, 0xEF, 0x96, 
	0x96, 0xA0, 0xC5, 0xDB, 0xD3, 0xD3, 0xDB, 0x81, 0xDC, 0x08, 0xDB, 0xCE, 0xDB, 0xC5, 0x8D, 0x94, 
	0x9B, 0x9B, 0x9A, 0x81, 0x9B, 0x02, 0x96, 0x9B, 0x9A, 0x81, 0x94, 0x0F, 0x96, 0x9F, 0x96, 0x85, 
	0x7B, 0x85, 0x9B, 0xA0, 0x96, 0x94, 0x8D, 0xA0, 0xD3, 0xC6, 0xC8, 0xC5, 0x80, 0xC6, 0x08, 0xC5, 
	0xBE, 0xBE, 0xBD, 0xB3, 0x8E, 0x93, 0xB2, 0xCD, 0x81, 0xEA, 0x01, 0xF0, 0xF0, 0x80, 0xF5, 0x82, 
	0xF0, 0x15, 0xEF, 0xF0, 0xF5, 0xCE, 0x9F, 0xBD, 0xC5, 0xB3, 0xB5, 0xFA, 0x7B, 0x29, 0x20, 0x31, 
	0x33, 0x16, 0x08, 0x33, 0x98, 0x3D, 0x00, 0x00, 0x07, 0x00, 0x00, 0x20, 0x93, 0x3D, 0x1D, 0x29, 
	0x1D, 0x80, 0x00, 0x02, 0x08, 0xC3, 0xEA, 0x81, 0xD5, 0x00, 0xD2, 0x80, 0xD5, 0x83, 0xDB, 0x02, 
	0xE8, 0xF5, 0x29, 0xFF, 0x00, 0x80, 0x00, 0x01, 0x0E, 0x1B, 0x80, 0x16, 0x03, 0x06, 0x32, 0xE8, 
	0xC6, 0x82, 0xC5, 0x02, 0xCC, 0xCC, 0xCE, 0x80, 0xD2, 0x05, 0xCE, 0xD2, 0xDB, 0x96, 0x3B, 0x37, 
	0x81, 0x33, 0x0C, 0x32, 0x3E, 0xC5, 0xD5, 0x6E, 0x8D, 0x9F, 0x96, 0x96, 0x85, 0x6E, 0x9A, 0xD2, 
	0x81, 0xEA, 0x86, 0xF0, 0x19, 0xEA, 0xEA, 0xFA, 0xCE, 0x7B, 0x9B, 0xB5, 0xC5, 0x8D, 0x90, 0x96, 
	0x9D, 0x9F, 0x9F, 0x9B, 0x96, 0xD3, 0xDB, 0xD3, 0xC5, 0x8D, 0x9B, 0x94, 0x7B, 0x85, 0x8D, 0x80, 
	0x85, 0x16, 0x7B, 0x7B, 0x9B, 0x9A, 0x96, 0x94, 0x9F, 0x96, 0x71, 0x8D, 0x9B, 0x96, 0x8D, 0x7B, 
	0x79, 0x96, 0x9B, 0x85, 0xA0, 0xD3, 0xC6, 0xC8, 0xC5, 0x80, 0xC6, 0x11, 0xC5, 0xBE, 0xBE, 0xB5, 
	0xB3, 0x96, 0x7E, 0x9A, 0xC5, 0xE9, 0xF0, 0xEA, 0xEA, 0xF0, 0xF5, 0xF0, 0xF5, 0xF5, 0x81, 0xF0, 
	0x0B, 0xF3, 0xF0, 0xEA, 0xF3, 0xB5, 0x9B, 0xBD, 0xC5, 0xA0, 0xB5, 0xFD, 0x3B, 0x80, 0x00, 0x07, 
	0x1D, 0x20, 0x16, 0x3D, 0x98, 0x20, 0x00, 0x00, 0x80, 0x00, 0x04, 0x3D, 0x78, 0x31, 0x29, 0x0F, 
	0x80, 0x00, 0x04, 0x1A, 0xCC, 0xE8, 0xD3, 0xD3, 0x83, 0xD5, 0x83, 0xDB, 0x02, 0xEA, 0xF5, 0x29, 
	0xFF, 0x00, 0x80, 0x00, 0x01, 0x0E, 0x1B, 0x80, 0x16, 0x03, 0x06, 0x31, 0xDB, 0xC6, 0x82, 0xC5, 
	0x5A, 0xCC, 0xCC, 0xCE, 0xD2, 0xD5, 0xD5, 0xD2, 0xCE, 0xCE, 0xDB, 0xD5, 0xB5, 0x9B, 0x96, 0x94, 
	0x94, 0x9F, 0xCE, 0xD5, 0xCE, 0x6E, 0x8D, 0x9F, 0x96, 0x96, 0x94, 0x6E, 0x78, 0xCB, 0xE9, 0xF0, 
	0xDB, 0xDB, 0xEA, 0xF0, 0xF5, 0xF0, 0xF0, 0xF5, 0xF0, 0xEA, 0xDB, 0xE7, 0xF5, 0xF5, 0x9A, 0x79, 
	0x9B, 0xBD, 0x69, 0x96, 0xFD, 0xF3, 0xF3, 0xF5, 0xF8, 0xF5, 0xDB, 0xB5, 0xD3, 0xDB, 0xC5, 0x94, 
	0x94, 0x71, 0xDE, 0xFC, 0xFA, 0xF5, 0xFA, 0xFC, 0xFD, 0xCE, 0x93, 0x9A, 0x96, 0x9B, 0x8E, 0x70, 
	0xD8, 0xFD, 0xFC, 0xFD, 0xFD, 0xFA, 0xDB, 0x8D, 0x8D, 0x94, 0xB3, 0xCE, 0x83, 0xC6, 0x10, 0xC5, 
	0xBE, 0xB9, 0xB3, 0xB3, 0x9B, 0x7B, 0x88, 0xB1, 0xCD, 0xF0, 0xF0, 0xDB, 0xDB, 0xEA, 0xF0, 0xF7, 
	0x80, 0xF5, 0x0D, 0xF0, 0xF0, 0xE9, 0xEA, 0xF5, 0xD2, 0x96, 0xB3, 0xB5, 0xC5, 0x9F, 0xB3, 0xFD, 
	0x40, 0x80, 0x00, 0x04, 0x0F, 0x20, 0x32, 0x79, 0x3B, 0x80, 0x00, 0x80, 0x00, 0x03, 0x06, 0x29, 
	0x29, 0x0F, 0x81, 0x00, 0x04, 0x1D, 0xCC, 0xE8, 0xD3, 0xD3, 0x83, 0xD5, 0x83, 0xDB, 0x02, 0xEA, 
	0xF5, 0x29, 0xFF, 0x00, 0x80, 0x00, 0x01, 0x0E, 0x1B, 0x80, 0x16, 0x03, 0x0C, 0x31, 0xDB, 0xC6, 
	0x82, 0xC5, 0x03, 0xCC, 0xCC, 0xCE, 0xD2, 0x80, 0xD5, 0x02, 0xD2, 0xD5, 0xD5, 0x80, 0xDB, 0x4D, 
	0xD5, 0xD2, 0xD5, 0xDB, 0xD5, 0xD5, 0xD2, 0x6E, 0x8D, 0x9F, 0x9B, 0x96, 0x8E, 0x7B, 0x6D, 0x93, 
	0xE7, 0xE9, 0xDB, 0xE9, 0xEA, 0xE9, 0xEA, 0xF0, 0xF0, 0xEA, 0xEA, 0xE9, 0xEA, 0xE7, 0xF5, 0xCB, 
	0x6D, 0x93, 0x9A, 0x94, 0x3D, 0xB5, 0xFC, 0xF5, 0xF5, 0xEA, 0xC5, 0xF5, 0xFC, 0xB5, 0xC5, 0xDB, 
	0xCC, 0x94, 0x71, 0x71, 0xFC, 0xCE, 0xCE, 0xF5, 0xD8, 0xDB, 0xEA, 0xFA, 0x85, 0x93, 0x96, 0x96, 
	0x6E, 0xDB, 0xFA, 0xDB, 0xF5, 0xD7, 0xDB, 0xDB, 0xF5, 0xDB, 0x8D, 0x85, 0xB3, 0xD3, 0x83, 0xC6, 
	0x0D, 0xC5, 0xC5, 0xBD, 0xB5, 0xB3, 0x9F, 0x85, 0x78, 0x93, 0xB9, 0xE9, 0xE7, 0xE7, 0xE9, 0x80, 
	0xEA, 0x01, 0xF0, 0xF0, 0x80, 0xEA, 0x0B, 0xED, 0xE9, 0xEA, 0x9F, 0x94, 0xB3, 0xB5, 0xC5, 0x9F, 
	0xB3, 0xFD, 0x40, 0x81, 0x00, 0x03, 0x08, 0x29, 0x29, 0x02, 0x80, 0x00, 0x88, 0x00, 0x06, 0x1D, 
	0xCC, 0xE8, 0xD3, 0xD3, 0xD5, 0xD2, 0x81, 0xD5, 0x83, 0xDB, 0x02, 0xE8, 0xF5, 0x29, 0xFF, 0x00, 
	0x80, 0x00, 0x01, 0x0E, 0x1B, 0x80, 0x16, 0x03, 0x0C, 0x31, 0xDB, 0xC6, 0x82, 0xC5, 0x03, 0xCC, 
	0xCC, 0xCE, 0xD2, 0x83, 0xD5, 0x00, 0xD2, 0x82, 0xD5, 0x15, 0xD2, 0xD5, 0xDB, 0xD2, 0x6E, 0x8D, 
	0x9F, 0x9B, 0x96, 0x8E, 0x8D, 0x6D, 0x6D, 0x78, 0xB2, 0xF5, 0xEA, 0xE9, 0xE9, 0xEA, 0xDB, 0xDB, 
	0x80, 0xEA, 0x33, 0xF5, 0xFA, 0x9F, 0x6D, 0x78, 0x93, 0x94, 0x7E, 0x57, 0x8D, 0x40, 0x69, 0x40, 
	0x69, 0x7B, 0x69, 0x71, 0xC5, 0xBD, 0xDB, 0xBE, 0x8D, 0x6E, 0x71, 0xFD, 0x71, 0x69, 0x6D, 0x40, 
	0x37, 0x7B, 0xFD, 0x7E, 0x7E, 0x9A, 0x6E, 0x96, 0xFD, 0x57, 0x57, 0xC3, 0x7B, 0x57, 0x3B, 0x3B, 
	0xEA, 0xDB, 0x6E, 0xB3, 0xD5, 0xC6, 0xC5, 0x80, 0xC6, 0x80, 0xC5, 0x04, 0xBE, 0xB5, 0xB3, 0x9B, 
	0x96, 0x80, 0x78, 0x08, 0x7B, 0xD2, 0xF5, 0xED, 0xEA, 0xDD, 0xDD, 0xDB, 0xE9, 0x80, 0xEA, 0x0B, 
	0xFA, 0xE7, 0x8D, 0x8D, 0x9F, 0xB3, 0xB5, 0xC5, 0xA0, 0xB3, 0xFD, 0x40, 0x88, 0x00, 0x88, 0x00, 
	0x06, 0x1D, 0xCC, 0xEA, 0xCE, 0xD3, 0xD5, 0xD2, 0x81, 0xD5, 0x81, 0xDB, 0x08, 0xD3, 0xDB, 0xEA, 
	0xF5, 0x29, 0x06, 0x06, 0x11, 0x22, 0x81, 0x11, 0x03, 0x22, 0x11, 0x22, 0x22, 0x85, 0x11, 0x01, 
	0x21, 0x21, 0x8A, 0x22, 0x01, 0x25, 0x20, 0x82, 0x1C, 0x03, 0x0E, 0x07, 0x0E, 0x0E, 0x85, 0x0B, 
	0x02, 0x06, 0x0D, 0x0B, 0x8B, 0x0E, 0x10, 0x06, 0x06, 0x00, 0x07, 0x0E, 0x0C, 0x00, 0x0E, 0x06, 
	0x00, 0x00, 0x07, 0x06, 0x00, 0x00, 0x02, 0x06, 0x8B, 0x0E, 0x0A, 0x0C, 0x06, 0x07, 0x06, 0x06, 
	0x14, 0x0C, 0x00, 0x0E, 0x00, 0x00, 0x80, 0x06, 0x08, 0x00, 0x00, 0x06, 0x00, 0x07, 0x0E, 0x0E, 
	0x0C, 0x0C, 0x82, 0x0E, 0x80, 0x0C, 0x01, 0x15, 0x1B, 0x80, 0x16, 0x04, 0x0C, 0x32, 0xDB, 0xC6, 
	0xCB, 0x81, 0xC5, 0x04, 0xCC, 0xCC, 0xCE, 0xCE, 0xD2, 0x88, 0xD5, 0x0F, 0xD2, 0xD2, 0xDB, 0xD2, 
	0x6E, 0x8D, 0xA0, 0x9F, 0x9B, 0x94, 0x8D, 0x7E, 0x6D, 0x56, 0x7E, 0xD2, 0x80, 0xEA, 0x37, 0xED, 
	0xE7, 0xDB, 0xED, 0xED, 0xF5, 0xF5, 0xC5, 0x5D, 0x6D, 0x8D, 0x93, 0x94, 0x85, 0x40, 0xA0, 0x71, 
	0x6D, 0x70, 0x8D, 0xCE, 0x8D, 0x96, 0xC5, 0xB5, 0xD5, 0xBE, 0x93, 0x6E, 0x6E, 0xFD, 0xC5, 0xB5, 
	0x96, 0xC3, 0x8E, 0x7B, 0xFA, 0x7E, 0x7E, 0x96, 0x6D, 0x7B, 0xFD, 0x71, 0x69, 0x8D, 0x96, 0x71, 
	0xB5, 0x71, 0xEA, 0xCE, 0x69, 0xB3, 0xCE, 0x84, 0xC6, 0x11, 0xC5, 0xBE, 0xBD, 0xB3, 0x9F, 0x96, 
	0x8E, 0x6D, 0x5D, 0x6D, 0xB2, 0xDB, 0xED, 0xED, 0xEA, 0xF0, 0xE7, 0xEA, 0x80, 0xF5, 0x0B, 0xDB, 
	0x96, 0x79, 0x96, 0xA0, 0xB3, 0xB5, 0xC5, 0xA0, 0xB3, 0xFD, 0x40, 0x88, 0x00, 0x88, 0x00, 0x04, 
	0x1D, 0xCC, 0xEA, 0xCE, 0xCE, 0x83, 0xD5, 0x81, 0xDB, 0x1B, 0xD3, 0xDB, 0xE8, 0xF5, 0x29, 0x0C, 
	0x13, 0x35, 0x42, 0x46, 0x26, 0x35, 0x41, 0x1D, 0x46, 0x35, 0x11, 0x34, 0x34, 0x26, 0x26, 0x35, 
	0x34, 0x25, 0x26, 0x4A, 0x34, 0x1D, 0x88, 0x20, 0x02, 0x1D, 0x26, 0x3C, 0x82, 0x30, 0x03, 0x18, 
	0x2D, 0x2D, 0x18, 0x83, 0x1C, 0x04, 0x18, 0x2D, 0x2D, 0x13, 0x15, 0x81, 0x18, 0x82, 0x1B, 0x18, 
	0x18, 0x1B, 0x16, 0x15, 0x1B, 0x29, 0x22, 0x3C, 0x20, 0x14, 0x1E, 0x26, 0x0F, 0x3C, 0x34, 0x26, 
	0x25, 0x20, 0x34, 0x25, 0x22, 0x31, 0x1E, 0x15, 0x16, 0x83, 0x1B, 0x81, 0x18, 0x15, 0x14, 0x29, 
	0x25, 0x25, 0x3C, 0x20, 0x0C, 0x18, 0x44, 0x20, 0x34, 0x35, 0x31, 0x34, 0x11, 0x26, 0x25, 0x22, 
	0x31, 0x20, 0x14, 0x18, 0x80, 0x1B, 0x07, 0x18, 0x16, 0x16, 0x18, 0x18, 0x16, 0x1B, 0x1B, 0x81, 
	0x16, 0x04, 0x0C, 0x32, 0xDB, 0xC6, 0xCB, 0x81, 0xC5, 0x04, 0xCC, 0xCC, 0xCE, 0xCE, 0xD2, 0x84, 
	0xD5, 0x01, 0xDB, 0xDB, 0x81, 0xD5, 0x20, 0xDB, 0xD5, 0x6E, 0x93, 0xB3, 0x9F, 0x9B, 0x9B, 0x94, 
	0x93, 0x7E, 0x6D, 0x57, 0x75, 0x9F, 0xD2, 0xE9, 0xED, 0xEA, 0xE9, 0xED, 0xED, 0xCB, 0x7E, 0x57, 
	0x6D, 0x8D, 0x8D, 0x93, 0x94, 0x8D, 0x3D, 0xCE, 0x81, 0xFD, 0x0C, 0xFA, 0xFD, 0xFD, 0x9F, 0x9F, 
	0xD3, 0xBE, 0x8D, 0x6D, 0x71, 0xFD, 0xFD, 0xFC, 0x80, 0xFD, 0x3B, 0xFC, 0xFA, 0x79, 0x79, 0x93, 
	0x7B, 0x3B, 0x9F, 0xFD, 0xFD, 0xF0, 0xF3, 0xF8, 0xFD, 0xFD, 0xDB, 0x69, 0x78, 0xB2, 0xCE, 0xC6, 
	0xC6, 0xC8, 0xCE, 0xDC, 0xDB, 0xDB, 0xDC, 0xCE, 0xBE, 0xB5, 0xB3, 0x9B, 0x94, 0x85, 0x6D, 0x60, 
	0x6D, 0x93, 0xB9, 0xDB, 0xEA, 0xF5, 0xE9, 0xED, 0xED, 0xD2, 0xB2, 0x7B, 0x79, 0x96, 0x9B, 0xA0, 
	0xB3, 0xB5, 0xC5, 0x9F, 0xB3, 0xFD, 0x40, 0x88, 0x00, 0x88, 0x00, 0x04, 0x1D, 0xCC, 0xEA, 0xCE, 
	0xCE, 0x83, 0xD5, 0x80, 0xDB, 0x20, 0xD5, 0xD5, 0xDB, 0xE8, 0xF5, 0x2A, 0x0C, 0x0C, 0x45, 0x42, 
	0x22, 0x4D, 0x4A, 0x46, 0x0B, 0x35, 0x41, 0x25, 0x4A, 0x42, 0x48, 0x43, 0x29, 0x42, 0x26, 0x3C, 
	0x1D, 0x34, 0x1A, 0x12, 0x14, 0x14, 0x17, 0x84, 0x14, 0x0B, 0x12, 0x1D, 0x3C, 0x1C, 0x1C, 0x30, 
	0x2E, 0x2D, 0x1C, 0x2A, 0x2E, 0x1C, 0x81, 0x30, 0x0A, 0x1C, 0x30, 0x2D, 0x2E, 0x5E, 0x1C, 0x1C, 
	0x14, 0x16, 0x16, 0x1B, 0x86, 0x16, 0x15, 0x0C, 0x46, 0x46, 0x35, 0x34, 0x0C, 0x43, 0x4F, 0x11, 
	0x46, 0x4E, 0x42, 0x34, 0x43, 0x4A, 0x45, 0x48, 0x4A, 0x08, 0x16, 0x16, 0x18, 0x86, 0x16, 0x14, 
	0x12, 0x22, 0x4E, 0x34, 0x42, 0x25, 0x15, 0x34, 0x46, 0x27, 0x26, 0x4D, 0x42, 0x34, 0x46, 0x46, 
	0x4A, 0x46, 0x4C, 0x1D, 0x15, 0x8D, 0x16, 0x03, 0x0C, 0x32, 0xDB, 0xC8, 0x82, 0xC5, 0x04, 0xCC, 
	0xCC, 0xCE, 0xD2, 0xD2, 0x80, 0xD5, 0x06, 0xD2, 0xD5, 0xDB, 0xD5, 0xCC, 0xCC, 0xD5, 0x80, 0xCE, 
	0x19, 0xD5, 0xD5, 0x6E, 0x94, 0xB5, 0x9F, 0x9F, 0x9B, 0x9A, 0x94, 0x85, 0x7E, 0x6D, 0x57, 0x40, 
	0x5D, 0x78, 0x9A, 0x6D, 0x6E, 0x93, 0x6D, 0x57, 0x57, 0x6E, 0x85, 0x80, 0x94, 0x04, 0x96, 0x9B, 
	0x3E, 0x71, 0xEA, 0x80, 0xD7, 0x28, 0xD2, 0xD7, 0xCE, 0x96, 0xBD, 0xCE, 0xBE, 0x8D, 0x71, 0x57, 
	0xB5, 0xDE, 0xD8, 0xDB, 0xDB, 0xD8, 0xEA, 0xC5, 0x6E, 0x7E, 0x93, 0x93, 0x6E, 0x37, 0x71, 0xDD, 
	0xFA, 0xFC, 0xFC, 0xED, 0xB2, 0x57, 0x6D, 0x85, 0xB2, 0xD3, 0xC6, 0xC6, 0xDB, 0xDB, 0x9F, 0x80, 
	0x96, 0x1F, 0xC5, 0xD8, 0xBD, 0xA0, 0x9F, 0x9B, 0x94, 0x85, 0x6E, 0x57, 0x56, 0x57, 0x6D, 0x93, 
	0x7E, 0x69, 0x93, 0x7E, 0x6D, 0x6D, 0x79, 0x94, 0x9B, 0x9F, 0xB3, 0xB5, 0xB5, 0xC5, 0x9F, 0xB3, 
	0xFD, 0x40, 0x88, 0x00, 0x88, 0x00, 0x06, 0x1D, 0xCC, 0xEA, 0xCE, 0xD3, 0xD5, 0xCE, 0x81, 0xD5, 
	0x80, 0xDB, 0x18, 0xD5, 0xD5, 0xDB, 0xE8, 0xEF, 0x2A, 0x06, 0x14, 0x41, 0x42, 0x46, 0x24, 0x27, 
	0x4A, 0x1D, 0x31, 0x42, 0x25, 0x34, 0x25, 0x42, 0x25, 0x22, 0x46, 0x34, 0x80, 0x46, 0x02, 0x11, 
	0x19, 0x1E, 0x86, 0x1D, 0x17, 0x16, 0x25, 0x35, 0x1E, 0x2F, 0x1C, 0x2F, 0x30, 0x1B, 0x1C, 0x2D, 
	0x1C, 0x1C, 0x28, 0x2D, 0x1C, 0x1B, 0x30, 0x30, 0x13, 0x1C, 0x30, 0x2D, 0x14, 0x88, 0x16, 0x16, 
	0x1B, 0x12, 0x25, 0x25, 0x26, 0x35, 0x15, 0x11, 0x34, 0x29, 0x35, 0x27, 0x27, 0x26, 0x22, 0x22, 
	0x25, 0x34, 0x25, 0x0C, 0x18, 0x16, 0x18, 0x86, 0x16, 0x14, 0x18, 0x1A, 0x23, 0x33, 0x43, 0x1D, 
	0x18, 0x0F, 0x34, 0x35, 0x22, 0x35, 0x35, 0x34, 0x22, 0x22, 0x26, 0x34, 0x25, 0x12, 0x18, 0x8D, 
	0x16, 0x03, 0x0C, 0x32, 0xDB, 0xC8, 0x82, 0xC5, 0x02, 0xCC, 0xCC, 0xCE, 0x80, 0xD2, 0x43, 0xD5, 
	0xD5, 0xDB, 0xC5, 0xB3, 0x9F, 0xB3, 0xC5, 0xB5, 0x9F, 0xBE, 0xCC, 0xCE, 0xD5, 0x71, 0x96, 0xB5, 
	0xB3, 0xB3, 0x9F, 0x9F, 0x9B, 0x94, 0x8D, 0x85, 0x79, 0x69, 0x40, 0x3D, 0x3D, 0x3B, 0x3D, 0x3E, 
	0x57, 0x6D, 0x7E, 0x85, 0x94, 0x96, 0x9B, 0x9B, 0x9F, 0x9F, 0x94, 0x40, 0x3D, 0x3E, 0x3F, 0x40, 
	0x3E, 0x40, 0x6D, 0xB3, 0xCC, 0xCE, 0xBD, 0x85, 0x8D, 0x6E, 0x3B, 0x3B, 0x37, 0x3B, 0x37, 0x37, 
	0x3B, 0x57, 0x7E, 0x80, 0x93, 0x35, 0x94, 0x78, 0x3B, 0x3B, 0x3E, 0x57, 0x57, 0x54, 0x3D, 0x6D, 
	0x93, 0x7E, 0x9F, 0xD3, 0xC6, 0xDC, 0xC8, 0x8D, 0xC3, 0xDE, 0xDB, 0xC3, 0x96, 0x9F, 0xC6, 0xBD, 
	0xA0, 0x9F, 0x9A, 0x94, 0x8D, 0x79, 0x6D, 0x57, 0x3E, 0x54, 0x3D, 0x3D, 0x57, 0x69, 0x78, 0x93, 
	0x94, 0x9B, 0x9F, 0xA0, 0xB5, 0xB5, 0xBD, 0xC5, 0xB3, 0xB3, 0xFD, 0x40, 0x88, 0x00, 0x88, 0x00, 
	0x06, 0x1D, 0xCC, 0xEA, 0xCE, 0xD3, 0xD5, 0xCE, 0x81, 0xD5, 0x80, 0xDB, 0x11, 0xD5, 0xD5, 0xDB, 
	0xEA, 0xEF, 0x29, 0x0C, 0x17, 0x25, 0x27, 0x27, 0x26, 0x26, 0x24, 0x34, 0x27, 0x26, 0x27, 0x81, 
	0x26, 0x06, 0x27, 0x27, 0x41, 0x27, 0x41, 0x41, 0x27, 0x82, 0x26, 0x09, 0x27, 0x26, 0x26, 0x23, 
	0x26, 0x27, 0x23, 0x35, 0x25, 0x07, 0x81, 0x14, 0x11, 0x15, 0x15, 0x14, 0x15, 0x0F, 0x0F, 0x0E, 
	0x0E, 0x15, 0x1B, 0x16, 0x13, 0x0E, 0x1B, 0x15, 0x16, 0x1B, 0x1B, 0x87, 0x16, 0x13, 0x1E, 0x12, 
	0x06, 0x15, 0x12, 0x15, 0x0F, 0x0C, 0x17, 0x07, 0x0C, 0x13, 0x12, 0x06, 0x12, 0x12, 0x06, 0x06, 
	0x16, 0x14, 0x89, 0x16, 0x13, 0x18, 0x0C, 0x0F, 0x0F, 0x1A, 0x18, 0x14, 0x15, 0x0F, 0x16, 0x14, 
	0x0E, 0x0F, 0x0E, 0x15, 0x14, 0x0E, 0x0E, 0x18, 0x18, 0x8D, 0x16, 0x03, 0x0C, 0x32, 0xDB, 0xC8, 
	0x82, 0xC5, 0x04, 0xCC, 0xCC, 0xCE, 0xD2, 0xD2, 0x80, 0xD5, 0x25, 0xDB, 0xCC, 0xB2, 0xB5, 0xBE, 
	0xCC, 0xBE, 0xBE, 0xC5, 0xC5, 0xD2, 0xD5, 0x71, 0x9A, 0xBD, 0xB5, 0xB5, 0xB3, 0xA0, 0x9F, 0x9B, 
	0x96, 0x94, 0x8D, 0x85, 0x7E, 0x79, 0x78, 0x79, 0x79, 0x7B, 0x8D, 0x93, 0x94, 0x96, 0x9B, 0x9B, 
	0x9F, 0x80, 0xB3, 0x02, 0xB5, 0xB3, 0x94, 0x80, 0x96, 0x10, 0x9B, 0xB3, 0xC5, 0xCC, 0xCC, 0xCE, 
	0xBD, 0x85, 0x93, 0x94, 0x85, 0x78, 0x6E, 0x6D, 0x6D, 0x6E, 0x79, 0x84, 0x93, 0x0A, 0x94, 0x78, 
	0x5D, 0x57, 0x57, 0x6D, 0x93, 0x94, 0x93, 0x7E, 0x9F, 0x80, 0xD3, 0x01, 0x8D, 0xF0, 0x82, 0xFD, 
	0x0C, 0xB5, 0x9B, 0xC6, 0xB5, 0xB3, 0x9F, 0x9B, 0x96, 0x8E, 0x94, 0x85, 0x7B, 0x79, 0x80, 0x85, 
	0x0E, 0x94, 0x96, 0x9A, 0x9B, 0x9F, 0xB3, 0xB5, 0xB5, 0xBD, 0xBE, 0xC6, 0xB3, 0xB5, 0xFD, 0x40, 
	0x88, 0x00, 0x88, 0x00, 0x06, 0x1D, 0xCC, 0xEA, 0xD3, 0xCE, 0xD2, 0xD2, 0x81, 0xD5, 0x80, 0xDB, 
	0x0B, 0xD5, 0xD5, 0xDB, 0xEA, 0xF5, 0x29, 0x07, 0x18, 0x13, 0x2C, 0x1F, 0x2A, 0x81, 0x1F, 0x31, 
	0x19, 0x0E, 0x1E, 0x2C, 0x1E, 0x2C, 0x2C, 0x19, 0x12, 0x14, 0x12, 0x12, 0x0C, 0x3F, 0x31, 0x32, 
	0x32, 0x37, 0x29, 0x31, 0x33, 0x40, 0x3E, 0x1D, 0x29, 0x15, 0x14, 0x2D, 0x1C, 0x20, 0x1C, 0x28, 
	0x28, 0x1C, 0x28, 0x15, 0x1B, 0x28, 0x2D, 0x1C, 0x1C, 0x1D, 0x15, 0x1C, 0x1D, 0x1A, 0x1E, 0x1E, 
	0x16, 0x1B, 0x87, 0x16, 0x16, 0x15, 0x1E, 0x31, 0x1D, 0x25, 0x20, 0x14, 0x25, 0x20, 0x27, 0x15, 
	0x31, 0x34, 0x34, 0x29, 0x1D, 0x31, 0x31, 0x22, 0x29, 0x1E, 0x15, 0x18, 0x86, 0x16, 0x01, 0x18, 
	0x18, 0x81, 0x16, 0x09, 0x1B, 0x15, 0x16, 0x16, 0x18, 0x18, 0x16, 0x16, 0x18, 0x18, 0x80, 0x16, 
	0x01, 0x1A, 0x1A, 0x8C, 0x16, 0x03, 0x0C, 0x32, 0xDC, 0xC6, 0x82, 0xC5, 0x04, 0xCC, 0xCC, 0xCE, 
	0xCE, 0xD2, 0x82, 0xD5, 0x0D, 0xDB, 0xD2, 0xCE, 0xD2, 0xD2, 0xD5, 0xCE, 0xCE, 0xDB, 0xD5, 0x79, 
	0x9B, 0xBE, 0xBD, 0x80, 0xB5, 0x03, 0xA0, 0xA0, 0x9F, 0x9F, 0x81, 0x96, 0x80, 0x94, 0x02, 0x96, 
	0x96, 0x9A, 0x80, 0x9F, 0x04, 0xA0, 0xB3, 0xB5, 0xBD, 0xBE, 0x81, 0xC5, 0x02, 0xCC, 0xCE, 0xCC, 
	0x80, 0xCE, 0x05, 0xCC, 0xD3, 0xBE, 0x85, 0x93, 0x93, 0x83, 0x94, 0x01, 0x98, 0x94, 0x82, 0x93, 
	0x85, 0x94, 0x15, 0x93, 0x93, 0x85, 0x9F, 0xD5, 0xE8, 0x8E, 0xC5, 0xFD, 0xB5, 0xC7, 0xC5, 0x9F, 
	0xF7, 0xFD, 0xA0, 0x9F, 0xBD, 0xB5, 0xA0, 0x9F, 0x9F, 0x82, 0x9B, 0x01, 0x96, 0x96, 0x80, 0x9F, 
	0x01, 0xB2, 0xB3, 0x80, 0xB5, 0x07, 0xBD, 0xBE, 0xC5, 0xCC, 0xB3, 0xB5, 0xFD, 0x40, 0x88, 0x00, 
	0x88, 0x00, 0x06, 0x1D, 0xCC, 0xEA, 0xD3, 0xCE, 0xD2, 0xD2, 0x81, 0xD5, 0x80, 0xDB, 0x18, 0xD5, 
	0xD5, 0xDB, 0xEA, 0xF5, 0x29, 0x0C, 0x14, 0x1F, 0x39, 0x39, 0x1F, 0x2C, 0x39, 0x1F, 0x39, 0x2C, 
	0x14, 0x19, 0x2C, 0x12, 0x2C, 0x2C, 0x2A, 0x14, 0x80, 0x18, 0x24, 0x12, 0x57, 0x9A, 0x3D, 0x93, 
	0x96, 0x32, 0x78, 0xFA, 0xCC, 0x40, 0x40, 0xE7, 0x3D, 0x07, 0x2E, 0x2E, 0x1A, 0x2D, 0x2D, 0x1C, 
	0x2E, 0x2D, 0x1B, 0x1B, 0x2D, 0x2D, 0x2E, 0x2E, 0x1C, 0x2D, 0x2E, 0x2D, 0x2E, 0x2E, 0x15, 0x19, 
	0x88, 0x16, 0x15, 0x0C, 0x34, 0x4A, 0x34, 0x4E, 0x26, 0x12, 0x35, 0x35, 0x46, 0x31, 0x0F, 0x4E, 
	0x46, 0x41, 0x42, 0x4C, 0x42, 0x48, 0x46, 0x0C, 0x18, 0x89, 0x16, 0x00, 0x18, 0x81, 0x16, 0x0C, 
	0x18, 0x16, 0x1A, 0x1A, 0x16, 0x18, 0x18, 0x16, 0x16, 0x18, 0x18, 0x1A, 0x1A, 0x8D, 0x16, 0x03, 
	0x0C, 0x32, 0xDE, 0xC8, 0x82, 0xC5, 0x04, 0xCC, 0xCC, 0xCE, 0xCE, 0xD2, 0x80, 0xD5, 0x02, 0xD2, 
	0xD5, 0xDB, 0x80, 0xC5, 0x0E, 0xBE, 0xB9, 0xCB, 0xDB, 0xDB, 0xD5, 0x79, 0x9F, 0xC5, 0xBE, 0xBE, 
	0xBD, 0xB5, 0xBD, 0xB5, 0x83, 0xA0, 0x04, 0x9F, 0x9F, 0xA0, 0x9F, 0x9F, 0x80, 0xA0, 0x07, 0xB5, 
	0xB5, 0xBD, 0xBD, 0xBE, 0xC5, 0xC6, 0xC6, 0x80, 0xCC, 0x82, 0xCE, 0x04, 0xCC, 0xD3, 0xBE, 0x85, 
	0x93, 0x80, 0x94, 0x00, 0x96, 0x82, 0x94, 0x82, 0x93, 0x81, 0x94, 0x00, 0x96, 0x82, 0x94, 0x12, 
	0x85, 0x9F, 0xDB, 0xCE, 0x96, 0xF6, 0x69, 0x40, 0x5F, 0x69, 0x3D, 0x3D, 0x96, 0xCE, 0x96, 0xBD, 
	0xBD, 0xB5, 0xB5, 0x85, 0xA0, 0x04, 0xB3, 0xB3, 0xB5, 0xB5, 0xBD, 0x80, 0xBE, 0x80, 0xC5, 0x04, 
	0xCC, 0xB5, 0xB5, 0xFD, 0x40, 0x88, 0x00, 0x88, 0x00, 0x06, 0x1D, 0xCC, 0xEA, 0xD3, 0xCE, 0xD2, 
	0xD2, 0x81, 0xD5, 0x83, 0xDB, 0x07, 0xEA, 0xF5, 0x29, 0x06, 0x15, 0x1E, 0x2A, 0x19, 0x83, 0x2C, 
	0x1B, 0x15, 0x16, 0x1F, 0x14, 0x1F, 0x1F, 0x2C, 0x29, 0x13, 0x1A, 0x16, 0x0C, 0x32, 0x5D, 0x3D, 
	0x3B, 0x3E, 0x37, 0x31, 0x37, 0x37, 0x57, 0x57, 0x8D, 0x37, 0x0E, 0x1C, 0x0E, 0x80, 0x2D, 0x12, 
	0x1C, 0x2E, 0x2D, 0x07, 0x28, 0x2D, 0x1B, 0x2D, 0x2D, 0x28, 0x1C, 0x1C, 0x1B, 0x2D, 0x1C, 0x0E, 
	0x16, 0x16, 0x1A, 0x85, 0x16, 0x16, 0x15, 0x14, 0x41, 0x45, 0x25, 0x25, 0x1D, 0x13, 0x35, 0x27, 
	0x27, 0x1F, 0x34, 0x27, 0x27, 0x26, 0x29, 0x23, 0x22, 0x34, 0x25, 0x06, 0x16, 0x88, 0x15, 0x05, 
	0x0F, 0x15, 0x15, 0x0F, 0x15, 0x15, 0x80, 0x14, 0x0A, 0x15, 0x15, 0x14, 0x15, 0x0F, 0x15, 0x15, 
	0x16, 0x15, 0x14, 0x14, 0x88, 0x15, 0x81, 0x16, 0x0D, 0x0C, 0x2A, 0xDE, 0xCE, 0xCB, 0xCC, 0xCB, 
	0xC5, 0xC5, 0xCC, 0xCC, 0xCE, 0xCE, 0xD2, 0x82, 0xD5, 0x0C, 0xCE, 0xC6, 0xC5, 0x9F, 0xC6, 0xC5, 
	0xCE, 0xD5, 0xDB, 0xD5, 0x7B, 0x9F, 0xC5, 0x81, 0xBE, 0x80, 0xBD, 0x00, 0xB5, 0x88, 0xBD, 0x02, 
	0xBE, 0xBE, 0xBD, 0x81, 0xC5, 0x80, 0xC6, 0x00, 0xCE, 0x81, 0xD3, 0x80, 0xCE, 0x05, 0xD3, 0xBE, 
	0x85, 0x93, 0x94, 0x94, 0x81, 0x96, 0x00, 0x9B, 0x81, 0x94, 0x01, 0x8E, 0x8D, 0x80, 0x94, 0x03, 
	0x9B, 0x94, 0x94, 0x9A, 0x81, 0x94, 0x0E, 0x85, 0x9F, 0xDB, 0xBD, 0x9B, 0xC8, 0x3F, 0x9F, 0x57, 
	0x6F, 0x7B, 0x29, 0x3D, 0xDB, 0x96, 0x85, 0xBD, 0x06, 0xC3, 0xBD, 0xC3, 0xBD, 0xBD, 0xBE, 0xBD, 
	0x85, 0xC5, 0x04, 0xCC, 0xB5, 0xB5, 0xFD, 0x40, 0x88, 0x00, 0x88, 0x00, 0x06, 0x1D, 0xCC, 0xEA, 
	0xD3, 0xCE, 0xD2, 0xD2, 0x81, 0xD5, 0x01, 0xDB, 0xD5, 0x81, 0xDB, 0x08, 0xEA, 0xF5, 0x29, 0x0C, 
	0x18, 0x16, 0x15, 0x15, 0x18, 0x80, 0x16, 0x09, 0x15, 0x19, 0x19, 0x1B, 0x14, 0x16, 0x14, 0x16, 
	0x19, 0x19, 0x81, 0x16, 0x11, 0x1E, 0x14, 0x15, 0x0E, 0x0E, 0x15, 0x0E, 0x06, 0x14, 0x1E, 0x0E, 
	0x15, 0x15, 0x19, 0x15, 0x15, 0x1A, 0x0E, 0x84, 0x1A, 0x09, 0x1B, 0x15, 0x15, 0x16, 0x15, 0x16, 
	0x16, 0x15, 0x15, 0x1B, 0x85, 0x16, 0x18, 0x18, 0x16, 0x16, 0x15, 0x1B, 0x29, 0x29, 0x2A, 0x28, 
	0x1E, 0x29, 0x20, 0x1E, 0x28, 0x20, 0x25, 0x28, 0x28, 0x2A, 0x2F, 0x20, 0x29, 0x28, 0x28, 0x32, 
	0x8A, 0x2A, 0x0C, 0x32, 0x2A, 0x28, 0x31, 0x29, 0x28, 0x28, 0x29, 0x2A, 0x1E, 0x29, 0x31, 0x29, 
	0x81, 0x28, 0x01, 0x31, 0x31, 0x86, 0x2A, 0x13, 0x32, 0x28, 0x15, 0x16, 0x16, 0x1B, 0x06, 0x32, 
	0xDE, 0xCE, 0xCC, 0xCC, 0xC5, 0xC5, 0xCB, 0xCC, 0xCC, 0xCE, 0xCE, 0xD2, 0x80, 0xD5, 0x04, 0xDB, 
	0xD5, 0xDB, 0xD3, 0xCE, 0x81, 0xDB, 0x04, 0xD5, 0xDB, 0xDB, 0x7B, 0x9F, 0x84, 0xC5, 0x05, 0xBD, 
	0xC5, 0xC6, 0xC6, 0xC8, 0xC8, 0x82, 0xCE, 0x0C, 0xC8, 0xC6, 0xC5, 0xCB, 0xCB, 0xCC, 0xCC, 0xC5, 
	0xC5, 0xC8, 0xCE, 0xD3, 0xD3, 0x81, 0xDB, 0x08, 0xD3, 0xCE, 0xCE, 0xD3, 0xC5, 0x85, 0x93, 0x94, 
	0x96, 0x83, 0x9B, 0x00, 0x96, 0x81, 0x8E, 0x01, 0x94, 0x96, 0x84, 0x9B, 0x09, 0x96, 0x94, 0x85, 
	0x9F, 0xD3, 0xCE, 0x7B, 0xB5, 0x9F, 0x71, 0x80, 0x6D, 0x08, 0x8F, 0xDB, 0xCE, 0x89, 0xBD, 0xBD, 
	0xC5, 0xC5, 0xC6, 0x80, 0xCE, 0x84, 0xD3, 0x01, 0xC6, 0xC6, 0x83, 0xC5, 0x04, 0xCC, 0xB5, 0xB5, 
	0xFD, 0x40, 0x88, 0x00, 0x88, 0x00, 0x06, 0x1D, 0xCC, 0xEA, 0xD3, 0xCE, 0xD2, 0xD2, 0x81, 0xD5, 
	0x01, 0xDB, 0xD5, 0x81, 0xDB, 0x07, 0xEA, 0xF5, 0x29, 0x0C, 0x1B, 0x16, 0x16, 0x1B, 0x83, 0x16, 
	0x01, 0x1B, 0x1B, 0x80, 0x16, 0x06, 0x1B, 0x14, 0x1B, 0x1B, 0x16, 0x18, 0x18, 0x84, 0x16, 0x04, 
	0x18, 0x16, 0x14, 0x16, 0x14, 0x82, 0x16, 0x01, 0x19, 0x19, 0x80, 0x16, 0x00, 0x19, 0x84, 0x16, 
	0x80, 0x19, 0x00, 0x16, 0x81, 0x18, 0x82, 0x16, 0x13, 0x18, 0x18, 0x16, 0x16, 0x14, 0x35, 0x4A, 
	0x28, 0x1E, 0x42, 0x42, 0x35, 0x42, 0x29, 0x18, 0x18, 0x31, 0x28, 0x18, 0x1D, 0x8F, 0x1E, 0x0D, 
	0x18, 0x2A, 0x62, 0x1E, 0x1E, 0x32, 0x36, 0x56, 0x1B, 0x38, 0x56, 0x2A, 0x36, 0x3A, 0x80, 0x36, 
	0x8A, 0x1E, 0x81, 0x18, 0x0D, 0x0C, 0x32, 0xEA, 0xCE, 0xCC, 0xCC, 0xC5, 0xC5, 0xCC, 0xCE, 0xCC, 
	0xCE, 0xCE, 0xD2, 0x81, 0xD5, 0x0D, 0xEA, 0xEA, 0xDC, 0xEA, 0xEA, 0xDE, 0xDE, 0xDB, 0xED, 0xEA, 
	0xD5, 0x7B, 0x9F, 0xCC, 0x83, 0xC5, 0x01, 0xC6, 0xDB, 0x84, 0xC5, 0x0D, 0xC6, 0xC6, 0xBD, 0xCE, 
	0xDB, 0xCC, 0xC6, 0xCC, 0xCC, 0xCE, 0xC8, 0xDB, 0xD3, 0xC6, 0x80, 0xD3, 0x0B, 0xDB, 0xCE, 0xCE, 
	0xD8, 0xCE, 0xD3, 0xC5, 0x8D, 0x94, 0x9B, 0x8D, 0x89, 0x81, 0x8D, 0x02, 0x85, 0x8E, 0x96, 0x80, 
	0x94, 0x02, 0x9A, 0x96, 0x7B, 0x81, 0x8D, 0x17, 0x85, 0x7B, 0x96, 0x96, 0x85, 0x9F, 0xD5, 0xCE, 
	0x6E, 0x7B, 0xFD, 0xF7, 0xF5, 0xEA, 0xEA, 0xFD, 0xFD, 0x7B, 0x8E, 0xBD, 0xC5, 0xC5, 0xCE, 0xD3, 
	0x80, 0xC5, 0x81, 0xC6, 0x04, 0xCE, 0xC6, 0xC5, 0xCE, 0xCE, 0x81, 0xC6, 0x06, 0xC5, 0xC5, 0xCC, 
	0xB5, 0xB5, 0xFD, 0x40, 0x88, 0x00, 0x88, 0x00, 0x06, 0x1D, 0xCC, 0xEA, 0xCE, 0xCE, 0xD2, 0xD2, 
	0x81, 0xD5, 0x01, 0xDB, 0xD5, 0x81, 0xDB, 0x03, 0xEA, 0xF5, 0x1E, 0x00, 0x8B, 0x0C, 0x00, 0x0B, 
	0x80, 0x0C, 0x00, 0x0B, 0xAF, 0x0C, 0x10, 0x06, 0x22, 0x27, 0x00, 0x0A, 0x34, 0x26, 0x45, 0x27, 
	0x26, 0x22, 0x25, 0x45, 0x26, 0x00, 0x0C, 0x12, 0x81, 0x0C, 0x86, 0x06, 0x00, 0x0C, 0x80, 0x06, 
	0x11, 0x00, 0x1E, 0x60, 0x00, 0x36, 0x63, 0x1C, 0x38, 0x5E, 0x66, 0x52, 0x18, 0x38, 0x66, 0x5E, 
	0x5E, 0x38, 0x0C, 0x88, 0x06, 0x82, 0x0C, 0x03, 0x00, 0x28, 0xF0, 0xD3, 0x83, 0xCC, 0x80, 0xCE, 
	0x00, 0xD2, 0x80, 0xD5, 0x02, 0xEA, 0xC5, 0x79, 0x82, 0x8D, 0x10, 0x7B, 0x7E, 0xE8, 0xE8, 0x7B, 
	0x9F, 0xCC, 0xCB, 0xC5, 0xCC, 0xC6, 0xC5, 0xC6, 0xDB, 0x9F, 0x8E, 0xA2, 0x85, 0x9F, 0x18, 0x8D, 
	0xCE, 0xD5, 0xC6, 0xCC, 0xCC, 0xCE, 0xDB, 0xC6, 0x96, 0xB5, 0xB5, 0xC5, 0xB5, 0xBD, 0xB5, 0x96, 
	0xC3, 0xDB, 0xD5, 0xC5, 0x93, 0x9A, 0x7B, 0x8D, 0x83, 0x9F, 0x09, 0x8D, 0x94, 0x9A, 0x94, 0x9A, 
	0x9A, 0x7B, 0x9F, 0x9F, 0x9B, 0x80, 0x9F, 0x09, 0x96, 0x8D, 0x96, 0x85, 0xB2, 0xD5, 0xC6, 0xC5, 
	0x57, 0x6E, 0x81, 0xFD, 0x15, 0xF5, 0x7B, 0x71, 0xBD, 0xC5, 0xC5, 0xCE, 0xCE, 0x96, 0x9D, 0xA0, 
	0x9F, 0xA0, 0xB5, 0xA0, 0xA2, 0xB5, 0xA2, 0x9F, 0xBD, 0xDB, 0xCE, 0x82, 0xC6, 0x04, 0xCC, 0xB5, 
	0xBD, 0xFD, 0x40, 0x88, 0x00, 0x88, 0x00, 0x06, 0x1D, 0xCC, 0xEA, 0xCE, 0xCE, 0xD2, 0xD2, 0x81, 
	0xD5, 0x80, 0xDB, 0x06, 0xD5, 0xD5, 0xE7, 0xED, 0xF5, 0x32, 0x15, 0xAF, 0x1E, 0x01, 0x28, 0x28, 
	0x81, 0x1E, 0x00, 0x28, 0x88, 0x1E, 0x13, 0x28, 0x1E, 0x31, 0x34, 0x19, 0x34, 0x46, 0x46, 0x42, 
	0x42, 0x31, 0x46, 0x46, 0x42, 0x35, 0x1E, 0x28, 0x28, 0x20, 0x20, 0x8B, 0x28, 0x12, 0x20, 0x1E, 
	0x2A, 0x3A, 0x1E, 0x32, 0x56, 0x36, 0x60, 0x54, 0x38, 0x56, 0x3A, 0x3A, 0x60, 0x2F, 0x60, 0x56, 
	0x1E, 0x8D, 0x28, 0x03, 0x1D, 0x37, 0xEA, 0xD3, 0x80, 0xCC, 0x22, 0xCB, 0xCC, 0xCC, 0xCE, 0xCE, 
	0xD2, 0xD2, 0xD5, 0xD5, 0xDB, 0xE7, 0x5D, 0x79, 0x9F, 0xB5, 0x9F, 0x9F, 0xA0, 0xB5, 0x5D, 0x85, 
	0xF5, 0x7B, 0x9F, 0xCC, 0xCB, 0xC5, 0xCC, 0xC5, 0xC6, 0xCE, 0x9F, 0x7B, 0xFA, 0xFC, 0x85, 0xFD, 
	0x17, 0xC7, 0x85, 0xD5, 0xCE, 0xCC, 0xCC, 0xCE, 0xDB, 0x71, 0xC3, 0xFD, 0x6F, 0x57, 0x9C, 0x6F, 
	0xB5, 0xFD, 0xA0, 0xC6, 0xDB, 0xC5, 0x8D, 0x7B, 0x6F, 0x84, 0xFD, 0x06, 0xFA, 0x7E, 0x94, 0x94, 
	0x9B, 0x6D, 0x96, 0x84, 0xFD, 0x15, 0xDB, 0x71, 0x85, 0xB2, 0xCE, 0xC6, 0xC6, 0xB5, 0x57, 0x57, 
	0x85, 0x9B, 0x93, 0x6D, 0x71, 0xB5, 0xC5, 0xC6, 0xC6, 0xD3, 0x83, 0x8E, 0x87, 0xFD, 0x02, 0xEA, 
	0xBD, 0xD3, 0x82, 0xC6, 0x04, 0xCC, 0xB5, 0xBE, 0xFD, 0x40, 0x88, 0x00, 0x88, 0x00, 0x04, 0x1D, 
	0xCC, 0xEA, 0xCE, 0xCE, 0x80, 0xD2, 0x07, 0xD5, 0xD3, 0xD3, 0xDB, 0xD3, 0xDB, 0xEA, 0xEF, 0x80, 
	0xF5, 0x05, 0xEF, 0xF0, 0xEA, 0xEA, 0xEF, 0xEA, 0x82, 0xEF, 0x82, 0xEA, 0x04, 0xE9, 0xF0, 0xEF, 
	0xEA, 0xF0, 0xA9, 0xEA, 0x00, 0xE8, 0x83, 0xEA, 0x0E, 0xE7, 0xDB, 0xEA, 0xDC, 0xDC, 0xEA, 0xDB, 
	0xD8, 0xDB, 0xEA, 0xD9, 0xDC, 0xD8, 0xED, 0xDD, 0x80, 0xDE, 0x02, 0xEA, 0xEA, 0xE8, 0x85, 0xEA, 
	0x01, 0xE7, 0xE9, 0x80, 0xEA, 0x11, 0xDB, 0xD7, 0xEA, 0xD3, 0xC5, 0xEA, 0xEA, 0xC5, 0xC8, 0xDE, 
	0xDB, 0xD3, 0xD3, 0xDB, 0xD7, 0xEA, 0xEA, 0xE8, 0x85, 0xEA, 0x00, 0xE7, 0x85, 0xEA, 0x04, 0xDE, 
	0xEA, 0xE8, 0xDB, 0xCE, 0x80, 0xC5, 0x80, 0xCE, 0x81, 0xD5, 0x0F, 0xC5, 0x57, 0x9A, 0x6E, 0x31, 
	0x5D, 0x69, 0x5D, 0x96, 0x71, 0x6E, 0xEA, 0x85, 0xA0, 0xC6, 0xC5, 0x81, 0xC6, 0x0F, 0xC8, 0x8D, 
	0x8D, 0xFD, 0xC7, 0xB5, 0xB5, 0x9F, 0xA1, 0xC5, 0xCE, 0xCE, 0xF5, 0xDB, 0x7B, 0xC5, 0x81, 0xCC, 
	0x48, 0xC5, 0x6D, 0xCE, 0xFD, 0x7B, 0x40, 0x6D, 0x71, 0xD8, 0xFD, 0xB5, 0xB5, 0xD5, 0xBE, 0x8D, 
	0x71, 0x6E, 0xC5, 0xC5, 0xB5, 0xDB, 0x9C, 0xA1, 0xA1, 0xC5, 0x85, 0x7E, 0x94, 0x9A, 0x5D, 0x9C, 
	0xC5, 0x96, 0xD7, 0xA1, 0x9C, 0x9F, 0x9F, 0xC6, 0x71, 0x85, 0xB2, 0xD3, 0xC6, 0xC5, 0xC6, 0xCC, 
	0x8D, 0x69, 0x69, 0x6E, 0x96, 0xBE, 0xC5, 0xC5, 0xC6, 0xC6, 0xCE, 0x71, 0xC5, 0xDB, 0xC5, 0xC5, 
	0xB5, 0x9F, 0xCE, 0xD7, 0x9F, 0x96, 0x9F, 0xC7, 0xC5, 0xCE, 0x82, 0xC6, 0x04, 0xCE, 0xB5, 0xBD, 
	0xFD, 0x40, 0x88, 0x00, 0x88, 0x00, 0x15, 0x1D, 0xCC, 0xEA, 0xCE, 0xCE, 0xD2, 0xD2, 0xCE, 0xD5, 
	0xCE, 0xCE, 0xD8, 0xDC, 0xF3, 0xF6, 0xF8, 0xF6, 0xF5, 0xF5, 0xFB, 0xFD, 0xFB, 0x81, 0xFA, 0x00, 
	0xFB, 0x82, 0xFA, 0x80, 0xFB, 0x06, 0xFA, 0xFB, 0xFB, 0xFA, 0xFB, 0xFB, 0xFA, 0x85, 0xFB, 0x82, 
	0xFA, 0x00, 0xF8, 0x89, 0xFA, 0x02, 0xFB, 0xFB, 0xFA, 0x82, 0xF8, 0x86, 0xFA, 0x06, 0xF8, 0xFA, 
	0xF8, 0xF8, 0xFA, 0xF8, 0xF8, 0x85, 0xFA, 0x00, 0xF6, 0x80, 0xFA, 0x01, 0xF8, 0xF8, 0x85, 0xFA, 
	0x83, 0xF8, 0x81, 0xFA, 0x02, 0xF8, 0xF6, 0xF8, 0x80, 0xFA, 0x03, 0xF6, 0xF6, 0xF8, 0xFA, 0x81, 
	0xF6, 0x00, 0xF8, 0x80, 0xF6, 0x01, 0xF8, 0xF6, 0x88, 0xF8, 0x04, 0xFA, 0xF8, 0xF6, 0xF8, 0xFA, 
	0x80, 0xF5, 0x07, 0xF8, 0xF5, 0xF3, 0xDB, 0xC8, 0xC5, 0xCE, 0xCE, 0x81, 0xD5, 0x0F, 0xC5, 0x57, 
	0x93, 0x93, 0x6D, 0x93, 0xB3, 0x5D, 0x6E, 0x8D, 0x6E, 0xEA, 0x8D, 0xB3, 0xC6, 0xC5, 0x82, 0xC6, 
	0x5A, 0x8E, 0x89, 0xFD, 0x9F, 0x32, 0x33, 0x40, 0x6D, 0x37, 0x57, 0x6D, 0xF0, 0xDB, 0x85, 0xCB, 
	0xC5, 0xC5, 0xC6, 0xC6, 0xBD, 0x6E, 0xC5, 0xA1, 0xB5, 0xB5, 0x89, 0xC3, 0xA0, 0xC5, 0xB9, 0xB2, 
	0xD2, 0xBE, 0x85, 0x78, 0x78, 0x3D, 0x40, 0x69, 0x6D, 0x37, 0x40, 0x40, 0x69, 0x94, 0x79, 0x93, 
	0x93, 0x69, 0x90, 0x70, 0x3B, 0x6D, 0x9D, 0x57, 0x3D, 0x3B, 0x9A, 0x93, 0x7E, 0x9F, 0xD2, 0xC6, 
	0xC6, 0xCC, 0xCC, 0xCE, 0xD5, 0xCE, 0xCE, 0xC6, 0xC6, 0xC5, 0xC5, 0xC6, 0xC6, 0xCE, 0x7B, 0xCE, 
	0x69, 0x33, 0x71, 0x6E, 0x40, 0x40, 0x7B, 0x3B, 0x37, 0x37, 0xB5, 0xCE, 0x83, 0xC6, 0x04, 0xCE, 
	0xB5, 0xB5, 0xFD, 0x40, 0x88, 0x00, 0x88, 0x00, 0x0B, 0x1D, 0xCC, 0xEA, 0xCE, 0xCE, 0xD2, 0xD2, 
	0xCE, 0xD2, 0xD3, 0xDB, 0xEF, 0x80, 0xF5, 0x04, 0xF3, 0xF5, 0xF5, 0xF3, 0xF3, 0x82, 0xF5, 0x00, 
	0xF3, 0x81, 0xF5, 0x01, 0xF3, 0xEF, 0x8E, 0xF5, 0x00, 0xF3, 0xAC, 0xF5, 0x00, 0xF3, 0x86, 0xF5, 
	0x00, 0xF6, 0x80, 0xF5, 0x00, 0xF6, 0xB2, 0xF5, 0x2C, 0xF6, 0xFA, 0xF5, 0xE8, 0xCE, 0xCE, 0xD2, 
	0xD5, 0xD5, 0xDB, 0xC5, 0x57, 0x94, 0x93, 0x71, 0x6E, 0x71, 0x57, 0x7B, 0x7B, 0x6E, 0xEA, 0x8D, 
	0xB3, 0xC6, 0xC5, 0xC6, 0xCC, 0xC6, 0xC5, 0xC6, 0x8D, 0x8D, 0xFD, 0xDD, 0x96, 0x9F, 0x96, 0xC8, 
	0xA2, 0x96, 0x9F, 0xFC, 0xDB, 0x7B, 0x82, 0xC5, 0x2A, 0xB5, 0x6D, 0xDB, 0xDB, 0x57, 0x9D, 0xCE, 
	0x6D, 0x8D, 0xFA, 0xB2, 0x9F, 0xCE, 0xB5, 0x85, 0x6E, 0x71, 0xC5, 0x9F, 0xB5, 0xA2, 0xC5, 0xC5, 
	0x96, 0xBD, 0x7E, 0x78, 0x85, 0x93, 0x57, 0x8D, 0xF5, 0xCE, 0x8D, 0xCE, 0xC5, 0x96, 0xCE, 0xC5, 
	0x78, 0x7E, 0x9F, 0xCE, 0x80, 0xC6, 0x80, 0xCC, 0x80, 0xCE, 0x16, 0xC6, 0xC6, 0xC5, 0xC6, 0xC6, 
	0xCE, 0x7B, 0x9F, 0xCE, 0xB5, 0x9F, 0xC5, 0x9F, 0x9F, 0xB5, 0xC5, 0xC5, 0x9F, 0xC8, 0xC5, 0xC6, 
	0xC6, 0xC5, 0x80, 0xC6, 0x04, 0xCE, 0xB5, 0xB5, 0xFD, 0x40, 0x88, 0x00, 0x88, 0x00, 0x0B, 0x1D, 
	0xCC, 0xE8, 0xD3, 0xCE, 0xD2, 0xD2, 0xCE, 0xD2, 0xDB, 0xEA, 0xEA, 0x85, 0xDC, 0x04, 0xEA, 0xDC, 
	0xEA, 0xDC, 0xDC, 0x82, 0xEA, 0x03, 0xDE, 0xDC, 0xDE, 0xEA, 0x80, 0xDE, 0x83, 0xEA, 0x01, 0xDE, 
	0xDE, 0xA1, 0xEA, 0x01, 0xEF, 0xEF, 0x88, 0xEA, 0x00, 0xEF, 0x88, 0xEA, 0x80, 0xEF, 0x8E, 0xEA, 
	0x86, 0xEF, 0x01, 0xEA, 0xEA, 0x83, 0xEF, 0x01, 0xEA, 0xEA, 0x8B, 0xEF, 0x80, 0xEA, 0x82, 0xEF, 
	0x03, 0xF3, 0xF5, 0xEA, 0xDB, 0x80, 0xD2, 0x12, 0xDB, 0xC5, 0x40, 0xB2, 0x9F, 0x7B, 0x8D, 0x8D, 
	0x93, 0xD5, 0x71, 0x69, 0xEA, 0x8D, 0xA0, 0xC6, 0xC5, 0xC5, 0xCC, 0x80, 0xC6, 0x01, 0x89, 0x7B, 
	0x87, 0xFD, 0x01, 0xF0, 0x7B, 0x82, 0xC5, 0x10, 0xBD, 0x5D, 0xF5, 0xFD, 0x3D, 0x7B, 0x9D, 0x69, 
	0x89, 0xFD, 0x9F, 0x9F, 0xCE, 0xB5, 0x85, 0x6D, 0x69, 0x85, 0xFD, 0x05, 0x6E, 0x78, 0x85, 0x93, 
	0x40, 0x9B, 0x84, 0xFD, 0x04, 0xED, 0x6D, 0x7E, 0x9F, 0xCE, 0x80, 0xC6, 0x81, 0xCC, 0x84, 0xC6, 
	0x02, 0xCE, 0x71, 0xA2, 0x87, 0xFD, 0x04, 0xF5, 0x9F, 0xC6, 0xC6, 0xC5, 0x80, 0xC6, 0x04, 0xCE, 
	0xBD, 0xB5, 0xFD, 0x40, 0x88, 0x00, 0x88, 0x00, 0x08, 0x1D, 0xCC, 0xE8, 0xD3, 0xCE, 0xD2, 0xD2, 
	0xCE, 0xD2, 0x91, 0xCE, 0x00, 0xD3, 0x92, 0xCE, 0x00, 0xD5, 0x81, 0xCE, 0x03, 0xD2, 0xCE, 0xD2, 
	0xD2, 0x80, 0xCE, 0x80, 0xD3, 0x87, 0xD5, 0x09, 0xD3, 0xD3, 0xD8, 0xD3, 0xD3, 0xD8, 0xDB, 0xDB, 
	0xD8, 0xD8, 0x95, 0xDB, 0x00, 0xD8, 0x97, 0xDB, 0x80, 0xDC, 0x9B, 0xDB, 0x08, 0xE7, 0xD5, 0xD2, 
	0xCE, 0xCE, 0xDB, 0x5D, 0x37, 0x40, 0x81, 0x57, 0x09, 0x3E, 0x3B, 0x94, 0xE8, 0x8D, 0xB3, 0xCC, 
	0xC5, 0xC5, 0xCC, 0x80, 0xC6, 0x05, 0xB5, 0x6D, 0x89, 0x96, 0x8F, 0x90, 0x81, 0x96, 0x04, 0x8F, 
	0x96, 0x8D, 0x96, 0xCC, 0x80, 0xC6, 0x2B, 0xC5, 0xC6, 0x71, 0x6D, 0x90, 0x70, 0x71, 0x71, 0x7B, 
	0x71, 0x96, 0x96, 0xB5, 0xCE, 0xBD, 0x85, 0x7B, 0x40, 0x6E, 0x9C, 0x8D, 0x94, 0x96, 0x93, 0x96, 
	0x8D, 0x6E, 0x7E, 0x85, 0x85, 0x6E, 0x57, 0x8D, 0x96, 0x94, 0x93, 0x8F, 0x8F, 0x96, 0x8D, 0x78, 
	0x85, 0x9F, 0xCE, 0x80, 0xC6, 0x81, 0xCC, 0x84, 0xC6, 0x11, 0xC8, 0x9F, 0x69, 0x8D, 0x90, 0x90, 
	0x96, 0x90, 0x90, 0x96, 0x90, 0x8D, 0x90, 0xA2, 0xBD, 0xC6, 0xC6, 0xC5, 0x80, 0xC6, 0x04, 0xC8, 
	0xBD, 0xB5, 0xFD, 0x40, 0x88, 0x00, 0x88, 0x00, 0x04, 0x1D, 0xCC, 0xE8, 0xCE, 0xCE, 0x80, 0xD2, 
	0x84, 0xCE, 0x82, 0xD2, 0x01, 0xCE, 0xCE, 0x80, 0xD2, 0x96, 0xCE, 0x01, 0xD3, 0xD5, 0x82, 0xD2, 
	0x02, 0xCE, 0xD2, 0xD2, 0x80, 0xCE, 0x02, 0xD3, 0xCE, 0xCE, 0x84, 0xD2, 0x02, 0xD5, 0xD2, 0xD2, 
	0x82, 0xCE, 0x01, 0xD3, 0xD3, 0x80, 0xCE, 0x00, 0xD2, 0x81, 0xD5, 0x81, 0xD3, 0x80, 0xDB, 0x80, 
	0xD3, 0x82, 0xD5, 0x04, 0xDB, 0xD7, 0xDB, 0xD3, 0xD3, 0x84, 0xDB, 0x01, 0xD3, 0xD5, 0x81, 0xDB, 
	0x06, 0xD5, 0xD3, 0xD3, 0xDB, 0xD5, 0xD3, 0xD3, 0x89, 0xDB, 0x01, 0xD3, 0xD3, 0x8A, 0xDB, 0x82, 
	0xD3, 0x83, 0xCE, 0x09, 0xD2, 0xCE, 0xD2, 0xD5, 0xD2, 0xCE, 0xD5, 0xCC, 0x69, 0x3D, 0x80, 0x3B, 
	0x09, 0x3D, 0x3D, 0x79, 0xDB, 0xD5, 0x8D, 0xB3, 0xC6, 0xC5, 0xC5, 0x80, 0xC6, 0x05, 0xC5, 0xCE, 
	0xA0, 0x69, 0x40, 0x3E, 0x81, 0x3D, 0x80, 0x40, 0x0B, 0x8D, 0xCC, 0xC5, 0xC6, 0xC6, 0xC5, 0xCC, 
	0xC5, 0xC5, 0x71, 0x57, 0x69, 0x80, 0x57, 0x0B, 0x5D, 0x6D, 0xB5, 0xC5, 0xCE, 0xBE, 0x85, 0x93, 
	0x7B, 0x3D, 0x37, 0x33, 0x81, 0x37, 0x06, 0x57, 0x85, 0x93, 0x93, 0x85, 0x93, 0x6D, 0x83, 0x37, 
	0x07, 0x3B, 0x6D, 0x93, 0x7E, 0x9F, 0xCE, 0xC5, 0xC5, 0x89, 0xC6, 0x04, 0xC5, 0xCE, 0x96, 0x57, 
	0x57, 0x83, 0x40, 0x03, 0x57, 0x6D, 0x9F, 0xC8, 0x83, 0xC6, 0x04, 0xCE, 0xB5, 0xB5, 0xFD, 0x40, 
	0x88, 0x00, 0x88, 0x00, 0x04, 0x1A, 0xCB, 0xE8, 0xCE, 0xCE, 0x8E, 0xD2, 0x01, 0xCE, 0xD5, 0x92, 
	0xCE, 0x02, 0xD3, 0xD5, 0xCE, 0x85, 0xD5, 0x03, 0xD2, 0xD2, 0xCE, 0xCE, 0x8F, 0xD5, 0x00, 0xD2, 
	0x85, 0xD5, 0x03, 0xD3, 0xD5, 0xD2, 0xD5, 0x81, 0xD2, 0x89, 0xD5, 0x00, 0xD2, 0xB4, 0xD5, 0x83, 
	0xD3, 0x81, 0xD5, 0x80, 0xCE, 0x02, 0xD5, 0xE8, 0xDB, 0x81, 0xCE, 0x05, 0xE8, 0xDB, 0xCE, 0xDB, 
	0x8D, 0xB5, 0x81, 0xC8, 0x0F, 0xC6, 0xCC, 0xCE, 0xCE, 0xD5, 0xD5, 0xCC, 0xBE, 0xBE, 0xB5, 0xB9, 
	0xBE, 0xBE, 0xCB, 0xD2, 0xD5, 0x81, 0xCE, 0x02, 0xCC, 0xCE, 0xCE, 0x80, 0xCC, 0x00, 0xC5, 0x80, 
	0xBE, 0x0A, 0xCC, 0xCE, 0xCC, 0xCC, 0xD5, 0xBE, 0x7B, 0x7E, 0x85, 0x8D, 0x7E, 0x81, 0x79, 0x01, 
	0x85, 0x8D, 0x81, 0x85, 0x03, 0x7E, 0x85, 0x85, 0x7B, 0x80, 0x79, 0x08, 0x7E, 0x8D, 0x85, 0x85, 
	0x71, 0x9A, 0xD5, 0xCB, 0xCB, 0x80, 0xC6, 0x01, 0xC5, 0xC5, 0x86, 0xC6, 0x03, 0xCE, 0xCE, 0xCB, 
	0xC5, 0x81, 0xBE, 0x03, 0xCC, 0xCE, 0xDB, 0xCE, 0x80, 0xC6, 0x08, 0xC8, 0xC8, 0xCC, 0xCC, 0xCE, 
	0xB9, 0xB5, 0xFD, 0x40, 0x88, 0x00, 0x88, 0x00, 0x07, 0x1A, 0xCB, 0xE8, 0xCE, 0xCE, 0xD2, 0xD2, 
	0xD5, 0x8B, 0xD2, 0x01, 0xCE, 0xD5, 0x92, 0xCE, 0x01, 0xD3, 0xD5, 0x80, 0xCE, 0x00, 0xD2, 0x82, 
	0xD5, 0x04, 0xD2, 0xD2, 0xCE, 0xCE, 0xD2, 0x8E, 0xD5, 0x00, 0xD2, 0x89, 0xD5, 0x00, 0xD2, 0x8B, 
	0xD5, 0x00, 0xD2, 0x81, 0xD5, 0x00, 0xD2, 0x8C, 0xD5, 0x00, 0xD2, 0x84, 0xD5, 0x01, 0xD2, 0xD3, 
	0x85, 0xD5, 0x01, 0xD2, 0xD2, 0x8D, 0xD5, 0x83, 0xD3, 0x81, 0xD5, 0x02, 0xCE, 0xD2, 0xD2, 0x80, 
	0xD5, 0x01, 0xDB, 0xDB, 0x82, 0xD5, 0x04, 0xE7, 0x7B, 0x9B, 0xC5, 0xC5, 0x80, 0xC6, 0x02, 0xCC, 
	0xCE, 0xCC, 0x81, 0xCE, 0x01, 0xCC, 0xCB, 0x80, 0xCC, 0x06, 0xCE, 0xCE, 0xCC, 0xCE, 0xCE, 0xCC, 
	0xCE, 0x80, 0xCC, 0x01, 0xCE, 0xCB, 0x81, 0xCC, 0x81, 0xCE, 0x02, 0xCC, 0xCE, 0xC5, 0x80, 0xB3, 
	0x00, 0xB5, 0x82, 0xB3, 0x80, 0xB5, 0x81, 0xB3, 0x80, 0xB5, 0x82, 0xB3, 0x06, 0xB5, 0xB3, 0x9F, 
	0xB5, 0xCC, 0xC5, 0xCB, 0x8D, 0xC5, 0x15, 0xCC, 0xCB, 0xCB, 0xC5, 0xCB, 0xCC, 0xCC, 0xCB, 0xCC, 
	0xC5, 0xC5, 0xC3, 0xC3, 0xC5, 0xC5, 0xBE, 0xBE, 0xCB, 0xB2, 0xB3, 0xFD, 0x40, 0x88, 0x00, 0x88, 
	0x00, 0x04, 0x1A, 0xCB, 0xE8, 0xCE, 0xCE, 0x84, 0xD2, 0x81, 0xCE, 0x80, 0xD2, 0x81, 0xD5, 0x00, 
	0xD2, 0x85, 0xCE, 0x03, 0xD3, 0xD3, 0xCE, 0xCE, 0x84, 0xD3, 0x06, 0xCE, 0xCE, 0xD3, 0xD5, 0xD2, 
	0xCE, 0xD2, 0x80, 0xD5, 0x01, 0xD2, 0xD2, 0xA7, 0xD5, 0x01, 0xD2, 0xD2, 0xA1, 0xD5, 0x01, 0xD2, 
	0xD2, 0x97, 0xD5, 0x82, 0xD3, 0x01, 0xCE, 0xD2, 0x8D, 0xD5, 0x02, 0xEA, 0xB3, 0x96, 0x80, 0xB5, 
	0x03, 0xBD, 0xBD, 0xBE, 0xB9, 0x9D, 0xBE, 0x04, 0xC5, 0xCC, 0xC6, 0xC5, 0xC6, 0x81, 0xC5, 0x0E, 
	0xC6, 0xC6, 0xC5, 0xC5, 0xC6, 0xC6, 0xC5, 0xC5, 0xC6, 0xC6, 0xCC, 0xC6, 0xC6, 0xCC, 0xCC, 0x80, 
	0xC6, 0x02, 0xCC, 0xC5, 0xBE, 0x80, 0xC5, 0x00, 0xC3, 0x9B, 0xC5, 0x05, 0xBE, 0xC5, 0xBE, 0xCE, 
	0xFD, 0x40, 0x88, 0x00, 0x88, 0x00, 0x02, 0x1A, 0xCC, 0xED, 0x81, 0xDB, 0x00, 0xD5, 0x83, 0xDB, 
	0x01, 0xD5, 0xD5, 0x89, 0xDB, 0x01, 0xD8, 0xD8, 0x82, 0xDB, 0x00, 0xD8, 0x82, 0xDB, 0x03, 0xD8, 
	0xDB, 0xD8, 0xD8, 0xDF, 0xDB, 0x01, 0xE7, 0xE7, 0x96, 0xDB, 0x00, 0xE7, 0x83, 0xDB, 0x01, 0xE7, 
	0xE7, 0x80, 0xDB, 0x00, 0xE7, 0x81, 0xDB, 0x03, 0xED, 0xEA, 0xDC, 0xDE, 0x80, 0xDC, 0x80, 0xE8, 
	0x01, 0xDC, 0xDC, 0x85, 0xE8, 0x01, 0xE7, 0xE7, 0x80, 0xE8, 0x01, 0xDC, 0xDC, 0x80, 0xE8, 0x80, 
	0xDC, 0x82, 0xE8, 0x03, 0xE7, 0xDB, 0xE8, 0xE8, 0x8E, 0xDC, 0x80, 0xDE, 0x05, 0xEA, 0xEA, 0xDE, 
	0xDE, 0xEA, 0xEA, 0x82, 0xE8, 0x80, 0xDC, 0x01, 0xDE, 0xDC, 0x83, 0xDE, 0x00, 0xEA, 0x80, 0xDE, 
	0x8A, 0xEA, 0x80, 0xDE, 0x06, 0xEA, 0xEA, 0xE8, 0xEA, 0xEA, 0xFD, 0x40, 0x88, 0x00, 0x88, 0x00, 
	0x09, 0x1D, 0xB9, 0xC5, 0xC5, 0xCE, 0xC6, 0xC6, 0xCE, 0xCE, 0xC8, 0x85, 0xCE, 0x01, 0xD3, 0xCE, 
	0x89, 0xD3, 0x00, 0xD8, 0x82, 0xD3, 0x80, 0xD8, 0x04, 0xD3, 0xD3, 0xD8, 0xD8, 0xDB, 0x80, 0xD5, 
	0x8E, 0xDB, 0x82, 0xDC, 0x83, 0xDB, 0x81, 0xDC, 0x00, 0xDB, 0x81, 0xDC, 0x01, 0xDB, 0xE7, 0x9B, 
	0xDB, 0x02, 0xDC, 0xDB, 0xDC, 0x86, 0xDB, 0x01, 0xE7, 0xE7, 0x87, 0xDB, 0x02, 0xE7, 0xD3, 0xD3, 
	0x80, 0xDB, 0x04, 0xDC, 0xDC, 0xDB, 0xDC, 0xDB, 0x80, 0xE7, 0x02, 0xDB, 0xDB, 0xD5, 0x8F, 0xDB, 
	0x05, 0xD8, 0xD8, 0xDB, 0xE7, 0xDB, 0xD8, 0x80, 0xDB, 0x00, 0xD8, 0x8E, 0xDB, 0x04, 0xD8, 0xD8, 
	0xD3, 0xD3, 0xD5, 0x89, 0xDB, 0x83, 0xD5, 0x80, 0xD3, 0x00, 0xC8, 0x81, 0xD3, 0x82, 0xC8, 0x83, 
	0xD3, 0x0A, 0xCE, 0xCE, 0xC8, 0xC8, 0xC9, 0xD3, 0xCE, 0xC8, 0xC8, 0xC6, 0xC5, 0x83, 0xC6, 0x00, 
	0xC7, 0x81, 0xC6, 0x09, 0xC5, 0xC5, 0xC6, 0xC3, 0xC5, 0xC5, 0xC6, 0xC6, 0xC5, 0xC6, 0x85, 0xC5, 
	0x00, 0xC3, 0x83, 0xBD, 0x04, 0xC5, 0xC5, 0x9F, 0xCE, 0x3D, 0x88, 0x00, 0x88, 0x00, 0x04, 0x1D, 
	0x94, 0x9F, 0x78, 0x60, 0x81, 0x6D, 0x85, 0x60, 0x01, 0x57, 0x57, 0x83, 0x60, 0x91, 0x57, 0x01, 
	0x56, 0x57, 0x80, 0x56, 0x80, 0x57, 0x82, 0x56, 0x80, 0x57, 0x04, 0x55, 0x57, 0x54, 0x56, 0x3D, 
	0x80, 0x54, 0x06, 0x55, 0x54, 0x3F, 0x56, 0x3D, 0x56, 0x54, 0x80, 0x56, 0x83, 0x54, 0x05, 0x56, 
	0x3D, 0x54, 0x57, 0x40, 0x56, 0x82, 0x40, 0x83, 0x56, 0x87, 0x40, 0x82, 0x56, 0x82, 0x40, 0x82, 
	0x56, 0x03, 0x3F, 0x3F, 0x54, 0x56, 0x81, 0x3D, 0x04, 0x56, 0x3D, 0x56, 0x54, 0x54, 0x80, 0x56, 
	0x04, 0x40, 0x3E, 0x56, 0x56, 0x40, 0x83, 0x3D, 0x08, 0x54, 0x56, 0x54, 0x40, 0x57, 0x40, 0x3F, 
	0x3D, 0x3E, 0x82, 0x54, 0x04, 0x3D, 0x3E, 0x3D, 0x3B, 0x3B, 0x84, 0x3D, 0x08, 0x54, 0x3E, 0x3E, 
	0x40, 0x40, 0x3E, 0x3E, 0x3D, 0x54, 0x8D, 0x3D, 0x05, 0x3B, 0x37, 0x3B, 0x3D, 0x3B, 0x3B, 0x84, 
	0x3D, 0x01, 0x54, 0x54, 0x91, 0x3D, 0x01, 0x3B, 0x3B, 0x81, 0x3D, 0x80, 0x54, 0x00, 0x3D, 0x81, 
	0x54, 0x00, 0x3D, 0x82, 0x54, 0x8C, 0x56, 0x00, 0x54, 0x81, 0x56, 0x8C, 0x60, 0x02, 0x95, 0xC6, 
	0x3D, 0x88, 0x00, 0x88, 0x00, 0x05, 0x1D, 0xCC, 0xF7, 0x6F, 0x52, 0x5C, 0x85, 0x5B, 0x06, 0x52, 
	0x52, 0x53, 0x65, 0x5C, 0x52, 0x52, 0x83, 0x53, 0x8E, 0x52, 0x91, 0x38, 0x00, 0x2F, 0x80, 0x38, 
	0x09, 0x52, 0x2F, 0x38, 0x38, 0x2F, 0x52, 0x36, 0x2F, 0x38, 0x38, 0x81, 0x36, 0x05, 0x2F, 0x38, 
	0x38, 0x2F, 0x38, 0x36, 0x94, 0x2F, 0x00, 0x2A, 0x82, 0x2F, 0x04, 0x2A, 0x2A, 0x2F, 0x2F, 0x2A, 
	0x85, 0x2F, 0x03, 0x2A, 0x32, 0x2F, 0x38, 0x80, 0x2F, 0x11, 0x2A, 0x2F, 0x2F, 0x2A, 0x2F, 0x28, 
	0x3D, 0x3D, 0x28, 0x2F, 0x2A, 0x2F, 0x36, 0x2F, 0x36, 0x2F, 0x2A, 0x32, 0x80, 0x2A, 0x04, 0x54, 
	0x37, 0x28, 0x2F, 0x2F, 0x85, 0x2A, 0x02, 0x38, 0x36, 0x2A, 0x82, 0x2F, 0x80, 0x2A, 0x02, 0x2F, 
	0x2F, 0x2A, 0x91, 0x2F, 0x08, 0x38, 0x56, 0x38, 0x36, 0x38, 0x54, 0x36, 0x2F, 0x36, 0x94, 0x38, 
	0x08, 0x52, 0x52, 0x38, 0x5B, 0x60, 0x52, 0x52, 0x5B, 0x53, 0x85, 0x52, 0x89, 0x53, 0x84, 0x5B, 
	0x09, 0x53, 0x5B, 0x80, 0x62, 0x5B, 0x5B, 0x61, 0x61, 0x5B, 0x5B, 0x84, 0x5C, 0x07, 0x64, 0x64, 
	0x5C, 0x5C, 0x53, 0xCB, 0xFD, 0x40, 0x88, 0x00, 0x88, 0x00, 0x04, 0x1D, 0xC6, 0xF5, 0x81, 0x5B, 
	0x85, 0x61, 0x11, 0x5C, 0xBA, 0x99, 0xAD, 0xBA, 0x80, 0x65, 0x66, 0x61, 0x62, 0x62, 0x64, 0x64, 
	0x65, 0x64, 0x64, 0x65, 0x65, 0x82, 0x64, 0x00, 0x61, 0x95, 0x64, 0x1B, 0x61, 0x5B, 0xAD, 0xAC, 
	0xAD, 0xBC, 0xBB, 0x97, 0xBB, 0xBB, 0x62, 0xAD, 0xAD, 0xAF, 0xBB, 0xAD, 0xB1, 0xAD, 0xCF, 0xB1, 
	0xD1, 0xAF, 0xB1, 0xB1, 0x7F, 0xBB, 0xAD, 0x5B, 0x84, 0x64, 0x9F, 0x5C, 0x38, 0x53, 0xBB, 0x99, 
	0x88, 0x82, 0x62, 0x88, 0x53, 0x5C, 0x5B, 0x5B, 0x5C, 0x53, 0xB1, 0xB1, 0x53, 0x5C, 0x53, 0xAF, 
	0xBC, 0xB1, 0x97, 0xB1, 0xB8, 0xBA, 0x53, 0x5C, 0x5B, 0xB8, 0x88, 0x53, 0x5C, 0x5C, 0x5B, 0x5B, 
	0x5C, 0x5B, 0x5B, 0x5C, 0x53, 0x80, 0xAD, 0x80, 0xC2, 0x77, 0xAD, 0x62, 0x53, 0x5C, 0x5C, 0x5E, 
	0x61, 0x5C, 0x56, 0x56, 0x53, 0x64, 0x85, 0x5C, 0x00, 0x61, 0x80, 0x5C, 0x82, 0x64, 0x13, 0x5B, 
	0xBA, 0x88, 0xB8, 0xD1, 0x80, 0xBB, 0x65, 0x5C, 0x64, 0x64, 0x65, 0x65, 0x64, 0x5C, 0x5B, 0x61, 
	0x65, 0x64, 0x64, 0x83, 0x65, 0x80, 0x64, 0x82, 0x65, 0x0F, 0x61, 0x66, 0xBB, 0x97, 0xEE, 0xBA, 
	0xAD, 0xBC, 0x5C, 0x65, 0x65, 0x62, 0x65, 0x62, 0x62, 0x7F, 0x81, 0x65, 0x81, 0x64, 0x02, 0x65, 
	0x64, 0x64, 0x80, 0x65, 0x0D, 0x64, 0x64, 0x65, 0x65, 0x64, 0x5B, 0xAD, 0xAF, 0xAF, 0xEE, 0xAD, 
	0xCF, 0x80, 0x5C, 0x82, 0x64, 0x02, 0x65, 0x62, 0x62, 0x81, 0x64, 0x03, 0x5B, 0xB5, 0xFD, 0x40, 
	0x88, 0x00, 0x88, 0x00, 0x04, 0x1D, 0xC6, 0xF0, 0x80, 0x5B, 0x82, 0x61, 0x0E, 0x5C, 0x61, 0x61, 
	0x5B, 0xBC, 0xAF, 0x7F, 0x80, 0xAD, 0xAD, 0x65, 0x5C, 0x5C, 0x61, 0x5C, 0x82, 0x61, 0x01, 0x5C, 
	0x5C, 0x81, 0x61, 0x02, 0x5C, 0x61, 0x5C, 0x81, 0x61, 0x00, 0x5C, 0x89, 0x61, 0x23, 0x64, 0x64, 
	0x61, 0x5C, 0x61, 0x61, 0x53, 0xBA, 0xB1, 0x97, 0xBC, 0xBC, 0xAF, 0xE3, 0xB1, 0x62, 0xBA, 0x88, 
	0xB1, 0xC1, 0xCF, 0xE3, 0xB6, 0xD1, 0xC1, 0xCF, 0xE5, 0xAF, 0xB1, 0x97, 0x99, 0xBB, 0x5C, 0x64, 
	0x61, 0x61, 0x87, 0x64, 0x02, 0x61, 0x61, 0x64, 0x84, 0x61, 0x80, 0x64, 0x84, 0x61, 0x26, 0x64, 
	0x64, 0x61, 0x5C, 0x5C, 0x61, 0x65, 0x5C, 0x65, 0xE3, 0xC2, 0xAF, 0xB1, 0xBA, 0xBA, 0x5B, 0x61, 
	0x65, 0x64, 0x61, 0x5B, 0xB6, 0xB6, 0x5B, 0x5A, 0x5B, 0xB1, 0xCF, 0xC1, 0x88, 0xBC, 0xEE, 0xAD, 
	0x5B, 0x5C, 0x5B, 0xC1, 0xAD, 0x5B, 0x84, 0x61, 0x14, 0x64, 0x5B, 0xAD, 0xBA, 0x97, 0xE6, 0x77, 
	0xAC, 0x80, 0x5B, 0x64, 0x61, 0x61, 0x5A, 0x56, 0xA7, 0xE1, 0x7D, 0x5B, 0x61, 0x5C, 0x8C, 0x64, 
	0x07, 0x5B, 0xBA, 0xAF, 0xB8, 0xB8, 0xAD, 0xBB, 0x5C, 0x81, 0x64, 0x07, 0x5C, 0x65, 0xD1, 0xC2, 
	0x64, 0x5C, 0x64, 0x61, 0x82, 0x64, 0x86, 0x61, 0x10, 0x5B, 0x63, 0xB1, 0x97, 0xEE, 0xAF, 0x97, 
	0xBB, 0x5B, 0x62, 0x61, 0x61, 0x64, 0x62, 0x6D, 0x6E, 0x75, 0x8D, 0x61, 0x0A, 0x64, 0x64, 0x5B, 
	0xAD, 0xAF, 0xAF, 0xE3, 0xAD, 0xE3, 0x80, 0x5B, 0x81, 0x61, 0x0B, 0x75, 0x6E, 0x6E, 0x60, 0x61, 
	0x64, 0x61, 0x64, 0x5B, 0xB5, 0xFD, 0x40, 0x88, 0x00, 0x88, 0x00, 0x04, 0x1D, 0xC6, 0xF5, 0x77, 
	0x52, 0x86, 0x5B, 0x80, 0x53, 0x03, 0x5B, 0xAC, 0x61, 0x53, 0xA6, 0x5B, 0x0E, 0x53, 0x65, 0x80, 
	0x80, 0x7F, 0x62, 0xAC, 0x5C, 0x80, 0x66, 0x5C, 0xAD, 0x62, 0x60, 0x7F, 0x80, 0x62, 0x07, 0x63, 
	0x62, 0x80, 0x63, 0x63, 0x80, 0x77, 0x7F, 0xA2, 0x5B, 0x25, 0x5C, 0x5C, 0x62, 0x52, 0x52, 0x75, 
	0x62, 0x75, 0x88, 0x7F, 0x80, 0x80, 0x62, 0x5B, 0x52, 0x5B, 0x5C, 0x53, 0xB6, 0xB1, 0x52, 0x5B, 
	0x5B, 0x5C, 0x62, 0x80, 0x7F, 0x62, 0x75, 0x62, 0x5B, 0x5B, 0x53, 0xC1, 0x97, 0x53, 0x5C, 0x5B, 
	0x82, 0x5C, 0x12, 0x5B, 0x5B, 0x5C, 0xAD, 0x82, 0x7F, 0x65, 0x66, 0x65, 0x5C, 0x5C, 0x5B, 0x5C, 
	0x5B, 0x69, 0xAB, 0xE2, 0xDA, 0x52, 0x8F, 0x5C, 0x06, 0x65, 0xAD, 0x65, 0x65, 0xAC, 0xAC, 0x61, 
	0x81, 0x5C, 0x05, 0x53, 0xAC, 0xFD, 0xFC, 0x66, 0x53, 0x8F, 0x5C, 0x0E, 0xAC, 0xBA, 0x65, 0x65, 
	0xAD, 0x66, 0x5C, 0x64, 0x61, 0x61, 0x5C, 0x60, 0x6D, 0x6D, 0x75, 0x8E, 0x5C, 0x08, 0x64, 0x5C, 
	0x62, 0xBA, 0xAC, 0x66, 0x65, 0x66, 0x66, 0x82, 0x5C, 0x04, 0x60, 0x6D, 0x6D, 0x60, 0x61, 0x80, 
	0x5C, 0x03, 0x5B, 0xB9, 0xFD, 0x40, 0x88, 0x00, 0x88, 0x00, 0x04, 0x1A, 0xC6, 0xEA, 0x94, 0x93, 
	0x89, 0xAF, 0x02, 0x97, 0x82, 0x97, 0x80, 0xAF, 0x01, 0x99, 0x99, 0xA3, 0xAF, 0x86, 0x97, 0x01, 
	0x99, 0x88, 0x85, 0x97, 0x00, 0x88, 0x82, 0x97, 0x00, 0xB1, 0x99, 0xAF, 0x81, 0xB1, 0x0A, 0xAF, 
	0xAF, 0xB1, 0xAF, 0x82, 0x81, 0x75, 0x70, 0x6A, 0x6D, 0x77, 0x82, 0x75, 0x28, 0x81, 0x69, 0x5F, 
	0x5D, 0x81, 0x75, 0xB6, 0xCF, 0x9A, 0x9A, 0xB1, 0xAF, 0x97, 0x97, 0xAF, 0xAF, 0x97, 0xAF, 0xB1, 
	0xB1, 0xAF, 0xCB, 0x9A, 0x78, 0x81, 0x81, 0x7C, 0x7C, 0x81, 0x82, 0x7C, 0x82, 0x97, 0x78, 0x69, 
	0x69, 0x49, 0x49, 0x69, 0x6F, 0x88, 0x80, 0x82, 0x08, 0x77, 0x71, 0xAA, 0xE1, 0x92, 0x76, 0x82, 
	0x82, 0x7D, 0x86, 0x81, 0x01, 0x7D, 0x81, 0x80, 0x82, 0x11, 0x97, 0x77, 0x5F, 0x49, 0x49, 0x5D, 
	0x69, 0x71, 0x97, 0xAD, 0x82, 0x7D, 0x78, 0x7D, 0xE3, 0xC2, 0x7D, 0x77, 0x83, 0x7D, 0x0C, 0x81, 
	0x7D, 0x82, 0x7D, 0x7D, 0x82, 0x7E, 0x7E, 0x7D, 0x82, 0x97, 0x97, 0x6D, 0x81, 0x49, 0x09, 0x6D, 
	0x88, 0xAD, 0x82, 0x7D, 0x82, 0x7E, 0x71, 0x6E, 0x7C, 0x83, 0x82, 0x00, 0x7E, 0x83, 0x82, 0x14, 
	0x7E, 0x7D, 0x7A, 0x7D, 0xAE, 0xAE, 0x7D, 0x69, 0x69, 0x49, 0x49, 0x69, 0x71, 0x97, 0x97, 0x88, 
	0x82, 0x82, 0x7E, 0x78, 0x78, 0x82, 0x7E, 0x03, 0x6F, 0xB9, 0xFD, 0x40, 0x88, 0x00, 0x88, 0x00, 
	0x03, 0x1D, 0xC6, 0xE7, 0xB9, 0x97, 0xD3, 0x01, 0xC9, 0xC9, 0x80, 0xD3, 0x02, 0xC9, 0xC9, 0xD3, 
	0x81, 0xC9, 0x87, 0xD3, 0x00, 0xD4, 0x85, 0xD3, 0x00, 0xD4, 0x9F, 0xD3, 0x02, 0xD4, 0xD3, 0xD4, 
	0x85, 0xD3, 0x03, 0xCE, 0xD8, 0xD3, 0xCE, 0x81, 0xD3, 0x1D, 0xD4, 0xD3, 0xD3, 0xCE, 0xCE, 0xD3, 
	0xD3, 0xC8, 0xD8, 0xC8, 0x8E, 0x8D, 0x69, 0xA2, 0x8A, 0x57, 0x7E, 0x8E, 0x86, 0x86, 0x8E, 0x83, 
	0x78, 0x57, 0x9E, 0x5D, 0x78, 0x7B, 0x9D, 0xCE, 0x81, 0xD3, 0x04, 0xD8, 0xDB, 0xD3, 0xDC, 0xD8, 
	0x81, 0xD3, 0x03, 0xC8, 0x9D, 0x8D, 0x94, 0x80, 0x8E, 0x05, 0x93, 0x95, 0x96, 0x91, 0x72, 0x4A, 
	0x82, 0x45, 0x1D, 0x46, 0x46, 0x72, 0xB0, 0x90, 0x90, 0x93, 0x85, 0x89, 0x85, 0x9B, 0x90, 0x90, 
	0x96, 0x94, 0x8E, 0x96, 0x96, 0x90, 0x8E, 0x8E, 0x96, 0x89, 0x8C, 0x8E, 0x94, 0x9B, 0x8A, 0x4A, 
	0x46, 0x82, 0x45, 0x0D, 0x46, 0x4A, 0x8A, 0xA0, 0x9B, 0x9B, 0x86, 0x79, 0x7B, 0x8E, 0x8E, 0x91, 
	0x9B, 0x9B, 0x80, 0x96, 0x0B, 0x8D, 0x8D, 0x8E, 0x8D, 0x8E, 0x8D, 0x8E, 0x8E, 0xB0, 0x9B, 0x72, 
	0x46, 0x83, 0x45, 0x08, 0x46, 0x4A, 0x91, 0xB7, 0x94, 0x90, 0x8E, 0x8E, 0x90, 0x83, 0x96, 0x0D, 
	0x90, 0x96, 0x96, 0x8E, 0x8E, 0x9B, 0x91, 0x91, 0x94, 0x98, 0x9A, 0x8C, 0x4A, 0x46, 0x82, 0x45, 
	0x05, 0x42, 0x46, 0x6C, 0x9F, 0x9F, 0x93, 0x85, 0x94, 0x03, 0x7B, 0xBD, 0xFD, 0x40, 0x88, 0x00, 
	0x88, 0x00, 0x06, 0x1D, 0xC6, 0xE8, 0xB2, 0xC5, 0xC3, 0xC5, 0x80, 0xC3, 0x82, 0xC5, 0x80, 0xC3, 
	0x0B, 0xC6, 0xC5, 0xC6, 0xC5, 0xC6, 0xC5, 0xC5, 0xC6, 0xC5, 0xC6, 0xC5, 0xC5, 0x8C, 0xC3, 0x10, 
	0xC6, 0xC3, 0xC3, 0xD3, 0xD8, 0xC8, 0xD3, 0xCE, 0xC6, 0xC8, 0xC8, 0xBD, 0xC6, 0xC3, 0xC3, 0xC6, 
	0xC5, 0x80, 0xC3, 0x01, 0xC5, 0xC5, 0x99, 0xC3, 0x04, 0xC6, 0xD3, 0xD3, 0xC6, 0xD3, 0x80, 0xC8, 
	0x00, 0xC6, 0x80, 0xC3, 0x01, 0xC6, 0xC3, 0x80, 0xC6, 0x01, 0xC5, 0xC5, 0x84, 0xC3, 0x20, 0xC6, 
	0xBD, 0xC6, 0xBD, 0x83, 0x83, 0x5D, 0x91, 0x6C, 0x3E, 0x5D, 0x79, 0x94, 0x8D, 0x6E, 0x3D, 0x57, 
	0x5D, 0x91, 0x5D, 0x6E, 0x71, 0xA0, 0xC6, 0xBE, 0xC6, 0xC6, 0xC5, 0xCE, 0x83, 0x57, 0x8E, 0xC8, 
	0x81, 0xC6, 0x09, 0xC8, 0x9B, 0x84, 0x87, 0x85, 0x86, 0x85, 0x8D, 0x90, 0x6C, 0x80, 0x45, 0x83, 
	0x47, 0x19, 0x45, 0x41, 0x4A, 0x8E, 0x98, 0x8D, 0x7B, 0x7E, 0x93, 0x94, 0x8E, 0x83, 0x85, 0x8D, 
	0x85, 0x93, 0x85, 0x83, 0x96, 0x9B, 0x83, 0x85, 0x85, 0x94, 0x91, 0x4A, 0x80, 0x45, 0x21, 0x47, 
	0x47, 0x48, 0x47, 0x47, 0x45, 0x45, 0x41, 0x6A, 0x9B, 0x94, 0x87, 0x85, 0x8D, 0x8D, 0x93, 0x7B, 
	0x7B, 0x79, 0x85, 0x79, 0x71, 0x8E, 0x85, 0x8E, 0x85, 0x8D, 0x86, 0x87, 0x98, 0x72, 0x46, 0x45, 
	0x45, 0x83, 0x47, 0x0D, 0x45, 0x41, 0x42, 0x70, 0x9B, 0x93, 0x93, 0x8D, 0x89, 0x8D, 0x94, 0x85, 
	0x85, 0x8E, 0x80, 0x85, 0x0B, 0x79, 0x94, 0xA0, 0x83, 0x83, 0x89, 0x97, 0x94, 0x72, 0x46, 0x45, 
	0x45, 0x83, 0x47, 0x05, 0x45, 0x41, 0x3C, 0x8E, 0x9F, 0x83, 0x84, 0x8E, 0x03, 0x71, 0xBD, 0xFD, 
	0x40, 0x88, 0x00, 0x88, 0x00, 0x06, 0x1D, 0xC6, 0xE8, 0xB3, 0xCB, 0xCB, 0xC5, 0x84, 0xCB, 0x01, 
	0xC5, 0xC5, 0x8C, 0xCB, 0x01, 0xC5, 0xC5, 0x87, 0xCB, 0x80, 0xC5, 0x0A, 0xCB, 0xD2, 0x5D, 0x69, 
	0x8D, 0x78, 0x6D, 0x9A, 0x93, 0x7E, 0xD2, 0x81, 0xC5, 0x81, 0xCB, 0x85, 0xC5, 0x8A, 0xCB, 0x82, 
	0xC5, 0x80, 0xCB, 0x09, 0xD2, 0xB2, 0x3D, 0x78, 0x7E, 0x78, 0x6D, 0x9F, 0x6E, 0xB9, 0x80, 0xCB, 
	0x82, 0xC6, 0x80, 0xC5, 0x01, 0xCB, 0xCB, 0x80, 0xC6, 0x28, 0xBF, 0xC6, 0xBE, 0xBF, 0xBE, 0x84, 
	0x79, 0x57, 0x83, 0x6A, 0x3E, 0x3D, 0x3D, 0x75, 0x7E, 0x56, 0x60, 0x3D, 0x40, 0x8C, 0x5D, 0x6E, 
	0x71, 0xB2, 0xCC, 0xBE, 0xBF, 0xCB, 0xD2, 0xB9, 0x57, 0x57, 0x5D, 0xBE, 0xCE, 0xCC, 0xCC, 0xC6, 
	0xCE, 0xB0, 0x7C, 0x80, 0x87, 0x07, 0x93, 0x94, 0x6C, 0x46, 0x46, 0x47, 0x47, 0x4D, 0x80, 0x4E, 
	0x1F, 0x4D, 0x47, 0x48, 0x47, 0x45, 0x43, 0x86, 0x9D, 0x70, 0x69, 0x5D, 0x39, 0x3D, 0x55, 0x6D, 
	0x55, 0x6D, 0x6D, 0x57, 0x5D, 0x7C, 0x57, 0x3E, 0x94, 0xAE, 0x94, 0x4A, 0x45, 0x45, 0x47, 0x48, 
	0x4D, 0x80, 0x4E, 0x07, 0x48, 0x47, 0x47, 0x45, 0x41, 0x49, 0x96, 0x97, 0x80, 0x93, 0x09, 0x9A, 
	0x6D, 0x3D, 0x3B, 0x57, 0x6D, 0x57, 0x78, 0x9A, 0x86, 0x80, 0x87, 0x06, 0x98, 0x83, 0x46, 0x45, 
	0x47, 0x48, 0x4D, 0x80, 0x4E, 0x0A, 0x4D, 0x48, 0x47, 0x47, 0x46, 0x27, 0x6A, 0xB2, 0x97, 0x60, 
	0x69, 0x80, 0x3D, 0x10, 0x6D, 0x5D, 0x57, 0x6D, 0x57, 0x5D, 0x76, 0x69, 0x3A, 0x7D, 0x9A, 0x96, 
	0x4A, 0x45, 0x47, 0x47, 0x48, 0x81, 0x4E, 0x00, 0x4D, 0x80, 0x47, 0x06, 0x41, 0x34, 0x8E, 0x9B, 
	0x8D, 0x8E, 0x8E, 0x80, 0x8D, 0x04, 0x8E, 0x71, 0xBD, 0xFD, 0x40, 0x88, 0x00, 0x88, 0x00, 0x03, 
	0x1D, 0xC6, 0xE8, 0xB2, 0xA9, 0xC6, 0x08, 0x57, 0x69, 0x5D, 0x40, 0x3B, 0x83, 0x69, 0x6E, 0xDC, 
	0xA2, 0xC6, 0x0A, 0xDC, 0x85, 0x5D, 0x71, 0x69, 0x3E, 0x3B, 0x94, 0x6E, 0x9B, 0xD3, 0x89, 0xC6, 
	0x83, 0xC5, 0x1E, 0xBE, 0xB5, 0x79, 0x76, 0x57, 0x49, 0x3B, 0x3D, 0x57, 0x40, 0x5D, 0x71, 0x5D, 
	0x71, 0x40, 0x3B, 0x49, 0x40, 0x6E, 0x6E, 0x9F, 0xC6, 0xC3, 0xC5, 0xC5, 0xCB, 0xCB, 0x7B, 0x57, 
	0x7E, 0xCE, 0x81, 0xC5, 0x7F, 0xC8, 0x9B, 0x7E, 0x85, 0x8D, 0x7E, 0x93, 0x72, 0x46, 0x47, 0x47, 
	0x48, 0x4E, 0x47, 0x41, 0x26, 0x27, 0x46, 0x4E, 0x4D, 0x48, 0x47, 0x45, 0x46, 0x94, 0xAE, 0x5D, 
	0x69, 0x33, 0x3B, 0x3B, 0x69, 0x3D, 0x69, 0x6F, 0x40, 0x5D, 0x3E, 0x31, 0x5D, 0x9A, 0x8E, 0x4A, 
	0x45, 0x47, 0x48, 0x4D, 0x48, 0x41, 0x26, 0x26, 0x41, 0x48, 0x4E, 0x48, 0x48, 0x47, 0x41, 0x49, 
	0x9B, 0x8D, 0x86, 0x86, 0x9B, 0x8D, 0x3E, 0x3D, 0x6D, 0x6F, 0x57, 0x7B, 0x9F, 0x96, 0x8D, 0x8D, 
	0x98, 0x8A, 0x46, 0x47, 0x47, 0x48, 0x4D, 0x46, 0x27, 0x25, 0x26, 0x46, 0x4E, 0x4D, 0x48, 0x48, 
	0x45, 0x27, 0x70, 0xB6, 0x60, 0x6E, 0x37, 0x3B, 0x3B, 0x57, 0x57, 0x40, 0x71, 0x57, 0x69, 0x40, 
	0x31, 0x40, 0xAE, 0x94, 0x4A, 0x45, 0x47, 0x47, 0x4D, 0x48, 0x41, 0x26, 0x23, 0x27, 0x48, 0x4E, 
	0x48, 0x47, 0x47, 0x41, 0x34, 0x04, 0x9B, 0x9A, 0x93, 0x8D, 0x8D, 0x80, 0x93, 0x03, 0x78, 0xBD, 
	0xFD, 0x40, 0x88, 0x00, 0x88, 0x00, 0x05, 0x1A, 0xCC, 0xE7, 0x9F, 0xC5, 0xC6, 0x81, 0xC5, 0x00, 
	0xC3, 0x81, 0xC5, 0x01, 0xCB, 0xC5, 0x80, 0xC6, 0x87, 0xC5, 0x8E, 0xC6, 0x09, 0xBE, 0xBD, 0xF6, 
	0xCC, 0xDB, 0xC6, 0xEA, 0xB5, 0xB3, 0xCC, 0x8B, 0xC6, 0x84, 0xC5, 0x02, 0xC6, 0xC5, 0xC5, 0x8B, 
	0xC6, 0x08, 0xB3, 0xDB, 0xF6, 0xC5, 0xDB, 0xC6, 0xF6, 0xBE, 0xBD, 0x89, 0xC6, 0x83, 0xC5, 0x16, 
	0xBD, 0xC5, 0xB3, 0x79, 0x6E, 0x6D, 0x33, 0x33, 0x6E, 0x79, 0x85, 0x85, 0x83, 0x87, 0x71, 0x71, 
	0x57, 0x31, 0x57, 0x78, 0x71, 0x9F, 0xC6, 0x81, 0xC5, 0x04, 0xC6, 0xC5, 0xB5, 0xCE, 0xC6, 0x81, 
	0xC5, 0x64, 0xC8, 0x9B, 0x7E, 0x85, 0x8D, 0x93, 0x8A, 0x45, 0x47, 0x47, 0x4D, 0x4E, 0x46, 0x21, 
	0x10, 0x11, 0x22, 0x21, 0x24, 0x4E, 0x4D, 0x48, 0x48, 0x45, 0x6A, 0xB0, 0x85, 0x8D, 0x7B, 0x85, 
	0x7E, 0x96, 0x94, 0x96, 0x96, 0x71, 0x7E, 0x6D, 0x70, 0x8F, 0xAF, 0x4A, 0x45, 0x47, 0x47, 0x4D, 
	0x4D, 0x24, 0x10, 0x10, 0x22, 0x22, 0x23, 0x45, 0x4E, 0x4D, 0x48, 0x47, 0x41, 0x79, 0x9A, 0x85, 
	0x9B, 0x85, 0x6E, 0x85, 0x85, 0x71, 0x6E, 0x79, 0x7B, 0x6E, 0x79, 0x89, 0x93, 0xB0, 0x4A, 0x45, 
	0x47, 0x48, 0x4D, 0x45, 0x21, 0x09, 0x11, 0x22, 0x23, 0x24, 0x48, 0x4E, 0x48, 0x48, 0x45, 0x35, 
	0x94, 0x93, 0x85, 0x83, 0x85, 0x8D, 0x8E, 0x80, 0x96, 0x06, 0x7B, 0x7B, 0x78, 0x6A, 0x96, 0x98, 
	0x72, 0x80, 0x47, 0x19, 0x4D, 0x4D, 0x24, 0x0A, 0x10, 0x22, 0x23, 0x24, 0x45, 0x4E, 0x4D, 0x48, 
	0x48, 0x24, 0x43, 0xB7, 0x88, 0x8D, 0x8E, 0x8D, 0x8D, 0x93, 0x71, 0xB9, 0xFD, 0x40, 0x88, 0x00, 
	0x88, 0x00, 0x03, 0x1A, 0xCC, 0xE7, 0x9F, 0x88, 0xC5, 0x00, 0xCB, 0x8B, 0xC5, 0x01, 0xA0, 0xA0, 
	0x80, 0xB3, 0x02, 0xB5, 0xB4, 0xB4, 0x81, 0xB5, 0x00, 0xB4, 0x82, 0xB5, 0x08, 0xC5, 0x71, 0x6D, 
	0x71, 0x7B, 0x69, 0x8D, 0xC6, 0xB2, 0x82, 0xB5, 0x01, 0xA2, 0xA2, 0x84, 0xB5, 0x09, 0xA2, 0xA0, 
	0xB5, 0xC5, 0xC5, 0xC8, 0xB5, 0x9F, 0xA2, 0xA0, 0x80, 0xB5, 0x04, 0xB3, 0xB2, 0xB5, 0xB5, 0xA2, 
	0x80, 0xB5, 0x0C, 0xA2, 0xA1, 0xA2, 0xC5, 0x9D, 0x5D, 0x6D, 0x6E, 0x70, 0x5D, 0xB5, 0xC5, 0xA1, 
	0x81, 0xA2, 0x80, 0xB5, 0x82, 0xB2, 0x1B, 0xB3, 0xB5, 0xB3, 0x9F, 0xBE, 0xC5, 0xC5, 0xB3, 0x79, 
	0x6E, 0x7E, 0x49, 0x5D, 0x7E, 0x78, 0x7E, 0x71, 0x69, 0x87, 0x79, 0x79, 0x7B, 0x43, 0x71, 0x7E, 
	0x79, 0xA0, 0xCC, 0x82, 0xC5, 0x01, 0xC6, 0xCE, 0x83, 0xC5, 0x0E, 0xC8, 0x9B, 0x7E, 0x93, 0x8D, 
	0x8E, 0x4A, 0x45, 0x48, 0x48, 0x4D, 0x41, 0x23, 0x4D, 0xA8, 0x80, 0x4F, 0x42, 0x45, 0x24, 0x4D, 
	0x4D, 0x47, 0x47, 0x42, 0x83, 0x9A, 0x93, 0x9A, 0x96, 0x6E, 0x69, 0x6D, 0x69, 0x6D, 0x9B, 0x94, 
	0x94, 0x96, 0x93, 0x85, 0x4A, 0x47, 0x48, 0x4D, 0x48, 0x24, 0x24, 0x4F, 0x4F, 0x4E, 0x4E, 0x4F, 
	0x41, 0x41, 0x4E, 0x48, 0x48, 0x45, 0x3C, 0x9A, 0x9A, 0x6D, 0x3E, 0x3D, 0x3D, 0x69, 0x40, 0x37, 
	0x3E, 0x37, 0x37, 0x54, 0x8F, 0x96, 0x83, 0x47, 0x47, 0x48, 0x4D, 0x45, 0x23, 0x45, 0x4F, 0xA8, 
	0x80, 0x4E, 0x0F, 0x41, 0x45, 0x4E, 0x47, 0x48, 0x27, 0x40, 0xB2, 0x93, 0x96, 0x9B, 0x71, 0x57, 
	0x69, 0x6D, 0x6D, 0x80, 0x94, 0x10, 0x9B, 0x94, 0x93, 0x4A, 0x47, 0x47, 0x4D, 0x47, 0x24, 0x24, 
	0x48, 0xA8, 0x4F, 0x4E, 0x4E, 0x48, 0x41, 0x80, 0x48, 0x0C, 0x45, 0x26, 0x85, 0x9A, 0x8D, 0x94, 
	0x93, 0x8D, 0x93, 0x71, 0xB9, 0xFD, 0x40, 0x88, 0x00, 0x88, 0x00, 0x03, 0x1A, 0xCC, 0xE7, 0x9F, 
	0x82, 0xC5, 0x04, 0xBE, 0xE8, 0xF6, 0xCE, 0xC5, 0x87, 0xC6, 0x07, 0xEF, 0xF5, 0xC5, 0xBD, 0xC5, 
	0xC5, 0xB5, 0xCE, 0x80, 0xEA, 0x15, 0xDD, 0xDD, 0xE9, 0xDB, 0xDB, 0xDD, 0xDB, 0xE9, 0xDD, 0xDB, 
	0xDB, 0xDD, 0xDD, 0xFC, 0x33, 0x00, 0x16, 0x15, 0x00, 0x37, 0xFD, 0xDB, 0x80, 0xDD, 0x01, 0xDB, 
	0xDB, 0x85, 0xDD, 0x03, 0xE9, 0xEF, 0xCE, 0xBD, 0x80, 0xC5, 0x06, 0xBD, 0xC3, 0xDB, 0xEA, 0xDD, 
	0xDD, 0xDB, 0x84, 0xDD, 0x0E, 0xDB, 0xDB, 0xDD, 0xDB, 0xFC, 0x96, 0x00, 0x0F, 0x1A, 0x0D, 0x0E, 
	0xB5, 0xF7, 0xDB, 0xDB, 0x82, 0xDD, 0x81, 0xDB, 0x1D, 0xDD, 0xDB, 0xDC, 0xEA, 0xDB, 0xC5, 0xC5, 
	0xBE, 0xBE, 0xB5, 0x7E, 0x79, 0x85, 0x40, 0x40, 0x7E, 0x7E, 0x93, 0x5D, 0x3B, 0x79, 0x7E, 0x85, 
	0x71, 0x3C, 0x6E, 0x94, 0x7B, 0xB3, 0xCC, 0x8A, 0xC5, 0x7C, 0xC8, 0x9B, 0x7E, 0x93, 0x93, 0x83, 
	0x46, 0x47, 0x48, 0x4D, 0x42, 0x23, 0x4F, 0x4E, 0x22, 0x00, 0x03, 0x26, 0x4F, 0x47, 0x24, 0x4C, 
	0x48, 0x48, 0x45, 0x49, 0x96, 0x85, 0x94, 0x9B, 0x3D, 0x3B, 0x37, 0x33, 0x3D, 0x85, 0x8E, 0x8D, 
	0x93, 0x93, 0x72, 0x47, 0x47, 0x4D, 0x4C, 0x24, 0x24, 0xA8, 0x4C, 0x11, 0x00, 0x03, 0x34, 0xA7, 
	0x41, 0x27, 0x4E, 0x47, 0x47, 0x41, 0x6E, 0xB6, 0x3E, 0x3D, 0x5D, 0x3D, 0x6D, 0x6E, 0x3E, 0x40, 
	0x3D, 0x5D, 0x40, 0x8D, 0x90, 0x4A, 0x47, 0x47, 0x4D, 0x45, 0x23, 0x45, 0xA8, 0x46, 0x0A, 0x00, 
	0x03, 0x42, 0x4F, 0x41, 0x47, 0x4D, 0x48, 0x45, 0x34, 0x9A, 0x93, 0x8E, 0x9F, 0x57, 0x3B, 0x3B, 
	0x33, 0x3D, 0x78, 0x94, 0x93, 0x85, 0x93, 0x8A, 0x46, 0x47, 0x48, 0x4D, 0x24, 0x23, 0x4D, 0xA8, 
	0x27, 0x03, 0x00, 0x10, 0x46, 0x4E, 0x4D, 0x80, 0x48, 0x0B, 0x23, 0x43, 0xB9, 0x93, 0x87, 0x8D, 
	0x8D, 0x93, 0x71, 0xB9, 0xFD, 0x40, 0x88, 0x00, 0x88, 0x00, 0x03, 0x1A, 0xCC, 0xE7, 0x9F, 0x82, 
	0xC5, 0x04, 0xCE, 0x8D, 0x5D, 0xC3, 0xF3, 0x80, 0xC9, 0x80, 0xD9, 0x0C, 0xC9, 0xC9, 0xD9, 0xD9, 
	0x69, 0x6D, 0xC5, 0xC6, 0xC5, 0xC5, 0xD3, 0x96, 0x57, 0x80, 0x69, 0x81, 0x6D, 0x0F, 0x69, 0x6D, 
	0x6D, 0x69, 0x6D, 0x6D, 0x69, 0x6D, 0x71, 0x3B, 0x32, 0x37, 0x3B, 0x33, 0x3B, 0x7B, 0x80, 0x6D, 
	0x01, 0x69, 0x6D, 0x87, 0x69, 0x02, 0x40, 0x7B, 0xD3, 0x80, 0xC5, 0x04, 0xC8, 0xC6, 0x69, 0x57, 
	0x5D, 0x8A, 0x69, 0x08, 0x6D, 0x5F, 0x33, 0x33, 0x37, 0x33, 0x33, 0x69, 0x6D, 0x83, 0x69, 0x22, 
	0x5F, 0x69, 0x5D, 0x57, 0x5F, 0x5D, 0x5F, 0x57, 0x3E, 0x5D, 0xC5, 0xC8, 0xBD, 0xC5, 0xB5, 0x7E, 
	0x79, 0x57, 0x90, 0x70, 0x3D, 0x76, 0x57, 0x70, 0x92, 0x3D, 0x76, 0x6D, 0x40, 0x91, 0x69, 0x78, 
	0x7B, 0xB3, 0xCC, 0x8A, 0xC5, 0x42, 0xC6, 0x9B, 0x7E, 0x93, 0x94, 0x72, 0x45, 0x48, 0x4D, 0x46, 
	0x09, 0x4D, 0x4C, 0x00, 0x00, 0x20, 0x1A, 0x00, 0x08, 0xA8, 0x25, 0x26, 0x4E, 0x48, 0x47, 0x46, 
	0x8D, 0x8D, 0x85, 0x85, 0x8D, 0x85, 0x7E, 0x94, 0x8D, 0x93, 0x9B, 0x89, 0x97, 0x94, 0x4A, 0x47, 
	0x47, 0x4D, 0x26, 0x21, 0x4F, 0x46, 0x00, 0x00, 0x29, 0x19, 0x00, 0x21, 0x4C, 0x26, 0x48, 0x48, 
	0x47, 0x41, 0x43, 0xB0, 0x8D, 0x85, 0x8D, 0x94, 0x93, 0x80, 0x94, 0x3E, 0x96, 0x93, 0x8D, 0x93, 
	0x83, 0x47, 0x47, 0x4D, 0x46, 0x21, 0x24, 0xA8, 0x35, 0x00, 0x0F, 0x31, 0x05, 0x00, 0x23, 0x4E, 
	0x47, 0x4D, 0x48, 0x47, 0x27, 0x76, 0x9B, 0x7B, 0x85, 0x8D, 0x85, 0x7B, 0x94, 0x94, 0x8D, 0x96, 
	0x94, 0x93, 0x93, 0x72, 0x47, 0x47, 0x4D, 0x24, 0x21, 0x45, 0xA8, 0x22, 0x00, 0x20, 0x31, 0x00, 
	0x00, 0x26, 0x4F, 0x4D, 0x48, 0x48, 0x27, 0x34, 0xB2, 0x93, 0x93, 0x80, 0x8D, 0x03, 0x71, 0xB5, 
	0xFD, 0x40, 0x88, 0x00, 0x88, 0x00, 0x03, 0x1A, 0xCC, 0xE7, 0x9F, 0x81, 0xC5, 0x19, 0xC6, 0xF5, 
	0x1D, 0x02, 0x49, 0x70, 0x6C, 0x72, 0x6C, 0x6A, 0x70, 0x6A, 0x6C, 0x8A, 0x72, 0x6C, 0x20, 0x00, 
	0x9B, 0xEA, 0xC5, 0xC5, 0xEA, 0x71, 0x0E, 0x1D, 0x81, 0x20, 0x85, 0x29, 0x80, 0x31, 0x00, 0x3B, 
	0x81, 0x40, 0x05, 0x3D, 0x33, 0x32, 0x31, 0x29, 0x31, 0x85, 0x29, 0x80, 0x20, 0x02, 0x0D, 0x5D, 
	0xEF, 0x80, 0xC5, 0x03, 0xC6, 0xDB, 0x29, 0x0F, 0x81, 0x20, 0x86, 0x29, 0x02, 0x31, 0x31, 0x33, 
	0x82, 0x40, 0x00, 0x37, 0x80, 0x31, 0x87, 0x29, 0x1C, 0x20, 0x20, 0x0F, 0x29, 0xCE, 0xC8, 0xBD, 
	0xC5, 0xBD, 0x7E, 0x78, 0x3E, 0x90, 0x70, 0x39, 0x5D, 0x3D, 0x6A, 0x8C, 0x37, 0x6D, 0x57, 0x3B, 
	0x92, 0x5D, 0x6D, 0x79, 0xB3, 0xCC, 0x8A, 0xC5, 0x43, 0xC6, 0x9B, 0x7E, 0x85, 0x93, 0x6C, 0x45, 
	0x48, 0x4D, 0x27, 0x21, 0x4F, 0x09, 0x00, 0x6B, 0xA9, 0xC4, 0x3B, 0x00, 0x24, 0x4A, 0x23, 0x4E, 
	0x48, 0x47, 0x42, 0x71, 0x9B, 0x6D, 0x3B, 0x40, 0x3D, 0x6D, 0x7B, 0x71, 0x7E, 0x6E, 0x89, 0x97, 
	0x87, 0x46, 0x47, 0x48, 0x48, 0x21, 0x24, 0x4F, 0x00, 0x15, 0x8E, 0xA9, 0xC3, 0x31, 0x00, 0x35, 
	0x4C, 0x41, 0x4C, 0x48, 0x41, 0x3C, 0x98, 0x94, 0x94, 0x93, 0x94, 0x8D, 0x8D, 0x80, 0x93, 0x3C, 
	0x94, 0x89, 0x97, 0x85, 0x47, 0x48, 0x4D, 0x41, 0x09, 0x47, 0x4C, 0x00, 0x20, 0x9E, 0xC9, 0x9D, 
	0x1D, 0x00, 0x41, 0x4F, 0x47, 0x48, 0x48, 0x26, 0x5D, 0xA0, 0x71, 0x3D, 0x3E, 0x3D, 0x57, 0x79, 
	0x6E, 0x7E, 0x6D, 0x79, 0x93, 0x93, 0x6C, 0x47, 0x48, 0x47, 0x21, 0x21, 0x4F, 0x46, 0x00, 0x3B, 
	0xC4, 0xC9, 0x79, 0x0F, 0x00, 0x46, 0x4F, 0x47, 0x48, 0x41, 0x25, 0x93, 0x93, 0x81, 0x8D, 0x03, 
	0x71, 0xB5, 0xFD, 0x40, 0x88, 0x00, 0x88, 0x00, 0x03, 0x1A, 0xCC, 0xE7, 0x9F, 0x81, 0xC5, 0x7F, 
	0xCC, 0xCC, 0x69, 0x3B, 0x00, 0x00, 0x05, 0x10, 0x0A, 0x02, 0x08, 0x00, 0x0A, 0x0F, 0x09, 0x00, 
	0x31, 0x49, 0x8E, 0xDB, 0xC5, 0xC3, 0xDB, 0x96, 0x29, 0x33, 0x33, 0x35, 0x27, 0x29, 0x35, 0x26, 
	0x33, 0x35, 0x29, 0x34, 0x34, 0x29, 0x3C, 0x34, 0x34, 0x3C, 0x33, 0x43, 0x35, 0x33, 0x43, 0x34, 
	0x33, 0x35, 0x31, 0x35, 0x35, 0x29, 0x3C, 0x26, 0x32, 0x35, 0x29, 0x34, 0x34, 0x31, 0x37, 0x31, 
	0x70, 0xDC, 0xC5, 0xC6, 0xC5, 0xC5, 0xD3, 0x3B, 0x31, 0x37, 0x33, 0x35, 0x31, 0x34, 0x34, 0x29, 
	0x35, 0x34, 0x31, 0x35, 0x31, 0x34, 0x35, 0x31, 0x35, 0x35, 0x3B, 0x3C, 0x34, 0x43, 0x35, 0x31, 
	0x3C, 0x34, 0x31, 0x3C, 0x31, 0x34, 0x34, 0x29, 0x35, 0x34, 0x32, 0x35, 0x31, 0x37, 0x31, 0x3B, 
	0xCE, 0xCC, 0xBD, 0xC5, 0xBE, 0x7E, 0x78, 0x55, 0x90, 0x6C, 0x37, 0x5D, 0x3D, 0x69, 0x8C, 0x37, 
	0x09, 0x5D, 0x55, 0x3B, 0x8C, 0x5D, 0x6E, 0x78, 0x9F, 0xCC, 0xBE, 0x89, 0xC5, 0x3D, 0xC6, 0x9B, 
	0x7B, 0x85, 0x87, 0x4A, 0x47, 0x48, 0x47, 0x45, 0x4F, 0x46, 0x00, 0x33, 0xAA, 0x46, 0x4A, 0xCC, 
	0x1D, 0x00, 0x4E, 0x4E, 0x47, 0x48, 0x47, 0x42, 0x71, 0xB2, 0x5D, 0x3B, 0x3B, 0x37, 0x6D, 0x3E, 
	0x37, 0x37, 0x32, 0x6E, 0x9A, 0x85, 0x48, 0x47, 0x48, 0x47, 0x45, 0x4F, 0x41, 0x00, 0x6D, 0xA9, 
	0x41, 0x72, 0x9E, 0x0D, 0x0A, 0x4E, 0x4E, 0x47, 0x48, 0x45, 0x35, 0x93, 0x82, 0x8D, 0x82, 0x85, 
	0x43, 0x83, 0x97, 0x83, 0x47, 0x48, 0x48, 0x41, 0x45, 0xA8, 0x23, 0x00, 0x8E, 0x74, 0x27, 0x9E, 
	0x6C, 0x00, 0x21, 0x4E, 0x4C, 0x47, 0x48, 0x24, 0x40, 0xB9, 0x6E, 0x3E, 0x3E, 0x37, 0x5D, 0x40, 
	0x39, 0x3D, 0x31, 0x40, 0x9A, 0x87, 0x4A, 0x47, 0x48, 0x47, 0x24, 0x45, 0x4F, 0x11, 0x14, 0xC9, 
	0x4A, 0x27, 0xAA, 0x3D, 0x00, 0x23, 0x4F, 0x48, 0x48, 0x41, 0x25, 0x85, 0x94, 0x85, 0x8D, 0x8D, 
	0x93, 0x79, 0xB5, 0xFD, 0x40, 0x88, 0x00, 0x88, 0x00, 0x03, 0x1A, 0xCC, 0xE7, 0x9F, 0x81, 0xC5, 
	0x2C, 0xCC, 0xB3, 0xC3, 0x6C, 0x00, 0x00, 0x0A, 0x03, 0x00, 0x10, 0x03, 0x10, 0x00, 0x03, 0x09, 
	0x00, 0x20, 0xC4, 0x9D, 0xD2, 0xC5, 0xC3, 0xDB, 0x96, 0x33, 0x3B, 0x40, 0x40, 0x57, 0x40, 0x40, 
	0x57, 0x43, 0x43, 0x49, 0x40, 0x43, 0x57, 0x57, 0x49, 0x57, 0x57, 0x6B, 0x69, 0x5D, 0x80, 0x49, 
	0x12, 0x57, 0x5D, 0x43, 0x3C, 0x5D, 0x5F, 0x43, 0x57, 0x40, 0x43, 0x57, 0x3C, 0x43, 0x57, 0x55, 
	0x37, 0x71, 0xDB, 0xC5, 0x80, 0xC6, 0x21, 0xCE, 0x3E, 0x37, 0x55, 0x57, 0x43, 0x57, 0x40, 0x43, 
	0x40, 0x43, 0x49, 0x57, 0x43, 0x5D, 0x40, 0x49, 0x5F, 0x40, 0x49, 0x49, 0x5D, 0x6D, 0x69, 0x49, 
	0x43, 0x5D, 0x5D, 0x43, 0x43, 0x5D, 0x43, 0x43, 0x57, 0x83, 0x40, 0x1B, 0x3B, 0x40, 0xCC, 0xCC, 
	0xBD, 0xC5, 0xBE, 0x7E, 0x76, 0x55, 0x83, 0x49, 0x37, 0x57, 0x39, 0x49, 0x72, 0x37, 0x57, 0x3D, 
	0x3B, 0x89, 0x5D, 0x6E, 0x6E, 0x9F, 0xCC, 0xBE, 0x89, 0xC5, 0x3D, 0xC6, 0x9B, 0x7B, 0x85, 0x87, 
	0x4A, 0x47, 0x48, 0x48, 0x45, 0xA8, 0x41, 0x00, 0x40, 0xDA, 0x24, 0x41, 0xDA, 0x20, 0x00, 0x48, 
	0x4F, 0x47, 0x48, 0x47, 0x42, 0x70, 0x94, 0x6E, 0x71, 0x85, 0x79, 0x8D, 0x71, 0x40, 0x40, 0x6D, 
	0x79, 0x93, 0x85, 0x47, 0x47, 0x48, 0x47, 0x45, 0xA8, 0x24, 0x00, 0x7B, 0xA7, 0x23, 0x4A, 0xC9, 
	0x15, 0x03, 0x4D, 0x4F, 0x47, 0x48, 0x45, 0x35, 0x93, 0x82, 0x8D, 0x82, 0x85, 0x43, 0x83, 0x87, 
	0x72, 0x47, 0x47, 0x48, 0x45, 0x45, 0xA8, 0x22, 0x00, 0xC4, 0x74, 0x23, 0xA3, 0x8B, 0x03, 0x21, 
	0x4D, 0x4E, 0x47, 0x48, 0x24, 0x40, 0xB2, 0x79, 0x79, 0x85, 0x7B, 0x8D, 0x79, 0x69, 0x57, 0x6D, 
	0x6E, 0x93, 0x87, 0x4A, 0x47, 0x48, 0x48, 0x24, 0x45, 0x4F, 0x10, 0x16, 0xDF, 0x46, 0x23, 0xAA, 
	0x5F, 0x00, 0x23, 0x4E, 0x4D, 0x48, 0x41, 0x25, 0x7E, 0x94, 0x85, 0x8D, 0x8D, 0x93, 0x79, 0xB5, 
	0xFD, 0x40, 0x88, 0x00, 0x88, 0x00, 0x03, 0x1A, 0xCC, 0xE7, 0x9F, 0x81, 0xC5, 0x7F, 0xCC, 0xBD, 
	0x90, 0x43, 0x32, 0x71, 0x92, 0x89, 0x70, 0x92, 0x72, 0x92, 0x70, 0x8C, 0x92, 0x69, 0x37, 0x70, 
	0x9D, 0xD5, 0xC5, 0xC3, 0xDB, 0x96, 0x3B, 0x57, 0x69, 0x70, 0x6A, 0x69, 0x70, 0x69, 0x70, 0x6C, 
	0x69, 0x70, 0x6A, 0x6D, 0x71, 0x6A, 0x70, 0x70, 0x6B, 0x7B, 0x70, 0x6B, 0x72, 0x6A, 0x70, 0x70, 
	0x6B, 0x72, 0x6A, 0x6D, 0x70, 0x6A, 0x6E, 0x6C, 0x69, 0x70, 0x6A, 0x5D, 0x69, 0x3D, 0x7B, 0xDB, 
	0xC5, 0xC6, 0xC6, 0xC5, 0xCE, 0x40, 0x3D, 0x69, 0x6D, 0x6A, 0x69, 0x70, 0x6A, 0x69, 0x6C, 0x6A, 
	0x6E, 0x6C, 0x6E, 0x70, 0x6C, 0x6D, 0x70, 0x6C, 0x70, 0x70, 0x6D, 0x71, 0x6C, 0x6B, 0x70, 0x6E, 
	0x70, 0x6C, 0x69, 0x70, 0x6A, 0x69, 0x70, 0x6A, 0x6D, 0x6A, 0x5D, 0x69, 0x40, 0x57, 0xCB, 0xCB, 
	0xBD, 0xC5, 0xBE, 0x7E, 0x6E, 0x6D, 0x33, 0x31, 0x3E, 0x55, 0x40, 0x33, 0x31, 0x3D, 0x09, 0x57, 
	0x40, 0x3B, 0x29, 0x3E, 0x76, 0x6E, 0x9F, 0xC5, 0xBE, 0x89, 0xC5, 0x3F, 0xC6, 0x9B, 0x7B, 0x7E, 
	0x87, 0x4A, 0x47, 0x48, 0x48, 0x45, 0x47, 0x4C, 0x00, 0x1D, 0xAA, 0xE1, 0xE2, 0x83, 0x00, 0x10, 
	0x48, 0x45, 0x48, 0x48, 0x47, 0x42, 0x70, 0x87, 0x8D, 0x8E, 0x94, 0x94, 0x8D, 0x96, 0x8E, 0x8D, 
	0x9A, 0x86, 0x7E, 0x85, 0x4A, 0x47, 0x47, 0x48, 0x41, 0x47, 0x46, 0x00, 0x31, 0xDA, 0xE1, 0xE2, 
	0x40, 0x00, 0x21, 0x4E, 0x47, 0x48, 0x48, 0x45, 0x35, 0x93, 0x8D, 0x85, 0x80, 0x8D, 0x82, 0x85, 
	0x1D, 0x83, 0x87, 0x72, 0x47, 0x47, 0x48, 0x4C, 0x24, 0x47, 0x46, 0x00, 0x3B, 0xF4, 0xE1, 0xF4, 
	0x32, 0x00, 0x24, 0x4F, 0x47, 0x47, 0x48, 0x24, 0x3E, 0x9A, 0x8D, 0x94, 0x8D, 0x96, 0x8D, 0x80, 
	0x94, 0x22, 0x9B, 0x94, 0x7E, 0x87, 0x4A, 0x47, 0x48, 0x4D, 0x45, 0x23, 0x4E, 0x35, 0x00, 0x6E, 
	0xE2, 0xE2, 0xC4, 0x1D, 0x00, 0x41, 0x4F, 0x47, 0x48, 0x41, 0x25, 0x7E, 0x94, 0x85, 0x8D, 0x8D, 
	0x93, 0x78, 0xB5, 0xFD, 0x40, 0x88, 0x00, 0x88, 0x00, 0x03, 0x1A, 0xCB, 0xE7, 0x9F, 0x81, 0xC5, 
	0x07, 0xCC, 0xB3, 0xC3, 0x31, 0x3B, 0xFD, 0xF9, 0xF9, 0x82, 0xFD, 0x7C, 0xFB, 0xFD, 0xF5, 0x33, 
	0x8A, 0x9D, 0xD2, 0xC5, 0xBD, 0xDB, 0x96, 0x3B, 0x57, 0x5D, 0x49, 0x41, 0x3E, 0x42, 0x35, 0x57, 
	0x42, 0x3D, 0x49, 0x3C, 0x3E, 0x49, 0x35, 0x43, 0x43, 0x3D, 0x49, 0x42, 0x3E, 0x49, 0x3C, 0x43, 
	0x42, 0x3D, 0x69, 0x42, 0x3E, 0x49, 0x35, 0x5D, 0x43, 0x34, 0x49, 0x3C, 0x3B, 0x5F, 0x3D, 0x7B, 
	0xDB, 0xC5, 0xC6, 0xC6, 0xC5, 0xCE, 0x57, 0x3D, 0x5F, 0x40, 0x3C, 0x3B, 0x43, 0x3C, 0x54, 0x42, 
	0x3C, 0x57, 0x42, 0x3E, 0x49, 0x3C, 0x3E, 0x43, 0x43, 0x57, 0x42, 0x3C, 0x49, 0x3C, 0x54, 0x43, 
	0x3C, 0x40, 0x43, 0x3C, 0x43, 0x3C, 0x3D, 0x43, 0x35, 0x55, 0x42, 0x3C, 0x5D, 0x3E, 0x57, 0xC6, 
	0xCC, 0xBD, 0xC5, 0xBE, 0x7E, 0x78, 0x85, 0x3E, 0x40, 0x7C, 0x5D, 0x6E, 0x57, 0x3B, 0x6E, 0x69, 
	0x6D, 0x6D, 0x3B, 0x76, 0x7E, 0x71, 0x9F, 0xC6, 0xBE, 0x89, 0xC5, 0x05, 0xC6, 0x9B, 0x79, 0x85, 
	0x87, 0x4A, 0x80, 0x47, 0x14, 0x48, 0x41, 0x4F, 0x27, 0x00, 0x1D, 0x6E, 0x55, 0x0B, 0x00, 0x45, 
	0x4D, 0x45, 0x48, 0x47, 0x47, 0x42, 0x70, 0x93, 0x7B, 0x83, 0x81, 0x85, 0x1B, 0x8D, 0x8D, 0x85, 
	0x85, 0x7B, 0x7E, 0x4A, 0x47, 0x47, 0x48, 0x47, 0x41, 0x4F, 0x22, 0x00, 0x29, 0x6A, 0x37, 0x02, 
	0x03, 0x47, 0x4F, 0x45, 0x48, 0x48, 0x45, 0x35, 0x93, 0x87, 0x85, 0x18, 0x83, 0x87, 0x72, 0x47, 
	0x47, 0x48, 0x4D, 0x45, 0x24, 0x4F, 0x11, 0x00, 0x33, 0x69, 0x29, 0x00, 0x10, 0x4D, 0x4F, 0x47, 
	0x48, 0x48, 0x24, 0x3E, 0xB0, 0x80, 0x85, 0x04, 0x8D, 0x8D, 0x85, 0x85, 0x93, 0x80, 0x85, 0x1F, 
	0x87, 0x4A, 0x47, 0x47, 0x48, 0x4D, 0x24, 0x41, 0x4F, 0x09, 0x00, 0x3B, 0x57, 0x1D, 0x00, 0x21, 
	0x4F, 0x4E, 0x47, 0x48, 0x41, 0x22, 0x79, 0x94, 0x83, 0x89, 0x8D, 0x93, 0x78, 0xB5, 0xFD, 0x40, 
	0x88, 0x00, 0x88, 0x00, 0x03, 0x1A, 0xCB, 0xE7, 0x9F, 0x81, 0xC5, 0x08, 0xCC, 0xC6, 0x69, 0x3C, 
	0x0F, 0x20, 0x25, 0x35, 0x25, 0x80, 0x29, 0x12, 0x31, 0x34, 0x26, 0x1D, 0x31, 0x40, 0x8E, 0xDB, 
	0xC5, 0xC5, 0xDB, 0x96, 0x37, 0x40, 0x69, 0x57, 0x49, 0x69, 0x49, 0x80, 0x69, 0x48, 0x6D, 0x69, 
	0x69, 0x6D, 0x69, 0x6B, 0x6D, 0x69, 0x6F, 0x6D, 0x6A, 0x6B, 0x49, 0x69, 0x69, 0x6A, 0x6B, 0x69, 
	0x6A, 0x6D, 0x69, 0x69, 0x6D, 0x49, 0x69, 0x5F, 0x69, 0x69, 0x5F, 0x3D, 0x7B, 0xDB, 0xC5, 0xC6, 
	0xC6, 0xC5, 0xCE, 0x40, 0x3D, 0x69, 0x69, 0x49, 0x6D, 0x69, 0x6A, 0x6D, 0x49, 0x69, 0x6D, 0x6A, 
	0x6E, 0x69, 0x6B, 0x6D, 0x69, 0x6E, 0x6F, 0x6D, 0x6F, 0x6D, 0x6A, 0x6B, 0x6A, 0x6E, 0x6B, 0x6A, 
	0x6E, 0x69, 0x6A, 0x6D, 0x69, 0x69, 0x6D, 0x80, 0x69, 0x1B, 0x40, 0x57, 0xC5, 0xCC, 0xBE, 0xC5, 
	0xBE, 0x7E, 0x93, 0x57, 0x5D, 0x6D, 0x60, 0x94, 0x57, 0x3D, 0x6D, 0x54, 0x85, 0x6D, 0x3D, 0x6E, 
	0x55, 0x7E, 0x7B, 0x9F, 0xCC, 0xBE, 0x89, 0xC5, 0x0D, 0xC6, 0x9B, 0x79, 0x85, 0x87, 0x4A, 0x47, 
	0x48, 0x47, 0x48, 0x45, 0x41, 0x4F, 0x27, 0x80, 0x00, 0x04, 0x09, 0x42, 0x4E, 0x45, 0x48, 0x80, 
	0x47, 0x04, 0x42, 0x6E, 0x93, 0x7B, 0x83, 0x82, 0x85, 0x05, 0x7B, 0x85, 0x85, 0x7E, 0x79, 0x46, 
	0x80, 0x47, 0x04, 0x48, 0x41, 0x45, 0xA8, 0x26, 0x80, 0x00, 0x02, 0x10, 0x45, 0x4F, 0x81, 0x47, 
	0x02, 0x45, 0x35, 0x93, 0x87, 0x85, 0x04, 0x83, 0x87, 0x70, 0x47, 0x47, 0x80, 0x48, 0x12, 0x41, 
	0x47, 0x4F, 0x22, 0x00, 0x00, 0x03, 0x21, 0x48, 0x4F, 0x47, 0x47, 0x48, 0x48, 0x24, 0x3E, 0xB2, 
	0x85, 0x7B, 0x85, 0x85, 0x02, 0x7E, 0x87, 0x4A, 0x80, 0x47, 0x1A, 0x48, 0x48, 0x24, 0x4D, 0x4F, 
	0x11, 0x00, 0x00, 0x09, 0x23, 0x4E, 0x4F, 0x45, 0x47, 0x48, 0x41, 0x22, 0x79, 0x94, 0x83, 0x85, 
	0x8D, 0x93, 0x78, 0xB5, 0xFD, 0x40, 0x88, 0x00, 0x88, 0x00, 0x03, 0x1A, 0xCC, 0xE7, 0x9F, 0x81, 
	0xC5, 0x07, 0xCC, 0xEA, 0x1A, 0x0F, 0x6A, 0x69, 0x6A, 0x72, 0x82, 0x49, 0x0A, 0x6C, 0x6A, 0x6A, 
	0x20, 0x00, 0x9F, 0xDC, 0xC5, 0xBD, 0xCD, 0xDB, 0x80, 0xCE, 0x1C, 0xD7, 0xE5, 0xD7, 0xE5, 0xE5, 
	0xD7, 0xE7, 0xD7, 0xDB, 0xE7, 0xD7, 0xDB, 0xDB, 0xD2, 0xDB, 0xD7, 0xDB, 0xE7, 0xD7, 0xD7, 0xDB, 
	0xDB, 0xE7, 0xD7, 0xDB, 0xE7, 0xD7, 0xD7, 0xE7, 0x80, 0xDB, 0x12, 0xD5, 0xDB, 0xDB, 0xD2, 0xCE, 
	0xCE, 0xC5, 0xC5, 0xCE, 0xC6, 0xBE, 0xD3, 0xCE, 0xD3, 0xD2, 0xD2, 0xDB, 0xE7, 0xE7, 0x87, 0xDB, 
	0x03, 0xE7, 0xDB, 0xD7, 0xE7, 0x80, 0xDB, 0x02, 0xD8, 0xE7, 0xE7, 0x82, 0xDB, 0x21, 0xD7, 0xDB, 
	0xDB, 0xD7, 0xDB, 0xD7, 0xD7, 0xDB, 0xD7, 0xCD, 0xC5, 0xC5, 0xC6, 0xBE, 0x85, 0x94, 0x40, 0x3B, 
	0x3D, 0x3D, 0xB9, 0x5D, 0x33, 0x57, 0x3D, 0x96, 0x6E, 0x33, 0x69, 0x39, 0x78, 0x8D, 0xB3, 0xCE, 
	0x8A, 0xC5, 0x1D, 0xC6, 0x96, 0x79, 0x85, 0x87, 0x4A, 0x45, 0x48, 0x48, 0x47, 0x4D, 0x45, 0x41, 
	0x4C, 0x48, 0x45, 0x45, 0x4C, 0x4E, 0x45, 0x47, 0x48, 0x48, 0x47, 0x47, 0x42, 0x6E, 0x85, 0x7B, 
	0x83, 0x82, 0x85, 0x06, 0x83, 0x85, 0x85, 0x7E, 0x7B, 0x47, 0x47, 0x81, 0x48, 0x09, 0x41, 0x27, 
	0x4C, 0x48, 0x45, 0x45, 0x4E, 0x4F, 0x47, 0x47, 0x80, 0x48, 0x02, 0x45, 0x35, 0x93, 0x87, 0x85, 
	0x03, 0x7B, 0x87, 0x70, 0x47, 0x82, 0x48, 0x09, 0x24, 0x34, 0x4C, 0x47, 0x45, 0x47, 0x4E, 0x4F, 
	0x47, 0x47, 0x80, 0x48, 0x04, 0x24, 0x3E, 0x9B, 0x7B, 0x7B, 0x85, 0x85, 0x03, 0x7B, 0x87, 0x4A, 
	0x47, 0x81, 0x48, 0x18, 0x47, 0x21, 0x34, 0x4C, 0x47, 0x45, 0x47, 0x4F, 0x4F, 0x47, 0x47, 0x48, 
	0x48, 0x41, 0x22, 0x79, 0x93, 0x85, 0x85, 0x8D, 0x93, 0x78, 0xB5, 0xFD, 0x40, 0x88, 0x00, 0x88, 
	0x00, 0x03, 0x1A, 0xCC, 0xE7, 0x9F, 0x82, 0xC5, 0x17, 0xCE, 0x89, 0x57, 0xB5, 0xEA, 0xCE, 0xC6, 
	0xD3, 0xD8, 0xD3, 0xD3, 0xC9, 0xC6, 0xD3, 0xD9, 0x6D, 0x6E, 0xC5, 0xC6, 0xC6, 0xBD, 0xB5, 0xCC, 
	0xD2, 0x89, 0xCE, 0x82, 0xC8, 0x02, 0xCE, 0xC8, 0xC8, 0x88, 0xCE, 0x00, 0xCC, 0x84, 0xCE, 0x07, 
	0xCB, 0xBE, 0xCE, 0x9F, 0xCB, 0xC5, 0xBE, 0xD2, 0x80, 0xCE, 0x80, 0xCC, 0x00, 0xCB, 0x81, 0xC7, 
	0x82, 0xC5, 0x04, 0xC7, 0xC6, 0xC6, 0xC5, 0xC7, 0x80, 0xC6, 0x8A, 0xC5, 0x1B, 0xCB, 0xCB, 0xCE, 
	0xB9, 0xB9, 0xC5, 0xC6, 0xBE, 0x8D, 0x94, 0x69, 0x37, 0x5D, 0x5D, 0xB2, 0x78, 0x37, 0x37, 0x57, 
	0xB2, 0x79, 0x37, 0x3D, 0x3D, 0x78, 0x8D, 0xB5, 0xCE, 0x8A, 0xC5, 0x06, 0xC6, 0x96, 0x79, 0x85, 
	0x87, 0x4A, 0x47, 0x81, 0x48, 0x07, 0x4C, 0x46, 0x27, 0x46, 0x4D, 0x4D, 0x48, 0x45, 0x83, 0x48, 
	0x10, 0x42, 0x70, 0x93, 0x7B, 0x83, 0x85, 0x85, 0x7B, 0x85, 0x85, 0x83, 0x85, 0x85, 0x7E, 0x7B, 
	0x47, 0x47, 0x81, 0x48, 0x08, 0x4C, 0x41, 0x26, 0x46, 0x4D, 0x4E, 0x4C, 0x47, 0x47, 0x81, 0x48, 
	0x02, 0x45, 0x35, 0x87, 0x87, 0x85, 0x03, 0x7B, 0x87, 0x72, 0x47, 0x83, 0x48, 0x06, 0x26, 0x26, 
	0x46, 0x4E, 0x4F, 0x4D, 0x47, 0x82, 0x48, 0x03, 0x24, 0x3E, 0x9A, 0x7B, 0x85, 0x85, 0x04, 0x7B, 
	0x7B, 0x87, 0x4A, 0x47, 0x81, 0x48, 0x08, 0x4C, 0x46, 0x25, 0x25, 0x47, 0x4E, 0x4E, 0x4D, 0x47, 
	0x81, 0x48, 0x03, 0x41, 0x25, 0x7B, 0x93, 0x80, 0x85, 0x04, 0x8D, 0x78, 0xB9, 0xFD, 0x40, 0x88, 
	0x00, 0x88, 0x00, 0x03, 0x1A, 0xCC, 0xE7, 0x9F, 0x82, 0xC5, 0x04, 0xBE, 0xE8, 0xF5, 0xD2, 0xBE, 
	0x82, 0xC6, 0x06, 0xC5, 0xC6, 0xC6, 0xC5, 0xC6, 0xEF, 0xEF, 0x81, 0xC5, 0xA8, 0xB5, 0x04, 0xD5, 
	0x94, 0x69, 0x94, 0xD5, 0x80, 0xB5, 0x00, 0xB9, 0xA4, 0xB5, 0x17, 0xC5, 0xC5, 0xC6, 0xBE, 0x85, 
	0x85, 0x93, 0x93, 0x96, 0x9A, 0x96, 0x85, 0x93, 0x93, 0x85, 0x94, 0x96, 0x85, 0x93, 0x85, 0x94, 
	0x7B, 0xB5, 0xCE, 0x8A, 0xC5, 0x06, 0xC6, 0x96, 0x79, 0x85, 0x87, 0x4A, 0x47, 0x82, 0x48, 0x02, 
	0x4D, 0x4D, 0x48, 0x80, 0x47, 0x83, 0x48, 0x10, 0x47, 0x42, 0x70, 0x93, 0x7B, 0x83, 0x85, 0x85, 
	0x94, 0x8D, 0x7B, 0x83, 0x85, 0x85, 0x7E, 0x7E, 0x4A, 0x83, 0x48, 0x01, 0x4D, 0x4D, 0x81, 0x47, 
	0x83, 0x48, 0x02, 0x45, 0x35, 0x87, 0x87, 0x85, 0x06, 0x7B, 0x87, 0x72, 0x47, 0x48, 0x48, 0x4D, 
	0x80, 0x48, 0x02, 0x4D, 0x4D, 0x48, 0x80, 0x47, 0x0E, 0x48, 0x48, 0x4D, 0x4D, 0x48, 0x48, 0x27, 
	0x3E, 0x9A, 0x7B, 0x7B, 0x85, 0x7B, 0x8D, 0x94, 0x82, 0x85, 0x0A, 0x87, 0x4A, 0x47, 0x48, 0x4D, 
	0x4D, 0x48, 0x48, 0x4D, 0x4E, 0x4D, 0x80, 0x47, 0x11, 0x48, 0x4D, 0x4D, 0x48, 0x48, 0x4D, 0x41, 
	0x25, 0x7B, 0x93, 0x85, 0x85, 0x8D, 0x93, 0x78, 0xB5, 0xFD, 0x40, 0x88, 0x00, 0x88, 0x00, 0x05, 
	0x1A, 0xCC, 0xE8, 0x9F, 0xC5, 0xCB, 0x81, 0xC5, 0x03, 0xCB, 0xC5, 0xC5, 0xCB, 0x8D, 0xC5, 0x80, 
	0xCC, 0x00, 0xC6, 0x88, 0xCC, 0x8D, 0xC6, 0x82, 0xCC, 0x13, 0xCB, 0xCB, 0xC6, 0xC6, 0xCB, 0xCC, 
	0xDB, 0xA0, 0x71, 0x96, 0x79, 0x9B, 0xDB, 0xC5, 0xC6, 0xCB, 0xCB, 0xC6, 0xCC, 0xCC, 0x80, 0xC5, 
	0x01, 0xC6, 0xC5, 0x83, 0xC6, 0x81, 0xC5, 0x00, 0xC6, 0x82, 0xC5, 0x88, 0xC6, 0x1A, 0xCB, 0xCC, 
	0xCC, 0xC5, 0xC5, 0xC6, 0xBE, 0x8D, 0x85, 0x6D, 0x6D, 0x7B, 0x6D, 0x6D, 0x7E, 0x6D, 0x7B, 0x6E, 
	0x6D, 0x5D, 0x93, 0x79, 0x78, 0x79, 0x85, 0xB3, 0xCC, 0x8A, 0xC5, 0x06, 0xC6, 0x96, 0x79, 0x85, 
	0x7E, 0x4A, 0x4D, 0x81, 0x4E, 0x08, 0x4F, 0x4E, 0x4E, 0x4D, 0x4D, 0x4C, 0x4E, 0x4E, 0x4F, 0x81, 
	0x4E, 0x11, 0x4D, 0x46, 0x70, 0x87, 0x7B, 0x83, 0x85, 0x8D, 0x71, 0x79, 0x8D, 0x7B, 0x85, 0x85, 
	0x7B, 0x7E, 0x4C, 0x4D, 0x80, 0x4E, 0x02, 0x4F, 0x4F, 0x4E, 0x81, 0x4D, 0x02, 0x4E, 0x4F, 0x4F, 
	0x81, 0x4E, 0x01, 0x47, 0x3C, 0x88, 0x85, 0x03, 0x7B, 0x82, 0x83, 0x4D, 0x81, 0x4E, 0x02, 0x4F, 
	0x4E, 0x4E, 0x80, 0x4D, 0x03, 0x4E, 0x4E, 0x4F, 0x4F, 0x81, 0x4E, 0x02, 0x27, 0x3E, 0x9A, 0x80, 
	0x7B, 0x03, 0x8D, 0x79, 0x6E, 0x8E, 0x80, 0x85, 0x0A, 0x7E, 0x7C, 0x72, 0x4D, 0x4C, 0x4E, 0x4E, 
	0x4F, 0x4F, 0x4E, 0x4E, 0x80, 0x4D, 0x12, 0x4E, 0x4F, 0x4F, 0x4E, 0x4D, 0x4E, 0x4E, 0x46, 0x25, 
	0x79, 0x96, 0x85, 0x85, 0x8D, 0x93, 0x78, 0xB3, 0xFD, 0x40, 0x88, 0x00, 0x88, 0x00, 0x05, 0x1A, 
	0xCC, 0xE8, 0x9F, 0xC5, 0xCB, 0xB6, 0xC5, 0x00, 0xBE, 0x83, 0xC5, 0x0E, 0xC6, 0xC6, 0xC5, 0x7B, 
	0xCC, 0xB3, 0xCE, 0x7B, 0xBE, 0xCC, 0xC5, 0xC5, 0xC6, 0xC5, 0xC6, 0x83, 0xC5, 0x80, 0xC6, 0x96, 
	0xC5, 0x00, 0xC6, 0x80, 0xC5, 0x15, 0xC6, 0xBE, 0x8D, 0x85, 0x37, 0x37, 0x3D, 0x37, 0x3D, 0x78, 
	0x37, 0x3B, 0x3B, 0x3D, 0x32, 0x3B, 0x3B, 0x37, 0x6D, 0x94, 0xB3, 0xCC, 0x8A, 0xC5, 0x14, 0xC6, 
	0x96, 0x7B, 0x85, 0x98, 0x43, 0x27, 0x35, 0x41, 0x42, 0x35, 0x26, 0x34, 0x42, 0x4E, 0x4D, 0x4E, 
	0x46, 0x26, 0x26, 0x27, 0x80, 0x41, 0x11, 0x27, 0x26, 0x70, 0x94, 0x7B, 0x83, 0x94, 0x71, 0x3E, 
	0x57, 0x85, 0x8D, 0x85, 0x83, 0x89, 0x93, 0x35, 0x27, 0x80, 0x41, 0x09, 0x26, 0x34, 0x27, 0x4D, 
	0x4E, 0x4E, 0x48, 0x27, 0x26, 0x26, 0x81, 0x41, 0x02, 0x24, 0x34, 0x9A, 0x87, 0x85, 0x03, 0x7B, 
	0x98, 0x6E, 0x27, 0x81, 0x41, 0x09, 0x26, 0x26, 0x35, 0x4E, 0x4D, 0x4E, 0x46, 0x26, 0x26, 0x27, 
	0x81, 0x41, 0x10, 0x22, 0x57, 0x9F, 0x7B, 0x85, 0x8E, 0x7B, 0x57, 0x40, 0x71, 0x96, 0x85, 0x85, 
	0x7B, 0x97, 0x43, 0x27, 0x80, 0x41, 0x80, 0x26, 0x06, 0x47, 0x4E, 0x4E, 0x48, 0x27, 0x26, 0x26, 
	0x81, 0x41, 0x0B, 0x23, 0x29, 0x93, 0x94, 0x85, 0x85, 0x8D, 0x93, 0x78, 0xB3, 0xFD, 0x40, 0x88, 
	0x00, 0x88, 0x00, 0x05, 0x1A, 0xCB, 0xE7, 0x9F, 0xC5, 0xCB, 0xAD, 0xC5, 0x04, 0xC6, 0xC6, 0xC5, 
	0xC6, 0xCC, 0x81, 0xC6, 0x04, 0xCC, 0xC6, 0xC5, 0xCC, 0xCB, 0x80, 0xC5, 0x17, 0xCE, 0xBD, 0x79, 
	0x9F, 0x8D, 0x9F, 0x79, 0x9F, 0xCE, 0xC5, 0xC6, 0xC5, 0xCC, 0xC6, 0xC5, 0xC6, 0xC6, 0xC5, 0xC5, 
	0xC6, 0xC5, 0xC5, 0xC6, 0xC6, 0x99, 0xC5, 0x15, 0xC6, 0xC5, 0x85, 0x85, 0x5D, 0x69, 0x6D, 0x78, 
	0x6E, 0x94, 0x5D, 0x6D, 0x6E, 0x6D, 0x6E, 0x5D, 0x6D, 0x57, 0x6D, 0x8D, 0xB3, 0xCC, 0x8A, 0xC5, 
	0x15, 0xC6, 0x96, 0x79, 0x85, 0x93, 0x6A, 0x41, 0x45, 0x46, 0x47, 0x46, 0x0A, 0x41, 0x35, 0x42, 
	0x4F, 0x48, 0x27, 0x46, 0x0A, 0x34, 0x48, 0x80, 0x46, 0x02, 0x35, 0x70, 0x94, 0x80, 0x85, 0x18, 
	0x69, 0x6D, 0x5D, 0x69, 0x94, 0x85, 0x7B, 0x7E, 0x83, 0x46, 0x45, 0x47, 0x47, 0x4C, 0x11, 0x23, 
	0x46, 0x27, 0x4F, 0x4E, 0x27, 0x4A, 0x21, 0x22, 0x4C, 0x80, 0x47, 0x02, 0x41, 0x3C, 0x97, 0x88, 
	0x85, 0x11, 0x93, 0x72, 0x45, 0x45, 0x47, 0x48, 0x4C, 0x10, 0x35, 0x41, 0x41, 0x4F, 0x48, 0x27, 
	0x48, 0x10, 0x27, 0x4D, 0x80, 0x47, 0x2D, 0x26, 0x55, 0x9A, 0x7B, 0x85, 0x94, 0x6D, 0x5D, 0x6D, 
	0x69, 0x83, 0x8D, 0x7B, 0x87, 0x87, 0x4A, 0x45, 0x47, 0x47, 0x4C, 0x25, 0x21, 0x4A, 0x27, 0x4D, 
	0x4F, 0x27, 0x46, 0x26, 0x11, 0x4C, 0x48, 0x47, 0x48, 0x41, 0x25, 0x7E, 0x9A, 0x87, 0x85, 0x8D, 
	0x93, 0x71, 0xB3, 0xFD, 0x40, 0x88, 0x00, 0x88, 0x00, 0x03, 0x1A, 0xCB, 0xE7, 0x9F, 0xB0, 0xC5, 
	0x19, 0xCE, 0xCE, 0xD3, 0xD3, 0xCB, 0xC6, 0xD5, 0xCE, 0xCE, 0xC5, 0xCE, 0xD2, 0xD5, 0xCE, 0xCE, 
	0xD2, 0xCE, 0xCE, 0xC5, 0x96, 0xB3, 0x96, 0x9F, 0xD5, 0xCE, 0xD3, 0x80, 0xCE, 0x07, 0xD2, 0xD2, 
	0xCC, 0xCE, 0xCC, 0xCE, 0xCE, 0xD5, 0x80, 0xCE, 0x01, 0xC5, 0xCB, 0x97, 0xC5, 0x15, 0xC6, 0xC5, 
	0x85, 0x85, 0x94, 0xB2, 0x79, 0x6D, 0x6E, 0x6D, 0x7E, 0x6E, 0x6D, 0x78, 0x78, 0x6D, 0x8D, 0x9F, 
	0x93, 0x7B, 0xB3, 0xCC, 0x8A, 0xC5, 0x15, 0xC6, 0x96, 0x7B, 0x85, 0x87, 0x4A, 0x4D, 0x4E, 0x4F, 
	0x4F, 0x4E, 0x42, 0x4F, 0x4C, 0x41, 0xA8, 0x46, 0x47, 0xA8, 0x45, 0x47, 0x4F, 0x80, 0x4E, 0x0F, 
	0x42, 0x6F, 0x8D, 0x87, 0x93, 0x5D, 0x79, 0x7E, 0x85, 0x6E, 0x6E, 0x94, 0x7B, 0x97, 0x83, 0x4C, 
	0x80, 0x4E, 0x0B, 0x4F, 0x41, 0x4E, 0xA8, 0x41, 0x4E, 0x48, 0x41, 0xA8, 0x47, 0x41, 0x4F, 0x80, 
	0x4E, 0x02, 0x45, 0x35, 0x93, 0x88, 0x85, 0x32, 0x7E, 0x72, 0x4C, 0x4E, 0x4E, 0x4F, 0x4E, 0x41, 
	0x4F, 0x4E, 0x41, 0x4F, 0x46, 0x45, 0xA8, 0x46, 0x45, 0x4F, 0x4E, 0x4E, 0x4D, 0x24, 0x57, 0x9B, 
	0x7B, 0x94, 0x6D, 0x6E, 0x85, 0x85, 0x83, 0x5D, 0x8E, 0x85, 0x85, 0x83, 0x4A, 0x4D, 0x4E, 0x4E, 
	0x4F, 0x41, 0x48, 0xA8, 0x45, 0x48, 0x4F, 0x41, 0x4F, 0x4E, 0x41, 0x81, 0x4E, 0x0B, 0x41, 0x25, 
	0x7E, 0x98, 0x87, 0x85, 0x8D, 0x93, 0x71, 0xB5, 0xFD, 0x40, 0x88, 0x00, 0x88, 0x00, 0x04, 0x1D, 
	0xCE, 0xE7, 0x9F, 0xC6, 0xAD, 0xC5, 0x0C, 0xC6, 0xCE, 0x96, 0x7B, 0x6E, 0x6D, 0x96, 0x96, 0x5D, 
	0x7B, 0x71, 0x85, 0x7B, 0x80, 0x6D, 0x1B, 0x78, 0x6E, 0x6E, 0x6D, 0x71, 0x8D, 0x71, 0x8D, 0x7B, 
	0x85, 0x96, 0x40, 0x5D, 0x71, 0x7B, 0x6D, 0x69, 0x85, 0x6E, 0x96, 0x94, 0x6D, 0x69, 0x85, 0x79, 
	0x6E, 0xC5, 0xCC, 0x97, 0xC5, 0x15, 0xC6, 0xC5, 0x85, 0x85, 0x8D, 0x9F, 0x69, 0x32, 0x3B, 0x3B, 
	0x3D, 0x3B, 0x33, 0x3D, 0x57, 0x37, 0x7B, 0x94, 0x8D, 0x7E, 0xB3, 0xCC, 0x8A, 0xC5, 0x3D, 0xCC, 
	0x9B, 0x7B, 0x85, 0x9A, 0x6A, 0x23, 0x24, 0x41, 0x41, 0x24, 0x46, 0x4E, 0x45, 0x41, 0x4F, 0x41, 
	0x41, 0x4E, 0x47, 0x24, 0x41, 0x27, 0x27, 0x23, 0x34, 0x9A, 0x85, 0x85, 0x8D, 0x5D, 0x6D, 0x6D, 
	0x6E, 0x69, 0x6D, 0x94, 0x7B, 0x87, 0x98, 0x43, 0x23, 0x24, 0x41, 0x24, 0x41, 0x4E, 0x4D, 0x24, 
	0x4D, 0x47, 0x41, 0x4E, 0x4E, 0x35, 0x27, 0x41, 0x41, 0x24, 0x23, 0x49, 0x9A, 0x87, 0x85, 0x3A, 
	0x89, 0x93, 0x8E, 0x35, 0x27, 0x27, 0x41, 0x24, 0x46, 0x4E, 0x47, 0x41, 0x4E, 0x45, 0x41, 0x4E, 
	0x4C, 0x27, 0x41, 0x41, 0x27, 0x23, 0x26, 0x8E, 0x94, 0x85, 0x94, 0x6D, 0x5D, 0x6E, 0x6D, 0x6D, 
	0x69, 0x8E, 0x8D, 0x89, 0x8E, 0x70, 0x26, 0x27, 0x41, 0x27, 0x27, 0x4C, 0x4E, 0x41, 0x45, 0x4D, 
	0x27, 0x48, 0x4E, 0x42, 0x27, 0x41, 0x27, 0x26, 0x21, 0x57, 0xB0, 0x81, 0x8D, 0x04, 0x93, 0x6E, 
	0xA0, 0xFD, 0x69, 0x88, 0x00, 0x88, 0x00, 0x05, 0x0F, 0xCC, 0xF5, 0x9F, 0xC6, 0xCC, 0xAD, 0xC5, 
	0x15, 0xD5, 0x71, 0x3E, 0x57, 0x37, 0x8D, 0x94, 0x37, 0x57, 0x69, 0x6E, 0x5D, 0x40, 0x37, 0x40, 
	0x3E, 0x3D, 0x57, 0x69, 0x37, 0x57, 0x3D, 0x80, 0x69, 0x10, 0x71, 0x5D, 0x57, 0x40, 0x5D, 0x3D, 
	0x37, 0x6E, 0x57, 0x6E, 0x71, 0x40, 0x3B, 0x3D, 0x5D, 0x6D, 0xDB, 0x98, 0xC5, 0x09, 0xC6, 0xC5, 
	0x85, 0x85, 0x8D, 0x94, 0x78, 0x57, 0x69, 0x6E, 0x81, 0x6D, 0x07, 0x69, 0x69, 0x7E, 0x93, 0x85, 
	0x7B, 0xB3, 0xCC, 0x8A, 0xC5, 0x1E, 0xCC, 0x9B, 0x79, 0x85, 0x85, 0x93, 0x6E, 0x49, 0x6A, 0x6A, 
	0x72, 0x74, 0x4A, 0x4A, 0x49, 0x72, 0x6A, 0x6A, 0x6C, 0x72, 0x72, 0x6A, 0x6A, 0x49, 0x49, 0x85, 
	0x93, 0x85, 0x85, 0x8D, 0x83, 0x81, 0x6E, 0x1A, 0x93, 0x85, 0x85, 0x87, 0x93, 0x85, 0x6A, 0x6A, 
	0x6C, 0x6C, 0x74, 0x6C, 0x6C, 0x6A, 0x6C, 0x6C, 0x49, 0x6C, 0x6C, 0x8A, 0x6C, 0x6C, 0x6A, 0x49, 
	0x6E, 0xAF, 0x87, 0x86, 0x85, 0x1C, 0x8D, 0x8D, 0x85, 0x94, 0x83, 0x6A, 0x6C, 0x6C, 0x72, 0x74, 
	0x4A, 0x6C, 0x70, 0x72, 0x6C, 0x6A, 0x4A, 0x72, 0x8A, 0x6C, 0x6C, 0x6E, 0x69, 0x86, 0x98, 0x87, 
	0x93, 0x85, 0x93, 0x80, 0x78, 0x07, 0x6E, 0x85, 0x93, 0x85, 0x8D, 0x87, 0xAE, 0x79, 0x80, 0x6C, 
	0x01, 0x8A, 0x72, 0x80, 0x6C, 0x14, 0x72, 0x6C, 0x70, 0x6C, 0x8A, 0x72, 0x6C, 0x6C, 0x6A, 0x70, 
	0xB0, 0x93, 0x8D, 0x8D, 0x93, 0x93, 0x85, 0x71, 0xD3, 0xFA, 0x33, 0x88, 0x00, 0x89, 0x00, 0x04, 
	0x6D, 0xFB, 0xC5, 0x7B, 0xC5, 0x81, 0xCC, 0x01, 0xC6, 0xC6, 0x83, 0xCC, 0x00, 0xC6, 0x93, 0xCC, 
	0x00, 0xC6, 0x88, 0xCC, 0x08, 0xC6, 0xCE, 0xB5, 0x9F, 0xB5, 0x9B, 0xB5, 0xC5, 0xB5, 0x81, 0x9F, 
	0x80, 0xB5, 0x1D, 0xB3, 0xB5, 0xA0, 0xB3, 0xB5, 0x9A, 0x9F, 0xB5, 0x9B, 0xB3, 0xC5, 0xCE, 0xC5, 
	0xB3, 0x9F, 0xB3, 0x9F, 0xB3, 0x9F, 0xBE, 0xB5, 0xB3, 0xBE, 0x9F, 0x9F, 0xCC, 0xCE, 0xCC, 0xC5, 
	0xC6, 0x80, 0xCC, 0x01, 0xC6, 0xC6, 0x8F, 0xCC, 0x08, 0xC6, 0xCE, 0xC5, 0x7B, 0x7E, 0x85, 0x7E, 
	0x85, 0x94, 0x80, 0x93, 0x04, 0x94, 0x93, 0x93, 0x94, 0x93, 0x80, 0x7E, 0x08, 0x78, 0xA0, 0xCE, 
	0xC5, 0xC5, 0xC6, 0xC5, 0xC5, 0xC6, 0x84, 0xC5, 0x02, 0xCE, 0x9A, 0x78, 0x80, 0x7E, 0x0C, 0x98, 
	0x94, 0x89, 0x93, 0x97, 0x82, 0x82, 0x87, 0x97, 0x82, 0x88, 0x93, 0x82, 0x80, 0x87, 0x08, 0x85, 
	0x8D, 0x94, 0x85, 0x79, 0x7B, 0x7B, 0x79, 0x7E, 0x81, 0x85, 0x19, 0x7B, 0x79, 0x7C, 0x7B, 0x7B, 
	0x82, 0x97, 0x93, 0x85, 0x85, 0x7E, 0x87, 0x82, 0x97, 0x82, 0x87, 0x93, 0x7E, 0x7E, 0x7B, 0x87, 
	0x87, 0x8D, 0x93, 0x98, 0x84, 0x80, 0x79, 0x82, 0x7B, 0x1A, 0x7E, 0x7E, 0x7B, 0x7B, 0x7E, 0x79, 
	0x7B, 0x93, 0x85, 0x83, 0x87, 0x7E, 0x71, 0x7E, 0xAE, 0x7B, 0x97, 0xAE, 0x7E, 0x7B, 0x7E, 0x87, 
	0x85, 0x85, 0xAE, 0x87, 0x71, 0x81, 0x79, 0x81, 0x85, 0x81, 0x79, 0x1F, 0x7C, 0x7C, 0x7B, 0x85, 
	0x85, 0x87, 0x7E, 0x7B, 0x7E, 0xAE, 0x97, 0x7E, 0x97, 0x82, 0x7E, 0x85, 0x7E, 0x7E, 0x85, 0x8E, 
	0x8D, 0x7C, 0x79, 0x7B, 0x7B, 0x7E, 0x79, 0x6E, 0xB5, 0xFB, 0xDB, 0x0F, 0x88, 0x00, 0x89, 0x00, 
	0x05, 0x20, 0xE7, 0xFA, 0x8D, 0x8D, 0xB5, 0x96, 0xA0, 0x03, 0xB5, 0xA0, 0xA0, 0xB5, 0x82, 0xA0, 
	0x03, 0xB5, 0xA0, 0xA0, 0xB5, 0x86, 0xA0, 0x01, 0x9F, 0xBD, 0x80, 0xC5, 0x01, 0xBD, 0xB5, 0x82, 
	0xC5, 0x00, 0xBD, 0x86, 0xC5, 0x05, 0xBD, 0xC5, 0xC5, 0xB5, 0xB5, 0xBD, 0x81, 0xC5, 0x03, 0xBD, 
	0xC5, 0xB5, 0xBD, 0x81, 0xC5, 0x02, 0xB5, 0xA0, 0xB5, 0x81, 0xA0, 0x8D, 0xB5, 0x01, 0xA0, 0xA0, 
	0x80, 0xB5, 0x0E, 0xA0, 0xB5, 0xA0, 0x85, 0x7B, 0x8D, 0x7B, 0x7B, 0x85, 0x7B, 0x8D, 0x7B, 0x7B, 
	0x85, 0x89, 0x82, 0x85, 0x02, 0x7B, 0x96, 0xB5, 0x86, 0xA0, 0x12, 0xB5, 0xA0, 0xA0, 0xB5, 0xB5, 
	0x96, 0x7B, 0x85, 0x85, 0x89, 0x85, 0x85, 0x89, 0x7E, 0x85, 0x89, 0x8D, 0x7B, 0x7B, 0x80, 0x89, 
	0x07, 0x85, 0x89, 0x8D, 0x85, 0x85, 0x7B, 0x8D, 0x8D, 0x89, 0x85, 0x02, 0x8D, 0x8D, 0x93, 0x83, 
	0x8D, 0x81, 0x89, 0x09, 0x8D, 0x87, 0x93, 0x8D, 0x93, 0x93, 0x8D, 0x8D, 0x93, 0x8E, 0x8F, 0x8D, 
	0x11, 0x93, 0x93, 0x89, 0x89, 0x8D, 0x89, 0x89, 0x8D, 0x93, 0x8D, 0x8D, 0x93, 0x8D, 0x8D, 0x93, 
	0x8D, 0x89, 0x89, 0x82, 0x8D, 0x04, 0x93, 0x93, 0x8D, 0x8D, 0x93, 0x82, 0x8D, 0x00, 0x93, 0x81, 
	0x94, 0x15, 0x93, 0x8D, 0x89, 0x8D, 0x8E, 0x8E, 0x93, 0x93, 0x95, 0x8D, 0x8D, 0x93, 0x93, 0x8E, 
	0x8E, 0x94, 0x93, 0x9A, 0xCC, 0xF6, 0xF6, 0x3B, 0x89, 0x00, 0x8A, 0x00, 0x03, 0x3B, 0xED, 0xFA, 
	0xDE, 0xBD, 0xCE, 0x07, 0xD3, 0xCE, 0xD3, 0xD3, 0xCE, 0xCE, 0xD3, 0xCE, 0x80, 0xD3, 0x80, 0xCE, 
	0x00, 0xDB, 0x80, 0xD3, 0x07, 0xD7, 0xD3, 0xCE, 0xD3, 0xCE, 0xD3, 0xD3, 0xD7, 0x80, 0xDB, 0x82, 
	0xD3, 0x00, 0xDB, 0x8B, 0xD3, 0x81, 0xDB, 0x02, 0xD3, 0xDB, 0xDC, 0x81, 0xDB, 0x04, 0xDC, 0xDC, 
	0xDB, 0xDC, 0xEA, 0x80, 0xDC, 0x82, 0xE8, 0x8E, 0xDB, 0x09, 0xDC, 0xDB, 0xDB, 0xDC, 0xDC, 0xEA, 
	0xE8, 0xDC, 0xDE, 0xDC, 0x81, 0xEA, 0x01, 0xE8, 0xE8, 0x85, 0xDC, 0x8C, 0xE8, 0x82, 0xEA, 0x04, 
	0xDC, 0xEA, 0xE8, 0xDC, 0xDC, 0x83, 0xEA, 0x01, 0xE8, 0xE8, 0x80, 0xEA, 0x81, 0xE8, 0x80, 0xEA, 
	0x80, 0xE8, 0x01, 0xDC, 0xDC, 0xA1, 0xEA, 0x80, 0xED, 0x04, 0xEA, 0xEA, 0xED, 0xEA, 0xEA, 0x82, 
	0xED, 0x81, 0xEF, 0x02, 0xEA, 0xED, 0xEA, 0x82, 0xED, 0x02, 0xFA, 0xF5, 0x40, 0x8A, 0x00, 0x8B, 
	0x00, 0x04, 0x33, 0xB2, 0xE8, 0xE8, 0xED, 0x96, 0xE8, 0x00, 0xE7, 0x81, 0xED, 0x02, 0xEA, 0xE7, 
	0xE7, 0x94, 0xE8, 0x06, 0xED, 0xED, 0xEA, 0xEA, 0xED, 0xED, 0xE8, 0x9C, 0xE7, 0x02, 0xD5, 0xD5, 
	0xDB, 0x84, 0xD5, 0x80, 0xE7, 0x01, 0xDB, 0xDB, 0x80, 0xE7, 0x06, 0xD5, 0xD5, 0xDB, 0xDB, 0xD5, 
	0xD5, 0xE7, 0x82, 0xD5, 0x80, 0xDB, 0x01, 0xD5, 0xD5, 0x82, 0xDB, 0x89, 0xD5, 0x80, 0xD2, 0x83, 
	0xD5, 0x03, 0xD2, 0xD5, 0xD5, 0xD2, 0x81, 0xD5, 0x87, 0xD2, 0x80, 0xD5, 0x97, 0xD2, 0x00, 0xCC, 
	0x86, 0xD2, 0x00, 0xCC, 0x81, 0xD2, 0x02, 0xCE, 0xD2, 0xD5, 0x84, 0xE7, 0x96, 0xD2, 0x03, 0xDB, 
	0xD5, 0xD5, 0xE7, 0x81, 0xD2, 0x80, 0xD5, 0x01, 0xD2, 0xD2, 0x80, 0xD5, 0x8C, 0xD2, 0x03, 0xD5, 
	0xCE, 0x96, 0x37, 0x8B, 0x00, 0x8C, 0x00, 0x05, 0x0F, 0x33, 0x3E, 0x3E, 0x3D, 0x3E, 0x94, 0x40, 
	0x01, 0x5D, 0x57, 0x81, 0x40, 0x95, 0x57, 0x80, 0x40, 0x81, 0x3D, 0x05, 0x3E, 0x57, 0x69, 0x5D, 
	0x5D, 0x69, 0x8E, 0x5D, 0x80, 0x57, 0x83, 0x5D, 0x87, 0x57, 0x97, 0x40, 0x01, 0x3E, 0x3E, 0x85, 
	0x40, 0x01, 0x3E, 0x3E, 0x81, 0x40, 0x00, 0x3E, 0x81, 0x40, 0x01, 0x3E, 0x40, 0x8C, 0x3E, 0x01, 
	0x3D, 0x3D, 0x8E, 0x3E, 0x01, 0x3D, 0x3E, 0x99, 0x3D, 0x03, 0x3E, 0x37, 0x32, 0x37, 0x81, 0x33, 
	0x03, 0x37, 0x37, 0x3B, 0x3D, 0x94, 0x3B, 0x80, 0x37, 0x02, 0x33, 0x3B, 0x33, 0x95, 0x32, 0x03, 
	0x33, 0x33, 0x29, 0x0F, 0x8C, 0x00, 0xA9, 0x00, 0x05, 0x08, 0x1D, 0x1D, 0x1A, 0x1A, 0x1D, 0x95, 
	0x20, 0x03, 0x1D, 0x00, 0x02, 0x0F, 0x80, 0x1D, 0x02, 0x00, 0x08, 0x0F, 0x8D, 0x08, 0x03, 0x05, 
	0x05, 0x07, 0x06, 0x88, 0x02, 0xF9, 0x00, 0x06, 0x02, 0x0F, 0x08, 0x0D, 0x0D, 0x00, 0x00, 0x95, 
	0x20, 0x05, 0x1D, 0x00, 0x02, 0x02, 0x08, 0x08, 0xA9, 0x00, 0xAA, 0x00, 0x81, 0x08, 0x02, 0x0F, 
	0x31, 0x29, 0x93, 0x31, 0x02, 0x29, 0x0F, 0x31, 0x80, 0x0F, 0x00, 0x08, 0xFF, 0x00, 0x9A, 0x00, 
	0x80, 0x08, 0x02, 0x31, 0x20, 0x0F, 0x94, 0x31, 0x01, 0x33, 0x1D, 0x80, 0x00, 0x00, 0x02, 0xAA, 
	0x00, 0xAE, 0x00, 0x00, 0x02, 0x94, 0x31, 0x03, 0x33, 0x20, 0x1D, 0x1D, 0xFF, 0x00, 0xA1, 0x00, 
	0x03, 0x08, 0x20, 0x0F, 0x32, 0x93, 0x31, 0x01, 0x33, 0x1D, 0xAE, 0x00, 0xAE, 0x00, 0x03, 0x08, 
	0x33, 0x31, 0x33, 0x81, 0x32, 0x8D, 0x31, 0x03, 0x33, 0x31, 0x1D, 0x02, 0xFF, 0x00, 0xA2, 0x00, 
	0x03, 0x0F, 0x1D, 0x31, 0x33, 0x87, 0x31, 0x80, 0x32, 0x80, 0x33, 0x01, 0x32, 0x32, 0x80, 0x33, 
	0x01, 0x37, 0x20, 0xAE, 0x00, 0xAE, 0x00, 0x00, 0x08, 0x95, 0x33, 0x01, 0x29, 0x02, 0xFF, 0x00, 
	0xA5, 0x00, 0x00, 0x29, 0x93, 0x33, 0x01, 0x3B, 0x20, 0xAE, 0x00, 0xAE, 0x00, 0x03, 0x08, 0x33, 
	0x33, 0x37, 0x91, 0x33, 0x01, 0x3B, 0x20, 0xFF, 0x00, 0xA6, 0x00, 0x01, 0x31, 0x37, 0x91, 0x33, 
	0x02, 0x37, 0x3B, 0x20, 0xAE, 0x00, 0xAE, 0x00, 0x01, 0x06, 0x31, 0x93, 0x33, 0x01, 0x3B, 0x1D, 
	0xFF, 0x00, 0xA6, 0x00, 0x00, 0x20, 0x94, 0x31, 0x00, 0x0F, 0xAE, 0x00, 0xB0, 0x00, 0x83, 0x02, 
	0x83, 0x06, 0x88, 0x08, 0xFF, 0x00, 0xA8, 0x00, 0x00, 0x02, 0x8C, 0x00, 0x00, 0x02, 0xB5, 0x00, 
	0xFF, 0x00, 0xFF, 0x00, 0xB9, 0x00, 0xFF, 0x00, 0xFF, 0x00, 0xB9, 0x00, 0xFF, 0x00, 0xFF, 0x00, 
	0xB9, 0x00, 0xFF, 0x00, 0xFF, 0x00, 0xB9, 0x00, 0xFF, 0x00, 0xFF, 0x00, 0xB9, 0x00, 0xFF, 0x00, 
	0xFF, 0x00, 0xB9, 0x00, 0xFF, 0x00, 0xFF, 0x00, 0xB9, 0x00, 0xFF, 0x00, 0xFF, 0x00, 0xB9, 0x00, 
	0xFF, 0x00, 0xFF, 0x00, 0xB9, 0x00, 0xFF, 0x00, 0xFF, 0x00, 0xB9, 0x00, 0xFF, 0x00, 0xFF, 0x00, 
	0xB9, 0x00, 0xFF, 0x00, 0xFF, 0x00, 0xB9, 0x00, 0xFF, 0x00, 0xFF, 0x00, 0xB9, 0x00, 0xFF, 0x00, 
	0xFF, 0x00, 0xB9, 0x00, 0xFF, 0x00, 0xFF, 0x00, 0xB9, 0x00, 0xFF, 0x00, 0xFF, 0x00, 0xB9, 0x00, 
	0xFF, 0x00, 0xFF, 0x00, 0xB9, 0x00, 0xFF, 0x00, 0xFF, 0x00, 0xB9, 0x00, 0xFF, 0x00, 0xFF, 0x00, 
	0xB9, 0x00, 0xFF, 0x00, 0xFF, 0x00, 0xB9, 0x00, 0xFF, 0x00, 0xFF, 0x00, 0xB9, 0x00, 0xFF, 0x00, 
	0xFF, 0x00, 0xB9, 0x00, 0xFF, 0x00, 0xFF, 0x00, 0xB9, 0x00, 0xFF, 0x00, 0xFF, 0x00, 0xB9, 0x00, 
	0xFF, 0x00, 0xFF, 0x00, 0xB9, 0x00, 0xFF, 0x00, 0xFF, 0x00, 0xB9, 0x00, 0xFF, 0x00, 0xFF, 0x00, 
	0xB9, 0x00, 0xFF, 0x00, 0xFF, 0x00, 0xB9, 0x00, 0xFF, 0x00, 0xFF, 0x00, 0xB9, 0x00, 0xFF, 0x00, 
	0xFF, 0x00, 0xB9, 0x00, 0xFF, 0x00, 0xFF, 0x00, 0xB9, 0x00, 0xFF, 0x00, 0xFF, 0x00, 0xB9, 0x00, 
	0xFF, 0x00, 0xFF, 0x00, 0xB9, 0x00, 0xFF, 0x00, 0xFF, 0x00, 0xB9, 0x00, 0xFF, 0x00, 0xFF, 0x00, 
	0xB9, 0x00, 0xFF, 0x00, 0xFF, 0x00, 0xB9, 0x00, 0xFF, 0x00, 0xFF, 0x00, 0xB9, 0x00, 0xFF, 0x00, 
	0xFF, 0x00, 0xB9, 0x00, 0xFF, 0x00, 0xFF, 0x00, 0xB9, 0x00, 0xFF, 0x00, 0xFF, 0x00, 0xB9, 0x00, 
	0xFF, 0x00, 0xFF, 0x00, 0xB9, 0x00, 0xFF, 0x00, 0xFF, 0x00, 0xB9, 0x00, 0xFF, 0x00, 0xFF, 0x00, 
	0xB9, 0x00, 0xFF, 0x00, 0xFF, 0x00, 0xB9, 0x00, 0xFF, 0x00, 0xFF, 0x00, 0xB9, 0x00, 0xFF, 0x00, 
	0xFF, 0x00, 0xB9, 0x00, 0xFF, 0x00, 0xFF, 0x00, 0xB9, 0x00, 0xFF, 0x00, 0xFF, 0x00, 0xB9, 0x00, 
	0xFF, 0x00, 0xFF, 0x00, 0xB9, 0x00, 0xFF, 0x00, 0xFF, 0x00, 0xB9, 0x00, 0xFF, 0x00, 0xFF, 0x00, 
	0xB9, 0x00, 0xFF, 0x00, 0xFF, 0x00, 0xB9, 0x00, 0xFF, 0x00, 0xFF, 0x00, 0xB9, 0x00, 0xFF, 0x00, 
	0xFF, 0x00, 0xB9, 0x00, 0xFF, 0x00, 0xFF, 0x00, 0xB9, 0x00, 0xFF, 0x00, 0xFF, 0x00, 0xB9, 0x00, 
	0xFF, 0x00, 0xFF, 0x00, 0xB9, 0x00, 0xFF, 0x00, 0xFF, 0x00, 0xB9, 0x00, 0xFF, 0x00, 0xFF, 0x00, 
	0xB9, 0x00, 0xFF, 0x00, 0xFF, 0x00, 0xB9, 0x00, 0xFF, 0x00, 0xFF, 0x00, 0xB9, 0x00, 0xFF, 0x00, 
	0xFF, 0x00, 0xB9, 0x00, 0xFF, 0x00, 0xFF, 0x00, 0xB9, 0x00, 0xFF, 0x00, 0xFF, 0x00, 0xB9, 0x00, 
	0xFF, 0x00, 0xFF, 0x00, 0xB9, 0x00, 0xFF, 0x00, 0xFF, 0x00, 0xB9, 0x00, 0xFF, 0x00, 0xFF, 0x00, 
	0xB9, 0x00, 0xFF, 0x00, 0xFF, 0x00, 0xB9, 0x00, 0xFF, 0x00, 0xFF, 0x00, 0xB9, 0x00, 0xFF, 0x00, 
	0xFF, 0x00, 0xB9, 0x00, 0xFF, 0x00, 0xFF, 0x00, 0xB9, 0x00, 0xFF, 0x00, 0xFF, 0x00, 0xB9, 0x00, 
	0xFF, 0x00, 0xFF, 0x00, 0xB9, 0x00, 0xFF, 0x00, 0xFF, 0x00, 0xB9, 0x00, 0xFF, 0x00, 0xFF, 0x00, 
	0xB9, 0x00, 0xFF, 0x00, 0xFF, 0x00, 0xB9, 0x00, 0xFF, 0x00, 0xFF, 0x00, 0xB9, 0x00, 0xFF, 0x00, 
	0xFF, 0x00, 0xB9, 0x00, 0xFF, 0x00, 0xFF, 0x00, 0xB9, 0x00, 0xFF, 0x00, 0xFF, 0x00, 0xB9, 0x00, 
	0xFF, 0x00, 0xFF, 0x00, 0xB9, 0x00, 0xFF, 0x00, 0xFF, 0x00, 0xB9, 0x00, 0xFF, 0x00, 0xFF, 0x00, 
	0xB9, 0x00, 0xFF, 0x00, 0xFF, 0x00, 0xB9, 0x00, 0xFF, 0x00, 0xFF, 0x00, 0xB9, 0x00, 0xFF, 0x00, 
	0xFF, 0x00, 0xB9, 0x00, 0xFF, 0x00, 0xFF, 0x00, 0xB9, 0x00, 0xFF, 0x00, 0xFF, 0x00, 0xB9, 0x00, 
	0xFF, 0x00, 0xFF, 0x00, 0xB9, 0x00, 0xFF, 0x00, 0xFF, 0x00, 0xB9, 0x00, 0xFF, 0x00, 0xFF, 0x00, 
	0xB9, 0x00, 0xFF, 0x00, 0xFF, 0x00, 0xB9, 0x00, 0xFF, 0x00, 0xFF, 0x00, 0xB9, 0x00, 0xFF, 0x00, 
	0xFF, 0x00, 0xB9, 0x00, 0xFF, 0x00, 0xFF, 0x00, 0xB9, 0x00, 0xFF, 0x00, 0xFF, 0x00, 0xB9, 0x00, 
	0xFF, 0x00, 0xFF, 0x00, 0xB9, 0x00, 0xFF, 0x00, 0xFF, 0x00, 0xB9, 0x00, 0xFF, 0x00, 0xFF, 0x00, 
	0xB9, 0x00, 0xFF, 0x00, 0xFF, 0x00, 0xB9, 0x00, 0xFF, 0x00, 0xFF, 0x00, 0xB9, 0x00, 0xFF, 0x00, 
	0xFF, 0x00, 0xB9, 0x00, 0xFF, 0x00, 0xFF, 0x00, 0xB9, 0x00, 0xFF, 0x00, 0xFF, 0x00, 0xB9, 0x00, 
	0xFF, 0x00, 0xFF, 0x00, 0xB9, 0x00, 0xFF, 0x00, 0xFF, 0x00, 0xB9, 0x00, 0xFF, 0x00, 0xFF, 0x00, 
	0xB9, 0x00, 0xFF, 0x00, 0xFF, 0x00, 0xB9, 0x00, 0xFF, 0x00, 0xFF, 0x00, 0xB9, 0x00, 0xFF, 0x00, 
	0xFF, 0x00, 0xB9, 0x00, 0xFF, 0x00, 0xFF, 0x00, 0xB9, 0x00, 0xFF, 0x00, 0xFF, 0x00, 0xB9, 0x00, 
};
