#include "../include.h"

// format: 4-bit paletted pixel graphics
// image width: 266 pixels
// image height: 304 lines
// image pitch: 133 bytes
const u16 PiecesImgF_Pal[16] __attribute__ ((aligned(4))) = {
	0x0000, 0x18E3, 0x39E7, 0x62EB, 0xB44C, 0xB3B1, 0x7D58, 0x8430, 0xB554, 0xFCF7, 0xF714, 0x9EDF, 0xCE58, 0xFE7B, 0xEF5D, 0xFFFF, 
};

const u8 PiecesImgF[40432] __attribute__ ((aligned(4))) = {
	0x34, 0x44, 0x44, 0x44, 0x44, 0x44, 0x44, 0x44, 0x44, 0x44, 0x44, 0x44, 0x44, 0x44, 0x44, 0x44, 
	0x44, 0x44, 0x44, 0x44, 0x44, 0x44, 0x44, 0x44, 0x44, 0x44, 0x44, 0x44, 0x44, 0x44, 0x44, 0x44, 
	0x44, 0x44, 0x44, 0x44, 0x44, 0x44, 0x44, 0x44, 0x44, 0x44, 0x44, 0x44, 0x44, 0x44, 0x44, 0x44, 
	0x44, 0x44, 0x44, 0x44, 0x44, 0x44, 0x44, 0x44, 0x44, 0x44, 0x44, 0x44, 0x44, 0x44, 0x44, 0x44, 
	0x44, 0x44, 0x44, 0x44, 0x44, 0x44, 0x44, 0x44, 0x44, 0x44, 0x44, 0x44, 0x44, 0x44, 0x44, 0x44, 
	0x44, 0x44, 0x44, 0x44, 0x44, 0x44, 0x44, 0x44, 0x44, 0x44, 0x44, 0x44, 0x44, 0x44, 0x44, 0x44, 
	0x44, 0x44, 0x44, 0x44, 0x44, 0x44, 0x44, 0x44, 0x44, 0x44, 0x44, 0x44, 0x44, 0x44, 0x44, 0x44, 
	0x44, 0x44, 0x44, 0x44, 0x44, 0x44, 0x44, 0x44, 0x44, 0x44, 0x44, 0x44, 0x44, 0x44, 0x44, 0x44, 
	0x44, 0x44, 0x44, 0x44, 0x43, 0x44, 0x44, 0x44, 0x44, 0x44, 0x44, 0x44, 0x44, 0x44, 0x44, 0x44, 
	0x44, 0x44, 0x44, 0x44, 0x44, 0x44, 0x44, 0x44, 0x44, 0x44, 0x44, 0x44, 0x44, 0x44, 0x44, 0x44, 
	0x44, 0x44, 0x44, 0x44, 0x44, 0x44, 0x44, 0x44, 0x44, 0x44, 0x44, 0x44, 0x44, 0x44, 0x44, 0x44, 
	0x44, 0x44, 0x44, 0x44, 0x44, 0x44, 0x44, 0x44, 0x44, 0x44, 0x44, 0x44, 0x44, 0x44, 0x44, 0x44, 
	0x44, 0x44, 0x44, 0x44, 0x44, 0x44, 0x44, 0x44, 0x44, 0x44, 0x44, 0x44, 0x44, 0x44, 0x44, 0x44, 
	0x44, 0x44, 0x44, 0x44, 0x44, 0x44, 0x44, 0x44, 0x44, 0x44, 0x44, 0x44, 0x44, 0x44, 0x44, 0x44, 
	0x44, 0x44, 0x44, 0x44, 0x44, 0x44, 0x44, 0x44, 0x44, 0x44, 0x44, 0x44, 0x44, 0x44, 0x44, 0x44, 
	0x44, 0x44, 0x44, 0x44, 0x44, 0x44, 0x44, 0x44, 0x44, 0x44, 0x44, 0x44, 0x44, 0x44, 0x44, 0x44, 
	0x44, 0x44, 0x44, 0x44, 0x44, 0x44, 0x44, 0x44, 0x44, 0x44, 0x44, 0x44, 0x44, 0x44, 0x44, 0x44, 
	0x44, 0x44, 0x44, 0x44, 0x44, 0x44, 0x44, 0x44, 0x44, 0x44, 0x44, 0x44, 0x44, 0x44, 0x44, 0x44, 
	0x44, 0x44, 0x44, 0x44, 0x44, 0x44, 0x44, 0x44, 0x44, 0x44, 0x44, 0x44, 0x44, 0x44, 0x44, 0x44, 
	0x44, 0x44, 0x44, 0x44, 0x44, 0x44, 0x44, 0x44, 0x44, 0x44, 0x44, 0x44, 0x44, 0x44, 0x44, 0x44, 
	0x44, 0x44, 0x44, 0x44, 0x44, 0x44, 0x44, 0x44, 0x44, 0x44, 0x44, 0x44, 0x44, 0x44, 0x44, 0x44, 
	0x44, 0x44, 0x44, 0x44, 0x44, 0x44, 0x44, 0x44, 0x44, 0x44, 0x44, 0x44, 0x44, 0x44, 0x44, 0x44, 
	0x44, 0x44, 0x44, 0x44, 0x44, 0x44, 0x44, 0x44, 0x44, 0x44, 0x44, 0x44, 0x44, 0x44, 0x44, 0x44, 
	0x44, 0x44, 0x44, 0x44, 0x44, 0x44, 0x44, 0x44, 0x44, 0x44, 0x44, 0x44, 0x44, 0x44, 0x44, 0x44, 
	0x44, 0x44, 0x44, 0x44, 0x48, 0x88, 0x44, 0x44, 0x44, 0x44, 0x44, 0x44, 0x44, 0x44, 0x44, 0x44, 
	0x44, 0x44, 0x44, 0x44, 0x44, 0x44, 0x44, 0x44, 0x44, 0x44, 0x44, 0x44, 0x44, 0x44, 0x44, 0x44, 
	0x44, 0x44, 0x44, 0x44, 0x44, 0x44, 0x44, 0x44, 0x44, 0x44, 0x44, 0x44, 0x44, 0x44, 0x44, 0x44, 
	0x44, 0x44, 0x44, 0x44, 0x44, 0x44, 0x44, 0x44, 0x44, 0x44, 0x44, 0x44, 0x44, 0x44, 0x44, 0x44, 
	0x44, 0x44, 0x44, 0x44, 0x44, 0x44, 0x44, 0x44, 0x44, 0x44, 0x44, 0x44, 0x44, 0x44, 0x44, 0x44, 
	0x44, 0x48, 0x88, 0x44, 0x44, 0x44, 0x44, 0x44, 0x44, 0x44, 0x44, 0x44, 0x44, 0x44, 0x44, 0x44, 
	0x44, 0x44, 0x44, 0x44, 0x44, 0x44, 0x44, 0x44, 0x44, 0x44, 0x44, 0x44, 0x44, 0x44, 0x44, 0x44, 
	0x44, 0x44, 0x44, 0x44, 0x44, 0x44, 0x44, 0x44, 0x44, 0x44, 0x44, 0x44, 0x44, 0x44, 0x44, 0x44, 
	0x44, 0x44, 0x44, 0x44, 0x44, 0x44, 0x44, 0x44, 0x44, 0x8C, 0xCC, 0x84, 0x44, 0x44, 0x44, 0x44, 
	0x44, 0x44, 0x44, 0x44, 0x44, 0x44, 0x44, 0x44, 0x44, 0x44, 0x44, 0x44, 0x44, 0x44, 0x44, 0x44, 
	0x44, 0x44, 0x44, 0x44, 0x44, 0x44, 0x44, 0x44, 0x44, 0x44, 0x44, 0x44, 0x44, 0x44, 0x44, 0x44, 
	0x44, 0x44, 0x44, 0x44, 0x44, 0x44, 0x44, 0x44, 0x44, 0x44, 0x44, 0x44, 0x44, 0x44, 0x44, 0x44, 
	0x44, 0x48, 0x88, 0x44, 0x44, 0x44, 0x44, 0x44, 0x44, 0x44, 0x44, 0x44, 0x44, 0x44, 0x44, 0x44, 
	0x44, 0x44, 0x44, 0x44, 0x44, 0x48, 0xCE, 0xEC, 0xC4, 0x44, 0x44, 0x44, 0x44, 0x44, 0x44, 0x44, 
	0x44, 0x44, 0x44, 0x44, 0x44, 0x44, 0x44, 0x44, 0x44, 0x44, 0x44, 0x44, 0x44, 0x44, 0x44, 0x44, 
	0x44, 0x44, 0x44, 0x44, 0x44, 0x44, 0x44, 0x44, 0x44, 0x48, 0xC8, 0x44, 0x44, 0x44, 0x48, 0x88, 
	0x44, 0x44, 0x44, 0x44, 0x44, 0x44, 0x44, 0x44, 0x44, 0x44, 0x44, 0x44, 0x44, 0x44, 0xCC, 0xCC, 
	0xC8, 0x44, 0x44, 0x44, 0x44, 0x44, 0x44, 0x44, 0x44, 0x44, 0x44, 0x44, 0x44, 0x44, 0x44, 0x44, 
	0x44, 0x44, 0x44, 0x44, 0x44, 0x44, 0x44, 0x44, 0x44, 0x44, 0x44, 0x44, 0x44, 0x44, 0x44, 0x44, 
	0x44, 0x44, 0x44, 0x44, 0x44, 0x44, 0x44, 0x44, 0x44, 0x44, 0x44, 0x44, 0x44, 0x44, 0x44, 0x44, 
	0x44, 0x44, 0x44, 0x44, 0x44, 0x48, 0x88, 0x8C, 0x94, 0x44, 0x44, 0x44, 0x44, 0x44, 0x44, 0x44, 
	0x44, 0x44, 0x44, 0x44, 0x44, 0x44, 0x44, 0x44, 0x44, 0x44, 0x8C, 0xC8, 0x8C, 0xC8, 0x44, 0x44, 
	0x44, 0x44, 0x44, 0x44, 0x44, 0x44, 0x44, 0x44, 0x44, 0x44, 0x44, 0x44, 0x44, 0x44, 0x44, 0x44, 
	0x44, 0x44, 0x44, 0x44, 0x44, 0x44, 0x44, 0x44, 0x44, 0x44, 0x44, 0x44, 0x44, 0x48, 0xCC, 0x8C, 
	0xC8, 0x44, 0x8C, 0xCC, 0xCC, 0xC4, 0x44, 0x44, 0x44, 0x44, 0x44, 0x44, 0x44, 0x44, 0x44, 0x44, 
	0x44, 0x44, 0x48, 0xCC, 0x78, 0xCC, 0x44, 0x44, 0x44, 0x44, 0x44, 0x44, 0x44, 0x44, 0x44, 0x44, 
	0x44, 0x44, 0x44, 0x44, 0x44, 0x44, 0x44, 0x44, 0x44, 0x44, 0x44, 0x44, 0x44, 0x44, 0x44, 0x44, 
	0x44, 0x44, 0x44, 0x44, 0x44, 0x44, 0x44, 0x44, 0x44, 0x44, 0x44, 0x44, 0x44, 0x44, 0x44, 0x44, 
	0x44, 0x44, 0x44, 0x44, 0x44, 0x44, 0x44, 0x44, 0x44, 0x44, 0x48, 0xC8, 0x78, 0xD8, 0x88, 0x44, 
	0x44, 0x44, 0x44, 0x44, 0x44, 0x44, 0x44, 0x44, 0x44, 0x44, 0x44, 0x44, 0x44, 0x44, 0x44, 0xCC, 
	0x72, 0x27, 0xC8, 0x84, 0x44, 0x44, 0x44, 0x44, 0x44, 0x44, 0x44, 0x44, 0x44, 0x44, 0x48, 0x88, 
	0x88, 0x84, 0x48, 0x88, 0x88, 0x44, 0x88, 0x88, 0x84, 0x44, 0x44, 0x44, 0x44, 0x44, 0x44, 0x44, 
	0x44, 0x44, 0x4C, 0xC8, 0x78, 0xCC, 0x84, 0xCC, 0xC8, 0x8C, 0xC8, 0x44, 0x44, 0x44, 0x44, 0x44, 
	0x44, 0x44, 0x44, 0x44, 0x44, 0x44, 0x48, 0xCC, 0xC8, 0x23, 0xCC, 0x88, 0x44, 0x44, 0x44, 0x44, 
	0x44, 0x44, 0x44, 0x44, 0x44, 0x44, 0x44, 0x44, 0x44, 0x44, 0x44, 0x44, 0x44, 0x44, 0x44, 0x44, 
	0x44, 0x44, 0x44, 0x44, 0x44, 0x44, 0x44, 0x44, 0x44, 0x44, 0x44, 0x44, 0x44, 0x44, 0x44, 0x44, 
	0x44, 0x44, 0x44, 0x44, 0x44, 0x44, 0x44, 0x44, 0x44, 0x44, 0x44, 0x44, 0x44, 0x44, 0x44, 0x4C, 
	0xC3, 0x27, 0xCC, 0xCC, 0x84, 0x44, 0x44, 0x44, 0x44, 0x44, 0x44, 0x44, 0x44, 0x44, 0x44, 0x44, 
	0x44, 0x44, 0x44, 0x44, 0xCC, 0x31, 0x17, 0xCC, 0x84, 0x44, 0x44, 0x44, 0x44, 0x44, 0x44, 0x44, 
	0x44, 0x44, 0x44, 0x4C, 0xEF, 0xFE, 0xC4, 0x8C, 0xEE, 0xEC, 0x84, 0xCE, 0xFF, 0xEC, 0x44, 0x44, 
	0x44, 0x44, 0x44, 0x44, 0x44, 0x44, 0x44, 0x8C, 0x72, 0x01, 0x78, 0xC4, 0xCC, 0x31, 0x13, 0xC8, 
	0x84, 0x44, 0x44, 0x44, 0x44, 0x44, 0x44, 0x44, 0x44, 0x44, 0x44, 0x4C, 0xEE, 0xC3, 0x12, 0x8E, 
	0xCC, 0x84, 0x44, 0x44, 0x44, 0x44, 0x44, 0x44, 0x44, 0x44, 0x44, 0x44, 0x44, 0x44, 0x44, 0x44, 
	0x44, 0x44, 0x44, 0x44, 0x44, 0x44, 0x44, 0x44, 0x44, 0x44, 0x44, 0x44, 0x44, 0x44, 0x44, 0x44, 
	0x44, 0x44, 0x44, 0x44, 0x44, 0x44, 0x44, 0x44, 0x44, 0x44, 0x44, 0x44, 0x44, 0x44, 0x44, 0x44, 
	0x44, 0x44, 0x44, 0x44, 0x8C, 0xC2, 0x12, 0x37, 0x78, 0x8C, 0xC9, 0x44, 0x44, 0x44, 0x44, 0x44, 
	0x44, 0x44, 0x44, 0x44, 0x44, 0x44, 0x44, 0x44, 0x44, 0xCC, 0x32, 0x38, 0xC8, 0x44, 0x44, 0x44, 
	0x44, 0x44, 0x44, 0x44, 0x44, 0x44, 0x44, 0x44, 0x4C, 0xE7, 0x7C, 0xE8, 0xCC, 0x77, 0x78, 0xC8, 
	0xCC, 0x77, 0xCC, 0x44, 0x44, 0x44, 0x44, 0x44, 0x44, 0x44, 0x44, 0x44, 0x8E, 0x72, 0x00, 0x38, 
	0xC4, 0xC8, 0x10, 0x03, 0x8C, 0x84, 0x44, 0x44, 0x44, 0x44, 0x44, 0x44, 0x44, 0x44, 0x44, 0x44, 
	0x8C, 0xC7, 0x32, 0x01, 0x37, 0x8C, 0xC4, 0x44, 0x44, 0x44, 0x44, 0x44, 0x44, 0x44, 0x44, 0x44, 
	0x44, 0x44, 0x44, 0x44, 0x44, 0x44, 0x44, 0x44, 0x44, 0x44, 0x44, 0x44, 0x44, 0x44, 0x44, 0x44, 
	0x44, 0x44, 0x44, 0x44, 0x44, 0x44, 0x44, 0x44, 0x48, 0xCC, 0xCC, 0xC8, 0x44, 0x44, 0x44, 0x44, 
	0x44, 0x44, 0x44, 0x44, 0x44, 0x44, 0x44, 0x44, 0x44, 0xCC, 0x72, 0x00, 0x12, 0x33, 0x78, 0xCC, 
	0xC8, 0x44, 0x44, 0x44, 0x44, 0x44, 0x44, 0x44, 0x44, 0x44, 0x44, 0x44, 0x44, 0x48, 0xDC, 0x32, 
	0x8C, 0xC8, 0x84, 0x44, 0x44, 0x44, 0x44, 0x44, 0x44, 0x44, 0x44, 0x44, 0x44, 0x4C, 0xE3, 0x28, 
	0xCC, 0xC8, 0x20, 0x27, 0xCC, 0xC8, 0x23, 0x8D, 0x44, 0x44, 0x44, 0x44, 0x44, 0x44, 0x44, 0x44, 
	0x44, 0x8C, 0x82, 0x10, 0x38, 0x84, 0xCC, 0x10, 0x13, 0xCC, 0x84, 0x44, 0x44, 0x44, 0x44, 0x44, 
	0x44, 0x44, 0x44, 0x44, 0x44, 0x4C, 0xC7, 0x32, 0x01, 0x37, 0x8C, 0x84, 0x44, 0x44, 0x44, 0x44, 
	0x44, 0x44, 0x44, 0x44, 0x44, 0x44, 0x44, 0x44, 0x44, 0x44, 0x44, 0x44, 0x44, 0x44, 0x44, 0x44, 
	0x44, 0x44, 0x44, 0x44, 0x44, 0x44, 0x44, 0x44, 0x44, 0x44, 0x44, 0x44, 0x44, 0x8C, 0xCC, 0xCC, 
	0xCC, 0x84, 0x44, 0x44, 0x44, 0x44, 0x44, 0x44, 0x44, 0x44, 0x44, 0x44, 0x44, 0x48, 0xC8, 0x20, 
	0x00, 0x00, 0x00, 0x01, 0x38, 0xCC, 0x44, 0x44, 0x44, 0x44, 0x44, 0x44, 0x44, 0x44, 0x44, 0x44, 
	0x44, 0x44, 0x8C, 0xE8, 0x33, 0xCC, 0x88, 0x88, 0x44, 0x44, 0x44, 0x44, 0x44, 0x44, 0x44, 0x44, 
	0x44, 0x44, 0x4C, 0xC2, 0x17, 0x8C, 0x87, 0x10, 0x17, 0x88, 0x87, 0x12, 0x8D, 0x44, 0x44, 0x44, 
	0x44, 0x44, 0x44, 0x44, 0x88, 0x84, 0x8C, 0x87, 0x21, 0x78, 0x84, 0xCC, 0x10, 0x38, 0xE8, 0x88, 
	0x88, 0x84, 0x44, 0x44, 0x44, 0x44, 0x44, 0x44, 0x44, 0x88, 0x4C, 0xCC, 0x73, 0x01, 0x78, 0xCC, 
	0x84, 0x88, 0x44, 0x44, 0x44, 0x44, 0x44, 0x44, 0x44, 0x44, 0x44, 0x44, 0x44, 0x44, 0x44, 0x44, 
	0x44, 0x44, 0x44, 0x44, 0x44, 0x44, 0x44, 0x44, 0x44, 0x44, 0x44, 0x44, 0x44, 0x44, 0x44, 0x44, 
	0x44, 0x48, 0xCC, 0x32, 0x12, 0x3C, 0xC8, 0x44, 0x44, 0x44, 0x44, 0x44, 0x44, 0x44, 0x44, 0x44, 
	0x44, 0x44, 0x8C, 0x83, 0x00, 0x00, 0x00, 0x00, 0x00, 0x12, 0x3C, 0xC4, 0x44, 0x44, 0x44, 0x44, 
	0x44, 0x44, 0x44, 0x44, 0x44, 0x44, 0x48, 0xCE, 0x72, 0x27, 0x8C, 0x8C, 0xCC, 0x84, 0x44, 0x44, 
	0x44, 0x44, 0x44, 0x44, 0x44, 0x44, 0x44, 0x4C, 0xC2, 0x02, 0x37, 0x32, 0x00, 0x02, 0x37, 0x32, 
	0x02, 0x8D, 0x44, 0x44, 0x44, 0x44, 0x44, 0x44, 0x49, 0xDD, 0xDC, 0x44, 0xCC, 0x72, 0x78, 0x84, 
	0xCC, 0x21, 0x8C, 0xC8, 0x8C, 0xEE, 0xC8, 0x44, 0x44, 0x44, 0x44, 0x44, 0x44, 0x88, 0xCC, 0x88, 
	0xCE, 0x83, 0x01, 0xCE, 0xC8, 0x88, 0xCC, 0x88, 0x44, 0x44, 0x44, 0x44, 0x44, 0x44, 0x44, 0x44, 
	0x44, 0x44, 0x44, 0x44, 0x44, 0x44, 0x44, 0x44, 0x44, 0x44, 0x44, 0x44, 0x44, 0x44, 0x44, 0x44, 
	0x44, 0x44, 0x44, 0x44, 0x44, 0x44, 0x8C, 0xC7, 0x21, 0x01, 0x27, 0xCC, 0x44, 0x44, 0x44, 0x44, 
	0x44, 0x44, 0x44, 0x44, 0x44, 0x44, 0x44, 0x8C, 0x72, 0x00, 0x00, 0x00, 0x00, 0x00, 0x01, 0x28, 
	0xC8, 0x44, 0x44, 0x44, 0x44, 0x44, 0x44, 0x44, 0x44, 0x44, 0x44, 0x8C, 0xC7, 0x31, 0x3C, 0xCC, 
	0xC7, 0x78, 0xC8, 0x44, 0x44, 0x44, 0x44, 0x44, 0x44, 0x44, 0x44, 0x44, 0x4C, 0xC3, 0x11, 0x12, 
	0x21, 0x00, 0x01, 0x22, 0x21, 0x12, 0x8D, 0x44, 0x44, 0x44, 0x44, 0x44, 0x44, 0xCC, 0x87, 0x8C, 
	0xC4, 0x88, 0x82, 0x78, 0xC8, 0xCC, 0x11, 0x8C, 0x88, 0xCC, 0x77, 0x8C, 0x84, 0x44, 0x44, 0x44, 
	0x48, 0xCC, 0xC8, 0x88, 0x8C, 0xEC, 0x83, 0x00, 0xCE, 0xEC, 0xC8, 0x88, 0xCC, 0xC8, 0x44, 0x44, 
	0x44, 0x44, 0x44, 0x44, 0x44, 0x44, 0x44, 0x44, 0x44, 0x44, 0x44, 0x44, 0x44, 0x44, 0x44, 0x44, 
	0x44, 0x44, 0x44, 0x44, 0x44, 0x44, 0x44, 0x44, 0x44, 0x44, 0x44, 0x8E, 0x82, 0x00, 0x00, 0x02, 
	0x8C, 0x44, 0x44, 0x44, 0x44, 0x44, 0x44, 0x44, 0x44, 0x44, 0x44, 0x48, 0xC8, 0x30, 0x00, 0x00, 
	0x00, 0x00, 0x00, 0x00, 0x13, 0xCC, 0x44, 0x44, 0x44, 0x44, 0x44, 0x44, 0x44, 0x44, 0x44, 0x48, 
	0xCC, 0x72, 0x01, 0x3C, 0xCC, 0xC3, 0x27, 0xCC, 0x84, 0x44, 0x44, 0x44, 0x44, 0x44, 0x44, 0x44, 
	0x44, 0x4C, 0xC7, 0x20, 0x00, 0x00, 0x00, 0x00, 0x00, 0x00, 0x23, 0xCD, 0x44, 0x44, 0x44, 0x44, 
	0x44, 0x44, 0xC8, 0x31, 0x38, 0xC4, 0x88, 0x82, 0x38, 0xC8, 0xC8, 0x01, 0x8C, 0x8C, 0xC7, 0x22, 
	0x7C, 0x88, 0x44, 0x44, 0x44, 0x8C, 0xCC, 0x77, 0x33, 0x78, 0x88, 0x72, 0x00, 0x78, 0x88, 0x87, 
	0x33, 0x78, 0xCC, 0x84, 0x44, 0x44, 0x44, 0x44, 0x44, 0x44, 0x44, 0x44, 0x44, 0x44, 0x44, 0x44, 
	0x44, 0x44, 0x44, 0x44, 0x44, 0x44, 0x44, 0x44, 0x44, 0x44, 0x44, 0x44, 0x44, 0x44, 0x44, 0x44, 
	0x8F, 0x81, 0x00, 0x00, 0x00, 0x8C, 0x44, 0x44, 0x44, 0x44, 0x44, 0x44, 0x44, 0x44, 0x44, 0x44, 
	0x48, 0xC7, 0x20, 0x00, 0x00, 0x00, 0x00, 0x00, 0x00, 0x01, 0x8C, 0x84, 0x44, 0x44, 0x44, 0x44, 
	0x44, 0x44, 0x44, 0x44, 0x48, 0xC8, 0x20, 0x01, 0x3C, 0xC8, 0x83, 0x12, 0x7C, 0xC4, 0x44, 0x44, 
	0x44, 0x44, 0x44, 0x44, 0x44, 0x44, 0x48, 0xC8, 0x72, 0x00, 0x00, 0x00, 0x00, 0x00, 0x02, 0x38, 
	0xCC, 0x44, 0x44, 0x44, 0x44, 0x44, 0x44, 0xE8, 0x10, 0x17, 0xC4, 0x88, 0x82, 0x28, 0xDC, 0x87, 
	0x02, 0x8C, 0x4D, 0x82, 0x11, 0x27, 0xC8, 0x44, 0x44, 0x44, 0xCC, 0x83, 0x10, 0x00, 0x00, 0x13, 
	0x21, 0x00, 0x12, 0x21, 0x00, 0x00, 0x01, 0x3C, 0xC4, 0x44, 0x44, 0x44, 0x44, 0x44, 0x44, 0x44, 
	0x44, 0x44, 0x44, 0x44, 0x44, 0x44, 0x44, 0x44, 0x44, 0x44, 0x44, 0x44, 0x44, 0x44, 0x44, 0x44, 
	0x44, 0x44, 0x44, 0x44, 0x44, 0x8E, 0x82, 0x00, 0x00, 0x00, 0x8C, 0x44, 0x44, 0x44, 0x44, 0x44, 
	0x44, 0x44, 0x44, 0x44, 0x44, 0x4C, 0xC3, 0x20, 0x00, 0x00, 0x00, 0x00, 0x00, 0x00, 0x00, 0x78, 
	0xC8, 0x44, 0x44, 0x44, 0x44, 0x44, 0x44, 0x44, 0x44, 0x8C, 0x83, 0x00, 0x02, 0x7C, 0xC8, 0x32, 
	0x01, 0x2C, 0xC8, 0x44, 0x44, 0x44, 0x44, 0x44, 0x44, 0x44, 0x44, 0x44, 0x8E, 0xC7, 0x00, 0x00, 
	0x00, 0x00, 0x00, 0x03, 0x8D, 0x94, 0x44, 0x44, 0x44, 0x44, 0x44, 0x44, 0xC8, 0x20, 0x07, 0xC8, 
	0x88, 0x82, 0x18, 0xEE, 0x83, 0x01, 0x8C, 0x4D, 0x82, 0x01, 0x37, 0xC8, 0x44, 0x44, 0x44, 0xCC, 
	0x30, 0x00, 0x00, 0x00, 0x01, 0x00, 0x00, 0x00, 0x00, 0x00, 0x00, 0x00, 0x28, 0xCC, 0x44, 0x44, 
	0x44, 0x44, 0x44, 0x44, 0x44, 0x44, 0x44, 0x44, 0x44, 0x44, 0x44, 0x44, 0x44, 0x44, 0x44, 0x44, 
	0x44, 0x44, 0x44, 0x44, 0x44, 0x44, 0x44, 0x44, 0x44, 0x44, 0x8D, 0x83, 0x10, 0x00, 0x13, 0xCC, 
	0x44, 0x44, 0x44, 0x44, 0x44, 0x44, 0x44, 0x44, 0x44, 0x44, 0x8C, 0x82, 0x10, 0x00, 0x00, 0x00, 
	0x00, 0x00, 0x00, 0x00, 0x38, 0xE8, 0x44, 0x44, 0x44, 0x44, 0x44, 0x44, 0x44, 0x44, 0x8E, 0x82, 
	0x00, 0x02, 0x7C, 0xC8, 0x21, 0x00, 0x18, 0x88, 0x44, 0x44, 0x44, 0x44, 0x44, 0x44, 0x44, 0x44, 
	0x44, 0x48, 0xE8, 0x10, 0x00, 0x00, 0x00, 0x00, 0x17, 0xCC, 0x44, 0x44, 0x44, 0x44, 0x44, 0x44, 
	0x44, 0xCC, 0x72, 0x27, 0xC8, 0x88, 0x82, 0x07, 0xCE, 0x82, 0x01, 0x8C, 0x8C, 0x82, 0x13, 0x8C, 
	0x84, 0x44, 0x44, 0x48, 0xC8, 0x20, 0x00, 0x27, 0x73, 0x10, 0x00, 0x00, 0x00, 0x13, 0x73, 0x21, 
	0x00, 0x03, 0x8C, 0x44, 0x44, 0x44, 0x44, 0x44, 0x44, 0x44, 0x44, 0x44, 0x44, 0x44, 0x44, 0x44, 
	0x44, 0x44, 0x44, 0x44, 0x44, 0x44, 0x44, 0x44, 0x44, 0x44, 0x44, 0x44, 0x44, 0x44, 0x44, 0x49, 
	0xC8, 0x21, 0x01, 0x28, 0xCC, 0x44, 0x44, 0x44, 0x44, 0x44, 0x44, 0x44, 0x44, 0x44, 0x48, 0xC8, 
	0x31, 0x00, 0x00, 0x00, 0x01, 0x11, 0x00, 0x00, 0x00, 0x27, 0xE8, 0x44, 0x44, 0x44, 0x44, 0x44, 
	0x44, 0x44, 0x44, 0x8C, 0x70, 0x00, 0x03, 0x7C, 0xC8, 0x21, 0x00, 0x13, 0x8C, 0x44, 0x44, 0x44, 
	0x44, 0x44, 0x44, 0x44, 0x44, 0x44, 0x44, 0xCC, 0x10, 0x00, 0x00, 0x00, 0x00, 0x17, 0xE8, 0x44, 
	0x44, 0x44, 0x44, 0x44, 0x44, 0x44, 0x8C, 0x88, 0x37, 0x88, 0xC8, 0x72, 0x03, 0x8C, 0x81, 0x01, 
	0x8E, 0xCC, 0x82, 0x38, 0xCC, 0x44, 0x44, 0x44, 0x48, 0xC7, 0x00, 0x03, 0x78, 0x88, 0x72, 0x10, 
	0x00, 0x02, 0x78, 0x88, 0x83, 0x10, 0x01, 0x8E, 0x44, 0x44, 0x44, 0x44, 0x44, 0x44, 0x44, 0x44, 
	0x44, 0x44, 0x44, 0x44, 0x44, 0x44, 0x44, 0x44, 0x44, 0x44, 0x44, 0x44, 0x44, 0x44, 0x44, 0x44, 
	0x44, 0x44, 0x44, 0x44, 0x48, 0xC8, 0x31, 0x01, 0x3C, 0xC8, 0x44, 0x44, 0x44, 0x44, 0x44, 0x44, 
	0x44, 0x44, 0x44, 0x8C, 0xC7, 0x10, 0x00, 0x00, 0x01, 0x23, 0x32, 0x00, 0x00, 0x00, 0x17, 0xF8, 
	0x44, 0x44, 0x44, 0x44, 0x44, 0x44, 0x44, 0x48, 0x8C, 0x30, 0x00, 0x03, 0x7C, 0xDC, 0x21, 0x00, 
	0x03, 0x8C, 0x44, 0x44, 0x44, 0x44, 0x44, 0x44, 0x44, 0x44, 0x44, 0x44, 0xC8, 0x10, 0x00, 0x00, 
	0x00, 0x00, 0x17, 0xE8, 0x44, 0x44, 0x44, 0x44, 0x44, 0x44, 0x44, 0x48, 0xCC, 0x82, 0x3C, 0xEC, 
	0x72, 0x03, 0x78, 0x70, 0x01, 0x8E, 0xE7, 0x23, 0x8C, 0x94, 0x44, 0x44, 0x44, 0x48, 0x87, 0x00, 
	0x07, 0x8C, 0x8C, 0xC3, 0x10, 0x00, 0x03, 0x8C, 0xCC, 0xC7, 0x20, 0x01, 0x8E, 0x44, 0x44, 0x44, 
	0x44, 0x44, 0x44, 0x44, 0x44, 0x44, 0x44, 0x44, 0x44, 0x44, 0x44, 0x44, 0x44, 0x44, 0x44, 0x44, 
	0x44, 0x44, 0x44, 0x44, 0x44, 0x44, 0x44, 0x44, 0x44, 0x8C, 0xC8, 0x20, 0x00, 0x28, 0xCC, 0x84, 
	0x44, 0x44, 0x44, 0x44, 0x44, 0x44, 0x44, 0x48, 0xCC, 0x72, 0x00, 0x00, 0x00, 0x23, 0x8C, 0x82, 
	0x00, 0x00, 0x00, 0x07, 0xE8, 0x44, 0x44, 0x44, 0x44, 0x44, 0x44, 0x44, 0x48, 0x8C, 0x30, 0x00, 
	0x03, 0x7C, 0xCC, 0x21, 0x00, 0x03, 0x8C, 0x44, 0x44, 0x44, 0x44, 0x44, 0x44, 0x44, 0x44, 0x44, 
	0x44, 0xC8, 0x00, 0x00, 0x00, 0x00, 0x00, 0x17, 0xF8, 0x44, 0x44, 0x44, 0x44, 0x44, 0x44, 0x44, 
	0x44, 0x8C, 0xC7, 0x13, 0xCC, 0x72, 0x02, 0x37, 0x30, 0x01, 0xCE, 0x83, 0x27, 0xC8, 0x44, 0x44, 
	0x44, 0x44, 0x48, 0x87, 0x00, 0x07, 0x88, 0x8C, 0xC3, 0x10, 0x00, 0x07, 0xC8, 0x88, 0xE7, 0x20, 
	0x02, 0x8E, 0x44, 0x44, 0x44, 0x44, 0x44, 0x44, 0x44, 0x44, 0x44, 0x44, 0x44, 0x44, 0x44, 0x44, 
	0x44, 0x44, 0x44, 0x44, 0x44, 0x44, 0x44, 0x44, 0x44, 0x44, 0x44, 0x44, 0x44, 0x48, 0xCC, 0x83, 
	0x00, 0x00, 0x17, 0x8C, 0xC8, 0x44, 0x44, 0x44, 0x44, 0x44, 0x44, 0x44, 0x48, 0x8C, 0x31, 0x00, 
	0x17, 0xCC, 0x88, 0xDE, 0x82, 0x00, 0x00, 0x00, 0x07, 0xE8, 0x44, 0x44, 0x44, 0x44, 0x44, 0x44, 
	0x44, 0x48, 0x8C, 0x30, 0x00, 0x02, 0x38, 0x88, 0x11, 0x00, 0x03, 0x8C, 0x44, 0x44, 0x44, 0x44, 
	0x44, 0x44, 0x44, 0x44, 0x44, 0x48, 0xC8, 0x00, 0x00, 0x00, 0x00, 0x00, 0x17, 0xE8, 0x44, 0x44, 
	0x44, 0x44, 0x44, 0x44, 0x44, 0x44, 0x48, 0xC8, 0x21, 0x78, 0x72, 0x01, 0x23, 0x20, 0x02, 0x78, 
	0x32, 0x78, 0xC8, 0x44, 0x44, 0x44, 0x44, 0x48, 0xC7, 0x20, 0x03, 0x8C, 0x8C, 0xC3, 0x20, 0x00, 
	0x07, 0xC8, 0x88, 0xC7, 0x10, 0x03, 0x8C, 0x44, 0x44, 0x44, 0x44, 0x44, 0x44, 0x44, 0x44, 0x44, 
	0x44, 0x44, 0x44, 0x44, 0x44, 0x44, 0x44, 0x44, 0x44, 0x44, 0x44, 0x44, 0x44, 0x44, 0x44, 0x44, 
	0x44, 0x44, 0x4C, 0xD8, 0x73, 0x00, 0x00, 0x13, 0x7C, 0xE8, 0x44, 0x44, 0x44, 0x44, 0x44, 0x44, 
	0x44, 0x44, 0x8C, 0x87, 0x32, 0x3C, 0xEC, 0xCC, 0xEC, 0x71, 0x00, 0x00, 0x00, 0x07, 0xEC, 0x44, 
	0x44, 0x44, 0x44, 0x44, 0x44, 0x44, 0x48, 0x8C, 0x30, 0x00, 0x01, 0x23, 0x33, 0x10, 0x00, 0x03, 
	0x8C, 0x44, 0x44, 0x44, 0x44, 0x44, 0x44, 0x44, 0x44, 0x44, 0x48, 0xC8, 0x00, 0x00, 0x00, 0x00, 
	0x00, 0x07, 0xE8, 0x44, 0x44, 0x44, 0x44, 0x44, 0x44, 0x44, 0x44, 0x44, 0xCC, 0x71, 0x23, 0x31, 
	0x00, 0x01, 0x00, 0x01, 0x33, 0x12, 0x8C, 0x84, 0x44, 0x44, 0x44, 0x44, 0x48, 0xC8, 0x30, 0x02, 
	0x7C, 0xCC, 0xD3, 0x20, 0x00, 0x07, 0xC8, 0xCC, 0x83, 0x00, 0x28, 0xC8, 0x44, 0x44, 0x44, 0x44, 
	0x44, 0x44, 0x44, 0x44, 0x44, 0x44, 0x44, 0x44, 0x44, 0x44, 0x44, 0x44, 0x44, 0x44, 0x44, 0x44, 
	0x44, 0x44, 0x44, 0x44, 0x44, 0x44, 0x44, 0x48, 0xCC, 0xC8, 0x00, 0x00, 0x27, 0xCE, 0xC8, 0x44, 
	0x44, 0x44, 0x44, 0x44, 0x44, 0x44, 0x44, 0x8C, 0xCC, 0x87, 0x8C, 0xC8, 0x8C, 0xC3, 0x10, 0x00, 
	0x00, 0x00, 0x07, 0xE8, 0x44, 0x44, 0x44, 0x44, 0x44, 0x44, 0x44, 0x48, 0x8C, 0x70, 0x00, 0x00, 
	0x00, 0x00, 0x00, 0x00, 0x17, 0x8C, 0x44, 0x44, 0x44, 0x44, 0x44, 0x44, 0x44, 0x44, 0x44, 0x48, 
	0xC8, 0x00, 0x00, 0x00, 0x00, 0x00, 0x07, 0xE8, 0x44, 0x44, 0x44, 0x44, 0x44, 0x44, 0x44, 0x44, 
	0x44, 0xCC, 0x81, 0x00, 0x00, 0x00, 0x00, 0x00, 0x00, 0x00, 0x13, 0x8C, 0x44, 0x44, 0x44, 0x44, 
	0x44, 0x44, 0xCC, 0x82, 0x00, 0x38, 0xCE, 0xE7, 0x20, 0x00, 0x07, 0xCD, 0xCC, 0x31, 0x02, 0x3C, 
	0xC4, 0x44, 0x44, 0x44, 0x44, 0x44, 0x44, 0x44, 0x44, 0x44, 0x44, 0x44, 0x44, 0x44, 0x44, 0x44, 
	0x44, 0x44, 0x44, 0x44, 0x44, 0x44, 0x44, 0x44, 0x44, 0x44, 0x44, 0x44, 0x44, 0x88, 0xC8, 0x00, 
	0x00, 0x27, 0xCC, 0x84, 0x44, 0x44, 0x44, 0x44, 0x44, 0x44, 0x44, 0x44, 0x44, 0x88, 0xCC, 0xC8, 
	0x88, 0xCC, 0x72, 0x00, 0x00, 0x00, 0x00, 0x17, 0xF8, 0x44, 0x44, 0x44, 0x44, 0x44, 0x44, 0x44, 
	0x44, 0x8E, 0x71, 0x00, 0x00, 0x00, 0x00, 0x00, 0x00, 0x17, 0x88, 0x44, 0x44, 0x44, 0x44, 0x44, 
	0x44, 0x44, 0x44, 0x44, 0x48, 0xC8, 0x00, 0x00, 0x00, 0x00, 0x00, 0x07, 0xE8, 0x44, 0x44, 0x44, 
	0x44, 0x44, 0x44, 0x44, 0x44, 0x44, 0x4C, 0xC3, 0x10, 0x00, 0x00, 0x00, 0x00, 0x00, 0x00, 0x18, 
	0xCC, 0x44, 0x44, 0x44, 0x44, 0x44, 0x44, 0x4C, 0xC3, 0x10, 0x12, 0x7C, 0xC7, 0x20, 0x00, 0x07, 
	0xCC, 0x83, 0x10, 0x13, 0xCC, 0x84, 0x44, 0x44, 0x44, 0x44, 0x44, 0x44, 0x44, 0x44, 0x44, 0x44, 
	0x44, 0x44, 0x44, 0x44, 0x44, 0x44, 0x44, 0x44, 0x44, 0x44, 0x44, 0x44, 0x44, 0x44, 0x44, 0x44, 
	0x44, 0x44, 0x4C, 0x87, 0x00, 0x00, 0x13, 0xCC, 0x44, 0x44, 0x44, 0x44, 0x44, 0x44, 0x44, 0x44, 
	0x44, 0x44, 0x48, 0x88, 0x88, 0x8C, 0xC7, 0x10, 0x00, 0x00, 0x00, 0x00, 0x27, 0xE8, 0x44, 0x44, 
	0x44, 0x44, 0x44, 0x44, 0x44, 0x44, 0x8C, 0x82, 0x00, 0x00, 0x00, 0x00, 0x00, 0x00, 0x2C, 0xC4, 
	0x44, 0x44, 0x44, 0x44, 0x44, 0x44, 0x44, 0x44, 0x44, 0x48, 0xC8, 0x00, 0x00, 0x00, 0x00, 0x00, 
	0x07, 0xC8, 0x44, 0x44, 0x44, 0x44, 0x44, 0x44, 0x44, 0x44, 0x44, 0x48, 0xC8, 0x30, 0x00, 0x00, 
	0x00, 0x00, 0x00, 0x01, 0x2C, 0xC8, 0x44, 0x44, 0x44, 0x44, 0x44, 0x44, 0x48, 0xCC, 0x31, 0x00, 
	0x27, 0x73, 0x20, 0x00, 0x03, 0x77, 0x30, 0x01, 0x7C, 0xC8, 0x44, 0x44, 0x44, 0x44, 0x44, 0x44, 
	0x44, 0x44, 0x44, 0x44, 0x44, 0x44, 0x44, 0x44, 0x44, 0x44, 0x44, 0x44, 0x44, 0x44, 0x44, 0x44, 
	0x44, 0x44, 0x44, 0x44, 0x44, 0x44, 0x44, 0x8C, 0x82, 0x00, 0x00, 0x02, 0x8C, 0x84, 0x44, 0x44, 
	0x44, 0x44, 0x44, 0x44, 0x44, 0x44, 0x44, 0x44, 0x44, 0x48, 0xCE, 0x71, 0x00, 0x00, 0x00, 0x00, 
	0x00, 0x38, 0xC8, 0x44, 0x44, 0x44, 0x44, 0x44, 0x44, 0x44, 0x44, 0x8C, 0x87, 0x00, 0x00, 0x00, 
	0x00, 0x00, 0x02, 0x7C, 0xC4, 0x44, 0x44, 0x44, 0x44, 0x44, 0x44, 0x44, 0x44, 0x44, 0x48, 0xC7, 
	0x00, 0x00, 0x00, 0x00, 0x00, 0x03, 0xC8, 0x84, 0x44, 0x44, 0x44, 0x44, 0x44, 0x44, 0x44, 0x44, 
	0x48, 0xCC, 0x71, 0x00, 0x00, 0x00, 0x00, 0x00, 0x02, 0x7C, 0x84, 0x44, 0x44, 0x44, 0x44, 0x44, 
	0x44, 0x44, 0xCE, 0x83, 0x10, 0x00, 0x11, 0x00, 0x00, 0x01, 0x21, 0x00, 0x17, 0xCC, 0xC4, 0x44, 
	0x44, 0x44, 0x44, 0x44, 0x44, 0x44, 0x44, 0x44, 0x44, 0x44, 0x44, 0x44, 0x44, 0x44, 0x44, 0x44, 
	0x44, 0x44, 0x44, 0x44, 0x44, 0x44, 0x44, 0x44, 0x44, 0x44, 0x44, 0x48, 0xCC, 0x70, 0x00, 0x00, 
	0x00, 0x78, 0xC8, 0x44, 0x44, 0x44, 0x44, 0x44, 0x44, 0x44, 0x44, 0x44, 0x44, 0x44, 0x4C, 0xE7, 
	0x20, 0x00, 0x00, 0x00, 0x00, 0x02, 0x7C, 0x84, 0x44, 0x44, 0x44, 0x44, 0x44, 0x44, 0x44, 0x44, 
	0x44, 0xEC, 0x30, 0x00, 0x00, 0x00, 0x00, 0x17, 0xCC, 0x84, 0x44, 0x44, 0x44, 0x44, 0x44, 0x44, 
	0x44, 0x44, 0x44, 0x48, 0x87, 0x00, 0x00, 0x00, 0x00, 0x00, 0x03, 0xC8, 0x84, 0x44, 0x44, 0x44, 
	0x44, 0x44, 0x44, 0x44, 0x44, 0x44, 0x8E, 0x82, 0x00, 0x00, 0x00, 0x00, 0x00, 0x07, 0xC8, 0x84, 
	0x44, 0x44, 0x44, 0x44, 0x44, 0x44, 0x44, 0x48, 0xCC, 0x31, 0x00, 0x00, 0x00, 0x00, 0x00, 0x00, 
	0x01, 0x3E, 0xC8, 0x44, 0x44, 0x44, 0x44, 0x44, 0x44, 0x44, 0x44, 0x44, 0x44, 0x44, 0x44, 0x44, 
	0x44, 0x44, 0x44, 0x44, 0x44, 0x44, 0x44, 0x44, 0x44, 0x44, 0x44, 0x44, 0x44, 0x44, 0x44, 0x44, 
	0x8C, 0xC7, 0x20, 0x00, 0x00, 0x00, 0x27, 0xCC, 0x84, 0x44, 0x44, 0x44, 0x44, 0x44, 0x44, 0x44, 
	0x44, 0x44, 0x44, 0x9D, 0xC3, 0x10, 0x00, 0x00, 0x00, 0x00, 0x13, 0x8C, 0x84, 0x44, 0x44, 0x44, 
	0x44, 0x44, 0x44, 0x44, 0x44, 0x48, 0xEE, 0x82, 0x00, 0x00, 0x00, 0x01, 0x7C, 0xEE, 0xC8, 0x44, 
	0x44, 0x44, 0x44, 0x44, 0x44, 0x44, 0x44, 0x44, 0x8C, 0x87, 0x00, 0x00, 0x00, 0x00, 0x00, 0x03, 
	0x8C, 0xC4, 0x44, 0x44, 0x44, 0x44, 0x44, 0x44, 0x44, 0x44, 0x44, 0xCE, 0xC3, 0x00, 0x00, 0x00, 
	0x00, 0x00, 0x28, 0xCC, 0x84, 0x44, 0x44, 0x44, 0x44, 0x44, 0x44, 0x44, 0x44, 0x8C, 0x87, 0x20, 
	0x00, 0x00, 0x00, 0x00, 0x00, 0x17, 0xCE, 0xC4, 0x44, 0x44, 0x44, 0x44, 0x44, 0x44, 0x44, 0x44, 
	0x44, 0x44, 0x44, 0x44, 0x44, 0x44, 0x44, 0x44, 0x44, 0x44, 0x44, 0x44, 0x44, 0x44, 0x44, 0x44, 
	0x44, 0x44, 0x44, 0x44, 0x48, 0xCC, 0x82, 0x00, 0x00, 0x00, 0x00, 0x03, 0x8C, 0xC8, 0x44, 0x44, 
	0x44, 0x44, 0x44, 0x44, 0x44, 0x44, 0x44, 0x8C, 0xC8, 0x72, 0x00, 0x00, 0x00, 0x00, 0x00, 0x03, 
	0x7C, 0xC8, 0x44, 0x44, 0x44, 0x44, 0x44, 0x44, 0x44, 0x48, 0xCC, 0xC8, 0x72, 0x00, 0x00, 0x00, 
	0x01, 0x78, 0xCC, 0xCC, 0x84, 0x44, 0x44, 0x44, 0x44, 0x44, 0x44, 0x44, 0x48, 0xCC, 0x73, 0x00, 
	0x00, 0x00, 0x00, 0x00, 0x03, 0x78, 0xCC, 0x44, 0x44, 0x44, 0x44, 0x44, 0x44, 0x44, 0x44, 0x48, 
	0xCC, 0x73, 0x00, 0x00, 0x00, 0x00, 0x00, 0x27, 0x88, 0x88, 0x44, 0x44, 0x44, 0x44, 0x44, 0x44, 
	0x44, 0x44, 0xCC, 0xC3, 0x20, 0x00, 0x00, 0x00, 0x00, 0x00, 0x17, 0x8C, 0xC8, 0x44, 0x44, 0x44, 
	0x44, 0x44, 0x44, 0x44, 0x44, 0x44, 0x44, 0x44, 0x44, 0x44, 0x44, 0x44, 0x44, 0x44, 0x44, 0x44, 
	0x44, 0x44, 0x44, 0x44, 0x44, 0x44, 0x44, 0x44, 0x44, 0x4C, 0xE8, 0x20, 0x00, 0x00, 0x00, 0x00, 
	0x00, 0x1C, 0xCC, 0x44, 0x44, 0x44, 0x44, 0x44, 0x44, 0x44, 0x44, 0x44, 0x8C, 0x83, 0x10, 0x00, 
	0x00, 0x00, 0x00, 0x00, 0x01, 0x27, 0xCC, 0x84, 0x44, 0x44, 0x44, 0x44, 0x44, 0x44, 0x4C, 0xC8, 
	0x31, 0x11, 0x00, 0x00, 0x00, 0x01, 0x12, 0x13, 0x8C, 0xC8, 0x44, 0x44, 0x44, 0x44, 0x44, 0x44, 
	0x44, 0x8C, 0xC7, 0x20, 0x00, 0x00, 0x00, 0x00, 0x00, 0x00, 0x23, 0x8D, 0x84, 0x44, 0x44, 0x44, 
	0x44, 0x44, 0x44, 0x44, 0x8C, 0xC3, 0x21, 0x00, 0x00, 0x00, 0x00, 0x00, 0x12, 0x23, 0x8C, 0x84, 
	0x44, 0x44, 0x44, 0x44, 0x44, 0x44, 0x48, 0xCC, 0x72, 0x10, 0x00, 0x00, 0x00, 0x00, 0x00, 0x12, 
	0x38, 0xCC, 0x44, 0x44, 0x44, 0x44, 0x44, 0x44, 0x44, 0x44, 0x44, 0x44, 0x44, 0x44, 0x44, 0x44, 
	0x44, 0x44, 0x44, 0x44, 0x44, 0x44, 0x44, 0x44, 0x44, 0x44, 0x44, 0x44, 0x44, 0x44, 0x8E, 0x82, 
	0x00, 0x00, 0x00, 0x00, 0x00, 0x00, 0x03, 0xCC, 0x84, 0x44, 0x44, 0x44, 0x44, 0x44, 0x44, 0x44, 
	0x48, 0xC7, 0x31, 0x00, 0x00, 0x00, 0x00, 0x00, 0x00, 0x00, 0x01, 0x3C, 0xC4, 0x44, 0x44, 0x44, 
	0x44, 0x44, 0x44, 0x8C, 0x83, 0x10, 0x00, 0x00, 0x00, 0x00, 0x00, 0x00, 0x00, 0x27, 0xCC, 0x84, 
	0x44, 0x44, 0x44, 0x44, 0x44, 0x44, 0xC8, 0x32, 0x00, 0x00, 0x00, 0x00, 0x00, 0x00, 0x00, 0x02, 
	0x38, 0xC8, 0x44, 0x44, 0x44, 0x44, 0x44, 0x44, 0x44, 0xC8, 0x21, 0x00, 0x00, 0x00, 0x00, 0x00, 
	0x00, 0x00, 0x02, 0x78, 0xC8, 0x44, 0x44, 0x44, 0x44, 0x44, 0x44, 0x8C, 0x87, 0x20, 0x00, 0x00, 
	0x00, 0x00, 0x00, 0x00, 0x00, 0x03, 0xCC, 0x44, 0x44, 0x44, 0x44, 0x44, 0x44, 0x44, 0x44, 0x44, 
	0x44, 0x44, 0x44, 0x44, 0x44, 0x44, 0x44, 0x44, 0x44, 0x44, 0x44, 0x44, 0x44, 0x44, 0x44, 0x44, 
	0x44, 0x44, 0x44, 0x8C, 0x71, 0x00, 0x00, 0x00, 0x00, 0x00, 0x00, 0x01, 0x7C, 0xC8, 0x44, 0x44, 
	0x44, 0x44, 0x44, 0x44, 0x44, 0x4C, 0xC3, 0x20, 0x00, 0x00, 0x00, 0x00, 0x00, 0x00, 0x00, 0x00, 
	0x1C, 0xC4, 0x44, 0x44, 0x44, 0x44, 0x44, 0x44, 0x88, 0x72, 0x00, 0x00, 0x00, 0x00, 0x00, 0x00, 
	0x00, 0x00, 0x13, 0x8C, 0x84, 0x44, 0x44, 0x44, 0x44, 0x44, 0x44, 0xD8, 0x20, 0x00, 0x00, 0x00, 
	0x00, 0x00, 0x00, 0x00, 0x00, 0x27, 0xE8, 0x44, 0x44, 0x44, 0x44, 0x44, 0x44, 0x48, 0xC8, 0x10, 
	0x00, 0x00, 0x00, 0x00, 0x00, 0x00, 0x00, 0x00, 0x27, 0xE8, 0x44, 0x44, 0x44, 0x44, 0x44, 0x44, 
	0x8D, 0x83, 0x10, 0x00, 0x00, 0x00, 0x00, 0x00, 0x00, 0x00, 0x01, 0x8C, 0x84, 0x44, 0x44, 0x44, 
	0x44, 0x44, 0x44, 0x44, 0x44, 0x44, 0x44, 0x44, 0x44, 0x44, 0x44, 0x44, 0x44, 0x44, 0x44, 0x44, 
	0x44, 0x44, 0x44, 0x44, 0x44, 0x44, 0x44, 0x48, 0x88, 0x31, 0x00, 0x00, 0x00, 0x00, 0x00, 0x00, 
	0x01, 0x38, 0xC8, 0x44, 0x44, 0x44, 0x44, 0x44, 0x44, 0x44, 0x4C, 0xC3, 0x21, 0x11, 0x11, 0x11, 
	0x00, 0x00, 0x11, 0x11, 0x00, 0x2C, 0xC4, 0x44, 0x44, 0x44, 0x44, 0x44, 0x44, 0x88, 0x72, 0x11, 
	0x11, 0x11, 0x10, 0x00, 0x11, 0x11, 0x11, 0x13, 0x7C, 0x84, 0x44, 0x44, 0x44, 0x44, 0x44, 0x44, 
	0xD8, 0x20, 0x01, 0x11, 0x10, 0x00, 0x00, 0x11, 0x11, 0x11, 0x27, 0xE8, 0x44, 0x44, 0x44, 0x44, 
	0x44, 0x44, 0x48, 0xC7, 0x10, 0x01, 0x11, 0x10, 0x00, 0x01, 0x11, 0x11, 0x11, 0x27, 0xE8, 0x44, 
	0x44, 0x44, 0x44, 0x44, 0x44, 0x8D, 0x72, 0x11, 0x11, 0x11, 0x10, 0x00, 0x01, 0x11, 0x11, 0x11, 
	0x78, 0x84, 0x44, 0x44, 0x44, 0x44, 0x44, 0x44, 0x44, 0x44, 0x44, 0x44, 0x44, 0x44, 0x44, 0x44, 
	0x44, 0x44, 0x44, 0x44, 0x44, 0x44, 0x44, 0x44, 0x44, 0x44, 0x44, 0x44, 0x48, 0xC8, 0x73, 0x33, 
	0x33, 0x33, 0x33, 0x33, 0x33, 0x33, 0x78, 0xC8, 0x44, 0x44, 0x44, 0x44, 0x44, 0x44, 0x44, 0x4C, 
	0xC7, 0x73, 0x33, 0x33, 0x33, 0x33, 0x33, 0x33, 0x33, 0x33, 0x7C, 0xC8, 0x44, 0x44, 0x44, 0x44, 
	0x44, 0x44, 0x88, 0x87, 0x33, 0x33, 0x33, 0x33, 0x33, 0x33, 0x33, 0x33, 0x37, 0x8C, 0x84, 0x44, 
	0x44, 0x44, 0x44, 0x44, 0x44, 0xDC, 0x73, 0x33, 0x33, 0x33, 0x33, 0x33, 0x33, 0x33, 0x33, 0x78, 
	0xC8, 0x44, 0x44, 0x44, 0x44, 0x44, 0x44, 0x48, 0xC8, 0x73, 0x33, 0x33, 0x33, 0x33, 0x33, 0x33, 
	0x33, 0x33, 0x78, 0xE8, 0x44, 0x44, 0x44, 0x44, 0x44, 0x44, 0x8C, 0x87, 0x33, 0x33, 0x33, 0x33, 
	0x33, 0x33, 0x33, 0x33, 0x37, 0x88, 0x84, 0x44, 0x44, 0x44, 0x44, 0x44, 0x44, 0x44, 0x44, 0x44, 
	0x44, 0x44, 0x44, 0x44, 0x44, 0x44, 0x44, 0x44, 0x44, 0x44, 0x44, 0x44, 0x44, 0x44, 0x44, 0x44, 
	0x44, 0x48, 0xCE, 0xEE, 0xEE, 0xEE, 0xEE, 0xEE, 0xEE, 0xEE, 0xEE, 0xEC, 0x84, 0x44, 0x44, 0x44, 
	0x44, 0x44, 0x44, 0x44, 0x48, 0xCE, 0xEE, 0xEE, 0xEE, 0xEE, 0xEE, 0xEE, 0xEE, 0xEE, 0xEE, 0xEE, 
	0xC4, 0x44, 0x44, 0x44, 0x44, 0x44, 0x44, 0x8C, 0xEE, 0xEE, 0xEE, 0xEE, 0xEE, 0xEE, 0xEE, 0xEE, 
	0xEE, 0xEE, 0xEC, 0x84, 0x44, 0x44, 0x44, 0x44, 0x44, 0x44, 0xDE, 0xEE, 0xEE, 0xEE, 0xEE, 0xEE, 
	0xEE, 0xEE, 0xEE, 0xEE, 0xEE, 0xC8, 0x44, 0x44, 0x44, 0x44, 0x44, 0x44, 0x44, 0xCE, 0xEE, 0xEE, 
	0xEE, 0xEE, 0xEE, 0xEE, 0xEE, 0xEE, 0xEE, 0xEE, 0xC8, 0x44, 0x44, 0x44, 0x44, 0x44, 0x44, 0x48, 
	0xCE, 0xEE, 0xEE, 0xEE, 0xEE, 0xEE, 0xEE, 0xEE, 0xEE, 0xEE, 0xEC, 0x44, 0x44, 0x44, 0x44, 0x44, 
	0x44, 0x44, 0x44, 0x44, 0x44, 0x44, 0x44, 0x44, 0x44, 0x44, 0x44, 0x44, 0x44, 0x44, 0x44, 0x44, 
	0x44, 0x44, 0x44, 0x44, 0x44, 0x44, 0x44, 0x8C, 0x88, 0x88, 0x88, 0x88, 0x88, 0x88, 0x88, 0x88, 
	0x88, 0x44, 0x44, 0x44, 0x44, 0x44, 0x44, 0x44, 0x44, 0x44, 0x8C, 0x88, 0x88, 0x88, 0x88, 0x88, 
	0x88, 0x88, 0x88, 0x88, 0xC8, 0x84, 0x44, 0x44, 0x44, 0x44, 0x44, 0x44, 0x48, 0xC8, 0x88, 0x88, 
	0x88, 0x88, 0x88, 0x88, 0x88, 0x88, 0x88, 0xC8, 0x44, 0x44, 0x44, 0x44, 0x44, 0x44, 0x44, 0x8C, 
	0xC8, 0x88, 0x88, 0x88, 0x88, 0x88, 0x88, 0x88, 0x88, 0xC8, 0x84, 0x44, 0x44, 0x44, 0x44, 0x44, 
	0x44, 0x44, 0x8C, 0xC8, 0x88, 0x88, 0x88, 0x88, 0x88, 0x88, 0x88, 0x88, 0xC8, 0x84, 0x44, 0x44, 
	0x44, 0x44, 0x44, 0x44, 0x44, 0x8C, 0x88, 0x88, 0x88, 0x88, 0x88, 0x88, 0x88, 0x88, 0x8C, 0xC8, 
	0x44, 0x44, 0x44, 0x44, 0x44, 0x44, 0x44, 0x44, 0x44, 0x44, 0x44, 0x44, 0x44, 0x44, 0x44, 0x44, 
	0x44, 0x44, 0x44, 0x44, 0x44, 0x44, 0x44, 0x44, 0x44, 0x44, 0x44, 0x44, 0x44, 0x44, 0x44, 0x44, 
	0x44, 0x44, 0x44, 0x44, 0x44, 0x44, 0x44, 0x44, 0x44, 0x44, 0x44, 0x44, 0x44, 0x44, 0x44, 0x44, 
	0x44, 0x44, 0x44, 0x44, 0x44, 0x44, 0x44, 0x44, 0x44, 0x44, 0x44, 0x44, 0x44, 0x44, 0x44, 0x44, 
	0x44, 0x44, 0x44, 0x44, 0x44, 0x44, 0x44, 0x44, 0x44, 0x44, 0x44, 0x44, 0x44, 0x44, 0x44, 0x44, 
	0x44, 0x44, 0x44, 0x44, 0x44, 0x44, 0x44, 0x44, 0x44, 0x44, 0x44, 0x44, 0x44, 0x44, 0x44, 0x44, 
	0x44, 0x44, 0x44, 0x44, 0x44, 0x44, 0x44, 0x44, 0x44, 0x44, 0x44, 0x44, 0x44, 0x44, 0x44, 0x44, 
	0x44, 0x44, 0x44, 0x44, 0x44, 0x44, 0x44, 0x44, 0x44, 0x44, 0x44, 0x44, 0x44, 0x44, 0x44, 0x44, 
	0x44, 0x44, 0x44, 0x44, 0x44, 0x44, 0x44, 0x44, 0x44, 0x44, 0x44, 0x44, 0x44, 0x44, 0x44, 0x44, 
	0x44, 0x44, 0x44, 0x44, 0x44, 0x44, 0x44, 0x44, 0x44, 0x44, 0x44, 0x44, 0x44, 0x44, 0x44, 0x44, 
	0x44, 0x44, 0x44, 0x44, 0x44, 0x44, 0x44, 0x44, 0x44, 0x44, 0x44, 0x44, 0x44, 0x44, 0x44, 0x44, 
	0x44, 0x44, 0x44, 0x44, 0x44, 0x44, 0x44, 0x44, 0x44, 0x44, 0x44, 0x44, 0x44, 0x44, 0x44, 0x44, 
	0x44, 0x44, 0x44, 0x44, 0x44, 0x44, 0x44, 0x44, 0x44, 0x44, 0x44, 0x44, 0x44, 0x44, 0x44, 0x44, 
	0x44, 0x44, 0x44, 0x44, 0x44, 0x44, 0x44, 0x44, 0x44, 0x44, 0x44, 0x44, 0x44, 0x44, 0x44, 0x44, 
	0x44, 0x44, 0x44, 0x44, 0x44, 0x44, 0x44, 0x44, 0x44, 0x44, 0x44, 0x44, 0x44, 0x44, 0x44, 0x44, 
	0x44, 0x44, 0x44, 0x44, 0x44, 0x44, 0x44, 0x44, 0x44, 0x44, 0x44, 0x44, 0x44, 0x44, 0x44, 0x44, 
	0x44, 0x44, 0x44, 0x44, 0x44, 0x44, 0x44, 0x44, 0x44, 0x44, 0x44, 0x44, 0x44, 0x44, 0x44, 0x44, 
	0x44, 0x44, 0x44, 0x44, 0x44, 0x44, 0x44, 0x44, 0x44, 0x44, 0x44, 0x44, 0x44, 0x44, 0x44, 0x44, 
	0x44, 0x44, 0x44, 0x44, 0x44, 0x44, 0x44, 0x44, 0x44, 0x44, 0x44, 0x44, 0x44, 0x44, 0x44, 0x44, 
	0x44, 0x44, 0x44, 0x44, 0x44, 0x44, 0x44, 0x44, 0x44, 0x44, 0x44, 0x44, 0x44, 0x44, 0x44, 0x44, 
	0x44, 0x44, 0x44, 0x44, 0x44, 0x44, 0x44, 0x44, 0x44, 0x44, 0x44, 0x44, 0x44, 0x44, 0x44, 0x44, 
	0x44, 0x44, 0x44, 0x44, 0x44, 0x44, 0x44, 0x44, 0x44, 0x44, 0x44, 0x44, 0x44, 0x44, 0x44, 0x44, 
	0x44, 0x44, 0x44, 0x44, 0x44, 0x44, 0x44, 0x44, 0x44, 0x44, 0x44, 0x44, 0x44, 0x44, 0x44, 0x44, 
	0x44, 0x44, 0x44, 0x44, 0x44, 0x44, 0x44, 0x44, 0x44, 0x44, 0x44, 0x44, 0x44, 0x44, 0x44, 0x44, 
	0x44, 0x44, 0x44, 0x44, 0x44, 0x44, 0x44, 0x44, 0x44, 0x44, 0x44, 0x44, 0x44, 0x44, 0x44, 0x44, 
	0x44, 0x44, 0x44, 0x44, 0x44, 0x44, 0x44, 0x44, 0x44, 0x44, 0x44, 0x44, 0x44, 0x44, 0x44, 0x44, 
	0x44, 0x44, 0x44, 0x44, 0x44, 0x44, 0x44, 0x44, 0x44, 0x44, 0x44, 0x44, 0x44, 0x44, 0x44, 0x44, 
	0x44, 0x44, 0x44, 0x44, 0x44, 0x44, 0x44, 0x44, 0x44, 0x44, 0x44, 0x44, 0x44, 0x44, 0x44, 0x44, 
	0x44, 0x44, 0x44, 0x44, 0x44, 0x44, 0x44, 0x44, 0x44, 0x44, 0x44, 0x44, 0x44, 0x44, 0x44, 0x44, 
	0x44, 0x44, 0x44, 0x44, 0x44, 0x44, 0x34, 0x44, 0x44, 0x44, 0x44, 0x44, 0x44, 0x44, 0x44, 0x44, 
	0x44, 0x44, 0x44, 0x44, 0x44, 0x44, 0x44, 0x44, 0x44, 0x44, 0x44, 0x44, 0x44, 0x44, 0x44, 0x44, 
	0x44, 0x44, 0x44, 0x44, 0x44, 0x44, 0x44, 0x44, 0x44, 0x44, 0x44, 0x44, 0x44, 0x44, 0x44, 0x44, 
	0x44, 0x44, 0x44, 0x44, 0x44, 0x44, 0x44, 0x44, 0x44, 0x44, 0x44, 0x44, 0x44, 0x43, 0x33, 0x44, 
	0x44, 0x44, 0x44, 0x44, 0x44, 0x44, 0x44, 0x44, 0x44, 0x44, 0x44, 0x44, 0x44, 0x44, 0x44, 0x44, 
	0x44, 0x44, 0x44, 0x44, 0x44, 0x44, 0x44, 0x44, 0x44, 0x44, 0x44, 0x44, 0x44, 0x44, 0x44, 0x44, 
	0x44, 0x44, 0x44, 0x44, 0x44, 0x44, 0x44, 0x44, 0x44, 0x44, 0x44, 0x44, 0x44, 0x44, 0x44, 0x44, 
	0x44, 0x44, 0x44, 0x44, 0x44, 0x44, 0x44, 0x44, 0x44, 0x44, 0x44, 0x44, 0x44, 0x44, 0x44, 0x44, 
	0x44, 0x44, 0x44, 0x44, 0x44, 0x44, 0x44, 0x44, 0x44, 0x44, 0x33, 0x33, 0x44, 0x44, 0x44, 0x44, 
	0x44, 0x44, 0x44, 0x44, 0x44, 0x44, 0x44, 0x44, 0x44, 0x44, 0x44, 0x44, 0x44, 0x44, 0x44, 0x44, 
	0x44, 0x44, 0x44, 0x44, 0x44, 0x44, 0x44, 0x44, 0x44, 0x44, 0x44, 0x44, 0x44, 0x44, 0x44, 0x44, 
	0x44, 0x44, 0x44, 0x44, 0x44, 0x44, 0x44, 0x44, 0x44, 0x44, 0x44, 0x44, 0x44, 0x44, 0x44, 0x44, 
	0x44, 0x44, 0x32, 0x22, 0x34, 0x44, 0x44, 0x44, 0x44, 0x44, 0x44, 0x44, 0x44, 0x44, 0x44, 0x44, 
	0x44, 0x44, 0x44, 0x44, 0x44, 0x44, 0x44, 0x44, 0x44, 0x44, 0x44, 0x44, 0x44, 0x44, 0x44, 0x44, 
	0x44, 0x44, 0x44, 0x44, 0x44, 0x44, 0x44, 0x44, 0x44, 0x44, 0x44, 0x44, 0x44, 0x44, 0x44, 0x44, 
	0x44, 0x44, 0x44, 0x44, 0x44, 0x44, 0x44, 0x44, 0x44, 0x44, 0x43, 0x33, 0x44, 0x44, 0x44, 0x44, 
	0x44, 0x44, 0x44, 0x44, 0x44, 0x44, 0x44, 0x44, 0x44, 0x44, 0x44, 0x44, 0x44, 0x44, 0x43, 0x33, 
	0x32, 0x34, 0x44, 0x44, 0x44, 0x44, 0x44, 0x44, 0x44, 0x44, 0x44, 0x44, 0x44, 0x44, 0x44, 0x44, 
	0x44, 0x44, 0x44, 0x44, 0x44, 0x44, 0x44, 0x44, 0x44, 0x44, 0x44, 0x44, 0x44, 0x44, 0x44, 0x44, 
	0x44, 0x44, 0x33, 0x23, 0x44, 0x44, 0x44, 0x32, 0x23, 0x44, 0x44, 0x44, 0x44, 0x44, 0x44, 0x44, 
	0x44, 0x44, 0x44, 0x44, 0x44, 0x44, 0x44, 0x32, 0x73, 0x23, 0x44, 0x44, 0x44, 0x44, 0x44, 0x44, 
	0x44, 0x44, 0x44, 0x44, 0x44, 0x44, 0x44, 0x44, 0x44, 0x44, 0x44, 0x44, 0x44, 0x44, 0x44, 0x44, 
	0x44, 0x44, 0x44, 0x44, 0x44, 0x44, 0x44, 0x44, 0x44, 0x44, 0x44, 0x44, 0x44, 0x44, 0x44, 0x44, 
	0x44, 0x44, 0x44, 0x44, 0x44, 0x44, 0x44, 0x44, 0x44, 0x44, 0x44, 0x44, 0x44, 0x44, 0x44, 0x37, 
	0x73, 0x34, 0x44, 0x44, 0x44, 0x44, 0x44, 0x44, 0x44, 0x44, 0x44, 0x44, 0x44, 0x44, 0x44, 0x44, 
	0x44, 0x44, 0x44, 0x33, 0x7C, 0xC8, 0x23, 0x44, 0x44, 0x44, 0x44, 0x44, 0x44, 0x44, 0x44, 0x44, 
	0x44, 0x44, 0x44, 0x43, 0x34, 0x44, 0x44, 0x33, 0x34, 0x44, 0x44, 0x33, 0x44, 0x44, 0x44, 0x44, 
	0x44, 0x44, 0x44, 0x44, 0x44, 0x44, 0x43, 0x23, 0x73, 0x23, 0x44, 0x32, 0x33, 0x32, 0x34, 0x44, 
	0x44, 0x44, 0x44, 0x44, 0x44, 0x44, 0x44, 0x44, 0x44, 0x44, 0x44, 0x43, 0x28, 0xC8, 0x32, 0x34, 
	0x44, 0x44, 0x44, 0x44, 0x44, 0x44, 0x44, 0x44, 0x44, 0x44, 0x44, 0x44, 0x44, 0x44, 0x44, 0x44, 
	0x44, 0x44, 0x44, 0x44, 0x44, 0x44, 0x44, 0x44, 0x44, 0x44, 0x44, 0x44, 0x44, 0x44, 0x44, 0x44, 
	0x44, 0x44, 0x44, 0x44, 0x44, 0x44, 0x44, 0x44, 0x44, 0x44, 0x44, 0x44, 0x44, 0x44, 0x44, 0x44, 
	0x44, 0x44, 0x44, 0x43, 0x38, 0xC8, 0x33, 0x33, 0x33, 0x44, 0x44, 0x44, 0x44, 0x44, 0x44, 0x44, 
	0x44, 0x44, 0x44, 0x44, 0x44, 0x44, 0x44, 0x44, 0x37, 0xCE, 0xEC, 0x23, 0x44, 0x44, 0x44, 0x44, 
	0x44, 0x44, 0x44, 0x44, 0x44, 0x44, 0x44, 0x44, 0x33, 0x33, 0x34, 0x43, 0x33, 0x33, 0x34, 0x43, 
	0x33, 0x33, 0x44, 0x44, 0x44, 0x44, 0x44, 0x44, 0x44, 0x44, 0x44, 0x42, 0x78, 0xCC, 0x73, 0x34, 
	0x37, 0x8C, 0xC8, 0x23, 0x44, 0x44, 0x44, 0x44, 0x44, 0x44, 0x44, 0x44, 0x44, 0x44, 0x44, 0x44, 
	0x32, 0x3C, 0xEC, 0x73, 0x33, 0x44, 0x44, 0x44, 0x44, 0x44, 0x44, 0x44, 0x44, 0x44, 0x44, 0x44, 
	0x44, 0x44, 0x44, 0x44, 0x44, 0x44, 0x44, 0x44, 0x44, 0x44, 0x44, 0x44, 0x44, 0x44, 0x44, 0x44, 
	0x44, 0x44, 0x44, 0x44, 0x44, 0x44, 0x44, 0x44, 0x44, 0x44, 0x44, 0x44, 0x44, 0x44, 0x44, 0x44, 
	0x44, 0x44, 0x44, 0x44, 0x44, 0x44, 0x44, 0x44, 0x43, 0x3C, 0xEE, 0x87, 0x33, 0x23, 0x34, 0x44, 
	0x44, 0x44, 0x44, 0x44, 0x44, 0x44, 0x44, 0x44, 0x44, 0x44, 0x44, 0x44, 0x44, 0x37, 0xCE, 0xE8, 
	0x23, 0x44, 0x44, 0x44, 0x44, 0x44, 0x44, 0x44, 0x44, 0x44, 0x44, 0x44, 0x43, 0x38, 0x87, 0x24, 
	0x33, 0x78, 0x73, 0x24, 0x33, 0x87, 0x32, 0x44, 0x44, 0x44, 0x44, 0x44, 0x44, 0x44, 0x44, 0x44, 
	0x41, 0x8C, 0xEE, 0xC7, 0x34, 0x38, 0xCE, 0xFC, 0x32, 0x34, 0x44, 0x44, 0x44, 0x44, 0x44, 0x44, 
	0x44, 0x44, 0x44, 0x44, 0x43, 0x27, 0x8C, 0xFE, 0x87, 0x33, 0x34, 0x44, 0x44, 0x44, 0x44, 0x44, 
	0x44, 0x44, 0x44, 0x44, 0x44, 0x44, 0x44, 0x44, 0x44, 0x44, 0x44, 0x44, 0x44, 0x44, 0x44, 0x44, 
	0x44, 0x44, 0x44, 0x44, 0x44, 0x44, 0x44, 0x44, 0x44, 0x44, 0x44, 0x44, 0x44, 0x44, 0x44, 0x44, 
	0x44, 0x44, 0x44, 0x44, 0x44, 0x44, 0x44, 0x44, 0x44, 0x44, 0x44, 0x44, 0x44, 0x33, 0x8E, 0xFF, 
	0xFC, 0x87, 0x32, 0x23, 0x44, 0x44, 0x44, 0x44, 0x44, 0x44, 0x44, 0x44, 0x44, 0x44, 0x44, 0x44, 
	0x44, 0x44, 0x37, 0x8E, 0x83, 0x34, 0x44, 0x44, 0x44, 0x44, 0x44, 0x44, 0x44, 0x44, 0x44, 0x44, 
	0x44, 0x43, 0x7E, 0xE8, 0x23, 0x28, 0xCF, 0xC8, 0x23, 0x38, 0xE8, 0x72, 0x44, 0x44, 0x44, 0x44, 
	0x44, 0x44, 0x44, 0x44, 0x44, 0x41, 0x8C, 0xFF, 0xC7, 0x34, 0x38, 0xEF, 0xFC, 0x73, 0x34, 0x44, 
	0x44, 0x44, 0x44, 0x44, 0x44, 0x44, 0x44, 0x44, 0x44, 0x33, 0x7C, 0xEF, 0xFF, 0xFC, 0x83, 0x34, 
	0x44, 0x44, 0x44, 0x44, 0x44, 0x44, 0x44, 0x44, 0x44, 0x44, 0x44, 0x44, 0x44, 0x44, 0x44, 0x44, 
	0x44, 0x44, 0x44, 0x44, 0x44, 0x44, 0x44, 0x44, 0x44, 0x44, 0x44, 0x44, 0x44, 0x44, 0x44, 0x44, 
	0x44, 0x43, 0x22, 0x22, 0x23, 0x44, 0x44, 0x44, 0x44, 0x44, 0x44, 0x44, 0x44, 0x44, 0x44, 0x44, 
	0x44, 0x43, 0x27, 0xCF, 0xFF, 0xFF, 0xEE, 0xEE, 0x83, 0x33, 0x44, 0x44, 0x44, 0x44, 0x44, 0x44, 
	0x44, 0x44, 0x44, 0x44, 0x44, 0x44, 0x43, 0x37, 0xCC, 0x73, 0x43, 0x34, 0x44, 0x44, 0x44, 0x44, 
	0x44, 0x44, 0x44, 0x44, 0x44, 0x44, 0x43, 0x7E, 0xFC, 0x32, 0x38, 0xEF, 0xFC, 0x22, 0x38, 0xEC, 
	0x72, 0x44, 0x44, 0x44, 0x44, 0x44, 0x44, 0x44, 0x44, 0x44, 0x42, 0x7C, 0xFF, 0x83, 0x34, 0x37, 
	0xEF, 0xE8, 0x33, 0x44, 0x44, 0x44, 0x44, 0x44, 0x44, 0x44, 0x44, 0x44, 0x44, 0x44, 0x43, 0x27, 
	0x8C, 0xFE, 0xC7, 0x32, 0x34, 0x44, 0x44, 0x44, 0x44, 0x44, 0x44, 0x44, 0x44, 0x44, 0x44, 0x44, 
	0x44, 0x44, 0x44, 0x44, 0x44, 0x44, 0x44, 0x44, 0x44, 0x44, 0x44, 0x44, 0x44, 0x44, 0x44, 0x44, 
	0x44, 0x44, 0x44, 0x44, 0x44, 0x44, 0x33, 0x88, 0x88, 0x83, 0x34, 0x44, 0x44, 0x44, 0x44, 0x44, 
	0x44, 0x44, 0x44, 0x44, 0x44, 0x44, 0x42, 0x38, 0xFF, 0xFF, 0xFF, 0xFF, 0xFF, 0xEC, 0x73, 0x34, 
	0x44, 0x44, 0x44, 0x44, 0x44, 0x44, 0x44, 0x44, 0x44, 0x44, 0x44, 0x32, 0x8C, 0xE8, 0x73, 0x32, 
	0x33, 0x44, 0x44, 0x44, 0x44, 0x44, 0x44, 0x44, 0x44, 0x44, 0x44, 0x43, 0x7E, 0xFC, 0x77, 0x7C, 
	0xFF, 0xFE, 0x77, 0x8C, 0xFC, 0x72, 0x44, 0x44, 0x44, 0x44, 0x44, 0x44, 0x43, 0x33, 0x33, 0x43, 
	0x37, 0xCF, 0x83, 0x34, 0x37, 0xCE, 0xC3, 0x23, 0x33, 0x33, 0x34, 0x44, 0x44, 0x44, 0x44, 0x44, 
	0x44, 0x33, 0x33, 0x43, 0x22, 0x3C, 0xFE, 0x82, 0x22, 0x33, 0x33, 0x34, 0x44, 0x44, 0x44, 0x44, 
	0x44, 0x44, 0x44, 0x44, 0x44, 0x44, 0x44, 0x44, 0x44, 0x44, 0x44, 0x44, 0x44, 0x44, 0x44, 0x44, 
	0x44, 0x44, 0x44, 0x44, 0x44, 0x44, 0x44, 0x44, 0x44, 0x44, 0x43, 0x38, 0xCF, 0xFF, 0xC7, 0x33, 
	0x44, 0x44, 0x44, 0x44, 0x44, 0x44, 0x44, 0x44, 0x44, 0x44, 0x44, 0x41, 0x7C, 0xFF, 0xFF, 0xFF, 
	0xFF, 0xFF, 0xFE, 0xC7, 0x34, 0x44, 0x44, 0x44, 0x44, 0x44, 0x44, 0x44, 0x44, 0x44, 0x44, 0x43, 
	0x27, 0xEF, 0xE7, 0x33, 0x27, 0x73, 0x34, 0x44, 0x44, 0x44, 0x44, 0x44, 0x44, 0x44, 0x44, 0x44, 
	0x43, 0x7E, 0xFE, 0xCC, 0xCE, 0xFF, 0xFE, 0xCC, 0xEE, 0xFC, 0x72, 0x44, 0x44, 0x44, 0x44, 0x44, 
	0x44, 0x33, 0x37, 0x73, 0x34, 0x33, 0x8F, 0x83, 0x34, 0x37, 0xCE, 0x83, 0x34, 0x33, 0x77, 0x33, 
	0x44, 0x44, 0x44, 0x44, 0x44, 0x43, 0x33, 0x33, 0x33, 0x21, 0x3C, 0xFE, 0x81, 0x23, 0x33, 0x33, 
	0x33, 0x44, 0x44, 0x44, 0x44, 0x44, 0x44, 0x44, 0x44, 0x44, 0x44, 0x44, 0x44, 0x44, 0x44, 0x44, 
	0x44, 0x44, 0x44, 0x44, 0x44, 0x44, 0x44, 0x44, 0x44, 0x44, 0x44, 0x44, 0x44, 0x44, 0x44, 0x42, 
	0x8E, 0xFF, 0xFF, 0xFC, 0x73, 0x44, 0x44, 0x44, 0x44, 0x44, 0x44, 0x44, 0x44, 0x44, 0x44, 0x44, 
	0x32, 0xCF, 0xFF, 0xFF, 0xFF, 0xFF, 0xFF, 0xFF, 0xF8, 0x33, 0x44, 0x44, 0x44, 0x44, 0x44, 0x44, 
	0x44, 0x44, 0x44, 0x44, 0x32, 0x7E, 0xFF, 0xE3, 0x33, 0x3C, 0xC8, 0x23, 0x44, 0x44, 0x44, 0x44, 
	0x44, 0x44, 0x44, 0x44, 0x44, 0x43, 0x7C, 0xFF, 0xFF, 0xFF, 0xFF, 0xFF, 0xFF, 0xFF, 0xFC, 0x72, 
	0x44, 0x44, 0x44, 0x44, 0x44, 0x44, 0x27, 0xCE, 0xC7, 0x34, 0x33, 0x7F, 0xC3, 0x34, 0x38, 0xEE, 
	0x83, 0x43, 0x38, 0xEE, 0x82, 0x34, 0x44, 0x44, 0x44, 0x43, 0x22, 0x78, 0x88, 0x72, 0x12, 0x7C, 
	0xFF, 0x82, 0x22, 0x37, 0x88, 0x73, 0x23, 0x44, 0x44, 0x44, 0x44, 0x44, 0x44, 0x44, 0x44, 0x44, 
	0x44, 0x44, 0x44, 0x44, 0x44, 0x44, 0x44, 0x44, 0x44, 0x44, 0x44, 0x44, 0x44, 0x44, 0x44, 0x44, 
	0x44, 0x44, 0x44, 0x44, 0x41, 0x8E, 0xFF, 0xFF, 0xFE, 0x83, 0x44, 0x44, 0x44, 0x44, 0x44, 0x44, 
	0x44, 0x44, 0x44, 0x44, 0x43, 0x33, 0xEF, 0xFF, 0xFF, 0xFF, 0xFF, 0xFF, 0xFF, 0xFE, 0x83, 0x44, 
	0x44, 0x44, 0x44, 0x44, 0x44, 0x44, 0x44, 0x44, 0x43, 0x28, 0xEF, 0xFE, 0xC3, 0x33, 0x3E, 0xEC, 
	0x72, 0x34, 0x44, 0x44, 0x44, 0x44, 0x44, 0x44, 0x44, 0x44, 0x43, 0x27, 0xEF, 0xFF, 0xFF, 0xFF, 
	0xFF, 0xFF, 0xFF, 0xE8, 0x33, 0x44, 0x44, 0x44, 0x44, 0x44, 0x44, 0x28, 0xEF, 0xE8, 0x34, 0x33, 
	0x7F, 0xC7, 0x23, 0x38, 0xFE, 0x73, 0x43, 0x7C, 0xEE, 0xC3, 0x24, 0x44, 0x44, 0x44, 0x32, 0x7C, 
	0xEE, 0xEE, 0xEE, 0xC8, 0xCE, 0xFF, 0xC8, 0xCC, 0xEE, 0xEE, 0xEC, 0x73, 0x34, 0x44, 0x44, 0x44, 
	0x44, 0x44, 0x44, 0x44, 0x44, 0x44, 0x44, 0x44, 0x44, 0x44, 0x44, 0x44, 0x44, 0x44, 0x44, 0x44, 
	0x44, 0x44, 0x44, 0x44, 0x44, 0x44, 0x44, 0x44, 0x44, 0x41, 0x8E, 0xFF, 0xFF, 0xFF, 0x83, 0x44, 
	0x44, 0x44, 0x44, 0x44, 0x44, 0x44, 0x44, 0x44, 0x44, 0x43, 0x38, 0xEF, 0xFF, 0xFF, 0xFF, 0xFF, 
	0xFF, 0xFF, 0xFF, 0xC3, 0x34, 0x44, 0x44, 0x44, 0x44, 0x44, 0x44, 0x44, 0x44, 0x42, 0x3C, 0xFF, 
	0xFE, 0x83, 0x23, 0x7E, 0xFE, 0xC3, 0x34, 0x44, 0x44, 0x44, 0x44, 0x44, 0x44, 0x44, 0x44, 0x44, 
	0x32, 0x8E, 0xFF, 0xFF, 0xFF, 0xFF, 0xFF, 0xFE, 0x83, 0x34, 0x44, 0x44, 0x44, 0x44, 0x44, 0x44, 
	0x28, 0xEF, 0xEC, 0x34, 0x33, 0x7F, 0xE8, 0x22, 0x3C, 0xFC, 0x73, 0x42, 0x7C, 0xFE, 0xC3, 0x24, 
	0x44, 0x44, 0x44, 0x27, 0xCE, 0xFF, 0xFF, 0xFF, 0xFE, 0xEF, 0xFF, 0xEE, 0xFF, 0xFF, 0xFF, 0xFF, 
	0xC7, 0x34, 0x44, 0x44, 0x44, 0x44, 0x44, 0x44, 0x44, 0x44, 0x44, 0x44, 0x44, 0x44, 0x44, 0x44, 
	0x44, 0x44, 0x44, 0x44, 0x44, 0x44, 0x44, 0x44, 0x44, 0x44, 0x44, 0x44, 0x44, 0x44, 0x42, 0x7C, 
	0xFF, 0xFF, 0xFC, 0x83, 0x44, 0x44, 0x44, 0x44, 0x44, 0x44, 0x44, 0x44, 0x44, 0x44, 0x43, 0x7C, 
	0xEF, 0xFF, 0xFF, 0xFF, 0xFF, 0xFF, 0xFF, 0xFF, 0xC3, 0x24, 0x44, 0x44, 0x44, 0x44, 0x44, 0x44, 
	0x44, 0x44, 0x41, 0x8E, 0xFF, 0xFC, 0x72, 0x27, 0x8E, 0xFF, 0xE7, 0x33, 0x44, 0x44, 0x44, 0x44, 
	0x44, 0x44, 0x44, 0x44, 0x44, 0x43, 0x38, 0xFF, 0xFF, 0xFF, 0xFF, 0xFF, 0xEC, 0x22, 0x44, 0x44, 
	0x44, 0x44, 0x44, 0x44, 0x44, 0x27, 0xCE, 0xEC, 0x34, 0x33, 0x7F, 0xFC, 0x21, 0x7C, 0xFC, 0x73, 
	0x72, 0x7C, 0xFE, 0x83, 0x34, 0x44, 0x44, 0x44, 0x28, 0xEF, 0xFF, 0xEE, 0xEE, 0xEF, 0xFF, 0xFF, 
	0xFF, 0xFE, 0xEE, 0xEF, 0xFF, 0xE8, 0x33, 0x44, 0x44, 0x44, 0x44, 0x44, 0x44, 0x44, 0x44, 0x44, 
	0x44, 0x44, 0x44, 0x44, 0x44, 0x44, 0x44, 0x44, 0x44, 0x44, 0x44, 0x44, 0x44, 0x44, 0x44, 0x44, 
	0x44, 0x44, 0x44, 0x43, 0x3C, 0xEF, 0xFF, 0xE8, 0x33, 0x44, 0x44, 0x44, 0x44, 0x44, 0x44, 0x44, 
	0x44, 0x44, 0x44, 0x33, 0x8F, 0xFF, 0xFF, 0xFF, 0xFF, 0xFF, 0xFF, 0xFF, 0xFF, 0xC7, 0x14, 0x44, 
	0x44, 0x44, 0x44, 0x44, 0x44, 0x44, 0x44, 0x41, 0xCE, 0xFF, 0xFC, 0x72, 0x27, 0xCF, 0xFF, 0xF8, 
	0x33, 0x44, 0x44, 0x44, 0x44, 0x44, 0x44, 0x44, 0x44, 0x44, 0x44, 0x38, 0xEF, 0xFF, 0xFF, 0xFF, 
	0xFF, 0xE8, 0x14, 0x44, 0x44, 0x44, 0x44, 0x44, 0x44, 0x44, 0x32, 0x38, 0xEC, 0x72, 0x33, 0x7F, 
	0xFC, 0x32, 0xCE, 0xFE, 0x82, 0x33, 0x8E, 0xE8, 0x33, 0x44, 0x44, 0x44, 0x43, 0x2C, 0xFF, 0xFE, 
	0xC7, 0x37, 0x8F, 0xFF, 0xFF, 0xFE, 0xC7, 0x33, 0x8E, 0xFF, 0xFC, 0x72, 0x44, 0x44, 0x44, 0x44, 
	0x44, 0x44, 0x44, 0x44, 0x44, 0x44, 0x44, 0x44, 0x44, 0x44, 0x44, 0x44, 0x44, 0x44, 0x44, 0x44, 
	0x44, 0x44, 0x44, 0x44, 0x44, 0x44, 0x44, 0x44, 0x44, 0x37, 0xCF, 0xFE, 0xC7, 0x33, 0x44, 0x44, 
	0x44, 0x44, 0x44, 0x44, 0x44, 0x44, 0x44, 0x43, 0x28, 0xEF, 0xFF, 0xFF, 0xFF, 0xFC, 0xCE, 0xFF, 
	0xFF, 0xFF, 0xEC, 0x14, 0x44, 0x44, 0x44, 0x44, 0x44, 0x44, 0x44, 0x44, 0x32, 0xCF, 0xFF, 0xFC, 
	0x72, 0x27, 0xCF, 0xFF, 0xFC, 0x73, 0x44, 0x44, 0x44, 0x44, 0x44, 0x44, 0x44, 0x44, 0x44, 0x44, 
	0x38, 0xEF, 0xFF, 0xFF, 0xFF, 0xFF, 0xE8, 0x14, 0x44, 0x44, 0x44, 0x44, 0x44, 0x44, 0x44, 0x43, 
	0x33, 0x8C, 0xC3, 0x22, 0x7F, 0xFC, 0x72, 0xCF, 0xFE, 0x82, 0x27, 0xCE, 0x83, 0x34, 0x44, 0x44, 
	0x44, 0x43, 0x3C, 0xFF, 0xFC, 0x72, 0x23, 0x7C, 0xEF, 0xFF, 0xFE, 0x73, 0x33, 0x3C, 0xEF, 0xFE, 
	0x82, 0x44, 0x44, 0x44, 0x44, 0x44, 0x44, 0x44, 0x44, 0x44, 0x44, 0x44, 0x44, 0x44, 0x44, 0x44, 
	0x44, 0x44, 0x44, 0x44, 0x44, 0x44, 0x44, 0x44, 0x44, 0x44, 0x44, 0x44, 0x44, 0x43, 0x37, 0xCF, 
	0xFF, 0xC7, 0x33, 0x44, 0x44, 0x44, 0x44, 0x44, 0x44, 0x44, 0x44, 0x44, 0x32, 0x8E, 0xFF, 0xFF, 
	0xFF, 0xEE, 0x87, 0x7C, 0xFF, 0xFF, 0xFF, 0xFC, 0x24, 0x44, 0x44, 0x44, 0x44, 0x44, 0x44, 0x44, 
	0x44, 0x32, 0xEF, 0xFF, 0xFC, 0x72, 0x27, 0xCF, 0xFF, 0xFC, 0x73, 0x44, 0x44, 0x44, 0x44, 0x44, 
	0x44, 0x44, 0x44, 0x44, 0x44, 0x38, 0xFF, 0xFF, 0xFF, 0xFF, 0xFF, 0xEC, 0x14, 0x44, 0x44, 0x44, 
	0x44, 0x44, 0x44, 0x44, 0x44, 0x32, 0x7C, 0xE8, 0x33, 0x7F, 0xFE, 0x87, 0xCF, 0xFE, 0x82, 0x3C, 
	0xEC, 0x33, 0x44, 0x44, 0x44, 0x44, 0x43, 0x3C, 0xFF, 0xFC, 0x32, 0x33, 0x38, 0xEF, 0xFF, 0xFC, 
	0x32, 0x44, 0x28, 0xEF, 0xFC, 0x82, 0x44, 0x44, 0x44, 0x44, 0x44, 0x44, 0x44, 0x44, 0x44, 0x44, 
	0x44, 0x44, 0x44, 0x44, 0x44, 0x44, 0x44, 0x44, 0x44, 0x44, 0x44, 0x44, 0x44, 0x44, 0x44, 0x44, 
	0x44, 0x44, 0x32, 0x7C, 0xFF, 0xFF, 0xF8, 0x32, 0x24, 0x44, 0x44, 0x44, 0x44, 0x44, 0x44, 0x44, 
	0x44, 0x32, 0xCF, 0xFF, 0xFE, 0xEA, 0x87, 0x22, 0x7C, 0xFF, 0xFF, 0xFF, 0xFE, 0x24, 0x44, 0x44, 
	0x44, 0x44, 0x44, 0x44, 0x44, 0x44, 0x32, 0xEF, 0xFF, 0xFE, 0x73, 0x37, 0xCF, 0xFF, 0xFC, 0x73, 
	0x44, 0x44, 0x44, 0x44, 0x44, 0x44, 0x44, 0x44, 0x44, 0x44, 0x38, 0xFF, 0xFF, 0xFF, 0xFF, 0xFF, 
	0xEC, 0x14, 0x44, 0x44, 0x44, 0x44, 0x44, 0x44, 0x44, 0x44, 0x43, 0x38, 0xEE, 0x83, 0x7F, 0xFE, 
	0xC8, 0xEF, 0xFE, 0x87, 0x8E, 0xC7, 0x34, 0x44, 0x44, 0x44, 0x44, 0x43, 0x3C, 0xFF, 0xFC, 0x33, 
	0x43, 0x38, 0xEF, 0xFF, 0xFC, 0x23, 0x44, 0x28, 0xEF, 0xFC, 0x72, 0x44, 0x44, 0x44, 0x44, 0x44, 
	0x44, 0x44, 0x44, 0x44, 0x44, 0x44, 0x44, 0x44, 0x44, 0x44, 0x44, 0x44, 0x44, 0x44, 0x44, 0x44, 
	0x44, 0x44, 0x44, 0x44, 0x44, 0x44, 0x43, 0x27, 0xCE, 0xFF, 0xFF, 0xFE, 0x83, 0x24, 0x44, 0x44, 
	0x44, 0x44, 0x44, 0x44, 0x44, 0x44, 0x32, 0x8E, 0xFF, 0xE8, 0x73, 0x32, 0x12, 0x8E, 0xFF, 0xFF, 
	0xFF, 0xFE, 0x23, 0x44, 0x44, 0x44, 0x44, 0x44, 0x44, 0x44, 0x44, 0x32, 0xEF, 0xFF, 0xFE, 0xC8, 
	0x8C, 0xEF, 0xFF, 0xFC, 0x73, 0x44, 0x44, 0x44, 0x44, 0x44, 0x44, 0x44, 0x44, 0x44, 0x43, 0x28, 
	0xFF, 0xFF, 0xFF, 0xFF, 0xFF, 0xEC, 0x14, 0x44, 0x44, 0x44, 0x44, 0x44, 0x44, 0x44, 0x44, 0x44, 
	0x37, 0xCF, 0xC8, 0x8F, 0xFF, 0xFE, 0xFF, 0xFC, 0x88, 0xEE, 0xC3, 0x34, 0x44, 0x44, 0x44, 0x44, 
	0x44, 0x28, 0xEF, 0xFC, 0x73, 0x43, 0x38, 0xEF, 0xFF, 0xFC, 0x24, 0x43, 0x3E, 0xFF, 0xE8, 0x33, 
	0x44, 0x44, 0x44, 0x44, 0x44, 0x44, 0x44, 0x44, 0x44, 0x44, 0x44, 0x44, 0x44, 0x44, 0x44, 0x44, 
	0x44, 0x44, 0x44, 0x44, 0x44, 0x44, 0x44, 0x44, 0x44, 0x44, 0x44, 0x43, 0x23, 0x7C, 0xFF, 0xFF, 
	0xFC, 0x72, 0x24, 0x44, 0x44, 0x44, 0x44, 0x44, 0x44, 0x44, 0x44, 0x33, 0x78, 0x88, 0x83, 0x33, 
	0x32, 0x28, 0xEF, 0xFF, 0xFF, 0xFF, 0xFE, 0x23, 0x44, 0x44, 0x44, 0x44, 0x44, 0x44, 0x44, 0x44, 
	0x32, 0xEF, 0xFF, 0xFF, 0xEE, 0xEE, 0xFF, 0xFF, 0xF8, 0x73, 0x44, 0x44, 0x44, 0x44, 0x44, 0x44, 
	0x44, 0x44, 0x44, 0x43, 0x28, 0xFF, 0xFF, 0xFF, 0xFF, 0xFF, 0xFC, 0x14, 0x44, 0x44, 0x44, 0x44, 
	0x44, 0x44, 0x44, 0x44, 0x44, 0x33, 0x8F, 0xEE, 0xEF, 0xFF, 0xFF, 0xFF, 0xFE, 0xEE, 0xFE, 0x83, 
	0x44, 0x44, 0x44, 0x44, 0x44, 0x44, 0x37, 0xCF, 0xFE, 0xC7, 0x32, 0x38, 0xEF, 0xFF, 0xFC, 0x23, 
	0x37, 0xCE, 0xFE, 0xC7, 0x34, 0x44, 0x44, 0x44, 0x44, 0x44, 0x44, 0x44, 0x44, 0x44, 0x44, 0x44, 
	0x44, 0x44, 0x44, 0x44, 0x44, 0x44, 0x44, 0x44, 0x44, 0x44, 0x44, 0x44, 0x44, 0x44, 0x44, 0x44, 
	0x44, 0x32, 0x38, 0xFF, 0xFF, 0xF7, 0x32, 0x34, 0x44, 0x44, 0x44, 0x44, 0x44, 0x44, 0x44, 0x44, 
	0x43, 0x33, 0x33, 0x33, 0x34, 0x33, 0x8C, 0xEF, 0xFF, 0xFF, 0xFF, 0xFC, 0x24, 0x44, 0x44, 0x44, 
	0x44, 0x44, 0x44, 0x44, 0x44, 0x31, 0xCF, 0xFF, 0xFF, 0xFF, 0xFF, 0xFF, 0xFF, 0xF8, 0x33, 0x44, 
	0x44, 0x44, 0x44, 0x44, 0x44, 0x44, 0x44, 0x44, 0x43, 0x28, 0xFF, 0xFF, 0xFF, 0xFF, 0xFF, 0xFE, 
	0x13, 0x44, 0x44, 0x44, 0x44, 0x44, 0x44, 0x44, 0x44, 0x44, 0x43, 0x7D, 0xFF, 0xFF, 0xFF, 0xFF, 
	0xFF, 0xFF, 0xFF, 0xF8, 0x33, 0x44, 0x44, 0x44, 0x44, 0x44, 0x44, 0x33, 0x7E, 0xFF, 0xEC, 0x73, 
	0x38, 0xEF, 0xFF, 0xFC, 0x22, 0x7C, 0xEF, 0xFE, 0x73, 0x34, 0x44, 0x44, 0x44, 0x44, 0x44, 0x44, 
	0x44, 0x44, 0x44, 0x44, 0x44, 0x44, 0x44, 0x44, 0x44, 0x44, 0x44, 0x44, 0x44, 0x44, 0x44, 0x44, 
	0x44, 0x44, 0x44, 0x44, 0x44, 0x44, 0x43, 0x38, 0xFF, 0xFF, 0xF8, 0x33, 0x44, 0x44, 0x44, 0x44, 
	0x44, 0x44, 0x44, 0x44, 0x44, 0x44, 0x44, 0x33, 0x34, 0x43, 0x28, 0xEF, 0xFF, 0xFF, 0xFF, 0xFF, 
	0xE8, 0x14, 0x44, 0x44, 0x44, 0x44, 0x44, 0x44, 0x44, 0x44, 0x41, 0xCE, 0xFF, 0xFF, 0xFF, 0xFF, 
	0xFF, 0xFF, 0xE7, 0x33, 0x44, 0x44, 0x44, 0x44, 0x44, 0x44, 0x44, 0x44, 0x44, 0x43, 0x28, 0xFF, 
	0xFF, 0xFF, 0xFF, 0xFF, 0xFE, 0x13, 0x44, 0x44, 0x44, 0x44, 0x44, 0x44, 0x44, 0x44, 0x44, 0x43, 
	0x38, 0xEF, 0xFF, 0xFF, 0xFF, 0xFF, 0xFF, 0xFF, 0xE7, 0x33, 0x44, 0x44, 0x44, 0x44, 0x44, 0x44, 
	0x43, 0x37, 0xEF, 0xFF, 0xE8, 0x78, 0xEF, 0xFF, 0xFC, 0x77, 0xCF, 0xFF, 0xE8, 0x23, 0x44, 0x44, 
	0x44, 0x44, 0x44, 0x44, 0x44, 0x44, 0x44, 0x44, 0x44, 0x44, 0x44, 0x44, 0x44, 0x44, 0x44, 0x44, 
	0x44, 0x44, 0x44, 0x44, 0x44, 0x44, 0x44, 0x44, 0x44, 0x44, 0x44, 0x43, 0x7C, 0xFF, 0xFF, 0xFC, 
	0x73, 0x44, 0x44, 0x44, 0x44, 0x44, 0x44, 0x44, 0x44, 0x44, 0x44, 0x44, 0x44, 0x44, 0x32, 0x8C, 
	0xFF, 0xFF, 0xFF, 0xFF, 0xFF, 0xC7, 0x14, 0x44, 0x44, 0x44, 0x44, 0x44, 0x44, 0x44, 0x44, 0x42, 
	0x7C, 0xFF, 0xFF, 0xFF, 0xFF, 0xFF, 0xFE, 0xC3, 0x34, 0x44, 0x44, 0x44, 0x44, 0x44, 0x44, 0x44, 
	0x44, 0x44, 0x43, 0x28, 0xFF, 0xFF, 0xFF, 0xFF, 0xFF, 0xFE, 0x13, 0x44, 0x44, 0x44, 0x44, 0x44, 
	0x44, 0x44, 0x44, 0x44, 0x44, 0x33, 0xEF, 0xFF, 0xFF, 0xFF, 0xFF, 0xFF, 0xFE, 0xC3, 0x34, 0x44, 
	0x44, 0x44, 0x44, 0x44, 0x44, 0x44, 0x33, 0x8E, 0xFF, 0xFE, 0xEE, 0xEF, 0xFF, 0xFE, 0xCE, 0xFF, 
	0xFE, 0x83, 0x34, 0x44, 0x44, 0x44, 0x44, 0x44, 0x44, 0x44, 0x44, 0x44, 0x44, 0x44, 0x44, 0x44, 
	0x44, 0x44, 0x44, 0x44, 0x44, 0x44, 0x44, 0x44, 0x44, 0x44, 0x44, 0x44, 0x44, 0x44, 0x44, 0x44, 
	0x33, 0xCE, 0xFF, 0xFF, 0xFE, 0x83, 0x34, 0x44, 0x44, 0x44, 0x44, 0x44, 0x44, 0x44, 0x44, 0x44, 
	0x44, 0x44, 0x44, 0x37, 0xCF, 0xFF, 0xFF, 0xFF, 0xFF, 0xFF, 0xC3, 0x24, 0x44, 0x44, 0x44, 0x44, 
	0x44, 0x44, 0x44, 0x44, 0x43, 0x38, 0xEF, 0xFF, 0xFF, 0xFF, 0xFF, 0xFE, 0x73, 0x34, 0x44, 0x44, 
	0x44, 0x44, 0x44, 0x44, 0x44, 0x44, 0x44, 0x43, 0x28, 0xFF, 0xFF, 0xFF, 0xFF, 0xFF, 0xFE, 0x23, 
	0x44, 0x44, 0x44, 0x44, 0x44, 0x44, 0x44, 0x44, 0x44, 0x44, 0x32, 0x8E, 0xFF, 0xFF, 0xFF, 0xFF, 
	0xFF, 0xFE, 0x73, 0x34, 0x44, 0x44, 0x44, 0x44, 0x44, 0x44, 0x44, 0x43, 0x38, 0xCF, 0xFF, 0xFF, 
	0xFF, 0xFF, 0xFF, 0xFF, 0xFE, 0xC8, 0x33, 0x44, 0x44, 0x44, 0x44, 0x44, 0x44, 0x44, 0x44, 0x44, 
	0x44, 0x44, 0x44, 0x44, 0x44, 0x44, 0x44, 0x44, 0x44, 0x44, 0x44, 0x44, 0x44, 0x44, 0x44, 0x44, 
	0x44, 0x44, 0x44, 0x44, 0x43, 0x38, 0xEF, 0xFF, 0xFF, 0xFF, 0xC7, 0x23, 0x44, 0x44, 0x44, 0x44, 
	0x44, 0x44, 0x44, 0x44, 0x44, 0x44, 0x44, 0x43, 0x3C, 0xEF, 0xFF, 0xFF, 0xFF, 0xFF, 0xFE, 0x82, 
	0x34, 0x44, 0x44, 0x44, 0x44, 0x44, 0x44, 0x44, 0x44, 0x44, 0x23, 0x8E, 0xFF, 0xFF, 0xFF, 0xFF, 
	0xE8, 0x22, 0x34, 0x44, 0x44, 0x44, 0x44, 0x44, 0x44, 0x44, 0x44, 0x44, 0x43, 0x2C, 0xFF, 0xFF, 
	0xFF, 0xFF, 0xFF, 0xFE, 0x22, 0x34, 0x44, 0x44, 0x44, 0x44, 0x44, 0x44, 0x44, 0x44, 0x44, 0x41, 
	0x3C, 0xFF, 0xFF, 0xFF, 0xFF, 0xFF, 0xE8, 0x22, 0x44, 0x44, 0x44, 0x44, 0x44, 0x44, 0x44, 0x44, 
	0x44, 0x33, 0x7E, 0xFF, 0xFF, 0xFF, 0xFF, 0xFF, 0xFF, 0xFE, 0x72, 0x34, 0x44, 0x44, 0x44, 0x44, 
	0x44, 0x44, 0x44, 0x44, 0x44, 0x44, 0x44, 0x44, 0x44, 0x44, 0x44, 0x44, 0x44, 0x44, 0x44, 0x44, 
	0x44, 0x44, 0x44, 0x44, 0x44, 0x44, 0x44, 0x44, 0x44, 0x32, 0x7F, 0xFF, 0xFF, 0xFF, 0xFF, 0xFE, 
	0x32, 0x34, 0x44, 0x44, 0x44, 0x44, 0x44, 0x44, 0x44, 0x44, 0x44, 0x44, 0x33, 0x8F, 0xFF, 0xFF, 
	0xFF, 0xFF, 0xFF, 0xF8, 0x73, 0x34, 0x44, 0x44, 0x44, 0x44, 0x44, 0x44, 0x44, 0x44, 0x42, 0x23, 
	0x7E, 0xFF, 0xFF, 0xFF, 0xFE, 0x83, 0x22, 0x23, 0x44, 0x44, 0x44, 0x44, 0x44, 0x44, 0x44, 0x44, 
	0x44, 0x32, 0x7C, 0xFF, 0xFF, 0xFF, 0xFF, 0xFF, 0xFE, 0x32, 0x23, 0x44, 0x44, 0x44, 0x44, 0x44, 
	0x44, 0x44, 0x44, 0x44, 0x32, 0x3C, 0xFF, 0xFF, 0xFF, 0xFF, 0xFF, 0xC7, 0x22, 0x34, 0x44, 0x44, 
	0x44, 0x44, 0x44, 0x44, 0x44, 0x44, 0x32, 0x38, 0xEF, 0xFF, 0xFF, 0xFF, 0xFF, 0xFF, 0xE8, 0x32, 
	0x34, 0x44, 0x44, 0x44, 0x44, 0x44, 0x44, 0x44, 0x44, 0x44, 0x44, 0x44, 0x44, 0x44, 0x44, 0x44, 
	0x44, 0x44, 0x44, 0x44, 0x44, 0x44, 0x44, 0x44, 0x44, 0x44, 0x44, 0x44, 0x44, 0x43, 0x27, 0xEF, 
	0xFF, 0xFF, 0xFF, 0xFF, 0xFF, 0xE7, 0x23, 0x44, 0x44, 0x44, 0x44, 0x44, 0x44, 0x44, 0x44, 0x44, 
	0x33, 0x7C, 0xEF, 0xFF, 0xFF, 0xFF, 0xFF, 0xFF, 0xFE, 0xC8, 0x33, 0x44, 0x44, 0x44, 0x44, 0x44, 
	0x44, 0x44, 0x44, 0x33, 0x8C, 0xEE, 0xFF, 0xFF, 0xFF, 0xFE, 0xEC, 0xCC, 0x82, 0x34, 0x44, 0x44, 
	0x44, 0x44, 0x44, 0x44, 0x44, 0x33, 0x38, 0xCE, 0xFF, 0xFF, 0xFF, 0xFF, 0xFF, 0xFF, 0xE8, 0x32, 
	0x34, 0x44, 0x44, 0x44, 0x44, 0x44, 0x44, 0x44, 0x33, 0x7C, 0xEE, 0xFF, 0xFF, 0xFF, 0xFF, 0xFF, 
	0xEC, 0x87, 0x33, 0x44, 0x44, 0x44, 0x44, 0x44, 0x44, 0x44, 0x44, 0x33, 0x7C, 0xEF, 0xFF, 0xFF, 
	0xFF, 0xFF, 0xFF, 0xEE, 0xC7, 0x33, 0x44, 0x44, 0x44, 0x44, 0x44, 0x44, 0x44, 0x44, 0x44, 0x44, 
	0x44, 0x44, 0x44, 0x44, 0x44, 0x44, 0x44, 0x44, 0x44, 0x44, 0x44, 0x44, 0x44, 0x44, 0x44, 0x44, 
	0x44, 0x44, 0x42, 0x7C, 0xFF, 0xFF, 0xFF, 0xFF, 0xFF, 0xFF, 0xFC, 0x72, 0x44, 0x44, 0x44, 0x44, 
	0x44, 0x44, 0x44, 0x44, 0x43, 0x33, 0xCE, 0xFF, 0xFF, 0xFF, 0xFF, 0xFF, 0xFF, 0xFF, 0xEC, 0x83, 
	0x34, 0x44, 0x44, 0x44, 0x44, 0x44, 0x44, 0x43, 0x38, 0xEF, 0xFF, 0xFF, 0xFF, 0xFF, 0xFF, 0xFF, 
	0xFF, 0xC8, 0x23, 0x44, 0x44, 0x44, 0x44, 0x44, 0x44, 0x44, 0x33, 0x8C, 0xFF, 0xFF, 0xFF, 0xFF, 
	0xFF, 0xFF, 0xFF, 0xFE, 0x83, 0x24, 0x44, 0x44, 0x44, 0x44, 0x44, 0x44, 0x44, 0x33, 0x8E, 0xFF, 
	0xFF, 0xFF, 0xFF, 0xFF, 0xFF, 0xFF, 0xEC, 0x83, 0x34, 0x44, 0x44, 0x44, 0x44, 0x44, 0x44, 0x43, 
	0x38, 0xCE, 0xFF, 0xFF, 0xFF, 0xFF, 0xFF, 0xFF, 0xFF, 0xEC, 0x72, 0x44, 0x44, 0x44, 0x44, 0x44, 
	0x44, 0x44, 0x44, 0x44, 0x44, 0x44, 0x44, 0x44, 0x44, 0x44, 0x44, 0x44, 0x44, 0x44, 0x44, 0x44, 
	0x44, 0x44, 0x44, 0x44, 0x44, 0x44, 0x44, 0x43, 0xCF, 0xFF, 0xFF, 0xFF, 0xFF, 0xFF, 0xFF, 0xFE, 
	0x82, 0x34, 0x44, 0x44, 0x44, 0x44, 0x44, 0x44, 0x44, 0x43, 0x37, 0xEF, 0xFF, 0xFF, 0xFF, 0xFF, 
	0xFF, 0xFF, 0xFF, 0xFF, 0xC7, 0x34, 0x44, 0x44, 0x44, 0x44, 0x44, 0x44, 0x33, 0x7E, 0xFF, 0xFF, 
	0xFF, 0xFF, 0xFF, 0xFF, 0xFF, 0xFF, 0xFE, 0x33, 0x34, 0x44, 0x44, 0x44, 0x44, 0x44, 0x44, 0x27, 
	0xCF, 0xFF, 0xFF, 0xFF, 0xFF, 0xFF, 0xFF, 0xFF, 0xFF, 0xE8, 0x14, 0x44, 0x44, 0x44, 0x44, 0x44, 
	0x44, 0x44, 0x28, 0xEF, 0xFF, 0xFF, 0xFF, 0xFF, 0xFF, 0xFF, 0xFF, 0xFF, 0xC7, 0x24, 0x44, 0x44, 
	0x44, 0x44, 0x44, 0x44, 0x42, 0x3C, 0xEF, 0xFF, 0xFF, 0xFF, 0xFF, 0xFF, 0xFF, 0xFF, 0xFE, 0x82, 
	0x44, 0x44, 0x44, 0x44, 0x44, 0x44, 0x44, 0x44, 0x44, 0x44, 0x44, 0x44, 0x44, 0x44, 0x44, 0x44, 
	0x44, 0x44, 0x44, 0x44, 0x44, 0x44, 0x44, 0x44, 0x44, 0x44, 0x44, 0x44, 0x33, 0xCF, 0xFF, 0xFF, 
	0xFF, 0xFF, 0xFF, 0xFF, 0xFE, 0xC3, 0x24, 0x44, 0x44, 0x44, 0x44, 0x44, 0x44, 0x44, 0x43, 0x38, 
	0xEF, 0xFF, 0xFF, 0xFF, 0xFF, 0xFF, 0xFF, 0xFF, 0xFF, 0xE7, 0x34, 0x44, 0x44, 0x44, 0x44, 0x44, 
	0x44, 0x33, 0x8F, 0xFF, 0xFF, 0xFF, 0xFF, 0xFF, 0xFF, 0xFF, 0xFF, 0xFE, 0x32, 0x34, 0x44, 0x44, 
	0x44, 0x44, 0x44, 0x44, 0x28, 0xCF, 0xFF, 0xFF, 0xFF, 0xFF, 0xFF, 0xFF, 0xFF, 0xFF, 0xEC, 0x14, 
	0x44, 0x44, 0x44, 0x44, 0x44, 0x44, 0x43, 0x28, 0xEF, 0xFF, 0xFF, 0xFF, 0xFF, 0xFF, 0xFF, 0xFF, 
	0xFF, 0xC8, 0x24, 0x44, 0x44, 0x44, 0x44, 0x44, 0x44, 0x41, 0x7C, 0xEF, 0xFF, 0xFF, 0xFF, 0xFF, 
	0xFF, 0xFF, 0xFF, 0xFE, 0x82, 0x34, 0x44, 0x44, 0x44, 0x44, 0x44, 0x44, 0x44, 0x44, 0x44, 0x44, 
	0x44, 0x44, 0x44, 0x44, 0x44, 0x44, 0x44, 0x44, 0x44, 0x44, 0x44, 0x44, 0x44, 0x44, 0x44, 0x44, 
	0x43, 0x33, 0xCE, 0xEE, 0xEE, 0xEE, 0xEE, 0xEE, 0xEE, 0xEE, 0x83, 0x24, 0x44, 0x44, 0x44, 0x44, 
	0x44, 0x44, 0x44, 0x43, 0x38, 0xCE, 0xEE, 0xEE, 0xEE, 0xEE, 0xEE, 0xEE, 0xEE, 0xEE, 0xC7, 0x34, 
	0x44, 0x44, 0x44, 0x44, 0x44, 0x44, 0x33, 0x8C, 0xEE, 0xEE, 0xEE, 0xEE, 0xEE, 0xEE, 0xEE, 0xEE, 
	0xEC, 0x32, 0x34, 0x44, 0x44, 0x44, 0x44, 0x44, 0x44, 0x28, 0xCC, 0xEE, 0xEE, 0xEE, 0xEE, 0xEE, 
	0xEE, 0xEE, 0xEE, 0xC8, 0x14, 0x44, 0x44, 0x44, 0x44, 0x44, 0x44, 0x43, 0x28, 0xCE, 0xEE, 0xEE, 
	0xEE, 0xEE, 0xEE, 0xEE, 0xEE, 0xEE, 0xC8, 0x24, 0x44, 0x44, 0x44, 0x44, 0x44, 0x44, 0x41, 0x7C, 
	0xCE, 0xEE, 0xEE, 0xEE, 0xEE, 0xEE, 0xEE, 0xEE, 0xEC, 0x82, 0x34, 0x44, 0x44, 0x44, 0x44, 0x44, 
	0x44, 0x44, 0x44, 0x44, 0x44, 0x44, 0x44, 0x44, 0x44, 0x44, 0x44, 0x44, 0x44, 0x44, 0x44, 0x44, 
	0x44, 0x44, 0x44, 0x44, 0x44, 0x43, 0x22, 0x78, 0x88, 0x88, 0x88, 0x88, 0x88, 0x88, 0x88, 0x72, 
	0x34, 0x44, 0x44, 0x44, 0x44, 0x44, 0x44, 0x44, 0x43, 0x27, 0x78, 0x88, 0x88, 0x88, 0x88, 0x88, 
	0x88, 0x88, 0x88, 0x83, 0x34, 0x44, 0x44, 0x44, 0x44, 0x44, 0x44, 0x32, 0x38, 0x88, 0x88, 0x88, 
	0x88, 0x88, 0x88, 0x88, 0x88, 0x87, 0x33, 0x44, 0x44, 0x44, 0x44, 0x44, 0x44, 0x44, 0x37, 0x88, 
	0x88, 0x88, 0x88, 0x88, 0x88, 0x88, 0x88, 0x88, 0x73, 0x24, 0x44, 0x44, 0x44, 0x44, 0x44, 0x44, 
	0x44, 0x27, 0x88, 0x88, 0x88, 0x88, 0x88, 0x88, 0x88, 0x88, 0x88, 0x77, 0x24, 0x44, 0x44, 0x44, 
	0x44, 0x44, 0x44, 0x42, 0x37, 0x88, 0x88, 0x88, 0x88, 0x88, 0x88, 0x88, 0x88, 0x88, 0x72, 0x44, 
	0x44, 0x44, 0x44, 0x44, 0x44, 0x44, 0x44, 0x44, 0x44, 0x44, 0x44, 0x44, 0x44, 0x44, 0x44, 0x44, 
	0x44, 0x44, 0x44, 0x44, 0x44, 0x44, 0x44, 0x44, 0x44, 0x44, 0x44, 0x32, 0x22, 0x22, 0x22, 0x22, 
	0x22, 0x22, 0x22, 0x22, 0x22, 0x34, 0x44, 0x44, 0x44, 0x44, 0x44, 0x44, 0x44, 0x44, 0x32, 0x22, 
	0x22, 0x22, 0x22, 0x22, 0x22, 0x22, 0x22, 0x22, 0x22, 0x34, 0x44, 0x44, 0x44, 0x44, 0x44, 0x44, 
	0x33, 0x22, 0x22, 0x22, 0x22, 0x22, 0x22, 0x22, 0x22, 0x22, 0x22, 0x34, 0x44, 0x44, 0x44, 0x44, 
	0x44, 0x44, 0x44, 0x32, 0x22, 0x22, 0x22, 0x22, 0x22, 0x22, 0x22, 0x22, 0x22, 0x22, 0x34, 0x44, 
	0x44, 0x44, 0x44, 0x44, 0x44, 0x44, 0x32, 0x22, 0x22, 0x22, 0x22, 0x22, 0x22, 0x22, 0x22, 0x22, 
	0x22, 0x34, 0x44, 0x44, 0x44, 0x44, 0x44, 0x44, 0x43, 0x22, 0x22, 0x22, 0x22, 0x22, 0x22, 0x22, 
	0x22, 0x22, 0x22, 0x23, 0x44, 0x44, 0x44, 0x44, 0x44, 0x44, 0x44, 0x44, 0x44, 0x44, 0x44, 0x44, 
	0x44, 0x44, 0x44, 0x44, 0x44, 0x44, 0x44, 0x44, 0x44, 0x44, 0x44, 0x44, 0x44, 0x44, 0x44, 0x44, 
	0x44, 0x44, 0x44, 0x44, 0x44, 0x44, 0x44, 0x44, 0x44, 0x44, 0x44, 0x44, 0x44, 0x44, 0x44, 0x44, 
	0x44, 0x44, 0x44, 0x44, 0x44, 0x44, 0x44, 0x44, 0x44, 0x44, 0x44, 0x44, 0x44, 0x44, 0x44, 0x44, 
	0x44, 0x44, 0x44, 0x44, 0x44, 0x44, 0x44, 0x44, 0x44, 0x44, 0x44, 0x44, 0x44, 0x44, 0x44, 0x44, 
	0x44, 0x44, 0x44, 0x44, 0x44, 0x44, 0x44, 0x44, 0x44, 0x44, 0x44, 0x44, 0x44, 0x44, 0x44, 0x44, 
	0x44, 0x44, 0x44, 0x44, 0x44, 0x44, 0x44, 0x44, 0x44, 0x44, 0x44, 0x44, 0x44, 0x44, 0x44, 0x44, 
	0x44, 0x44, 0x44, 0x44, 0x44, 0x44, 0x44, 0x44, 0x44, 0x44, 0x44, 0x44, 0x44, 0x44, 0x44, 0x44, 
	0x44, 0x44, 0x44, 0x44, 0x44, 0x44, 0x44, 0x44, 0x44, 0x44, 0x44, 0x44, 0x44, 0x44, 0x44, 0x44, 
	0x44, 0x44, 0x44, 0x44, 0x44, 0x44, 0x44, 0x44, 0x44, 0x44, 0x44, 0x44, 0x44, 0x44, 0x44, 0x44, 
	0x44, 0x44, 0x44, 0x44, 0x44, 0x44, 0x44, 0x44, 0x44, 0x44, 0x44, 0x44, 0x44, 0x44, 0x44, 0x44, 
	0x44, 0x44, 0x44, 0x44, 0x44, 0x44, 0x44, 0x44, 0x44, 0x44, 0x44, 0x44, 0x44, 0x44, 0x44, 0x44, 
	0x44, 0x44, 0x44, 0x44, 0x44, 0x44, 0x44, 0x44, 0x44, 0x44, 0x44, 0x44, 0x44, 0x44, 0x44, 0x44, 
	0x44, 0x44, 0x44, 0x44, 0x44, 0x44, 0x44, 0x44, 0x44, 0x44, 0x44, 0x44, 0x44, 0x44, 0x44, 0x44, 
	0x44, 0x44, 0x44, 0x44, 0x44, 0x44, 0x44, 0x44, 0x44, 0x44, 0x44, 0x44, 0x44, 0x44, 0x44, 0x44, 
	0x44, 0x44, 0x44, 0x44, 0x44, 0x44, 0x44, 0x44, 0x44, 0x44, 0x44, 0x44, 0x44, 0x44, 0x44, 0x44, 
	0x44, 0x44, 0x44, 0x44, 0x44, 0x44, 0x44, 0x44, 0x44, 0x44, 0x44, 0x44, 0x44, 0x44, 0x44, 0x44, 
	0x44, 0x44, 0x44, 0x44, 0x44, 0x44, 0x44, 0x44, 0x44, 0x44, 0x44, 0x44, 0x44, 0x44, 0x44, 0x44, 
	0x44, 0x44, 0x44, 0x44, 0x44, 0x44, 0x44, 0x44, 0x44, 0x44, 0x44, 0x44, 0x44, 0x44, 0x44, 0x44, 
	0x44, 0x44, 0x44, 0x44, 0x44, 0x44, 0x44, 0x44, 0x44, 0x44, 0x44, 0x44, 0x44, 0x44, 0x44, 0x44, 
	0x44, 0x44, 0x44, 0x44, 0x44, 0x44, 0x44, 0x44, 0x44, 0x44, 0x44, 0x44, 0x44, 0x44, 0x44, 0x44, 
	0x44, 0x44, 0x44, 0x44, 0x44, 0x44, 0x44, 0x44, 0x44, 0x44, 0x44, 0x44, 0x44, 0x44, 0x44, 0x44, 
	0x44, 0x44, 0x44, 0x44, 0x44, 0x44, 0x44, 0x44, 0x44, 0x44, 0x44, 0x44, 0x44, 0x44, 0x44, 0x44, 
	0x44, 0x44, 0x44, 0x44, 0x44, 0x44, 0x44, 0x44, 0x44, 0x44, 0x44, 0x44, 0x44, 0x44, 0x44, 0x44, 
	0x44, 0x44, 0x44, 0x44, 0x44, 0x44, 0x44, 0x44, 0x44, 0x44, 0x44, 0x44, 0x44, 0x44, 0x44, 0x44, 
	0x44, 0x44, 0x44, 0x44, 0x44, 0x44, 0x44, 0x44, 0x44, 0x44, 0x44, 0x44, 0x44, 0x44, 0x44, 0x44, 
	0x44, 0x44, 0x44, 0x44, 0x44, 0x44, 0x44, 0x44, 0x44, 0x44, 0x44, 0x44, 0x44, 0x44, 0x44, 0x44, 
	0x44, 0x44, 0x44, 0x44, 0x44, 0x44, 0x44, 0x44, 0x44, 0x44, 0x44, 0x44, 0x44, 0x44, 0x44, 0x44, 
	0x44, 0x44, 0x44, 0x44, 0x44, 0x44, 0x44, 0x44, 0x44, 0x44, 0x44, 0x44, 0x44, 0x44, 0x44, 0x44, 
	0x44, 0x44, 0x44, 0x44, 0x44, 0x44, 0x44, 0x44, 0x44, 0x44, 0x44, 0x44, 0x44, 0x44, 0x44, 0x44, 
	0x44, 0x44, 0x44, 0x44, 0x44, 0x44, 0x44, 0x44, 0x44, 0x44, 0x44, 0x44, 0x44, 0x44, 0x44, 0x44, 
	0x44, 0x44, 0x44, 0x44, 0x44, 0x44, 0x44, 0x44, 0x44, 0x44, 0x44, 0x44, 0x44, 0x44, 0x44, 0x44, 
	0x44, 0x44, 0x44, 0x44, 0x44, 0x44, 0x44, 0x44, 0x44, 0x44, 0x44, 0x44, 0x44, 0x44, 0x44, 0x44, 
	0x44, 0x44, 0x44, 0x44, 0x44, 0x44, 0x44, 0x44, 0x44, 0x44, 0x44, 0x44, 0xAA, 0xAA, 0xAA, 0xAA, 
	0xAA, 0xAA, 0xAA, 0xAA, 0xAA, 0xAA, 0xAA, 0xAA, 0xAA, 0xAA, 0xAA, 0xAA, 0xAA, 0xAA, 0xAA, 0xAA, 
	0xAA, 0xAA, 0xAA, 0xAA, 0xAA, 0xAA, 0xAA, 0xAA, 0xAA, 0xAA, 0xAA, 0xAA, 0xAA, 0xAA, 0xAA, 0xAA, 
	0xAA, 0xAA, 0xAA, 0xAA, 0xAA, 0xAA, 0xAA, 0xAA, 0xAA, 0xAA, 0xAA, 0xAA, 0xAA, 0xAA, 0xAA, 0xAA, 
	0xAA, 0xAA, 0xAA, 0xAA, 0xAA, 0xAA, 0xAA, 0xAA, 0xAA, 0xAA, 0xAA, 0xAA, 0xAA, 0xAA, 0xAA, 0xAA, 
	0xAA, 0xAA, 0xAA, 0xAA, 0xAA, 0xAA, 0xAA, 0xAA, 0xAA, 0xAA, 0xAA, 0xAA, 0xAA, 0xAA, 0xAA, 0xAA, 
	0xAA, 0xAA, 0xAA, 0xAA, 0xAA, 0xAA, 0xAA, 0xAA, 0xAA, 0xAA, 0xAA, 0xAA, 0xAA, 0xAA, 0xAA, 0xAA, 
	0xAA, 0xAA, 0xAA, 0xAA, 0xAA, 0xAA, 0xAA, 0xAA, 0xAA, 0xAA, 0xAA, 0xAA, 0xAA, 0xAA, 0xAA, 0xAA, 
	0xAA, 0xAA, 0xAA, 0xAA, 0xAA, 0xAA, 0xAA, 0xAA, 0xAA, 0xAA, 0xAA, 0xAA, 0xAA, 0xAA, 0xAA, 0xAA, 
	0xAA, 0xAA, 0xAA, 0xAA, 0xAA, 0xAA, 0xAA, 0xAA, 0xAA, 0xAA, 0xAA, 0xAA, 0xAA, 0xAA, 0xAA, 0xAA, 
	0xAA, 0xAA, 0xAA, 0xAA, 0xAA, 0xAA, 0xAA, 0xAA, 0xAA, 0xAA, 0xAA, 0xAA, 0xAA, 0xAA, 0xAA, 0xAA, 
	0xAA, 0xAA, 0xAA, 0xAA, 0xAA, 0xAA, 0xAA, 0xAA, 0xAA, 0xAA, 0xAA, 0xAA, 0xAA, 0xAA, 0xAA, 0xAA, 
	0xAA, 0xAA, 0xAA, 0xAA, 0xAA, 0xAA, 0xAA, 0xAA, 0xAA, 0xAA, 0xAA, 0xAA, 0xAA, 0xAA, 0xAA, 0xAA, 
	0xAA, 0xAA, 0xAA, 0xAA, 0xAA, 0xAA, 0xAA, 0xAA, 0xAA, 0xAA, 0xAA, 0xAA, 0xAA, 0xAA, 0xAA, 0xAA, 
	0xAA, 0xAA, 0xAA, 0xAA, 0xAA, 0xAA, 0xAA, 0xAA, 0xAA, 0xAA, 0xAA, 0xAA, 0xAA, 0xAA, 0xAA, 0xAA, 
	0xAA, 0xAA, 0xAA, 0xAA, 0xAA, 0xAA, 0xAA, 0xAA, 0xAA, 0xAA, 0xAA, 0xAA, 0xAA, 0xAA, 0xAA, 0xAA, 
	0xAA, 0xAA, 0xAA, 0xAA, 0xAA, 0xAA, 0xAA, 0xAA, 0xAA, 0xAA, 0xAA, 0xAA, 0xAA, 0xAA, 0xAA, 0xAA, 
	0xAA, 0xAA, 0xAA, 0xAA, 0xAA, 0xAA, 0xAA, 0xAA, 0xAA, 0xAA, 0xAA, 0xAA, 0xAA, 0xAA, 0xAA, 0xAA, 
	0xAA, 0xAA, 0xAA, 0xAA, 0xAA, 0xAA, 0xAA, 0xAA, 0xAA, 0xAA, 0xAA, 0xAA, 0xAA, 0xAA, 0xAA, 0xAA, 
	0xAA, 0xAA, 0xAA, 0xAA, 0xAA, 0xAA, 0xAA, 0xAA, 0xAA, 0xAA, 0xAA, 0xAA, 0xAA, 0xAA, 0xAA, 0xAA, 
	0xAA, 0xAA, 0xAA, 0xAA, 0xAA, 0xAA, 0xAA, 0xAA, 0xAA, 0xAA, 0xAA, 0xAA, 0xAA, 0xAA, 0xAA, 0xAA, 
	0xAA, 0xAA, 0xAA, 0xAA, 0xAA, 0xAA, 0xAA, 0xAA, 0xAA, 0xAA, 0xAA, 0xAA, 0xAA, 0xAA, 0xAA, 0xAA, 
	0xAA, 0xAA, 0xAA, 0xAA, 0xAA, 0xAA, 0xAA, 0xAA, 0xAA, 0xAA, 0xAA, 0xAA, 0xAA, 0xAA, 0xAA, 0xAA, 
	0xAA, 0xAA, 0xAA, 0xAA, 0xAA, 0xAA, 0xAA, 0xAA, 0xAA, 0xAA, 0xAA, 0xAA, 0xAA, 0xAA, 0xAA, 0xAA, 
	0xAA, 0xAA, 0xAA, 0xAA, 0xAA, 0xAA, 0xAA, 0xAA, 0xAA, 0xAA, 0xAA, 0xAA, 0xAA, 0xAA, 0xAA, 0xAA, 
	0xAA, 0xAA, 0xAA, 0xAA, 0xAA, 0xAA, 0xAA, 0xAA, 0xAA, 0xAA, 0xAA, 0xAA, 0xAA, 0xAA, 0xAA, 0xAA, 
	0xAA, 0xAA, 0xAA, 0xAA, 0xAA, 0xAA, 0xAA, 0xAA, 0xAA, 0xAA, 0xAA, 0xAA, 0xAA, 0xAA, 0xAA, 0xAA, 
	0xAA, 0xAA, 0xAA, 0xAA, 0xAA, 0xAA, 0xAA, 0xAA, 0xAA, 0xAA, 0xAA, 0xAA, 0xAA, 0xAA, 0xAA, 0xAA, 
	0xAA, 0xAA, 0xAA, 0xAA, 0xAA, 0xAA, 0xAA, 0xAA, 0xAA, 0xAA, 0xAA, 0xAA, 0xAA, 0xAA, 0xAA, 0xAA, 
	0xAA, 0xAA, 0xAA, 0xAA, 0xAA, 0xAA, 0xAA, 0xAA, 0xAA, 0xAA, 0xAA, 0xAA, 0xAA, 0xAA, 0xAA, 0xAA, 
	0xAA, 0xAA, 0xAA, 0xAA, 0xAA, 0xAA, 0xAA, 0xAA, 0xAA, 0xAA, 0xAA, 0xAA, 0xAA, 0xAA, 0xAA, 0xAA, 
	0xAA, 0xAA, 0xAA, 0xAA, 0xAA, 0xAA, 0xAA, 0xAA, 0xAA, 0xAA, 0xAA, 0xAA, 0xAA, 0xAA, 0xAA, 0xAA, 
	0xAA, 0xAA, 0xAA, 0xAA, 0xAA, 0xAA, 0xAA, 0xAA, 0xAA, 0xAA, 0xAA, 0xAA, 0xAA, 0xAA, 0xAA, 0xAA, 
	0xAA, 0xAA, 0xAA, 0xAA, 0xAA, 0xAA, 0xAA, 0xAA, 0xAA, 0xAA, 0xAA, 0xAA, 0xAA, 0xAA, 0xAA, 0xAA, 
	0xAA, 0xAA, 0xAA, 0xAA, 0xAA, 0xAA, 0xAA, 0xAA, 0xAA, 0xAA, 0xAA, 0xAA, 0xAA, 0xAA, 0xAA, 0xAA, 
	0xAA, 0xAA, 0xAA, 0xAA, 0xAA, 0xAA, 0xAA, 0xAA, 0xAA, 0xAA, 0xAA, 0xAA, 0xAA, 0xAA, 0xAA, 0xAA, 
	0xAA, 0xAA, 0xAA, 0xAA, 0xAA, 0xAA, 0xAA, 0xAA, 0xAA, 0xAA, 0xAA, 0xAA, 0xAA, 0xAE, 0xEE, 0xAA, 
	0xAA, 0xAA, 0xAA, 0xAA, 0xAA, 0xAA, 0xAA, 0xAA, 0xAA, 0xAA, 0xAA, 0xAA, 0xAA, 0xAA, 0xAA, 0xAA, 
	0xAA, 0xAA, 0xEE, 0xEE, 0xEA, 0xAA, 0xAA, 0xAA, 0xAA, 0xAA, 0xAA, 0xAA, 0xAA, 0xAA, 0xAA, 0xAA, 
	0xAA, 0xAA, 0xAA, 0xAA, 0xAA, 0xAA, 0xAA, 0xAA, 0xAA, 0xAA, 0xAA, 0xAA, 0xAA, 0xAA, 0xAA, 0xAA, 
	0xAA, 0xAA, 0xAA, 0xAA, 0xAA, 0xAA, 0xEA, 0xAA, 0xAA, 0xAA, 0xAE, 0xAA, 0xAA, 0xAA, 0xAA, 0xAA, 
	0xAA, 0xAA, 0xAA, 0xAA, 0xAA, 0xAA, 0xAA, 0xAA, 0xAA, 0xAA, 0xEE, 0xCE, 0xEE, 0xAA, 0xAA, 0xAA, 
	0xAA, 0xAA, 0xAA, 0xAA, 0xAA, 0xAA, 0xAA, 0xAA, 0xAA, 0xAA, 0xAA, 0xAA, 0xAA, 0xAA, 0xAA, 0xAA, 
	0xAA, 0xAA, 0xAA, 0xAA, 0xAA, 0xAA, 0xAA, 0xAA, 0xAA, 0xAA, 0xAA, 0xAA, 0xAA, 0xAA, 0xAA, 0xAA, 
	0xAA, 0xAA, 0xAA, 0xAA, 0xAA, 0xAA, 0xAA, 0xAA, 0xAA, 0xAA, 0xAA, 0xAA, 0xAA, 0xAA, 0xAA, 0xAA, 
	0xAA, 0xAA, 0xEC, 0xCC, 0xEA, 0xAA, 0xAA, 0xAA, 0xAA, 0xAA, 0xAA, 0xAA, 0xAA, 0xAA, 0xAA, 0xAA, 
	0xAA, 0xAA, 0xAA, 0xAA, 0xAA, 0xAA, 0xAC, 0xC8, 0x8C, 0xCE, 0xAA, 0xAA, 0xAA, 0xAA, 0xAA, 0xAA, 
	0xAA, 0xAA, 0xAA, 0xAA, 0xAA, 0xAA, 0xAA, 0xAA, 0xAA, 0xAA, 0xAA, 0xAA, 0xAA, 0xAA, 0xAA, 0xAA, 
	0xAA, 0xAA, 0xAA, 0xAA, 0xAA, 0xAA, 0xAA, 0xAA, 0xAA, 0xAA, 0xAC, 0xCC, 0xEE, 0xAA, 0xAE, 0xEC, 
	0xCA, 0xEA, 0xAA, 0xAA, 0xAA, 0xAA, 0xAA, 0xAA, 0xAA, 0xAA, 0xAA, 0xAA, 0xAA, 0xAA, 0xAE, 0xEC, 
	0x78, 0xCE, 0xAA, 0xAA, 0xAA, 0xAA, 0xAA, 0xAA, 0xAA, 0xAA, 0xAA, 0xAA, 0xAA, 0xAA, 0xAA, 0xAA, 
	0xAA, 0xAA, 0xAA, 0xAA, 0xAA, 0xAA, 0xAA, 0xAA, 0xAA, 0xAA, 0xAA, 0xAA, 0xAA, 0xAA, 0xAA, 0xAA, 
	0xAA, 0xAA, 0xAA, 0xAA, 0xAA, 0xAA, 0xAA, 0xAA, 0xAA, 0xAA, 0xAA, 0xAA, 0xAA, 0xAA, 0xAA, 0xAA, 
	0xAA, 0xAA, 0xAA, 0xAA, 0xAA, 0xAA, 0xAE, 0xE8, 0x78, 0xEA, 0xAA, 0xAA, 0xAA, 0xAA, 0xAA, 0xAA, 
	0xAA, 0xAA, 0xAA, 0xAA, 0xAA, 0xAA, 0xAA, 0xAA, 0xAA, 0xAA, 0xAA, 0xEC, 0x72, 0x27, 0xCE, 0xEA, 
	0xAA, 0xAA, 0xAA, 0xAA, 0xAA, 0xAA, 0xAA, 0xAA, 0xAA, 0xAA, 0xAA, 0xAA, 0xAA, 0xAA, 0xAA, 0xAA, 
	0xAA, 0xAA, 0xAA, 0xAA, 0xAA, 0xAA, 0xAA, 0xAA, 0xAA, 0xAA, 0xAA, 0xAA, 0xAA, 0xAA, 0xAA, 0xC8, 
	0x78, 0xCE, 0xAA, 0xEE, 0xC8, 0x8C, 0xEA, 0xAA, 0xAA, 0xAA, 0xAA, 0xAA, 0xAA, 0xAA, 0xAA, 0xAA, 
	0xAA, 0xAA, 0xAA, 0xEE, 0xC8, 0x23, 0xCE, 0xAA, 0xAA, 0xAA, 0xAA, 0xAA, 0xAA, 0xAA, 0xAA, 0xAA, 
	0xAA, 0xAA, 0xAA, 0xAA, 0xAA, 0xAA, 0xAA, 0xAA, 0xAA, 0xAA, 0xAA, 0xAA, 0xAA, 0xAA, 0xAA, 0xAA, 
	0xAA, 0xAA, 0xAA, 0xAA, 0xAA, 0xAA, 0xAA, 0xAA, 0xAA, 0xAA, 0xAA, 0xAA, 0xAA, 0xAA, 0xAA, 0xAA, 
	0xAA, 0xAA, 0xAA, 0xAA, 0xAA, 0xAA, 0xAA, 0xAA, 0xAA, 0xAA, 0xAA, 0xAE, 0xE3, 0x27, 0xCE, 0xEE, 
	0xAA, 0xAA, 0xAA, 0xAA, 0xAA, 0xAA, 0xAA, 0xAA, 0xAA, 0xAA, 0xAA, 0xAA, 0xAA, 0xAA, 0xAA, 0xAA, 
	0xEC, 0x31, 0x13, 0x8E, 0xAA, 0xAA, 0xAA, 0xAA, 0xAA, 0xAA, 0xAA, 0xAA, 0xAA, 0xAA, 0xAA, 0xAE, 
	0xEE, 0xEE, 0xEA, 0xEE, 0xEE, 0xEE, 0xEA, 0xEE, 0xEE, 0xEE, 0xAA, 0xAA, 0xAA, 0xAA, 0xAA, 0xAA, 
	0xAA, 0xAA, 0xAA, 0xAE, 0x82, 0x11, 0x7C, 0xEA, 0xEC, 0x31, 0x13, 0xCE, 0xEA, 0xAA, 0xAA, 0xAA, 
	0xAA, 0xAA, 0xAA, 0xAA, 0xAA, 0xAA, 0xAA, 0xAE, 0xEE, 0x83, 0x12, 0x8E, 0xEE, 0xEA, 0xAA, 0xAA, 
	0xAA, 0xAA, 0xAA, 0xAA, 0xAA, 0xAA, 0xAA, 0xAA, 0xAA, 0xAA, 0xAA, 0xAA, 0xAA, 0xAA, 0xAA, 0xAA, 
	0xAA, 0xAA, 0xAA, 0xAA, 0xAA, 0xAA, 0xAA, 0xAA, 0xAA, 0xAA, 0xAA, 0xAA, 0xAA, 0xAA, 0xAA, 0xAA, 
	0xAA, 0xAA, 0xAA, 0xAA, 0xAA, 0xAA, 0xAA, 0xAA, 0xAA, 0xAA, 0xAA, 0xAA, 0xAA, 0xAA, 0xAA, 0xAA, 
	0xEE, 0xE3, 0x12, 0x37, 0x88, 0xCE, 0xEE, 0xAA, 0xAA, 0xAA, 0xAA, 0xAA, 0xAA, 0xAA, 0xAA, 0xAA, 
	0xAA, 0xAA, 0xAA, 0xAA, 0xAA, 0xEC, 0x31, 0x38, 0xEA, 0xAA, 0xAA, 0xAA, 0xAA, 0xAA, 0xAA, 0xAA, 
	0xAA, 0xAA, 0xAA, 0xAA, 0xAE, 0xE7, 0x78, 0xEA, 0xEC, 0x77, 0x78, 0xEA, 0xAC, 0x77, 0xCE, 0xAA, 
	0xAA, 0xAA, 0xAA, 0xAA, 0xAA, 0xAA, 0xAA, 0xAA, 0xAF, 0x72, 0x00, 0x38, 0xEA, 0xC8, 0x10, 0x03, 
	0x8E, 0xEA, 0xAA, 0xAA, 0xAA, 0xAA, 0xAA, 0xAA, 0xAA, 0xAA, 0xAA, 0xAA, 0xAA, 0xC7, 0x32, 0x01, 
	0x37, 0x8E, 0xEA, 0xAA, 0xAA, 0xAA, 0xAA, 0xAA, 0xAA, 0xAA, 0xAA, 0xAA, 0xAA, 0xAA, 0xAA, 0xAA, 
	0xAA, 0xAA, 0xAA, 0xAA, 0xAA, 0xAA, 0xAA, 0xAA, 0xAA, 0xAA, 0xAA, 0xAA, 0xAA, 0xAA, 0xAA, 0xAA, 
	0xAA, 0xAA, 0xAA, 0xAA, 0xAA, 0xEE, 0xEE, 0xEE, 0xAA, 0xAA, 0xAA, 0xAA, 0xAA, 0xAA, 0xAA, 0xAA, 
	0xAA, 0xAA, 0xAA, 0xAA, 0xAA, 0xEE, 0x82, 0x00, 0x12, 0x37, 0x78, 0xCC, 0xEA, 0xAA, 0xAA, 0xAA, 
	0xAA, 0xAA, 0xAA, 0xAA, 0xAA, 0xAA, 0xAA, 0xAA, 0xAA, 0xAE, 0xEC, 0x32, 0x8C, 0xEA, 0xAA, 0xAA, 
	0xAA, 0xAA, 0xAA, 0xAA, 0xAA, 0xAA, 0xAA, 0xAA, 0xAA, 0xAE, 0xE2, 0x28, 0xEE, 0xE8, 0x20, 0x27, 
	0xEE, 0xC8, 0x23, 0xCF, 0xAA, 0xAA, 0xAA, 0xAA, 0xAA, 0xAA, 0xAA, 0xAA, 0xAA, 0xAF, 0x82, 0x10, 
	0x3C, 0xEA, 0xEC, 0x10, 0x13, 0xCD, 0xAA, 0xAA, 0xAA, 0xAA, 0xAA, 0xAA, 0xAA, 0xAA, 0xAA, 0xAA, 
	0xAA, 0xAA, 0xC7, 0x32, 0x01, 0x37, 0x8E, 0xEA, 0xAA, 0xAA, 0xAA, 0xAA, 0xAA, 0xAA, 0xAA, 0xAA, 
	0xAA, 0xAA, 0xAA, 0xAA, 0xAA, 0xAA, 0xAA, 0xAA, 0xAA, 0xAA, 0xAA, 0xAA, 0xAA, 0xAA, 0xAA, 0xAA, 
	0xAA, 0xAA, 0xAA, 0xAA, 0xAA, 0xAA, 0xAA, 0xAA, 0xAA, 0xAE, 0xEE, 0xEE, 0xEE, 0xEA, 0xAA, 0xAA, 
	0xAA, 0xAA, 0xAA, 0xAA, 0xAA, 0xAA, 0xAA, 0xAA, 0xAA, 0xAA, 0xE8, 0x20, 0x00, 0x00, 0x00, 0x01, 
	0x38, 0xEE, 0xAA, 0xAA, 0xAA, 0xAA, 0xAA, 0xAA, 0xAA, 0xAA, 0xAA, 0xAA, 0xAA, 0xAA, 0xAE, 0xE8, 
	0x23, 0xCE, 0xAA, 0xAA, 0xAA, 0xAA, 0xAA, 0xAA, 0xAA, 0xAA, 0xAA, 0xAA, 0xAA, 0xAA, 0xAE, 0xE2, 
	0x17, 0x8C, 0x87, 0x10, 0x07, 0x8C, 0x87, 0x12, 0xCF, 0xAA, 0xAA, 0xAA, 0xAA, 0xAA, 0xAA, 0xAA, 
	0xAA, 0xAA, 0xAE, 0xC7, 0x21, 0x7C, 0xEA, 0xEC, 0x10, 0x38, 0xEA, 0xAA, 0xAA, 0xAA, 0xAA, 0xAA, 
	0xAA, 0xAA, 0xAA, 0xAA, 0xAA, 0xAA, 0xAA, 0xEC, 0x73, 0x01, 0x7C, 0xCE, 0xAA, 0xAA, 0xAA, 0xAA, 
	0xAA, 0xAA, 0xAA, 0xAA, 0xAA, 0xAA, 0xAA, 0xAA, 0xAA, 0xAA, 0xAA, 0xAA, 0xAA, 0xAA, 0xAA, 0xAA, 
	0xAA, 0xAA, 0xAA, 0xAA, 0xAA, 0xAA, 0xAA, 0xAA, 0xAA, 0xAA, 0xAA, 0xAA, 0xAA, 0xAA, 0xEC, 0x72, 
	0x22, 0x7C, 0xEE, 0xAA, 0xAA, 0xAA, 0xAA, 0xAA, 0xAA, 0xAA, 0xAA, 0xAA, 0xAA, 0xAA, 0xAE, 0x83, 
	0x10, 0x00, 0x00, 0x00, 0x00, 0x12, 0x7E, 0xEA, 0xAA, 0xAA, 0xAA, 0xAA, 0xAA, 0xAA, 0xAA, 0xAA, 
	0xAA, 0xAA, 0xAA, 0xEE, 0x82, 0x28, 0xCE, 0xEC, 0xEE, 0xAA, 0xAA, 0xAA, 0xAA, 0xAA, 0xAA, 0xAA, 
	0xAA, 0xAA, 0xAA, 0xAE, 0xE2, 0x02, 0x37, 0x32, 0x00, 0x01, 0x37, 0x32, 0x02, 0xCF, 0xAA, 0xAA, 
	0xAA, 0xAA, 0xAA, 0xAA, 0xAE, 0xEF, 0xFE, 0xAA, 0xEC, 0x72, 0x7C, 0xAA, 0xEC, 0x21, 0x8E, 0xEA, 
	0xEE, 0xFF, 0xFE, 0xAA, 0xAA, 0xAA, 0xAA, 0xAA, 0xAA, 0xEE, 0xEE, 0xAA, 0xAE, 0x83, 0x01, 0xCE, 
	0xEA, 0xAA, 0xEE, 0xEA, 0xAA, 0xAA, 0xAA, 0xAA, 0xAA, 0xAA, 0xAA, 0xAA, 0xAA, 0xAA, 0xAA, 0xAA, 
	0xAA, 0xAA, 0xAA, 0xAA, 0xAA, 0xAA, 0xAA, 0xAA, 0xAA, 0xAA, 0xAA, 0xAA, 0xAA, 0xAA, 0xAA, 0xAA, 
	0xAA, 0xAA, 0xAE, 0xC7, 0x21, 0x01, 0x27, 0xCE, 0xAA, 0xAA, 0xAA, 0xAA, 0xAA, 0xAA, 0xAA, 0xAA, 
	0xAA, 0xAA, 0xAA, 0xAE, 0x72, 0x00, 0x00, 0x00, 0x00, 0x00, 0x01, 0x28, 0xCE, 0xAA, 0xAA, 0xAA, 
	0xAA, 0xAA, 0xAA, 0xAA, 0xAA, 0xAA, 0xAA, 0xEE, 0xC7, 0x31, 0x3C, 0xDE, 0xE8, 0x78, 0xEA, 0xAA, 
	0xAA, 0xAA, 0xAA, 0xAA, 0xAA, 0xAA, 0xAA, 0xAA, 0xAE, 0xE2, 0x11, 0x12, 0x21, 0x00, 0x01, 0x12, 
	0x21, 0x12, 0xCF, 0xAA, 0xAA, 0xAA, 0xAA, 0xAA, 0xAA, 0xEC, 0x87, 0x8C, 0xEA, 0xAC, 0x82, 0x7C, 
	0xEA, 0xEC, 0x11, 0xCE, 0xAE, 0xEC, 0x78, 0xCE, 0xAA, 0xAA, 0xAA, 0xAA, 0xAA, 0xEE, 0xC8, 0x8C, 
	0xCC, 0xEE, 0x83, 0x00, 0xCE, 0xEC, 0xC8, 0x8C, 0xCE, 0xEA, 0xAA, 0xAA, 0xAA, 0xAA, 0xAA, 0xAA, 
	0xAA, 0xAA, 0xAA, 0xAA, 0xAA, 0xAA, 0xAA, 0xAA, 0xAA, 0xAA, 0xAA, 0xAA, 0xAA, 0xAA, 0xAA, 0xAA, 
	0xAA, 0xAA, 0xAA, 0xAA, 0xAA, 0xAA, 0xAA, 0xAE, 0x82, 0x00, 0x00, 0x02, 0xCE, 0xAA, 0xAA, 0xAA, 
	0xAA, 0xAA, 0xAA, 0xAA, 0xAA, 0xAA, 0xAA, 0xAA, 0xDC, 0x30, 0x00, 0x00, 0x00, 0x00, 0x00, 0x00, 
	0x13, 0xCE, 0xAA, 0xAA, 0xAA, 0xAA, 0xAA, 0xAA, 0xAA, 0xAA, 0xAA, 0xAA, 0xEC, 0x72, 0x01, 0x3E, 
	0xAA, 0xC3, 0x27, 0xCE, 0xAA, 0xAA, 0xAA, 0xAA, 0xAA, 0xAA, 0xAA, 0xAA, 0xAA, 0xAE, 0xE7, 0x20, 
	0x00, 0x00, 0x00, 0x00, 0x00, 0x00, 0x23, 0xCE, 0xAA, 0xAA, 0xAA, 0xAA, 0xAA, 0xAA, 0xEC, 0x31, 
	0x38, 0xEA, 0xAC, 0x82, 0x38, 0xEE, 0xC8, 0x01, 0xCE, 0xAE, 0xC7, 0x22, 0x7C, 0xAA, 0xAA, 0xAA, 
	0xAA, 0xAE, 0xCC, 0x77, 0x37, 0x78, 0x88, 0x72, 0x00, 0x78, 0x88, 0x77, 0x37, 0x8C, 0xCE, 0xAA, 
	0xAA, 0xAA, 0xAA, 0xAA, 0xAA, 0xAA, 0xAA, 0xAA, 0xAA, 0xAA, 0xAA, 0xAA, 0xAA, 0xAA, 0xAA, 0xAA, 
	0xAA, 0xAA, 0xAA, 0xAA, 0xAA, 0xAA, 0xAA, 0xAA, 0xAA, 0xAA, 0xAA, 0xAA, 0xAF, 0x81, 0x00, 0x00, 
	0x00, 0x8E, 0xAA, 0xAA, 0xAA, 0xAA, 0xAA, 0xAA, 0xAA, 0xAA, 0xAA, 0xAA, 0xAE, 0xE7, 0x20, 0x00, 
	0x00, 0x00, 0x00, 0x00, 0x00, 0x01, 0x8E, 0xAA, 0xAA, 0xAA, 0xAA, 0xAA, 0xAA, 0xAA, 0xAA, 0xAA, 
	0xAA, 0xE8, 0x20, 0x01, 0x3E, 0xEA, 0x83, 0x12, 0x7C, 0xEA, 0xAA, 0xAA, 0xAA, 0xAA, 0xAA, 0xAA, 
	0xAA, 0xAA, 0xAE, 0xEC, 0x72, 0x00, 0x00, 0x00, 0x00, 0x00, 0x02, 0x38, 0xCE, 0xAA, 0xAA, 0xAA, 
	0xAA, 0xAA, 0xAA, 0xE8, 0x10, 0x17, 0xCA, 0xAC, 0x82, 0x28, 0xEE, 0xC7, 0x02, 0xCE, 0xAF, 0xC3, 
	0x11, 0x27, 0xEA, 0xAA, 0xAA, 0xAA, 0xEC, 0x83, 0x10, 0x00, 0x00, 0x12, 0x11, 0x00, 0x12, 0x21, 
	0x00, 0x00, 0x01, 0x3C, 0xEA, 0xAA, 0xAA, 0xAA, 0xAA, 0xAA, 0xAA, 0xAA, 0xAA, 0xAA, 0xAA, 0xAA, 
	0xAA, 0xAA, 0xAA, 0xAA, 0xAA, 0xAA, 0xAA, 0xAA, 0xAA, 0xAA, 0xAA, 0xAA, 0xAA, 0xAA, 0xAA, 0xAA, 
	0xAA, 0xAF, 0x82, 0x00, 0x00, 0x00, 0x8E, 0xAA, 0xAA, 0xAA, 0xAA, 0xAA, 0xAA, 0xAA, 0xAA, 0xAA, 
	0xAA, 0xAE, 0xC3, 0x20, 0x00, 0x00, 0x00, 0x00, 0x00, 0x00, 0x00, 0x7C, 0xEA, 0xAA, 0xAA, 0xAA, 
	0xAA, 0xAA, 0xAA, 0xAA, 0xAA, 0xAE, 0x83, 0x00, 0x02, 0x7E, 0xEC, 0x32, 0x01, 0x2C, 0xEA, 0xAA, 
	0xAA, 0xAA, 0xAA, 0xAA, 0xAA, 0xAA, 0xAA, 0xAA, 0xAE, 0xC7, 0x00, 0x00, 0x00, 0x00, 0x00, 0x03, 
	0x8E, 0xEA, 0xAA, 0xAA, 0xAA, 0xAA, 0xAA, 0xAA, 0xE8, 0x20, 0x07, 0xCA, 0xAC, 0x82, 0x18, 0xEF, 
	0x83, 0x01, 0xCE, 0xAF, 0xC2, 0x01, 0x38, 0xEA, 0xAA, 0xAA, 0xAA, 0xEC, 0x30, 0x00, 0x00, 0x00, 
	0x00, 0x00, 0x00, 0x00, 0x00, 0x00, 0x00, 0x00, 0x28, 0xCE, 0xAA, 0xAA, 0xAA, 0xAA, 0xAA, 0xAA, 
	0xAA, 0xAA, 0xAA, 0xAA, 0xAA, 0xAA, 0xAA, 0xAA, 0xAA, 0xAA, 0xAA, 0xAA, 0xAA, 0xAA, 0xAA, 0xAA, 
	0xAA, 0xAA, 0xAA, 0xAA, 0xAA, 0xAA, 0xAE, 0x83, 0x10, 0x00, 0x13, 0xCE, 0xAA, 0xAA, 0xAA, 0xAA, 
	0xAA, 0xAA, 0xAA, 0xAA, 0xAA, 0xAA, 0xEC, 0x82, 0x10, 0x00, 0x00, 0x00, 0x00, 0x00, 0x00, 0x00, 
	0x38, 0xEA, 0xAA, 0xAA, 0xAA, 0xAA, 0xAA, 0xAA, 0xAA, 0xAA, 0xAE, 0x82, 0x00, 0x02, 0x7E, 0xEC, 
	0x21, 0x00, 0x18, 0xCE, 0xAA, 0xAA, 0xAA, 0xAA, 0xAA, 0xAA, 0xAA, 0xAA, 0xAA, 0xAA, 0xE8, 0x10, 
	0x00, 0x00, 0x00, 0x00, 0x17, 0xCE, 0xAA, 0xAA, 0xAA, 0xAA, 0xAA, 0xAA, 0xAA, 0xEC, 0x72, 0x27, 
	0xCE, 0xAC, 0x82, 0x07, 0xCF, 0x82, 0x01, 0xCE, 0xAE, 0xC2, 0x17, 0x8E, 0xAA, 0xAA, 0xAA, 0xAA, 
	0xE8, 0x20, 0x00, 0x23, 0x73, 0x10, 0x00, 0x00, 0x00, 0x13, 0x73, 0x21, 0x00, 0x03, 0x8E, 0xAA, 
	0xAA, 0xAA, 0xAA, 0xAA, 0xAA, 0xAA, 0xAA, 0xAA, 0xAA, 0xAA, 0xAA, 0xAA, 0xAA, 0xAA, 0xAA, 0xAA, 
	0xAA, 0xAA, 0xAA, 0xAA, 0xAA, 0xAA, 0xAA, 0xAA, 0xAA, 0xAA, 0xAA, 0xAE, 0xC8, 0x21, 0x01, 0x28, 
	0xCA, 0xAA, 0xAA, 0xAA, 0xAA, 0xAA, 0xAA, 0xAA, 0xAA, 0xAA, 0xAA, 0xEC, 0x71, 0x00, 0x00, 0x00, 
	0x01, 0x11, 0x00, 0x00, 0x00, 0x27, 0xEA, 0xAA, 0xAA, 0xAA, 0xAA, 0xAA, 0xAA, 0xAA, 0xAA, 0xAE, 
	0x70, 0x00, 0x03, 0x8E, 0xEC, 0x21, 0x00, 0x13, 0xCE, 0xAA, 0xAA, 0xAA, 0xAA, 0xAA, 0xAA, 0xAA, 
	0xAA, 0xAA, 0xAA, 0xEC, 0x10, 0x00, 0x00, 0x00, 0x00, 0x18, 0xEA, 0xAA, 0xAA, 0xAA, 0xAA, 0xAA, 
	0xAA, 0xAA, 0xEE, 0xC8, 0x37, 0x8E, 0xEC, 0x72, 0x03, 0x8E, 0x81, 0x01, 0xCE, 0xEC, 0x82, 0x38, 
	0xEE, 0xAA, 0xAA, 0xAA, 0xAA, 0xC7, 0x00, 0x03, 0x78, 0xC8, 0x72, 0x10, 0x00, 0x02, 0x78, 0xCC, 
	0x83, 0x10, 0x01, 0x8E, 0xAA, 0xAA, 0xAA, 0xAA, 0xAA, 0xAA, 0xAA, 0xAA, 0xAA, 0xAA, 0xAA, 0xAA, 
	0xAA, 0xAA, 0xAA, 0xAA, 0xAA, 0xAA, 0xAA, 0xAA, 0xAA, 0xAA, 0xAA, 0xAA, 0xAA, 0xAA, 0xAA, 0xAA, 
	0xAA, 0xE8, 0x31, 0x01, 0x3C, 0xEA, 0xAA, 0xAA, 0xAA, 0xAA, 0xAA, 0xAA, 0xAA, 0xAA, 0xAA, 0xAE, 
	0xC7, 0x10, 0x00, 0x00, 0x01, 0x23, 0x32, 0x00, 0x00, 0x00, 0x17, 0xEA, 0xAA, 0xAA, 0xAA, 0xAA, 
	0xAA, 0xAA, 0xAA, 0xAA, 0xAC, 0x30, 0x00, 0x03, 0x8E, 0xEC, 0x21, 0x00, 0x03, 0x8E, 0xAA, 0xAA, 
	0xAA, 0xAA, 0xAA, 0xAA, 0xAA, 0xAA, 0xAA, 0xAA, 0xE8, 0x10, 0x00, 0x00, 0x00, 0x00, 0x17, 0xFA, 
	0xAA, 0xAA, 0xAA, 0xAA, 0xAA, 0xAA, 0xAA, 0xAE, 0xEE, 0x82, 0x7E, 0xEC, 0x72, 0x03, 0x78, 0x70, 
	0x01, 0xCE, 0xE7, 0x23, 0x8E, 0xEA, 0xAA, 0xAA, 0xAA, 0xAE, 0x87, 0x00, 0x07, 0x8C, 0xAE, 0xC3, 
	0x10, 0x00, 0x03, 0x8C, 0xAA, 0xE7, 0x20, 0x01, 0x8F, 0xAA, 0xAA, 0xAA, 0xAA, 0xAA, 0xAA, 0xAA, 
	0xAA, 0xAA, 0xAA, 0xAA, 0xAA, 0xAA, 0xAA, 0xAA, 0xAA, 0xAA, 0xAA, 0xAA, 0xAA, 0xAA, 0xAA, 0xAA, 
	0xAA, 0xAA, 0xAA, 0xAA, 0xAA, 0xAE, 0xC8, 0x20, 0x00, 0x28, 0xCE, 0xAA, 0xAA, 0xAA, 0xAA, 0xAA, 
	0xAA, 0xAA, 0xAA, 0xAA, 0xAE, 0x72, 0x00, 0x00, 0x00, 0x23, 0x8C, 0x82, 0x00, 0x00, 0x00, 0x07, 
	0xEA, 0xAA, 0xAA, 0xAA, 0xAA, 0xAA, 0xAA, 0xAA, 0xAA, 0xAC, 0x30, 0x00, 0x03, 0x8E, 0xEC, 0x21, 
	0x00, 0x03, 0x8E, 0xAA, 0xAA, 0xAA, 0xAA, 0xAA, 0xAA, 0xAA, 0xAA, 0xAA, 0xAA, 0xE8, 0x00, 0x00, 
	0x00, 0x00, 0x00, 0x17, 0xFA, 0xAA, 0xAA, 0xAA, 0xAA, 0xAA, 0xAA, 0xAA, 0xAA, 0xAE, 0xC7, 0x23, 
	0xCC, 0x72, 0x02, 0x37, 0x30, 0x01, 0xCE, 0x83, 0x27, 0xEE, 0xAA, 0xAA, 0xAA, 0xAA, 0xAE, 0x87, 
	0x00, 0x07, 0xCA, 0xAE, 0xE3, 0x10, 0x00, 0x07, 0xCA, 0xAA, 0xE8, 0x20, 0x02, 0x8F, 0xAA, 0xAA, 
	0xAA, 0xAA, 0xAA, 0xAA, 0xAA, 0xAA, 0xAA, 0xAA, 0xAA, 0xAA, 0xAA, 0xAA, 0xAA, 0xAA, 0xAA, 0xAA, 
	0xAA, 0xAA, 0xAA, 0xAA, 0xAA, 0xAA, 0xAA, 0xAA, 0xAA, 0xAA, 0xEC, 0x83, 0x00, 0x00, 0x17, 0x8C, 
	0xEA, 0xAA, 0xAA, 0xAA, 0xAA, 0xAA, 0xAA, 0xAA, 0xAA, 0xAC, 0x31, 0x00, 0x17, 0xCC, 0xCC, 0xEE, 
	0x82, 0x00, 0x00, 0x00, 0x07, 0xEA, 0xAA, 0xAA, 0xAA, 0xAA, 0xAA, 0xAA, 0xAA, 0xAA, 0xAC, 0x30, 
	0x00, 0x02, 0x78, 0x87, 0x11, 0x00, 0x03, 0x8E, 0xAA, 0xAA, 0xAA, 0xAA, 0xAA, 0xAA, 0xAA, 0xAA, 
	0xAA, 0xAA, 0xE8, 0x00, 0x00, 0x00, 0x00, 0x00, 0x17, 0xFA, 0xAA, 0xAA, 0xAA, 0xAA, 0xAA, 0xAA, 
	0xAA, 0xAA, 0xAA, 0xE8, 0x22, 0x78, 0x72, 0x01, 0x23, 0x20, 0x02, 0x88, 0x32, 0x7C, 0xEA, 0xAA, 
	0xAA, 0xAA, 0xAA, 0xAA, 0xC7, 0x20, 0x03, 0xCE, 0xAE, 0xE3, 0x20, 0x00, 0x07, 0xCA, 0xAA, 0xE7, 
	0x10, 0x03, 0xCE, 0xAA, 0xAA, 0xAA, 0xAA, 0xAA, 0xAA, 0xAA, 0xAA, 0xAA, 0xAA, 0xAA, 0xAA, 0xAA, 
	0xAA, 0xAA, 0xAA, 0xAA, 0xAA, 0xAA, 0xAA, 0xAA, 0xAA, 0xAA, 0xAA, 0xAA, 0xAA, 0xAA, 0xAE, 0xE8, 
	0x73, 0x00, 0x00, 0x13, 0x7C, 0xEA, 0xAA, 0xAA, 0xAA, 0xAA, 0xAA, 0xAA, 0xAA, 0xAA, 0xAC, 0x87, 
	0x32, 0x3C, 0xEE, 0xEE, 0xEC, 0x71, 0x00, 0x00, 0x00, 0x07, 0xEA, 0xAA, 0xAA, 0xAA, 0xAA, 0xAA, 
	0xAA, 0xAA, 0xAA, 0xAC, 0x30, 0x00, 0x01, 0x23, 0x33, 0x10, 0x00, 0x03, 0xCE, 0xAA, 0xAA, 0xAA, 
	0xAA, 0xAA, 0xAA, 0xAA, 0xAA, 0xAA, 0xAA, 0xC8, 0x00, 0x00, 0x00, 0x00, 0x00, 0x07, 0xFA, 0xAA, 
	0xAA, 0xAA, 0xAA, 0xAA, 0xAA, 0xAA, 0xAA, 0xAA, 0xEC, 0x71, 0x23, 0x31, 0x00, 0x01, 0x00, 0x01, 
	0x33, 0x12, 0x8E, 0xEA, 0xAA, 0xAA, 0xAA, 0xAA, 0xAA, 0xE8, 0x30, 0x02, 0x7C, 0xEE, 0xE7, 0x20, 
	0x00, 0x07, 0xCA, 0xAD, 0x83, 0x00, 0x28, 0xCE, 0xAA, 0xAA, 0xAA, 0xAA, 0xAA, 0xAA, 0xAA, 0xAA, 
	0xAA, 0xAA, 0xAA, 0xAA, 0xAA, 0xAA, 0xAA, 0xAA, 0xAA, 0xAA, 0xAA, 0xAA, 0xAA, 0xAA, 0xAA, 0xAA, 
	0xAA, 0xAA, 0xAA, 0xAA, 0xEE, 0xC8, 0x00, 0x00, 0x27, 0xCE, 0xEA, 0xAA, 0xAA, 0xAA, 0xAA, 0xAA, 
	0xAA, 0xAA, 0xAA, 0xAE, 0xEC, 0x87, 0x8C, 0xEA, 0xAE, 0xE3, 0x10, 0x00, 0x00, 0x00, 0x07, 0xEA, 
	0xAA, 0xAA, 0xAA, 0xAA, 0xAA, 0xAA, 0xAA, 0xAA, 0xAC, 0x70, 0x00, 0x00, 0x00, 0x00, 0x00, 0x00, 
	0x17, 0xCE, 0xAA, 0xAA, 0xAA, 0xAA, 0xAA, 0xAA, 0xAA, 0xAA, 0xAA, 0xAA, 0xC8, 0x00, 0x00, 0x00, 
	0x00, 0x00, 0x07, 0xEA, 0xAA, 0xAA, 0xAA, 0xAA, 0xAA, 0xAA, 0xAA, 0xAA, 0xAA, 0xEE, 0x81, 0x00, 
	0x00, 0x00, 0x00, 0x00, 0x00, 0x00, 0x13, 0xCE, 0xAA, 0xAA, 0xAA, 0xAA, 0xAA, 0xAA, 0xEC, 0x82, 
	0x00, 0x38, 0xCE, 0xE7, 0x20, 0x00, 0x07, 0xCE, 0xEC, 0x31, 0x02, 0x3E, 0xEA, 0xAA, 0xAA, 0xAA, 
	0xAA, 0xAA, 0xAA, 0xAA, 0xAA, 0xAA, 0xAA, 0xAA, 0xAA, 0xAA, 0xAA, 0xAA, 0xAA, 0xAA, 0xAA, 0xAA, 
	0xAA, 0xAA, 0xAA, 0xAA, 0xAA, 0xAA, 0xAA, 0xAA, 0xAA, 0xAE, 0xC8, 0x00, 0x00, 0x27, 0xCE, 0xAA, 
	0xAA, 0xAA, 0xAA, 0xAA, 0xAA, 0xAA, 0xAA, 0xAA, 0xAA, 0xAE, 0xEC, 0xEE, 0xAA, 0xEC, 0x72, 0x00, 
	0x00, 0x00, 0x00, 0x17, 0xEA, 0xAA, 0xAA, 0xAA, 0xAA, 0xAA, 0xAA, 0xAA, 0xAA, 0xAE, 0x71, 0x00, 
	0x00, 0x00, 0x00, 0x00, 0x00, 0x17, 0xCA, 0xAA, 0xAA, 0xAA, 0xAA, 0xAA, 0xAA, 0xAA, 0xAA, 0xAA, 
	0xAA, 0xC8, 0x00, 0x00, 0x00, 0x00, 0x00, 0x07, 0xEA, 0xAA, 0xAA, 0xAA, 0xAA, 0xAA, 0xAA, 0xAA, 
	0xAA, 0xAA, 0xAE, 0xE3, 0x10, 0x00, 0x00, 0x00, 0x00, 0x00, 0x00, 0x18, 0xCE, 0xAA, 0xAA, 0xAA, 
	0xAA, 0xAA, 0xAA, 0xAE, 0xC3, 0x10, 0x12, 0x7C, 0xC7, 0x20, 0x00, 0x07, 0xCC, 0x83, 0x10, 0x13, 
	0xCA, 0xAA, 0xAA, 0xAA, 0xAA, 0xAA, 0xAA, 0xAA, 0xAA, 0xAA, 0xAA, 0xAA, 0xAA, 0xAA, 0xAA, 0xAA, 
	0xAA, 0xAA, 0xAA, 0xAA, 0xAA, 0xAA, 0xAA, 0xAA, 0xAA, 0xAA, 0xAA, 0xAA, 0xAA, 0xAA, 0xAE, 0xC7, 
	0x00, 0x00, 0x13, 0xCE, 0xAA, 0xAA, 0xAA, 0xAA, 0xAA, 0xAA, 0xAA, 0xAA, 0xAA, 0xAA, 0xAA, 0xEE, 
	0xEA, 0xAE, 0xC7, 0x10, 0x00, 0x00, 0x00, 0x00, 0x27, 0xEA, 0xAA, 0xAA, 0xAA, 0xAA, 0xAA, 0xAA, 
	0xAA, 0xAA, 0xAE, 0x82, 0x00, 0x00, 0x00, 0x00, 0x00, 0x00, 0x2C, 0xAA, 0xAA, 0xAA, 0xAA, 0xAA, 
	0xAA, 0xAA, 0xAA, 0xAA, 0xAA, 0xAA, 0xC8, 0x00, 0x00, 0x00, 0x00, 0x00, 0x07, 0xCA, 0xAA, 0xAA, 
	0xAA, 0xAA, 0xAA, 0xAA, 0xAA, 0xAA, 0xAA, 0xAE, 0xE8, 0x30, 0x00, 0x00, 0x00, 0x00, 0x00, 0x01, 
	0x2C, 0xEA, 0xAA, 0xAA, 0xAA, 0xAA, 0xAA, 0xAA, 0xAA, 0xEC, 0x31, 0x00, 0x27, 0x73, 0x20, 0x00, 
	0x03, 0x77, 0x30, 0x01, 0x7C, 0xEA, 0xAA, 0xAA, 0xAA, 0xAA, 0xAA, 0xAA, 0xAA, 0xAA, 0xAA, 0xAA, 
	0xAA, 0xAA, 0xAA, 0xAA, 0xAA, 0xAA, 0xAA, 0xAA, 0xAA, 0xAA, 0xAA, 0xAA, 0xAA, 0xAA, 0xAA, 0xAA, 
	0xAA, 0xAA, 0xAA, 0xAE, 0x82, 0x00, 0x00, 0x02, 0x8E, 0xAA, 0xAA, 0xAA, 0xAA, 0xAA, 0xAA, 0xAA, 
	0xAA, 0xAA, 0xAA, 0xAA, 0xAA, 0xAA, 0xAE, 0x72, 0x00, 0x00, 0x00, 0x00, 0x00, 0x38, 0xEA, 0xAA, 
	0xAA, 0xAA, 0xAA, 0xAA, 0xAA, 0xAA, 0xAA, 0xAE, 0x87, 0x00, 0x00, 0x00, 0x00, 0x00, 0x02, 0x7E, 
	0xEA, 0xAA, 0xAA, 0xAA, 0xAA, 0xAA, 0xAA, 0xAA, 0xAA, 0xAA, 0xAA, 0xC7, 0x00, 0x00, 0x00, 0x00, 
	0x00, 0x03, 0xCA, 0xAA, 0xAA, 0xAA, 0xAA, 0xAA, 0xAA, 0xAA, 0xAA, 0xAA, 0xAA, 0xEE, 0x71, 0x00, 
	0x00, 0x00, 0x00, 0x00, 0x02, 0x7E, 0xEA, 0xAA, 0xAA, 0xAA, 0xAA, 0xAA, 0xAA, 0xAA, 0xAE, 0x83, 
	0x10, 0x00, 0x11, 0x00, 0x00, 0x01, 0x21, 0x00, 0x17, 0xCE, 0xEA, 0xAA, 0xAA, 0xAA, 0xAA, 0xAA, 
	0xAA, 0xAA, 0xAA, 0xAA, 0xAA, 0xAA, 0xAA, 0xAA, 0xAA, 0xAA, 0xAA, 0xAA, 0xAA, 0xAA, 0xAA, 0xAA, 
	0xAA, 0xAA, 0xAA, 0xAA, 0xAA, 0xAA, 0xAA, 0xAE, 0xEC, 0x70, 0x00, 0x00, 0x00, 0x3C, 0xEA, 0xAA, 
	0xAA, 0xAA, 0xAA, 0xAA, 0xAA, 0xAA, 0xAA, 0xAA, 0xAA, 0xAA, 0xAE, 0xE7, 0x30, 0x00, 0x00, 0x00, 
	0x00, 0x02, 0x7C, 0xAA, 0xAA, 0xAA, 0xAA, 0xAA, 0xAA, 0xAA, 0xAA, 0xAA, 0xAA, 0xE8, 0x20, 0x00, 
	0x00, 0x00, 0x00, 0x17, 0xCE, 0xEA, 0xAA, 0xAA, 0xAA, 0xAA, 0xAA, 0xAA, 0xAA, 0xAA, 0xAA, 0xAA, 
	0x87, 0x00, 0x00, 0x00, 0x00, 0x00, 0x03, 0xCA, 0xAA, 0xAA, 0xAA, 0xAA, 0xAA, 0xAA, 0xAA, 0xAA, 
	0xAA, 0xAA, 0xAE, 0x82, 0x00, 0x00, 0x00, 0x00, 0x00, 0x07, 0xCA, 0xAA, 0xAA, 0xAA, 0xAA, 0xAA, 
	0xAA, 0xAA, 0xAA, 0xAA, 0xEC, 0x31, 0x00, 0x00, 0x00, 0x00, 0x00, 0x00, 0x01, 0x3C, 0xEE, 0xAA, 
	0xAA, 0xAA, 0xAA, 0xAA, 0xAA, 0xAA, 0xAA, 0xAA, 0xAA, 0xAA, 0xAA, 0xAA, 0xAA, 0xAA, 0xAA, 0xAA, 
	0xAA, 0xAA, 0xAA, 0xAA, 0xAA, 0xAA, 0xAA, 0xAA, 0xAA, 0xAA, 0xAA, 0xAA, 0xEE, 0xE7, 0x20, 0x00, 
	0x00, 0x00, 0x28, 0xEE, 0xAA, 0xAA, 0xAA, 0xAA, 0xAA, 0xAA, 0xAA, 0xAA, 0xAA, 0xAA, 0xAA, 0xEE, 
	0xC3, 0x10, 0x00, 0x00, 0x00, 0x00, 0x13, 0x8C, 0xAA, 0xAA, 0xAA, 0xAA, 0xAA, 0xAA, 0xAA, 0xAA, 
	0xAA, 0xAE, 0xEE, 0x82, 0x00, 0x00, 0x00, 0x01, 0x7C, 0xEE, 0xEA, 0xAA, 0xAA, 0xAA, 0xAA, 0xAA, 
	0xAA, 0xAA, 0xAA, 0xAA, 0xAE, 0xC7, 0x00, 0x00, 0x00, 0x00, 0x00, 0x03, 0x8E, 0xEA, 0xAA, 0xAA, 
	0xAA, 0xAA, 0xAA, 0xAA, 0xAA, 0xAA, 0xAA, 0xAE, 0xC3, 0x00, 0x00, 0x00, 0x00, 0x00, 0x28, 0xCE, 
	0xAA, 0xAA, 0xAA, 0xAA, 0xAA, 0xAA, 0xAA, 0xAA, 0xAA, 0xAE, 0x83, 0x20, 0x00, 0x00, 0x00, 0x00, 
	0x00, 0x17, 0xCE, 0xEA, 0xAA, 0xAA, 0xAA, 0xAA, 0xAA, 0xAA, 0xAA, 0xAA, 0xAA, 0xAA, 0xAA, 0xAA, 
	0xAA, 0xAA, 0xAA, 0xAA, 0xAA, 0xAA, 0xAA, 0xAA, 0xAA, 0xAA, 0xAA, 0xAA, 0xAA, 0xAA, 0xAA, 0xAA, 
	0xAE, 0xEE, 0x82, 0x00, 0x00, 0x00, 0x00, 0x03, 0x8E, 0xEA, 0xAA, 0xAA, 0xAA, 0xAA, 0xAA, 0xAA, 
	0xAA, 0xAA, 0xAA, 0xAE, 0xC8, 0x72, 0x00, 0x00, 0x00, 0x00, 0x00, 0x03, 0x7C, 0xEA, 0xAA, 0xAA, 
	0xAA, 0xAA, 0xAA, 0xAA, 0xAA, 0xAA, 0xEE, 0xC8, 0x72, 0x00, 0x00, 0x00, 0x01, 0x78, 0xCC, 0xCE, 
	0xEA, 0xAA, 0xAA, 0xAA, 0xAA, 0xAA, 0xAA, 0xAA, 0xAA, 0xEC, 0x83, 0x00, 0x00, 0x00, 0x00, 0x00, 
	0x03, 0x7C, 0xEE, 0xAA, 0xAA, 0xAA, 0xAA, 0xAA, 0xAA, 0xAA, 0xAA, 0xAE, 0xDC, 0x73, 0x00, 0x00, 
	0x00, 0x00, 0x00, 0x27, 0x8C, 0xCE, 0xAA, 0xAA, 0xAA, 0xAA, 0xAA, 0xAA, 0xAA, 0xAA, 0xAE, 0x83, 
	0x10, 0x00, 0x00, 0x00, 0x00, 0x00, 0x17, 0x8C, 0xEA, 0xAA, 0xAA, 0xAA, 0xAA, 0xAA, 0xAA, 0xAA, 
	0xAA, 0xAA, 0xAA, 0xAA, 0xAA, 0xAA, 0xAA, 0xAA, 0xAA, 0xAA, 0xAA, 0xAA, 0xAA, 0xAA, 0xAA, 0xAA, 
	0xAA, 0xAA, 0xAA, 0xAA, 0xAA, 0xAE, 0xE8, 0x20, 0x00, 0x00, 0x00, 0x00, 0x00, 0x1C, 0xEE, 0xAA, 
	0xAA, 0xAA, 0xAA, 0xAA, 0xAA, 0xAA, 0xAA, 0xAA, 0xAC, 0x83, 0x00, 0x00, 0x00, 0x00, 0x00, 0x00, 
	0x01, 0x27, 0xEE, 0xAA, 0xAA, 0xAA, 0xAA, 0xAA, 0xAA, 0xAA, 0xAA, 0xC8, 0x31, 0x11, 0x00, 0x00, 
	0x00, 0x01, 0x11, 0x13, 0x8C, 0xEA, 0xAA, 0xAA, 0xAA, 0xAA, 0xAA, 0xAA, 0xAA, 0xAE, 0xC7, 0x20, 
	0x00, 0x00, 0x00, 0x00, 0x00, 0x00, 0x23, 0xCE, 0xAA, 0xAA, 0xAA, 0xAA, 0xAA, 0xAA, 0xAA, 0xAA, 
	0xEE, 0xC3, 0x21, 0x00, 0x00, 0x00, 0x00, 0x00, 0x11, 0x23, 0xCE, 0xAA, 0xAA, 0xAA, 0xAA, 0xAA, 
	0xAA, 0xAA, 0xAA, 0xEC, 0x72, 0x10, 0x00, 0x00, 0x00, 0x00, 0x00, 0x11, 0x28, 0xCE, 0xAA, 0xAA, 
	0xAA, 0xAA, 0xAA, 0xAA, 0xAA, 0xAA, 0xAA, 0xAA, 0xAA, 0xAA, 0xAA, 0xAA, 0xAA, 0xAA, 0xAA, 0xAA, 
	0xAA, 0xAA, 0xAA, 0xAA, 0xAA, 0xAA, 0xAA, 0xAA, 0xAA, 0xAA, 0xAE, 0x82, 0x00, 0x00, 0x00, 0x00, 
	0x00, 0x00, 0x03, 0xCE, 0xAA, 0xAA, 0xAA, 0xAA, 0xAA, 0xAA, 0xAA, 0xAA, 0xAE, 0xC7, 0x31, 0x00, 
	0x00, 0x00, 0x00, 0x00, 0x00, 0x00, 0x01, 0x7E, 0xEA, 0xAA, 0xAA, 0xAA, 0xAA, 0xAA, 0xAA, 0xAA, 
	0x83, 0x10, 0x00, 0x00, 0x00, 0x00, 0x00, 0x00, 0x00, 0x27, 0xEA, 0xAA, 0xAA, 0xAA, 0xAA, 0xAA, 
	0xAA, 0xAA, 0xEC, 0x32, 0x00, 0x00, 0x00, 0x00, 0x00, 0x00, 0x00, 0x02, 0x38, 0xEA, 0xAA, 0xAA, 
	0xAA, 0xAA, 0xAA, 0xAA, 0xAA, 0xEC, 0x31, 0x00, 0x00, 0x00, 0x00, 0x00, 0x00, 0x00, 0x02, 0x7C, 
	0xEA, 0xAA, 0xAA, 0xAA, 0xAA, 0xAA, 0xAA, 0xAE, 0xC7, 0x20, 0x00, 0x00, 0x00, 0x00, 0x00, 0x00, 
	0x00, 0x03, 0xCE, 0xAA, 0xAA, 0xAA, 0xAA, 0xAA, 0xAA, 0xAA, 0xAA, 0xAA, 0xAA, 0xAA, 0xAA, 0xAA, 
	0xAA, 0xAA, 0xAA, 0xAA, 0xAA, 0xAA, 0xAA, 0xAA, 0xAA, 0xAA, 0xAA, 0xAA, 0xAA, 0xAA, 0xAA, 0xAC, 
	0x71, 0x00, 0x00, 0x00, 0x00, 0x00, 0x00, 0x01, 0x7C, 0xEA, 0xAA, 0xAA, 0xAA, 0xAA, 0xAA, 0xAA, 
	0xAA, 0xAE, 0xE3, 0x20, 0x00, 0x00, 0x00, 0x00, 0x00, 0x00, 0x00, 0x00, 0x2C, 0xEA, 0xAA, 0xAA, 
	0xAA, 0xAA, 0xAA, 0xAA, 0xEC, 0x72, 0x00, 0x00, 0x00, 0x00, 0x00, 0x00, 0x00, 0x00, 0x13, 0xCE, 
	0xAA, 0xAA, 0xAA, 0xAA, 0xAA, 0xAA, 0xAA, 0xE8, 0x20, 0x00, 0x00, 0x00, 0x00, 0x00, 0x00, 0x00, 
	0x00, 0x27, 0xEA, 0xAA, 0xAA, 0xAA, 0xAA, 0xAA, 0xAA, 0xAA, 0xC8, 0x10, 0x00, 0x00, 0x00, 0x00, 
	0x00, 0x00, 0x00, 0x00, 0x38, 0xEA, 0xAA, 0xAA, 0xAA, 0xAA, 0xAA, 0xAA, 0xAE, 0x83, 0x10, 0x00, 
	0x00, 0x00, 0x00, 0x00, 0x00, 0x00, 0x01, 0x8C, 0xAA, 0xAA, 0xAA, 0xAA, 0xAA, 0xAA, 0xAA, 0xAA, 
	0xAA, 0xAA, 0xAA, 0xAA, 0xAA, 0xAA, 0xAA, 0xAA, 0xAA, 0xAA, 0xAA, 0xAA, 0xAA, 0xAA, 0xAA, 0xAA, 
	0xAA, 0xAA, 0xAA, 0xAA, 0xC8, 0x31, 0x00, 0x00, 0x00, 0x00, 0x00, 0x00, 0x01, 0x38, 0xEA, 0xAA, 
	0xAA, 0xAA, 0xAA, 0xAA, 0xAA, 0xAA, 0xAE, 0xE3, 0x21, 0x11, 0x11, 0x11, 0x00, 0x11, 0x11, 0x11, 
	0x00, 0x3C, 0xEA, 0xAA, 0xAA, 0xAA, 0xAA, 0xAA, 0xAA, 0xEC, 0x72, 0x11, 0x11, 0x11, 0x10, 0x00, 
	0x11, 0x11, 0x11, 0x13, 0x8C, 0xEA, 0xAA, 0xAA, 0xAA, 0xAA, 0xAA, 0xAA, 0xE8, 0x20, 0x01, 0x11, 
	0x11, 0x10, 0x01, 0x11, 0x11, 0x10, 0x27, 0xFA, 0xAA, 0xAA, 0xAA, 0xAA, 0xAA, 0xAA, 0xAA, 0xC7, 
	0x21, 0x11, 0x11, 0x11, 0x10, 0x01, 0x11, 0x11, 0x10, 0x28, 0xFA, 0xAA, 0xAA, 0xAA, 0xAA, 0xAA, 
	0xAA, 0xAE, 0x72, 0x11, 0x11, 0x11, 0x10, 0x00, 0x01, 0x11, 0x11, 0x11, 0x7C, 0xAA, 0xAA, 0xAA, 
	0xAA, 0xAA, 0xAA, 0xAA, 0xAA, 0xAA, 0xAA, 0xAA, 0xAA, 0xAA, 0xAA, 0xAA, 0xAA, 0xAA, 0xAA, 0xAA, 
	0xAA, 0xAA, 0xAA, 0xAA, 0xAA, 0xAA, 0xAA, 0xAA, 0xAA, 0xE8, 0x73, 0x33, 0x33, 0x33, 0x33, 0x33, 
	0x33, 0x33, 0x78, 0xEA, 0xAA, 0xAA, 0xAA, 0xAA, 0xAA, 0xAA, 0xAA, 0xAE, 0xE7, 0x77, 0x77, 0x77, 
	0x77, 0x33, 0x77, 0x77, 0x77, 0x77, 0x7C, 0xEA, 0xAA, 0xAA, 0xAA, 0xAA, 0xAA, 0xAA, 0xEC, 0x87, 
	0x77, 0x77, 0x77, 0x73, 0x33, 0x77, 0x77, 0x77, 0x77, 0x8C, 0xEA, 0xAA, 0xAA, 0xAA, 0xAA, 0xAA, 
	0xAA, 0xEC, 0x77, 0x77, 0x77, 0x77, 0x33, 0x77, 0x77, 0x77, 0x77, 0x78, 0xFA, 0xAA, 0xAA, 0xAA, 
	0xAA, 0xAA, 0xAA, 0xAA, 0xC8, 0x77, 0x77, 0x77, 0x77, 0x33, 0x77, 0x77, 0x77, 0x77, 0x78, 0xFA, 
	0xAA, 0xAA, 0xAA, 0xAA, 0xAA, 0xAA, 0xAE, 0x87, 0x77, 0x77, 0x77, 0x77, 0x33, 0x77, 0x77, 0x77, 
	0x77, 0x8C, 0xAA, 0xAA, 0xAA, 0xAA, 0xAA, 0xAA, 0xAA, 0xAA, 0xAA, 0xAA, 0xAA, 0xAA, 0xAA, 0xAA, 
	0xAA, 0xAA, 0xAA, 0xAA, 0xAA, 0xAA, 0xAA, 0xAA, 0xAA, 0xAA, 0xAA, 0xAA, 0xAA, 0xAA, 0xAE, 0xEE, 
	0xEE, 0xEE, 0xEE, 0xEE, 0xEE, 0xEE, 0xEE, 0xEE, 0xAA, 0xAA, 0xAA, 0xAA, 0xAA, 0xAA, 0xAA, 0xAA, 
	0xAE, 0xEF, 0xFF, 0xFF, 0xFF, 0xFF, 0xEE, 0xFF, 0xFF, 0xFF, 0xFF, 0xFE, 0xEA, 0xAA, 0xAA, 0xAA, 
	0xAA, 0xAA, 0xAA, 0xAE, 0xFF, 0xFF, 0xFF, 0xFF, 0xEE, 0xEE, 0xFF, 0xFF, 0xFF, 0xFF, 0xEA, 0xAA, 
	0xAA, 0xAA, 0xAA, 0xAA, 0xAA, 0xAA, 0xEE, 0xFF, 0xFF, 0xFF, 0xFE, 0xEE, 0xEF, 0xFF, 0xFF, 0xFF, 
	0xFE, 0xEA, 0xAA, 0xAA, 0xAA, 0xAA, 0xAA, 0xAA, 0xAA, 0xEF, 0xFF, 0xFF, 0xFF, 0xFE, 0xEE, 0xEF, 
	0xFF, 0xFF, 0xFF, 0xFE, 0xEA, 0xAA, 0xAA, 0xAA, 0xAA, 0xAA, 0xAA, 0xAE, 0xEF, 0xFF, 0xFF, 0xFF, 
	0xFE, 0xEE, 0xEF, 0xFF, 0xFF, 0xFF, 0xFE, 0xAA, 0xAA, 0xAA, 0xAA, 0xAA, 0xAA, 0xAA, 0xAA, 0xAA, 
	0xAA, 0xAA, 0xAA, 0xAA, 0xAA, 0xAA, 0xAA, 0xAA, 0xAA, 0xAA, 0xAA, 0xAA, 0xAA, 0xAA, 0xAA, 0xAA, 
	0xAA, 0xAA, 0xAA, 0xAE, 0xEE, 0xEE, 0xEE, 0xEE, 0xEE, 0xEE, 0xEE, 0xEE, 0xEE, 0xAA, 0xAA, 0xAA, 
	0xAA, 0xAA, 0xAA, 0xAA, 0xAA, 0xAA, 0xEE, 0xEE, 0xEE, 0xEE, 0xEE, 0xEE, 0xEE, 0xEE, 0xEE, 0xEE, 
	0xEE, 0xEA, 0xAA, 0xAA, 0xAA, 0xAA, 0xAA, 0xAA, 0xAE, 0xEE, 0xEE, 0xEE, 0xEE, 0xEE, 0xEE, 0xEE, 
	0xEE, 0xEE, 0xEE, 0xEA, 0xAA, 0xAA, 0xAA, 0xAA, 0xAA, 0xAA, 0xAA, 0xAE, 0xEE, 0xEE, 0xEE, 0xEE, 
	0xEE, 0xEE, 0xEE, 0xEE, 0xEE, 0xEE, 0xAA, 0xAA, 0xAA, 0xAA, 0xAA, 0xAA, 0xAA, 0xAA, 0xEE, 0xEE, 
	0xEE, 0xEE, 0xEE, 0xEE, 0xEE, 0xEE, 0xEE, 0xEE, 0xEE, 0xAA, 0xAA, 0xAA, 0xAA, 0xAA, 0xAA, 0xAA, 
	0xAA, 0xEE, 0xEE, 0xEE, 0xEE, 0xEE, 0xEE, 0xEE, 0xEE, 0xEE, 0xEE, 0xEE, 0xAA, 0xAA, 0xAA, 0xAA, 
	0xAA, 0xAA, 0xAA, 0xAA, 0xAA, 0xAA, 0xAA, 0xAA, 0xAA, 0xAA, 0xAA, 0xAA, 0xAA, 0xAA, 0xAA, 0xAA, 
	0xAA, 0xAA, 0xAA, 0xAA, 0xAA, 0xAA, 0xAA, 0xAA, 0xAE, 0xEE, 0xEE, 0xEE, 0xEE, 0xEE, 0xEE, 0xEE, 
	0xEE, 0xEE, 0xAA, 0xAA, 0xAA, 0xAA, 0xAA, 0xAA, 0xAA, 0xAA, 0xAA, 0xAE, 0xEE, 0xEE, 0xEE, 0xEE, 
	0xEE, 0xEE, 0xEE, 0xEE, 0xEE, 0xEE, 0xAA, 0xAA, 0xAA, 0xAA, 0xAA, 0xAA, 0xAA, 0xAA, 0xEE, 0xEE, 
	0xEE, 0xEE, 0xEE, 0xEE, 0xEE, 0xEE, 0xEE, 0xEE, 0xEA, 0xAA, 0xAA, 0xAA, 0xAA, 0xAA, 0xAA, 0xAA, 
	0xAA, 0xEE, 0xEE, 0xEE, 0xEE, 0xEE, 0xEE, 0xEE, 0xEE, 0xEE, 0xEE, 0xAA, 0xAA, 0xAA, 0xAA, 0xAA, 
	0xAA, 0xAA, 0xAA, 0xEE, 0xEE, 0xEE, 0xEE, 0xEE, 0xEE, 0xEE, 0xEE, 0xEE, 0xEE, 0xEE, 0xAA, 0xAA, 
	0xAA, 0xAA, 0xAA, 0xAA, 0xAA, 0xAA, 0xEE, 0xEE, 0xEE, 0xEE, 0xEE, 0xEE, 0xEE, 0xEE, 0xEE, 0xEE, 
	0xEE, 0xAA, 0xAA, 0xAA, 0xAA, 0xAA, 0xAA, 0xAA, 0xAA, 0xAA, 0xAA, 0xAA, 0xAA, 0xAA, 0xAA, 0xAA, 
	0xAA, 0xAA, 0xAA, 0xAA, 0xAA, 0xAA, 0xAA, 0xAA, 0xAA, 0xAA, 0xAA, 0xAA, 0xAA, 0xAA, 0xAA, 0xAA, 
	0xAA, 0xAA, 0xAA, 0xAA, 0xAA, 0xAA, 0xAA, 0xAA, 0xAA, 0xAA, 0xAA, 0xAA, 0xAA, 0xAA, 0xAA, 0xAA, 
	0xAA, 0xAA, 0xAA, 0xAA, 0xAA, 0xAA, 0xAA, 0xAA, 0xAA, 0xAA, 0xAA, 0xAA, 0xAA, 0xAA, 0xAA, 0xAA, 
	0xAA, 0xAA, 0xAA, 0xAA, 0xAA, 0xAA, 0xAA, 0xAA, 0xAA, 0xAA, 0xAA, 0xAA, 0xAA, 0xAA, 0xAA, 0xAA, 
	0xAA, 0xAA, 0xAA, 0xAA, 0xAA, 0xAA, 0xAA, 0xAA, 0xAA, 0xAA, 0xAA, 0xAA, 0xAA, 0xAA, 0xAA, 0xAA, 
	0xAA, 0xAA, 0xAA, 0xAA, 0xAA, 0xAA, 0xAA, 0xAA, 0xAA, 0xAA, 0xAA, 0xAA, 0xAA, 0xAA, 0xAA, 0xAA, 
	0xAA, 0xAA, 0xAA, 0xAA, 0xAA, 0xAA, 0xAA, 0xAA, 0xAA, 0xAA, 0xAA, 0xAA, 0xAA, 0xAA, 0xAA, 0xAA, 
	0xAA, 0xAA, 0xAA, 0xAA, 0xAA, 0xAA, 0xAA, 0xAA, 0xAA, 0xAA, 0xAA, 0xAA, 0xAA, 0xAA, 0xAA, 0xAA, 
	0xAA, 0xAA, 0xAA, 0xAA, 0xAA, 0xAA, 0xAA, 0xAA, 0xAA, 0xAA, 0xAA, 0xAA, 0xAA, 0xAA, 0xAA, 0xAA, 
	0xAA, 0xAA, 0xAA, 0xAA, 0xAA, 0xAA, 0xAA, 0xAA, 0xAA, 0xAA, 0xAA, 0xAA, 0xAA, 0xAA, 0xAA, 0xAA, 
	0xAA, 0xAA, 0xAA, 0xAA, 0xAA, 0xAA, 0xAA, 0xAA, 0xAA, 0xAA, 0xAA, 0xAA, 0xAA, 0xAA, 0xAA, 0xAA, 
	0xAA, 0xAA, 0xAA, 0xAA, 0xAA, 0xAA, 0xAA, 0xAA, 0xAA, 0xAA, 0xAA, 0xAA, 0xAA, 0xAA, 0xAA, 0xAA, 
	0xAA, 0xAA, 0xAA, 0xAA, 0xAA, 0xAA, 0xAA, 0xAA, 0xAA, 0xAA, 0xAA, 0xAA, 0xAA, 0xAA, 0xAA, 0xAA, 
	0xAA, 0xAA, 0xAA, 0xAA, 0xAA, 0xAA, 0xAA, 0xAA, 0xAA, 0xAA, 0xAA, 0xAA, 0xAA, 0xAA, 0xAA, 0xAA, 
	0xAA, 0xAA, 0xAA, 0xAA, 0xAA, 0xAA, 0xAA, 0xAA, 0xAA, 0xAA, 0xAA, 0xAA, 0xAA, 0xAA, 0xAA, 0xAA, 
	0xAA, 0xAA, 0xAA, 0xAA, 0xAA, 0xAA, 0xAA, 0xAA, 0xAA, 0xAA, 0xAA, 0xAA, 0xAA, 0xAA, 0xAA, 0xAA, 
	0xAA, 0xAA, 0xAA, 0xAA, 0xAA, 0xAA, 0xAA, 0xAA, 0xAA, 0xAA, 0xAA, 0xAA, 0xAA, 0xAA, 0xAA, 0xAA, 
	0xAA, 0xAA, 0xAA, 0xAA, 0xAA, 0xAA, 0xAA, 0xAA, 0xAA, 0xAA, 0xAA, 0xAA, 0xAA, 0xAA, 0xAA, 0xAA, 
	0xAA, 0xAA, 0xAA, 0xAA, 0xAA, 0xAA, 0xAA, 0xAA, 0xAA, 0xAA, 0xAA, 0xAA, 0xAA, 0xAA, 0xAA, 0xAA, 
	0xAA, 0xAA, 0xAA, 0xAA, 0xAA, 0xAA, 0xAA, 0xAA, 0xAA, 0xAA, 0xAA, 0xAA, 0xAA, 0xAA, 0xAA, 0xAA, 
	0xAA, 0xAC, 0xCA, 0xAA, 0xAA, 0xAA, 0xAA, 0xAA, 0xAA, 0xAA, 0xAA, 0xAA, 0xAA, 0xAA, 0xAA, 0xAA, 
	0xAA, 0xAA, 0xAA, 0xAA, 0xAA, 0xAA, 0xAA, 0xAA, 0xAA, 0xAA, 0xAA, 0xAA, 0xAA, 0xAA, 0xAA, 0xAA, 
	0xAA, 0xAA, 0xAA, 0xAA, 0xAA, 0xAA, 0xAA, 0xAA, 0xAA, 0xAA, 0xAA, 0xAA, 0xAA, 0xAA, 0xAA, 0xAA, 
	0xAA, 0xAA, 0xAA, 0xAA, 0xAA, 0xAA, 0xAA, 0xAA, 0xAA, 0xA8, 0x88, 0xAA, 0xAA, 0xAA, 0xAA, 0xAA, 
	0xAA, 0xAA, 0xAA, 0xAA, 0xAA, 0xAA, 0xAA, 0xAA, 0xAA, 0xAA, 0xAA, 0xAA, 0xAA, 0xAA, 0xAA, 0xAA, 
	0xAA, 0xAA, 0xAA, 0xAA, 0xAA, 0xAA, 0xAA, 0xAA, 0xAA, 0xAA, 0xAA, 0xAA, 0xAA, 0xAA, 0xAA, 0xAA, 
	0xAA, 0xAA, 0xAA, 0xAA, 0xAA, 0xAA, 0xAA, 0xAA, 0xAA, 0xAA, 0xAA, 0xAA, 0xAA, 0xAA, 0xAA, 0xAA, 
	0xAA, 0xA8, 0x8A, 0xAA, 0xAA, 0xAA, 0xAA, 0xAA, 0xAA, 0xAA, 0xAA, 0xAA, 0xAA, 0xAA, 0xAA, 0xAA, 
	0xAA, 0xAA, 0xAA, 0xAA, 0xAA, 0xAA, 0x87, 0x78, 0x8A, 0xAA, 0xAA, 0xAA, 0xAA, 0xAA, 0xAA, 0xAA, 
	0xAA, 0xAA, 0xAA, 0xAA, 0xAA, 0xAA, 0xAA, 0xAA, 0xAA, 0xAA, 0xAA, 0xAA, 0xAA, 0xAA, 0xAA, 0xAA, 
	0xAA, 0xAA, 0xAA, 0xAA, 0xAA, 0xAA, 0xAA, 0xAA, 0xAA, 0xAA, 0x88, 0xAA, 0xAA, 0xAA, 0xA8, 0xAA, 
	0xAA, 0xAA, 0xAA, 0xAA, 0xAA, 0xAA, 0xAA, 0xAA, 0xAA, 0xAA, 0xAA, 0xAA, 0xAA, 0xAA, 0x87, 0x44, 
	0x8A, 0xAA, 0xAA, 0xAA, 0xAA, 0xAA, 0xAA, 0xAA, 0xAA, 0xAA, 0xAA, 0xAA, 0xAA, 0xAA, 0xAA, 0xAA, 
	0xAA, 0xAA, 0xAA, 0xAA, 0xAA, 0xAA, 0xAA, 0xAA, 0xAA, 0xAA, 0xAA, 0xAA, 0xAA, 0xAA, 0xAA, 0xAA, 
	0xAA, 0xAA, 0xAA, 0xAA, 0xAA, 0xAA, 0xAA, 0xAA, 0xAA, 0xAA, 0xAA, 0xAA, 0xAA, 0xAA, 0xAA, 0xAA, 
	0xAA, 0xAA, 0xAA, 0xAA, 0xAA, 0xAA, 0xC7, 0x34, 0xAA, 0xAA, 0xAA, 0xAA, 0xAA, 0xAA, 0xAA, 0xAA, 
	0xAA, 0xAA, 0xAA, 0xAA, 0xAA, 0xAA, 0xAA, 0xAA, 0xAA, 0xAA, 0xA8, 0x33, 0x33, 0x3C, 0xAA, 0xAA, 
	0xAA, 0xAA, 0xAA, 0xAA, 0xAA, 0xAA, 0xAA, 0xAA, 0xAA, 0xAA, 0xAA, 0xAA, 0xAA, 0xAA, 0xAA, 0xAA, 
	0xAA, 0xAA, 0xAA, 0xAA, 0xAA, 0xAA, 0xAA, 0xAA, 0xAA, 0xAA, 0xAA, 0xAA, 0xAA, 0xAA, 0x87, 0x37, 
	0x8A, 0xAA, 0xAA, 0x47, 0x78, 0xAA, 0xAA, 0xAA, 0xAA, 0xAA, 0xAA, 0xAA, 0xAA, 0xAA, 0xAA, 0xAA, 
	0xAA, 0xAA, 0xA8, 0x33, 0x73, 0x38, 0xAA, 0xAA, 0xAA, 0xAA, 0xAA, 0xAA, 0xAA, 0xAA, 0xAA, 0xAA, 
	0xAA, 0xAA, 0xAA, 0xAA, 0xAA, 0xAA, 0xAA, 0xAA, 0xAA, 0xAA, 0xAA, 0xAA, 0xAA, 0xAA, 0xAA, 0xAA, 
	0xAA, 0xAA, 0xAA, 0xAA, 0xAA, 0xAA, 0xAA, 0xAA, 0xAA, 0xAA, 0xAA, 0xAA, 0xAA, 0xAA, 0xAA, 0xAA, 
	0xAA, 0xAA, 0xAA, 0xAA, 0xAA, 0xAA, 0xAA, 0xAA, 0xAA, 0xAA, 0xA8, 0x77, 0x77, 0x7A, 0xAA, 0xAA, 
	0xAA, 0xAA, 0xAA, 0xAA, 0xAA, 0xAA, 0xAA, 0xAA, 0xAA, 0xAA, 0xAA, 0xAA, 0xAA, 0xAA, 0xAA, 0x87, 
	0x7C, 0xCC, 0x27, 0x8A, 0xAA, 0xAA, 0xAA, 0xAA, 0xAA, 0xAA, 0xAA, 0xAA, 0xAA, 0xAA, 0xAA, 0xA8, 
	0x8C, 0xAA, 0xAA, 0x88, 0x8C, 0xAA, 0xAA, 0x88, 0xAA, 0xAA, 0xAA, 0xAA, 0xAA, 0xAA, 0xAA, 0xAA, 
	0xAA, 0xAA, 0xA7, 0x33, 0x73, 0x34, 0xAA, 0x87, 0x77, 0x73, 0x7A, 0xAA, 0xAA, 0xAA, 0xAA, 0xAA, 
	0xAA, 0xAA, 0xAA, 0xAA, 0xAA, 0xAA, 0xAA, 0xA7, 0x38, 0xC8, 0x33, 0x8A, 0xAA, 0xAA, 0xAA, 0xAA, 
	0xAA, 0xAA, 0xAA, 0xAA, 0xAA, 0xAA, 0xAA, 0xAA, 0xAA, 0xAA, 0xAA, 0xAA, 0xAA, 0xAA, 0xAA, 0xAA, 
	0xAA, 0xAA, 0xAA, 0xAA, 0xAA, 0xAA, 0xAA, 0xAA, 0xAA, 0xAA, 0xAA, 0xAA, 0xAA, 0xAA, 0xAA, 0xAA, 
	0xAA, 0xAA, 0xAA, 0xAA, 0xAA, 0xAA, 0xAA, 0xAA, 0xAA, 0xAA, 0xAA, 0xAA, 0xAA, 0xAA, 0xAA, 0xA8, 
	0x78, 0xC8, 0x34, 0x88, 0x88, 0xAA, 0xAA, 0xAA, 0xAA, 0xAA, 0xAA, 0xAA, 0xAA, 0xAA, 0xAA, 0xAA, 
	0xAA, 0xAA, 0xAA, 0xAA, 0x47, 0xCE, 0xEC, 0x33, 0x8A, 0xAA, 0xAA, 0xAA, 0xAA, 0xAA, 0xAA, 0xAA, 
	0xAA, 0xAA, 0xAA, 0xA8, 0x47, 0x77, 0x8A, 0x84, 0x77, 0x77, 0x8A, 0x84, 0x77, 0x78, 0xAA, 0xAA, 
	0xAA, 0xAA, 0xAA, 0xAA, 0xAA, 0xAA, 0xAA, 0xA3, 0x78, 0xCC, 0x77, 0x8A, 0x47, 0xCC, 0xC8, 0x34, 
	0xAA, 0xAA, 0xAA, 0xAA, 0xAA, 0xAA, 0xAA, 0xAA, 0xAA, 0xAA, 0xAA, 0xA8, 0x43, 0x7C, 0xEC, 0x73, 
	0x78, 0xAA, 0xAA, 0xAA, 0xAA, 0xAA, 0xAA, 0xAA, 0xAA, 0xAA, 0xAA, 0xAA, 0xAA, 0xAA, 0xAA, 0xAA, 
	0xAA, 0xAA, 0xAA, 0xAA, 0xAA, 0xAA, 0xAA, 0xAA, 0xAA, 0xAA, 0xAA, 0xAA, 0xAA, 0xAA, 0xAA, 0xAA, 
	0xAA, 0xAA, 0xAA, 0xAA, 0xAA, 0xAA, 0xAA, 0xAA, 0xAA, 0xAA, 0xAA, 0xAA, 0xAA, 0xAA, 0xAA, 0xAA, 
	0xAA, 0xAA, 0xAA, 0xAA, 0xA4, 0x7C, 0xEE, 0x87, 0x73, 0x37, 0x8A, 0xAA, 0xAA, 0xAA, 0xAA, 0xAA, 
	0xAA, 0xAA, 0xAA, 0xAA, 0xAA, 0xAA, 0xAA, 0xAA, 0xAA, 0x47, 0xCE, 0xE8, 0x37, 0x8A, 0xAA, 0xAA, 
	0xAA, 0xAA, 0xAA, 0xAA, 0xAA, 0xAA, 0xAA, 0xAA, 0xA8, 0x78, 0x87, 0x3A, 0x43, 0x78, 0x73, 0x38, 
	0x43, 0x87, 0x37, 0xAA, 0xAA, 0xAA, 0xAA, 0xAA, 0xAA, 0xAA, 0xAA, 0xAA, 0xA2, 0x8C, 0xEE, 0xC7, 
	0x7C, 0x48, 0xEE, 0xFC, 0x33, 0x8A, 0xAA, 0xAA, 0xAA, 0xAA, 0xAA, 0xAA, 0xAA, 0xAA, 0xAA, 0xAA, 
	0x87, 0x37, 0x8C, 0xFE, 0x87, 0x37, 0x8A, 0xAA, 0xAA, 0xAA, 0xAA, 0xAA, 0xAA, 0xAA, 0xAA, 0xAA, 
	0xAA, 0xAA, 0xAA, 0xAA, 0xAA, 0xAA, 0xAA, 0xAA, 0xAA, 0xAA, 0xAA, 0xAA, 0xAA, 0xAA, 0xAA, 0xAA, 
	0xAA, 0xAA, 0xAA, 0xAA, 0xAA, 0xAA, 0xAA, 0xAA, 0xAA, 0xA8, 0x88, 0xAA, 0xAA, 0xAA, 0xAA, 0xAA, 
	0xAA, 0xAA, 0xAA, 0xAA, 0xAA, 0xAA, 0xAA, 0xAA, 0xAA, 0x43, 0x8E, 0xFF, 0xFC, 0x88, 0x32, 0x37, 
	0xAA, 0xAA, 0xAA, 0xAA, 0xAA, 0xAA, 0xAA, 0xAA, 0xAA, 0xAA, 0xAA, 0xAA, 0xAA, 0xAA, 0x47, 0x8E, 
	0x83, 0x7A, 0xAA, 0xAA, 0xAA, 0xAA, 0xAA, 0xAA, 0xAA, 0xAA, 0xAA, 0xAA, 0xAA, 0xA8, 0x7E, 0xEC, 
	0x27, 0x38, 0xCF, 0xC8, 0x24, 0x38, 0xE8, 0x73, 0xAA, 0xAA, 0xAA, 0xAA, 0xAA, 0xAA, 0xAA, 0xAA, 
	0xAA, 0xA2, 0x8C, 0xFF, 0xC7, 0x78, 0x78, 0xEF, 0xFC, 0x73, 0x8A, 0xAA, 0xAA, 0xAA, 0xAA, 0xAA, 
	0xAA, 0xAA, 0xAA, 0xAA, 0xAA, 0x87, 0x7C, 0xEF, 0xFF, 0xFC, 0x83, 0x8A, 0xAA, 0xAA, 0xAA, 0xAA, 
	0xAA, 0xAA, 0xAA, 0xAA, 0xAA, 0xAA, 0xAA, 0xAA, 0xAA, 0xAA, 0xAA, 0xAA, 0xAA, 0xAA, 0xAA, 0xAA, 
	0xAA, 0xAA, 0xAA, 0xAA, 0xAA, 0xAA, 0xAA, 0xAA, 0xAA, 0xAA, 0xAA, 0xAA, 0xAA, 0x87, 0x73, 0x33, 
	0x37, 0x8A, 0xAA, 0xAA, 0xAA, 0xAA, 0xAA, 0xAA, 0xAA, 0xAA, 0xAA, 0xAA, 0xAA, 0xA8, 0x37, 0xCF, 
	0xFF, 0xFF, 0xEE, 0xED, 0x87, 0x78, 0xAA, 0xAA, 0xAA, 0xAA, 0xAA, 0xAA, 0xAA, 0xAA, 0xAA, 0xAA, 
	0xAA, 0xAA, 0xA4, 0x37, 0xCC, 0x77, 0x84, 0x48, 0xAA, 0xAA, 0xAA, 0xAA, 0xAA, 0xAA, 0xAA, 0xAA, 
	0xAA, 0xAA, 0xA8, 0x7E, 0xFC, 0x32, 0x38, 0xEF, 0xFC, 0x23, 0x78, 0xEC, 0x73, 0xAA, 0xAA, 0xAA, 
	0xAA, 0xAA, 0xAA, 0xAA, 0xA8, 0xAA, 0xA3, 0x7C, 0xFF, 0x83, 0x4C, 0x47, 0xEF, 0xE8, 0x37, 0xCA, 
	0xAA, 0xAA, 0xAA, 0xAA, 0xAA, 0xAA, 0xAA, 0xAA, 0xAA, 0xAA, 0xA8, 0x37, 0x8C, 0xFE, 0xC7, 0x33, 
	0x8A, 0xAA, 0xAA, 0xAA, 0xAA, 0xAA, 0xAA, 0xAA, 0xAA, 0xAA, 0xAA, 0xAA, 0xAA, 0xAA, 0xAA, 0xAA, 
	0xAA, 0xAA, 0xAA, 0xAA, 0xAA, 0xAA, 0xAA, 0xAA, 0xAA, 0xAA, 0xAA, 0xAA, 0xAA, 0xAA, 0xAA, 0xAA, 
	0xAA, 0xAA, 0x77, 0x88, 0xC8, 0x83, 0x48, 0xAA, 0xAA, 0xAA, 0xAA, 0xAA, 0xAA, 0xAA, 0xAA, 0xAA, 
	0xAA, 0xAA, 0xA7, 0x38, 0xFF, 0xFF, 0xFF, 0xFF, 0xFF, 0xEC, 0x77, 0x8A, 0xAA, 0xAA, 0xAA, 0xAA, 
	0xAA, 0xAA, 0xAA, 0xAA, 0xAA, 0xAA, 0xAA, 0x43, 0x8C, 0xE8, 0x74, 0x83, 0x34, 0x8A, 0xAA, 0xAA, 
	0xAA, 0xAA, 0xAA, 0xAA, 0xAA, 0xAA, 0xAA, 0xA8, 0x7E, 0xFC, 0x77, 0x7C, 0xFF, 0xFE, 0x77, 0x8C, 
	0xFC, 0x73, 0xAA, 0xAA, 0xAA, 0xAA, 0xAA, 0xAA, 0xA8, 0x47, 0x48, 0x88, 0x37, 0xCF, 0x83, 0x4A, 
	0x47, 0xCE, 0xC7, 0x38, 0x88, 0x44, 0x88, 0xAA, 0xAA, 0xAA, 0xAA, 0xAA, 0xAC, 0x88, 0x88, 0x84, 
	0x33, 0x7C, 0xFE, 0x83, 0x23, 0x48, 0x88, 0x8A, 0xAA, 0xAA, 0xAA, 0xAA, 0xAA, 0xAA, 0xAA, 0xAA, 
	0xAA, 0xAA, 0xAA, 0xAA, 0xAA, 0xAA, 0xAA, 0xAA, 0xAA, 0xAA, 0xAA, 0xAA, 0xAA, 0xAA, 0xAA, 0xAA, 
	0xAA, 0xAA, 0xAA, 0xAA, 0xAA, 0xAA, 0xA4, 0x38, 0xCE, 0xFF, 0xC7, 0x34, 0xAA, 0xAA, 0xAA, 0xAA, 
	0xAA, 0xAA, 0xAA, 0xAA, 0xAA, 0xAA, 0xAA, 0x83, 0x7C, 0xFF, 0xFF, 0xFF, 0xFF, 0xFF, 0xFE, 0xC7, 
	0x4A, 0xAA, 0xAA, 0xAA, 0xAA, 0xAA, 0xAA, 0xAA, 0xAA, 0xAA, 0xAA, 0xA4, 0x37, 0xEF, 0xE7, 0x44, 
	0x37, 0x73, 0x4A, 0xAA, 0xAA, 0xAA, 0xAA, 0xAA, 0xAA, 0xAA, 0xAA, 0xAA, 0xA8, 0x7E, 0xFE, 0xCC, 
	0xCE, 0xFF, 0xFE, 0xCC, 0xEE, 0xFC, 0x73, 0xAA, 0xAA, 0xAA, 0xAA, 0xAA, 0xAA, 0x87, 0x77, 0x77, 
	0x8A, 0x43, 0x8F, 0x83, 0x4A, 0x47, 0xCE, 0x87, 0x4C, 0x47, 0x77, 0x77, 0xAA, 0xAA, 0xAA, 0xAA, 
	0xAA, 0x87, 0x77, 0x77, 0x44, 0x42, 0x3C, 0xFE, 0x72, 0x34, 0x77, 0x77, 0x74, 0xAA, 0xAA, 0xAA, 
	0xAA, 0xAA, 0xAA, 0xAA, 0xAA, 0xAA, 0xAA, 0xAA, 0xAA, 0xAA, 0xAA, 0xAA, 0xAA, 0xAA, 0xAA, 0xAA, 
	0xAA, 0xAA, 0xAA, 0xAA, 0xAA, 0xAA, 0xAA, 0xAA, 0xAA, 0xAA, 0xAA, 0xA3, 0x8E, 0xFF, 0xFF, 0xFC, 
	0x77, 0xAA, 0xAA, 0xAA, 0xAA, 0xAA, 0xAA, 0xAA, 0xAA, 0xAA, 0xAA, 0xA8, 0x43, 0xCF, 0xFF, 0xFF, 
	0xFF, 0xFF, 0xFF, 0xFF, 0xF8, 0x38, 0xAA, 0xAA, 0xAA, 0xAA, 0xAA, 0xAA, 0xAA, 0xAA, 0xAA, 0xAA, 
	0x43, 0x7E, 0xFF, 0xE3, 0x34, 0x3C, 0xC8, 0x38, 0xCA, 0xAA, 0xAA, 0xAA, 0xAA, 0xAA, 0xAA, 0xAA, 
	0xAA, 0xA8, 0x7C, 0xFF, 0xFF, 0xFF, 0xFF, 0xFF, 0xFF, 0xFF, 0xFC, 0x73, 0xAA, 0xAA, 0xAA, 0xAA, 
	0xAA, 0xAA, 0x77, 0xCE, 0xC7, 0x7C, 0x84, 0x7F, 0xC7, 0x7C, 0x48, 0xEE, 0x84, 0xA4, 0x78, 0xEE, 
	0xC3, 0x4A, 0xAA, 0xAA, 0xAA, 0xA8, 0x33, 0x78, 0x87, 0x33, 0x22, 0x7C, 0xFF, 0x83, 0x23, 0x77, 
	0x87, 0x73, 0x34, 0x8A, 0xAA, 0xAA, 0xAA, 0xAA, 0xAA, 0xAA, 0xAA, 0xAA, 0xAA, 0xAA, 0xAA, 0xAA, 
	0xAA, 0xAA, 0xAA, 0xAA, 0xAA, 0xAA, 0xAA, 0xAA, 0xAA, 0xAA, 0xAA, 0xAA, 0xAA, 0xAA, 0xAA, 0xAA, 
	0xA2, 0x8E, 0xFF, 0xFF, 0xFE, 0x87, 0xAA, 0xAA, 0xAA, 0xAA, 0xAA, 0xAA, 0xAA, 0xAA, 0xAA, 0xAA, 
	0xA8, 0x37, 0xEF, 0xFF, 0xFF, 0xFF, 0xFF, 0xFF, 0xFF, 0xFC, 0x83, 0x8A, 0xAA, 0xAA, 0xAA, 0xAA, 
	0xAA, 0xAA, 0xAA, 0xAA, 0xA8, 0x38, 0xEF, 0xFE, 0xC3, 0x44, 0x3E, 0xEC, 0x73, 0x8A, 0xAA, 0xAA, 
	0xAA, 0xAA, 0xAA, 0xAA, 0xAA, 0xAA, 0xA8, 0x77, 0xEF, 0xFF, 0xFF, 0xFF, 0xFF, 0xFF, 0xFF, 0xE8, 
	0x37, 0xAA, 0xAA, 0xAA, 0xAA, 0xAA, 0xA8, 0x38, 0xEE, 0xE8, 0x38, 0x87, 0x7F, 0xC8, 0x37, 0x78, 
	0xFE, 0x84, 0xA7, 0x7C, 0xFE, 0xC7, 0x3A, 0xAA, 0xAA, 0xAA, 0x83, 0x7C, 0xEE, 0xEE, 0xEE, 0xC8, 
	0xCE, 0xFF, 0xEC, 0xCE, 0xEE, 0xEE, 0xEC, 0x73, 0x7C, 0xAA, 0xAA, 0xAA, 0xAA, 0xAA, 0xAA, 0xAA, 
	0xAA, 0xAA, 0xAA, 0xAA, 0xAA, 0xAA, 0xAA, 0xAA, 0xAA, 0xAA, 0xAA, 0xAA, 0xAA, 0xAA, 0xAA, 0xAA, 
	0xAA, 0xAA, 0xAA, 0xAA, 0xAA, 0xA2, 0x8C, 0xFF, 0xFF, 0xFF, 0x87, 0xAA, 0xAA, 0xAA, 0xAA, 0xAA, 
	0xAA, 0xAA, 0xAA, 0xAA, 0xAA, 0xA8, 0x78, 0xEF, 0xFF, 0xFF, 0xFF, 0xFF, 0xFF, 0xFF, 0xFE, 0x83, 
	0x7A, 0xAA, 0xAA, 0xAA, 0xAA, 0xAA, 0xAA, 0xAA, 0xAA, 0xA4, 0x7C, 0xFF, 0xFE, 0x83, 0x37, 0x7E, 
	0xFE, 0xC3, 0x4A, 0xAA, 0xAA, 0xAA, 0xAA, 0xAA, 0xAA, 0xAA, 0xAA, 0xAA, 0x43, 0x8E, 0xFF, 0xFF, 
	0xFF, 0xFF, 0xFF, 0xFE, 0x83, 0x78, 0xAA, 0xAA, 0xAA, 0xAA, 0xAA, 0xA8, 0x38, 0xEF, 0xFC, 0x3C, 
	0x87, 0x7F, 0xEC, 0x23, 0x7C, 0xFC, 0x77, 0xA3, 0x7C, 0xFF, 0xC7, 0x38, 0xAA, 0xAA, 0xAA, 0x77, 
	0xCE, 0xFF, 0xFF, 0xFF, 0xFE, 0xEF, 0xFF, 0xFE, 0xFF, 0xFF, 0xFF, 0xFF, 0xC7, 0x38, 0xAA, 0xAA, 
	0xAA, 0xAA, 0xAA, 0xAA, 0xAA, 0xAA, 0xAA, 0xAA, 0xAA, 0xAA, 0xAA, 0xAA, 0xAA, 0xAA, 0xAA, 0xAA, 
	0xAA, 0xAA, 0xAA, 0xAA, 0xAA, 0xAA, 0xAA, 0xAA, 0xAA, 0xAA, 0xA3, 0x8C, 0xFF, 0xFF, 0xFC, 0x87, 
	0xAA, 0xAA, 0xAA, 0xAA, 0xAA, 0xAA, 0xAA, 0xAA, 0xAA, 0xAA, 0xA4, 0x7C, 0xEF, 0xFF, 0xFF, 0xFF, 
	0xFF, 0xFF, 0xFF, 0xFF, 0xC3, 0x3A, 0xAA, 0xAA, 0xAA, 0xAA, 0xAA, 0xAA, 0xAA, 0xAA, 0xA3, 0x8E, 
	0xFF, 0xFC, 0x73, 0x37, 0x8E, 0xFF, 0xE7, 0x78, 0xAA, 0xAA, 0xAA, 0xAA, 0xAA, 0xAA, 0xAA, 0xAA, 
	0xAA, 0xA7, 0x38, 0xFF, 0xFF, 0xFF, 0xFF, 0xFF, 0xEC, 0x33, 0x8A, 0xAA, 0xAA, 0xAA, 0xAA, 0xAA, 
	0xAA, 0x37, 0xCE, 0xFC, 0x78, 0x87, 0x7F, 0xFC, 0x22, 0x7C, 0xFC, 0x77, 0xC3, 0x7C, 0xFE, 0xC3, 
	0x7A, 0xAA, 0xAA, 0xAA, 0x38, 0xEF, 0xFF, 0xEE, 0xEE, 0xEF, 0xFF, 0xFF, 0xFF, 0xFE, 0xEE, 0xEF, 
	0xFF, 0xE8, 0x37, 0xAA, 0xAA, 0xAA, 0xAA, 0xAA, 0xAA, 0xAA, 0xAA, 0xAA, 0xAA, 0xAA, 0xAA, 0xAA, 
	0xAA, 0xAA, 0xAA, 0xAA, 0xAA, 0xAA, 0xAA, 0xAA, 0xAA, 0xAA, 0xAA, 0xAA, 0xAA, 0xAA, 0xAA, 0xA7, 
	0x3C, 0xEF, 0xFF, 0xE8, 0x74, 0xAA, 0xAA, 0xAA, 0xAA, 0xAA, 0xAA, 0xAA, 0xAA, 0xAA, 0xAA, 0x43, 
	0x8F, 0xFF, 0xFF, 0xFF, 0xFF, 0xFF, 0xFF, 0xFF, 0xFF, 0xC7, 0x28, 0xAA, 0xAA, 0xAA, 0xAA, 0xAA, 
	0xAA, 0xAA, 0xAA, 0xA2, 0xCE, 0xFF, 0xFC, 0x73, 0x37, 0xCF, 0xFF, 0xF8, 0x77, 0xAA, 0xAA, 0xAA, 
	0xAA, 0xAA, 0xAA, 0xAA, 0xAA, 0xAA, 0xAA, 0x78, 0xEF, 0xFF, 0xFF, 0xFF, 0xFF, 0xE8, 0x28, 0xAA, 
	0xAA, 0xAA, 0xAA, 0xAA, 0xAA, 0xAA, 0x83, 0x38, 0xEC, 0x73, 0x77, 0x7F, 0xFC, 0x32, 0xCE, 0xFE, 
	0x83, 0x87, 0x8E, 0xE8, 0x37, 0xAA, 0xAA, 0xAA, 0xA5, 0x3C, 0xFF, 0xFE, 0xC7, 0x37, 0xCF, 0xFF, 
	0xFF, 0xFF, 0xE8, 0x77, 0x8E, 0xFF, 0xFC, 0x83, 0xAA, 0xAA, 0xAA, 0xAA, 0xAA, 0xAA, 0xAA, 0xAA, 
	0xAA, 0xAA, 0xAA, 0xAA, 0xAA, 0xAA, 0xAA, 0xAA, 0xAA, 0xAA, 0xAA, 0xAA, 0xAA, 0xAA, 0xAA, 0xAA, 
	0xAA, 0xAA, 0xAA, 0xAA, 0xA8, 0x37, 0xCF, 0xFE, 0xC7, 0x78, 0xAA, 0xAA, 0xAA, 0xAA, 0xAA, 0xAA, 
	0xAA, 0xAA, 0xAA, 0xA4, 0x38, 0xEF, 0xFF, 0xFF, 0xFF, 0xFC, 0xCE, 0xFF, 0xFF, 0xFF, 0xE8, 0x28, 
	0xAA, 0xAA, 0xAA, 0xAA, 0xAA, 0xAA, 0xAA, 0xAA, 0x42, 0xCF, 0xFF, 0xFC, 0x73, 0x37, 0xCF, 0xFF, 
	0xFC, 0x77, 0xAA, 0xAA, 0xAA, 0xAA, 0xAA, 0xAA, 0xAA, 0xAA, 0xAA, 0xAA, 0x78, 0xEF, 0xFF, 0xFF, 
	0xFF, 0xFF, 0xE8, 0x2A, 0xAA, 0xAA, 0xAA, 0xAA, 0xAA, 0xAA, 0xAA, 0xA8, 0x73, 0xCC, 0xC3, 0x23, 
	0x7F, 0xFC, 0x72, 0xCF, 0xFE, 0x82, 0x38, 0xCE, 0x83, 0x48, 0xAA, 0xAA, 0xAA, 0xA3, 0x3C, 0xFF, 
	0xFC, 0x77, 0x84, 0x7C, 0xEF, 0xFF, 0xFE, 0x73, 0x48, 0x78, 0xEF, 0xFE, 0x83, 0xAA, 0xAA, 0xAA, 
	0xAA, 0xAA, 0xAA, 0xAA, 0xAA, 0xAA, 0xAA, 0xAA, 0xAA, 0xAA, 0xAA, 0xAA, 0xAA, 0xAA, 0xAA, 0xAA, 
	0xAA, 0xAA, 0xAA, 0xAA, 0xAA, 0xAA, 0xAA, 0xAA, 0xAA, 0x87, 0x37, 0xCF, 0xFE, 0xC7, 0x78, 0x8A, 
	0xAA, 0xAA, 0xAA, 0xAA, 0xAA, 0xAA, 0xAA, 0xAA, 0x83, 0x8E, 0xFF, 0xFF, 0xFE, 0xEE, 0x87, 0x7C, 
	0xFF, 0xFF, 0xFF, 0xFC, 0x28, 0xAA, 0xAA, 0xAA, 0xAA, 0xAA, 0xAA, 0xAA, 0xA8, 0x42, 0xEF, 0xFF, 
	0xFC, 0x73, 0x37, 0xCF, 0xFF, 0xFC, 0x77, 0xAA, 0xAA, 0xAA, 0xAA, 0xAA, 0xAA, 0xAA, 0xAA, 0xAA, 
	0xAA, 0x78, 0xFF, 0xFF, 0xFF, 0xFF, 0xFF, 0xEC, 0x1A, 0xAA, 0xAA, 0xAA, 0xAA, 0xAA, 0xAA, 0xAA, 
	0xAA, 0x83, 0x7C, 0xE8, 0x33, 0x7F, 0xFE, 0x87, 0xCF, 0xFE, 0x82, 0x7C, 0xEC, 0x34, 0x8A, 0xAA, 
	0xAA, 0xAA, 0x83, 0x3C, 0xFF, 0xFC, 0x37, 0xC8, 0x78, 0xEF, 0xFF, 0xFC, 0x33, 0x88, 0x38, 0xCF, 
	0xFC, 0x83, 0xAA, 0xAA, 0xAA, 0xAA, 0xAA, 0xAA, 0xAA, 0xAA, 0xAA, 0xAA, 0xAA, 0xAA, 0xAA, 0xAA, 
	0xAA, 0xAA, 0xAA, 0xAA, 0xAA, 0xAA, 0xAA, 0xAA, 0xAA, 0xAA, 0xAA, 0xAA, 0xAA, 0xA8, 0x42, 0x7C, 
	0xFF, 0xFF, 0xFC, 0x73, 0x3A, 0xAA, 0xAA, 0xAA, 0xAA, 0xAA, 0xAA, 0xAA, 0xA8, 0x42, 0xCF, 0xFF, 
	0xFE, 0xCC, 0x87, 0x22, 0x7C, 0xFF, 0xFF, 0xFF, 0xFE, 0x27, 0xCA, 0xAA, 0xAA, 0xAA, 0xAA, 0xAA, 
	0xAA, 0xA8, 0x42, 0xEF, 0xFF, 0xFE, 0x87, 0x78, 0xCF, 0xFF, 0xFC, 0x77, 0xAA, 0xAA, 0xAA, 0xAA, 
	0xAA, 0xAA, 0xAA, 0xAA, 0xAA, 0xA8, 0x38, 0xFF, 0xFF, 0xFF, 0xFF, 0xFF, 0xEC, 0x1A, 0xAA, 0xAA, 
	0xAA, 0xAA, 0xAA, 0xAA, 0xAA, 0xAA, 0xA4, 0x3C, 0xEE, 0x83, 0x7F, 0xFE, 0xC8, 0xEF, 0xFE, 0x87, 
	0x8E, 0xC7, 0x38, 0xAA, 0xAA, 0xAA, 0xAA, 0xA7, 0x3C, 0xFF, 0xFC, 0x74, 0xC8, 0x38, 0xEF, 0xFF, 
	0xFC, 0x24, 0x88, 0x28, 0xEF, 0xFC, 0x73, 0xAA, 0xAA, 0xAA, 0xAA, 0xAA, 0xAA, 0xAA, 0xAA, 0xAA, 
	0xAA, 0xAA, 0xAA, 0xAA, 0xAA, 0xAA, 0xAA, 0xAA, 0xAA, 0xAA, 0xAA, 0xAA, 0xAA, 0xAA, 0xAA, 0xAA, 
	0xAA, 0xAA, 0xA8, 0x37, 0xCE, 0xFF, 0xFF, 0xFE, 0xC7, 0x3A, 0xAA, 0xAA, 0xAA, 0xAA, 0xAA, 0xAA, 
	0xAA, 0xA8, 0x43, 0xCE, 0xFF, 0xE8, 0x73, 0x33, 0x22, 0x8E, 0xFF, 0xFF, 0xFF, 0xFE, 0x27, 0xCA, 
	0xAA, 0xAA, 0xAA, 0xAA, 0xAA, 0xAA, 0xA8, 0x42, 0xEF, 0xFF, 0xFE, 0xEC, 0xCC, 0xEF, 0xFF, 0xFC, 
	0x77, 0xAA, 0xAA, 0xAA, 0xAA, 0xAA, 0xAA, 0xAA, 0xAA, 0xAA, 0xA8, 0x38, 0xFF, 0xFF, 0xFF, 0xFF, 
	0xFF, 0xEC, 0x1A, 0xAA, 0xAA, 0xAA, 0xAA, 0xAA, 0xAA, 0xAA, 0xAA, 0xAA, 0x37, 0xCF, 0xC8, 0x8F, 
	0xFF, 0xFE, 0xFF, 0xFC, 0x88, 0xEE, 0xC3, 0x4A, 0xAA, 0xAA, 0xAA, 0xAA, 0xA8, 0x38, 0xEF, 0xFC, 
	0x73, 0x87, 0x38, 0xEF, 0xFF, 0xFC, 0x27, 0x84, 0x3E, 0xFF, 0xE8, 0x77, 0xAA, 0xAA, 0xAA, 0xAA, 
	0xAA, 0xAA, 0xAA, 0xAA, 0xAA, 0xAA, 0xAA, 0xAA, 0xAA, 0xAA, 0xAA, 0xAA, 0xAA, 0xAA, 0xAA, 0xAA, 
	0xAA, 0xAA, 0xAA, 0xAA, 0xAA, 0xAA, 0xAA, 0xA8, 0x33, 0x7C, 0xFF, 0xFF, 0xFC, 0x73, 0x3A, 0xAA, 
	0xAA, 0xAA, 0xAA, 0xAA, 0xAA, 0xAA, 0xAA, 0x84, 0x78, 0x8C, 0x87, 0x48, 0x43, 0x38, 0xEF, 0xFF, 
	0xFF, 0xFF, 0xFE, 0x27, 0xCA, 0xAA, 0xAA, 0xAA, 0xAA, 0xAA, 0xAA, 0xAA, 0x72, 0xEF, 0xFF, 0xFF, 
	0xFE, 0xEE, 0xFF, 0xFF, 0xF8, 0x77, 0xAA, 0xAA, 0xAA, 0xAA, 0xAA, 0xAA, 0xAA, 0xAA, 0xAA, 0xA8, 
	0x38, 0xFF, 0xFF, 0xFF, 0xFF, 0xFF, 0xFC, 0x18, 0xAA, 0xAA, 0xAA, 0xAA, 0xAA, 0xAA, 0xAA, 0xAA, 
	0xAA, 0x47, 0x8F, 0xEE, 0xEF, 0xFF, 0xFF, 0xFF, 0xFE, 0xEE, 0xFE, 0x87, 0xAA, 0xAA, 0xAA, 0xAA, 
	0xAA, 0xAC, 0x77, 0xCF, 0xFE, 0xC7, 0x73, 0x38, 0xEF, 0xFF, 0xFC, 0x23, 0x37, 0xCE, 0xFE, 0xC7, 
	0x78, 0xAA, 0xAA, 0xAA, 0xAA, 0xAA, 0xAA, 0xAA, 0xAA, 0xAA, 0xAA, 0xAA, 0xAA, 0xAA, 0xAA, 0xAA, 
	0xAA, 0xAA, 0xAA, 0xAA, 0xAA, 0xAA, 0xAA, 0xAA, 0xAA, 0xAA, 0xAA, 0xAA, 0xAA, 0x43, 0x38, 0xFF, 
	0xFF, 0xF7, 0x33, 0x4A, 0xAA, 0xAA, 0xAA, 0xAA, 0xAA, 0xAA, 0xAA, 0xAA, 0xA8, 0x43, 0x77, 0x34, 
	0x88, 0x47, 0x8C, 0xEF, 0xFF, 0xFF, 0xFF, 0xFC, 0x28, 0xAA, 0xAA, 0xAA, 0xAA, 0xAA, 0xAA, 0xAA, 
	0xAA, 0x81, 0xCF, 0xFF, 0xFF, 0xFF, 0xFF, 0xFF, 0xFF, 0xF8, 0x34, 0xAA, 0xAA, 0xAA, 0xAA, 0xAA, 
	0xAA, 0xAA, 0xAA, 0xAA, 0xA8, 0x38, 0xFF, 0xFF, 0xFF, 0xFF, 0xFF, 0xFE, 0x17, 0xCA, 0xAA, 0xAA, 
	0xAA, 0xAA, 0xAA, 0xAA, 0xAA, 0xAA, 0x84, 0x7D, 0xFF, 0xFF, 0xFF, 0xFF, 0xFF, 0xFF, 0xFF, 0xF8, 
	0x74, 0xAA, 0xAA, 0xAA, 0xAA, 0xAA, 0xAA, 0x83, 0x7E, 0xFF, 0xEC, 0x73, 0x38, 0xEF, 0xFF, 0xFC, 
	0x22, 0x7C, 0xEF, 0xFE, 0x73, 0x8A, 0xAA, 0xAA, 0xAA, 0xAA, 0xAA, 0xAA, 0xAA, 0xAA, 0xAA, 0xAA, 
	0xAA, 0xAA, 0xAA, 0xAA, 0xAA, 0xAA, 0xAA, 0xAA, 0xAA, 0xAA, 0xAA, 0xAA, 0xAA, 0xAA, 0xAA, 0xAA, 
	0xAA, 0xAA, 0xA4, 0x38, 0xFF, 0xFF, 0xF8, 0x34, 0xAA, 0xAA, 0xAA, 0xAA, 0xAA, 0xAA, 0xAA, 0xAA, 
	0xAA, 0xAA, 0xAA, 0x47, 0x48, 0x83, 0x38, 0xEF, 0xFF, 0xFF, 0xFF, 0xFF, 0xE8, 0x28, 0xAA, 0xAA, 
	0xAA, 0xAA, 0xAA, 0xAA, 0xAA, 0xAA, 0xA1, 0xCE, 0xFF, 0xFF, 0xFF, 0xFF, 0xFF, 0xFF, 0xE7, 0x78, 
	0xAA, 0xAA, 0xAA, 0xAA, 0xAA, 0xAA, 0xAA, 0xAA, 0xAA, 0xA4, 0x38, 0xFF, 0xFF, 0xFF, 0xFF, 0xFF, 
	0xFE, 0x17, 0xCA, 0xAA, 0xAA, 0xAA, 0xAA, 0xAA, 0xAA, 0xAA, 0xAA, 0xA8, 0x38, 0xEF, 0xFF, 0xFF, 
	0xFF, 0xFF, 0xFF, 0xFF, 0xE7, 0x38, 0xAA, 0xAA, 0xAA, 0xAA, 0xAA, 0xAA, 0xA4, 0x37, 0xEF, 0xFF, 
	0xE8, 0x78, 0xEF, 0xFF, 0xFC, 0x77, 0xCF, 0xFF, 0xE8, 0x34, 0x8A, 0xAA, 0xAA, 0xAA, 0xAA, 0xAA, 
	0xAA, 0xAA, 0xAA, 0xAA, 0xAA, 0xAA, 0xAA, 0xAA, 0xAA, 0xAA, 0xAA, 0xAA, 0xAA, 0xAA, 0xAA, 0xAA, 
	0xAA, 0xAA, 0xAA, 0xAA, 0xAA, 0xAA, 0xAA, 0xA3, 0x7C, 0xFF, 0xFF, 0xFC, 0x77, 0xAA, 0xAA, 0xAA, 
	0xAA, 0xAA, 0xAA, 0xAA, 0xAA, 0xAA, 0xAA, 0xAA, 0xAA, 0xA8, 0x43, 0x8C, 0xFF, 0xFF, 0xFF, 0xFF, 
	0xFF, 0xC7, 0x38, 0xAA, 0xAA, 0xAA, 0xAA, 0xAA, 0xAA, 0xAA, 0xAA, 0xA3, 0x7C, 0xFF, 0xFF, 0xFF, 
	0xFF, 0xFF, 0xFE, 0xC7, 0x4A, 0xAA, 0xAA, 0xAA, 0xAA, 0xAA, 0xAA, 0xAA, 0xAA, 0xAA, 0xA4, 0x38, 
	0xFF, 0xFF, 0xFF, 0xFF, 0xFF, 0xFE, 0x17, 0xCA, 0xAA, 0xAA, 0xAA, 0xAA, 0xAA, 0xAA, 0xAA, 0xAA, 
	0xA8, 0x43, 0xCF, 0xFF, 0xFF, 0xFF, 0xFF, 0xFF, 0xFE, 0xC3, 0x4A, 0xAA, 0xAA, 0xAA, 0xAA, 0xAA, 
	0xAA, 0xAA, 0x83, 0x7C, 0xFF, 0xFE, 0xCE, 0xEF, 0xFF, 0xFE, 0xCE, 0xFF, 0xFE, 0x83, 0x4A, 0xAA, 
	0xAA, 0xAA, 0xAA, 0xAA, 0xAA, 0xAA, 0xAA, 0xAA, 0xAA, 0xAA, 0xAA, 0xAA, 0xAA, 0xAA, 0xAA, 0xAA, 
	0xAA, 0xAA, 0xAA, 0xAA, 0xAA, 0xAA, 0xAA, 0xAA, 0xAA, 0xAA, 0xAA, 0xAA, 0x43, 0xCE, 0xFF, 0xFF, 
	0xFE, 0x83, 0x8A, 0xAA, 0xAA, 0xAA, 0xAA, 0xAA, 0xAA, 0xAA, 0xAA, 0xAA, 0xAA, 0xAA, 0xA8, 0x37, 
	0xCF, 0xFF, 0xFF, 0xFF, 0xFF, 0xFF, 0xC3, 0x7A, 0xAA, 0xAA, 0xAA, 0xAA, 0xAA, 0xAA, 0xAA, 0xAA, 
	0xA7, 0x38, 0xEF, 0xFF, 0xFF, 0xFF, 0xFF, 0xFE, 0x73, 0x8A, 0xAA, 0xAA, 0xAA, 0xAA, 0xAA, 0xAA, 
	0xAA, 0xAA, 0xAA, 0xA4, 0x38, 0xFF, 0xFF, 0xFF, 0xFF, 0xFF, 0xFE, 0x24, 0x8A, 0xAA, 0xAA, 0xAA, 
	0xAA, 0xAA, 0xAA, 0xAA, 0xAA, 0xAA, 0x82, 0x8E, 0xFF, 0xFF, 0xFF, 0xFF, 0xFF, 0xFE, 0x73, 0x8A, 
	0xAA, 0xAA, 0xAA, 0xAA, 0xAA, 0xAA, 0xAA, 0xA7, 0x38, 0xCF, 0xFF, 0xFF, 0xFF, 0xFF, 0xFF, 0xFF, 
	0xFE, 0xC8, 0x77, 0x8A, 0xAA, 0xAA, 0xAA, 0xAA, 0xAA, 0xAA, 0xAA, 0xAA, 0xAA, 0xAA, 0xAA, 0xAA, 
	0xAA, 0xAA, 0xAA, 0xAA, 0xAA, 0xAA, 0xAA, 0xAA, 0xAA, 0xAA, 0xAA, 0xAA, 0xAA, 0xAA, 0xAA, 0xAA, 
	0xA4, 0x38, 0xEF, 0xFF, 0xFF, 0xFF, 0xC7, 0x38, 0xAA, 0xAA, 0xAA, 0xAA, 0xAA, 0xAA, 0xAA, 0xAA, 
	0xAA, 0xAA, 0xAA, 0xA4, 0x3C, 0xEF, 0xFF, 0xFF, 0xFF, 0xFF, 0xFE, 0x83, 0x8A, 0xAA, 0xAA, 0xAA, 
	0xAA, 0xAA, 0xAA, 0xAA, 0xAA, 0xA8, 0x33, 0x8E, 0xFF, 0xFF, 0xFF, 0xFF, 0xE8, 0x22, 0x4A, 0xAA, 
	0xAA, 0xAA, 0xAA, 0xAA, 0xAA, 0xAA, 0xAA, 0xAA, 0x84, 0x3C, 0xFF, 0xFF, 0xFF, 0xFF, 0xFF, 0xFE, 
	0x23, 0x8A, 0xAA, 0xAA, 0xAA, 0xAA, 0xAA, 0xAA, 0xAA, 0xAA, 0xAA, 0x82, 0x3C, 0xFF, 0xFF, 0xFF, 
	0xFF, 0xFF, 0xE8, 0x23, 0x8A, 0xAA, 0xAA, 0xAA, 0xAA, 0xAA, 0xAA, 0xAA, 0xA8, 0x33, 0x7E, 0xFF, 
	0xFF, 0xFF, 0xFF, 0xFF, 0xFF, 0xFE, 0x73, 0x78, 0xAA, 0xAA, 0xAA, 0xAA, 0xAA, 0xAA, 0xAA, 0xAA, 
	0xAA, 0xAA, 0xAA, 0xAA, 0xAA, 0xAA, 0xAA, 0xAA, 0xAA, 0xAA, 0xAA, 0xAA, 0xAA, 0xAA, 0xAA, 0xAA, 
	0xAA, 0xAA, 0xAA, 0xAA, 0xAA, 0x43, 0x7F, 0xFF, 0xFF, 0xFF, 0xFF, 0xFE, 0x33, 0x8A, 0xAA, 0xAA, 
	0xAA, 0xAA, 0xAA, 0xAA, 0xAA, 0xAA, 0xAA, 0xA8, 0x33, 0x8F, 0xFF, 0xFF, 0xFF, 0xFF, 0xFF, 0xF8, 
	0x33, 0x4A, 0xAA, 0xAA, 0xAA, 0xAA, 0xAA, 0xAA, 0xAA, 0xAA, 0xA3, 0x23, 0x7E, 0xFF, 0xFF, 0xFF, 
	0xFE, 0x83, 0x22, 0x27, 0xAA, 0xAA, 0xAA, 0xAA, 0xAA, 0xAA, 0xAA, 0xAA, 0xA8, 0x42, 0x7C, 0xFF, 
	0xFF, 0xFF, 0xFF, 0xFF, 0xFE, 0x33, 0x78, 0xAA, 0xAA, 0xAA, 0xAA, 0xAA, 0xAA, 0xAA, 0xAA, 0xA8, 
	0x73, 0x3C, 0xFF, 0xFF, 0xFF, 0xFF, 0xFF, 0xC7, 0x22, 0x78, 0xAA, 0xAA, 0xAA, 0xAA, 0xAA, 0xAA, 
	0xAA, 0xAA, 0x43, 0x38, 0xEF, 0xFF, 0xFF, 0xFF, 0xFF, 0xFF, 0xE8, 0x33, 0x8A, 0xAA, 0xAA, 0xAA, 
	0xAA, 0xAA, 0xAA, 0xAA, 0xAA, 0xAA, 0xAA, 0xAA, 0xAA, 0xAA, 0xAA, 0xAA, 0xAA, 0xAA, 0xAA, 0xAA, 
	0xAA, 0xAA, 0xAA, 0xAA, 0xAA, 0xAA, 0xAA, 0xAA, 0xAA, 0xA4, 0x37, 0xEF, 0xFF, 0xFF, 0xFF, 0xFF, 
	0xFE, 0xC7, 0x38, 0xAA, 0xAA, 0xAA, 0xAA, 0xAA, 0xAA, 0xAA, 0xAA, 0xAA, 0x83, 0x7C, 0xEF, 0xFF, 
	0xFF, 0xFF, 0xFF, 0xFF, 0xFE, 0xC8, 0x37, 0x8A, 0xAA, 0xAA, 0xAA, 0xAA, 0xAA, 0xAA, 0xA8, 0x33, 
	0xCC, 0xEE, 0xFF, 0xFF, 0xFF, 0xFE, 0xEC, 0xCC, 0x73, 0x7A, 0xAA, 0xAA, 0xAA, 0xAA, 0xAA, 0xAA, 
	0xAA, 0x84, 0x37, 0xCE, 0xFF, 0xFF, 0xFF, 0xFF, 0xFF, 0xFF, 0xE8, 0x73, 0x8A, 0xAA, 0xAA, 0xAA, 
	0xAA, 0xAA, 0xAA, 0xAA, 0x87, 0x7C, 0xEE, 0xFF, 0xFF, 0xFF, 0xFF, 0xFF, 0xEC, 0x87, 0x37, 0x8A, 
	0xAA, 0xAA, 0xAA, 0xAA, 0xAA, 0xAA, 0xAA, 0x43, 0x7C, 0xEF, 0xFF, 0xFF, 0xFF, 0xFF, 0xFF, 0xEE, 
	0xC7, 0x34, 0xAA, 0xAA, 0xAA, 0xAA, 0xAA, 0xAA, 0xAA, 0xAA, 0xAA, 0xAA, 0xAA, 0xAA, 0xAA, 0xAA, 
	0xAA, 0xAA, 0xAA, 0xAA, 0xAA, 0xAA, 0xAA, 0xAA, 0xAA, 0xAA, 0xAA, 0xAA, 0xAA, 0xAA, 0x83, 0x8C, 
	0xFF, 0xFF, 0xFF, 0xFF, 0xFF, 0xFF, 0xEC, 0x77, 0xCA, 0xAA, 0xAA, 0xAA, 0xAA, 0xAA, 0xAA, 0xAA, 
	0xA8, 0x73, 0xCE, 0xFF, 0xFF, 0xFF, 0xFF, 0xFF, 0xFF, 0xFF, 0xEC, 0x87, 0x8A, 0xAA, 0xAA, 0xAA, 
	0xAA, 0xAA, 0xAA, 0xA4, 0x3C, 0xEF, 0xFF, 0xFF, 0xFF, 0xFF, 0xFF, 0xFF, 0xFE, 0xC8, 0x34, 0xAA, 
	0xAA, 0xAA, 0xAA, 0xAA, 0xAA, 0xAA, 0x43, 0x8C, 0xEF, 0xFF, 0xFF, 0xFF, 0xFF, 0xFF, 0xFF, 0xFE, 
	0x87, 0x3A, 0xAA, 0xAA, 0xAA, 0xAA, 0xAA, 0xAA, 0xAA, 0x77, 0x8E, 0xFF, 0xFF, 0xFF, 0xFF, 0xFF, 
	0xFF, 0xFF, 0xEC, 0x83, 0x7A, 0xAA, 0xAA, 0xAA, 0xAA, 0xAA, 0xAA, 0xA8, 0x38, 0xCE, 0xFF, 0xFF, 
	0xFF, 0xFF, 0xFF, 0xFF, 0xFF, 0xEC, 0x73, 0xAA, 0xAA, 0xAA, 0xAA, 0xAA, 0xAA, 0xAA, 0xAA, 0xAA, 
	0xAA, 0xAA, 0xAA, 0xAA, 0xAA, 0xAA, 0xAA, 0xAA, 0xAA, 0xAA, 0xAA, 0xAA, 0xAA, 0xAA, 0xAA, 0xAA, 
	0xAA, 0xAA, 0xAC, 0x73, 0xCF, 0xFF, 0xFF, 0xFF, 0xFF, 0xFF, 0xFF, 0xFE, 0x83, 0x8A, 0xAA, 0xAA, 
	0xAA, 0xAA, 0xAA, 0xAA, 0xAA, 0xA8, 0x37, 0xEF, 0xFF, 0xFF, 0xFF, 0xFF, 0xFF, 0xFF, 0xFF, 0xFF, 
	0xC7, 0x4A, 0xAA, 0xAA, 0xAA, 0xAA, 0xAA, 0xAA, 0x43, 0x7E, 0xFF, 0xFF, 0xFF, 0xFF, 0xFF, 0xFF, 
	0xFF, 0xFF, 0xFC, 0x34, 0x8A, 0xAA, 0xAA, 0xAA, 0xAA, 0xAA, 0xAA, 0x37, 0xCF, 0xFF, 0xFF, 0xFF, 
	0xFF, 0xFF, 0xFF, 0xFF, 0xFF, 0xE8, 0x38, 0xAA, 0xAA, 0xAA, 0xAA, 0xAA, 0xAA, 0xAA, 0x38, 0xEF, 
	0xFF, 0xFF, 0xFF, 0xFF, 0xFF, 0xFF, 0xFF, 0xFF, 0xC7, 0x3A, 0xAA, 0xAA, 0xAA, 0xAA, 0xAA, 0xAA, 
	0xA3, 0x3C, 0xEF, 0xFF, 0xFF, 0xFF, 0xFF, 0xFF, 0xFF, 0xFF, 0xFE, 0x83, 0xAA, 0xAA, 0xAA, 0xAA, 
	0xAA, 0xAA, 0xAA, 0xAA, 0xAA, 0xAA, 0xAA, 0xAA, 0xAA, 0xAA, 0xAA, 0xAA, 0xAA, 0xAA, 0xAA, 0xAA, 
	0xAA, 0xAA, 0xAA, 0xAA, 0xAA, 0xAA, 0xAA, 0xA8, 0x43, 0xDF, 0xFF, 0xFF, 0xFF, 0xFF, 0xFF, 0xFF, 
	0xFE, 0xC3, 0x7A, 0xAA, 0xAA, 0xAA, 0xAA, 0xAA, 0xAA, 0xAA, 0xA8, 0x38, 0xEF, 0xFF, 0xFF, 0xFF, 
	0xFF, 0xFF, 0xFF, 0xFF, 0xFF, 0xE7, 0x78, 0xAA, 0xAA, 0xAA, 0xAA, 0xAA, 0xAA, 0x77, 0x8F, 0xFF, 
	0xFF, 0xFF, 0xFF, 0xFF, 0xFF, 0xFF, 0xFF, 0xFE, 0x33, 0x8A, 0xAA, 0xAA, 0xAA, 0xAA, 0xAA, 0xAA, 
	0x38, 0xCF, 0xFF, 0xFF, 0xFF, 0xFF, 0xFF, 0xFF, 0xFF, 0xFF, 0xE8, 0x28, 0xAA, 0xAA, 0xAA, 0xAA, 
	0xAA, 0xAA, 0xA8, 0x38, 0xEF, 0xFF, 0xFF, 0xFF, 0xFF, 0xFF, 0xFF, 0xFF, 0xFF, 0xC8, 0x28, 0xAA, 
	0xAA, 0xAA, 0xAA, 0xAA, 0xAA, 0x82, 0x8C, 0xEF, 0xFF, 0xFF, 0xFF, 0xFF, 0xFF, 0xFF, 0xFF, 0xFE, 
	0x83, 0x4A, 0xAA, 0xAA, 0xAA, 0xAA, 0xAA, 0xAA, 0xAA, 0xAA, 0xAA, 0xAA, 0xAA, 0xAA, 0xAA, 0xAA, 
	0xAA, 0xAA, 0xAA, 0xAA, 0xAA, 0xAA, 0xAA, 0xAA, 0xAA, 0xAA, 0xAA, 0xAA, 0xA8, 0x33, 0xCE, 0xEE, 
	0xEE, 0xEE, 0xEE, 0xEE, 0xEE, 0xEE, 0x83, 0x3A, 0xAA, 0xAA, 0xAA, 0xAA, 0xAA, 0xAA, 0xAA, 0xA8, 
	0x38, 0xCE, 0xEE, 0xEE, 0xEE, 0xEE, 0xEE, 0xEE, 0xEE, 0xEE, 0xC7, 0x78, 0xAA, 0xAA, 0xAA, 0xAA, 
	0xAA, 0xAA, 0x73, 0x8C, 0xEE, 0xEE, 0xEE, 0xEE, 0xEE, 0xEE, 0xEE, 0xEE, 0xEC, 0x33, 0x8A, 0xAA, 
	0xAA, 0xAA, 0xAA, 0xAA, 0xA8, 0x38, 0xCC, 0xEE, 0xEE, 0xEE, 0xEE, 0xEE, 0xEE, 0xEE, 0xEE, 0xC8, 
	0x28, 0xAA, 0xAA, 0xAA, 0xAA, 0xAA, 0xAA, 0xA8, 0x38, 0xCE, 0xEE, 0xEE, 0xEE, 0xEE, 0xEE, 0xEE, 
	0xEE, 0xEE, 0xC8, 0x28, 0xAA, 0xAA, 0xAA, 0xAA, 0xAA, 0xAA, 0x83, 0x7C, 0xCE, 0xEE, 0xEE, 0xEE, 
	0xEE, 0xEE, 0xEE, 0xEE, 0xEC, 0x83, 0x4A, 0xAA, 0xAA, 0xAA, 0xAA, 0xAA, 0xAA, 0xAA, 0xAA, 0xAA, 
	0xAA, 0xAA, 0xAA, 0xAA, 0xAA, 0xAA, 0xAA, 0xAA, 0xAA, 0xAA, 0xAA, 0xAA, 0xAA, 0xAA, 0xAA, 0xAA, 
	0xAA, 0xA8, 0x73, 0x88, 0x88, 0x88, 0x88, 0x88, 0x88, 0x88, 0x88, 0x73, 0x4A, 0xAA, 0xAA, 0xAA, 
	0xAA, 0xAA, 0xAA, 0xAA, 0xA8, 0x37, 0x88, 0x88, 0x88, 0x88, 0x88, 0x88, 0x88, 0x88, 0x88, 0x83, 
	0x7C, 0xAA, 0xAA, 0xAA, 0xAA, 0xAA, 0xAA, 0x83, 0x38, 0x88, 0x88, 0x88, 0x88, 0x88, 0x88, 0x88, 
	0x88, 0x88, 0x37, 0x8A, 0xAA, 0xAA, 0xAA, 0xAA, 0xAA, 0xAC, 0x77, 0x88, 0x88, 0x88, 0x88, 0x88, 
	0x88, 0x88, 0x88, 0x88, 0x77, 0x38, 0xAA, 0xAA, 0xAA, 0xAA, 0xAA, 0xAA, 0xA8, 0x37, 0x88, 0x88, 
	0x88, 0x88, 0x88, 0x88, 0x88, 0x88, 0x88, 0x87, 0x3A, 0xAA, 0xAA, 0xAA, 0xAA, 0xAA, 0xAA, 0xA3, 
	0x37, 0x88, 0x88, 0x88, 0x88, 0x88, 0x88, 0x88, 0x88, 0x88, 0x73, 0x8A, 0xAA, 0xAA, 0xAA, 0xAA, 
	0xAA, 0xAA, 0xAA, 0xAA, 0xAA, 0xAA, 0xAA, 0xAA, 0xAA, 0xAA, 0xAA, 0xAA, 0xAA, 0xAA, 0xAA, 0xAA, 
	0xAA, 0xAA, 0xAA, 0xAA, 0xAA, 0xAA, 0xAA, 0x87, 0x33, 0x33, 0x33, 0x33, 0x33, 0x33, 0x33, 0x33, 
	0x34, 0x4A, 0xAA, 0xAA, 0xAA, 0xAA, 0xAA, 0xAA, 0xAA, 0xA8, 0x73, 0x33, 0x33, 0x33, 0x33, 0x33, 
	0x33, 0x33, 0x33, 0x33, 0x37, 0x8A, 0xAA, 0xAA, 0xAA, 0xAA, 0xAA, 0xAA, 0xC7, 0x33, 0x33, 0x33, 
	0x33, 0x33, 0x33, 0x33, 0x33, 0x33, 0x33, 0x78, 0xCA, 0xAA, 0xAA, 0xAA, 0xAA, 0xAA, 0xAA, 0x87, 
	0x33, 0x33, 0x33, 0x33, 0x33, 0x33, 0x33, 0x33, 0x33, 0x33, 0x8A, 0xAA, 0xAA, 0xAA, 0xAA, 0xAA, 
	0xAA, 0xAA, 0x87, 0x33, 0x33, 0x33, 0x33, 0x33, 0x33, 0x33, 0x33, 0x33, 0x34, 0x8A, 0xAA, 0xAA, 
	0xAA, 0xAA, 0xAA, 0xAA, 0xA8, 0x43, 0x33, 0x33, 0x33, 0x33, 0x33, 0x33, 0x33, 0x33, 0x33, 0x38, 
	0xAA, 0xAA, 0xAA, 0xAA, 0xAA, 0xAA, 0xAA, 0xAA, 0xAA, 0xAA, 0xAA, 0xAA, 0xAA, 0xAA, 0xAA, 0xAA, 
	0xAA, 0xAA, 0xAA, 0xAA, 0xAA, 0xAA, 0xAA, 0xAA, 0xAA, 0xAA, 0xAA, 0xAA, 0xAA, 0xAA, 0xAA, 0xAA, 
	0xAA, 0xAA, 0xAA, 0xAA, 0xAA, 0xAA, 0xAA, 0xAA, 0xAA, 0xAA, 0xAA, 0xAA, 0xAA, 0xAA, 0xAA, 0xAA, 
	0xAA, 0xAA, 0xAA, 0xAA, 0xAA, 0xAA, 0xAA, 0xAA, 0xAA, 0xAA, 0xAA, 0xAA, 0xAA, 0xAA, 0xAA, 0xAA, 
	0xAA, 0xAA, 0xAA, 0xAA, 0xAA, 0xAA, 0xAA, 0xAA, 0xAA, 0xAA, 0xAA, 0xAA, 0xAA, 0xAA, 0xAA, 0xAA, 
	0xAA, 0xAA, 0xAA, 0xAA, 0xAA, 0xAA, 0xAA, 0xAA, 0xAA, 0xAA, 0xAA, 0xAA, 0xAA, 0xAA, 0xAA, 0xAA, 
	0xAA, 0xAA, 0xAA, 0xAA, 0xAA, 0xAA, 0xAA, 0xAA, 0xAA, 0xAA, 0xAA, 0xAA, 0xAA, 0xAA, 0xAA, 0xAA, 
	0xAA, 0xAA, 0xAA, 0xAA, 0xAA, 0xAA, 0xAA, 0xAA, 0xAA, 0xAA, 0xAA, 0xAA, 0xAA, 0xAA, 0xAA, 0xAA, 
	0xAA, 0xAA, 0xAA, 0xAA, 0xAA, 0xAA, 0xAA, 0xAA, 0xAA, 0xAA, 0xAA, 0xAA, 0xAA, 0xAA, 0xAA, 0xAA, 
	0xAA, 0xAA, 0xAA, 0xAA, 0xAA, 0xAA, 0xAA, 0xAA, 0xAA, 0xAA, 0xAA, 0xAA, 0xAA, 0xAA, 0xAA, 0xAA, 
	0xAA, 0xAA, 0xAA, 0xAA, 0xAA, 0xAA, 0xAA, 0xAA, 0xAA, 0xAA, 0xAA, 0xAA, 0xAA, 0xAA, 0xAA, 0xAA, 
	0xAA, 0xAA, 0xAA, 0xAA, 0xAA, 0xAA, 0xAA, 0xAA, 0xAA, 0xAA, 0xAA, 0xAA, 0xAA, 0xAA, 0xAA, 0xAA, 
	0xAA, 0xAA, 0xAA, 0xAA, 0xAA, 0xAA, 0xAA, 0xAA, 0xAA, 0xAA, 0xAA, 0xAA, 0xAA, 0xAA, 0xAA, 0xAA, 
	0xAA, 0xAA, 0xAA, 0xAA, 0xAA, 0xAA, 0xAA, 0xAA, 0xAA, 0xAA, 0xAA, 0xAA, 0xAA, 0xAA, 0xAA, 0xAA, 
	0xAA, 0xAA, 0xAA, 0xAA, 0xAA, 0xAA, 0xAA, 0xAA, 0xAA, 0xAA, 0xAA, 0xAA, 0xAA, 0xAA, 0xAA, 0xAA, 
	0xAA, 0xAA, 0xAA, 0xAA, 0xAA, 0xAA, 0xAA, 0xAA, 0xAA, 0xAA, 0xAA, 0xAA, 0xAA, 0xAA, 0xAA, 0xAA, 
	0xAA, 0xAA, 0xAA, 0xAA, 0xAA, 0xAA, 0xAA, 0xAA, 0xAA, 0xAA, 0xAA, 0xAA, 0xAA, 0xAA, 0xAA, 0xAA, 
	0xAA, 0xAA, 0xAA, 0xAA, 0xAA, 0xAA, 0xAA, 0xAA, 0xAA, 0xAA, 0xAA, 0xAA, 0xAA, 0xAA, 0xAA, 0xAA, 
	0xAA, 0xAA, 0xAA, 0xAA, 0xAA, 0xAA, 0xAA, 0xAA, 0xAA, 0xAA, 0xAA, 0xAA, 0xAA, 0xAA, 0xAA, 0xAA, 
	0xAA, 0xAA, 0xAA, 0xAA, 0xAA, 0xAA, 0xAA, 0xAA, 0xAA, 0xAA, 0xAA, 0xAA, 0xAA, 0xAA, 0xAA, 0xAA, 
	0xAA, 0xAA, 0xAA, 0xAA, 0xAA, 0xAA, 0xAA, 0xAA, 0xAA, 0xAA, 0xAA, 0xAA, 0xAA, 0xAA, 0xAA, 0xAA, 
	0xAA, 0xAA, 0xAA, 0xAA, 0xAA, 0xAA, 0xAA, 0xAA, 0xAA, 0xAA, 0xAA, 0xAA, 0xAA, 0xAA, 0xAA, 0xAA, 
	0xAA, 0xAA, 0xAA, 0xAA, 0xAA, 0xAA, 0xAA, 0xAA, 0xAA, 0xAA, 0xAA, 0xAA, 0xAA, 0xAA, 0xAA, 0xAA, 
	0xAA, 0xAA, 0xAA, 0xAA, 0xAA, 0xAA, 0xAA, 0xAA, 0xAA, 0xAA, 0xAA, 0xAA, 0xAA, 0xAA, 0xAA, 0xAA, 
	0xAA, 0xAA, 0xAA, 0xAA, 0xAA, 0xAA, 0xAA, 0xAA, 0xAA, 0xAA, 0xAA, 0xAA, 0xAA, 0xAA, 0xAA, 0xAA, 
	0xAA, 0xAA, 0xAA, 0xAA, 0xAA, 0xAA, 0xAA, 0xAA, 0xAA, 0xAA, 0xAA, 0xAA, 0xAA, 0xAA, 0xAA, 0xAA, 
	0xAA, 0xAA, 0xAA, 0xAA, 0xAA, 0xAA, 0xAA, 0xAA, 0xAA, 0xAA, 0xAA, 0xAA, 0xAA, 0xAA, 0xAA, 0xAA, 
	0xAA, 0xAA, 0xAA, 0xAA, 0xAA, 0xAA, 0xAA, 0xAA, 0xAA, 0xAA, 0xAA, 0xAA, 0xAA, 0xAA, 0xAA, 0xAA, 
	0xAA, 0xAA, 0xAA, 0xAA, 0xAA, 0xAA, 0xAA, 0xAA, 0xAA, 0xAA, 0xAA, 0xAA, 0xAA, 0xAA, 0xAA, 0xAA, 
	0xAA, 0xAA, 0xAA, 0xAA, 0xAA, 0xAA, 0xAA, 0xAA, 0xAA, 0xAA, 0xAA, 0xAA, 0xAA, 0xAA, 0xAA, 0xAA, 
	0xAA, 0xAA, 0xAA, 0xAA, 0xAA, 0xAA, 0xAA, 0xAA, 0xAA, 0xAA, 0xAA, 0xAA, 0xAA, 0xAA, 0xAA, 0xAA, 
	0xAA, 0xAA, 0xAA, 0xAA, 0xAA, 0xAA, 0xAA, 0xAA, 0xAA, 0xAA, 0xAA, 0xAA, 0xAA, 0xAA, 0xAA, 0xAA, 
	0xAA, 0xAA, 0xAA, 0xAA, 0xAA, 0xAA, 0xAA, 0xAA, 0xAA, 0xAA, 0xAA, 0xAA, 0xAA, 0xAA, 0xAA, 0xAA, 
	0xAA, 0xAA, 0xAA, 0xAA, 0xAA, 0xAA, 0xAA, 0xAA, 0xBB, 0xBB, 0xBB, 0xBB, 0xBB, 0xBB, 0xBB, 0xBB, 
	0xBB, 0xBB, 0xBB, 0xBB, 0xBB, 0xBB, 0xBB, 0xBB, 0xBB, 0xBB, 0xBB, 0xBB, 0xBB, 0xBB, 0xBB, 0xBB, 
	0xBB, 0xBB, 0xBB, 0xBB, 0xBB, 0xBB, 0xBB, 0xBB, 0xBB, 0xBB, 0xBB, 0xBB, 0xBB, 0xBB, 0xBB, 0xBB, 
	0xBB, 0xBB, 0xBB, 0xBB, 0xBB, 0xBB, 0xBB, 0xBB, 0xBB, 0xBB, 0xBB, 0xBB, 0xBB, 0xBB, 0xBB, 0xBB, 
	0xBB, 0xBB, 0xBB, 0xBB, 0xBB, 0xBB, 0xBB, 0xBB, 0xBB, 0xBB, 0xBB, 0xBB, 0xBB, 0xBB, 0xBB, 0xBB, 
	0xBB, 0xBB, 0xBB, 0xBB, 0xBB, 0xBB, 0xBB, 0xBB, 0xBB, 0xBB, 0xBB, 0xBB, 0xBB, 0xBB, 0xBB, 0xBB, 
	0xBB, 0xBB, 0xBB, 0xBB, 0xBB, 0xBB, 0xBB, 0xBB, 0xBB, 0xBB, 0xBB, 0xBB, 0xBB, 0xBB, 0xBB, 0xBB, 
	0xBB, 0xBB, 0xBB, 0xBB, 0xBB, 0xBB, 0xBB, 0xBB, 0xBB, 0xBB, 0xBB, 0xBB, 0xBB, 0xBB, 0xBB, 0xBB, 
	0xBB, 0xBB, 0xBB, 0xBB, 0xBB, 0xBB, 0xBB, 0xBB, 0xBB, 0xBB, 0xBB, 0xBB, 0xBB, 0xBB, 0xBB, 0xBB, 
	0xBB, 0xBB, 0xBB, 0xBB, 0xBB, 0xBB, 0xBB, 0xBB, 0xBB, 0xBB, 0xBB, 0xBB, 0xBB, 0xBB, 0xBB, 0xBB, 
	0xBB, 0xBB, 0xBB, 0xBB, 0xBB, 0xBB, 0xBB, 0xBB, 0xBB, 0xBB, 0xBB, 0xBB, 0xBB, 0xBB, 0xBB, 0xBB, 
	0xBB, 0xBB, 0xBB, 0xBB, 0xBB, 0xBB, 0xBB, 0xBB, 0xBB, 0xBB, 0xBB, 0xBB, 0xBB, 0xBB, 0xBB, 0xBB, 
	0xBB, 0xBB, 0xBB, 0xBB, 0xBB, 0xBB, 0xBB, 0xBB, 0xBB, 0xBB, 0xBB, 0xBB, 0xBB, 0xBB, 0xBB, 0xBB, 
	0xBB, 0xBB, 0xBB, 0xBB, 0xBB, 0xBB, 0xBB, 0xBB, 0xBB, 0xBB, 0xBB, 0xBB, 0xBB, 0xBB, 0xBB, 0xBB, 
	0xBB, 0xBB, 0xBB, 0xBB, 0xBB, 0xBB, 0xBB, 0xBB, 0xBB, 0xBB, 0xBB, 0xBB, 0xBB, 0xBB, 0xBB, 0xBB, 
	0xBB, 0xBB, 0xBB, 0xBB, 0xBB, 0xBB, 0xBB, 0xBB, 0xBB, 0xBB, 0xBB, 0xBB, 0xBB, 0xBB, 0xBB, 0xBB, 
	0xBB, 0xBB, 0xBB, 0xBB, 0xBB, 0xBB, 0xBB, 0xBB, 0xBB, 0xBB, 0xBB, 0xBB, 0xBB, 0xBB, 0xBB, 0xBB, 
	0xBB, 0xBB, 0xBB, 0xBB, 0xBB, 0xBB, 0xBB, 0xBB, 0xBB, 0xBB, 0xBB, 0xBB, 0xBB, 0xBB, 0xBB, 0xBB, 
	0xBB, 0xBB, 0xBB, 0xBB, 0xBB, 0xBB, 0xBB, 0xBB, 0xBB, 0xBB, 0xBB, 0xBB, 0xBB, 0xBB, 0xBB, 0xBB, 
	0xBB, 0xBB, 0xBB, 0xBB, 0xBB, 0xBB, 0xBB, 0xBB, 0xBB, 0xBB, 0xBB, 0xBB, 0xBB, 0xBB, 0xBB, 0xBB, 
	0xBB, 0xBB, 0xBB, 0xBB, 0xBB, 0xBB, 0xBB, 0xBB, 0xBB, 0xBB, 0xBB, 0xBB, 0xBB, 0xBB, 0xBB, 0xBB, 
	0xBB, 0xBB, 0xBB, 0xBB, 0xBB, 0xBB, 0xBB, 0xBB, 0xBB, 0xBB, 0xBB, 0xBB, 0xBB, 0xBB, 0xBB, 0xBB, 
	0xBB, 0xBB, 0xBB, 0xBB, 0xBB, 0xBB, 0xBB, 0xBB, 0xBB, 0xBB, 0xBB, 0xBB, 0xBB, 0xBB, 0xBB, 0xBB, 
	0xBB, 0xBB, 0xBB, 0xBB, 0xBB, 0xBB, 0xBB, 0xBB, 0xBB, 0xBB, 0xBB, 0xBB, 0xBB, 0xBB, 0xBB, 0xBB, 
	0xBB, 0xBB, 0xBB, 0xBB, 0xBB, 0xBB, 0xBB, 0xBB, 0xBB, 0xBB, 0xBB, 0xBB, 0xBB, 0xBB, 0xBB, 0xBB, 
	0xBB, 0xBB, 0xBB, 0xBB, 0xBB, 0xBB, 0xBB, 0xBB, 0xBB, 0xBB, 0xBB, 0xBB, 0xBB, 0xBB, 0xBB, 0xBB, 
	0xBB, 0xBB, 0xBB, 0xBB, 0xBB, 0xBB, 0xBB, 0xBB, 0xBB, 0xBB, 0xBB, 0xBB, 0xBB, 0xBB, 0xBB, 0xBB, 
	0xBB, 0xBB, 0xBB, 0xBB, 0xBB, 0xBB, 0xBB, 0xBB, 0xBB, 0xBB, 0xBB, 0xBB, 0xBB, 0xBB, 0xBB, 0xBB, 
	0xBB, 0xBB, 0xBB, 0xBB, 0xBB, 0xBB, 0xBB, 0xBB, 0xBB, 0xBB, 0xBB, 0xBB, 0xBB, 0xBB, 0xBB, 0xBB, 
	0xBB, 0xBB, 0xBB, 0xBB, 0xBB, 0xBB, 0xBB, 0xBB, 0xBB, 0xBB, 0xBB, 0xBB, 0xBB, 0xBB, 0xBB, 0xBB, 
	0xBB, 0xBB, 0xBB, 0xBB, 0xBB, 0xBB, 0xBB, 0xBB, 0xBB, 0xBB, 0xBB, 0xBB, 0xBB, 0xBB, 0xBB, 0xBB, 
	0xBB, 0xBB, 0xBB, 0xBB, 0xBB, 0xBB, 0xBB, 0xBB, 0xBB, 0xBB, 0xBB, 0xBB, 0xBB, 0xBB, 0xBB, 0xBB, 
	0xBB, 0xBB, 0xBB, 0xBB, 0xBB, 0xBB, 0xBB, 0xBB, 0xBB, 0xBB, 0xBB, 0xBB, 0xBB, 0xBB, 0xBB, 0xBB, 
	0xBB, 0xBE, 0xEE, 0xEB, 0xBB, 0xBB, 0xBB, 0xBB, 0xBB, 0xBB, 0xBB, 0xBB, 0xBB, 0xBB, 0xBB, 0xBB, 
	0xBB, 0xBB, 0xBB, 0xBB, 0xBB, 0xBB, 0xBB, 0xBB, 0xBB, 0xBB, 0xBB, 0xBB, 0xBB, 0xBB, 0xBB, 0xBB, 
	0xBB, 0xBB, 0xBB, 0xBB, 0xBB, 0xBB, 0xBB, 0xBB, 0xBB, 0xBB, 0xBB, 0xBB, 0xBB, 0xBB, 0xBB, 0xBB, 
	0xBB, 0xBB, 0xBB, 0xBB, 0xBB, 0xBB, 0xBB, 0xBB, 0xBB, 0xBE, 0xEE, 0xBB, 0xBB, 0xBB, 0xBB, 0xBB, 
	0xBB, 0xBB, 0xBB, 0xBB, 0xBB, 0xBB, 0xBB, 0xBB, 0xBB, 0xBB, 0xBB, 0xBB, 0xBB, 0xBB, 0xEE, 0xEE, 
	0xEB, 0xBB, 0xBB, 0xBB, 0xBB, 0xBB, 0xBB, 0xBB, 0xBB, 0xBB, 0xBB, 0xBB, 0xBB, 0xBB, 0xBB, 0xBB, 
	0xBB, 0xBB, 0xBB, 0xBB, 0xBB, 0xBB, 0xBB, 0xBB, 0xBB, 0xBB, 0xBB, 0xBB, 0xBB, 0xBB, 0xBB, 0xBB, 
	0xBB, 0xBB, 0xEB, 0xBB, 0xBB, 0xBB, 0xBE, 0xBB, 0xBB, 0xBB, 0xBB, 0xBB, 0xBB, 0xBB, 0xBB, 0xBB, 
	0xBB, 0xBB, 0xBB, 0xBB, 0xBB, 0xBB, 0xEE, 0xCE, 0xEE, 0xBB, 0xBB, 0xBB, 0xBB, 0xBB, 0xBB, 0xBB, 
	0xBB, 0xBB, 0xBB, 0xBB, 0xBB, 0xBB, 0xBB, 0xBB, 0xBB, 0xBB, 0xBB, 0xBB, 0xBB, 0xBB, 0xBB, 0xBB, 
	0xBB, 0xBB, 0xBB, 0xBB, 0xBB, 0xBB, 0xBB, 0xBB, 0xBB, 0xBB, 0xBB, 0xBB, 0xBB, 0xBB, 0xBB, 0xBB, 
	0xBB, 0xBB, 0xBB, 0xBB, 0xBB, 0xBB, 0xBB, 0xBB, 0xBB, 0xBB, 0xBB, 0xBB, 0xBB, 0xBB, 0xEC, 0xCC, 
	0xEB, 0xBB, 0xBB, 0xBB, 0xBB, 0xBB, 0xBB, 0xBB, 0xBB, 0xBB, 0xBB, 0xBB, 0xBB, 0xBB, 0xBB, 0xBB, 
	0xBB, 0xBB, 0xBC, 0xC8, 0x8C, 0xCB, 0xBB, 0xBB, 0xBB, 0xBB, 0xBB, 0xBB, 0xBB, 0xBB, 0xBB, 0xBB, 
	0xBB, 0xBB, 0xBB, 0xBB, 0xBB, 0xBB, 0xBB, 0xBB, 0xBB, 0xBB, 0xBB, 0xBB, 0xBB, 0xBB, 0xBB, 0xBB, 
	0xBB, 0xBB, 0xBB, 0xBB, 0xBB, 0xBB, 0xBC, 0xCC, 0xEB, 0xBB, 0xBE, 0xEC, 0xCC, 0xEB, 0xBB, 0xBB, 
	0xBB, 0xBB, 0xBB, 0xBB, 0xBB, 0xBB, 0xBB, 0xBB, 0xBB, 0xBB, 0xBE, 0xEC, 0x78, 0xCE, 0xBB, 0xBB, 
	0xBB, 0xBB, 0xBB, 0xBB, 0xBB, 0xBB, 0xBB, 0xBB, 0xBB, 0xBB, 0xBB, 0xBB, 0xBB, 0xBB, 0xBB, 0xBB, 
	0xBB, 0xBB, 0xBB, 0xBB, 0xBB, 0xBB, 0xBB, 0xBB, 0xBB, 0xBB, 0xBB, 0xBB, 0xBB, 0xBB, 0xBB, 0xBB, 
	0xBB, 0xBB, 0xBB, 0xBB, 0xBB, 0xBB, 0xBB, 0xBB, 0xBB, 0xBB, 0xBB, 0xBB, 0xBB, 0xBB, 0xBB, 0xBB, 
	0xBB, 0xBB, 0xBE, 0xE8, 0x78, 0xEB, 0xBB, 0xBB, 0xBB, 0xBB, 0xBB, 0xBB, 0xBB, 0xBB, 0xBB, 0xBB, 
	0xBB, 0xBB, 0xBB, 0xBB, 0xBB, 0xBB, 0xBB, 0xEC, 0x72, 0x27, 0xCB, 0xBB, 0xBB, 0xBB, 0xBB, 0xBB, 
	0xBB, 0xBB, 0xBB, 0xBB, 0xBB, 0xBB, 0xBB, 0xBB, 0xBB, 0xBB, 0xBB, 0xBB, 0xBB, 0xBB, 0xBB, 0xBB, 
	0xBB, 0xBB, 0xBB, 0xBB, 0xBB, 0xBB, 0xBB, 0xBB, 0xBB, 0xBB, 0xBB, 0xC8, 0x78, 0xCE, 0xBB, 0xEE, 
	0xC8, 0x8C, 0xEB, 0xBB, 0xBB, 0xBB, 0xBB, 0xBB, 0xBB, 0xBB, 0xBB, 0xBB, 0xBB, 0xBB, 0xBB, 0xEE, 
	0xC8, 0x23, 0xCE, 0xBB, 0xBB, 0xBB, 0xBB, 0xBB, 0xBB, 0xBB, 0xBB, 0xBB, 0xBB, 0xBB, 0xBB, 0xBB, 
	0xBB, 0xBB, 0xBB, 0xBB, 0xBB, 0xBB, 0xBB, 0xBB, 0xBB, 0xBB, 0xBB, 0xBB, 0xBB, 0xBB, 0xBB, 0xBB, 
	0xBB, 0xBB, 0xBB, 0xBB, 0xBB, 0xBB, 0xBB, 0xBB, 0xBB, 0xBB, 0xBB, 0xBB, 0xBB, 0xBB, 0xBB, 0xBB, 
	0xBB, 0xBB, 0xBB, 0xBB, 0xBB, 0xBB, 0xBB, 0xBE, 0xE3, 0x27, 0xCE, 0xEE, 0xBB, 0xBB, 0xBB, 0xBB, 
	0xBB, 0xBB, 0xBB, 0xBB, 0xBB, 0xBB, 0xBB, 0xBB, 0xBB, 0xBB, 0xBB, 0xBB, 0xEC, 0x31, 0x17, 0xCE, 
	0xEB, 0xBB, 0xBB, 0xBB, 0xBB, 0xBB, 0xBB, 0xBB, 0xBB, 0xBB, 0xBB, 0xBE, 0xEF, 0xFE, 0xEB, 0xEE, 
	0xEE, 0xEE, 0xBB, 0xEF, 0xFF, 0xEE, 0xBB, 0xBB, 0xBB, 0xBB, 0xBB, 0xBB, 0xBB, 0xBB, 0xBB, 0xBE, 
	0x82, 0x11, 0x7C, 0xEB, 0xEC, 0x31, 0x13, 0xCB, 0xBB, 0xBB, 0xBB, 0xBB, 0xBB, 0xBB, 0xBB, 0xBB, 
	0xBB, 0xBB, 0xBB, 0xBE, 0xEE, 0x83, 0x12, 0x8E, 0xEE, 0xEB, 0xBB, 0xBB, 0xBB, 0xBB, 0xBB, 0xBB, 
	0xBB, 0xBB, 0xBB, 0xBB, 0xBB, 0xBB, 0xBB, 0xBB, 0xBB, 0xBB, 0xBB, 0xBB, 0xBB, 0xBB, 0xBB, 0xBB, 
	0xBB, 0xBB, 0xBB, 0xBB, 0xBB, 0xBB, 0xBB, 0xBB, 0xBB, 0xBB, 0xBB, 0xBB, 0xBB, 0xBB, 0xBB, 0xBB, 
	0xBB, 0xBB, 0xBB, 0xBB, 0xBB, 0xBB, 0xBB, 0xBB, 0xBB, 0xBB, 0xBB, 0xBB, 0xBE, 0xE3, 0x02, 0x77, 
	0x88, 0xCE, 0xEE, 0xBB, 0xBB, 0xBB, 0xBB, 0xBB, 0xBB, 0xBB, 0xBB, 0xBB, 0xBB, 0xBB, 0xBB, 0xBB, 
	0xBB, 0xEC, 0x32, 0x38, 0xEB, 0xBB, 0xBB, 0xBB, 0xBB, 0xBB, 0xBB, 0xBB, 0xBB, 0xBB, 0xBB, 0xBB, 
	0xBE, 0xE7, 0x7C, 0xEB, 0xEC, 0x77, 0x78, 0xEB, 0xCC, 0x77, 0xCE, 0xBB, 0xBB, 0xBB, 0xBB, 0xBB, 
	0xBB, 0xBB, 0xBB, 0xBB, 0xBF, 0x72, 0x00, 0x38, 0xEB, 0xC8, 0x10, 0x03, 0x8C, 0xBB, 0xBB, 0xBB, 
	0xBB, 0xBB, 0xBB, 0xBB, 0xBB, 0xBB, 0xBB, 0xBB, 0xBB, 0xC7, 0x32, 0x01, 0x37, 0x8E, 0xEB, 0xBB, 
	0xBB, 0xBB, 0xBB, 0xBB, 0xBB, 0xBB, 0xBB, 0xBB, 0xBB, 0xBB, 0xBB, 0xBB, 0xBB, 0xBB, 0xBB, 0xBB, 
	0xBB, 0xBB, 0xBB, 0xBB, 0xBB, 0xBB, 0xBB, 0xBB, 0xBB, 0xBB, 0xBB, 0xBB, 0xBB, 0xBB, 0xBB, 0xBB, 
	0xBB, 0xEE, 0xEE, 0xEB, 0xBB, 0xBB, 0xBB, 0xBB, 0xBB, 0xBB, 0xBB, 0xBB, 0xBB, 0xBB, 0xBB, 0xBB, 
	0xBB, 0xEC, 0x72, 0x00, 0x12, 0x33, 0x78, 0xCC, 0xEB, 0xBB, 0xBB, 0xBB, 0xBB, 0xBB, 0xBB, 0xBB, 
	0xBB, 0xBB, 0xBB, 0xBB, 0xBB, 0xBE, 0xEC, 0x32, 0x8C, 0xEB, 0xBB, 0xBB, 0xBB, 0xBB, 0xBB, 0xBB, 
	0xBB, 0xBB, 0xBB, 0xBB, 0xBB, 0xBE, 0xE2, 0x28, 0xEE, 0xE8, 0x20, 0x27, 0xEE, 0xC8, 0x23, 0xCF, 
	0xBB, 0xBB, 0xBB, 0xBB, 0xBB, 0xBB, 0xBB, 0xBB, 0xBB, 0xBF, 0x82, 0x10, 0x38, 0xBB, 0xEC, 0x10, 
	0x13, 0xCC, 0xBB, 0xBB, 0xBB, 0xBB, 0xBB, 0xBB, 0xBB, 0xBB, 0xBB, 0xBB, 0xBB, 0xBB, 0xC7, 0x32, 
	0x01, 0x37, 0x8E, 0xEB, 0xBB, 0xBB, 0xBB, 0xBB, 0xBB, 0xBB, 0xBB, 0xBB, 0xBB, 0xBB, 0xBB, 0xBB, 
	0xBB, 0xBB, 0xBB, 0xBB, 0xBB, 0xBB, 0xBB, 0xBB, 0xBB, 0xBB, 0xBB, 0xBB, 0xBB, 0xBB, 0xBB, 0xBB, 
	0xBB, 0xBB, 0xBB, 0xBB, 0xBB, 0xBE, 0xEE, 0xCC, 0xEB, 0xBB, 0xBB, 0xBB, 0xBB, 0xBB, 0xBB, 0xBB, 
	0xBB, 0xBB, 0xBB, 0xBB, 0xBB, 0xBB, 0xE8, 0x20, 0x00, 0x00, 0x00, 0x01, 0x38, 0xEE, 0xBB, 0xBB, 
	0xBB, 0xBB, 0xBB, 0xBB, 0xBB, 0xBB, 0xBB, 0xBB, 0xBB, 0xBB, 0xBE, 0xE8, 0x33, 0xCE, 0xBB, 0xBB, 
	0xBB, 0xBB, 0xBB, 0xBB, 0xBB, 0xBB, 0xBB, 0xBB, 0xBB, 0xBB, 0xBE, 0xE2, 0x17, 0x8C, 0x87, 0x10, 
	0x17, 0x8C, 0x87, 0x12, 0xCF, 0xBB, 0xBB, 0xBB, 0xBB, 0xBB, 0xBB, 0xBB, 0xBB, 0xBB, 0xBE, 0xC7, 
	0x21, 0x7C, 0xBB, 0xEC, 0x10, 0x38, 0xEB, 0xBB, 0xBB, 0xBB, 0xBB, 0xBB, 0xBB, 0xBB, 0xBB, 0xBB, 
	0xBB, 0xBB, 0xBB, 0xEC, 0x73, 0x01, 0x7C, 0xCE, 0xBB, 0xBB, 0xBB, 0xBB, 0xBB, 0xBB, 0xBB, 0xBB, 
	0xBB, 0xBB, 0xBB, 0xBB, 0xBB, 0xBB, 0xBB, 0xBB, 0xBB, 0xBB, 0xBB, 0xBB, 0xBB, 0xBB, 0xBB, 0xBB, 
	0xBB, 0xBB, 0xBB, 0xBB, 0xBB, 0xBB, 0xBB, 0xBB, 0xBB, 0xBB, 0xEC, 0x72, 0x12, 0x7C, 0xEB, 0xBB, 
	0xBB, 0xBB, 0xBB, 0xBB, 0xBB, 0xBB, 0xBB, 0xBB, 0xBB, 0xBB, 0xBE, 0x83, 0x10, 0x00, 0x00, 0x00, 
	0x00, 0x12, 0x7E, 0xEB, 0xBB, 0xBB, 0xBB, 0xBB, 0xBB, 0xBB, 0xBB, 0xBB, 0xBB, 0xBB, 0xBE, 0xEE, 
	0x82, 0x27, 0xCE, 0xBC, 0xEE, 0xBB, 0xBB, 0xBB, 0xBB, 0xBB, 0xBB, 0xBB, 0xBB, 0xBB, 0xBB, 0xBE, 
	0xE2, 0x02, 0x37, 0x32, 0x00, 0x02, 0x37, 0x32, 0x02, 0xCF, 0xBB, 0xBB, 0xBB, 0xBB, 0xBB, 0xBB, 
	0xBE, 0xEF, 0xFE, 0xBB, 0xEC, 0x72, 0x7C, 0xBB, 0xEC, 0x21, 0x8E, 0xEB, 0xEE, 0xFF, 0xEB, 0xBB, 
	0xBB, 0xBB, 0xBB, 0xBB, 0xBB, 0xBE, 0xEE, 0xBB, 0xBE, 0xC3, 0x01, 0xCE, 0xEB, 0xBB, 0xEE, 0xEB, 
	0xBB, 0xBB, 0xBB, 0xBB, 0xBB, 0xBB, 0xBB, 0xBB, 0xBB, 0xBB, 0xBB, 0xBB, 0xBB, 0xBB, 0xBB, 0xBB, 
	0xBB, 0xBB, 0xBB, 0xBB, 0xBB, 0xBB, 0xBB, 0xBB, 0xBB, 0xBB, 0xBB, 0xBB, 0xBB, 0xBB, 0xBE, 0xC7, 
	0x21, 0x01, 0x27, 0xCE, 0xBB, 0xBB, 0xBB, 0xBB, 0xBB, 0xBB, 0xBB, 0xBB, 0xBB, 0xBB, 0xBB, 0xBE, 
	0x72, 0x00, 0x00, 0x00, 0x00, 0x00, 0x01, 0x28, 0xCE, 0xBB, 0xBB, 0xBB, 0xBB, 0xBB, 0xBB, 0xBB, 
	0xBB, 0xBB, 0xBB, 0xEE, 0xC7, 0x31, 0x3C, 0xCE, 0xE7, 0x78, 0xEB, 0xBB, 0xBB, 0xBB, 0xBB, 0xBB, 
	0xBB, 0xBB, 0xBB, 0xBB, 0xBE, 0xE2, 0x11, 0x12, 0x21, 0x00, 0x01, 0x22, 0x21, 0x12, 0xCF, 0xBB, 
	0xBB, 0xBB, 0xBB, 0xBB, 0xBB, 0xEC, 0x87, 0x8C, 0xEB, 0xBC, 0x82, 0x7C, 0xEB, 0xEC, 0x11, 0xCE, 
	0xBE, 0xEC, 0x77, 0xCE, 0xBB, 0xBB, 0xBB, 0xBB, 0xBB, 0xEE, 0xC8, 0x88, 0xCC, 0xEE, 0x83, 0x00, 
	0xCE, 0xEE, 0xC8, 0x88, 0xCE, 0xEB, 0xBB, 0xBB, 0xBB, 0xBB, 0xBB, 0xBB, 0xBB, 0xBB, 0xBB, 0xBB, 
	0xBB, 0xBB, 0xBB, 0xBB, 0xBB, 0xBB, 0xBB, 0xBB, 0xBB, 0xBB, 0xBB, 0xBB, 0xBB, 0xBB, 0xBB, 0xBB, 
	0xBB, 0xBB, 0xBB, 0xBE, 0x82, 0x00, 0x00, 0x02, 0xCE, 0xBB, 0xBB, 0xBB, 0xBB, 0xBB, 0xBB, 0xBB, 
	0xBB, 0xBB, 0xBB, 0xBB, 0xCC, 0x30, 0x00, 0x00, 0x00, 0x00, 0x00, 0x00, 0x13, 0xCE, 0xBB, 0xBB, 
	0xBB, 0xBB, 0xBB, 0xBB, 0xBB, 0xBB, 0xBB, 0xBB, 0xEC, 0x72, 0x01, 0x3E, 0xBB, 0xC3, 0x27, 0xCE, 
	0xBB, 0xBB, 0xBB, 0xBB, 0xBB, 0xBB, 0xBB, 0xBB, 0xBB, 0xBE, 0xE7, 0x20, 0x00, 0x00, 0x00, 0x00, 
	0x00, 0x00, 0x23, 0xCE, 0xBB, 0xBB, 0xBB, 0xBB, 0xBB, 0xBB, 0xEC, 0x31, 0x38, 0xEB, 0xBB, 0x82, 
	0x38, 0xEB, 0xC8, 0x01, 0xCE, 0xBE, 0xC7, 0x22, 0x7C, 0xEB, 0xBB, 0xBB, 0xBB, 0xBE, 0xCC, 0x77, 
	0x33, 0x78, 0xC8, 0x72, 0x00, 0x78, 0x88, 0x87, 0x33, 0x78, 0xCE, 0xBB, 0xBB, 0xBB, 0xBB, 0xBB, 
	0xBB, 0xBB, 0xBB, 0xBB, 0xBB, 0xBB, 0xBB, 0xBB, 0xBB, 0xBB, 0xBB, 0xBB, 0xBB, 0xBB, 0xBB, 0xBB, 
	0xBB, 0xBB, 0xBB, 0xBB, 0xBB, 0xBB, 0xBB, 0xBB, 0xBF, 0x81, 0x00, 0x00, 0x00, 0x8E, 0xBB, 0xBB, 
	0xBB, 0xBB, 0xBB, 0xBB, 0xBB, 0xBB, 0xBB, 0xBB, 0xBE, 0xE7, 0x20, 0x00, 0x00, 0x00, 0x00, 0x00, 
	0x00, 0x01, 0x8E, 0xBB, 0xBB, 0xBB, 0xBB, 0xBB, 0xBB, 0xBB, 0xBB, 0xBB, 0xBB, 0xE8, 0x20, 0x01, 
	0x3E, 0xEB, 0x83, 0x12, 0x7C, 0xEB, 0xBB, 0xBB, 0xBB, 0xBB, 0xBB, 0xBB, 0xBB, 0xBB, 0xBE, 0xEC, 
	0x72, 0x00, 0x00, 0x00, 0x00, 0x00, 0x02, 0x38, 0xCE, 0xBB, 0xBB, 0xBB, 0xBB, 0xBB, 0xBB, 0xE8, 
	0x10, 0x17, 0xCB, 0xBB, 0x82, 0x28, 0xEB, 0xC7, 0x02, 0xCE, 0xBF, 0xC3, 0x11, 0x27, 0xEB, 0xBB, 
	0xBB, 0xBB, 0xEC, 0x83, 0x10, 0x00, 0x00, 0x13, 0x21, 0x00, 0x12, 0x21, 0x00, 0x00, 0x01, 0x3C, 
	0xEB, 0xBB, 0xBB, 0xBB, 0xBB, 0xBB, 0xBB, 0xBB, 0xBB, 0xBB, 0xBB, 0xBB, 0xBB, 0xBB, 0xBB, 0xBB, 
	0xBB, 0xBB, 0xBB, 0xBB, 0xBB, 0xBB, 0xBB, 0xBB, 0xBB, 0xBB, 0xBB, 0xBB, 0xBB, 0xBF, 0x82, 0x00, 
	0x00, 0x00, 0x8E, 0xBB, 0xBB, 0xBB, 0xBB, 0xBB, 0xBB, 0xBB, 0xBB, 0xBB, 0xBB, 0xBE, 0xC3, 0x20, 
	0x00, 0x00, 0x00, 0x00, 0x00, 0x00, 0x00, 0x7C, 0xEB, 0xBB, 0xBB, 0xBB, 0xBB, 0xBB, 0xBB, 0xBB, 
	0xBB, 0xBE, 0x83, 0x00, 0x02, 0x7E, 0xEC, 0x32, 0x01, 0x2C, 0xEB, 0xBB, 0xBB, 0xBB, 0xBB, 0xBB, 
	0xBB, 0xBB, 0xBB, 0xBB, 0xBE, 0xC7, 0x00, 0x00, 0x00, 0x00, 0x00, 0x03, 0x8E, 0xEB, 0xBB, 0xBB, 
	0xBB, 0xBB, 0xBB, 0xBB, 0xE8, 0x20, 0x07, 0xCB, 0xBB, 0x82, 0x18, 0xEE, 0x83, 0x01, 0xCE, 0xBF, 
	0xC2, 0x01, 0x38, 0xEB, 0xBB, 0xBB, 0xBB, 0xEC, 0x30, 0x00, 0x00, 0x00, 0x01, 0x00, 0x00, 0x00, 
	0x00, 0x00, 0x00, 0x00, 0x28, 0xCE, 0xBB, 0xBB, 0xBB, 0xBB, 0xBB, 0xBB, 0xBB, 0xBB, 0xBB, 0xBB, 
	0xBB, 0xBB, 0xBB, 0xBB, 0xBB, 0xBB, 0xBB, 0xBB, 0xBB, 0xBB, 0xBB, 0xBB, 0xBB, 0xBB, 0xBB, 0xBB, 
	0xBB, 0xBB, 0xBE, 0x83, 0x00, 0x00, 0x12, 0xCE, 0xBB, 0xBB, 0xBB, 0xBB, 0xBB, 0xBB, 0xBB, 0xBB, 
	0xBB, 0xBB, 0xEC, 0x82, 0x10, 0x00, 0x00, 0x00, 0x00, 0x00, 0x00, 0x00, 0x38, 0xEB, 0xBB, 0xBB, 
	0xBB, 0xBB, 0xBB, 0xBB, 0xBB, 0xBB, 0xBF, 0x82, 0x00, 0x02, 0x7E, 0xEC, 0x21, 0x00, 0x18, 0xCE, 
	0xBB, 0xBB, 0xBB, 0xBB, 0xBB, 0xBB, 0xBB, 0xBB, 0xBB, 0xBB, 0xE8, 0x10, 0x00, 0x00, 0x00, 0x00, 
	0x17, 0xCE, 0xBB, 0xBB, 0xBB, 0xBB, 0xBB, 0xBB, 0xBB, 0xEC, 0x72, 0x27, 0xCB, 0xBB, 0x82, 0x07, 
	0xCE, 0x82, 0x01, 0xCE, 0xBE, 0xC2, 0x17, 0x8E, 0xBB, 0xBB, 0xBB, 0xBB, 0xE8, 0x20, 0x00, 0x27, 
	0x73, 0x10, 0x00, 0x00, 0x00, 0x13, 0x73, 0x21, 0x00, 0x03, 0x8E, 0xBB, 0xBB, 0xBB, 0xBB, 0xBB, 
	0xBB, 0xBB, 0xBB, 0xBB, 0xBB, 0xBB, 0xBB, 0xBB, 0xBB, 0xBB, 0xBB, 0xBB, 0xBB, 0xBB, 0xBB, 0xBB, 
	0xBB, 0xBB, 0xBB, 0xBB, 0xBB, 0xBB, 0xBB, 0xBE, 0xC8, 0x21, 0x01, 0x28, 0xCB, 0xBB, 0xBB, 0xBB, 
	0xBB, 0xBB, 0xBB, 0xBB, 0xBB, 0xBB, 0xBB, 0xEC, 0x71, 0x00, 0x00, 0x00, 0x01, 0x11, 0x00, 0x00, 
	0x00, 0x27, 0xEB, 0xBB, 0xBB, 0xBB, 0xBB, 0xBB, 0xBB, 0xBB, 0xBB, 0xBE, 0x70, 0x00, 0x03, 0x8E, 
	0xEC, 0x21, 0x00, 0x13, 0xCE, 0xBB, 0xBB, 0xBB, 0xBB, 0xBB, 0xBB, 0xBB, 0xBB, 0xBB, 0xBB, 0xEC, 
	0x10, 0x00, 0x00, 0x00, 0x00, 0x18, 0xFB, 0xBB, 0xBB, 0xBB, 0xBB, 0xBB, 0xBB, 0xBB, 0xEC, 0xC8, 
	0x37, 0x8B, 0xEC, 0x72, 0x03, 0x8E, 0x81, 0x01, 0xCE, 0xEC, 0x82, 0x38, 0xEE, 0xBB, 0xBB, 0xBB, 
	0xBB, 0xC7, 0x00, 0x03, 0x7C, 0xCC, 0x72, 0x10, 0x00, 0x02, 0x78, 0xCC, 0x83, 0x10, 0x01, 0x8E, 
	0xBB, 0xBB, 0xBB, 0xBB, 0xBB, 0xBB, 0xBB, 0xBB, 0xBB, 0xBB, 0xBB, 0xBB, 0xBB, 0xBB, 0xBB, 0xBB, 
	0xBB, 0xBB, 0xBB, 0xBB, 0xBB, 0xBB, 0xBB, 0xBB, 0xBB, 0xBB, 0xBB, 0xBB, 0xBB, 0xE8, 0x31, 0x01, 
	0x3C, 0xEB, 0xBB, 0xBB, 0xBB, 0xBB, 0xBB, 0xBB, 0xBB, 0xBB, 0xBB, 0xBE, 0xC7, 0x10, 0x00, 0x00, 
	0x01, 0x23, 0x32, 0x00, 0x00, 0x00, 0x17, 0xFB, 0xBB, 0xBB, 0xBB, 0xBB, 0xBB, 0xBB, 0xBB, 0xBB, 
	0xBC, 0x30, 0x00, 0x03, 0x8E, 0xEC, 0x21, 0x00, 0x03, 0x8E, 0xBB, 0xBB, 0xBB, 0xBB, 0xBB, 0xBB, 
	0xBB, 0xBB, 0xBB, 0xBB, 0xE8, 0x10, 0x00, 0x00, 0x00, 0x00, 0x17, 0xFB, 0xBB, 0xBB, 0xBB, 0xBB, 
	0xBB, 0xBB, 0xBB, 0xBB, 0xBE, 0x82, 0x7C, 0xEC, 0x72, 0x03, 0x78, 0x70, 0x01, 0xCE, 0xE7, 0x23, 
	0x8E, 0xEB, 0xBB, 0xBB, 0xBB, 0xBB, 0x87, 0x00, 0x07, 0x8C, 0xBE, 0xC3, 0x10, 0x00, 0x03, 0x8C, 
	0xBB, 0xE7, 0x20, 0x01, 0x8F, 0xBB, 0xBB, 0xBB, 0xBB, 0xBB, 0xBB, 0xBB, 0xBB, 0xBB, 0xBB, 0xBB, 
	0xBB, 0xBB, 0xBB, 0xBB, 0xBB, 0xBB, 0xBB, 0xBB, 0xBB, 0xBB, 0xBB, 0xBB, 0xBB, 0xBB, 0xBB, 0xBB, 
	0xBB, 0xBE, 0xC8, 0x20, 0x00, 0x28, 0xCE, 0xBB, 0xBB, 0xBB, 0xBB, 0xBB, 0xBB, 0xBB, 0xBB, 0xBB, 
	0xBE, 0x72, 0x00, 0x00, 0x00, 0x23, 0x8C, 0x82, 0x00, 0x00, 0x00, 0x07, 0xEB, 0xBB, 0xBB, 0xBB, 
	0xBB, 0xBB, 0xBB, 0xBB, 0xBB, 0xBC, 0x30, 0x00, 0x03, 0x8E, 0xEC, 0x21, 0x00, 0x03, 0x8E, 0xBB, 
	0xBB, 0xBB, 0xBB, 0xBB, 0xBB, 0xBB, 0xBB, 0xBB, 0xBB, 0xE8, 0x00, 0x00, 0x00, 0x00, 0x00, 0x17, 
	0xFB, 0xBB, 0xBB, 0xBB, 0xBB, 0xBB, 0xBB, 0xBB, 0xBB, 0xBE, 0xC7, 0x23, 0xCC, 0x72, 0x02, 0x37, 
	0x30, 0x01, 0xCE, 0x83, 0x27, 0xEB, 0xBB, 0xBB, 0xBB, 0xBB, 0xBB, 0x87, 0x00, 0x07, 0xCB, 0xBE, 
	0xE3, 0x10, 0x00, 0x07, 0xCB, 0xBB, 0xE8, 0x20, 0x02, 0x8F, 0xBB, 0xBB, 0xBB, 0xBB, 0xBB, 0xBB, 
	0xBB, 0xBB, 0xBB, 0xBB, 0xBB, 0xBB, 0xBB, 0xBB, 0xBB, 0xBB, 0xBB, 0xBB, 0xBB, 0xBB, 0xBB, 0xBB, 
	0xBB, 0xBB, 0xBB, 0xBB, 0xBB, 0xBB, 0xEC, 0x83, 0x00, 0x00, 0x17, 0x8C, 0xEB, 0xBB, 0xBB, 0xBB, 
	0xBB, 0xBB, 0xBB, 0xBB, 0xBB, 0xBC, 0x31, 0x00, 0x17, 0xCC, 0xCC, 0xEE, 0x82, 0x00, 0x00, 0x00, 
	0x07, 0xEB, 0xBB, 0xBB, 0xBB, 0xBB, 0xBB, 0xBB, 0xBB, 0xBB, 0xBC, 0x30, 0x00, 0x02, 0x78, 0x87, 
	0x11, 0x00, 0x03, 0x8E, 0xBB, 0xBB, 0xBB, 0xBB, 0xBB, 0xBB, 0xBB, 0xBB, 0xBB, 0xBB, 0xE8, 0x00, 
	0x00, 0x00, 0x00, 0x00, 0x17, 0xFB, 0xBB, 0xBB, 0xBB, 0xBB, 0xBB, 0xBB, 0xBB, 0xBB, 0xBB, 0xE8, 
	0x22, 0x78, 0x72, 0x01, 0x23, 0x20, 0x02, 0x88, 0x32, 0x7C, 0xEB, 0xBB, 0xBB, 0xBB, 0xBB, 0xBB, 
	0xC7, 0x20, 0x03, 0xCE, 0xBE, 0xE3, 0x20, 0x00, 0x07, 0xCB, 0xBB, 0xE7, 0x10, 0x03, 0xCE, 0xBB, 
	0xBB, 0xBB, 0xBB, 0xBB, 0xBB, 0xBB, 0xBB, 0xBB, 0xBB, 0xBB, 0xBB, 0xBB, 0xBB, 0xBB, 0xBB, 0xBB, 
	0xBB, 0xBB, 0xBB, 0xBB, 0xBB, 0xBB, 0xBB, 0xBB, 0xBB, 0xBB, 0xBE, 0xE8, 0x73, 0x00, 0x00, 0x13, 
	0x7C, 0xEB, 0xBB, 0xBB, 0xBB, 0xBB, 0xBB, 0xBB, 0xBB, 0xBB, 0xBC, 0x87, 0x32, 0x3C, 0xEE, 0xEE, 
	0xEC, 0x71, 0x00, 0x00, 0x00, 0x07, 0xEB, 0xBB, 0xBB, 0xBB, 0xBB, 0xBB, 0xBB, 0xBB, 0xBB, 0xBC, 
	0x30, 0x00, 0x01, 0x23, 0x33, 0x10, 0x00, 0x03, 0xCE, 0xBB, 0xBB, 0xBB, 0xBB, 0xBB, 0xBB, 0xBB, 
	0xBB, 0xBB, 0xBB, 0xE8, 0x00, 0x00, 0x00, 0x00, 0x00, 0x07, 0xFB, 0xBB, 0xBB, 0xBB, 0xBB, 0xBB, 
	0xBB, 0xBB, 0xBB, 0xBB, 0xEC, 0x71, 0x23, 0x31, 0x00, 0x01, 0x00, 0x01, 0x33, 0x12, 0x8E, 0xEB, 
	0xBB, 0xBB, 0xBB, 0xBB, 0xBB, 0xE8, 0x30, 0x02, 0x7E, 0xEE, 0xE7, 0x20, 0x00, 0x07, 0xCB, 0xBE, 
	0x83, 0x00, 0x28, 0xCE, 0xBB, 0xBB, 0xBB, 0xBB, 0xBB, 0xBB, 0xBB, 0xBB, 0xBB, 0xBB, 0xBB, 0xBB, 
	0xBB, 0xBB, 0xBB, 0xBB, 0xBB, 0xBB, 0xBB, 0xBB, 0xBB, 0xBB, 0xBB, 0xBB, 0xBB, 0xBB, 0xBB, 0xBB, 
	0xEE, 0xC8, 0x00, 0x00, 0x27, 0xCE, 0xEB, 0xBB, 0xBB, 0xBB, 0xBB, 0xBB, 0xBB, 0xBB, 0xBB, 0xBE, 
	0xEC, 0x87, 0x8C, 0xEB, 0xBE, 0xE3, 0x10, 0x00, 0x00, 0x00, 0x07, 0xEB, 0xBB, 0xBB, 0xBB, 0xBB, 
	0xBB, 0xBB, 0xBB, 0xBB, 0xBC, 0x70, 0x00, 0x00, 0x00, 0x00, 0x00, 0x00, 0x17, 0xCE, 0xBB, 0xBB, 
	0xBB, 0xBB, 0xBB, 0xBB, 0xBB, 0xBB, 0xBB, 0xBB, 0xC8, 0x00, 0x00, 0x00, 0x00, 0x00, 0x07, 0xEB, 
	0xBB, 0xBB, 0xBB, 0xBB, 0xBB, 0xBB, 0xBB, 0xBB, 0xBB, 0xEE, 0x81, 0x00, 0x00, 0x00, 0x00, 0x00, 
	0x00, 0x00, 0x13, 0xCE, 0xBB, 0xBB, 0xBB, 0xBB, 0xBB, 0xBB, 0xEC, 0x82, 0x00, 0x38, 0xEE, 0xE7, 
	0x20, 0x00, 0x07, 0xCE, 0xE8, 0x31, 0x02, 0x3C, 0xEB, 0xBB, 0xBB, 0xBB, 0xBB, 0xBB, 0xBB, 0xBB, 
	0xBB, 0xBB, 0xBB, 0xBB, 0xBB, 0xBB, 0xBB, 0xBB, 0xBB, 0xBB, 0xBB, 0xBB, 0xBB, 0xBB, 0xBB, 0xBB, 
	0xBB, 0xBB, 0xBB, 0xBB, 0xBB, 0xBB, 0xC8, 0x00, 0x00, 0x27, 0xCE, 0xBB, 0xBB, 0xBB, 0xBB, 0xBB, 
	0xBB, 0xBB, 0xBB, 0xBB, 0xBB, 0xBE, 0xEC, 0xEE, 0xBB, 0xEC, 0x72, 0x00, 0x00, 0x00, 0x00, 0x17, 
	0xFB, 0xBB, 0xBB, 0xBB, 0xBB, 0xBB, 0xBB, 0xBB, 0xBB, 0xBE, 0x71, 0x00, 0x00, 0x00, 0x00, 0x00, 
	0x00, 0x17, 0xCB, 0xBB, 0xBB, 0xBB, 0xBB, 0xBB, 0xBB, 0xBB, 0xBB, 0xBB, 0xBB, 0xC8, 0x00, 0x00, 
	0x00, 0x00, 0x00, 0x07, 0xEB, 0xBB, 0xBB, 0xBB, 0xBB, 0xBB, 0xBB, 0xBB, 0xBB, 0xBB, 0xBE, 0xE3, 
	0x10, 0x00, 0x00, 0x00, 0x00, 0x00, 0x00, 0x18, 0xCE, 0xBB, 0xBB, 0xBB, 0xBB, 0xBB, 0xBB, 0xBE, 
	0xC3, 0x10, 0x12, 0x7C, 0xC7, 0x20, 0x00, 0x07, 0xCC, 0x83, 0x10, 0x13, 0xCB, 0xBB, 0xBB, 0xBB, 
	0xBB, 0xBB, 0xBB, 0xBB, 0xBB, 0xBB, 0xBB, 0xBB, 0xBB, 0xBB, 0xBB, 0xBB, 0xBB, 0xBB, 0xBB, 0xBB, 
	0xBB, 0xBB, 0xBB, 0xBB, 0xBB, 0xBB, 0xBB, 0xBB, 0xBB, 0xBB, 0xBE, 0x87, 0x00, 0x00, 0x13, 0xCE, 
	0xBB, 0xBB, 0xBB, 0xBB, 0xBB, 0xBB, 0xBB, 0xBB, 0xBB, 0xBB, 0xBB, 0xEE, 0xEB, 0xBE, 0xC7, 0x10, 
	0x00, 0x00, 0x00, 0x00, 0x27, 0xEB, 0xBB, 0xBB, 0xBB, 0xBB, 0xBB, 0xBB, 0xBB, 0xBB, 0xBE, 0x82, 
	0x00, 0x00, 0x00, 0x00, 0x00, 0x00, 0x2C, 0xBB, 0xBB, 0xBB, 0xBB, 0xBB, 0xBB, 0xBB, 0xBB, 0xBB, 
	0xBB, 0xBB, 0xC8, 0x00, 0x00, 0x00, 0x00, 0x00, 0x07, 0xCB, 0xBB, 0xBB, 0xBB, 0xBB, 0xBB, 0xBB, 
	0xBB, 0xBB, 0xBB, 0xBE, 0xE8, 0x30, 0x00, 0x00, 0x00, 0x00, 0x00, 0x01, 0x2C, 0xEB, 0xBB, 0xBB, 
	0xBB, 0xBB, 0xBB, 0xBB, 0xBB, 0xEC, 0x31, 0x00, 0x27, 0x73, 0x20, 0x00, 0x03, 0x77, 0x30, 0x01, 
	0x7C, 0xEB, 0xBB, 0xBB, 0xBB, 0xBB, 0xBB, 0xBB, 0xBB, 0xBB, 0xBB, 0xBB, 0xBB, 0xBB, 0xBB, 0xBB, 
	0xBB, 0xBB, 0xBB, 0xBB, 0xBB, 0xBB, 0xBB, 0xBB, 0xBB, 0xBB, 0xBB, 0xBB, 0xBB, 0xBB, 0xBB, 0xBE, 
	0x82, 0x00, 0x00, 0x02, 0x8E, 0xBB, 0xBB, 0xBB, 0xBB, 0xBB, 0xBB, 0xBB, 0xBB, 0xBB, 0xBB, 0xBB, 
	0xBB, 0xBB, 0xBE, 0x71, 0x00, 0x00, 0x00, 0x00, 0x00, 0x38, 0xEB, 0xBB, 0xBB, 0xBB, 0xBB, 0xBB, 
	0xBB, 0xBB, 0xBB, 0xBE, 0xC7, 0x00, 0x00, 0x00, 0x00, 0x00, 0x02, 0x7E, 0xEB, 0xBB, 0xBB, 0xBB, 
	0xBB, 0xBB, 0xBB, 0xBB, 0xBB, 0xBB, 0xBB, 0xC7, 0x00, 0x00, 0x00, 0x00, 0x00, 0x03, 0xCB, 0xBB, 
	0xBB, 0xBB, 0xBB, 0xBB, 0xBB, 0xBB, 0xBB, 0xBB, 0xBB, 0xEE, 0x71, 0x00, 0x00, 0x00, 0x00, 0x00, 
	0x02, 0x7E, 0xEB, 0xBB, 0xBB, 0xBB, 0xBB, 0xBB, 0xBB, 0xBB, 0xBE, 0x83, 0x10, 0x00, 0x11, 0x00, 
	0x00, 0x01, 0x21, 0x00, 0x17, 0xCE, 0xEB, 0xBB, 0xBB, 0xBB, 0xBB, 0xBB, 0xBB, 0xBB, 0xBB, 0xBB, 
	0xBB, 0xBB, 0xBB, 0xBB, 0xBB, 0xBB, 0xBB, 0xBB, 0xBB, 0xBB, 0xBB, 0xBB, 0xBB, 0xBB, 0xBB, 0xBB, 
	0xBB, 0xBB, 0xBB, 0xBE, 0xEC, 0x70, 0x00, 0x00, 0x00, 0x3C, 0xEB, 0xBB, 0xBB, 0xBB, 0xBB, 0xBB, 
	0xBB, 0xBB, 0xBB, 0xBB, 0xBB, 0xBB, 0xBE, 0xE7, 0x20, 0x00, 0x00, 0x00, 0x00, 0x02, 0x7C, 0xBB, 
	0xBB, 0xBB, 0xBB, 0xBB, 0xBB, 0xBB, 0xBB, 0xBB, 0xBB, 0xEC, 0x30, 0x00, 0x00, 0x00, 0x00, 0x17, 
	0xCE, 0xEB, 0xBB, 0xBB, 0xBB, 0xBB, 0xBB, 0xBB, 0xBB, 0xBB, 0xBB, 0xBB, 0xC7, 0x00, 0x00, 0x00, 
	0x00, 0x00, 0x03, 0xCB, 0xBB, 0xBB, 0xBB, 0xBB, 0xBB, 0xBB, 0xBB, 0xBB, 0xBB, 0xBB, 0xBE, 0x82, 
	0x00, 0x00, 0x00, 0x00, 0x00, 0x07, 0xCB, 0xBB, 0xBB, 0xBB, 0xBB, 0xBB, 0xBB, 0xBB, 0xBB, 0xBB, 
	0xEC, 0x31, 0x00, 0x00, 0x00, 0x00, 0x00, 0x00, 0x01, 0x3E, 0xEB, 0xBB, 0xBB, 0xBB, 0xBB, 0xBB, 
	0xBB, 0xBB, 0xBB, 0xBB, 0xBB, 0xBB, 0xBB, 0xBB, 0xBB, 0xBB, 0xBB, 0xBB, 0xBB, 0xBB, 0xBB, 0xBB, 
	0xBB, 0xBB, 0xBB, 0xBB, 0xBB, 0xBB, 0xBB, 0xBB, 0xBE, 0xE7, 0x20, 0x00, 0x00, 0x00, 0x28, 0xEE, 
	0xBB, 0xBB, 0xBB, 0xBB, 0xBB, 0xBB, 0xBB, 0xBB, 0xBB, 0xBB, 0xBB, 0xEE, 0xC3, 0x10, 0x00, 0x00, 
	0x00, 0x00, 0x13, 0x8C, 0xBB, 0xBB, 0xBB, 0xBB, 0xBB, 0xBB, 0xBB, 0xBB, 0xBB, 0xBB, 0xEE, 0x82, 
	0x00, 0x00, 0x00, 0x01, 0x7C, 0xEE, 0xEB, 0xBB, 0xBB, 0xBB, 0xBB, 0xBB, 0xBB, 0xBB, 0xBB, 0xBB, 
	0xBE, 0xC7, 0x00, 0x00, 0x00, 0x00, 0x00, 0x03, 0x8E, 0xEB, 0xBB, 0xBB, 0xBB, 0xBB, 0xBB, 0xBB, 
	0xBB, 0xBB, 0xBB, 0xBE, 0xC3, 0x00, 0x00, 0x00, 0x00, 0x00, 0x28, 0xCE, 0xBB, 0xBB, 0xBB, 0xBB, 
	0xBB, 0xBB, 0xBB, 0xBB, 0xBB, 0xBE, 0xC7, 0x20, 0x00, 0x00, 0x00, 0x00, 0x00, 0x17, 0xCE, 0xEB, 
	0xBB, 0xBB, 0xBB, 0xBB, 0xBB, 0xBB, 0xBB, 0xBB, 0xBB, 0xBB, 0xBB, 0xBB, 0xBB, 0xBB, 0xBB, 0xBB, 
	0xBB, 0xBB, 0xBB, 0xBB, 0xBB, 0xBB, 0xBB, 0xBB, 0xBB, 0xBB, 0xBB, 0xBB, 0xBB, 0xEC, 0x82, 0x00, 
	0x00, 0x00, 0x00, 0x03, 0x8E, 0xEB, 0xBB, 0xBB, 0xBB, 0xBB, 0xBB, 0xBB, 0xBB, 0xBB, 0xBB, 0xBE, 
	0xCC, 0x72, 0x00, 0x00, 0x00, 0x00, 0x00, 0x03, 0x7C, 0xEB, 0xBB, 0xBB, 0xBB, 0xBB, 0xBB, 0xBB, 
	0xBB, 0xBB, 0xEB, 0xC8, 0x72, 0x00, 0x00, 0x00, 0x01, 0x78, 0xCC, 0xCE, 0xEB, 0xBB, 0xBB, 0xBB, 
	0xBB, 0xBB, 0xBB, 0xBB, 0xBB, 0xEC, 0x83, 0x00, 0x00, 0x00, 0x00, 0x00, 0x03, 0x7C, 0xEE, 0xBB, 
	0xBB, 0xBB, 0xBB, 0xBB, 0xBB, 0xBB, 0xBB, 0xBB, 0xCC, 0x73, 0x00, 0x00, 0x00, 0x00, 0x00, 0x27, 
	0x8C, 0xCE, 0xBB, 0xBB, 0xBB, 0xBB, 0xBB, 0xBB, 0xBB, 0xBB, 0xBE, 0xC3, 0x20, 0x00, 0x00, 0x00, 
	0x00, 0x00, 0x17, 0x8C, 0xEB, 0xBB, 0xBB, 0xBB, 0xBB, 0xBB, 0xBB, 0xBB, 0xBB, 0xBB, 0xBB, 0xBB, 
	0xBB, 0xBB, 0xBB, 0xBB, 0xBB, 0xBB, 0xBB, 0xBB, 0xBB, 0xBB, 0xBB, 0xBB, 0xBB, 0xBB, 0xBB, 0xBB, 
	0xBB, 0xBB, 0xE8, 0x20, 0x00, 0x00, 0x00, 0x00, 0x00, 0x1C, 0xEE, 0xBB, 0xBB, 0xBB, 0xBB, 0xBB, 
	0xBB, 0xBB, 0xBB, 0xBB, 0xBC, 0x83, 0x10, 0x00, 0x00, 0x00, 0x00, 0x00, 0x01, 0x27, 0xEE, 0xBB, 
	0xBB, 0xBB, 0xBB, 0xBB, 0xBB, 0xBB, 0xBE, 0xC8, 0x31, 0x11, 0x00, 0x00, 0x00, 0x01, 0x12, 0x13, 
	0x8C, 0xEB, 0xBB, 0xBB, 0xBB, 0xBB, 0xBB, 0xBB, 0xBB, 0xBE, 0xC7, 0x20, 0x00, 0x00, 0x00, 0x00, 
	0x00, 0x00, 0x23, 0xCE, 0xBB, 0xBB, 0xBB, 0xBB, 0xBB, 0xBB, 0xBB, 0xBB, 0xBC, 0xC3, 0x21, 0x00, 
	0x00, 0x00, 0x00, 0x00, 0x12, 0x23, 0xCE, 0xBB, 0xBB, 0xBB, 0xBB, 0xBB, 0xBB, 0xBB, 0xBB, 0xEC, 
	0x72, 0x10, 0x00, 0x00, 0x00, 0x00, 0x00, 0x12, 0x38, 0xCE, 0xBB, 0xBB, 0xBB, 0xBB, 0xBB, 0xBB, 
	0xBB, 0xBB, 0xBB, 0xBB, 0xBB, 0xBB, 0xBB, 0xBB, 0xBB, 0xBB, 0xBB, 0xBB, 0xBB, 0xBB, 0xBB, 0xBB, 
	0xBB, 0xBB, 0xBB, 0xBB, 0xBB, 0xBB, 0xBE, 0x82, 0x00, 0x00, 0x00, 0x00, 0x00, 0x00, 0x03, 0xCE, 
	0xBB, 0xBB, 0xBB, 0xBB, 0xBB, 0xBB, 0xBB, 0xBB, 0xBE, 0xC7, 0x31, 0x00, 0x00, 0x00, 0x00, 0x00, 
	0x00, 0x00, 0x01, 0x7E, 0xEB, 0xBB, 0xBB, 0xBB, 0xBB, 0xBB, 0xBB, 0xBB, 0x83, 0x10, 0x00, 0x00, 
	0x00, 0x00, 0x00, 0x00, 0x00, 0x27, 0xCB, 0xBB, 0xBB, 0xBB, 0xBB, 0xBB, 0xBB, 0xBB, 0xEC, 0x32, 
	0x00, 0x00, 0x00, 0x00, 0x00, 0x00, 0x00, 0x02, 0x38, 0xEB, 0xBB, 0xBB, 0xBB, 0xBB, 0xBB, 0xBB, 
	0xBB, 0xEC, 0x31, 0x00, 0x00, 0x00, 0x00, 0x00, 0x00, 0x00, 0x02, 0x7C, 0xEB, 0xBB, 0xBB, 0xBB, 
	0xBB, 0xBB, 0xBB, 0xBE, 0xC7, 0x20, 0x00, 0x00, 0x00, 0x00, 0x00, 0x00, 0x00, 0x03, 0xCE, 0xBB, 
	0xBB, 0xBB, 0xBB, 0xBB, 0xBB, 0xBB, 0xBB, 0xBB, 0xBB, 0xBB, 0xBB, 0xBB, 0xBB, 0xBB, 0xBB, 0xBB, 
	0xBB, 0xBB, 0xBB, 0xBB, 0xBB, 0xBB, 0xBB, 0xBB, 0xBB, 0xBB, 0xBB, 0xBC, 0x71, 0x00, 0x00, 0x00, 
	0x00, 0x00, 0x00, 0x01, 0x7C, 0xEB, 0xBB, 0xBB, 0xBB, 0xBB, 0xBB, 0xBB, 0xBB, 0xBE, 0xE3, 0x20, 
	0x00, 0x00, 0x00, 0x00, 0x00, 0x00, 0x00, 0x00, 0x2C, 0xEB, 0xBB, 0xBB, 0xBB, 0xBB, 0xBB, 0xBB, 
	0xEC, 0x72, 0x00, 0x00, 0x00, 0x00, 0x00, 0x00, 0x00, 0x00, 0x13, 0x8C, 0xBB, 0xBB, 0xBB, 0xBB, 
	0xBB, 0xBB, 0xBB, 0xE8, 0x20, 0x00, 0x00, 0x00, 0x00, 0x00, 0x00, 0x00, 0x00, 0x27, 0xFB, 0xBB, 
	0xBB, 0xBB, 0xBB, 0xBB, 0xBB, 0xBB, 0xC8, 0x20, 0x00, 0x00, 0x00, 0x00, 0x00, 0x00, 0x00, 0x00, 
	0x38, 0xFB, 0xBB, 0xBB, 0xBB, 0xBB, 0xBB, 0xBB, 0xBE, 0x83, 0x10, 0x00, 0x00, 0x00, 0x00, 0x00, 
	0x00, 0x00, 0x01, 0x8C, 0xBB, 0xBB, 0xBB, 0xBB, 0xBB, 0xBB, 0xBB, 0xBB, 0xBB, 0xBB, 0xBB, 0xBB, 
	0xBB, 0xBB, 0xBB, 0xBB, 0xBB, 0xBB, 0xBB, 0xBB, 0xBB, 0xBB, 0xBB, 0xBB, 0xBB, 0xBB, 0xBB, 0xBB, 
	0xC8, 0x31, 0x00, 0x00, 0x00, 0x00, 0x00, 0x00, 0x01, 0x38, 0xEB, 0xBB, 0xBB, 0xBB, 0xBB, 0xBB, 
	0xBB, 0xBB, 0xBE, 0xE3, 0x21, 0x11, 0x11, 0x11, 0x00, 0x00, 0x11, 0x11, 0x00, 0x3C, 0xEB, 0xBB, 
	0xBB, 0xBB, 0xBB, 0xBB, 0xBB, 0xEC, 0x72, 0x11, 0x11, 0x11, 0x10, 0x00, 0x11, 0x11, 0x11, 0x13, 
	0x7C, 0xEB, 0xBB, 0xBB, 0xBB, 0xBB, 0xBB, 0xBB, 0xE8, 0x20, 0x01, 0x11, 0x10, 0x00, 0x00, 0x11, 
	0x11, 0x10, 0x27, 0xFB, 0xBB, 0xBB, 0xBB, 0xBB, 0xBB, 0xBB, 0xBB, 0xC7, 0x10, 0x01, 0x11, 0x10, 
	0x00, 0x01, 0x11, 0x11, 0x10, 0x28, 0xFB, 0xBB, 0xBB, 0xBB, 0xBB, 0xBB, 0xBB, 0xBE, 0x72, 0x11, 
	0x11, 0x11, 0x10, 0x00, 0x01, 0x11, 0x11, 0x11, 0x7C, 0xBB, 0xBB, 0xBB, 0xBB, 0xBB, 0xBB, 0xBB, 
	0xBB, 0xBB, 0xBB, 0xBB, 0xBB, 0xBB, 0xBB, 0xBB, 0xBB, 0xBB, 0xBB, 0xBB, 0xBB, 0xBB, 0xBB, 0xBB, 
	0xBB, 0xBB, 0xBB, 0xBB, 0xBB, 0xC8, 0x73, 0x33, 0x33, 0x33, 0x33, 0x33, 0x33, 0x33, 0x78, 0xEB, 
	0xBB, 0xBB, 0xBB, 0xBB, 0xBB, 0xBB, 0xBB, 0xBE, 0xE7, 0x77, 0x77, 0x77, 0x73, 0x33, 0x37, 0x77, 
	0x77, 0x77, 0x7C, 0xEB, 0xBB, 0xBB, 0xBB, 0xBB, 0xBB, 0xBB, 0xEC, 0x87, 0x77, 0x77, 0x77, 0x73, 
	0x33, 0x77, 0x77, 0x77, 0x77, 0x8C, 0xEB, 0xBB, 0xBB, 0xBB, 0xBB, 0xBB, 0xBB, 0xEC, 0x77, 0x77, 
	0x77, 0x77, 0x33, 0x33, 0x77, 0x77, 0x77, 0x78, 0xFB, 0xBB, 0xBB, 0xBB, 0xBB, 0xBB, 0xBB, 0xBB, 
	0xC8, 0x77, 0x77, 0x77, 0x77, 0x33, 0x77, 0x77, 0x77, 0x77, 0x78, 0xFB, 0xBB, 0xBB, 0xBB, 0xBB, 
	0xBB, 0xBB, 0xBE, 0x87, 0x77, 0x77, 0x77, 0x77, 0x33, 0x77, 0x77, 0x77, 0x77, 0x8C, 0xBB, 0xBB, 
	0xBB, 0xBB, 0xBB, 0xBB, 0xBB, 0xBB, 0xBB, 0xBB, 0xBB, 0xBB, 0xBB, 0xBB, 0xBB, 0xBB, 0xBB, 0xBB, 
	0xBB, 0xBB, 0xBB, 0xBB, 0xBB, 0xBB, 0xBB, 0xBB, 0xBB, 0xBB, 0xBE, 0xEE, 0xEE, 0xEE, 0xEE, 0xEE, 
	0xEE, 0xEE, 0xEE, 0xEE, 0xBB, 0xBB, 0xBB, 0xBB, 0xBB, 0xBB, 0xBB, 0xBB, 0xBE, 0xEF, 0xFF, 0xFF, 
	0xFF, 0xEE, 0xEE, 0xEE, 0xFF, 0xFF, 0xFF, 0xFF, 0xEB, 0xBB, 0xBB, 0xBB, 0xBB, 0xBB, 0xBB, 0xBE, 
	0xFF, 0xFF, 0xFF, 0xFF, 0xEE, 0xEE, 0xFF, 0xFF, 0xFF, 0xFF, 0xEB, 0xBB, 0xBB, 0xBB, 0xBB, 0xBB, 
	0xBB, 0xBB, 0xEE, 0xFF, 0xFF, 0xFF, 0xFE, 0xEE, 0xEE, 0xFF, 0xFF, 0xFF, 0xFE, 0xEB, 0xBB, 0xBB, 
	0xBB, 0xBB, 0xBB, 0xBB, 0xBB, 0xEE, 0xFF, 0xFF, 0xFF, 0xFE, 0xEE, 0xEF, 0xFF, 0xFF, 0xFF, 0xFE, 
	0xEB, 0xBB, 0xBB, 0xBB, 0xBB, 0xBB, 0xBB, 0xBB, 0xEE, 0xFF, 0xFF, 0xFF, 0xFE, 0xEE, 0xEF, 0xFF, 
	0xFF, 0xFF, 0xFE, 0xBB, 0xBB, 0xBB, 0xBB, 0xBB, 0xBB, 0xBB, 0xBB, 0xBB, 0xBB, 0xBB, 0xBB, 0xBB, 
	0xBB, 0xBB, 0xBB, 0xBB, 0xBB, 0xBB, 0xBB, 0xBB, 0xBB, 0xBB, 0xBB, 0xBB, 0xBB, 0xBB, 0xBB, 0xBB, 
	0xBB, 0xBB, 0xBB, 0xBB, 0xBB, 0xBB, 0xBB, 0xBB, 0xBB, 0xBB, 0xBB, 0xBB, 0xBB, 0xBB, 0xBB, 0xBB, 
	0xBB, 0xBB, 0xBB, 0xBB, 0xBB, 0xBB, 0xBB, 0xBB, 0xBB, 0xBB, 0xBB, 0xBB, 0xBB, 0xBB, 0xBB, 0xBB, 
	0xBB, 0xBB, 0xBB, 0xBB, 0xBB, 0xBB, 0xBB, 0xBB, 0xBB, 0xBB, 0xBB, 0xBB, 0xBB, 0xBB, 0xBB, 0xBB, 
	0xBB, 0xBB, 0xBB, 0xBB, 0xBB, 0xBB, 0xBB, 0xBB, 0xBB, 0xBB, 0xBB, 0xBB, 0xBB, 0xBB, 0xBB, 0xBB, 
	0xBB, 0xBB, 0xBB, 0xBB, 0xBB, 0xBB, 0xBB, 0xBB, 0xBB, 0xBB, 0xBB, 0xBB, 0xBB, 0xBB, 0xBB, 0xBB, 
	0xBB, 0xBB, 0xBB, 0xBB, 0xBB, 0xBB, 0xBB, 0xBB, 0xBB, 0xBB, 0xBB, 0xBB, 0xBB, 0xBB, 0xBB, 0xBB, 
	0xBB, 0xBB, 0xBB, 0xBB, 0xBB, 0xBB, 0xBB, 0xBB, 0xBB, 0xBB, 0xBB, 0xBB, 0xBB, 0xBB, 0xBB, 0xBB, 
	0xBB, 0xBB, 0xBB, 0xBB, 0xBB, 0xBB, 0xBB, 0xBB, 0xBB, 0xBB, 0xBB, 0xBB, 0xBB, 0xBB, 0xBB, 0xBB, 
	0xBB, 0xBB, 0xBB, 0xBB, 0xBB, 0xBB, 0xBB, 0xBB, 0xBB, 0xBB, 0xBB, 0xBB, 0xBB, 0xBB, 0xBB, 0xBB, 
	0xBB, 0xBB, 0xBB, 0xBB, 0xBB, 0xBB, 0xBB, 0xBB, 0xBB, 0xBB, 0xBB, 0xBB, 0xBB, 0xBB, 0xBB, 0xBB, 
	0xBB, 0xBB, 0xBB, 0xBB, 0xBB, 0xBB, 0xBB, 0xBB, 0xBB, 0xBB, 0xBB, 0xBB, 0xBB, 0xBB, 0xBB, 0xBB, 
	0xBB, 0xBB, 0xBB, 0xBB, 0xBB, 0xBB, 0xBB, 0xBB, 0xBB, 0xBB, 0xBB, 0xBB, 0xBB, 0xBB, 0xBB, 0xBB, 
	0xBB, 0xBB, 0xBB, 0xBB, 0xBB, 0xBB, 0xBB, 0xBB, 0xBB, 0xBB, 0xBB, 0xBB, 0xBB, 0xBB, 0xBB, 0xBB, 
	0xBB, 0xBB, 0xBB, 0xBB, 0xBB, 0xBB, 0xBB, 0xBB, 0xBB, 0xBB, 0xBB, 0xBB, 0xBB, 0xBB, 0xBB, 0xBB, 
	0xBB, 0xBB, 0xBB, 0xBB, 0xBB, 0xBB, 0xBB, 0xBB, 0xBB, 0xBB, 0xBB, 0xBB, 0xBB, 0xBB, 0xBB, 0xBB, 
	0xBB, 0xBB, 0xBB, 0xBB, 0xBB, 0xBB, 0xBB, 0xBB, 0xBB, 0xBB, 0xBB, 0xBB, 0xBB, 0xBB, 0xBB, 0xBB, 
	0xBB, 0xBB, 0xBB, 0xBB, 0xBB, 0xBB, 0xBB, 0xBB, 0xBB, 0xBB, 0xBB, 0xBB, 0xBB, 0xBB, 0xBB, 0xBB, 
	0xBB, 0xBB, 0xBB, 0xBB, 0xBB, 0xBB, 0xBB, 0xBB, 0xBB, 0xBB, 0xBB, 0xBB, 0xBB, 0xBB, 0xBB, 0xBB, 
	0xBB, 0xBB, 0xBB, 0xBB, 0xBB, 0xBB, 0xBB, 0xBB, 0xBB, 0xBB, 0xBB, 0xBB, 0xBB, 0xBB, 0xBB, 0xBB, 
	0xBB, 0xBB, 0xBB, 0xBB, 0xBB, 0xBB, 0xBB, 0xBB, 0xBB, 0xBB, 0xBB, 0xBB, 0xBB, 0xBB, 0xBB, 0xBB, 
	0xBB, 0xBB, 0xBB, 0xBB, 0xBB, 0xBB, 0xBB, 0xBB, 0xBB, 0xBB, 0xBB, 0xBB, 0xBB, 0xBB, 0xBB, 0xBB, 
	0xBB, 0xBB, 0xBB, 0xBB, 0xBB, 0xBB, 0xBB, 0xBB, 0xBB, 0xBB, 0xBB, 0xBB, 0xBB, 0xBB, 0xBB, 0xBB, 
	0xBB, 0xBB, 0xBB, 0xBB, 0xBB, 0xBB, 0xBB, 0xBB, 0xBB, 0xBB, 0xBB, 0xBB, 0xBB, 0xBB, 0xBB, 0xBB, 
	0xBB, 0xBB, 0xBB, 0xBB, 0xBB, 0xBB, 0xBB, 0xBB, 0xBB, 0xBB, 0xBB, 0xBB, 0xBB, 0xBB, 0xBB, 0xBB, 
	0xBB, 0xBB, 0xBB, 0xBB, 0xBB, 0xBB, 0xBB, 0xBB, 0xBB, 0xBB, 0xBB, 0xBB, 0xBB, 0xBB, 0xBB, 0xBB, 
	0xBB, 0xBB, 0xBB, 0xBB, 0xBB, 0xBB, 0xBB, 0xBB, 0xBB, 0xBB, 0xBB, 0xBB, 0xBB, 0xBB, 0xBB, 0xBB, 
	0xBB, 0xBB, 0xBB, 0xBB, 0xBB, 0xBB, 0xBB, 0xBB, 0xBB, 0xBB, 0xBB, 0xBB, 0xBB, 0xBB, 0xBB, 0xBB, 
	0xBB, 0xBB, 0xBB, 0xBB, 0xBB, 0xBB, 0xBB, 0xBB, 0xBB, 0xBB, 0xBB, 0xBB, 0xBB, 0xBB, 0xBB, 0xBB, 
	0xBB, 0xBB, 0xBB, 0xBB, 0xBB, 0xBB, 0xBB, 0xBB, 0xBB, 0xBB, 0xBB, 0xBB, 0xBB, 0xBB, 0xBB, 0xBB, 
	0xBB, 0xBB, 0xBB, 0xBB, 0xBB, 0xBB, 0xBB, 0xBB, 0xBB, 0xBB, 0xBB, 0xBB, 0xBB, 0xBB, 0xBB, 0xBB, 
	0xBB, 0xBB, 0xBB, 0xBB, 0xBB, 0xBB, 0xBB, 0xBB, 0xBB, 0xBB, 0xBB, 0xBB, 0xBB, 0xBB, 0xBB, 0xBB, 
	0xBB, 0xBB, 0xBB, 0xBB, 0xBB, 0xBB, 0xBB, 0xBB, 0xBB, 0xBB, 0xBB, 0xBB, 0xBB, 0xBB, 0xBB, 0xBB, 
	0xBB, 0xBB, 0xBB, 0xBB, 0xBB, 0xBB, 0xBB, 0xBB, 0xBB, 0xBB, 0xBB, 0xBB, 0xBB, 0xBB, 0xBB, 0xBB, 
	0xBB, 0xBB, 0xBB, 0xBB, 0xBB, 0xBB, 0xBB, 0xBB, 0xBB, 0xBB, 0xBB, 0xBB, 0xBB, 0xBB, 0xBB, 0xBB, 
	0xBB, 0xBB, 0xBB, 0xBB, 0xBB, 0xBB, 0xBB, 0xBB, 0xBB, 0xBB, 0xBB, 0xBB, 0xBB, 0xBB, 0xBB, 0xBB, 
	0xBB, 0xBB, 0xBB, 0xBB, 0xBB, 0xBB, 0xBB, 0xBB, 0xBB, 0xBB, 0xBB, 0xBB, 0xBB, 0xB6, 0x6B, 0xBB, 
	0xBB, 0xBB, 0xBB, 0xBB, 0xBB, 0xBB, 0xBB, 0xBB, 0xBB, 0xBB, 0xBB, 0xBB, 0xBB, 0xBB, 0xBB, 0xBB, 
	0xBB, 0xBB, 0xBB, 0xBB, 0xBB, 0xBB, 0xBB, 0xBB, 0xBB, 0xBB, 0xBB, 0xBB, 0xBB, 0xBB, 0xBB, 0xBB, 
	0xBB, 0xBB, 0xBB, 0xBB, 0xBB, 0xBB, 0xBB, 0xBB, 0xBB, 0xBB, 0xBB, 0xBB, 0xBB, 0xBB, 0xBB, 0xBB, 
	0xBB, 0xBB, 0xBB, 0xBB, 0xBB, 0x66, 0x66, 0x6B, 0xBB, 0xBB, 0xBB, 0xBB, 0xBB, 0xBB, 0xBB, 0xBB, 
	0xBB, 0xBB, 0xBB, 0xBB, 0xBB, 0xBB, 0xBB, 0xBB, 0xBB, 0xBB, 0xBB, 0xBB, 0xBB, 0xBB, 0xBB, 0xBB, 
	0xBB, 0xBB, 0xBB, 0xBB, 0xBB, 0xBB, 0xBB, 0xBB, 0xBB, 0xBB, 0xBB, 0xBB, 0xBB, 0xBB, 0xBB, 0xBB, 
	0xBB, 0xBB, 0xBB, 0xBB, 0xBB, 0xBB, 0xBB, 0xBB, 0xBB, 0xBB, 0xBB, 0xBB, 0xBB, 0xB6, 0x6B, 0xBB, 
	0xBB, 0xBB, 0xBB, 0xBB, 0xBB, 0xBB, 0xBB, 0xBB, 0xBB, 0xBB, 0xBB, 0xBB, 0xBB, 0xBB, 0xBB, 0xBB, 
	0xBB, 0xBB, 0x67, 0x76, 0x6B, 0xBB, 0xBB, 0xBB, 0xBB, 0xBB, 0xBB, 0xBB, 0xBB, 0xBB, 0xBB, 0xBB, 
	0xBB, 0xBB, 0xBB, 0xBB, 0xBB, 0xBB, 0xBB, 0xBB, 0xBB, 0xBB, 0xBB, 0xBB, 0xBB, 0xBB, 0xBB, 0xBB, 
	0xBB, 0xBB, 0xBB, 0xBB, 0xBB, 0xBB, 0x66, 0xBB, 0xBB, 0xBB, 0xB6, 0x6B, 0xBB, 0xBB, 0xBB, 0xBB, 
	0xBB, 0xBB, 0xBB, 0xBB, 0xBB, 0xBB, 0xBB, 0xBB, 0xBB, 0xBB, 0x67, 0x33, 0x76, 0xBB, 0xBB, 0xBB, 
	0xBB, 0xBB, 0xBB, 0xBB, 0xBB, 0xBB, 0xBB, 0xBB, 0xBB, 0xBB, 0xBB, 0xBB, 0xBB, 0xBB, 0xBB, 0xBB, 
	0xBB, 0xBB, 0xBB, 0xBB, 0xBB, 0xBB, 0xBB, 0xBB, 0xBB, 0xBB, 0xBB, 0xBB, 0xBB, 0xBB, 0xBB, 0xBB, 
	0xBB, 0xBB, 0xBB, 0xBB, 0xBB, 0xBB, 0xBB, 0xBB, 0xBB, 0xBB, 0xBB, 0xBB, 0xBB, 0xBB, 0xBB, 0xBB, 
	0xBB, 0xBB, 0x67, 0x37, 0xBB, 0xBB, 0xBB, 0xBB, 0xBB, 0xBB, 0xBB, 0xBB, 0xBB, 0xBB, 0xBB, 0xBB, 
	0xBB, 0xBB, 0xBB, 0xBB, 0xBB, 0xBB, 0xB6, 0x33, 0x33, 0x76, 0xBB, 0xBB, 0xBB, 0xBB, 0xBB, 0xBB, 
	0xBB, 0xBB, 0xBB, 0xBB, 0xBB, 0xBB, 0xBB, 0xBB, 0xBB, 0xBB, 0xBB, 0xBB, 0xBB, 0xBB, 0xBB, 0xBB, 
	0xBB, 0xBB, 0xBB, 0xBB, 0xBB, 0xBB, 0xBB, 0xBB, 0xBB, 0xBB, 0x67, 0x37, 0x6B, 0xBB, 0xBB, 0x67, 
	0x76, 0xBB, 0xBB, 0xBB, 0xBB, 0xBB, 0xBB, 0xBB, 0xBB, 0xBB, 0xBB, 0xBB, 0xBB, 0xBB, 0xB6, 0x33, 
	0x73, 0x37, 0xBB, 0xBB, 0xBB, 0xBB, 0xBB, 0xBB, 0xBB, 0xBB, 0xBB, 0xBB, 0xBB, 0xBB, 0xBB, 0xBB, 
	0xBB, 0xBB, 0xBB, 0xBB, 0xBB, 0xBB, 0xBB, 0xBB, 0xBB, 0xBB, 0xBB, 0xBB, 0xBB, 0xBB, 0xBB, 0xBB, 
	0xBB, 0xBB, 0xBB, 0xBB, 0xBB, 0xBB, 0xBB, 0xBB, 0xBB, 0xBB, 0xBB, 0xBB, 0xBB, 0xBB, 0xBB, 0xBB, 
	0xBB, 0xBB, 0xBB, 0xBB, 0xBB, 0xBB, 0xB6, 0x77, 0x77, 0x7B, 0xBB, 0xBB, 0xBB, 0xBB, 0xBB, 0xBB, 
	0xBB, 0xBB, 0xBB, 0xBB, 0xBB, 0xBB, 0xBB, 0xBB, 0xBB, 0xBB, 0xBB, 0x67, 0x7C, 0xCC, 0x27, 0x6B, 
	0xBB, 0xBB, 0xBB, 0xBB, 0xBB, 0xBB, 0xBB, 0xBB, 0xBB, 0xBB, 0xBB, 0xB6, 0x6B, 0xBB, 0xBB, 0x66, 
	0x6B, 0xBB, 0xBB, 0x66, 0xBB, 0xBB, 0xBB, 0xBB, 0xBB, 0xBB, 0xBB, 0xBB, 0xBB, 0xBB, 0xB6, 0x33, 
	0x73, 0x37, 0x6B, 0x67, 0x77, 0x33, 0x7B, 0xBB, 0xBB, 0xBB, 0xBB, 0xBB, 0xBB, 0xBB, 0xBB, 0xBB, 
	0xBB, 0xBB, 0xBB, 0xB7, 0x38, 0xC8, 0x37, 0x6B, 0xBB, 0xBB, 0xBB, 0xBB, 0xBB, 0xBB, 0xBB, 0xBB, 
	0xBB, 0xBB, 0xBB, 0xBB, 0xBB, 0xBB, 0xBB, 0xBB, 0xBB, 0xBB, 0xBB, 0xBB, 0xBB, 0xBB, 0xBB, 0xBB, 
	0xBB, 0xBB, 0xBB, 0xBB, 0xBB, 0xBB, 0xBB, 0xBB, 0xBB, 0xBB, 0xBB, 0xBB, 0xBB, 0xBB, 0xBB, 0xBB, 
	0xBB, 0xBB, 0xBB, 0xBB, 0xBB, 0xBB, 0xBB, 0xBB, 0xBB, 0xBB, 0xBB, 0xB6, 0x38, 0xC8, 0x37, 0x66, 
	0x66, 0xBB, 0xBB, 0xBB, 0xBB, 0xBB, 0xBB, 0xBB, 0xBB, 0xBB, 0xBB, 0xBB, 0xBB, 0xBB, 0xBB, 0xBB, 
	0x77, 0xCE, 0xEC, 0x37, 0x6B, 0xBB, 0xBB, 0xBB, 0xBB, 0xBB, 0xBB, 0xBB, 0xBB, 0xBB, 0xBB, 0xB6, 
	0x67, 0x77, 0x6B, 0x67, 0x77, 0x77, 0x6B, 0x67, 0x77, 0x76, 0xBB, 0xBB, 0xBB, 0xBB, 0xBB, 0xBB, 
	0xBB, 0xBB, 0xBB, 0xB3, 0x78, 0xCC, 0x77, 0x6B, 0x67, 0x8C, 0xC8, 0x36, 0xBB, 0xBB, 0xBB, 0xBB, 
	0xBB, 0xBB, 0xBB, 0xBB, 0xBB, 0xBB, 0xBB, 0xB6, 0x73, 0x7C, 0xEC, 0x73, 0x76, 0xBB, 0xBB, 0xBB, 
	0xBB, 0xBB, 0xBB, 0xBB, 0xBB, 0xBB, 0xBB, 0xBB, 0xBB, 0xBB, 0xBB, 0xBB, 0xBB, 0xBB, 0xBB, 0xBB, 
	0xBB, 0xBB, 0xBB, 0xBB, 0xBB, 0xBB, 0xBB, 0xBB, 0xBB, 0xBB, 0xBB, 0xBB, 0xBB, 0xBB, 0xBB, 0xBB, 
	0xBB, 0xBB, 0xBB, 0xBB, 0xBB, 0xBB, 0xBB, 0xBB, 0xBB, 0xBB, 0xBB, 0xBB, 0xBB, 0xBB, 0xBB, 0xBB, 
	0xB6, 0x7C, 0xEE, 0x87, 0x33, 0x37, 0x66, 0xBB, 0xBB, 0xBB, 0xBB, 0xBB, 0xBB, 0xBB, 0xBB, 0xBB, 
	0xBB, 0xBB, 0xBB, 0xBB, 0xBB, 0x77, 0xCE, 0xEC, 0x37, 0xBB, 0xBB, 0xBB, 0xBB, 0xBB, 0xBB, 0xBB, 
	0xBB, 0xBB, 0xBB, 0xBB, 0xB6, 0x78, 0x87, 0x7B, 0x73, 0x78, 0x73, 0x76, 0x77, 0x87, 0x77, 0xBB, 
	0xBB, 0xBB, 0xBB, 0xBB, 0xBB, 0xBB, 0xBB, 0xBB, 0x62, 0x8C, 0xEE, 0xC7, 0x7B, 0x78, 0xCE, 0xFC, 
	0x37, 0x6B, 0xBB, 0xBB, 0xBB, 0xBB, 0xBB, 0xBB, 0xBB, 0xBB, 0xBB, 0xBB, 0x67, 0x37, 0x8C, 0xFE, 
	0x87, 0x37, 0x6B, 0xBB, 0xBB, 0xBB, 0xBB, 0xBB, 0xBB, 0xBB, 0xBB, 0xBB, 0xBB, 0xBB, 0xBB, 0xBB, 
	0xBB, 0xBB, 0xBB, 0xBB, 0xBB, 0xBB, 0xBB, 0xBB, 0xBB, 0xBB, 0xBB, 0xBB, 0xBB, 0xBB, 0xBB, 0xBB, 
	0xBB, 0xBB, 0xBB, 0xBB, 0xBB, 0xB6, 0x66, 0xBB, 0xBB, 0xBB, 0xBB, 0xBB, 0xBB, 0xBB, 0xBB, 0xBB, 
	0xBB, 0xBB, 0xBB, 0xBB, 0xBB, 0x73, 0x8E, 0xFF, 0xFC, 0x87, 0x32, 0x37, 0x6B, 0xBB, 0xBB, 0xBB, 
	0xBB, 0xBB, 0xBB, 0xBB, 0xBB, 0xBB, 0xBB, 0xBB, 0xBB, 0xB6, 0x77, 0x8E, 0x83, 0x7B, 0xBB, 0xBB, 
	0xBB, 0xBB, 0xBB, 0xBB, 0xBB, 0xBB, 0xBB, 0xBB, 0xBB, 0xB6, 0x7E, 0xEC, 0x37, 0x38, 0xCF, 0xC8, 
	0x37, 0x78, 0xE8, 0x77, 0xBB, 0xBB, 0xBB, 0xBB, 0xBB, 0xBB, 0xBB, 0xBB, 0xBB, 0x62, 0x8C, 0xFF, 
	0xC7, 0x76, 0x78, 0xEF, 0xFC, 0x73, 0x6B, 0xBB, 0xBB, 0xBB, 0xBB, 0xBB, 0xBB, 0xBB, 0xBB, 0xBB, 
	0xBB, 0x67, 0x7C, 0xEF, 0xFF, 0xFC, 0x83, 0x6B, 0xBB, 0xBB, 0xBB, 0xBB, 0xBB, 0xBB, 0xBB, 0xBB, 
	0xBB, 0xBB, 0xBB, 0xBB, 0xBB, 0xBB, 0xBB, 0xBB, 0xBB, 0xBB, 0xBB, 0xBB, 0xBB, 0xBB, 0xBB, 0xBB, 
	0xBB, 0xBB, 0xBB, 0xBB, 0xBB, 0xBB, 0xBB, 0xBB, 0xBB, 0x67, 0x33, 0x33, 0x37, 0x6B, 0xBB, 0xBB, 
	0xBB, 0xBB, 0xBB, 0xBB, 0xBB, 0xBB, 0xBB, 0xBB, 0xBB, 0xB6, 0x37, 0xCF, 0xFF, 0xFF, 0xEE, 0xEE, 
	0x83, 0x76, 0xBB, 0xBB, 0xBB, 0xBB, 0xBB, 0xBB, 0xBB, 0xBB, 0xBB, 0xBB, 0xBB, 0xBB, 0xB7, 0x37, 
	0xCC, 0x77, 0x66, 0x66, 0xBB, 0xBB, 0xBB, 0xBB, 0xBB, 0xBB, 0xBB, 0xBB, 0xBB, 0xBB, 0xB6, 0x7E, 
	0xFC, 0x33, 0x38, 0xEF, 0xFC, 0x33, 0x78, 0xEC, 0x77, 0xBB, 0xBB, 0xBB, 0xBB, 0xBB, 0xBB, 0xBB, 
	0xBB, 0xBB, 0xB3, 0x7C, 0xFF, 0x83, 0x7B, 0x77, 0xEF, 0xE8, 0x37, 0x6B, 0xBB, 0xBB, 0xBB, 0xBB, 
	0xBB, 0xBB, 0xBB, 0xBB, 0xBB, 0xBB, 0xB6, 0x37, 0x8C, 0xFE, 0xC7, 0x33, 0x6B, 0xBB, 0xBB, 0xBB, 
	0xBB, 0xBB, 0xBB, 0xBB, 0xBB, 0xBB, 0xBB, 0xBB, 0xBB, 0xBB, 0xBB, 0xBB, 0xBB, 0xBB, 0xBB, 0xBB, 
	0xBB, 0xBB, 0xBB, 0xBB, 0xBB, 0xBB, 0xBB, 0xBB, 0xBB, 0xBB, 0xBB, 0xBB, 0xBB, 0xB6, 0x77, 0x88, 
	0xC8, 0x83, 0x76, 0xBB, 0xBB, 0xBB, 0xBB, 0xBB, 0xBB, 0xBB, 0xBB, 0xBB, 0xBB, 0xBB, 0xB7, 0x38, 
	0xFF, 0xFF, 0xFF, 0xFF, 0xFF, 0xEC, 0x77, 0x6B, 0xBB, 0xBB, 0xBB, 0xBB, 0xBB, 0xBB, 0xBB, 0xBB, 
	0xBB, 0xBB, 0xBB, 0x63, 0x8C, 0xE8, 0x77, 0x67, 0x76, 0xBB, 0xBB, 0xBB, 0xBB, 0xBB, 0xBB, 0xBB, 
	0xBB, 0xBB, 0xBB, 0xB6, 0x7E, 0xFC, 0x77, 0x7C, 0xFF, 0xFE, 0x77, 0x8C, 0xFC, 0x77, 0xBB, 0xBB, 
	0xBB, 0xBB, 0xBB, 0xBB, 0xB6, 0x66, 0x66, 0x66, 0x37, 0xCF, 0x87, 0x6B, 0x77, 0xCE, 0xC7, 0x76, 
	0x66, 0x66, 0x66, 0xBB, 0xBB, 0xBB, 0xBB, 0xBB, 0xBB, 0x66, 0x66, 0x66, 0x73, 0x7C, 0xFE, 0x83, 
	0x37, 0x66, 0x66, 0x66, 0xBB, 0xBB, 0xBB, 0xBB, 0xBB, 0xBB, 0xBB, 0xBB, 0xBB, 0xBB, 0xBB, 0xBB, 
	0xBB, 0xBB, 0xBB, 0xBB, 0xBB, 0xBB, 0xBB, 0xBB, 0xBB, 0xBB, 0xBB, 0xBB, 0xBB, 0xBB, 0xBB, 0xBB, 
	0xBB, 0xBB, 0xB7, 0x38, 0xCE, 0xFF, 0xC7, 0x37, 0xBB, 0xBB, 0xBB, 0xBB, 0xBB, 0xBB, 0xBB, 0xBB, 
	0xBB, 0xBB, 0xBB, 0x63, 0x7C, 0xFF, 0xFF, 0xFF, 0xFF, 0xFF, 0xFE, 0xC7, 0x76, 0xBB, 0xBB, 0xBB, 
	0xBB, 0xBB, 0xBB, 0xBB, 0xBB, 0xBB, 0xBB, 0xB6, 0x37, 0xEF, 0xE7, 0x77, 0x77, 0x77, 0x6B, 0xBB, 
	0xBB, 0xBB, 0xBB, 0xBB, 0xBB, 0xBB, 0xBB, 0xBB, 0xB6, 0x7E, 0xFE, 0xCC, 0xCE, 0xFF, 0xFE, 0xCC, 
	0xEE, 0xFC, 0x77, 0xBB, 0xBB, 0xBB, 0xBB, 0xBB, 0xBB, 0x67, 0x77, 0x77, 0x6B, 0x63, 0x8F, 0x87, 
	0x6B, 0x77, 0xCE, 0x87, 0x6B, 0x67, 0x77, 0x77, 0xBB, 0xBB, 0xBB, 0xBB, 0xBB, 0x66, 0x73, 0x77, 
	0x77, 0x32, 0x3C, 0xFE, 0x82, 0x37, 0x73, 0x33, 0x77, 0x6B, 0xBB, 0xBB, 0xBB, 0xBB, 0xBB, 0xBB, 
	0xBB, 0xBB, 0xBB, 0xBB, 0xBB, 0xBB, 0xBB, 0xBB, 0xBB, 0xBB, 0xBB, 0xBB, 0xBB, 0xBB, 0xBB, 0xBB, 
	0xBB, 0xBB, 0xBB, 0xBB, 0xBB, 0xBB, 0xBB, 0xB3, 0x8E, 0xFF, 0xFF, 0xFC, 0x77, 0xBB, 0xBB, 0xBB, 
	0xBB, 0xBB, 0xBB, 0xBB, 0xBB, 0xBB, 0xBB, 0xBB, 0x63, 0xCF, 0xFF, 0xFF, 0xFF, 0xFF, 0xFF, 0xFF, 
	0xF8, 0x37, 0xBB, 0xBB, 0xBB, 0xBB, 0xBB, 0xBB, 0xBB, 0xBB, 0xBB, 0xBB, 0x73, 0x7E, 0xFF, 0xE3, 
	0x77, 0x3C, 0xC8, 0x36, 0xBB, 0xBB, 0xBB, 0xBB, 0xBB, 0xBB, 0xBB, 0xBB, 0xBB, 0xB6, 0x7C, 0xFF, 
	0xFF, 0xFF, 0xFF, 0xFF, 0xFF, 0xFF, 0xFC, 0x77, 0xBB, 0xBB, 0xBB, 0xBB, 0xBB, 0xBB, 0x77, 0xCE, 
	0xC7, 0x76, 0x67, 0x7F, 0xC7, 0x7B, 0x78, 0xEE, 0x87, 0xB7, 0x78, 0xEE, 0xC3, 0x7B, 0xBB, 0xBB, 
	0xBB, 0xB6, 0x33, 0x78, 0x88, 0x73, 0x22, 0x7C, 0xFF, 0x83, 0x23, 0x37, 0x88, 0x73, 0x36, 0xBB, 
	0xBB, 0xBB, 0xBB, 0xBB, 0xBB, 0xBB, 0xBB, 0xBB, 0xBB, 0xBB, 0xBB, 0xBB, 0xBB, 0xBB, 0xBB, 0xBB, 
	0xBB, 0xBB, 0xBB, 0xBB, 0xBB, 0xBB, 0xBB, 0xBB, 0xBB, 0xBB, 0xBB, 0xBB, 0xB2, 0x8E, 0xFF, 0xFF, 
	0xFE, 0x87, 0xBB, 0xBB, 0xBB, 0xBB, 0xBB, 0xBB, 0xBB, 0xBB, 0xBB, 0xBB, 0xB6, 0x77, 0xEF, 0xFF, 
	0xFF, 0xFF, 0xFF, 0xFF, 0xFF, 0xFE, 0x83, 0x6B, 0xBB, 0xBB, 0xBB, 0xBB, 0xBB, 0xBB, 0xBB, 0xBB, 
	0xB6, 0x38, 0xEF, 0xFE, 0xC3, 0x77, 0x3E, 0xEC, 0x77, 0x6B, 0xBB, 0xBB, 0xBB, 0xBB, 0xBB, 0xBB, 
	0xBB, 0xBB, 0xB6, 0x77, 0xEF, 0xFF, 0xFF, 0xFF, 0xFF, 0xFF, 0xFF, 0xE8, 0x37, 0xBB, 0xBB, 0xBB, 
	0xBB, 0xBB, 0xB6, 0x38, 0xEE, 0xE8, 0x36, 0x67, 0x7F, 0xC8, 0x37, 0x78, 0xFE, 0x87, 0xB7, 0x7C, 
	0xEE, 0xC3, 0x36, 0xBB, 0xBB, 0xBB, 0x63, 0x7C, 0xEE, 0xEE, 0xEE, 0xC8, 0xCE, 0xFF, 0xCC, 0xCC, 
	0xEE, 0xEE, 0xEC, 0x73, 0x66, 0xBB, 0xBB, 0xBB, 0xBB, 0xBB, 0xBB, 0xBB, 0xBB, 0xBB, 0xBB, 0xBB, 
	0xBB, 0xBB, 0xBB, 0xBB, 0xBB, 0xBB, 0xBB, 0xBB, 0xBB, 0xBB, 0xBB, 0xBB, 0xBB, 0xBB, 0xBB, 0xBB, 
	0xBB, 0xB2, 0x8D, 0xFF, 0xFF, 0xFF, 0x87, 0xBB, 0xBB, 0xBB, 0xBB, 0xBB, 0xBB, 0xBB, 0xBB, 0xBB, 
	0xBB, 0xB6, 0x78, 0xEF, 0xFF, 0xFF, 0xFF, 0xFF, 0xFF, 0xFF, 0xFF, 0xC3, 0x7B, 0xBB, 0xBB, 0xBB, 
	0xBB, 0xBB, 0xBB, 0xBB, 0xBB, 0xB7, 0x7C, 0xFF, 0xFE, 0x83, 0x37, 0x7E, 0xFE, 0xC7, 0x6B, 0xBB, 
	0xBB, 0xBB, 0xBB, 0xBB, 0xBB, 0xBB, 0xBB, 0xB6, 0x72, 0x8E, 0xFF, 0xFF, 0xFF, 0xFF, 0xFF, 0xFE, 
	0x83, 0x76, 0xBB, 0xBB, 0xBB, 0xBB, 0xBB, 0xB6, 0x38, 0xEF, 0xFC, 0x36, 0x67, 0x7F, 0xEC, 0x23, 
	0x7C, 0xFC, 0x77, 0xB7, 0x7C, 0xFF, 0xC3, 0x36, 0xBB, 0xBB, 0xB6, 0x77, 0xCE, 0xFF, 0xFF, 0xFF, 
	0xFE, 0xEF, 0xFF, 0xEE, 0xFF, 0xFF, 0xFF, 0xFF, 0xC7, 0x36, 0xBB, 0xBB, 0xBB, 0xBB, 0xBB, 0xBB, 
	0xBB, 0xBB, 0xBB, 0xBB, 0xBB, 0xBB, 0xBB, 0xBB, 0xBB, 0xBB, 0xBB, 0xBB, 0xBB, 0xBB, 0xBB, 0xBB, 
	0xBB, 0xBB, 0xBB, 0xBB, 0xBB, 0xBB, 0xB3, 0x8C, 0xFF, 0xFF, 0xFC, 0x87, 0xBB, 0xBB, 0xBB, 0xBB, 
	0xBB, 0xBB, 0xBB, 0xBB, 0xBB, 0xBB, 0xB6, 0x7C, 0xEF, 0xFF, 0xFF, 0xFF, 0xFF, 0xFF, 0xFF, 0xFF, 
	0xC3, 0x36, 0xBB, 0xBB, 0xBB, 0xBB, 0xBB, 0xBB, 0xBB, 0xBB, 0x63, 0x8E, 0xFF, 0xFC, 0x73, 0x37, 
	0x8E, 0xFF, 0xE7, 0x76, 0xBB, 0xBB, 0xBB, 0xBB, 0xBB, 0xBB, 0xBB, 0xBB, 0xBB, 0xB7, 0x38, 0xFF, 
	0xFF, 0xFF, 0xFF, 0xFF, 0xEC, 0x37, 0x6B, 0xBB, 0xBB, 0xBB, 0xBB, 0xBB, 0xBB, 0x37, 0xCE, 0xFC, 
	0x36, 0x67, 0x7F, 0xFC, 0x22, 0x7C, 0xFC, 0x77, 0xB3, 0x7C, 0xFE, 0x83, 0x76, 0xBB, 0xBB, 0xB6, 
	0x38, 0xEF, 0xFF, 0xEE, 0xEE, 0xEF, 0xFF, 0xFF, 0xFF, 0xFE, 0xEE, 0xEF, 0xFF, 0xE8, 0x37, 0xBB, 
	0xBB, 0xBB, 0xBB, 0xBB, 0xBB, 0xBB, 0xBB, 0xBB, 0xBB, 0xBB, 0xBB, 0xBB, 0xBB, 0xBB, 0xBB, 0xBB, 
	0xBB, 0xBB, 0xBB, 0xBB, 0xBB, 0xBB, 0xBB, 0xBB, 0xBB, 0xBB, 0xBB, 0xB7, 0x3C, 0xEF, 0xFF, 0xE8, 
	0x77, 0xBB, 0xBB, 0xBB, 0xBB, 0xBB, 0xBB, 0xBB, 0xBB, 0xBB, 0xBB, 0x73, 0x8F, 0xFF, 0xFF, 0xFF, 
	0xFF, 0xFF, 0xFF, 0xFF, 0xFF, 0xC7, 0x26, 0xBB, 0xBB, 0xBB, 0xBB, 0xBB, 0xBB, 0xBB, 0xBB, 0x63, 
	0xCE, 0xFF, 0xFC, 0x73, 0x37, 0xCF, 0xFF, 0xF8, 0x77, 0xBB, 0xBB, 0xBB, 0xBB, 0xBB, 0xBB, 0xBB, 
	0xBB, 0xBB, 0xB6, 0x78, 0xEF, 0xFF, 0xFF, 0xFF, 0xFF, 0xE8, 0x26, 0xBB, 0xBB, 0xBB, 0xBB, 0xBB, 
	0xBB, 0xBB, 0x67, 0x38, 0xEC, 0x73, 0x77, 0x7F, 0xFC, 0x32, 0xCE, 0xFE, 0x83, 0x73, 0x8E, 0xE8, 
	0x37, 0xBB, 0xBB, 0xBB, 0xB7, 0x3C, 0xFF, 0xFE, 0xC7, 0x37, 0x8F, 0xFF, 0xFF, 0xFE, 0xC7, 0x33, 
	0x8E, 0xFF, 0xFC, 0x83, 0xBB, 0xBB, 0xBB, 0xBB, 0xBB, 0xBB, 0xBB, 0xBB, 0xBB, 0xBB, 0xBB, 0xBB, 
	0xBB, 0xBB, 0xBB, 0xBB, 0xBB, 0xBB, 0xBB, 0xBB, 0xBB, 0xBB, 0xBB, 0xBB, 0xBB, 0xBB, 0xBB, 0xBB, 
	0xB6, 0x37, 0xCF, 0xFE, 0xC7, 0x76, 0xBB, 0xBB, 0xBB, 0xBB, 0xBB, 0xBB, 0xBB, 0xBB, 0xBB, 0xB7, 
	0x38, 0xEF, 0xFF, 0xFF, 0xFF, 0xFC, 0xCE, 0xFF, 0xFF, 0xFF, 0xEC, 0x26, 0xBB, 0xBB, 0xBB, 0xBB, 
	0xBB, 0xBB, 0xBB, 0xBB, 0x62, 0xCF, 0xFF, 0xFC, 0x73, 0x37, 0xCF, 0xFF, 0xFC, 0x77, 0xBB, 0xBB, 
	0xBB, 0xBB, 0xBB, 0xBB, 0xBB, 0xBB, 0xBB, 0xB6, 0x78, 0xEF, 0xFF, 0xFF, 0xFF, 0xFF, 0xE8, 0x26, 
	0xBB, 0xBB, 0xBB, 0xBB, 0xBB, 0xBB, 0xBB, 0xB6, 0x73, 0x8C, 0xC3, 0x33, 0x7F, 0xFC, 0x72, 0xCF, 
	0xFE, 0x82, 0x38, 0xCE, 0x83, 0x76, 0xBB, 0xBB, 0xBB, 0xB7, 0x3C, 0xFF, 0xFC, 0x73, 0x77, 0x7C, 
	0xEF, 0xFF, 0xFE, 0x73, 0x77, 0x3C, 0xEF, 0xFE, 0x83, 0xBB, 0xBB, 0xBB, 0xBB, 0xBB, 0xBB, 0xBB, 
	0xBB, 0xBB, 0xBB, 0xBB, 0xBB, 0xBB, 0xBB, 0xBB, 0xBB, 0xBB, 0xBB, 0xBB, 0xBB, 0xBB, 0xBB, 0xBB, 
	0xBB, 0xBB, 0xBB, 0xBB, 0xBB, 0x67, 0x37, 0xCF, 0xFF, 0xC7, 0x76, 0x6B, 0xBB, 0xBB, 0xBB, 0xBB, 
	0xBB, 0xBB, 0xBB, 0xBB, 0x63, 0x8E, 0xFF, 0xFF, 0xFF, 0xEE, 0xC7, 0x7C, 0xFF, 0xFF, 0xFF, 0xFC, 
	0x26, 0xBB, 0xBB, 0xBB, 0xBB, 0xBB, 0xBB, 0xBB, 0xBB, 0x62, 0xEF, 0xFF, 0xFC, 0x73, 0x27, 0xCF, 
	0xFF, 0xFC, 0x77, 0xBB, 0xBB, 0xBB, 0xBB, 0xBB, 0xBB, 0xBB, 0xBB, 0xBB, 0xB6, 0x38, 0xFF, 0xFF, 
	0xFF, 0xFF, 0xFF, 0xEC, 0x16, 0xBB, 0xBB, 0xBB, 0xBB, 0xBB, 0xBB, 0xBB, 0xBB, 0x63, 0x7C, 0xE8, 
	0x33, 0x7F, 0xFE, 0x87, 0xCF, 0xFE, 0x82, 0x7C, 0xEC, 0x37, 0x6B, 0xBB, 0xBB, 0xBB, 0xB7, 0x3C, 
	0xFF, 0xFC, 0x37, 0x66, 0x38, 0xEF, 0xFF, 0xFC, 0x37, 0x66, 0x38, 0xEF, 0xFC, 0x83, 0xBB, 0xBB, 
	0xBB, 0xBB, 0xBB, 0xBB, 0xBB, 0xBB, 0xBB, 0xBB, 0xBB, 0xBB, 0xBB, 0xBB, 0xBB, 0xBB, 0xBB, 0xBB, 
	0xBB, 0xBB, 0xBB, 0xBB, 0xBB, 0xBB, 0xBB, 0xBB, 0xBB, 0xB6, 0x72, 0x7C, 0xFF, 0xFF, 0xF8, 0x33, 
	0x7B, 0xBB, 0xBB, 0xBB, 0xBB, 0xBB, 0xBB, 0xBB, 0xB6, 0x72, 0xCF, 0xFF, 0xFE, 0xEE, 0x87, 0x22, 
	0x7C, 0xFF, 0xFF, 0xFF, 0xFE, 0x26, 0x6B, 0xBB, 0xBB, 0xBB, 0xBB, 0xBB, 0xBB, 0xBB, 0x62, 0xEF, 
	0xFF, 0xFE, 0x83, 0x37, 0xCF, 0xFF, 0xFC, 0x77, 0xBB, 0xBB, 0xBB, 0xBB, 0xBB, 0xBB, 0xBB, 0xBB, 
	0xBB, 0xB6, 0x38, 0xFF, 0xFF, 0xFF, 0xFF, 0xFF, 0xEC, 0x16, 0xBB, 0xBB, 0xBB, 0xBB, 0xBB, 0xBB, 
	0xBB, 0xBB, 0xB7, 0x3C, 0xEE, 0x83, 0x7F, 0xFE, 0xC8, 0xEF, 0xFE, 0x87, 0x8E, 0xC7, 0x36, 0xBB, 
	0xBB, 0xBB, 0xBB, 0xB7, 0x3C, 0xFF, 0xFC, 0x36, 0x66, 0x38, 0xEF, 0xFF, 0xFC, 0x26, 0x66, 0x28, 
	0xEF, 0xFC, 0x73, 0xBB, 0xBB, 0xBB, 0xBB, 0xBB, 0xBB, 0xBB, 0xBB, 0xBB, 0xBB, 0xBB, 0xBB, 0xBB, 
	0xBB, 0xBB, 0xBB, 0xBB, 0xBB, 0xBB, 0xBB, 0xBB, 0xBB, 0xBB, 0xBB, 0xBB, 0xBB, 0xBB, 0xB6, 0x37, 
	0xCE, 0xFF, 0xFF, 0xFE, 0x83, 0x36, 0xBB, 0xBB, 0xBB, 0xBB, 0xBB, 0xBB, 0xBB, 0xB6, 0x72, 0x8E, 
	0xFF, 0xE8, 0x73, 0x33, 0x22, 0x8E, 0xFF, 0xFF, 0xFF, 0xFE, 0x26, 0x6B, 0xBB, 0xBB, 0xBB, 0xBB, 
	0xBB, 0xBB, 0xBB, 0x62, 0xEF, 0xFF, 0xFE, 0xE8, 0x8C, 0xEF, 0xFF, 0xFC, 0x77, 0xBB, 0xBB, 0xBB, 
	0xBB, 0xBB, 0xBB, 0xBB, 0xBB, 0xBB, 0xB6, 0x38, 0xFF, 0xFF, 0xFF, 0xFF, 0xFF, 0xEC, 0x16, 0xBB, 
	0xBB, 0xBB, 0xBB, 0xBB, 0xBB, 0xBB, 0xBB, 0xBB, 0x37, 0xCF, 0xC8, 0x8F, 0xFF, 0xFE, 0xFF, 0xFC, 
	0x88, 0xEE, 0xC3, 0x7B, 0xBB, 0xBB, 0xBB, 0xBB, 0xB6, 0x38, 0xEF, 0xFC, 0x73, 0x67, 0x38, 0xEF, 
	0xFF, 0xFC, 0x27, 0x67, 0x3E, 0xFF, 0xE8, 0x77, 0xBB, 0xBB, 0xBB, 0xBB, 0xBB, 0xBB, 0xBB, 0xBB, 
	0xBB, 0xBB, 0xBB, 0xBB, 0xBB, 0xBB, 0xBB, 0xBB, 0xBB, 0xBB, 0xBB, 0xBB, 0xBB, 0xBB, 0xBB, 0xBB, 
	0xBB, 0xBB, 0xBB, 0xB6, 0x33, 0x7C, 0xFF, 0xFF, 0xFC, 0x73, 0x7B, 0xBB, 0xBB, 0xBB, 0xBB, 0xBB, 
	0xBB, 0xBB, 0xBB, 0x67, 0x78, 0x8C, 0x87, 0x76, 0x73, 0x38, 0xEF, 0xFF, 0xFF, 0xFF, 0xFE, 0x26, 
	0x6B, 0xBB, 0xBB, 0xBB, 0xBB, 0xBB, 0xBB, 0xBB, 0x62, 0xEF, 0xFF, 0xFF, 0xEE, 0xEE, 0xFF, 0xFF, 
	0xF8, 0x77, 0xBB, 0xBB, 0xBB, 0xBB, 0xBB, 0xBB, 0xBB, 0xBB, 0xBB, 0xB6, 0x38, 0xFF, 0xFF, 0xFF, 
	0xFF, 0xFF, 0xFC, 0x16, 0xBB, 0xBB, 0xBB, 0xBB, 0xBB, 0xBB, 0xBB, 0xBB, 0xBB, 0x77, 0x8F, 0xEE, 
	0xEF, 0xFF, 0xFF, 0xFF, 0xFE, 0xEE, 0xFE, 0x87, 0x6B, 0xBB, 0xBB, 0xBB, 0xBB, 0xBB, 0x77, 0xCF, 
	0xFE, 0xC7, 0x73, 0x38, 0xEF, 0xFF, 0xFC, 0x23, 0x37, 0xCE, 0xFE, 0xC7, 0x76, 0xBB, 0xBB, 0xBB, 
	0xBB, 0xBB, 0xBB, 0xBB, 0xBB, 0xBB, 0xBB, 0xBB, 0xBB, 0xBB, 0xBB, 0xBB, 0xBB, 0xBB, 0xBB, 0xBB, 
	0xBB, 0xBB, 0xBB, 0xBB, 0xBB, 0xBB, 0xBB, 0xBB, 0xB6, 0x73, 0x38, 0xFF, 0xFF, 0xF7, 0x33, 0x6B, 
	0xBB, 0xBB, 0xBB, 0xBB, 0xBB, 0xBB, 0xBB, 0xBB, 0xB6, 0x77, 0x77, 0x37, 0x66, 0x77, 0x8C, 0xEF, 
	0xFF, 0xFF, 0xFF, 0xFC, 0x26, 0xBB, 0xBB, 0xBB, 0xBB, 0xBB, 0xBB, 0xBB, 0xBB, 0x61, 0xCF, 0xFF, 
	0xFF, 0xFF, 0xFF, 0xFF, 0xFF, 0xF8, 0x76, 0xBB, 0xBB, 0xBB, 0xBB, 0xBB, 0xBB, 0xBB, 0xBB, 0xBB, 
	0xB6, 0x38, 0xFF, 0xFF, 0xFF, 0xFF, 0xFF, 0xFE, 0x16, 0xBB, 0xBB, 0xBB, 0xBB, 0xBB, 0xBB, 0xBB, 
	0xBB, 0xBB, 0x67, 0x7D, 0xFF, 0xFF, 0xFF, 0xFF, 0xFF, 0xFF, 0xFF, 0xF8, 0x77, 0xBB, 0xBB, 0xBB, 
	0xBB, 0xBB, 0xBB, 0x63, 0x7E, 0xFF, 0xEC, 0x73, 0x38, 0xEF, 0xFF, 0xFC, 0x22, 0x7C, 0xEF, 0xFE, 
	0x77, 0x6B, 0xBB, 0xBB, 0xBB, 0xBB, 0xBB, 0xBB, 0xBB, 0xBB, 0xBB, 0xBB, 0xBB, 0xBB, 0xBB, 0xBB, 
	0xBB, 0xBB, 0xBB, 0xBB, 0xBB, 0xBB, 0xBB, 0xBB, 0xBB, 0xBB, 0xBB, 0xBB, 0xBB, 0xBB, 0x67, 0x38, 
	0xFF, 0xFF, 0xF8, 0x37, 0xBB, 0xBB, 0xBB, 0xBB, 0xBB, 0xBB, 0xBB, 0xBB, 0xBB, 0xBB, 0xB6, 0x77, 
	0x76, 0xB7, 0x38, 0xEF, 0xFF, 0xFF, 0xFF, 0xFF, 0xE8, 0x26, 0xBB, 0xBB, 0xBB, 0xBB, 0xBB, 0xBB, 
	0xBB, 0xBB, 0x61, 0xCE, 0xFF, 0xFF, 0xFF, 0xFF, 0xFF, 0xFF, 0xE7, 0x76, 0xBB, 0xBB, 0xBB, 0xBB, 
	0xBB, 0xBB, 0xBB, 0xBB, 0xBB, 0xB6, 0x38, 0xFF, 0xFF, 0xFF, 0xFF, 0xFF, 0xFE, 0x16, 0xBB, 0xBB, 
	0xBB, 0xBB, 0xBB, 0xBB, 0xBB, 0xBB, 0xBB, 0xB6, 0x38, 0xEF, 0xFF, 0xFF, 0xFF, 0xFF, 0xFF, 0xFF, 
	0xE7, 0x36, 0xBB, 0xBB, 0xBB, 0xBB, 0xBB, 0xBB, 0xB6, 0x37, 0xEF, 0xFF, 0xE8, 0x78, 0xEF, 0xFF, 
	0xFC, 0x77, 0xCF, 0xFF, 0xE8, 0x36, 0xBB, 0xBB, 0xBB, 0xBB, 0xBB, 0xBB, 0xBB, 0xBB, 0xBB, 0xBB, 
	0xBB, 0xBB, 0xBB, 0xBB, 0xBB, 0xBB, 0xBB, 0xBB, 0xBB, 0xBB, 0xBB, 0xBB, 0xBB, 0xBB, 0xBB, 0xBB, 
	0xBB, 0xBB, 0xBB, 0xB3, 0x7C, 0xFF, 0xFF, 0xFC, 0x77, 0xBB, 0xBB, 0xBB, 0xBB, 0xBB, 0xBB, 0xBB, 
	0xBB, 0xBB, 0xBB, 0xBB, 0xBB, 0xBB, 0x67, 0x8C, 0xFF, 0xFF, 0xFF, 0xFF, 0xFF, 0xC7, 0x36, 0xBB, 
	0xBB, 0xBB, 0xBB, 0xBB, 0xBB, 0xBB, 0xBB, 0xB3, 0x7C, 0xFF, 0xFF, 0xFF, 0xFF, 0xFF, 0xFE, 0xC3, 
	0x6B, 0xBB, 0xBB, 0xBB, 0xBB, 0xBB, 0xBB, 0xBB, 0xBB, 0xBB, 0xB7, 0x38, 0xFF, 0xFF, 0xFF, 0xFF, 
	0xFF, 0xFE, 0x16, 0xBB, 0xBB, 0xBB, 0xBB, 0xBB, 0xBB, 0xBB, 0xBB, 0xBB, 0xB6, 0x33, 0xEF, 0xFF, 
	0xFF, 0xFF, 0xFF, 0xFF, 0xFE, 0xC7, 0x6B, 0xBB, 0xBB, 0xBB, 0xBB, 0xBB, 0xBB, 0xB6, 0x73, 0x8E, 
	0xFF, 0xFE, 0xEE, 0xEF, 0xFF, 0xFE, 0xCE, 0xFF, 0xFE, 0x87, 0x76, 0xBB, 0xBB, 0xBB, 0xBB, 0xBB, 
	0xBB, 0xBB, 0xBB, 0xBB, 0xBB, 0xBB, 0xBB, 0xBB, 0xBB, 0xBB, 0xBB, 0xBB, 0xBB, 0xBB, 0xBB, 0xBB, 
	0xBB, 0xBB, 0xBB, 0xBB, 0xBB, 0xBB, 0xBB, 0xBB, 0x63, 0xCE, 0xFF, 0xFF, 0xFE, 0x83, 0x6B, 0xBB, 
	0xBB, 0xBB, 0xBB, 0xBB, 0xBB, 0xBB, 0xBB, 0xBB, 0xBB, 0xBB, 0xB6, 0x77, 0xCF, 0xFF, 0xFF, 0xFF, 
	0xFF, 0xFF, 0xC3, 0x7B, 0xBB, 0xBB, 0xBB, 0xBB, 0xBB, 0xBB, 0xBB, 0xBB, 0xB7, 0x38, 0xEF, 0xFF, 
	0xFF, 0xFF, 0xFF, 0xFE, 0x73, 0x6B, 0xBB, 0xBB, 0xBB, 0xBB, 0xBB, 0xBB, 0xBB, 0xBB, 0xBB, 0xB7, 
	0x38, 0xFF, 0xFF, 0xFF, 0xFF, 0xFF, 0xFE, 0x26, 0xBB, 0xBB, 0xBB, 0xBB, 0xBB, 0xBB, 0xBB, 0xBB, 
	0xBB, 0xBB, 0x62, 0x8E, 0xFF, 0xFF, 0xFF, 0xFF, 0xFF, 0xFE, 0x77, 0x6B, 0xBB, 0xBB, 0xBB, 0xBB, 
	0xBB, 0xBB, 0xBB, 0x67, 0x78, 0xCF, 0xFF, 0xFF, 0xFF, 0xFF, 0xFF, 0xFF, 0xFE, 0xC8, 0x77, 0x6B, 
	0xBB, 0xBB, 0xBB, 0xBB, 0xBB, 0xBB, 0xBB, 0xBB, 0xBB, 0xBB, 0xBB, 0xBB, 0xBB, 0xBB, 0xBB, 0xBB, 
	0xBB, 0xBB, 0xBB, 0xBB, 0xBB, 0xBB, 0xBB, 0xBB, 0xBB, 0xBB, 0xBB, 0xBB, 0xB6, 0x38, 0xEF, 0xFF, 
	0xFF, 0xFF, 0xC7, 0x36, 0xBB, 0xBB, 0xBB, 0xBB, 0xBB, 0xBB, 0xBB, 0xBB, 0xBB, 0xBB, 0xBB, 0x67, 
	0x3C, 0xEF, 0xFF, 0xFF, 0xFF, 0xFF, 0xFE, 0x83, 0x6B, 0xBB, 0xBB, 0xBB, 0xBB, 0xBB, 0xBB, 0xBB, 
	0xBB, 0xB6, 0x33, 0x8E, 0xFF, 0xFF, 0xFF, 0xFF, 0xE8, 0x22, 0x7B, 0xBB, 0xBB, 0xBB, 0xBB, 0xBB, 
	0xBB, 0xBB, 0xBB, 0xBB, 0x67, 0x3C, 0xFF, 0xFF, 0xFF, 0xFF, 0xFF, 0xFE, 0x27, 0x6B, 0xBB, 0xBB, 
	0xBB, 0xBB, 0xBB, 0xBB, 0xBB, 0xBB, 0xBB, 0x62, 0x3C, 0xFF, 0xFF, 0xFF, 0xFF, 0xFF, 0xE8, 0x27, 
	0x6B, 0xBB, 0xBB, 0xBB, 0xBB, 0xBB, 0xBB, 0xBB, 0xB6, 0x73, 0x7E, 0xFF, 0xFF, 0xFF, 0xFF, 0xFF, 
	0xFF, 0xFE, 0x73, 0x76, 0xBB, 0xBB, 0xBB, 0xBB, 0xBB, 0xBB, 0xBB, 0xBB, 0xBB, 0xBB, 0xBB, 0xBB, 
	0xBB, 0xBB, 0xBB, 0xBB, 0xBB, 0xBB, 0xBB, 0xBB, 0xBB, 0xBB, 0xBB, 0xBB, 0xBB, 0xBB, 0xBB, 0xBB, 
	0xBB, 0x73, 0x7F, 0xFF, 0xFF, 0xFF, 0xFF, 0xFE, 0x33, 0x6B, 0xBB, 0xBB, 0xBB, 0xBB, 0xBB, 0xBB, 
	0xBB, 0xBB, 0xBB, 0xB6, 0x33, 0x8F, 0xFF, 0xFF, 0xFF, 0xFF, 0xFF, 0xF8, 0x77, 0x6B, 0xBB, 0xBB, 
	0xBB, 0xBB, 0xBB, 0xBB, 0xBB, 0xBB, 0x63, 0x23, 0x7E, 0xFF, 0xFF, 0xFF, 0xFE, 0x83, 0x22, 0x36, 
	0xBB, 0xBB, 0xBB, 0xBB, 0xBB, 0xBB, 0xBB, 0xBB, 0xB6, 0x63, 0x7C, 0xFF, 0xFF, 0xFF, 0xFF, 0xFF, 
	0xFE, 0x33, 0x76, 0xBB, 0xBB, 0xBB, 0xBB, 0xBB, 0xBB, 0xBB, 0xBB, 0xB6, 0x73, 0x3C, 0xFF, 0xFF, 
	0xFF, 0xFF, 0xFF, 0xC7, 0x23, 0x76, 0xBB, 0xBB, 0xBB, 0xBB, 0xBB, 0xBB, 0xBB, 0xBB, 0x63, 0x38, 
	0xEF, 0xFF, 0xFF, 0xFF, 0xFF, 0xFF, 0xE8, 0x33, 0x6B, 0xBB, 0xBB, 0xBB, 0xBB, 0xBB, 0xBB, 0xBB, 
	0xBB, 0xBB, 0xBB, 0xBB, 0xBB, 0xBB, 0xBB, 0xBB, 0xBB, 0xBB, 0xBB, 0xBB, 0xBB, 0xBB, 0xBB, 0xBB, 
	0xBB, 0xBB, 0xBB, 0xBB, 0xBB, 0xB7, 0x37, 0xEF, 0xFF, 0xFF, 0xFF, 0xFF, 0xFF, 0xE7, 0x36, 0xBB, 
	0xBB, 0xBB, 0xBB, 0xBB, 0xBB, 0xBB, 0xBB, 0xBB, 0x67, 0x7C, 0xEF, 0xFF, 0xFF, 0xFF, 0xFF, 0xFF, 
	0xFE, 0xC8, 0x77, 0x6B, 0xBB, 0xBB, 0xBB, 0xBB, 0xBB, 0xBB, 0xB6, 0x33, 0xCE, 0xEE, 0xFF, 0xFF, 
	0xFF, 0xFE, 0xEC, 0xCC, 0x83, 0x7B, 0xBB, 0xBB, 0xBB, 0xBB, 0xBB, 0xBB, 0xBB, 0x67, 0x78, 0xCE, 
	0xFF, 0xFF, 0xFF, 0xFF, 0xFF, 0xFF, 0xE8, 0x77, 0x6B, 0xBB, 0xBB, 0xBB, 0xBB, 0xBB, 0xBB, 0xBB, 
	0x67, 0x7C, 0xEE, 0xFF, 0xFF, 0xFF, 0xFF, 0xFF, 0xEC, 0x87, 0x37, 0x6B, 0xBB, 0xBB, 0xBB, 0xBB, 
	0xBB, 0xBB, 0xBB, 0x73, 0x7C, 0xEF, 0xFF, 0xFF, 0xFF, 0xFF, 0xFF, 0xEE, 0xC7, 0x36, 0xBB, 0xBB, 
	0xBB, 0xBB, 0xBB, 0xBB, 0xBB, 0xBB, 0xBB, 0xBB, 0xBB, 0xBB, 0xBB, 0xBB, 0xBB, 0xBB, 0xBB, 0xBB, 
	0xBB, 0xBB, 0xBB, 0xBB, 0xBB, 0xBB, 0xBB, 0xBB, 0xBB, 0xBB, 0x63, 0x8C, 0xFF, 0xFF, 0xFF, 0xFF, 
	0xFF, 0xFF, 0xFC, 0x77, 0x6B, 0xBB, 0xBB, 0xBB, 0xBB, 0xBB, 0xBB, 0xBB, 0xB6, 0x73, 0xCE, 0xFF, 
	0xFF, 0xFF, 0xFF, 0xFF, 0xFF, 0xFF, 0xEC, 0x87, 0x6B, 0xBB, 0xBB, 0xBB, 0xBB, 0xBB, 0xBB, 0x67, 
	0x3C, 0xEF, 0xFF, 0xFF, 0xFF, 0xFF, 0xFF, 0xFF, 0xFF, 0xC8, 0x36, 0xBB, 0xBB, 0xBB, 0xBB, 0xBB, 
	0xBB, 0xBB, 0x73, 0x8C, 0xFF, 0xFF, 0xFF, 0xFF, 0xFF, 0xFF, 0xFF, 0xFE, 0x87, 0x7B, 0xBB, 0xBB, 
	0xBB, 0xBB, 0xBB, 0xBB, 0xBB, 0x77, 0x8E, 0xFF, 0xFF, 0xFF, 0xFF, 0xFF, 0xFF, 0xFF, 0xEC, 0x83, 
	0x7B, 0xBB, 0xBB, 0xBB, 0xBB, 0xBB, 0xBB, 0xB6, 0x38, 0xCE, 0xFF, 0xFF, 0xFF, 0xFF, 0xFF, 0xFF, 
	0xFF, 0xEC, 0x77, 0x6B, 0xBB, 0xBB, 0xBB, 0xBB, 0xBB, 0xBB, 0xBB, 0xBB, 0xBB, 0xBB, 0xBB, 0xBB, 
	0xBB, 0xBB, 0xBB, 0xBB, 0xBB, 0xBB, 0xBB, 0xBB, 0xBB, 0xBB, 0xBB, 0xBB, 0xBB, 0xBB, 0xB6, 0x73, 
	0xCF, 0xFF, 0xFF, 0xFF, 0xFF, 0xFF, 0xFF, 0xFE, 0x83, 0x6B, 0xBB, 0xBB, 0xBB, 0xBB, 0xBB, 0xBB, 
	0xBB, 0xB6, 0x37, 0xEF, 0xFF, 0xFF, 0xFF, 0xFF, 0xFF, 0xFF, 0xFF, 0xFF, 0xC7, 0x6B, 0xBB, 0xBB, 
	0xBB, 0xBB, 0xBB, 0xBB, 0x63, 0x7E, 0xFF, 0xFF, 0xFF, 0xFF, 0xFF, 0xFF, 0xFF, 0xFF, 0xFA, 0x37, 
	0x6B, 0xBB, 0xBB, 0xBB, 0xBB, 0xBB, 0xBB, 0x37, 0xCF, 0xFF, 0xFF, 0xFF, 0xFF, 0xFF, 0xFF, 0xFF, 
	0xFF, 0xE8, 0x36, 0xBB, 0xBB, 0xBB, 0xBB, 0xBB, 0xBB, 0xBB, 0x38, 0xEF, 0xFF, 0xFF, 0xFF, 0xFF, 
	0xFF, 0xFF, 0xFF, 0xFF, 0xC7, 0x36, 0xBB, 0xBB, 0xBB, 0xBB, 0xBB, 0xBB, 0xB7, 0x7C, 0xEF, 0xFF, 
	0xFF, 0xFF, 0xFF, 0xFF, 0xFF, 0xFF, 0xFE, 0x83, 0x6B, 0xBB, 0xBB, 0xBB, 0xBB, 0xBB, 0xBB, 0xBB, 
	0xBB, 0xBB, 0xBB, 0xBB, 0xBB, 0xBB, 0xBB, 0xBB, 0xBB, 0xBB, 0xBB, 0xBB, 0xBB, 0xBB, 0xBB, 0xBB, 
	0xBB, 0xBB, 0xBB, 0xB6, 0x73, 0xDF, 0xFF, 0xFF, 0xFF, 0xFF, 0xFF, 0xFF, 0xFE, 0xC3, 0x36, 0xBB, 
	0xBB, 0xBB, 0xBB, 0xBB, 0xBB, 0xBB, 0xB6, 0x38, 0xEF, 0xFF, 0xFF, 0xFF, 0xFF, 0xFF, 0xFF, 0xFF, 
	0xFF, 0xE7, 0x76, 0xBB, 0xBB, 0xBB, 0xBB, 0xBB, 0xBB, 0x77, 0x8F, 0xFF, 0xFF, 0xFF, 0xFF, 0xFF, 
	0xFF, 0xFF, 0xFF, 0xFA, 0x33, 0x6B, 0xBB, 0xBB, 0xBB, 0xBB, 0xBB, 0xB6, 0x38, 0xCF, 0xFF, 0xFF, 
	0xFF, 0xFF, 0xFF, 0xFF, 0xFF, 0xFF, 0xE8, 0x26, 0xBB, 0xBB, 0xBB, 0xBB, 0xBB, 0xBB, 0xB6, 0x38, 
	0xEF, 0xFF, 0xFF, 0xFF, 0xFF, 0xFF, 0xFF, 0xFF, 0xFF, 0xC8, 0x26, 0xBB, 0xBB, 0xBB, 0xBB, 0xBB, 
	0xBB, 0x63, 0x8C, 0xEF, 0xFF, 0xFF, 0xFF, 0xFF, 0xFF, 0xFF, 0xFF, 0xFE, 0x83, 0x6B, 0xBB, 0xBB, 
	0xBB, 0xBB, 0xBB, 0xBB, 0xBB, 0xBB, 0xBB, 0xBB, 0xBB, 0xBB, 0xBB, 0xBB, 0xBB, 0xBB, 0xBB, 0xBB, 
	0xBB, 0xBB, 0xBB, 0xBB, 0xBB, 0xBB, 0xBB, 0xBB, 0xB6, 0x33, 0xCC, 0xEE, 0xEE, 0xEE, 0xEE, 0xEE, 
	0xEE, 0xEE, 0x83, 0x36, 0xBB, 0xBB, 0xBB, 0xBB, 0xBB, 0xBB, 0xBB, 0xB6, 0x38, 0xCE, 0xEE, 0xEE, 
	0xEE, 0xEE, 0xEE, 0xEE, 0xEE, 0xEE, 0xC7, 0x76, 0xBB, 0xBB, 0xBB, 0xBB, 0xBB, 0xBB, 0x73, 0x8C, 
	0xEE, 0xEE, 0xEE, 0xEE, 0xEE, 0xEE, 0xEE, 0xEE, 0xEC, 0x33, 0x6B, 0xBB, 0xBB, 0xBB, 0xBB, 0xBB, 
	0xB6, 0x38, 0xCC, 0xEE, 0xEE, 0xEE, 0xEE, 0xEE, 0xEE, 0xEE, 0xEE, 0xC8, 0x26, 0xBB, 0xBB, 0xBB, 
	0xBB, 0xBB, 0xBB, 0xB6, 0x38, 0xCE, 0xEE, 0xEE, 0xEE, 0xEE, 0xEE, 0xEE, 0xEE, 0xEE, 0xC8, 0x26, 
	0xBB, 0xBB, 0xBB, 0xBB, 0xBB, 0xBB, 0x63, 0x7C, 0xCE, 0xEE, 0xEE, 0xEE, 0xEE, 0xEE, 0xEE, 0xEE, 
	0xEC, 0x83, 0x6B, 0xBB, 0xBB, 0xBB, 0xBB, 0xBB, 0xBB, 0xBB, 0xBB, 0xBB, 0xBB, 0xBB, 0xBB, 0xBB, 
	0xBB, 0xBB, 0xBB, 0xBB, 0xBB, 0xBB, 0xBB, 0xBB, 0xBB, 0xBB, 0xBB, 0xBB, 0xBB, 0xB6, 0x73, 0x88, 
	0x88, 0x88, 0x88, 0x88, 0x88, 0x88, 0x88, 0x73, 0x7B, 0xBB, 0xBB, 0xBB, 0xBB, 0xBB, 0xBB, 0xBB, 
	0xB6, 0x37, 0x78, 0x88, 0x88, 0x88, 0x88, 0x88, 0x88, 0x88, 0x88, 0x83, 0x7B, 0xBB, 0xBB, 0xBB, 
	0xBB, 0xBB, 0xBB, 0x67, 0x38, 0x88, 0x88, 0x88, 0x88, 0x88, 0x88, 0x88, 0x88, 0x88, 0x37, 0x6B, 
	0xBB, 0xBB, 0xBB, 0xBB, 0xBB, 0xB6, 0x77, 0x88, 0x88, 0x88, 0x88, 0x88, 0x88, 0x88, 0x88, 0x88, 
	0x77, 0x36, 0xBB, 0xBB, 0xBB, 0xBB, 0xBB, 0xBB, 0xB6, 0x77, 0x88, 0x88, 0x88, 0x88, 0x88, 0x88, 
	0x88, 0x88, 0x88, 0x77, 0x36, 0xBB, 0xBB, 0xBB, 0xBB, 0xBB, 0xBB, 0xB7, 0x37, 0x88, 0x88, 0x88, 
	0x88, 0x88, 0x88, 0x88, 0x88, 0x88, 0x77, 0x6B, 0xBB, 0xBB, 0xBB, 0xBB, 0xBB, 0xBB, 0xBB, 0xBB, 
	0xBB, 0xBB, 0xBB, 0xBB, 0xBB, 0xBB, 0xBB, 0xBB, 0xBB, 0xBB, 0xBB, 0xBB, 0xBB, 0xBB, 0xBB, 0xBB, 
	0xBB, 0xBB, 0xBB, 0x67, 0x33, 0x33, 0x33, 0x33, 0x33, 0x33, 0x33, 0x33, 0x37, 0x6B, 0xBB, 0xBB, 
	0xBB, 0xBB, 0xBB, 0xBB, 0xBB, 0xB6, 0x73, 0x33, 0x33, 0x33, 0x33, 0x33, 0x33, 0x33, 0x33, 0x33, 
	0x37, 0x6B, 0xBB, 0xBB, 0xBB, 0xBB, 0xBB, 0xBB, 0x66, 0x73, 0x33, 0x33, 0x33, 0x33, 0x33, 0x33, 
	0x33, 0x33, 0x33, 0x76, 0xBB, 0xBB, 0xBB, 0xBB, 0xBB, 0xBB, 0xBB, 0x67, 0x33, 0x33, 0x33, 0x33, 
	0x33, 0x33, 0x33, 0x33, 0x33, 0x33, 0x6B, 0xBB, 0xBB, 0xBB, 0xBB, 0xBB, 0xBB, 0xBB, 0x67, 0x33, 
	0x33, 0x33, 0x33, 0x33, 0x33, 0x33, 0x33, 0x33, 0x37, 0x6B, 0xBB, 0xBB, 0xBB, 0xBB, 0xBB, 0xBB, 
	0xB6, 0x73, 0x33, 0x33, 0x33, 0x33, 0x33, 0x33, 0x33, 0x33, 0x33, 0x76, 0xBB, 0xBB, 0xBB, 0xBB, 
	0xBB, 0xBB, 0xBB, 0xBB, 0xBB, 0xBB, 0xBB, 0xBB, 0xBB, 0xBB, 0xBB, 0xBB, 0xBB, 0xBB, 0xBB, 0xBB, 
	0xBB, 0xBB, 0xBB, 0xBB, 0xBB, 0xBB, 0xBB, 0xBB, 0xBB, 0xBB, 0xBB, 0xBB, 0xBB, 0xBB, 0xBB, 0xBB, 
	0xBB, 0xBB, 0xBB, 0xBB, 0xBB, 0xBB, 0xBB, 0xBB, 0xBB, 0xBB, 0xBB, 0xBB, 0xBB, 0xBB, 0xBB, 0xBB, 
	0xBB, 0xBB, 0xBB, 0xBB, 0xBB, 0xBB, 0xBB, 0xBB, 0xBB, 0xBB, 0xBB, 0xBB, 0xBB, 0xBB, 0xBB, 0xBB, 
	0xBB, 0xBB, 0xBB, 0xBB, 0xBB, 0xBB, 0xBB, 0xBB, 0xBB, 0xBB, 0xBB, 0xBB, 0xBB, 0xBB, 0xBB, 0xBB, 
	0xBB, 0xBB, 0xBB, 0xBB, 0xBB, 0xBB, 0xBB, 0xBB, 0xBB, 0xBB, 0xBB, 0xBB, 0xBB, 0xBB, 0xBB, 0xBB, 
	0xBB, 0xBB, 0xBB, 0xBB, 0xBB, 0xBB, 0xBB, 0xBB, 0xBB, 0xBB, 0xBB, 0xBB, 0xBB, 0xBB, 0xBB, 0xBB, 
	0xBB, 0xBB, 0xBB, 0xBB, 0xBB, 0xBB, 0xBB, 0xBB, 0xBB, 0xBB, 0xBB, 0xBB, 0xBB, 0xBB, 0xBB, 0xBB, 
	0xBB, 0xBB, 0xBB, 0xBB, 0xBB, 0xBB, 0xBB, 0xBB, 0xBB, 0xBB, 0xBB, 0xBB, 0xBB, 0xBB, 0xBB, 0xBB, 
	0xBB, 0xBB, 0xBB, 0xBB, 0xBB, 0xBB, 0xBB, 0xBB, 0xBB, 0xBB, 0xBB, 0xBB, 0xBB, 0xBB, 0xBB, 0xBB, 
	0xBB, 0xBB, 0xBB, 0xBB, 0xBB, 0xBB, 0xBB, 0xBB, 0xBB, 0xBB, 0xBB, 0xBB, 0xBB, 0xBB, 0xBB, 0xBB, 
	0xBB, 0xBB, 0xBB, 0xBB, 0xBB, 0xBB, 0xBB, 0xBB, 0xBB, 0xBB, 0xBB, 0xBB, 0xBB, 0xBB, 0xBB, 0xBB, 
	0xBB, 0xBB, 0xBB, 0xBB, 0xBB, 0xBB, 0xBB, 0xBB, 0xBB, 0xBB, 0xBB, 0xBB, 0xBB, 0xBB, 0xBB, 0xBB, 
	0xBB, 0xBB, 0xBB, 0xBB, 0xBB, 0xBB, 0xBB, 0xBB, 0xBB, 0xBB, 0xBB, 0xBB, 0xBB, 0xBB, 0xBB, 0xBB, 
	0xBB, 0xBB, 0xBB, 0xBB, 0xBB, 0xBB, 0xBB, 0xBB, 0xBB, 0xBB, 0xBB, 0xBB, 0xBB, 0xBB, 0xBB, 0xBB, 
	0xBB, 0xBB, 0xBB, 0xBB, 0xBB, 0xBB, 0xBB, 0xBB, 0xBB, 0xBB, 0xBB, 0xBB, 0xBB, 0xBB, 0xBB, 0xBB, 
	0xBB, 0xBB, 0xBB, 0xBB, 0xBB, 0xBB, 0xBB, 0xBB, 0xBB, 0xBB, 0xBB, 0xBB, 0xBB, 0xBB, 0xBB, 0xBB, 
	0xBB, 0xBB, 0xBB, 0xBB, 0xBB, 0xBB, 0xBB, 0xBB, 0xBB, 0xBB, 0xBB, 0xBB, 0xBB, 0xBB, 0xBB, 0xBB, 
	0xBB, 0xBB, 0xBB, 0xBB, 0xBB, 0xBB, 0xBB, 0xBB, 0xBB, 0xBB, 0xBB, 0xBB, 0xBB, 0xBB, 0xBB, 0xBB, 
	0xBB, 0xBB, 0xBB, 0xBB, 0xBB, 0xBB, 0xBB, 0xBB, 0xBB, 0xBB, 0xBB, 0xBB, 0xBB, 0xBB, 0xBB, 0xBB, 
	0xBB, 0xBB, 0xBB, 0xBB, 0xBB, 0xBB, 0xBB, 0xBB, 0xBB, 0xBB, 0xBB, 0xBB, 0xBB, 0xBB, 0xBB, 0xBB, 
	0xBB, 0xBB, 0xBB, 0xBB, 0xBB, 0xBB, 0xBB, 0xBB, 0xBB, 0xBB, 0xBB, 0xBB, 0xBB, 0xBB, 0xBB, 0xBB, 
	0xBB, 0xBB, 0xBB, 0xBB, 0xBB, 0xBB, 0xBB, 0xBB, 0xBB, 0xBB, 0xBB, 0xBB, 0xBB, 0xBB, 0xBB, 0xBB, 
	0xBB, 0xBB, 0xBB, 0xBB, 0xBB, 0xBB, 0xBB, 0xBB, 0xBB, 0xBB, 0xBB, 0xBB, 0xBB, 0xBB, 0xBB, 0xBB, 
	0xBB, 0xBB, 0xBB, 0xBB, 0xBB, 0xBB, 0xBB, 0xBB, 0xBB, 0xBB, 0xBB, 0xBB, 0xBB, 0xBB, 0xBB, 0xBB, 
	0xBB, 0xBB, 0xBB, 0xBB, 0xBB, 0xBB, 0xBB, 0xBB, 0xBB, 0xBB, 0xBB, 0xBB, 0xBB, 0xBB, 0xBB, 0xBB, 
	0xBB, 0xBB, 0xBB, 0xBB, 0xBB, 0xBB, 0xBB, 0xBB, 0xBB, 0xBB, 0xBB, 0xBB, 0xBB, 0xBB, 0xBB, 0xBB, 
	0xBB, 0xBB, 0xBB, 0xBB, 0xBB, 0xBB, 0xBB, 0xBB, 0xBB, 0xBB, 0xBB, 0xBB, 0xBB, 0xBB, 0xBB, 0xBB, 
	0xBB, 0xBB, 0xBB, 0xBB, 0xBB, 0xBB, 0xBB, 0xBB, 0xBB, 0xBB, 0xBB, 0xBB, 0xBB, 0xBB, 0xBB, 0xBB, 
	0xBB, 0xBB, 0xBB, 0xBB, 0xBB, 0xBB, 0xBB, 0xBB, 0xBB, 0xBB, 0xBB, 0xBB, 0xBB, 0xBB, 0xBB, 0xBB, 
	0xBB, 0xBB, 0xBB, 0xBB, 0xBB, 0xBB, 0xBB, 0xBB, 0xBB, 0xBB, 0xBB, 0xBB, 0xBB, 0xBB, 0xBB, 0xBB, 
	0xBB, 0xBB, 0xBB, 0xBB, 0xBB, 0xBB, 0xBB, 0xBB, 0xBB, 0xBB, 0xBB, 0xBB, 0xBB, 0xBB, 0xBB, 0xBB, 
	0xBB, 0xBB, 0xBB, 0xBB, 0xBB, 0xBB, 0xBB, 0xBB, 0xBB, 0xBB, 0xBB, 0xBB, 0xBB, 0xBB, 0xBB, 0xBB, 
	0xBB, 0xBB, 0xBB, 0xBB, 0x99, 0x99, 0x99, 0x99, 0x99, 0x99, 0x99, 0x99, 0x99, 0x99, 0x99, 0x99, 
	0x99, 0x99, 0x99, 0x99, 0x99, 0x99, 0x99, 0x99, 0x99, 0x99, 0x99, 0x99, 0x99, 0x99, 0x99, 0x99, 
	0x99, 0x99, 0x99, 0x99, 0x99, 0x99, 0x99, 0x99, 0x99, 0x99, 0x99, 0x99, 0x99, 0x99, 0x99, 0x99, 
	0x99, 0x99, 0x99, 0x99, 0x99, 0x99, 0x99, 0x99, 0x99, 0x99, 0x99, 0x99, 0x99, 0x99, 0x99, 0x99, 
	0x99, 0x99, 0x99, 0x99, 0x99, 0x99, 0x99, 0x99, 0x99, 0x99, 0x99, 0x99, 0x99, 0x99, 0x99, 0x99, 
	0x99, 0x99, 0x99, 0x99, 0x99, 0x99, 0x99, 0x99, 0x99, 0x99, 0x99, 0x99, 0x99, 0x99, 0x99, 0x99, 
	0x99, 0x99, 0x99, 0x99, 0x99, 0x99, 0x99, 0x99, 0x99, 0x99, 0x99, 0x99, 0x99, 0x99, 0x99, 0x99, 
	0x99, 0x99, 0x99, 0x99, 0x99, 0x99, 0x99, 0x99, 0x99, 0x99, 0x99, 0x99, 0x99, 0x99, 0x99, 0x99, 
	0x99, 0x99, 0x99, 0x99, 0x99, 0x99, 0x99, 0x99, 0x99, 0x99, 0x99, 0x99, 0x99, 0x99, 0x99, 0x99, 
	0x99, 0x99, 0x99, 0x99, 0x99, 0x99, 0x99, 0x99, 0x99, 0x99, 0x99, 0x99, 0x99, 0x99, 0x99, 0x99, 
	0x99, 0x99, 0x99, 0x99, 0x99, 0x99, 0x99, 0x99, 0x99, 0x99, 0x99, 0x99, 0x99, 0x99, 0x99, 0x99, 
	0x99, 0x99, 0x99, 0x99, 0x99, 0x99, 0x99, 0x99, 0x99, 0x99, 0x99, 0x99, 0x99, 0x99, 0x99, 0x99, 
	0x99, 0x99, 0x99, 0x99, 0x99, 0x99, 0x99, 0x99, 0x99, 0x99, 0x99, 0x99, 0x99, 0x99, 0x99, 0x99, 
	0x99, 0x99, 0x99, 0x99, 0x99, 0x99, 0x99, 0x99, 0x99, 0x99, 0x99, 0x99, 0x99, 0x99, 0x99, 0x99, 
	0x99, 0x99, 0x99, 0x99, 0x99, 0x99, 0x99, 0x99, 0x99, 0x99, 0x99, 0x99, 0x99, 0x99, 0x99, 0x99, 
	0x99, 0x99, 0x99, 0x99, 0x99, 0x99, 0x99, 0x99, 0x99, 0x99, 0x99, 0x99, 0x99, 0x99, 0x99, 0x99, 
	0x99, 0x99, 0x99, 0x99, 0x99, 0x99, 0x99, 0x99, 0x99, 0x99, 0x99, 0x99, 0x99, 0x99, 0x99, 0x99, 
	0x99, 0x99, 0x99, 0x99, 0x99, 0x99, 0x99, 0x99, 0x99, 0x99, 0x99, 0x99, 0x99, 0x99, 0x99, 0x99, 
	0x99, 0x99, 0x99, 0x99, 0x99, 0x99, 0x99, 0x99, 0x99, 0x99, 0x99, 0x99, 0x99, 0x99, 0x99, 0x99, 
	0x99, 0x99, 0x99, 0x99, 0x99, 0x99, 0x99, 0x99, 0x99, 0x99, 0x99, 0x99, 0x99, 0x99, 0x99, 0x99, 
	0x99, 0x99, 0x99, 0x99, 0x99, 0x99, 0x99, 0x99, 0x99, 0x99, 0x99, 0x99, 0x99, 0x99, 0x99, 0x99, 
	0x99, 0x99, 0x99, 0x99, 0x99, 0x99, 0x99, 0x99, 0x99, 0x99, 0x99, 0x99, 0x99, 0x99, 0x99, 0x99, 
	0x99, 0x99, 0x99, 0x99, 0x99, 0x99, 0x99, 0x99, 0x99, 0x99, 0x99, 0x99, 0x99, 0x99, 0x99, 0x99, 
	0x99, 0x99, 0x99, 0x99, 0x99, 0x99, 0x99, 0x99, 0x99, 0x99, 0x99, 0x99, 0x99, 0x99, 0x99, 0x99, 
	0x99, 0x99, 0x99, 0x99, 0x99, 0x99, 0x99, 0x99, 0x99, 0x99, 0x99, 0x99, 0x99, 0x99, 0x99, 0x99, 
	0x99, 0x99, 0x99, 0x99, 0x99, 0x99, 0x99, 0x99, 0x99, 0x99, 0x99, 0x99, 0x99, 0x99, 0x99, 0x99, 
	0x99, 0x99, 0x99, 0x99, 0x99, 0x99, 0x99, 0x99, 0x99, 0x99, 0x99, 0x99, 0x99, 0x99, 0x99, 0x99, 
	0x99, 0x99, 0x99, 0x99, 0x99, 0x99, 0x99, 0x99, 0x99, 0x99, 0x99, 0x99, 0x99, 0x99, 0x99, 0x99, 
	0x99, 0x99, 0x99, 0x99, 0x99, 0x99, 0x99, 0x99, 0x99, 0x99, 0x99, 0x99, 0x99, 0x99, 0x99, 0x99, 
	0x99, 0x99, 0x99, 0x99, 0x99, 0x99, 0x99, 0x99, 0x99, 0x99, 0x99, 0x99, 0x99, 0x99, 0x99, 0x99, 
	0x99, 0x99, 0x99, 0x99, 0x99, 0x99, 0x99, 0x99, 0x99, 0x99, 0x99, 0x99, 0x99, 0x99, 0x99, 0x99, 
	0x99, 0x99, 0x99, 0x99, 0x99, 0x99, 0x99, 0x99, 0x99, 0x99, 0x99, 0x99, 0x99, 0x99, 0x99, 0x99, 
	0x99, 0x99, 0x99, 0x99, 0x99, 0x99, 0x99, 0x99, 0x99, 0x99, 0x99, 0x99, 0x99, 0x99, 0x99, 0x99, 
	0x99, 0x99, 0x99, 0x99, 0x99, 0x99, 0x99, 0x99, 0x99, 0x99, 0x99, 0x99, 0x99, 0x99, 0x99, 0x99, 
	0x99, 0x99, 0x99, 0x99, 0x99, 0x99, 0x99, 0x99, 0x99, 0x99, 0x99, 0x99, 0x99, 0x99, 0x99, 0x99, 
	0x99, 0x99, 0x99, 0x99, 0x99, 0x99, 0x99, 0x99, 0x99, 0x99, 0x99, 0x99, 0x99, 0x99, 0x99, 0x99, 
	0x99, 0x99, 0x99, 0x99, 0x99, 0x9D, 0xDD, 0x99, 0x99, 0x99, 0x99, 0x99, 0x99, 0x99, 0x99, 0x99, 
	0x99, 0x99, 0x99, 0x99, 0x99, 0x99, 0x99, 0x99, 0x99, 0x9D, 0xEE, 0xEE, 0xD9, 0x99, 0x99, 0x99, 
	0x99, 0x99, 0x99, 0x99, 0x99, 0x99, 0x99, 0x99, 0x99, 0x99, 0x99, 0x99, 0x99, 0x99, 0x99, 0x99, 
	0x99, 0x99, 0x99, 0x99, 0x99, 0x99, 0x99, 0x99, 0x99, 0x99, 0x99, 0x99, 0x99, 0x99, 0xDD, 0x99, 
	0x99, 0x99, 0x9D, 0xDD, 0x99, 0x99, 0x99, 0x99, 0x99, 0x99, 0x99, 0x99, 0x99, 0x99, 0x99, 0x99, 
	0x99, 0x99, 0xDD, 0xCD, 0xDD, 0x99, 0x99, 0x99, 0x99, 0x99, 0x99, 0x99, 0x99, 0x99, 0x99, 0x99, 
	0x99, 0x99, 0x99, 0x99, 0x99, 0x99, 0x99, 0x99, 0x99, 0x99, 0x99, 0x99, 0x99, 0x99, 0x99, 0x99, 
	0x99, 0x99, 0x99, 0x99, 0x99, 0x99, 0x99, 0x99, 0x99, 0x99, 0x99, 0x99, 0x99, 0x99, 0x99, 0x99, 
	0x99, 0x99, 0x99, 0x99, 0x99, 0x99, 0x99, 0x99, 0x99, 0x99, 0xDC, 0xCC, 0xD9, 0x99, 0x99, 0x99, 
	0x99, 0x99, 0x99, 0x99, 0x99, 0x99, 0x99, 0x99, 0x99, 0x99, 0x99, 0x99, 0x99, 0x99, 0x9D, 0xC8, 
	0x8C, 0xDD, 0x99, 0x99, 0x99, 0x99, 0x99, 0x99, 0x99, 0x99, 0x99, 0x99, 0x99, 0x99, 0x99, 0x99, 
	0x99, 0x99, 0x99, 0x99, 0x99, 0x99, 0x99, 0x99, 0x99, 0x99, 0x99, 0x99, 0x99, 0x99, 0x99, 0x99, 
	0x99, 0x9D, 0xDD, 0xCC, 0xDD, 0x99, 0x9D, 0xDC, 0xCD, 0xD9, 0x99, 0x99, 0x99, 0x99, 0x99, 0x99, 
	0x99, 0x99, 0x99, 0x99, 0x99, 0x99, 0x9D, 0xDC, 0x78, 0xCD, 0x99, 0x99, 0x99, 0x99, 0x99, 0x99, 
	0x99, 0x99, 0x99, 0x99, 0x99, 0x99, 0x99, 0x99, 0x99, 0x99, 0x99, 0x99, 0x99, 0x99, 0x99, 0x99, 
	0x99, 0x99, 0x99, 0x99, 0x99, 0x99, 0x99, 0x99, 0x99, 0x99, 0x99, 0x99, 0x99, 0x99, 0x99, 0x99, 
	0x99, 0x99, 0x99, 0x99, 0x99, 0x99, 0x99, 0x99, 0x99, 0x99, 0x99, 0x99, 0x99, 0x99, 0x9D, 0xD8, 
	0x78, 0xED, 0x99, 0x99, 0x99, 0x99, 0x99, 0x99, 0x99, 0x99, 0x99, 0x99, 0x99, 0x99, 0x99, 0x99, 
	0x99, 0x99, 0x99, 0xDC, 0x72, 0x27, 0xCD, 0x99, 0x99, 0x99, 0x99, 0x99, 0x99, 0x99, 0x99, 0x99, 
	0x99, 0x99, 0x99, 0xDD, 0xDD, 0x99, 0x99, 0xDD, 0xDD, 0x99, 0x9D, 0xDD, 0xD9, 0x99, 0x99, 0x99, 
	0x99, 0x99, 0x99, 0x99, 0x99, 0x99, 0x9D, 0xC8, 0x78, 0xCD, 0x99, 0xDD, 0xC8, 0x8C, 0xED, 0x99, 
	0x99, 0x99, 0x99, 0x99, 0x99, 0x99, 0x99, 0x99, 0x99, 0x99, 0x99, 0xDD, 0xC8, 0x23, 0xCE, 0xD9, 
	0x99, 0x99, 0x99, 0x99, 0x99, 0x99, 0x99, 0x99, 0x99, 0x99, 0x99, 0x99, 0x99, 0x99, 0x99, 0x99, 
	0x99, 0x99, 0x99, 0x99, 0x99, 0x99, 0x99, 0x99, 0x99, 0x99, 0x99, 0x99, 0x99, 0x99, 0x99, 0x99, 
	0x99, 0x99, 0x99, 0x99, 0x99, 0x99, 0x99, 0x99, 0x99, 0x99, 0x99, 0x99, 0x99, 0x99, 0x99, 0x99, 
	0x99, 0x99, 0x99, 0x9D, 0xC3, 0x27, 0xCC, 0xDD, 0xD9, 0x99, 0x99, 0x99, 0x99, 0x99, 0x99, 0x99, 
	0x99, 0x99, 0x99, 0x99, 0x99, 0x99, 0x99, 0x99, 0xDC, 0x31, 0x13, 0x8D, 0x99, 0x99, 0x99, 0x99, 
	0x99, 0x99, 0x99, 0x99, 0x99, 0x99, 0x99, 0x9D, 0xEE, 0xEE, 0xD9, 0xDE, 0xEE, 0xEE, 0xD9, 0xDE, 
	0xEE, 0xED, 0x99, 0x99, 0x99, 0x99, 0x99, 0x99, 0x99, 0x99, 0x99, 0xDE, 0x82, 0x11, 0x7C, 0xD9, 
	0xDC, 0x31, 0x13, 0xCD, 0xD9, 0x99, 0x99, 0x99, 0x99, 0x99, 0x99, 0x99, 0x99, 0x99, 0x99, 0x9D, 
	0xEE, 0x83, 0x12, 0x8E, 0xED, 0x99, 0x99, 0x99, 0x99, 0x99, 0x99, 0x99, 0x99, 0x99, 0x99, 0x99, 
	0x99, 0x99, 0x99, 0x99, 0x99, 0x99, 0x99, 0x99, 0x99, 0x99, 0x99, 0x99, 0x99, 0x99, 0x99, 0x99, 
	0x99, 0x99, 0x99, 0x99, 0x99, 0x99, 0x99, 0x99, 0x99, 0x99, 0x99, 0x99, 0x99, 0x99, 0x99, 0x99, 
	0x99, 0x99, 0x99, 0x99, 0x99, 0x99, 0x99, 0x99, 0xDD, 0xC2, 0x12, 0x37, 0x88, 0xCE, 0xDD, 0x99, 
	0x99, 0x99, 0x99, 0x99, 0x99, 0x99, 0x99, 0x99, 0x99, 0x99, 0x99, 0x99, 0x99, 0xDC, 0x31, 0x38, 
	0xD9, 0x99, 0x99, 0x99, 0x99, 0x99, 0x99, 0x99, 0x99, 0x99, 0x99, 0x99, 0x9D, 0xE7, 0x78, 0xE9, 
	0xDC, 0x77, 0x78, 0xD9, 0xDC, 0x77, 0xCE, 0x99, 0x99, 0x99, 0x99, 0x99, 0x99, 0x99, 0x99, 0x99, 
	0xDE, 0x72, 0x00, 0x38, 0xD9, 0xD8, 0x10, 0x03, 0x8D, 0xD9, 0x99, 0x99, 0x99, 0x99, 0x99, 0x99, 
	0x99, 0x99, 0x99, 0x99, 0xDD, 0xC7, 0x32, 0x01, 0x37, 0x8E, 0xD9, 0x99, 0x99, 0x99, 0x99, 0x99, 
	0x99, 0x99, 0x99, 0x99, 0x99, 0x99, 0x99, 0x99, 0x99, 0x99, 0x99, 0x99, 0x99, 0x99, 0x99, 0x99, 
	0x99, 0x99, 0x99, 0x99, 0x99, 0x99, 0x99, 0x99, 0x99, 0x99, 0x99, 0x99, 0x9D, 0xDD, 0xDD, 0xDD, 
	0x99, 0x99, 0x99, 0x99, 0x99, 0x99, 0x99, 0x99, 0x99, 0x99, 0x99, 0x99, 0x99, 0xDC, 0x72, 0x00, 
	0x12, 0x37, 0x78, 0xCC, 0xD9, 0x99, 0x99, 0x99, 0x99, 0x99, 0x99, 0x99, 0x99, 0x99, 0x99, 0x99, 
	0x99, 0x9D, 0xEC, 0x32, 0x8C, 0xDD, 0x99, 0x99, 0x99, 0x99, 0x99, 0x99, 0x99, 0x99, 0x99, 0x99, 
	0x99, 0x9D, 0xE2, 0x28, 0xED, 0xE8, 0x20, 0x27, 0xDD, 0xC8, 0x23, 0xCE, 0x99, 0x99, 0x99, 0x99, 
	0x99, 0x99, 0x99, 0x99, 0x99, 0xDE, 0x82, 0x10, 0x38, 0xD9, 0xDC, 0x10, 0x13, 0xCD, 0xD9, 0x99, 
	0x99, 0x99, 0x99, 0x99, 0x99, 0x99, 0x99, 0x99, 0x99, 0x9D, 0xC7, 0x32, 0x01, 0x37, 0x8D, 0xD9, 
	0x99, 0x99, 0x99, 0x99, 0x99, 0x99, 0x99, 0x99, 0x99, 0x99, 0x99, 0x99, 0x99, 0x99, 0x99, 0x99, 
	0x99, 0x99, 0x99, 0x99, 0x99, 0x99, 0x99, 0x99, 0x99, 0x99, 0x99, 0x99, 0x99, 0x99, 0x99, 0x99, 
	0x99, 0xDE, 0xEE, 0xEE, 0xED, 0xD9, 0x99, 0x99, 0x99, 0x99, 0x99, 0x99, 0x99, 0x99, 0x99, 0x99, 
	0x99, 0x99, 0xE8, 0x20, 0x00, 0x00, 0x00, 0x01, 0x38, 0xED, 0x99, 0x99, 0x99, 0x99, 0x99, 0x99, 
	0x99, 0x99, 0x99, 0x99, 0x99, 0x99, 0x9D, 0xE7, 0x23, 0xCD, 0x9D, 0xD9, 0x99, 0x99, 0x99, 0x99, 
	0x99, 0x99, 0x99, 0x99, 0x99, 0x99, 0x9D, 0xE2, 0x17, 0x8C, 0x87, 0x10, 0x07, 0x88, 0x87, 0x12, 
	0xCE, 0x99, 0x99, 0x99, 0x99, 0x99, 0x99, 0x99, 0xDD, 0x99, 0x9D, 0xC7, 0x21, 0x7C, 0xD9, 0xDC, 
	0x10, 0x38, 0xED, 0xD9, 0xDD, 0x99, 0x99, 0x99, 0x99, 0x99, 0x99, 0x99, 0x99, 0x99, 0x9D, 0xEC, 
	0x73, 0x01, 0x7C, 0xCD, 0xD9, 0x99, 0x99, 0x99, 0x99, 0x99, 0x99, 0x99, 0x99, 0x99, 0x99, 0x99, 
	0x99, 0x99, 0x99, 0x99, 0x99, 0x99, 0x99, 0x99, 0x99, 0x99, 0x99, 0x99, 0x99, 0x99, 0x99, 0x99, 
	0x99, 0x99, 0x99, 0x99, 0x99, 0x9D, 0xEC, 0x72, 0x22, 0x7C, 0xDD, 0x99, 0x99, 0x99, 0x99, 0x99, 
	0x99, 0x99, 0x99, 0x99, 0x99, 0x99, 0x9D, 0x83, 0x00, 0x00, 0x00, 0x00, 0x00, 0x12, 0x7E, 0xD9, 
	0x99, 0x99, 0x99, 0x99, 0x99, 0x99, 0x99, 0x99, 0x99, 0x99, 0x99, 0xDE, 0x72, 0x28, 0xCD, 0xDC, 
	0xDD, 0x99, 0x99, 0x99, 0x99, 0x99, 0x99, 0x99, 0x99, 0x99, 0x99, 0x9D, 0xE2, 0x02, 0x37, 0x32, 
	0x00, 0x01, 0x37, 0x32, 0x02, 0xCE, 0x99, 0x99, 0x99, 0x99, 0x99, 0x99, 0x9D, 0xEE, 0xED, 0x99, 
	0xDC, 0x72, 0x7C, 0xD9, 0xDC, 0x21, 0x8E, 0xD9, 0xDD, 0xEE, 0xED, 0x99, 0x99, 0x99, 0x99, 0x99, 
	0x99, 0xDD, 0xDD, 0xDD, 0xDE, 0xC3, 0x01, 0xCE, 0xDD, 0xDD, 0xDD, 0xDD, 0x99, 0x99, 0x99, 0x99, 
	0x99, 0x99, 0x99, 0x99, 0x99, 0x99, 0x99, 0x99, 0x99, 0x99, 0x99, 0x99, 0x99, 0x99, 0x99, 0x99, 
	0x99, 0x99, 0x99, 0x99, 0x99, 0x99, 0x99, 0x99, 0x99, 0x99, 0x9E, 0xC7, 0x21, 0x01, 0x27, 0xCD, 
	0x99, 0x99, 0x99, 0x99, 0x99, 0x99, 0x99, 0x99, 0x99, 0x99, 0x99, 0x9E, 0x72, 0x00, 0x00, 0x00, 
	0x00, 0x00, 0x01, 0x28, 0xCD, 0x99, 0x99, 0x99, 0x99, 0x99, 0x99, 0x99, 0x99, 0x99, 0x99, 0xDD, 
	0xC7, 0x31, 0x3C, 0xDD, 0xE8, 0x78, 0xD9, 0x99, 0x99, 0x99, 0x99, 0x99, 0x99, 0x99, 0x99, 0x99, 
	0x9D, 0xE2, 0x11, 0x12, 0x21, 0x00, 0x01, 0x12, 0x21, 0x12, 0xCE, 0x99, 0x99, 0x99, 0x99, 0x99, 
	0x99, 0xDC, 0x87, 0x8C, 0xD9, 0xDC, 0x82, 0x7C, 0xD9, 0xDC, 0x11, 0x8D, 0x9D, 0xDC, 0x78, 0xCE, 
	0xD9, 0x99, 0x99, 0x99, 0x99, 0xDD, 0xC8, 0x8C, 0xCD, 0xEE, 0x83, 0x00, 0xCE, 0xEC, 0xC8, 0x88, 
	0xCE, 0xDD, 0x99, 0x99, 0x99, 0x99, 0x99, 0x99, 0x99, 0x99, 0x99, 0x99, 0x99, 0x99, 0x99, 0x99, 
	0x99, 0x99, 0x99, 0x99, 0x99, 0x99, 0x99, 0x99, 0x99, 0x99, 0x99, 0x99, 0x99, 0x99, 0x99, 0x9E, 
	0x82, 0x00, 0x00, 0x02, 0xCD, 0x99, 0x99, 0x99, 0x99, 0x99, 0x99, 0x99, 0x99, 0x99, 0x99, 0x99, 
	0xDC, 0x30, 0x00, 0x00, 0x00, 0x00, 0x00, 0x00, 0x13, 0xCD, 0x99, 0x99, 0x99, 0x99, 0x99, 0x99, 
	0x99, 0x99, 0x99, 0x99, 0xDC, 0x72, 0x01, 0x3E, 0xDD, 0xC3, 0x27, 0xCD, 0x99, 0x99, 0x99, 0x99, 
	0x99, 0x99, 0x99, 0x99, 0x99, 0x9D, 0xE7, 0x20, 0x00, 0x00, 0x00, 0x00, 0x00, 0x00, 0x23, 0xCE, 
	0x99, 0x99, 0x99, 0x99, 0x99, 0x99, 0xEC, 0x31, 0x38, 0xD9, 0xDC, 0x82, 0x38, 0xDD, 0xC8, 0x01, 
	0x8D, 0x9D, 0xC7, 0x22, 0x7C, 0xD9, 0x99, 0x99, 0x99, 0x9D, 0xCC, 0x77, 0x37, 0x78, 0x88, 0x72, 
	0x00, 0x78, 0x88, 0x77, 0x37, 0x8C, 0xCD, 0xD9, 0x99, 0x99, 0x99, 0x99, 0x99, 0x99, 0x99, 0x99, 
	0x99, 0x99, 0x99, 0x99, 0x99, 0x99, 0x99, 0x99, 0x99, 0x99, 0x99, 0x99, 0x99, 0x99, 0x99, 0x99, 
	0x99, 0x99, 0x99, 0x99, 0x9F, 0x81, 0x00, 0x00, 0x00, 0x8D, 0x99, 0x99, 0x99, 0x99, 0x99, 0x99, 
	0x99, 0x99, 0x99, 0x99, 0x9D, 0xD7, 0x20, 0x00, 0x00, 0x00, 0x00, 0x00, 0x00, 0x01, 0x8D, 0x99, 
	0x99, 0x99, 0x99, 0x99, 0x99, 0x99, 0x99, 0x99, 0x99, 0xD8, 0x20, 0x01, 0x3E, 0xDD, 0x83, 0x12, 
	0x7C, 0xD9, 0x99, 0x99, 0x99, 0x99, 0x99, 0x99, 0x99, 0x99, 0x9D, 0xDC, 0x72, 0x00, 0x00, 0x00, 
	0x00, 0x00, 0x02, 0x38, 0xCD, 0x99, 0x99, 0x99, 0x99, 0x99, 0x99, 0xE8, 0x10, 0x17, 0xC9, 0xDC, 
	0x82, 0x28, 0xDD, 0xC7, 0x02, 0x8D, 0x9E, 0xC3, 0x11, 0x27, 0xD9, 0x99, 0x99, 0x99, 0xDC, 0x83, 
	0x10, 0x00, 0x00, 0x12, 0x11, 0x00, 0x12, 0x21, 0x00, 0x00, 0x01, 0x3C, 0xD9, 0x99, 0x99, 0x99, 
	0x99, 0x99, 0x99, 0x99, 0x99, 0x99, 0x99, 0x99, 0x99, 0x99, 0x99, 0x99, 0x99, 0x99, 0x99, 0x99, 
	0x99, 0x99, 0x99, 0x99, 0x99, 0x99, 0x99, 0x99, 0x99, 0x9E, 0x82, 0x00, 0x00, 0x00, 0x8D, 0x99, 
	0x99, 0x99, 0x99, 0x99, 0x99, 0x99, 0x99, 0x99, 0x99, 0x9D, 0xC3, 0x20, 0x00, 0x00, 0x00, 0x00, 
	0x00, 0x00, 0x00, 0x7C, 0xD9, 0x99, 0x99, 0x99, 0x99, 0x99, 0x99, 0x99, 0x99, 0x9D, 0x83, 0x00, 
	0x02, 0x7D, 0xDC, 0x32, 0x01, 0x2C, 0xD9, 0x99, 0x99, 0x99, 0x99, 0x99, 0x99, 0x99, 0x99, 0x99, 
	0xDE, 0xC7, 0x00, 0x00, 0x00, 0x00, 0x00, 0x03, 0x8E, 0xD9, 0x99, 0x99, 0x99, 0x99, 0x99, 0x99, 
	0xE8, 0x20, 0x07, 0xC9, 0xDC, 0x82, 0x18, 0xDE, 0x83, 0x01, 0x8D, 0x9E, 0x82, 0x01, 0x38, 0xD9, 
	0x99, 0x99, 0x99, 0xDC, 0x30, 0x00, 0x00, 0x00, 0x00, 0x00, 0x00, 0x00, 0x00, 0x00, 0x00, 0x00, 
	0x28, 0xCD, 0x99, 0x99, 0x99, 0x99, 0x99, 0x99, 0x99, 0x99, 0x99, 0x99, 0x99, 0x99, 0x99, 0x99, 
	0x99, 0x99, 0x99, 0x99, 0x99, 0x99, 0x99, 0x99, 0x99, 0x99, 0x99, 0x99, 0x99, 0x99, 0x9D, 0x83, 
	0x10, 0x00, 0x13, 0xCD, 0x99, 0x99, 0x99, 0x99, 0x99, 0x99, 0x99, 0x99, 0x99, 0x99, 0xDD, 0x82, 
	0x10, 0x00, 0x00, 0x00, 0x00, 0x00, 0x00, 0x00, 0x38, 0xE9, 0x99, 0x99, 0x99, 0x99, 0x99, 0x99, 
	0x99, 0x99, 0xDE, 0x82, 0x00, 0x02, 0x7D, 0xDC, 0x21, 0x00, 0x18, 0xCD, 0x99, 0x99, 0x99, 0x99, 
	0x99, 0x99, 0x99, 0x99, 0x99, 0x9D, 0xE8, 0x10, 0x00, 0x00, 0x00, 0x00, 0x17, 0xCD, 0x99, 0x99, 
	0x99, 0x99, 0x99, 0x99, 0x99, 0xDC, 0x72, 0x27, 0xCD, 0xDC, 0x82, 0x07, 0xCE, 0x82, 0x01, 0x8D, 
	0x9E, 0x82, 0x17, 0x8D, 0x99, 0x99, 0x99, 0x9D, 0xD8, 0x20, 0x00, 0x23, 0x73, 0x10, 0x00, 0x00, 
	0x00, 0x13, 0x73, 0x21, 0x00, 0x03, 0x8D, 0x99, 0x99, 0x99, 0x99, 0x99, 0x99, 0x99, 0x99, 0x99, 
	0x99, 0x99, 0x99, 0x99, 0x99, 0x99, 0x99, 0x99, 0x99, 0x99, 0x99, 0x99, 0x99, 0x99, 0x99, 0x99, 
	0x99, 0x99, 0x99, 0x9D, 0xC8, 0x21, 0x01, 0x28, 0xCD, 0x99, 0x99, 0x99, 0x99, 0x99, 0x99, 0x99, 
	0x99, 0x99, 0x99, 0xD8, 0x71, 0x00, 0x00, 0x00, 0x01, 0x11, 0x00, 0x00, 0x00, 0x27, 0xED, 0x99, 
	0x99, 0x99, 0x99, 0x99, 0x99, 0x99, 0x99, 0xDE, 0x70, 0x00, 0x03, 0x7D, 0xDC, 0x21, 0x00, 0x13, 
	0x8D, 0x99, 0x99, 0x99, 0x99, 0x99, 0x99, 0x99, 0x99, 0x99, 0x99, 0xDC, 0x10, 0x00, 0x00, 0x00, 
	0x00, 0x18, 0xED, 0x99, 0x99, 0x99, 0x99, 0x99, 0x99, 0x99, 0xDD, 0xC8, 0x37, 0x8D, 0xEC, 0x72, 
	0x03, 0x8E, 0x81, 0x01, 0xCE, 0xDC, 0x82, 0x38, 0xDD, 0x99, 0x99, 0x99, 0x9D, 0xC7, 0x00, 0x03, 
	0x7C, 0xCC, 0x72, 0x10, 0x00, 0x02, 0x78, 0xCC, 0x83, 0x10, 0x01, 0x8E, 0x99, 0x99, 0x99, 0x99, 
	0x99, 0x99, 0x99, 0x99, 0x99, 0x99, 0x99, 0x99, 0x99, 0x99, 0x99, 0x99, 0x99, 0x99, 0x99, 0x99, 
	0x99, 0x99, 0x99, 0x99, 0x99, 0x99, 0x99, 0x99, 0x99, 0xD8, 0x31, 0x01, 0x3C, 0xED, 0x99, 0x99, 
	0x99, 0x99, 0x99, 0x99, 0x99, 0x99, 0x99, 0x9D, 0xC7, 0x10, 0x00, 0x00, 0x01, 0x23, 0x32, 0x00, 
	0x00, 0x00, 0x17, 0xED, 0x99, 0x99, 0x99, 0x99, 0x99, 0x99, 0x99, 0x9D, 0xDC, 0x30, 0x00, 0x03, 
	0x7D, 0xDC, 0x21, 0x00, 0x03, 0x8D, 0x99, 0x99, 0x99, 0x99, 0x99, 0x99, 0x99, 0x99, 0x99, 0x99, 
	0xD8, 0x10, 0x00, 0x00, 0x00, 0x00, 0x17, 0xFD, 0x99, 0x99, 0x99, 0x99, 0x99, 0x99, 0x99, 0x9D, 
	0xDE, 0x82, 0x7C, 0xEC, 0x72, 0x03, 0x78, 0x70, 0x01, 0xCE, 0xE7, 0x23, 0x8D, 0xD9, 0x99, 0x99, 
	0x99, 0x9D, 0x87, 0x00, 0x07, 0xCD, 0xDE, 0xC3, 0x10, 0x00, 0x03, 0x8C, 0xDD, 0xE7, 0x20, 0x01, 
	0x8F, 0x99, 0x99, 0x99, 0x99, 0x99, 0x99, 0x99, 0x99, 0x99, 0x99, 0x99, 0x99, 0x99, 0x99, 0x99, 
	0x99, 0x99, 0x99, 0x99, 0x99, 0x99, 0x99, 0x99, 0x99, 0x99, 0x99, 0x99, 0x99, 0xDD, 0xC8, 0x20, 
	0x00, 0x28, 0xCE, 0xD9, 0x99, 0x99, 0x99, 0x99, 0x99, 0x99, 0x99, 0x9D, 0xDE, 0x72, 0x00, 0x00, 
	0x00, 0x23, 0x8C, 0x82, 0x00, 0x00, 0x00, 0x07, 0xED, 0x99, 0x99, 0x99, 0x99, 0x99, 0x99, 0x99, 
	0x9D, 0xDC, 0x30, 0x00, 0x03, 0x8E, 0xEC, 0x21, 0x00, 0x03, 0x8D, 0x99, 0x99, 0x99, 0x99, 0x99, 
	0x99, 0x99, 0x99, 0x99, 0x99, 0xD8, 0x00, 0x00, 0x00, 0x00, 0x00, 0x17, 0xFD, 0x99, 0x99, 0x99, 
	0x99, 0x99, 0x99, 0x99, 0x99, 0x9D, 0xC7, 0x23, 0xCC, 0x72, 0x02, 0x37, 0x30, 0x01, 0xCE, 0x83, 
	0x27, 0xDD, 0x99, 0x99, 0x99, 0x99, 0x9D, 0x87, 0x00, 0x07, 0xCD, 0x9D, 0xC3, 0x10, 0x00, 0x07, 
	0xCD, 0xDD, 0xE7, 0x20, 0x02, 0x8E, 0x99, 0x99, 0x99, 0x99, 0x99, 0x99, 0x99, 0x99, 0x99, 0x99, 
	0x99, 0x99, 0x99, 0x99, 0x99, 0x99, 0x99, 0x99, 0x99, 0x99, 0x99, 0x99, 0x99, 0x99, 0x99, 0x99, 
	0x99, 0x9D, 0xDC, 0x83, 0x00, 0x00, 0x17, 0x8C, 0xE9, 0x99, 0x99, 0x99, 0x99, 0x99, 0x99, 0x99, 
	0x9D, 0xDC, 0x31, 0x00, 0x17, 0xCC, 0xCC, 0xEF, 0x82, 0x00, 0x00, 0x00, 0x07, 0xED, 0x99, 0x99, 
	0x99, 0x99, 0x99, 0x99, 0x99, 0x9D, 0xDC, 0x30, 0x00, 0x02, 0x78, 0x87, 0x11, 0x00, 0x03, 0x8D, 
	0x99, 0x99, 0x99, 0x99, 0x99, 0x99, 0x99, 0x99, 0x99, 0x99, 0xD8, 0x00, 0x00, 0x00, 0x00, 0x00, 
	0x17, 0xFD, 0x99, 0x99, 0x99, 0x99, 0x99, 0x99, 0x99, 0x99, 0x99, 0xE8, 0x22, 0x78, 0x72, 0x01, 
	0x23, 0x20, 0x02, 0x88, 0x32, 0x7C, 0xD9, 0x99, 0x99, 0x99, 0x99, 0x99, 0xC7, 0x20, 0x03, 0x8D, 
	0x9D, 0xC3, 0x20, 0x00, 0x07, 0xC9, 0x9D, 0xE7, 0x10, 0x03, 0x8D, 0x99, 0x99, 0x99, 0x99, 0x99, 
	0x99, 0x99, 0x99, 0x99, 0x99, 0x99, 0x99, 0x99, 0x99, 0x99, 0x99, 0x99, 0x99, 0x99, 0x99, 0x99, 
	0x99, 0x99, 0x99, 0x99, 0x99, 0x99, 0x9D, 0xE8, 0x73, 0x00, 0x00, 0x13, 0x7C, 0xED, 0x99, 0x99, 
	0x99, 0x99, 0x99, 0x99, 0x99, 0x99, 0xDC, 0x87, 0x32, 0x3C, 0xED, 0xDD, 0xEC, 0x71, 0x00, 0x00, 
	0x00, 0x07, 0xED, 0x99, 0x99, 0x99, 0x99, 0x99, 0x99, 0x99, 0x99, 0xDC, 0x30, 0x00, 0x01, 0x23, 
	0x33, 0x10, 0x00, 0x03, 0x8D, 0x99, 0x99, 0x99, 0x99, 0x99, 0x99, 0x99, 0x99, 0x99, 0x99, 0xD8, 
	0x00, 0x00, 0x00, 0x00, 0x00, 0x07, 0xFD, 0x99, 0x99, 0x99, 0x99, 0x99, 0x99, 0x99, 0x99, 0x99, 
	0xDC, 0x71, 0x23, 0x31, 0x00, 0x01, 0x00, 0x01, 0x33, 0x12, 0x8D, 0xD9, 0x99, 0x99, 0x99, 0x99, 
	0x99, 0xD8, 0x30, 0x02, 0x7C, 0xDD, 0xE7, 0x20, 0x00, 0x07, 0xCD, 0xDD, 0x83, 0x00, 0x28, 0xCD, 
	0x99, 0x99, 0x99, 0x99, 0x99, 0x99, 0x99, 0x99, 0x99, 0x99, 0x99, 0x99, 0x99, 0x99, 0x99, 0x99, 
	0x99, 0x99, 0x99, 0x99, 0x99, 0x99, 0x99, 0x99, 0x99, 0x99, 0x99, 0x99, 0xDE, 0xC8, 0x00, 0x00, 
	0x27, 0xCE, 0xD9, 0x99, 0x99, 0x99, 0x99, 0x99, 0x99, 0x99, 0x99, 0x9D, 0xDC, 0x87, 0x8D, 0xD9, 
	0x9D, 0xE3, 0x10, 0x00, 0x00, 0x00, 0x07, 0xED, 0x99, 0x99, 0x99, 0x99, 0x99, 0x99, 0x99, 0x99, 
	0x9C, 0x70, 0x00, 0x00, 0x00, 0x00, 0x00, 0x00, 0x17, 0xCD, 0x99, 0x99, 0x99, 0x99, 0x99, 0x99, 
	0x99, 0x99, 0x99, 0x9D, 0xC8, 0x00, 0x00, 0x00, 0x00, 0x00, 0x07, 0xE9, 0x99, 0x99, 0x99, 0x99, 
	0x99, 0x99, 0x99, 0x99, 0x99, 0xDD, 0x81, 0x00, 0x00, 0x00, 0x00, 0x00, 0x00, 0x00, 0x13, 0xCD, 
	0x99, 0x99, 0x99, 0x99, 0x99, 0x99, 0xDC, 0x82, 0x00, 0x38, 0xCE, 0xE7, 0x20, 0x00, 0x07, 0xCE, 
	0xEC, 0x31, 0x02, 0x3C, 0xD9, 0x99, 0x99, 0x99, 0x99, 0x99, 0x99, 0x99, 0x99, 0x99, 0x99, 0x99, 
	0x99, 0x99, 0x99, 0x99, 0x99, 0x99, 0x99, 0x99, 0x99, 0x99, 0x99, 0x99, 0x99, 0x99, 0x99, 0x99, 
	0x99, 0x9D, 0xC8, 0x00, 0x00, 0x27, 0xCD, 0x99, 0x99, 0x99, 0x99, 0x99, 0x99, 0x99, 0x99, 0x99, 
	0x99, 0x9D, 0xDC, 0xDD, 0x9D, 0xEC, 0x72, 0x00, 0x00, 0x00, 0x00, 0x17, 0xED, 0x99, 0x99, 0x99, 
	0x99, 0x99, 0x99, 0x99, 0x99, 0xDE, 0x71, 0x00, 0x00, 0x00, 0x00, 0x00, 0x00, 0x17, 0xCD, 0x99, 
	0x99, 0x99, 0x99, 0x99, 0x99, 0x99, 0x99, 0x99, 0x9D, 0xC8, 0x00, 0x00, 0x00, 0x00, 0x00, 0x07, 
	0xE9, 0x99, 0x99, 0x99, 0x99, 0x99, 0x99, 0x99, 0x99, 0x99, 0x9D, 0xC3, 0x10, 0x00, 0x00, 0x00, 
	0x00, 0x00, 0x00, 0x18, 0xCD, 0x99, 0x99, 0x99, 0x99, 0x99, 0x99, 0x9D, 0xC3, 0x10, 0x12, 0x7C, 
	0xC7, 0x20, 0x00, 0x07, 0xCC, 0x83, 0x10, 0x13, 0xCD, 0xD9, 0x99, 0x99, 0x99, 0x99, 0x99, 0x99, 
	0x99, 0x99, 0x99, 0x99, 0x99, 0x99, 0x99, 0x99, 0x99, 0x99, 0x99, 0x99, 0x99, 0x99, 0x99, 0x99, 
	0x99, 0x99, 0x99, 0x99, 0x99, 0x99, 0x9D, 0xC7, 0x00, 0x00, 0x13, 0xCD, 0x99, 0x99, 0x99, 0x99, 
	0x99, 0x99, 0x99, 0x99, 0x99, 0x99, 0x99, 0xDD, 0xD9, 0x9E, 0xC7, 0x10, 0x00, 0x00, 0x00, 0x00, 
	0x27, 0xED, 0x99, 0x99, 0x99, 0x99, 0x99, 0x99, 0x99, 0x99, 0xDD, 0x82, 0x00, 0x00, 0x00, 0x00, 
	0x00, 0x00, 0x2C, 0xD9, 0x99, 0x99, 0x99, 0x99, 0x99, 0x99, 0x99, 0x99, 0x99, 0x9D, 0xC8, 0x00, 
	0x00, 0x00, 0x00, 0x00, 0x07, 0xC9, 0x99, 0x99, 0x99, 0x99, 0x99, 0x99, 0x99, 0x99, 0x99, 0x9D, 
	0xD8, 0x30, 0x00, 0x00, 0x00, 0x00, 0x00, 0x01, 0x2C, 0xD9, 0x99, 0x99, 0x99, 0x99, 0x99, 0x99, 
	0x9D, 0xDC, 0x31, 0x00, 0x27, 0x73, 0x20, 0x00, 0x03, 0x77, 0x30, 0x01, 0x7C, 0xDD, 0x99, 0x99, 
	0x99, 0x99, 0x99, 0x99, 0x99, 0x99, 0x99, 0x99, 0x99, 0x99, 0x99, 0x99, 0x99, 0x99, 0x99, 0x99, 
	0x99, 0x99, 0x99, 0x99, 0x99, 0x99, 0x99, 0x99, 0x99, 0x99, 0x99, 0xDD, 0x82, 0x00, 0x00, 0x02, 
	0x8D, 0x99, 0x99, 0x99, 0x99, 0x99, 0x99, 0x99, 0x99, 0x99, 0x99, 0x99, 0x99, 0x99, 0xDE, 0x72, 
	0x00, 0x00, 0x00, 0x00, 0x00, 0x38, 0xE9, 0x99, 0x99, 0x99, 0x99, 0x99, 0x99, 0x99, 0x99, 0x9D, 
	0x83, 0x00, 0x00, 0x00, 0x00, 0x00, 0x02, 0x7E, 0xD9, 0x99, 0x99, 0x99, 0x99, 0x99, 0x99, 0x99, 
	0x99, 0x99, 0x9D, 0xC7, 0x00, 0x00, 0x00, 0x00, 0x00, 0x03, 0xC9, 0x99, 0x99, 0x99, 0x99, 0x99, 
	0x99, 0x99, 0x99, 0x99, 0x99, 0xDC, 0x71, 0x00, 0x00, 0x00, 0x00, 0x00, 0x02, 0x7E, 0xD9, 0x99, 
	0x99, 0x99, 0x99, 0x99, 0x99, 0x99, 0xDE, 0x83, 0x10, 0x00, 0x11, 0x00, 0x00, 0x01, 0x21, 0x00, 
	0x17, 0xCD, 0xD9, 0x99, 0x99, 0x99, 0x99, 0x99, 0x99, 0x99, 0x99, 0x99, 0x99, 0x99, 0x99, 0x99, 
	0x99, 0x99, 0x99, 0x99, 0x99, 0x99, 0x99, 0x99, 0x99, 0x99, 0x99, 0x99, 0x99, 0x99, 0x99, 0x9D, 
	0xDC, 0x70, 0x00, 0x00, 0x00, 0x3C, 0xD9, 0x99, 0x99, 0x99, 0x99, 0x99, 0x99, 0x99, 0x99, 0x99, 
	0x99, 0x99, 0x9D, 0xE7, 0x30, 0x00, 0x00, 0x00, 0x00, 0x02, 0x7C, 0xD9, 0x99, 0x99, 0x99, 0x99, 
	0x99, 0x99, 0x99, 0x99, 0x99, 0xD8, 0x20, 0x00, 0x00, 0x00, 0x00, 0x17, 0xCD, 0xD9, 0x99, 0x99, 
	0x99, 0x99, 0x99, 0x99, 0x99, 0x99, 0x99, 0x9D, 0xC7, 0x00, 0x00, 0x00, 0x00, 0x00, 0x03, 0xCD, 
	0xD9, 0x99, 0x99, 0x99, 0x99, 0x99, 0x99, 0x99, 0x99, 0x99, 0xDE, 0x82, 0x00, 0x00, 0x00, 0x00, 
	0x00, 0x07, 0xCD, 0xD9, 0x99, 0x99, 0x99, 0x99, 0x99, 0x99, 0x99, 0x9D, 0xEC, 0x31, 0x00, 0x00, 
	0x00, 0x00, 0x00, 0x00, 0x01, 0x3C, 0xED, 0x99, 0x99, 0x99, 0x99, 0x99, 0x99, 0x99, 0x99, 0x99, 
	0x99, 0x99, 0x99, 0x99, 0x99, 0x99, 0x99, 0x99, 0x99, 0x99, 0x99, 0x99, 0x99, 0x99, 0x99, 0x99, 
	0x99, 0x99, 0x99, 0x99, 0xDD, 0xC7, 0x20, 0x00, 0x00, 0x00, 0x28, 0xDD, 0x99, 0x99, 0x99, 0x99, 
	0x99, 0x99, 0x99, 0x99, 0x99, 0x99, 0x99, 0xDE, 0xC3, 0x10, 0x00, 0x00, 0x00, 0x00, 0x13, 0x8C, 
	0x99, 0x99, 0x99, 0x99, 0x99, 0x99, 0x99, 0x99, 0x99, 0x9D, 0xEC, 0x82, 0x00, 0x00, 0x00, 0x01, 
	0x7C, 0xEE, 0xDD, 0x99, 0x99, 0x99, 0x99, 0x99, 0x99, 0x99, 0x99, 0x99, 0xDE, 0xC7, 0x00, 0x00, 
	0x00, 0x00, 0x00, 0x03, 0x8C, 0xD9, 0x99, 0x99, 0x99, 0x99, 0x99, 0x99, 0x99, 0x99, 0x99, 0xDE, 
	0xC3, 0x00, 0x00, 0x00, 0x00, 0x00, 0x28, 0xCD, 0xD9, 0x99, 0x99, 0x99, 0x99, 0x99, 0x99, 0x99, 
	0x99, 0xDE, 0x83, 0x20, 0x00, 0x00, 0x00, 0x00, 0x00, 0x17, 0xCE, 0xD9, 0x99, 0x99, 0x99, 0x99, 
	0x99, 0x99, 0x99, 0x99, 0x99, 0x99, 0x99, 0x99, 0x99, 0x99, 0x99, 0x99, 0x99, 0x99, 0x99, 0x99, 
	0x99, 0x99, 0x99, 0x99, 0x99, 0x99, 0x99, 0x99, 0x9D, 0xDC, 0x82, 0x00, 0x00, 0x00, 0x00, 0x03, 
	0x8D, 0xD9, 0x99, 0x99, 0x99, 0x99, 0x99, 0x99, 0x99, 0x99, 0x99, 0x9D, 0xC8, 0x72, 0x00, 0x00, 
	0x00, 0x00, 0x00, 0x03, 0x7C, 0xDD, 0x99, 0x99, 0x99, 0x99, 0x99, 0x99, 0x99, 0x99, 0xDD, 0xC8, 
	0x72, 0x00, 0x00, 0x00, 0x01, 0x78, 0xC8, 0xCD, 0xD9, 0x99, 0x99, 0x99, 0x99, 0x99, 0x99, 0x99, 
	0x9D, 0xDC, 0x83, 0x00, 0x00, 0x00, 0x00, 0x00, 0x03, 0x78, 0xCD, 0x99, 0x99, 0x99, 0x99, 0x99, 
	0x99, 0x99, 0x99, 0x9D, 0xDC, 0x83, 0x00, 0x00, 0x00, 0x00, 0x00, 0x27, 0x8C, 0xCD, 0x99, 0x99, 
	0x99, 0x99, 0x99, 0x99, 0x99, 0x99, 0xDE, 0x83, 0x10, 0x00, 0x00, 0x00, 0x00, 0x00, 0x17, 0x8C, 
	0xD9, 0x99, 0x99, 0x99, 0x99, 0x99, 0x99, 0x99, 0x99, 0x99, 0x99, 0x99, 0x99, 0x99, 0x99, 0x99, 
	0x99, 0x99, 0x99, 0x99, 0x99, 0x99, 0x99, 0x99, 0x99, 0x99, 0x99, 0x99, 0x99, 0x9D, 0xE8, 0x20, 
	0x00, 0x00, 0x00, 0x00, 0x00, 0x1C, 0xDD, 0x99, 0x99, 0x99, 0x99, 0x99, 0x99, 0x99, 0x99, 0x99, 
	0xDC, 0x83, 0x00, 0x00, 0x00, 0x00, 0x00, 0x00, 0x01, 0x27, 0xEE, 0xD9, 0x99, 0x99, 0x99, 0x99, 
	0x99, 0x99, 0x9D, 0xC8, 0x32, 0x11, 0x00, 0x00, 0x00, 0x01, 0x11, 0x12, 0x8C, 0xDD, 0x99, 0x99, 
	0x99, 0x99, 0x99, 0x99, 0x99, 0xDE, 0xC7, 0x20, 0x00, 0x00, 0x00, 0x00, 0x00, 0x00, 0x23, 0x8E, 
	0x99, 0x99, 0x99, 0x99, 0x99, 0x99, 0x99, 0x99, 0xDD, 0xC3, 0x21, 0x00, 0x00, 0x00, 0x00, 0x00, 
	0x11, 0x23, 0xCD, 0x99, 0x99, 0x99, 0x99, 0x99, 0x99, 0x99, 0x99, 0xDC, 0x72, 0x10, 0x00, 0x00, 
	0x00, 0x00, 0x00, 0x11, 0x28, 0xCD, 0x99, 0x99, 0x99, 0x99, 0x99, 0x99, 0x99, 0x99, 0x99, 0x99, 
	0x99, 0x99, 0x99, 0x99, 0x99, 0x99, 0x99, 0x99, 0x99, 0x99, 0x99, 0x99, 0x99, 0x99, 0x99, 0x99, 
	0x99, 0x99, 0xDE, 0x82, 0x00, 0x00, 0x00, 0x00, 0x00, 0x00, 0x03, 0xCD, 0x99, 0x99, 0x99, 0x99, 
	0x99, 0x99, 0x99, 0x99, 0x9D, 0xC7, 0x31, 0x00, 0x00, 0x00, 0x00, 0x00, 0x00, 0x00, 0x01, 0x7E, 
	0xD9, 0x99, 0x99, 0x99, 0x99, 0x99, 0x99, 0xDD, 0x83, 0x10, 0x00, 0x00, 0x00, 0x00, 0x00, 0x00, 
	0x00, 0x27, 0xED, 0xD9, 0x99, 0x99, 0x99, 0x99, 0x99, 0x99, 0xEC, 0x32, 0x00, 0x00, 0x00, 0x00, 
	0x00, 0x00, 0x00, 0x02, 0x38, 0xDD, 0x99, 0x99, 0x99, 0x99, 0x99, 0x99, 0x99, 0xDC, 0x31, 0x00, 
	0x00, 0x00, 0x00, 0x00, 0x00, 0x00, 0x02, 0x7C, 0xD9, 0x99, 0x99, 0x99, 0x99, 0x99, 0x99, 0x9D, 
	0xC7, 0x20, 0x00, 0x00, 0x00, 0x00, 0x00, 0x00, 0x00, 0x03, 0xCD, 0x99, 0x99, 0x99, 0x99, 0x99, 
	0x99, 0x99, 0x99, 0x99, 0x99, 0x99, 0x99, 0x99, 0x99, 0x99, 0x99, 0x99, 0x99, 0x99, 0x99, 0x99, 
	0x99, 0x99, 0x99, 0x99, 0x99, 0x99, 0x99, 0xDC, 0x71, 0x00, 0x00, 0x00, 0x00, 0x00, 0x00, 0x01, 
	0x7C, 0xD9, 0x99, 0x99, 0x99, 0x99, 0x99, 0x99, 0x99, 0x9D, 0xE3, 0x20, 0x00, 0x00, 0x00, 0x00, 
	0x00, 0x00, 0x00, 0x00, 0x2C, 0xD9, 0x99, 0x99, 0x99, 0x99, 0x99, 0x99, 0xDC, 0x72, 0x00, 0x00, 
	0x00, 0x00, 0x00, 0x00, 0x00, 0x00, 0x13, 0xCD, 0xD9, 0x99, 0x99, 0x99, 0x99, 0x99, 0x99, 0xE8, 
	0x20, 0x00, 0x00, 0x00, 0x00, 0x00, 0x00, 0x00, 0x00, 0x27, 0xFD, 0x99, 0x99, 0x99, 0x99, 0x99, 
	0x99, 0x99, 0xD8, 0x20, 0x00, 0x00, 0x00, 0x00, 0x00, 0x00, 0x00, 0x00, 0x27, 0xE9, 0x99, 0x99, 
	0x99, 0x99, 0x99, 0x99, 0x9E, 0x83, 0x10, 0x00, 0x00, 0x00, 0x00, 0x00, 0x00, 0x00, 0x01, 0x8D, 
	0xD9, 0x99, 0x99, 0x99, 0x99, 0x99, 0x99, 0x99, 0x99, 0x99, 0x99, 0x99, 0x99, 0x99, 0x99, 0x99, 
	0x99, 0x99, 0x99, 0x99, 0x99, 0x99, 0x99, 0x99, 0x99, 0x99, 0x99, 0x9D, 0xD8, 0x31, 0x00, 0x00, 
	0x00, 0x00, 0x00, 0x00, 0x01, 0x38, 0xD9, 0x99, 0x99, 0x99, 0x99, 0x99, 0x99, 0x99, 0x9D, 0xE3, 
	0x21, 0x11, 0x11, 0x11, 0x00, 0x11, 0x11, 0x11, 0x00, 0x3C, 0xD9, 0x99, 0x99, 0x99, 0x99, 0x99, 
	0x99, 0xDC, 0x72, 0x11, 0x11, 0x11, 0x10, 0x00, 0x11, 0x11, 0x11, 0x13, 0x8C, 0xD9, 0x99, 0x99, 
	0x99, 0x99, 0x99, 0x99, 0xE8, 0x21, 0x01, 0x11, 0x11, 0x10, 0x01, 0x11, 0x11, 0x10, 0x27, 0xFD, 
	0x99, 0x99, 0x99, 0x99, 0x99, 0x99, 0x99, 0xC7, 0x21, 0x11, 0x11, 0x11, 0x10, 0x01, 0x11, 0x11, 
	0x10, 0x27, 0xED, 0x99, 0x99, 0x99, 0x99, 0x99, 0x99, 0xDE, 0x72, 0x11, 0x11, 0x11, 0x10, 0x00, 
	0x01, 0x11, 0x11, 0x11, 0x7C, 0xD9, 0x99, 0x99, 0x99, 0x99, 0x99, 0x99, 0x99, 0x99, 0x99, 0x99, 
	0x99, 0x99, 0x99, 0x99, 0x99, 0x99, 0x99, 0x99, 0x99, 0x99, 0x99, 0x99, 0x99, 0x99, 0x99, 0x99, 
	0x9D, 0xD8, 0x73, 0x33, 0x33, 0x33, 0x33, 0x33, 0x33, 0x33, 0x78, 0xD9, 0x99, 0x99, 0x99, 0x99, 
	0x99, 0x99, 0x99, 0x9D, 0xE7, 0x77, 0x77, 0x77, 0x77, 0x33, 0x37, 0x77, 0x77, 0x77, 0x7C, 0xD9, 
	0x99, 0x99, 0x99, 0x99, 0x99, 0x99, 0xDC, 0x87, 0x77, 0x77, 0x77, 0x73, 0x33, 0x77, 0x77, 0x77, 
	0x77, 0x8D, 0xD9, 0x99, 0x99, 0x99, 0x99, 0x99, 0x99, 0xEC, 0x77, 0x77, 0x77, 0x77, 0x33, 0x37, 
	0x77, 0x77, 0x77, 0x78, 0xED, 0x99, 0x99, 0x99, 0x99, 0x99, 0x99, 0x9D, 0xC8, 0x77, 0x77, 0x77, 
	0x77, 0x33, 0x77, 0x77, 0x77, 0x77, 0x78, 0xED, 0x99, 0x99, 0x99, 0x99, 0x99, 0x99, 0xDE, 0x87, 
	0x77, 0x77, 0x77, 0x77, 0x33, 0x77, 0x77, 0x77, 0x77, 0x8C, 0xD9, 0x99, 0x99, 0x99, 0x99, 0x99, 
	0x99, 0x99, 0x99, 0x99, 0x99, 0x99, 0x99, 0x99, 0x99, 0x99, 0x99, 0x99, 0x99, 0x99, 0x99, 0x99, 
	0x99, 0x99, 0x99, 0x99, 0x99, 0x9D, 0xDE, 0xEE, 0xEE, 0xEE, 0xEE, 0xEE, 0xEE, 0xEE, 0xEE, 0xEE, 
	0xD9, 0x99, 0x99, 0x99, 0x99, 0x99, 0x99, 0x99, 0x9D, 0xDF, 0xFF, 0xFF, 0xFF, 0xFF, 0xEE, 0xEE, 
	0xFF, 0xFF, 0xFF, 0xFE, 0xD9, 0x99, 0x99, 0x99, 0x99, 0x99, 0x99, 0xDE, 0xFF, 0xFF, 0xFF, 0xFF, 
	0xEE, 0xEE, 0xFF, 0xFF, 0xFF, 0xFF, 0xFD, 0xD9, 0x99, 0x99, 0x99, 0x99, 0x99, 0x99, 0xEE, 0xFF, 
	0xFF, 0xFF, 0xFE, 0xEE, 0xEE, 0xFF, 0xFF, 0xFF, 0xFE, 0xD9, 0x99, 0x99, 0x99, 0x99, 0x99, 0x99, 
	0x99, 0xDE, 0xFF, 0xFF, 0xFF, 0xFE, 0xEE, 0xEF, 0xFF, 0xFF, 0xFF, 0xFE, 0xD9, 0x99, 0x99, 0x99, 
	0x99, 0x99, 0x99, 0x9D, 0xEF, 0xFF, 0xFF, 0xFF, 0xFE, 0xEE, 0xEF, 0xFF, 0xFF, 0xFF, 0xFE, 0x99, 
	0x99, 0x99, 0x99, 0x99, 0x99, 0x99, 0x99, 0x99, 0x99, 0x99, 0x99, 0x99, 0x99, 0x99, 0x99, 0x99, 
	0x99, 0x99, 0x99, 0x99, 0x99, 0x99, 0x99, 0x99, 0x99, 0x99, 0x99, 0xDE, 0xDD, 0xDD, 0xDD, 0xDD, 
	0xDD, 0xDD, 0xDD, 0xDD, 0xDD, 0x99, 0x99, 0x99, 0x99, 0x99, 0x99, 0x99, 0x99, 0x9D, 0xDE, 0xEE, 
	0xEE, 0xEE, 0xEE, 0xDD, 0xDE, 0xEE, 0xEE, 0xEE, 0xED, 0xD9, 0x99, 0x99, 0x99, 0x99, 0x99, 0x99, 
	0x9D, 0xEE, 0xEE, 0xEE, 0xEE, 0xED, 0xDD, 0xEE, 0xEE, 0xEE, 0xEE, 0xED, 0x99, 0x99, 0x99, 0x99, 
	0x99, 0x99, 0x99, 0xDD, 0xEE, 0xEE, 0xEE, 0xED, 0xDD, 0xDD, 0xEE, 0xEE, 0xEE, 0xED, 0xD9, 0x99, 
	0x99, 0x99, 0x99, 0x99, 0x99, 0x99, 0xDD, 0xEE, 0xEE, 0xEE, 0xED, 0xDD, 0xDE, 0xEE, 0xEE, 0xEE, 
	0xED, 0x99, 0x99, 0x99, 0x99, 0x99, 0x99, 0x99, 0x99, 0xDE, 0xEE, 0xEE, 0xEE, 0xED, 0xDD, 0xDE, 
	0xEE, 0xEE, 0xEE, 0xED, 0x99, 0x99, 0x99, 0x99, 0x99, 0x99, 0x99, 0x99, 0x99, 0x99, 0x99, 0x99, 
	0x99, 0x99, 0x99, 0x99, 0x99, 0x99, 0x99, 0x99, 0x99, 0x99, 0x99, 0x99, 0x99, 0x99, 0x99, 0x99, 
	0x9D, 0xDD, 0xDD, 0xDD, 0xDD, 0xDD, 0xDD, 0xDD, 0xDD, 0xDD, 0x99, 0x99, 0x99, 0x99, 0x99, 0x99, 
	0x99, 0x99, 0x99, 0xDD, 0xDD, 0xDD, 0xDD, 0xDD, 0xDD, 0xDD, 0xDD, 0xDD, 0xDD, 0xDD, 0x99, 0x99, 
	0x99, 0x99, 0x99, 0x99, 0x99, 0x99, 0xDD, 0xDD, 0xDD, 0xDD, 0xDD, 0xDD, 0xDD, 0xDD, 0xDD, 0xDD, 
	0xD9, 0x99, 0x99, 0x99, 0x99, 0x99, 0x99, 0x99, 0xDD, 0xDD, 0xDD, 0xDD, 0xDD, 0xDD, 0xDD, 0xDD, 
	0xDD, 0xDD, 0xDD, 0xD9, 0x99, 0x99, 0x99, 0x99, 0x99, 0x99, 0x99, 0xDD, 0xDD, 0xDD, 0xDD, 0xDD, 
	0xDD, 0xDD, 0xDD, 0xDD, 0xDD, 0xDD, 0x99, 0x99, 0x99, 0x99, 0x99, 0x99, 0x99, 0x99, 0xDD, 0xDD, 
	0xDD, 0xDD, 0xDD, 0xDD, 0xDD, 0xDD, 0xDD, 0xDD, 0xDD, 0x99, 0x99, 0x99, 0x99, 0x99, 0x99, 0x99, 
	0x99, 0x99, 0x99, 0x99, 0x99, 0x99, 0x99, 0x99, 0x99, 0x99, 0x99, 0x99, 0x99, 0x99, 0x99, 0x99, 
	0x99, 0x99, 0x99, 0x99, 0x99, 0x99, 0x99, 0x99, 0x99, 0x99, 0x99, 0x99, 0x99, 0x99, 0x99, 0x99, 
	0x99, 0x99, 0x99, 0x99, 0x99, 0x99, 0x99, 0x99, 0x99, 0x99, 0x99, 0x99, 0x99, 0x99, 0x99, 0x99, 
	0x99, 0x99, 0x99, 0x99, 0x99, 0x99, 0x99, 0x99, 0x99, 0x99, 0x99, 0x99, 0x99, 0x99, 0x99, 0x99, 
	0x99, 0x99, 0x99, 0x99, 0x99, 0x99, 0x99, 0x99, 0x99, 0x99, 0x99, 0x99, 0x99, 0x99, 0x99, 0x99, 
	0x99, 0x99, 0x99, 0x99, 0x99, 0x99, 0x99, 0x99, 0x99, 0x99, 0x99, 0x99, 0x99, 0x99, 0x99, 0x99, 
	0x99, 0x99, 0x99, 0x99, 0x99, 0x99, 0x99, 0x99, 0x99, 0x99, 0x99, 0x99, 0x99, 0x99, 0x99, 0x99, 
	0x99, 0x99, 0x99, 0x99, 0x99, 0x99, 0x99, 0x99, 0x99, 0x99, 0x99, 0x99, 0x99, 0x99, 0x99, 0x99, 
	0x99, 0x99, 0x99, 0x99, 0x99, 0x99, 0x99, 0x99, 0x99, 0x99, 0x99, 0x99, 0x99, 0x99, 0x99, 0x99, 
	0x99, 0x99, 0x99, 0x99, 0x99, 0x99, 0x99, 0x99, 0x99, 0x99, 0x99, 0x99, 0x99, 0x99, 0x99, 0x99, 
	0x99, 0x99, 0x99, 0x99, 0x99, 0x99, 0x99, 0x99, 0x99, 0x99, 0x99, 0x99, 0x99, 0x99, 0x99, 0x99, 
	0x99, 0x99, 0x99, 0x99, 0x99, 0x99, 0x99, 0x99, 0x99, 0x99, 0x99, 0x99, 0x99, 0x99, 0x99, 0x99, 
	0x99, 0x99, 0x99, 0x99, 0x99, 0x99, 0x99, 0x99, 0x99, 0x99, 0x99, 0x99, 0x99, 0x99, 0x99, 0x99, 
	0x99, 0x99, 0x99, 0x99, 0x99, 0x99, 0x99, 0x99, 0x99, 0x99, 0x99, 0x99, 0x99, 0x99, 0x99, 0x99, 
	0x99, 0x99, 0x99, 0x99, 0x99, 0x99, 0x99, 0x99, 0x99, 0x99, 0x99, 0x99, 0x99, 0x99, 0x99, 0x99, 
	0x99, 0x99, 0x99, 0x99, 0x99, 0x99, 0x99, 0x99, 0x99, 0x99, 0x99, 0x99, 0x99, 0x99, 0x99, 0x99, 
	0x99, 0x99, 0x99, 0x99, 0x99, 0x99, 0x99, 0x99, 0x99, 0x99, 0x99, 0x99, 0x99, 0x99, 0x99, 0x99, 
	0x99, 0x99, 0x99, 0x99, 0x99, 0x99, 0x99, 0x99, 0x99, 0x99, 0x99, 0x99, 0x99, 0x99, 0x99, 0x99, 
	0x99, 0x99, 0x99, 0x99, 0x99, 0x99, 0x99, 0x99, 0x99, 0x99, 0x99, 0x99, 0x99, 0x99, 0x99, 0x99, 
	0x99, 0x99, 0x99, 0x99, 0x99, 0x99, 0x99, 0x99, 0x99, 0x99, 0x99, 0x99, 0x99, 0x99, 0x99, 0x99, 
	0x99, 0x99, 0x99, 0x99, 0x99, 0x99, 0x99, 0x99, 0x99, 0x99, 0x59, 0x99, 0x99, 0x99, 0x99, 0x99, 
	0x99, 0x99, 0x99, 0x99, 0x99, 0x99, 0x99, 0x99, 0x99, 0x99, 0x99, 0x99, 0x99, 0x99, 0x99, 0x99, 
	0x99, 0x99, 0x99, 0x99, 0x99, 0x99, 0x99, 0x99, 0x99, 0x99, 0x99, 0x99, 0x99, 0x99, 0x99, 0x99, 
	0x99, 0x99, 0x99, 0x99, 0x99, 0x99, 0x99, 0x99, 0x99, 0x99, 0x99, 0x99, 0x99, 0x99, 0x99, 0x99, 
	0x99, 0x95, 0x55, 0x99, 0x99, 0x99, 0x99, 0x99, 0x99, 0x99, 0x99, 0x99, 0x99, 0x99, 0x99, 0x99, 
	0x99, 0x99, 0x99, 0x99, 0x99, 0x99, 0x99, 0x99, 0x99, 0x99, 0x99, 0x99, 0x99, 0x99, 0x99, 0x99, 
	0x99, 0x99, 0x99, 0x99, 0x99, 0x99, 0x99, 0x99, 0x99, 0x99, 0x99, 0x99, 0x99, 0x99, 0x99, 0x99, 
	0x99, 0x99, 0x99, 0x99, 0x99, 0x99, 0x99, 0x99, 0x99, 0x95, 0x59, 0x99, 0x99, 0x99, 0x99, 0x99, 
	0x99, 0x99, 0x99, 0x99, 0x99, 0x99, 0x99, 0x99, 0x99, 0x99, 0x99, 0x99, 0x99, 0x99, 0x55, 0x55, 
	0x59, 0x99, 0x99, 0x99, 0x99, 0x99, 0x99, 0x99, 0x99, 0x99, 0x99, 0x99, 0x99, 0x99, 0x99, 0x99, 
	0x99, 0x99, 0x99, 0x99, 0x99, 0x99, 0x99, 0x99, 0x99, 0x99, 0x99, 0x99, 0x99, 0x99, 0x99, 0x99, 
	0x99, 0x99, 0x55, 0x99, 0x99, 0x99, 0x99, 0x59, 0x99, 0x99, 0x99, 0x99, 0x99, 0x99, 0x99, 0x99, 
	0x99, 0x99, 0x99, 0x99, 0x99, 0x99, 0x53, 0x37, 0x59, 0x99, 0x99, 0x99, 0x99, 0x99, 0x99, 0x99, 
	0x99, 0x99, 0x99, 0x99, 0x99, 0x99, 0x99, 0x99, 0x99, 0x99, 0x99, 0x99, 0x99, 0x99, 0x99, 0x99, 
	0x99, 0x99, 0x99, 0x99, 0x99, 0x99, 0x99, 0x99, 0x99, 0x99, 0x99, 0x99, 0x99, 0x99, 0x99, 0x99, 
	0x99, 0x99, 0x99, 0x99, 0x99, 0x99, 0x99, 0x99, 0x99, 0x99, 0x99, 0x99, 0x99, 0x99, 0x97, 0x35, 
	0x99, 0x99, 0x99, 0x99, 0x99, 0x99, 0x99, 0x99, 0x99, 0x99, 0x99, 0x99, 0x99, 0x99, 0x99, 0x99, 
	0x99, 0x99, 0x95, 0x33, 0x33, 0x35, 0x99, 0x99, 0x99, 0x99, 0x99, 0x99, 0x99, 0x99, 0x99, 0x99, 
	0x99, 0x99, 0x99, 0x99, 0x99, 0x99, 0x99, 0x99, 0x99, 0x99, 0x99, 0x99, 0x99, 0x99, 0x99, 0x99, 
	0x99, 0x99, 0x99, 0x99, 0x99, 0x99, 0x57, 0x33, 0x59, 0x99, 0x99, 0x53, 0x75, 0x99, 0x99, 0x99, 
	0x99, 0x99, 0x99, 0x99, 0x99, 0x99, 0x99, 0x99, 0x99, 0x99, 0x95, 0x33, 0x73, 0x35, 0x99, 0x99, 
	0x99, 0x99, 0x99, 0x99, 0x99, 0x99, 0x99, 0x99, 0x99, 0x99, 0x99, 0x99, 0x99, 0x99, 0x99, 0x99, 
	0x99, 0x99, 0x99, 0x99, 0x99, 0x99, 0x99, 0x99, 0x99, 0x99, 0x99, 0x99, 0x99, 0x99, 0x99, 0x99, 
	0x99, 0x99, 0x99, 0x99, 0x99, 0x99, 0x99, 0x99, 0x99, 0x99, 0x99, 0x99, 0x99, 0x99, 0x99, 0x99, 
	0x99, 0x99, 0x95, 0x77, 0x73, 0x79, 0x99, 0x99, 0x99, 0x99, 0x99, 0x99, 0x99, 0x99, 0x99, 0x99, 
	0x99, 0x99, 0x99, 0x99, 0x99, 0x99, 0x99, 0x57, 0x7C, 0xCC, 0x23, 0x59, 0x99, 0x99, 0x99, 0x99, 
	0x99, 0x99, 0x99, 0x99, 0x99, 0x99, 0x99, 0x95, 0x59, 0x99, 0x99, 0x55, 0x59, 0x99, 0x99, 0x55, 
	0x99, 0x99, 0x99, 0x99, 0x99, 0x99, 0x99, 0x99, 0x99, 0x99, 0x97, 0x33, 0x73, 0x35, 0x99, 0x57, 
	0x77, 0x73, 0x79, 0x99, 0x99, 0x99, 0x99, 0x99, 0x99, 0x99, 0x99, 0x99, 0x99, 0x99, 0x99, 0x97, 
	0x38, 0xC8, 0x33, 0x59, 0x99, 0x99, 0x99, 0x99, 0x99, 0x99, 0x99, 0x99, 0x99, 0x99, 0x99, 0x99, 
	0x99, 0x99, 0x99, 0x99, 0x99, 0x99, 0x99, 0x99, 0x99, 0x99, 0x99, 0x99, 0x99, 0x99, 0x99, 0x99, 
	0x99, 0x99, 0x99, 0x99, 0x99, 0x99, 0x99, 0x99, 0x99, 0x99, 0x99, 0x99, 0x99, 0x99, 0x99, 0x99, 
	0x99, 0x99, 0x99, 0x99, 0x99, 0x99, 0x99, 0x95, 0x38, 0xC8, 0x35, 0x55, 0x55, 0x99, 0x99, 0x99, 
	0x99, 0x99, 0x99, 0x99, 0x99, 0x99, 0x99, 0x99, 0x99, 0x99, 0x99, 0x99, 0x57, 0xCE, 0xEC, 0x23, 
	0x59, 0x99, 0x99, 0x99, 0x99, 0x99, 0x99, 0x99, 0x99, 0x99, 0x99, 0x95, 0x53, 0x75, 0x59, 0x55, 
	0x33, 0x35, 0x59, 0x55, 0x33, 0x55, 0x99, 0x99, 0x99, 0x99, 0x99, 0x99, 0x99, 0x99, 0x99, 0x93, 
	0x78, 0xCC, 0x77, 0x59, 0x57, 0xCC, 0xC8, 0x35, 0x99, 0x99, 0x99, 0x99, 0x99, 0x99, 0x99, 0x99, 
	0x99, 0x99, 0x99, 0x95, 0x53, 0x7C, 0xEC, 0x73, 0x35, 0x99, 0x99, 0x99, 0x99, 0x99, 0x99, 0x99, 
	0x99, 0x99, 0x99, 0x99, 0x99, 0x99, 0x99, 0x99, 0x99, 0x99, 0x99, 0x99, 0x99, 0x99, 0x99, 0x99, 
	0x99, 0x99, 0x99, 0x99, 0x99, 0x99, 0x99, 0x99, 0x99, 0x99, 0x99, 0x99, 0x99, 0x99, 0x99, 0x99, 
	0x99, 0x99, 0x99, 0x99, 0x99, 0x99, 0x99, 0x99, 0x99, 0x99, 0x99, 0x99, 0x95, 0x3C, 0xEE, 0x87, 
	0x33, 0x37, 0x59, 0x99, 0x99, 0x99, 0x99, 0x99, 0x99, 0x99, 0x99, 0x99, 0x99, 0x99, 0x99, 0x99, 
	0x99, 0x57, 0xCE, 0xE8, 0x37, 0x99, 0x99, 0x99, 0x99, 0x99, 0x99, 0x99, 0x99, 0x99, 0x99, 0x99, 
	0x95, 0x78, 0x87, 0x39, 0x73, 0x78, 0x73, 0x39, 0x53, 0x87, 0x37, 0x99, 0x99, 0x99, 0x99, 0x99, 
	0x99, 0x99, 0x99, 0x99, 0x92, 0x8C, 0xEE, 0xC7, 0x79, 0x58, 0xEF, 0xFC, 0x33, 0x59, 0x99, 0x99, 
	0x99, 0x99, 0x99, 0x99, 0x99, 0x99, 0x99, 0x99, 0x53, 0x37, 0x8C, 0xFE, 0x87, 0x33, 0x59, 0x99, 
	0x99, 0x99, 0x99, 0x99, 0x99, 0x99, 0x99, 0x99, 0x99, 0x99, 0x99, 0x99, 0x99, 0x99, 0x99, 0x99, 
	0x99, 0x99, 0x99, 0x99, 0x99, 0x99, 0x99, 0x99, 0x99, 0x99, 0x99, 0x99, 0x99, 0x99, 0x99, 0x99, 
	0x99, 0x95, 0x55, 0x99, 0x99, 0x99, 0x99, 0x99, 0x99, 0x99, 0x99, 0x99, 0x99, 0x99, 0x99, 0x99, 
	0x99, 0x53, 0x8E, 0xFF, 0xFC, 0x88, 0x32, 0x27, 0x99, 0x99, 0x99, 0x99, 0x99, 0x99, 0x99, 0x99, 
	0x99, 0x99, 0x99, 0x99, 0x99, 0x99, 0x57, 0x8E, 0x83, 0x79, 0x99, 0x99, 0x99, 0x99, 0x99, 0x99, 
	0x99, 0x99, 0x99, 0x99, 0x99, 0x95, 0x7E, 0xEC, 0x27, 0x38, 0xCE, 0xC8, 0x27, 0x38, 0xE8, 0x73, 
	0x99, 0x99, 0x99, 0x99, 0x99, 0x99, 0x99, 0x99, 0x99, 0x91, 0x8C, 0xFF, 0xC7, 0x75, 0x78, 0xEF, 
	0xFC, 0x73, 0x59, 0x99, 0x99, 0x99, 0x99, 0x99, 0x99, 0x99, 0x99, 0x99, 0x99, 0x57, 0x7C, 0xEE, 
	0xFF, 0xFC, 0x83, 0x59, 0x99, 0x99, 0x99, 0x99, 0x99, 0x99, 0x99, 0x99, 0x99, 0x99, 0x99, 0x99, 
	0x99, 0x99, 0x99, 0x99, 0x99, 0x99, 0x99, 0x99, 0x99, 0x99, 0x99, 0x99, 0x99, 0x99, 0x99, 0x99, 
	0x99, 0x99, 0x99, 0x99, 0x99, 0x57, 0x33, 0x33, 0x37, 0x59, 0x99, 0x99, 0x99, 0x99, 0x99, 0x99, 
	0x99, 0x99, 0x99, 0x99, 0x99, 0x95, 0x37, 0xCF, 0xFF, 0xFF, 0xEE, 0xED, 0x83, 0x35, 0x99, 0x99, 
	0x99, 0x99, 0x99, 0x99, 0x99, 0x99, 0x99, 0x99, 0x99, 0x99, 0x95, 0x38, 0xCC, 0x77, 0x95, 0x59, 
	0x99, 0x99, 0x99, 0x99, 0x99, 0x99, 0x99, 0x99, 0x99, 0x99, 0x95, 0x7E, 0xFC, 0x32, 0x38, 0xEF, 
	0xFC, 0x23, 0x78, 0xEC, 0x73, 0x99, 0x99, 0x99, 0x99, 0x99, 0x99, 0x99, 0x99, 0x99, 0x93, 0x7C, 
	0xFF, 0x87, 0x59, 0x57, 0xEF, 0xE8, 0x35, 0x59, 0x99, 0x99, 0x99, 0x99, 0x99, 0x99, 0x99, 0x99, 
	0x99, 0x99, 0x95, 0x37, 0x8C, 0xFE, 0xC7, 0x33, 0x59, 0x99, 0x99, 0x99, 0x99, 0x99, 0x99, 0x99, 
	0x99, 0x99, 0x99, 0x99, 0x99, 0x99, 0x99, 0x99, 0x99, 0x99, 0x99, 0x99, 0x99, 0x99, 0x99, 0x99, 
	0x99, 0x99, 0x99, 0x99, 0x99, 0x99, 0x99, 0x99, 0x99, 0x99, 0x73, 0x88, 0xC8, 0x83, 0x55, 0x99, 
	0x99, 0x99, 0x99, 0x99, 0x99, 0x99, 0x99, 0x99, 0x99, 0x99, 0x97, 0x38, 0xFF, 0xFF, 0xFF, 0xFF, 
	0xFF, 0xEC, 0x77, 0x59, 0x99, 0x99, 0x99, 0x99, 0x99, 0x99, 0x99, 0x99, 0x99, 0x99, 0x99, 0x53, 
	0x8C, 0xE8, 0x75, 0x53, 0x35, 0x99, 0x99, 0x99, 0x99, 0x99, 0x99, 0x99, 0x99, 0x99, 0x99, 0x95, 
	0x7E, 0xFC, 0x77, 0x7C, 0xFF, 0xFE, 0x77, 0x8C, 0xFC, 0x73, 0x99, 0x99, 0x99, 0x99, 0x99, 0x99, 
	0x95, 0x55, 0x55, 0x55, 0x37, 0xCF, 0x83, 0x59, 0x57, 0xCE, 0xC7, 0x35, 0x55, 0x55, 0x55, 0x99, 
	0x99, 0x99, 0x99, 0x99, 0x99, 0x55, 0x55, 0x55, 0x33, 0x7C, 0xFE, 0x83, 0x37, 0x55, 0x55, 0x59, 
	0x99, 0x99, 0x99, 0x99, 0x99, 0x99, 0x99, 0x99, 0x99, 0x99, 0x99, 0x99, 0x99, 0x99, 0x99, 0x99, 
	0x99, 0x99, 0x99, 0x99, 0x99, 0x99, 0x99, 0x99, 0x99, 0x99, 0x99, 0x99, 0x99, 0x99, 0x95, 0x78, 
	0xCF, 0xFF, 0xC7, 0x35, 0x99, 0x99, 0x99, 0x99, 0x99, 0x99, 0x99, 0x99, 0x99, 0x99, 0x99, 0x53, 
	0x7C, 0xFF, 0xFF, 0xFF, 0xFF, 0xFF, 0xFE, 0xC7, 0x59, 0x99, 0x99, 0x99, 0x99, 0x99, 0x99, 0x99, 
	0x99, 0x99, 0x99, 0x95, 0x37, 0xEF, 0xE7, 0x55, 0x37, 0x73, 0x59, 0x99, 0x99, 0x99, 0x99, 0x99, 
	0x99, 0x99, 0x99, 0x99, 0x95, 0x7E, 0xFE, 0xCC, 0xCE, 0xFF, 0xFE, 0xCC, 0xEE, 0xFC, 0x73, 0x99, 
	0x99, 0x99, 0x99, 0x99, 0x99, 0x53, 0x77, 0x77, 0x59, 0x53, 0x8F, 0x87, 0x59, 0x57, 0xCE, 0x83, 
	0x59, 0x57, 0x77, 0x77, 0x99, 0x99, 0x99, 0x99, 0x99, 0x55, 0x33, 0x73, 0x55, 0x72, 0x3C, 0xFE, 
	0x72, 0x37, 0x77, 0x77, 0x75, 0x99, 0x99, 0x99, 0x99, 0x99, 0x99, 0x99, 0x99, 0x99, 0x99, 0x99, 
	0x99, 0x99, 0x99, 0x99, 0x99, 0x99, 0x99, 0x99, 0x99, 0x99, 0x99, 0x99, 0x99, 0x99, 0x99, 0x99, 
	0x99, 0x99, 0x99, 0x93, 0x8E, 0xFF, 0xFF, 0xFC, 0x77, 0x99, 0x99, 0x99, 0x99, 0x99, 0x99, 0x99, 
	0x99, 0x99, 0x99, 0x99, 0x53, 0xCF, 0xFF, 0xFF, 0xFF, 0xFF, 0xFF, 0xFF, 0xF8, 0x35, 0x99, 0x99, 
	0x99, 0x99, 0x99, 0x99, 0x99, 0x99, 0x99, 0x99, 0x53, 0x7E, 0xFF, 0xE3, 0x75, 0x3C, 0xC8, 0x35, 
	0x99, 0x99, 0x99, 0x99, 0x99, 0x99, 0x99, 0x99, 0x99, 0x95, 0x7C, 0xFF, 0xFF, 0xFF, 0xFF, 0xFF, 
	0xFF, 0xFF, 0xFC, 0x73, 0x99, 0x99, 0x99, 0x99, 0x99, 0x99, 0x77, 0xCE, 0xC7, 0x75, 0x57, 0x7F, 
	0xC7, 0x79, 0x58, 0xEE, 0x87, 0x95, 0x38, 0xEE, 0xC3, 0x59, 0x99, 0x99, 0x99, 0x95, 0x33, 0x78, 
	0x87, 0x33, 0x22, 0x7C, 0xFF, 0x83, 0x33, 0x77, 0x87, 0x73, 0x35, 0x99, 0x99, 0x99, 0x99, 0x99, 
	0x99, 0x99, 0x99, 0x99, 0x99, 0x99, 0x99, 0x99, 0x99, 0x99, 0x99, 0x99, 0x99, 0x99, 0x99, 0x99, 
	0x99, 0x99, 0x99, 0x99, 0x99, 0x99, 0x99, 0x99, 0x92, 0x8E, 0xFF, 0xFF, 0xFE, 0x83, 0x99, 0x99, 
	0x99, 0x99, 0x99, 0x99, 0x99, 0x99, 0x99, 0x99, 0x95, 0x37, 0xEF, 0xFF, 0xFF, 0xFF, 0xFF, 0xFF, 
	0xFF, 0xFC, 0x83, 0x59, 0x99, 0x99, 0x99, 0x99, 0x99, 0x99, 0x99, 0x99, 0x95, 0x38, 0xEF, 0xFE, 
	0xC3, 0x75, 0x3E, 0xEC, 0x73, 0x59, 0x99, 0x99, 0x99, 0x99, 0x99, 0x99, 0x99, 0x99, 0x95, 0x37, 
	0xEF, 0xFF, 0xFF, 0xFF, 0xFF, 0xFF, 0xFF, 0xE8, 0x37, 0x99, 0x99, 0x99, 0x99, 0x99, 0x95, 0x38, 
	0xEE, 0xE8, 0x35, 0x55, 0x7F, 0xC8, 0x37, 0x78, 0xFE, 0x87, 0x97, 0x7C, 0xFE, 0xC3, 0x35, 0x99, 
	0x99, 0x99, 0x53, 0x7C, 0xEE, 0xEE, 0xEE, 0xC8, 0xCE, 0xFF, 0xEC, 0xCE, 0xEE, 0xEE, 0xE8, 0x73, 
	0x55, 0x99, 0x99, 0x99, 0x99, 0x99, 0x99, 0x99, 0x99, 0x99, 0x99, 0x99, 0x99, 0x99, 0x99, 0x99, 
	0x99, 0x99, 0x99, 0x99, 0x99, 0x99, 0x99, 0x99, 0x99, 0x99, 0x99, 0x99, 0x99, 0x92, 0x8E, 0xFF, 
	0xFF, 0xFF, 0x83, 0x99, 0x99, 0x99, 0x99, 0x99, 0x99, 0x99, 0x99, 0x99, 0x99, 0x95, 0x78, 0xEF, 
	0xFF, 0xFF, 0xFF, 0xFF, 0xFF, 0xFF, 0xFE, 0x83, 0x79, 0x99, 0x99, 0x99, 0x99, 0x99, 0x99, 0x99, 
	0x99, 0x97, 0x7C, 0xFF, 0xFE, 0x83, 0x37, 0x7E, 0xFE, 0xC3, 0x59, 0x99, 0x99, 0x99, 0x99, 0x99, 
	0x99, 0x99, 0x99, 0x99, 0x52, 0x8E, 0xFF, 0xFF, 0xFF, 0xFF, 0xFF, 0xFE, 0x83, 0x75, 0x99, 0x99, 
	0x99, 0x99, 0x99, 0x95, 0x38, 0xEF, 0xFC, 0x35, 0x55, 0x7F, 0xEC, 0x22, 0x7C, 0xFC, 0x77, 0x93, 
	0x7C, 0xFF, 0xC3, 0x35, 0x99, 0x99, 0x99, 0x77, 0xCE, 0xFF, 0xFF, 0xFF, 0xFE, 0xEF, 0xFF, 0xFE, 
	0xFF, 0xFF, 0xFF, 0xFF, 0xC7, 0x35, 0x99, 0x99, 0x99, 0x99, 0x99, 0x99, 0x99, 0x99, 0x99, 0x99, 
	0x99, 0x99, 0x99, 0x99, 0x99, 0x99, 0x99, 0x99, 0x99, 0x99, 0x99, 0x99, 0x99, 0x99, 0x99, 0x99, 
	0x99, 0x99, 0x92, 0x8C, 0xFF, 0xFF, 0xFC, 0x83, 0x99, 0x99, 0x99, 0x99, 0x99, 0x99, 0x99, 0x99, 
	0x99, 0x99, 0x95, 0x7C, 0xEF, 0xFF, 0xFF, 0xFF, 0xFF, 0xFF, 0xFF, 0xFF, 0xC3, 0x39, 0x99, 0x99, 
	0x99, 0x99, 0x99, 0x99, 0x99, 0x99, 0x93, 0x8E, 0xFF, 0xFC, 0x73, 0x37, 0x8E, 0xFF, 0xE7, 0x75, 
	0x99, 0x99, 0x99, 0x99, 0x99, 0x99, 0x99, 0x99, 0x99, 0x97, 0x38, 0xFF, 0xFF, 0xFF, 0xFF, 0xFF, 
	0xEC, 0x33, 0x59, 0x99, 0x99, 0x99, 0x99, 0x99, 0x99, 0x37, 0xCE, 0xFC, 0x35, 0x57, 0x7F, 0xFC, 
	0x22, 0x7C, 0xFC, 0x73, 0x93, 0x7C, 0xFE, 0x83, 0x79, 0x99, 0x99, 0x99, 0x38, 0xEF, 0xFF, 0xEE, 
	0xEE, 0xEF, 0xFF, 0xFF, 0xFF, 0xFE, 0xEE, 0xEF, 0xFF, 0xE8, 0x37, 0x99, 0x99, 0x99, 0x99, 0x99, 
	0x99, 0x99, 0x99, 0x99, 0x99, 0x99, 0x99, 0x99, 0x99, 0x99, 0x99, 0x99, 0x99, 0x99, 0x99, 0x99, 
	0x99, 0x99, 0x99, 0x99, 0x99, 0x99, 0x99, 0x93, 0x3C, 0xEF, 0xFF, 0xE8, 0x37, 0x99, 0x99, 0x99, 
	0x99, 0x99, 0x99, 0x99, 0x99, 0x99, 0x99, 0x53, 0x8F, 0xFF, 0xFF, 0xFF, 0xFF, 0xFF, 0xFF, 0xFF, 
	0xFF, 0xC7, 0x25, 0x99, 0x99, 0x99, 0x99, 0x99, 0x99, 0x99, 0x99, 0x93, 0xCE, 0xFF, 0xFC, 0x73, 
	0x37, 0xCF, 0xFF, 0xF8, 0x75, 0x99, 0x99, 0x99, 0x99, 0x99, 0x99, 0x99, 0x99, 0x99, 0x99, 0x38, 
	0xEF, 0xFF, 0xFF, 0xFF, 0xFF, 0xE8, 0x25, 0x99, 0x99, 0x99, 0x99, 0x99, 0x99, 0x99, 0x53, 0x38, 
	0xEC, 0x73, 0x33, 0x7F, 0xFC, 0x32, 0xCE, 0xFE, 0x83, 0x53, 0x8E, 0xE8, 0x37, 0x99, 0x99, 0x99, 
	0x95, 0x3C, 0xFF, 0xFE, 0xC7, 0x78, 0xCF, 0xFF, 0xFF, 0xFF, 0xE8, 0x73, 0x8E, 0xFF, 0xFC, 0x83, 
	0x99, 0x99, 0x99, 0x99, 0x99, 0x99, 0x99, 0x99, 0x99, 0x99, 0x99, 0x99, 0x99, 0x99, 0x99, 0x99, 
	0x99, 0x99, 0x99, 0x99, 0x99, 0x99, 0x99, 0x99, 0x99, 0x99, 0x99, 0x99, 0x95, 0x37, 0xCF, 0xFE, 
	0xC7, 0x35, 0x99, 0x99, 0x99, 0x99, 0x99, 0x99, 0x99, 0x99, 0x99, 0x95, 0x38, 0xEF, 0xFF, 0xFF, 
	0xFF, 0xFC, 0xCE, 0xFF, 0xFF, 0xFF, 0xEC, 0x25, 0x99, 0x99, 0x99, 0x99, 0x99, 0x99, 0x99, 0x99, 
	0x52, 0xCF, 0xFF, 0xFC, 0x73, 0x37, 0xCF, 0xFF, 0xFC, 0x77, 0x99, 0x99, 0x99, 0x99, 0x99, 0x99, 
	0x99, 0x99, 0x99, 0x99, 0x38, 0xEF, 0xFF, 0xFF, 0xFF, 0xFF, 0xE8, 0x29, 0x99, 0x99, 0x99, 0x99, 
	0x99, 0x99, 0x99, 0x95, 0x73, 0xCC, 0xC3, 0x22, 0x7F, 0xFC, 0x72, 0xCF, 0xFE, 0x82, 0x38, 0xCE, 
	0x83, 0x55, 0x99, 0x99, 0x99, 0x93, 0x3C, 0xFF, 0xFC, 0x73, 0x55, 0x7C, 0xEF, 0xFF, 0xFE, 0x73, 
	0x55, 0x38, 0xEF, 0xFE, 0x83, 0x99, 0x99, 0x99, 0x99, 0x99, 0x99, 0x99, 0x99, 0x99, 0x99, 0x99, 
	0x99, 0x99, 0x99, 0x99, 0x99, 0x99, 0x99, 0x99, 0x99, 0x99, 0x99, 0x99, 0x99, 0x99, 0x99, 0x99, 
	0x99, 0x55, 0x37, 0xCF, 0xFE, 0xC7, 0x35, 0x59, 0x99, 0x99, 0x99, 0x99, 0x99, 0x99, 0x99, 0x99, 
	0x53, 0x8E, 0xFF, 0xFF, 0xFE, 0xEE, 0x87, 0x7C, 0xFF, 0xFF, 0xFF, 0xFC, 0x25, 0x99, 0x99, 0x99, 
	0x99, 0x99, 0x99, 0x99, 0x99, 0x52, 0xEF, 0xFF, 0xFC, 0x73, 0x37, 0xCF, 0xFF, 0xFC, 0x73, 0x99, 
	0x99, 0x99, 0x99, 0x99, 0x99, 0x99, 0x99, 0x99, 0x99, 0x38, 0xFF, 0xFF, 0xFF, 0xFF, 0xFF, 0xEC, 
	0x19, 0x99, 0x99, 0x99, 0x99, 0x99, 0x99, 0x99, 0x99, 0x53, 0x7C, 0xE8, 0x33, 0x7F, 0xFE, 0x87, 
	0xCF, 0xFE, 0x82, 0x7C, 0xEC, 0x35, 0x99, 0x99, 0x99, 0x99, 0x53, 0x3C, 0xFF, 0xFC, 0x37, 0x95, 
	0x78, 0xEF, 0xFF, 0xFC, 0x33, 0x55, 0x27, 0xCF, 0xFC, 0x83, 0x99, 0x99, 0x99, 0x99, 0x99, 0x99, 
	0x99, 0x99, 0x99, 0x99, 0x99, 0x99, 0x99, 0x99, 0x99, 0x99, 0x99, 0x99, 0x99, 0x99, 0x99, 0x99, 
	0x99, 0x99, 0x99, 0x99, 0x99, 0x99, 0x53, 0x7C, 0xFF, 0xFF, 0xF8, 0x72, 0x39, 0x99, 0x99, 0x99, 
	0x99, 0x99, 0x99, 0x99, 0x95, 0x52, 0xCF, 0xFF, 0xFE, 0xCC, 0x87, 0x22, 0x7C, 0xFF, 0xFF, 0xFF, 
	0xFE, 0x25, 0x59, 0x99, 0x99, 0x99, 0x99, 0x99, 0x99, 0x99, 0x52, 0xEF, 0xFF, 0xFE, 0x83, 0x37, 
	0xCF, 0xFF, 0xFC, 0x73, 0x99, 0x99, 0x99, 0x99, 0x99, 0x99, 0x99, 0x99, 0x99, 0x95, 0x38, 0xFF, 
	0xFF, 0xFF, 0xFF, 0xFF, 0xEC, 0x19, 0x99, 0x99, 0x99, 0x99, 0x99, 0x99, 0x99, 0x99, 0x95, 0x3C, 
	0xEE, 0x83, 0x7F, 0xFE, 0xC8, 0xEF, 0xFE, 0x87, 0x8E, 0xC7, 0x39, 0x99, 0x99, 0x99, 0x99, 0x93, 
	0x3C, 0xFF, 0xFC, 0x75, 0x95, 0x38, 0xEF, 0xFF, 0xFC, 0x25, 0x55, 0x28, 0xEF, 0xFC, 0x73, 0x99, 
	0x99, 0x99, 0x99, 0x99, 0x99, 0x99, 0x99, 0x99, 0x99, 0x99, 0x99, 0x99, 0x99, 0x99, 0x99, 0x99, 
	0x99, 0x99, 0x99, 0x99, 0x99, 0x99, 0x99, 0x99, 0x99, 0x99, 0x95, 0x37, 0xCE, 0xFF, 0xFF, 0xFE, 
	0xC7, 0x39, 0x99, 0x99, 0x99, 0x99, 0x99, 0x99, 0x99, 0x95, 0x53, 0xCE, 0xFF, 0xE8, 0x73, 0x33, 
	0x22, 0x8E, 0xFF, 0xFF, 0xFF, 0xFE, 0x25, 0x59, 0x99, 0x99, 0x99, 0x99, 0x99, 0x99, 0x99, 0x52, 
	0xEF, 0xFF, 0xFE, 0xEC, 0xCC, 0xEF, 0xFF, 0xFC, 0x73, 0x99, 0x99, 0x99, 0x99, 0x99, 0x99, 0x99, 
	0x99, 0x99, 0x95, 0x38, 0xFF, 0xFF, 0xFF, 0xFF, 0xFF, 0xEC, 0x19, 0x99, 0x99, 0x99, 0x99, 0x99, 
	0x99, 0x99, 0x99, 0x99, 0x77, 0xCF, 0xC8, 0x8F, 0xFF, 0xFE, 0xFF, 0xFC, 0x88, 0xEE, 0xC3, 0x59, 
	0x99, 0x99, 0x99, 0x99, 0x95, 0x38, 0xEF, 0xFC, 0x73, 0x85, 0x38, 0xEF, 0xFF, 0xFC, 0x27, 0x55, 
	0x3E, 0xFF, 0xE8, 0x75, 0x99, 0x99, 0x99, 0x99, 0x99, 0x99, 0x99, 0x99, 0x99, 0x99, 0x99, 0x99, 
	0x99, 0x99, 0x99, 0x99, 0x99, 0x99, 0x99, 0x99, 0x99, 0x99, 0x99, 0x99, 0x99, 0x99, 0x99, 0x95, 
	0x33, 0x7C, 0xFF, 0xFF, 0xFC, 0x73, 0x39, 0x99, 0x99, 0x99, 0x99, 0x99, 0x99, 0x99, 0x99, 0x57, 
	0x78, 0x8C, 0x87, 0x75, 0x53, 0x38, 0xEF, 0xFF, 0xFF, 0xFF, 0xFE, 0x25, 0x59, 0x99, 0x99, 0x99, 
	0x99, 0x99, 0x99, 0x99, 0x52, 0xEF, 0xFF, 0xFF, 0xFE, 0xEE, 0xFF, 0xFF, 0xF8, 0x77, 0x99, 0x99, 
	0x99, 0x99, 0x99, 0x99, 0x99, 0x99, 0x99, 0x95, 0x38, 0xFF, 0xFF, 0xFF, 0xFF, 0xFF, 0xFC, 0x15, 
	0x99, 0x99, 0x99, 0x99, 0x99, 0x99, 0x99, 0x99, 0x99, 0x57, 0x8F, 0xEE, 0xEF, 0xFF, 0xFF, 0xFF, 
	0xFE, 0xEE, 0xFE, 0x87, 0x99, 0x99, 0x99, 0x99, 0x99, 0x99, 0x77, 0xCF, 0xFE, 0xC7, 0x73, 0x38, 
	0xEF, 0xFF, 0xFC, 0x23, 0x37, 0xCE, 0xFE, 0xC7, 0x79, 0x99, 0x99, 0x99, 0x99, 0x99, 0x99, 0x99, 
	0x99, 0x99, 0x99, 0x99, 0x99, 0x99, 0x99, 0x99, 0x99, 0x99, 0x99, 0x99, 0x99, 0x99, 0x99, 0x99, 
	0x99, 0x99, 0x99, 0x99, 0x99, 0x53, 0x38, 0xFF, 0xFF, 0xF7, 0x33, 0x59, 0x99, 0x99, 0x99, 0x99, 
	0x99, 0x99, 0x99, 0x99, 0x95, 0x57, 0x77, 0x37, 0x85, 0x57, 0x8C, 0xEF, 0xFF, 0xFF, 0xFF, 0xFC, 
	0x25, 0x99, 0x99, 0x99, 0x99, 0x99, 0x99, 0x99, 0x99, 0x51, 0xCF, 0xFF, 0xFF, 0xFF, 0xFF, 0xFF, 
	0xFF, 0xF8, 0x75, 0x99, 0x99, 0x99, 0x99, 0x99, 0x99, 0x99, 0x99, 0x99, 0x95, 0x38, 0xFF, 0xFF, 
	0xFF, 0xFF, 0xFF, 0xFE, 0x15, 0x99, 0x99, 0x99, 0x99, 0x99, 0x99, 0x99, 0x99, 0x99, 0x95, 0x7D, 
	0xFF, 0xFF, 0xFF, 0xFF, 0xFF, 0xFF, 0xFF, 0xF8, 0x75, 0x99, 0x99, 0x99, 0x99, 0x99, 0x99, 0x53, 
	0x7E, 0xFF, 0xEC, 0x73, 0x38, 0xEF, 0xFF, 0xFC, 0x22, 0x7C, 0xEF, 0xFE, 0x73, 0x59, 0x99, 0x99, 
	0x99, 0x99, 0x99, 0x99, 0x99, 0x99, 0x99, 0x99, 0x99, 0x99, 0x99, 0x99, 0x99, 0x99, 0x99, 0x99, 
	0x99, 0x99, 0x99, 0x99, 0x99, 0x99, 0x99, 0x99, 0x99, 0x99, 0x95, 0x38, 0xFF, 0xFF, 0xF8, 0x35, 
	0x99, 0x99, 0x99, 0x99, 0x99, 0x99, 0x99, 0x99, 0x99, 0x99, 0x99, 0x57, 0x59, 0x93, 0x38, 0xEF, 
	0xFF, 0xFF, 0xFF, 0xFF, 0xE8, 0x25, 0x99, 0x99, 0x99, 0x99, 0x99, 0x99, 0x99, 0x99, 0x91, 0xCE, 
	0xFF, 0xFF, 0xFF, 0xFF, 0xFF, 0xFF, 0xE7, 0x75, 0x99, 0x99, 0x99, 0x99, 0x99, 0x99, 0x99, 0x99, 
	0x99, 0x95, 0x38, 0xFF, 0xFF, 0xFF, 0xFF, 0xFF, 0xFE, 0x15, 0x99, 0x99, 0x99, 0x99, 0x99, 0x99, 
	0x99, 0x99, 0x99, 0x95, 0x38, 0xEF, 0xFF, 0xFF, 0xFF, 0xFF, 0xFF, 0xFF, 0xE7, 0x75, 0x99, 0x99, 
	0x99, 0x99, 0x99, 0x99, 0x95, 0x37, 0xEF, 0xFF, 0xE8, 0x78, 0xEF, 0xFF, 0xFC, 0x77, 0xCF, 0xFF, 
	0xE8, 0x35, 0x99, 0x99, 0x99, 0x99, 0x99, 0x99, 0x99, 0x99, 0x99, 0x99, 0x99, 0x99, 0x99, 0x99, 
	0x99, 0x99, 0x99, 0x99, 0x99, 0x99, 0x99, 0x99, 0x99, 0x99, 0x99, 0x99, 0x99, 0x99, 0x99, 0x93, 
	0x7C, 0xFF, 0xFF, 0xFC, 0x77, 0x99, 0x99, 0x99, 0x99, 0x99, 0x99, 0x99, 0x99, 0x99, 0x99, 0x99, 
	0x99, 0x99, 0x53, 0x8C, 0xFF, 0xFF, 0xFF, 0xFF, 0xFF, 0xC7, 0x35, 0x99, 0x99, 0x99, 0x99, 0x99, 
	0x99, 0x99, 0x99, 0x93, 0x7C, 0xFF, 0xFF, 0xFF, 0xFF, 0xFF, 0xFE, 0xC3, 0x59, 0x99, 0x99, 0x99, 
	0x99, 0x99, 0x99, 0x99, 0x99, 0x99, 0x95, 0x38, 0xFF, 0xFF, 0xFF, 0xFF, 0xFF, 0xFE, 0x15, 0x99, 
	0x99, 0x99, 0x99, 0x99, 0x99, 0x99, 0x99, 0x99, 0x95, 0x53, 0xCF, 0xFF, 0xFF, 0xFF, 0xFF, 0xFF, 
	0xFE, 0xC3, 0x59, 0x99, 0x99, 0x99, 0x99, 0x99, 0x99, 0x99, 0x53, 0x7C, 0xFF, 0xFE, 0xCE, 0xEF, 
	0xFF, 0xFE, 0xCE, 0xFF, 0xFE, 0x83, 0x59, 0x99, 0x99, 0x99, 0x99, 0x99, 0x99, 0x99, 0x99, 0x99, 
	0x99, 0x99, 0x99, 0x99, 0x99, 0x99, 0x99, 0x99, 0x99, 0x99, 0x99, 0x99, 0x99, 0x99, 0x99, 0x99, 
	0x99, 0x99, 0x99, 0x99, 0x53, 0xCE, 0xFF, 0xFF, 0xFE, 0x83, 0x59, 0x99, 0x99, 0x99, 0x99, 0x99, 
	0x99, 0x99, 0x99, 0x99, 0x99, 0x99, 0x95, 0x37, 0xCF, 0xFF, 0xFF, 0xFF, 0xFF, 0xFF, 0xC3, 0x79, 
	0x99, 0x99, 0x99, 0x99, 0x99, 0x99, 0x99, 0x99, 0x97, 0x38, 0xEF, 0xFF, 0xFF, 0xFF, 0xFF, 0xFE, 
	0x73, 0x59, 0x99, 0x99, 0x99, 0x99, 0x99, 0x99, 0x99, 0x99, 0x99, 0x95, 0x38, 0xFF, 0xFF, 0xFF, 
	0xFF, 0xFF, 0xFE, 0x25, 0x99, 0x99, 0x99, 0x99, 0x99, 0x99, 0x99, 0x99, 0x99, 0x99, 0x52, 0x8E, 
	0xFF, 0xFF, 0xFF, 0xFF, 0xFF, 0xFE, 0x73, 0x59, 0x99, 0x99, 0x99, 0x99, 0x99, 0x99, 0x99, 0x93, 
	0x38, 0xCF, 0xFF, 0xFF, 0xFF, 0xFF, 0xFF, 0xFF, 0xFE, 0xC8, 0x75, 0x99, 0x99, 0x99, 0x99, 0x99, 
	0x99, 0x99, 0x99, 0x99, 0x99, 0x99, 0x99, 0x99, 0x99, 0x99, 0x99, 0x99, 0x99, 0x99, 0x99, 0x99, 
	0x99, 0x99, 0x99, 0x99, 0x99, 0x99, 0x99, 0x99, 0x95, 0x38, 0xEF, 0xFF, 0xFF, 0xFF, 0xC7, 0x35, 
	0x99, 0x99, 0x99, 0x99, 0x99, 0x99, 0x99, 0x99, 0x99, 0x99, 0x99, 0x95, 0x3C, 0xEF, 0xFF, 0xFF, 
	0xFF, 0xFF, 0xFE, 0x83, 0x59, 0x99, 0x99, 0x99, 0x99, 0x99, 0x99, 0x99, 0x99, 0x95, 0x23, 0x8E, 
	0xFF, 0xFF, 0xFF, 0xFF, 0xE8, 0x22, 0x59, 0x99, 0x99, 0x99, 0x99, 0x99, 0x99, 0x99, 0x99, 0x99, 
	0x95, 0x3C, 0xFF, 0xFF, 0xFF, 0xFF, 0xFF, 0xFE, 0x23, 0x59, 0x99, 0x99, 0x99, 0x99, 0x99, 0x99, 
	0x99, 0x99, 0x99, 0x71, 0x3C, 0xFF, 0xFF, 0xFF, 0xFF, 0xFF, 0xE8, 0x23, 0x59, 0x99, 0x99, 0x99, 
	0x99, 0x99, 0x99, 0x99, 0x95, 0x33, 0x7E, 0xFF, 0xFF, 0xFF, 0xFF, 0xFF, 0xFF, 0xFE, 0x73, 0x59, 
	0x99, 0x99, 0x99, 0x99, 0x99, 0x99, 0x99, 0x99, 0x99, 0x99, 0x99, 0x99, 0x99, 0x99, 0x99, 0x99, 
	0x99, 0x99, 0x99, 0x99, 0x99, 0x99, 0x99, 0x99, 0x99, 0x99, 0x99, 0x99, 0x99, 0x53, 0x7F, 0xFF, 
	0xFF, 0xFF, 0xFF, 0xFE, 0x33, 0x59, 0x99, 0x99, 0x99, 0x99, 0x99, 0x99, 0x99, 0x99, 0x99, 0x95, 
	0x33, 0x8F, 0xFF, 0xFF, 0xFF, 0xFF, 0xFF, 0xF8, 0x33, 0x59, 0x99, 0x99, 0x99, 0x99, 0x99, 0x99, 
	0x99, 0x99, 0x93, 0x23, 0x8E, 0xFF, 0xFF, 0xFF, 0xFE, 0x83, 0x22, 0x27, 0x99, 0x99, 0x99, 0x99, 
	0x99, 0x99, 0x99, 0x99, 0x99, 0x52, 0x7C, 0xFF, 0xFF, 0xFF, 0xFF, 0xFF, 0xFE, 0x33, 0x35, 0x99, 
	0x99, 0x99, 0x99, 0x99, 0x99, 0x99, 0x99, 0x95, 0x32, 0x3C, 0xFF, 0xFF, 0xFF, 0xFF, 0xFF, 0xC7, 
	0x22, 0x35, 0x99, 0x99, 0x99, 0x99, 0x99, 0x99, 0x99, 0x99, 0x53, 0x38, 0xEF, 0xFF, 0xFF, 0xFF, 
	0xFF, 0xFF, 0xE8, 0x33, 0x59, 0x99, 0x99, 0x99, 0x99, 0x99, 0x99, 0x99, 0x99, 0x99, 0x99, 0x99, 
	0x99, 0x99, 0x99, 0x99, 0x99, 0x99, 0x99, 0x99, 0x99, 0x99, 0x99, 0x99, 0x99, 0x99, 0x99, 0x99, 
	0x99, 0x95, 0x37, 0xEF, 0xFF, 0xFF, 0xFF, 0xFF, 0xFE, 0xC7, 0x35, 0x99, 0x99, 0x99, 0x99, 0x99, 
	0x99, 0x99, 0x99, 0x99, 0x53, 0x7C, 0xEF, 0xFF, 0xFF, 0xFF, 0xFF, 0xFF, 0xFE, 0xC8, 0x37, 0x59, 
	0x99, 0x99, 0x99, 0x99, 0x99, 0x99, 0x95, 0x33, 0xCC, 0xEE, 0xFF, 0xFF, 0xFF, 0xFE, 0xEC, 0xCC, 
	0x73, 0x79, 0x99, 0x99, 0x99, 0x99, 0x99, 0x99, 0x99, 0x55, 0x37, 0xCE, 0xFF, 0xFF, 0xFF, 0xFF, 
	0xFF, 0xFF, 0xE8, 0x73, 0x59, 0x99, 0x99, 0x99, 0x99, 0x99, 0x99, 0x99, 0x53, 0x7C, 0xEE, 0xFF, 
	0xFF, 0xFF, 0xFF, 0xFF, 0xEC, 0x87, 0x33, 0x59, 0x99, 0x99, 0x99, 0x99, 0x99, 0x99, 0x99, 0x53, 
	0x7C, 0xEF, 0xFF, 0xFF, 0xFF, 0xFF, 0xFF, 0xEE, 0xC7, 0x35, 0x99, 0x99, 0x99, 0x99, 0x99, 0x99, 
	0x99, 0x99, 0x99, 0x99, 0x99, 0x99, 0x99, 0x99, 0x99, 0x99, 0x99, 0x99, 0x99, 0x99, 0x99, 0x99, 
	0x99, 0x99, 0x99, 0x99, 0x99, 0x99, 0x53, 0x8C, 0xFF, 0xFF, 0xFF, 0xFF, 0xFF, 0xFF, 0xEC, 0x77, 
	0x99, 0x99, 0x99, 0x99, 0x99, 0x99, 0x99, 0x99, 0x95, 0x33, 0xCE, 0xFF, 0xFF, 0xFF, 0xFF, 0xFF, 
	0xFF, 0xFF, 0xEC, 0x83, 0x59, 0x99, 0x99, 0x99, 0x99, 0x99, 0x99, 0x95, 0x3C, 0xEF, 0xFF, 0xFF, 
	0xFF, 0xFF, 0xFF, 0xFF, 0xFE, 0xC8, 0x35, 0x99, 0x99, 0x99, 0x99, 0x99, 0x99, 0x99, 0x57, 0x8C, 
	0xEF, 0xFF, 0xFF, 0xFF, 0xFF, 0xFF, 0xFF, 0xFE, 0x87, 0x39, 0x99, 0x99, 0x99, 0x99, 0x99, 0x99, 
	0x99, 0x77, 0x8E, 0xFF, 0xFF, 0xFF, 0xFF, 0xFF, 0xFF, 0xFF, 0xEC, 0x83, 0x39, 0x99, 0x99, 0x99, 
	0x99, 0x99, 0x99, 0x95, 0x38, 0xCE, 0xFF, 0xFF, 0xFF, 0xFF, 0xFF, 0xFF, 0xFF, 0xEC, 0x77, 0x99, 
	0x99, 0x99, 0x99, 0x99, 0x99, 0x99, 0x99, 0x99, 0x99, 0x99, 0x99, 0x99, 0x99, 0x99, 0x99, 0x99, 
	0x99, 0x99, 0x99, 0x99, 0x99, 0x99, 0x99, 0x99, 0x99, 0x99, 0x99, 0x53, 0xCF, 0xFF, 0xFF, 0xFF, 
	0xFF, 0xFF, 0xFF, 0xFE, 0x83, 0x59, 0x99, 0x99, 0x99, 0x99, 0x99, 0x99, 0x99, 0x95, 0x37, 0xEF, 
	0xFF, 0xFF, 0xFF, 0xFF, 0xFF, 0xFF, 0xFF, 0xFF, 0xC7, 0x59, 0x99, 0x99, 0x99, 0x99, 0x99, 0x99, 
	0x57, 0x7E, 0xFF, 0xFF, 0xFF, 0xFF, 0xFF, 0xFF, 0xFF, 0xFF, 0xFC, 0x37, 0x59, 0x99, 0x99, 0x99, 
	0x99, 0x99, 0x99, 0x77, 0xCF, 0xFF, 0xFF, 0xFF, 0xFF, 0xFF, 0xFF, 0xFF, 0xFF, 0xE8, 0x35, 0x99, 
	0x99, 0x99, 0x99, 0x99, 0x99, 0x99, 0x38, 0xEF, 0xFF, 0xFF, 0xFF, 0xFF, 0xFF, 0xFF, 0xFF, 0xFF, 
	0xC7, 0x25, 0x99, 0x99, 0x99, 0x99, 0x99, 0x99, 0x93, 0x3C, 0xEF, 0xFF, 0xFF, 0xFF, 0xFF, 0xFF, 
	0xFF, 0xFF, 0xFE, 0x83, 0x99, 0x99, 0x99, 0x99, 0x99, 0x99, 0x99, 0x99, 0x99, 0x99, 0x99, 0x99, 
	0x99, 0x99, 0x99, 0x99, 0x99, 0x99, 0x99, 0x99, 0x99, 0x99, 0x99, 0x99, 0x99, 0x99, 0x99, 0x98, 
	0x73, 0xDF, 0xFF, 0xFF, 0xFF, 0xFF, 0xFF, 0xFF, 0xFE, 0xC3, 0x39, 0x99, 0x99, 0x99, 0x99, 0x99, 
	0x99, 0x99, 0x95, 0x38, 0xEF, 0xFF, 0xFF, 0xFF, 0xFF, 0xFF, 0xFF, 0xFF, 0xFF, 0xE7, 0x35, 0x99, 
	0x99, 0x99, 0x99, 0x99, 0x99, 0x57, 0x8F, 0xFF, 0xFF, 0xFF, 0xFF, 0xFF, 0xFF, 0xFF, 0xFF, 0xFA, 
	0x33, 0x59, 0x99, 0x99, 0x99, 0x99, 0x99, 0x99, 0x38, 0xCE, 0xFF, 0xFF, 0xFF, 0xFF, 0xFF, 0xFF, 
	0xFF, 0xFF, 0xE8, 0x25, 0x99, 0x99, 0x99, 0x99, 0x99, 0x99, 0x95, 0x38, 0xEF, 0xFF, 0xFF, 0xFF, 
	0xFF, 0xFF, 0xFF, 0xFF, 0xFF, 0xC8, 0x25, 0x99, 0x99, 0x99, 0x99, 0x99, 0x99, 0x92, 0x8C, 0xEF, 
	0xFF, 0xFF, 0xFF, 0xFF, 0xFF, 0xFF, 0xFF, 0xFE, 0x83, 0x59, 0x99, 0x99, 0x99, 0x99, 0x99, 0x99, 
	0x99, 0x99, 0x99, 0x99, 0x99, 0x99, 0x99, 0x99, 0x99, 0x99, 0x99, 0x99, 0x99, 0x99, 0x99, 0x99, 
	0x99, 0x99, 0x99, 0x99, 0x95, 0x33, 0xCE, 0xEE, 0xEE, 0xEE, 0xEE, 0xEE, 0xEE, 0xEE, 0x83, 0x39, 
	0x99, 0x99, 0x99, 0x99, 0x99, 0x99, 0x99, 0x95, 0x38, 0xCE, 0xEE, 0xEE, 0xEE, 0xEE, 0xEE, 0xEE, 
	0xEE, 0xEE, 0xC7, 0x35, 0x99, 0x99, 0x99, 0x99, 0x99, 0x99, 0x53, 0x8C, 0xEE, 0xEE, 0xEE, 0xEE, 
	0xEE, 0xEE, 0xEE, 0xEE, 0xEC, 0x33, 0x59, 0x99, 0x99, 0x99, 0x99, 0x99, 0x95, 0x38, 0xCC, 0xEE, 
	0xEE, 0xEE, 0xEE, 0xEE, 0xEE, 0xEE, 0xEE, 0xC8, 0x25, 0x99, 0x99, 0x99, 0x99, 0x99, 0x99, 0x95, 
	0x38, 0xCE, 0xEE, 0xEE, 0xEE, 0xEE, 0xEE, 0xEE, 0xEE, 0xEE, 0xC8, 0x25, 0x99, 0x99, 0x99, 0x99, 
	0x99, 0x99, 0x93, 0x7C, 0xCE, 0xEE, 0xEE, 0xEE, 0xEE, 0xEE, 0xEE, 0xEE, 0xEC, 0x83, 0x59, 0x99, 
	0x99, 0x99, 0x99, 0x99, 0x99, 0x99, 0x99, 0x99, 0x99, 0x99, 0x99, 0x99, 0x99, 0x99, 0x99, 0x99, 
	0x99, 0x99, 0x99, 0x99, 0x99, 0x99, 0x99, 0x99, 0x99, 0x95, 0x33, 0x88, 0x88, 0x88, 0x88, 0x88, 
	0x88, 0x88, 0x88, 0x73, 0x79, 0x99, 0x99, 0x99, 0x99, 0x99, 0x99, 0x99, 0x95, 0x37, 0x88, 0x88, 
	0x88, 0x88, 0x88, 0x88, 0x88, 0x88, 0x88, 0x83, 0x59, 0x99, 0x99, 0x99, 0x99, 0x99, 0x99, 0x53, 
	0x38, 0x88, 0x88, 0x88, 0x88, 0x88, 0x88, 0x88, 0x88, 0x88, 0x33, 0x59, 0x99, 0x99, 0x99, 0x99, 
	0x99, 0x95, 0x37, 0x88, 0x88, 0x88, 0x88, 0x88, 0x88, 0x88, 0x88, 0x88, 0x77, 0x39, 0x99, 0x99, 
	0x99, 0x99, 0x99, 0x99, 0x95, 0x37, 0x88, 0x88, 0x88, 0x88, 0x88, 0x88, 0x88, 0x88, 0x88, 0x87, 
	0x39, 0x99, 0x99, 0x99, 0x99, 0x99, 0x99, 0x93, 0x37, 0x88, 0x88, 0x88, 0x88, 0x88, 0x88, 0x88, 
	0x88, 0x88, 0x73, 0x59, 0x99, 0x99, 0x99, 0x99, 0x99, 0x99, 0x99, 0x99, 0x99, 0x99, 0x99, 0x99, 
	0x99, 0x99, 0x99, 0x99, 0x99, 0x99, 0x99, 0x99, 0x99, 0x99, 0x99, 0x99, 0x99, 0x99, 0x99, 0x57, 
	0x33, 0x33, 0x33, 0x33, 0x33, 0x33, 0x33, 0x33, 0x37, 0x59, 0x99, 0x99, 0x99, 0x99, 0x99, 0x99, 
	0x99, 0x95, 0x73, 0x33, 0x33, 0x33, 0x33, 0x33, 0x33, 0x33, 0x33, 0x33, 0x37, 0x59, 0x99, 0x99, 
	0x99, 0x99, 0x99, 0x99, 0x55, 0x73, 0x33, 0x33, 0x33, 0x33, 0x33, 0x33, 0x33, 0x33, 0x33, 0x75, 
	0x99, 0x99, 0x99, 0x99, 0x99, 0x99, 0x99, 0x57, 0x33, 0x33, 0x33, 0x33, 0x33, 0x33, 0x33, 0x33, 
	0x33, 0x33, 0x59, 0x99, 0x99, 0x99, 0x99, 0x99, 0x99, 0x99, 0x57, 0x33, 0x33, 0x33, 0x33, 0x33, 
	0x33, 0x33, 0x33, 0x33, 0x37, 0x59, 0x99, 0x99, 0x99, 0x99, 0x99, 0x99, 0x95, 0x33, 0x33, 0x33, 
	0x33, 0x33, 0x33, 0x33, 0x33, 0x33, 0x33, 0x75, 0x99, 0x99, 0x99, 0x99, 0x99, 0x99, 0x99, 0x99, 
	0x99, 0x99, 0x99, 0x99, 0x99, 0x99, 0x99, 0x99, 0x99, 0x99, 0x99, 0x99, 0x99, 0x99, 0x99, 0x99, 
	0x99, 0x99, 0x99, 0x99, 0x99, 0x99, 0x99, 0x99, 0x99, 0x99, 0x99, 0x99, 0x99, 0x99, 0x99, 0x99, 
	0x99, 0x99, 0x99, 0x99, 0x99, 0x99, 0x99, 0x99, 0x99, 0x99, 0x99, 0x99, 0x99, 0x99, 0x99, 0x99, 
	0x99, 0x99, 0x99, 0x99, 0x99, 0x99, 0x99, 0x99, 0x99, 0x99, 0x99, 0x99, 0x99, 0x99, 0x99, 0x99, 
	0x99, 0x99, 0x99, 0x99, 0x99, 0x99, 0x99, 0x99, 0x99, 0x99, 0x99, 0x99, 0x99, 0x99, 0x99, 0x99, 
	0x99, 0x99, 0x99, 0x99, 0x99, 0x99, 0x99, 0x99, 0x99, 0x99, 0x99, 0x99, 0x99, 0x99, 0x99, 0x99, 
	0x99, 0x99, 0x99, 0x99, 0x99, 0x99, 0x99, 0x99, 0x99, 0x99, 0x99, 0x99, 0x99, 0x99, 0x99, 0x99, 
	0x99, 0x99, 0x99, 0x99, 0x99, 0x99, 0x99, 0x99, 0x99, 0x99, 0x99, 0x99, 0x99, 0x99, 0x99, 0x99, 
	0x99, 0x99, 0x99, 0x99, 0x99, 0x99, 0x99, 0x99, 0x99, 0x99, 0x99, 0x99, 0x99, 0x99, 0x99, 0x99, 
	0x99, 0x99, 0x99, 0x99, 0x99, 0x99, 0x99, 0x99, 0x99, 0x99, 0x99, 0x99, 0x99, 0x99, 0x99, 0x99, 
	0x99, 0x99, 0x99, 0x99, 0x99, 0x99, 0x99, 0x99, 0x99, 0x99, 0x99, 0x99, 0x99, 0x99, 0x99, 0x99, 
	0x99, 0x99, 0x99, 0x99, 0x99, 0x99, 0x99, 0x99, 0x99, 0x99, 0x99, 0x99, 0x99, 0x99, 0x99, 0x99, 
	0x99, 0x99, 0x99, 0x99, 0x99, 0x99, 0x99, 0x99, 0x99, 0x99, 0x99, 0x99, 0x99, 0x99, 0x99, 0x99, 
	0x99, 0x99, 0x99, 0x99, 0x99, 0x99, 0x99, 0x99, 0x99, 0x99, 0x99, 0x99, 0x99, 0x99, 0x99, 0x99, 
	0x99, 0x99, 0x99, 0x99, 0x99, 0x99, 0x99, 0x99, 0x99, 0x99, 0x99, 0x99, 0x99, 0x99, 0x99, 0x99, 
	0x99, 0x99, 0x99, 0x99, 0x99, 0x99, 0x99, 0x99, 0x99, 0x99, 0x99, 0x99, 0x99, 0x99, 0x99, 0x99, 
	0x99, 0x99, 0x99, 0x99, 0x99, 0x99, 0x99, 0x99, 0x99, 0x99, 0x99, 0x99, 0x99, 0x99, 0x99, 0x99, 
	0x99, 0x99, 0x99, 0x99, 0x99, 0x99, 0x99, 0x99, 0x99, 0x99, 0x99, 0x99, 0x99, 0x99, 0x99, 0x99, 
	0x99, 0x99, 0x99, 0x99, 0x99, 0x99, 0x99, 0x99, 0x99, 0x99, 0x99, 0x99, 0x99, 0x99, 0x99, 0x99, 
	0x99, 0x99, 0x99, 0x99, 0x99, 0x99, 0x99, 0x99, 0x99, 0x99, 0x99, 0x99, 0x99, 0x99, 0x99, 0x99, 
	0x99, 0x99, 0x99, 0x99, 0x99, 0x99, 0x99, 0x99, 0x99, 0x99, 0x99, 0x99, 0x99, 0x99, 0x99, 0x99, 
	0x99, 0x99, 0x99, 0x99, 0x99, 0x99, 0x99, 0x99, 0x99, 0x99, 0x99, 0x99, 0x99, 0x99, 0x99, 0x99, 
	0x99, 0x99, 0x99, 0x99, 0x99, 0x99, 0x99, 0x99, 0x99, 0x99, 0x99, 0x99, 0x99, 0x99, 0x99, 0x99, 
	0x99, 0x99, 0x99, 0x99, 0x99, 0x99, 0x99, 0x99, 0x99, 0x99, 0x99, 0x99, 0x99, 0x99, 0x99, 0x99, 
	0x99, 0x99, 0x99, 0x99, 0x99, 0x99, 0x99, 0x99, 0x99, 0x99, 0x99, 0x59, 0x99, 0x99, 0x99, 0x99, 
	0x99, 0x99, 0x99, 0x99, 0x99, 0x99, 0x99, 0x99, 0x99, 0x99, 0x99, 0x99, 0x99, 0x99, 0x99, 0x99, 
	0x99, 0x99, 0x99, 0x99, 0x99, 0x99, 0x99, 0x99, 0x99, 0x99, 0x99, 0x99, 0x99, 0x99, 0x99, 0x99, 
	0x99, 0x99, 0x99, 0x99, 0x99, 0x99, 0x99, 0x99, 0x99, 0x99, 0x99, 0x99, 0x99, 0x99, 0x99, 0x99, 
	0x99, 0x99, 0x99, 0x99, 0x99, 0x99, 0x99, 0x99, 0x99, 0x99, 0x99, 0x99, 0x99, 0x99, 0x99, 0x99, 
	0x99, 0x99, 0x99, 0x99, 0x99, 0x99, 0x99, 0x99, 0x99, 0x99, 0x99, 0x99, 0x99, 0x99, 0x99, 0x99, 
	0x99, 0x99, 0x99, 0x99, 0x99, 0x99, 0x99, 0x99, 0x99, 0x99, 0x99, 0x99, 0x99, 0x99, 0x99, 0x99, 
	0x99, 0x99, 0x99, 0x99, 0x99, 0x99, 0x99, 0x99, 0x99, 0x99, 0x99, 0x99, 0x99, 0x99, 0x99, 0x99, 
	0x99, 0x99, 0x99, 0x99, 0x99, 0x99, 0x99, 0x99, 0x99, 0x99, 0x99, 0x99, 0x99, 0x99, 0x99, 0x95, 
};
