#include "../include.h"

// format: 4-bit paletted pixel graphics
// image width: 320 pixels
// image height: 320 lines
// image pitch: 160 bytes
const u16 CloudsImg_Pal[16] __attribute__ ((aligned(4))) = {
	0x3B17, 0x4378, 0x53B8, 0x5BF8, 0x5C19, 0x6438, 0x6439, 0x7478, 0x6C99, 0x7CB9, 0x6C7A, 0x747A, 0x74BA, 0x7CFA, 0x853A, 0x959B, 
};

const u8 CloudsImg[51200] __attribute__ ((aligned(4))) = {
	0x77, 0x77, 0x75, 0x55, 0x55, 0x54, 0x46, 0x64, 0x44, 0x44, 0x44, 0x44, 0x44, 0x44, 0x35, 0x6A, 
	0x78, 0x99, 0xDC, 0xD9, 0x99, 0x97, 0x99, 0xDD, 0xDD, 0xEE, 0xEF, 0xFF, 0xFE, 0xD9, 0x77, 0x77, 
	0x77, 0x87, 0x9D, 0xDD, 0xDD, 0xDD, 0x98, 0x99, 0x99, 0xDC, 0x88, 0x8A, 0x88, 0x89, 0xDE, 0xED, 
	0xED, 0xEE, 0xED, 0xD9, 0x97, 0x75, 0x55, 0x33, 0x23, 0x22, 0x22, 0x33, 0x44, 0x44, 0x44, 0x44, 
	0x22, 0x22, 0x22, 0x21, 0x11, 0x22, 0x22, 0x46, 0xA8, 0x88, 0xCB, 0x87, 0x68, 0x66, 0x66, 0x6C, 
	0xDD, 0xCC, 0xCC, 0xC8, 0x66, 0x66, 0x8A, 0x87, 0xCC, 0xDD, 0xDD, 0xDD, 0xEE, 0xEE, 0xEE, 0xDD, 
	0xDD, 0x99, 0x99, 0x87, 0x78, 0x88, 0x99, 0x99, 0x99, 0x99, 0x97, 0x99, 0xDE, 0xEE, 0xEE, 0xEE, 
	0xED, 0xED, 0xDD, 0x99, 0x77, 0x77, 0x99, 0x99, 0xC9, 0x99, 0x99, 0x99, 0x99, 0x97, 0x75, 0x55, 
	0x33, 0x33, 0x33, 0x22, 0x23, 0x45, 0x35, 0x55, 0x57, 0x65, 0x77, 0x77, 0x9C, 0xCD, 0xDD, 0xC9, 
	0x9D, 0xDD, 0xEE, 0xED, 0x99, 0x77, 0x64, 0x42, 0x22, 0x22, 0x22, 0x22, 0x22, 0x33, 0x33, 0x33, 
	0x55, 0x77, 0x77, 0x53, 0x33, 0x33, 0x44, 0x44, 0x22, 0x42, 0x23, 0x33, 0x34, 0x43, 0x33, 0x46, 
	0x55, 0x87, 0x99, 0x9D, 0xDD, 0xD9, 0xDD, 0xEE, 0xEE, 0xEE, 0xEF, 0xEF, 0xEE, 0xD9, 0x99, 0x77, 
	0x87, 0x99, 0xDD, 0xED, 0xDE, 0xDD, 0xDD, 0xDD, 0xDD, 0xED, 0xCC, 0xC8, 0x88, 0x9D, 0xDE, 0xFE, 
	0xEE, 0xEE, 0xEE, 0xD9, 0x97, 0x75, 0x65, 0x33, 0x22, 0x22, 0x22, 0x22, 0x24, 0x42, 0x44, 0x42, 
	0x22, 0x11, 0x22, 0x12, 0x11, 0x11, 0x12, 0x24, 0x66, 0x88, 0x8B, 0x86, 0x6A, 0x6A, 0x6A, 0x6B, 
	0xCC, 0xCC, 0x8C, 0x88, 0x88, 0x88, 0x88, 0xC9, 0xDD, 0xDD, 0xDE, 0xDD, 0xDE, 0xEE, 0xEE, 0xED, 
	0xDD, 0xC8, 0x77, 0x66, 0x55, 0x66, 0x88, 0x99, 0x99, 0x79, 0x79, 0x9D, 0xDD, 0xED, 0xDD, 0xED, 
	0xED, 0xDE, 0xDD, 0xD9, 0x99, 0x99, 0xCC, 0x99, 0xDC, 0xC9, 0x99, 0x98, 0x77, 0x97, 0x55, 0x66, 
	0x55, 0x53, 0x33, 0x33, 0x34, 0x56, 0x55, 0x57, 0x77, 0x77, 0xB8, 0x77, 0x9C, 0xDD, 0xDE, 0xDD, 
	0xDD, 0xDE, 0xDE, 0xED, 0xDD, 0xC9, 0x86, 0x64, 0x44, 0x44, 0x22, 0x22, 0x33, 0x33, 0x33, 0x32, 
	0x55, 0x77, 0x77, 0x53, 0x33, 0x33, 0x24, 0x44, 0x22, 0x42, 0x33, 0x33, 0x34, 0x43, 0x33, 0x34, 
	0x35, 0x87, 0x79, 0xDD, 0xDD, 0xEE, 0xEE, 0xEE, 0xEE, 0xEE, 0xEF, 0xEF, 0xEE, 0xD9, 0x99, 0x77, 
	0x87, 0x99, 0xDD, 0xED, 0xDE, 0xDD, 0xEE, 0xEE, 0xEE, 0xEE, 0xDD, 0xD9, 0xC8, 0x9D, 0xDE, 0xFF, 
	0xEE, 0xEE, 0xEE, 0xD9, 0x97, 0x75, 0x65, 0x33, 0x22, 0x22, 0x22, 0x22, 0x24, 0x42, 0x44, 0x42, 
	0x22, 0x11, 0x22, 0x11, 0x11, 0x11, 0x12, 0x24, 0x56, 0x88, 0x8B, 0x86, 0x6A, 0x6A, 0x6A, 0x6A, 
	0xCC, 0xC8, 0x8C, 0x8C, 0xC8, 0x8C, 0xCC, 0xDD, 0xDD, 0xDD, 0xDE, 0xDD, 0xDE, 0xEE, 0xEE, 0xED, 
	0xDD, 0xC8, 0x77, 0x64, 0x35, 0x66, 0xB8, 0x99, 0x99, 0x79, 0x79, 0x9D, 0xDD, 0xED, 0xDD, 0xDD, 
	0xED, 0xDE, 0xDD, 0xD9, 0x99, 0x99, 0xCC, 0x99, 0xDC, 0xC9, 0x98, 0x98, 0x77, 0x97, 0x55, 0x66, 
	0x55, 0x53, 0x33, 0x33, 0x34, 0x56, 0x55, 0x57, 0x77, 0x78, 0x88, 0x77, 0x9C, 0xDD, 0xDE, 0xED, 
	0xDD, 0xDE, 0xDE, 0xED, 0xDD, 0xC9, 0x8A, 0x66, 0x44, 0x44, 0x22, 0x22, 0x33, 0x33, 0x33, 0x32, 
	0x55, 0x77, 0x55, 0x54, 0x24, 0x24, 0x22, 0x23, 0x22, 0x44, 0x56, 0x65, 0x55, 0x55, 0x55, 0x33, 
	0x58, 0xC9, 0x9D, 0xEE, 0xEE, 0xEF, 0xFE, 0xEE, 0xEF, 0xFF, 0xEF, 0xFF, 0xED, 0xDD, 0xD9, 0x99, 
	0x99, 0x9D, 0xEE, 0xEE, 0xEE, 0xEE, 0xEE, 0xFE, 0xFF, 0xEE, 0xEE, 0xDD, 0xD9, 0xDE, 0xEF, 0xEF, 
	0xFF, 0xEF, 0xEE, 0xED, 0x97, 0x87, 0x65, 0x65, 0x32, 0x21, 0x22, 0x22, 0x22, 0x42, 0x44, 0x42, 
	0x21, 0x11, 0x11, 0x10, 0x00, 0x01, 0x12, 0x22, 0x36, 0x6B, 0x8A, 0x66, 0x66, 0x6A, 0x77, 0x78, 
	0x8C, 0x87, 0x78, 0x9D, 0xD9, 0x9D, 0xDD, 0xED, 0xDD, 0xDE, 0xEE, 0xED, 0xDD, 0xEE, 0xDD, 0xDD, 
	0x99, 0x97, 0x55, 0x43, 0x33, 0x46, 0x6B, 0x88, 0x77, 0x79, 0x99, 0x9D, 0xDD, 0xDD, 0x99, 0xDD, 
	0xDD, 0xDD, 0xDD, 0x99, 0xCC, 0xCD, 0xCC, 0x99, 0x99, 0x97, 0x7B, 0x77, 0x79, 0x87, 0x55, 0x55, 
	0x33, 0x55, 0x33, 0x33, 0x33, 0x45, 0x55, 0x57, 0x77, 0x77, 0x79, 0x89, 0x99, 0xCC, 0xDD, 0xED, 
	0xDC, 0xCD, 0xDD, 0xDD, 0xDD, 0xCC, 0x88, 0xA6, 0x66, 0x66, 0x44, 0x33, 0x23, 0x33, 0x23, 0x32, 
	0x55, 0x77, 0x77, 0x56, 0x64, 0x44, 0x42, 0x34, 0x46, 0x66, 0x89, 0xD9, 0x88, 0x79, 0x98, 0x68, 
	0x8C, 0xDE, 0xEE, 0xFF, 0xFF, 0xFF, 0xFF, 0xFF, 0xFF, 0xFE, 0xEF, 0xFE, 0xEE, 0xD9, 0xD9, 0x99, 
	0xDD, 0xED, 0xEE, 0xFF, 0xFF, 0xEE, 0xFF, 0xFF, 0xFF, 0xFF, 0xEE, 0xEE, 0xED, 0xEE, 0xEE, 0xFE, 
	0xEE, 0xEE, 0xED, 0xD9, 0x97, 0x77, 0x77, 0x65, 0x42, 0x11, 0x11, 0x22, 0x22, 0x22, 0x22, 0x21, 
	0x11, 0x00, 0x10, 0x00, 0x00, 0x00, 0x12, 0x23, 0x46, 0xA6, 0xA6, 0x66, 0x66, 0xB6, 0xB8, 0x8C, 
	0xDC, 0x78, 0x99, 0xDD, 0xDD, 0xDD, 0xDE, 0xEE, 0xEE, 0xED, 0xD9, 0x99, 0xDD, 0xDC, 0xCC, 0x77, 
	0x77, 0x88, 0x65, 0x64, 0x44, 0x46, 0xA6, 0x56, 0x77, 0x77, 0x77, 0x77, 0x9C, 0xCC, 0x9D, 0xDD, 
	0xDD, 0xDC, 0x99, 0x9C, 0xD9, 0xCD, 0xB9, 0x9C, 0x99, 0x79, 0x87, 0x77, 0x77, 0x77, 0x55, 0x55, 
	0x55, 0x55, 0x33, 0x33, 0x33, 0x55, 0x55, 0x56, 0x77, 0x78, 0x77, 0x99, 0x9C, 0xDD, 0xDD, 0xDD, 
	0xD8, 0x8C, 0xCC, 0xCC, 0xDD, 0xCC, 0x88, 0x77, 0x77, 0x67, 0x66, 0x43, 0x33, 0x33, 0x22, 0x22, 
	0x57, 0x79, 0x97, 0x77, 0x64, 0x44, 0x33, 0x55, 0x58, 0x9C, 0xDE, 0xED, 0xDD, 0xDD, 0xDD, 0xC9, 
	0xCD, 0xEE, 0xFF, 0xFF, 0xFF, 0xFF, 0xFF, 0xEE, 0xEE, 0xEE, 0xEE, 0xEE, 0xDD, 0x99, 0x99, 0xDD, 
	0xDE, 0xDE, 0xEF, 0xFF, 0xFF, 0xFF, 0xFF, 0xFF, 0xFF, 0xFF, 0xFE, 0xEE, 0xEE, 0xEE, 0xEE, 0xEE, 
	0xDD, 0xDD, 0xDD, 0xD9, 0x97, 0x87, 0x76, 0x65, 0x43, 0x22, 0x22, 0x22, 0x21, 0x21, 0x12, 0x11, 
	0x11, 0x11, 0x11, 0x00, 0x00, 0x01, 0x22, 0x22, 0x44, 0x66, 0x66, 0x64, 0x46, 0x66, 0x8B, 0x88, 
	0xC8, 0x89, 0xDD, 0xDD, 0xDD, 0xDD, 0xEE, 0xEE, 0xEF, 0xEE, 0xDD, 0x9D, 0xDE, 0xDD, 0x99, 0x77, 
	0x88, 0xCC, 0x8A, 0xA6, 0x66, 0x6A, 0xA6, 0x44, 0x56, 0x55, 0x77, 0x77, 0x88, 0x88, 0x99, 0xCC, 
	0xCC, 0xCC, 0x88, 0x99, 0xC8, 0x8C, 0x88, 0x89, 0x97, 0x77, 0x77, 0x55, 0x55, 0x55, 0x55, 0x53, 
	0x55, 0x53, 0x35, 0x33, 0x33, 0x36, 0x66, 0x67, 0x77, 0x77, 0x78, 0x99, 0x9D, 0xDD, 0xDE, 0xED, 
	0xC9, 0x79, 0xD9, 0x9C, 0xCC, 0xCC, 0x88, 0x88, 0x88, 0x88, 0x87, 0x64, 0x33, 0x33, 0x22, 0x23, 
	0x57, 0x99, 0x97, 0x77, 0x64, 0x44, 0x33, 0x67, 0x9D, 0xDD, 0xEE, 0xEE, 0xEE, 0xEE, 0xEE, 0xDD, 
	0xDE, 0xEE, 0xFF, 0xFF, 0xFF, 0xFF, 0xFF, 0xEE, 0xEE, 0xEE, 0xEE, 0xDD, 0xD9, 0x99, 0x99, 0xDD, 
	0xDE, 0xDE, 0xEF, 0xFF, 0xFF, 0xFF, 0xFF, 0xFF, 0xFF, 0xFF, 0xFE, 0xEE, 0xEE, 0xEE, 0xEE, 0xDD, 
	0xDD, 0xD9, 0xDD, 0x99, 0x97, 0x87, 0x76, 0x65, 0x43, 0x22, 0x22, 0x22, 0x21, 0x21, 0x12, 0x11, 
	0x11, 0x11, 0x11, 0x00, 0x00, 0x01, 0x22, 0x22, 0x44, 0x66, 0x66, 0x64, 0x46, 0x46, 0x6A, 0x88, 
	0xC8, 0x89, 0xDC, 0xDD, 0xDD, 0xDD, 0xEE, 0xEE, 0xEF, 0xEE, 0xDD, 0xDD, 0xDE, 0xDD, 0x99, 0x77, 
	0x8C, 0xC8, 0x7A, 0x66, 0x66, 0x66, 0x66, 0x44, 0x56, 0x55, 0x77, 0x77, 0xB7, 0xB8, 0x88, 0x88, 
	0xC8, 0xCC, 0x88, 0x88, 0x7B, 0x8B, 0x78, 0x89, 0x97, 0x77, 0x77, 0x55, 0x35, 0x55, 0x55, 0x53, 
	0x55, 0x53, 0x35, 0x33, 0x33, 0x36, 0x66, 0x67, 0x77, 0x77, 0x78, 0x99, 0x9D, 0xDD, 0xDE, 0xED, 
	0xC9, 0x99, 0xD9, 0x9C, 0xCC, 0xCC, 0xC8, 0x88, 0x88, 0xC8, 0x87, 0x64, 0x33, 0x33, 0x22, 0x23, 
	0x79, 0xD9, 0xD9, 0x87, 0x63, 0x44, 0x35, 0x8D, 0xEE, 0xEE, 0xEE, 0xEE, 0xEE, 0xEE, 0xEE, 0xED, 
	0xEE, 0xFE, 0xEE, 0xEE, 0xFF, 0xFE, 0xEE, 0xEE, 0xED, 0xDD, 0xDD, 0x99, 0x98, 0x77, 0x89, 0x9D, 
	0xDD, 0xEE, 0xEE, 0xFF, 0xFE, 0xFF, 0xFF, 0xFF, 0xFF, 0xFF, 0xFF, 0xEE, 0xEE, 0xEE, 0xDD, 0xD9, 
	0xDC, 0x97, 0x99, 0x87, 0x88, 0x87, 0x67, 0x66, 0x54, 0x33, 0x32, 0x22, 0x22, 0x21, 0x11, 0x11, 
	0x11, 0x10, 0x01, 0x11, 0x11, 0x11, 0x11, 0x22, 0x24, 0x44, 0x44, 0x44, 0x43, 0x44, 0x66, 0xA7, 
	0x88, 0x88, 0x98, 0x9C, 0xDD, 0xDE, 0xEE, 0xEE, 0xFF, 0xFE, 0xED, 0xEE, 0xED, 0xE9, 0x97, 0x77, 
	0x78, 0xA6, 0x56, 0x44, 0x46, 0x44, 0x44, 0x24, 0x44, 0x55, 0x77, 0x78, 0xB6, 0x66, 0x66, 0x76, 
	0xBB, 0xBB, 0x76, 0x66, 0x56, 0x77, 0x79, 0x77, 0x78, 0x77, 0x57, 0x75, 0x55, 0x53, 0x53, 0x33, 
	0x33, 0x34, 0x33, 0x66, 0x44, 0x35, 0x66, 0x66, 0x6B, 0x88, 0x89, 0x99, 0xCD, 0xDE, 0xEE, 0xED, 
	0xCD, 0xDD, 0xDC, 0x9C, 0xDC, 0xC8, 0xDC, 0xCC, 0x88, 0x87, 0x65, 0x64, 0x44, 0x33, 0x33, 0x33, 
	0x79, 0x9D, 0x98, 0x75, 0x53, 0x33, 0x68, 0xDD, 0xDE, 0xEE, 0xEF, 0xFF, 0xEE, 0xFE, 0xEE, 0xEE, 
	0xEE, 0xEE, 0xEE, 0xEE, 0xEE, 0xEE, 0xEE, 0xDD, 0xED, 0xD9, 0x99, 0x87, 0x77, 0x77, 0x78, 0x99, 
	0xDD, 0xDD, 0xED, 0xDE, 0xEE, 0xEE, 0xFE, 0xFE, 0xEF, 0xEE, 0xEE, 0xEE, 0xEE, 0xDD, 0xDD, 0x99, 
	0xC9, 0xC7, 0x76, 0x55, 0x77, 0x67, 0xA6, 0x66, 0x65, 0x65, 0x33, 0x33, 0x32, 0x22, 0x21, 0x11, 
	0x01, 0x01, 0x00, 0x01, 0x11, 0x12, 0x11, 0x12, 0x22, 0x44, 0x22, 0x22, 0x22, 0x24, 0x43, 0x44, 
	0x66, 0x76, 0x57, 0x78, 0x9D, 0xDE, 0xEE, 0xFE, 0xEE, 0xFE, 0xEE, 0xDD, 0xDD, 0xD9, 0x98, 0x86, 
	0x66, 0x34, 0x22, 0x44, 0x22, 0x44, 0x22, 0x24, 0x66, 0x88, 0x88, 0x88, 0x76, 0x66, 0x66, 0x55, 
	0x66, 0x66, 0x66, 0x66, 0x67, 0x57, 0x77, 0x77, 0x77, 0x77, 0x75, 0x75, 0x55, 0x33, 0x33, 0x22, 
	0x22, 0x34, 0x33, 0x33, 0x34, 0x33, 0x45, 0x57, 0x66, 0x78, 0x79, 0x99, 0xDC, 0xDE, 0xEE, 0xDC, 
	0xDE, 0xDE, 0xDD, 0xCC, 0xDD, 0xCC, 0xCD, 0xCD, 0x99, 0x87, 0x54, 0x46, 0x64, 0x33, 0x33, 0x33, 
	0x79, 0x99, 0x97, 0x77, 0x76, 0x55, 0x78, 0x99, 0x9D, 0xDE, 0xEE, 0xEE, 0xEE, 0xEE, 0xEE, 0xEE, 
	0xEE, 0xEE, 0xEE, 0xED, 0xEE, 0xEE, 0xDD, 0x99, 0xD9, 0xC7, 0x77, 0x66, 0x67, 0x78, 0x77, 0x99, 
	0xCD, 0xDD, 0xDD, 0xDD, 0xDE, 0xEE, 0xEE, 0xEE, 0xEE, 0xEE, 0xDD, 0xDD, 0xDD, 0x9C, 0xCC, 0x89, 
	0x9C, 0x86, 0x64, 0x45, 0x66, 0xA6, 0x66, 0x66, 0x66, 0x56, 0x44, 0x44, 0x34, 0x22, 0x11, 0x01, 
	0x00, 0x00, 0x00, 0x11, 0x01, 0x11, 0x11, 0x11, 0x22, 0x22, 0x22, 0x21, 0x12, 0x44, 0x43, 0x33, 
	0x56, 0x65, 0x56, 0x77, 0x79, 0x9D, 0xDE, 0xEE, 0xEE, 0xEE, 0xDD, 0xD9, 0xCC, 0xCC, 0xCC, 0xCB, 
	0x64, 0x22, 0x22, 0x22, 0x22, 0x22, 0x21, 0x24, 0xA8, 0xC8, 0x89, 0x98, 0x78, 0x8A, 0x66, 0x66, 
	0x44, 0x66, 0x46, 0x46, 0x55, 0x56, 0x77, 0x77, 0x77, 0x57, 0x57, 0x55, 0x33, 0x33, 0x22, 0x22, 
	0x22, 0x22, 0x22, 0x22, 0x22, 0x34, 0x54, 0x55, 0x56, 0x77, 0x79, 0x9D, 0xCC, 0xDD, 0xED, 0xED, 
	0xEE, 0xEE, 0xDC, 0xCD, 0xCC, 0xCD, 0xDC, 0xDC, 0xCD, 0x97, 0x65, 0x34, 0x45, 0x43, 0x33, 0x34, 
	0x79, 0x99, 0x97, 0x78, 0x88, 0x77, 0x78, 0x99, 0x99, 0xDE, 0xEE, 0xEE, 0xEE, 0xEE, 0xEE, 0xEE, 
	0xEE, 0xEE, 0xEE, 0xED, 0xEE, 0xEE, 0xD9, 0x97, 0x77, 0x65, 0x66, 0x56, 0x67, 0x78, 0x77, 0x99, 
	0xCD, 0xDD, 0xD9, 0xDD, 0xDD, 0xDD, 0xDD, 0xEE, 0xEE, 0xDE, 0xDD, 0xDC, 0xCC, 0x88, 0x88, 0x89, 
	0x9C, 0x86, 0x64, 0x45, 0x66, 0xA6, 0x66, 0x66, 0x66, 0x56, 0x44, 0x44, 0x44, 0x22, 0x21, 0x11, 
	0x00, 0x00, 0x00, 0x11, 0x01, 0x11, 0x11, 0x11, 0x22, 0x22, 0x22, 0x21, 0x12, 0x43, 0x43, 0x35, 
	0x56, 0x65, 0x56, 0x77, 0x79, 0x9D, 0xDD, 0xDD, 0xED, 0xDD, 0x99, 0x99, 0x77, 0x78, 0xCC, 0x8B, 
	0xA4, 0x22, 0x22, 0x22, 0x22, 0x21, 0x22, 0x24, 0xAC, 0xC8, 0x89, 0x98, 0x88, 0x8A, 0x66, 0x66, 
	0x44, 0x66, 0x46, 0x46, 0x55, 0x56, 0x77, 0x77, 0x77, 0x57, 0x57, 0x55, 0x33, 0x33, 0x22, 0x22, 
	0x22, 0x22, 0x22, 0x22, 0x22, 0x34, 0x54, 0x55, 0x55, 0x77, 0x79, 0x9D, 0xCC, 0xDD, 0xED, 0xDE, 
	0xED, 0xED, 0xDC, 0xCD, 0xCC, 0xCD, 0xDC, 0xDC, 0xCD, 0x99, 0x65, 0x44, 0x45, 0x43, 0x33, 0x34, 
	0x79, 0x99, 0x98, 0x88, 0xC8, 0x89, 0x77, 0x77, 0x99, 0xDD, 0xEE, 0xEE, 0xEE, 0xED, 0xDE, 0xEE, 
	0xEE, 0xEE, 0xEE, 0xED, 0xED, 0xDD, 0x98, 0x75, 0x54, 0x33, 0x33, 0x33, 0x55, 0x67, 0x88, 0x9C, 
	0xDC, 0x99, 0xD9, 0x99, 0x99, 0x99, 0x99, 0xDD, 0xDD, 0xCD, 0xDC, 0xC8, 0x88, 0xA8, 0x88, 0x88, 
	0x88, 0xBA, 0x43, 0x65, 0x66, 0x64, 0x64, 0x34, 0x44, 0x44, 0x66, 0x44, 0x44, 0x42, 0x32, 0x21, 
	0x11, 0x11, 0x11, 0x10, 0x11, 0x11, 0x12, 0x21, 0x12, 0x21, 0x21, 0x11, 0x12, 0x24, 0x35, 0x57, 
	0x78, 0x77, 0x77, 0x79, 0x9D, 0xD9, 0xD9, 0x99, 0xD8, 0x98, 0x77, 0x87, 0x55, 0x5A, 0xAA, 0x6A, 
	0xA6, 0x22, 0x21, 0x22, 0x22, 0x22, 0x24, 0x33, 0x68, 0x88, 0x9C, 0x98, 0x8B, 0x8A, 0x57, 0xA5, 
	0x66, 0x44, 0x44, 0x34, 0x43, 0x46, 0x57, 0x75, 0x55, 0x55, 0x56, 0x53, 0x33, 0x32, 0x22, 0x12, 
	0x22, 0x24, 0x32, 0x22, 0x22, 0x23, 0x33, 0x45, 0x55, 0x57, 0x89, 0xCD, 0xCD, 0xDD, 0xEE, 0xCE, 
	0xEC, 0xDC, 0xC9, 0x9C, 0xC7, 0x79, 0xDD, 0xDD, 0xDD, 0xC9, 0x86, 0x45, 0x43, 0x33, 0x35, 0x35, 
	0x78, 0x79, 0x87, 0x78, 0x87, 0x97, 0x77, 0x77, 0x79, 0x9D, 0x9D, 0xD9, 0xD9, 0x9D, 0x99, 0xDD, 
	0x9D, 0x9D, 0xDD, 0xD9, 0x99, 0x99, 0x87, 0x53, 0x22, 0x22, 0x22, 0x22, 0x33, 0x35, 0x57, 0x88, 
	0x99, 0x87, 0x99, 0xCC, 0xDC, 0x97, 0x79, 0x8C, 0xCC, 0xCB, 0xBB, 0xB6, 0xA6, 0x68, 0x88, 0x77, 
	0x76, 0x66, 0x44, 0x66, 0x44, 0x44, 0x65, 0x33, 0x35, 0x36, 0x66, 0x65, 0x78, 0x76, 0x66, 0x44, 
	0x42, 0x22, 0x21, 0x12, 0x12, 0x22, 0x22, 0x22, 0x22, 0x22, 0x21, 0x11, 0x12, 0x43, 0x57, 0x79, 
	0x99, 0x99, 0x89, 0x9D, 0xDD, 0xDD, 0x97, 0x78, 0x75, 0x56, 0x6A, 0x64, 0x32, 0x23, 0x44, 0x34, 
	0x44, 0x21, 0x22, 0x22, 0x44, 0x66, 0x6A, 0x75, 0x57, 0x9C, 0x8C, 0x88, 0x76, 0x6A, 0x77, 0xB6, 
	0x66, 0x33, 0x54, 0x33, 0x33, 0x35, 0x56, 0x66, 0x55, 0x55, 0x55, 0x53, 0x33, 0x22, 0x11, 0x22, 
	0x24, 0x34, 0x32, 0x32, 0x22, 0x32, 0x35, 0x66, 0x75, 0x65, 0x7C, 0xCC, 0xCC, 0xCC, 0xCC, 0xCC, 
	0xCC, 0xCC, 0xC9, 0x89, 0x77, 0x8C, 0xDD, 0xDC, 0xDC, 0x9C, 0x87, 0x54, 0x55, 0x63, 0x53, 0x55, 
	0x77, 0x77, 0x89, 0x87, 0x77, 0x77, 0x97, 0x77, 0x77, 0x79, 0x79, 0x97, 0x97, 0x79, 0x78, 0x99, 
	0xD9, 0x99, 0xC9, 0x97, 0x77, 0x77, 0x55, 0x32, 0x22, 0x11, 0x11, 0x12, 0x22, 0x23, 0x36, 0x57, 
	0x77, 0x77, 0x88, 0xCC, 0xC8, 0x8A, 0x68, 0xAB, 0x8B, 0xB6, 0x66, 0x6A, 0xBB, 0x8C, 0xC9, 0x88, 
	0x88, 0xB7, 0x66, 0x88, 0x66, 0x66, 0x64, 0x55, 0x56, 0x58, 0x88, 0x67, 0x89, 0x88, 0x88, 0x66, 
	0x64, 0x44, 0x42, 0x22, 0x24, 0x64, 0x43, 0x34, 0x44, 0x32, 0x22, 0x22, 0x24, 0x56, 0x79, 0x99, 
	0x99, 0x99, 0x99, 0x99, 0xDD, 0xD9, 0x77, 0x85, 0x53, 0x34, 0x46, 0x42, 0x22, 0x22, 0x22, 0x21, 
	0x22, 0x22, 0x44, 0x33, 0x56, 0x88, 0x88, 0x87, 0x78, 0xCC, 0x88, 0x87, 0x77, 0x78, 0x99, 0x97, 
	0x75, 0x55, 0x33, 0x53, 0x33, 0x33, 0x33, 0x35, 0x55, 0x35, 0x36, 0x33, 0x33, 0x32, 0x21, 0x11, 
	0x22, 0x23, 0x33, 0x33, 0x33, 0x33, 0x33, 0x55, 0x67, 0x55, 0x78, 0xCC, 0xCC, 0x9C, 0xC8, 0x88, 
	0x88, 0x88, 0xCC, 0x88, 0x87, 0x78, 0xCC, 0xC8, 0xC9, 0x99, 0x87, 0x55, 0x55, 0x55, 0x33, 0x35, 
	0x77, 0x77, 0x89, 0x87, 0x75, 0x77, 0x97, 0x77, 0x77, 0x77, 0x77, 0x55, 0x55, 0x77, 0x78, 0x99, 
	0xD9, 0x99, 0x87, 0x75, 0x55, 0x55, 0x33, 0x32, 0x22, 0x11, 0x11, 0x12, 0x22, 0x23, 0x34, 0x55, 
	0x67, 0x77, 0x87, 0x88, 0xB6, 0x66, 0x66, 0x66, 0x66, 0x64, 0x66, 0x6A, 0xBB, 0xCC, 0xD9, 0xCC, 
	0xC8, 0x88, 0xC8, 0xC8, 0x8A, 0x68, 0x66, 0x57, 0x78, 0x88, 0x88, 0x68, 0x89, 0xCD, 0x9C, 0xC8, 
	0x86, 0x66, 0x64, 0x44, 0x46, 0xA6, 0x63, 0x34, 0x66, 0x43, 0x33, 0x33, 0x36, 0x77, 0x79, 0x99, 
	0x99, 0x99, 0x99, 0x99, 0xDD, 0xD9, 0x77, 0x87, 0x55, 0x32, 0x44, 0x42, 0x22, 0x21, 0x22, 0x21, 
	0x12, 0x22, 0x66, 0x75, 0x56, 0x88, 0x88, 0x87, 0x78, 0xCC, 0x88, 0x87, 0x77, 0x99, 0x99, 0x97, 
	0x75, 0x55, 0x33, 0x53, 0x33, 0x33, 0x33, 0x35, 0x55, 0x35, 0x35, 0x33, 0x33, 0x32, 0x21, 0x11, 
	0x22, 0x23, 0x33, 0x33, 0x33, 0x33, 0x33, 0x55, 0x57, 0x55, 0x78, 0x88, 0x78, 0x88, 0x88, 0x88, 
	0x88, 0x88, 0xCC, 0x78, 0x87, 0x78, 0x88, 0xC8, 0x89, 0x99, 0x87, 0x55, 0x55, 0x55, 0x33, 0x35, 
	0x55, 0x57, 0x87, 0x77, 0x75, 0x58, 0x77, 0x77, 0x77, 0x75, 0x55, 0x33, 0x33, 0x55, 0x78, 0x9C, 
	0xCD, 0x98, 0x86, 0x53, 0x33, 0x33, 0x22, 0x22, 0x21, 0x10, 0x11, 0x11, 0x11, 0x12, 0x23, 0x44, 
	0x45, 0x65, 0x65, 0x66, 0x64, 0x44, 0x65, 0x44, 0x44, 0x44, 0x44, 0x6B, 0xBC, 0xCC, 0xDD, 0xDD, 
	0xDC, 0xCC, 0xDC, 0xDC, 0xC8, 0x87, 0x68, 0x89, 0x9D, 0xC8, 0xC8, 0x88, 0xCC, 0xDE, 0xDD, 0xDC, 
	0xC8, 0x8A, 0x86, 0x66, 0x66, 0xBA, 0x65, 0x36, 0x66, 0x65, 0x55, 0x35, 0x58, 0xB9, 0x99, 0x99, 
	0x97, 0x77, 0x89, 0x99, 0xDD, 0xD9, 0x99, 0x89, 0x88, 0x63, 0x42, 0x22, 0x22, 0x11, 0x12, 0x11, 
	0x11, 0x24, 0xAC, 0xC8, 0x77, 0x77, 0x89, 0x87, 0x89, 0x88, 0x87, 0x77, 0x99, 0xDD, 0x99, 0x77, 
	0x77, 0x33, 0x53, 0x35, 0x43, 0x33, 0x33, 0x33, 0x33, 0x33, 0x33, 0x33, 0x33, 0x32, 0x32, 0x22, 
	0x23, 0x33, 0x33, 0x33, 0x23, 0x23, 0x35, 0x33, 0x55, 0x65, 0x66, 0x66, 0x55, 0x66, 0x66, 0x66, 
	0x66, 0x78, 0xC8, 0x77, 0x77, 0x57, 0x78, 0x88, 0x89, 0x88, 0x77, 0x55, 0x65, 0x75, 0x55, 0x55, 
	0x55, 0x57, 0x77, 0x77, 0x57, 0x77, 0x77, 0x75, 0x55, 0x33, 0x33, 0x22, 0x32, 0x33, 0x66, 0x78, 
	0x99, 0x88, 0x75, 0x53, 0x22, 0x33, 0x33, 0x22, 0x11, 0x10, 0x00, 0x00, 0x00, 0x11, 0x12, 0x24, 
	0x22, 0x24, 0x44, 0x34, 0x44, 0x44, 0x64, 0x44, 0x42, 0x42, 0x35, 0x78, 0xC8, 0x9C, 0xDD, 0xDD, 
	0xED, 0xDD, 0xDD, 0xED, 0xD9, 0x87, 0x8D, 0xDD, 0xDD, 0xC9, 0x88, 0x88, 0x89, 0x9D, 0xED, 0xED, 
	0xC8, 0x88, 0x8B, 0x88, 0x89, 0x77, 0x88, 0x77, 0x76, 0x66, 0x55, 0x77, 0x99, 0xDC, 0xC9, 0x98, 
	0x76, 0x66, 0x57, 0x89, 0xDD, 0xDD, 0xDD, 0x9D, 0xDD, 0xC7, 0x65, 0x32, 0x21, 0x21, 0x22, 0x22, 
	0x22, 0x46, 0xAC, 0xD9, 0xCD, 0xD9, 0x78, 0x78, 0x7C, 0x9C, 0xD8, 0x9D, 0xD9, 0xD9, 0x77, 0x77, 
	0x65, 0x33, 0x33, 0x56, 0x64, 0x33, 0x33, 0x23, 0x33, 0x33, 0x33, 0x33, 0x33, 0x33, 0x33, 0x33, 
	0x33, 0x33, 0x33, 0x33, 0x43, 0x34, 0x55, 0x57, 0x53, 0x35, 0x65, 0x35, 0x54, 0x45, 0x34, 0x43, 
	0x44, 0x46, 0x77, 0x77, 0x77, 0x55, 0x76, 0x78, 0x78, 0x99, 0x88, 0x55, 0x57, 0xB7, 0x77, 0x75, 
	0x55, 0x66, 0x55, 0x55, 0x55, 0x55, 0x55, 0x53, 0x33, 0x33, 0x21, 0x11, 0x22, 0x22, 0x35, 0x55, 
	0x77, 0x77, 0x87, 0x65, 0x33, 0x55, 0x43, 0x32, 0x21, 0x10, 0x00, 0x00, 0x00, 0x00, 0x11, 0x22, 
	0x22, 0x44, 0x66, 0x44, 0x44, 0x46, 0x64, 0x44, 0x44, 0x46, 0x67, 0x89, 0x98, 0x9D, 0xCD, 0xEE, 
	0xDD, 0xEE, 0xEE, 0xEE, 0xDD, 0xD9, 0xDE, 0xEE, 0xED, 0x9C, 0x88, 0x77, 0x88, 0x99, 0xDD, 0xDD, 
	0xDC, 0x9C, 0xCC, 0x99, 0x9C, 0x99, 0x98, 0x77, 0x55, 0x55, 0x65, 0x79, 0x99, 0x99, 0x98, 0x86, 
	0x66, 0x43, 0x35, 0x88, 0xC9, 0xDD, 0xDD, 0xDD, 0xDD, 0xD8, 0x87, 0x64, 0x42, 0x22, 0x22, 0x44, 
	0x66, 0x88, 0x8D, 0x99, 0xDC, 0x97, 0x77, 0x78, 0x78, 0x99, 0xDD, 0xD9, 0x9D, 0x99, 0x77, 0x67, 
	0x53, 0x33, 0x33, 0x36, 0x53, 0x32, 0x22, 0x22, 0x23, 0x32, 0x32, 0x32, 0x23, 0x33, 0x33, 0x33, 
	0x33, 0x33, 0x35, 0x35, 0x34, 0x55, 0x55, 0x75, 0x65, 0x56, 0x66, 0x44, 0x43, 0x23, 0x22, 0x23, 
	0x23, 0x34, 0x55, 0x57, 0x88, 0x77, 0x55, 0x66, 0x88, 0x87, 0x76, 0x55, 0x55, 0x65, 0x77, 0x55, 
	0x55, 0x66, 0x55, 0x55, 0x55, 0x55, 0x55, 0x33, 0x33, 0x32, 0x20, 0x11, 0x12, 0x22, 0x35, 0x55, 
	0x57, 0x77, 0x88, 0x67, 0x75, 0x56, 0x43, 0x32, 0x21, 0x10, 0x00, 0x00, 0x00, 0x00, 0x11, 0x22, 
	0x22, 0x44, 0x66, 0x64, 0x44, 0x66, 0x66, 0x66, 0x86, 0x6C, 0xCD, 0xD9, 0xDC, 0x9D, 0xCD, 0xEE, 
	0xDD, 0xEE, 0xEE, 0xEE, 0xDD, 0xEE, 0xEE, 0xEE, 0xED, 0x9C, 0x88, 0x77, 0x88, 0x99, 0xDD, 0xDD, 
	0xDD, 0x9D, 0xCC, 0x99, 0x9C, 0x99, 0x98, 0x77, 0x55, 0x55, 0x65, 0x79, 0x99, 0x99, 0x98, 0x86, 
	0x65, 0x43, 0x35, 0x68, 0x88, 0xCD, 0xDC, 0xDD, 0xDC, 0xD8, 0x97, 0xA6, 0x42, 0x24, 0x24, 0x68, 
	0xCC, 0xDC, 0xCD, 0x99, 0xC8, 0x77, 0x77, 0x78, 0x77, 0x99, 0x9D, 0xC9, 0x9D, 0x99, 0x77, 0x67, 
	0x53, 0x33, 0x33, 0x36, 0x53, 0x32, 0x22, 0x21, 0x23, 0x33, 0x32, 0x32, 0x23, 0x23, 0x33, 0x33, 
	0x33, 0x33, 0x35, 0x35, 0x34, 0x55, 0x55, 0x75, 0x65, 0x56, 0x66, 0x44, 0x43, 0x22, 0x22, 0x23, 
	0x23, 0x34, 0x55, 0x57, 0x88, 0x87, 0x55, 0x46, 0x77, 0x87, 0x75, 0x55, 0x55, 0x55, 0x55, 0x55, 
	0x65, 0x53, 0x35, 0x53, 0x55, 0x33, 0x33, 0x32, 0x22, 0x21, 0x10, 0x00, 0x01, 0x12, 0x44, 0x57, 
	0x57, 0x99, 0x8C, 0x87, 0x88, 0x76, 0x54, 0x32, 0x21, 0x10, 0x00, 0x00, 0x00, 0x00, 0x01, 0x11, 
	0x22, 0x46, 0x88, 0x86, 0x66, 0xA6, 0x4A, 0xAD, 0xED, 0xDE, 0xEE, 0xED, 0xED, 0xDD, 0xDD, 0xDE, 
	0xDD, 0xDD, 0xDE, 0xEE, 0xEE, 0xEE, 0xEE, 0xFE, 0xED, 0xD8, 0x88, 0x65, 0x78, 0x89, 0xDD, 0xDD, 
	0xDD, 0xDC, 0xCC, 0x99, 0x9D, 0xD9, 0x88, 0x76, 0x54, 0x44, 0x58, 0x77, 0xC9, 0x88, 0x76, 0x65, 
	0x44, 0x32, 0x44, 0x46, 0x6B, 0xCC, 0xCC, 0x9C, 0x9B, 0x99, 0x77, 0xAA, 0x44, 0x42, 0x44, 0x8E, 
	0xEE, 0xDD, 0xD9, 0x98, 0x87, 0x65, 0x56, 0xB7, 0x77, 0x89, 0x79, 0x89, 0x99, 0x99, 0x77, 0x77, 
	0x33, 0x53, 0x33, 0x56, 0x53, 0x33, 0x32, 0x22, 0x22, 0x33, 0x33, 0x22, 0x22, 0x22, 0x23, 0x33, 
	0x35, 0x55, 0x55, 0x55, 0x35, 0x35, 0x55, 0x77, 0x77, 0x67, 0x65, 0x33, 0x43, 0x21, 0x12, 0x22, 
	0x22, 0x46, 0x66, 0x78, 0xC8, 0x65, 0x34, 0x44, 0x55, 0x75, 0x55, 0x57, 0x65, 0x53, 0x33, 0x55, 
	0x33, 0x33, 0x33, 0x33, 0x33, 0x33, 0x23, 0x32, 0x22, 0x11, 0x00, 0x00, 0x00, 0x01, 0x24, 0x66, 
	0x78, 0x8C, 0xCC, 0x88, 0x87, 0x86, 0x43, 0x32, 0x21, 0x00, 0x00, 0x00, 0x00, 0x00, 0x00, 0x01, 
	0x12, 0x34, 0x88, 0x8A, 0x86, 0x85, 0x38, 0xCF, 0xFF, 0xFF, 0xFF, 0xEF, 0xFE, 0xED, 0xDE, 0xED, 
	0xDD, 0x99, 0x9D, 0xEE, 0xEE, 0xEE, 0xEF, 0xEE, 0xDD, 0xC8, 0x87, 0x66, 0x66, 0x8C, 0xCD, 0xDD, 
	0xDD, 0xCD, 0xCC, 0x88, 0x9C, 0xC8, 0x86, 0x43, 0x32, 0x34, 0x56, 0x67, 0x66, 0x66, 0x64, 0x42, 
	0x22, 0x12, 0x22, 0x24, 0x46, 0x66, 0x66, 0x66, 0x55, 0x56, 0x55, 0x54, 0x42, 0x44, 0x22, 0xCE, 
	0xDD, 0xDC, 0x99, 0x87, 0x66, 0x64, 0x44, 0x54, 0x56, 0x65, 0x57, 0x77, 0x77, 0x77, 0x78, 0xB6, 
	0x55, 0x54, 0x54, 0x56, 0x55, 0x54, 0x23, 0x32, 0x22, 0x22, 0x32, 0x22, 0x22, 0x22, 0x33, 0x36, 
	0x55, 0x55, 0x55, 0x53, 0x53, 0x55, 0x55, 0x55, 0x75, 0x56, 0x65, 0x33, 0x64, 0x32, 0x22, 0x22, 
	0x11, 0x46, 0x68, 0x77, 0x87, 0x53, 0x43, 0x23, 0x34, 0x56, 0x56, 0x55, 0x53, 0x33, 0x33, 0x33, 
	0x23, 0x23, 0x22, 0x22, 0x33, 0x32, 0x32, 0x21, 0x11, 0x00, 0x01, 0x00, 0x00, 0x00, 0x12, 0x33, 
	0x58, 0x88, 0x88, 0x87, 0x77, 0x55, 0x43, 0x32, 0x10, 0x00, 0x00, 0x00, 0x00, 0x00, 0x00, 0x12, 
	0x24, 0x46, 0x89, 0x88, 0x75, 0x55, 0x79, 0xDF, 0xFF, 0xFF, 0xFF, 0xFE, 0xEE, 0xED, 0xED, 0xEE, 
	0xED, 0xDC, 0xCC, 0xDE, 0xDE, 0xDD, 0xDE, 0xED, 0xDC, 0x8A, 0x65, 0x66, 0x66, 0xA8, 0xCD, 0xDD, 
	0xDD, 0x99, 0x98, 0xCC, 0x88, 0x8A, 0x66, 0x32, 0x22, 0x22, 0x33, 0x46, 0x66, 0x64, 0x42, 0x22, 
	0x11, 0x11, 0x11, 0x12, 0x34, 0x33, 0x43, 0x34, 0x44, 0x33, 0x33, 0x33, 0x22, 0x42, 0x22, 0x7C, 
	0xCC, 0xC8, 0x77, 0x56, 0x64, 0x44, 0x32, 0x33, 0x34, 0x45, 0x35, 0x55, 0x55, 0x75, 0x77, 0x77, 
	0x66, 0x63, 0x33, 0x35, 0x55, 0x55, 0x33, 0x33, 0x32, 0x22, 0x22, 0x22, 0x22, 0x23, 0x22, 0x23, 
	0x35, 0x66, 0x55, 0x55, 0x53, 0x35, 0x55, 0x55, 0x63, 0x35, 0x55, 0x55, 0x56, 0x53, 0x32, 0x21, 
	0x01, 0x34, 0x58, 0x77, 0x77, 0x53, 0x22, 0x22, 0x23, 0x57, 0x75, 0x55, 0x35, 0x33, 0x33, 0x32, 
	0x23, 0x23, 0x22, 0x22, 0x33, 0x32, 0x32, 0x22, 0x00, 0x00, 0x01, 0x00, 0x00, 0x00, 0x12, 0x33, 
	0x36, 0x67, 0x77, 0x87, 0x55, 0x55, 0x43, 0x32, 0x10, 0x00, 0x00, 0x00, 0x00, 0x00, 0x00, 0x12, 
	0x24, 0x66, 0x89, 0x98, 0x75, 0x57, 0x9D, 0xEF, 0xFF, 0xFF, 0xFF, 0xFE, 0xEE, 0xED, 0xED, 0xEE, 
	0xED, 0xDC, 0xCC, 0xDE, 0xDD, 0xCD, 0xDD, 0xDC, 0xC8, 0x86, 0x65, 0x46, 0x66, 0xA8, 0x8D, 0xDC, 
	0xCD, 0x97, 0x98, 0xCC, 0x88, 0x86, 0x66, 0x42, 0x22, 0x22, 0x23, 0x44, 0x66, 0x64, 0x42, 0x22, 
	0x11, 0x11, 0x11, 0x12, 0x22, 0x33, 0x22, 0x32, 0x24, 0x33, 0x33, 0x33, 0x22, 0x22, 0x22, 0x36, 
	0x88, 0x66, 0x55, 0x54, 0x44, 0x43, 0x32, 0x23, 0x24, 0x45, 0x33, 0x55, 0x55, 0x75, 0x77, 0x77, 
	0x66, 0x63, 0x33, 0x35, 0x55, 0x55, 0x53, 0x33, 0x32, 0x22, 0x22, 0x22, 0x22, 0x23, 0x22, 0x23, 
	0x35, 0x66, 0x55, 0x55, 0x53, 0x35, 0x55, 0x55, 0x53, 0x35, 0x35, 0x55, 0x56, 0x53, 0x32, 0x21, 
	0x11, 0x34, 0x57, 0x77, 0x77, 0x53, 0x32, 0x22, 0x23, 0x57, 0x75, 0x55, 0x35, 0x32, 0x33, 0x32, 
	0x32, 0x22, 0x22, 0x12, 0x23, 0x33, 0x23, 0x23, 0x10, 0x00, 0x00, 0x00, 0x00, 0x00, 0x01, 0x22, 
	0x23, 0x35, 0x55, 0x75, 0x55, 0x35, 0x33, 0x22, 0x00, 0x00, 0x00, 0x00, 0x00, 0x00, 0x00, 0x12, 
	0x46, 0x88, 0x99, 0xDC, 0x77, 0x77, 0xDE, 0xFE, 0xEF, 0xFF, 0xFF, 0xFE, 0xEE, 0xDE, 0xDE, 0xED, 
	0xED, 0xED, 0xD9, 0xCD, 0xCC, 0x9C, 0xCC, 0x88, 0xA6, 0x64, 0x44, 0x44, 0x46, 0x66, 0xAC, 0xC8, 
	0x89, 0x75, 0xBC, 0x8C, 0x88, 0x66, 0x64, 0x44, 0x33, 0x22, 0x23, 0x43, 0x44, 0x42, 0x22, 0x11, 
	0x11, 0x00, 0x00, 0x01, 0x11, 0x22, 0x21, 0x21, 0x12, 0x24, 0x24, 0x44, 0x22, 0x11, 0x12, 0x24, 
	0x44, 0x43, 0x33, 0x44, 0x22, 0x32, 0x23, 0x22, 0x22, 0x23, 0x33, 0x55, 0x55, 0x77, 0x77, 0x57, 
	0xB6, 0x53, 0x33, 0x33, 0x65, 0x65, 0x65, 0x55, 0x33, 0x23, 0x22, 0x32, 0x32, 0x22, 0x22, 0x22, 
	0x34, 0x55, 0x66, 0x65, 0x55, 0x56, 0x53, 0x55, 0x33, 0x33, 0x33, 0x33, 0x35, 0x33, 0x22, 0x21, 
	0x21, 0x35, 0x65, 0x57, 0x77, 0x75, 0x53, 0x33, 0x33, 0x55, 0x55, 0x75, 0x55, 0x32, 0x22, 0x23, 
	0x22, 0x22, 0x22, 0x12, 0x22, 0x23, 0x22, 0x23, 0x22, 0x00, 0x00, 0x00, 0x00, 0x00, 0x00, 0x01, 
	0x22, 0x44, 0x55, 0x55, 0x55, 0x53, 0x32, 0x21, 0x00, 0x00, 0x00, 0x00, 0x00, 0x00, 0x00, 0x12, 
	0x44, 0x68, 0x8D, 0xC8, 0x87, 0x78, 0xEF, 0xFE, 0xFE, 0xEE, 0xEE, 0xEF, 0xEE, 0xED, 0xED, 0xDD, 
	0xDD, 0xDD, 0xDD, 0xDC, 0xDC, 0x99, 0x87, 0x56, 0x64, 0x44, 0x44, 0x24, 0x42, 0x44, 0x66, 0xA6, 
	0x66, 0x65, 0x6A, 0x88, 0x87, 0x76, 0x66, 0x54, 0x33, 0x23, 0x44, 0x46, 0x34, 0x42, 0x21, 0x11, 
	0x10, 0x00, 0x00, 0x00, 0x00, 0x01, 0x11, 0x11, 0x11, 0x21, 0x22, 0x22, 0x11, 0x11, 0x12, 0x12, 
	0x22, 0x22, 0x22, 0x11, 0x21, 0x22, 0x32, 0x22, 0x22, 0x22, 0x33, 0x33, 0x57, 0x67, 0x67, 0x55, 
	0x75, 0x53, 0x53, 0x33, 0x53, 0x53, 0x56, 0x55, 0x63, 0x33, 0x54, 0x33, 0x33, 0x22, 0x22, 0x22, 
	0x23, 0x33, 0x55, 0x55, 0x55, 0x65, 0x35, 0x33, 0x33, 0x33, 0x33, 0x33, 0x23, 0x33, 0x21, 0x12, 
	0x32, 0x25, 0x53, 0x37, 0x99, 0x99, 0x77, 0x66, 0xA6, 0x53, 0x55, 0x76, 0x56, 0x53, 0x12, 0x22, 
	0x11, 0x11, 0x21, 0x22, 0x21, 0x22, 0x22, 0x22, 0x22, 0x10, 0x00, 0x00, 0x00, 0x00, 0x00, 0x00, 
	0x11, 0x22, 0x45, 0x45, 0x45, 0x44, 0x32, 0x10, 0x00, 0x00, 0x00, 0x00, 0x00, 0x00, 0x00, 0x01, 
	0x24, 0x55, 0x77, 0x88, 0x89, 0x9D, 0xEF, 0xEF, 0xEE, 0xEF, 0xEE, 0xEE, 0xEE, 0xED, 0xD9, 0xCC, 
	0xCC, 0x9C, 0x9C, 0x9C, 0x98, 0x77, 0x65, 0x54, 0x44, 0x42, 0x22, 0x22, 0x22, 0x34, 0x46, 0x66, 
	0x65, 0x44, 0x46, 0x66, 0x66, 0x66, 0x65, 0x33, 0x33, 0x35, 0x34, 0x53, 0x34, 0x44, 0x22, 0x10, 
	0x00, 0x00, 0x00, 0x00, 0x00, 0x00, 0x00, 0x00, 0x00, 0x10, 0x11, 0x11, 0x00, 0x01, 0x11, 0x21, 
	0x22, 0x22, 0x11, 0x11, 0x11, 0x12, 0x22, 0x22, 0x22, 0x22, 0x22, 0x23, 0x35, 0x76, 0x55, 0x55, 
	0x55, 0x55, 0x55, 0x53, 0x55, 0x33, 0x65, 0x55, 0x43, 0x35, 0x33, 0x33, 0x33, 0x32, 0x33, 0x33, 
	0x33, 0x33, 0x33, 0x35, 0x35, 0x53, 0x33, 0x33, 0x33, 0x32, 0x23, 0x33, 0x22, 0x22, 0x22, 0x23, 
	0x33, 0x35, 0x35, 0x59, 0xD9, 0xDD, 0x99, 0x88, 0xC8, 0x75, 0x57, 0x67, 0x55, 0x33, 0x22, 0x21, 
	0x11, 0x11, 0x21, 0x22, 0x11, 0x21, 0x21, 0x12, 0x21, 0x10, 0x00, 0x00, 0x00, 0x00, 0x00, 0x00, 
	0x11, 0x12, 0x45, 0x45, 0x45, 0x44, 0x32, 0x10, 0x00, 0x00, 0x00, 0x00, 0x00, 0x00, 0x00, 0x01, 
	0x24, 0x55, 0x55, 0x78, 0xCD, 0xDE, 0xEF, 0xEF, 0xEE, 0xEF, 0xEE, 0xED, 0xDD, 0xDD, 0xC9, 0x88, 
	0x88, 0x98, 0x88, 0x9C, 0x98, 0x77, 0x65, 0x54, 0x44, 0x42, 0x22, 0x22, 0x24, 0x44, 0x46, 0x66, 
	0x65, 0x34, 0x35, 0x66, 0x66, 0x66, 0x65, 0x33, 0x33, 0x35, 0x34, 0x53, 0x34, 0x34, 0x22, 0x10, 
	0x00, 0x00, 0x00, 0x00, 0x00, 0x00, 0x00, 0x00, 0x00, 0x00, 0x00, 0x00, 0x00, 0x01, 0x11, 0x21, 
	0x22, 0x22, 0x11, 0x11, 0x11, 0x12, 0x12, 0x22, 0x22, 0x22, 0x22, 0x23, 0x35, 0x76, 0x55, 0x55, 
	0x35, 0x55, 0x55, 0x53, 0x55, 0x33, 0x55, 0x55, 0x43, 0x34, 0x33, 0x33, 0x33, 0x32, 0x33, 0x33, 
	0x33, 0x33, 0x33, 0x35, 0x35, 0x53, 0x33, 0x33, 0x33, 0x32, 0x23, 0x33, 0x22, 0x22, 0x22, 0x23, 
	0x33, 0x55, 0x35, 0x79, 0xDD, 0xDD, 0xD9, 0x99, 0xDC, 0x75, 0x77, 0x77, 0x55, 0x33, 0x32, 0x21, 
	0x00, 0x22, 0x12, 0x21, 0x12, 0x21, 0x21, 0x22, 0x20, 0x00, 0x00, 0x00, 0x00, 0x00, 0x00, 0x00, 
	0x00, 0x11, 0x23, 0x34, 0x55, 0x53, 0x42, 0x10, 0x00, 0x00, 0x00, 0x00, 0x00, 0x00, 0x00, 0x00, 
	0x12, 0x34, 0x57, 0x79, 0xDE, 0xEE, 0xFF, 0xEF, 0xEE, 0xEE, 0xDD, 0xDC, 0x99, 0x99, 0x87, 0x66, 
	0x76, 0x77, 0x87, 0x79, 0x87, 0x55, 0x86, 0x64, 0x22, 0x22, 0x22, 0x22, 0x46, 0x66, 0x66, 0x6B, 
	0x86, 0x33, 0x55, 0x66, 0x55, 0x55, 0x53, 0x35, 0x33, 0x56, 0x56, 0x55, 0x43, 0x32, 0x22, 0x10, 
	0x11, 0x00, 0x00, 0x00, 0x00, 0x00, 0x00, 0x00, 0x00, 0x00, 0x00, 0x00, 0x00, 0x00, 0x11, 0x11, 
	0x11, 0x11, 0x11, 0x11, 0x11, 0x11, 0x12, 0x22, 0x23, 0x22, 0x22, 0x22, 0x34, 0x65, 0x45, 0x33, 
	0x33, 0x35, 0x33, 0x33, 0x33, 0x33, 0x33, 0x33, 0x33, 0x32, 0x23, 0x23, 0x33, 0x32, 0x22, 0x22, 
	0x33, 0x33, 0x35, 0x33, 0x33, 0x33, 0x33, 0x33, 0x33, 0x33, 0x33, 0x43, 0x32, 0x23, 0x32, 0x22, 
	0x34, 0x35, 0x57, 0x9D, 0x9D, 0x99, 0xDD, 0xDD, 0xDC, 0x97, 0x89, 0x97, 0x55, 0x55, 0x53, 0x20, 
	0x10, 0x11, 0x21, 0x22, 0x21, 0x20, 0x12, 0x12, 0x20, 0x00, 0x00, 0x00, 0x00, 0x00, 0x00, 0x00, 
	0x00, 0x01, 0x12, 0x44, 0x44, 0x44, 0x22, 0x10, 0x00, 0x00, 0x00, 0x00, 0x00, 0x00, 0x00, 0x01, 
	0x02, 0x37, 0x89, 0xDD, 0xEE, 0xEE, 0xEF, 0xEE, 0xEE, 0xEE, 0xD9, 0x99, 0x87, 0x57, 0x75, 0x55, 
	0x56, 0x68, 0x88, 0x99, 0x98, 0x88, 0x76, 0x44, 0x22, 0x22, 0x22, 0x44, 0x66, 0x88, 0x88, 0x88, 
	0x87, 0x55, 0x58, 0x88, 0x65, 0x56, 0x56, 0x54, 0x54, 0x43, 0x56, 0x54, 0x32, 0x22, 0x11, 0x11, 
	0x22, 0x21, 0x11, 0x00, 0x00, 0x00, 0x00, 0x00, 0x00, 0x00, 0x00, 0x00, 0x00, 0x00, 0x00, 0x00, 
	0x00, 0x00, 0x01, 0x01, 0x11, 0x12, 0x22, 0x22, 0x32, 0x32, 0x22, 0x22, 0x23, 0x44, 0x34, 0x33, 
	0x23, 0x23, 0x33, 0x33, 0x45, 0x22, 0x22, 0x32, 0x22, 0x22, 0x22, 0x32, 0x22, 0x32, 0x22, 0x22, 
	0x33, 0x33, 0x33, 0x33, 0x33, 0x32, 0x22, 0x22, 0x33, 0x33, 0x56, 0x66, 0x33, 0x35, 0x63, 0x22, 
	0x23, 0x33, 0x77, 0x99, 0x99, 0xD9, 0x99, 0xDD, 0xDD, 0x99, 0x99, 0xC7, 0x55, 0x76, 0x33, 0x20, 
	0x10, 0x11, 0x11, 0x11, 0x21, 0x20, 0x01, 0x11, 0x11, 0x00, 0x00, 0x00, 0x00, 0x00, 0x00, 0x00, 
	0x00, 0x00, 0x11, 0x22, 0x24, 0x42, 0x21, 0x00, 0x00, 0x00, 0x00, 0x00, 0x00, 0x00, 0x00, 0x11, 
	0x12, 0x66, 0x88, 0x9D, 0xED, 0xEE, 0xEE, 0xED, 0xED, 0xDD, 0xC8, 0x77, 0x75, 0x55, 0x63, 0x44, 
	0x57, 0x78, 0xCC, 0xCC, 0x98, 0x88, 0x66, 0x44, 0x44, 0x34, 0x33, 0x36, 0x46, 0xA8, 0x88, 0x87, 
	0x75, 0x57, 0x77, 0x88, 0x86, 0x56, 0x66, 0x65, 0x43, 0x33, 0x44, 0x43, 0x32, 0x21, 0x11, 0x22, 
	0x12, 0x22, 0x22, 0x11, 0x00, 0x00, 0x00, 0x00, 0x11, 0x00, 0x00, 0x00, 0x00, 0x01, 0x10, 0x00, 
	0x00, 0x01, 0x12, 0x11, 0x10, 0x11, 0x11, 0x22, 0x23, 0x33, 0x32, 0x22, 0x22, 0x32, 0x32, 0x22, 
	0x22, 0x22, 0x22, 0x22, 0x44, 0x32, 0x33, 0x23, 0x22, 0x11, 0x22, 0x42, 0x22, 0x21, 0x23, 0x44, 
	0x53, 0x53, 0x22, 0x24, 0x22, 0x23, 0x22, 0x22, 0x33, 0x35, 0x6B, 0xB7, 0x55, 0x57, 0x53, 0x22, 
	0x23, 0x33, 0x55, 0x77, 0x9D, 0xDD, 0x9D, 0xDD, 0xDD, 0x99, 0xC9, 0x97, 0x76, 0x66, 0x33, 0x21, 
	0x11, 0x11, 0x11, 0x11, 0x11, 0x10, 0x00, 0x10, 0x01, 0x00, 0x00, 0x00, 0x00, 0x00, 0x00, 0x00, 
	0x00, 0x00, 0x11, 0x22, 0x23, 0x22, 0x21, 0x00, 0x00, 0x00, 0x00, 0x00, 0x00, 0x00, 0x00, 0x11, 
	0x22, 0x66, 0x78, 0x9D, 0xDD, 0xEE, 0xEE, 0xED, 0xDC, 0xC9, 0xC8, 0x77, 0x55, 0x55, 0x44, 0x44, 
	0x57, 0x78, 0xCC, 0xCC, 0x98, 0x88, 0x66, 0x44, 0x44, 0x44, 0x33, 0x36, 0x45, 0x67, 0x77, 0x87, 
	0x75, 0x57, 0x87, 0x77, 0x86, 0x66, 0x66, 0x65, 0x43, 0x33, 0x44, 0x43, 0x32, 0x21, 0x11, 0x22, 
	0x22, 0x23, 0x22, 0x21, 0x00, 0x00, 0x00, 0x11, 0x11, 0x11, 0x11, 0x00, 0x00, 0x11, 0x11, 0x10, 
	0x00, 0x01, 0x12, 0x11, 0x11, 0x11, 0x11, 0x22, 0x23, 0x33, 0x32, 0x22, 0x22, 0x32, 0x32, 0x22, 
	0x22, 0x22, 0x22, 0x22, 0x44, 0x32, 0x33, 0x23, 0x22, 0x12, 0x22, 0x42, 0x22, 0x21, 0x23, 0x46, 
	0x53, 0x53, 0x22, 0x24, 0x22, 0x23, 0x22, 0x22, 0x33, 0x35, 0x6B, 0xB7, 0x55, 0x57, 0x53, 0x32, 
	0x23, 0x33, 0x55, 0x77, 0x9D, 0xDD, 0xDD, 0xDD, 0xDD, 0x99, 0xC9, 0x97, 0x76, 0x65, 0x33, 0x22, 
	0x11, 0x11, 0x21, 0x01, 0x02, 0x11, 0x00, 0x20, 0x00, 0x00, 0x00, 0x00, 0x00, 0x00, 0x00, 0x00, 
	0x00, 0x00, 0x01, 0x12, 0x22, 0x11, 0x10, 0x00, 0x00, 0x00, 0x00, 0x00, 0x00, 0x11, 0x00, 0x01, 
	0x12, 0x34, 0x58, 0x99, 0xDD, 0xDD, 0xDD, 0xDC, 0x88, 0x88, 0x8A, 0x65, 0x46, 0x64, 0x34, 0x66, 
	0x55, 0x78, 0x88, 0x8C, 0x88, 0x86, 0x53, 0x44, 0x44, 0x44, 0x45, 0x56, 0x55, 0x55, 0x55, 0x77, 
	0x77, 0x78, 0x88, 0x55, 0x77, 0x8A, 0x66, 0x64, 0x32, 0x33, 0x43, 0x22, 0x22, 0x11, 0x11, 0x21, 
	0x33, 0x33, 0x33, 0x32, 0x11, 0x00, 0x11, 0x22, 0x22, 0x22, 0x22, 0x22, 0x22, 0x22, 0x22, 0x21, 
	0x01, 0x11, 0x11, 0x12, 0x21, 0x01, 0x22, 0x22, 0x22, 0x22, 0x33, 0x22, 0x22, 0x22, 0x22, 0x22, 
	0x12, 0x12, 0x22, 0x22, 0x33, 0x22, 0x32, 0x33, 0x22, 0x23, 0x33, 0x44, 0x32, 0x32, 0x22, 0x46, 
	0x53, 0x33, 0x22, 0x22, 0x22, 0x22, 0x23, 0x23, 0x35, 0x33, 0x66, 0xB8, 0x55, 0x55, 0x55, 0x53, 
	0x33, 0x33, 0x35, 0x77, 0x9D, 0xEE, 0xEE, 0x99, 0x99, 0x99, 0x99, 0x98, 0x75, 0x33, 0x32, 0x11, 
	0x11, 0x12, 0x12, 0x20, 0x11, 0x20, 0x22, 0x00, 0x10, 0x00, 0x00, 0x00, 0x00, 0x00, 0x00, 0x00, 
	0x00, 0x00, 0x00, 0x11, 0x21, 0x11, 0x01, 0x00, 0x00, 0x00, 0x00, 0x00, 0x00, 0x00, 0x00, 0x00, 
	0x11, 0x23, 0x57, 0x88, 0x89, 0x97, 0x87, 0x75, 0x54, 0x54, 0x66, 0x65, 0x44, 0x44, 0x46, 0x65, 
	0x45, 0x55, 0x77, 0x7A, 0x76, 0x65, 0x43, 0x45, 0x66, 0x65, 0x55, 0x58, 0x68, 0x75, 0x77, 0x57, 
	0x77, 0x77, 0x77, 0x77, 0x75, 0x76, 0x66, 0x34, 0x32, 0x32, 0x22, 0x22, 0x21, 0x12, 0x22, 0x22, 
	0x33, 0x33, 0x33, 0x33, 0x32, 0x11, 0x23, 0x33, 0x23, 0x35, 0x77, 0x75, 0x55, 0x53, 0x33, 0x33, 
	0x23, 0x22, 0x22, 0x22, 0x21, 0x22, 0x33, 0x33, 0x32, 0x23, 0x34, 0x32, 0x33, 0x23, 0x32, 0x21, 
	0x11, 0x11, 0x21, 0x21, 0x22, 0x32, 0x22, 0x22, 0x33, 0x33, 0x33, 0x33, 0x34, 0x32, 0x12, 0x56, 
	0x55, 0x33, 0x33, 0x32, 0x11, 0x23, 0x33, 0x33, 0x33, 0x55, 0x55, 0x77, 0x77, 0x77, 0x75, 0x55, 
	0x55, 0x33, 0x57, 0x79, 0xDD, 0xDD, 0xD9, 0x99, 0x79, 0x99, 0x77, 0x77, 0x64, 0x43, 0x21, 0x11, 
	0x11, 0x22, 0x21, 0x21, 0x20, 0x21, 0x11, 0x10, 0x01, 0x00, 0x00, 0x00, 0x00, 0x00, 0x00, 0x00, 
	0x00, 0x00, 0x00, 0x01, 0x11, 0x11, 0x00, 0x00, 0x00, 0x00, 0x00, 0x00, 0x00, 0x00, 0x00, 0x00, 
	0x01, 0x24, 0x46, 0x67, 0x78, 0x77, 0x66, 0x55, 0x33, 0x33, 0x33, 0x44, 0x44, 0x44, 0x46, 0x65, 
	0x54, 0x55, 0x55, 0x56, 0x54, 0x43, 0x33, 0x23, 0x34, 0x45, 0x57, 0x67, 0x67, 0x77, 0x67, 0x77, 
	0x77, 0x79, 0x77, 0x77, 0x75, 0x55, 0x44, 0x43, 0x22, 0x22, 0x21, 0x22, 0x11, 0x11, 0x12, 0x22, 
	0x23, 0x33, 0x33, 0x33, 0x35, 0x22, 0x33, 0x55, 0x35, 0x79, 0xDD, 0x99, 0x98, 0x75, 0x53, 0x53, 
	0x33, 0x33, 0x33, 0x23, 0x32, 0x22, 0x33, 0x33, 0x33, 0x22, 0x34, 0x44, 0x33, 0x32, 0x21, 0x11, 
	0x11, 0x11, 0x11, 0x11, 0x11, 0x23, 0x23, 0x23, 0x33, 0x33, 0x33, 0x33, 0x33, 0x21, 0x13, 0x66, 
	0x35, 0x55, 0x65, 0x31, 0x12, 0x23, 0x33, 0x33, 0x33, 0x57, 0x57, 0x57, 0x77, 0x55, 0x55, 0x55, 
	0x77, 0x75, 0x77, 0x79, 0x99, 0x99, 0x99, 0x99, 0x77, 0x77, 0x77, 0x75, 0x53, 0x22, 0x11, 0x11, 
	0x11, 0x22, 0x21, 0x22, 0x21, 0x11, 0x10, 0x10, 0x01, 0x00, 0x00, 0x00, 0x00, 0x00, 0x00, 0x00, 
	0x00, 0x00, 0x00, 0x01, 0x11, 0x11, 0x00, 0x00, 0x01, 0x11, 0x10, 0x00, 0x00, 0x00, 0x00, 0x00, 
	0x01, 0x24, 0x46, 0x67, 0x78, 0x77, 0x66, 0x55, 0x33, 0x33, 0x33, 0x44, 0x44, 0x44, 0x46, 0x65, 
	0x54, 0x55, 0x55, 0x54, 0x54, 0x43, 0x33, 0x23, 0x34, 0x45, 0x57, 0x67, 0x67, 0x77, 0x67, 0x77, 
	0x77, 0x79, 0x77, 0x77, 0x75, 0x55, 0x34, 0x43, 0x22, 0x21, 0x11, 0x22, 0x11, 0x01, 0x11, 0x22, 
	0x23, 0x33, 0x33, 0x33, 0x35, 0x33, 0x35, 0x55, 0x77, 0x9E, 0xEE, 0xDD, 0x9C, 0x75, 0x55, 0x55, 
	0x55, 0x53, 0x33, 0x33, 0x32, 0x22, 0x33, 0x23, 0x33, 0x22, 0x34, 0x42, 0x33, 0x32, 0x21, 0x11, 
	0x11, 0x11, 0x11, 0x11, 0x11, 0x23, 0x23, 0x23, 0x33, 0x33, 0x33, 0x33, 0x33, 0x21, 0x13, 0x66, 
	0x35, 0x57, 0x85, 0x32, 0x12, 0x23, 0x33, 0x33, 0x35, 0x77, 0x57, 0x57, 0x77, 0x55, 0x55, 0x55, 
	0x77, 0x97, 0x77, 0x79, 0x99, 0x99, 0x99, 0x99, 0x77, 0x75, 0x77, 0x75, 0x53, 0x22, 0x11, 0x11, 
	0x12, 0x12, 0x22, 0x21, 0x21, 0x11, 0x20, 0x00, 0x00, 0x00, 0x00, 0x00, 0x00, 0x00, 0x00, 0x00, 
	0x00, 0x00, 0x00, 0x00, 0x01, 0x21, 0x10, 0x01, 0x12, 0x23, 0x21, 0x10, 0x00, 0x00, 0x00, 0x00, 
	0x11, 0x12, 0x44, 0x66, 0x66, 0x66, 0x66, 0x64, 0x53, 0x33, 0x55, 0x44, 0x44, 0x42, 0x36, 0xA6, 
	0x65, 0x45, 0x55, 0x55, 0x33, 0x43, 0x22, 0x22, 0x24, 0x45, 0x45, 0x68, 0x56, 0x87, 0x77, 0x77, 
	0x57, 0x77, 0x77, 0x55, 0x53, 0x33, 0x33, 0x32, 0x22, 0x22, 0x12, 0x11, 0x21, 0x00, 0x00, 0x11, 
	0x22, 0x33, 0x33, 0x35, 0x55, 0x55, 0x57, 0x77, 0x99, 0x9D, 0xDE, 0xDD, 0xD9, 0x97, 0x77, 0x77, 
	0x57, 0x75, 0x33, 0x33, 0x33, 0x22, 0x32, 0x22, 0x23, 0x22, 0x22, 0x21, 0x22, 0x21, 0x12, 0x01, 
	0x10, 0x01, 0x11, 0x11, 0x12, 0x22, 0x22, 0x23, 0x23, 0x22, 0x23, 0x22, 0x23, 0x11, 0x13, 0x65, 
	0x55, 0x78, 0x65, 0x33, 0x22, 0x23, 0x43, 0x35, 0x57, 0x97, 0x77, 0x55, 0x55, 0x55, 0x77, 0x77, 
	0x77, 0x99, 0x97, 0x77, 0x77, 0x99, 0x97, 0x77, 0x77, 0x75, 0x55, 0x63, 0x32, 0x22, 0x11, 0x01, 
	0x11, 0x22, 0x33, 0x32, 0x21, 0x22, 0x10, 0x00, 0x10, 0x00, 0x00, 0x00, 0x00, 0x00, 0x00, 0x00, 
	0x00, 0x00, 0x00, 0x01, 0x00, 0x22, 0x22, 0x23, 0x35, 0x33, 0x33, 0x32, 0x00, 0x00, 0x00, 0x00, 
	0x11, 0x01, 0x24, 0x24, 0x45, 0x66, 0x64, 0x44, 0x44, 0x43, 0x43, 0x44, 0x44, 0x43, 0x34, 0x44, 
	0x36, 0x55, 0x53, 0x53, 0x33, 0x32, 0x23, 0x22, 0x34, 0x46, 0x45, 0x55, 0x55, 0x65, 0x55, 0x55, 
	0x55, 0x55, 0x76, 0x55, 0x53, 0x33, 0x22, 0x23, 0x42, 0x21, 0x21, 0x11, 0x11, 0x10, 0x01, 0x12, 
	0x33, 0x33, 0x55, 0x77, 0x77, 0x77, 0x77, 0x99, 0x9C, 0xD9, 0xDD, 0xD9, 0x99, 0x99, 0x77, 0x97, 
	0x77, 0x77, 0x53, 0x35, 0x33, 0x33, 0x32, 0x22, 0x22, 0x22, 0x11, 0x11, 0x11, 0x21, 0x10, 0x11, 
	0x10, 0x01, 0x01, 0x11, 0x21, 0x11, 0x21, 0x22, 0x22, 0x24, 0x34, 0x22, 0x32, 0x23, 0x33, 0x55, 
	0x77, 0x56, 0x66, 0x53, 0x33, 0x35, 0x55, 0x55, 0x57, 0x77, 0x97, 0x77, 0x55, 0x59, 0x97, 0x77, 
	0x79, 0x77, 0x99, 0x99, 0x97, 0x99, 0x97, 0x75, 0x77, 0x77, 0x33, 0x33, 0x22, 0x10, 0x01, 0x11, 
	0x12, 0x33, 0x33, 0x32, 0x21, 0x12, 0x10, 0x01, 0x10, 0x00, 0x00, 0x00, 0x00, 0x00, 0x00, 0x00, 
	0x00, 0x00, 0x00, 0x00, 0x01, 0x12, 0x22, 0x33, 0x35, 0x33, 0x33, 0x33, 0x22, 0x22, 0x21, 0x22, 
	0x21, 0x12, 0x22, 0x22, 0x23, 0x44, 0x44, 0x44, 0x44, 0x34, 0x43, 0x23, 0x44, 0x43, 0x23, 0x23, 
	0x33, 0x53, 0x33, 0x33, 0x45, 0x33, 0x33, 0x32, 0x34, 0x44, 0x64, 0x55, 0x65, 0x55, 0x55, 0x55, 
	0x55, 0x55, 0x56, 0x65, 0x33, 0x33, 0x22, 0x22, 0x22, 0x22, 0x22, 0x21, 0x11, 0x11, 0x11, 0x12, 
	0x23, 0x33, 0x55, 0x76, 0x57, 0x77, 0x77, 0x77, 0x79, 0x99, 0x99, 0x99, 0x99, 0x99, 0x99, 0x97, 
	0x79, 0x77, 0x55, 0x55, 0x55, 0x53, 0x32, 0x32, 0x21, 0x12, 0x12, 0x11, 0x01, 0x11, 0x00, 0x00, 
	0x00, 0x00, 0x00, 0x11, 0x11, 0x11, 0x11, 0x11, 0x22, 0x22, 0x22, 0x22, 0x22, 0x33, 0x35, 0x55, 
	0x86, 0x66, 0x67, 0x55, 0x35, 0x55, 0x77, 0x53, 0x57, 0x79, 0x77, 0x77, 0x77, 0x79, 0x97, 0x75, 
	0x77, 0x77, 0x99, 0x99, 0x79, 0x77, 0x99, 0x75, 0x55, 0x55, 0x55, 0x53, 0x21, 0x11, 0x11, 0x12, 
	0x12, 0x33, 0x33, 0x32, 0x21, 0x12, 0x21, 0x11, 0x00, 0x00, 0x00, 0x00, 0x00, 0x00, 0x00, 0x00, 
	0x00, 0x00, 0x00, 0x11, 0x12, 0x22, 0x22, 0x33, 0x35, 0x33, 0x33, 0x33, 0x33, 0x33, 0x33, 0x33, 
	0x32, 0x22, 0x21, 0x22, 0x23, 0x43, 0x44, 0x44, 0x43, 0x34, 0x23, 0x23, 0x44, 0x23, 0x23, 0x23, 
	0x33, 0x53, 0x33, 0x33, 0x46, 0x33, 0x33, 0x32, 0x34, 0x34, 0x64, 0x55, 0x65, 0x55, 0x55, 0x55, 
	0x55, 0x55, 0x56, 0x65, 0x33, 0x33, 0x22, 0x22, 0x22, 0x22, 0x22, 0x21, 0x11, 0x11, 0x21, 0x11, 
	0x23, 0x33, 0x55, 0x76, 0x57, 0x77, 0x77, 0x77, 0x79, 0x99, 0x99, 0x99, 0x99, 0x99, 0x99, 0x97, 
	0x79, 0x77, 0x55, 0x55, 0x55, 0x53, 0x32, 0x32, 0x21, 0x12, 0x12, 0x11, 0x00, 0x01, 0x00, 0x00, 
	0x00, 0x00, 0x00, 0x11, 0x01, 0x11, 0x01, 0x11, 0x22, 0x22, 0x12, 0x21, 0x22, 0x32, 0x35, 0x55, 
	0x66, 0x67, 0x65, 0x55, 0x35, 0x55, 0x77, 0x53, 0x37, 0x79, 0x77, 0x77, 0x77, 0x79, 0x97, 0x75, 
	0x77, 0x77, 0x97, 0x99, 0x79, 0x77, 0x99, 0x75, 0x55, 0x55, 0x55, 0x53, 0x21, 0x11, 0x11, 0x12, 
	0x12, 0x23, 0x33, 0x32, 0x22, 0x22, 0x22, 0x20, 0x10, 0x00, 0x00, 0x00, 0x00, 0x00, 0x00, 0x00, 
	0x00, 0x01, 0x01, 0x22, 0x22, 0x32, 0x22, 0x33, 0x33, 0x33, 0x53, 0x33, 0x33, 0x55, 0x55, 0x55, 
	0x55, 0x32, 0x10, 0x11, 0x22, 0x23, 0x24, 0x44, 0x33, 0x23, 0x23, 0x23, 0x23, 0x23, 0x32, 0x22, 
	0x22, 0x33, 0x23, 0x35, 0x45, 0x33, 0x42, 0x33, 0x22, 0x34, 0x34, 0x55, 0x54, 0x33, 0x35, 0x55, 
	0x33, 0x34, 0x54, 0x44, 0x33, 0x32, 0x22, 0x22, 0x22, 0x22, 0x21, 0x22, 0x21, 0x11, 0x11, 0x10, 
	0x22, 0x44, 0x46, 0x65, 0x55, 0x55, 0x57, 0x57, 0x77, 0x79, 0x99, 0x99, 0x9D, 0xD9, 0x99, 0x99, 
	0x99, 0x99, 0x77, 0x55, 0x55, 0x53, 0x33, 0x22, 0x22, 0x11, 0x11, 0x11, 0x00, 0x00, 0x00, 0x00, 
	0x00, 0x00, 0x00, 0x10, 0x00, 0x00, 0x10, 0x11, 0x11, 0x11, 0x01, 0x11, 0x10, 0x22, 0x43, 0x35, 
	0x55, 0x56, 0x55, 0x55, 0x56, 0x77, 0x77, 0x75, 0x55, 0x77, 0x97, 0x77, 0x77, 0x77, 0x77, 0x75, 
	0x55, 0x57, 0x77, 0x77, 0x77, 0x78, 0x97, 0x75, 0x35, 0x53, 0x34, 0x32, 0x21, 0x10, 0x11, 0x11, 
	0x11, 0x11, 0x22, 0x22, 0x32, 0x22, 0x12, 0x11, 0x00, 0x00, 0x00, 0x00, 0x00, 0x00, 0x00, 0x10, 
	0x00, 0x12, 0x22, 0x22, 0x23, 0x33, 0x23, 0x33, 0x23, 0x32, 0x32, 0x23, 0x33, 0x35, 0x67, 0x67, 
	0x55, 0x32, 0x00, 0x11, 0x12, 0x12, 0x22, 0x32, 0x34, 0x33, 0x33, 0x32, 0x32, 0x34, 0x33, 0x32, 
	0x22, 0x22, 0x22, 0x33, 0x53, 0x53, 0x33, 0x23, 0x22, 0x23, 0x33, 0x44, 0x44, 0x33, 0x33, 0x33, 
	0x23, 0x33, 0x33, 0x32, 0x32, 0x22, 0x12, 0x22, 0x12, 0x11, 0x21, 0x11, 0x21, 0x11, 0x01, 0x21, 
	0x22, 0x23, 0x43, 0x55, 0x33, 0x33, 0x35, 0x55, 0x77, 0x77, 0x77, 0x99, 0x9D, 0xDE, 0xDE, 0xDD, 
	0x99, 0x99, 0x97, 0x77, 0x97, 0x75, 0x53, 0x33, 0x22, 0x21, 0x00, 0x01, 0x12, 0x22, 0x00, 0x10, 
	0x00, 0x00, 0x00, 0x00, 0x00, 0x01, 0x00, 0x00, 0x00, 0x00, 0x01, 0x11, 0x11, 0x12, 0x22, 0x33, 
	0x33, 0x33, 0x55, 0x55, 0x77, 0x77, 0x79, 0x97, 0x77, 0x79, 0x79, 0x77, 0x75, 0x57, 0x77, 0x75, 
	0x55, 0x77, 0x88, 0xB8, 0x57, 0x77, 0x77, 0x55, 0x33, 0x33, 0x53, 0x32, 0x10, 0x00, 0x01, 0x11, 
	0x00, 0x00, 0x11, 0x12, 0x22, 0x22, 0x22, 0x22, 0x00, 0x00, 0x00, 0x00, 0x00, 0x00, 0x00, 0x00, 
	0x00, 0x21, 0x22, 0x22, 0x22, 0x22, 0x23, 0x22, 0x22, 0x32, 0x32, 0x23, 0x33, 0x55, 0x77, 0x75, 
	0x75, 0x53, 0x22, 0x22, 0x21, 0x12, 0x22, 0x22, 0x22, 0x32, 0x22, 0x33, 0x32, 0x34, 0x43, 0x32, 
	0x22, 0x22, 0x23, 0x23, 0x33, 0x33, 0x33, 0x33, 0x33, 0x33, 0x23, 0x34, 0x43, 0x22, 0x22, 0x22, 
	0x22, 0x22, 0x22, 0x22, 0x22, 0x21, 0x21, 0x11, 0x21, 0x22, 0x11, 0x21, 0x12, 0x21, 0x12, 0x12, 
	0x22, 0x22, 0x33, 0x33, 0x32, 0x33, 0x35, 0x57, 0x77, 0x97, 0x99, 0x99, 0x99, 0xDD, 0xDD, 0xED, 
	0x99, 0x99, 0x97, 0x97, 0x77, 0x97, 0x55, 0x32, 0x33, 0x32, 0x10, 0x00, 0x23, 0x22, 0x11, 0x21, 
	0x11, 0x10, 0x01, 0x11, 0x00, 0x11, 0x00, 0x00, 0x00, 0x00, 0x00, 0x00, 0x11, 0x11, 0x11, 0x22, 
	0x33, 0x23, 0x35, 0x55, 0x57, 0x77, 0x79, 0x99, 0x97, 0x77, 0x97, 0x97, 0x75, 0x55, 0x55, 0x55, 
	0x55, 0x65, 0x66, 0xA6, 0x55, 0x55, 0x77, 0x55, 0x53, 0x53, 0x33, 0x32, 0x11, 0x10, 0x00, 0x00, 
	0x10, 0x00, 0x11, 0x12, 0x22, 0x22, 0x22, 0x22, 0x00, 0x00, 0x00, 0x00, 0x00, 0x00, 0x00, 0x00, 
	0x11, 0x21, 0x22, 0x22, 0x22, 0x22, 0x23, 0x22, 0x22, 0x32, 0x32, 0x23, 0x33, 0x55, 0x77, 0x75, 
	0x75, 0x53, 0x33, 0x33, 0x32, 0x22, 0x22, 0x22, 0x22, 0x22, 0x22, 0x23, 0x22, 0x32, 0x42, 0x32, 
	0x22, 0x22, 0x23, 0x23, 0x33, 0x33, 0x33, 0x33, 0x33, 0x33, 0x23, 0x33, 0x43, 0x22, 0x22, 0x22, 
	0x22, 0x22, 0x22, 0x11, 0x22, 0x21, 0x21, 0x11, 0x11, 0x22, 0x11, 0x21, 0x12, 0x21, 0x22, 0x12, 
	0x21, 0x22, 0x33, 0x33, 0x32, 0x33, 0x35, 0x57, 0x77, 0x97, 0x99, 0x99, 0x99, 0xDD, 0xDD, 0xED, 
	0x99, 0x99, 0x97, 0x97, 0x77, 0x97, 0x55, 0x32, 0x33, 0x32, 0x10, 0x01, 0x33, 0x34, 0x22, 0x22, 
	0x21, 0x10, 0x01, 0x11, 0x00, 0x11, 0x10, 0x00, 0x00, 0x00, 0x00, 0x00, 0x11, 0x11, 0x11, 0x22, 
	0x33, 0x23, 0x35, 0x55, 0x57, 0x77, 0x79, 0x99, 0x97, 0x77, 0x97, 0x97, 0x75, 0x55, 0x55, 0x55, 
	0x55, 0x63, 0x44, 0x44, 0x35, 0x55, 0x77, 0x55, 0x53, 0x53, 0x33, 0x32, 0x11, 0x11, 0x11, 0x11, 
	0x22, 0x10, 0x01, 0x11, 0x21, 0x22, 0x23, 0x22, 0x10, 0x00, 0x00, 0x00, 0x00, 0x00, 0x00, 0x01, 
	0x22, 0x22, 0x32, 0x22, 0x22, 0x33, 0x33, 0x33, 0x23, 0x23, 0x23, 0x35, 0x53, 0x55, 0x55, 0x56, 
	0x55, 0x55, 0x53, 0x35, 0x55, 0x33, 0x24, 0x22, 0x22, 0x12, 0x22, 0x12, 0x12, 0x22, 0x22, 0x22, 
	0x23, 0x22, 0x22, 0x22, 0x23, 0x33, 0x43, 0x43, 0x33, 0x43, 0x33, 0x33, 0x22, 0x22, 0x22, 0x12, 
	0x22, 0x11, 0x11, 0x11, 0x11, 0x11, 0x10, 0x11, 0x01, 0x11, 0x12, 0x11, 0x12, 0x11, 0x21, 0x21, 
	0x21, 0x12, 0x23, 0x23, 0x33, 0x32, 0x33, 0x5B, 0x77, 0x99, 0x79, 0x77, 0x79, 0x9D, 0xDD, 0xDD, 
	0xD9, 0x99, 0x97, 0x77, 0x97, 0x77, 0x53, 0x33, 0x44, 0x21, 0x01, 0x23, 0x55, 0x56, 0x32, 0x23, 
	0x21, 0x01, 0x11, 0x10, 0x11, 0x21, 0x21, 0x11, 0x00, 0x00, 0x00, 0x00, 0x00, 0x00, 0x01, 0x23, 
	0x42, 0x23, 0x33, 0x55, 0x55, 0x69, 0x99, 0x99, 0x77, 0x79, 0x98, 0x77, 0x55, 0x55, 0x54, 0x33, 
	0x34, 0x44, 0x22, 0x22, 0x43, 0x34, 0x55, 0x53, 0x33, 0x33, 0x33, 0x22, 0x11, 0x22, 0x22, 0x22, 
	0x63, 0x21, 0x00, 0x12, 0x22, 0x22, 0x22, 0x22, 0x20, 0x00, 0x00, 0x00, 0x00, 0x00, 0x02, 0x22, 
	0x32, 0x33, 0x33, 0x33, 0x23, 0x33, 0x33, 0x33, 0x32, 0x32, 0x33, 0x33, 0x55, 0x55, 0x53, 0x55, 
	0x53, 0x55, 0x56, 0x56, 0x55, 0x33, 0x22, 0x21, 0x11, 0x11, 0x00, 0x00, 0x00, 0x01, 0x01, 0x11, 
	0x12, 0x33, 0x22, 0x21, 0x12, 0x33, 0x33, 0x33, 0x34, 0x54, 0x32, 0x22, 0x21, 0x01, 0x11, 0x11, 
	0x00, 0x10, 0x00, 0x01, 0x11, 0x22, 0x20, 0x00, 0x00, 0x00, 0x11, 0x11, 0x22, 0x12, 0x22, 0x22, 
	0x22, 0x12, 0x22, 0x22, 0x23, 0x23, 0x22, 0x35, 0x79, 0x79, 0x97, 0x97, 0x79, 0x9D, 0x9D, 0x99, 
	0x99, 0xD9, 0x99, 0x77, 0x77, 0x53, 0x55, 0x33, 0x44, 0x22, 0x23, 0x57, 0x57, 0x56, 0x63, 0x22, 
	0x21, 0x10, 0x01, 0x22, 0x33, 0x33, 0x22, 0x22, 0x10, 0x01, 0x00, 0x00, 0x00, 0x00, 0x00, 0x21, 
	0x22, 0x22, 0x23, 0x44, 0x46, 0xBB, 0x77, 0x77, 0x77, 0x77, 0x77, 0x75, 0x55, 0x53, 0x43, 0x24, 
	0x22, 0x22, 0x21, 0x12, 0x22, 0x22, 0x34, 0x43, 0x33, 0x33, 0x32, 0x22, 0x22, 0x23, 0x55, 0x55, 
	0x77, 0x32, 0x10, 0x12, 0x22, 0x22, 0x12, 0x22, 0x21, 0x00, 0x00, 0x00, 0x01, 0x11, 0x11, 0x22, 
	0x23, 0x33, 0x33, 0x33, 0x33, 0x33, 0x33, 0x33, 0x33, 0x33, 0x33, 0x33, 0x35, 0x55, 0x55, 0x33, 
	0x33, 0x33, 0x33, 0x33, 0x33, 0x22, 0x21, 0x11, 0x10, 0x00, 0x00, 0x00, 0x00, 0x00, 0x00, 0x00, 
	0x11, 0x22, 0x32, 0x22, 0x12, 0x23, 0x32, 0x32, 0x33, 0x33, 0x43, 0x21, 0x10, 0x00, 0x10, 0x10, 
	0x10, 0x00, 0x00, 0x00, 0x01, 0x11, 0x11, 0x01, 0x10, 0x00, 0x00, 0x11, 0x11, 0x12, 0x22, 0x23, 
	0x33, 0x21, 0x12, 0x22, 0x33, 0x33, 0x22, 0x23, 0x57, 0x77, 0x77, 0x77, 0x77, 0x79, 0x79, 0x77, 
	0x77, 0x99, 0x77, 0x77, 0x55, 0x55, 0x33, 0x33, 0x33, 0x33, 0x35, 0x55, 0x57, 0x7B, 0x85, 0x33, 
	0x32, 0x21, 0x12, 0x44, 0x65, 0x66, 0x33, 0x32, 0x21, 0x11, 0x00, 0x00, 0x00, 0x00, 0x00, 0x10, 
	0x11, 0x11, 0x22, 0x34, 0x44, 0x46, 0x66, 0x66, 0x55, 0x77, 0x77, 0x57, 0x53, 0x32, 0x22, 0x22, 
	0x21, 0x11, 0x11, 0x11, 0x11, 0x12, 0x22, 0x43, 0x32, 0x22, 0x22, 0x22, 0x22, 0x34, 0x57, 0x77, 
	0x77, 0x33, 0x21, 0x12, 0x21, 0x22, 0x12, 0x12, 0x22, 0x00, 0x00, 0x00, 0x01, 0x12, 0x11, 0x22, 
	0x23, 0x33, 0x33, 0x33, 0x33, 0x33, 0x33, 0x33, 0x33, 0x33, 0x33, 0x33, 0x35, 0x55, 0x55, 0x33, 
	0x33, 0x33, 0x33, 0x22, 0x33, 0x22, 0x21, 0x10, 0x10, 0x00, 0x00, 0x00, 0x00, 0x00, 0x00, 0x00, 
	0x11, 0x22, 0x32, 0x22, 0x22, 0x23, 0x32, 0x32, 0x33, 0x33, 0x43, 0x21, 0x10, 0x00, 0x10, 0x10, 
	0x10, 0x00, 0x00, 0x00, 0x01, 0x11, 0x11, 0x11, 0x10, 0x00, 0x00, 0x11, 0x11, 0x12, 0x22, 0x23, 
	0x33, 0x22, 0x22, 0x22, 0x33, 0x53, 0x32, 0x23, 0x57, 0x55, 0x57, 0x77, 0x77, 0x77, 0x79, 0x77, 
	0x77, 0x77, 0x77, 0x77, 0x53, 0x55, 0x33, 0x33, 0x33, 0x33, 0x35, 0x55, 0x57, 0x9C, 0x95, 0x55, 
	0x53, 0x32, 0x23, 0x66, 0x87, 0x66, 0x55, 0x32, 0x22, 0x11, 0x00, 0x00, 0x00, 0x00, 0x00, 0x00, 
	0x00, 0x01, 0x12, 0x34, 0x42, 0x22, 0x24, 0x44, 0x35, 0x76, 0x67, 0x55, 0x63, 0x22, 0x11, 0x11, 
	0x21, 0x11, 0x11, 0x11, 0x11, 0x12, 0x22, 0x43, 0x22, 0x22, 0x12, 0x21, 0x22, 0x34, 0x57, 0x97, 
	0x75, 0x53, 0x21, 0x12, 0x22, 0x21, 0x22, 0x12, 0x22, 0x00, 0x00, 0x00, 0x11, 0x12, 0x23, 0x32, 
	0x33, 0x23, 0x33, 0x53, 0x33, 0x33, 0x55, 0x55, 0x55, 0x55, 0x33, 0x55, 0x35, 0x35, 0x55, 0x33, 
	0x33, 0x32, 0x22, 0x11, 0x22, 0x22, 0x11, 0x00, 0x00, 0x00, 0x00, 0x00, 0x00, 0x00, 0x00, 0x00, 
	0x01, 0x22, 0x22, 0x23, 0x22, 0x22, 0x23, 0x23, 0x23, 0x22, 0x22, 0x11, 0x00, 0x00, 0x00, 0x00, 
	0x10, 0x00, 0x00, 0x00, 0x00, 0x00, 0x11, 0x12, 0x11, 0x11, 0x01, 0x11, 0x11, 0x12, 0x23, 0x33, 
	0x33, 0x33, 0x31, 0x23, 0x55, 0x75, 0x53, 0x33, 0x36, 0x33, 0x35, 0x66, 0x55, 0x75, 0x77, 0x55, 
	0x55, 0x55, 0x55, 0x55, 0x55, 0x53, 0x33, 0x34, 0x53, 0x33, 0x35, 0x57, 0x79, 0x9D, 0x97, 0x77, 
	0x77, 0x55, 0x35, 0x6B, 0x77, 0x77, 0x77, 0x53, 0x21, 0x22, 0x10, 0x00, 0x00, 0x00, 0x00, 0x01, 
	0x00, 0x11, 0x01, 0x22, 0x21, 0x11, 0x12, 0x21, 0x35, 0x64, 0x46, 0x33, 0x43, 0x21, 0x00, 0x00, 
	0x11, 0x11, 0x11, 0x11, 0x10, 0x11, 0x12, 0x22, 0x11, 0x11, 0x01, 0x11, 0x22, 0x34, 0x57, 0x77, 
	0x63, 0x43, 0x21, 0x22, 0x12, 0x12, 0x11, 0x22, 0x21, 0x20, 0x00, 0x00, 0x02, 0x22, 0x23, 0x33, 
	0x33, 0x33, 0x35, 0x55, 0x55, 0x55, 0x55, 0x77, 0x77, 0x75, 0x55, 0x55, 0x53, 0x55, 0x53, 0x55, 
	0x53, 0x31, 0x11, 0x11, 0x21, 0x21, 0x11, 0x00, 0x00, 0x00, 0x11, 0x00, 0x10, 0x00, 0x00, 0x00, 
	0x00, 0x00, 0x12, 0x22, 0x21, 0x12, 0x24, 0x42, 0x23, 0x22, 0x11, 0x10, 0x00, 0x00, 0x00, 0x00, 
	0x00, 0x00, 0x00, 0x00, 0x00, 0x00, 0x00, 0x11, 0x12, 0x22, 0x23, 0x32, 0x21, 0x22, 0x33, 0x33, 
	0x44, 0x33, 0x32, 0x33, 0x77, 0xB7, 0x77, 0x53, 0x33, 0x23, 0x33, 0x46, 0x55, 0x55, 0x55, 0x55, 
	0x55, 0x55, 0x55, 0x33, 0x33, 0x33, 0x33, 0x22, 0x35, 0x33, 0x55, 0x57, 0x79, 0x99, 0x99, 0x97, 
	0x97, 0x75, 0x33, 0x55, 0x55, 0x77, 0x77, 0x55, 0x33, 0x33, 0x42, 0x10, 0x10, 0x00, 0x00, 0x22, 
	0x22, 0x33, 0x22, 0x11, 0x12, 0x00, 0x00, 0x00, 0x22, 0x43, 0x24, 0x42, 0x42, 0x10, 0x00, 0x00, 
	0x00, 0x10, 0x00, 0x00, 0x10, 0x10, 0x01, 0x12, 0x10, 0x00, 0x01, 0x11, 0x12, 0x23, 0x55, 0x55, 
	0x33, 0x32, 0x22, 0x21, 0x22, 0x12, 0x21, 0x33, 0x32, 0x20, 0x00, 0x00, 0x11, 0x23, 0x33, 0x33, 
	0x35, 0x55, 0x55, 0x57, 0x75, 0x55, 0x55, 0x57, 0x77, 0x57, 0x55, 0x55, 0x55, 0x55, 0x55, 0x55, 
	0x55, 0x32, 0x10, 0x01, 0x11, 0x11, 0x11, 0x11, 0x11, 0x00, 0x00, 0x00, 0x00, 0x00, 0x00, 0x00, 
	0x00, 0x00, 0x01, 0x11, 0x11, 0x22, 0x22, 0x23, 0x22, 0x21, 0x11, 0x00, 0x00, 0x00, 0x00, 0x00, 
	0x00, 0x00, 0x00, 0x00, 0x00, 0x00, 0x00, 0x00, 0x01, 0x22, 0x23, 0x22, 0x22, 0x33, 0x33, 0x33, 
	0x33, 0x33, 0x53, 0x33, 0x55, 0x78, 0x87, 0x75, 0x33, 0x32, 0x33, 0x34, 0x53, 0x55, 0x55, 0x57, 
	0x65, 0x53, 0x53, 0x33, 0x35, 0x33, 0x32, 0x22, 0x33, 0x55, 0x55, 0x55, 0x77, 0x99, 0x99, 0x79, 
	0x99, 0x97, 0x55, 0x33, 0x77, 0x57, 0x99, 0x75, 0x53, 0x54, 0x53, 0x21, 0x21, 0x11, 0x11, 0x35, 
	0x33, 0x55, 0x53, 0x53, 0x34, 0x11, 0x00, 0x00, 0x14, 0x42, 0x22, 0x22, 0x21, 0x11, 0x00, 0x00, 
	0x01, 0x00, 0x00, 0x10, 0x00, 0x00, 0x00, 0x11, 0x11, 0x00, 0x00, 0x11, 0x12, 0x33, 0x45, 0x65, 
	0x33, 0x32, 0x22, 0x21, 0x22, 0x22, 0x32, 0x33, 0x32, 0x21, 0x10, 0x00, 0x21, 0x23, 0x33, 0x33, 
	0x35, 0x55, 0x55, 0x57, 0x75, 0x55, 0x55, 0x57, 0x77, 0x57, 0x55, 0x55, 0x57, 0x55, 0x57, 0x55, 
	0x55, 0x32, 0x10, 0x01, 0x01, 0x01, 0x11, 0x11, 0x11, 0x00, 0x00, 0x00, 0x00, 0x00, 0x00, 0x00, 
	0x00, 0x00, 0x00, 0x11, 0x11, 0x22, 0x22, 0x23, 0x22, 0x21, 0x11, 0x00, 0x00, 0x00, 0x00, 0x00, 
	0x00, 0x00, 0x00, 0x00, 0x00, 0x00, 0x00, 0x00, 0x01, 0x21, 0x22, 0x22, 0x22, 0x33, 0x33, 0x33, 
	0x33, 0x33, 0x53, 0x33, 0x55, 0x57, 0xB7, 0x77, 0x53, 0x32, 0x33, 0x34, 0x53, 0x55, 0x55, 0x57, 
	0xB5, 0x53, 0x53, 0x33, 0x35, 0x33, 0x32, 0x22, 0x33, 0x55, 0x55, 0x55, 0x77, 0x89, 0x99, 0x79, 
	0x99, 0x97, 0x55, 0x33, 0x77, 0x55, 0x99, 0x75, 0x53, 0x54, 0x53, 0x32, 0x21, 0x11, 0x24, 0x55, 
	0x77, 0x78, 0x97, 0x77, 0x76, 0x32, 0x00, 0x00, 0x14, 0x42, 0x22, 0x21, 0x11, 0x11, 0x00, 0x00, 
	0x01, 0x00, 0x00, 0x10, 0x00, 0x00, 0x00, 0x11, 0x11, 0x00, 0x00, 0x11, 0x12, 0x33, 0x45, 0x65, 
	0x33, 0x32, 0x21, 0x22, 0x12, 0x21, 0x22, 0x23, 0x33, 0x32, 0x20, 0x00, 0x12, 0x22, 0x33, 0x55, 
	0x55, 0x55, 0x75, 0x77, 0x77, 0x77, 0x55, 0x57, 0x55, 0x55, 0x55, 0x57, 0x57, 0x55, 0x57, 0x77, 
	0x55, 0x32, 0x10, 0x00, 0x01, 0x10, 0x10, 0x01, 0x22, 0x10, 0x00, 0x00, 0x00, 0x00, 0x00, 0x00, 
	0x00, 0x00, 0x00, 0x00, 0x01, 0x11, 0x12, 0x22, 0x22, 0x11, 0x00, 0x00, 0x00, 0x00, 0x00, 0x00, 
	0x00, 0x00, 0x00, 0x00, 0x00, 0x00, 0x00, 0x10, 0x11, 0x11, 0x11, 0x22, 0x23, 0x23, 0x33, 0x33, 
	0x33, 0x22, 0x33, 0x22, 0x33, 0x35, 0x55, 0x55, 0x65, 0x33, 0x33, 0x35, 0x35, 0x55, 0x35, 0x55, 
	0xB6, 0x33, 0x66, 0x65, 0x53, 0x54, 0x42, 0x22, 0x22, 0x34, 0x33, 0x35, 0x56, 0x67, 0x77, 0x77, 
	0x79, 0x97, 0x77, 0x55, 0x77, 0x55, 0x7B, 0x75, 0x55, 0x55, 0x63, 0x32, 0x21, 0x01, 0x36, 0x77, 
	0x89, 0x9C, 0xDD, 0x99, 0x97, 0x53, 0x10, 0x01, 0x22, 0x22, 0x21, 0x10, 0x00, 0x00, 0x00, 0x00, 
	0x00, 0x00, 0x00, 0x00, 0x11, 0x00, 0x11, 0x12, 0x21, 0x11, 0x11, 0x11, 0x22, 0x24, 0x45, 0x65, 
	0x33, 0x32, 0x22, 0x10, 0x11, 0x22, 0x12, 0x12, 0x23, 0x22, 0x22, 0x01, 0x12, 0x22, 0x33, 0x53, 
	0x33, 0x55, 0x55, 0x55, 0x77, 0x77, 0x55, 0x77, 0x57, 0x55, 0x55, 0x55, 0x75, 0x77, 0x77, 0x77, 
	0x55, 0x32, 0x10, 0x00, 0x00, 0x11, 0x01, 0x00, 0x10, 0x11, 0x10, 0x00, 0x00, 0x00, 0x00, 0x00, 
	0x10, 0x00, 0x00, 0x00, 0x01, 0x11, 0x11, 0x12, 0x11, 0x11, 0x00, 0x00, 0x00, 0x00, 0x00, 0x00, 
	0x00, 0x00, 0x00, 0x00, 0x00, 0x00, 0x00, 0x11, 0x22, 0x22, 0x33, 0x22, 0x33, 0x33, 0x33, 0x23, 
	0x22, 0x22, 0x33, 0x33, 0x33, 0x33, 0x33, 0x55, 0x55, 0x53, 0x33, 0x33, 0x55, 0x55, 0x53, 0x55, 
	0x53, 0x33, 0x55, 0x33, 0x33, 0x33, 0x32, 0x11, 0x12, 0x22, 0x23, 0x44, 0x66, 0x67, 0x77, 0x75, 
	0x57, 0x57, 0x76, 0x77, 0x55, 0x77, 0x77, 0x65, 0x55, 0x55, 0x33, 0x33, 0x21, 0x12, 0x46, 0x87, 
	0x79, 0xDD, 0x99, 0x99, 0x97, 0x75, 0x20, 0x01, 0x12, 0x11, 0x20, 0x00, 0x00, 0x00, 0x00, 0x00, 
	0x00, 0x00, 0x00, 0x11, 0x11, 0x11, 0x11, 0x12, 0x22, 0x21, 0x10, 0x11, 0x22, 0x23, 0x34, 0x64, 
	0x53, 0x33, 0x22, 0x11, 0x22, 0x12, 0x11, 0x21, 0x22, 0x32, 0x21, 0x00, 0x01, 0x12, 0x23, 0x33, 
	0x53, 0x35, 0x55, 0x57, 0x55, 0x55, 0x77, 0x57, 0x77, 0x55, 0x75, 0x57, 0x77, 0x77, 0x77, 0x75, 
	0x55, 0x33, 0x21, 0x01, 0x11, 0x10, 0x10, 0x00, 0x00, 0x01, 0x11, 0x00, 0x00, 0x00, 0x00, 0x01, 
	0x00, 0x00, 0x00, 0x00, 0x00, 0x10, 0x00, 0x11, 0x11, 0x10, 0x00, 0x00, 0x00, 0x00, 0x00, 0x00, 
	0x00, 0x00, 0x00, 0x00, 0x00, 0x00, 0x11, 0x22, 0x23, 0x33, 0x53, 0x22, 0x23, 0x33, 0x33, 0x23, 
	0x22, 0x23, 0x33, 0x33, 0x55, 0x55, 0x55, 0x53, 0x55, 0x33, 0x35, 0x55, 0x35, 0x55, 0x55, 0x33, 
	0x34, 0x44, 0x33, 0x44, 0x22, 0x22, 0x21, 0x10, 0x11, 0x11, 0x22, 0x24, 0x45, 0x66, 0x66, 0x65, 
	0x56, 0x55, 0x66, 0x66, 0x77, 0x77, 0x57, 0x55, 0x55, 0x53, 0x33, 0x33, 0x32, 0x23, 0x34, 0xA8, 
	0x79, 0x99, 0x99, 0x99, 0x77, 0x56, 0x40, 0x01, 0x11, 0x11, 0x11, 0x00, 0x00, 0x00, 0x00, 0x00, 
	0x00, 0x00, 0x00, 0x01, 0x00, 0x11, 0x11, 0x21, 0x11, 0x21, 0x11, 0x11, 0x22, 0x22, 0x45, 0x66, 
	0x53, 0x33, 0x22, 0x22, 0x22, 0x12, 0x11, 0x21, 0x22, 0x22, 0x21, 0x00, 0x00, 0x11, 0x23, 0x33, 
	0x53, 0x35, 0x55, 0x57, 0x55, 0x55, 0x77, 0x57, 0x77, 0x55, 0x75, 0x57, 0x77, 0x75, 0x57, 0x75, 
	0x55, 0x33, 0x22, 0x11, 0x11, 0x10, 0x10, 0x00, 0x00, 0x01, 0x11, 0x00, 0x00, 0x00, 0x00, 0x01, 
	0x00, 0x00, 0x00, 0x00, 0x00, 0x10, 0x00, 0x11, 0x11, 0x10, 0x00, 0x00, 0x00, 0x00, 0x00, 0x01, 
	0x10, 0x11, 0x22, 0x11, 0x01, 0x12, 0x22, 0x22, 0x33, 0x55, 0x53, 0x22, 0x23, 0x35, 0x53, 0x33, 
	0x22, 0x23, 0x33, 0x33, 0x55, 0x57, 0x55, 0x55, 0x55, 0x33, 0x35, 0x55, 0x35, 0x55, 0x55, 0x33, 
	0x34, 0x44, 0x32, 0x44, 0x22, 0x22, 0x11, 0x10, 0x11, 0x11, 0x22, 0x24, 0x35, 0x66, 0x66, 0x65, 
	0x36, 0x45, 0x66, 0x66, 0x77, 0x77, 0x57, 0x55, 0x55, 0x53, 0x33, 0x33, 0x32, 0x23, 0x33, 0x68, 
	0x77, 0x79, 0x99, 0x99, 0x77, 0x56, 0x41, 0x01, 0x10, 0x11, 0x11, 0x00, 0x00, 0x00, 0x00, 0x00, 
	0x00, 0x00, 0x00, 0x01, 0x00, 0x11, 0x11, 0x21, 0x11, 0x11, 0x11, 0x11, 0x22, 0x22, 0x45, 0x66, 
	0x53, 0x33, 0x32, 0x22, 0x22, 0x32, 0x22, 0x12, 0x12, 0x12, 0x22, 0x10, 0x10, 0x00, 0x23, 0x35, 
	0x33, 0x33, 0x35, 0x55, 0x55, 0x55, 0x57, 0x55, 0x57, 0x77, 0x77, 0x75, 0x55, 0x53, 0x35, 0x55, 
	0x44, 0x33, 0x33, 0x32, 0x21, 0x11, 0x01, 0x10, 0x00, 0x00, 0x00, 0x00, 0x00, 0x00, 0x10, 0x00, 
	0x00, 0x00, 0x00, 0x00, 0x00, 0x00, 0x00, 0x22, 0x21, 0x11, 0x11, 0x00, 0x00, 0x00, 0x00, 0x12, 
	0x22, 0x33, 0x55, 0x32, 0x23, 0x35, 0x33, 0x23, 0x55, 0x66, 0x53, 0x22, 0x33, 0x57, 0xB5, 0x53, 
	0x33, 0x33, 0x33, 0x35, 0x57, 0x79, 0x77, 0x57, 0x55, 0x55, 0x55, 0x55, 0x55, 0x55, 0x53, 0x33, 
	0x33, 0x34, 0x22, 0x22, 0x22, 0x21, 0x22, 0x11, 0x01, 0x10, 0x22, 0x23, 0x33, 0x36, 0x66, 0x33, 
	0x34, 0x33, 0x35, 0x66, 0x55, 0x57, 0x75, 0x77, 0x55, 0x35, 0x32, 0x34, 0x33, 0x33, 0x23, 0x36, 
	0x75, 0x77, 0x97, 0x77, 0x75, 0x34, 0x42, 0x00, 0x01, 0x11, 0x11, 0x00, 0x00, 0x00, 0x00, 0x00, 
	0x00, 0x00, 0x00, 0x00, 0x00, 0x01, 0x11, 0x11, 0x00, 0x01, 0x10, 0x11, 0x22, 0x22, 0x23, 0x46, 
	0x33, 0x33, 0x33, 0x33, 0x33, 0x33, 0x33, 0x22, 0x22, 0x22, 0x22, 0x22, 0x00, 0x01, 0x23, 0x33, 
	0x53, 0x33, 0x35, 0x55, 0x35, 0x55, 0x55, 0x55, 0x55, 0x57, 0x75, 0x55, 0x33, 0x33, 0x32, 0x33, 
	0x22, 0x23, 0x33, 0x33, 0x32, 0x21, 0x21, 0x00, 0x00, 0x00, 0x00, 0x00, 0x00, 0x00, 0x00, 0x00, 
	0x00, 0x00, 0x00, 0x00, 0x00, 0x00, 0x01, 0x44, 0x33, 0x33, 0x33, 0x20, 0x00, 0x00, 0x02, 0x33, 
	0x57, 0x99, 0x97, 0x77, 0x57, 0xB7, 0x53, 0x35, 0x57, 0x77, 0x75, 0x53, 0x35, 0x79, 0x99, 0x75, 
	0x35, 0x33, 0x55, 0x57, 0x99, 0x99, 0x77, 0x75, 0x55, 0x57, 0x57, 0x57, 0x77, 0x75, 0x55, 0x33, 
	0x33, 0x33, 0x32, 0x11, 0x11, 0x11, 0x12, 0x11, 0x11, 0x11, 0x12, 0x12, 0x23, 0x33, 0x36, 0x43, 
	0x22, 0x33, 0x33, 0x45, 0x55, 0x55, 0x55, 0x55, 0x53, 0x33, 0x32, 0x22, 0x32, 0x23, 0x44, 0x66, 
	0x77, 0x77, 0x78, 0x77, 0x55, 0x53, 0x33, 0x20, 0x10, 0x00, 0x00, 0x00, 0x00, 0x00, 0x00, 0x00, 
	0x00, 0x00, 0x00, 0x00, 0x00, 0x01, 0x11, 0x10, 0x00, 0x00, 0x10, 0x01, 0x21, 0x22, 0x23, 0x34, 
	0x33, 0x32, 0x22, 0x33, 0x35, 0x33, 0x32, 0x32, 0x22, 0x23, 0x23, 0x22, 0x00, 0x02, 0x33, 0x33, 
	0x33, 0x33, 0x33, 0x53, 0x33, 0x55, 0x33, 0x53, 0x55, 0x55, 0x53, 0x33, 0x53, 0x22, 0x22, 0x22, 
	0x21, 0x12, 0x22, 0x23, 0x22, 0x21, 0x11, 0x00, 0x00, 0x00, 0x00, 0x00, 0x00, 0x00, 0x00, 0x00, 
	0x00, 0x00, 0x00, 0x00, 0x00, 0x00, 0x02, 0x43, 0x55, 0x55, 0x77, 0x33, 0x11, 0x11, 0x23, 0x55, 
	0x99, 0xDD, 0xD9, 0xD9, 0x99, 0x99, 0x75, 0x55, 0x75, 0x57, 0x77, 0x75, 0x55, 0x79, 0x99, 0x97, 
	0x57, 0x75, 0x57, 0x77, 0x79, 0x99, 0x79, 0x77, 0x77, 0x75, 0x77, 0x55, 0x57, 0x75, 0x55, 0x33, 
	0x33, 0x22, 0x22, 0x11, 0x11, 0x11, 0x01, 0x01, 0x11, 0x11, 0x21, 0x12, 0x22, 0x23, 0x34, 0x44, 
	0x22, 0x22, 0x22, 0x33, 0x33, 0x36, 0x35, 0x45, 0x33, 0x33, 0x23, 0x32, 0x22, 0x22, 0x24, 0x6A, 
	0x77, 0x88, 0x87, 0x77, 0x55, 0x53, 0x34, 0x31, 0x11, 0x11, 0x00, 0x00, 0x00, 0x00, 0x00, 0x00, 
	0x00, 0x00, 0x00, 0x00, 0x00, 0x00, 0x11, 0x11, 0x10, 0x00, 0x01, 0x12, 0x22, 0x22, 0x33, 0x23, 
	0x33, 0x32, 0x22, 0x33, 0x35, 0x33, 0x32, 0x32, 0x12, 0x23, 0x23, 0x21, 0x00, 0x02, 0x33, 0x33, 
	0x33, 0x33, 0x33, 0x53, 0x33, 0x55, 0x33, 0x53, 0x55, 0x53, 0x33, 0x33, 0x53, 0x22, 0x22, 0x12, 
	0x21, 0x11, 0x22, 0x22, 0x22, 0x21, 0x11, 0x00, 0x00, 0x00, 0x00, 0x00, 0x00, 0x00, 0x00, 0x00, 
	0x00, 0x00, 0x00, 0x00, 0x00, 0x00, 0x02, 0x43, 0x55, 0x77, 0x99, 0x77, 0x53, 0x33, 0x55, 0x77, 
	0x99, 0xDD, 0xDE, 0xEE, 0xD9, 0x9D, 0x97, 0x55, 0x75, 0x57, 0x77, 0x77, 0x75, 0x79, 0x99, 0x99, 
	0x99, 0x97, 0x77, 0x77, 0x79, 0x99, 0x79, 0x77, 0x77, 0x75, 0x77, 0x55, 0x57, 0x75, 0x55, 0x33, 
	0x33, 0x22, 0x12, 0x11, 0x11, 0x11, 0x01, 0x12, 0x11, 0x11, 0x21, 0x12, 0x22, 0x23, 0x24, 0x24, 
	0x22, 0x22, 0x22, 0x33, 0x33, 0x36, 0x45, 0x45, 0x33, 0x33, 0x23, 0x32, 0x22, 0x22, 0x24, 0x6A, 
	0x77, 0x88, 0x87, 0x77, 0x55, 0x53, 0x34, 0x32, 0x22, 0x11, 0x00, 0x00, 0x00, 0x00, 0x00, 0x00, 
	0x00, 0x00, 0x00, 0x00, 0x00, 0x00, 0x11, 0x21, 0x10, 0x00, 0x01, 0x12, 0x22, 0x22, 0x33, 0x23, 
	0x22, 0x22, 0x23, 0x33, 0x53, 0x53, 0x33, 0x22, 0x22, 0x22, 0x32, 0x20, 0x10, 0x02, 0x22, 0x22, 
	0x23, 0x33, 0x33, 0x33, 0x33, 0x55, 0x35, 0x35, 0x33, 0x33, 0x33, 0x33, 0x33, 0x22, 0x21, 0x12, 
	0x21, 0x10, 0x12, 0x21, 0x21, 0x22, 0x10, 0x11, 0x00, 0x00, 0x00, 0x00, 0x00, 0x00, 0x00, 0x00, 
	0x00, 0x00, 0x00, 0x00, 0x00, 0x00, 0x12, 0x23, 0x57, 0x99, 0x99, 0x99, 0x97, 0x77, 0x77, 0x79, 
	0x9D, 0xEE, 0xEF, 0xEF, 0xED, 0xDE, 0xD9, 0x75, 0x55, 0x55, 0x77, 0x77, 0x77, 0x79, 0x99, 0x99, 
	0x99, 0xD9, 0x97, 0x77, 0x77, 0x77, 0x97, 0x77, 0x76, 0x77, 0x55, 0x55, 0x77, 0x57, 0x77, 0x55, 
	0x33, 0x32, 0x01, 0x21, 0x10, 0x00, 0x13, 0x33, 0x22, 0x22, 0x12, 0x11, 0x12, 0x22, 0x22, 0x22, 
	0x22, 0x12, 0x22, 0x22, 0x23, 0x44, 0x44, 0x44, 0x43, 0x32, 0x33, 0x33, 0x22, 0x22, 0x22, 0x46, 
	0x66, 0x66, 0xB6, 0x66, 0x55, 0x55, 0x66, 0x53, 0x33, 0x21, 0x10, 0x00, 0x00, 0x00, 0x00, 0x00, 
	0x00, 0x00, 0x00, 0x00, 0x00, 0x01, 0x12, 0x42, 0x11, 0x10, 0x01, 0x12, 0x22, 0x23, 0x33, 0x32, 
	0x32, 0x33, 0x33, 0x33, 0x53, 0x33, 0x33, 0x33, 0x33, 0x21, 0x21, 0x11, 0x00, 0x01, 0x11, 0x11, 
	0x21, 0x22, 0x22, 0x22, 0x23, 0x33, 0x33, 0x33, 0x33, 0x23, 0x22, 0x22, 0x22, 0x32, 0x22, 0x11, 
	0x11, 0x11, 0x10, 0x00, 0x01, 0x11, 0x11, 0x11, 0x00, 0x00, 0x00, 0x00, 0x00, 0x00, 0x00, 0x01, 
	0x10, 0x00, 0x00, 0x00, 0x00, 0x00, 0x35, 0x55, 0x79, 0x99, 0x99, 0x99, 0x99, 0x99, 0x77, 0x79, 
	0xDE, 0xEE, 0xEE, 0xEE, 0xFF, 0xEE, 0xED, 0x97, 0x97, 0x77, 0x79, 0x97, 0x99, 0x79, 0x79, 0x99, 
	0x99, 0x99, 0x97, 0x57, 0x77, 0x77, 0x77, 0x77, 0x77, 0x57, 0x55, 0x35, 0x55, 0x7B, 0x9B, 0x77, 
	0x53, 0x33, 0x11, 0x01, 0x00, 0x02, 0x36, 0x66, 0x43, 0x22, 0x11, 0x01, 0x11, 0x11, 0x21, 0x22, 
	0x12, 0x12, 0x11, 0x12, 0x22, 0x22, 0x22, 0x22, 0x22, 0x23, 0x23, 0x32, 0x22, 0x21, 0x11, 0x24, 
	0x33, 0x33, 0x36, 0x6A, 0x66, 0x65, 0xA6, 0x65, 0x46, 0x22, 0x10, 0x00, 0x00, 0x00, 0x00, 0x00, 
	0x00, 0x00, 0x00, 0x00, 0x00, 0x12, 0x24, 0x22, 0x12, 0x11, 0x11, 0x21, 0x33, 0x33, 0x33, 0x33, 
	0x33, 0x33, 0x33, 0x33, 0x53, 0x33, 0x33, 0x33, 0x22, 0x22, 0x12, 0x11, 0x00, 0x00, 0x00, 0x00, 
	0x11, 0x12, 0x22, 0x21, 0x22, 0x22, 0x22, 0x22, 0x22, 0x22, 0x22, 0x21, 0x23, 0x24, 0x22, 0x11, 
	0x11, 0x11, 0x11, 0x00, 0x00, 0x01, 0x11, 0x11, 0x10, 0x00, 0x00, 0x00, 0x00, 0x00, 0x01, 0x12, 
	0x22, 0x11, 0x21, 0x01, 0x22, 0x23, 0x56, 0x57, 0x79, 0x79, 0xDD, 0x99, 0x99, 0x99, 0x99, 0x99, 
	0xDE, 0xFE, 0xEE, 0xEE, 0xEE, 0xFE, 0xEE, 0xD9, 0x99, 0x99, 0x99, 0x99, 0xDD, 0x99, 0x97, 0x99, 
	0x99, 0x97, 0x77, 0x77, 0x77, 0x77, 0x57, 0x55, 0x55, 0x55, 0x53, 0x33, 0x57, 0x67, 0x99, 0x97, 
	0x75, 0x53, 0x22, 0x10, 0x00, 0x02, 0x44, 0x43, 0x32, 0x11, 0x11, 0x11, 0x01, 0x11, 0x11, 0x11, 
	0x11, 0x12, 0x11, 0x11, 0x11, 0x11, 0x21, 0x21, 0x22, 0x22, 0x23, 0x22, 0x21, 0x10, 0x00, 0x12, 
	0x22, 0x22, 0x23, 0x46, 0x66, 0x43, 0x64, 0x43, 0x33, 0x32, 0x21, 0x00, 0x00, 0x00, 0x00, 0x00, 
	0x11, 0x21, 0x10, 0x00, 0x11, 0x23, 0x24, 0x22, 0x22, 0x22, 0x21, 0x22, 0x33, 0x33, 0x33, 0x33, 
	0x33, 0x33, 0x33, 0x33, 0x53, 0x33, 0x33, 0x22, 0x22, 0x12, 0x02, 0x12, 0x11, 0x00, 0x00, 0x00, 
	0x01, 0x12, 0x22, 0x22, 0x22, 0x22, 0x22, 0x22, 0x22, 0x22, 0x22, 0x21, 0x23, 0x24, 0x22, 0x11, 
	0x11, 0x11, 0x11, 0x00, 0x00, 0x01, 0x11, 0x11, 0x10, 0x00, 0x00, 0x00, 0x00, 0x00, 0x11, 0x22, 
	0x23, 0x33, 0x33, 0x23, 0x33, 0x35, 0x56, 0x57, 0x79, 0x79, 0xDD, 0x99, 0x99, 0x99, 0x99, 0x9D, 
	0xDE, 0xFE, 0xEE, 0xEE, 0xEE, 0xFE, 0xEE, 0xD9, 0x99, 0x99, 0x99, 0xDD, 0xDD, 0xD9, 0x97, 0x99, 
	0x99, 0x97, 0x77, 0x77, 0x77, 0x77, 0x57, 0x55, 0x55, 0x55, 0x53, 0x33, 0x57, 0x67, 0x99, 0x77, 
	0x75, 0x53, 0x22, 0x10, 0x00, 0x12, 0x42, 0x33, 0x32, 0x11, 0x11, 0x11, 0x11, 0x11, 0x11, 0x01, 
	0x11, 0x12, 0x11, 0x11, 0x11, 0x11, 0x21, 0x21, 0x22, 0x22, 0x23, 0x22, 0x21, 0x10, 0x00, 0x12, 
	0x22, 0x22, 0x23, 0x46, 0x66, 0x44, 0x44, 0x43, 0x33, 0x32, 0x21, 0x00, 0x01, 0x10, 0x00, 0x01, 
	0x12, 0x44, 0x21, 0x10, 0x12, 0x23, 0x24, 0x22, 0x22, 0x22, 0x21, 0x22, 0x33, 0x33, 0x33, 0x33, 
	0x33, 0x33, 0x33, 0x55, 0x33, 0x33, 0x22, 0x21, 0x22, 0x12, 0x02, 0x12, 0x12, 0x00, 0x00, 0x00, 
	0x00, 0x12, 0x23, 0x32, 0x22, 0x32, 0x33, 0x23, 0x33, 0x22, 0x22, 0x21, 0x12, 0x22, 0x21, 0x22, 
	0x11, 0x11, 0x00, 0x00, 0x00, 0x00, 0x00, 0x00, 0x00, 0x00, 0x00, 0x00, 0x00, 0x00, 0x22, 0x23, 
	0x35, 0x55, 0x55, 0x75, 0x55, 0x55, 0x77, 0x75, 0x77, 0x79, 0xDD, 0xD9, 0x99, 0x99, 0x99, 0x9E, 
	0xDE, 0xEE, 0xEE, 0xEE, 0xFF, 0xFE, 0xEE, 0xDD, 0x99, 0x9D, 0x9D, 0xED, 0xDE, 0xD9, 0x77, 0x97, 
	0x99, 0x99, 0x57, 0x6B, 0x77, 0x77, 0x55, 0x55, 0x55, 0x53, 0x55, 0x35, 0x55, 0x77, 0x8B, 0x55, 
	0x55, 0x33, 0x31, 0x00, 0x00, 0x12, 0x21, 0x22, 0x21, 0x21, 0x22, 0x21, 0x21, 0x22, 0x21, 0x00, 
	0x11, 0x11, 0x11, 0x10, 0x11, 0x11, 0x11, 0x11, 0x11, 0x22, 0x32, 0x22, 0x11, 0x00, 0x00, 0x01, 
	0x22, 0x22, 0x22, 0x34, 0x43, 0x44, 0x22, 0x22, 0x22, 0x21, 0x11, 0x01, 0x22, 0x21, 0x01, 0x12, 
	0x24, 0x64, 0x42, 0x20, 0x12, 0x22, 0x22, 0x22, 0x22, 0x23, 0x22, 0x23, 0x33, 0x33, 0x53, 0x53, 
	0x53, 0x33, 0x53, 0x33, 0x33, 0x32, 0x22, 0x21, 0x00, 0x10, 0x00, 0x00, 0x10, 0x00, 0x00, 0x00, 
	0x00, 0x11, 0x22, 0x33, 0x33, 0x33, 0x33, 0x33, 0x33, 0x22, 0x22, 0x10, 0x11, 0x11, 0x11, 0x11, 
	0x11, 0x10, 0x00, 0x00, 0x00, 0x00, 0x00, 0x00, 0x00, 0x00, 0x00, 0x00, 0x00, 0x02, 0x33, 0x33, 
	0x57, 0x99, 0x99, 0x97, 0x57, 0x79, 0x99, 0x77, 0x99, 0x9D, 0xDD, 0xDD, 0xD9, 0x99, 0xDD, 0xDD, 
	0xEE, 0xEE, 0xEE, 0xEF, 0xEE, 0xEE, 0xEE, 0xDD, 0xED, 0xED, 0xDD, 0xDE, 0xED, 0x97, 0x77, 0x77, 
	0x79, 0x79, 0x55, 0x75, 0x55, 0x75, 0x55, 0x53, 0x53, 0x35, 0x53, 0x55, 0x55, 0x55, 0x66, 0x66, 
	0x64, 0x44, 0x21, 0x00, 0x00, 0x01, 0x12, 0x10, 0x01, 0x11, 0x12, 0x12, 0x22, 0x22, 0x22, 0x10, 
	0x00, 0x00, 0x10, 0x00, 0x00, 0x10, 0x00, 0x00, 0x01, 0x12, 0x22, 0x22, 0x11, 0x00, 0x00, 0x12, 
	0x22, 0x23, 0x33, 0x33, 0x24, 0x42, 0x12, 0x22, 0x22, 0x22, 0x21, 0x24, 0x66, 0x63, 0x22, 0x22, 
	0x33, 0x33, 0x32, 0x11, 0x32, 0x33, 0x23, 0x23, 0x33, 0x33, 0x33, 0x33, 0x33, 0x55, 0x55, 0x55, 
	0x55, 0x55, 0x55, 0x35, 0x33, 0x33, 0x22, 0x21, 0x00, 0x00, 0x00, 0x00, 0x00, 0x00, 0x00, 0x00, 
	0x00, 0x01, 0x12, 0x23, 0x33, 0x33, 0x35, 0x64, 0x32, 0x23, 0x22, 0x11, 0x21, 0x12, 0x21, 0x00, 
	0x00, 0x00, 0x00, 0x00, 0x00, 0x00, 0x00, 0x00, 0x00, 0x00, 0x00, 0x00, 0x12, 0x23, 0x35, 0x55, 
	0x77, 0x79, 0x99, 0x99, 0x79, 0x99, 0x9D, 0x99, 0x9D, 0xDE, 0xEE, 0xEE, 0xED, 0xDD, 0xDE, 0xDD, 
	0xED, 0xEE, 0xDD, 0xEE, 0xFE, 0xEE, 0xEE, 0xEE, 0xDD, 0xDD, 0xDD, 0xDD, 0xED, 0x97, 0x77, 0x77, 
	0x57, 0x77, 0x55, 0x55, 0x55, 0x55, 0x55, 0x55, 0x33, 0x34, 0x55, 0x33, 0x33, 0x33, 0x56, 0x64, 
	0x44, 0x44, 0x22, 0x10, 0x00, 0x00, 0x22, 0x21, 0x10, 0x00, 0x11, 0x11, 0x12, 0x22, 0x22, 0x20, 
	0x00, 0x00, 0x00, 0x00, 0x00, 0x00, 0x11, 0x00, 0x01, 0x12, 0x22, 0x22, 0x11, 0x10, 0x01, 0x12, 
	0x22, 0x33, 0x55, 0x33, 0x23, 0x22, 0x11, 0x12, 0x22, 0x22, 0x22, 0x36, 0x66, 0x53, 0x33, 0x22, 
	0x33, 0x46, 0x53, 0x22, 0x33, 0x33, 0x32, 0x33, 0x33, 0x45, 0x55, 0x55, 0x35, 0x55, 0x57, 0x55, 
	0x55, 0x55, 0x55, 0x35, 0x33, 0x33, 0x22, 0x21, 0x00, 0x00, 0x00, 0x00, 0x00, 0x00, 0x00, 0x00, 
	0x00, 0x01, 0x11, 0x23, 0x33, 0x33, 0x35, 0x64, 0x32, 0x23, 0x22, 0x11, 0x21, 0x12, 0x21, 0x00, 
	0x00, 0x00, 0x00, 0x00, 0x00, 0x00, 0x00, 0x00, 0x00, 0x00, 0x00, 0x01, 0x23, 0x33, 0x35, 0x57, 
	0x77, 0x79, 0x99, 0x99, 0x99, 0x9D, 0xDD, 0xDD, 0xDD, 0xEE, 0xEE, 0xEE, 0xEE, 0xDD, 0xDE, 0xDD, 
	0xED, 0xEE, 0xDD, 0xEE, 0xFE, 0xEE, 0xEE, 0xEE, 0xDD, 0xDD, 0xDD, 0xDD, 0xDD, 0x97, 0x77, 0x77, 
	0x55, 0x77, 0x55, 0x55, 0x55, 0x55, 0x55, 0x55, 0x33, 0x34, 0x55, 0x33, 0x33, 0x33, 0x56, 0x44, 
	0x44, 0x42, 0x42, 0x10, 0x00, 0x00, 0x22, 0x21, 0x10, 0x00, 0x11, 0x11, 0x12, 0x22, 0x22, 0x20, 
	0x01, 0x11, 0x10, 0x00, 0x00, 0x00, 0x11, 0x00, 0x01, 0x12, 0x22, 0x22, 0x11, 0x10, 0x01, 0x12, 
	0x22, 0x33, 0x55, 0x33, 0x43, 0x42, 0x21, 0x12, 0x22, 0x22, 0x22, 0x34, 0x54, 0x53, 0x33, 0x22, 
	0x33, 0x46, 0x65, 0x33, 0x33, 0x33, 0x32, 0x33, 0x33, 0x45, 0x55, 0x55, 0x35, 0x55, 0x57, 0x55, 
	0x75, 0x55, 0x55, 0x53, 0x33, 0x33, 0x23, 0x22, 0x00, 0x00, 0x00, 0x00, 0x00, 0x00, 0x00, 0x00, 
	0x00, 0x00, 0x10, 0x22, 0x22, 0x33, 0x33, 0x33, 0x22, 0x22, 0x21, 0x11, 0x12, 0x21, 0x22, 0x10, 
	0x00, 0x00, 0x00, 0x00, 0x00, 0x00, 0x00, 0x00, 0x00, 0x00, 0x01, 0x12, 0x33, 0x53, 0x55, 0x57, 
	0x77, 0x79, 0x99, 0xD9, 0xD9, 0xDE, 0xED, 0xEE, 0xEE, 0xDE, 0xEE, 0xEE, 0xEE, 0xEE, 0xEE, 0xEE, 
	0xEE, 0xDD, 0xDD, 0xDE, 0xEE, 0xEE, 0xEE, 0xEE, 0xDD, 0x99, 0xDD, 0xD9, 0x99, 0x97, 0x77, 0x77, 
	0x55, 0x55, 0x55, 0x33, 0x56, 0x55, 0x55, 0x76, 0x53, 0x53, 0x56, 0x33, 0x33, 0x33, 0x34, 0x24, 
	0x24, 0x21, 0x22, 0x00, 0x00, 0x01, 0x24, 0x22, 0x10, 0x00, 0x00, 0x01, 0x11, 0x12, 0x22, 0x21, 
	0x12, 0x22, 0x21, 0x00, 0x00, 0x00, 0x11, 0x10, 0x00, 0x11, 0x22, 0x11, 0x11, 0x00, 0x11, 0x11, 
	0x22, 0x36, 0x67, 0x55, 0x66, 0x63, 0x32, 0x22, 0x33, 0x33, 0x33, 0x32, 0x33, 0x45, 0x55, 0x33, 
	0x33, 0x36, 0x66, 0x55, 0x33, 0x33, 0x43, 0x33, 0x35, 0x45, 0x55, 0x66, 0x55, 0x55, 0x57, 0x77, 
	0x55, 0x55, 0x55, 0x55, 0x33, 0x33, 0x32, 0x21, 0x10, 0x00, 0x00, 0x00, 0x00, 0x00, 0x00, 0x00, 
	0x00, 0x00, 0x11, 0x11, 0x22, 0x22, 0x33, 0x32, 0x32, 0x12, 0x21, 0x01, 0x11, 0x11, 0x22, 0x10, 
	0x00, 0x00, 0x00, 0x00, 0x00, 0x00, 0x00, 0x00, 0x00, 0x00, 0x23, 0x33, 0x53, 0x55, 0x55, 0x57, 
	0x97, 0x99, 0x99, 0x99, 0x99, 0xDD, 0xDD, 0xEE, 0xEE, 0xDD, 0xEE, 0xEE, 0xEE, 0xEE, 0xED, 0xED, 
	0xED, 0xD9, 0x9D, 0xDD, 0xEE, 0xEE, 0xEE, 0xED, 0xED, 0x99, 0x99, 0x99, 0x99, 0x99, 0x77, 0x55, 
	0x57, 0x55, 0x55, 0x33, 0x33, 0x46, 0x35, 0x6B, 0x66, 0x66, 0x63, 0x33, 0x24, 0x24, 0x22, 0x22, 
	0x11, 0x11, 0x11, 0x00, 0x00, 0x11, 0x22, 0x22, 0x11, 0x00, 0x00, 0x11, 0x11, 0x11, 0x11, 0x12, 
	0x24, 0x44, 0x22, 0x10, 0x00, 0x00, 0x00, 0x00, 0x01, 0x11, 0x11, 0x12, 0x11, 0x10, 0x11, 0x11, 
	0x22, 0x35, 0x56, 0x77, 0x6A, 0x64, 0x34, 0x32, 0x32, 0x32, 0x46, 0x43, 0x22, 0x34, 0x68, 0x75, 
	0x32, 0x35, 0x6B, 0x65, 0x55, 0x54, 0x33, 0x43, 0x33, 0x33, 0x35, 0x77, 0x75, 0x55, 0x77, 0x55, 
	0x55, 0x55, 0x33, 0x33, 0x32, 0x22, 0x22, 0x11, 0x00, 0x00, 0x00, 0x00, 0x00, 0x00, 0x00, 0x00, 
	0x00, 0x01, 0x10, 0x00, 0x23, 0x33, 0x34, 0x33, 0x32, 0x12, 0x10, 0x00, 0x00, 0x01, 0x11, 0x00, 
	0x00, 0x00, 0x00, 0x00, 0x00, 0x00, 0x00, 0x01, 0x12, 0x23, 0x35, 0x55, 0x55, 0x57, 0x75, 0x77, 
	0x99, 0x99, 0x99, 0x99, 0x99, 0xDD, 0xDD, 0xDE, 0xDD, 0xDD, 0xEE, 0xDE, 0xEE, 0xED, 0xEE, 0xEE, 
	0xED, 0xDD, 0xD9, 0x99, 0xDD, 0xDE, 0xED, 0xDD, 0xD9, 0x99, 0x99, 0x97, 0x97, 0x77, 0x77, 0x75, 
	0x55, 0x53, 0x44, 0x22, 0x22, 0x23, 0x33, 0x56, 0x66, 0x46, 0x45, 0x33, 0x32, 0x22, 0x22, 0x11, 
	0x11, 0x10, 0x00, 0x00, 0x00, 0x12, 0x23, 0x33, 0x22, 0x11, 0x11, 0x11, 0x10, 0x11, 0x11, 0x12, 
	0x22, 0x22, 0x21, 0x11, 0x00, 0x00, 0x00, 0x00, 0x01, 0x11, 0x12, 0x21, 0x22, 0x21, 0x11, 0x12, 
	0x23, 0x34, 0x55, 0x57, 0x67, 0x64, 0x44, 0x43, 0x42, 0x23, 0x34, 0x32, 0x32, 0x35, 0x66, 0x65, 
	0x43, 0x36, 0xB6, 0x65, 0x55, 0x65, 0x33, 0x44, 0x33, 0x33, 0x33, 0x65, 0x55, 0x55, 0x75, 0x75, 
	0x55, 0x55, 0x33, 0x33, 0x32, 0x22, 0x22, 0x11, 0x00, 0x00, 0x00, 0x00, 0x00, 0x00, 0x00, 0x01, 
	0x00, 0x11, 0x11, 0x11, 0x23, 0x33, 0x34, 0x33, 0x32, 0x11, 0x10, 0x00, 0x00, 0x01, 0x10, 0x00, 
	0x00, 0x00, 0x00, 0x00, 0x00, 0x00, 0x00, 0x12, 0x33, 0x55, 0x77, 0x79, 0x77, 0x57, 0x75, 0x77, 
	0x99, 0x99, 0x99, 0x99, 0x99, 0xDD, 0xDD, 0xDE, 0xDD, 0xDD, 0xEE, 0xDE, 0xEE, 0xED, 0xEE, 0xEE, 
	0xED, 0xDD, 0xDD, 0x99, 0xDD, 0xDD, 0xED, 0xDD, 0x99, 0x99, 0x99, 0x97, 0x97, 0x77, 0x77, 0x75, 
	0x55, 0x53, 0x44, 0x22, 0x12, 0x23, 0x33, 0x53, 0x46, 0x46, 0x46, 0x33, 0x32, 0x22, 0x22, 0x11, 
	0x11, 0x10, 0x00, 0x00, 0x00, 0x12, 0x23, 0x33, 0x33, 0x22, 0x11, 0x11, 0x10, 0x11, 0x11, 0x11, 
	0x11, 0x11, 0x21, 0x11, 0x00, 0x00, 0x00, 0x00, 0x01, 0x11, 0x12, 0x21, 0x22, 0x22, 0x12, 0x22, 
	0x23, 0x34, 0x55, 0x55, 0x65, 0x54, 0x44, 0x43, 0x42, 0x23, 0x32, 0x32, 0x34, 0x35, 0x66, 0x55, 
	0x43, 0x36, 0x65, 0x65, 0x55, 0x65, 0x33, 0x44, 0x33, 0x33, 0x33, 0x55, 0x55, 0x55, 0x75, 0x75, 
	0x55, 0x55, 0x53, 0x32, 0x22, 0x22, 0x11, 0x11, 0x10, 0x00, 0x00, 0x00, 0x00, 0x00, 0x00, 0x02, 
	0x11, 0x22, 0x23, 0x32, 0x23, 0x33, 0x33, 0x35, 0x33, 0x21, 0x20, 0x01, 0x11, 0x00, 0x00, 0x00, 
	0x00, 0x00, 0x00, 0x00, 0x00, 0x00, 0x11, 0x24, 0x55, 0x77, 0x99, 0x9D, 0x99, 0x75, 0x77, 0x79, 
	0x99, 0x99, 0x9D, 0x99, 0x99, 0x99, 0x9D, 0xDD, 0xEE, 0xEE, 0xDD, 0xDD, 0xDD, 0xDD, 0xDE, 0xEE, 
	0xED, 0xDD, 0xDE, 0xD9, 0x9D, 0xD9, 0xDD, 0x99, 0x77, 0x77, 0x77, 0x77, 0x77, 0x75, 0x76, 0x75, 
	0x35, 0x45, 0x42, 0x21, 0x01, 0x22, 0x33, 0x33, 0x23, 0x46, 0x46, 0x43, 0x22, 0x22, 0x22, 0x11, 
	0x10, 0x00, 0x00, 0x00, 0x01, 0x12, 0x22, 0x43, 0x34, 0x33, 0x22, 0x22, 0x11, 0x01, 0x10, 0x00, 
	0x00, 0x00, 0x11, 0x00, 0x00, 0x00, 0x00, 0x00, 0x01, 0x11, 0x11, 0x11, 0x22, 0x24, 0x24, 0x44, 
	0x32, 0x33, 0x35, 0x55, 0x33, 0x53, 0x35, 0x43, 0x32, 0x22, 0x23, 0x24, 0x44, 0x46, 0x55, 0x35, 
	0x33, 0x34, 0x54, 0x54, 0x55, 0x55, 0x33, 0x33, 0x34, 0x33, 0x33, 0x35, 0x55, 0x75, 0x57, 0x55, 
	0x55, 0x53, 0x32, 0x22, 0x11, 0x10, 0x10, 0x00, 0x00, 0x00, 0x00, 0x00, 0x00, 0x00, 0x12, 0x22, 
	0x33, 0x33, 0x33, 0x23, 0x33, 0x23, 0x33, 0x33, 0x33, 0x32, 0x21, 0x11, 0x11, 0x10, 0x00, 0x00, 
	0x00, 0x00, 0x00, 0x00, 0x00, 0x01, 0x23, 0x33, 0x57, 0x79, 0x99, 0x9D, 0xD9, 0x97, 0x97, 0x99, 
	0x99, 0x99, 0x99, 0x99, 0x99, 0x99, 0x99, 0x99, 0xDD, 0xDD, 0xDD, 0xDD, 0xDD, 0xDD, 0xDD, 0xDE, 
	0xDE, 0xDD, 0xD9, 0xD9, 0xDD, 0xD9, 0x99, 0x75, 0x55, 0x55, 0x57, 0x75, 0x55, 0x77, 0x67, 0x65, 
	0x33, 0x32, 0x11, 0x10, 0x10, 0x12, 0x22, 0x33, 0x22, 0x33, 0x36, 0x43, 0x33, 0x43, 0x42, 0x21, 
	0x00, 0x00, 0x00, 0x00, 0x00, 0x01, 0x11, 0x12, 0x33, 0x55, 0x55, 0x33, 0x22, 0x00, 0x11, 0x00, 
	0x00, 0x00, 0x10, 0x10, 0x00, 0x00, 0x00, 0x00, 0x00, 0x01, 0x11, 0x11, 0x22, 0x42, 0x44, 0x46, 
	0x64, 0x33, 0x55, 0x55, 0x33, 0x53, 0x46, 0x64, 0x32, 0x22, 0x32, 0x34, 0x22, 0x23, 0x55, 0x75, 
	0x64, 0x33, 0x33, 0x54, 0x33, 0x55, 0x55, 0x43, 0x34, 0x44, 0x34, 0x33, 0x35, 0x55, 0x55, 0x55, 
	0x43, 0x42, 0x22, 0x11, 0x11, 0x01, 0x00, 0x00, 0x01, 0x00, 0x00, 0x00, 0x00, 0x00, 0x12, 0x22, 
	0x23, 0x33, 0x53, 0x33, 0x33, 0x33, 0x32, 0x23, 0x33, 0x32, 0x22, 0x10, 0x00, 0x00, 0x00, 0x00, 
	0x00, 0x00, 0x00, 0x01, 0x11, 0x11, 0x12, 0x33, 0x57, 0x79, 0x99, 0x9D, 0x99, 0x99, 0x99, 0xC9, 
	0x79, 0x99, 0x99, 0x97, 0x99, 0x79, 0x79, 0x99, 0x99, 0x99, 0x99, 0x99, 0x99, 0x99, 0x99, 0xDD, 
	0xDD, 0x99, 0x99, 0x99, 0x99, 0x99, 0x97, 0x55, 0x33, 0x35, 0x55, 0x55, 0x55, 0x55, 0x57, 0x55, 
	0x33, 0x22, 0x11, 0x11, 0x11, 0x12, 0x22, 0x22, 0x23, 0x22, 0x24, 0x33, 0x33, 0x44, 0x43, 0x21, 
	0x10, 0x00, 0x00, 0x00, 0x00, 0x00, 0x01, 0x24, 0x66, 0x66, 0x75, 0x55, 0x32, 0x11, 0x21, 0x11, 
	0x11, 0x00, 0x00, 0x00, 0x00, 0x00, 0x00, 0x00, 0x01, 0x10, 0x01, 0x22, 0x22, 0x22, 0x24, 0x44, 
	0x46, 0x66, 0x66, 0x55, 0x55, 0x53, 0x56, 0x66, 0x43, 0x34, 0x43, 0x32, 0x22, 0x34, 0x35, 0x55, 
	0x66, 0x45, 0x55, 0x43, 0x55, 0x55, 0x55, 0x33, 0x34, 0x56, 0x53, 0x35, 0x33, 0x35, 0x33, 0x55, 
	0x43, 0x42, 0x22, 0x11, 0x01, 0x01, 0x00, 0x00, 0x01, 0x00, 0x00, 0x00, 0x00, 0x00, 0x01, 0x22, 
	0x23, 0x33, 0x53, 0x53, 0x33, 0x33, 0x32, 0x23, 0x33, 0x32, 0x22, 0x00, 0x00, 0x00, 0x00, 0x00, 
	0x00, 0x00, 0x00, 0x01, 0x12, 0x11, 0x12, 0x33, 0x57, 0x79, 0x99, 0x9D, 0x99, 0x99, 0x99, 0xC9, 
	0x79, 0x99, 0x99, 0x97, 0x99, 0x79, 0x79, 0x99, 0x99, 0x99, 0x99, 0x99, 0x99, 0x99, 0x99, 0xDD, 
	0xDD, 0x99, 0x99, 0x99, 0x99, 0x79, 0x77, 0x55, 0x33, 0x33, 0x35, 0x55, 0x55, 0x55, 0x55, 0x55, 
	0x33, 0x22, 0x22, 0x11, 0x11, 0x12, 0x22, 0x22, 0x23, 0x22, 0x22, 0x22, 0x33, 0x44, 0x43, 0x21, 
	0x10, 0x00, 0x00, 0x00, 0x00, 0x00, 0x11, 0x24, 0x66, 0xB6, 0x75, 0x55, 0x32, 0x22, 0x21, 0x12, 
	0x22, 0x00, 0x00, 0x00, 0x00, 0x00, 0x00, 0x00, 0x01, 0x10, 0x01, 0x22, 0x22, 0x22, 0x22, 0x44, 
	0x66, 0x6A, 0x66, 0x55, 0x57, 0x53, 0x56, 0x66, 0x43, 0x34, 0x43, 0x32, 0x22, 0x34, 0x45, 0x55, 
	0x66, 0x46, 0x55, 0x43, 0x55, 0x55, 0x55, 0x33, 0x34, 0x56, 0x53, 0x35, 0x33, 0x35, 0x33, 0x55, 
	0x22, 0x21, 0x11, 0x00, 0x00, 0x00, 0x00, 0x11, 0x11, 0x00, 0x00, 0x00, 0x00, 0x00, 0x00, 0x11, 
	0x22, 0x33, 0x35, 0x55, 0x53, 0x33, 0x22, 0x22, 0x23, 0x33, 0x21, 0x10, 0x00, 0x00, 0x00, 0x00, 
	0x00, 0x00, 0x00, 0x12, 0x22, 0x22, 0x22, 0x33, 0x55, 0x79, 0x79, 0x99, 0x99, 0x99, 0x99, 0xCC, 
	0x97, 0x97, 0x99, 0x77, 0x77, 0x99, 0x77, 0x79, 0x99, 0x99, 0x99, 0x99, 0xD9, 0x99, 0x99, 0x9D, 
	0x99, 0x99, 0x99, 0x77, 0x99, 0x97, 0x57, 0x53, 0x42, 0x32, 0x23, 0x35, 0x53, 0x55, 0x54, 0x53, 
	0x63, 0x33, 0x33, 0x22, 0x21, 0x22, 0x22, 0x22, 0x22, 0x21, 0x21, 0x12, 0x22, 0x34, 0x42, 0x21, 
	0x10, 0x00, 0x00, 0x00, 0x00, 0x01, 0x22, 0x36, 0x66, 0xB6, 0x55, 0x55, 0x43, 0x32, 0x22, 0x24, 
	0x44, 0x10, 0x00, 0x00, 0x00, 0x00, 0x00, 0x01, 0x12, 0x11, 0x10, 0x11, 0x21, 0x21, 0x11, 0x24, 
	0x66, 0x66, 0x66, 0x67, 0x77, 0x53, 0x33, 0x33, 0x44, 0x43, 0x44, 0x23, 0x33, 0x35, 0x67, 0x65, 
	0x53, 0x35, 0x55, 0x33, 0x35, 0x55, 0x33, 0x33, 0x33, 0x35, 0x33, 0x33, 0x43, 0x33, 0x33, 0x53, 
	0x22, 0x21, 0x10, 0x01, 0x01, 0x00, 0x11, 0x10, 0x10, 0x00, 0x00, 0x00, 0x00, 0x00, 0x00, 0x00, 
	0x02, 0x23, 0x35, 0x55, 0x55, 0x33, 0x33, 0x22, 0x22, 0x22, 0x21, 0x10, 0x00, 0x00, 0x00, 0x00, 
	0x00, 0x00, 0x01, 0x11, 0x22, 0x22, 0x22, 0x33, 0x35, 0x57, 0x57, 0x77, 0x99, 0x99, 0x99, 0x9B, 
	0x79, 0x97, 0x77, 0x77, 0x57, 0x77, 0x77, 0x77, 0x77, 0x97, 0x77, 0x77, 0x97, 0x99, 0xDD, 0x97, 
	0x77, 0x77, 0x77, 0x77, 0x77, 0x77, 0x55, 0x33, 0x22, 0x22, 0x22, 0x22, 0x33, 0x33, 0x33, 0x33, 
	0x43, 0x43, 0x33, 0x33, 0x23, 0x23, 0x23, 0x22, 0x11, 0x12, 0x22, 0x22, 0x12, 0x22, 0x22, 0x11, 
	0x01, 0x00, 0x00, 0x00, 0x01, 0x22, 0x33, 0x33, 0x23, 0x55, 0x33, 0x33, 0x42, 0x22, 0x24, 0x44, 
	0x44, 0x22, 0x10, 0x00, 0x00, 0x00, 0x00, 0x11, 0x22, 0x21, 0x00, 0x11, 0x11, 0x11, 0x11, 0x11, 
	0x22, 0x44, 0x55, 0x55, 0x55, 0x53, 0x33, 0x34, 0x44, 0x44, 0x34, 0x43, 0x33, 0x33, 0x55, 0x66, 
	0x55, 0x35, 0x55, 0x33, 0x34, 0x33, 0x33, 0x33, 0x33, 0x34, 0x33, 0x33, 0x43, 0x32, 0x34, 0x23, 
	0x24, 0x42, 0x11, 0x10, 0x00, 0x10, 0x11, 0x10, 0x01, 0x10, 0x00, 0x00, 0x00, 0x11, 0x11, 0x10, 
	0x02, 0x23, 0x33, 0x55, 0x55, 0x55, 0x33, 0x22, 0x33, 0x32, 0x21, 0x00, 0x00, 0x00, 0x00, 0x00, 
	0x00, 0x00, 0x00, 0x01, 0x22, 0x33, 0x22, 0x23, 0x33, 0x35, 0x77, 0x77, 0x77, 0x77, 0x77, 0x77, 
	0x77, 0x77, 0x75, 0x55, 0x55, 0x55, 0x77, 0x75, 0x55, 0x77, 0x55, 0x55, 0x75, 0x77, 0x99, 0x77, 
	0x77, 0x55, 0x55, 0x55, 0x55, 0x55, 0x55, 0x53, 0x21, 0x11, 0x11, 0x11, 0x22, 0x33, 0x23, 0x33, 
	0x33, 0x33, 0x32, 0x33, 0x33, 0x33, 0x35, 0x33, 0x22, 0x24, 0x42, 0x22, 0x22, 0x21, 0x11, 0x10, 
	0x00, 0x00, 0x00, 0x00, 0x11, 0x24, 0x33, 0x33, 0x33, 0x33, 0x33, 0x32, 0x22, 0x22, 0x22, 0x22, 
	0x22, 0x22, 0x21, 0x00, 0x00, 0x00, 0x00, 0x01, 0x12, 0x11, 0x00, 0x11, 0x11, 0x11, 0x11, 0x11, 
	0x11, 0x22, 0x33, 0x33, 0x33, 0x34, 0x34, 0x24, 0x44, 0x42, 0x22, 0x22, 0x22, 0x22, 0x34, 0x55, 
	0x66, 0x64, 0x66, 0x54, 0x42, 0x22, 0x22, 0x22, 0x23, 0x22, 0x22, 0x22, 0x22, 0x24, 0x22, 0x22, 
	0x24, 0x42, 0x11, 0x10, 0x00, 0x10, 0x10, 0x10, 0x01, 0x10, 0x00, 0x00, 0x01, 0x22, 0x22, 0x21, 
	0x12, 0x23, 0x33, 0x55, 0x55, 0x55, 0x33, 0x22, 0x33, 0x32, 0x21, 0x00, 0x00, 0x00, 0x00, 0x00, 
	0x00, 0x00, 0x00, 0x01, 0x22, 0x33, 0x22, 0x23, 0x33, 0x35, 0x77, 0x77, 0x77, 0x77, 0x77, 0x67, 
	0x77, 0x77, 0x75, 0x55, 0x55, 0x55, 0x77, 0x75, 0x55, 0x77, 0x55, 0x55, 0x55, 0x57, 0x77, 0x77, 
	0x55, 0x55, 0x55, 0x55, 0x55, 0x55, 0x55, 0x53, 0x21, 0x10, 0x11, 0x11, 0x22, 0x33, 0x23, 0x33, 
	0x33, 0x32, 0x32, 0x33, 0x33, 0x53, 0x55, 0x53, 0x32, 0x24, 0x42, 0x22, 0x32, 0x21, 0x10, 0x10, 
	0x00, 0x00, 0x00, 0x00, 0x11, 0x24, 0x33, 0x33, 0x33, 0x33, 0x33, 0x32, 0x22, 0x22, 0x22, 0x12, 
	0x22, 0x22, 0x22, 0x10, 0x00, 0x00, 0x00, 0x01, 0x12, 0x11, 0x00, 0x11, 0x11, 0x11, 0x21, 0x11, 
	0x11, 0x22, 0x22, 0x33, 0x33, 0x34, 0x44, 0x24, 0x44, 0x42, 0x22, 0x22, 0x22, 0x22, 0x34, 0x55, 
	0x66, 0x64, 0x66, 0x54, 0x42, 0x22, 0x22, 0x22, 0x23, 0x22, 0x22, 0x22, 0x22, 0x24, 0x22, 0x22, 
	0x24, 0x21, 0x11, 0x01, 0x11, 0x11, 0x01, 0x10, 0x01, 0x11, 0x10, 0x11, 0x12, 0x33, 0x33, 0x33, 
	0x33, 0x22, 0x33, 0x53, 0x55, 0x55, 0x55, 0x33, 0x33, 0x33, 0x22, 0x00, 0x00, 0x00, 0x10, 0x00, 
	0x00, 0x01, 0x00, 0x11, 0x22, 0x33, 0x33, 0x33, 0x33, 0x55, 0x57, 0x77, 0x75, 0x75, 0x75, 0x55, 
	0x55, 0x55, 0x55, 0x55, 0x33, 0x55, 0x55, 0x55, 0x55, 0x55, 0x55, 0x55, 0x33, 0x55, 0x55, 0x55, 
	0x33, 0x33, 0x33, 0x55, 0x35, 0x53, 0x34, 0x33, 0x10, 0x00, 0x00, 0x10, 0x12, 0x22, 0x23, 0x22, 
	0x22, 0x22, 0x23, 0x23, 0x35, 0x55, 0x55, 0x55, 0x32, 0x22, 0x22, 0x22, 0x22, 0x22, 0x01, 0x10, 
	0x00, 0x00, 0x00, 0x00, 0x12, 0x44, 0x33, 0x55, 0x35, 0x55, 0x53, 0x22, 0x33, 0x33, 0x22, 0x11, 
	0x11, 0x21, 0x11, 0x11, 0x00, 0x00, 0x00, 0x00, 0x12, 0x22, 0x11, 0x10, 0x01, 0x22, 0x42, 0x12, 
	0x11, 0x11, 0x23, 0x43, 0x42, 0x22, 0x42, 0x22, 0x22, 0x22, 0x12, 0x21, 0x23, 0x33, 0x44, 0x44, 
	0x44, 0x44, 0x44, 0x44, 0x42, 0x22, 0x22, 0x22, 0x22, 0x22, 0x22, 0x22, 0x22, 0x22, 0x22, 0x12, 
	0x22, 0x11, 0x11, 0x01, 0x00, 0x00, 0x11, 0x11, 0x12, 0x22, 0x22, 0x33, 0x33, 0x35, 0x55, 0x55, 
	0x33, 0x33, 0x33, 0x55, 0x55, 0x57, 0x75, 0x55, 0x33, 0x32, 0x22, 0x10, 0x00, 0x12, 0x22, 0x22, 
	0x11, 0x22, 0x22, 0x22, 0x22, 0x23, 0x53, 0x55, 0x55, 0x55, 0x57, 0x57, 0x77, 0x57, 0x55, 0x33, 
	0x35, 0x55, 0x55, 0x33, 0x55, 0x33, 0x33, 0x35, 0x35, 0x55, 0x55, 0x55, 0x33, 0x35, 0x33, 0x34, 
	0x44, 0x43, 0x24, 0x44, 0x34, 0x32, 0x34, 0x42, 0x10, 0x00, 0x00, 0x00, 0x12, 0x22, 0x22, 0x22, 
	0x11, 0x11, 0x22, 0x44, 0x57, 0x57, 0x57, 0x55, 0x33, 0x22, 0x33, 0x42, 0x11, 0x11, 0x11, 0x10, 
	0x00, 0x00, 0x00, 0x00, 0x23, 0x46, 0x35, 0x55, 0x77, 0x6B, 0x57, 0x53, 0x33, 0x33, 0x33, 0x33, 
	0x22, 0x11, 0x00, 0x00, 0x00, 0x00, 0x00, 0x01, 0x22, 0x21, 0x21, 0x00, 0x01, 0x22, 0x22, 0x22, 
	0x21, 0x11, 0x22, 0x43, 0x21, 0x22, 0x11, 0x21, 0x22, 0x21, 0x11, 0x11, 0x23, 0x44, 0x44, 0x44, 
	0x22, 0x22, 0x21, 0x22, 0x21, 0x11, 0x11, 0x12, 0x12, 0x22, 0x11, 0x11, 0x21, 0x22, 0x22, 0x22, 
	0x21, 0x11, 0x11, 0x01, 0x11, 0x11, 0x12, 0x12, 0x22, 0x33, 0x33, 0x33, 0x35, 0x55, 0x55, 0x55, 
	0x55, 0x55, 0x55, 0x57, 0x75, 0x77, 0x75, 0x55, 0x55, 0x32, 0x22, 0x21, 0x11, 0x23, 0x23, 0x32, 
	0x22, 0x33, 0x33, 0x33, 0x33, 0x33, 0x35, 0x55, 0x77, 0x55, 0x75, 0x75, 0x55, 0x55, 0x53, 0x33, 
	0x33, 0x33, 0x33, 0x33, 0x33, 0x33, 0x33, 0x33, 0x33, 0x45, 0x45, 0x45, 0x35, 0x34, 0x42, 0x22, 
	0x22, 0x22, 0x22, 0x22, 0x22, 0x22, 0x22, 0x22, 0x11, 0x00, 0x00, 0x00, 0x01, 0x12, 0x11, 0x11, 
	0x12, 0x11, 0x22, 0x24, 0x55, 0x66, 0x76, 0x55, 0x33, 0x33, 0x46, 0x33, 0x22, 0x11, 0x22, 0x20, 
	0x00, 0x00, 0x00, 0x11, 0x12, 0x23, 0x33, 0x35, 0x57, 0x77, 0x77, 0x55, 0x55, 0x55, 0x55, 0x66, 
	0x32, 0x11, 0x10, 0x00, 0x00, 0x00, 0x00, 0x01, 0x11, 0x11, 0x22, 0x11, 0x11, 0x22, 0x22, 0x11, 
	0x21, 0x11, 0x12, 0x34, 0x21, 0x21, 0x11, 0x11, 0x11, 0x11, 0x11, 0x22, 0x24, 0x22, 0x22, 0x22, 
	0x22, 0x21, 0x11, 0x11, 0x11, 0x11, 0x01, 0x11, 0x11, 0x11, 0x21, 0x11, 0x22, 0x22, 0x42, 0x22, 
	0x21, 0x11, 0x11, 0x11, 0x11, 0x11, 0x12, 0x12, 0x22, 0x33, 0x33, 0x33, 0x35, 0x55, 0x55, 0x77, 
	0x77, 0x57, 0x57, 0x57, 0x75, 0x77, 0x75, 0x55, 0x55, 0x32, 0x22, 0x22, 0x22, 0x23, 0x33, 0x32, 
	0x33, 0x33, 0x33, 0x33, 0x33, 0x33, 0x35, 0x55, 0x77, 0x55, 0x75, 0x75, 0x55, 0x55, 0x53, 0x33, 
	0x33, 0x23, 0x33, 0x33, 0x33, 0x33, 0x33, 0x33, 0x33, 0x45, 0x45, 0x45, 0x35, 0x34, 0x42, 0x22, 
	0x22, 0x11, 0x22, 0x22, 0x22, 0x21, 0x12, 0x22, 0x11, 0x00, 0x00, 0x00, 0x00, 0x11, 0x11, 0x11, 
	0x12, 0x11, 0x21, 0x24, 0x35, 0x66, 0x66, 0x55, 0x33, 0x33, 0x46, 0x33, 0x42, 0x12, 0x42, 0x21, 
	0x00, 0x00, 0x00, 0x11, 0x12, 0x23, 0x33, 0x35, 0x57, 0x77, 0x77, 0x57, 0x75, 0x55, 0x66, 0xBB, 
	0x32, 0x11, 0x10, 0x00, 0x00, 0x00, 0x00, 0x01, 0x11, 0x11, 0x22, 0x22, 0x21, 0x22, 0x22, 0x11, 
	0x21, 0x11, 0x12, 0x34, 0x22, 0x21, 0x11, 0x11, 0x11, 0x11, 0x11, 0x22, 0x22, 0x22, 0x22, 0x22, 
	0x22, 0x21, 0x11, 0x11, 0x11, 0x11, 0x01, 0x11, 0x11, 0x11, 0x21, 0x11, 0x22, 0x22, 0x22, 0x22, 
	0x11, 0x12, 0x11, 0x12, 0x22, 0x22, 0x22, 0x22, 0x23, 0x35, 0x55, 0x35, 0x55, 0x55, 0x57, 0x99, 
	0x99, 0x79, 0x77, 0x77, 0x77, 0x77, 0x77, 0x55, 0x55, 0x33, 0x33, 0x33, 0x33, 0x23, 0x33, 0x23, 
	0x33, 0x33, 0x33, 0x33, 0x33, 0x35, 0x55, 0x77, 0x77, 0x57, 0x55, 0x66, 0x55, 0x53, 0x35, 0x32, 
	0x22, 0x12, 0x22, 0x24, 0x32, 0x32, 0x32, 0x22, 0x22, 0x44, 0x33, 0x33, 0x33, 0x34, 0x42, 0x11, 
	0x11, 0x00, 0x12, 0x11, 0x11, 0x10, 0x11, 0x11, 0x00, 0x00, 0x11, 0x21, 0x00, 0x00, 0x00, 0x11, 
	0x11, 0x22, 0x11, 0x12, 0x23, 0x66, 0x44, 0x43, 0x63, 0x36, 0x64, 0x34, 0x41, 0x12, 0x43, 0x22, 
	0x11, 0x00, 0x01, 0x11, 0x11, 0x22, 0x22, 0x35, 0x55, 0x55, 0x57, 0x7B, 0x77, 0x77, 0xBB, 0x76, 
	0x42, 0x21, 0x11, 0x10, 0x00, 0x00, 0x01, 0x11, 0x11, 0x11, 0x11, 0x33, 0x32, 0x22, 0x22, 0x21, 
	0x11, 0x11, 0x22, 0x22, 0x24, 0x42, 0x11, 0x11, 0x11, 0x11, 0x11, 0x12, 0x11, 0x11, 0x11, 0x12, 
	0x11, 0x11, 0x11, 0x11, 0x10, 0x00, 0x00, 0x11, 0x11, 0x11, 0x11, 0x11, 0x11, 0x12, 0x12, 0x11, 
	0x11, 0x11, 0x11, 0x22, 0x24, 0x23, 0x43, 0x33, 0x35, 0x77, 0x57, 0x77, 0x79, 0x77, 0x79, 0x99, 
	0x99, 0x99, 0x99, 0x99, 0x99, 0x99, 0x77, 0x79, 0x97, 0x75, 0x54, 0x64, 0x53, 0x33, 0x33, 0x33, 
	0x33, 0x35, 0x77, 0x55, 0x53, 0x35, 0x75, 0x75, 0x77, 0x55, 0x55, 0x55, 0x55, 0x53, 0x56, 0x53, 
	0x31, 0x11, 0x22, 0x21, 0x22, 0x23, 0x43, 0x22, 0x22, 0x23, 0x22, 0x22, 0x32, 0x34, 0x21, 0x10, 
	0x00, 0x00, 0x00, 0x11, 0x00, 0x10, 0x10, 0x01, 0x10, 0x22, 0x33, 0x53, 0x22, 0x11, 0x22, 0x12, 
	0x21, 0x11, 0x00, 0x11, 0x23, 0x44, 0x44, 0x44, 0x66, 0x6B, 0x63, 0x23, 0x21, 0x22, 0x23, 0x32, 
	0x21, 0x11, 0x11, 0x11, 0x02, 0x22, 0x22, 0x36, 0x55, 0x77, 0x75, 0x77, 0x77, 0x98, 0x76, 0x56, 
	0x64, 0x22, 0x11, 0x00, 0x00, 0x00, 0x00, 0x00, 0x12, 0x24, 0x22, 0x44, 0x23, 0x44, 0x44, 0x31, 
	0x11, 0x12, 0x11, 0x12, 0x24, 0x44, 0x22, 0x12, 0x11, 0x11, 0x11, 0x11, 0x11, 0x12, 0x11, 0x10, 
	0x11, 0x10, 0x00, 0x10, 0x00, 0x00, 0x00, 0x01, 0x01, 0x01, 0x01, 0x01, 0x01, 0x10, 0x11, 0x11, 
	0x11, 0x11, 0x12, 0x12, 0x23, 0x44, 0x65, 0x53, 0x55, 0x77, 0x77, 0x99, 0x99, 0x99, 0x99, 0x99, 
	0xDD, 0xDD, 0xDD, 0xDD, 0xDD, 0xD9, 0x99, 0x99, 0x97, 0x97, 0x75, 0x33, 0x55, 0x55, 0x55, 0x33, 
	0x35, 0x57, 0x77, 0x77, 0x55, 0x55, 0x77, 0x77, 0x75, 0x75, 0x77, 0x55, 0x55, 0x55, 0x55, 0x53, 
	0x22, 0x21, 0x11, 0x10, 0x12, 0x35, 0x35, 0x33, 0x33, 0x33, 0x44, 0x33, 0x22, 0x22, 0x42, 0x10, 
	0x00, 0x00, 0x00, 0x01, 0x01, 0x11, 0x21, 0x12, 0x22, 0x33, 0x65, 0x75, 0x33, 0x33, 0x54, 0x33, 
	0x32, 0x21, 0x11, 0x00, 0x23, 0x53, 0x35, 0x55, 0x77, 0x88, 0x75, 0x33, 0x22, 0x23, 0x34, 0x33, 
	0x21, 0x11, 0x22, 0x10, 0x11, 0x12, 0x23, 0x33, 0x66, 0x66, 0x77, 0x57, 0x65, 0x56, 0x64, 0x34, 
	0x44, 0x21, 0x10, 0x00, 0x00, 0x00, 0x00, 0x00, 0x12, 0x44, 0x43, 0x42, 0x44, 0x44, 0x44, 0x21, 
	0x11, 0x11, 0x21, 0x12, 0x24, 0x22, 0x21, 0x11, 0x11, 0x00, 0x11, 0x00, 0x11, 0x11, 0x10, 0x00, 
	0x00, 0x11, 0x00, 0x00, 0x00, 0x10, 0x10, 0x00, 0x01, 0x00, 0x00, 0x00, 0x01, 0x01, 0x01, 0x10, 
	0x11, 0x11, 0x12, 0x12, 0x23, 0x44, 0x65, 0x53, 0x55, 0x77, 0x77, 0x99, 0x99, 0x99, 0x9D, 0x9D, 
	0xDD, 0xDD, 0xDE, 0xDD, 0xDD, 0xD9, 0x99, 0x99, 0x97, 0x97, 0x75, 0x33, 0x55, 0x55, 0x55, 0x33, 
	0x35, 0x57, 0x77, 0x77, 0x55, 0x55, 0x77, 0x77, 0x75, 0x75, 0x77, 0x55, 0x55, 0x55, 0x55, 0x53, 
	0x12, 0x11, 0x01, 0x01, 0x22, 0x35, 0x35, 0x55, 0x33, 0x33, 0x44, 0x33, 0x22, 0x12, 0x42, 0x11, 
	0x01, 0x11, 0x11, 0x11, 0x12, 0x24, 0x22, 0x22, 0x24, 0x45, 0xB7, 0x75, 0x55, 0x55, 0x76, 0x55, 
	0x53, 0x22, 0x22, 0x11, 0x23, 0x53, 0x55, 0x55, 0x77, 0x99, 0x97, 0x77, 0x33, 0x33, 0x34, 0x33, 
	0x21, 0x12, 0x32, 0x11, 0x11, 0x12, 0x23, 0x33, 0x66, 0x66, 0x77, 0x57, 0x65, 0x34, 0x42, 0x22, 
	0x44, 0x21, 0x10, 0x00, 0x00, 0x00, 0x00, 0x00, 0x12, 0x44, 0x43, 0x42, 0x24, 0x44, 0x44, 0x21, 
	0x11, 0x11, 0x22, 0x22, 0x24, 0x22, 0x11, 0x11, 0x11, 0x00, 0x11, 0x00, 0x11, 0x11, 0x10, 0x00, 
	0x00, 0x11, 0x00, 0x00, 0x00, 0x10, 0x10, 0x00, 0x01, 0x00, 0x00, 0x00, 0x01, 0x01, 0x01, 0x10, 
	0x11, 0x11, 0x11, 0x22, 0x33, 0x45, 0x35, 0x35, 0x57, 0x77, 0x79, 0x99, 0x99, 0xD9, 0x9D, 0x9E, 
	0xDD, 0xDE, 0xEE, 0xEE, 0xDD, 0xD9, 0x9D, 0x99, 0x99, 0x77, 0x75, 0x55, 0x55, 0x55, 0x55, 0x55, 
	0x57, 0x77, 0x77, 0x75, 0x75, 0x75, 0x77, 0x97, 0x77, 0x77, 0x57, 0x55, 0x33, 0x34, 0x53, 0x32, 
	0x01, 0x00, 0x01, 0x12, 0x33, 0x65, 0x57, 0x77, 0x53, 0x33, 0x43, 0x44, 0x22, 0x22, 0x24, 0x22, 
	0x12, 0x22, 0x22, 0x22, 0x33, 0x36, 0x43, 0x22, 0x34, 0x66, 0x65, 0x75, 0x55, 0x77, 0x77, 0x77, 
	0x75, 0x33, 0x33, 0x33, 0x33, 0x35, 0x77, 0x57, 0x99, 0xDD, 0xD9, 0xD9, 0x76, 0x53, 0x33, 0x34, 
	0x32, 0x23, 0x44, 0x22, 0x11, 0x12, 0x22, 0x45, 0x63, 0x55, 0x55, 0x77, 0x63, 0x23, 0x22, 0x11, 
	0x24, 0x41, 0x10, 0x10, 0x00, 0x00, 0x00, 0x11, 0x11, 0x22, 0x22, 0x22, 0x12, 0x22, 0x44, 0x22, 
	0x12, 0x22, 0x42, 0x32, 0x22, 0x11, 0x11, 0x00, 0x10, 0x00, 0x01, 0x10, 0x11, 0x10, 0x00, 0x00, 
	0x00, 0x00, 0x00, 0x00, 0x11, 0x10, 0x00, 0x00, 0x01, 0x00, 0x00, 0x01, 0x00, 0x00, 0x10, 0x11, 
	0x21, 0x11, 0x11, 0x22, 0x35, 0x55, 0x55, 0x55, 0x77, 0x97, 0x99, 0x9D, 0xDD, 0x9D, 0x99, 0xDD, 
	0xDD, 0xDD, 0xDE, 0xEE, 0xDD, 0xDD, 0x99, 0xD9, 0x99, 0x99, 0x77, 0x75, 0x55, 0x55, 0x55, 0x57, 
	0x76, 0x77, 0x77, 0x77, 0x75, 0x77, 0x97, 0x99, 0x77, 0x77, 0x75, 0x33, 0x22, 0x32, 0x42, 0x21, 
	0x11, 0x11, 0x12, 0x23, 0x36, 0x77, 0x99, 0x75, 0x53, 0x33, 0x55, 0x65, 0x33, 0x22, 0x22, 0x22, 
	0x12, 0x24, 0x22, 0x24, 0x34, 0x66, 0x66, 0x33, 0x22, 0x33, 0x35, 0x55, 0x55, 0x77, 0x78, 0xCC, 
	0x99, 0x77, 0x55, 0x35, 0x55, 0x79, 0xD9, 0x99, 0xDE, 0xEE, 0xEE, 0xEE, 0xD7, 0x57, 0x55, 0x55, 
	0x55, 0x55, 0x33, 0x33, 0x32, 0x22, 0x23, 0x46, 0x63, 0x33, 0x55, 0x55, 0x42, 0x12, 0x11, 0x10, 
	0x01, 0x11, 0x00, 0x00, 0x11, 0x11, 0x11, 0x11, 0x11, 0x11, 0x22, 0x22, 0x12, 0x22, 0x12, 0x11, 
	0x22, 0x22, 0x22, 0x22, 0x11, 0x11, 0x11, 0x10, 0x10, 0x00, 0x00, 0x11, 0x10, 0x00, 0x00, 0x01, 
	0x00, 0x01, 0x00, 0x00, 0x01, 0x11, 0x11, 0x11, 0x11, 0x11, 0x10, 0x11, 0x11, 0x11, 0x11, 0x11, 
	0x12, 0x21, 0x22, 0x23, 0x66, 0x77, 0x75, 0x57, 0x77, 0x77, 0x79, 0x9D, 0xDD, 0xDD, 0x99, 0x9D, 
	0xDD, 0xDD, 0xDD, 0xDD, 0xDD, 0xDD, 0x99, 0x99, 0x99, 0x99, 0x99, 0x77, 0x77, 0x55, 0x55, 0x55, 
	0x55, 0x77, 0x79, 0x97, 0x77, 0x77, 0x77, 0x79, 0x99, 0x97, 0x75, 0x33, 0x22, 0x22, 0x21, 0x12, 
	0x22, 0x22, 0x22, 0x35, 0x58, 0x67, 0x79, 0x97, 0x75, 0x55, 0x33, 0x55, 0x55, 0x33, 0x33, 0x32, 
	0x22, 0x22, 0x22, 0x23, 0x35, 0x67, 0x77, 0x53, 0x11, 0x24, 0x55, 0x77, 0x77, 0x79, 0x89, 0x89, 
	0x99, 0x99, 0x77, 0x57, 0x77, 0x9D, 0xDD, 0xD9, 0xEE, 0xEE, 0xFE, 0xEE, 0xE9, 0x79, 0x77, 0x77, 
	0x77, 0x55, 0x33, 0x55, 0x63, 0x33, 0x35, 0x66, 0x65, 0x35, 0x55, 0x55, 0x42, 0x11, 0x11, 0x00, 
	0x00, 0x00, 0x00, 0x01, 0x00, 0x00, 0x00, 0x00, 0x00, 0x11, 0x21, 0x12, 0x24, 0x22, 0x11, 0x11, 
	0x11, 0x11, 0x11, 0x11, 0x11, 0x11, 0x10, 0x01, 0x00, 0x01, 0x11, 0x11, 0x00, 0x01, 0x01, 0x11, 
	0x01, 0x10, 0x01, 0x01, 0x11, 0x11, 0x11, 0x12, 0x11, 0x11, 0x11, 0x01, 0x11, 0x22, 0x22, 0x22, 
	0x22, 0x22, 0x22, 0x25, 0x66, 0x77, 0x75, 0x57, 0x77, 0x77, 0x79, 0x9D, 0x9D, 0xD9, 0x99, 0x9D, 
	0xDD, 0xDD, 0xDD, 0xDD, 0xDD, 0xD9, 0x99, 0x99, 0x99, 0x99, 0x99, 0x77, 0x77, 0x55, 0x55, 0x55, 
	0x55, 0x77, 0x79, 0x97, 0x77, 0x77, 0x77, 0x79, 0x99, 0x97, 0x75, 0x33, 0x22, 0x22, 0x11, 0x12, 
	0x23, 0x33, 0x33, 0x56, 0x78, 0x67, 0x79, 0x97, 0x77, 0x55, 0x33, 0x55, 0x55, 0x53, 0x33, 0x32, 
	0x22, 0x22, 0x22, 0x23, 0x35, 0x67, 0x77, 0x53, 0x10, 0x26, 0x67, 0x79, 0x77, 0x79, 0x89, 0x89, 
	0x99, 0x99, 0x99, 0x99, 0x99, 0xDD, 0xDD, 0xDD, 0xEE, 0xEE, 0xFE, 0xEE, 0xED, 0x99, 0x97, 0x77, 
	0x77, 0x55, 0x33, 0x57, 0xB6, 0x33, 0x35, 0x66, 0x65, 0x35, 0x55, 0x55, 0x42, 0x11, 0x01, 0x00, 
	0x00, 0x00, 0x00, 0x01, 0x00, 0x00, 0x00, 0x00, 0x00, 0x11, 0x21, 0x12, 0x44, 0x22, 0x11, 0x11, 
	0x11, 0x11, 0x11, 0x11, 0x11, 0x11, 0x10, 0x01, 0x00, 0x01, 0x12, 0x21, 0x00, 0x01, 0x01, 0x11, 
	0x11, 0x10, 0x01, 0x01, 0x11, 0x11, 0x11, 0x22, 0x11, 0x11, 0x11, 0x01, 0x11, 0x22, 0x22, 0x22, 
	0x33, 0x22, 0x22, 0x24, 0x57, 0x77, 0x77, 0x77, 0x75, 0x77, 0x77, 0x99, 0x99, 0x99, 0x99, 0x9D, 
	0xDE, 0xEE, 0xDD, 0xED, 0xDD, 0x99, 0xD9, 0xD9, 0x99, 0x99, 0x99, 0x99, 0x97, 0x77, 0x55, 0x55, 
	0x55, 0x57, 0x77, 0x77, 0x77, 0x77, 0x77, 0x97, 0x79, 0x77, 0x75, 0x53, 0x22, 0x11, 0x11, 0x12, 
	0x33, 0x35, 0x57, 0x78, 0x77, 0x77, 0x77, 0x99, 0x77, 0x77, 0x55, 0x55, 0x57, 0x75, 0x53, 0x33, 
	0x32, 0x22, 0x33, 0x23, 0x57, 0x87, 0x66, 0x53, 0x21, 0x27, 0xB8, 0x98, 0x99, 0x89, 0x77, 0x77, 
	0x77, 0x9D, 0x9D, 0xDD, 0xDD, 0xD9, 0xED, 0xDD, 0xEE, 0xEE, 0xEE, 0xFE, 0xEE, 0xD9, 0x99, 0x79, 
	0x78, 0x55, 0x35, 0x79, 0x8B, 0x65, 0x56, 0xBB, 0x75, 0x53, 0x55, 0x55, 0x21, 0x00, 0x00, 0x00, 
	0x10, 0x01, 0x00, 0x00, 0x01, 0x00, 0x00, 0x00, 0x00, 0x11, 0x12, 0x22, 0x22, 0x21, 0x21, 0x00, 
	0x00, 0x11, 0x11, 0x11, 0x01, 0x01, 0x10, 0x10, 0x01, 0x11, 0x24, 0x41, 0x10, 0x00, 0x11, 0x01, 
	0x11, 0x00, 0x00, 0x01, 0x12, 0x22, 0x22, 0x42, 0x11, 0x11, 0x11, 0x12, 0x22, 0x44, 0x43, 0x33, 
	0x64, 0x22, 0x22, 0x24, 0x45, 0x57, 0x77, 0x79, 0x77, 0x75, 0x77, 0x77, 0x99, 0x99, 0x99, 0xD9, 
	0xDD, 0xDE, 0xDD, 0xDD, 0x9E, 0xDE, 0xDE, 0xDD, 0x9D, 0xD9, 0x99, 0x99, 0x77, 0x77, 0x55, 0x55, 
	0x53, 0x55, 0x79, 0x77, 0x77, 0x77, 0x77, 0x77, 0x77, 0x77, 0x77, 0x53, 0x32, 0x22, 0x22, 0x23, 
	0x35, 0x78, 0x99, 0xD9, 0x77, 0x79, 0x77, 0x97, 0x79, 0x77, 0x75, 0x77, 0x77, 0x75, 0x53, 0x33, 
	0x32, 0x22, 0x22, 0x34, 0x66, 0x56, 0x66, 0x53, 0x33, 0x6B, 0x7B, 0x99, 0x99, 0x99, 0x97, 0x79, 
	0x99, 0x99, 0x9D, 0xDD, 0xDE, 0xDD, 0xDD, 0xDD, 0xDD, 0xDE, 0xEE, 0xEE, 0xEE, 0xDD, 0x99, 0x99, 
	0x77, 0x55, 0x57, 0xDD, 0xD9, 0x75, 0x56, 0xBB, 0x77, 0x55, 0x56, 0xB6, 0x62, 0x10, 0x00, 0x00, 
	0x00, 0x11, 0x10, 0x10, 0x10, 0x11, 0x01, 0x01, 0x11, 0x12, 0x25, 0x55, 0x64, 0x22, 0x11, 0x10, 
	0x00, 0x00, 0x01, 0x01, 0x00, 0x11, 0x11, 0x00, 0x10, 0x14, 0x44, 0x42, 0x11, 0x00, 0x11, 0x11, 
	0x10, 0x10, 0x11, 0x12, 0x44, 0x44, 0x44, 0x22, 0x22, 0x22, 0x22, 0x44, 0x44, 0x44, 0x43, 0x44, 
	0x43, 0x32, 0x22, 0x22, 0x33, 0x57, 0x79, 0x77, 0x77, 0x77, 0x75, 0x77, 0x79, 0x99, 0x9D, 0x9D, 
	0xDD, 0xDD, 0xDD, 0xDD, 0xDD, 0xEE, 0xDD, 0xDD, 0x99, 0xD9, 0xDD, 0x99, 0x77, 0x77, 0x75, 0x55, 
	0x55, 0x57, 0x57, 0x77, 0x57, 0x57, 0x57, 0x77, 0x57, 0x77, 0x75, 0x55, 0x53, 0x33, 0x33, 0x35, 
	0x55, 0x99, 0x99, 0x97, 0x99, 0x77, 0x77, 0x77, 0x87, 0x87, 0x76, 0x66, 0x55, 0x55, 0x53, 0x33, 
	0x32, 0x22, 0x22, 0x24, 0x44, 0x34, 0x44, 0x32, 0x46, 0x66, 0x67, 0x77, 0x99, 0x99, 0x99, 0x99, 
	0x97, 0x99, 0x99, 0x99, 0xDD, 0xDD, 0xED, 0xDD, 0xDD, 0xDD, 0xDE, 0xEE, 0xDD, 0xDE, 0xD9, 0x97, 
	0x99, 0x77, 0x77, 0xCC, 0xD9, 0x97, 0x77, 0xBB, 0x98, 0x77, 0x6B, 0xB6, 0x62, 0x10, 0x00, 0x00, 
	0x00, 0x00, 0x00, 0x10, 0x00, 0x00, 0x00, 0x00, 0x12, 0x24, 0x57, 0x77, 0x75, 0x33, 0x22, 0x21, 
	0x11, 0x11, 0x10, 0x01, 0x11, 0x11, 0x10, 0x00, 0x11, 0x22, 0x22, 0x42, 0x22, 0x11, 0x12, 0x22, 
	0x11, 0x11, 0x12, 0x24, 0x44, 0x44, 0x44, 0x22, 0x22, 0x24, 0x44, 0x64, 0x44, 0x44, 0x33, 0x35, 
	0x43, 0x32, 0x22, 0x22, 0x33, 0x57, 0x79, 0x77, 0x77, 0x77, 0x75, 0x77, 0x79, 0x99, 0x9D, 0xDD, 
	0xDD, 0xDD, 0xDD, 0xDD, 0xED, 0xEE, 0xDD, 0xDD, 0x99, 0xD9, 0xDD, 0x99, 0x77, 0x77, 0x75, 0x55, 
	0x55, 0x57, 0x57, 0x77, 0x57, 0x57, 0x57, 0x77, 0x57, 0x77, 0x75, 0x55, 0x55, 0x53, 0x33, 0x56, 
	0x57, 0x99, 0x99, 0x97, 0x99, 0x77, 0x77, 0x77, 0x87, 0x87, 0x76, 0x66, 0x55, 0x55, 0x53, 0x33, 
	0x32, 0x21, 0x22, 0x22, 0x32, 0x22, 0x34, 0x22, 0x44, 0x45, 0x57, 0x77, 0x79, 0x99, 0x99, 0x99, 
	0x99, 0x99, 0x99, 0xD9, 0xDD, 0xDD, 0xED, 0xDD, 0xDD, 0xDD, 0xDE, 0xED, 0xDD, 0xDD, 0xD9, 0x99, 
	0x99, 0x98, 0x77, 0xCC, 0xD9, 0x97, 0x77, 0xB8, 0x98, 0x77, 0x6B, 0xB6, 0x42, 0x00, 0x01, 0x00, 
	0x00, 0x00, 0x00, 0x10, 0x00, 0x01, 0x01, 0x00, 0x12, 0x66, 0x79, 0x77, 0x97, 0x53, 0x22, 0x22, 
	0x21, 0x11, 0x10, 0x01, 0x11, 0x11, 0x10, 0x01, 0x22, 0x44, 0x44, 0x42, 0x22, 0x22, 0x24, 0x22, 
	0x21, 0x11, 0x12, 0x24, 0x44, 0x44, 0x44, 0x22, 0x22, 0x24, 0x44, 0x64, 0x44, 0x44, 0x33, 0x35, 
	0x33, 0x22, 0x21, 0x12, 0x43, 0x55, 0x57, 0x77, 0x97, 0x77, 0x57, 0x77, 0x57, 0x99, 0x99, 0xDD, 
	0x99, 0x9E, 0x99, 0x99, 0xEE, 0xDD, 0xDD, 0xDD, 0x9D, 0xDD, 0x99, 0x99, 0x77, 0x77, 0x77, 0x55, 
	0x55, 0x57, 0x57, 0x75, 0x75, 0x55, 0x55, 0x55, 0x55, 0x75, 0x57, 0x75, 0x66, 0x55, 0x35, 0x77, 
	0x79, 0x99, 0x9D, 0xD9, 0x99, 0x97, 0x97, 0x77, 0x77, 0x76, 0x54, 0x33, 0x35, 0x53, 0x33, 0x32, 
	0x22, 0x10, 0x11, 0x11, 0x21, 0x11, 0x22, 0x21, 0x22, 0x33, 0x55, 0x55, 0x57, 0x99, 0x99, 0x99, 
	0xCD, 0xD9, 0x9D, 0xED, 0xDE, 0xDD, 0xDD, 0xED, 0xED, 0xD9, 0x9D, 0xD9, 0x99, 0x99, 0x9D, 0xDD, 
	0xDD, 0xDC, 0x79, 0x99, 0x99, 0x77, 0x78, 0xBC, 0x97, 0x75, 0x66, 0x64, 0x21, 0x01, 0x12, 0x11, 
	0x01, 0x01, 0x11, 0x00, 0x00, 0x12, 0x22, 0x22, 0x24, 0xBC, 0x9D, 0x99, 0x97, 0x53, 0x33, 0x44, 
	0x22, 0x11, 0x11, 0x11, 0x11, 0x01, 0x10, 0x12, 0x4A, 0x6A, 0x66, 0x32, 0x22, 0x34, 0x6A, 0x44, 
	0x41, 0x11, 0x22, 0x24, 0x56, 0x66, 0x44, 0x22, 0x22, 0x44, 0x24, 0x44, 0x43, 0x34, 0x33, 0x63, 
	0x33, 0x22, 0x11, 0x22, 0x33, 0x55, 0x55, 0x57, 0x57, 0x77, 0x77, 0x77, 0x55, 0x77, 0x97, 0x99, 
	0xDD, 0xDD, 0x99, 0xDD, 0xDD, 0xDD, 0x99, 0x99, 0xDD, 0x99, 0x99, 0x77, 0x77, 0x77, 0x75, 0x55, 
	0x57, 0x57, 0x77, 0x57, 0x55, 0x55, 0x53, 0x55, 0x55, 0x55, 0x75, 0x57, 0x77, 0x55, 0x75, 0x76, 
	0x77, 0x79, 0xC9, 0x9D, 0xD9, 0x99, 0x77, 0x75, 0x75, 0x55, 0x33, 0x22, 0x23, 0x24, 0x42, 0x22, 
	0x22, 0x12, 0x00, 0x01, 0x10, 0x01, 0x11, 0x12, 0x12, 0x23, 0x33, 0x56, 0x77, 0x77, 0x99, 0x99, 
	0x9D, 0x99, 0xDE, 0xDE, 0xDD, 0xDE, 0xDE, 0xDD, 0xDD, 0x99, 0x99, 0xD9, 0x99, 0x97, 0x9C, 0xDD, 
	0xDD, 0xDD, 0xC7, 0x66, 0x75, 0x75, 0x7B, 0x98, 0x88, 0x64, 0x64, 0x22, 0x21, 0x00, 0x14, 0x41, 
	0x11, 0x11, 0x21, 0x00, 0x22, 0x36, 0x66, 0x66, 0x55, 0x9D, 0xDD, 0xD9, 0x97, 0x76, 0x53, 0x22, 
	0x22, 0x11, 0x11, 0x01, 0x11, 0x12, 0x21, 0x26, 0x76, 0xBB, 0x85, 0x33, 0x35, 0x57, 0xCC, 0xB6, 
	0x42, 0x12, 0x44, 0x45, 0x33, 0x46, 0x42, 0x23, 0x44, 0x22, 0x22, 0x43, 0x33, 0x33, 0x34, 0x54, 
	0x22, 0x22, 0x22, 0x22, 0x23, 0x53, 0x53, 0x35, 0x57, 0x57, 0x77, 0x77, 0x57, 0x77, 0x77, 0x99, 
	0x99, 0x99, 0x99, 0x99, 0x99, 0x99, 0x9D, 0x99, 0x99, 0x97, 0x77, 0x75, 0x55, 0x55, 0x55, 0x35, 
	0x55, 0x55, 0x55, 0x55, 0x57, 0x55, 0x55, 0x55, 0x55, 0x75, 0x75, 0x75, 0x55, 0x57, 0x57, 0x67, 
	0x55, 0x77, 0x89, 0x99, 0xC9, 0x77, 0x77, 0x57, 0x55, 0x56, 0x32, 0x22, 0x22, 0x22, 0x22, 0x11, 
	0x12, 0x11, 0x00, 0x00, 0x00, 0x11, 0x22, 0x22, 0x11, 0x23, 0x35, 0x6B, 0x99, 0x99, 0x99, 0x99, 
	0x99, 0x9D, 0xDD, 0xDD, 0xED, 0xDD, 0xDD, 0xDD, 0xD9, 0x99, 0x9D, 0xD9, 0x99, 0x77, 0x78, 0xCC, 
	0xD9, 0xD9, 0x9B, 0x56, 0x55, 0x55, 0x57, 0x77, 0x66, 0x64, 0x42, 0x21, 0x11, 0x00, 0x14, 0x41, 
	0x11, 0x22, 0x42, 0x23, 0x35, 0x88, 0xC8, 0xB8, 0x79, 0xDD, 0xDC, 0xD9, 0xC9, 0xB6, 0x64, 0x34, 
	0x22, 0x22, 0x22, 0x12, 0x22, 0x22, 0x22, 0x46, 0x87, 0x77, 0x77, 0x53, 0x56, 0x67, 0x88, 0x88, 
	0x52, 0x22, 0x44, 0x43, 0x33, 0x33, 0x44, 0x22, 0x42, 0x42, 0x44, 0x44, 0x33, 0x33, 0x33, 0x33, 
	0x22, 0x22, 0x22, 0x22, 0x23, 0x53, 0x53, 0x35, 0x57, 0x57, 0x77, 0x77, 0x57, 0x77, 0x77, 0x99, 
	0x99, 0x99, 0x99, 0x99, 0x99, 0x99, 0x9D, 0x99, 0x99, 0x97, 0x77, 0x75, 0x55, 0x55, 0x55, 0x35, 
	0x55, 0x55, 0x55, 0x55, 0x57, 0x55, 0x55, 0x55, 0x55, 0x75, 0x75, 0x75, 0x55, 0x57, 0x57, 0x67, 
	0x55, 0x77, 0x79, 0x89, 0x89, 0x77, 0x77, 0x57, 0x55, 0x56, 0x32, 0x22, 0x22, 0x22, 0x22, 0x11, 
	0x12, 0x10, 0x00, 0x00, 0x00, 0x11, 0x22, 0x22, 0x22, 0x23, 0x36, 0x8C, 0x99, 0x99, 0x99, 0x99, 
	0x99, 0x9D, 0x9D, 0xCD, 0xDD, 0xDD, 0xDD, 0xDD, 0xD9, 0x99, 0x99, 0x99, 0x99, 0x75, 0x77, 0x8C, 
	0x99, 0xD9, 0x8B, 0x55, 0x55, 0x55, 0x57, 0x65, 0x66, 0x64, 0x22, 0x21, 0x11, 0x00, 0x14, 0x41, 
	0x11, 0x24, 0x44, 0x46, 0x77, 0xCC, 0xCC, 0xC9, 0xDD, 0xDD, 0xDC, 0xD9, 0xC9, 0xB6, 0x64, 0x44, 
	0x22, 0x22, 0x22, 0x46, 0x66, 0x44, 0x44, 0x66, 0x67, 0x77, 0x77, 0x55, 0x56, 0x67, 0xB8, 0x88, 
	0x62, 0x22, 0x44, 0x43, 0x33, 0x33, 0x44, 0x22, 0x42, 0x44, 0x44, 0x44, 0x33, 0x33, 0x33, 0x33, 
	0x32, 0x22, 0x21, 0x22, 0x33, 0x33, 0x33, 0x33, 0x35, 0x55, 0x55, 0x55, 0x55, 0x55, 0x77, 0x77, 
	0x97, 0x99, 0x99, 0x99, 0x99, 0x99, 0x99, 0x99, 0x99, 0x77, 0x77, 0x77, 0x55, 0x53, 0x55, 0x55, 
	0x53, 0x55, 0x55, 0x35, 0x35, 0x57, 0x55, 0x55, 0x55, 0x77, 0x77, 0x75, 0x77, 0x77, 0x76, 0x77, 
	0x57, 0x77, 0x77, 0x77, 0x77, 0x77, 0x57, 0x75, 0x76, 0x55, 0x44, 0x32, 0x22, 0x21, 0x11, 0x11, 
	0x11, 0x10, 0x11, 0x11, 0x01, 0x22, 0x33, 0x33, 0x33, 0x35, 0x57, 0x9D, 0xD9, 0x99, 0x99, 0x97, 
	0x99, 0x99, 0x79, 0x89, 0x79, 0x99, 0x99, 0x99, 0x99, 0x99, 0x99, 0x79, 0x97, 0x75, 0x57, 0x79, 
	0x79, 0x9B, 0xB5, 0x55, 0x55, 0x33, 0x35, 0x53, 0x64, 0x43, 0x22, 0x11, 0x10, 0x00, 0x14, 0x42, 
	0x12, 0x44, 0x44, 0x6B, 0x79, 0x89, 0xDD, 0xCD, 0xED, 0xDD, 0xDD, 0xD9, 0xC9, 0x76, 0x66, 0x46, 
	0x42, 0x42, 0x44, 0x6A, 0xAA, 0x66, 0x46, 0xA6, 0x57, 0x78, 0x77, 0x57, 0x67, 0x76, 0x68, 0xB6, 
	0x64, 0x22, 0x24, 0x33, 0x33, 0x35, 0x66, 0x44, 0x24, 0x24, 0x66, 0x66, 0x55, 0x33, 0x35, 0x33, 
	0x33, 0x22, 0x32, 0x32, 0x23, 0x33, 0x23, 0x32, 0x23, 0x35, 0x33, 0x55, 0x55, 0x55, 0x55, 0x55, 
	0x77, 0x77, 0x77, 0x77, 0x99, 0x97, 0x99, 0x99, 0x77, 0x77, 0x55, 0x56, 0x65, 0x33, 0x33, 0x53, 
	0x33, 0x53, 0x33, 0x33, 0x35, 0x55, 0x55, 0x57, 0x99, 0x97, 0x99, 0x99, 0x99, 0x76, 0x55, 0x55, 
	0x55, 0x55, 0x57, 0x77, 0xB7, 0x77, 0x76, 0x77, 0x76, 0x65, 0x43, 0x43, 0x22, 0x21, 0x11, 0x11, 
	0x00, 0x00, 0x11, 0x11, 0x12, 0x44, 0x55, 0x57, 0x75, 0x77, 0x79, 0x99, 0xDD, 0xDD, 0xDD, 0x99, 
	0x99, 0x77, 0x77, 0x99, 0x77, 0x77, 0x89, 0x89, 0x77, 0x77, 0x77, 0x77, 0x77, 0x55, 0x53, 0x55, 
	0x56, 0xBB, 0xB5, 0x33, 0x54, 0x54, 0x54, 0x33, 0x22, 0x22, 0x21, 0x10, 0x00, 0x11, 0x24, 0x42, 
	0x14, 0x44, 0x35, 0x57, 0x77, 0x99, 0x99, 0xDD, 0xCC, 0x9C, 0xDD, 0xDD, 0x97, 0x76, 0x54, 0x44, 
	0x44, 0x44, 0x66, 0xAA, 0xA6, 0xA6, 0x56, 0x88, 0x77, 0x78, 0x7B, 0x77, 0x8B, 0xBB, 0x8B, 0xB7, 
	0x55, 0x64, 0x44, 0x56, 0x67, 0x6A, 0x6A, 0x43, 0x44, 0x44, 0x66, 0x66, 0x55, 0x57, 0x55, 0x55, 
	0x53, 0x34, 0x24, 0x32, 0x33, 0x22, 0x22, 0x22, 0x22, 0x33, 0x23, 0x34, 0x55, 0x55, 0x55, 0x55, 
	0x55, 0x77, 0x77, 0x77, 0x77, 0x77, 0x77, 0x99, 0x77, 0x55, 0x55, 0x35, 0x66, 0x43, 0x33, 0x33, 
	0x33, 0x33, 0x23, 0x43, 0x35, 0x55, 0x55, 0x67, 0x77, 0x97, 0x99, 0x9C, 0x9C, 0x77, 0x55, 0x35, 
	0x35, 0x53, 0x55, 0x55, 0x65, 0x66, 0x66, 0x65, 0x66, 0x66, 0x32, 0x22, 0x21, 0x12, 0x11, 0x00, 
	0x00, 0x11, 0x11, 0x11, 0x23, 0x45, 0x33, 0x55, 0x77, 0x99, 0x99, 0x9D, 0xDD, 0xDE, 0xDD, 0xDD, 
	0x99, 0x97, 0x97, 0x98, 0x98, 0x99, 0x78, 0x97, 0x97, 0x77, 0x77, 0x77, 0x55, 0x55, 0x33, 0x33, 
	0x44, 0x66, 0x66, 0x66, 0x66, 0x66, 0x64, 0x32, 0x22, 0x12, 0x11, 0x00, 0x01, 0x12, 0x22, 0x24, 
	0x24, 0x33, 0x55, 0x57, 0x79, 0xC9, 0x99, 0x99, 0x89, 0x89, 0xCD, 0xDC, 0xD8, 0x75, 0x33, 0x44, 
	0x42, 0x24, 0x66, 0x66, 0x66, 0x65, 0x55, 0x78, 0x89, 0x8C, 0x88, 0x88, 0xBB, 0xBB, 0xB8, 0x76, 
	0x63, 0x44, 0x46, 0x68, 0x8B, 0xA6, 0x66, 0x42, 0x34, 0x33, 0x33, 0x55, 0x77, 0x77, 0x77, 0x77, 
	0x53, 0x34, 0x24, 0x32, 0x33, 0x22, 0x22, 0x22, 0x22, 0x21, 0x22, 0x34, 0x55, 0x55, 0x55, 0x55, 
	0x55, 0x77, 0x77, 0x77, 0x77, 0x77, 0x77, 0x99, 0x77, 0x55, 0x35, 0x33, 0x66, 0x43, 0x33, 0x33, 
	0x33, 0x33, 0x23, 0x43, 0x35, 0x55, 0x55, 0x67, 0x77, 0x77, 0x97, 0x9C, 0x9C, 0x77, 0x55, 0x35, 
	0x35, 0x53, 0x55, 0x55, 0x55, 0x66, 0x66, 0x65, 0x66, 0x66, 0x32, 0x21, 0x11, 0x12, 0x11, 0x11, 
	0x01, 0x11, 0x11, 0x11, 0x23, 0x45, 0x33, 0x55, 0x77, 0x99, 0x99, 0xDD, 0xDD, 0xDE, 0xDE, 0xDD, 
	0x99, 0x99, 0x97, 0x98, 0x8C, 0x99, 0x78, 0x97, 0x97, 0x77, 0x77, 0x77, 0x55, 0x55, 0x33, 0x33, 
	0x43, 0x34, 0x46, 0x66, 0x66, 0x6B, 0x64, 0x32, 0x22, 0x12, 0x11, 0x00, 0x01, 0x12, 0x22, 0x22, 
	0x24, 0x33, 0x55, 0x57, 0x79, 0xC9, 0x99, 0x99, 0x89, 0x89, 0xCD, 0xDC, 0xC8, 0x75, 0x33, 0x44, 
	0x42, 0x24, 0x44, 0x46, 0x65, 0x55, 0x55, 0x78, 0x89, 0x8C, 0xC9, 0x88, 0x88, 0x88, 0xB8, 0x76, 
	0x63, 0x44, 0x46, 0x68, 0x8B, 0xA6, 0x66, 0x42, 0x34, 0x33, 0x33, 0x55, 0x77, 0x77, 0x77, 0x77, 
	0x55, 0x33, 0x32, 0x32, 0x32, 0x32, 0x22, 0x22, 0x21, 0x20, 0x11, 0x22, 0x33, 0x35, 0x33, 0x33, 
	0x35, 0x55, 0x87, 0x77, 0x77, 0x77, 0x77, 0x77, 0x55, 0x55, 0x33, 0x32, 0x34, 0x44, 0x32, 0x22, 
	0x22, 0x22, 0x23, 0x33, 0x33, 0x33, 0x55, 0x66, 0x75, 0x75, 0x77, 0x99, 0x99, 0x75, 0x55, 0x53, 
	0x55, 0x33, 0x53, 0x53, 0x33, 0x34, 0x33, 0x33, 0x35, 0x44, 0x42, 0x20, 0x00, 0x01, 0x22, 0x22, 
	0x22, 0x22, 0x21, 0x12, 0x22, 0x23, 0x33, 0x57, 0x79, 0x99, 0x99, 0xEE, 0xEE, 0xEE, 0xEE, 0xED, 
	0xDD, 0x9D, 0x99, 0x97, 0xB8, 0x77, 0x78, 0x77, 0x77, 0x75, 0x55, 0x55, 0x54, 0x44, 0x32, 0x22, 
	0x22, 0x22, 0x24, 0x44, 0x46, 0x66, 0x64, 0x33, 0x22, 0x11, 0x11, 0x01, 0x11, 0x11, 0x11, 0x21, 
	0x24, 0x24, 0x55, 0x77, 0x79, 0x99, 0xC9, 0x97, 0x77, 0x77, 0x99, 0x99, 0xB7, 0x55, 0x34, 0x44, 
	0x33, 0x22, 0x22, 0x24, 0x33, 0x34, 0x55, 0x57, 0x78, 0x89, 0x88, 0x88, 0x86, 0x78, 0xBA, 0x87, 
	0x53, 0x64, 0x46, 0x67, 0xB8, 0x6A, 0x64, 0x32, 0x24, 0x44, 0x54, 0x57, 0x77, 0x77, 0x97, 0x77, 
	0x75, 0x53, 0x33, 0x32, 0x32, 0x22, 0x23, 0x23, 0x22, 0x11, 0x00, 0x12, 0x33, 0x23, 0x23, 0x23, 
	0x23, 0x33, 0x46, 0x45, 0x55, 0x77, 0x55, 0x55, 0x53, 0x33, 0x33, 0x32, 0x22, 0x32, 0x22, 0x22, 
	0x22, 0x22, 0x21, 0x22, 0x33, 0x33, 0x33, 0x56, 0x55, 0x75, 0x75, 0x77, 0x77, 0x75, 0x55, 0x55, 
	0x35, 0x33, 0x33, 0x33, 0x33, 0x23, 0x32, 0x23, 0x33, 0x32, 0x22, 0x00, 0x00, 0x01, 0x24, 0x34, 
	0x56, 0x53, 0x33, 0x33, 0x11, 0x12, 0x33, 0x57, 0x79, 0xDD, 0xED, 0xEE, 0xEE, 0xEE, 0xEE, 0xED, 
	0xDD, 0xDD, 0xD9, 0x75, 0x75, 0x55, 0x55, 0x53, 0x34, 0x33, 0x33, 0x32, 0x32, 0x22, 0x22, 0x11, 
	0x22, 0x11, 0x12, 0x42, 0x44, 0x22, 0x24, 0x42, 0x11, 0x00, 0x00, 0x10, 0x00, 0x10, 0x11, 0x21, 
	0x22, 0x24, 0x66, 0xB8, 0x98, 0x9B, 0x8B, 0x68, 0x77, 0x97, 0x89, 0x97, 0x77, 0x53, 0x34, 0x66, 
	0x66, 0x32, 0x22, 0x33, 0x42, 0x33, 0x34, 0x56, 0x77, 0x77, 0x88, 0x77, 0xBB, 0x66, 0x67, 0x66, 
	0x55, 0x66, 0x44, 0x55, 0x66, 0x66, 0x44, 0x22, 0x23, 0x44, 0x65, 0x66, 0x65, 0x77, 0x79, 0x77, 
	0x77, 0x55, 0x53, 0x33, 0x22, 0x22, 0x33, 0x33, 0x33, 0x21, 0x00, 0x01, 0x22, 0x22, 0x22, 0x22, 
	0x22, 0x22, 0x33, 0x33, 0x33, 0x55, 0x55, 0x33, 0x33, 0x22, 0x22, 0x22, 0x12, 0x22, 0x22, 0x11, 
	0x11, 0x11, 0x11, 0x12, 0x33, 0x33, 0x33, 0x35, 0x55, 0x75, 0x75, 0x75, 0x57, 0x57, 0x55, 0x55, 
	0x34, 0x33, 0x33, 0x33, 0x43, 0x22, 0x22, 0x22, 0x33, 0x32, 0x21, 0x10, 0x11, 0x12, 0x23, 0x66, 
	0x55, 0x53, 0x53, 0x53, 0x22, 0x12, 0x23, 0x68, 0x79, 0x9D, 0xDE, 0xEE, 0xEE, 0xEE, 0xDE, 0xDD, 
	0x99, 0x9D, 0x99, 0x97, 0x75, 0x55, 0x33, 0x32, 0x22, 0x22, 0x32, 0x22, 0x21, 0x11, 0x11, 0x11, 
	0x11, 0x11, 0x11, 0x22, 0x22, 0x11, 0x12, 0x21, 0x10, 0x00, 0x10, 0x00, 0x01, 0x01, 0x11, 0x22, 
	0x22, 0x24, 0x46, 0xBB, 0xCC, 0x8B, 0xBB, 0xBC, 0x99, 0xD9, 0x99, 0x77, 0x77, 0x55, 0x66, 0xA4, 
	0x66, 0x43, 0x34, 0x66, 0x64, 0x43, 0x45, 0x66, 0x57, 0x77, 0x88, 0x77, 0xB7, 0x55, 0x55, 0x55, 
	0x55, 0x64, 0x43, 0x33, 0x35, 0x66, 0x44, 0x22, 0x22, 0x24, 0x44, 0x46, 0x45, 0x57, 0x77, 0x77, 
	0x77, 0x55, 0x55, 0x33, 0x22, 0x22, 0x33, 0x33, 0x33, 0x22, 0x10, 0x01, 0x11, 0x12, 0x22, 0x22, 
	0x22, 0x22, 0x32, 0x32, 0x33, 0x55, 0x55, 0x33, 0x32, 0x22, 0x12, 0x22, 0x12, 0x12, 0x12, 0x11, 
	0x11, 0x11, 0x11, 0x12, 0x33, 0x33, 0x33, 0x35, 0x55, 0x75, 0x75, 0x75, 0x57, 0x57, 0x55, 0x55, 
	0x34, 0x33, 0x33, 0x33, 0x43, 0x22, 0x22, 0x22, 0x33, 0x32, 0x22, 0x21, 0x21, 0x22, 0x23, 0x56, 
	0x55, 0x53, 0x53, 0x53, 0x33, 0x23, 0x33, 0x6B, 0x79, 0x99, 0xDE, 0xEE, 0xEE, 0xEE, 0xDE, 0xDD, 
	0x99, 0x99, 0x99, 0x87, 0x76, 0x55, 0x33, 0x32, 0x22, 0x22, 0x22, 0x12, 0x11, 0x11, 0x10, 0x11, 
	0x11, 0x11, 0x11, 0x12, 0x22, 0x10, 0x11, 0x11, 0x10, 0x00, 0x10, 0x00, 0x01, 0x01, 0x11, 0x22, 
	0x22, 0x24, 0x46, 0x6B, 0xCC, 0xBB, 0xB8, 0x8C, 0xDD, 0xDD, 0x99, 0x77, 0x77, 0x55, 0x66, 0x66, 
	0x66, 0x43, 0x54, 0x66, 0x64, 0x44, 0x45, 0x66, 0x57, 0x77, 0x88, 0x87, 0xA7, 0x55, 0x55, 0x55, 
	0x55, 0x64, 0x43, 0x33, 0x35, 0x66, 0x44, 0x22, 0x22, 0x24, 0x44, 0x45, 0x45, 0x57, 0x77, 0x77, 
	0x97, 0x77, 0x57, 0x53, 0x33, 0x33, 0x33, 0x33, 0x33, 0x33, 0x20, 0x00, 0x10, 0x11, 0x11, 0x12, 
	0x12, 0x22, 0x21, 0x21, 0x22, 0x33, 0x33, 0x22, 0x21, 0x11, 0x01, 0x11, 0x11, 0x11, 0x01, 0x11, 
	0x01, 0x11, 0x11, 0x22, 0x23, 0x32, 0x23, 0x34, 0x55, 0x75, 0x57, 0x77, 0x55, 0x56, 0x55, 0x55, 
	0x43, 0x33, 0x33, 0x33, 0x42, 0x21, 0x11, 0x23, 0x53, 0x33, 0x33, 0x33, 0x32, 0x22, 0x33, 0x35, 
	0x55, 0x35, 0x55, 0x55, 0x57, 0x55, 0x55, 0x6B, 0x97, 0x99, 0x9D, 0xEE, 0xEE, 0xEE, 0xDD, 0xD9, 
	0x99, 0x97, 0x7B, 0xB6, 0x55, 0x54, 0x42, 0x22, 0x11, 0x21, 0x21, 0x01, 0x11, 0x10, 0x00, 0x00, 
	0x00, 0x00, 0x01, 0x11, 0x11, 0x00, 0x00, 0x01, 0x00, 0x01, 0x00, 0x00, 0x00, 0x10, 0x11, 0x22, 
	0x42, 0x24, 0x64, 0x57, 0xBB, 0xB8, 0x87, 0x99, 0xDC, 0xCD, 0xC9, 0x77, 0x76, 0x75, 0x55, 0x5B, 
	0x55, 0x55, 0x55, 0x55, 0xA6, 0x44, 0x44, 0x66, 0x66, 0x7B, 0xBB, 0xB8, 0x86, 0x65, 0x66, 0x46, 
	0x44, 0x44, 0x32, 0x44, 0x36, 0x64, 0x22, 0x22, 0x22, 0x23, 0x24, 0x34, 0x64, 0x57, 0x77, 0x77, 
	0x77, 0x77, 0x57, 0x75, 0x55, 0x53, 0x53, 0x55, 0x55, 0x53, 0x32, 0x10, 0x00, 0x00, 0x01, 0x11, 
	0x11, 0x11, 0x11, 0x10, 0x11, 0x12, 0x22, 0x22, 0x00, 0x00, 0x00, 0x00, 0x00, 0x00, 0x00, 0x00, 
	0x10, 0x12, 0x22, 0x22, 0x33, 0x35, 0x35, 0x45, 0x55, 0x57, 0x56, 0x77, 0x55, 0x53, 0x33, 0x44, 
	0x32, 0x22, 0x23, 0x22, 0x24, 0x42, 0x22, 0x33, 0x55, 0x75, 0x55, 0x57, 0x55, 0x53, 0x35, 0x66, 
	0x55, 0x55, 0x57, 0x77, 0x79, 0x99, 0x73, 0x5B, 0x79, 0x99, 0xEE, 0xEE, 0xDD, 0xDD, 0xD9, 0x99, 
	0x99, 0x97, 0x56, 0x86, 0x55, 0x33, 0x21, 0x22, 0x22, 0x22, 0x21, 0x00, 0x00, 0x01, 0x00, 0x01, 
	0x00, 0x00, 0x00, 0x00, 0x00, 0x00, 0x00, 0x00, 0x00, 0x00, 0x00, 0x00, 0x01, 0x01, 0x11, 0x11, 
	0x24, 0x44, 0x65, 0x55, 0x66, 0x67, 0x77, 0x77, 0x99, 0x79, 0xC9, 0x75, 0x56, 0x55, 0x55, 0x55, 
	0x77, 0x77, 0x77, 0x77, 0x64, 0x35, 0x46, 0x46, 0x55, 0x55, 0x35, 0x6B, 0xA6, 0x64, 0x34, 0x44, 
	0x44, 0x44, 0x24, 0x24, 0x34, 0x44, 0x22, 0x22, 0x22, 0x22, 0x44, 0x44, 0x64, 0x55, 0x77, 0x77, 
	0x77, 0x66, 0x66, 0x65, 0x75, 0x55, 0x55, 0x53, 0x55, 0x53, 0x33, 0x20, 0x00, 0x00, 0x00, 0x00, 
	0x00, 0x00, 0x10, 0x00, 0x01, 0x11, 0x11, 0x11, 0x10, 0x00, 0x00, 0x00, 0x00, 0x00, 0x00, 0x00, 
	0x01, 0x12, 0x23, 0x33, 0x33, 0x56, 0x54, 0x55, 0x35, 0x55, 0x55, 0x65, 0x64, 0x42, 0x22, 0x22, 
	0x22, 0x22, 0x32, 0x22, 0x22, 0x22, 0x11, 0x23, 0x35, 0x57, 0x75, 0x77, 0x77, 0x75, 0x57, 0x78, 
	0x77, 0x77, 0x55, 0x77, 0x77, 0x77, 0x55, 0x57, 0x79, 0xDD, 0xEE, 0xFE, 0xED, 0xDD, 0x99, 0x97, 
	0x99, 0x77, 0x78, 0xB7, 0x55, 0x32, 0x21, 0x11, 0x11, 0x21, 0x11, 0x10, 0x00, 0x10, 0x10, 0x10, 
	0x00, 0x00, 0x00, 0x00, 0x00, 0x00, 0x00, 0x00, 0x01, 0x00, 0x00, 0x01, 0x12, 0x11, 0x00, 0x11, 
	0x24, 0x66, 0x66, 0x55, 0x8B, 0x66, 0x67, 0x77, 0x98, 0x8C, 0xC8, 0x77, 0x57, 0x55, 0x55, 0x66, 
	0x67, 0x88, 0x88, 0x88, 0x55, 0x55, 0x55, 0x55, 0x65, 0x43, 0x33, 0x56, 0x66, 0x44, 0x44, 0x44, 
	0x44, 0x42, 0x22, 0x22, 0x22, 0x22, 0x21, 0x21, 0x22, 0x22, 0x24, 0x44, 0x44, 0x45, 0x65, 0x57, 
	0x77, 0x66, 0x66, 0x65, 0x75, 0x55, 0x55, 0x53, 0x55, 0x53, 0x33, 0x20, 0x00, 0x00, 0x00, 0x00, 
	0x00, 0x00, 0x10, 0x00, 0x01, 0x10, 0x00, 0x11, 0x10, 0x00, 0x00, 0x00, 0x00, 0x00, 0x00, 0x00, 
	0x01, 0x12, 0x23, 0x33, 0x33, 0x56, 0x64, 0x55, 0x35, 0x55, 0x55, 0x55, 0x64, 0x42, 0x22, 0x22, 
	0x22, 0x22, 0x32, 0x22, 0x21, 0x22, 0x11, 0x23, 0x35, 0x57, 0x75, 0x77, 0x77, 0x77, 0x77, 0x79, 
	0x77, 0x77, 0x55, 0x77, 0x77, 0x77, 0x55, 0x57, 0x79, 0xDE, 0xEE, 0xFE, 0xED, 0xDD, 0xD9, 0x97, 
	0x99, 0x77, 0x78, 0xB5, 0x55, 0x32, 0x21, 0x11, 0x11, 0x21, 0x11, 0x10, 0x00, 0x10, 0x10, 0x10, 
	0x00, 0x00, 0x00, 0x00, 0x00, 0x00, 0x00, 0x00, 0x01, 0x00, 0x00, 0x01, 0x22, 0x11, 0x11, 0x11, 
	0x24, 0x66, 0xA6, 0x55, 0x8B, 0x66, 0x67, 0x77, 0x8B, 0x8C, 0xC8, 0x77, 0x57, 0x55, 0x65, 0x66, 
	0x66, 0xAB, 0x8B, 0x8B, 0x55, 0x65, 0x55, 0x55, 0x66, 0x43, 0x33, 0x56, 0x66, 0x44, 0x44, 0x44, 
	0x44, 0x42, 0x22, 0x22, 0x22, 0x22, 0x21, 0x21, 0x22, 0x22, 0x24, 0x44, 0x44, 0x45, 0x65, 0x57, 
	0x66, 0x66, 0x65, 0x55, 0x55, 0x55, 0x55, 0x35, 0x55, 0x55, 0x32, 0x20, 0x00, 0x00, 0x00, 0x00, 
	0x00, 0x00, 0x10, 0x00, 0x00, 0x00, 0x00, 0x01, 0x00, 0x00, 0x00, 0x00, 0x00, 0x00, 0x00, 0x00, 
	0x11, 0x22, 0x43, 0x33, 0x53, 0x46, 0x65, 0x33, 0x35, 0x65, 0x63, 0x33, 0x44, 0x42, 0x12, 0x12, 
	0x11, 0x12, 0x22, 0x22, 0x22, 0x11, 0x22, 0x33, 0x55, 0x75, 0x55, 0x57, 0x77, 0x99, 0x77, 0x77, 
	0x99, 0x77, 0x77, 0x77, 0x79, 0x97, 0x75, 0x56, 0x99, 0xEE, 0xFF, 0xFF, 0xEE, 0xED, 0xE9, 0x97, 
	0x77, 0x75, 0x87, 0x63, 0x55, 0x43, 0x21, 0x11, 0x11, 0x11, 0x00, 0x00, 0x10, 0x00, 0x00, 0x00, 
	0x00, 0x00, 0x00, 0x00, 0x00, 0x00, 0x00, 0x10, 0x01, 0x10, 0x00, 0x11, 0x12, 0x22, 0x12, 0x12, 
	0x46, 0xB6, 0x66, 0x76, 0x66, 0x45, 0x8B, 0x88, 0xBB, 0x8B, 0x8B, 0x65, 0x46, 0x64, 0x64, 0x66, 
	0x54, 0x66, 0x66, 0xA6, 0x53, 0x53, 0x56, 0x76, 0x66, 0x43, 0x33, 0x34, 0x44, 0x43, 0x42, 0x42, 
	0x22, 0x22, 0x11, 0x12, 0x22, 0x22, 0x12, 0x12, 0x11, 0x12, 0x22, 0x22, 0x24, 0x34, 0x45, 0x56, 
	0xA6, 0x66, 0x64, 0x55, 0x55, 0x55, 0x35, 0x55, 0x55, 0x55, 0x33, 0x10, 0x00, 0x00, 0x00, 0x00, 
	0x00, 0x11, 0x11, 0x00, 0x00, 0x00, 0x00, 0x00, 0x00, 0x00, 0x00, 0x00, 0x00, 0x00, 0x00, 0x00, 
	0x01, 0x12, 0x24, 0x43, 0x33, 0x55, 0x66, 0x43, 0x33, 0x45, 0x33, 0x33, 0x42, 0x22, 0x11, 0x11, 
	0x22, 0x22, 0x22, 0x21, 0x21, 0x11, 0x23, 0x33, 0x55, 0x55, 0x55, 0x57, 0x79, 0x99, 0x79, 0x99, 
	0x99, 0x99, 0x97, 0x99, 0xDD, 0xD9, 0x75, 0x77, 0x9D, 0xDE, 0xFE, 0xFE, 0xFE, 0xEE, 0xEE, 0x99, 
	0x79, 0x77, 0x76, 0x55, 0x66, 0x44, 0x21, 0x01, 0x10, 0x00, 0x00, 0x10, 0x01, 0x01, 0x01, 0x00, 
	0x00, 0x00, 0x00, 0x00, 0x00, 0x00, 0x11, 0x10, 0x00, 0x00, 0x01, 0x22, 0x21, 0x12, 0x24, 0x42, 
	0x36, 0x65, 0x55, 0x65, 0x53, 0x35, 0xB6, 0xA6, 0xA6, 0xA6, 0xB6, 0x64, 0x43, 0x43, 0x43, 0x44, 
	0x43, 0x46, 0x46, 0x46, 0x55, 0x55, 0x66, 0x55, 0x66, 0x64, 0x44, 0x33, 0x22, 0x22, 0x22, 0x22, 
	0x22, 0x22, 0x21, 0x21, 0x21, 0x21, 0x11, 0x11, 0x12, 0x22, 0x12, 0x12, 0x12, 0x24, 0x44, 0x35, 
	0x66, 0x66, 0x55, 0x65, 0x57, 0x55, 0x35, 0x55, 0x55, 0x55, 0x55, 0x22, 0x22, 0x21, 0x11, 0x12, 
	0x22, 0x22, 0x22, 0x10, 0x00, 0x00, 0x00, 0x00, 0x00, 0x00, 0x00, 0x00, 0x00, 0x00, 0x00, 0x00, 
	0x01, 0x12, 0x22, 0x22, 0x33, 0x33, 0x35, 0x43, 0x33, 0x33, 0x33, 0x33, 0x22, 0x21, 0x00, 0x11, 
	0x22, 0x44, 0x44, 0x22, 0x22, 0x22, 0x24, 0x33, 0x55, 0x76, 0x77, 0x79, 0x77, 0x9D, 0x9D, 0xDD, 
	0xDD, 0xDD, 0x99, 0x99, 0xDD, 0xD9, 0x97, 0x55, 0x7D, 0xDE, 0xEE, 0xFF, 0xEE, 0xEE, 0xEE, 0xDD, 
	0x99, 0x97, 0x55, 0x53, 0x44, 0x44, 0x42, 0x11, 0x11, 0x11, 0x11, 0x01, 0x00, 0x10, 0x10, 0x00, 
	0x00, 0x00, 0x00, 0x01, 0x00, 0x10, 0x00, 0x01, 0x11, 0x11, 0x24, 0x44, 0x42, 0x22, 0x44, 0x64, 
	0x35, 0x76, 0x77, 0x65, 0x65, 0x56, 0x66, 0x64, 0x64, 0x6A, 0x66, 0x44, 0x42, 0x22, 0x34, 0x44, 
	0x44, 0x24, 0x44, 0x34, 0x34, 0x46, 0x55, 0x64, 0x44, 0x44, 0x44, 0x42, 0x21, 0x11, 0x11, 0x11, 
	0x11, 0x12, 0x12, 0x12, 0x11, 0x11, 0x11, 0x11, 0x11, 0x11, 0x11, 0x11, 0x12, 0x22, 0x44, 0x64, 
	0x66, 0x66, 0x55, 0x55, 0x57, 0x55, 0x35, 0x55, 0x55, 0x55, 0x55, 0x35, 0x33, 0x33, 0x33, 0x33, 
	0x35, 0x33, 0x33, 0x21, 0x00, 0x00, 0x00, 0x00, 0x00, 0x00, 0x00, 0x00, 0x11, 0x11, 0x11, 0x00, 
	0x01, 0x12, 0x11, 0x22, 0x33, 0x33, 0x35, 0x43, 0x33, 0x33, 0x33, 0x33, 0x22, 0x21, 0x00, 0x11, 
	0x22, 0x44, 0x44, 0x22, 0x22, 0x22, 0x24, 0x33, 0x55, 0x76, 0x77, 0x79, 0x77, 0x9D, 0xDD, 0xDD, 
	0xED, 0xDD, 0x99, 0x99, 0xDD, 0xD9, 0x97, 0x55, 0x79, 0xDE, 0xEE, 0xFF, 0xEE, 0xEE, 0xEE, 0xED, 
	0xD9, 0x97, 0x55, 0x53, 0x44, 0x24, 0x42, 0x11, 0x11, 0x11, 0x11, 0x11, 0x00, 0x10, 0x10, 0x00, 
	0x00, 0x00, 0x01, 0x11, 0x10, 0x10, 0x00, 0x12, 0x44, 0x56, 0x6B, 0x66, 0x63, 0x33, 0x66, 0x66, 
	0x55, 0x77, 0x77, 0x65, 0x66, 0x66, 0x64, 0x34, 0x64, 0x66, 0x66, 0x44, 0x42, 0x22, 0x34, 0x44, 
	0x44, 0x22, 0x34, 0x34, 0x34, 0x46, 0x53, 0x64, 0x44, 0x44, 0x44, 0x42, 0x21, 0x11, 0x11, 0x11, 
	0x11, 0x12, 0x12, 0x12, 0x11, 0x11, 0x11, 0x11, 0x11, 0x11, 0x11, 0x11, 0x12, 0x22, 0x44, 0x64, 
	0x55, 0x55, 0x53, 0x35, 0x35, 0x53, 0x33, 0x33, 0x55, 0x55, 0x55, 0x57, 0x55, 0x55, 0x55, 0x55, 
	0x57, 0x55, 0x65, 0x32, 0x11, 0x00, 0x00, 0x00, 0x00, 0x00, 0x00, 0x00, 0x22, 0x22, 0x42, 0x11, 
	0x01, 0x11, 0x11, 0x22, 0x33, 0x33, 0x33, 0x33, 0x23, 0x33, 0x33, 0x33, 0x11, 0x11, 0x11, 0x11, 
	0x22, 0x34, 0x44, 0x22, 0x22, 0x24, 0x43, 0x33, 0x55, 0x7B, 0x77, 0xB9, 0x99, 0xDD, 0xED, 0xED, 
	0xDD, 0x99, 0x99, 0x9D, 0x99, 0x99, 0x97, 0x75, 0x79, 0xDE, 0xDE, 0xFE, 0xFE, 0xFF, 0xEF, 0xEE, 
	0xED, 0x98, 0x53, 0x33, 0x22, 0x12, 0x21, 0x22, 0x22, 0x22, 0x11, 0x11, 0x11, 0x11, 0x01, 0x00, 
	0x01, 0x00, 0x12, 0x42, 0x21, 0x00, 0x01, 0x4A, 0x98, 0x9C, 0xCC, 0xCB, 0x75, 0x57, 0xB7, 0x67, 
	0x77, 0xB9, 0x8B, 0xB6, 0x76, 0x64, 0x32, 0x23, 0x34, 0x46, 0x43, 0x44, 0x44, 0x22, 0x24, 0x44, 
	0x42, 0x22, 0x22, 0x22, 0x22, 0x44, 0x44, 0x44, 0x34, 0x44, 0x42, 0x22, 0x22, 0x11, 0x11, 0x12, 
	0x21, 0x11, 0x22, 0x11, 0x11, 0x11, 0x11, 0x11, 0x11, 0x11, 0x11, 0x11, 0x21, 0x24, 0x44, 0x55, 
	0x57, 0x55, 0x65, 0x33, 0x33, 0x45, 0x53, 0x53, 0x53, 0x55, 0x55, 0x57, 0x77, 0x79, 0x77, 0x77, 
	0x97, 0x77, 0x56, 0x33, 0x33, 0x22, 0x11, 0x00, 0x00, 0x00, 0x00, 0x02, 0x33, 0x32, 0x22, 0x21, 
	0x11, 0x11, 0x23, 0x33, 0x33, 0x33, 0x43, 0x23, 0x33, 0x34, 0x43, 0x33, 0x22, 0x12, 0x33, 0x22, 
	0x22, 0x22, 0x33, 0x33, 0x32, 0x24, 0x44, 0x33, 0x33, 0x57, 0x77, 0x79, 0xCC, 0xCC, 0xDD, 0xDD, 
	0xDD, 0xD9, 0x99, 0x99, 0x99, 0x97, 0x97, 0x77, 0x79, 0x99, 0xDD, 0xDD, 0xEE, 0xEE, 0xEE, 0xEE, 
	0xED, 0xDC, 0x75, 0x32, 0x10, 0x01, 0x01, 0x01, 0x00, 0x11, 0x11, 0x01, 0x00, 0x00, 0x10, 0x00, 
	0x11, 0x11, 0x14, 0x42, 0x23, 0x22, 0x24, 0xBC, 0x99, 0xDD, 0xDD, 0x9D, 0x99, 0x99, 0xC9, 0x79, 
	0xCB, 0x9C, 0x9C, 0x9B, 0xB8, 0x66, 0x43, 0x44, 0x23, 0x44, 0x44, 0x42, 0x22, 0x22, 0x22, 0x22, 
	0x22, 0x22, 0x12, 0x22, 0x22, 0x22, 0x11, 0x22, 0x22, 0x22, 0x22, 0x22, 0x21, 0x11, 0x11, 0x22, 
	0x22, 0x22, 0x11, 0x11, 0x01, 0x11, 0x11, 0x10, 0x11, 0x11, 0x11, 0x11, 0x22, 0x44, 0x45, 0x55, 
	0x55, 0x56, 0x56, 0x64, 0x33, 0x34, 0x33, 0x33, 0x53, 0x53, 0x35, 0x57, 0x77, 0x97, 0x79, 0x77, 
	0x97, 0x77, 0x75, 0x55, 0x33, 0x21, 0x10, 0x11, 0x11, 0x11, 0x11, 0x23, 0x33, 0x32, 0x32, 0x11, 
	0x22, 0x22, 0x35, 0x55, 0x33, 0x55, 0x33, 0x33, 0x33, 0x55, 0x55, 0x55, 0x33, 0x23, 0x55, 0x33, 
	0x32, 0x12, 0x34, 0x43, 0x33, 0x35, 0x33, 0x33, 0x33, 0x55, 0x77, 0x98, 0x99, 0x99, 0x99, 0x99, 
	0xDD, 0xDD, 0x99, 0x99, 0x99, 0x99, 0x77, 0x79, 0x79, 0x9D, 0xDD, 0xDD, 0xEE, 0xDD, 0xEE, 0xDD, 
	0xDD, 0xC8, 0x66, 0x64, 0x10, 0x00, 0x10, 0x00, 0x00, 0x00, 0x00, 0x00, 0x00, 0x01, 0x01, 0x10, 
	0x11, 0x11, 0x24, 0x44, 0x66, 0x66, 0x56, 0xB8, 0x77, 0x99, 0x9C, 0x9C, 0x99, 0xCC, 0xC9, 0x9C, 
	0xCC, 0xC9, 0x99, 0x88, 0x77, 0x76, 0x56, 0x43, 0x22, 0x22, 0x22, 0x22, 0x11, 0x11, 0x11, 0x11, 
	0x11, 0x11, 0x11, 0x11, 0x11, 0x11, 0x11, 0x11, 0x11, 0x11, 0x11, 0x11, 0x11, 0x11, 0x11, 0x12, 
	0x21, 0x11, 0x11, 0x10, 0x01, 0x11, 0x11, 0x11, 0x11, 0x21, 0x12, 0x22, 0x24, 0x45, 0x57, 0x75, 
	0x55, 0x55, 0x56, 0x64, 0x33, 0x34, 0x33, 0x33, 0x53, 0x53, 0x35, 0x57, 0x77, 0x97, 0x79, 0x77, 
	0x97, 0x77, 0x75, 0x55, 0x33, 0x21, 0x11, 0x22, 0x22, 0x32, 0x22, 0x35, 0x36, 0x54, 0x32, 0x22, 
	0x22, 0x23, 0x35, 0x65, 0x33, 0x55, 0x55, 0x55, 0x35, 0x57, 0x75, 0x55, 0x33, 0x33, 0x55, 0x55, 
	0x32, 0x22, 0x34, 0x45, 0x55, 0x55, 0x33, 0x33, 0x35, 0x55, 0x77, 0x98, 0x99, 0x99, 0x99, 0x99, 
	0xDD, 0xDD, 0x99, 0x99, 0x99, 0x99, 0x75, 0x79, 0x79, 0x9D, 0xDD, 0xDD, 0xED, 0xDD, 0xEE, 0xDD, 
	0x9D, 0x8B, 0x64, 0x44, 0x10, 0x00, 0x10, 0x00, 0x00, 0x00, 0x00, 0x00, 0x00, 0x01, 0x01, 0x10, 
	0x11, 0x11, 0x24, 0x66, 0xB8, 0x8B, 0x7B, 0x66, 0x77, 0x79, 0x98, 0x9C, 0xC9, 0xCC, 0xC9, 0x9C, 
	0xCC, 0xC9, 0x89, 0x87, 0x77, 0x76, 0x56, 0x43, 0x22, 0x22, 0x22, 0x22, 0x11, 0x11, 0x11, 0x11, 
	0x11, 0x11, 0x11, 0x11, 0x11, 0x11, 0x11, 0x11, 0x11, 0x11, 0x11, 0x11, 0x11, 0x11, 0x11, 0x12, 
	0x11, 0x11, 0x11, 0x10, 0x01, 0x11, 0x11, 0x11, 0x22, 0x42, 0x22, 0x22, 0x24, 0x65, 0x77, 0x75, 
	0x55, 0x33, 0x54, 0x65, 0x33, 0x33, 0x33, 0x33, 0x33, 0x35, 0x53, 0x55, 0x77, 0x77, 0x77, 0x97, 
	0x77, 0x77, 0x75, 0x55, 0x32, 0x21, 0x22, 0x34, 0x33, 0x53, 0x33, 0x57, 0x6B, 0x76, 0x53, 0x33, 
	0x33, 0x33, 0x55, 0x66, 0x55, 0x57, 0x77, 0x77, 0x57, 0x79, 0x97, 0x77, 0x53, 0x55, 0x55, 0x55, 
	0x53, 0x33, 0x23, 0x68, 0x77, 0x75, 0x53, 0x55, 0x57, 0x57, 0x77, 0x99, 0xD9, 0x99, 0x97, 0x79, 
	0x9D, 0xDD, 0x99, 0x99, 0x99, 0x97, 0x77, 0x79, 0x79, 0x99, 0x99, 0xDD, 0xD9, 0xD9, 0xDD, 0xD9, 
	0x99, 0x76, 0x32, 0x22, 0x10, 0x00, 0x00, 0x00, 0x10, 0x00, 0x00, 0x00, 0x11, 0x00, 0x00, 0x01, 
	0x00, 0x11, 0x44, 0xAB, 0xC9, 0x9B, 0x75, 0x55, 0x77, 0x7B, 0x99, 0x9C, 0xDC, 0xD9, 0x89, 0x79, 
	0x98, 0x97, 0x77, 0x77, 0x77, 0x76, 0x34, 0x44, 0x22, 0x21, 0x11, 0x11, 0x21, 0x11, 0x11, 0x11, 
	0x00, 0x10, 0x11, 0x11, 0x11, 0x11, 0x11, 0x11, 0x11, 0x11, 0x01, 0x10, 0x11, 0x01, 0x11, 0x11, 
	0x11, 0x11, 0x11, 0x10, 0x11, 0x11, 0x11, 0x11, 0x42, 0x44, 0x24, 0x34, 0x45, 0x77, 0x77, 0x75, 
	0x55, 0x33, 0x33, 0x44, 0x43, 0x43, 0x33, 0x22, 0x32, 0x33, 0x35, 0x55, 0x55, 0x77, 0x97, 0x77, 
	0x77, 0x75, 0x75, 0x55, 0x33, 0x32, 0x22, 0x22, 0x43, 0x33, 0x57, 0x88, 0x77, 0x97, 0x55, 0x55, 
	0x55, 0x55, 0x55, 0x75, 0x75, 0x7B, 0x98, 0x98, 0x99, 0xCD, 0x99, 0x77, 0x77, 0x75, 0x55, 0x53, 
	0x55, 0x33, 0x23, 0x78, 0x99, 0x77, 0x57, 0x77, 0x77, 0x77, 0x99, 0xB9, 0x99, 0x99, 0x97, 0x79, 
	0x99, 0xD9, 0x99, 0x99, 0x79, 0x97, 0x77, 0x57, 0x77, 0x77, 0x79, 0x9D, 0xD9, 0x9D, 0xD9, 0x99, 
	0x77, 0x53, 0x21, 0x10, 0x01, 0x00, 0x00, 0x11, 0x22, 0x21, 0x11, 0x11, 0x00, 0x00, 0x11, 0x10, 
	0x11, 0x11, 0x4B, 0xBC, 0x99, 0x79, 0x79, 0x77, 0x9D, 0xDD, 0xCD, 0xDD, 0xD9, 0x77, 0x97, 0x97, 
	0x77, 0x77, 0x77, 0x77, 0x75, 0x66, 0x63, 0x44, 0x22, 0x21, 0x11, 0x11, 0x11, 0x10, 0x10, 0x00, 
	0x10, 0x10, 0x11, 0x11, 0x11, 0x01, 0x10, 0x00, 0x00, 0x00, 0x11, 0x01, 0x11, 0x11, 0x00, 0x10, 
	0x11, 0x22, 0x21, 0x01, 0x11, 0x24, 0x22, 0x22, 0x24, 0x46, 0x45, 0x66, 0x57, 0x77, 0x77, 0x65, 
	0x53, 0x33, 0x32, 0x22, 0x32, 0x22, 0x22, 0x22, 0x22, 0x22, 0x33, 0x33, 0x55, 0x55, 0x77, 0x77, 
	0x77, 0x77, 0x77, 0x55, 0x35, 0x33, 0x33, 0x22, 0x35, 0x35, 0x57, 0x97, 0x77, 0x77, 0x77, 0x77, 
	0x77, 0x77, 0x77, 0x77, 0x77, 0x99, 0x9C, 0x9C, 0xD9, 0x99, 0x99, 0x99, 0x77, 0x57, 0x77, 0x75, 
	0x55, 0x55, 0x35, 0x79, 0x99, 0x97, 0x75, 0x77, 0x99, 0x77, 0x97, 0x77, 0x97, 0x99, 0x77, 0x77, 
	0x79, 0x97, 0x77, 0x77, 0x99, 0x97, 0x76, 0x76, 0x77, 0x57, 0x79, 0x89, 0x99, 0x99, 0x97, 0x77, 
	0x85, 0x33, 0x21, 0x11, 0x10, 0x10, 0x11, 0x22, 0x44, 0x42, 0x24, 0x22, 0x11, 0x22, 0x22, 0x21, 
	0x22, 0x22, 0x38, 0xC9, 0x99, 0x99, 0x9D, 0x9D, 0xEE, 0xEE, 0xDE, 0xDD, 0xD9, 0x99, 0x99, 0x99, 
	0x99, 0x99, 0x99, 0x77, 0x77, 0x77, 0x44, 0x42, 0x21, 0x11, 0x11, 0x11, 0x11, 0x11, 0x11, 0x10, 
	0x01, 0x01, 0x00, 0x00, 0x00, 0x00, 0x01, 0x01, 0x01, 0x10, 0x11, 0x11, 0x10, 0x11, 0x01, 0x00, 
	0x11, 0x22, 0x21, 0x11, 0x11, 0x12, 0x22, 0x24, 0x33, 0x66, 0x56, 0x57, 0x77, 0x55, 0x55, 0x33, 
	0x33, 0x33, 0x32, 0x22, 0x32, 0x22, 0x22, 0x22, 0x22, 0x22, 0x33, 0x33, 0x55, 0x55, 0x77, 0x77, 
	0x77, 0x77, 0x77, 0x55, 0x35, 0x53, 0x33, 0x22, 0x35, 0x35, 0x57, 0x97, 0x77, 0x77, 0x99, 0x97, 
	0x79, 0x77, 0x77, 0x77, 0x77, 0x99, 0x9D, 0x9D, 0xD9, 0x99, 0x99, 0x99, 0x77, 0x57, 0x77, 0x77, 
	0x77, 0x57, 0x77, 0x79, 0x99, 0x97, 0x75, 0x77, 0x99, 0x77, 0x77, 0x77, 0x97, 0x97, 0x77, 0x77, 
	0x79, 0x97, 0x77, 0x77, 0x99, 0x77, 0x76, 0x76, 0x77, 0x57, 0x78, 0xB9, 0x99, 0x99, 0x77, 0x76, 
	0x65, 0x33, 0x21, 0x11, 0x10, 0x11, 0x12, 0x24, 0x46, 0x64, 0x46, 0x44, 0x44, 0x66, 0x44, 0x44, 
	0x43, 0x55, 0x58, 0xC9, 0x99, 0xDD, 0xDD, 0xDE, 0xEE, 0xEE, 0xEE, 0xDD, 0xD9, 0x99, 0x99, 0x99, 
	0xD9, 0x99, 0x99, 0x77, 0x77, 0x77, 0x44, 0x42, 0x21, 0x11, 0x01, 0x10, 0x11, 0x11, 0x11, 0x10, 
	0x01, 0x01, 0x00, 0x00, 0x00, 0x00, 0x01, 0x01, 0x01, 0x10, 0x11, 0x11, 0x10, 0x11, 0x01, 0x00, 
	0x11, 0x21, 0x21, 0x11, 0x11, 0x11, 0x22, 0x24, 0x33, 0x66, 0x55, 0x57, 0x77, 0x55, 0x55, 0x33, 
	0x22, 0x22, 0x22, 0x12, 0x22, 0x22, 0x22, 0x22, 0x22, 0x22, 0x22, 0x33, 0x53, 0x55, 0x77, 0x57, 
	0x75, 0x79, 0x97, 0x75, 0x55, 0x75, 0x53, 0x33, 0x53, 0x55, 0x78, 0x99, 0x77, 0x99, 0x9D, 0x99, 
	0x99, 0x97, 0x99, 0x99, 0x79, 0x99, 0x9D, 0xDD, 0xDD, 0x99, 0x99, 0x99, 0x77, 0x77, 0x77, 0x77, 
	0x99, 0x79, 0x77, 0x77, 0x99, 0x99, 0x77, 0x77, 0x97, 0x77, 0x57, 0x77, 0x79, 0xB5, 0x77, 0x77, 
	0x57, 0x77, 0x77, 0x89, 0x97, 0x57, 0x77, 0xBB, 0x57, 0x76, 0x76, 0x88, 0x79, 0x77, 0x55, 0x66, 
	0x54, 0x32, 0x21, 0x11, 0x01, 0x11, 0x14, 0x44, 0x44, 0x44, 0x43, 0x66, 0x67, 0x88, 0x56, 0x67, 
	0x55, 0x78, 0x9C, 0xCC, 0x99, 0xDE, 0xDD, 0xEE, 0xEF, 0xEE, 0xED, 0xDD, 0xDD, 0xD9, 0xD9, 0x9D, 
	0xDD, 0xDD, 0xD9, 0x79, 0x77, 0x76, 0x66, 0x44, 0x21, 0x11, 0x00, 0x00, 0x11, 0x21, 0x11, 0x10, 
	0x00, 0x10, 0x11, 0x11, 0x00, 0x00, 0x10, 0x11, 0x00, 0x01, 0x00, 0x00, 0x01, 0x00, 0x01, 0x11, 
	0x11, 0x11, 0x11, 0x01, 0x11, 0x12, 0x22, 0x44, 0x33, 0x65, 0x33, 0x55, 0x55, 0x55, 0x33, 0x32, 
	0x11, 0x11, 0x11, 0x11, 0x12, 0x12, 0x21, 0x11, 0x12, 0x12, 0x22, 0x33, 0x33, 0x36, 0x75, 0x75, 
	0x77, 0x99, 0x97, 0x77, 0x77, 0x77, 0x75, 0x75, 0x55, 0x57, 0x77, 0x99, 0x9D, 0xDD, 0xDD, 0x9D, 
	0xD9, 0x99, 0x99, 0x99, 0x99, 0x99, 0xDD, 0xDD, 0xD9, 0x99, 0x99, 0x99, 0x99, 0x79, 0x79, 0x77, 
	0x77, 0x77, 0x77, 0x77, 0x77, 0x77, 0x97, 0x77, 0x57, 0x57, 0x57, 0x57, 0x79, 0x87, 0x57, 0x75, 
	0x55, 0x55, 0x77, 0x77, 0x77, 0x56, 0x56, 0x66, 0x53, 0x65, 0x56, 0x6B, 0x66, 0x66, 0x43, 0x34, 
	0x34, 0x41, 0x11, 0x11, 0x11, 0x21, 0x12, 0x11, 0x12, 0x22, 0x23, 0x36, 0x57, 0x77, 0x77, 0x79, 
	0x9D, 0xDE, 0xED, 0xDD, 0xD9, 0x9D, 0xDD, 0xEE, 0xEE, 0xEE, 0xDD, 0xDD, 0xED, 0xD9, 0xDD, 0xDD, 
	0xED, 0xDD, 0xDD, 0x97, 0x75, 0x76, 0x66, 0x66, 0x11, 0x01, 0x11, 0x11, 0x44, 0x44, 0x22, 0x11, 
	0x11, 0x22, 0x44, 0x44, 0x21, 0x00, 0x10, 0x01, 0x01, 0x11, 0x00, 0x00, 0x10, 0x10, 0x01, 0x11, 
	0x11, 0x11, 0x11, 0x11, 0x12, 0x21, 0x12, 0x24, 0x44, 0x33, 0x33, 0x23, 0x43, 0x33, 0x22, 0x11, 
	0x00, 0x00, 0x01, 0x11, 0x11, 0x11, 0x11, 0x11, 0x11, 0x22, 0x22, 0x22, 0x23, 0x45, 0x55, 0x55, 
	0x77, 0x77, 0x77, 0x77, 0x79, 0x97, 0x77, 0x57, 0x57, 0x79, 0x79, 0x99, 0xDD, 0xDD, 0xEE, 0xDD, 
	0xDD, 0xDD, 0x99, 0x99, 0x9D, 0xDD, 0xED, 0xDD, 0xDD, 0x99, 0x99, 0x99, 0x99, 0x99, 0x99, 0x99, 
	0x77, 0x57, 0x57, 0x77, 0x77, 0x77, 0x77, 0x55, 0x55, 0x55, 0x75, 0x77, 0x88, 0x77, 0x7B, 0x87, 
	0x77, 0x55, 0x55, 0x55, 0x55, 0x55, 0x66, 0x44, 0x63, 0x33, 0x33, 0x36, 0x64, 0x66, 0x34, 0x32, 
	0x22, 0x22, 0x11, 0x11, 0x11, 0x11, 0x11, 0x10, 0x11, 0x12, 0x22, 0x36, 0x55, 0x79, 0x99, 0x9D, 
	0xDE, 0xED, 0xEE, 0xDD, 0xDD, 0x9D, 0xDD, 0xEE, 0xEE, 0xED, 0xDD, 0xDD, 0xDD, 0x99, 0xD9, 0x9D, 
	0xED, 0xED, 0xDD, 0x99, 0x97, 0x76, 0x66, 0x64, 0x21, 0x11, 0x11, 0x12, 0x46, 0x44, 0x44, 0x22, 
	0x24, 0x44, 0x66, 0x66, 0x62, 0x11, 0x21, 0x11, 0x11, 0x11, 0x11, 0x10, 0x01, 0x01, 0x01, 0x11, 
	0x11, 0x00, 0x11, 0x11, 0x11, 0x21, 0x11, 0x22, 0x22, 0x22, 0x22, 0x22, 0x22, 0x22, 0x31, 0x10, 
	0x00, 0x00, 0x01, 0x01, 0x11, 0x01, 0x11, 0x11, 0x11, 0x22, 0x22, 0x22, 0x22, 0x43, 0x55, 0x55, 
	0x77, 0x77, 0x77, 0x77, 0x79, 0x97, 0x77, 0x57, 0x57, 0x79, 0x79, 0x99, 0xDD, 0xDD, 0xEE, 0xED, 
	0xDD, 0xDD, 0x99, 0x99, 0x9D, 0xDE, 0xEE, 0xDD, 0xDD, 0x99, 0x99, 0x99, 0x99, 0x99, 0x99, 0x99, 
	0x77, 0x57, 0x57, 0x77, 0x77, 0x77, 0x77, 0x55, 0x55, 0x55, 0x77, 0x77, 0x8B, 0x77, 0x7B, 0x87, 
	0x77, 0x55, 0x55, 0x55, 0x53, 0x35, 0x66, 0x44, 0x63, 0x33, 0x33, 0x33, 0x34, 0x66, 0x34, 0x32, 
	0x22, 0x22, 0x11, 0x11, 0x11, 0x11, 0x11, 0x10, 0x11, 0x12, 0x22, 0x35, 0x55, 0x79, 0x99, 0xDD, 
	0xDE, 0xED, 0xEE, 0xDD, 0xDD, 0xDE, 0xDD, 0xEE, 0xEE, 0xED, 0xDD, 0xDD, 0xDD, 0xDD, 0xD9, 0x9D, 
	0xED, 0xED, 0xDD, 0x99, 0x99, 0x76, 0x66, 0x44, 0x22, 0x21, 0x11, 0x12, 0x46, 0x46, 0x64, 0x34, 
	0x66, 0x66, 0x88, 0x88, 0x86, 0x34, 0x42, 0x22, 0x22, 0x11, 0x11, 0x10, 0x01, 0x01, 0x01, 0x11, 
	0x11, 0x00, 0x10, 0x11, 0x11, 0x21, 0x11, 0x22, 0x22, 0x22, 0x21, 0x22, 0x11, 0x11, 0x21, 0x10, 
	0x00, 0x00, 0x00, 0x00, 0x00, 0x01, 0x12, 0x12, 0x22, 0x21, 0x22, 0x21, 0x11, 0x22, 0x33, 0x55, 
	0x55, 0x77, 0x77, 0x77, 0x77, 0x77, 0x57, 0x77, 0x67, 0x57, 0x77, 0x79, 0x99, 0x9D, 0xDD, 0xD9, 
	0x99, 0x99, 0x99, 0xD9, 0xDE, 0xEE, 0xEE, 0xED, 0xD9, 0x99, 0x99, 0x99, 0x99, 0x99, 0x9D, 0x97, 
	0x77, 0x75, 0x77, 0x57, 0x77, 0x78, 0x66, 0x53, 0x35, 0x57, 0x77, 0x97, 0x98, 0x78, 0x88, 0x87, 
	0x75, 0x65, 0x33, 0x33, 0x32, 0x23, 0x34, 0x46, 0x65, 0x43, 0x33, 0x32, 0x23, 0x43, 0x42, 0x22, 
	0x11, 0x12, 0x21, 0x11, 0x11, 0x11, 0x00, 0x11, 0x01, 0x11, 0x22, 0x43, 0x55, 0x77, 0x99, 0xDD, 
	0xDE, 0xED, 0xDD, 0xDE, 0xED, 0xDE, 0xDD, 0xEE, 0xEE, 0xED, 0xDD, 0xDE, 0x9D, 0xED, 0xED, 0xDD, 
	0xED, 0xED, 0xDD, 0xDD, 0xC9, 0x66, 0x53, 0x46, 0x44, 0x42, 0x21, 0x24, 0x33, 0x5B, 0x65, 0x56, 
	0xB7, 0xB7, 0x99, 0x99, 0x8B, 0x76, 0x64, 0x44, 0x44, 0x11, 0x11, 0x11, 0x10, 0x00, 0x11, 0x11, 
	0x11, 0x00, 0x10, 0x01, 0x11, 0x11, 0x11, 0x11, 0x11, 0x11, 0x10, 0x11, 0x00, 0x00, 0x11, 0x00, 
	0x00, 0x00, 0x00, 0x00, 0x00, 0x00, 0x11, 0x11, 0x22, 0x22, 0x22, 0x22, 0x21, 0x12, 0x33, 0x33, 
	0x55, 0x55, 0x55, 0x53, 0x53, 0x35, 0x56, 0x76, 0x55, 0x57, 0x77, 0x89, 0x79, 0x99, 0x99, 0x99, 
	0x99, 0xD9, 0xDD, 0xED, 0xDD, 0xEE, 0xEE, 0xE9, 0xD9, 0x99, 0x99, 0x99, 0x99, 0x99, 0xDD, 0x99, 
	0x55, 0x55, 0x35, 0x5B, 0x77, 0x77, 0x75, 0x55, 0x55, 0x77, 0x79, 0x99, 0x97, 0x77, 0x77, 0x75, 
	0x55, 0x53, 0x33, 0x22, 0x22, 0x42, 0x23, 0x45, 0x44, 0x64, 0x22, 0x22, 0x22, 0x22, 0x22, 0x11, 
	0x11, 0x11, 0x12, 0x21, 0x11, 0x11, 0x12, 0x44, 0x21, 0x12, 0x66, 0x55, 0x55, 0x57, 0x77, 0x9D, 
	0xDD, 0xDE, 0xDE, 0xEE, 0xEE, 0xEE, 0xEE, 0xED, 0xEE, 0xEE, 0xEE, 0xED, 0xDD, 0xEE, 0xEE, 0xEE, 
	0xDD, 0xDD, 0xDD, 0xD9, 0x8B, 0x86, 0x42, 0x22, 0x44, 0x42, 0x22, 0x24, 0x35, 0x67, 0x77, 0x75, 
	0x77, 0x99, 0x99, 0x99, 0x9B, 0x76, 0x44, 0x42, 0x22, 0x22, 0x22, 0x11, 0x11, 0x11, 0x11, 0x11, 
	0x00, 0x10, 0x00, 0x10, 0x01, 0x00, 0x00, 0x01, 0x01, 0x11, 0x00, 0x00, 0x00, 0x00, 0x01, 0x00, 
	0x00, 0x00, 0x00, 0x00, 0x00, 0x00, 0x00, 0x11, 0x12, 0x22, 0x23, 0x23, 0x22, 0x22, 0x22, 0x23, 
	0x33, 0x33, 0x33, 0x32, 0x33, 0x33, 0x33, 0x53, 0x33, 0x35, 0x55, 0x68, 0x79, 0x99, 0x99, 0x99, 
	0x9D, 0xDD, 0xDD, 0xDD, 0xED, 0xEE, 0xEE, 0xED, 0xED, 0x9D, 0x99, 0x99, 0x99, 0xDD, 0xD9, 0x77, 
	0x53, 0x33, 0x35, 0x66, 0x57, 0x77, 0x75, 0x55, 0x77, 0x77, 0x77, 0x77, 0x77, 0x55, 0x55, 0x55, 
	0x53, 0x33, 0x22, 0x22, 0x21, 0x21, 0x22, 0x33, 0x44, 0x43, 0x33, 0x23, 0x32, 0x12, 0x11, 0x21, 
	0x11, 0x11, 0x11, 0x11, 0x11, 0x22, 0x46, 0x66, 0x42, 0x14, 0xBB, 0x77, 0x77, 0x77, 0x77, 0x79, 
	0x99, 0xDD, 0xDE, 0xEE, 0xEE, 0xEE, 0xEE, 0xEE, 0xED, 0xEE, 0xEE, 0xEE, 0xEE, 0xED, 0xEE, 0xEE, 
	0xDE, 0xDD, 0xDD, 0x98, 0x8A, 0x66, 0x22, 0x12, 0x24, 0x44, 0x42, 0x44, 0x57, 0xB8, 0x99, 0x97, 
	0x79, 0x89, 0x98, 0x97, 0x87, 0x66, 0x44, 0x64, 0x44, 0x22, 0x44, 0x22, 0x22, 0x11, 0x11, 0x11, 
	0x12, 0x21, 0x11, 0x11, 0x00, 0x00, 0x11, 0x01, 0x11, 0x11, 0x00, 0x00, 0x00, 0x00, 0x00, 0x00, 
	0x00, 0x00, 0x00, 0x00, 0x00, 0x00, 0x00, 0x11, 0x12, 0x12, 0x23, 0x23, 0x22, 0x22, 0x22, 0x23, 
	0x33, 0x33, 0x33, 0x32, 0x23, 0x23, 0x33, 0x33, 0x32, 0x33, 0x35, 0x6B, 0x77, 0x79, 0x99, 0x99, 
	0x9D, 0xDD, 0xDD, 0xDD, 0xDD, 0xEE, 0xEE, 0xEE, 0xEE, 0xDD, 0x99, 0x99, 0x99, 0xDD, 0xD9, 0x77, 
	0x53, 0x33, 0x35, 0x66, 0x57, 0x77, 0x75, 0x55, 0x77, 0x77, 0x77, 0x77, 0x77, 0x55, 0x55, 0x55, 
	0x53, 0x33, 0x22, 0x22, 0x21, 0x11, 0x22, 0x33, 0x43, 0x43, 0x33, 0x23, 0x32, 0x12, 0x11, 0x21, 
	0x11, 0x11, 0x11, 0x11, 0x11, 0x24, 0xAA, 0x66, 0x64, 0x26, 0xB8, 0x99, 0x77, 0x77, 0x77, 0x77, 
	0x79, 0x8D, 0xDD, 0xDE, 0xDE, 0xEE, 0xEE, 0xEE, 0xED, 0xEE, 0xEE, 0xEE, 0xEE, 0xED, 0xEE, 0xEE, 
	0xDD, 0xDD, 0xD8, 0x7B, 0x56, 0x64, 0x22, 0x12, 0x24, 0x44, 0x42, 0x44, 0x57, 0xCC, 0x99, 0x9D, 
	0x99, 0xCD, 0x98, 0x97, 0x87, 0x66, 0x64, 0x64, 0x44, 0x22, 0x44, 0x44, 0x22, 0x11, 0x11, 0x22, 
	0x24, 0x21, 0x11, 0x11, 0x00, 0x00, 0x11, 0x11, 0x22, 0x11, 0x00, 0x00, 0x00, 0x00, 0x00, 0x00, 
	0x00, 0x00, 0x00, 0x00, 0x00, 0x00, 0x00, 0x01, 0x11, 0x12, 0x12, 0x22, 0x23, 0x22, 0x23, 0x22, 
	0x22, 0x22, 0x22, 0x22, 0x22, 0x12, 0x32, 0x22, 0x21, 0x22, 0x23, 0x46, 0x55, 0x57, 0x79, 0x79, 
	0x99, 0x99, 0x99, 0xDD, 0x9D, 0xEE, 0xDE, 0xED, 0xED, 0xD9, 0xD9, 0x99, 0x99, 0x99, 0xD9, 0x77, 
	0x63, 0x33, 0x46, 0x64, 0x35, 0x65, 0x65, 0x65, 0x77, 0x55, 0x77, 0x77, 0x66, 0x53, 0x55, 0x55, 
	0x53, 0x33, 0x34, 0x22, 0x11, 0x01, 0x12, 0x22, 0x33, 0x34, 0x33, 0x43, 0x42, 0x21, 0x22, 0x22, 
	0x21, 0x11, 0x11, 0x10, 0x11, 0x26, 0xA6, 0x64, 0x64, 0x46, 0xB9, 0x77, 0x77, 0x77, 0x57, 0x75, 
	0x57, 0x79, 0x99, 0x9D, 0x9D, 0xDD, 0xDD, 0xDD, 0xEE, 0xDE, 0xDD, 0xDD, 0xDD, 0xDD, 0xDE, 0xDD, 
	0x9D, 0x99, 0x97, 0x55, 0x35, 0x44, 0x22, 0x12, 0x24, 0x24, 0x44, 0x36, 0x77, 0xDD, 0xDD, 0xDE, 
	0xDD, 0xEE, 0xD9, 0x97, 0x76, 0x56, 0x66, 0x44, 0x43, 0x42, 0x44, 0x42, 0x22, 0x22, 0x22, 0x44, 
	0x42, 0x42, 0x21, 0x11, 0x11, 0x11, 0x22, 0x22, 0x33, 0x22, 0x00, 0x00, 0x00, 0x00, 0x00, 0x00, 
	0x00, 0x00, 0x01, 0x22, 0x21, 0x10, 0x00, 0x01, 0x00, 0x00, 0x01, 0x11, 0x12, 0x12, 0x22, 0x22, 
	0x22, 0x22, 0x32, 0x22, 0x11, 0x22, 0x21, 0x22, 0x22, 0x22, 0x32, 0x22, 0x33, 0x33, 0x55, 0x77, 
	0x75, 0x77, 0x7B, 0xCC, 0x9D, 0xDD, 0x9E, 0x99, 0xD9, 0x99, 0x99, 0x9D, 0x99, 0x99, 0x75, 0x53, 
	0x22, 0x44, 0x42, 0x22, 0x33, 0x33, 0x33, 0x33, 0x55, 0x55, 0x34, 0x44, 0x66, 0x44, 0x46, 0x46, 
	0x43, 0x24, 0x22, 0x22, 0x21, 0x11, 0x12, 0x24, 0x33, 0x44, 0x44, 0x33, 0x22, 0x21, 0x21, 0x12, 
	0x21, 0x11, 0x11, 0x00, 0x14, 0x44, 0x44, 0x33, 0x24, 0x6B, 0x99, 0x77, 0x79, 0x99, 0x97, 0x77, 
	0x99, 0x97, 0x77, 0x77, 0x99, 0x99, 0x9D, 0x99, 0xCC, 0xDC, 0xDD, 0xDD, 0xDD, 0xD9, 0x99, 0xD9, 
	0x99, 0x97, 0x75, 0x55, 0x66, 0xA6, 0x41, 0x11, 0x11, 0x12, 0x4A, 0x65, 0x79, 0xDD, 0xDE, 0xEE, 
	0xED, 0xED, 0xDD, 0x99, 0x77, 0x53, 0x34, 0x44, 0x33, 0x46, 0x44, 0x42, 0x22, 0x44, 0x42, 0x22, 
	0x22, 0x24, 0x24, 0x44, 0x34, 0x34, 0x35, 0x55, 0x55, 0x53, 0x21, 0x10, 0x00, 0x00, 0x00, 0x00, 
	0x00, 0x00, 0x12, 0x22, 0x11, 0x10, 0x00, 0x00, 0x00, 0x00, 0x00, 0x00, 0x01, 0x12, 0x11, 0x12, 
	0x11, 0x12, 0x21, 0x11, 0x22, 0x21, 0x11, 0x11, 0x22, 0x32, 0x22, 0x22, 0x22, 0x23, 0x43, 0x65, 
	0x55, 0x55, 0x67, 0x8B, 0x7C, 0x99, 0x9D, 0x99, 0x99, 0x97, 0x79, 0x99, 0x99, 0x99, 0x75, 0x32, 
	0x22, 0x22, 0x21, 0x12, 0x23, 0x33, 0x23, 0x35, 0x66, 0x53, 0x33, 0x34, 0x44, 0x44, 0x46, 0x64, 
	0x42, 0x22, 0x22, 0x22, 0x21, 0x12, 0x22, 0x24, 0x44, 0x43, 0x43, 0x22, 0x22, 0x22, 0x21, 0x21, 
	0x11, 0x11, 0x11, 0x00, 0x24, 0x44, 0x45, 0x33, 0x36, 0xB8, 0x77, 0x79, 0x99, 0xDD, 0xD9, 0x99, 
	0xDD, 0xD9, 0x97, 0x97, 0x77, 0x77, 0xC9, 0x98, 0xBB, 0xC8, 0x9C, 0x99, 0xDD, 0x97, 0x77, 0x99, 
	0x99, 0x88, 0x76, 0x7B, 0xB8, 0xBA, 0x42, 0x11, 0x11, 0x12, 0x66, 0x65, 0x57, 0xCC, 0xDD, 0xDE, 
	0xDD, 0xEE, 0xED, 0x97, 0x77, 0x53, 0x34, 0x46, 0x66, 0x6B, 0x64, 0x44, 0x34, 0x46, 0x44, 0x44, 
	0x42, 0x24, 0x46, 0x45, 0x35, 0x55, 0x55, 0x57, 0x55, 0x66, 0x32, 0x22, 0x11, 0x10, 0x00, 0x00, 
	0x11, 0x11, 0x22, 0x22, 0x11, 0x10, 0x00, 0x00, 0x00, 0x00, 0x00, 0x00, 0x00, 0x11, 0x11, 0x12, 
	0x11, 0x11, 0x21, 0x11, 0x22, 0x11, 0x01, 0x11, 0x22, 0x32, 0x22, 0x22, 0x22, 0x23, 0x43, 0x43, 
	0x33, 0x33, 0x66, 0x66, 0x7B, 0x99, 0x99, 0x99, 0x99, 0x97, 0x79, 0x99, 0x79, 0x99, 0x75, 0x22, 
	0x21, 0x22, 0x21, 0x22, 0x33, 0x33, 0x33, 0x35, 0x66, 0x53, 0x33, 0x33, 0x24, 0x43, 0x46, 0x64, 
	0x42, 0x22, 0x22, 0x22, 0x21, 0x12, 0x22, 0x22, 0x44, 0x43, 0x23, 0x22, 0x22, 0x22, 0x21, 0x21, 
	0x11, 0x11, 0x11, 0x00, 0x22, 0x24, 0x45, 0x33, 0x36, 0x8C, 0x77, 0x79, 0x99, 0xDD, 0xDD, 0xDD, 
	0xDD, 0xD9, 0x97, 0x97, 0x77, 0x77, 0xC9, 0x77, 0xBB, 0xBB, 0x8B, 0x89, 0xCC, 0x97, 0x77, 0x99, 
	0x99, 0x88, 0x86, 0x7B, 0xB8, 0xB6, 0x42, 0x11, 0x11, 0x12, 0x46, 0x63, 0x57, 0xCC, 0xCC, 0xCD, 
	0xDD, 0xDE, 0xDD, 0x97, 0x79, 0x76, 0x64, 0x46, 0x66, 0x8B, 0xA4, 0x34, 0x34, 0x46, 0x66, 0x64, 
	0x42, 0x24, 0x46, 0x45, 0x35, 0x55, 0x55, 0x57, 0x55, 0x66, 0x33, 0x33, 0x21, 0x10, 0x11, 0x11, 
	0x32, 0x22, 0x32, 0x22, 0x11, 0x00, 0x00, 0x00, 0x00, 0x00, 0x00, 0x00, 0x00, 0x00, 0x10, 0x01, 
	0x00, 0x00, 0x11, 0x11, 0x11, 0x01, 0x11, 0x11, 0x11, 0x21, 0x12, 0x12, 0x22, 0x12, 0x22, 0x22, 
	0x32, 0x32, 0x44, 0x44, 0x55, 0x77, 0x77, 0x77, 0x77, 0x77, 0x77, 0x97, 0x57, 0x77, 0x75, 0x32, 
	0x21, 0x12, 0x22, 0x35, 0x75, 0x55, 0x75, 0x57, 0x76, 0x55, 0x33, 0x22, 0x22, 0x22, 0x24, 0x42, 
	0x22, 0x11, 0x22, 0x44, 0x21, 0x12, 0x11, 0x21, 0x22, 0x24, 0x22, 0x22, 0x21, 0x12, 0x12, 0x11, 
	0x11, 0x11, 0x11, 0x01, 0x11, 0x14, 0x44, 0x53, 0x36, 0x88, 0x79, 0x79, 0x7C, 0xDC, 0xDD, 0xDD, 
	0xDD, 0xDD, 0xD9, 0x77, 0x77, 0xB8, 0x87, 0x55, 0x66, 0xB6, 0xB8, 0xB8, 0x8B, 0x87, 0xB8, 0xC8, 
	0xC9, 0xCC, 0xB6, 0x66, 0x66, 0x64, 0x44, 0x11, 0x11, 0x24, 0x24, 0x64, 0x56, 0x88, 0x88, 0x89, 
	0xDD, 0xCE, 0xCD, 0x99, 0x9D, 0x9C, 0xB6, 0x4A, 0x77, 0x8B, 0x86, 0x33, 0x43, 0x66, 0xA6, 0xA6, 
	0x44, 0x23, 0x43, 0x65, 0x55, 0x57, 0x77, 0x77, 0x77, 0x55, 0x55, 0x32, 0x22, 0x11, 0x22, 0x22, 
	0x33, 0x33, 0x33, 0x32, 0x21, 0x00, 0x00, 0x00, 0x00, 0x00, 0x00, 0x00, 0x00, 0x00, 0x10, 0x00, 
	0x00, 0x00, 0x00, 0x00, 0x00, 0x00, 0x00, 0x01, 0x11, 0x11, 0x11, 0x11, 0x11, 0x11, 0x11, 0x11, 
	0x22, 0x22, 0x22, 0x44, 0x33, 0x65, 0x55, 0x55, 0x77, 0x55, 0x57, 0x77, 0x75, 0x77, 0x65, 0x32, 
	0x22, 0x24, 0x55, 0x77, 0x99, 0x78, 0x97, 0x55, 0x55, 0x35, 0x53, 0x33, 0x33, 0x22, 0x22, 0x22, 
	0x11, 0x11, 0x12, 0x22, 0x11, 0x11, 0x11, 0x11, 0x11, 0x22, 0x22, 0x11, 0x11, 0x11, 0x11, 0x11, 
	0x11, 0x11, 0x11, 0x01, 0x00, 0x12, 0x24, 0x43, 0x36, 0x6B, 0x76, 0xB8, 0x77, 0x9D, 0x9C, 0xC7, 
	0x99, 0xDD, 0xD9, 0x97, 0x6B, 0x8B, 0x87, 0x53, 0x64, 0x66, 0x88, 0x8B, 0xB8, 0x8B, 0x76, 0xA7, 
	0x78, 0x7B, 0x8B, 0x65, 0x44, 0x44, 0x42, 0x11, 0x12, 0x22, 0x24, 0x66, 0x36, 0x68, 0x88, 0x88, 
	0x9C, 0xDD, 0x9C, 0x79, 0x9D, 0xDC, 0x8A, 0x64, 0x57, 0x7C, 0x8B, 0x63, 0x46, 0x66, 0x6A, 0xA6, 
	0x53, 0x33, 0x35, 0x55, 0x77, 0x77, 0x77, 0x77, 0x77, 0x75, 0x53, 0x32, 0x11, 0x22, 0x45, 0x33, 
	0x33, 0x55, 0x53, 0x32, 0x22, 0x10, 0x00, 0x00, 0x00, 0x01, 0x00, 0x00, 0x10, 0x00, 0x00, 0x00, 
	0x00, 0x00, 0x00, 0x00, 0x00, 0x00, 0x00, 0x00, 0x01, 0x11, 0x11, 0x11, 0x00, 0x01, 0x11, 0x11, 
	0x11, 0x11, 0x22, 0x22, 0x33, 0x45, 0x55, 0x55, 0x55, 0x55, 0x55, 0x55, 0x55, 0x75, 0x66, 0x33, 
	0x24, 0x48, 0x88, 0x87, 0x79, 0x97, 0x77, 0x57, 0x55, 0x55, 0x55, 0x33, 0x55, 0x33, 0x33, 0x32, 
	0x11, 0x11, 0x11, 0x11, 0x10, 0x00, 0x00, 0x00, 0x11, 0x11, 0x11, 0x10, 0x11, 0x01, 0x11, 0x11, 
	0x10, 0x00, 0x10, 0x01, 0x11, 0x11, 0x24, 0x24, 0x34, 0x66, 0x66, 0x66, 0x77, 0x7C, 0x98, 0x87, 
	0x99, 0x99, 0x99, 0x77, 0xB8, 0xA6, 0x66, 0x33, 0x34, 0x44, 0x68, 0x8A, 0x66, 0xB6, 0x66, 0x65, 
	0x77, 0x66, 0x66, 0x63, 0x43, 0x22, 0x44, 0x22, 0x22, 0x22, 0x24, 0x46, 0x34, 0x46, 0xAA, 0x8B, 
	0x78, 0x99, 0x98, 0x97, 0x99, 0x98, 0x76, 0x44, 0x57, 0x78, 0x8B, 0x73, 0x34, 0x66, 0x46, 0x66, 
	0x34, 0x43, 0x56, 0x57, 0x55, 0x77, 0x77, 0x77, 0x77, 0x55, 0x53, 0x33, 0x22, 0x22, 0x23, 0x53, 
	0x33, 0x55, 0x53, 0x32, 0x22, 0x10, 0x00, 0x11, 0x11, 0x11, 0x11, 0x10, 0x10, 0x00, 0x00, 0x00, 
	0x00, 0x00, 0x00, 0x00, 0x00, 0x00, 0x00, 0x00, 0x01, 0x11, 0x11, 0x01, 0x00, 0x01, 0x11, 0x11, 
	0x11, 0x11, 0x12, 0x22, 0x33, 0x45, 0x55, 0x55, 0x55, 0x55, 0x55, 0x55, 0x55, 0x75, 0x66, 0x33, 
	0x24, 0x6C, 0x88, 0x87, 0x79, 0x97, 0x77, 0x57, 0x55, 0x55, 0x55, 0x35, 0x56, 0x67, 0x55, 0x32, 
	0x11, 0x11, 0x11, 0x11, 0x10, 0x00, 0x00, 0x00, 0x11, 0x11, 0x11, 0x10, 0x11, 0x01, 0x01, 0x11, 
	0x10, 0x00, 0x10, 0x01, 0x11, 0x11, 0x22, 0x24, 0x44, 0x66, 0x66, 0x66, 0x77, 0x7B, 0x97, 0x77, 
	0x99, 0x79, 0x79, 0x77, 0xB7, 0x66, 0x64, 0x33, 0x32, 0x23, 0x66, 0x86, 0x66, 0xA6, 0x66, 0x55, 
	0x77, 0x66, 0x66, 0x63, 0x44, 0x22, 0x44, 0x24, 0x42, 0x22, 0x24, 0x44, 0x44, 0x46, 0x6A, 0x8B, 
	0x87, 0x87, 0x88, 0x87, 0x97, 0x78, 0x75, 0x44, 0x57, 0x55, 0x66, 0x53, 0x34, 0x64, 0x44, 0x66, 
	0x44, 0x43, 0x56, 0x57, 0x55, 0x77, 0x77, 0x77, 0x77, 0x55, 0x53, 0x33, 0x33, 0x22, 0x23, 0x53, 
	0x33, 0x56, 0x53, 0x33, 0x32, 0x21, 0x11, 0x22, 0x23, 0x32, 0x22, 0x21, 0x11, 0x10, 0x10, 0x00, 
	0x00, 0x00, 0x00, 0x00, 0x00, 0x00, 0x00, 0x00, 0x00, 0x00, 0x00, 0x00, 0x10, 0x11, 0x10, 0x11, 
	0x00, 0x11, 0x01, 0x22, 0x33, 0x66, 0x66, 0x66, 0x55, 0x33, 0x33, 0x53, 0x35, 0x55, 0x54, 0x42, 
	0x33, 0xBB, 0x67, 0x97, 0x99, 0x99, 0x87, 0x7B, 0x77, 0x75, 0x75, 0x57, 0x76, 0x88, 0x86, 0x32, 
	0x00, 0x01, 0x01, 0x11, 0x01, 0x11, 0x11, 0x00, 0x00, 0x11, 0x11, 0x10, 0x11, 0x10, 0x00, 0x00, 
	0x01, 0x00, 0x00, 0x11, 0x01, 0x11, 0x11, 0x22, 0x44, 0x44, 0x46, 0x46, 0xA6, 0xB6, 0x79, 0x99, 
	0x78, 0x77, 0x77, 0x75, 0x65, 0x56, 0x64, 0x23, 0x22, 0x22, 0x44, 0x66, 0xA6, 0x66, 0x66, 0x46, 
	0x66, 0x66, 0x66, 0x44, 0x44, 0x42, 0x22, 0x46, 0x63, 0x32, 0x24, 0x44, 0x42, 0x23, 0x46, 0xAA, 
	0xA7, 0xB7, 0xBB, 0xB8, 0x75, 0x77, 0x76, 0x33, 0x66, 0x44, 0x44, 0x22, 0x44, 0x42, 0x34, 0x53, 
	0x66, 0x44, 0x43, 0x65, 0x55, 0x77, 0x57, 0x77, 0x77, 0x75, 0x55, 0x33, 0x33, 0x33, 0x23, 0x33, 
	0x33, 0x55, 0x43, 0x33, 0x33, 0x33, 0x33, 0x33, 0x35, 0x54, 0x33, 0x22, 0x10, 0x11, 0x00, 0x00, 
	0x00, 0x00, 0x00, 0x00, 0x00, 0x00, 0x00, 0x00, 0x00, 0x00, 0x00, 0x00, 0x00, 0x00, 0x00, 0x11, 
	0x10, 0x10, 0x12, 0x24, 0x35, 0x66, 0x55, 0x66, 0x43, 0x33, 0x33, 0x33, 0x22, 0x33, 0x23, 0x23, 
	0x23, 0x33, 0x55, 0x79, 0x79, 0x77, 0x76, 0xB8, 0x75, 0x55, 0x57, 0x77, 0x67, 0x66, 0x66, 0x31, 
	0x11, 0x10, 0x00, 0x01, 0x01, 0x22, 0x21, 0x10, 0x10, 0x11, 0x11, 0x10, 0x00, 0x11, 0x00, 0x00, 
	0x00, 0x01, 0x01, 0x00, 0x11, 0x11, 0x11, 0x11, 0x22, 0x22, 0x34, 0x44, 0x46, 0x66, 0xB9, 0xC7, 
	0x88, 0x77, 0x57, 0x75, 0x53, 0x46, 0x44, 0x44, 0x21, 0x12, 0x22, 0x44, 0x66, 0x46, 0x34, 0x34, 
	0x64, 0x42, 0x22, 0x42, 0x22, 0x44, 0x24, 0x44, 0x66, 0x44, 0x24, 0x44, 0x42, 0x22, 0x22, 0x46, 
	0x67, 0x66, 0x65, 0x65, 0x55, 0x56, 0x6A, 0x66, 0x44, 0x44, 0x43, 0x22, 0x42, 0x22, 0x66, 0xA6, 
	0x44, 0x34, 0x34, 0x54, 0x35, 0x55, 0x55, 0x77, 0x77, 0x77, 0x75, 0x57, 0x55, 0x53, 0x33, 0x33, 
	0x55, 0x55, 0x55, 0x53, 0x33, 0x33, 0x33, 0x33, 0x33, 0x32, 0x22, 0x11, 0x11, 0x11, 0x11, 0x00, 
	0x10, 0x00, 0x00, 0x01, 0x00, 0x01, 0x00, 0x00, 0x00, 0x00, 0x00, 0x00, 0x00, 0x00, 0x00, 0x00, 
	0x00, 0x01, 0x22, 0x46, 0x45, 0x66, 0x33, 0x33, 0x33, 0x33, 0x33, 0x33, 0x33, 0x22, 0x22, 0x22, 
	0x22, 0x35, 0x57, 0x77, 0x77, 0x77, 0x77, 0x77, 0x55, 0x55, 0x55, 0x57, 0x55, 0x55, 0x34, 0x32, 
	0x11, 0x21, 0x11, 0x00, 0x11, 0x22, 0x21, 0x11, 0x21, 0x22, 0x22, 0x21, 0x10, 0x01, 0x01, 0x01, 
	0x00, 0x00, 0x10, 0x11, 0x10, 0x11, 0x10, 0x01, 0x22, 0x22, 0x22, 0x22, 0x24, 0x66, 0xB8, 0xB8, 
	0x66, 0x65, 0x55, 0x55, 0x66, 0x64, 0x44, 0x22, 0x22, 0x11, 0x11, 0x22, 0x46, 0x64, 0x42, 0x22, 
	0x44, 0x22, 0x12, 0x22, 0x22, 0x44, 0x42, 0x44, 0x64, 0x46, 0x44, 0x44, 0x42, 0x22, 0x22, 0x24, 
	0x46, 0x66, 0x66, 0x66, 0x43, 0x34, 0x46, 0x44, 0x46, 0x66, 0x64, 0x32, 0x22, 0x24, 0x6A, 0x66, 
	0x33, 0x34, 0x33, 0x44, 0x56, 0x55, 0x75, 0x77, 0x99, 0x77, 0x77, 0x77, 0x77, 0x55, 0x55, 0x35, 
	0x55, 0x55, 0x55, 0x53, 0x33, 0x33, 0x33, 0x32, 0x33, 0x32, 0x22, 0x11, 0x22, 0x12, 0x21, 0x11, 
	0x11, 0x00, 0x00, 0x01, 0x11, 0x11, 0x11, 0x11, 0x11, 0x11, 0x00, 0x11, 0x21, 0x10, 0x00, 0x00, 
	0x00, 0x01, 0x22, 0x46, 0x46, 0x66, 0x43, 0x33, 0x33, 0x32, 0x33, 0x33, 0x33, 0x22, 0x12, 0x21, 
	0x12, 0x35, 0x57, 0x77, 0x77, 0x77, 0x77, 0x77, 0x55, 0x55, 0x55, 0x57, 0x55, 0x55, 0x32, 0x32, 
	0x11, 0x21, 0x11, 0x00, 0x11, 0x22, 0x21, 0x11, 0x24, 0x33, 0x34, 0x22, 0x10, 0x01, 0x01, 0x01, 
	0x00, 0x00, 0x10, 0x11, 0x10, 0x11, 0x10, 0x01, 0x22, 0x22, 0x32, 0x22, 0x22, 0x46, 0x66, 0x68, 
	0x63, 0x45, 0x45, 0x55, 0x66, 0x64, 0x24, 0x22, 0x22, 0x10, 0x11, 0x22, 0x44, 0x64, 0x42, 0x22, 
	0x22, 0x22, 0x12, 0x12, 0x22, 0x44, 0x42, 0x44, 0x44, 0x46, 0x64, 0x44, 0x42, 0x22, 0x22, 0x24, 
	0x46, 0x6A, 0x66, 0x66, 0x43, 0x34, 0x44, 0x44, 0x46, 0xA6, 0x64, 0x32, 0x21, 0x26, 0x6A, 0x66, 
	0x33, 0x34, 0x33, 0x44, 0x56, 0x55, 0x75, 0x77, 0x99, 0x77, 0x77, 0x77, 0x77, 0x57, 0x55, 0x35, 
	0x77, 0x57, 0x55, 0x75, 0x55, 0x53, 0x33, 0x32, 0x33, 0x22, 0x22, 0x22, 0x33, 0x23, 0x22, 0x33, 
	0x22, 0x11, 0x00, 0x02, 0x22, 0x42, 0x22, 0x22, 0x22, 0x22, 0x12, 0x22, 0x42, 0x21, 0x11, 0x00, 
	0x11, 0x11, 0x12, 0x44, 0x66, 0x66, 0x63, 0x33, 0x32, 0x22, 0x32, 0x32, 0x43, 0x22, 0x22, 0x10, 
	0x12, 0x46, 0x67, 0x77, 0x79, 0x99, 0x97, 0x55, 0x77, 0x76, 0x55, 0x55, 0x33, 0x45, 0x43, 0x22, 
	0x22, 0x21, 0x21, 0x10, 0x12, 0x21, 0x22, 0x22, 0x46, 0x55, 0x56, 0x33, 0x21, 0x00, 0x00, 0x10, 
	0x01, 0x00, 0x00, 0x11, 0x11, 0x12, 0x21, 0x12, 0x43, 0x33, 0x53, 0x22, 0x22, 0x24, 0x43, 0x46, 
	0x42, 0x34, 0x44, 0x46, 0x46, 0x44, 0x42, 0x22, 0x22, 0x21, 0x12, 0x11, 0x22, 0x42, 0x22, 0x22, 
	0x11, 0x11, 0x21, 0x11, 0x22, 0x24, 0x24, 0x42, 0x22, 0x44, 0x44, 0x42, 0x21, 0x22, 0x21, 0x12, 
	0x33, 0xBB, 0xBB, 0xA6, 0x42, 0x22, 0x24, 0x44, 0x66, 0xAA, 0xA6, 0x32, 0x22, 0x24, 0x66, 0x44, 
	0x32, 0x33, 0x33, 0x33, 0x44, 0x55, 0x57, 0x57, 0x78, 0x78, 0x87, 0x79, 0x77, 0x55, 0x55, 0x55, 
	0x77, 0x77, 0x77, 0x57, 0x77, 0x55, 0x33, 0x33, 0x33, 0x33, 0x33, 0x33, 0x33, 0x53, 0x33, 0x35, 
	0x43, 0x32, 0x21, 0x23, 0x35, 0x55, 0x33, 0x53, 0x33, 0x54, 0x35, 0x56, 0x63, 0x33, 0x33, 0x12, 
	0x33, 0x33, 0x33, 0x34, 0x66, 0x66, 0x35, 0x32, 0x22, 0x11, 0x11, 0x22, 0x22, 0x22, 0x21, 0x11, 
	0x22, 0x46, 0x87, 0x77, 0x97, 0x99, 0x87, 0x57, 0x8B, 0xB7, 0x55, 0x33, 0x33, 0x33, 0x44, 0x42, 
	0x21, 0x11, 0x11, 0x01, 0x22, 0x21, 0x12, 0x46, 0x65, 0x57, 0x57, 0x76, 0x21, 0x11, 0x11, 0x11, 
	0x10, 0x00, 0x00, 0x11, 0x22, 0x22, 0x24, 0x46, 0x44, 0x55, 0x55, 0x42, 0x22, 0x22, 0x22, 0x24, 
	0x22, 0x22, 0x44, 0x44, 0x44, 0x42, 0x21, 0x12, 0x21, 0x12, 0x21, 0x11, 0x12, 0x22, 0x11, 0x11, 
	0x11, 0x11, 0x11, 0x11, 0x12, 0x22, 0x22, 0x22, 0x22, 0x22, 0x22, 0x21, 0x11, 0x21, 0x11, 0x11, 
	0x46, 0xAA, 0x66, 0x64, 0x22, 0x22, 0x22, 0x44, 0x44, 0x44, 0x44, 0x22, 0x12, 0x44, 0x44, 0x44, 
	0x33, 0x33, 0x22, 0x22, 0x23, 0x33, 0x55, 0x55, 0x77, 0x77, 0x75, 0x55, 0x55, 0x57, 0x77, 0x77, 
	0x56, 0x77, 0x77, 0x77, 0x77, 0x77, 0x53, 0x33, 0x55, 0x53, 0x33, 0x33, 0x33, 0x33, 0x33, 0x35, 
	0x54, 0x33, 0x22, 0x35, 0x57, 0x77, 0x55, 0x55, 0x55, 0x75, 0x77, 0x98, 0x75, 0x55, 0x55, 0x36, 
	0x55, 0x53, 0x33, 0x33, 0x34, 0x45, 0x53, 0x33, 0x22, 0x11, 0x11, 0x11, 0x12, 0x22, 0x21, 0x11, 
	0x12, 0x46, 0x66, 0x67, 0x79, 0x88, 0x85, 0x56, 0x66, 0x66, 0x55, 0x54, 0x33, 0x22, 0x24, 0x22, 
	0x21, 0x11, 0x22, 0x11, 0x23, 0x22, 0x12, 0x24, 0x55, 0x55, 0x77, 0xBB, 0x42, 0x22, 0x22, 0x21, 
	0x00, 0x00, 0x10, 0x11, 0x22, 0x21, 0x22, 0x44, 0x66, 0x55, 0x55, 0x54, 0x21, 0x11, 0x11, 0x12, 
	0x21, 0x11, 0x22, 0x24, 0x44, 0x22, 0x11, 0x12, 0x11, 0x11, 0x21, 0x11, 0x11, 0x11, 0x11, 0x11, 
	0x11, 0x11, 0x11, 0x11, 0x11, 0x11, 0x11, 0x11, 0x11, 0x11, 0x12, 0x22, 0x22, 0x11, 0x21, 0x12, 
	0x46, 0x6A, 0x64, 0x43, 0x22, 0x21, 0x11, 0x22, 0x22, 0x24, 0x22, 0x22, 0x11, 0x22, 0x22, 0x22, 
	0x43, 0x43, 0x42, 0x22, 0x22, 0x33, 0x33, 0x55, 0x55, 0x56, 0x53, 0x33, 0x33, 0x56, 0x65, 0x55, 
	0x55, 0x77, 0x77, 0x77, 0x77, 0x77, 0x53, 0x35, 0x55, 0x53, 0x33, 0x32, 0x33, 0x33, 0x33, 0x35, 
	0x54, 0x33, 0x33, 0x55, 0x77, 0x77, 0x75, 0x57, 0x77, 0x77, 0x9C, 0xD9, 0x77, 0x77, 0x77, 0x78, 
	0x76, 0x53, 0x32, 0x33, 0x33, 0x45, 0x53, 0x33, 0x22, 0x11, 0x11, 0x11, 0x12, 0x22, 0x21, 0x11, 
	0x12, 0x44, 0x66, 0x67, 0x79, 0x88, 0x85, 0x56, 0x66, 0x66, 0x55, 0x54, 0x43, 0x22, 0x24, 0x22, 
	0x21, 0x11, 0x22, 0x22, 0x23, 0x22, 0x22, 0x24, 0x55, 0x55, 0x77, 0xBB, 0xA4, 0x32, 0x22, 0x21, 
	0x00, 0x00, 0x10, 0x11, 0x22, 0x22, 0x22, 0x44, 0x66, 0x55, 0x55, 0x54, 0x21, 0x11, 0x11, 0x11, 
	0x21, 0x11, 0x12, 0x22, 0x24, 0x22, 0x11, 0x12, 0x11, 0x11, 0x21, 0x11, 0x11, 0x11, 0x11, 0x11, 
	0x11, 0x11, 0x11, 0x11, 0x11, 0x11, 0x11, 0x11, 0x11, 0x11, 0x12, 0x42, 0x22, 0x11, 0x22, 0x22, 
	0x46, 0x66, 0x44, 0x43, 0x22, 0x21, 0x11, 0x12, 0x22, 0x22, 0x22, 0x22, 0x11, 0x11, 0x12, 0x22, 
	0x42, 0x44, 0x42, 0x22, 0x22, 0x33, 0x33, 0x53, 0x33, 0x34, 0x33, 0x33, 0x33, 0x56, 0x45, 0x55, 
	0x35, 0x56, 0x89, 0x79, 0x79, 0x77, 0x75, 0x57, 0x77, 0x55, 0x33, 0x23, 0x23, 0x32, 0x23, 0x46, 
	0x75, 0x55, 0x55, 0x77, 0x77, 0x97, 0x77, 0x79, 0x99, 0x99, 0x9D, 0x9D, 0x99, 0x99, 0x97, 0x99, 
	0x77, 0x53, 0x33, 0x33, 0x33, 0x56, 0x65, 0x33, 0x22, 0x21, 0x21, 0x11, 0x11, 0x22, 0x11, 0x11, 
	0x12, 0x32, 0x45, 0x57, 0x88, 0x7A, 0x64, 0x34, 0x53, 0x55, 0x66, 0x66, 0x64, 0x32, 0x22, 0x24, 
	0x22, 0x21, 0x24, 0x44, 0x33, 0x33, 0x23, 0x46, 0x67, 0x77, 0x79, 0x8B, 0xB6, 0x54, 0x32, 0x22, 
	0x21, 0x10, 0x01, 0x11, 0x11, 0x24, 0x44, 0x44, 0x35, 0x67, 0x76, 0x34, 0x22, 0x11, 0x01, 0x11, 
	0x11, 0x11, 0x01, 0x11, 0x22, 0x22, 0x22, 0x12, 0x11, 0x11, 0x11, 0x11, 0x11, 0x11, 0x11, 0x01, 
	0x10, 0x11, 0x11, 0x11, 0x11, 0x11, 0x11, 0x11, 0x11, 0x11, 0x24, 0x64, 0x42, 0x22, 0x44, 0x24, 
	0x44, 0x44, 0x24, 0x44, 0x44, 0x21, 0x11, 0x11, 0x11, 0x11, 0x11, 0x21, 0x11, 0x11, 0x12, 0x22, 
	0x22, 0x24, 0x24, 0x22, 0x22, 0x22, 0x22, 0x33, 0x22, 0x22, 0x22, 0x22, 0x22, 0x33, 0x23, 0x33, 
	0x23, 0x33, 0x65, 0x75, 0x77, 0x79, 0x77, 0x77, 0x77, 0x55, 0x33, 0x33, 0x33, 0x33, 0x23, 0x57, 
	0x57, 0x77, 0x57, 0x77, 0x79, 0x99, 0x79, 0x97, 0x99, 0x99, 0x99, 0x99, 0x99, 0x99, 0x99, 0xD7, 
	0x97, 0x75, 0x56, 0x66, 0x66, 0x66, 0x63, 0x32, 0x11, 0x22, 0x22, 0x11, 0x01, 0x11, 0x11, 0x10, 
	0x11, 0x12, 0x23, 0x35, 0x66, 0x54, 0x43, 0x22, 0x23, 0x23, 0x34, 0x56, 0x43, 0x21, 0x21, 0x11, 
	0x21, 0x12, 0x26, 0x6A, 0x66, 0x65, 0x35, 0x66, 0xBB, 0x99, 0x78, 0x8B, 0x77, 0x55, 0x56, 0x56, 
	0x64, 0x21, 0x10, 0x11, 0x12, 0x44, 0x66, 0x66, 0x46, 0x77, 0x77, 0x66, 0x44, 0x22, 0x11, 0x01, 
	0x11, 0x10, 0x10, 0x11, 0x11, 0x11, 0x11, 0x11, 0x11, 0x11, 0x11, 0x11, 0x11, 0x10, 0x11, 0x11, 
	0x01, 0x10, 0x10, 0x11, 0x11, 0x11, 0x11, 0x11, 0x11, 0x24, 0x4A, 0xAA, 0x44, 0x44, 0x46, 0x42, 
	0x22, 0x22, 0x24, 0x44, 0x64, 0x42, 0x21, 0x21, 0x11, 0x11, 0x11, 0x11, 0x11, 0x11, 0x11, 0x11, 
	0x12, 0x22, 0x22, 0x24, 0x22, 0x22, 0x22, 0x22, 0x22, 0x22, 0x22, 0x12, 0x22, 0x22, 0x22, 0x21, 
	0x22, 0x33, 0x33, 0x55, 0x55, 0x77, 0x77, 0x97, 0x77, 0x55, 0x33, 0x33, 0x55, 0x53, 0x33, 0x55, 
	0x76, 0x55, 0x55, 0x57, 0x77, 0x99, 0x99, 0x99, 0x99, 0x9D, 0x99, 0x77, 0x99, 0x99, 0x99, 0x99, 
	0x97, 0x75, 0x55, 0x66, 0x57, 0x55, 0x33, 0x31, 0x12, 0x22, 0x22, 0x10, 0x11, 0x01, 0x11, 0x00, 
	0x01, 0x11, 0x12, 0x44, 0x43, 0x32, 0x22, 0x11, 0x12, 0x22, 0x22, 0x44, 0x42, 0x11, 0x21, 0x11, 
	0x12, 0x22, 0x36, 0x56, 0x57, 0x55, 0x66, 0x66, 0x89, 0x97, 0x97, 0x77, 0x97, 0x55, 0x77, 0x77, 
	0x86, 0x32, 0x21, 0x12, 0x22, 0x24, 0x44, 0x64, 0x34, 0x66, 0x66, 0x55, 0x44, 0x22, 0x11, 0x11, 
	0x10, 0x11, 0x11, 0x11, 0x11, 0x11, 0x10, 0x11, 0x11, 0x11, 0x11, 0x11, 0x11, 0x11, 0x11, 0x11, 
	0x11, 0x01, 0x11, 0x11, 0x11, 0x10, 0x11, 0x11, 0x11, 0x44, 0x6A, 0x66, 0x44, 0x66, 0x44, 0x22, 
	0x24, 0x42, 0x22, 0x44, 0x44, 0x44, 0x42, 0x21, 0x11, 0x10, 0x01, 0x11, 0x11, 0x11, 0x11, 0x11, 
	0x11, 0x11, 0x11, 0x12, 0x22, 0x22, 0x42, 0x22, 0x22, 0x22, 0x11, 0x11, 0x12, 0x21, 0x22, 0x22, 
	0x22, 0x32, 0x33, 0x35, 0x55, 0x77, 0x77, 0x97, 0x77, 0x55, 0x33, 0x33, 0x55, 0x53, 0x33, 0x55, 
	0x75, 0x55, 0x55, 0x57, 0x77, 0x99, 0x99, 0xD9, 0x99, 0x9D, 0x99, 0x77, 0x99, 0x99, 0x99, 0x99, 
	0x97, 0x75, 0x55, 0x54, 0x57, 0x55, 0x33, 0x32, 0x12, 0x22, 0x22, 0x21, 0x11, 0x11, 0x11, 0x00, 
	0x01, 0x11, 0x12, 0x44, 0x43, 0x22, 0x22, 0x11, 0x11, 0x22, 0x22, 0x44, 0x42, 0x11, 0x21, 0x11, 
	0x12, 0x44, 0x36, 0x55, 0x57, 0x75, 0x66, 0x66, 0x89, 0x97, 0x97, 0x77, 0x97, 0x55, 0x77, 0x77, 
	0x8A, 0x32, 0x22, 0x22, 0x42, 0x24, 0x24, 0x64, 0x33, 0x66, 0x66, 0x55, 0x44, 0x22, 0x11, 0x11, 
	0x10, 0x11, 0x11, 0x11, 0x11, 0x11, 0x10, 0x11, 0x11, 0x11, 0x11, 0x11, 0x01, 0x11, 0x11, 0x11, 
	0x11, 0x01, 0x11, 0x11, 0x11, 0x10, 0x11, 0x11, 0x11, 0x24, 0x66, 0x44, 0x44, 0x66, 0x44, 0x22, 
	0x24, 0x42, 0x22, 0x44, 0x42, 0x44, 0x44, 0x21, 0x11, 0x10, 0x01, 0x11, 0x11, 0x11, 0x11, 0x11, 
	0x11, 0x11, 0x11, 0x11, 0x22, 0x22, 0x22, 0x22, 0x21, 0x22, 0x11, 0x11, 0x12, 0x21, 0x22, 0x22, 
	0x22, 0x22, 0x23, 0x33, 0x55, 0x57, 0x77, 0x77, 0x75, 0x55, 0x55, 0x55, 0x57, 0x55, 0x33, 0x35, 
	0x55, 0x33, 0x55, 0x57, 0x99, 0x9D, 0xDD, 0xDD, 0x99, 0x9D, 0xD9, 0x99, 0xDD, 0xDD, 0x99, 0x99, 
	0x97, 0x75, 0x53, 0x33, 0x55, 0x53, 0x34, 0x32, 0x22, 0x24, 0x42, 0x32, 0x22, 0x21, 0x00, 0x11, 
	0x10, 0x10, 0x01, 0x22, 0x22, 0x22, 0x12, 0x11, 0x11, 0x21, 0x22, 0x22, 0x22, 0x22, 0x22, 0x21, 
	0x24, 0x66, 0x45, 0x77, 0x77, 0x87, 0x64, 0x46, 0x77, 0x78, 0x78, 0x78, 0x87, 0x55, 0x77, 0x75, 
	0x56, 0x33, 0x23, 0x44, 0x64, 0x44, 0x44, 0x43, 0x33, 0x36, 0x53, 0x33, 0x24, 0x21, 0x11, 0x11, 
	0x11, 0x01, 0x11, 0x11, 0x01, 0x10, 0x10, 0x10, 0x01, 0x11, 0x11, 0x11, 0x01, 0x11, 0x11, 0x11, 
	0x01, 0x11, 0x11, 0x00, 0x10, 0x11, 0x00, 0x11, 0x11, 0x24, 0x22, 0x22, 0x44, 0x44, 0x42, 0x22, 
	0x22, 0x21, 0x11, 0x24, 0x23, 0x22, 0x24, 0x22, 0x11, 0x11, 0x11, 0x11, 0x11, 0x10, 0x11, 0x00, 
	0x00, 0x01, 0x10, 0x11, 0x11, 0x22, 0x12, 0x21, 0x11, 0x11, 0x12, 0x22, 0x11, 0x11, 0x12, 0x22, 
	0x12, 0x22, 0x22, 0x33, 0x35, 0x55, 0x77, 0x57, 0x77, 0x55, 0x75, 0x57, 0x75, 0x55, 0x53, 0x35, 
	0x35, 0x55, 0x77, 0x79, 0xD9, 0xDE, 0xDE, 0xDD, 0x9D, 0xED, 0xEE, 0xDD, 0xDD, 0xDD, 0x99, 0x99, 
	0x99, 0x75, 0x33, 0x43, 0x33, 0x32, 0x44, 0x42, 0x21, 0x12, 0x44, 0x44, 0x44, 0x22, 0x11, 0x00, 
	0x00, 0x00, 0x01, 0x10, 0x00, 0x11, 0x11, 0x11, 0x11, 0x11, 0x11, 0x11, 0x11, 0x12, 0x22, 0x21, 
	0x24, 0x44, 0x64, 0x67, 0x68, 0xBB, 0x65, 0x44, 0x53, 0x36, 0x56, 0x6A, 0x55, 0x55, 0x57, 0x75, 
	0x43, 0x42, 0x22, 0x66, 0x43, 0x43, 0x43, 0x43, 0x64, 0x66, 0x44, 0x23, 0x22, 0x21, 0x10, 0x11, 
	0x00, 0x00, 0x10, 0x11, 0x11, 0x01, 0x01, 0x01, 0x00, 0x00, 0x10, 0x11, 0x11, 0x11, 0x01, 0x11, 
	0x11, 0x11, 0x11, 0x11, 0x11, 0x11, 0x11, 0x12, 0x23, 0x34, 0x22, 0x22, 0x22, 0x22, 0x22, 0x44, 
	0x42, 0x22, 0x12, 0x22, 0x24, 0x42, 0x22, 0x11, 0x10, 0x10, 0x11, 0x11, 0x11, 0x11, 0x01, 0x10, 
	0x00, 0x00, 0x00, 0x00, 0x11, 0x11, 0x11, 0x11, 0x12, 0x11, 0x11, 0x11, 0x10, 0x11, 0x11, 0x12, 
	0x11, 0x11, 0x22, 0x22, 0x33, 0x55, 0x77, 0x77, 0x55, 0x55, 0x75, 0x76, 0x66, 0x65, 0x33, 0x33, 
	0x33, 0x57, 0x55, 0x79, 0x9D, 0xDD, 0xDD, 0xDD, 0xDE, 0xDE, 0xDD, 0xDD, 0xDD, 0xDD, 0xD9, 0x99, 
	0x77, 0x55, 0x33, 0x32, 0x34, 0x22, 0x22, 0x22, 0x21, 0x11, 0x22, 0x22, 0x22, 0x11, 0x11, 0x00, 
	0x11, 0x11, 0x01, 0x11, 0x11, 0x11, 0x21, 0x11, 0x11, 0x11, 0x11, 0x11, 0x10, 0x11, 0x11, 0x11, 
	0x12, 0x24, 0x43, 0x46, 0x66, 0xA6, 0x64, 0x46, 0x43, 0x24, 0x33, 0x66, 0x55, 0x56, 0x66, 0x66, 
	0x44, 0x42, 0x24, 0x46, 0x44, 0x44, 0x44, 0x46, 0x46, 0x64, 0x63, 0x32, 0x22, 0x11, 0x11, 0x11, 
	0x01, 0x01, 0x00, 0x00, 0x00, 0x00, 0x10, 0x11, 0x01, 0x11, 0x11, 0x11, 0x11, 0x11, 0x11, 0x11, 
	0x11, 0x01, 0x01, 0x12, 0x22, 0x24, 0x24, 0x46, 0x55, 0x66, 0x66, 0x33, 0x22, 0x22, 0x24, 0x46, 
	0x22, 0x24, 0x24, 0x42, 0x24, 0x42, 0x21, 0x11, 0x01, 0x11, 0x11, 0x11, 0x10, 0x10, 0x11, 0x00, 
	0x11, 0x10, 0x11, 0x11, 0x11, 0x11, 0x11, 0x11, 0x11, 0x11, 0x11, 0x01, 0x00, 0x01, 0x11, 0x11, 
	0x11, 0x11, 0x22, 0x22, 0x33, 0x55, 0x77, 0x77, 0x55, 0x55, 0x75, 0x76, 0x66, 0x63, 0x32, 0x22, 
	0x33, 0x57, 0x55, 0x79, 0x99, 0xDD, 0xDD, 0xDD, 0xED, 0xDE, 0xDD, 0xDD, 0xDD, 0xDD, 0xD9, 0x99, 
	0x77, 0x55, 0x33, 0x32, 0x34, 0x22, 0x12, 0x22, 0x21, 0x11, 0x21, 0x22, 0x21, 0x11, 0x11, 0x00, 
	0x11, 0x12, 0x12, 0x22, 0x21, 0x11, 0x21, 0x11, 0x11, 0x11, 0x11, 0x11, 0x10, 0x10, 0x11, 0x11, 
	0x12, 0x24, 0x23, 0x44, 0x66, 0xA6, 0x64, 0x36, 0x43, 0x22, 0x33, 0x64, 0x55, 0x56, 0x66, 0x66, 
	0x44, 0x42, 0x24, 0x46, 0x44, 0x44, 0x44, 0x46, 0x46, 0x64, 0x63, 0x32, 0x22, 0x11, 0x11, 0x11, 
	0x01, 0x01, 0x00, 0x00, 0x00, 0x00, 0x10, 0x11, 0x11, 0x11, 0x11, 0x11, 0x01, 0x11, 0x11, 0x11, 
	0x01, 0x01, 0x01, 0x24, 0x44, 0x46, 0x6A, 0x88, 0x77, 0x99, 0xC8, 0x76, 0x63, 0x34, 0x44, 0x46, 
	0x22, 0x24, 0x24, 0x42, 0x24, 0x21, 0x21, 0x11, 0x01, 0x11, 0x11, 0x11, 0x10, 0x10, 0x11, 0x00, 
	0x11, 0x10, 0x11, 0x11, 0x11, 0x11, 0x11, 0x11, 0x11, 0x11, 0x11, 0x01, 0x00, 0x01, 0x01, 0x11, 
	0x11, 0x11, 0x12, 0x23, 0x55, 0x55, 0x75, 0x77, 0x55, 0x55, 0x55, 0x53, 0x44, 0x32, 0x21, 0x13, 
	0x35, 0x55, 0x35, 0x77, 0x97, 0x99, 0x99, 0xDD, 0xD9, 0xDD, 0x9D, 0xD9, 0x99, 0xDD, 0x99, 0x99, 
	0x97, 0x53, 0x33, 0x22, 0x22, 0x11, 0x11, 0x11, 0x11, 0x10, 0x11, 0x11, 0x11, 0x11, 0x11, 0x11, 
	0x22, 0x24, 0x44, 0x44, 0x21, 0x11, 0x22, 0x21, 0x11, 0x11, 0x11, 0x00, 0x01, 0x10, 0x01, 0x11, 
	0x11, 0x22, 0x12, 0x24, 0x43, 0x66, 0x44, 0x44, 0x32, 0x32, 0x24, 0x43, 0x33, 0x35, 0x66, 0x66, 
	0x44, 0x22, 0x22, 0x44, 0x42, 0x32, 0x42, 0x46, 0x64, 0x44, 0x42, 0x22, 0x32, 0x21, 0x10, 0x11, 
	0x00, 0x01, 0x01, 0x01, 0x01, 0x01, 0x00, 0x11, 0x11, 0x11, 0x11, 0x11, 0x11, 0x11, 0x11, 0x11, 
	0x10, 0x11, 0x22, 0x44, 0x23, 0x66, 0x68, 0xCC, 0x99, 0xDD, 0xDC, 0xCC, 0xC7, 0x56, 0x64, 0x46, 
	0x42, 0x12, 0x24, 0x42, 0x22, 0x11, 0x11, 0x11, 0x11, 0x11, 0x11, 0x11, 0x11, 0x10, 0x11, 0x11, 
	0x11, 0x11, 0x11, 0x11, 0x11, 0x10, 0x11, 0x11, 0x11, 0x11, 0x11, 0x00, 0x00, 0x00, 0x00, 0x11, 
	0x00, 0x01, 0x12, 0x33, 0x55, 0x77, 0x75, 0x55, 0x55, 0x55, 0x55, 0x33, 0x33, 0x22, 0x22, 0x23, 
	0x77, 0x75, 0x55, 0x77, 0x77, 0x77, 0x77, 0x99, 0x99, 0x99, 0x99, 0x99, 0xD9, 0x99, 0x99, 0x77, 
	0x77, 0x55, 0x34, 0x33, 0x22, 0x21, 0x01, 0x11, 0x01, 0x00, 0x00, 0x11, 0x11, 0x11, 0x11, 0x22, 
	0x46, 0x44, 0x44, 0x21, 0x11, 0x22, 0x42, 0x44, 0x21, 0x11, 0x11, 0x01, 0x11, 0x11, 0x00, 0x11, 
	0x11, 0x11, 0x21, 0x21, 0x22, 0x22, 0x23, 0x23, 0x24, 0x43, 0x46, 0x44, 0x33, 0x32, 0x22, 0x24, 
	0x22, 0x22, 0x22, 0x22, 0x24, 0x44, 0x22, 0x22, 0x42, 0x22, 0x22, 0x24, 0x44, 0x32, 0x21, 0x10, 
	0x11, 0x01, 0x11, 0x11, 0x00, 0x10, 0x11, 0x11, 0x10, 0x11, 0x01, 0x01, 0x24, 0x42, 0x11, 0x12, 
	0x22, 0x14, 0x66, 0x66, 0x57, 0x55, 0x78, 0xCC, 0x9D, 0xD9, 0xDD, 0xDD, 0xDC, 0xCC, 0x86, 0x66, 
	0x62, 0x11, 0x22, 0x12, 0x21, 0x11, 0x11, 0x11, 0x42, 0x41, 0x11, 0x11, 0x11, 0x11, 0x11, 0x12, 
	0x22, 0x12, 0x22, 0x22, 0x12, 0x21, 0x11, 0x11, 0x11, 0x11, 0x11, 0x00, 0x01, 0x00, 0x00, 0x00, 
	0x01, 0x01, 0x12, 0x35, 0x55, 0x57, 0x55, 0x55, 0x55, 0x55, 0x55, 0x33, 0x33, 0x33, 0x23, 0x36, 
	0x77, 0x77, 0x77, 0x99, 0x97, 0x97, 0x97, 0x77, 0x77, 0x77, 0x77, 0x77, 0x97, 0x77, 0x77, 0x55, 
	0x75, 0x33, 0x34, 0x24, 0x22, 0x22, 0x11, 0x11, 0x12, 0x11, 0x01, 0x11, 0x22, 0x11, 0x11, 0x12, 
	0x24, 0x22, 0x22, 0x22, 0x22, 0x22, 0x44, 0x42, 0x11, 0x11, 0x10, 0x11, 0x11, 0x11, 0x11, 0x11, 
	0x11, 0x21, 0x22, 0x11, 0x12, 0x22, 0x22, 0x23, 0x23, 0x44, 0x46, 0x64, 0x55, 0x53, 0x22, 0x22, 
	0x11, 0x11, 0x22, 0x22, 0x24, 0x42, 0x24, 0x22, 0x21, 0x11, 0x21, 0x24, 0x66, 0x44, 0x42, 0x21, 
	0x11, 0x11, 0x00, 0x01, 0x01, 0x00, 0x11, 0x10, 0x11, 0x11, 0x11, 0x11, 0x46, 0x44, 0x44, 0x24, 
	0x44, 0x46, 0x88, 0x88, 0x88, 0x77, 0x8C, 0xCC, 0x99, 0xDD, 0xED, 0xDD, 0x99, 0x88, 0xC6, 0x66, 
	0x64, 0x21, 0x21, 0x12, 0x11, 0x11, 0x11, 0x11, 0x21, 0x22, 0x22, 0x22, 0x21, 0x11, 0x11, 0x11, 
	0x21, 0x21, 0x11, 0x11, 0x22, 0x21, 0x11, 0x11, 0x11, 0x10, 0x10, 0x00, 0x00, 0x00, 0x00, 0x00, 
	0x01, 0x01, 0x12, 0x35, 0x55, 0x57, 0x55, 0x55, 0x55, 0x55, 0x55, 0x33, 0x33, 0x33, 0x33, 0x58, 
	0x77, 0x77, 0x77, 0x99, 0x97, 0x97, 0x97, 0x77, 0x77, 0x77, 0x77, 0x77, 0x87, 0x55, 0x55, 0x55, 
	0x75, 0x33, 0x34, 0x24, 0x22, 0x22, 0x11, 0x11, 0x22, 0x11, 0x11, 0x11, 0x22, 0x11, 0x11, 0x11, 
	0x22, 0x22, 0x22, 0x22, 0x22, 0x22, 0x44, 0x42, 0x11, 0x11, 0x10, 0x11, 0x11, 0x11, 0x11, 0x11, 
	0x11, 0x21, 0x22, 0x11, 0x22, 0x22, 0x22, 0x23, 0x23, 0x44, 0x46, 0x65, 0x55, 0x64, 0x42, 0x21, 
	0x11, 0x11, 0x22, 0x22, 0x24, 0x42, 0x24, 0x22, 0x11, 0x12, 0x22, 0x24, 0x64, 0x44, 0x44, 0x22, 
	0x11, 0x11, 0x00, 0x01, 0x11, 0x00, 0x11, 0x10, 0x11, 0x11, 0x11, 0x11, 0x46, 0x66, 0xAA, 0x66, 
	0x6B, 0x8C, 0xD9, 0x99, 0xC8, 0x88, 0x8C, 0xC8, 0x9D, 0xEE, 0xED, 0xDD, 0x99, 0x78, 0x86, 0x46, 
	0x44, 0x22, 0x21, 0x12, 0x11, 0x11, 0x11, 0x11, 0x11, 0x12, 0x24, 0x44, 0x21, 0x11, 0x11, 0x11, 
	0x21, 0x22, 0x21, 0x11, 0x21, 0x21, 0x11, 0x11, 0x11, 0x11, 0x10, 0x00, 0x00, 0x00, 0x00, 0x00, 
	0x00, 0x11, 0x22, 0x35, 0x55, 0x55, 0x55, 0x55, 0x77, 0x55, 0x55, 0x55, 0x33, 0x33, 0x35, 0x7A, 
	0x77, 0x79, 0x99, 0x99, 0x97, 0x77, 0x77, 0x55, 0x55, 0x55, 0x57, 0x57, 0x65, 0x33, 0x33, 0x55, 
	0x55, 0x53, 0x32, 0x22, 0x12, 0x11, 0x11, 0x11, 0x21, 0x22, 0x11, 0x11, 0x11, 0x11, 0x10, 0x00, 
	0x11, 0x11, 0x21, 0x22, 0x12, 0x22, 0x24, 0x32, 0x21, 0x11, 0x10, 0x11, 0x11, 0x11, 0x11, 0x11, 
	0x22, 0x12, 0x11, 0x12, 0x44, 0x44, 0x33, 0x32, 0x33, 0x43, 0x34, 0x65, 0x56, 0xA6, 0x64, 0x21, 
	0x11, 0x11, 0x11, 0x22, 0x44, 0x22, 0x42, 0x21, 0x12, 0x24, 0x42, 0x22, 0x32, 0x34, 0x24, 0x44, 
	0x11, 0x10, 0x11, 0x11, 0x11, 0x11, 0x12, 0x11, 0x10, 0x11, 0x11, 0x11, 0x4B, 0xBB, 0xBB, 0xBB, 
	0xCC, 0xCE, 0xED, 0xDD, 0xDC, 0xCC, 0xCC, 0x87, 0xDE, 0xEE, 0xDD, 0x99, 0x99, 0x77, 0x66, 0x34, 
	0x44, 0x24, 0x22, 0x11, 0x11, 0x11, 0x11, 0x11, 0x12, 0x24, 0x4A, 0xA4, 0x21, 0x11, 0x11, 0x22, 
	0x22, 0x44, 0x41, 0x12, 0x12, 0x11, 0x11, 0x11, 0x11, 0x22, 0x22, 0x11, 0x11, 0x00, 0x01, 0x00, 
	0x22, 0x23, 0x35, 0x77, 0x77, 0x75, 0x77, 0x77, 0x77, 0x77, 0x55, 0x53, 0x33, 0x33, 0x35, 0x65, 
	0x75, 0x77, 0x77, 0x77, 0x77, 0x75, 0x55, 0x75, 0x55, 0x33, 0x55, 0x66, 0x65, 0x43, 0x23, 0x42, 
	0x44, 0x24, 0x22, 0x21, 0x21, 0x10, 0x10, 0x11, 0x11, 0x11, 0x11, 0x11, 0x00, 0x00, 0x00, 0x00, 
	0x00, 0x11, 0x11, 0x11, 0x11, 0x12, 0x24, 0x23, 0x22, 0x11, 0x01, 0x11, 0x11, 0x11, 0x11, 0x11, 
	0x21, 0x11, 0x11, 0x14, 0x24, 0x44, 0x43, 0x33, 0x32, 0x32, 0x44, 0x64, 0x35, 0x66, 0x6A, 0x63, 
	0x12, 0x11, 0x11, 0x11, 0x12, 0x22, 0x21, 0x11, 0x12, 0x44, 0x44, 0x44, 0x23, 0x22, 0x22, 0x62, 
	0x21, 0x11, 0x21, 0x11, 0x12, 0x12, 0x46, 0x41, 0x11, 0x11, 0x22, 0x44, 0x45, 0x6C, 0xCC, 0xD9, 
	0xC9, 0xDD, 0xDD, 0xEE, 0xDD, 0xDD, 0xD9, 0x9D, 0xED, 0xEE, 0xDE, 0xD9, 0x97, 0x77, 0x56, 0x64, 
	0x44, 0x44, 0x41, 0x22, 0x11, 0x11, 0x12, 0x44, 0x44, 0x6A, 0xAA, 0x88, 0x64, 0x42, 0x42, 0x23, 
	0x66, 0x64, 0x24, 0x42, 0x22, 0x11, 0x11, 0x11, 0x24, 0x66, 0x66, 0x44, 0x42, 0x22, 0x22, 0x22, 
	0x33, 0x35, 0x57, 0x77, 0x77, 0x77, 0x77, 0x57, 0x77, 0x77, 0x75, 0x33, 0x33, 0x33, 0x33, 0x33, 
	0x53, 0x55, 0x57, 0x57, 0x55, 0x55, 0x55, 0x55, 0x53, 0x33, 0x33, 0x44, 0x44, 0x32, 0x22, 0x22, 
	0x22, 0x12, 0x11, 0x11, 0x11, 0x11, 0x01, 0x11, 0x00, 0x11, 0x00, 0x00, 0x00, 0x00, 0x00, 0x00, 
	0x00, 0x00, 0x00, 0x11, 0x11, 0x11, 0x12, 0x22, 0x21, 0x11, 0x11, 0x11, 0x11, 0x12, 0x11, 0x11, 
	0x11, 0x11, 0x11, 0x12, 0x12, 0x24, 0x33, 0x33, 0x33, 0x22, 0x32, 0x44, 0x33, 0x56, 0x66, 0x64, 
	0x22, 0x21, 0x11, 0x11, 0x12, 0x21, 0x11, 0x11, 0x11, 0x22, 0x44, 0x44, 0x42, 0x32, 0x24, 0x42, 
	0x22, 0x22, 0x42, 0x22, 0x24, 0x24, 0x24, 0x22, 0x22, 0x22, 0x44, 0x46, 0x66, 0x78, 0x9C, 0xD9, 
	0x99, 0xDD, 0xDE, 0xEE, 0xEE, 0xED, 0xDD, 0xDE, 0xEE, 0xEE, 0xED, 0xDD, 0x77, 0x77, 0x6A, 0xA6, 
	0x65, 0x44, 0x42, 0x42, 0x11, 0x12, 0x24, 0x64, 0x64, 0x6A, 0x66, 0x78, 0xA6, 0x43, 0x34, 0x46, 
	0x88, 0xA3, 0x33, 0x44, 0x42, 0x22, 0x22, 0x22, 0x46, 0x66, 0x66, 0x55, 0x53, 0x33, 0x33, 0x33, 
	0x55, 0x77, 0x77, 0x75, 0x77, 0x77, 0x77, 0x57, 0x77, 0x77, 0x75, 0x33, 0x33, 0x33, 0x33, 0x33, 
	0x33, 0x55, 0x57, 0x57, 0x55, 0x55, 0x55, 0x53, 0x53, 0x33, 0x22, 0x34, 0x44, 0x32, 0x21, 0x12, 
	0x21, 0x11, 0x11, 0x11, 0x11, 0x11, 0x01, 0x11, 0x00, 0x11, 0x00, 0x00, 0x00, 0x00, 0x00, 0x00, 
	0x00, 0x00, 0x00, 0x11, 0x11, 0x11, 0x12, 0x22, 0x21, 0x11, 0x11, 0x11, 0x11, 0x12, 0x11, 0x11, 
	0x11, 0x11, 0x11, 0x11, 0x11, 0x24, 0x33, 0x33, 0x33, 0x22, 0x22, 0x24, 0x33, 0x34, 0x66, 0x64, 
	0x42, 0x21, 0x11, 0x11, 0x12, 0x21, 0x11, 0x11, 0x11, 0x12, 0x22, 0x44, 0x42, 0x32, 0x24, 0x42, 
	0x22, 0x46, 0x46, 0x64, 0x64, 0x44, 0x22, 0x22, 0x24, 0x66, 0xA6, 0x6A, 0xA6, 0x78, 0x9C, 0xD9, 
	0x99, 0xDD, 0xDD, 0xEE, 0xEE, 0xED, 0xDD, 0xEE, 0xEE, 0xEE, 0xED, 0xDD, 0x77, 0x78, 0x8B, 0xBA, 
	0x65, 0x44, 0x42, 0x42, 0x11, 0x12, 0x44, 0x66, 0x64, 0x46, 0x66, 0x77, 0xA6, 0x66, 0x54, 0x66, 
	0x88, 0xA6, 0x56, 0x66, 0x64, 0x22, 0x42, 0x24, 0x66, 0x66, 0x45, 0x55, 0x55, 0x55, 0x55, 0x55, 
	0x77, 0x99, 0x77, 0x77, 0x57, 0x77, 0x77, 0x77, 0x77, 0x75, 0x55, 0x33, 0x33, 0x33, 0x33, 0x33, 
	0x33, 0x55, 0x55, 0x55, 0x55, 0x75, 0x55, 0x32, 0x33, 0x22, 0x22, 0x22, 0x22, 0x22, 0x10, 0x01, 
	0x11, 0x10, 0x00, 0x00, 0x00, 0x00, 0x11, 0x11, 0x11, 0x11, 0x00, 0x00, 0x00, 0x00, 0x00, 0x00, 
	0x00, 0x00, 0x00, 0x00, 0x00, 0x00, 0x11, 0x11, 0x11, 0x10, 0x11, 0x01, 0x11, 0x11, 0x11, 0x10, 
	0x00, 0x11, 0x11, 0x11, 0x12, 0x22, 0x22, 0x33, 0x42, 0x22, 0x12, 0x12, 0x23, 0x23, 0x44, 0x44, 
	0x42, 0x22, 0x12, 0x22, 0x22, 0x11, 0x11, 0x11, 0x11, 0x11, 0x11, 0x22, 0x22, 0x22, 0x22, 0x21, 
	0x22, 0x26, 0x4A, 0xA4, 0x64, 0x44, 0x42, 0x22, 0x44, 0xAA, 0xAA, 0xBB, 0x87, 0x7B, 0xCC, 0x99, 
	0x99, 0x9D, 0xDC, 0xED, 0xEE, 0xEE, 0xED, 0xEF, 0xEE, 0xEE, 0xEE, 0xD9, 0x97, 0x7C, 0xCC, 0xB6, 
	0x64, 0x22, 0x21, 0x21, 0x12, 0x22, 0x22, 0x46, 0x46, 0x46, 0x76, 0x87, 0x67, 0x8A, 0x85, 0xA8, 
	0x67, 0x8A, 0x8A, 0xAA, 0xAA, 0x42, 0x64, 0x24, 0x44, 0x43, 0x66, 0x57, 0x77, 0x75, 0x77, 0x78, 
	0x99, 0x77, 0x77, 0x77, 0x77, 0x55, 0x55, 0x55, 0x55, 0x55, 0x32, 0x22, 0x23, 0x43, 0x34, 0x43, 
	0x34, 0x35, 0x55, 0x57, 0x55, 0x55, 0x75, 0x53, 0x33, 0x32, 0x22, 0x11, 0x11, 0x11, 0x00, 0x00, 
	0x00, 0x00, 0x00, 0x10, 0x00, 0x00, 0x00, 0x00, 0x10, 0x00, 0x00, 0x00, 0x00, 0x00, 0x00, 0x00, 
	0x00, 0x01, 0x00, 0x11, 0x10, 0x10, 0x01, 0x11, 0x11, 0x00, 0x00, 0x10, 0x01, 0x11, 0x21, 0x11, 
	0x11, 0x11, 0x11, 0x12, 0x22, 0x22, 0x23, 0x33, 0x32, 0x21, 0x22, 0x22, 0x23, 0x42, 0x22, 0x11, 
	0x11, 0x11, 0x22, 0x22, 0x21, 0x12, 0x11, 0x12, 0x12, 0x22, 0x11, 0x24, 0x42, 0x21, 0x11, 0x11, 
	0x12, 0x22, 0x44, 0x44, 0x44, 0x44, 0x64, 0x43, 0x44, 0x4A, 0xBC, 0xC7, 0x66, 0x78, 0x9C, 0x99, 
	0x79, 0x99, 0xDD, 0xDD, 0xDE, 0xEE, 0xEE, 0xEE, 0xEE, 0xDD, 0xDD, 0xCC, 0x78, 0xCC, 0xCC, 0xA6, 
	0x42, 0x12, 0x11, 0x11, 0x46, 0xAA, 0xA6, 0x43, 0x36, 0x77, 0x88, 0x88, 0x79, 0x89, 0x98, 0x78, 
	0x78, 0x88, 0xCC, 0x8B, 0xA6, 0x44, 0x22, 0x22, 0x44, 0x34, 0x77, 0x77, 0x77, 0x77, 0x79, 0x79, 
	0x99, 0x77, 0x75, 0x55, 0x55, 0x55, 0x35, 0x55, 0x33, 0x33, 0x22, 0x22, 0x32, 0x44, 0x44, 0x42, 
	0x22, 0x24, 0x45, 0x55, 0x55, 0x55, 0x75, 0x55, 0x53, 0x32, 0x22, 0x11, 0x10, 0x10, 0x01, 0x01, 
	0x00, 0x00, 0x11, 0x01, 0x00, 0x00, 0x00, 0x00, 0x00, 0x00, 0x00, 0x00, 0x00, 0x00, 0x00, 0x00, 
	0x00, 0x10, 0x11, 0x11, 0x10, 0x00, 0x11, 0x01, 0x11, 0x11, 0x11, 0x01, 0x11, 0x11, 0x11, 0x11, 
	0x11, 0x11, 0x11, 0x22, 0x22, 0x24, 0x44, 0x44, 0x22, 0x11, 0x22, 0x22, 0x22, 0x22, 0x21, 0x11, 
	0x11, 0x11, 0x12, 0x21, 0x11, 0x12, 0x22, 0x24, 0x22, 0x44, 0x22, 0x44, 0x42, 0x22, 0x22, 0x22, 
	0x22, 0x12, 0x44, 0x44, 0x42, 0x46, 0x66, 0x66, 0x66, 0x68, 0x8C, 0x87, 0x6A, 0x78, 0xCD, 0xD9, 
	0x99, 0x9D, 0xDD, 0x9D, 0xDE, 0xEF, 0xFF, 0xEE, 0xFE, 0xEE, 0xCD, 0xC9, 0x88, 0xBB, 0xB6, 0x64, 
	0x21, 0x11, 0x12, 0x22, 0x6C, 0xDC, 0xC8, 0x55, 0x57, 0x99, 0x88, 0xCC, 0x9C, 0x78, 0x99, 0x97, 
	0x88, 0x88, 0x8B, 0xA6, 0x64, 0x44, 0x42, 0x22, 0x46, 0x66, 0x78, 0x99, 0x97, 0x79, 0x77, 0x79, 
	0x99, 0x77, 0x75, 0x55, 0x55, 0x55, 0x35, 0x55, 0x33, 0x33, 0x22, 0x22, 0x32, 0x44, 0x44, 0x42, 
	0x22, 0x24, 0x45, 0x65, 0x55, 0x55, 0x75, 0x55, 0x53, 0x32, 0x22, 0x11, 0x10, 0x10, 0x01, 0x01, 
	0x00, 0x00, 0x11, 0x01, 0x00, 0x00, 0x00, 0x00, 0x00, 0x00, 0x00, 0x00, 0x00, 0x00, 0x00, 0x00, 
	0x00, 0x10, 0x11, 0x11, 0x10, 0x00, 0x11, 0x01, 0x11, 0x11, 0x11, 0x01, 0x11, 0x11, 0x11, 0x11, 
	0x11, 0x11, 0x11, 0x22, 0x22, 0x24, 0x44, 0x44, 0x22, 0x11, 0x21, 0x21, 0x22, 0x22, 0x21, 0x11, 
	0x11, 0x11, 0x12, 0x21, 0x11, 0x12, 0x24, 0x44, 0x22, 0x44, 0x22, 0x44, 0x44, 0x22, 0x42, 0x22, 
	0x22, 0x22, 0x44, 0x44, 0x42, 0x46, 0x66, 0x6A, 0x66, 0x68, 0x8C, 0x87, 0x6A, 0x88, 0xCD, 0xDD, 
	0xD9, 0x9D, 0xDD, 0x9D, 0xDE, 0xEF, 0xFF, 0xEE, 0xFE, 0xEE, 0xDD, 0xCC, 0xC8, 0xB6, 0x64, 0x22, 
	0x21, 0x11, 0x22, 0x46, 0x8D, 0xED, 0xD9, 0x97, 0x99, 0x99, 0x87, 0xCC, 0x9C, 0x78, 0x99, 0x97, 
	0x88, 0x88, 0x8A, 0x66, 0x44, 0x46, 0x42, 0x22, 0x46, 0x88, 0x88, 0x99, 0x97, 0x79, 0x77, 0x79, 
	0x97, 0x77, 0x55, 0x55, 0x75, 0x55, 0x55, 0x33, 0x23, 0x32, 0x22, 0x22, 0x22, 0x22, 0x22, 0x22, 
	0x22, 0x22, 0x44, 0x44, 0x33, 0x35, 0x66, 0x53, 0x34, 0x22, 0x22, 0x11, 0x00, 0x11, 0x00, 0x10, 
	0x00, 0x00, 0x00, 0x00, 0x00, 0x00, 0x01, 0x01, 0x00, 0x00, 0x00, 0x00, 0x00, 0x00, 0x00, 0x00, 
	0x00, 0x00, 0x11, 0x11, 0x11, 0x11, 0x11, 0x11, 0x12, 0x21, 0x11, 0x11, 0x11, 0x01, 0x00, 0x00, 
	0x11, 0x11, 0x12, 0x22, 0x42, 0x24, 0x44, 0x44, 0x22, 0x21, 0x21, 0x11, 0x11, 0x11, 0x12, 0x11, 
	0x11, 0x11, 0x11, 0x11, 0x11, 0x12, 0x46, 0x44, 0x44, 0x22, 0x44, 0x34, 0x46, 0x42, 0x24, 0x44, 
	0x43, 0x44, 0x44, 0x42, 0x33, 0x66, 0x66, 0x66, 0x46, 0x67, 0x89, 0x99, 0x88, 0xCC, 0xDD, 0xDE, 
	0xDD, 0xDD, 0xDD, 0xDD, 0xED, 0xEE, 0xEE, 0xEE, 0xEE, 0xEE, 0xDD, 0xCB, 0xBA, 0x64, 0x42, 0x11, 
	0x11, 0x12, 0x44, 0xAC, 0xCC, 0xDE, 0xDD, 0xDD, 0xED, 0xDC, 0x97, 0x9C, 0x89, 0x99, 0x87, 0x78, 
	0x98, 0x77, 0xA7, 0x65, 0x55, 0x68, 0x64, 0x24, 0x44, 0xA8, 0xB8, 0x89, 0x99, 0x99, 0x99, 0x99, 
	0x99, 0x77, 0x75, 0x57, 0x75, 0x55, 0x55, 0x33, 0x32, 0x22, 0x11, 0x22, 0x22, 0x22, 0x22, 0x21, 
	0x11, 0x11, 0x12, 0x22, 0x22, 0x22, 0x34, 0x43, 0x22, 0x11, 0x11, 0x10, 0x00, 0x01, 0x00, 0x00, 
	0x10, 0x10, 0x00, 0x00, 0x00, 0x10, 0x10, 0x10, 0x00, 0x00, 0x00, 0x00, 0x00, 0x00, 0x00, 0x00, 
	0x00, 0x00, 0x11, 0x11, 0x22, 0x44, 0x43, 0x32, 0x24, 0x22, 0x12, 0x11, 0x11, 0x11, 0x11, 0x10, 
	0x11, 0x11, 0x24, 0x24, 0x44, 0x42, 0x24, 0x22, 0x21, 0x11, 0x11, 0x11, 0x11, 0x12, 0x11, 0x11, 
	0x11, 0x11, 0x11, 0x01, 0x11, 0x24, 0x44, 0x44, 0x66, 0x44, 0x23, 0x44, 0x42, 0x44, 0x43, 0x35, 
	0x66, 0x64, 0x66, 0x46, 0x6B, 0x66, 0x64, 0x33, 0x66, 0xBB, 0x89, 0x89, 0x8B, 0x8C, 0xCC, 0xCD, 
	0xDD, 0xDD, 0xDD, 0x9D, 0xDD, 0xCD, 0xED, 0xDD, 0xDD, 0xDC, 0xDC, 0x97, 0x86, 0x42, 0x22, 0x11, 
	0x11, 0x44, 0x6A, 0x88, 0xDC, 0xDE, 0xEE, 0xEE, 0xEE, 0xED, 0x99, 0xDC, 0x9C, 0xCC, 0x98, 0x88, 
	0x89, 0x88, 0x7A, 0x86, 0x77, 0x77, 0x66, 0x42, 0x23, 0x46, 0x68, 0x98, 0x98, 0x99, 0x99, 0x99, 
	0x99, 0x97, 0x77, 0x77, 0x97, 0x77, 0x55, 0x55, 0x33, 0x21, 0x00, 0x11, 0x12, 0x22, 0x22, 0x21, 
	0x11, 0x00, 0x01, 0x11, 0x11, 0x21, 0x22, 0x22, 0x22, 0x11, 0x00, 0x01, 0x00, 0x00, 0x00, 0x01, 
	0x00, 0x00, 0x00, 0x10, 0x11, 0x01, 0x00, 0x01, 0x00, 0x00, 0x00, 0x00, 0x00, 0x00, 0x00, 0x00, 
	0x00, 0x00, 0x01, 0x24, 0x64, 0x65, 0x55, 0x53, 0x33, 0x44, 0x44, 0x42, 0x11, 0x01, 0x11, 0x11, 
	0x11, 0x22, 0x22, 0x22, 0x22, 0x22, 0x22, 0x11, 0x21, 0x11, 0x11, 0x11, 0x11, 0x11, 0x11, 0x11, 
	0x11, 0x11, 0x10, 0x01, 0x11, 0x12, 0x24, 0x33, 0x64, 0x42, 0x42, 0x33, 0x32, 0x22, 0x35, 0x57, 
	0xB8, 0xB6, 0x66, 0x6B, 0xBB, 0xBB, 0xB6, 0x66, 0x4A, 0xBC, 0xCC, 0x98, 0x66, 0x68, 0x9D, 0x99, 
	0xDD, 0xDD, 0xDC, 0x99, 0x9C, 0xDD, 0xDC, 0xC9, 0xC9, 0x99, 0xCC, 0x98, 0x64, 0x44, 0x22, 0x11, 
	0x22, 0x22, 0x48, 0x78, 0xCD, 0xEE, 0xEE, 0xEE, 0xEE, 0xDD, 0xD9, 0xD9, 0x8C, 0xCC, 0xCC, 0xC8, 
	0x87, 0x99, 0x88, 0x88, 0x77, 0x76, 0xA6, 0x63, 0x34, 0x44, 0x57, 0x79, 0x99, 0x99, 0x99, 0x99, 
	0x99, 0x97, 0x77, 0x99, 0x97, 0x77, 0x55, 0x55, 0x33, 0x21, 0x00, 0x11, 0x11, 0x22, 0x22, 0x21, 
	0x11, 0x00, 0x00, 0x11, 0x11, 0x21, 0x12, 0x21, 0x21, 0x11, 0x00, 0x01, 0x00, 0x00, 0x00, 0x01, 
	0x00, 0x00, 0x00, 0x10, 0x11, 0x01, 0x00, 0x01, 0x00, 0x00, 0x00, 0x00, 0x00, 0x00, 0x00, 0x00, 
	0x00, 0x00, 0x01, 0x2A, 0x66, 0x65, 0x57, 0x75, 0x55, 0x67, 0x66, 0x64, 0x11, 0x11, 0x11, 0x11, 
	0x11, 0x22, 0x22, 0x22, 0x21, 0x21, 0x21, 0x11, 0x21, 0x11, 0x11, 0x11, 0x11, 0x11, 0x11, 0x11, 
	0x11, 0x11, 0x10, 0x01, 0x11, 0x12, 0x24, 0x33, 0x64, 0x44, 0x42, 0x33, 0x32, 0x22, 0x35, 0x78, 
	0xB8, 0xB7, 0x66, 0x6B, 0xBB, 0xBB, 0xB6, 0x66, 0x46, 0xBC, 0xCC, 0x88, 0x65, 0x69, 0x9D, 0x99, 
	0xDD, 0xDD, 0xDC, 0x99, 0x9C, 0xDD, 0xCC, 0xC9, 0x89, 0x99, 0xCC, 0x88, 0x64, 0x44, 0x22, 0x12, 
	0x42, 0x24, 0x68, 0x8C, 0xCE, 0xFE, 0xEE, 0xEE, 0xEE, 0xDD, 0xD9, 0xD9, 0x8C, 0xCC, 0xCC, 0xC8, 
	0x87, 0x9D, 0x98, 0x88, 0x77, 0x76, 0xA6, 0x66, 0x36, 0x65, 0x57, 0x89, 0x99, 0x99, 0x99, 0x99, 
	0x99, 0x99, 0x79, 0x99, 0x99, 0x97, 0x75, 0x55, 0x32, 0x21, 0x00, 0x01, 0x00, 0x11, 0x11, 0x11, 
	0x00, 0x00, 0x00, 0x00, 0x01, 0x11, 0x11, 0x11, 0x10, 0x10, 0x00, 0x00, 0x00, 0x00, 0x00, 0x10, 
	0x11, 0x11, 0x11, 0x01, 0x10, 0x00, 0x00, 0x00, 0x00, 0x00, 0x00, 0x00, 0x00, 0x00, 0x11, 0x01, 
	0x01, 0x01, 0x01, 0x4A, 0x66, 0x55, 0x79, 0x97, 0x77, 0x99, 0x77, 0x53, 0x21, 0x21, 0x10, 0x11, 
	0x11, 0x21, 0x11, 0x21, 0x11, 0x11, 0x11, 0x11, 0x11, 0x11, 0x11, 0x00, 0x10, 0x11, 0x11, 0x11, 
	0x11, 0x11, 0x11, 0x11, 0x11, 0x12, 0x24, 0x44, 0x44, 0x44, 0x53, 0x33, 0x22, 0x22, 0x46, 0x6A, 
	0xAA, 0xA6, 0x66, 0x66, 0x66, 0xB6, 0x66, 0x65, 0x36, 0xBB, 0xBB, 0xBC, 0x87, 0x7D, 0xDD, 0xDD, 
	0x99, 0xDD, 0xC9, 0x88, 0x99, 0xCD, 0xC9, 0x97, 0x77, 0x8B, 0xBB, 0xB6, 0x44, 0x22, 0x22, 0x24, 
	0x44, 0x4A, 0xCC, 0x8D, 0xDD, 0xEE, 0xEE, 0xED, 0xDD, 0xEE, 0xDD, 0xC9, 0x99, 0x99, 0xDC, 0xB7, 
	0x79, 0xCC, 0x99, 0x87, 0x8B, 0x7B, 0x7B, 0x8A, 0x57, 0x77, 0x77, 0xC9, 0x99, 0x89, 0x89, 0x88, 
	0x99, 0x79, 0x97, 0x97, 0x99, 0x97, 0x77, 0x55, 0x32, 0x11, 0x00, 0x00, 0x00, 0x00, 0x00, 0x11, 
	0x10, 0x11, 0x10, 0x00, 0x10, 0x00, 0x00, 0x11, 0x10, 0x00, 0x00, 0x00, 0x00, 0x00, 0x10, 0x00, 
	0x01, 0x01, 0x11, 0x00, 0x10, 0x10, 0x00, 0x00, 0x00, 0x00, 0x00, 0x00, 0x00, 0x00, 0x00, 0x10, 
	0x01, 0x12, 0x11, 0x24, 0x67, 0x65, 0x58, 0xC9, 0x99, 0x77, 0x75, 0x53, 0x32, 0x21, 0x11, 0x11, 
	0x11, 0x11, 0x11, 0x11, 0x11, 0x11, 0x10, 0x01, 0x01, 0x11, 0x11, 0x11, 0x11, 0x01, 0x00, 0x10, 
	0x11, 0x11, 0x11, 0x11, 0x22, 0x12, 0x12, 0x44, 0x42, 0x46, 0xA7, 0x56, 0x64, 0x42, 0x24, 0x24, 
	0x66, 0x64, 0x66, 0x65, 0x78, 0x8B, 0x66, 0x66, 0x56, 0x8B, 0xBB, 0xBC, 0xCC, 0xDC, 0xCD, 0xD9, 
	0xC9, 0xC8, 0x8B, 0xBB, 0x88, 0xC8, 0xCC, 0xC8, 0x77, 0x66, 0x66, 0x64, 0x22, 0x22, 0x24, 0x44, 
	0x4A, 0xAC, 0xCC, 0xC9, 0x9D, 0xDD, 0xEE, 0xEE, 0xEE, 0xEE, 0xEE, 0xDD, 0xCC, 0xCC, 0x99, 0x99, 
	0x88, 0x99, 0xC9, 0x87, 0xB6, 0x55, 0xB8, 0xCC, 0xCC, 0x88, 0x88, 0x98, 0x9C, 0x77, 0x77, 0x76, 
	0x77, 0x77, 0x99, 0x99, 0x79, 0x77, 0x77, 0x75, 0x21, 0x00, 0x00, 0x00, 0x00, 0x00, 0x01, 0x12, 
	0x21, 0x22, 0x44, 0x22, 0x21, 0x00, 0x00, 0x00, 0x00, 0x00, 0x00, 0x00, 0x00, 0x00, 0x00, 0x00, 
	0x00, 0x00, 0x10, 0x00, 0x11, 0x10, 0x11, 0x01, 0x00, 0x00, 0x10, 0x10, 0x10, 0x10, 0x10, 0x01, 
	0x01, 0x24, 0x22, 0x22, 0x46, 0x65, 0x56, 0x87, 0x78, 0x55, 0x57, 0x55, 0x32, 0x32, 0x22, 0x21, 
	0x11, 0x11, 0x11, 0x11, 0x11, 0x00, 0x11, 0x11, 0x11, 0x11, 0x22, 0x21, 0x11, 0x11, 0x11, 0x11, 
	0x11, 0x11, 0x00, 0x11, 0x11, 0x11, 0x24, 0x44, 0x44, 0x66, 0x66, 0x76, 0xA6, 0x64, 0x33, 0x22, 
	0x44, 0x43, 0x46, 0x66, 0x88, 0x87, 0x77, 0x77, 0x78, 0x88, 0x86, 0x88, 0x88, 0xC8, 0x8C, 0xC8, 
	0x88, 0x87, 0x66, 0x6A, 0x6A, 0xBC, 0xBC, 0x88, 0x86, 0x66, 0x44, 0x44, 0x44, 0x22, 0x24, 0x44, 
	0x46, 0x6B, 0x8C, 0x97, 0x79, 0xDE, 0xDE, 0xEE, 0xEF, 0xEE, 0xEE, 0xED, 0xCD, 0x9C, 0x88, 0xCC, 
	0xCC, 0x8C, 0x89, 0x88, 0x75, 0x55, 0x78, 0x8C, 0x88, 0x77, 0x88, 0x78, 0x78, 0x77, 0x77, 0x77, 
	0x77, 0x77, 0x99, 0x99, 0x77, 0x77, 0x77, 0x75, 0x21, 0x00, 0x00, 0x00, 0x00, 0x00, 0x12, 0x22, 
	0x32, 0x34, 0x66, 0x44, 0x21, 0x00, 0x00, 0x00, 0x00, 0x00, 0x00, 0x00, 0x00, 0x00, 0x00, 0x00, 
	0x00, 0x00, 0x10, 0x00, 0x11, 0x10, 0x11, 0x01, 0x00, 0x00, 0x10, 0x10, 0x10, 0x10, 0x10, 0x01, 
	0x01, 0x22, 0x44, 0x22, 0x44, 0x45, 0x56, 0x77, 0x76, 0x55, 0x57, 0x55, 0x33, 0x34, 0x42, 0x21, 
	0x11, 0x11, 0x11, 0x11, 0x11, 0x00, 0x11, 0x11, 0x11, 0x12, 0x22, 0x21, 0x11, 0x11, 0x11, 0x12, 
	0x11, 0x11, 0x00, 0x11, 0x21, 0x11, 0x24, 0x42, 0x44, 0x66, 0x66, 0x66, 0xAA, 0x64, 0x43, 0x22, 
	0x24, 0x44, 0x45, 0x6A, 0x88, 0x87, 0x77, 0x77, 0x88, 0x88, 0x76, 0x77, 0x78, 0x88, 0x88, 0x88, 
	0x88, 0x65, 0x66, 0x66, 0x66, 0xB8, 0xB8, 0x88, 0x86, 0x66, 0x44, 0x24, 0x44, 0x22, 0x24, 0x44, 
	0x44, 0x66, 0x8C, 0x97, 0x79, 0xDE, 0xCD, 0xEE, 0xEF, 0xEE, 0xED, 0xDD, 0xCD, 0x9C, 0x88, 0xCC, 
	0xCC, 0x8C, 0x89, 0x88, 0x75, 0x55, 0x78, 0x88, 0x78, 0x77, 0x88, 0x78, 0x77, 0x77, 0x77, 0x77, 
	0x77, 0x77, 0x77, 0x77, 0x75, 0x75, 0x55, 0x53, 0x21, 0x01, 0x00, 0x11, 0x11, 0x11, 0x23, 0x33, 
	0x53, 0x55, 0x66, 0x44, 0x21, 0x00, 0x00, 0x00, 0x00, 0x00, 0x00, 0x00, 0x01, 0x01, 0x01, 0x01, 
	0x00, 0x00, 0x00, 0x00, 0x10, 0x01, 0x00, 0x10, 0x00, 0x00, 0x00, 0x10, 0x01, 0x00, 0x10, 0x10, 
	0x01, 0x11, 0x22, 0x12, 0x22, 0x23, 0x3B, 0x65, 0x65, 0x55, 0x76, 0x65, 0x65, 0x66, 0x64, 0x42, 
	0x21, 0x11, 0x00, 0x01, 0x11, 0x01, 0x11, 0x12, 0x22, 0x24, 0x44, 0x42, 0x22, 0x21, 0x22, 0x24, 
	0x22, 0x21, 0x11, 0x11, 0x42, 0x11, 0x24, 0x22, 0x24, 0x64, 0x66, 0x66, 0xA6, 0x66, 0x64, 0x22, 
	0x24, 0x44, 0x44, 0xA6, 0x89, 0xB7, 0x67, 0xB8, 0xC9, 0x98, 0x77, 0x55, 0x56, 0xB6, 0x6A, 0xA6, 
	0x66, 0x44, 0x44, 0x44, 0x34, 0x66, 0xAA, 0xAA, 0x66, 0x44, 0x42, 0x22, 0x22, 0x21, 0x22, 0x24, 
	0x44, 0x45, 0x69, 0x97, 0x78, 0xDD, 0xDC, 0xEE, 0xEE, 0xDE, 0xDC, 0xCC, 0xCC, 0x88, 0x8C, 0xCC, 
	0xC8, 0xC8, 0xCC, 0x88, 0x76, 0x55, 0x88, 0x77, 0x57, 0x67, 0x87, 0x77, 0x78, 0x77, 0x87, 0x55, 
	0x55, 0x55, 0x55, 0x65, 0x33, 0x35, 0x55, 0x53, 0x22, 0x10, 0x12, 0x23, 0x22, 0x23, 0x33, 0x55, 
	0x55, 0x33, 0x32, 0x22, 0x11, 0x00, 0x00, 0x10, 0x00, 0x10, 0x01, 0x00, 0x00, 0x11, 0x10, 0x11, 
	0x00, 0x10, 0x01, 0x00, 0x11, 0x00, 0x11, 0x10, 0x10, 0x01, 0x01, 0x00, 0x11, 0x11, 0x01, 0x01, 
	0x10, 0x11, 0x11, 0x11, 0x11, 0x12, 0x6A, 0xA6, 0x36, 0x56, 0x46, 0x65, 0x67, 0xB6, 0x54, 0x42, 
	0x11, 0x11, 0x11, 0x11, 0x11, 0x12, 0x42, 0x26, 0x63, 0x56, 0x66, 0x66, 0x53, 0x32, 0x44, 0x44, 
	0x66, 0x64, 0x42, 0x22, 0x46, 0x44, 0x42, 0x44, 0x45, 0x44, 0x64, 0x6A, 0x64, 0x44, 0x44, 0x33, 
	0x44, 0x44, 0x66, 0x66, 0x66, 0x66, 0x66, 0x7B, 0x88, 0x88, 0x8B, 0x75, 0x6A, 0xAA, 0x66, 0x46, 
	0x44, 0x44, 0x22, 0x44, 0x42, 0x22, 0x44, 0x4A, 0x44, 0x42, 0x41, 0x11, 0x12, 0x11, 0x11, 0x22, 
	0x4A, 0x66, 0x7C, 0xD9, 0x9C, 0xCD, 0xDD, 0xDC, 0xDD, 0xDD, 0xCC, 0xC8, 0x8A, 0x76, 0x8B, 0x8B, 
	0x88, 0x8B, 0xB8, 0x8C, 0x8A, 0x66, 0x86, 0x66, 0x68, 0x88, 0x77, 0x77, 0x77, 0x77, 0x75, 0x55, 
	0x35, 0x55, 0x56, 0x54, 0x43, 0x24, 0x33, 0x32, 0x11, 0x11, 0x24, 0x22, 0x22, 0x35, 0x55, 0x77, 
	0x75, 0x53, 0x32, 0x11, 0x01, 0x10, 0x00, 0x00, 0x00, 0x00, 0x10, 0x11, 0x00, 0x10, 0x10, 0x10, 
	0x11, 0x01, 0x00, 0x00, 0x01, 0x01, 0x11, 0x11, 0x11, 0x10, 0x11, 0x11, 0x11, 0x11, 0x11, 0x11, 
	0x00, 0x01, 0x11, 0x11, 0x11, 0x14, 0x46, 0x64, 0x64, 0x46, 0x66, 0x44, 0x66, 0x64, 0x32, 0x22, 
	0x11, 0x11, 0x11, 0x12, 0x22, 0x24, 0x66, 0x68, 0x85, 0x58, 0x9C, 0xCC, 0x98, 0x75, 0x56, 0x64, 
	0x66, 0x64, 0x33, 0x44, 0x46, 0x44, 0x44, 0x46, 0x66, 0x66, 0x64, 0x46, 0x42, 0x44, 0x44, 0x42, 
	0x44, 0x44, 0x44, 0x44, 0x44, 0x34, 0x44, 0x66, 0xBB, 0xBB, 0xBC, 0x8B, 0xA6, 0x66, 0x44, 0x44, 
	0x44, 0x22, 0x22, 0x22, 0x21, 0x11, 0x22, 0x24, 0x22, 0x22, 0x22, 0x11, 0x11, 0x11, 0x11, 0x24, 
	0x6A, 0x88, 0x8D, 0xDD, 0xDD, 0xDD, 0xDC, 0xCD, 0xCC, 0xCC, 0xC8, 0x86, 0xA8, 0x6A, 0x66, 0xA8, 
	0xAA, 0x66, 0xAA, 0xAB, 0x8A, 0x44, 0x64, 0x6A, 0x77, 0x77, 0x77, 0x76, 0x65, 0x65, 0x55, 0x55, 
	0x35, 0x35, 0x56, 0x54, 0x43, 0x22, 0x23, 0x22, 0x10, 0x11, 0x22, 0x22, 0x22, 0x55, 0x57, 0x77, 
	0x75, 0x53, 0x32, 0x10, 0x01, 0x11, 0x00, 0x00, 0x00, 0x00, 0x10, 0x11, 0x00, 0x11, 0x11, 0x10, 
	0x11, 0x01, 0x00, 0x00, 0x01, 0x01, 0x11, 0x11, 0x11, 0x10, 0x11, 0x11, 0x11, 0x11, 0x11, 0x11, 
	0x00, 0x01, 0x11, 0x11, 0x11, 0x14, 0x42, 0x24, 0x64, 0x46, 0x66, 0x44, 0x66, 0x44, 0x22, 0x22, 
	0x11, 0x11, 0x11, 0x12, 0x44, 0x64, 0xA8, 0x88, 0x87, 0x79, 0xDD, 0xDD, 0xDD, 0xD9, 0x78, 0x76, 
	0x66, 0x66, 0x55, 0x46, 0x44, 0x44, 0x44, 0x6A, 0x7A, 0xB6, 0x64, 0x22, 0x22, 0x44, 0x44, 0x42, 
	0x22, 0x24, 0x24, 0x44, 0x43, 0x32, 0x34, 0x46, 0xBB, 0xBB, 0xBC, 0xCB, 0xA6, 0x66, 0x44, 0x44, 
	0x42, 0x22, 0x12, 0x12, 0x11, 0x11, 0x22, 0x22, 0x22, 0x21, 0x22, 0x11, 0x11, 0x11, 0x11, 0x24, 
	0xAA, 0x88, 0xCD, 0xDD, 0xDD, 0xDD, 0xDC, 0xCD, 0xCC, 0xCC, 0xC8, 0x76, 0xA8, 0x6A, 0x66, 0xA8, 
	0xA6, 0x66, 0xA6, 0xAA, 0xA6, 0x44, 0x44, 0x66, 0x77, 0x75, 0x77, 0x76, 0x65, 0x65, 0x55, 0x55, 
	0x33, 0x23, 0x44, 0x44, 0x32, 0x21, 0x22, 0x22, 0x11, 0x11, 0x11, 0x33, 0x33, 0x77, 0x77, 0x99, 
	0x77, 0x55, 0x33, 0x21, 0x11, 0x12, 0x11, 0x11, 0x10, 0x00, 0x10, 0x12, 0x11, 0x21, 0x21, 0x11, 
	0x01, 0x10, 0x11, 0x11, 0x00, 0x10, 0x11, 0x11, 0x10, 0x11, 0x01, 0x01, 0x00, 0x11, 0x10, 0x11, 
	0x00, 0x11, 0x01, 0x01, 0x01, 0x12, 0x21, 0x12, 0x43, 0x66, 0xA6, 0x66, 0x44, 0x22, 0x21, 0x11, 
	0x22, 0x21, 0x11, 0x24, 0x66, 0xA6, 0x8C, 0x9C, 0x99, 0x9D, 0xEE, 0xEE, 0xED, 0xED, 0xDD, 0x99, 
	0x77, 0x77, 0x77, 0x53, 0x64, 0x32, 0x45, 0x8B, 0x8B, 0x8A, 0xA4, 0x11, 0x12, 0x22, 0x22, 0x24, 
	0x12, 0x12, 0x12, 0x22, 0x24, 0x22, 0x22, 0x44, 0x66, 0x66, 0xAB, 0xBB, 0x64, 0x44, 0x22, 0x42, 
	0x21, 0x22, 0x11, 0x11, 0x11, 0x11, 0x11, 0x11, 0x11, 0x11, 0x11, 0x11, 0x11, 0x11, 0x22, 0x24, 
	0x6A, 0x8C, 0xCD, 0xDD, 0xCD, 0xDC, 0xCC, 0xCC, 0xDC, 0xDC, 0xC8, 0xB7, 0x88, 0xA8, 0xA8, 0xA6, 
	0x66, 0x65, 0x65, 0x66, 0xA4, 0x44, 0x44, 0x44, 0x66, 0x65, 0x55, 0x55, 0x55, 0x55, 0x55, 0x53, 
	0x22, 0x22, 0x22, 0x22, 0x21, 0x10, 0x11, 0x22, 0x11, 0x00, 0x02, 0x57, 0x57, 0x97, 0x99, 0x99, 
	0x97, 0x97, 0x75, 0x32, 0x21, 0x11, 0x22, 0x33, 0x21, 0x12, 0x22, 0x24, 0x44, 0x44, 0x21, 0x22, 
	0x11, 0x00, 0x00, 0x01, 0x11, 0x01, 0x01, 0x10, 0x10, 0x00, 0x00, 0x00, 0x11, 0x10, 0x11, 0x11, 
	0x10, 0x11, 0x11, 0x11, 0x11, 0x11, 0x11, 0x11, 0x12, 0x22, 0x44, 0x24, 0x44, 0x42, 0x22, 0x11, 
	0x22, 0x22, 0x22, 0x44, 0x6B, 0x77, 0x77, 0x79, 0x99, 0xDD, 0xDE, 0xEF, 0xEE, 0xEE, 0xDD, 0xD9, 
	0x99, 0xDD, 0x99, 0x75, 0x33, 0x56, 0x78, 0x97, 0x77, 0x56, 0x64, 0x22, 0x22, 0x12, 0x11, 0x21, 
	0x21, 0x12, 0x21, 0x22, 0x42, 0x22, 0x22, 0x24, 0x42, 0x23, 0x44, 0x66, 0x44, 0x42, 0x41, 0x11, 
	0x11, 0x11, 0x11, 0x11, 0x11, 0x11, 0x11, 0x11, 0x11, 0x11, 0x12, 0x12, 0x24, 0x42, 0x21, 0x22, 
	0x46, 0x8C, 0x99, 0xDD, 0xDC, 0xCD, 0xCC, 0xCC, 0x99, 0xC9, 0xC8, 0xB6, 0x6A, 0x66, 0x66, 0x66, 
	0xA4, 0x64, 0x66, 0x44, 0x44, 0x22, 0x24, 0x4A, 0x65, 0x65, 0x75, 0x55, 0x55, 0x53, 0x33, 0x33, 
	0x22, 0x21, 0x11, 0x11, 0x11, 0x01, 0x11, 0x22, 0x22, 0x10, 0x13, 0x57, 0x79, 0x99, 0xDD, 0x99, 
	0x97, 0x75, 0x55, 0x33, 0x32, 0x22, 0x33, 0x44, 0x32, 0x23, 0x33, 0x46, 0x55, 0x55, 0x33, 0x33, 
	0x21, 0x11, 0x11, 0x11, 0x00, 0x00, 0x01, 0x10, 0x00, 0x11, 0x11, 0x11, 0x11, 0x11, 0x11, 0x10, 
	0x01, 0x11, 0x12, 0x22, 0x11, 0x11, 0x11, 0x11, 0x01, 0x12, 0x22, 0x22, 0x22, 0x22, 0x21, 0x12, 
	0x22, 0x22, 0x44, 0x66, 0x77, 0x77, 0x77, 0x79, 0x9D, 0xDD, 0xDE, 0xEE, 0xEE, 0xEE, 0xEE, 0xDD, 
	0xD9, 0x99, 0x99, 0x95, 0x55, 0x78, 0x99, 0x97, 0x76, 0x53, 0x44, 0x44, 0x44, 0x22, 0x21, 0x21, 
	0x11, 0x21, 0x11, 0x22, 0x22, 0x22, 0x22, 0x22, 0x22, 0x22, 0x24, 0x44, 0x42, 0x22, 0x21, 0x11, 
	0x11, 0x11, 0x11, 0x11, 0x11, 0x11, 0x11, 0x11, 0x11, 0x11, 0x12, 0x24, 0x66, 0x64, 0x44, 0x44, 
	0x46, 0x8C, 0xDC, 0x9D, 0xCC, 0xCC, 0xB8, 0x8B, 0x88, 0xCC, 0x8A, 0x66, 0x46, 0x44, 0x44, 0x44, 
	0x64, 0x66, 0x44, 0x22, 0x22, 0x22, 0x22, 0x46, 0x46, 0x67, 0x67, 0x75, 0x57, 0x55, 0x33, 0x32, 
	0x22, 0x21, 0x11, 0x11, 0x11, 0x01, 0x11, 0x22, 0x22, 0x11, 0x13, 0x57, 0x79, 0x99, 0xDD, 0x99, 
	0x97, 0x75, 0x55, 0x33, 0x32, 0x23, 0x33, 0x44, 0x33, 0x33, 0x34, 0x6A, 0x57, 0x77, 0x75, 0x53, 
	0x22, 0x24, 0x42, 0x21, 0x00, 0x10, 0x01, 0x10, 0x00, 0x11, 0x11, 0x11, 0x11, 0x11, 0x10, 0x10, 
	0x01, 0x11, 0x12, 0x22, 0x11, 0x11, 0x11, 0x11, 0x01, 0x12, 0x11, 0x21, 0x22, 0x12, 0x21, 0x12, 
	0x22, 0x22, 0x44, 0xAB, 0x77, 0x77, 0x77, 0x79, 0x9D, 0xDD, 0xDE, 0xDE, 0xEE, 0xEE, 0xEE, 0xDD, 
	0xD9, 0x99, 0x99, 0x97, 0x77, 0x79, 0x99, 0x97, 0x87, 0x65, 0x46, 0x44, 0x44, 0x42, 0x21, 0x21, 
	0x11, 0x21, 0x11, 0x21, 0x22, 0x22, 0x21, 0x22, 0x22, 0x22, 0x22, 0x22, 0x22, 0x22, 0x11, 0x11, 
	0x11, 0x11, 0x11, 0x11, 0x11, 0x11, 0x11, 0x12, 0x22, 0x22, 0x24, 0x66, 0xAA, 0x66, 0x6A, 0x64, 
	0x45, 0x8C, 0xDC, 0x9D, 0xCC, 0x8B, 0xB8, 0x6B, 0x88, 0xC8, 0x8A, 0x66, 0x44, 0x44, 0x44, 0x44, 
	0x44, 0x66, 0x44, 0x22, 0x21, 0x22, 0x22, 0x44, 0x46, 0x67, 0x67, 0x75, 0x57, 0x55, 0x33, 0x32, 
	0x32, 0x22, 0x21, 0x11, 0x11, 0x11, 0x11, 0x12, 0x22, 0x22, 0x12, 0x55, 0x79, 0x99, 0x99, 0x99, 
	0x77, 0x55, 0x33, 0x23, 0x32, 0x35, 0x34, 0x33, 0x33, 0x36, 0x66, 0x66, 0x77, 0x88, 0x88, 0x85, 
	0x43, 0x6A, 0xA4, 0x21, 0x01, 0x22, 0x11, 0x10, 0x10, 0x00, 0x11, 0x11, 0x11, 0x10, 0x11, 0x11, 
	0x11, 0x11, 0x11, 0x11, 0x11, 0x01, 0x11, 0x11, 0x10, 0x11, 0x11, 0x11, 0x11, 0x11, 0x12, 0x12, 
	0x24, 0x44, 0x46, 0x8C, 0x79, 0x79, 0x79, 0x9C, 0xDD, 0xDD, 0xEE, 0xEE, 0xEE, 0xEE, 0xED, 0xDD, 
	0xD9, 0x99, 0xD9, 0x97, 0x79, 0x99, 0x98, 0x99, 0x89, 0xB7, 0x6B, 0x66, 0x66, 0x44, 0x21, 0x22, 
	0x21, 0x11, 0x11, 0x11, 0x11, 0x11, 0x11, 0x11, 0x12, 0x22, 0x11, 0x11, 0x11, 0x11, 0x21, 0x11, 
	0x11, 0x11, 0x11, 0x11, 0x11, 0x22, 0x22, 0x24, 0x44, 0x44, 0x44, 0xAA, 0xAA, 0x6A, 0xCC, 0xA6, 
	0x45, 0xBC, 0xCD, 0x99, 0x99, 0x78, 0x76, 0x66, 0x68, 0xBA, 0x66, 0x44, 0x42, 0x22, 0x22, 0x22, 
	0x42, 0x44, 0x44, 0x24, 0x22, 0x24, 0x44, 0x42, 0x34, 0x66, 0x65, 0x55, 0x55, 0x85, 0x53, 0x63, 
	0x22, 0x22, 0x11, 0x00, 0x11, 0x11, 0x11, 0x22, 0x22, 0x22, 0x23, 0x33, 0x55, 0x57, 0x79, 0x99, 
	0x77, 0x55, 0x33, 0x32, 0x33, 0x35, 0x53, 0x33, 0x33, 0x33, 0x45, 0xA6, 0x55, 0x7B, 0x6A, 0x66, 
	0x46, 0x46, 0x44, 0x42, 0x24, 0x64, 0x34, 0x22, 0x12, 0x10, 0x00, 0x10, 0x11, 0x00, 0x01, 0x01, 
	0x11, 0x11, 0x10, 0x01, 0x00, 0x11, 0x01, 0x01, 0x11, 0x10, 0x11, 0x11, 0x11, 0x22, 0x22, 0x11, 
	0x24, 0x6A, 0x67, 0x77, 0x79, 0x99, 0x99, 0x89, 0x9D, 0xDD, 0xDC, 0xDE, 0xEE, 0xED, 0xDD, 0xDD, 
	0xD9, 0xDD, 0xDD, 0x77, 0x77, 0x78, 0x79, 0x89, 0x9D, 0xC8, 0x88, 0x66, 0x64, 0x44, 0x22, 0x44, 
	0x44, 0x21, 0x11, 0x11, 0x11, 0x11, 0x11, 0x11, 0x11, 0x21, 0x21, 0x11, 0x11, 0x11, 0x11, 0x42, 
	0x11, 0x14, 0x42, 0x22, 0x44, 0x66, 0x66, 0xAA, 0x88, 0xBA, 0xA8, 0x8C, 0xC6, 0x6C, 0xC8, 0x65, 
	0x76, 0x88, 0xC9, 0x99, 0xCC, 0x88, 0xA6, 0x66, 0x46, 0x4A, 0x44, 0x44, 0x22, 0x21, 0x21, 0x21, 
	0x22, 0x22, 0x22, 0x42, 0x42, 0x44, 0x42, 0x44, 0x44, 0x44, 0x44, 0x33, 0x46, 0x66, 0x54, 0x42, 
	0x21, 0x11, 0x10, 0x01, 0x11, 0x00, 0x11, 0x11, 0x11, 0x11, 0x22, 0x22, 0x23, 0x35, 0x68, 0xC9, 
	0x77, 0x55, 0x55, 0x33, 0x33, 0x55, 0x35, 0x55, 0x34, 0x33, 0x33, 0x43, 0x35, 0x56, 0x56, 0x64, 
	0x53, 0x34, 0x34, 0x44, 0x46, 0x67, 0x55, 0x34, 0x24, 0x21, 0x11, 0x11, 0x11, 0x00, 0x10, 0x11, 
	0x00, 0x11, 0x10, 0x01, 0x01, 0x11, 0x11, 0x11, 0x11, 0x11, 0x12, 0x12, 0x22, 0x44, 0x43, 0x22, 
	0x46, 0x67, 0x77, 0x99, 0x98, 0x99, 0x87, 0x77, 0x79, 0xDD, 0xCD, 0xDD, 0xDD, 0xD9, 0x99, 0xC9, 
	0xDD, 0xDD, 0xD9, 0x97, 0x57, 0x89, 0x99, 0x9C, 0xD9, 0x89, 0x98, 0x55, 0x44, 0x46, 0x44, 0x24, 
	0x44, 0x22, 0x21, 0x11, 0x11, 0x11, 0x11, 0x11, 0x11, 0x11, 0x21, 0x21, 0x22, 0x22, 0x24, 0x64, 
	0x22, 0x26, 0x64, 0x66, 0x88, 0xDD, 0xDD, 0xDD, 0xDD, 0xDD, 0xDD, 0xCD, 0xC8, 0x8C, 0xCC, 0x88, 
	0x88, 0x99, 0xC8, 0xC9, 0xCC, 0xB8, 0xA6, 0x44, 0x44, 0x44, 0x44, 0x42, 0x21, 0x12, 0x22, 0x12, 
	0x12, 0x12, 0x22, 0x22, 0x22, 0x22, 0x24, 0x44, 0x42, 0x22, 0x23, 0x22, 0x24, 0x44, 0x32, 0x22, 
	0x21, 0x10, 0x10, 0x01, 0x11, 0x00, 0x11, 0x11, 0x11, 0x11, 0x12, 0x11, 0x12, 0x13, 0x6B, 0xC9, 
	0x77, 0x55, 0x55, 0x33, 0x33, 0x55, 0x55, 0x55, 0x44, 0x33, 0x33, 0x33, 0x35, 0x33, 0x53, 0x63, 
	0x53, 0x22, 0x34, 0x44, 0x66, 0x67, 0x55, 0x54, 0x44, 0x21, 0x11, 0x11, 0x11, 0x00, 0x10, 0x11, 
	0x00, 0x11, 0x10, 0x01, 0x11, 0x11, 0x11, 0x11, 0x11, 0x11, 0x12, 0x12, 0x22, 0x46, 0x44, 0x33, 
	0x46, 0x67, 0x79, 0x99, 0x9C, 0x99, 0xC7, 0x77, 0x79, 0xDD, 0xCD, 0xDD, 0xCC, 0x89, 0x77, 0x89, 
	0xDD, 0xDD, 0xD9, 0x97, 0x57, 0x89, 0x99, 0x9C, 0xD9, 0x79, 0x98, 0x55, 0x44, 0x46, 0x44, 0x22, 
	0x24, 0x22, 0x21, 0x11, 0x11, 0x11, 0x11, 0x11, 0x22, 0x22, 0x22, 0x22, 0x44, 0x44, 0x6A, 0xAA, 
	0x65, 0x68, 0x88, 0x8D, 0xDE, 0xEE, 0xEE, 0xEE, 0xEE, 0xEE, 0xEE, 0xDD, 0xCC, 0xCC, 0xCC, 0xCC, 
	0x8C, 0x99, 0xC8, 0xC9, 0xC8, 0xB8, 0xA6, 0x43, 0x44, 0x44, 0x42, 0x21, 0x21, 0x24, 0x44, 0x22, 
	0x12, 0x22, 0x22, 0x12, 0x22, 0x22, 0x24, 0x44, 0x42, 0x22, 0x22, 0x22, 0x24, 0x44, 0x32, 0x22, 
	0x10, 0x01, 0x01, 0x00, 0x00, 0x11, 0x01, 0x01, 0x00, 0x10, 0x11, 0x00, 0x11, 0x02, 0x46, 0xB8, 
	0x75, 0x55, 0x55, 0x53, 0x55, 0x55, 0x75, 0x55, 0x44, 0x56, 0x63, 0x22, 0x33, 0x33, 0x34, 0x46, 
	0x53, 0x22, 0x33, 0x23, 0x33, 0x55, 0x55, 0x53, 0x32, 0x21, 0x10, 0x10, 0x00, 0x10, 0x10, 0x00, 
	0x01, 0x00, 0x10, 0x11, 0x11, 0x10, 0x11, 0x11, 0x11, 0x11, 0x11, 0x12, 0x44, 0x46, 0x66, 0x66, 
	0x56, 0x78, 0x9D, 0xD9, 0x9D, 0xDD, 0xD9, 0x78, 0x79, 0x99, 0x99, 0xDC, 0x9B, 0x77, 0x75, 0x77, 
	0x99, 0x9C, 0xD9, 0x77, 0x79, 0x9D, 0xDC, 0xCD, 0xD9, 0x99, 0x87, 0x53, 0x44, 0x46, 0x42, 0x22, 
	0x22, 0x24, 0x21, 0x12, 0x22, 0x11, 0x11, 0x24, 0xA6, 0x44, 0x6A, 0x44, 0xAB, 0xAB, 0xC8, 0x88, 
	0x99, 0x99, 0x9C, 0xDE, 0xEE, 0xEE, 0xEE, 0xEE, 0xFE, 0xFF, 0xFF, 0xEE, 0xDD, 0xD9, 0x8C, 0xCC, 
	0x9D, 0xCC, 0x8C, 0x87, 0xB5, 0x8B, 0x66, 0x42, 0x22, 0x42, 0x21, 0x12, 0x12, 0x48, 0xAA, 0x64, 
	0x22, 0x24, 0x42, 0x24, 0x22, 0x22, 0x32, 0x22, 0x22, 0x22, 0x11, 0x21, 0x22, 0x22, 0x22, 0x21, 
	0x00, 0x00, 0x00, 0x00, 0x11, 0x01, 0x01, 0x11, 0x10, 0x10, 0x01, 0x10, 0x00, 0x12, 0x23, 0x55, 
	0x53, 0x33, 0x33, 0x43, 0x55, 0x55, 0x57, 0x55, 0x33, 0x35, 0x64, 0x33, 0x55, 0x43, 0x23, 0x44, 
	0x53, 0x32, 0x34, 0x23, 0x33, 0x35, 0x53, 0x33, 0x21, 0x11, 0x00, 0x01, 0x10, 0x10, 0x01, 0x10, 
	0x10, 0x00, 0x00, 0x10, 0x11, 0x11, 0x10, 0x11, 0x01, 0x11, 0x11, 0x24, 0x44, 0x44, 0x44, 0x66, 
	0x68, 0x99, 0xDE, 0xED, 0xDD, 0xDD, 0x97, 0x79, 0x99, 0xDD, 0xDD, 0xD9, 0x89, 0x77, 0x77, 0x77, 
	0x57, 0x8C, 0xCC, 0xCC, 0x9D, 0xDE, 0xDD, 0xDD, 0xDC, 0x97, 0x76, 0x33, 0x24, 0x42, 0x24, 0x66, 
	0x64, 0x44, 0x42, 0x46, 0x66, 0x11, 0x12, 0x48, 0xCC, 0xCC, 0xCC, 0xCB, 0xCD, 0xB9, 0xCD, 0xDD, 
	0xEE, 0xED, 0xDD, 0xDD, 0xEE, 0xEE, 0xEE, 0xEE, 0xFF, 0xFE, 0xEF, 0xEE, 0xEE, 0xDD, 0x99, 0x99, 
	0x9C, 0xCC, 0xCC, 0x86, 0x33, 0x33, 0x34, 0x42, 0x22, 0x21, 0x11, 0x11, 0x26, 0x8C, 0x8A, 0x46, 
	0x44, 0x44, 0xAA, 0x64, 0x42, 0x22, 0x32, 0x22, 0x21, 0x11, 0x11, 0x11, 0x11, 0x11, 0x21, 0x11, 
	0x00, 0x00, 0x00, 0x00, 0x00, 0x00, 0x00, 0x11, 0x10, 0x00, 0x00, 0x00, 0x10, 0x01, 0x22, 0x33, 
	0x35, 0x33, 0x22, 0x23, 0x35, 0x55, 0x55, 0x55, 0x43, 0x33, 0x56, 0x53, 0x44, 0x42, 0x32, 0x22, 
	0x44, 0x34, 0x42, 0x22, 0x24, 0x46, 0x54, 0x44, 0x22, 0x22, 0x11, 0x01, 0x01, 0x00, 0x10, 0x01, 
	0x00, 0x11, 0x01, 0x01, 0x10, 0x11, 0x11, 0x11, 0x01, 0x11, 0x11, 0x12, 0x22, 0x24, 0x66, 0x6B, 
	0xBC, 0xCC, 0xDD, 0xDD, 0xDD, 0x9C, 0x77, 0x77, 0x9D, 0xDD, 0xDD, 0xDD, 0xC9, 0x87, 0x89, 0x75, 
	0x66, 0x6B, 0xBB, 0xCC, 0x9D, 0xDD, 0xD9, 0x99, 0xC9, 0x76, 0x8A, 0x66, 0x42, 0x22, 0x36, 0xAA, 
	0xA6, 0x64, 0x42, 0x68, 0xA6, 0x22, 0x14, 0x69, 0xDD, 0xDD, 0xDD, 0xDD, 0xDE, 0xCD, 0xDE, 0xEE, 
	0xFF, 0xFE, 0xEE, 0xEE, 0xEE, 0xFF, 0xEE, 0xEF, 0xFF, 0xFF, 0xFF, 0xFF, 0xEE, 0xED, 0xDD, 0xDD, 
	0x9D, 0xDD, 0xCC, 0xBB, 0x55, 0x32, 0x26, 0x64, 0x42, 0x21, 0x11, 0x11, 0x4A, 0xC8, 0x77, 0x6A, 
	0x66, 0x66, 0xAC, 0x86, 0x66, 0x44, 0x44, 0x22, 0x22, 0x22, 0x22, 0x21, 0x11, 0x01, 0x11, 0x11, 
	0x00, 0x00, 0x00, 0x00, 0x00, 0x00, 0x00, 0x11, 0x10, 0x00, 0x00, 0x00, 0x10, 0x01, 0x22, 0x33, 
	0x35, 0x33, 0x22, 0x23, 0x35, 0x55, 0x55, 0x55, 0x43, 0x33, 0x56, 0x53, 0x44, 0x42, 0x32, 0x22, 
	0x44, 0x34, 0x42, 0x22, 0x24, 0x44, 0x34, 0x44, 0x22, 0x22, 0x11, 0x01, 0x01, 0x00, 0x10, 0x01, 
	0x00, 0x11, 0x01, 0x01, 0x10, 0x11, 0x11, 0x11, 0x11, 0x11, 0x11, 0x12, 0x22, 0x24, 0x46, 0x6B, 
	0xBC, 0xCC, 0xDD, 0xDD, 0xD9, 0x9B, 0x77, 0x77, 0x9D, 0xDD, 0xDD, 0xDD, 0xC9, 0xB7, 0x89, 0x75, 
	0x66, 0x66, 0x66, 0x88, 0x7D, 0xDC, 0x99, 0x99, 0x88, 0x76, 0x8A, 0x66, 0x42, 0x22, 0x46, 0xBA, 
	0xA6, 0x66, 0x43, 0xA8, 0x64, 0x44, 0x46, 0xCD, 0xDD, 0xDE, 0xEE, 0xEE, 0xEE, 0xDE, 0xEE, 0xEF, 
	0xFF, 0xFF, 0xFE, 0xEE, 0xEE, 0xFF, 0xEE, 0xEF, 0xFF, 0xFF, 0xFF, 0xFF, 0xEE, 0xED, 0xDD, 0xDD, 
	0x9D, 0xD9, 0xCC, 0xBB, 0x86, 0x32, 0x46, 0xA6, 0x62, 0x21, 0x11, 0x12, 0x4A, 0x88, 0x77, 0x6A, 
	0x66, 0x78, 0x8C, 0xC8, 0x88, 0xA4, 0x44, 0x34, 0x34, 0x44, 0x34, 0x21, 0x11, 0x01, 0x11, 0x11, 
	0x00, 0x00, 0x01, 0x01, 0x01, 0x00, 0x01, 0x11, 0x00, 0x10, 0x00, 0x01, 0x01, 0x12, 0x23, 0x35, 
	0x55, 0x55, 0x33, 0x24, 0x35, 0x43, 0x55, 0x55, 0x53, 0x43, 0x45, 0x43, 0x23, 0x33, 0x22, 0x22, 
	0x22, 0x22, 0x21, 0x22, 0x22, 0x22, 0x22, 0x44, 0x22, 0x22, 0x21, 0x10, 0x00, 0x01, 0x00, 0x10, 
	0x01, 0x00, 0x11, 0x11, 0x11, 0x11, 0x11, 0x11, 0x11, 0x11, 0x11, 0x11, 0x11, 0x22, 0x24, 0x46, 
	0xBB, 0x8C, 0x99, 0x9D, 0x97, 0x75, 0x77, 0x77, 0x99, 0xDD, 0xDD, 0x9C, 0x98, 0x87, 0x9C, 0x65, 
	0x66, 0x64, 0x34, 0x46, 0x59, 0xD9, 0x89, 0x77, 0x76, 0x66, 0x66, 0x64, 0x44, 0x44, 0x66, 0xB8, 
	0x77, 0x77, 0x55, 0xB6, 0x55, 0x6A, 0xBC, 0xDE, 0xEE, 0xEF, 0xFE, 0xFE, 0xEE, 0xEF, 0xFF, 0xFF, 
	0xFF, 0xFF, 0xEF, 0xFF, 0xFF, 0xFF, 0xFF, 0xFF, 0xFF, 0xFF, 0xFF, 0xFE, 0xED, 0xD9, 0xD9, 0xDD, 
	0xDC, 0x97, 0xBC, 0xCB, 0xA8, 0x63, 0xA6, 0xAA, 0xA4, 0x22, 0x11, 0x24, 0x47, 0x88, 0x88, 0x8B, 
	0x77, 0x79, 0x98, 0x8C, 0xCC, 0x86, 0x66, 0x56, 0x5A, 0x88, 0x56, 0x42, 0x11, 0x11, 0x10, 0x11, 
	0x01, 0x00, 0x00, 0x10, 0x10, 0x01, 0x10, 0x10, 0x01, 0x01, 0x10, 0x10, 0x12, 0x24, 0x33, 0x55, 
	0x55, 0x55, 0x53, 0x32, 0x22, 0x43, 0x45, 0x66, 0x64, 0x32, 0x33, 0x33, 0x32, 0x33, 0x22, 0x22, 
	0x11, 0x11, 0x21, 0x22, 0x11, 0x11, 0x11, 0x12, 0x22, 0x12, 0x11, 0x11, 0x11, 0x11, 0x01, 0x00, 
	0x10, 0x00, 0x10, 0x11, 0x11, 0x11, 0x11, 0x11, 0x11, 0x11, 0x11, 0x11, 0x11, 0x12, 0x22, 0x44, 
	0x65, 0x78, 0xBC, 0xCD, 0x99, 0x75, 0x56, 0x76, 0x77, 0x9B, 0x99, 0x77, 0x67, 0x7B, 0xB7, 0x55, 
	0x44, 0x64, 0x22, 0x12, 0x36, 0xBC, 0xCB, 0x77, 0x66, 0x66, 0x44, 0x44, 0x44, 0x46, 0x67, 0x79, 
	0xB6, 0x88, 0x89, 0x85, 0x57, 0x9C, 0xDE, 0xEE, 0xEF, 0xFF, 0xEF, 0xEF, 0xEF, 0xFF, 0xFF, 0xFF, 
	0xFF, 0xFF, 0xFF, 0xFF, 0xFF, 0xEE, 0xFF, 0xFF, 0xFF, 0xFF, 0xFF, 0xEE, 0xDD, 0xDC, 0x99, 0x9D, 
	0xDD, 0x9C, 0x77, 0x87, 0x88, 0xA6, 0x6A, 0x66, 0x44, 0x42, 0x12, 0x4A, 0x67, 0x7D, 0x9D, 0xDC, 
	0x97, 0x79, 0xBC, 0xCC, 0x88, 0x67, 0x65, 0x75, 0x77, 0xA8, 0xA6, 0x42, 0x21, 0x11, 0x10, 0x10, 
	0x00, 0x11, 0x11, 0x01, 0x01, 0x10, 0x11, 0x01, 0x11, 0x11, 0x10, 0x11, 0x24, 0x44, 0x35, 0x55, 
	0x55, 0x57, 0x55, 0x53, 0x11, 0x23, 0x44, 0x44, 0x66, 0x53, 0x23, 0x33, 0x33, 0x22, 0x44, 0x22, 
	0x11, 0x01, 0x11, 0x11, 0x11, 0x11, 0x11, 0x11, 0x11, 0x11, 0x11, 0x11, 0x11, 0x00, 0x11, 0x11, 
	0x11, 0x11, 0x11, 0x11, 0x22, 0x21, 0x22, 0x22, 0x21, 0x11, 0x01, 0x11, 0x11, 0x11, 0x22, 0x44, 
	0x43, 0x66, 0xCC, 0xDC, 0x99, 0x75, 0x55, 0x55, 0x65, 0x76, 0x88, 0x65, 0x66, 0x66, 0x66, 0x44, 
	0x44, 0x44, 0x22, 0x11, 0x24, 0x68, 0xC8, 0x77, 0x7A, 0x64, 0x22, 0x22, 0x46, 0x6B, 0x87, 0x77, 
	0x8B, 0x9C, 0xCD, 0x97, 0x79, 0xDD, 0xEE, 0xFE, 0xFF, 0xFF, 0xFE, 0xFF, 0xEF, 0xFE, 0xFF, 0xFF, 
	0xFF, 0xFF, 0xFF, 0xFF, 0xEF, 0xFE, 0xEE, 0xEE, 0xEE, 0xFE, 0xFE, 0xEE, 0xED, 0xC9, 0x77, 0x7C, 
	0x9C, 0x99, 0x99, 0x77, 0x66, 0x64, 0x46, 0x44, 0x56, 0x64, 0x22, 0x26, 0x57, 0x9C, 0xDD, 0xDD, 
	0xD9, 0x9C, 0xCC, 0xBC, 0x77, 0x77, 0x75, 0x57, 0x55, 0x66, 0x64, 0x22, 0x11, 0x10, 0x11, 0x11, 
	0x00, 0x11, 0x11, 0x01, 0x01, 0x10, 0x11, 0x01, 0x11, 0x11, 0x11, 0x11, 0x24, 0x44, 0x65, 0x55, 
	0x55, 0x57, 0x55, 0x53, 0x21, 0x23, 0x24, 0x34, 0x66, 0x53, 0x33, 0x33, 0x33, 0x22, 0x44, 0x22, 
	0x11, 0x01, 0x11, 0x11, 0x11, 0x11, 0x11, 0x11, 0x11, 0x11, 0x11, 0x10, 0x11, 0x00, 0x11, 0x11, 
	0x11, 0x11, 0x11, 0x11, 0x22, 0x22, 0x22, 0x42, 0x21, 0x11, 0x01, 0x11, 0x11, 0x11, 0x22, 0x44, 
	0x22, 0x46, 0x8C, 0xDC, 0x99, 0x75, 0x55, 0x55, 0x43, 0x34, 0x66, 0x65, 0x64, 0x44, 0x44, 0x44, 
	0x42, 0x44, 0x22, 0x22, 0x44, 0x38, 0xC8, 0x77, 0x7A, 0x64, 0x42, 0x22, 0x46, 0xAB, 0x87, 0x77, 
	0xC8, 0x9D, 0xDD, 0xD9, 0xDD, 0xEE, 0xEE, 0xFE, 0xFF, 0xFF, 0xFE, 0xFF, 0xEF, 0xFE, 0xFF, 0xFF, 
	0xFF, 0xFF, 0xFF, 0xFF, 0xEF, 0xFE, 0xEE, 0xEE, 0xEE, 0xFE, 0xFE, 0xEE, 0xED, 0xC9, 0x77, 0x7C, 
	0x9C, 0x99, 0x99, 0x75, 0x44, 0x44, 0x44, 0x44, 0x58, 0x86, 0x64, 0x46, 0x77, 0x9C, 0xDE, 0xDD, 
	0xD9, 0x9C, 0xCC, 0xBC, 0x77, 0x77, 0x75, 0x57, 0x55, 0x55, 0x53, 0x22, 0x11, 0x10, 0x11, 0x11, 
	0x01, 0x11, 0x10, 0x10, 0x11, 0x01, 0x01, 0x00, 0x00, 0x01, 0x11, 0x11, 0x24, 0x44, 0xA8, 0x87, 
	0x77, 0x55, 0x57, 0x53, 0x32, 0x22, 0x12, 0x34, 0x53, 0x33, 0x35, 0x45, 0x44, 0x34, 0x42, 0x21, 
	0x11, 0x11, 0x11, 0x10, 0x11, 0x10, 0x11, 0x11, 0x01, 0x11, 0x11, 0x01, 0x10, 0x11, 0x10, 0x11, 
	0x01, 0x01, 0x11, 0x22, 0x22, 0x22, 0x44, 0x64, 0x42, 0x11, 0x11, 0x11, 0x11, 0x11, 0x12, 0x42, 
	0x22, 0x46, 0x7C, 0x9D, 0xD9, 0x87, 0x53, 0x33, 0x22, 0x22, 0x44, 0x44, 0x44, 0x22, 0x22, 0x22, 
	0x22, 0x22, 0x24, 0x44, 0x66, 0x5B, 0xB7, 0x77, 0x88, 0x65, 0x64, 0x22, 0x46, 0xBC, 0xC7, 0x79, 
	0x97, 0x9D, 0xED, 0xDD, 0xEE, 0xFE, 0xEE, 0xFF, 0xEF, 0xFF, 0xFF, 0xFF, 0xFF, 0xFF, 0xFF, 0xFF, 
	0xFF, 0xFF, 0xFE, 0xEE, 0xFE, 0xEE, 0xEE, 0xEE, 0xFE, 0xEE, 0xEE, 0xEE, 0xEC, 0x97, 0x55, 0x79, 
	0xCD, 0xCD, 0x97, 0x75, 0x43, 0x23, 0x34, 0x66, 0x68, 0xC8, 0x86, 0x88, 0x99, 0xCD, 0xDD, 0xDD, 
	0xCD, 0xCC, 0xC8, 0xCC, 0x99, 0x98, 0x97, 0x77, 0x75, 0x53, 0x33, 0x22, 0x21, 0x11, 0x11, 0x11, 
	0x01, 0x11, 0x11, 0x11, 0x11, 0x10, 0x10, 0x00, 0x00, 0x10, 0x01, 0x11, 0x12, 0x44, 0x66, 0x65, 
	0x55, 0x55, 0x55, 0x55, 0x33, 0x31, 0x12, 0x34, 0x33, 0x33, 0x33, 0x55, 0x64, 0x44, 0x21, 0x11, 
	0x11, 0x11, 0x11, 0x11, 0x11, 0x01, 0x10, 0x01, 0x00, 0x11, 0x00, 0x10, 0x11, 0x11, 0x11, 0x11, 
	0x01, 0x01, 0x11, 0x22, 0x24, 0x42, 0x44, 0x44, 0x44, 0x22, 0x22, 0x12, 0x21, 0x11, 0x12, 0x11, 
	0x12, 0x46, 0x67, 0x99, 0xDC, 0x97, 0x76, 0x56, 0x42, 0x12, 0x22, 0x22, 0x22, 0x12, 0x11, 0x21, 
	0x12, 0x11, 0x46, 0x88, 0xCC, 0x8B, 0x55, 0x57, 0x89, 0x88, 0xAB, 0x66, 0x68, 0x8C, 0xD9, 0x9D, 
	0xDD, 0xDD, 0xDE, 0xDE, 0xED, 0xEE, 0xEF, 0xFE, 0xEF, 0xFF, 0xFF, 0xFF, 0xFF, 0xFF, 0xFF, 0xFF, 
	0xFF, 0xFF, 0xFE, 0xFE, 0xEE, 0xDD, 0xED, 0xED, 0xEE, 0xEE, 0xEE, 0xED, 0xCC, 0x87, 0x77, 0xCD, 
	0xED, 0xDC, 0x9C, 0x99, 0x84, 0x34, 0x45, 0x68, 0x88, 0xCC, 0xDC, 0xDE, 0xEE, 0xDD, 0xCC, 0xC8, 
	0x99, 0xDC, 0xCC, 0xCC, 0xCC, 0xCC, 0xC9, 0x77, 0x98, 0x76, 0x33, 0x22, 0x22, 0x12, 0x11, 0x10, 
	0x12, 0x22, 0x22, 0x22, 0x22, 0x11, 0x11, 0x01, 0x01, 0x10, 0x01, 0x11, 0x12, 0x22, 0x33, 0x56, 
	0x75, 0x55, 0x55, 0x55, 0x34, 0x32, 0x22, 0x34, 0x33, 0x23, 0x22, 0x33, 0x44, 0x22, 0x21, 0x11, 
	0x11, 0x11, 0x11, 0x11, 0x10, 0x11, 0x01, 0x10, 0x01, 0x10, 0x01, 0x11, 0x12, 0x21, 0x11, 0x11, 
	0x11, 0x11, 0x11, 0x44, 0x46, 0x64, 0x43, 0x33, 0x44, 0x44, 0x44, 0x24, 0x41, 0x12, 0x22, 0x21, 
	0x11, 0x24, 0x78, 0x99, 0x9C, 0xC8, 0xBB, 0x66, 0x42, 0x11, 0x21, 0x11, 0x11, 0x11, 0x11, 0x11, 
	0x11, 0x11, 0x44, 0xA6, 0xBB, 0xB6, 0x65, 0x57, 0x78, 0x8C, 0x88, 0x8A, 0x78, 0x89, 0x99, 0xDE, 
	0xED, 0xEE, 0xEE, 0xEE, 0xEE, 0xEE, 0xEE, 0xEE, 0xFF, 0xFF, 0xFF, 0xFF, 0xFF, 0xFE, 0xFF, 0xEF, 
	0xFF, 0xFE, 0xEF, 0xEE, 0xED, 0xDD, 0xED, 0xEE, 0xDE, 0xEE, 0xED, 0xDD, 0xDC, 0x85, 0x78, 0xCC, 
	0xDD, 0xDD, 0x9C, 0xD8, 0xC8, 0x66, 0x66, 0xA7, 0x77, 0x9D, 0xDD, 0xEE, 0xEE, 0xDD, 0xC9, 0x99, 
	0x99, 0xC8, 0x9C, 0xCC, 0xCC, 0xC9, 0xC9, 0x87, 0x88, 0x86, 0x64, 0x22, 0x22, 0x23, 0x22, 0x21, 
	0x22, 0x23, 0x44, 0x33, 0x32, 0x22, 0x11, 0x01, 0x01, 0x10, 0x01, 0x11, 0x12, 0x22, 0x33, 0x56, 
	0x75, 0x55, 0x55, 0x55, 0x34, 0x33, 0x32, 0x34, 0x33, 0x23, 0x22, 0x23, 0x44, 0x22, 0x21, 0x11, 
	0x11, 0x11, 0x11, 0x10, 0x10, 0x11, 0x01, 0x10, 0x01, 0x10, 0x01, 0x22, 0x24, 0x42, 0x22, 0x12, 
	0x22, 0x22, 0x22, 0x6B, 0x66, 0x66, 0x43, 0x33, 0x24, 0x44, 0x44, 0x44, 0x42, 0x22, 0x22, 0x21, 
	0x11, 0x24, 0x78, 0x99, 0x98, 0xC8, 0xBB, 0x66, 0x41, 0x11, 0x21, 0x11, 0x11, 0x11, 0x11, 0x11, 
	0x11, 0x11, 0x24, 0x44, 0x6A, 0xB6, 0xA5, 0x57, 0x58, 0x8C, 0xC8, 0x76, 0x78, 0x89, 0x99, 0xDD, 
	0xED, 0xEE, 0xEE, 0xEE, 0xEE, 0xED, 0xEE, 0xEE, 0xFF, 0xFF, 0xFF, 0xFF, 0xFF, 0xFE, 0xFF, 0xEF, 
	0xFF, 0xFE, 0xEF, 0xEE, 0xEC, 0xDD, 0xDD, 0xDE, 0xDE, 0xEE, 0xEC, 0xDD, 0xDC, 0x75, 0x78, 0xCC, 
	0xDD, 0xDD, 0x9C, 0xD8, 0xCC, 0xB8, 0x66, 0xA7, 0x57, 0x9D, 0xDE, 0xEE, 0xDD, 0xDD, 0xC9, 0x99, 
	0x99, 0x88, 0x98, 0xCC, 0xCC, 0xC9, 0x89, 0x87, 0x88, 0x86, 0x64, 0x22, 0x22, 0x23, 0x33, 0x22, 
	0x33, 0x35, 0x65, 0x55, 0x53, 0x33, 0x21, 0x01, 0x11, 0x11, 0x11, 0x01, 0x23, 0x33, 0x35, 0x57, 
	0x77, 0x77, 0x77, 0x75, 0x55, 0x33, 0x34, 0x22, 0x22, 0x32, 0x22, 0x24, 0x22, 0x22, 0x21, 0x11, 
	0x10, 0x11, 0x11, 0x11, 0x11, 0x01, 0x10, 0x11, 0x11, 0x10, 0x12, 0x44, 0x44, 0x44, 0x44, 0x24, 
	0x46, 0x43, 0x36, 0xBC, 0xB8, 0x77, 0x55, 0x53, 0x23, 0x64, 0x44, 0x44, 0x46, 0x42, 0x44, 0x22, 
	0x22, 0x24, 0x67, 0x77, 0x77, 0xBA, 0x66, 0x64, 0x21, 0x11, 0x11, 0x11, 0x11, 0x11, 0x11, 0x11, 
	0x11, 0x11, 0x12, 0x24, 0x26, 0x66, 0x66, 0x7B, 0x78, 0xCC, 0xC8, 0x55, 0x57, 0x8C, 0xCC, 0xCC, 
	0xDD, 0xEE, 0xEE, 0xEE, 0xEE, 0xDC, 0xDD, 0xEE, 0xEF, 0xEF, 0xFF, 0xFF, 0xFE, 0xFF, 0xEF, 0xFE, 
	0xFE, 0xEE, 0xEE, 0xDD, 0xDD, 0xDE, 0xCD, 0xCD, 0xDD, 0xDD, 0xED, 0xCC, 0xC8, 0x53, 0x58, 0xCC, 
	0xDD, 0xDC, 0x99, 0xD9, 0xCC, 0xC8, 0x56, 0x66, 0x78, 0x8C, 0xCD, 0xDE, 0xEC, 0xCC, 0x77, 0x9C, 
	0xC9, 0x77, 0x78, 0x8B, 0xB8, 0x88, 0x77, 0x78, 0x78, 0x87, 0x36, 0x32, 0x23, 0x34, 0x64, 0x33, 
	0x56, 0x56, 0x67, 0x57, 0x85, 0x53, 0x33, 0x22, 0x21, 0x33, 0x33, 0x23, 0x33, 0x55, 0x55, 0x79, 
	0x99, 0x99, 0x97, 0x77, 0x73, 0x32, 0x22, 0x21, 0x11, 0x22, 0x22, 0x12, 0x11, 0x11, 0x11, 0x11, 
	0x01, 0x10, 0x11, 0x11, 0x11, 0x11, 0x11, 0x11, 0x11, 0x11, 0x12, 0x24, 0x22, 0x44, 0x44, 0x6A, 
	0x88, 0x88, 0x89, 0xC8, 0x97, 0x75, 0x55, 0x73, 0x34, 0x64, 0x44, 0x44, 0x44, 0x44, 0x64, 0x42, 
	0x44, 0x44, 0x33, 0x55, 0x56, 0x55, 0x36, 0x44, 0x11, 0x11, 0x11, 0x11, 0x11, 0x11, 0x11, 0x11, 
	0x11, 0x11, 0x11, 0x11, 0x24, 0x46, 0x56, 0x67, 0xA6, 0xB8, 0x86, 0x56, 0x8A, 0xCC, 0xCB, 0xBB, 
	0xBC, 0xCD, 0xDE, 0xEE, 0xEE, 0xDD, 0xDC, 0xEE, 0xEE, 0xEE, 0xEE, 0xEE, 0xEE, 0xEE, 0xEE, 0xEE, 
	0xEE, 0xEE, 0xE9, 0x99, 0xDD, 0xDE, 0xDD, 0xDD, 0xDD, 0xCC, 0xCC, 0xCB, 0x76, 0x55, 0xBC, 0xCC, 
	0xCC, 0xDD, 0x97, 0x79, 0xC8, 0x87, 0x67, 0x77, 0xCC, 0xCC, 0xCC, 0xCC, 0xDD, 0x99, 0x78, 0xCD, 
	0xDC, 0x78, 0x77, 0xBB, 0x7B, 0xB7, 0x78, 0x77, 0x57, 0x55, 0x33, 0x43, 0x66, 0x44, 0x43, 0x35, 
	0x35, 0x56, 0x75, 0x55, 0x76, 0x55, 0x55, 0x33, 0x33, 0x55, 0x75, 0x37, 0x77, 0x77, 0x77, 0x97, 
	0x77, 0x77, 0x77, 0x55, 0x53, 0x22, 0x11, 0x11, 0x11, 0x21, 0x11, 0x11, 0x10, 0x11, 0x11, 0x10, 
	0x10, 0x10, 0x10, 0x11, 0x11, 0x11, 0x01, 0x01, 0x21, 0x22, 0x44, 0x33, 0x33, 0x33, 0x56, 0x68, 
	0x88, 0x99, 0x97, 0x87, 0x87, 0x77, 0x57, 0x75, 0x55, 0x75, 0x33, 0x33, 0x44, 0x66, 0x66, 0x53, 
	0x34, 0x43, 0x34, 0x66, 0x55, 0x53, 0x34, 0x42, 0x11, 0x11, 0x11, 0x11, 0x11, 0x11, 0x10, 0x11, 
	0x11, 0x11, 0x11, 0x12, 0x46, 0x64, 0x46, 0x55, 0x66, 0x66, 0xA8, 0x68, 0xA8, 0xBB, 0xBB, 0x66, 
	0x6B, 0xCC, 0xDD, 0xDE, 0xDD, 0xDD, 0xDD, 0xDD, 0xDD, 0xDE, 0xEE, 0xEE, 0xEE, 0xEE, 0xEE, 0xEE, 
	0xED, 0xDD, 0xD7, 0x77, 0xCD, 0xDD, 0xCD, 0xCD, 0xDD, 0x99, 0x98, 0x88, 0xBB, 0xB8, 0xCC, 0xC8, 
	0x89, 0xCC, 0x97, 0x79, 0x8C, 0x87, 0xB8, 0x88, 0xCC, 0xBB, 0x89, 0xCD, 0xCD, 0xC9, 0x99, 0xDD, 
	0xDC, 0x98, 0x88, 0xB8, 0x67, 0xB7, 0x67, 0x67, 0x55, 0x53, 0x33, 0x33, 0x55, 0x55, 0x33, 0x33, 
	0x35, 0x55, 0x75, 0x55, 0x76, 0x55, 0x55, 0x55, 0x55, 0x57, 0x75, 0x79, 0x99, 0x99, 0x77, 0x97, 
	0x77, 0x77, 0x77, 0x55, 0x53, 0x22, 0x11, 0x11, 0x11, 0x21, 0x11, 0x11, 0x10, 0x11, 0x11, 0x10, 
	0x10, 0x10, 0x10, 0x11, 0x11, 0x11, 0x01, 0x12, 0x22, 0x24, 0x65, 0x53, 0x55, 0x53, 0x56, 0x6C, 
	0x8C, 0x99, 0x97, 0x77, 0x87, 0x89, 0x77, 0x77, 0x77, 0x77, 0x55, 0x53, 0x23, 0x66, 0x66, 0x53, 
	0x34, 0x43, 0x44, 0x66, 0x55, 0x53, 0x34, 0x31, 0x11, 0x11, 0x11, 0x11, 0x11, 0x11, 0x10, 0x11, 
	0x11, 0x11, 0x11, 0x24, 0x46, 0x63, 0x46, 0x54, 0x66, 0x66, 0xA8, 0xA8, 0x67, 0x66, 0x6B, 0x63, 
	0x68, 0xCC, 0xDD, 0xCD, 0xDC, 0xCD, 0xDD, 0xDD, 0xDD, 0xDE, 0xED, 0xEE, 0xEE, 0xEE, 0xEE, 0xEE, 
	0xED, 0xDD, 0x97, 0x77, 0xCD, 0xDD, 0xCD, 0xCD, 0xDD, 0x99, 0x9B, 0x78, 0xBB, 0xBC, 0xCC, 0xC8, 
	0x79, 0x88, 0x97, 0x79, 0x8C, 0x88, 0xB8, 0xBC, 0xCC, 0xBB, 0x89, 0xCD, 0xCD, 0xC9, 0x99, 0xDD, 
	0xDC, 0x98, 0x88, 0xB7, 0x67, 0xB7, 0x66, 0x67, 0x55, 0x53, 0x33, 0x33, 0x55, 0x55, 0x33, 0x33, 
	0x33, 0x35, 0x55, 0x55, 0x55, 0x55, 0x55, 0x75, 0x77, 0x77, 0x77, 0x99, 0x99, 0x9D, 0x99, 0x99, 
	0x77, 0x77, 0x97, 0x75, 0x33, 0x22, 0x10, 0x11, 0x11, 0x11, 0x00, 0x00, 0x12, 0x21, 0x11, 0x11, 
	0x22, 0x22, 0x11, 0x11, 0x11, 0x11, 0x12, 0x44, 0x43, 0x45, 0x55, 0x77, 0x77, 0x75, 0x55, 0x79, 
	0x9D, 0xC9, 0x77, 0x77, 0x99, 0xCD, 0x99, 0x99, 0x99, 0x99, 0x99, 0x75, 0x33, 0x38, 0x86, 0x53, 
	0x44, 0x44, 0x46, 0xAA, 0x57, 0x53, 0x23, 0x22, 0x11, 0x11, 0x11, 0x11, 0x11, 0x11, 0x11, 0x11, 
	0x11, 0x11, 0x11, 0x44, 0x44, 0x44, 0x44, 0x44, 0x66, 0x44, 0x6A, 0xBA, 0x55, 0x33, 0x57, 0x55, 
	0x77, 0xCC, 0xCC, 0xCC, 0xCB, 0xB8, 0xCC, 0x9D, 0xDD, 0xED, 0xD9, 0xDD, 0xDD, 0xDD, 0xDD, 0xDD, 
	0xD9, 0x9C, 0x97, 0x79, 0x8C, 0xCC, 0x9C, 0x9C, 0xDD, 0xD9, 0x85, 0x56, 0x6A, 0x8B, 0xBB, 0xB6, 
	0x77, 0x78, 0x88, 0x88, 0xCC, 0x8B, 0x8C, 0x8C, 0xB8, 0xB7, 0x78, 0x99, 0xCC, 0xCC, 0x8C, 0xCD, 
	0xD9, 0x98, 0x87, 0x66, 0x76, 0xA6, 0xA6, 0x6A, 0x55, 0x55, 0x53, 0x35, 0x55, 0x35, 0x55, 0x64, 
	0x56, 0x53, 0x33, 0x55, 0x55, 0x55, 0x77, 0x75, 0x77, 0x99, 0x79, 0x99, 0x9D, 0x9E, 0xDD, 0x99, 
	0x99, 0x99, 0x99, 0x77, 0x32, 0x21, 0x11, 0x10, 0x00, 0x00, 0x01, 0x12, 0x45, 0x63, 0x34, 0x34, 
	0x55, 0x55, 0x33, 0x23, 0x22, 0x22, 0x44, 0x44, 0x46, 0x85, 0x59, 0x9D, 0xD9, 0x97, 0x79, 0x9D, 
	0xD8, 0x9C, 0xC9, 0x98, 0xB9, 0xDD, 0xDD, 0xED, 0xEE, 0xEE, 0xEE, 0xD9, 0x55, 0x78, 0xC8, 0x65, 
	0x34, 0x66, 0x66, 0xAB, 0x75, 0x86, 0x52, 0x22, 0x21, 0x11, 0x11, 0x11, 0x11, 0x11, 0x11, 0x11, 
	0x21, 0x11, 0x11, 0x14, 0x22, 0x22, 0x22, 0x44, 0x44, 0x44, 0x64, 0x44, 0x33, 0x55, 0x6A, 0x8A, 
	0x7B, 0x76, 0x66, 0x66, 0xA4, 0x46, 0x6B, 0xB9, 0x99, 0x9D, 0xCC, 0xBB, 0xBB, 0xCC, 0xDC, 0xCC, 
	0x97, 0x8B, 0x68, 0x77, 0xB8, 0xA7, 0x78, 0x89, 0xDE, 0xDD, 0xC8, 0x56, 0x66, 0x46, 0xAA, 0xB8, 
	0x88, 0x88, 0x76, 0xA8, 0xA8, 0x8C, 0xCC, 0xC8, 0xB7, 0x88, 0x87, 0x9C, 0xCC, 0x87, 0x78, 0xCC, 
	0x98, 0x98, 0x86, 0x66, 0x66, 0x6A, 0xAA, 0x65, 0x55, 0x66, 0x65, 0x55, 0x57, 0x55, 0x53, 0x54, 
	0x56, 0x63, 0x35, 0x55, 0x35, 0x35, 0x55, 0x77, 0x77, 0x99, 0x99, 0x99, 0x9D, 0xDD, 0xDD, 0xD9, 
	0x99, 0x99, 0x99, 0x77, 0x52, 0x22, 0x11, 0x01, 0x11, 0x11, 0x24, 0x66, 0x68, 0xC7, 0x78, 0x98, 
	0x99, 0x99, 0x88, 0x76, 0x66, 0x66, 0x65, 0x44, 0x68, 0x87, 0x7D, 0xDE, 0xDD, 0xD9, 0x99, 0xDD, 
	0xD8, 0x99, 0xDC, 0x99, 0x99, 0xDD, 0xDE, 0xEE, 0xEE, 0xEE, 0xED, 0xD9, 0x77, 0x9C, 0x99, 0x77, 
	0x43, 0x44, 0x44, 0x66, 0x55, 0x56, 0x63, 0x22, 0x11, 0x11, 0x11, 0x11, 0x12, 0x22, 0x22, 0x21, 
	0x11, 0x12, 0x21, 0x12, 0x24, 0x44, 0x22, 0x22, 0x22, 0x24, 0x44, 0x22, 0x46, 0x66, 0x66, 0x66, 
	0x66, 0x64, 0x46, 0x44, 0x42, 0x24, 0x46, 0x67, 0x77, 0x88, 0xBB, 0x66, 0x66, 0xBB, 0x88, 0xBB, 
	0x8A, 0x66, 0x46, 0xA6, 0x66, 0xA6, 0x68, 0x8C, 0xCD, 0xDD, 0xCC, 0x76, 0x64, 0x44, 0x66, 0xAA, 
	0x88, 0x86, 0x66, 0x6A, 0x66, 0x6B, 0x88, 0x88, 0x66, 0x89, 0xC9, 0x99, 0x9C, 0xC8, 0x77, 0x89, 
	0x88, 0x88, 0x86, 0x66, 0x66, 0x66, 0x66, 0x53, 0x35, 0x44, 0x45, 0x55, 0x55, 0x77, 0x55, 0x45, 
	0x56, 0x64, 0x35, 0x55, 0x35, 0x35, 0x55, 0x77, 0x77, 0x99, 0x99, 0x99, 0x99, 0xD9, 0xDD, 0xD9, 
	0x99, 0x99, 0x99, 0x77, 0x53, 0x22, 0x11, 0x01, 0x11, 0x24, 0x68, 0xCC, 0xCC, 0xDC, 0x9C, 0xDD, 
	0xDD, 0xDD, 0xDC, 0x9C, 0xCC, 0x88, 0x76, 0x44, 0x67, 0x87, 0x9D, 0xEE, 0xDD, 0xDD, 0xD9, 0x99, 
	0x9C, 0x99, 0xDC, 0x99, 0x99, 0xDD, 0xDE, 0xEE, 0xEE, 0xEE, 0xED, 0xD9, 0x9C, 0x9C, 0x99, 0x77, 
	0x43, 0x24, 0x44, 0x44, 0x55, 0x56, 0x63, 0x22, 0x11, 0x11, 0x12, 0x22, 0x24, 0x64, 0x22, 0x22, 
	0x21, 0x12, 0x21, 0x11, 0x46, 0x44, 0x22, 0x21, 0x22, 0x24, 0x44, 0x22, 0x46, 0x6A, 0x66, 0x64, 
	0x44, 0x64, 0x46, 0x44, 0x22, 0x24, 0x43, 0x46, 0x46, 0x66, 0x66, 0x64, 0x46, 0x46, 0x66, 0xA6, 
	0x66, 0x64, 0x44, 0x66, 0x66, 0xA6, 0xA8, 0x8C, 0xCC, 0xDD, 0xCC, 0x86, 0x64, 0x44, 0x44, 0x46, 
	0x86, 0x86, 0x66, 0x66, 0x66, 0x66, 0x66, 0xA8, 0x6A, 0x89, 0xC9, 0x99, 0x9C, 0xCC, 0x87, 0x78, 
	0x88, 0x88, 0x86, 0x66, 0x66, 0x66, 0x65, 0x53, 0x35, 0x44, 0x45, 0x55, 0x55, 0x77, 0x55, 0x45, 
	0x45, 0x66, 0x55, 0x55, 0x53, 0x35, 0x48, 0x77, 0x89, 0x77, 0x77, 0x79, 0x99, 0x99, 0x99, 0x99, 
	0x97, 0x77, 0x99, 0x77, 0x53, 0x21, 0x11, 0x11, 0x12, 0x6C, 0xCC, 0xDD, 0xDD, 0x9D, 0x99, 0x99, 
	0xDD, 0xDD, 0xED, 0xDD, 0xDD, 0xC9, 0x98, 0x55, 0x55, 0x79, 0xDD, 0xED, 0xEE, 0xED, 0x99, 0x77, 
	0x9C, 0x99, 0x99, 0x99, 0x9D, 0xEE, 0xEE, 0xDE, 0xDD, 0xDD, 0xDD, 0x9D, 0xCC, 0xC9, 0x98, 0x97, 
	0x42, 0x12, 0x22, 0x22, 0x33, 0x33, 0x44, 0x44, 0x22, 0x11, 0x24, 0x44, 0x6A, 0x64, 0x42, 0x42, 
	0x42, 0x12, 0x11, 0x22, 0x46, 0x44, 0x22, 0x11, 0x22, 0x22, 0x22, 0x22, 0x44, 0x46, 0x44, 0x44, 
	0x24, 0x44, 0x44, 0x42, 0x41, 0x12, 0x42, 0x44, 0x24, 0x44, 0x44, 0x44, 0x24, 0x24, 0x44, 0x64, 
	0x44, 0x44, 0x42, 0x44, 0x66, 0xAA, 0xB8, 0x88, 0x8B, 0xCC, 0xC8, 0x86, 0xA6, 0x44, 0x42, 0x24, 
	0x64, 0x64, 0x66, 0x46, 0x44, 0x44, 0x44, 0x6A, 0x8B, 0x88, 0xC8, 0x9C, 0xCD, 0xDD, 0xC8, 0x78, 
	0x88, 0x88, 0xAA, 0x66, 0x44, 0x44, 0x33, 0x33, 0x53, 0x33, 0x34, 0x55, 0x55, 0x55, 0x55, 0x43, 
	0x33, 0x45, 0x33, 0x34, 0x55, 0x53, 0x55, 0x57, 0x77, 0x56, 0x76, 0xA7, 0x77, 0x79, 0x99, 0x97, 
	0x77, 0x77, 0x77, 0x75, 0x32, 0x21, 0x11, 0x12, 0x36, 0xCC, 0xD9, 0x99, 0x99, 0x99, 0x99, 0x99, 
	0x9D, 0xDD, 0xD9, 0x99, 0x99, 0x77, 0x77, 0x55, 0x55, 0x79, 0x9D, 0xEE, 0xEE, 0xED, 0xE9, 0x99, 
	0xDE, 0x99, 0x99, 0x9D, 0x9D, 0xDD, 0xEE, 0xD9, 0x99, 0x99, 0x99, 0x99, 0x88, 0x8B, 0x88, 0x75, 
	0x42, 0x22, 0x22, 0x22, 0x34, 0x66, 0xAA, 0xA6, 0x42, 0x21, 0x64, 0x44, 0x44, 0x22, 0x22, 0x44, 
	0x44, 0x42, 0x24, 0x44, 0x44, 0x44, 0x12, 0x22, 0x11, 0x21, 0x11, 0x12, 0x12, 0x12, 0x22, 0x21, 
	0x22, 0x22, 0x42, 0x22, 0x11, 0x12, 0x24, 0x46, 0x22, 0x22, 0x22, 0x22, 0x22, 0x22, 0x24, 0x44, 
	0x22, 0x22, 0x22, 0x44, 0xA4, 0xA6, 0x6A, 0xAB, 0x88, 0xBA, 0x8A, 0xA6, 0x44, 0x44, 0x22, 0x24, 
	0x44, 0x44, 0x44, 0x44, 0x44, 0x44, 0x44, 0x46, 0xA8, 0x88, 0x99, 0xCD, 0xDC, 0xDC, 0xC8, 0x88, 
	0x88, 0x88, 0xA6, 0x44, 0x44, 0x35, 0x55, 0x35, 0x54, 0x32, 0x23, 0x54, 0x53, 0x56, 0x66, 0x53, 
	0x33, 0x33, 0x33, 0x33, 0x35, 0x35, 0x55, 0x46, 0x66, 0x66, 0x64, 0x66, 0x66, 0x68, 0x77, 0x77, 
	0x77, 0x77, 0x77, 0x55, 0x42, 0x12, 0x22, 0x23, 0x57, 0x88, 0x99, 0x99, 0x99, 0x99, 0x99, 0x99, 
	0xDD, 0xEE, 0xED, 0xDD, 0x99, 0x99, 0x99, 0x77, 0x77, 0x79, 0xDE, 0xEE, 0xDE, 0xEE, 0xED, 0xDD, 
	0xED, 0xD9, 0x99, 0x99, 0xDD, 0xDD, 0xDD, 0x97, 0x76, 0x55, 0x77, 0x77, 0x66, 0x66, 0x66, 0x66, 
	0x64, 0x44, 0x22, 0x44, 0x66, 0xAA, 0x66, 0x64, 0x42, 0x11, 0x24, 0x44, 0x42, 0x22, 0x11, 0x22, 
	0x22, 0x24, 0x22, 0x22, 0x22, 0x22, 0x24, 0x22, 0x21, 0x21, 0x11, 0x11, 0x21, 0x11, 0x11, 0x21, 
	0x11, 0x12, 0x22, 0x22, 0x22, 0x24, 0x46, 0x66, 0x44, 0x21, 0x11, 0x11, 0x12, 0x12, 0x24, 0x42, 
	0x22, 0x21, 0x24, 0x46, 0xB6, 0xBA, 0x66, 0x8C, 0xBB, 0xAA, 0x66, 0x64, 0x22, 0x22, 0x24, 0x44, 
	0x66, 0x64, 0x44, 0x44, 0x42, 0x42, 0x44, 0x46, 0x8C, 0xC9, 0x8C, 0x9C, 0xCC, 0xCC, 0xCB, 0x88, 
	0xC8, 0x88, 0xAA, 0x64, 0x66, 0x35, 0x55, 0x55, 0x55, 0x53, 0x32, 0x34, 0x44, 0x65, 0x56, 0x64, 
	0x33, 0x33, 0x33, 0x33, 0x35, 0x35, 0x55, 0x44, 0x46, 0x64, 0x64, 0x46, 0x46, 0x67, 0x77, 0x77, 
	0x77, 0x77, 0x77, 0x55, 0x41, 0x12, 0x46, 0x55, 0x57, 0x77, 0x97, 0x99, 0x99, 0xDD, 0xDD, 0xDD, 
	0xDD, 0xEE, 0xEE, 0xEE, 0xEE, 0xDD, 0xDD, 0xD9, 0x99, 0x99, 0xDE, 0xEE, 0xDD, 0xEE, 0xEE, 0xEE, 
	0xED, 0xED, 0x99, 0x99, 0xDD, 0xDD, 0xDC, 0x75, 0x44, 0x23, 0x66, 0x66, 0x66, 0x34, 0x46, 0x66, 
	0x64, 0x44, 0x22, 0x44, 0x6A, 0xA6, 0x66, 0x44, 0x42, 0x21, 0x14, 0x44, 0x42, 0x22, 0x11, 0x22, 
	0x22, 0x22, 0x22, 0x22, 0x22, 0x22, 0x24, 0x22, 0x21, 0x21, 0x11, 0x11, 0x21, 0x11, 0x11, 0x21, 
	0x12, 0x24, 0x44, 0x22, 0x44, 0x46, 0x68, 0xC8, 0x88, 0x52, 0x22, 0x22, 0x23, 0x22, 0x44, 0x64, 
	0x44, 0x21, 0x24, 0x4A, 0xBA, 0xBA, 0x66, 0x88, 0xBB, 0x66, 0x64, 0x44, 0x22, 0x22, 0x24, 0x64, 
	0x66, 0x64, 0x44, 0x44, 0x42, 0x44, 0x44, 0x46, 0x8C, 0xC9, 0x8C, 0x98, 0xCC, 0xCC, 0xCB, 0x88, 
	0xC8, 0x88, 0xAA, 0x64, 0x66, 0x35, 0x55, 0x55, 0x55, 0x55, 0x32, 0x22, 0x44, 0x65, 0x56, 0x64, 
	0x33, 0x33, 0x33, 0x33, 0x35, 0x53, 0x54, 0x44, 0x44, 0x42, 0x44, 0x44, 0x43, 0x35, 0x55, 0x77, 
	0x77, 0x77, 0x77, 0x55, 0x31, 0x24, 0x6A, 0x87, 0x77, 0x77, 0x77, 0x99, 0x9D, 0xED, 0xEE, 0xEE, 
	0xEE, 0xEE, 0xEE, 0xEF, 0xFF, 0xEF, 0xEE, 0xEE, 0xDD, 0xDD, 0xDD, 0xDD, 0xD9, 0xDD, 0xDE, 0xED, 
	0xDD, 0xED, 0xD9, 0x99, 0x99, 0x99, 0xCB, 0x53, 0x22, 0x12, 0x44, 0x44, 0x44, 0x22, 0x24, 0x44, 
	0x44, 0x42, 0x21, 0x24, 0x66, 0x64, 0x44, 0x42, 0x24, 0x42, 0x22, 0x44, 0x42, 0x12, 0x22, 0x24, 
	0x22, 0x22, 0x24, 0x44, 0x42, 0x22, 0x22, 0x42, 0x22, 0x21, 0x21, 0x11, 0x11, 0x11, 0x12, 0x22, 
	0x45, 0x7B, 0xCB, 0x56, 0x66, 0x8C, 0xDE, 0xED, 0xDE, 0x97, 0x55, 0x56, 0x65, 0x55, 0x68, 0x8B, 
	0xA6, 0x42, 0x24, 0x6A, 0xA6, 0xAA, 0xA6, 0xAA, 0xA6, 0x44, 0x44, 0x22, 0x22, 0x22, 0x44, 0x64, 
	0x6A, 0xA6, 0x64, 0x44, 0x44, 0x44, 0x42, 0x44, 0x68, 0x89, 0xC9, 0x87, 0x88, 0xB8, 0xC8, 0x78, 
	0x88, 0xAA, 0x66, 0x64, 0x46, 0x56, 0x57, 0x75, 0x76, 0x67, 0x53, 0x21, 0x34, 0x44, 0x36, 0x65, 
	0x33, 0x35, 0x55, 0x65, 0x53, 0x34, 0x33, 0x42, 0x32, 0x24, 0x23, 0x22, 0x33, 0x55, 0x75, 0x55, 
	0x55, 0x56, 0x54, 0x33, 0x21, 0x12, 0x46, 0x77, 0x75, 0x79, 0x79, 0x9D, 0xEE, 0xEE, 0xEE, 0xEE, 
	0xEF, 0xEE, 0xEE, 0xEE, 0xEE, 0xFE, 0xFE, 0xFE, 0xEE, 0xEE, 0xED, 0xDE, 0x99, 0x99, 0x99, 0xDD, 
	0x9D, 0xDD, 0xD9, 0x99, 0x97, 0x77, 0xB6, 0x33, 0x21, 0x12, 0x22, 0x22, 0x22, 0x22, 0x21, 0x21, 
	0x12, 0x21, 0x12, 0x22, 0x22, 0x24, 0x23, 0x23, 0x22, 0x22, 0x11, 0x22, 0x21, 0x22, 0x24, 0x44, 
	0x44, 0x46, 0x68, 0xCC, 0x85, 0x32, 0x24, 0xA4, 0x44, 0x44, 0x22, 0x22, 0x12, 0x44, 0x46, 0x46, 
	0x9D, 0xDD, 0xEE, 0xDD, 0xDC, 0xDE, 0xFF, 0xEF, 0xFF, 0xEE, 0xDD, 0xDE, 0xDD, 0xC9, 0xCD, 0xED, 
	0xDC, 0xAA, 0x6A, 0x55, 0x43, 0x46, 0xA8, 0x77, 0xA6, 0x42, 0x44, 0x22, 0x22, 0x21, 0x12, 0x44, 
	0xAC, 0xCB, 0xBA, 0x64, 0x44, 0x42, 0x22, 0x24, 0x67, 0x88, 0x87, 0x77, 0xCC, 0x99, 0xC8, 0x88, 
	0x88, 0x66, 0x66, 0x64, 0x46, 0xA8, 0x87, 0x77, 0x77, 0x77, 0x53, 0x32, 0x22, 0x23, 0x44, 0x53, 
	0x33, 0x35, 0x55, 0x65, 0x44, 0x33, 0x32, 0x23, 0x22, 0x42, 0x24, 0x34, 0x46, 0x45, 0x55, 0x55, 
	0x33, 0x33, 0x44, 0x22, 0x11, 0x11, 0x24, 0x56, 0x77, 0x77, 0x99, 0x9D, 0xEE, 0xEE, 0xEE, 0xEF, 
	0xFE, 0xFE, 0xFE, 0xFE, 0xFE, 0xEF, 0xEE, 0xEE, 0xEE, 0xEE, 0xED, 0xDD, 0x97, 0x77, 0x79, 0x99, 
	0x9D, 0xDD, 0x99, 0x99, 0x77, 0x56, 0x64, 0x22, 0x11, 0x11, 0x12, 0x42, 0x12, 0x22, 0x11, 0x11, 
	0x11, 0x22, 0x22, 0x11, 0x11, 0x12, 0x22, 0x22, 0x21, 0x11, 0x22, 0x21, 0x21, 0x14, 0x22, 0x44, 
	0x66, 0x8C, 0xDD, 0xDD, 0xD7, 0x53, 0x36, 0x88, 0x98, 0x86, 0x77, 0x77, 0x7A, 0x88, 0x8C, 0xCD, 
	0xEF, 0xFE, 0xFF, 0xEE, 0xEE, 0xFF, 0xFF, 0xFF, 0xFF, 0xFF, 0xFF, 0xFF, 0xFE, 0xEE, 0xEE, 0xDE, 
	0xED, 0xCC, 0xCC, 0x77, 0x66, 0x6B, 0xBB, 0x66, 0x64, 0x44, 0x42, 0x21, 0x21, 0x22, 0x22, 0x48, 
	0xDD, 0xDD, 0xDC, 0x86, 0x64, 0x44, 0x22, 0x22, 0x67, 0xBC, 0xC8, 0x88, 0x9C, 0x98, 0x8C, 0xCC, 
	0x86, 0x64, 0x44, 0x43, 0x34, 0x6A, 0x87, 0x77, 0x55, 0x55, 0x55, 0x43, 0x22, 0x23, 0x33, 0x33, 
	0x33, 0x33, 0x35, 0x65, 0x44, 0x33, 0x32, 0x23, 0x22, 0x42, 0x24, 0x44, 0x46, 0x45, 0x55, 0x55, 
	0x32, 0x23, 0x42, 0x22, 0x11, 0x11, 0x22, 0x36, 0x77, 0x77, 0x99, 0xDD, 0xEE, 0xEE, 0xEE, 0xEF, 
	0xFE, 0xFE, 0xFE, 0xFE, 0xFE, 0xEF, 0xEE, 0xEE, 0xED, 0xEE, 0xED, 0xD9, 0x97, 0x77, 0x77, 0x89, 
	0x8C, 0xCC, 0x97, 0x97, 0x77, 0x56, 0x44, 0x22, 0x11, 0x11, 0x12, 0x42, 0x12, 0x12, 0x11, 0x11, 
	0x11, 0x22, 0x22, 0x11, 0x11, 0x12, 0x22, 0x21, 0x21, 0x22, 0x42, 0x21, 0x21, 0x12, 0x22, 0x46, 
	0xBC, 0xDE, 0xEE, 0xEE, 0xD9, 0x75, 0x59, 0xDD, 0xEE, 0xED, 0xDE, 0xEE, 0xED, 0xDD, 0xEE, 0xEE, 
	0xFF, 0xFF, 0xFF, 0xFF, 0xEF, 0xFF, 0xFF, 0xFF, 0xFF, 0xFF, 0xFF, 0xFF, 0xFF, 0xFF, 0xEE, 0xDE, 
	0xEE, 0xDD, 0xDD, 0xD9, 0xBB, 0xCC, 0xBB, 0x66, 0x44, 0x44, 0x44, 0x21, 0x21, 0x22, 0x46, 0xCE, 
	0xEE, 0xEE, 0xED, 0x99, 0xB6, 0x66, 0x43, 0x33, 0x68, 0x8C, 0xCC, 0xC8, 0x98, 0x88, 0x8C, 0xCC, 
	0xB6, 0x64, 0x43, 0x43, 0x34, 0x66, 0x87, 0x77, 0x55, 0x55, 0x55, 0x43, 0x22, 0x23, 0x33, 0x33, 
	0x32, 0x32, 0x34, 0x64, 0x43, 0x42, 0x22, 0x42, 0x44, 0x44, 0x32, 0x44, 0x44, 0x66, 0x33, 0x55, 
	0x33, 0x33, 0x21, 0x11, 0x21, 0x11, 0x12, 0x36, 0x79, 0x99, 0x9D, 0xEE, 0xEF, 0xEF, 0xFE, 0xFE, 
	0xFF, 0xEF, 0xEF, 0xEE, 0xEE, 0xEE, 0xEE, 0xEE, 0xED, 0xED, 0xD9, 0x97, 0x87, 0x55, 0x55, 0x67, 
	0x68, 0x88, 0x85, 0x76, 0x55, 0x44, 0x42, 0x21, 0x11, 0x11, 0x11, 0x21, 0x11, 0x11, 0x11, 0x11, 
	0x11, 0x11, 0x11, 0x11, 0x11, 0x11, 0x12, 0x22, 0x24, 0x54, 0x64, 0x22, 0x11, 0x11, 0x22, 0x46, 
	0x7D, 0xEF, 0xFE, 0xFF, 0xED, 0x99, 0x9D, 0xEE, 0xFF, 0xFF, 0xFF, 0xFF, 0xFE, 0xEF, 0xFF, 0xFF, 
	0xFF, 0xFF, 0xFF, 0xFF, 0xFF, 0xFF, 0xFF, 0xFF, 0xFF, 0xFF, 0xFF, 0xFF, 0xFF, 0xFF, 0xFE, 0xEE, 
	0xEE, 0xEE, 0xDD, 0xDD, 0xCC, 0xDD, 0xC8, 0x75, 0x44, 0x24, 0x4A, 0x44, 0x22, 0x46, 0x8D, 0xEF, 
	0xFF, 0xFF, 0xFE, 0xDD, 0xCC, 0xC8, 0x75, 0x55, 0x88, 0xCC, 0xC8, 0x87, 0x77, 0x88, 0xCC, 0xCC, 
	0x88, 0x66, 0x55, 0x33, 0x33, 0x55, 0x66, 0x77, 0x57, 0x75, 0x55, 0x55, 0x33, 0x33, 0x44, 0x33, 
	0x22, 0x22, 0x43, 0x44, 0x34, 0x42, 0x22, 0x22, 0x22, 0x22, 0x22, 0x22, 0x22, 0x24, 0x33, 0x33, 
	0x22, 0x22, 0x11, 0x11, 0x11, 0x11, 0x11, 0x3A, 0x79, 0xEE, 0xED, 0xEE, 0xEE, 0xFE, 0xEF, 0xFE, 
	0xFF, 0xFF, 0xFE, 0xED, 0xEE, 0xEE, 0xEE, 0xEE, 0xED, 0xDE, 0xD9, 0x97, 0x66, 0x33, 0x55, 0x55, 
	0x66, 0x66, 0x43, 0x44, 0x42, 0x22, 0x22, 0x12, 0x11, 0x11, 0x11, 0x11, 0x11, 0x11, 0x11, 0x11, 
	0x11, 0x11, 0x11, 0x11, 0x11, 0x11, 0x26, 0xA6, 0x88, 0x9C, 0xCB, 0x64, 0x44, 0x22, 0x11, 0x24, 
	0x99, 0xEF, 0xEF, 0xEF, 0xEF, 0xEF, 0xEE, 0xEE, 0xEF, 0xFF, 0xFF, 0xFF, 0xFF, 0xFF, 0xFF, 0xFF, 
	0xFF, 0xFF, 0xFF, 0xFF, 0xFF, 0xFF, 0xFF, 0xFF, 0xFF, 0xFF, 0xFF, 0xFF, 0xFF, 0xFF, 0xFF, 0xFE, 
	0xFE, 0xFE, 0xEE, 0x99, 0xDD, 0xCE, 0xED, 0x77, 0xBB, 0x46, 0xAB, 0x88, 0xAA, 0xCC, 0xEF, 0xFF, 
	0xFF, 0xFF, 0xFF, 0xEE, 0xEE, 0xEE, 0xDD, 0xDD, 0xDD, 0xDD, 0x99, 0x99, 0x79, 0x99, 0xCC, 0xC8, 
	0xA8, 0x88, 0x88, 0x87, 0x66, 0x66, 0x58, 0x77, 0x77, 0x77, 0x75, 0x55, 0x33, 0x44, 0x22, 0x22, 
	0x22, 0x22, 0x22, 0x22, 0x22, 0x22, 0x22, 0x11, 0x12, 0x12, 0x22, 0x11, 0x12, 0x22, 0x22, 0x22, 
	0x11, 0x21, 0x11, 0x12, 0x22, 0x22, 0x22, 0x48, 0x99, 0xDD, 0xDD, 0xDE, 0xFE, 0xFE, 0xFE, 0xEF, 
	0xEF, 0xFF, 0xEE, 0xED, 0xDD, 0xDD, 0xEE, 0xEE, 0xED, 0xDE, 0xD9, 0x75, 0x64, 0x44, 0x46, 0x44, 
	0x44, 0x44, 0x22, 0x22, 0x22, 0x22, 0x21, 0x11, 0x11, 0x11, 0x11, 0x11, 0x11, 0x11, 0x11, 0x11, 
	0x11, 0x11, 0x11, 0x11, 0x11, 0x12, 0x4A, 0x8C, 0xDD, 0xED, 0xD9, 0x87, 0x64, 0x42, 0x22, 0x25, 
	0x9D, 0xEE, 0xFF, 0xFF, 0xFF, 0xFF, 0xFF, 0xEE, 0xFE, 0xFF, 0xFF, 0xFF, 0xFF, 0xFF, 0xFF, 0xFF, 
	0xFF, 0xFF, 0xFF, 0xFF, 0xFF, 0xFF, 0xFF, 0xFF, 0xFF, 0xFF, 0xFF, 0xFF, 0xFF, 0xFF, 0xFF, 0xFE, 
	0xEF, 0xFF, 0xEE, 0xD9, 0x9D, 0xDE, 0xEE, 0xDD, 0xDC, 0x88, 0xCC, 0xCC, 0xDE, 0xEE, 0xFF, 0xFF, 
	0xFF, 0xFF, 0xFF, 0xFF, 0xFF, 0xFF, 0xEE, 0xEE, 0xEE, 0xED, 0xDD, 0xDD, 0x9D, 0xDC, 0xC9, 0x88, 
	0x8A, 0x8B, 0xCC, 0x87, 0x88, 0xA8, 0x78, 0x57, 0x98, 0x87, 0x77, 0x53, 0x22, 0x22, 0x11, 0x22, 
	0x22, 0x21, 0x22, 0x12, 0x22, 0x22, 0x22, 0x11, 0x12, 0x12, 0x22, 0x11, 0x12, 0x22, 0x21, 0x22, 
	0x11, 0x21, 0x11, 0x12, 0x22, 0x22, 0x23, 0x68, 0x99, 0xDD, 0x9D, 0xDE, 0xFE, 0xFE, 0xFE, 0xEF, 
	0xEF, 0xEF, 0xEE, 0xED, 0xDD, 0xDD, 0xEE, 0xEE, 0xED, 0xDD, 0xD9, 0x75, 0x53, 0x44, 0x46, 0x44, 
	0x42, 0x24, 0x22, 0x22, 0x12, 0x22, 0x21, 0x11, 0x11, 0x11, 0x11, 0x12, 0x22, 0x22, 0x21, 0x12, 
	0x11, 0x11, 0x11, 0x11, 0x21, 0x24, 0x4A, 0x8D, 0xEE, 0xED, 0xD9, 0x99, 0xA6, 0x42, 0x24, 0x37, 
	0xDD, 0xEE, 0xFF, 0xFF, 0xFF, 0xFF, 0xFF, 0xEE, 0xFE, 0xFF, 0xFF, 0xFF, 0xFF, 0xFF, 0xFF, 0xFF, 
	0xFF, 0xFF, 0xFF, 0xFF, 0xFF, 0xFF, 0xFF, 0xFF, 0xFF, 0xFF, 0xFF, 0xFF, 0xFF, 0xFF, 0xFF, 0xFE, 
	0xEF, 0xFF, 0xEE, 0xD9, 0x9D, 0xDE, 0xEE, 0xEE, 0xED, 0xDD, 0xCC, 0xDD, 0xEF, 0xFF, 0xFF, 0xFF, 
	0xFF, 0xFF, 0xFF, 0xFF, 0xFF, 0xFF, 0xFE, 0xEE, 0xFE, 0xEE, 0xEE, 0xDD, 0xEE, 0xDC, 0xC9, 0x87, 
	0x76, 0x8B, 0xCC, 0x88, 0x88, 0xB8, 0x88, 0x57, 0x98, 0x87, 0x77, 0x53, 0x22, 0x22, 0x11, 0x22, 
	0x21, 0x11, 0x11, 0x11, 0x11, 0x12, 0x11, 0x11, 0x11, 0x11, 0x11, 0x11, 0x11, 0x11, 0x11, 0x11, 
	0x11, 0x11, 0x11, 0x21, 0x12, 0x42, 0x45, 0x67, 0x77, 0x99, 0x99, 0xDE, 0xEE, 0xEE, 0xEE, 0xEF, 
	0xFE, 0xEE, 0xEE, 0xEE, 0xD9, 0x9D, 0xDD, 0xDD, 0xDD, 0xDD, 0x97, 0x53, 0x32, 0x44, 0x44, 0x42, 
	0x21, 0x12, 0x22, 0x12, 0x11, 0x11, 0x11, 0x11, 0x11, 0x12, 0x22, 0x44, 0x64, 0x44, 0x42, 0x24, 
	0x22, 0x11, 0x11, 0x24, 0x44, 0x44, 0x26, 0x9D, 0xEE, 0xEE, 0xD9, 0x97, 0x86, 0x42, 0x23, 0x59, 
	0xEE, 0xEF, 0xFF, 0xFF, 0xFF, 0xFF, 0xFF, 0xFE, 0xEF, 0xFF, 0xFF, 0xFF, 0xFF, 0xFF, 0xFF, 0xFF, 
	0xFF, 0xFF, 0xFF, 0xFF, 0xFF, 0xFF, 0xFF, 0xFF, 0xFF, 0xFF, 0xFF, 0xFF, 0xFF, 0xFF, 0xFF, 0xFF, 
	0xFF, 0xEF, 0xEE, 0xED, 0xDD, 0xEE, 0xEE, 0xFF, 0xEE, 0xEE, 0xDD, 0xEE, 0xFF, 0xFF, 0xFF, 0xFF, 
	0xFF, 0xFF, 0xFF, 0xFF, 0xFF, 0xEF, 0xFF, 0xFF, 0xFF, 0xEF, 0xEE, 0xEE, 0xFE, 0xED, 0x97, 0x75, 
	0x56, 0x68, 0xCC, 0x8A, 0x88, 0x88, 0xA7, 0x75, 0x77, 0x77, 0x55, 0x53, 0x22, 0x11, 0x11, 0x12, 
	0x11, 0x11, 0x11, 0x22, 0x21, 0x11, 0x11, 0x11, 0x10, 0x11, 0x01, 0x01, 0x11, 0x10, 0x11, 0x11, 
	0x11, 0x01, 0x11, 0x11, 0x11, 0x12, 0x22, 0x35, 0x77, 0x77, 0x99, 0x99, 0x99, 0x9D, 0xEE, 0xEE, 
	0xEE, 0xEE, 0xED, 0xD9, 0x99, 0x99, 0x77, 0x7B, 0x9C, 0xBB, 0xA6, 0x32, 0x12, 0x12, 0x22, 0x22, 
	0x21, 0x11, 0x11, 0x11, 0x11, 0x11, 0x11, 0x11, 0x11, 0x16, 0x8A, 0x8C, 0xCC, 0xCC, 0x8B, 0xBB, 
	0x64, 0x44, 0x23, 0x68, 0xC8, 0xA3, 0x37, 0xDE, 0xED, 0xEE, 0xED, 0x99, 0x73, 0x33, 0x68, 0x9E, 
	0xFF, 0xFF, 0xFF, 0xFF, 0xFF, 0xFF, 0xFF, 0xFF, 0xEE, 0xFF, 0xFF, 0xFF, 0xFF, 0xFF, 0xFF, 0xFF, 
	0xFF, 0xFF, 0xFF, 0xFF, 0xFF, 0xFF, 0xFF, 0xFF, 0xFF, 0xFF, 0xFF, 0xFF, 0xEE, 0xEE, 0xFF, 0xFF, 
	0xFF, 0xFE, 0xFE, 0xED, 0xDD, 0x9D, 0xDE, 0xFF, 0xFF, 0xFE, 0xEE, 0xEF, 0xEF, 0xFF, 0xFF, 0xFF, 
	0xFF, 0xFF, 0xFF, 0xFF, 0xFF, 0xFF, 0xFF, 0xFF, 0xFF, 0xFF, 0xFF, 0xFF, 0xEF, 0xEE, 0xD9, 0x75, 
	0x57, 0xCC, 0xCC, 0xCC, 0xA6, 0x46, 0x66, 0x67, 0x87, 0x87, 0x75, 0x33, 0x22, 0x11, 0x11, 0x11, 
	0x11, 0x12, 0x12, 0x35, 0x32, 0x22, 0x22, 0x22, 0x22, 0x22, 0x11, 0x11, 0x10, 0x11, 0x11, 0x11, 
	0x10, 0x10, 0x00, 0x01, 0x10, 0x01, 0x22, 0x35, 0x77, 0x77, 0x97, 0x79, 0xD9, 0xD9, 0xDD, 0xDD, 
	0xDD, 0xEE, 0xDD, 0x97, 0x77, 0x77, 0x64, 0x36, 0x66, 0x66, 0x64, 0x21, 0x11, 0x11, 0x11, 0x11, 
	0x11, 0x11, 0x11, 0x11, 0x12, 0x12, 0x11, 0x11, 0x22, 0x28, 0xDE, 0xEE, 0xEE, 0xED, 0xDD, 0xDD, 
	0xC6, 0x65, 0x56, 0xCD, 0xDD, 0x88, 0x8D, 0xED, 0xDE, 0xEE, 0xEE, 0xDD, 0x95, 0x35, 0x8D, 0xDF, 
	0xFF, 0xFF, 0xFF, 0xFF, 0xFF, 0xFF, 0xFF, 0xEE, 0xEF, 0xFF, 0xFF, 0xFF, 0xFF, 0xFF, 0xFF, 0xFF, 
	0xFF, 0xFF, 0xFF, 0xFF, 0xFF, 0xFF, 0xFF, 0xFF, 0xFF, 0xFF, 0xFE, 0xEE, 0xEE, 0xEE, 0xEE, 0xEE, 
	0xEE, 0xEE, 0xEE, 0xED, 0xDD, 0xDD, 0xDE, 0xEF, 0xFF, 0xEF, 0xEF, 0xEF, 0xFF, 0xFF, 0xFF, 0xFF, 
	0xFF, 0xFF, 0xFF, 0xFE, 0xFE, 0xFF, 0xFF, 0xFF, 0xFF, 0xFF, 0xFF, 0xFF, 0xFF, 0xFE, 0xED, 0x97, 
	0x78, 0x88, 0xCC, 0xC8, 0xA6, 0x33, 0x56, 0x68, 0x78, 0x77, 0x75, 0x22, 0x22, 0x21, 0x11, 0x11, 
	0x11, 0x24, 0x44, 0x78, 0x55, 0x55, 0x66, 0x55, 0x56, 0x44, 0x22, 0x21, 0x11, 0x11, 0x11, 0x11, 
	0x10, 0x11, 0x11, 0x01, 0x11, 0x22, 0x33, 0x56, 0x77, 0x77, 0x97, 0x79, 0x99, 0xD9, 0x99, 0x99, 
	0xDD, 0xDD, 0xDD, 0x97, 0x75, 0x34, 0x44, 0x22, 0x22, 0x44, 0x42, 0x21, 0x11, 0x11, 0x11, 0x11, 
	0x11, 0x11, 0x11, 0x11, 0x12, 0x22, 0x22, 0x22, 0x46, 0x8D, 0xEF, 0xFF, 0xFF, 0xFE, 0xEE, 0xEE, 
	0xDC, 0x97, 0x79, 0xDE, 0xEE, 0xDE, 0xEE, 0xED, 0xEE, 0xEE, 0xEE, 0xDD, 0xD7, 0x57, 0xCE, 0xEF, 
	0xFF, 0xFF, 0xFF, 0xFF, 0xFF, 0xFF, 0xFF, 0xEE, 0xEF, 0xFF, 0xFF, 0xFF, 0xFF, 0xFF, 0xFF, 0xFF, 
	0xFF, 0xFF, 0xFF, 0xFF, 0xFF, 0xFF, 0xFF, 0xFF, 0xFF, 0xFF, 0xFE, 0xEE, 0xDE, 0xDE, 0xED, 0xEE, 
	0xEE, 0xEE, 0xDE, 0xDD, 0xDD, 0xDD, 0xDE, 0xEF, 0xFF, 0xEF, 0xEF, 0xEF, 0xFF, 0xFF, 0xFF, 0xFF, 
	0xFF, 0xFF, 0xFF, 0xFE, 0xFE, 0xFF, 0xFF, 0xFF, 0xFF, 0xFF, 0xFF, 0xFF, 0xFF, 0xFE, 0xED, 0x98, 
	0x8A, 0x8A, 0x88, 0x88, 0x66, 0x33, 0x56, 0x68, 0x78, 0x77, 0x75, 0x32, 0x22, 0x21, 0x11, 0x11, 
	0x24, 0x46, 0xC8, 0x9C, 0x89, 0x88, 0xCC, 0x88, 0x8A, 0x86, 0x34, 0x42, 0x22, 0x21, 0x11, 0x11, 
	0x22, 0x22, 0x22, 0x22, 0x33, 0x65, 0x55, 0x78, 0x87, 0x77, 0x77, 0x79, 0x77, 0x99, 0x77, 0x77, 
	0x99, 0x99, 0x9D, 0x95, 0x53, 0x22, 0x22, 0x21, 0x11, 0x22, 0x21, 0x11, 0x11, 0x11, 0x11, 0x11, 
	0x11, 0x11, 0x11, 0x12, 0x23, 0x44, 0x44, 0x6B, 0xCD, 0xEE, 0xFF, 0xFF, 0xFF, 0xFF, 0xFF, 0xFF, 
	0xEE, 0xD9, 0x99, 0xEE, 0xFF, 0xEF, 0xEE, 0xEE, 0xFE, 0xEE, 0xEE, 0xEE, 0xE9, 0x78, 0xDE, 0xFF, 
	0xFF, 0xFF, 0xFF, 0xFF, 0xFF, 0xFF, 0xFF, 0xFE, 0xEE, 0xEF, 0xFF, 0xFF, 0xFF, 0xFF, 0xFF, 0xFF, 
	0xFF, 0xFF, 0xFF, 0xEE, 0xEE, 0xFF, 0xFF, 0xFF, 0xFE, 0xEE, 0xEE, 0xEE, 0xDD, 0xCD, 0xDD, 0xDD, 
	0xDD, 0xDE, 0xDD, 0xCD, 0xDD, 0xDD, 0xEE, 0xEE, 0xEE, 0xFE, 0xFF, 0xFF, 0xEF, 0xFF, 0xFF, 0xFF, 
	0xFF, 0xFF, 0xFF, 0xEF, 0xFE, 0xEE, 0xFF, 0xEF, 0xFF, 0xFF, 0xFF, 0xEE, 0xEF, 0xEE, 0xEE, 0xC9, 
	0x88, 0x68, 0x66, 0x66, 0x43, 0x24, 0x45, 0x57, 0x98, 0x97, 0x77, 0x53, 0x22, 0x21, 0x11, 0x12, 
	0xB8, 0xC9, 0xD9, 0x99, 0x99, 0x99, 0x79, 0x97, 0x77, 0x77, 0x55, 0x44, 0x44, 0x22, 0x22, 0x22, 
	0x55, 0x77, 0x57, 0x57, 0x79, 0x99, 0x99, 0x9D, 0x99, 0x97, 0x79, 0x77, 0x56, 0x66, 0x55, 0x55, 
	0xA7, 0xB7, 0xBB, 0xA6, 0x42, 0x22, 0x11, 0x11, 0x11, 0x11, 0x11, 0x11, 0x11, 0x11, 0x11, 0x11, 
	0x11, 0x11, 0x22, 0x46, 0x57, 0x88, 0x87, 0x9D, 0xEF, 0xFF, 0xFF, 0xFF, 0xFF, 0xFF, 0xFF, 0xFF, 
	0xEF, 0xE9, 0x79, 0xEF, 0xFF, 0xFE, 0xEF, 0xEE, 0xEF, 0xEF, 0xEE, 0xDD, 0xDD, 0xDD, 0xEE, 0xEF, 
	0xFF, 0xFF, 0xFF, 0xFF, 0xFF, 0xFF, 0xFF, 0xEE, 0xEE, 0xEE, 0xEE, 0xEF, 0xFF, 0xFF, 0xEF, 0xFF, 
	0xFF, 0xEE, 0xEE, 0xEE, 0xEE, 0xEE, 0xEE, 0xED, 0xDE, 0xDD, 0xEE, 0xEE, 0xED, 0x99, 0xCD, 0xDD, 
	0x99, 0xDD, 0xDC, 0x9C, 0xCD, 0xDE, 0xDD, 0xDE, 0xDE, 0xEE, 0xFE, 0xFF, 0xFE, 0xEE, 0xFF, 0xFF, 
	0xFF, 0xFF, 0xFE, 0xEE, 0xDD, 0xED, 0xEE, 0xEE, 0xEE, 0xEE, 0xEE, 0xEE, 0xEE, 0xDD, 0xDD, 0xC9, 
	0x87, 0x88, 0x76, 0x53, 0x44, 0x24, 0x44, 0x55, 0x78, 0x87, 0x77, 0x44, 0x21, 0x11, 0x12, 0x36, 
	0xC9, 0x99, 0x99, 0x99, 0x99, 0x99, 0x77, 0x99, 0x99, 0x77, 0x75, 0x55, 0x53, 0x32, 0x35, 0x57, 
	0x99, 0x9D, 0xDD, 0xDD, 0xDD, 0xDE, 0xDD, 0xDD, 0xD9, 0x99, 0x97, 0x77, 0x55, 0x55, 0x43, 0x35, 
	0x66, 0x66, 0x66, 0x44, 0x22, 0x11, 0x11, 0x21, 0x11, 0x11, 0x11, 0x11, 0x11, 0x11, 0x22, 0x22, 
	0x21, 0x11, 0x24, 0x68, 0x8C, 0xDD, 0xD9, 0xDE, 0xEE, 0xFF, 0xFF, 0xFF, 0xFF, 0xFF, 0xFF, 0xFF, 
	0xFE, 0xE9, 0x79, 0xEF, 0xFE, 0xFF, 0xFF, 0xFF, 0xFF, 0xFF, 0xEE, 0xEE, 0xEE, 0xDD, 0xDD, 0xDE, 
	0xEF, 0xFF, 0xFF, 0xFF, 0xFF, 0xFF, 0xEE, 0xED, 0xDE, 0xEE, 0xEE, 0xEE, 0xEE, 0xEE, 0xDE, 0xEF, 
	0xEE, 0xEE, 0xEE, 0xED, 0xED, 0xED, 0xDD, 0xDD, 0xDD, 0xED, 0xEE, 0xEE, 0xDD, 0x99, 0x8C, 0xCC, 
	0x99, 0x9D, 0x9C, 0x88, 0x8C, 0xDD, 0xDD, 0xDD, 0xEE, 0xEE, 0xEF, 0xEE, 0xEE, 0xEE, 0xEE, 0xFF, 
	0xFF, 0xEF, 0xEE, 0xDD, 0x99, 0xDD, 0xDD, 0xDD, 0xDD, 0xDD, 0xDD, 0xDD, 0xDD, 0xD9, 0xC9, 0x87, 
	0x88, 0x78, 0x88, 0x76, 0x44, 0x24, 0x44, 0x45, 0x77, 0x77, 0x55, 0x42, 0x21, 0x22, 0x23, 0x68, 
	0x89, 0x99, 0x99, 0x99, 0x99, 0x99, 0x77, 0x99, 0x99, 0x77, 0x77, 0x75, 0x55, 0x53, 0x77, 0x79, 
	0xDD, 0xDE, 0xEE, 0xEE, 0xEE, 0xEE, 0xEE, 0xEE, 0xDD, 0xDD, 0x97, 0x77, 0x55, 0x55, 0x65, 0x35, 
	0x66, 0x64, 0x33, 0x22, 0x22, 0x11, 0x11, 0x21, 0x11, 0x11, 0x11, 0x11, 0x11, 0x12, 0x22, 0x24, 
	0x21, 0x11, 0x26, 0x8C, 0xCC, 0xEE, 0xEE, 0xDE, 0xEE, 0xFF, 0xFF, 0xFF, 0xFF, 0xFF, 0xFF, 0xFF, 
	0xFE, 0xE9, 0x9D, 0xEF, 0xFE, 0xFF, 0xFF, 0xFF, 0xFF, 0xFF, 0xEE, 0xEE, 0xEE, 0xDD, 0xDD, 0xDE, 
	0xEF, 0xFF, 0xFF, 0xFF, 0xEF, 0xFF, 0xED, 0xDD, 0xDD, 0xEE, 0xED, 0xEE, 0xEE, 0xD9, 0x9D, 0xDE, 
	0xEE, 0xEE, 0xED, 0xDD, 0xDD, 0xDD, 0x9D, 0xDD, 0xDD, 0xED, 0xDE, 0xDE, 0xDD, 0x99, 0x8C, 0xCC, 
	0x99, 0x99, 0x98, 0x8B, 0x7B, 0xDD, 0xDD, 0xDD, 0xEE, 0xEE, 0xEF, 0xEE, 0xEE, 0xEE, 0xEE, 0xFF, 
	0xFF, 0xEE, 0xEE, 0xDD, 0x99, 0x9D, 0xDD, 0x99, 0xDD, 0xDD, 0xDD, 0xDC, 0xDD, 0xD9, 0x87, 0x77, 
	0x88, 0x78, 0x88, 0x66, 0x44, 0x44, 0x44, 0x45, 0x77, 0x77, 0x55, 0x41, 0x22, 0x22, 0x23, 0x6C, 
	0x77, 0x77, 0x99, 0x99, 0xD9, 0x99, 0x99, 0x99, 0xDD, 0x99, 0x99, 0x97, 0x77, 0x77, 0x99, 0x99, 
	0x9E, 0xEE, 0xEE, 0xEE, 0xFE, 0xEE, 0xFF, 0xEF, 0xEE, 0xEE, 0xD9, 0x77, 0x57, 0x57, 0x77, 0x55, 
	0x55, 0x33, 0x33, 0x22, 0x11, 0x11, 0x11, 0x11, 0x11, 0x11, 0x11, 0x11, 0x21, 0x24, 0x44, 0x4A, 
	0x43, 0x33, 0x35, 0x98, 0x9D, 0xEE, 0xEF, 0xEE, 0xEF, 0xFF, 0xFF, 0xFF, 0xFF, 0xFF, 0xFF, 0xFE, 
	0xFE, 0xED, 0xDE, 0xFE, 0xFF, 0xEF, 0xEE, 0xEE, 0xFE, 0xEF, 0xEF, 0xEE, 0xED, 0x99, 0x9D, 0xDD, 
	0xEE, 0xFE, 0xEE, 0xEE, 0xDE, 0xEE, 0xD9, 0x9D, 0xD9, 0xDD, 0xD9, 0xDE, 0xEE, 0xD9, 0x79, 0x9D, 
	0xEE, 0xED, 0xDC, 0xCC, 0xCD, 0xCC, 0xDC, 0xCD, 0xDD, 0xDD, 0x9D, 0x9D, 0xCC, 0xC8, 0xAB, 0xCC, 
	0x98, 0x88, 0x76, 0xB6, 0x6B, 0xCC, 0xCD, 0xCE, 0xEE, 0xEE, 0xEE, 0xEE, 0xDD, 0xDE, 0xEE, 0xEE, 
	0xEE, 0xED, 0xEE, 0xDD, 0xC9, 0x9C, 0xD9, 0x98, 0x9D, 0xDC, 0xDC, 0xD8, 0x99, 0x97, 0x88, 0xB8, 
	0x66, 0x66, 0x66, 0x44, 0x44, 0x64, 0x66, 0x64, 0x55, 0x75, 0x55, 0x21, 0x24, 0x43, 0x45, 0x78, 
	0x77, 0x77, 0x99, 0x9D, 0xDD, 0xED, 0xED, 0xEE, 0xEE, 0xEE, 0xEE, 0xDD, 0xD9, 0x99, 0x99, 0x9D, 
	0xEE, 0xEE, 0xEF, 0xEE, 0xFF, 0xFF, 0xFF, 0xFF, 0xFE, 0xEE, 0xDD, 0x97, 0x77, 0x77, 0x57, 0x77, 
	0x77, 0x77, 0x75, 0x32, 0x21, 0x11, 0x11, 0x11, 0x21, 0x11, 0x22, 0x43, 0x33, 0x56, 0xA8, 0x8A, 
	0x87, 0x77, 0x77, 0x77, 0x8C, 0xDE, 0xEF, 0xFF, 0xFF, 0xFF, 0xFF, 0xFF, 0xFF, 0xFF, 0xEE, 0xEE, 
	0xEE, 0xEE, 0xFE, 0xEE, 0xEE, 0xFE, 0xEE, 0xEE, 0xEE, 0xEE, 0xEF, 0xEE, 0xED, 0x97, 0x7D, 0xDE, 
	0xEE, 0xED, 0xDD, 0xDD, 0xDE, 0xDD, 0xDD, 0xDD, 0x99, 0x97, 0x79, 0xD9, 0xCC, 0xCC, 0x7B, 0x7C, 
	0xCC, 0xCC, 0xBB, 0x88, 0xA7, 0xBB, 0xBA, 0xCC, 0xCC, 0xCC, 0xCC, 0xCC, 0xC8, 0xA6, 0xAB, 0xCB, 
	0xA6, 0xA6, 0x66, 0x66, 0x66, 0xBB, 0xCC, 0xCD, 0xDE, 0xEE, 0xEE, 0xDD, 0xDC, 0xDE, 0xED, 0xEE, 
	0xEE, 0xEE, 0xDD, 0xD9, 0x9C, 0xDD, 0x98, 0x99, 0x8C, 0xCC, 0x88, 0x87, 0x88, 0xA6, 0x8A, 0x66, 
	0x4A, 0x44, 0x44, 0x44, 0x44, 0x46, 0xA4, 0x66, 0x58, 0x86, 0x54, 0x22, 0x44, 0x68, 0x87, 0x57, 
	0x75, 0x87, 0x88, 0x99, 0xDD, 0xDE, 0xEE, 0xEE, 0xEE, 0xEE, 0xEE, 0xEE, 0xED, 0xD9, 0x99, 0xDE, 
	0xEE, 0xEE, 0xFF, 0xFF, 0xFF, 0xFF, 0xFF, 0xFF, 0xFF, 0xEE, 0xED, 0x99, 0x97, 0x77, 0x55, 0x59, 
	0x99, 0x99, 0x97, 0x55, 0x32, 0x22, 0x21, 0x11, 0x12, 0x22, 0x44, 0x35, 0x75, 0x57, 0x77, 0x76, 
	0x68, 0x88, 0x88, 0xB7, 0x78, 0xCD, 0xEE, 0xEF, 0xFF, 0xFE, 0xFE, 0xFE, 0xFE, 0xEE, 0xEE, 0xEE, 
	0xDE, 0xEE, 0xEE, 0xDD, 0xDE, 0xEE, 0xDD, 0xDE, 0xEE, 0xEE, 0xEE, 0xEE, 0xDD, 0x99, 0x9D, 0xDE, 
	0xED, 0xDD, 0xDC, 0xCC, 0xCD, 0xCC, 0xCC, 0xCC, 0x88, 0x75, 0x8C, 0xCC, 0xCB, 0xBB, 0xB6, 0x6B, 
	0xBB, 0xAB, 0x66, 0x66, 0x66, 0x66, 0x66, 0xB6, 0xBB, 0xBB, 0x8B, 0xBB, 0xB6, 0x66, 0xAA, 0xBA, 
	0x66, 0x64, 0x44, 0x64, 0x66, 0x6A, 0xBB, 0xCC, 0xCD, 0xDD, 0xDD, 0xCC, 0xCD, 0xCD, 0xDD, 0xDE, 
	0xDE, 0xDD, 0xCC, 0xC9, 0xCC, 0xCC, 0xCC, 0x88, 0x88, 0xC8, 0x88, 0x66, 0x66, 0x66, 0x66, 0x44, 
	0x44, 0x44, 0x44, 0x44, 0x44, 0x46, 0x66, 0x66, 0x66, 0x65, 0x34, 0x22, 0x24, 0x6A, 0x77, 0x75, 
	0x75, 0x77, 0x88, 0x99, 0xDD, 0xDE, 0xEE, 0xEE, 0xEE, 0xEE, 0xEE, 0xEE, 0xED, 0xD9, 0x9D, 0xEE, 
	0xEE, 0xEE, 0xFF, 0xFF, 0xFF, 0xFF, 0xFF, 0xFF, 0xFF, 0xEE, 0xEE, 0xDD, 0x99, 0x77, 0x75, 0x79, 
	0xDD, 0xDD, 0xDD, 0x99, 0x86, 0x64, 0x21, 0x11, 0x12, 0x24, 0x44, 0x35, 0x75, 0x57, 0x55, 0x55, 
	0x46, 0x66, 0x66, 0x65, 0x77, 0x8D, 0xEE, 0xEF, 0xFF, 0xFE, 0xFE, 0xFE, 0xFE, 0xEE, 0xEE, 0xEE, 
	0xDE, 0xEE, 0xDD, 0xDD, 0xDD, 0xED, 0xDD, 0xDE, 0xDD, 0xEE, 0xED, 0xDD, 0xCD, 0x99, 0x9D, 0xCD, 
	0xD9, 0xCC, 0xCC, 0x8C, 0x88, 0x88, 0x88, 0xB8, 0x88, 0x65, 0x88, 0x8C, 0xCB, 0xBB, 0x65, 0x66, 
	0xBB, 0x66, 0x66, 0x44, 0x64, 0x44, 0x44, 0x44, 0x46, 0x66, 0x65, 0x56, 0x64, 0x66, 0xAA, 0x66, 
	0x66, 0x44, 0x44, 0x66, 0x66, 0x6A, 0xAB, 0xCB, 0x8C, 0xCC, 0xCD, 0xCC, 0x8C, 0xCD, 0xCD, 0xDD, 
	0xDD, 0xCC, 0xCC, 0xC9, 0x8C, 0xC8, 0xC8, 0x88, 0x88, 0x8A, 0x88, 0x66, 0x66, 0x64, 0x46, 0x44, 
	0x42, 0x44, 0x24, 0x46, 0x44, 0x6B, 0x66, 0x64, 0x66, 0x65, 0x34, 0x21, 0x22, 0x46, 0x77, 0x75, 
	0x77, 0x58, 0x77, 0x89, 0xDD, 0xDD, 0xEE, 0xEE, 0xEE, 0xEE, 0xEE, 0xEE, 0xDD, 0x99, 0x9E, 0xEE, 
	0xEE, 0xFF, 0xFE, 0xFF, 0xFF, 0xFF, 0xFF, 0xFF, 0xFF, 0xFE, 0xEE, 0xEE, 0xDD, 0x99, 0x99, 0x9D, 
	0xEE, 0xEE, 0xEE, 0xED, 0xEC, 0xC8, 0x62, 0x21, 0x22, 0x22, 0x33, 0x55, 0x55, 0x55, 0x33, 0x33, 
	0x22, 0x24, 0x44, 0x33, 0x55, 0x7C, 0xDE, 0xEE, 0xEE, 0xFE, 0xFE, 0xFF, 0xEE, 0xED, 0xDD, 0xDD, 
	0x9D, 0xDD, 0x99, 0x99, 0x9C, 0xD9, 0x99, 0x9D, 0xCC, 0xDD, 0xDC, 0x99, 0xBC, 0x8C, 0xC8, 0xAA, 
	0xB6, 0x6B, 0xBB, 0x6B, 0x6A, 0x6A, 0x66, 0x66, 0x66, 0x66, 0xAA, 0xAA, 0xAA, 0x66, 0x44, 0x44, 
	0x66, 0x44, 0x44, 0x42, 0x44, 0x22, 0x22, 0x22, 0x23, 0x33, 0x33, 0x33, 0x44, 0x66, 0x66, 0x44, 
	0x64, 0x24, 0x66, 0x6A, 0x66, 0x66, 0xBC, 0xCB, 0x78, 0xBC, 0xBC, 0x88, 0x7B, 0xCC, 0xCC, 0xCC, 
	0xCC, 0xCC, 0xCC, 0xC8, 0xAA, 0x8A, 0x8A, 0x88, 0xCA, 0xAA, 0x66, 0x66, 0x64, 0x42, 0x44, 0x22, 
	0x22, 0x24, 0x12, 0x26, 0x66, 0x8C, 0x86, 0x55, 0x66, 0x64, 0x22, 0x21, 0x12, 0x23, 0x67, 0x78, 
	0xC8, 0x88, 0x56, 0xA8, 0x8C, 0xDD, 0xEE, 0xEE, 0xEE, 0xEE, 0xDE, 0xD9, 0x99, 0x9D, 0xDD, 0xEE, 
	0xEE, 0xFF, 0xFF, 0xEF, 0xFF, 0xFF, 0xFF, 0xFF, 0xFF, 0xFF, 0xFE, 0xEE, 0xEE, 0xE9, 0xEE, 0xEE, 
	0xEE, 0xFE, 0xFF, 0xFF, 0xEE, 0xD9, 0x97, 0x53, 0x33, 0x33, 0x33, 0x55, 0x33, 0x56, 0x53, 0x32, 
	0x11, 0x22, 0x43, 0x23, 0x37, 0xDE, 0xDD, 0xDD, 0xEE, 0xEE, 0xEF, 0xEE, 0xEE, 0xDD, 0xD9, 0x79, 
	0x86, 0x7B, 0x88, 0x88, 0x99, 0x99, 0x77, 0x97, 0x6B, 0xBC, 0xCC, 0xB6, 0x46, 0x66, 0x64, 0x34, 
	0x42, 0x24, 0x44, 0x44, 0x44, 0x44, 0x44, 0x24, 0x44, 0x44, 0x44, 0x44, 0x44, 0x44, 0x44, 0x44, 
	0x44, 0x44, 0x22, 0x22, 0x22, 0x22, 0x44, 0x34, 0x33, 0x56, 0xAA, 0xA8, 0x8A, 0x64, 0x44, 0x46, 
	0x44, 0x44, 0xA6, 0x8A, 0xCC, 0xB8, 0xC8, 0x88, 0x87, 0x89, 0xCA, 0x75, 0x66, 0x8A, 0x8C, 0xAA, 
	0x66, 0x66, 0x66, 0x55, 0x66, 0xAA, 0xA8, 0x88, 0xAA, 0x64, 0x44, 0x44, 0x42, 0x12, 0x12, 0x14, 
	0x12, 0x12, 0x22, 0x44, 0x8C, 0xDD, 0xC9, 0x75, 0x64, 0x42, 0x22, 0x22, 0x22, 0x22, 0x68, 0x99, 
	0xCC, 0x88, 0x66, 0x66, 0x78, 0x99, 0xDE, 0xEE, 0xEE, 0xED, 0xDD, 0x99, 0xD9, 0x9D, 0x9D, 0xDE, 
	0xEE, 0xEF, 0xEE, 0xFE, 0xFF, 0xFF, 0xEE, 0xEE, 0xEE, 0xFF, 0xEE, 0xEE, 0xEE, 0xED, 0xEE, 0xEE, 
	0xDE, 0xEF, 0xEE, 0xFE, 0xFF, 0xED, 0xDD, 0xD8, 0x88, 0x65, 0x55, 0x66, 0x66, 0x68, 0x76, 0x53, 
	0x22, 0x36, 0x65, 0x56, 0x8D, 0xEE, 0xEE, 0xEE, 0xED, 0xDE, 0xFE, 0xFE, 0xED, 0xDD, 0xD9, 0x77, 
	0x64, 0x56, 0x66, 0x66, 0x78, 0x98, 0x88, 0x75, 0x46, 0x66, 0xBB, 0x64, 0x44, 0x44, 0x42, 0x22, 
	0x22, 0x22, 0x44, 0x44, 0x44, 0x44, 0x42, 0x22, 0x22, 0x44, 0x22, 0x24, 0x42, 0x24, 0x22, 0x22, 
	0x22, 0x22, 0x22, 0x22, 0x22, 0x46, 0x88, 0x77, 0x88, 0x8D, 0xCD, 0xCD, 0xC8, 0x86, 0x64, 0x44, 
	0x44, 0x66, 0x66, 0xA8, 0xCB, 0xAA, 0x86, 0x78, 0xCC, 0xCD, 0xC8, 0x88, 0x88, 0xA6, 0xAA, 0x66, 
	0x46, 0x66, 0x66, 0x55, 0x46, 0x66, 0x66, 0xAA, 0xA6, 0x44, 0x44, 0x42, 0x22, 0x22, 0x21, 0x22, 
	0x24, 0x24, 0x44, 0x66, 0xDD, 0xED, 0xD9, 0x75, 0x44, 0x22, 0x21, 0x11, 0x11, 0x23, 0x68, 0x9C, 
	0xCC, 0x88, 0x66, 0x46, 0x57, 0x79, 0xDD, 0xEE, 0xEE, 0xED, 0xDD, 0x99, 0xD9, 0x9D, 0x9D, 0xDD, 
	0xEE, 0xEF, 0xEE, 0xFE, 0xFF, 0xFF, 0xEE, 0xEE, 0xEE, 0xFF, 0xEE, 0xEE, 0xEE, 0xEE, 0xEE, 0xEE, 
	0xDE, 0xEF, 0xEE, 0xFE, 0xFF, 0xEE, 0xEE, 0xED, 0xCD, 0x85, 0x55, 0x66, 0x66, 0xA8, 0x88, 0x87, 
	0x56, 0x7C, 0xC9, 0x9C, 0xEE, 0xEE, 0xEE, 0xEE, 0xED, 0xDE, 0xFE, 0xEE, 0xED, 0xDD, 0xD9, 0x77, 
	0x63, 0x34, 0x66, 0x66, 0x76, 0x88, 0x88, 0x65, 0x44, 0x44, 0x46, 0x62, 0x44, 0x24, 0x22, 0x22, 
	0x22, 0x22, 0x44, 0x24, 0x24, 0x44, 0x22, 0x22, 0x22, 0x44, 0x22, 0x24, 0x42, 0x24, 0x22, 0x44, 
	0x44, 0x44, 0x44, 0x42, 0x44, 0xAB, 0xCC, 0x9D, 0xCC, 0xDE, 0xEE, 0xDD, 0xCC, 0xC8, 0x86, 0x44, 
	0x44, 0x6A, 0x66, 0xA8, 0xCA, 0xA6, 0x66, 0x78, 0xCC, 0xDE, 0xDD, 0xDD, 0xDC, 0xC8, 0x88, 0x65, 
	0x56, 0x56, 0x66, 0x65, 0x56, 0x66, 0x46, 0x6A, 0x66, 0x44, 0x44, 0x42, 0x22, 0x22, 0x22, 0x42, 
	0x46, 0x66, 0xA8, 0x8C, 0xDD, 0xDD, 0xD9, 0x75, 0x44, 0x22, 0x21, 0x11, 0x22, 0x23, 0x68, 0x9C, 
	0x88, 0x8A, 0x63, 0x24, 0x45, 0x77, 0x99, 0xDE, 0xEE, 0xEE, 0xDD, 0xDD, 0x9D, 0x99, 0x9D, 0xD9, 
	0xDE, 0xEE, 0xEE, 0xEE, 0xEE, 0xEF, 0xFF, 0xEF, 0xEF, 0xFE, 0xEF, 0xEE, 0xEE, 0xED, 0xEE, 0xEE, 
	0xEE, 0xEE, 0xDE, 0xEE, 0xEE, 0xEE, 0xDD, 0xDD, 0xDD, 0x97, 0x77, 0x77, 0x66, 0x89, 0x9D, 0xED, 
	0xDD, 0x9D, 0xEE, 0xEE, 0xFE, 0xEE, 0xEE, 0xDE, 0xED, 0xDE, 0xED, 0xDD, 0xDD, 0x99, 0x97, 0x55, 
	0x42, 0x23, 0x44, 0x66, 0x54, 0x66, 0x66, 0x44, 0x44, 0x22, 0x24, 0x42, 0x22, 0x22, 0x22, 0x22, 
	0x22, 0x14, 0x24, 0x24, 0x24, 0x22, 0x22, 0x22, 0x22, 0x22, 0x44, 0x22, 0x22, 0x24, 0x66, 0xB6, 
	0x66, 0x6A, 0x6A, 0x44, 0xAB, 0xCC, 0xDD, 0xDE, 0xDD, 0xDE, 0xEE, 0xCC, 0xCD, 0xDC, 0x98, 0x66, 
	0x64, 0x6A, 0x86, 0x6A, 0x8B, 0xB6, 0x67, 0xBC, 0x9D, 0xEE, 0xEE, 0xEF, 0xEE, 0xED, 0x99, 0x75, 
	0x77, 0x77, 0x77, 0xA7, 0x57, 0x43, 0x44, 0x46, 0x44, 0x44, 0x42, 0x22, 0x14, 0x22, 0x44, 0x44, 
	0xAA, 0xAC, 0x88, 0xCC, 0x9D, 0xCC, 0xC8, 0x66, 0x44, 0x22, 0x22, 0x22, 0x43, 0x35, 0x87, 0x98, 
	0x88, 0xA4, 0x42, 0x38, 0x85, 0x78, 0x99, 0x99, 0xDD, 0x9D, 0xD9, 0x9D, 0xD9, 0x99, 0x9D, 0x99, 
	0x99, 0x9E, 0xDE, 0xEE, 0xEE, 0xFE, 0xEE, 0xFE, 0xFE, 0xEF, 0xEE, 0xEE, 0xEE, 0xEE, 0xDD, 0x99, 
	0xDD, 0x9D, 0x9D, 0xEE, 0xEE, 0xEE, 0xDD, 0xD9, 0xD8, 0x78, 0x77, 0x65, 0x57, 0x8D, 0xEE, 0xEE, 
	0xFF, 0xEF, 0xEE, 0xFE, 0xFF, 0xEF, 0xEE, 0xDD, 0x99, 0xEE, 0xDD, 0xCC, 0x77, 0x77, 0xB8, 0x63, 
	0x46, 0x44, 0x46, 0x44, 0x43, 0x22, 0x22, 0x24, 0x22, 0x22, 0x22, 0x22, 0x12, 0x21, 0x21, 0x11, 
	0x21, 0x21, 0x12, 0x22, 0x22, 0x24, 0x44, 0x64, 0x66, 0x66, 0xA8, 0x64, 0x24, 0x48, 0xDE, 0xED, 
	0xDC, 0xCC, 0x67, 0x87, 0x9D, 0xEE, 0xEE, 0xED, 0xDD, 0xDD, 0xCC, 0xCC, 0xCC, 0xDC, 0xCC, 0xCC, 
	0xB7, 0xA8, 0xA5, 0x68, 0x89, 0xC9, 0x89, 0xCD, 0xEE, 0xFE, 0xFF, 0xFF, 0xFF, 0xEE, 0xED, 0x99, 
	0x99, 0x88, 0x88, 0xCC, 0x88, 0x64, 0x66, 0x44, 0x42, 0x22, 0x22, 0x22, 0x11, 0x44, 0x44, 0x6B, 
	0xAA, 0xBC, 0x88, 0x88, 0x88, 0xC8, 0xA6, 0x54, 0x42, 0x42, 0x22, 0x24, 0x44, 0x66, 0x87, 0x88, 
	0xCC, 0x84, 0x46, 0x8C, 0xC8, 0x89, 0x99, 0x9D, 0xDD, 0xDD, 0xDD, 0xDD, 0x9D, 0xD9, 0x99, 0x99, 
	0x99, 0x9D, 0x9D, 0xDD, 0xEE, 0xEE, 0xEE, 0xEF, 0xEE, 0xEE, 0xEE, 0xEE, 0xED, 0xDD, 0x99, 0x77, 
	0x99, 0xDD, 0xCD, 0xDD, 0xDD, 0xDD, 0xDD, 0xCC, 0x8A, 0x66, 0x66, 0x66, 0x8C, 0xDE, 0xEE, 0xEF, 
	0xFF, 0xFE, 0xFF, 0xFF, 0xEF, 0xFF, 0xFE, 0xDD, 0x9D, 0xDD, 0xDD, 0x99, 0x77, 0x89, 0xCC, 0x86, 
	0x6A, 0x66, 0x6A, 0x66, 0x22, 0x22, 0x22, 0x33, 0x33, 0x44, 0x22, 0x11, 0x21, 0x12, 0x12, 0x22, 
	0x22, 0x22, 0x24, 0x44, 0x64, 0x66, 0x66, 0x88, 0xCD, 0xC8, 0xCD, 0xC6, 0x66, 0x8D, 0xFF, 0xFE, 
	0xFD, 0xDD, 0x99, 0xDD, 0xDE, 0xFF, 0xFF, 0xEE, 0xDD, 0xDD, 0x88, 0x88, 0xBB, 0xC8, 0x8B, 0xCB, 
	0x87, 0x88, 0x87, 0xBC, 0xCD, 0xDD, 0xDD, 0xDE, 0xFF, 0xFF, 0xFE, 0xFF, 0xEF, 0xEE, 0xEE, 0xDD, 
	0xDC, 0x77, 0x7C, 0xCC, 0xB8, 0xA4, 0x44, 0x44, 0x42, 0x22, 0x44, 0x42, 0x22, 0x44, 0x66, 0xAB, 
	0x66, 0x6B, 0x76, 0x7A, 0x88, 0x86, 0x64, 0x43, 0x22, 0x22, 0x22, 0x22, 0x23, 0x67, 0x88, 0x8C, 
	0xC8, 0x84, 0x6C, 0xCC, 0xC8, 0x89, 0x99, 0x9D, 0xDD, 0xDE, 0xDD, 0xDD, 0x9D, 0xD9, 0x99, 0x99, 
	0x99, 0x99, 0x99, 0x99, 0xDD, 0xDE, 0xDE, 0xEF, 0xEE, 0xEE, 0xEE, 0xED, 0xED, 0xD9, 0x99, 0x77, 
	0x88, 0xCC, 0x8C, 0xCD, 0xDD, 0xC9, 0x8C, 0x88, 0xA6, 0x66, 0x66, 0xA8, 0xCD, 0xEE, 0xEE, 0xEF, 
	0xFF, 0xFE, 0xFF, 0xFF, 0xEF, 0xFF, 0xFE, 0xDD, 0xDD, 0xDD, 0xDD, 0x99, 0x77, 0x89, 0xC8, 0x68, 
	0x66, 0x66, 0x66, 0x66, 0x22, 0x22, 0x33, 0x55, 0x57, 0x86, 0x32, 0x12, 0x22, 0x22, 0x12, 0x24, 
	0x42, 0x44, 0x66, 0x6B, 0xBB, 0x88, 0xCC, 0xDD, 0xEE, 0xEE, 0xEE, 0xE9, 0xCC, 0xDE, 0xFF, 0xFF, 
	0xFE, 0xEE, 0xEE, 0xEE, 0xEE, 0xFF, 0xFF, 0xEE, 0xDD, 0xDD, 0x88, 0x77, 0xBB, 0xBB, 0x8B, 0xBB, 
	0xC8, 0xCC, 0xDC, 0xCD, 0xEE, 0xEE, 0xEE, 0xEE, 0xFF, 0xFF, 0xFE, 0xFF, 0xEF, 0xEE, 0xEE, 0xED, 
	0xDC, 0x77, 0x7C, 0xCC, 0xB8, 0xA4, 0x44, 0x44, 0x42, 0x24, 0x44, 0x42, 0x44, 0x44, 0x66, 0xA6, 
	0x66, 0x66, 0x56, 0x6A, 0x66, 0x66, 0x54, 0x43, 0x22, 0x12, 0x12, 0x12, 0x23, 0x57, 0x88, 0x8C, 
	0xBA, 0x65, 0x8D, 0xCD, 0x99, 0x9D, 0x9D, 0xD9, 0xDD, 0xED, 0xD9, 0xDD, 0xDD, 0xD9, 0x99, 0x99, 
	0x77, 0x77, 0x77, 0x99, 0x99, 0x9D, 0x9E, 0xEE, 0xEE, 0xEE, 0xDD, 0xD9, 0xDC, 0x98, 0x77, 0x77, 
	0x66, 0x66, 0x6B, 0x8C, 0xCC, 0x88, 0x66, 0x66, 0x64, 0x44, 0x6A, 0x8C, 0xDE, 0xEE, 0xEE, 0xEF, 
	0xEE, 0xFF, 0xFF, 0xFF, 0xFF, 0xFF, 0xEF, 0xED, 0xEE, 0xED, 0xED, 0x97, 0x77, 0x78, 0xA6, 0x46, 
	0x44, 0x44, 0x44, 0x44, 0x22, 0x45, 0x57, 0x79, 0xCE, 0xE9, 0x73, 0x33, 0x44, 0x42, 0x22, 0x46, 
	0x36, 0x6A, 0x88, 0xCC, 0xCC, 0xDD, 0xEE, 0xFE, 0xFF, 0xFF, 0xFF, 0xFE, 0xEE, 0xEF, 0xFF, 0xFF, 
	0xFF, 0xFE, 0xFF, 0xFF, 0xFF, 0xFF, 0xFE, 0xEE, 0xEE, 0xD9, 0x77, 0x55, 0xB6, 0x6A, 0xB8, 0x8B, 
	0xDD, 0xDE, 0xED, 0xDE, 0xFF, 0xFE, 0xFE, 0xFF, 0xFF, 0xEE, 0xEF, 0xFF, 0xFE, 0xFE, 0xEE, 0xEE, 
	0xDD, 0x77, 0x88, 0xBB, 0x8A, 0x64, 0x22, 0x22, 0x22, 0x4A, 0xA4, 0x42, 0x24, 0x44, 0x4A, 0x84, 
	0x54, 0x54, 0x44, 0x46, 0x44, 0x44, 0x44, 0x42, 0x22, 0x11, 0x11, 0x12, 0x44, 0x58, 0xCC, 0xC8, 
	0x75, 0x37, 0xDC, 0x99, 0x99, 0xD9, 0x99, 0xDD, 0x99, 0x99, 0x99, 0x99, 0x99, 0x99, 0x99, 0x99, 
	0x97, 0x77, 0x77, 0x77, 0x77, 0x77, 0x79, 0x99, 0x9C, 0x88, 0x79, 0x88, 0x88, 0x88, 0x67, 0x65, 
	0x53, 0x33, 0x56, 0x66, 0x88, 0x63, 0x23, 0x23, 0x22, 0x34, 0x36, 0x8B, 0x9D, 0xDD, 0xDD, 0xED, 
	0xEE, 0xEE, 0xFE, 0xFF, 0xFF, 0xEE, 0xFF, 0xEE, 0xED, 0xDD, 0xD9, 0x99, 0x86, 0x66, 0x44, 0x22, 
	0x44, 0x22, 0x42, 0x21, 0x26, 0x8C, 0x9D, 0xEE, 0xEE, 0xEE, 0xD9, 0x79, 0x8A, 0x65, 0x35, 0xAC, 
	0x89, 0xDD, 0xDD, 0xDD, 0xEE, 0xEF, 0xFF, 0xFF, 0xFF, 0xFF, 0xFF, 0xFE, 0xFE, 0xFF, 0xFF, 0xFF, 
	0xFF, 0xFF, 0xFF, 0xFF, 0xFF, 0xEE, 0xEE, 0xEE, 0xED, 0xDC, 0x87, 0x54, 0x66, 0x6C, 0xDC, 0xCC, 
	0xEF, 0xFF, 0xFF, 0xFF, 0xFF, 0xFF, 0xFF, 0xFF, 0xFE, 0xEE, 0xFF, 0xFF, 0xFE, 0xEE, 0xFF, 0xEE, 
	0xCD, 0xC7, 0x88, 0x8B, 0x86, 0x42, 0x36, 0x66, 0x44, 0x6A, 0xAA, 0xA4, 0x44, 0xA6, 0xA8, 0x66, 
	0x66, 0x65, 0x45, 0x64, 0x64, 0x44, 0x44, 0x24, 0x44, 0x42, 0x43, 0x46, 0x88, 0x88, 0x88, 0x87, 
	0x77, 0x79, 0xD9, 0x79, 0xDD, 0x99, 0x99, 0x99, 0x99, 0x99, 0x99, 0x79, 0x79, 0x79, 0x97, 0x77, 
	0x99, 0x77, 0x55, 0x55, 0x55, 0x55, 0x56, 0x76, 0x77, 0x65, 0x66, 0x66, 0x66, 0x66, 0x66, 0x66, 
	0x65, 0x53, 0x33, 0x44, 0x65, 0x32, 0x32, 0x22, 0x44, 0x43, 0x35, 0x57, 0x79, 0x99, 0xD9, 0xD9, 
	0xDD, 0xDD, 0xEE, 0xEE, 0xEE, 0xEE, 0xEE, 0xDD, 0xD9, 0xCC, 0xCC, 0xCC, 0xC8, 0x84, 0x22, 0x22, 
	0x22, 0x22, 0x22, 0x21, 0x26, 0xCE, 0xEE, 0xFE, 0xFE, 0xEE, 0xED, 0x9D, 0xDD, 0xC7, 0x89, 0xDD, 
	0xDD, 0xEE, 0xEE, 0xED, 0xEF, 0xEF, 0xFF, 0xFF, 0xFF, 0xFF, 0xFF, 0xFF, 0xFF, 0xFF, 0xFF, 0xFF, 
	0xFF, 0xFF, 0xFF, 0xFF, 0xEE, 0xEE, 0xEE, 0xDD, 0xDD, 0x98, 0x85, 0x54, 0x46, 0x8D, 0xED, 0xDE, 
	0xFF, 0xFF, 0xFF, 0xFF, 0xFF, 0xFF, 0xFF, 0xFF, 0xFF, 0xFF, 0xFF, 0xFF, 0xEE, 0xEE, 0xEF, 0xEE, 
	0xDD, 0xCC, 0x88, 0xCC, 0xC6, 0x44, 0x68, 0x88, 0x66, 0x88, 0x8C, 0x8A, 0x66, 0x88, 0x87, 0x57, 
	0x75, 0x55, 0x45, 0x65, 0x33, 0x34, 0x45, 0x76, 0x76, 0x66, 0x66, 0x78, 0xC9, 0x89, 0xC9, 0x77, 
	0x9D, 0xEE, 0xE9, 0x9D, 0xED, 0xD9, 0x99, 0x99, 0xD9, 0x99, 0x99, 0x77, 0x77, 0x77, 0x97, 0x77, 
	0x89, 0x77, 0x55, 0x55, 0x55, 0x35, 0x34, 0x44, 0x34, 0x44, 0x44, 0x44, 0x44, 0x44, 0x64, 0x66, 
	0x66, 0x63, 0x33, 0x44, 0x65, 0x32, 0x32, 0x22, 0x46, 0x46, 0x55, 0x57, 0x77, 0xD9, 0xD9, 0x99, 
	0x9D, 0xDD, 0xDE, 0xED, 0x9D, 0xDD, 0xDD, 0x99, 0x99, 0x77, 0x78, 0xCC, 0x88, 0x84, 0x22, 0x22, 
	0x22, 0x22, 0x22, 0x22, 0x36, 0xCE, 0xEE, 0xFE, 0xFE, 0xEE, 0xEE, 0xEE, 0xEE, 0xDD, 0xDE, 0xEE, 
	0xEE, 0xFE, 0xEE, 0xEE, 0xEF, 0xEF, 0xFF, 0xFF, 0xFF, 0xFF, 0xFF, 0xFF, 0xFF, 0xFF, 0xFF, 0xFF, 
	0xFF, 0xFF, 0xFF, 0xFF, 0xEE, 0xEE, 0xDE, 0xDD, 0xDD, 0x98, 0x85, 0x53, 0x4A, 0xDE, 0xEE, 0xEF, 
	0xFF, 0xFF, 0xFF, 0xFF, 0xFF, 0xFF, 0xFF, 0xFF, 0xFF, 0xFF, 0xFF, 0xFF, 0xEE, 0xEE, 0xEF, 0xEE, 
	0xDD, 0xCC, 0x88, 0xCC, 0x86, 0x6B, 0x8C, 0xCC, 0x9C, 0xCC, 0xCC, 0xCC, 0xCC, 0xCC, 0x87, 0x77, 
	0x75, 0x55, 0x45, 0x65, 0x33, 0x55, 0x69, 0x9C, 0xDC, 0x9C, 0x9C, 0x99, 0xC9, 0x89, 0xC9, 0x77, 
	0xDE, 0xFF, 0xED, 0xDE, 0xEE, 0xED, 0xD9, 0x9D, 0xED, 0x99, 0x97, 0x77, 0x55, 0x75, 0x77, 0x57, 
	0x67, 0x68, 0x55, 0x55, 0x53, 0x43, 0x43, 0x23, 0x24, 0x44, 0x22, 0x22, 0x22, 0x22, 0x42, 0x44, 
	0x7B, 0xA6, 0x54, 0x55, 0x55, 0x32, 0x33, 0x44, 0x6B, 0x6B, 0x98, 0x79, 0xDD, 0xED, 0xED, 0x99, 
	0xDD, 0xED, 0xDD, 0xD9, 0x9D, 0xC9, 0x9C, 0x77, 0x88, 0x55, 0x56, 0xAA, 0x6A, 0xB6, 0x22, 0x21, 
	0x22, 0x24, 0x22, 0x24, 0x56, 0xCC, 0xEE, 0xEF, 0xEF, 0xEE, 0xED, 0xEE, 0xED, 0xEE, 0xFF, 0xEF, 
	0xFF, 0xFE, 0xEE, 0xFE, 0xFF, 0xFF, 0xFF, 0xFF, 0xFF, 0xFF, 0xFF, 0xFF, 0xFF, 0xFF, 0xFF, 0xFF, 
	0xFF, 0xFE, 0xEF, 0xEE, 0xEE, 0xDD, 0x9D, 0xDD, 0xDD, 0x98, 0x88, 0x55, 0x5B, 0xEF, 0xEE, 0xFF, 
	0xFF, 0xFF, 0xFF, 0xFF, 0xFF, 0xFF, 0xFF, 0xFF, 0xFE, 0xFF, 0xFF, 0xFF, 0xFE, 0xEE, 0xDE, 0xED, 
	0xDE, 0xDC, 0xCC, 0x8B, 0x63, 0x6C, 0xCD, 0xDD, 0xDD, 0xDD, 0x9D, 0xDD, 0xDD, 0xDD, 0x98, 0x88, 
	0x77, 0x55, 0x55, 0x55, 0x35, 0x88, 0xCD, 0xDE, 0xEE, 0xEE, 0xDE, 0x99, 0x87, 0x7C, 0xCC, 0x99, 
	0xEF, 0xFF, 0xEE, 0xEE, 0xEE, 0xEE, 0xEE, 0xEE, 0xEE, 0x99, 0x77, 0x77, 0x75, 0x33, 0x35, 0x33, 
	0x53, 0x55, 0x35, 0x55, 0x43, 0x24, 0x22, 0x12, 0x24, 0x44, 0x44, 0x44, 0x22, 0x22, 0x22, 0x24, 
	0x6A, 0x86, 0x88, 0xAA, 0x74, 0x35, 0x6A, 0x88, 0xCB, 0x89, 0xDE, 0xEE, 0xFF, 0xFE, 0xEE, 0xDE, 
	0xEE, 0xEE, 0xED, 0x97, 0x88, 0x75, 0x56, 0x66, 0x64, 0x32, 0x24, 0x44, 0x34, 0x44, 0x21, 0x22, 
	0x22, 0x44, 0x66, 0xA8, 0x87, 0xCD, 0xEE, 0xEE, 0xEE, 0xEE, 0xEE, 0xEE, 0xDE, 0xEF, 0xFF, 0xFF, 
	0xFF, 0xFF, 0xFF, 0xFF, 0xFF, 0xFF, 0xFF, 0xFF, 0xFF, 0xFF, 0xFF, 0xFF, 0xFF, 0xFF, 0xFF, 0xFF, 
	0xFE, 0xFE, 0xFE, 0xEE, 0xED, 0xDD, 0xDD, 0xDD, 0xD9, 0x88, 0x88, 0x8C, 0xCD, 0xEE, 0xEF, 0xFF, 
	0xFF, 0xFF, 0xFF, 0xFF, 0xFF, 0xFF, 0xFF, 0xFE, 0xFE, 0xEE, 0xEF, 0xFE, 0xDD, 0x99, 0xDD, 0xDD, 
	0xCC, 0xC8, 0x87, 0x76, 0x35, 0x8D, 0x9C, 0xDD, 0xDE, 0xD9, 0x9D, 0xEE, 0xED, 0x99, 0x9D, 0xDD, 
	0xD9, 0x97, 0x77, 0x88, 0x79, 0x9D, 0x9D, 0xDD, 0xEE, 0xEE, 0xED, 0x97, 0xA8, 0x7C, 0xDD, 0xDD, 
	0xEE, 0xFE, 0xEE, 0xEE, 0xEE, 0xEE, 0xEE, 0xEE, 0xED, 0xD9, 0x77, 0x99, 0x97, 0x53, 0x33, 0x22, 
	0x33, 0x33, 0x53, 0x33, 0x22, 0x22, 0x11, 0x11, 0x22, 0x33, 0x35, 0x55, 0x32, 0x22, 0x22, 0x24, 
	0x46, 0xA8, 0x87, 0x87, 0x55, 0x57, 0x88, 0x88, 0x87, 0x7D, 0xEE, 0xFF, 0xFF, 0xFF, 0xEE, 0xEE, 
	0xEF, 0xEF, 0xED, 0x79, 0x87, 0x54, 0x34, 0x46, 0x42, 0x22, 0x22, 0x22, 0x21, 0x22, 0x22, 0x44, 
	0x33, 0x56, 0x88, 0x8C, 0xC9, 0xDD, 0xEE, 0xED, 0xEE, 0xEE, 0xEE, 0xEE, 0xDE, 0xFE, 0xFF, 0xFF, 
	0xFF, 0xFE, 0xEF, 0xFF, 0xFF, 0xFF, 0xFF, 0xFF, 0xFF, 0xFF, 0xFF, 0xFF, 0xFF, 0xFF, 0xEF, 0xFF, 
	0xEE, 0xEE, 0xEE, 0xDD, 0xDC, 0xCC, 0xCC, 0xCC, 0xC8, 0x88, 0xCC, 0xCD, 0xDE, 0xEE, 0xEE, 0xEF, 
	0xFF, 0xFF, 0xFF, 0xFF, 0xFF, 0xFF, 0xFF, 0xFE, 0xEE, 0xEE, 0xEE, 0xEE, 0xDD, 0x99, 0xCC, 0xCC, 
	0x88, 0xCC, 0x75, 0x77, 0x89, 0xDD, 0x99, 0xDE, 0xEE, 0xED, 0xDE, 0xEE, 0xED, 0xDD, 0xDD, 0xEE, 
	0xDD, 0xD9, 0x99, 0xCC, 0x99, 0x9D, 0xDD, 0xDE, 0xDD, 0xDD, 0xD9, 0x98, 0x88, 0x9D, 0xDD, 0xEE, 
	0xEE, 0xFE, 0xEE, 0xEE, 0xEE, 0xEE, 0xEE, 0xEE, 0xED, 0xD9, 0x99, 0x99, 0x97, 0x53, 0x32, 0x22, 
	0x23, 0x33, 0x55, 0x33, 0x22, 0x21, 0x11, 0x22, 0x22, 0x33, 0x55, 0x55, 0x32, 0x22, 0x22, 0x24, 
	0x46, 0xA8, 0x77, 0x77, 0x77, 0x77, 0x97, 0x77, 0x75, 0x7D, 0xEE, 0xFF, 0xFF, 0xFF, 0xEE, 0xEE, 
	0xEF, 0xEF, 0xED, 0x99, 0x97, 0x76, 0x32, 0x44, 0x42, 0x22, 0x21, 0x22, 0x21, 0x12, 0x22, 0x66, 
	0x77, 0x97, 0x89, 0xDD, 0xDD, 0xDD, 0xEE, 0xED, 0xEE, 0xEE, 0xEE, 0xEE, 0xEE, 0xFE, 0xFF, 0xFF, 
	0xFF, 0xFE, 0xEF, 0xFF, 0xFF, 0xFF, 0xFF, 0xFF, 0xFF, 0xFF, 0xFF, 0xFF, 0xFF, 0xFF, 0xEE, 0xEE, 
	0xED, 0xED, 0xEE, 0xDD, 0xC8, 0x88, 0xCC, 0xCC, 0xC8, 0x88, 0xCD, 0xDE, 0xEE, 0xEE, 0xEE, 0xEF, 
	0xFF, 0xFF, 0xFF, 0xFF, 0xFF, 0xFF, 0xFF, 0xFE, 0xEE, 0xEE, 0xEE, 0xEE, 0xDD, 0x99, 0x88, 0xC8, 
	0x88, 0xCC, 0x77, 0x9D, 0xEE, 0xED, 0x99, 0xDE, 0xEE, 0xEE, 0xEE, 0xEE, 0xED, 0xDD, 0xDD, 0xEE, 
	0xEE, 0xED, 0xDD, 0xDD, 0xD9, 0xDD, 0xDD, 0xDD, 0xDD, 0xD9, 0x99, 0x9C, 0xCC, 0xDD, 0xDE, 0xEE, 
	0xEE, 0xEF, 0xFE, 0xEE, 0xEE, 0xEF, 0xEE, 0xFE, 0xEE, 0xED, 0xE9, 0xD9, 0x77, 0x75, 0x33, 0x33, 
	0x33, 0x56, 0x77, 0x55, 0x53, 0x32, 0x22, 0x36, 0x33, 0x55, 0x77, 0x87, 0x63, 0x22, 0x21, 0x12, 
	0x44, 0xA6, 0x58, 0x99, 0x97, 0x99, 0x95, 0x55, 0x57, 0x99, 0xDD, 0xEF, 0xFF, 0xFF, 0xFF, 0xFF, 
	0xFF, 0xFE, 0xED, 0x99, 0x99, 0x98, 0x53, 0x42, 0x22, 0x22, 0x11, 0x12, 0x11, 0x11, 0x24, 0xAC, 
	0xED, 0xDD, 0xDD, 0xEE, 0xED, 0xDD, 0xDD, 0xDD, 0xDE, 0xEF, 0xFF, 0xFF, 0xEE, 0xEE, 0xEE, 0xFE, 
	0xFE, 0xEF, 0xEE, 0xEE, 0xFF, 0xFF, 0xFF, 0xFF, 0xFF, 0xFF, 0xFF, 0xFF, 0xEE, 0xEE, 0xED, 0xDD, 
	0xDE, 0xDD, 0xDD, 0xDD, 0x87, 0x76, 0xB8, 0xCC, 0x8B, 0x8C, 0xDE, 0xED, 0xEE, 0xEE, 0xDE, 0xFF, 
	0xFF, 0xFF, 0xFF, 0xFF, 0xFF, 0xFF, 0xFF, 0xFE, 0xEE, 0xEE, 0xED, 0xDD, 0xDC, 0x88, 0x66, 0xAA, 
	0x58, 0xCC, 0x99, 0xDE, 0xFF, 0xEE, 0xDD, 0xEF, 0xEF, 0xFE, 0xEF, 0xFE, 0xFE, 0xEE, 0xEE, 0xEE, 
	0xEE, 0xEE, 0xEE, 0xEE, 0xD9, 0xEE, 0xED, 0xD9, 0x9D, 0x9D, 0xCD, 0xCD, 0xDE, 0xEE, 0xEF, 0xEE, 
	0xFF, 0xEF, 0xEE, 0xED, 0xDE, 0xEE, 0xEE, 0xEE, 0xEE, 0xEE, 0xED, 0xD9, 0x79, 0x97, 0x78, 0x87, 
	0x77, 0xC9, 0xCD, 0x99, 0x97, 0x75, 0x35, 0x89, 0x77, 0x89, 0x99, 0xD9, 0x85, 0x32, 0x24, 0x22, 
	0x23, 0x67, 0x59, 0x9D, 0x99, 0x99, 0x75, 0x57, 0x9D, 0xDD, 0x99, 0xDE, 0xEF, 0xFF, 0xFF, 0xFF, 
	0xFF, 0xFE, 0xEE, 0xED, 0xDD, 0xDD, 0xC6, 0x65, 0x42, 0x21, 0x22, 0x22, 0x12, 0x24, 0x48, 0xCE, 
	0xEE, 0xEF, 0xFF, 0xEE, 0xEE, 0xEE, 0xEE, 0xEE, 0xEE, 0xEE, 0xEE, 0xFE, 0xFF, 0xEE, 0xEE, 0xEE, 
	0xEE, 0xEF, 0xEE, 0xEE, 0xEE, 0xEE, 0xEE, 0xFF, 0xFF, 0xFF, 0xFF, 0xFE, 0xEE, 0xEE, 0xDD, 0xD9, 
	0xCC, 0xCC, 0xCC, 0xCC, 0x88, 0x88, 0x66, 0xA6, 0x66, 0xCE, 0xEE, 0xDD, 0xDE, 0xDE, 0xEE, 0xFF, 
	0xFF, 0xFF, 0xFF, 0xFF, 0xFF, 0xEF, 0xEE, 0xEE, 0xED, 0xDD, 0xDC, 0xCC, 0xC8, 0x66, 0x54, 0x44, 
	0x57, 0xCD, 0xCD, 0xEF, 0xFF, 0xEE, 0xEE, 0xEE, 0xFE, 0xFF, 0xFF, 0xFF, 0xEE, 0xEE, 0xEE, 0xDD, 
	0xDD, 0xEE, 0xEE, 0xDE, 0xDD, 0xED, 0xED, 0x99, 0xCC, 0xCD, 0xDD, 0xEE, 0xEE, 0xEF, 0xFF, 0xFF, 
	0xFF, 0xEE, 0xEE, 0xD9, 0xDE, 0xEE, 0xFE, 0xFE, 0xEE, 0xDD, 0xED, 0xDD, 0x99, 0x99, 0x99, 0x89, 
	0x99, 0xDE, 0xDE, 0xDE, 0xDD, 0x99, 0x89, 0xDD, 0x99, 0x99, 0xDD, 0xD9, 0xC7, 0x53, 0x32, 0x44, 
	0x35, 0x79, 0x9D, 0xDE, 0xDD, 0xDD, 0x99, 0x99, 0xDE, 0xE9, 0x97, 0x9E, 0xEE, 0xEE, 0xEE, 0xEE, 
	0xEE, 0xFE, 0xEE, 0xEE, 0xEE, 0xEE, 0xDC, 0x87, 0x64, 0x42, 0x42, 0x22, 0x24, 0x68, 0xCD, 0xDF, 
	0xFF, 0xFF, 0xFF, 0xFF, 0xFE, 0xEE, 0xEE, 0xEE, 0xEE, 0xEE, 0xEE, 0xEE, 0xEE, 0xEE, 0xDD, 0xDE, 
	0xDD, 0xEE, 0xED, 0xDD, 0xDD, 0xDD, 0xDD, 0xEE, 0xEE, 0xEE, 0xEE, 0xEE, 0xED, 0xDD, 0xCC, 0xC7, 
	0xBB, 0xBB, 0x8B, 0xB8, 0x88, 0x8A, 0xA6, 0x64, 0x24, 0xCE, 0xEE, 0xEE, 0xEE, 0xEE, 0xFF, 0xFF, 
	0xFF, 0xFF, 0xFF, 0xFF, 0xFF, 0xEE, 0xEE, 0xDD, 0xDC, 0xCC, 0xCC, 0xCC, 0xB6, 0x66, 0x76, 0x66, 
	0x99, 0xDE, 0xDE, 0xEE, 0xEF, 0xEE, 0xEE, 0xEE, 0xEF, 0xEE, 0xFE, 0xFE, 0xEE, 0xED, 0xDD, 0xD9, 
	0xDD, 0xED, 0xDD, 0xEE, 0xEE, 0xDD, 0xDD, 0x99, 0xCC, 0xDC, 0xEE, 0xEE, 0xEE, 0xEE, 0xEE, 0xFF, 
	0xFF, 0xEE, 0xEE, 0xDD, 0xEE, 0xEE, 0xFE, 0xFE, 0xEE, 0xDD, 0xDD, 0xDD, 0x99, 0x99, 0x99, 0x99, 
	0x9D, 0xDE, 0xEE, 0xEE, 0xEE, 0xDD, 0xDD, 0xED, 0x99, 0xDD, 0xEE, 0xD9, 0xC8, 0x53, 0x35, 0x68, 
	0x9D, 0xDD, 0xDD, 0xEE, 0xED, 0xDD, 0xDD, 0xDD, 0xEE, 0xD9, 0x99, 0xDE, 0xEE, 0xEE, 0xEE, 0xEE, 
	0xEE, 0xFE, 0xEE, 0xEE, 0xEE, 0xEE, 0xED, 0xC8, 0x8A, 0x42, 0x42, 0x24, 0x6C, 0xDE, 0xEE, 0xEF, 
	0xFF, 0xFF, 0xEF, 0xFF, 0xFE, 0xEE, 0xEE, 0xEE, 0xEE, 0xEE, 0xEE, 0xEE, 0xED, 0xEE, 0xDD, 0xDD, 
	0xDD, 0xDD, 0xDC, 0x99, 0xDD, 0xDD, 0xC9, 0xCD, 0xDD, 0xDD, 0xDD, 0xDD, 0xDC, 0xCC, 0xC8, 0x87, 
	0xBB, 0xBB, 0x8A, 0x66, 0x88, 0x86, 0xA6, 0x66, 0x46, 0xCD, 0xEE, 0xEE, 0xEE, 0xEE, 0xFF, 0xFF, 
	0xFF, 0xFF, 0xFF, 0xFF, 0xFF, 0xEE, 0xDE, 0xDD, 0xCC, 0x88, 0x88, 0x88, 0xA6, 0xB8, 0x8C, 0xCC, 
	0xDD, 0xDE, 0xEE, 0xEE, 0xEF, 0xEE, 0xEE, 0xEE, 0xEF, 0xEE, 0xFE, 0xFE, 0xEE, 0xED, 0xDD, 0xD9, 
	0xDD, 0xED, 0xDD, 0xEE, 0xEE, 0xDD, 0xDD, 0x99, 0xCC, 0xDC, 0xEE, 0xEE, 0xEE, 0xEE, 0xEE, 0xFF, 
	0xEF, 0xFE, 0xED, 0xDE, 0xFF, 0xEF, 0xEF, 0xEE, 0xEE, 0x9D, 0x9D, 0xDD, 0x99, 0x99, 0x99, 0x9D, 
	0xDD, 0xED, 0xEE, 0xEE, 0xEE, 0xEE, 0xEE, 0xDD, 0x9D, 0x9D, 0xDD, 0xD9, 0x98, 0x77, 0x79, 0xDE, 
	0xEF, 0xEE, 0xEE, 0xEE, 0xEE, 0xEE, 0xEE, 0xEE, 0xDD, 0xDD, 0x9D, 0xEE, 0xDE, 0xEE, 0xEE, 0xEE, 
	0xEE, 0xEE, 0xEE, 0xED, 0xDD, 0xDD, 0xDC, 0x9B, 0x76, 0x44, 0x44, 0x44, 0xCF, 0xFF, 0xFE, 0xFF, 
	0xFF, 0xFF, 0xFF, 0xFF, 0xFE, 0xEE, 0xEE, 0xEE, 0xEE, 0xDD, 0xDE, 0xDD, 0xDD, 0xDD, 0xDD, 0x99, 
	0xCC, 0xC8, 0xCC, 0xCC, 0xDC, 0xCC, 0x88, 0x8C, 0xCC, 0xCC, 0xCC, 0xCC, 0x88, 0x88, 0x8A, 0x86, 
	0xAA, 0x66, 0x66, 0x64, 0x66, 0xA6, 0x88, 0x8A, 0x6A, 0xCC, 0xEE, 0xFE, 0xFF, 0xFF, 0xFF, 0xEF, 
	0xFF, 0xFF, 0xFF, 0xEE, 0xEE, 0xEE, 0xDD, 0xC9, 0xC8, 0xA6, 0x6A, 0x66, 0x68, 0xCC, 0xCE, 0xEE, 
	0xEE, 0xEF, 0xFF, 0xEE, 0xFF, 0xEE, 0xDE, 0xDD, 0xEE, 0xEE, 0xEE, 0xEE, 0xEE, 0xED, 0xEE, 0xDD, 
	0xEE, 0xEE, 0xEE, 0xDD, 0xDD, 0xDC, 0xCC, 0xDC, 0xCC, 0xCC, 0xDD, 0xEE, 0xEF, 0xFE, 0xEE, 0xFE, 
	0xEE, 0xEE, 0xDE, 0xEF, 0xFF, 0xFF, 0xFE, 0xEE, 0xEE, 0xD9, 0x9D, 0x9D, 0x99, 0x77, 0x79, 0x99, 
	0xDD, 0xEE, 0xEE, 0xEE, 0xEE, 0xEE, 0xEE, 0xED, 0xDD, 0xDD, 0xDD, 0xD9, 0x79, 0xDD, 0xEF, 0xFF, 
	0xFF, 0xFF, 0xFF, 0xEF, 0xEE, 0xEF, 0xEE, 0xEE, 0xEE, 0xEE, 0xEE, 0xEF, 0xED, 0xDD, 0xDD, 0xDD, 
	0xDE, 0xDD, 0xCC, 0x9D, 0x99, 0x77, 0x77, 0x77, 0x56, 0x44, 0x64, 0x24, 0xDF, 0xFF, 0xFF, 0xFF, 
	0xFF, 0xFF, 0xFF, 0xFF, 0xFE, 0xEE, 0xEE, 0xDD, 0xDD, 0xDD, 0x99, 0x99, 0xCC, 0xCC, 0x99, 0x87, 
	0x8B, 0xCC, 0x8C, 0xCD, 0xCC, 0x88, 0xA6, 0xAB, 0xB8, 0xB8, 0xB6, 0xA8, 0x88, 0xAA, 0x66, 0x66, 
	0x66, 0x44, 0x44, 0x66, 0x66, 0x66, 0x8C, 0xCC, 0xCA, 0xCD, 0xEE, 0xEE, 0xFF, 0xFF, 0xFF, 0xFF, 
	0xEF, 0xFF, 0xEE, 0xEE, 0xEE, 0xDD, 0xEC, 0xC8, 0xAA, 0x44, 0x46, 0x68, 0xDE, 0xEE, 0xEF, 0xFF, 
	0xFF, 0xFF, 0xFF, 0xFE, 0xEF, 0xEE, 0xE9, 0x9D, 0xEE, 0xEE, 0xED, 0xEE, 0xDE, 0xEE, 0xEE, 0xEE, 
	0xEE, 0xEE, 0xDD, 0xDC, 0xDC, 0xDC, 0xDC, 0xC8, 0xCC, 0xCD, 0xEE, 0xEE, 0xEE, 0xEF, 0xEE, 0xEE, 
	0xDD, 0xDE, 0xED, 0xEE, 0xEE, 0xFE, 0xEE, 0xFE, 0xEE, 0xED, 0xDD, 0xDD, 0x97, 0x97, 0x99, 0x99, 
	0x9D, 0xDE, 0xEF, 0xEE, 0xEE, 0xEE, 0xED, 0xEE, 0xD9, 0xDD, 0xD9, 0x97, 0x9D, 0xEF, 0xFF, 0xFF, 
	0xFF, 0xFF, 0xFF, 0xFF, 0xFF, 0xFF, 0xFF, 0xFE, 0xEE, 0xEE, 0xFF, 0xFF, 0xFE, 0xED, 0xEE, 0xEE, 
	0xEE, 0xED, 0xD8, 0x79, 0x77, 0x78, 0x65, 0x55, 0x55, 0x44, 0x64, 0x44, 0xCE, 0xFF, 0xFF, 0xFF, 
	0xFE, 0xFF, 0xFE, 0xEE, 0xEE, 0xEE, 0xED, 0x99, 0xCC, 0xCC, 0x88, 0x87, 0x88, 0x88, 0x88, 0x87, 
	0x66, 0xBB, 0xA8, 0x8C, 0x88, 0xB8, 0x66, 0x6A, 0x66, 0x66, 0x66, 0x66, 0x66, 0x66, 0x44, 0x44, 
	0x46, 0x46, 0x44, 0x46, 0xAA, 0x66, 0xAC, 0xCB, 0x88, 0xCE, 0xEE, 0xEE, 0xEE, 0xEE, 0xEE, 0xEE, 
	0xEE, 0xEE, 0xFE, 0xEE, 0xDD, 0xDD, 0xDC, 0x8A, 0xA6, 0x46, 0x68, 0x8C, 0xEF, 0xFF, 0xFE, 0xFE, 
	0xFF, 0xFF, 0xFF, 0xFF, 0xFE, 0xED, 0xD9, 0x9D, 0xEF, 0xFF, 0xFE, 0xDD, 0xDD, 0xDD, 0xEE, 0xEF, 
	0xEE, 0xED, 0xD9, 0x99, 0xCC, 0xCC, 0xCC, 0xCC, 0xCC, 0x9D, 0xEE, 0xFE, 0xFE, 0xEE, 0xEE, 0xEE, 
	0xDD, 0xDE, 0xED, 0xEE, 0xEE, 0xEE, 0xEE, 0xFE, 0xEE, 0xED, 0xEE, 0xDD, 0x97, 0x97, 0x99, 0x99, 
	0x9D, 0xDE, 0xEE, 0xEE, 0xEE, 0xEE, 0xED, 0xED, 0xDD, 0xDD, 0xD9, 0x97, 0x9E, 0xEF, 0xFF, 0xFF, 
	0xFF, 0xFF, 0xFF, 0xFF, 0xFF, 0xFF, 0xFF, 0xFE, 0xEE, 0xEE, 0xFF, 0xFF, 0xFE, 0xEE, 0xEE, 0xEE, 
	0xEE, 0xED, 0x97, 0x77, 0x66, 0x78, 0xB7, 0x77, 0x77, 0x64, 0x44, 0x44, 0x8D, 0xEE, 0xFF, 0xFF, 
	0xFE, 0xFF, 0xEE, 0xEE, 0xED, 0xDE, 0xED, 0x99, 0xCC, 0x8B, 0x88, 0x86, 0x77, 0x77, 0x87, 0x77, 
	0x66, 0x66, 0x66, 0x66, 0x67, 0xB8, 0x66, 0x46, 0x66, 0x66, 0x66, 0x66, 0x64, 0x44, 0x44, 0x44, 
	0x46, 0x66, 0x64, 0x46, 0xAA, 0x66, 0xA8, 0xCB, 0x89, 0xDE, 0xEE, 0xEE, 0xEE, 0xEE, 0xEE, 0xEE, 
	0xEE, 0xEE, 0xEE, 0xEE, 0xDD, 0xCC, 0xCC, 0x76, 0x64, 0x4B, 0xCC, 0xDE, 0xEF, 0xFF, 0xFE, 0xFE, 
	0xFF, 0xFF, 0xFF, 0xFF, 0xFE, 0xED, 0xD9, 0xDE, 0xEF, 0xFF, 0xFE, 0xDD, 0xD9, 0x9D, 0xEE, 0xEF, 
	0xEE, 0xED, 0xD9, 0x99, 0xCC, 0xCC, 0xCC, 0xCC, 0xCC, 0x9D, 0xEE, 0xEE, 0xFE, 0xEE, 0xEE, 0xED, 
	0xDD, 0xDE, 0xEE, 0xEE, 0xED, 0xED, 0xEE, 0xEE, 0xEE, 0xED, 0xED, 0xED, 0xC9, 0x99, 0x79, 0x99, 
	0x99, 0xDE, 0xDD, 0xEE, 0xEE, 0xED, 0xED, 0xE9, 0xEE, 0x9D, 0x98, 0xB8, 0xDE, 0xFF, 0xFF, 0xFF, 
	0xFF, 0xFF, 0xFF, 0xFF, 0xFF, 0xFF, 0xFF, 0xFF, 0xEF, 0xEF, 0xEE, 0xFF, 0xEE, 0xEE, 0xEE, 0xEE, 
	0xEE, 0xDD, 0x97, 0x76, 0x64, 0x6A, 0xCC, 0xCC, 0xDC, 0xA4, 0x44, 0x34, 0x7C, 0xCD, 0xFE, 0xEE, 
	0xEE, 0xEE, 0xDD, 0xED, 0xDC, 0xCD, 0xDD, 0x99, 0xCB, 0xA6, 0x66, 0x64, 0x55, 0x55, 0x65, 0x55, 
	0x64, 0x44, 0x33, 0x43, 0x35, 0x66, 0x44, 0x24, 0x44, 0x44, 0x44, 0x44, 0x44, 0x22, 0x22, 0x44, 
	0x44, 0xA4, 0xA4, 0x44, 0x66, 0x64, 0x6A, 0xCC, 0x8D, 0xDE, 0xEE, 0xEE, 0xED, 0xED, 0xEE, 0xEF, 
	0xEE, 0xEE, 0xDE, 0xED, 0xDC, 0x88, 0x88, 0x55, 0x66, 0x8C, 0xED, 0xFE, 0xFF, 0xFE, 0xFF, 0xFF, 
	0xFF, 0xFF, 0xFF, 0xFE, 0xFE, 0xED, 0xDD, 0xEF, 0xFF, 0xEF, 0xFF, 0xED, 0xD7, 0x79, 0xDD, 0xEE, 
	0xEE, 0xDC, 0xC9, 0x88, 0x8C, 0xCC, 0xCC, 0xCD, 0xDD, 0xDD, 0xDE, 0xDE, 0xEE, 0xEE, 0xEE, 0xD9, 
	0xDE, 0xEE, 0xEE, 0xEE, 0xEE, 0xDE, 0xDE, 0xDE, 0xEE, 0xDE, 0xDD, 0x9D, 0x9D, 0xC9, 0x99, 0x99, 
	0x9D, 0xD9, 0xDE, 0xED, 0xDE, 0xDD, 0xD9, 0x9D, 0x9D, 0xDD, 0x97, 0x79, 0xDE, 0xFF, 0xFF, 0xFF, 
	0xFF, 0xFF, 0xFF, 0xFF, 0xFF, 0xFF, 0xFF, 0xEE, 0xEE, 0xEE, 0xEE, 0xEE, 0xEE, 0xDD, 0xDD, 0xDD, 
	0xD9, 0x97, 0x97, 0x66, 0x6A, 0xA8, 0xC8, 0x8C, 0xCC, 0x44, 0x43, 0x46, 0x57, 0x9D, 0xEE, 0xDD, 
	0xDD, 0xED, 0xDD, 0xCC, 0x8A, 0x8B, 0x8B, 0xBA, 0xAA, 0x64, 0x44, 0x44, 0x22, 0x23, 0x33, 0x33, 
	0x32, 0x32, 0x34, 0x43, 0x35, 0x46, 0x42, 0x24, 0x44, 0x24, 0x44, 0x44, 0x42, 0x24, 0x24, 0x4A, 
	0x66, 0x66, 0x64, 0x44, 0x44, 0x43, 0x58, 0xC9, 0xDD, 0xDE, 0xEE, 0xDC, 0xDD, 0xDD, 0xDD, 0xEE, 
	0xED, 0xDD, 0xDC, 0x99, 0x8A, 0xAA, 0x64, 0x48, 0x99, 0xDE, 0xDE, 0xFF, 0xEE, 0xEF, 0xFF, 0xFF, 
	0xFF, 0xEF, 0xEF, 0xEE, 0xEE, 0xED, 0xEE, 0xFF, 0xFF, 0xFF, 0xFF, 0xFE, 0xDD, 0x99, 0xDE, 0xDE, 
	0xDC, 0x98, 0xCC, 0xCC, 0xCC, 0x8C, 0xCC, 0xCC, 0xCD, 0xCD, 0xCC, 0xCD, 0xED, 0xEE, 0xED, 0x99, 
	0xEE, 0xFE, 0xEF, 0xFF, 0xEE, 0xEE, 0xED, 0xEE, 0xED, 0xDD, 0xDD, 0x99, 0xDC, 0xDD, 0xD9, 0xDD, 
	0xD9, 0xDD, 0xDE, 0xED, 0xEE, 0xEE, 0xD9, 0x79, 0x89, 0xC9, 0x97, 0x79, 0x9D, 0xEE, 0xFF, 0xFF, 
	0xFF, 0xFF, 0xFF, 0xFF, 0xFF, 0xFF, 0xFF, 0xFE, 0xEE, 0xED, 0xDE, 0xDD, 0xDD, 0xDD, 0xDD, 0x99, 
	0x98, 0x88, 0x86, 0x54, 0x46, 0xAA, 0xA6, 0x57, 0x66, 0x42, 0x26, 0x88, 0x99, 0xDE, 0xEE, 0xDD, 
	0x97, 0x9C, 0x98, 0x8B, 0x66, 0x66, 0x66, 0x66, 0x44, 0x44, 0x46, 0x66, 0x33, 0x56, 0x66, 0x56, 
	0x63, 0x56, 0x89, 0x98, 0x77, 0x88, 0x64, 0x44, 0x66, 0x46, 0x66, 0x64, 0x44, 0x44, 0x46, 0x68, 
	0x88, 0x88, 0xA6, 0x65, 0x65, 0x56, 0x8C, 0xDC, 0xDD, 0xDD, 0xDD, 0xDD, 0xDD, 0xDD, 0xDD, 0xDD, 
	0xDC, 0xCC, 0xC8, 0x77, 0x66, 0x66, 0x65, 0x58, 0xDE, 0xEE, 0xEF, 0xEE, 0xEE, 0xFF, 0xFF, 0xFF, 
	0xFF, 0xEE, 0xEE, 0xDD, 0xED, 0xEE, 0xDE, 0xEE, 0xFF, 0xFF, 0xEF, 0xFF, 0xEE, 0xDD, 0xED, 0xDD, 
	0xC8, 0x78, 0x88, 0x8C, 0xCC, 0xCC, 0xCC, 0xCC, 0xCC, 0xCC, 0xCC, 0xCD, 0xDD, 0xEE, 0xED, 0x9D, 
	0xEE, 0xFE, 0xEF, 0xFF, 0xEE, 0xEE, 0xED, 0xEE, 0xED, 0xDC, 0xCD, 0x99, 0xDC, 0xDD, 0xD9, 0xDD, 
	0xDD, 0xDE, 0xDE, 0xED, 0xEE, 0xEE, 0xD9, 0x77, 0x77, 0x89, 0x97, 0x79, 0x9D, 0xEE, 0xFF, 0xFF, 
	0xFF, 0xFF, 0xFF, 0xFF, 0xFF, 0xFF, 0xFF, 0xFE, 0xEE, 0xD9, 0x9D, 0xDD, 0x89, 0xCD, 0xDD, 0x99, 
	0x88, 0x8B, 0xB6, 0x53, 0x46, 0x66, 0x64, 0x55, 0x44, 0x33, 0x58, 0xDD, 0xEE, 0xEE, 0xEE, 0xDD, 
	0x97, 0x77, 0x76, 0x66, 0x66, 0x44, 0x34, 0x64, 0x35, 0x56, 0x6A, 0x88, 0x79, 0x9C, 0xCC, 0x98, 
	0x97, 0x9C, 0xDE, 0xEE, 0xDC, 0xCC, 0x86, 0xA6, 0x6A, 0x88, 0xCC, 0xB6, 0x66, 0x66, 0x6B, 0x8C, 
	0xCC, 0xC8, 0xBB, 0xB7, 0x89, 0x9C, 0xDD, 0xED, 0xDD, 0xDD, 0xDD, 0xDD, 0xDD, 0xDD, 0xDD, 0xCD, 
	0xCC, 0xCC, 0xC7, 0x77, 0x66, 0x66, 0x66, 0x78, 0xEE, 0xEE, 0xEF, 0xEE, 0xEE, 0xFF, 0xFF, 0xFF, 
	0xFF, 0xEE, 0xEE, 0xDD, 0xED, 0xEE, 0xDE, 0xEE, 0xEE, 0xEF, 0xEF, 0xFF, 0xEE, 0xEE, 0xED, 0xD9, 
	0x88, 0x68, 0x88, 0xA8, 0xCC, 0xCC, 0xCC, 0xCC, 0xCC, 0xCC, 0xCC, 0xCD, 0xDD, 0xEE, 0xED, 0xDD, 
	0xEE, 0xEE, 0xFE, 0xEE, 0xFE, 0xEE, 0xEE, 0xED, 0xDD, 0x98, 0x8C, 0x99, 0xCD, 0xDD, 0xDD, 0x9D, 
	0xDE, 0xEE, 0xEE, 0xEE, 0xDE, 0xED, 0x99, 0x75, 0x55, 0x79, 0xD9, 0x99, 0x79, 0xDF, 0xEF, 0xFF, 
	0xFF, 0xFF, 0xFF, 0xFF, 0xFF, 0xFF, 0xFE, 0xEE, 0xED, 0xD7, 0x79, 0x9C, 0x67, 0x8C, 0xCC, 0x88, 
	0xA8, 0xA6, 0x66, 0x44, 0x24, 0x44, 0x66, 0x66, 0x55, 0x55, 0x9E, 0xFE, 0xFF, 0xFE, 0xEE, 0xED, 
	0x77, 0x55, 0x53, 0x43, 0x44, 0x32, 0x35, 0x57, 0x77, 0x9D, 0xDD, 0xCE, 0xEE, 0xEE, 0xEE, 0xEE, 
	0xED, 0xDD, 0xEE, 0xFF, 0xEE, 0xDD, 0xCC, 0xCB, 0x68, 0xCD, 0xEE, 0xCC, 0xCC, 0x8B, 0xCC, 0xCD, 
	0xED, 0xD9, 0x88, 0xCC, 0xCD, 0xEE, 0xEE, 0xDE, 0xEE, 0xEE, 0xEE, 0xDD, 0xDD, 0xDD, 0xDD, 0xDC, 
	0xCC, 0xCC, 0x88, 0x55, 0xAA, 0xA6, 0x68, 0xCC, 0xEF, 0xFF, 0xEF, 0xFE, 0xEE, 0xFE, 0xFF, 0xFF, 
	0xEE, 0xEE, 0xED, 0x9D, 0xDE, 0xEE, 0xEE, 0xEE, 0xDD, 0xDE, 0xEE, 0xFE, 0xFE, 0xEE, 0xED, 0xC9, 
	0x88, 0xA6, 0x6A, 0x86, 0x8B, 0xCC, 0xCC, 0xBC, 0xCC, 0xCC, 0xCC, 0xDC, 0xDC, 0xEE, 0xED, 0xEE, 
	0xEE, 0xEE, 0xEE, 0xEE, 0xEE, 0xEE, 0xED, 0xDE, 0xD9, 0x99, 0x88, 0xC9, 0xCD, 0xDD, 0xED, 0xEE, 
	0xEE, 0xEE, 0xEE, 0xED, 0xDD, 0xD9, 0x99, 0x75, 0x35, 0x7D, 0xDE, 0xD9, 0x99, 0xDE, 0xEE, 0xEF, 
	0xFF, 0xFF, 0xFF, 0xFF, 0xFF, 0xFF, 0xEE, 0xD9, 0xD9, 0x97, 0x5A, 0xBB, 0x8A, 0x88, 0xA8, 0x87, 
	0xA4, 0x44, 0x44, 0x44, 0x24, 0x24, 0x46, 0x65, 0x79, 0x9D, 0xEE, 0xFF, 0xFF, 0xEE, 0xEE, 0xDD, 
	0xD7, 0x98, 0xA6, 0x44, 0x24, 0x46, 0x59, 0xDD, 0xDE, 0xFF, 0xFF, 0xEF, 0xFE, 0xFE, 0xFF, 0xFF, 
	0xFE, 0xDD, 0xDD, 0xEE, 0xFF, 0xFF, 0xEE, 0xED, 0xCD, 0xDE, 0xDD, 0xDD, 0xDC, 0xDD, 0xEE, 0xEE, 
	0xEE, 0xDD, 0xDD, 0xDD, 0xDE, 0xEE, 0xEE, 0xEE, 0xEE, 0xED, 0xDC, 0xC9, 0xCC, 0xCC, 0xCC, 0xCC, 
	0xDC, 0xCC, 0x88, 0xB8, 0xAC, 0xCC, 0xCD, 0xCE, 0xFE, 0xFE, 0xEF, 0xFE, 0xFE, 0xEE, 0xEE, 0xFF, 
	0xEE, 0xEE, 0xD9, 0x9E, 0xEE, 0xEE, 0xEE, 0xED, 0xDE, 0xED, 0xEE, 0xEE, 0xEE, 0xDD, 0xCC, 0x88, 
	0xA8, 0xAA, 0xA8, 0x68, 0x8A, 0xCC, 0xAA, 0x88, 0xA8, 0xCC, 0xCD, 0xD9, 0xCD, 0xDE, 0xDE, 0xEE, 
	0xED, 0xDE, 0xED, 0xEE, 0xFE, 0xFE, 0xDD, 0xDD, 0xDD, 0xD9, 0x99, 0x9D, 0xDD, 0xEE, 0xEE, 0xEE, 
	0xEE, 0xEE, 0xEE, 0xDE, 0xDD, 0x99, 0x99, 0x97, 0x57, 0x9D, 0xEE, 0xED, 0xDD, 0xEE, 0xEF, 0xFF, 
	0xFF, 0xFF, 0xFE, 0xFE, 0xFE, 0xEE, 0xDD, 0x99, 0x97, 0x75, 0x56, 0x66, 0x66, 0x66, 0x65, 0x55, 
	0x64, 0x42, 0x24, 0x42, 0x24, 0x46, 0x44, 0x55, 0x79, 0xDE, 0xEE, 0xEF, 0xEF, 0xEE, 0xED, 0xDD, 
	0xD9, 0xDC, 0x88, 0x64, 0x44, 0x68, 0x9D, 0xEF, 0xFF, 0xFF, 0xFF, 0xFF, 0xFF, 0xFF, 0xFF, 0xFF, 
	0xFE, 0xEE, 0xDD, 0xDE, 0xEE, 0xFF, 0xFF, 0xEE, 0xDE, 0xDD, 0xD9, 0xDD, 0xDD, 0xEE, 0xFE, 0xFE, 
	0xEE, 0xEE, 0xDD, 0xDD, 0xDD, 0xEE, 0xED, 0xDE, 0xDD, 0xDC, 0xC9, 0x87, 0x88, 0x8C, 0xC8, 0x88, 
	0xCC, 0xCC, 0x88, 0x8A, 0x68, 0x8C, 0xDE, 0xDE, 0xEE, 0xEE, 0xFE, 0xEE, 0xEE, 0xED, 0xDE, 0xEE, 
	0xEF, 0xEE, 0xDD, 0xDE, 0xEE, 0xFE, 0xFF, 0xEE, 0xEE, 0xEE, 0xDE, 0xED, 0xDD, 0xCC, 0xBB, 0xA6, 
	0x6A, 0xAA, 0x66, 0x66, 0x88, 0xBB, 0x88, 0xAC, 0x8C, 0xDD, 0xDD, 0xC9, 0x9C, 0xCD, 0xDE, 0xEE, 
	0xED, 0xDE, 0xED, 0xEE, 0xFE, 0xFE, 0xDD, 0xDD, 0xDD, 0xD9, 0x99, 0x9D, 0xDD, 0xEE, 0xEE, 0xEE, 
	0xEE, 0xEE, 0xEE, 0xDE, 0xDD, 0x99, 0x99, 0xD9, 0x77, 0x9D, 0xEE, 0xEE, 0xEE, 0xEE, 0xEF, 0xFF, 
	0xFF, 0xFF, 0xFE, 0xFE, 0xFE, 0xDD, 0xC9, 0x77, 0x77, 0x55, 0x56, 0x66, 0x35, 0x56, 0x53, 0x33, 
	0x42, 0x42, 0x24, 0x42, 0x24, 0x66, 0x66, 0x77, 0xDD, 0xDE, 0xDE, 0xEF, 0xEF, 0xEE, 0xED, 0xDD, 
	0xDD, 0xDC, 0xC8, 0x64, 0x66, 0x8C, 0xDE, 0xFF, 0xFF, 0xFF, 0xFF, 0xFF, 0xFF, 0xFF, 0xFF, 0xFF, 
	0xFF, 0xFE, 0x9D, 0xDE, 0xEE, 0xFF, 0xFF, 0xEE, 0xEE, 0xDD, 0xD9, 0xDD, 0xDD, 0xEE, 0xFE, 0xFE, 
	0xEE, 0xEE, 0xDD, 0xDD, 0xDD, 0xEE, 0xED, 0xDD, 0xDC, 0xCC, 0x89, 0x88, 0x77, 0x78, 0x87, 0x77, 
	0xCC, 0xCC, 0x8B, 0x86, 0x67, 0x8C, 0xDE, 0xED, 0xEE, 0xEE, 0xFE, 0xEE, 0xEE, 0xED, 0xDE, 0xEE, 
	0xEF, 0xEE, 0xDD, 0xEE, 0xEE, 0xFE, 0xFF, 0xEE, 0xEE, 0xEE, 0xDE, 0xED, 0xC8, 0x88, 0xB6, 0x66, 
	0x66, 0x66, 0x66, 0x66, 0x88, 0xAA, 0x8C, 0xCD, 0xDD, 0xDE, 0xDD, 0xC8, 0x9C, 0xCC, 0xDE, 0xEE, 
	0xED, 0xED, 0xDE, 0xEF, 0xFE, 0xEE, 0xED, 0xED, 0xDD, 0x99, 0xDD, 0xDD, 0xDE, 0xEE, 0xEE, 0xEE, 
	0xEE, 0xEE, 0xEE, 0xDD, 0xDE, 0xDD, 0x9D, 0xE9, 0x99, 0xDE, 0xDE, 0xEE, 0xEE, 0xEE, 0xFE, 0xFE, 
	0xEE, 0xEE, 0xEE, 0xEE, 0xEE, 0x97, 0x88, 0x85, 0x65, 0x33, 0x35, 0x65, 0x55, 0x55, 0x85, 0x53, 
	0x22, 0x24, 0x22, 0x44, 0x23, 0x68, 0x89, 0xDD, 0xEE, 0xEE, 0xDD, 0xEF, 0xFF, 0xFE, 0xEE, 0x9D, 
	0x99, 0x99, 0x96, 0x54, 0x6B, 0xCC, 0xEF, 0xFF, 0xFF, 0xFF, 0xFF, 0xFF, 0xFF, 0xFF, 0xFF, 0xFF, 
	0xFF, 0xFE, 0xDD, 0xEE, 0xFF, 0xFF, 0xFF, 0xFE, 0xFE, 0xDD, 0x9D, 0xDD, 0xEE, 0xEE, 0xEE, 0xEE, 
	0xEE, 0xEE, 0xDD, 0xDD, 0xDD, 0xDD, 0xDD, 0xCC, 0xCC, 0xC9, 0x77, 0x8C, 0x87, 0x67, 0x55, 0x55, 
	0xB8, 0xBC, 0xCC, 0x75, 0x57, 0x89, 0xDD, 0xDD, 0xEE, 0xEE, 0xEE, 0xEE, 0xEE, 0xEE, 0xED, 0xEE, 
	0xEE, 0xEE, 0xDE, 0xEE, 0xEE, 0xEF, 0xEE, 0xFE, 0xEE, 0xEE, 0xDD, 0xD9, 0x86, 0x66, 0x64, 0x44, 
	0x44, 0x44, 0x46, 0xA8, 0xA7, 0x88, 0xCD, 0xEE, 0xEE, 0xEE, 0xED, 0xD9, 0x9D, 0xDD, 0xCD, 0xDE, 
	0xDE, 0xEE, 0xEE, 0xEE, 0xED, 0xEE, 0xEE, 0xEE, 0xED, 0xDD, 0xED, 0xDE, 0xED, 0xED, 0xED, 0xED, 
	0xEE, 0xEE, 0xEE, 0xEE, 0xEE, 0xEE, 0xEE, 0xEE, 0xDD, 0xDE, 0xD9, 0x9D, 0xED, 0x99, 0xDD, 0xDE, 
	0xEE, 0xFE, 0xEE, 0xED, 0xD9, 0x75, 0x44, 0x44, 0x44, 0x32, 0x35, 0x99, 0x99, 0x9C, 0xD9, 0x77, 
	0x43, 0x44, 0x42, 0x44, 0x57, 0x8D, 0xEE, 0xFF, 0xFF, 0xEE, 0xEE, 0xEF, 0xFF, 0xFF, 0xED, 0xD9, 
	0xD9, 0xDD, 0x98, 0x78, 0xAC, 0xCC, 0xEF, 0xFF, 0xFF, 0xFF, 0xFF, 0xFF, 0xFF, 0xFF, 0xFF, 0xFF, 
	0xFE, 0xFE, 0xEE, 0xEF, 0xFF, 0xFF, 0xFE, 0xFE, 0xFE, 0xED, 0xD9, 0x99, 0xEE, 0xEE, 0xFE, 0xEE, 
	0xEE, 0xDE, 0xDD, 0xDD, 0x99, 0x98, 0x87, 0x8B, 0xCD, 0xEC, 0x8C, 0xCC, 0xC8, 0xA7, 0x66, 0xA8, 
	0x79, 0xDC, 0xCD, 0xCC, 0x99, 0xDD, 0xDD, 0xDD, 0xDE, 0xEE, 0xEE, 0xDD, 0xEE, 0xED, 0xED, 0xCC, 
	0xEE, 0xEE, 0xEE, 0xEE, 0xEE, 0xEE, 0xEE, 0xEF, 0xEE, 0xED, 0xDC, 0x97, 0xA6, 0x34, 0x44, 0x22, 
	0x44, 0x44, 0x56, 0x88, 0x89, 0xDD, 0xEF, 0xFF, 0xFF, 0xFF, 0xEE, 0xDD, 0xEE, 0xDD, 0xCD, 0xDD, 
	0xEE, 0xEE, 0xEE, 0xEE, 0xDD, 0xDD, 0xDD, 0xEE, 0xEE, 0xDD, 0xDE, 0xEE, 0xEE, 0xEE, 0xEE, 0xEE, 
	0xEE, 0xEE, 0xEE, 0xEE, 0xEE, 0xEE, 0xEE, 0xEE, 0xEE, 0xDE, 0xDD, 0xDD, 0xD9, 0x77, 0x99, 0x9D, 
	0xDD, 0xDD, 0xDD, 0xD9, 0x97, 0x55, 0x44, 0x42, 0x44, 0x43, 0x59, 0xDE, 0xDE, 0xDD, 0xEE, 0x99, 
	0x86, 0x66, 0x44, 0x68, 0x79, 0xDE, 0xFF, 0xFF, 0xFF, 0xFF, 0xFF, 0xFF, 0xFF, 0xFF, 0xFE, 0xED, 
	0xEE, 0xEE, 0xDD, 0x9D, 0xC8, 0x8D, 0xEF, 0xFF, 0xFF, 0xFF, 0xFF, 0xFF, 0xFF, 0xFF, 0xFF, 0xFF, 
	0xFF, 0xFF, 0xFF, 0xEE, 0xEE, 0xFF, 0xEE, 0xEE, 0xEE, 0xED, 0xDD, 0xDD, 0xDD, 0xEE, 0xEE, 0xED, 
	0xDD, 0xDD, 0xDD, 0xCD, 0x98, 0x88, 0x8A, 0xAA, 0x8C, 0xEC, 0xCC, 0xDD, 0xCA, 0x88, 0x88, 0xDD, 
	0xDD, 0xDD, 0xDE, 0xDD, 0xDD, 0xDD, 0xED, 0xED, 0xDD, 0xED, 0xDD, 0xDD, 0xDE, 0xDD, 0xD9, 0xCD, 
	0xDD, 0xDD, 0xEE, 0xEE, 0xDD, 0xDE, 0xEE, 0xEF, 0xEE, 0xED, 0x9D, 0x99, 0x86, 0x44, 0x44, 0x24, 
	0x64, 0x66, 0x68, 0x8C, 0xCD, 0xEE, 0xEE, 0xFF, 0xFF, 0xFE, 0xEE, 0xEE, 0xEE, 0xED, 0xDE, 0xEE, 
	0xEE, 0xEE, 0xEE, 0xEE, 0xDD, 0xDD, 0xDD, 0xEE, 0xEE, 0xDD, 0xDE, 0xEE, 0xEE, 0xEE, 0xEE, 0xEE, 
	0xEE, 0xEE, 0xDE, 0xEE, 0xEE, 0xEE, 0xEE, 0xEE, 0xEE, 0xDE, 0xDD, 0xDD, 0xD9, 0x77, 0x88, 0x97, 
	0x99, 0x79, 0x9D, 0x99, 0x75, 0x55, 0x46, 0x44, 0x66, 0x89, 0xDE, 0xEE, 0xEF, 0xEE, 0xEE, 0xDD, 
	0xDC, 0x86, 0x66, 0x8C, 0xDD, 0xEE, 0xFF, 0xFF, 0xFF, 0xFF, 0xFF, 0xFF, 0xFF, 0xFF, 0xFF, 0xEE, 
	0xEF, 0xEE, 0xEE, 0xEE, 0xDC, 0xCD, 0xEF, 0xFF, 0xFF, 0xFF, 0xFF, 0xFF, 0xFF, 0xFF, 0xFF, 0xFF, 
	0xFF, 0xFF, 0xFF, 0xEE, 0xEE, 0xFF, 0xEE, 0xEE, 0xEE, 0xED, 0xED, 0xDD, 0xDD, 0xEE, 0xEE, 0xED, 
	0xDD, 0xDD, 0xDD, 0xCD, 0x88, 0x88, 0x88, 0xBA, 0x8C, 0xDC, 0xCC, 0xCD, 0xC8, 0x88, 0xCD, 0xEE, 
	0xED, 0xDE, 0xDE, 0xED, 0xED, 0xDD, 0xDD, 0xED, 0xED, 0xED, 0xDD, 0xDD, 0xDE, 0xDD, 0xD9, 0x9D, 
	0xCC, 0xCC, 0xEE, 0xEE, 0xDD, 0xDE, 0xEE, 0xEF, 0xEE, 0xEC, 0x99, 0x99, 0x86, 0x44, 0x44, 0x24, 
	0x66, 0xB8, 0x8C, 0xCD, 0xEE, 0xEF, 0xEE, 0xFF, 0xFF, 0xFE, 0xDE, 0xEE, 0xEE, 0xED, 0xDE, 0xED, 
	0xEE, 0xEE, 0xEE, 0xEE, 0xED, 0x99, 0xDE, 0xDE, 0xDD, 0xDE, 0xEE, 0xED, 0xEE, 0xED, 0xEE, 0xEE, 
	0xEE, 0xEE, 0xDD, 0xEE, 0xEE, 0xEE, 0xEE, 0xEE, 0xEE, 0xEE, 0xEE, 0xDD, 0xD7, 0x77, 0x66, 0x75, 
	0x57, 0x57, 0x99, 0x77, 0x54, 0x64, 0x6A, 0x6A, 0x9D, 0xEE, 0xFF, 0xEE, 0xFF, 0xFF, 0xEE, 0xEE, 
	0xED, 0x88, 0x79, 0xDD, 0xEE, 0xFF, 0xFF, 0xFF, 0xFF, 0xFF, 0xFF, 0xFF, 0xFF, 0xFF, 0xFF, 0xFF, 
	0xFF, 0xFF, 0xFF, 0xEE, 0xDD, 0xDD, 0xEE, 0xFF, 0xFF, 0xFF, 0xFF, 0xFF, 0xFF, 0xFF, 0xFF, 0xFF, 
	0xFF, 0xFF, 0xFE, 0xEE, 0xEE, 0xEE, 0xEF, 0xEE, 0xEE, 0xDE, 0xDD, 0xED, 0xDE, 0xEE, 0xEE, 0xED, 
	0xDD, 0xDD, 0xDD, 0xCC, 0xC8, 0xB8, 0xCC, 0xC8, 0x8C, 0xCC, 0xC8, 0x8C, 0xDD, 0xCC, 0xDE, 0xEE, 
	0xEE, 0xEE, 0xDE, 0xDE, 0xEC, 0xCD, 0xCD, 0xDD, 0xDD, 0xEE, 0xEE, 0xEE, 0xEE, 0xED, 0xDC, 0x9C, 
	0xDC, 0xDC, 0xED, 0xED, 0xED, 0xED, 0xEE, 0xEE, 0xEE, 0xDC, 0xC8, 0x88, 0xA4, 0x56, 0x44, 0x46, 
	0xAC, 0xDD, 0xDD, 0xEE, 0xFF, 0xEE, 0xFF, 0xFF, 0xEF, 0xEF, 0xEE, 0xEE, 0xEE, 0xDD, 0xDE, 0xEC, 
	0xCE, 0xEE, 0xEE, 0xEE, 0xED, 0xD9, 0x9D, 0xDD, 0xEE, 0xEE, 0xEE, 0xEE, 0xEE, 0xEE, 0xEE, 0xEE, 
	0xEE, 0xEE, 0xEE, 0xEE, 0xEE, 0xEE, 0xFF, 0xFF, 0xFF, 0xFE, 0xEE, 0xEE, 0x97, 0x55, 0x55, 0x55, 
	0x55, 0x77, 0x97, 0x77, 0x55, 0x32, 0x34, 0x7C, 0xEF, 0xFF, 0xFF, 0xFF, 0xFE, 0xFF, 0xEE, 0xED, 
	0xED, 0x9D, 0xDE, 0xFF, 0xFF, 0xFF, 0xFF, 0xFF, 0xFF, 0xFF, 0xFF, 0xFF, 0xFF, 0xFF, 0xFF, 0xFF, 
	0xFF, 0xFF, 0xFF, 0xFF, 0xEE, 0xED, 0xEF, 0xFF, 0xFF, 0xFF, 0xFF, 0xFF, 0xFF, 0xFF, 0xFF, 0xFF, 
	0xFF, 0xFF, 0xEE, 0xEE, 0xEE, 0xEE, 0xEE, 0xEF, 0xEE, 0xDD, 0xD9, 0xDE, 0xEE, 0xEE, 0xEE, 0xDD, 
	0xDE, 0xDD, 0xDC, 0xDC, 0xCB, 0x8C, 0x8C, 0x9D, 0xCE, 0xDC, 0x87, 0x7C, 0xEE, 0xED, 0xDD, 0xEE, 
	0xEE, 0xEE, 0xDD, 0xDD, 0xCD, 0x98, 0x8C, 0xCD, 0xDE, 0xDE, 0xFF, 0xEF, 0xEF, 0xED, 0xDC, 0xDE, 
	0xEC, 0xDD, 0xDD, 0xDD, 0xEE, 0xEE, 0xEE, 0xEE, 0xDD, 0xCC, 0xCD, 0xD9, 0x86, 0x88, 0xA5, 0xAC, 
	0xDE, 0xFF, 0xFF, 0xFF, 0xEE, 0xEF, 0xEF, 0xFF, 0xFF, 0xFF, 0xFE, 0xFE, 0xED, 0xDD, 0xDD, 0xC9, 
	0xCE, 0xEE, 0xEE, 0xEE, 0xEE, 0xED, 0xDD, 0xEE, 0xEE, 0xEE, 0xEE, 0xEE, 0xEE, 0xEE, 0xEF, 0xEE, 
	0xFF, 0xFF, 0xFE, 0xFF, 0xFF, 0xFF, 0xFF, 0xFF, 0xFF, 0xFF, 0xFE, 0xEE, 0xD9, 0x75, 0x79, 0x99, 
	0x77, 0x9D, 0xDD, 0xD9, 0x77, 0x63, 0x33, 0x7D, 0xEF, 0xFF, 0xFF, 0xEF, 0xFF, 0xFF, 0xED, 0xDD, 
	0xDD, 0xDE, 0xEF, 0xFF, 0xFF, 0xFF, 0xFF, 0xFF, 0xFF, 0xFF, 0xFF, 0xFF, 0xFF, 0xFF, 0xFF, 0xFF, 
	0xFF, 0xFF, 0xFF, 0xFF, 0xFE, 0xEE, 0xEE, 0xFF, 0xFF, 0xFF, 0xFF, 0xFF, 0xFF, 0xFF, 0xEE, 0xFE, 
	0xEE, 0xEE, 0xED, 0xDD, 0xDD, 0xDD, 0xEE, 0xEE, 0xEE, 0xDC, 0xCC, 0xCE, 0xEE, 0xED, 0xED, 0xDD, 
	0xDD, 0xDE, 0xDD, 0xDC, 0xC8, 0x8C, 0xCD, 0xDE, 0xDE, 0xED, 0xC9, 0xDD, 0xEE, 0xED, 0xEE, 0xEF, 
	0xEE, 0xEE, 0xEE, 0xDD, 0xC9, 0x87, 0x89, 0xDE, 0xEE, 0xEE, 0xFF, 0xFF, 0xEE, 0xED, 0xED, 0xEE, 
	0xED, 0xDD, 0xEE, 0xEE, 0xEE, 0xEE, 0xEE, 0xDD, 0x9C, 0xCC, 0xCC, 0xCC, 0xC8, 0xCC, 0x86, 0xAD, 
	0xEF, 0xFF, 0xFF, 0xFF, 0xFF, 0xEE, 0xEF, 0xFF, 0xFF, 0xEE, 0xEE, 0xEE, 0xEE, 0xDD, 0xDD, 0x99, 
	0xCD, 0xDE, 0xEE, 0xEE, 0xEE, 0xEE, 0xED, 0xEE, 0xEE, 0xEE, 0xEE, 0xEE, 0xEE, 0xEE, 0xEF, 0xEE, 
	0xFF, 0xFF, 0xFE, 0xFF, 0xFF, 0xFF, 0xFF, 0xFF, 0xFF, 0xFF, 0xFE, 0xEE, 0xED, 0x97, 0x8D, 0xDD, 
	0xDD, 0xDE, 0xEE, 0xED, 0x98, 0x63, 0x35, 0x7D, 0xEF, 0xFF, 0xFF, 0xEF, 0xFF, 0xFF, 0xED, 0xDD, 
	0xDD, 0xEE, 0xFF, 0xFF, 0xFF, 0xFF, 0xFF, 0xFF, 0xFF, 0xFF, 0xFF, 0xFF, 0xFF, 0xFF, 0xFF, 0xFF, 
	0xFF, 0xFF, 0xFF, 0xFF, 0xFE, 0xEF, 0xEE, 0xFF, 0xFF, 0xFF, 0xFF, 0xFF, 0xFF, 0xFF, 0xEE, 0xFE, 
	0xEE, 0xEE, 0xDD, 0xDD, 0xDD, 0xDD, 0xDD, 0xDD, 0xDD, 0xDC, 0xCC, 0xCD, 0xDD, 0xDD, 0xED, 0xDD, 
	0x9D, 0xDE, 0xDD, 0xDC, 0xC8, 0x8C, 0xDD, 0xEE, 0xEE, 0xEE, 0xDE, 0xEE, 0xEE, 0xED, 0xEE, 0xEF, 
	0xEE, 0xEE, 0xEE, 0xDD, 0xC9, 0x87, 0x89, 0xDE, 0xEE, 0xEE, 0xFF, 0xFF, 0xEE, 0xEE, 0xEE, 0xEE, 
	0xED, 0xDD, 0xEE, 0xEE, 0xEE, 0xEE, 0xEE, 0xDD, 0x98, 0x8C, 0xCC, 0xCC, 0xCC, 0xC8, 0x8A, 0xCE, 
	0xEF, 0xFF, 0xFF, 0xEF, 0xFF, 0xEE, 0xEF, 0xFF, 0xEF, 0xEE, 0xEE, 0xEE, 0xEE, 0xDD, 0xDD, 0x99, 
	0xCC, 0xCD, 0xED, 0xED, 0xEE, 0xEE, 0xEE, 0xEE, 0xEE, 0xEE, 0xEE, 0xEE, 0xEE, 0xEE, 0xFF, 0xFF, 
	0xFF, 0xFF, 0xFF, 0xFF, 0xFF, 0xFF, 0xFF, 0xFF, 0xFF, 0xFF, 0xFF, 0xFE, 0xEE, 0xD9, 0x9D, 0xEE, 
	0xEE, 0xEE, 0xEE, 0xEE, 0xDC, 0x76, 0x57, 0x9E, 0xFF, 0xFF, 0xEF, 0xFF, 0xFE, 0xFE, 0xFE, 0xFE, 
	0xEE, 0xFF, 0xFF, 0xFF, 0xFF, 0xFF, 0xFF, 0xFF, 0xFF, 0xFF, 0xFF, 0xFF, 0xFF, 0xFF, 0xFF, 0xFF, 
	0xFF, 0xFF, 0xFF, 0xFF, 0xEF, 0xFE, 0xEE, 0xEE, 0xEE, 0xEE, 0xEE, 0xEE, 0xEE, 0xEE, 0xEE, 0xEE, 
	0xEE, 0xDE, 0xCC, 0xCC, 0xCD, 0xDD, 0xCC, 0xCC, 0xCC, 0xCC, 0xCC, 0xCC, 0xCC, 0xCD, 0xDD, 0xCC, 
	0x9C, 0xDD, 0xCC, 0xC8, 0xB8, 0x9D, 0xDE, 0xEE, 0xEF, 0xFE, 0xEF, 0xFE, 0xEE, 0xEE, 0xEE, 0xEF, 
	0xFE, 0xEE, 0xEE, 0xED, 0xD9, 0x78, 0x9C, 0xDE, 0xEE, 0xEF, 0xFE, 0xFF, 0xFE, 0xEE, 0xFF, 0xEE, 
	0xED, 0xDD, 0xDE, 0xDE, 0xEE, 0xEE, 0xEE, 0xEE, 0xCA, 0xAA, 0xB8, 0x88, 0x88, 0x87, 0x8C, 0xDE, 
	0xEE, 0xFF, 0xFE, 0xEE, 0xEE, 0xFF, 0xEE, 0xEE, 0xEE, 0xDE, 0xEE, 0xEE, 0xED, 0xED, 0xDC, 0xC9, 
	0x88, 0x9D, 0xDD, 0xDE, 0xEE, 0xEE, 0xEE, 0xEE, 0xFE, 0xFE, 0xEF, 0xEF, 0xEE, 0xFE, 0xFE, 0xFF, 
	0xFF, 0xFF, 0xFF, 0xFF, 0xFF, 0xFF, 0xFF, 0xFF, 0xFF, 0xFF, 0xFF, 0xFE, 0xEE, 0xED, 0x99, 0xDE, 
	0xEE, 0xEF, 0xEE, 0xED, 0xDD, 0xD7, 0x79, 0xEE, 0xFF, 0xFF, 0xFF, 0xEF, 0xEF, 0xFF, 0xFF, 0xFF, 
	0xFF, 0xFF, 0xFF, 0xFF, 0xFF, 0xFF, 0xFF, 0xFF, 0xFF, 0xFF, 0xFF, 0xFF, 0xFF, 0xFF, 0xFF, 0xFF, 
	0xFF, 0xFF, 0xFF, 0xEE, 0xFE, 0xEE, 0xEE, 0xED, 0xDE, 0xDD, 0xCC, 0xCC, 0xCD, 0xCD, 0xEE, 0xEE, 
	0xEE, 0xED, 0xC8, 0x8B, 0xCD, 0xCC, 0xB8, 0x8B, 0xAA, 0xAA, 0xAA, 0xAA, 0x67, 0xCC, 0xCC, 0xC8, 
	0xCC, 0xCD, 0xCC, 0x78, 0x79, 0x99, 0xDD, 0xEF, 0xEF, 0xFF, 0xFE, 0xEE, 0xEE, 0xDE, 0xEE, 0xEE, 
	0xEE, 0xEE, 0xED, 0xDD, 0x99, 0x9D, 0xDE, 0xED, 0xEE, 0xFF, 0xFF, 0xFE, 0xFE, 0xEE, 0xEE, 0xEE, 
	0xDD, 0xDD, 0xCC, 0xCD, 0xEF, 0xEE, 0xEE, 0xEE, 0xD8, 0x6A, 0xAA, 0xA8, 0x77, 0x79, 0xDE, 0xEE, 
	0xEE, 0xFE, 0xEE, 0xFF, 0xEF, 0xFE, 0xEE, 0xED, 0xED, 0xDD, 0xDD, 0xDD, 0xEE, 0xCC, 0x98, 0x88, 
	0x8C, 0xCC, 0x99, 0xDD, 0xEE, 0xEE, 0xEE, 0xFE, 0xEE, 0xEE, 0xEE, 0xEE, 0xFE, 0xEE, 0xFF, 0xFE, 
	0xFF, 0xFF, 0xFE, 0xFF, 0xFF, 0xFF, 0xFF, 0xFF, 0xFF, 0xFF, 0xFF, 0xFE, 0xFE, 0xD9, 0x77, 0x9D, 
	0xEE, 0xEE, 0xEE, 0xED, 0xEE, 0xD9, 0xDD, 0xEE, 0xEE, 0xEE, 0xFF, 0xEE, 0xEF, 0xFF, 0xFF, 0xFF, 
	0xFF, 0xFF, 0xFF, 0xFF, 0xFF, 0xFF, 0xFF, 0xFF, 0xFF, 0xFF, 0xFF, 0xFF, 0xFF, 0xFF, 0xFF, 0xFF, 
	0xFF, 0xFE, 0xEE, 0xEE, 0xED, 0xED, 0xDD, 0xD9, 0x9D, 0xDC, 0xCB, 0xBB, 0x8C, 0xCD, 0xEE, 0xED, 
	0xDD, 0xDC, 0xCB, 0x68, 0xCC, 0xBB, 0xA6, 0x66, 0x66, 0x66, 0x66, 0x66, 0x66, 0xBC, 0xC8, 0x8B, 
	0x88, 0xCC, 0xCC, 0x77, 0x99, 0xDD, 0xEE, 0xEF, 0xFF, 0xFE, 0xEE, 0xEE, 0xDD, 0xED, 0xED, 0xDD, 
	0xED, 0xDE, 0xDD, 0x9D, 0x99, 0xDE, 0xEE, 0xEE, 0xEF, 0xFF, 0xEE, 0xEE, 0xEE, 0xEE, 0xEE, 0xED, 
	0xDD, 0xCC, 0xD9, 0xCD, 0xEE, 0xFE, 0xEE, 0xEE, 0xDC, 0x66, 0xAC, 0xDC, 0x9D, 0xDD, 0xEF, 0xFF, 
	0xFF, 0xFF, 0xEE, 0xEF, 0xFE, 0xFF, 0xFF, 0xEE, 0xEE, 0xDD, 0xDD, 0xCC, 0xDD, 0xDC, 0x88, 0xA8, 
	0x8C, 0xCC, 0x99, 0xDD, 0xEE, 0xEE, 0xEE, 0xFE, 0xEE, 0xEE, 0xEE, 0xEE, 0xFE, 0xEE, 0xFF, 0xFE, 
	0xFF, 0xFF, 0xFE, 0xFF, 0xFF, 0xFF, 0xFF, 0xFF, 0xFF, 0xFF, 0xFF, 0xFE, 0xFE, 0x97, 0x55, 0x9D, 
	0xEE, 0xEE, 0xEE, 0xEE, 0xEE, 0xEE, 0xEE, 0xEE, 0xEE, 0xEE, 0xFF, 0xEE, 0xEF, 0xFF, 0xFF, 0xFF, 
	0xFF, 0xFF, 0xFF, 0xFF, 0xFF, 0xFF, 0xFF, 0xFF, 0xFF, 0xFF, 0xFF, 0xFF, 0xFF, 0xFF, 0xEE, 0xEE, 
	0xEE, 0xEE, 0xEE, 0xEE, 0xDD, 0xDC, 0x99, 0x99, 0x9D, 0xDC, 0xCA, 0x66, 0x68, 0x8D, 0xDD, 0xDC, 
	0xCC, 0xCC, 0x8B, 0x68, 0x88, 0xBA, 0x66, 0x56, 0x66, 0x44, 0x44, 0x66, 0x66, 0xB8, 0xC8, 0x8A, 
	0x88, 0x8C, 0xCC, 0x77, 0x9D, 0xEE, 0xEE, 0xEF, 0xFF, 0xFE, 0xEE, 0xEE, 0xDD, 0xEE, 0xED, 0xDD, 
	0xED, 0xDE, 0xDD, 0x9D, 0x99, 0xDE, 0xEE, 0xEE, 0xEF, 0xFF, 0xEE, 0xEE, 0xEE, 0xDD, 0xEE, 0xED, 
	0xED, 0xCC, 0xD9, 0xDE, 0xEE, 0xFE, 0xEE, 0xEE, 0xDC, 0x66, 0x8D, 0xED, 0xDE, 0xEE, 0xFF, 0xFF, 
	0xFF, 0xFF, 0xEE, 0xEF, 0xFE, 0xFF, 0xFF, 0xEE, 0xEE, 0xDD, 0xDD, 0xCC, 0xCC, 0xCC, 0x88, 0xA8, 
	0xA8, 0xA8, 0x8D, 0xDD, 0xDE, 0xEE, 0xEE, 0xEF, 0xFE, 0xFE, 0xFE, 0xFE, 0xEF, 0xEE, 0xEE, 0xEE, 
	0xEF, 0xFF, 0xFF, 0xFF, 0xFF, 0xFF, 0xFF, 0xFF, 0xFF, 0xFF, 0xFE, 0xEE, 0xED, 0x85, 0x35, 0x79, 
	0xEE, 0xFE, 0xEE, 0xEF, 0xFE, 0xFF, 0xEE, 0xEE, 0xEE, 0xEE, 0xEE, 0xEF, 0xFF, 0xFF, 0xFF, 0xFF, 
	0xFF, 0xFF, 0xFF, 0xFF, 0xFF, 0xFF, 0xFF, 0xFF, 0xFF, 0xFF, 0xFF, 0xEE, 0xEE, 0xEE, 0xDD, 0xDD, 
	0xDD, 0xDE, 0xDD, 0xDD, 0xCC, 0xC8, 0x88, 0x88, 0x89, 0xCC, 0xB6, 0x44, 0x56, 0xAC, 0xCC, 0xAC, 
	0x88, 0x8A, 0x6A, 0x66, 0x6A, 0x86, 0x65, 0x55, 0x66, 0x64, 0x44, 0x44, 0x6A, 0x8A, 0x8A, 0x86, 
	0x6A, 0xAA, 0x88, 0x8C, 0xDE, 0xFF, 0xFF, 0xEE, 0xEE, 0xEE, 0xEE, 0xEE, 0xEE, 0xFF, 0xFE, 0xEE, 
	0xDE, 0xEE, 0xEE, 0xDD, 0xDD, 0xEE, 0xEE, 0xFE, 0xFF, 0xFF, 0xFE, 0xEE, 0xDD, 0xCC, 0xED, 0xEE, 
	0xEC, 0x99, 0x98, 0xDD, 0xDD, 0xEE, 0xEE, 0xDD, 0xD9, 0x86, 0xCE, 0xEE, 0xEE, 0xEF, 0xFF, 0xFF, 
	0xFF, 0xFE, 0xFF, 0xFE, 0xFF, 0xFF, 0xEF, 0xEE, 0xEE, 0xDD, 0xC9, 0x98, 0x8C, 0x88, 0xA6, 0xAA, 
	0x66, 0x68, 0x8C, 0xDD, 0xDE, 0xEE, 0xEF, 0xFE, 0xFF, 0xEE, 0xEE, 0xEE, 0xEE, 0xEF, 0xEE, 0xEF, 
	0xEF, 0xFF, 0xEE, 0xFF, 0xFF, 0xFF, 0xFF, 0xFF, 0xFF, 0xEE, 0xEE, 0xE9, 0x99, 0x86, 0x57, 0xCE, 
	0xFE, 0xFF, 0xFE, 0xFF, 0xFE, 0xEE, 0xED, 0xD9, 0xDD, 0xDD, 0x99, 0xEF, 0xFF, 0xEF, 0xFE, 0xEF, 
	0xFF, 0xFF, 0xFF, 0xFF, 0xFF, 0xFF, 0xFF, 0xFF, 0xFF, 0xFF, 0xEE, 0xEE, 0xDE, 0xD9, 0x99, 0x99, 
	0xCC, 0xCC, 0xCD, 0xC8, 0x88, 0xA8, 0xA8, 0x88, 0x78, 0x8B, 0x86, 0x46, 0x66, 0x66, 0x66, 0x66, 
	0x53, 0x43, 0x36, 0x8A, 0x68, 0x8C, 0xCC, 0xCC, 0xCC, 0xCC, 0xC8, 0x65, 0x66, 0x6A, 0xAA, 0x66, 
	0x66, 0xA8, 0xCD, 0xDE, 0xFF, 0xFF, 0xFF, 0xEE, 0xDD, 0xED, 0xEF, 0xEE, 0xEF, 0xEF, 0xEF, 0xFE, 
	0xEE, 0xEF, 0xEE, 0xEE, 0xEE, 0xDE, 0xEF, 0xFF, 0xEE, 0xFE, 0xEE, 0xEE, 0xDD, 0xCD, 0xCC, 0xCE, 
	0xDD, 0xC9, 0xC9, 0x78, 0xDE, 0xEE, 0xDD, 0xED, 0x99, 0x88, 0xCC, 0xEF, 0xEF, 0xFF, 0xEF, 0xEF, 
	0xEF, 0xEE, 0xFE, 0xFE, 0xEE, 0xEE, 0xEE, 0xEE, 0xED, 0xDC, 0xD9, 0x9C, 0x86, 0x66, 0xA4, 0x46, 
	0x6A, 0x8A, 0x89, 0xDE, 0xEE, 0xEF, 0xFF, 0xFF, 0xFE, 0xFE, 0xFF, 0xFF, 0xFE, 0xFE, 0xEF, 0xFF, 
	0xFF, 0xEF, 0xFF, 0xFE, 0xEE, 0xEE, 0xEF, 0xEE, 0xEE, 0xEE, 0xDD, 0xD9, 0x98, 0x87, 0x57, 0xDE, 
	0xEE, 0xEE, 0xFE, 0xEE, 0xEE, 0xEE, 0xED, 0x99, 0xDD, 0xD9, 0x79, 0xEE, 0xEF, 0xFE, 0xED, 0xDE, 
	0xEE, 0xFF, 0xFE, 0xFE, 0xEF, 0xFF, 0xFF, 0xEE, 0xEE, 0xEE, 0xDD, 0xEE, 0xDD, 0xCC, 0x88, 0x78, 
	0x88, 0x8B, 0xB8, 0x86, 0x6B, 0x68, 0x8C, 0xC8, 0x88, 0x86, 0x66, 0x6B, 0x8A, 0x66, 0x66, 0x65, 
	0x55, 0x55, 0x58, 0xC8, 0x89, 0xCD, 0xDD, 0xDD, 0xDD, 0xDD, 0xDD, 0x87, 0xA8, 0x88, 0x88, 0xA6, 
	0xB8, 0xCD, 0xDE, 0xEF, 0xFF, 0xFF, 0xFF, 0xFE, 0xEE, 0xEE, 0xEE, 0xEE, 0xEE, 0xEE, 0xEE, 0xEE, 
	0xEE, 0xEE, 0xEE, 0xEF, 0xEE, 0xEF, 0xEE, 0xEE, 0xEE, 0xEE, 0xEE, 0xED, 0xCC, 0x99, 0x88, 0x8D, 
	0xDC, 0x99, 0x99, 0x9C, 0xDD, 0xEE, 0xDE, 0xEE, 0xDC, 0xC7, 0x89, 0xEF, 0xFF, 0xFF, 0xFF, 0xFE, 
	0xEE, 0xFE, 0xEE, 0xEE, 0xEE, 0xDD, 0xEE, 0xFE, 0xED, 0xCD, 0x99, 0xDC, 0x88, 0xA6, 0xA4, 0x6A, 
	0x78, 0x88, 0xCD, 0xDE, 0xEE, 0xEF, 0xFF, 0xFF, 0xFE, 0xFE, 0xFF, 0xFF, 0xFE, 0xFE, 0xEF, 0xFF, 
	0xFF, 0xEF, 0xFF, 0xFE, 0xEE, 0xEE, 0xEF, 0xEE, 0xEE, 0xED, 0xC9, 0x77, 0x98, 0x77, 0x57, 0xDE, 
	0xEE, 0xEE, 0xFE, 0xEE, 0xEE, 0xEE, 0xED, 0xDD, 0xDD, 0xD9, 0x77, 0xDE, 0xEF, 0xFE, 0xED, 0xDE, 
	0xEE, 0xEE, 0xFE, 0xED, 0xDE, 0xEE, 0xEE, 0xEE, 0xEE, 0xDD, 0xDD, 0xDD, 0xDD, 0xC8, 0x88, 0x78, 
	0x88, 0x8B, 0xA6, 0x66, 0x6B, 0xA8, 0xCD, 0xDC, 0x8C, 0x88, 0xBB, 0xBB, 0xCB, 0x66, 0x6A, 0x65, 
	0x57, 0x78, 0x9C, 0xC8, 0x99, 0xDE, 0xEE, 0xEE, 0xEE, 0xEE, 0xEE, 0xD9, 0x88, 0xCD, 0xCC, 0xA5, 
	0xBD, 0xEE, 0xEE, 0xEF, 0xFF, 0xFF, 0xFF, 0xFE, 0xEE, 0xEE, 0xEE, 0xEE, 0xEE, 0xEE, 0xEE, 0xEE, 
	0xEE, 0xEE, 0xEE, 0xEF, 0xEE, 0xFF, 0xEE, 0xEE, 0xEE, 0xED, 0xED, 0xDD, 0xCC, 0x99, 0x87, 0x8D, 
	0xDD, 0x99, 0xDD, 0xDD, 0xDD, 0xEE, 0xDE, 0xEE, 0xEC, 0xC5, 0x79, 0xEF, 0xFF, 0xFF, 0xFF, 0xFE, 
	0xEE, 0xFE, 0xEE, 0xEE, 0xED, 0xDD, 0xEE, 0xFE, 0xED, 0xCD, 0x99, 0xDC, 0x88, 0xA6, 0x66, 0xAA, 
	0x9D, 0xDD, 0xDE, 0xEE, 0xEF, 0xFF, 0xFF, 0xFF, 0xFF, 0xFF, 0xFE, 0xFE, 0xFF, 0xFF, 0xFE, 0xFF, 
	0xFF, 0xFF, 0xFF, 0xEF, 0xFE, 0xFE, 0xEE, 0xEE, 0xDE, 0xD9, 0x87, 0x55, 0x78, 0x55, 0x57, 0xDE, 
	0xEE, 0xEE, 0xEF, 0xFF, 0xFF, 0xEE, 0xEE, 0xED, 0x9D, 0x99, 0x77, 0x9E, 0xEF, 0xEE, 0xED, 0xDD, 
	0xED, 0xDD, 0xEE, 0xDC, 0x99, 0x99, 0xDD, 0xDD, 0xDD, 0x99, 0x99, 0xCC, 0xC8, 0xA6, 0x66, 0x66, 
	0x6A, 0x66, 0x64, 0x46, 0x6B, 0x8C, 0xCE, 0xED, 0xCD, 0xCC, 0xCC, 0xCC, 0xDC, 0x88, 0x88, 0x77, 
	0x79, 0x9C, 0xDC, 0xDC, 0x9D, 0xDE, 0xEF, 0xFF, 0xFF, 0xFF, 0xEE, 0xED, 0x9C, 0xCD, 0xCD, 0x77, 
	0x8E, 0xFF, 0xFF, 0xFF, 0xFF, 0xFF, 0xFF, 0xFE, 0xEE, 0xEE, 0xDE, 0xED, 0xDD, 0xED, 0xEE, 0xDD, 
	0xEE, 0xEE, 0xEE, 0xEE, 0xEE, 0xEF, 0xEE, 0xEE, 0xEE, 0xEC, 0xEC, 0xCC, 0x99, 0xC9, 0xC9, 0xCE, 
	0xEE, 0xDD, 0xEE, 0xEE, 0xEE, 0xDE, 0xEE, 0xED, 0xEC, 0x87, 0x8D, 0xEF, 0xEF, 0xFF, 0xFF, 0xFF, 
	0xFF, 0xFF, 0xEE, 0xDD, 0xDC, 0xDD, 0xDE, 0xED, 0xDD, 0xDC, 0xD9, 0x98, 0x88, 0x88, 0x66, 0x68, 
	0xEF, 0xEF, 0xFF, 0xFF, 0xFE, 0xFF, 0xFF, 0xFF, 0xFF, 0xFF, 0xFF, 0xFE, 0xFF, 0xEF, 0xFF, 0xEF, 
	0xFF, 0xFF, 0xEF, 0xFE, 0xFE, 0xEE, 0xEE, 0xEE, 0xC9, 0x88, 0x87, 0x65, 0x46, 0x45, 0x5C, 0xDE, 
	0xEE, 0xDE, 0xEE, 0xEF, 0xFE, 0xFF, 0xEE, 0xDD, 0xDD, 0xDD, 0x99, 0x9D, 0xEF, 0xFF, 0xEE, 0xED, 
	0xEE, 0xEE, 0xED, 0xD9, 0x77, 0x77, 0x99, 0x9D, 0xC8, 0x78, 0x78, 0x75, 0x66, 0x54, 0x46, 0x54, 
	0x44, 0x44, 0x43, 0x35, 0xBC, 0xCC, 0xCD, 0xDD, 0xEE, 0xED, 0xDD, 0xEE, 0xED, 0xD9, 0x77, 0x9D, 
	0xDE, 0xEE, 0xDC, 0xC9, 0x9C, 0xDD, 0xEE, 0xFF, 0xFF, 0xEE, 0xEE, 0xDD, 0xDD, 0xDC, 0xDD, 0xDC, 
	0xDE, 0xEF, 0xFE, 0xEF, 0xFF, 0xFF, 0xFF, 0xEE, 0xDE, 0xDE, 0xED, 0xDE, 0xDD, 0xCD, 0xDD, 0xDE, 
	0xDE, 0xEE, 0xEE, 0xEE, 0xEE, 0xEE, 0xEE, 0xFE, 0xEE, 0xED, 0xCC, 0x77, 0x89, 0x89, 0xDD, 0xED, 
	0xEE, 0xEE, 0xEE, 0xEE, 0xDD, 0xEE, 0xEE, 0xED, 0xCC, 0x9C, 0xEE, 0xEF, 0xEE, 0xEF, 0xEF, 0xEF, 
	0xEF, 0xEE, 0xEC, 0xD9, 0xCC, 0xCC, 0xCC, 0xCC, 0xCD, 0xCD, 0xCD, 0xD8, 0x8C, 0xD8, 0x88, 0xCE, 
	0xEF, 0xFF, 0xFF, 0xEF, 0xEF, 0xFF, 0xFF, 0xFF, 0xFF, 0xFF, 0xEF, 0xEF, 0xFE, 0xFF, 0xFF, 0xFF, 
	0xFF, 0xFF, 0xFF, 0xFE, 0xFE, 0xEE, 0xED, 0xDD, 0xC8, 0xC8, 0x8A, 0x64, 0x66, 0x65, 0x7C, 0xCD, 
	0xDE, 0xED, 0xDD, 0xEE, 0xFF, 0xEE, 0xED, 0x99, 0x99, 0xD9, 0xDD, 0xDE, 0xFE, 0xFF, 0xEE, 0xEE, 
	0xEE, 0xEE, 0xED, 0xC9, 0x78, 0x89, 0xCC, 0xCC, 0x86, 0x66, 0x6A, 0x84, 0x44, 0x44, 0x46, 0x44, 
	0x24, 0x24, 0x44, 0x57, 0x8C, 0x9C, 0xDC, 0xDE, 0xEE, 0xED, 0xEE, 0xEE, 0xEE, 0xDD, 0x99, 0xDE, 
	0xEE, 0xED, 0xDC, 0x98, 0x88, 0x99, 0xDE, 0xEE, 0xEF, 0xEE, 0xEE, 0xEE, 0xEE, 0xED, 0xEE, 0xED, 
	0xEE, 0xEE, 0xEE, 0xEE, 0xEE, 0xEE, 0xEE, 0xED, 0xDD, 0xDD, 0xD9, 0xDD, 0xDD, 0xDC, 0xCD, 0xEE, 
	0xEE, 0xEE, 0xEE, 0xDE, 0xEE, 0xEE, 0xEE, 0xEE, 0xED, 0xDC, 0x98, 0x87, 0x99, 0x9C, 0xDD, 0xDD, 
	0xDE, 0xEE, 0xEE, 0xEE, 0xDE, 0xED, 0xEE, 0xDD, 0xDC, 0xDE, 0xFF, 0xFE, 0xED, 0xEE, 0xFE, 0xEE, 
	0xED, 0xDD, 0xC8, 0xC8, 0x88, 0x88, 0x8B, 0x88, 0x88, 0xCC, 0xDD, 0xDC, 0xCD, 0xDC, 0x8C, 0xDE, 
	0xEF, 0xFF, 0xEF, 0xEF, 0xEF, 0xFF, 0xFF, 0xFF, 0xFF, 0xFF, 0xEF, 0xEF, 0xFE, 0xFF, 0xFF, 0xFF, 
	0xFF, 0xFF, 0xFF, 0xFE, 0xFE, 0xEE, 0xD9, 0xDD, 0x88, 0xC8, 0x8A, 0x64, 0x66, 0x66, 0x78, 0x89, 
	0x9D, 0xDD, 0xDD, 0xEE, 0xEE, 0xED, 0xDC, 0x99, 0x99, 0xDD, 0xDD, 0xDE, 0xFE, 0xFF, 0xEE, 0xEE, 
	0xDE, 0xEE, 0xED, 0xC9, 0x88, 0xCD, 0xCC, 0xC8, 0x86, 0x44, 0x6A, 0x86, 0x64, 0x44, 0x46, 0x64, 
	0x44, 0x46, 0x66, 0x9C, 0x9C, 0x99, 0xDC, 0xDE, 0xEE, 0xED, 0xEE, 0xEE, 0xEE, 0xDD, 0xDE, 0xEF, 
	0xEE, 0xED, 0xD9, 0x98, 0x88, 0x99, 0xDE, 0xEE, 0xEF, 0xEE, 0xEE, 0xEE, 0xEE, 0xEE, 0xEE, 0xEE, 
	0xEE, 0xEE, 0xEE, 0xEE, 0xED, 0xED, 0xDD, 0xDD, 0xDC, 0xCC, 0x99, 0xDD, 0xDD, 0xDC, 0xDD, 0xEE, 
	0xEE, 0xEE, 0xEE, 0xDE, 0xEE, 0xEE, 0xEE, 0xEE, 0xED, 0xDC, 0x97, 0x89, 0x99, 0x9D, 0xDD, 0xDD, 
	0xDE, 0xEE, 0xEE, 0xEE, 0xDE, 0xDD, 0xEE, 0xDD, 0xDD, 0xEE, 0xFF, 0xFE, 0xED, 0xEE, 0xFE, 0xED, 
	0xCC, 0xCC, 0x78, 0x88, 0x66, 0xA6, 0x8A, 0x6A, 0x6A, 0x8C, 0xCD, 0xDD, 0xDD, 0xDC, 0xCC, 0xEE, 
	0xEE, 0xFF, 0xEE, 0xFF, 0xFF, 0xFF, 0xFF, 0xFF, 0xFF, 0xFF, 0xFF, 0xFF, 0xEF, 0xEE, 0xFF, 0xFF, 
	0xEF, 0xEE, 0xEE, 0xEE, 0xEE, 0xED, 0x99, 0x99, 0x88, 0x88, 0x66, 0x66, 0x66, 0x68, 0x67, 0x77, 
	0x99, 0x9D, 0xCD, 0xDD, 0xDD, 0xDD, 0x99, 0x99, 0x9D, 0xDE, 0xDE, 0xEE, 0xFF, 0xFF, 0xFF, 0xEE, 
	0x9D, 0xDD, 0xDD, 0xD9, 0xCC, 0xCC, 0xCB, 0x8A, 0x64, 0x64, 0x68, 0xC8, 0xA4, 0x66, 0x64, 0x66, 
	0xB8, 0xC8, 0xCD, 0xDE, 0xDD, 0xD9, 0xDD, 0xDE, 0xEE, 0xDE, 0xEE, 0xEE, 0xEE, 0xEE, 0xEE, 0xFE, 
	0xFE, 0xED, 0x99, 0x88, 0x77, 0x88, 0x9E, 0xDE, 0xEE, 0xEE, 0xEE, 0xEE, 0xDE, 0xEE, 0xEE, 0xEE, 
	0xFE, 0xFE, 0xED, 0xED, 0xDD, 0xDC, 0xDD, 0xD9, 0x98, 0x88, 0x88, 0x9D, 0xDC, 0xDD, 0xEE, 0xEF, 
	0xEE, 0xEE, 0xEE, 0xEE, 0xEF, 0xFE, 0xEE, 0xEE, 0xDD, 0xD9, 0x99, 0x9D, 0xDD, 0xDE, 0xED, 0xEE, 
	0xEE, 0xEE, 0xEE, 0xEE, 0xEE, 0xCD, 0xED, 0xDC, 0xCD, 0xEE, 0xEE, 0xEE, 0xEE, 0xEE, 0xED, 0xDC, 
	0x88, 0x88, 0x56, 0x66, 0x44, 0x64, 0x66, 0x66, 0x46, 0xAA, 0x8C, 0xCD, 0xCD, 0xC9, 0xDD, 0xDE, 
	0xEE, 0xFE, 0xEF, 0xEF, 0xFF, 0xFF, 0xFF, 0xFF, 0xFE, 0xEE, 0xEE, 0xEE, 0xFE, 0xEE, 0xEE, 0xEF, 
	0xFF, 0xEE, 0xEE, 0xEE, 0xEE, 0xD9, 0x77, 0x77, 0x57, 0x55, 0x55, 0x66, 0x55, 0x55, 0x75, 0x77, 
	0x77, 0x77, 0x78, 0x97, 0x99, 0xDD, 0xDE, 0xDE, 0xEF, 0xEE, 0xEE, 0xFE, 0xFF, 0xFF, 0xFF, 0xEE, 
	0xDD, 0x99, 0x9D, 0xDD, 0xC8, 0x67, 0x53, 0x33, 0x44, 0x46, 0x68, 0xCD, 0x88, 0xA8, 0xA5, 0x48, 
	0xDE, 0xFE, 0xFF, 0xFE, 0xEE, 0xED, 0xED, 0xEE, 0xEE, 0xDE, 0xDD, 0xEE, 0xEE, 0xEE, 0xEF, 0xFF, 
	0xFE, 0xED, 0xC8, 0x87, 0x66, 0x88, 0x9D, 0xDE, 0xEE, 0xEE, 0xEE, 0xDD, 0xDD, 0xDE, 0xDD, 0xED, 
	0xDD, 0xDD, 0xC9, 0xCD, 0xCC, 0x99, 0x99, 0x89, 0x89, 0x77, 0x78, 0xC8, 0xCC, 0xCD, 0xDE, 0xEE, 
	0xFE, 0xFE, 0xEE, 0xFF, 0xEF, 0xFF, 0xEE, 0xDE, 0xDD, 0xDD, 0xDD, 0xDE, 0xED, 0xEE, 0xEE, 0xDE, 
	0xDE, 0xEE, 0xEE, 0xEE, 0xEE, 0xDC, 0xCC, 0xDC, 0x9C, 0xCD, 0xDE, 0xEE, 0xEE, 0xEE, 0xDC, 0x97, 
	0x86, 0x66, 0x64, 0x34, 0x23, 0x44, 0x6A, 0x6A, 0x64, 0x46, 0x88, 0xC8, 0x9C, 0xDD, 0xEE, 0xEE, 
	0xEF, 0xEE, 0xEF, 0xFE, 0xEE, 0xFF, 0xFF, 0xFF, 0xEE, 0xEE, 0xED, 0xDE, 0xEE, 0xEE, 0xEE, 0xFF, 
	0xFF, 0xEE, 0xDD, 0xEE, 0xEE, 0xD9, 0x77, 0x77, 0x55, 0x75, 0x55, 0x57, 0x77, 0x77, 0x77, 0x99, 
	0x98, 0x55, 0x58, 0x99, 0xDD, 0xEE, 0xEF, 0xEF, 0xFF, 0xEE, 0xFF, 0xFF, 0xFF, 0xFF, 0xFF, 0xFF, 
	0xEE, 0xDD, 0x9D, 0xDD, 0x87, 0x88, 0x75, 0x53, 0x44, 0x46, 0x79, 0xD9, 0x87, 0x66, 0x65, 0x6C, 
	0xEF, 0xFF, 0xFF, 0xFF, 0xFF, 0xFE, 0xEE, 0xEE, 0xEE, 0xED, 0xD9, 0xDE, 0xEE, 0xEE, 0xEE, 0xEE, 
	0xEE, 0xDC, 0x88, 0x66, 0x66, 0x66, 0xCC, 0xDD, 0xDD, 0xED, 0xDD, 0xCC, 0xCC, 0xCD, 0xCC, 0xDC, 
	0xCC, 0xCC, 0x88, 0xB8, 0x88, 0x88, 0x88, 0x88, 0x77, 0x66, 0x6A, 0xBA, 0x88, 0xCC, 0xCD, 0xDD, 
	0xEE, 0xEE, 0xEE, 0xEE, 0xFE, 0xEE, 0xED, 0xDD, 0xED, 0xED, 0xDC, 0xDD, 0xDE, 0xEE, 0xEE, 0xEE, 
	0xEE, 0xEE, 0xEE, 0xDD, 0xDD, 0x98, 0x88, 0x9C, 0x98, 0xCD, 0xDE, 0xEE, 0xEE, 0xED, 0xED, 0x77, 
	0xA6, 0x33, 0x44, 0x46, 0x35, 0x53, 0x46, 0x66, 0x44, 0x46, 0xA8, 0x8C, 0xDD, 0xEE, 0xFF, 0xFF, 
	0xEF, 0xEE, 0xEF, 0xFE, 0xEE, 0xFF, 0xFF, 0xFF, 0xEE, 0xEE, 0xED, 0xDE, 0xEE, 0xEE, 0xEE, 0xFF, 
	0xFF, 0xEE, 0xDD, 0xEE, 0xEE, 0xD9, 0x99, 0x99, 0x77, 0x77, 0x77, 0x77, 0x8C, 0xDD, 0x99, 0x9D, 
	0xD9, 0x75, 0x7C, 0xDD, 0xEE, 0xEF, 0xFF, 0xFF, 0xFF, 0xEE, 0xFF, 0xFF, 0xFF, 0xFF, 0xFF, 0xFF, 
	0xFE, 0xED, 0xDD, 0xDC, 0x89, 0xCD, 0xC9, 0x75, 0x66, 0x6B, 0x99, 0xD9, 0x87, 0x55, 0x57, 0x9D, 
	0xEF, 0xFF, 0xFF, 0xFF, 0xFF, 0xFE, 0xEE, 0xEE, 0xEE, 0xED, 0xD9, 0xDD, 0xEE, 0xEE, 0xDD, 0xED, 
	0xDD, 0xC8, 0x88, 0x66, 0x66, 0x66, 0xCC, 0xDD, 0xDD, 0xDD, 0xDC, 0xCC, 0xCC, 0xCC, 0xCC, 0xC8, 
	0x88, 0x88, 0x88, 0xBA, 0x88, 0x88, 0x88, 0x78, 0x76, 0x66, 0x66, 0x66, 0x88, 0x88, 0x88, 0xCD, 
	0xDD, 0xDD, 0xDD, 0xDE, 0xEE, 0xEE, 0xED, 0xDD, 0xED, 0xED, 0xDC, 0xDD, 0xDE, 0xEE, 0xEE, 0xEE, 
	0xEE, 0xEE, 0xEE, 0xDD, 0xDC, 0x97, 0x77, 0x9C, 0x9C, 0xCD, 0xDE, 0xEE, 0xEE, 0xED, 0xED, 0x77, 
	0x65, 0x33, 0x34, 0x46, 0x66, 0x54, 0x64, 0x56, 0x44, 0x46, 0xA8, 0x8D, 0xDE, 0xEE, 0xFF, 0xFF, 
	0xFE, 0xEE, 0xFE, 0xFF, 0xFF, 0xFF, 0xFF, 0xEE, 0xEE, 0xEE, 0xDE, 0xDE, 0xEE, 0xFE, 0xEE, 0xFF, 
	0xFF, 0xEE, 0xFE, 0xED, 0xEE, 0xED, 0xED, 0xDD, 0x99, 0xDD, 0xDD, 0xD9, 0x9E, 0xEE, 0xDD, 0xDE, 
	0xED, 0x98, 0xCD, 0xEE, 0xFF, 0xFF, 0xFF, 0xFF, 0xFF, 0xFF, 0xFF, 0xFF, 0xFF, 0xFF, 0xFF, 0xFF, 
	0xEF, 0xEE, 0xED, 0xDC, 0x9D, 0xDE, 0xED, 0xDC, 0xCC, 0xCC, 0xDD, 0xDD, 0x99, 0x77, 0x79, 0xDF, 
	0xEF, 0xFF, 0xFF, 0xFF, 0xFE, 0xEE, 0xEE, 0xEF, 0xEE, 0xEE, 0xED, 0xCC, 0xDD, 0xDD, 0xCC, 0xDC, 
	0xCC, 0x8A, 0x66, 0x64, 0x46, 0x6A, 0x8C, 0xDC, 0xDD, 0x99, 0x99, 0x7C, 0xCC, 0x8C, 0xC8, 0x8A, 
	0x77, 0x6A, 0x66, 0xA6, 0x6A, 0x77, 0x77, 0x56, 0x66, 0x64, 0x54, 0x44, 0x66, 0x66, 0x6A, 0x8C, 
	0xCC, 0xCC, 0xCC, 0xCD, 0xDE, 0xED, 0xD9, 0x9D, 0xDD, 0xDD, 0xDD, 0xCC, 0xDD, 0xDD, 0xDE, 0xDD, 
	0xEE, 0xED, 0xDD, 0x99, 0xCC, 0x85, 0x58, 0xCC, 0xCD, 0xDD, 0xDE, 0xEE, 0xEE, 0xEE, 0xED, 0x77, 
	0x65, 0x33, 0x33, 0x6A, 0x87, 0x86, 0x76, 0x53, 0x64, 0x56, 0x78, 0xCC, 0xDD, 0xEE, 0xFE, 0xFF, 
	0xEE, 0xEE, 0xFF, 0xFF, 0xFF, 0xFF, 0xFE, 0xED, 0xED, 0xDD, 0xED, 0xEE, 0xEE, 0xEE, 0xEE, 0xEE, 
	0xEE, 0xFE, 0xFF, 0xFE, 0xEE, 0xEE, 0xFF, 0xFF, 0xEE, 0xFE, 0xEE, 0xEE, 0xEE, 0xEE, 0xEE, 0xFE, 
	0xFE, 0xD9, 0x9E, 0xFF, 0xFF, 0xFF, 0xFF, 0xFF, 0xFF, 0xFF, 0xEF, 0xEE, 0xEF, 0xFF, 0xFF, 0xFF, 
	0xFE, 0xEE, 0xEE, 0xDD, 0xEE, 0xEF, 0xEE, 0xDE, 0xEE, 0xEE, 0xEE, 0xEE, 0xDC, 0x87, 0x7C, 0xEF, 
	0xFE, 0xFF, 0xEF, 0xFF, 0xFF, 0xEE, 0xEE, 0xEE, 0xEE, 0xEE, 0xDE, 0xDD, 0xDC, 0xDC, 0x99, 0x88, 
	0xAA, 0x66, 0x44, 0x44, 0x44, 0x66, 0x66, 0xB8, 0x87, 0x78, 0x77, 0x68, 0x88, 0x76, 0x6A, 0xA8, 
	0x66, 0x66, 0x66, 0x66, 0xA6, 0x66, 0x56, 0x6B, 0x76, 0x66, 0x44, 0x44, 0x24, 0x44, 0x46, 0xAA, 
	0x8A, 0xC8, 0xCC, 0xCC, 0xCD, 0xCD, 0xCC, 0x9C, 0xCC, 0xCC, 0xC9, 0x9B, 0x99, 0x99, 0x9C, 0xDD, 
	0xD9, 0xD9, 0x87, 0x98, 0x88, 0x76, 0x78, 0x89, 0x99, 0xC9, 0xCC, 0xCC, 0x9D, 0xDD, 0xDC, 0x99, 
	0x97, 0x75, 0x55, 0x6B, 0x78, 0x78, 0x78, 0x75, 0x55, 0x66, 0x68, 0x8C, 0xDE, 0xEF, 0xFF, 0xEE, 
	0xEF, 0xEE, 0xEE, 0xEE, 0xFE, 0xEF, 0xEE, 0xDE, 0xDE, 0xED, 0xEE, 0xEE, 0xEE, 0xEF, 0xEF, 0xEE, 
	0xFE, 0xFF, 0xFF, 0xFF, 0xFF, 0xFF, 0xFF, 0xFF, 0xFF, 0xFF, 0xFF, 0xFF, 0xFF, 0xFF, 0xFF, 0xFF, 
	0xFE, 0xED, 0xDE, 0xFE, 0xEF, 0xFF, 0xFF, 0xFF, 0xFE, 0xEE, 0xEE, 0xEE, 0xEF, 0xFF, 0xFF, 0xFE, 
	0xEE, 0xEE, 0xDD, 0xDE, 0xEE, 0xEF, 0xEE, 0xEE, 0xEE, 0xEE, 0xEE, 0xDD, 0xD9, 0x87, 0x9D, 0xEF, 
	0xFF, 0xEE, 0xFE, 0xEE, 0xEE, 0xEE, 0xEE, 0xED, 0xDD, 0xDD, 0xDD, 0xDD, 0xDC, 0xC9, 0x87, 0x75, 
	0x66, 0x44, 0x44, 0x44, 0x44, 0x44, 0x55, 0x77, 0x77, 0x55, 0x75, 0x78, 0x85, 0x55, 0x66, 0x65, 
	0x66, 0x66, 0x65, 0x66, 0x66, 0x66, 0x66, 0xA6, 0x66, 0x56, 0x44, 0x22, 0x22, 0x22, 0x44, 0x66, 
	0x6A, 0xBA, 0xBB, 0xB8, 0xCC, 0xDC, 0xDC, 0x88, 0xC8, 0x88, 0x87, 0x77, 0x77, 0x77, 0x78, 0x99, 
	0x97, 0x97, 0x77, 0x77, 0x65, 0x58, 0x57, 0xA8, 0x87, 0x88, 0x88, 0x99, 0x99, 0x9D, 0xD9, 0x99, 
	0x99, 0x87, 0x53, 0x56, 0x55, 0x77, 0x87, 0x77, 0x56, 0x66, 0xA8, 0x8C, 0xCE, 0xEE, 0xEE, 0xEE, 
	0xEF, 0xEE, 0xEE, 0xEE, 0xFE, 0xEF, 0xEE, 0xDE, 0xDE, 0xED, 0xEE, 0xEE, 0xEE, 0xEF, 0xEF, 0xEE, 
	0xFE, 0xFF, 0xFF, 0xFF, 0xFF, 0xFF, 0xFE, 0xFF, 0xFF, 0xFF, 0xFF, 0xFF, 0xFF, 0xFF, 0xFF, 0xFF, 
	0xFE, 0xEE, 0xEE, 0xFE, 0xEF, 0xFF, 0xFF, 0xFF, 0xFE, 0xEE, 0xEE, 0xEE, 0xEF, 0xFE, 0xFF, 0xFE, 
	0xED, 0xDD, 0xCD, 0xDD, 0xEE, 0xEE, 0xEE, 0xEE, 0xEE, 0xEE, 0xDD, 0xDD, 0xD9, 0xC9, 0xDD, 0xEF, 
	0xFF, 0xEE, 0xFE, 0xEE, 0xEE, 0xEE, 0xED, 0xDD, 0xDD, 0xDD, 0xD9, 0x98, 0xC8, 0x89, 0x77, 0x75, 
	0x54, 0x44, 0x44, 0x44, 0x44, 0x43, 0x55, 0x77, 0x78, 0x77, 0x75, 0x78, 0x87, 0x57, 0x63, 0x33, 
	0x56, 0x66, 0x65, 0x66, 0x66, 0x56, 0x66, 0xA6, 0x66, 0x56, 0x44, 0x22, 0x22, 0x22, 0x44, 0x44, 
	0x46, 0x66, 0xAA, 0xA8, 0xCC, 0xCC, 0xDC, 0x88, 0xC7, 0x77, 0x76, 0x77, 0x77, 0x77, 0x77, 0x77, 
	0x77, 0x77, 0x77, 0x67, 0x65, 0x58, 0x56, 0xA6, 0x87, 0x78, 0x77, 0x79, 0x99, 0x9D, 0xD9, 0x99, 
	0x99, 0x87, 0x53, 0x55, 0x55, 0x77, 0x88, 0x77, 0x56, 0x67, 0xA8, 0x8C, 0xCD, 0xEE, 0xEE, 0xEE, 
	0xFF, 0xFF, 0xEE, 0xEE, 0xEE, 0xEE, 0xEE, 0xEE, 0xEE, 0xEE, 0xEE, 0xEE, 0xEF, 0xEE, 0xFE, 0xFF, 
	0xFF, 0xEF, 0xFF, 0xFF, 0xFF, 0xFF, 0xFF, 0xEF, 0xFF, 0xFF, 0xFF, 0xFF, 0xFF, 0xFF, 0xFF, 0xFF, 
	0xFF, 0xEE, 0xEE, 0xEE, 0xEE, 0xEE, 0xEF, 0xFF, 0xFE, 0xEE, 0xFE, 0xFF, 0xEE, 0xED, 0xEE, 0xED, 
	0xD9, 0x89, 0xDD, 0xCC, 0xDD, 0xED, 0xDD, 0xDD, 0xED, 0xDD, 0x99, 0x99, 0x9D, 0xEE, 0xEE, 0xFE, 
	0xFE, 0xFE, 0xEE, 0xED, 0xDD, 0xDD, 0xD9, 0x99, 0xCC, 0xCC, 0x98, 0x87, 0x87, 0x77, 0x57, 0x76, 
	0x53, 0x33, 0x44, 0x45, 0x45, 0x66, 0x67, 0x7B, 0x8C, 0x99, 0x77, 0x99, 0x99, 0x99, 0x75, 0x32, 
	0x37, 0xA7, 0x43, 0x46, 0x66, 0x66, 0xA8, 0x77, 0x75, 0x34, 0x42, 0x22, 0x22, 0x42, 0x22, 0x22, 
	0x24, 0x44, 0x66, 0x88, 0x88, 0xB8, 0xC8, 0x88, 0x86, 0x57, 0x57, 0x66, 0x75, 0x75, 0x77, 0x77, 
	0x87, 0x77, 0x66, 0x76, 0x55, 0x56, 0x66, 0x66, 0x77, 0x77, 0x77, 0x57, 0x77, 0x89, 0x99, 0x98, 
	0x99, 0x97, 0x55, 0x35, 0x77, 0x77, 0x7C, 0x98, 0x77, 0x77, 0x88, 0x8C, 0xDC, 0xEE, 0xEF, 0xFF, 
	0xEF, 0xEE, 0xEE, 0xED, 0xDE, 0xDD, 0xDD, 0xEE, 0xEE, 0xEE, 0xEE, 0xEE, 0xEE, 0xEF, 0xEE, 0xEE, 
	0xFE, 0xFF, 0xFF, 0xFF, 0xFF, 0xFF, 0xFF, 0xFF, 0xFF, 0xFF, 0xFF, 0xFF, 0xFF, 0xFF, 0xFF, 0xFF, 
	0xFF, 0xEF, 0xEF, 0xEF, 0xFE, 0xFE, 0xEF, 0xFE, 0xEE, 0xEE, 0xEF, 0xEE, 0xEE, 0xEE, 0xEE, 0xEE, 
	0xD9, 0x98, 0x98, 0x8C, 0xDD, 0xC7, 0x9E, 0xEE, 0xEE, 0xED, 0xDE, 0xEE, 0xEE, 0xEF, 0xEF, 0xFF, 
	0xFE, 0xEE, 0xEE, 0xD9, 0xDC, 0x98, 0x78, 0x88, 0x77, 0x78, 0x88, 0x78, 0x98, 0x97, 0x99, 0x78, 
	0x65, 0x35, 0x67, 0x65, 0x6B, 0x8C, 0xC8, 0x89, 0xCD, 0xDD, 0xDD, 0xEE, 0xEE, 0xEE, 0xD9, 0x55, 
	0x68, 0xC8, 0x65, 0x64, 0x66, 0x66, 0xA8, 0x57, 0x68, 0x64, 0x34, 0x22, 0x12, 0x21, 0x22, 0x22, 
	0x24, 0x44, 0x46, 0x6A, 0x77, 0x55, 0x55, 0x78, 0x67, 0x76, 0x55, 0x55, 0x55, 0x55, 0x55, 0x77, 
	0xB6, 0x65, 0x6B, 0x66, 0x55, 0x66, 0xA5, 0x45, 0x45, 0x66, 0x65, 0x55, 0x67, 0x77, 0x77, 0x77, 
	0x77, 0x97, 0x77, 0x57, 0x77, 0x75, 0x78, 0x87, 0x77, 0x8C, 0x98, 0xC9, 0x9C, 0xDE, 0xFE, 0xEF, 
	0xEE, 0xED, 0xED, 0xDE, 0xED, 0xDD, 0xD9, 0xDD, 0xEE, 0xEF, 0xEF, 0xEF, 0xEF, 0xFF, 0xEF, 0xFE, 
	0xFF, 0xFF, 0xFF, 0xFF, 0xFF, 0xFF, 0xFF, 0xFF, 0xFF, 0xFF, 0xFF, 0xFF, 0xFF, 0xFF, 0xFF, 0xFE, 
	0xEE, 0xEE, 0xEE, 0xEF, 0xEF, 0xFE, 0xFE, 0xEE, 0xED, 0xDD, 0xEE, 0xEE, 0xEE, 0xEE, 0xDE, 0xEE, 
	0xDD, 0x99, 0x87, 0x68, 0xDD, 0x99, 0x9E, 0xFF, 0xFF, 0xFE, 0xEE, 0xEF, 0xFE, 0xEE, 0xFE, 0xFE, 
	0xEE, 0xEE, 0xEE, 0xDD, 0xC9, 0x99, 0x88, 0x78, 0x78, 0x88, 0x88, 0x8C, 0xD9, 0x99, 0xD9, 0x89, 
	0x87, 0x57, 0x77, 0x87, 0x78, 0x99, 0xC9, 0x99, 0xDE, 0xDE, 0xEE, 0xEE, 0xEE, 0xED, 0xD9, 0x77, 
	0x89, 0x89, 0x87, 0x43, 0x44, 0x44, 0x66, 0x55, 0x56, 0x64, 0x22, 0x21, 0x12, 0x12, 0x22, 0x44, 
	0x44, 0x44, 0x44, 0x66, 0x67, 0x55, 0x55, 0x55, 0x57, 0x86, 0x55, 0x55, 0x55, 0x55, 0x55, 0x55, 
	0x66, 0x45, 0x66, 0x44, 0x34, 0x56, 0x63, 0x23, 0x34, 0x44, 0x44, 0x66, 0x66, 0x66, 0x77, 0x55, 
	0x77, 0x77, 0x77, 0x67, 0x77, 0x77, 0x98, 0x87, 0x99, 0x99, 0x89, 0xDC, 0x9D, 0xEE, 0xEE, 0xEE, 
	0xED, 0xED, 0xDD, 0xDE, 0xEC, 0xDD, 0xD9, 0x9C, 0xDE, 0xEF, 0xEF, 0xEF, 0xEF, 0xFF, 0xEF, 0xFE, 
	0xFF, 0xFF, 0xFF, 0xFF, 0xFF, 0xFF, 0xFF, 0xFF, 0xFF, 0xFF, 0xFF, 0xFF, 0xFF, 0xFF, 0xFF, 0xFE, 
	0xEE, 0xEE, 0xEE, 0xEF, 0xEF, 0xFE, 0xFE, 0xEE, 0xED, 0xDD, 0xDD, 0xEE, 0xEE, 0xEE, 0xDE, 0xDD, 
	0xDD, 0x89, 0x85, 0x56, 0xDE, 0xEE, 0xEF, 0xFF, 0xFF, 0xFF, 0xFE, 0xEF, 0xFE, 0xEE, 0xFE, 0xFE, 
	0xEE, 0xEE, 0xEE, 0xDD, 0xC9, 0x99, 0x89, 0x78, 0x9C, 0xCC, 0x88, 0xCC, 0xD9, 0x9D, 0xD9, 0xC9, 
	0xC7, 0x77, 0x77, 0x88, 0x78, 0x99, 0xC9, 0x99, 0xDE, 0xDE, 0xEE, 0xEE, 0xEE, 0xED, 0xD9, 0x99, 
	0x99, 0x89, 0x87, 0x43, 0x24, 0x44, 0x44, 0x55, 0x56, 0x64, 0x22, 0x21, 0x12, 0x22, 0x42, 0x46, 
	0x64, 0x44, 0x44, 0xA6, 0x68, 0x55, 0x55, 0x53, 0x57, 0x86, 0x55, 0x55, 0x55, 0x55, 0x55, 0x55, 
	0x55, 0x45, 0x53, 0x44, 0x44, 0x55, 0x43, 0x22, 0x34, 0x44, 0x44, 0x66, 0x66, 0x66, 0x77, 0x55, 
	0x57, 0x57, 0x77, 0x67, 0x77, 0x77, 0x98, 0x87, 0x99, 0x99, 0x89, 0xDC, 0x9D, 0xEE, 0xEE, 0xEE, 
	0xD9, 0xDD, 0x9D, 0xDD, 0xEC, 0xCC, 0xDC, 0xCC, 0x8D, 0xDE, 0xEE, 0xEF, 0xFF, 0xFE, 0xFE, 0xFF, 
	0xFF, 0xFF, 0xFF, 0xFF, 0xFF, 0xFF, 0xFF, 0xFF, 0xFF, 0xFF, 0xFF, 0xFF, 0xFF, 0xFF, 0xFE, 0xEE, 
	0xEE, 0xEE, 0xEE, 0xEE, 0xFF, 0xEF, 0xEF, 0xEF, 0xEE, 0xD9, 0x99, 0xDD, 0xDE, 0xDD, 0xED, 0x99, 
	0x9C, 0x88, 0x75, 0x47, 0xDF, 0xFF, 0xFF, 0xFF, 0xFF, 0xFF, 0xFE, 0xEE, 0xEF, 0xEE, 0xFE, 0xEF, 
	0xEE, 0xED, 0xDD, 0xDC, 0xD8, 0x98, 0x97, 0x89, 0xDD, 0xDD, 0x99, 0x88, 0x9C, 0x9D, 0xDD, 0xDD, 
	0xD8, 0x87, 0x77, 0x7C, 0x97, 0xC9, 0x99, 0x9D, 0xEE, 0xDD, 0xED, 0xDD, 0xDD, 0xD9, 0x99, 0xDC, 
	0xC9, 0x99, 0x77, 0x42, 0x12, 0x22, 0x22, 0x33, 0x33, 0x66, 0x44, 0x22, 0x22, 0x44, 0x64, 0x4A, 
	0xA6, 0x44, 0x66, 0x88, 0xA8, 0x76, 0x57, 0x55, 0x88, 0x65, 0x55, 0x55, 0x55, 0x75, 0x55, 0x53, 
	0x35, 0x44, 0x32, 0x44, 0x44, 0x44, 0x42, 0x22, 0x22, 0x23, 0x44, 0x46, 0x45, 0x66, 0x66, 0x65, 
	0x36, 0x45, 0x66, 0x77, 0x77, 0x99, 0x79, 0x79, 0x79, 0x89, 0x9C, 0xDD, 0xDE, 0xEE, 0xEE, 0xDD, 
	0xDD, 0xDD, 0xD9, 0xC8, 0xCC, 0xCD, 0xCD, 0xDC, 0x88, 0x9D, 0xEE, 0xFE, 0xFE, 0xFF, 0xFF, 0xFF, 
	0xFF, 0xFF, 0xFF, 0xFF, 0xFF, 0xFF, 0xFF, 0xFF, 0xFF, 0xFF, 0xFF, 0xFF, 0xFF, 0xFE, 0xEE, 0xEE, 
	0xDD, 0xDD, 0xDE, 0xEE, 0xEE, 0xEE, 0xED, 0xED, 0xDD, 0x99, 0x99, 0xD9, 0xDD, 0xDD, 0x99, 0x77, 
	0x77, 0x55, 0x65, 0x4A, 0xDE, 0xFE, 0xEF, 0xFF, 0xFF, 0xFE, 0xEE, 0xEE, 0xEE, 0xEE, 0xEE, 0xDD, 
	0xDD, 0x99, 0x9C, 0xDD, 0xD9, 0x99, 0x97, 0x9D, 0xD9, 0x99, 0x97, 0x77, 0x79, 0x9D, 0xDD, 0xDD, 
	0xDD, 0xD9, 0x79, 0xDD, 0x99, 0x99, 0x89, 0x9D, 0xDD, 0xEE, 0xD9, 0x99, 0x99, 0x99, 0x99, 0x88, 
	0xB8, 0x88, 0x77, 0x42, 0x22, 0x22, 0x22, 0x34, 0x66, 0x66, 0xAA, 0x64, 0x21, 0x44, 0x46, 0x64, 
	0x44, 0x45, 0x6A, 0xA8, 0x88, 0x8C, 0x8A, 0xA8, 0x66, 0x66, 0x55, 0x55, 0x55, 0x55, 0x55, 0x53, 
	0x34, 0x34, 0x22, 0x22, 0x22, 0x22, 0x24, 0x22, 0x22, 0x11, 0x22, 0x23, 0x33, 0x36, 0x66, 0x53, 
	0x43, 0x44, 0x45, 0x68, 0x77, 0x7C, 0x99, 0xC9, 0x77, 0x99, 0xDD, 0xDE, 0xEE, 0xEE, 0xDD, 0xDD, 
	0xDD, 0xDE, 0xDD, 0xD8, 0x88, 0x8C, 0x9C, 0xCC, 0x8C, 0xDD, 0xEF, 0xEF, 0xFE, 0xFF, 0xFF, 0xFF, 
	0xFF, 0xFF, 0xFF, 0xFF, 0xFF, 0xFF, 0xFF, 0xEF, 0xEE, 0xEE, 0xEE, 0xEE, 0xEF, 0xEE, 0xED, 0xDD, 
	0x9C, 0xCD, 0xDD, 0xDE, 0xED, 0xD9, 0x99, 0x99, 0x99, 0x9D, 0xDD, 0xDD, 0xEE, 0xD9, 0x99, 0x99, 
	0x88, 0x77, 0x54, 0x48, 0x9D, 0xEE, 0xEE, 0xEF, 0xEE, 0xED, 0xED, 0xDD, 0xDD, 0xDD, 0xDD, 0x99, 
	0x99, 0x99, 0x79, 0x99, 0x9D, 0xDD, 0xD9, 0xDD, 0x9D, 0xDD, 0x99, 0x77, 0x79, 0x9D, 0xED, 0xDD, 
	0xED, 0xED, 0xDD, 0xED, 0xDD, 0x99, 0x99, 0xDD, 0xDD, 0xDD, 0x97, 0x76, 0x55, 0x77, 0x77, 0x66, 
	0x66, 0x66, 0x66, 0x64, 0x44, 0x22, 0x44, 0x66, 0xAA, 0x66, 0x66, 0x42, 0x22, 0x44, 0x46, 0x44, 
	0x44, 0x33, 0x36, 0x67, 0x88, 0x88, 0x88, 0x66, 0x56, 0x88, 0x66, 0x76, 0x77, 0x77, 0x55, 0x53, 
	0x33, 0x33, 0x42, 0x21, 0x22, 0x22, 0x22, 0x22, 0x22, 0x22, 0x22, 0x22, 0x33, 0x33, 0x46, 0x33, 
	0x32, 0x44, 0x34, 0x66, 0x77, 0x78, 0x88, 0x98, 0x79, 0xCD, 0xEE, 0xEF, 0xFF, 0xFF, 0xEE, 0xDD, 
	0xDD, 0xDE, 0xDD, 0xDC, 0x87, 0x78, 0x9C, 0xCC, 0x8C, 0xDD, 0xEF, 0xEF, 0xFE, 0xFF, 0xFF, 0xFF, 
	0xFF, 0xFF, 0xFF, 0xFF, 0xFF, 0xFF, 0xFF, 0xEF, 0xEE, 0xEE, 0xEE, 0xEE, 0xEF, 0xEE, 0xDD, 0x99, 
	0x9C, 0xCD, 0xDD, 0xDE, 0xED, 0x97, 0x77, 0x77, 0x99, 0xDD, 0xEE, 0xEE, 0xEE, 0xD9, 0xDD, 0xDD, 
	0xDC, 0xC7, 0x56, 0x68, 0x9D, 0xDD, 0xEE, 0xEF, 0xEE, 0xED, 0xED, 0xDD, 0xDD, 0xDD, 0x9D, 0x99, 
	0x99, 0x99, 0x79, 0x99, 0x9D, 0xDD, 0xDD, 0xED, 0xDD, 0xDD, 0xDD, 0x99, 0x79, 0x9D, 0xDD, 0xDD, 
	0xED, 0xEE, 0xEE, 0xED, 0xDD, 0x99, 0x99, 0xDD, 0xDD, 0xD9, 0x75, 0x44, 0x23, 0x66, 0x66, 0x46, 
	0x34, 0x46, 0x64, 0x64, 0x44, 0x22, 0x44, 0xA6, 0xA6, 0x66, 0x64, 0x42, 0x22, 0x44, 0x46, 0x44, 
	0x44, 0x33, 0x34, 0x67, 0x88, 0x88, 0x88, 0x66, 0x56, 0x88, 0x87, 0x76, 0x77, 0x77, 0x55, 0x53, 
	0x33, 0x33, 0x42, 0x21, 0x22, 0x22, 0x22, 0x12, 0x12, 0x22, 0x22, 0x22, 0x33, 0x33, 0x44, 0x33, 
	0x32, 0x43, 0x34, 0x55, 0x77, 0x78, 0x78, 0x98, 0x99, 0xDD, 0xEE, 0xEF, 0xFF, 0xFF, 0xFE, 0xDD, 
	0xED, 0xDE, 0xC9, 0x9D, 0x99, 0x89, 0xCD, 0xDC, 0x9D, 0xEE, 0xEE, 0xEF, 0xEF, 0xFE, 0xFF, 0xFF, 
	0xFF, 0xFF, 0xFE, 0xFF, 0xFF, 0xFF, 0xFE, 0xFF, 0xFF, 0xFF, 0xEE, 0xEF, 0xEE, 0xED, 0x99, 0x98, 
	0x88, 0x99, 0xDD, 0xDD, 0xDD, 0x97, 0x77, 0x79, 0x9D, 0xEE, 0xEE, 0xFE, 0xEE, 0xED, 0xEE, 0xEE, 
	0xED, 0xD9, 0x88, 0x77, 0x79, 0x99, 0xDE, 0xEE, 0xEE, 0xED, 0xED, 0xD9, 0xDD, 0x99, 0xDD, 0x9D, 
	0xDD, 0x99, 0x9D, 0xDD, 0xDD, 0xDD, 0xEE, 0xEE, 0xFE, 0xEE, 0xEE, 0xDD, 0x9D, 0xD9, 0x9D, 0x9D, 
	0xDD, 0xDD, 0xED, 0xDE, 0xED, 0xD9, 0x99, 0x99, 0x99, 0xCB, 0x53, 0x22, 0x12, 0x44, 0x44, 0x24, 
	0x22, 0x24, 0x44, 0x44, 0x42, 0x12, 0x24, 0x64, 0x64, 0x44, 0x33, 0x24, 0x22, 0x44, 0x46, 0x44, 
	0x44, 0x44, 0x66, 0x66, 0xA8, 0x87, 0x66, 0x65, 0x78, 0x98, 0x99, 0x87, 0x77, 0x87, 0x55, 0x35, 
	0x33, 0x32, 0x22, 0x22, 0x22, 0x11, 0x11, 0x22, 0x12, 0x12, 0x22, 0x22, 0x22, 0x44, 0x23, 0x42, 
	0x22, 0x23, 0x44, 0x45, 0x56, 0x87, 0x78, 0xC9, 0xDD, 0xEE, 0xEE, 0xEF, 0xFF, 0xFF, 0xEE, 0xEE, 
	0xDD, 0xDC, 0x99, 0x99, 0xCD, 0xDD, 0xED, 0xEE, 0xEE, 0xEE, 0xFF, 0xEE, 0xFF, 0xFF, 0xFF, 0xFF, 
	0xFF, 0xFF, 0xFF, 0xFF, 0xFF, 0xFF, 0xFF, 0xFF, 0xFF, 0xEE, 0xFF, 0xEE, 0xEE, 0xD9, 0x98, 0x8C, 
	0x77, 0x88, 0x77, 0x99, 0xDD, 0xD9, 0xDD, 0xDE, 0xEE, 0xEF, 0xFF, 0xFF, 0xFF, 0xEF, 0xEF, 0xFE, 
	0xEE, 0xDD, 0xED, 0xC9, 0x9D, 0xD9, 0xDE, 0xEE, 0xEE, 0xDD, 0xDD, 0xD9, 0x99, 0x99, 0xCD, 0xDD, 
	0xDD, 0xEE, 0xDE, 0xED, 0xDD, 0xDD, 0xEE, 0xFF, 0xEF, 0xEE, 0xEE, 0xEE, 0xDD, 0xDD, 0xDD, 0x99, 
	0x77, 0x99, 0x99, 0x9D, 0xDD, 0xD9, 0x99, 0x97, 0x77, 0xB6, 0x33, 0x21, 0x12, 0x22, 0x22, 0x22, 
	0x22, 0x21, 0x21, 0x12, 0x22, 0x12, 0x22, 0x22, 0x42, 0x32, 0x32, 0x34, 0x42, 0x22, 0x24, 0x42, 
	0x44, 0x44, 0x66, 0xA6, 0x8A, 0x86, 0x68, 0x8C, 0x89, 0x99, 0xC7, 0x77, 0x77, 0x77, 0x87, 0x75, 
	0x53, 0x33, 0x22, 0x22, 0x11, 0x11, 0x23, 0x33, 0x22, 0x22, 0x22, 0x22, 0x22, 0x22, 0x42, 0x24, 
	0x22, 0x22, 0x23, 0x34, 0x56, 0x6A, 0x88, 0x9D, 0xEE, 0xEE, 0xEF, 0xEE, 0xEE, 0xEE, 0xEE, 0xDD, 
	0x9C, 0x9D, 0x98, 0x8D, 0xDD, 0xDD, 0xDD, 0xEE, 0xEE, 0xEE, 0xEE, 0xFF, 0xFF, 0xFF, 0xFF, 0xFF, 
	0xFF, 0xFF, 0xFF, 0xFE, 0xFF, 0xFF, 0xFF, 0xFF, 0xFF, 0xFF, 0xEF, 0xFE, 0xEE, 0xDD, 0x99, 0x88, 
	0x87, 0x88, 0x77, 0x99, 0xDD, 0xED, 0xEE, 0xEE, 0xDE, 0xEF, 0xFF, 0xFF, 0xFF, 0xEE, 0xEE, 0xEF, 
	0xEE, 0xDD, 0xEE, 0xDD, 0xDE, 0xED, 0xEE, 0xFE, 0xEE, 0xED, 0xDD, 0xDD, 0x99, 0x79, 0x99, 0xDD, 
	0xDD, 0xDD, 0xDE, 0xDE, 0xED, 0xEE, 0xDE, 0xEE, 0xEE, 0xED, 0xED, 0xDD, 0xDD, 0xDD, 0x99, 0x97, 
	0x77, 0x78, 0x89, 0x99, 0xD9, 0x99, 0x99, 0x77, 0x56, 0x63, 0x22, 0x11, 0x11, 0x12, 0x22, 0x22, 
	0x22, 0x11, 0x11, 0x11, 0x12, 0x22, 0x22, 0x11, 0x22, 0x22, 0x22, 0x22, 0x22, 0x22, 0x22, 0x44, 
	0x44, 0x44, 0x46, 0x65, 0x68, 0x65, 0x68, 0x88, 0x88, 0x88, 0x88, 0x55, 0x77, 0x78, 0x99, 0x87, 
	0x55, 0x53, 0x22, 0x21, 0x10, 0x12, 0x46, 0x66, 0x44, 0x32, 0x21, 0x11, 0x11, 0x22, 0x22, 0x22, 
	0x22, 0x24, 0x22, 0x23, 0x44, 0x66, 0x78, 0xCD, 0xDE, 0xEE, 0xEE, 0xEE, 0xEE, 0xDD, 0xDD, 0xC8, 
	0x9C, 0x9D, 0x98, 0x8D, 0xDC, 0xC9, 0xDD, 0xEE, 0xEE, 0xEE, 0xEE, 0xFF, 0xFF, 0xFF, 0xFF, 0xFF, 
	0xFF, 0xFF, 0xFF, 0xFE, 0xFF, 0xFF, 0xFF, 0xFF, 0xFF, 0xFF, 0xEF, 0xFE, 0xEE, 0xED, 0xD9, 0x88, 
	0x87, 0x88, 0x77, 0x99, 0xDD, 0xEE, 0xEE, 0xEE, 0xEE, 0xEF, 0xFF, 0xFF, 0xFF, 0xEE, 0xEE, 0xEF, 
	0xEE, 0xDD, 0xED, 0xED, 0xDE, 0xEE, 0xFE, 0xFE, 0xEE, 0xED, 0xDD, 0xDD, 0x99, 0x79, 0x9D, 0xDD, 
	0xDD, 0xDD, 0xDE, 0xDE, 0xED, 0xEE, 0xDE, 0xEE, 0xEE, 0xED, 0xDD, 0xD9, 0x9D, 0xDD, 0x99, 0x97, 
	0x77, 0x77, 0x89, 0x88, 0x99, 0x98, 0x77, 0x77, 0x56, 0x43, 0x22, 0x11, 0x11, 0x12, 0x22, 0x12, 
	0x22, 0x11, 0x11, 0x11, 0x12, 0x22, 0x12, 0x11, 0x12, 0x22, 0x22, 0x22, 0x12, 0x22, 0x22, 0x44, 
	0x46, 0x44, 0x46, 0x55, 0x67, 0x65, 0x68, 0x88, 0x88, 0x88, 0x77, 0x55, 0x77, 0x78, 0x99, 0xB7, 
	0x55, 0x53, 0x22, 0x21, 0x11, 0x12, 0x66, 0x66, 0x64, 0x32, 0x21, 0x11, 0x11, 0x21, 0x22, 0x22, 
	0x22, 0x24, 0x22, 0x23, 0x44, 0x66, 0x88, 0xCD, 0xDE, 0xEE, 0xEE, 0xEE, 0xDD, 0xCC, 0xCC, 0x8A, 
	0xC8, 0xCC, 0xCC, 0xC9, 0xC9, 0x88, 0xCD, 0xFE, 0xEE, 0xFE, 0xEE, 0xFE, 0xFF, 0xFF, 0xFF, 0xFF, 
	0xFF, 0xFF, 0xFF, 0xEE, 0xEF, 0xFF, 0xFF, 0xFF, 0xFF, 0xFF, 0xFF, 0xFF, 0xEE, 0xEE, 0xED, 0xC8, 
	0x88, 0x8C, 0x99, 0x98, 0x9D, 0xDD, 0xEE, 0xEE, 0xFE, 0xFF, 0xFF, 0xFE, 0xFE, 0xFE, 0xFF, 0xEE, 
	0xFE, 0xEE, 0xDD, 0xDD, 0xEE, 0xEF, 0xEF, 0xEE, 0xFE, 0xDD, 0xCD, 0xD9, 0xD9, 0x99, 0xDD, 0xDE, 
	0xDE, 0xDE, 0xDE, 0xDE, 0xDD, 0xDD, 0xDD, 0xDD, 0xED, 0xED, 0xD9, 0x99, 0x9D, 0xD9, 0x77, 0xB7, 
	0x55, 0x55, 0x67, 0x6A, 0x88, 0x86, 0x56, 0x55, 0x54, 0x42, 0x21, 0x11, 0x11, 0x11, 0x22, 0x11, 
	0x11, 0x11, 0x11, 0x11, 0x11, 0x11, 0x11, 0x11, 0x11, 0x12, 0x22, 0x22, 0x24, 0x44, 0x33, 0x44, 
	0x4A, 0x66, 0x68, 0x88, 0x66, 0x55, 0x68, 0x88, 0x88, 0x76, 0x65, 0x55, 0x55, 0x57, 0x88, 0x87, 
	0x55, 0x53, 0x32, 0x12, 0x11, 0x14, 0x44, 0x33, 0x32, 0x22, 0x22, 0x22, 0x22, 0x22, 0x11, 0x12, 
	0x22, 0x22, 0x22, 0x24, 0x34, 0x46, 0xA8, 0xDD, 0xDD, 0xDE, 0xED, 0xDD, 0xC9, 0x88, 0xBB, 0xA6, 
	0x78, 0x88, 0x8C, 0xDD, 0xDD, 0x99, 0x9D, 0xEF, 0xEE, 0xFE, 0xFF, 0xEF, 0xFF, 0xFF, 0xFF, 0xFF, 
	0xFF, 0xFF, 0xFF, 0xEE, 0xEF, 0xFF, 0xFF, 0xFF, 0xFF, 0xFF, 0xFF, 0xEF, 0xFF, 0xEE, 0xED, 0xDD, 
	0x99, 0xD9, 0x87, 0x87, 0x88, 0x9D, 0xEE, 0xEF, 0xFF, 0xFF, 0xFF, 0xFF, 0xFF, 0xFF, 0xFE, 0xFE, 
	0xEE, 0xED, 0xDD, 0xDD, 0xDE, 0xEF, 0xEE, 0xFE, 0xEE, 0xDD, 0xDD, 0x99, 0xDD, 0xDD, 0xED, 0xED, 
	0xEE, 0xDD, 0xED, 0xED, 0xEE, 0xD9, 0x99, 0x99, 0x99, 0x99, 0x99, 0x99, 0x9D, 0x99, 0x77, 0x64, 
	0x33, 0x46, 0x55, 0x64, 0x66, 0x43, 0x44, 0x32, 0x22, 0x42, 0x12, 0x11, 0x11, 0x11, 0x11, 0x11, 
	0x11, 0x11, 0x11, 0x11, 0x11, 0x11, 0x11, 0x12, 0x12, 0x24, 0x44, 0x66, 0x66, 0x64, 0x44, 0x43, 
	0x66, 0xAA, 0xA8, 0x88, 0x68, 0x44, 0x56, 0xA5, 0x66, 0x56, 0x66, 0x55, 0x55, 0x65, 0x67, 0x55, 
	0x55, 0x33, 0x42, 0x10, 0x10, 0x22, 0x42, 0x22, 0x22, 0x22, 0x22, 0x22, 0x22, 0x24, 0x22, 0x11, 
	0x12, 0x24, 0x22, 0x22, 0x24, 0x46, 0x8C, 0xDC, 0xED, 0xDD, 0xCC, 0xCC, 0xCB, 0x66, 0x46, 0x66, 
	0x56, 0x76, 0x8D, 0xEE, 0xED, 0xDC, 0x9D, 0xDE, 0xFE, 0xEF, 0xFF, 0xFF, 0xFF, 0xFF, 0xFF, 0xFF, 
	0xFF, 0xFF, 0xEE, 0xEE, 0xEE, 0xFF, 0xFF, 0xFF, 0xFF, 0xFF, 0xFF, 0xFF, 0xFE, 0xEE, 0xED, 0xD9, 
	0x9D, 0xC8, 0x77, 0x77, 0x78, 0x8D, 0xEE, 0xFF, 0xFF, 0xFF, 0xFF, 0xFF, 0xEF, 0xEF, 0xFF, 0xFF, 
	0xFE, 0xEE, 0xED, 0xDD, 0xDE, 0xEF, 0xEF, 0xEE, 0xEE, 0xD9, 0x9C, 0x99, 0xC9, 0x9D, 0xDD, 0xDE, 
	0xDD, 0xDD, 0xDD, 0xDD, 0xDD, 0xD9, 0x97, 0x78, 0x77, 0x77, 0x77, 0x77, 0x99, 0x97, 0x75, 0x34, 
	0x44, 0x44, 0x44, 0x44, 0x44, 0x42, 0x22, 0x22, 0x22, 0x21, 0x11, 0x11, 0x11, 0x11, 0x11, 0x11, 
	0x11, 0x11, 0x21, 0x11, 0x11, 0x11, 0x11, 0x11, 0x22, 0x46, 0x66, 0xA6, 0x66, 0x64, 0x45, 0x66, 
	0x6A, 0xAA, 0x8A, 0xA8, 0x6A, 0x64, 0x44, 0x65, 0x64, 0x46, 0x64, 0x44, 0x33, 0x44, 0x46, 0x66, 
	0x44, 0x44, 0x21, 0x10, 0x01, 0x11, 0x22, 0x21, 0x12, 0x22, 0x22, 0x22, 0x44, 0x44, 0x33, 0x22, 
	0x22, 0x22, 0x22, 0x24, 0x44, 0x66, 0x78, 0xCD, 0xDE, 0xED, 0xDC, 0xCC, 0xC8, 0x64, 0x44, 0x66, 
	0x6B, 0x86, 0x8D, 0xDE, 0xED, 0xDC, 0x9D, 0xDE, 0xFE, 0xEF, 0xFF, 0xFF, 0xFF, 0xFF, 0xFF, 0xFF, 
	0xFF, 0xFF, 0xEE, 0xEE, 0xDE, 0xFF, 0xFF, 0xFF, 0xFF, 0xFF, 0xFF, 0xFF, 0xFE, 0xEE, 0xDD, 0xD9, 
	0xDD, 0xC8, 0x77, 0x57, 0x78, 0x8D, 0xEE, 0xFF, 0xFF, 0xFF, 0xFF, 0xFF, 0xEF, 0xEF, 0xFF, 0xFF, 
	0xFE, 0xEE, 0xED, 0xDD, 0xDE, 0xEF, 0xEF, 0xEE, 0xEE, 0xD9, 0x9C, 0x99, 0x89, 0x99, 0xDD, 0xDE, 
	0xDD, 0xDD, 0xDD, 0xDD, 0xDD, 0xD9, 0x97, 0x77, 0x77, 0x55, 0x55, 0x77, 0x88, 0x77, 0x55, 0x34, 
	0x44, 0x44, 0x44, 0x42, 0x44, 0x42, 0x22, 0x22, 0x22, 0x11, 0x11, 0x11, 0x11, 0x11, 0x12, 0x22, 
	0x22, 0x21, 0x22, 0x11, 0x11, 0x11, 0x11, 0x22, 0x22, 0x46, 0x6A, 0xA6, 0x66, 0x64, 0x45, 0x66, 
	0x66, 0xAA, 0x8A, 0x68, 0x66, 0x64, 0x44, 0x55, 0x64, 0x46, 0x64, 0x44, 0x43, 0x44, 0x44, 0x66, 
	0x44, 0x44, 0x21, 0x11, 0x01, 0x11, 0x22, 0x21, 0x12, 0x21, 0x22, 0x22, 0x44, 0x44, 0x33, 0x32, 
	0x22, 0x22, 0x22, 0x24, 0x44, 0x66, 0x78, 0xCD, 0xCD, 0xDC, 0xDC, 0xC8, 0x88, 0x64, 0x44, 0x66, 
	0x8C, 0xC8, 0xCE, 0xDF, 0xEE, 0xDD, 0xDD, 0xDD, 0xEE, 0xEF, 0xFF, 0xFF, 0xFF, 0xFF, 0xFF, 0xFF, 
	0xFF, 0xFF, 0xFE, 0xEE, 0x9E, 0xEF, 0xFF, 0xFF, 0xFF, 0xFF, 0xFF, 0xFF, 0xEE, 0xED, 0xDD, 0xDD, 
	0xED, 0xD8, 0x75, 0x55, 0x57, 0x89, 0xDE, 0xFF, 0xFF, 0xFF, 0xFF, 0xFF, 0xFF, 0xFE, 0xFF, 0xFE, 
	0xFF, 0xFE, 0xEE, 0xEE, 0xEE, 0xEE, 0xEE, 0xED, 0xED, 0xDC, 0x98, 0x77, 0x77, 0x79, 0x99, 0xDD, 
	0xD9, 0xD9, 0x99, 0xDD, 0xC9, 0x99, 0x88, 0x75, 0x66, 0x34, 0x44, 0x56, 0x66, 0x55, 0x33, 0x42, 
	0x43, 0x44, 0x42, 0x22, 0x22, 0x42, 0x22, 0x21, 0x12, 0x11, 0x11, 0x11, 0x12, 0x22, 0x44, 0x44, 
	0x44, 0x42, 0x24, 0x22, 0x22, 0x21, 0x24, 0x44, 0x44, 0x24, 0x57, 0x7A, 0xA4, 0x66, 0x44, 0x46, 
	0x65, 0x66, 0x66, 0xA6, 0x64, 0x44, 0x34, 0x44, 0x43, 0x34, 0x34, 0x56, 0x44, 0x34, 0x43, 0x44, 
	0x64, 0x44, 0x32, 0x21, 0x11, 0x11, 0x24, 0x22, 0x11, 0x11, 0x12, 0x22, 0x22, 0x24, 0x24, 0x32, 
	0x22, 0x23, 0x24, 0x44, 0x44, 0x66, 0x88, 0xCD, 0xDC, 0xCC, 0xCC, 0x86, 0x6A, 0x75, 0x55, 0x67, 
	0xDE, 0xDD, 0xDD, 0xEE, 0xEE, 0xEE, 0xDD, 0xDE, 0xEE, 0xFF, 0xFF, 0xFF, 0xFF, 0xFF, 0xFF, 0xFF, 
	0xFF, 0xFE, 0xEE, 0xED, 0x9D, 0xEF, 0xFF, 0xFF, 0xFF, 0xFF, 0xFF, 0xFF, 0xEE, 0xEE, 0xEE, 0xEE, 
	0xEE, 0xD8, 0x86, 0x65, 0x45, 0x78, 0xDE, 0xEF, 0xFF, 0xFF, 0xFF, 0xFF, 0xFF, 0xFF, 0xFF, 0xFF, 
	0xFF, 0xFF, 0xFE, 0xEE, 0xEE, 0xDD, 0xED, 0xED, 0xDD, 0xD9, 0x87, 0x77, 0x67, 0x77, 0x89, 0x99, 
	0x98, 0x99, 0x99, 0x97, 0x77, 0x87, 0x76, 0x54, 0x33, 0x33, 0x22, 0x23, 0x33, 0x34, 0x32, 0x22, 
	0x32, 0x43, 0x43, 0x44, 0x44, 0x44, 0x42, 0x22, 0x22, 0x12, 0x11, 0x11, 0x24, 0x68, 0x8C, 0xC8, 
	0x88, 0xB6, 0xAA, 0x64, 0x44, 0x44, 0x68, 0xC8, 0xA4, 0x35, 0x78, 0x76, 0x46, 0x44, 0x34, 0x66, 
	0x67, 0x64, 0x33, 0x44, 0x34, 0x34, 0x44, 0x43, 0x43, 0x23, 0x44, 0x66, 0x54, 0x44, 0x34, 0x44, 
	0x44, 0x22, 0x22, 0x10, 0x10, 0x11, 0x24, 0x32, 0x11, 0x11, 0x11, 0x12, 0x22, 0x42, 0x24, 0x44, 
	0x34, 0x64, 0x65, 0x34, 0x65, 0x68, 0x8C, 0xC9, 0x88, 0x8C, 0x8B, 0xB6, 0x87, 0x88, 0x57, 0x57, 
	0xEE, 0xDD, 0xCD, 0xDE, 0xDD, 0xDD, 0xDD, 0xDD, 0xEE, 0xFF, 0xFF, 0xFF, 0xFF, 0xFF, 0xFF, 0xFF, 
	0xFE, 0xEE, 0xEE, 0xD9, 0x9D, 0xEE, 0xFF, 0xFF, 0xFF, 0xEE, 0xEE, 0xFF, 0xFF, 0xFF, 0xFF, 0xFF, 
	0xEE, 0xC9, 0x88, 0x64, 0x57, 0x88, 0xCD, 0xEE, 0xFF, 0xFF, 0xFF, 0xFF, 0xFF, 0xFF, 0xFE, 0xFF, 
	0xEF, 0xEE, 0xEE, 0xEE, 0xDD, 0xDD, 0xDD, 0xDD, 0xDC, 0xC9, 0x88, 0x76, 0x77, 0x77, 0x67, 0x88, 
	0x77, 0x77, 0x88, 0x87, 0x65, 0x55, 0x65, 0x54, 0x33, 0x33, 0x33, 0x33, 0x33, 0x33, 0x23, 0x34, 
	0x32, 0x44, 0x44, 0x44, 0x44, 0x44, 0x44, 0x44, 0x42, 0x22, 0x22, 0x22, 0x46, 0xCD, 0xDE, 0xDD, 
	0xDD, 0xDC, 0xDD, 0xC6, 0x66, 0x66, 0xCD, 0xDC, 0xC8, 0x88, 0x87, 0x6A, 0x64, 0x43, 0x46, 0x6A, 
	0xA6, 0x64, 0x42, 0x22, 0x22, 0x44, 0x33, 0x44, 0x42, 0x24, 0x35, 0x53, 0x33, 0x44, 0x43, 0x22, 
	0x22, 0x21, 0x11, 0x10, 0x00, 0x12, 0x22, 0x22, 0x21, 0x11, 0x12, 0x22, 0x22, 0x22, 0x44, 0x46, 
	0x66, 0x86, 0xA6, 0x66, 0x66, 0x88, 0x88, 0x87, 0x87, 0x88, 0x88, 0x88, 0x88, 0xC9, 0x78, 0x77, 
	0xEE, 0xDD, 0xCC, 0xCD, 0xDD, 0xDC, 0xCD, 0xDD, 0xEE, 0xFF, 0xFF, 0xFF, 0xFE, 0xFF, 0xFF, 0xFF, 
	0xEE, 0xEE, 0xEE, 0xDD, 0xDE, 0xEE, 0xFF, 0xFF, 0xFF, 0xEE, 0xEE, 0xFF, 0xFF, 0xFF, 0xFF, 0xFF, 
	0xEE, 0xC9, 0x88, 0x64, 0x58, 0x88, 0xCD, 0xEE, 0xFF, 0xFF, 0xFF, 0xFF, 0xFF, 0xFE, 0xFE, 0xFF, 
	0xEF, 0xEE, 0xEE, 0xDD, 0xDD, 0xDD, 0xDD, 0xDD, 0xDC, 0x89, 0x8B, 0x76, 0x77, 0x77, 0x67, 0x88, 
	0x75, 0x66, 0x78, 0x87, 0x65, 0x55, 0x65, 0x54, 0x33, 0x33, 0x33, 0x33, 0x33, 0x33, 0x23, 0x34, 
	0x33, 0x44, 0x44, 0x44, 0x46, 0x44, 0x44, 0x44, 0x44, 0x22, 0x24, 0x65, 0x6C, 0xDE, 0xEE, 0xEE, 
	0xEE, 0xEE, 0xEE, 0xDC, 0x98, 0x78, 0xDE, 0xED, 0xCC, 0xCC, 0x87, 0x6A, 0x64, 0x44, 0x46, 0x6A, 
	0xA6, 0x64, 0x42, 0x22, 0x22, 0x42, 0x33, 0x44, 0x42, 0x24, 0x35, 0x53, 0x33, 0x43, 0x43, 0x22, 
	0x21, 0x21, 0x11, 0x10, 0x00, 0x12, 0x22, 0x22, 0x22, 0x21, 0x12, 0x22, 0x22, 0x22, 0x44, 0x46, 
	0x6A, 0x88, 0xA6, 0x66, 0x66, 0x87, 0x88, 0x75, 0x87, 0x87, 0x88, 0x88, 0x88, 0xC9, 0x88, 0x88, 
	0xDD, 0xDD, 0xCC, 0xCC, 0xCD, 0xC9, 0x89, 0x9D, 0xEE, 0xEE, 0xFE, 0xEE, 0xED, 0xEE, 0xEE, 0xEE, 
	0xDE, 0xED, 0xEE, 0xED, 0xEE, 0xEE, 0xEE, 0xEE, 0xEE, 0xEE, 0xEE, 0xFF, 0xEF, 0xFE, 0xFE, 0xFE, 
	0xED, 0x88, 0x66, 0x55, 0x66, 0x88, 0x9D, 0xDE, 0xEF, 0xFE, 0xFF, 0xFE, 0xEE, 0xEE, 0xEE, 0xEE, 
	0xEE, 0xED, 0xED, 0x99, 0x99, 0x99, 0x99, 0xDC, 0x98, 0x77, 0xA7, 0x66, 0xB8, 0x66, 0x66, 0x66, 
	0x64, 0x35, 0x56, 0x66, 0x65, 0x65, 0x43, 0x45, 0x43, 0x33, 0x33, 0x43, 0x43, 0x33, 0x23, 0x33, 
	0x35, 0x56, 0x55, 0x56, 0x57, 0x66, 0x66, 0x66, 0x4A, 0x44, 0x6A, 0x89, 0xDE, 0xEE, 0xEE, 0xEE, 
	0xFE, 0xEF, 0xEE, 0xEE, 0xD9, 0x79, 0xDE, 0xEE, 0xDD, 0xDC, 0x87, 0x86, 0x64, 0x44, 0x66, 0x66, 
	0x66, 0x43, 0x44, 0x42, 0x24, 0x44, 0x43, 0x22, 0x24, 0x44, 0x33, 0x33, 0x33, 0x32, 0x32, 0x22, 
	0x21, 0x11, 0x00, 0x01, 0x01, 0x12, 0x24, 0x43, 0x23, 0x42, 0x22, 0x24, 0x22, 0x24, 0x46, 0x6A, 
	0x67, 0x88, 0x88, 0x78, 0x76, 0x65, 0x66, 0x66, 0x66, 0x67, 0x77, 0x77, 0x77, 0x98, 0xCC, 0xCC, 
	0xDD, 0xC9, 0x88, 0x88, 0xCC, 0xDD, 0x99, 0x9D, 0xDE, 0xDE, 0xDD, 0xD9, 0x97, 0x99, 0x9D, 0xDD, 
	0xDD, 0xDE, 0xDE, 0xEE, 0xED, 0xDD, 0xDD, 0xD9, 0xDD, 0xEE, 0xFE, 0xEF, 0xFE, 0xFF, 0xEF, 0xEE, 
	0xD8, 0x75, 0x55, 0x45, 0x45, 0x78, 0x9C, 0xEE, 0xEE, 0xEE, 0xEE, 0xED, 0xD9, 0xDD, 0xDD, 0xDD, 
	0xDD, 0xDD, 0xCC, 0x88, 0x77, 0x88, 0x8C, 0x98, 0x86, 0x63, 0x34, 0x56, 0x65, 0x46, 0x64, 0x44, 
	0x43, 0x32, 0x33, 0x56, 0x66, 0x53, 0x43, 0x34, 0x32, 0x33, 0x33, 0x55, 0x53, 0x33, 0x33, 0x36, 
	0x55, 0x67, 0x77, 0x67, 0x6B, 0x88, 0x8A, 0x77, 0x87, 0x87, 0x9D, 0xDE, 0xEE, 0xEF, 0xEE, 0xEF, 
	0xEF, 0xFF, 0xFF, 0xEE, 0xD9, 0x79, 0xEE, 0xEE, 0xED, 0xD9, 0x86, 0x66, 0x53, 0x33, 0x45, 0x65, 
	0x53, 0x33, 0x44, 0x44, 0x44, 0x44, 0x43, 0x32, 0x22, 0x44, 0x35, 0x33, 0x33, 0x33, 0x33, 0x22, 
	0x11, 0x01, 0x01, 0x00, 0x11, 0x12, 0x22, 0x34, 0x36, 0x64, 0x44, 0x42, 0x42, 0x34, 0x44, 0x46, 
	0x56, 0x78, 0x88, 0x86, 0xA7, 0x66, 0x46, 0x66, 0x64, 0x66, 0x77, 0x77, 0x77, 0x76, 0x7C, 0x88, 
	0xCC, 0xDC, 0x88, 0x88, 0x88, 0xCC, 0x99, 0xD9, 0x9D, 0x9D, 0x99, 0x97, 0x78, 0x88, 0x9C, 0xCD, 
	0x9D, 0xDD, 0xDD, 0xDD, 0xD9, 0x99, 0x99, 0x99, 0x99, 0xDE, 0xEE, 0xFE, 0xEE, 0xEE, 0xEE, 0xED, 
	0xC7, 0x66, 0x64, 0x55, 0x55, 0x58, 0x89, 0xDD, 0xDD, 0xDD, 0xDD, 0xD9, 0x98, 0x99, 0xCC, 0xCC, 
	0xCC, 0xCC, 0x88, 0x87, 0x68, 0x67, 0x78, 0x76, 0x64, 0x32, 0x32, 0x34, 0x43, 0x34, 0x42, 0x33, 
	0x24, 0x43, 0x23, 0x36, 0x86, 0x55, 0x56, 0x43, 0x32, 0x33, 0x55, 0x57, 0x65, 0x55, 0x55, 0x57, 
	0x77, 0x88, 0x98, 0x88, 0x8C, 0xCC, 0xC8, 0x88, 0xC9, 0x99, 0x99, 0xDD, 0xEE, 0xFE, 0xEE, 0xFF, 
	0xFF, 0xFE, 0xEF, 0xEE, 0xD9, 0x79, 0xDE, 0xED, 0xDD, 0xC7, 0x65, 0x55, 0x33, 0x35, 0x56, 0x55, 
	0x33, 0x55, 0x42, 0x44, 0x35, 0x65, 0x55, 0x32, 0x33, 0x36, 0x55, 0x55, 0x33, 0x34, 0x33, 0x22, 
	0x21, 0x11, 0x11, 0x10, 0x11, 0x11, 0x12, 0x22, 0x34, 0x65, 0x65, 0x33, 0x34, 0x44, 0x44, 0x46, 
	0x66, 0x88, 0xCC, 0x88, 0x86, 0x64, 0x44, 0x44, 0x45, 0x66, 0x6A, 0x66, 0x66, 0x65, 0x78, 0x88, 
	0xCC, 0xDC, 0x88, 0x77, 0x78, 0xC8, 0x99, 0x99, 0x99, 0x99, 0x99, 0x77, 0x77, 0x88, 0x98, 0xCD, 
	0x9D, 0xDD, 0xDD, 0xDD, 0xD9, 0x99, 0x99, 0x99, 0x79, 0xDE, 0xEE, 0xFE, 0xEE, 0xDE, 0xEE, 0xDC, 
	0x87, 0x66, 0x64, 0x55, 0x55, 0x58, 0x89, 0x9D, 0xDD, 0xDD, 0xD9, 0x98, 0x78, 0x77, 0xBC, 0x8C, 
	0xCC, 0xC8, 0x88, 0x87, 0x68, 0x67, 0x57, 0x56, 0x64, 0x32, 0x32, 0x22, 0x22, 0x32, 0x22, 0x33, 
	0x24, 0x44, 0x43, 0x36, 0x86, 0x55, 0x56, 0x43, 0x32, 0x33, 0x55, 0x57, 0x87, 0x76, 0x65, 0x89, 
	0x77, 0xC8, 0x98, 0xC8, 0x8C, 0xCC, 0xC8, 0x88, 0xC9, 0x99, 0x99, 0xDD, 0xEE, 0xFE, 0xEE, 0xFF, 
	0xFF, 0xFE, 0xEF, 0xEE, 0xD9, 0x79, 0xDE, 0xED, 0xCC, 0x87, 0x55, 0x55, 0x55, 0x57, 0x87, 0x55, 
	0x55, 0x55, 0x42, 0x34, 0x35, 0x65, 0x55, 0x33, 0x33, 0x36, 0x75, 0x55, 0x33, 0x34, 0x33, 0x22, 
	0x21, 0x11, 0x11, 0x10, 0x11, 0x01, 0x12, 0x22, 0x44, 0x65, 0x65, 0x33, 0x34, 0x44, 0x44, 0x46, 
	0x66, 0x88, 0xCC, 0x88, 0x86, 0x54, 0x44, 0x44, 0x45, 0x66, 0x6A, 0x66, 0x66, 0x65, 0x77, 0x88, 
	0x99, 0x98, 0x87, 0x55, 0x57, 0x89, 0x88, 0x98, 0x89, 0x89, 0x78, 0x76, 0x55, 0x88, 0x88, 0x8C, 
	0xCD, 0xDE, 0xDD, 0xD9, 0xD9, 0x97, 0x98, 0x87, 0x57, 0xDE, 0xEF, 0xEE, 0xED, 0x9E, 0xED, 0x98, 
	0x76, 0xA6, 0x65, 0x56, 0x67, 0x76, 0x78, 0x89, 0x99, 0x9C, 0xCB, 0x86, 0x66, 0x67, 0x68, 0xA8, 
	0xBB, 0xBC, 0x8C, 0x88, 0x78, 0x77, 0x65, 0x44, 0x54, 0x44, 0x42, 0x22, 0x22, 0x22, 0x23, 0x33, 
	0x45, 0x66, 0x65, 0x46, 0x65, 0x56, 0x56, 0x63, 0x33, 0x36, 0x67, 0x77, 0x98, 0x98, 0x77, 0xCD, 
	0x98, 0xD9, 0xC7, 0x8C, 0xC8, 0x89, 0x99, 0xCC, 0xCC, 0xCD, 0xDD, 0xEE, 0xEE, 0xEF, 0xEF, 0xFE, 
	0xEE, 0xEF, 0xEE, 0xEE, 0xD9, 0x9D, 0xEE, 0xD9, 0x88, 0x65, 0x35, 0x65, 0x77, 0x89, 0xC9, 0x87, 
	0x77, 0x76, 0x53, 0x23, 0x45, 0x66, 0x65, 0x53, 0x33, 0x5B, 0x97, 0x57, 0x56, 0x55, 0x54, 0x33, 
	0x22, 0x11, 0x11, 0x00, 0x10, 0x00, 0x11, 0x24, 0x66, 0x66, 0x75, 0x55, 0x45, 0x66, 0x65, 0x65, 
	0x68, 0x8C, 0xDD, 0xC8, 0x88, 0x63, 0x42, 0x22, 0x33, 0x46, 0x66, 0x65, 0x66, 0x65, 0x55, 0x78, 
	0x9C, 0x89, 0x88, 0x75, 0x55, 0x88, 0x88, 0x87, 0x75, 0x75, 0x66, 0x65, 0x43, 0x68, 0x77, 0x88, 
	0xCD, 0xDE, 0xEE, 0xED, 0xDD, 0xC9, 0x89, 0x77, 0x77, 0x9D, 0xEF, 0xFE, 0xDD, 0x99, 0x98, 0x75, 
	0x75, 0x66, 0x57, 0x77, 0x77, 0x77, 0x77, 0x77, 0x88, 0xC8, 0xA6, 0x64, 0x46, 0x66, 0x66, 0x8A, 
	0xB7, 0x89, 0xCC, 0x99, 0xC9, 0x88, 0x66, 0x64, 0x64, 0x63, 0x44, 0x43, 0x23, 0x44, 0x34, 0x44, 
	0x66, 0x66, 0x46, 0x65, 0x43, 0x34, 0x55, 0x76, 0x77, 0x66, 0x67, 0x79, 0xB9, 0x99, 0x99, 0xCC, 
	0xC9, 0x89, 0x77, 0x77, 0x78, 0xC8, 0x88, 0x8C, 0xCC, 0xCD, 0xEE, 0xEE, 0xEE, 0xEE, 0xEE, 0xEE, 
	0xEE, 0xEE, 0xEE, 0xED, 0xEE, 0xDE, 0xDD, 0xD9, 0x86, 0x53, 0x55, 0x88, 0x99, 0xDD, 0xDD, 0xD9, 
	0xC9, 0x87, 0x75, 0x35, 0x55, 0x68, 0x77, 0x77, 0x77, 0x99, 0x99, 0x97, 0x77, 0x75, 0x55, 0x54, 
	0x44, 0x22, 0x11, 0x11, 0x01, 0x12, 0x23, 0x46, 0x66, 0xB6, 0x67, 0x77, 0x66, 0x66, 0x76, 0xA8, 
	0xCC, 0xCD, 0xDC, 0xD9, 0x87, 0x64, 0x43, 0x22, 0x33, 0x43, 0x46, 0x64, 0x46, 0x66, 0x66, 0x78, 
	0xCD, 0x98, 0x78, 0x85, 0x57, 0x88, 0x67, 0x65, 0x65, 0x65, 0x44, 0x44, 0x46, 0x66, 0x86, 0x8B, 
	0xCC, 0xDE, 0xEE, 0xEE, 0xED, 0xD9, 0x99, 0x99, 0x99, 0x9D, 0xEE, 0xFF, 0xEE, 0xDD, 0x99, 0x87, 
	0x55, 0x55, 0x57, 0x88, 0x88, 0x78, 0x78, 0x78, 0x78, 0x8A, 0x64, 0x44, 0x66, 0x66, 0xAA, 0x88, 
	0x88, 0x99, 0x9D, 0xCC, 0xCC, 0x88, 0xA6, 0x66, 0x46, 0x44, 0x64, 0x44, 0x42, 0x44, 0x66, 0x66, 
	0x66, 0x64, 0x44, 0x44, 0x42, 0x34, 0x45, 0x68, 0x88, 0x87, 0x76, 0x87, 0x79, 0x89, 0x99, 0xC8, 
	0xC8, 0x77, 0x88, 0x76, 0x67, 0x86, 0x66, 0x6B, 0x8C, 0xCD, 0xDE, 0xEE, 0xFE, 0xEE, 0xEE, 0xEE, 
	0xED, 0xED, 0xDD, 0xDD, 0xDD, 0xDD, 0xDD, 0xDD, 0xC8, 0x75, 0x77, 0x79, 0x99, 0xDD, 0xEE, 0xED, 
	0x99, 0x99, 0x87, 0x55, 0x55, 0x57, 0x77, 0x77, 0x97, 0x99, 0xDD, 0x99, 0x99, 0x97, 0x55, 0x33, 
	0x42, 0x22, 0x22, 0x12, 0x12, 0x23, 0x43, 0x33, 0x35, 0x66, 0x66, 0x67, 0x78, 0x88, 0x88, 0x8C, 
	0xCD, 0xDC, 0xDD, 0xDD, 0x98, 0x55, 0x34, 0x32, 0x22, 0x24, 0x44, 0x44, 0x44, 0x44, 0x66, 0x68, 
	0xCD, 0x98, 0x78, 0x85, 0x67, 0x88, 0x66, 0x66, 0x45, 0x45, 0x44, 0x44, 0x46, 0x66, 0x76, 0x8A, 
	0xCC, 0xDE, 0xEE, 0xEE, 0xDD, 0x98, 0x99, 0x99, 0x99, 0x9D, 0xEE, 0xFF, 0xEE, 0xDD, 0x99, 0x87, 
	0x55, 0x55, 0x77, 0xCC, 0xC8, 0x78, 0x78, 0x78, 0x78, 0x86, 0x64, 0x44, 0x66, 0x6A, 0xAB, 0x88, 
	0xCC, 0x99, 0x9D, 0xCC, 0xCC, 0x88, 0xA6, 0x66, 0x46, 0x44, 0x64, 0x44, 0x42, 0x44, 0x66, 0x66, 
	0x66, 0x64, 0x44, 0x44, 0x42, 0x34, 0x45, 0x68, 0x88, 0x87, 0x76, 0x87, 0x78, 0x87, 0x88, 0xC8, 
	0xC8, 0x77, 0x88, 0x86, 0x67, 0x76, 0x65, 0x68, 0x8C, 0xCD, 0xDE, 0xEE, 0xFE, 0xEE, 0xEE, 0xEE, 
	0xED, 0xED, 0xDD, 0xDD, 0xDD, 0xDD, 0xDD, 0xDD, 0xDC, 0x87, 0x87, 0x79, 0x99, 0xDD, 0xEE, 0xED, 
	0xD9, 0xD9, 0xC9, 0x75, 0x55, 0x57, 0x77, 0x77, 0x97, 0x99, 0xDD, 0x99, 0x99, 0x98, 0x55, 0x33, 
	0x42, 0x22, 0x22, 0x22, 0x22, 0x24, 0x43, 0x33, 0x35, 0x66, 0x66, 0x67, 0x78, 0xC8, 0x8C, 0x9C, 
	0xCD, 0xDD, 0xDD, 0xDD, 0x98, 0x56, 0x44, 0x32, 0x22, 0x24, 0x23, 0x44, 0x44, 0x44, 0x66, 0x68, 
	0x9D, 0xD9, 0x98, 0x77, 0x86, 0x76, 0x66, 0x66, 0x44, 0x44, 0x44, 0x44, 0x46, 0x44, 0x57, 0x86, 
	0x8C, 0xDD, 0xEE, 0xDE, 0xCC, 0x77, 0x79, 0x99, 0x9D, 0x9D, 0xEF, 0xFE, 0xEE, 0xDD, 0x99, 0x88, 
	0x57, 0x57, 0x89, 0xDD, 0xD9, 0x99, 0x87, 0x77, 0x78, 0x86, 0x54, 0x66, 0xAA, 0x88, 0x8C, 0xC9, 
	0xDD, 0xDD, 0xDD, 0xD9, 0x99, 0x77, 0x66, 0x54, 0x44, 0x43, 0x43, 0x33, 0x34, 0x44, 0x64, 0x64, 
	0x44, 0x42, 0x22, 0x32, 0x22, 0x22, 0x34, 0x68, 0x78, 0x88, 0x8B, 0x77, 0x88, 0x87, 0x66, 0xBC, 
	0xCC, 0x87, 0x8C, 0xC8, 0xA6, 0x65, 0x55, 0x57, 0x89, 0xCD, 0xDD, 0xEE, 0xEE, 0xEE, 0xEE, 0xED, 
	0xDD, 0xDC, 0xCC, 0x99, 0xCD, 0x99, 0x99, 0xD9, 0xD9, 0x99, 0x77, 0x79, 0x9D, 0xED, 0xEE, 0xEE, 
	0xED, 0xED, 0xD9, 0x97, 0x77, 0x57, 0x77, 0x99, 0x97, 0x99, 0xD9, 0xD9, 0x98, 0x97, 0x75, 0x35, 
	0x44, 0x22, 0x22, 0x22, 0x22, 0x44, 0x45, 0x33, 0x33, 0x55, 0x77, 0x77, 0x8C, 0xDC, 0x9D, 0xC9, 
	0x9D, 0xDE, 0xDD, 0xDD, 0x98, 0x7A, 0x64, 0x22, 0x22, 0x22, 0x42, 0x24, 0x44, 0x44, 0x46, 0x67, 
};
