#include "../include.h"

// format: 16-bit pixel graphics
// image width: 320 pixels
// image height: 240 lines
// image pitch: 640 bytes
const u16 Wall[76800] __attribute__ ((aligned(4))) = {
	0x1084, 0x18A4, 0x1084, 0x1884, 0x1864, 0x1884, 0x1884, 0x1084, 0x1084, 0x1884, 0x1084, 0x1884, 0x1884, 0x20C5, 0x18A5, 0x1084, 
	0x1084, 0x1084, 0x1884, 0x1084, 0x1084, 0x1084, 0x1884, 0x1084, 0x1084, 0x1884, 0x1884, 0x1084, 0x1884, 0x1884, 0x1084, 0x1884, 
	0x1884, 0x1884, 0x1884, 0x1884, 0x1084, 0x1884, 0x1884, 0x1884, 0x1884, 0x1084, 0x1884, 0x1884, 0x1884, 0x1884, 0x1884, 0x1884, 
	0x1884, 0x1884, 0x1884, 0x1884, 0x18A4, 0x18A4, 0x1884, 0x1884, 0x1884, 0x1884, 0x18A4, 0x18A4, 0x1884, 0x18A4, 0x18A4, 0x18A4, 
	0x1884, 0x1884, 0x1884, 0x1884, 0x1884, 0x1884, 0x1884, 0x18A5, 0x20C5, 0x4A2B, 0x2906, 0x1884, 0x1884, 0x1884, 0x1884, 0x1884, 
	0x1884, 0x1884, 0x1884, 0x1884, 0x1884, 0x1884, 0x1884, 0x1884, 0x18A4, 0x18A4, 0x18A4, 0x18A4, 0x1884, 0x1884, 0x18A4, 0x1884, 
	0x18A4, 0x18A4, 0x18A4, 0x18A4, 0x1884, 0x1884, 0x18A4, 0x1884, 0x18A4, 0x18A4, 0x18A4, 0x18A4, 0x1884, 0x1884, 0x18A4, 0x18A4, 
	0x18A4, 0x1884, 0x18A4, 0x18A5, 0x18C5, 0x20C5, 0x28E7, 0x314A, 0x6B34, 0xB59D, 0x6B55, 0x314B, 0x3149, 0x20E6, 0x20A5, 0x20A5, 
	0x18A5, 0x18A5, 0x18A5, 0x18A5, 0x1885, 0x1885, 0x18A5, 0x18A5, 0x18A5, 0x20A5, 0x18A5, 0x20A5, 0x18A5, 0x1885, 0x18A5, 0x18A5, 
	0x20A5, 0x18A5, 0x18A5, 0x18A5, 0x1885, 0x20A5, 0x18A5, 0x18A5, 0x18A5, 0x20A5, 0x20A5, 0x20A5, 0x18A5, 0x18A5, 0x18A5, 0x20A5, 
	0x1885, 0x18A5, 0x18A5, 0x18A5, 0x18A5, 0x20A5, 0x20A5, 0x20A5, 0x20C5, 0x20A5, 0x20A5, 0x20A5, 0x20A5, 0x20A5, 0x20A5, 0x20A5, 
	0x20A5, 0x20C5, 0x20A5, 0x20C5, 0x18A5, 0x20A5, 0x20A5, 0x20A5, 0x20C5, 0x20C5, 0x20A5, 0x20A5, 0x20A5, 0x20A5, 0x20A5, 0x20A5, 
	0x20C5, 0x20A5, 0x20A5, 0x20A5, 0x20A5, 0x20A5, 0x20A5, 0x20A5, 0x20A5, 0x20A5, 0x20A5, 0x20A5, 0x20A5, 0x20C5, 0x20A5, 0x20A5, 
	0x20A5, 0x20A5, 0x20A5, 0x20A5, 0x20A5, 0x20A5, 0x20A5, 0x20A5, 0x20A5, 0x20A5, 0x20A5, 0x20A5, 0x20A5, 0x20A5, 0x20A5, 0x20A5, 
	0x20A5, 0x28C6, 0x28C6, 0x20A6, 0x28C6, 0x28A5, 0x20A5, 0x28A6, 0x28C6, 0x28A6, 0x28C6, 0x28C6, 0x28C6, 0x20C6, 0x28C6, 0x20C6, 
	0x28C6, 0x28C6, 0x28C5, 0x28E6, 0x3107, 0x28E6, 0x28C6, 0x28C5, 0x28C6, 0x28C6, 0x28A6, 0x28A6, 0x28C5, 0x28C6, 0x28C6, 0x30C6, 
	0x30C6, 0x30C6, 0x30C6, 0x30C6, 0x30C6, 0x30C6, 0x30C6, 0x30E7, 0x30C6, 0x30C6, 0x30C7, 0x30C6, 0x38C7, 0x38C7, 0x38C7, 0x40E7, 
	0x40E7, 0x40C7, 0x40C7, 0x40E8, 0x40E7, 0x40E7, 0x40E7, 0x40E8, 0x40C7, 0x38C7, 0x40E7, 0x38C7, 0x40C7, 0x40C7, 0x38C7, 0x38C7, 
	0x38C7, 0x38E7, 0x38C7, 0x38C7, 0x38C7, 0x38C7, 0x30C7, 0x38C7, 0x30C6, 0x30C6, 0x38C6, 0x30C6, 0x30C6, 0x30C6, 0x30C7, 0x30C7, 
	0x30C6, 0x30C6, 0x30A6, 0x30A6, 0x30C6, 0x30A6, 0x30A6, 0x30C6, 0x30C6, 0x30E7, 0x30C6, 0x30C6, 0x30C6, 0x30C6, 0x30C6, 0x30C6, 
	0x18A4, 0x1084, 0x1084, 0x1884, 0x1884, 0x1864, 0x1884, 0x1084, 0x1084, 0x1884, 0x1084, 0x1884, 0x1884, 0x1083, 0x1884, 0x1884, 
	0x1884, 0x1084, 0x1084, 0x1884, 0x1884, 0x1884, 0x1884, 0x1084, 0x1884, 0x18A4, 0x1884, 0x1884, 0x1884, 0x1884, 0x1884, 0x1884, 
	0x1884, 0x1084, 0x1084, 0x1884, 0x1884, 0x1884, 0x1884, 0x1884, 0x1884, 0x1884, 0x1884, 0x1884, 0x1884, 0x1064, 0x1884, 0x1884, 
	0x1884, 0x1884, 0x1884, 0x1884, 0x1884, 0x1884, 0x18C4, 0x3988, 0x2906, 0x18A4, 0x1884, 0x1884, 0x1884, 0x18A4, 0x1884, 0x1884, 
	0x1884, 0x1884, 0x1884, 0x1884, 0x1884, 0x1884, 0x1884, 0x1884, 0x526C, 0xD69D, 0x62EE, 0x1884, 0x1884, 0x1884, 0x18A4, 0x18A4, 
	0x18A4, 0x1884, 0x18A4, 0x18A4, 0x1884, 0x1884, 0x1884, 0x1884, 0x18A4, 0x18A4, 0x1884, 0x1884, 0x1884, 0x1884, 0x18A4, 0x18A4, 
	0x18A4, 0x18A4, 0x18A4, 0x18A4, 0x1884, 0x1884, 0x18A4, 0x18A4, 0x18A4, 0x18A4, 0x1884, 0x18A4, 0x1885, 0x1884, 0x18A4, 0x18A4, 
	0x18A4, 0x18A4, 0x18A4, 0x18A4, 0x18A4, 0x18A5, 0x2907, 0x28E9, 0x316D, 0x4A51, 0x39AE, 0x312A, 0x20E7, 0x18A5, 0x18A5, 0x20A5, 
	0x18A5, 0x1884, 0x18A5, 0x18A5, 0x1885, 0x1885, 0x18A5, 0x18A5, 0x18A5, 0x18A5, 0x1885, 0x18A5, 0x1885, 0x1885, 0x20A5, 0x18A5, 
	0x18A5, 0x20C5, 0x20A5, 0x20A5, 0x18A5, 0x18A5, 0x1885, 0x20A5, 0x18A5, 0x18A5, 0x18A5, 0x18A5, 0x18A5, 0x1885, 0x18A5, 0x18A5, 
	0x20A5, 0x18A5, 0x18A5, 0x18A5, 0x20A5, 0x1885, 0x20A5, 0x18A5, 0x20A5, 0x18A5, 0x20A5, 0x20A5, 0x20A5, 0x20A5, 0x20A5, 0x20A5, 
	0x20A5, 0x20C5, 0x20A5, 0x20A5, 0x20A5, 0x20A5, 0x20C5, 0x20A5, 0x20A5, 0x20C5, 0x20A5, 0x20A5, 0x20A5, 0x20A5, 0x20A5, 0x20A5, 
	0x20A5, 0x20A5, 0x20A5, 0x20A5, 0x20A5, 0x20A5, 0x20A5, 0x20C5, 0x20C5, 0x20A5, 0x20A5, 0x20A5, 0x20A5, 0x20C5, 0x20A5, 0x20A5, 
	0x20C5, 0x20A5, 0x20A5, 0x20A5, 0x20A5, 0x20A5, 0x20A5, 0x20A5, 0x20A5, 0x20A5, 0x20C5, 0x20C5, 0x20A5, 0x20A5, 0x20A6, 0x20A5, 
	0x20C5, 0x28C6, 0x20A6, 0x20A6, 0x28C6, 0x28C5, 0x28C5, 0x28C6, 0x20C6, 0x28A6, 0x28C6, 0x28A5, 0x28C5, 0x28A5, 0x28C6, 0x28C6, 
	0x28C6, 0x28C6, 0x28A6, 0x28C6, 0x28C6, 0x28C6, 0x28C6, 0x30E6, 0x28A6, 0x28C6, 0x28C6, 0x28A6, 0x28C6, 0x30C6, 0x28A6, 0x30C6, 
	0x30E6, 0x28A6, 0x30A6, 0x30C6, 0x30E6, 0x30A6, 0x30C6, 0x30C6, 0x30A6, 0x30C6, 0x30C6, 0x30C6, 0x38C7, 0x38C7, 0x38C7, 0x38C7, 
	0x38E7, 0x40E7, 0x40E7, 0x40E7, 0x40E7, 0x38C7, 0x38C7, 0x38E7, 0x38E7, 0x38C7, 0x38C7, 0x38C7, 0x40E7, 0x40E7, 0x38E7, 0x38C7, 
	0x38C7, 0x38C7, 0x30A6, 0x30C6, 0x38C7, 0x30C6, 0x30C6, 0x38C7, 0x30C6, 0x30C6, 0x38E7, 0x30C6, 0x30C6, 0x30C6, 0x30A6, 0x30C6, 
	0x30C6, 0x30C6, 0x30A6, 0x28A6, 0x30C6, 0x30C6, 0x30C6, 0x30C6, 0x30C6, 0x30C6, 0x28A6, 0x28A6, 0x30A6, 0x30C6, 0x30E6, 0x30C6, 
	0x1084, 0x1084, 0x1884, 0x1884, 0x1884, 0x1884, 0x1884, 0x1084, 0x1084, 0x1884, 0x1884, 0x1884, 0x1884, 0x1064, 0x1884, 0x1884, 
	0x1884, 0x1884, 0x1884, 0x1884, 0x1884, 0x1884, 0x1064, 0x1884, 0x1084, 0x1884, 0x1884, 0x1084, 0x1084, 0x1884, 0x1884, 0x1884, 
	0x1884, 0x1884, 0x1884, 0x1884, 0x1884, 0x1884, 0x1884, 0x1884, 0x1884, 0x1884, 0x1884, 0x1884, 0x1884, 0x1884, 0x1884, 0x1084, 
	0x1884, 0x1884, 0x1884, 0x1884, 0x1884, 0x1864, 0x2927, 0x9454, 0x4A0B, 0x1064, 0x1884, 0x1884, 0x18A4, 0x1884, 0x1884, 0x18A4, 
	0x1884, 0x1884, 0x1884, 0x1884, 0x1884, 0x1884, 0x18A4, 0x1884, 0x41EA, 0x7B90, 0x3988, 0x20A5, 0x18A5, 0x1884, 0x1884, 0x1884, 
	0x1884, 0x1884, 0x1884, 0x18A4, 0x18A4, 0x1884, 0x1884, 0x18A4, 0x1884, 0x18A4, 0x1884, 0x18A4, 0x1884, 0x1884, 0x18A4, 0x1884, 
	0x1884, 0x18A4, 0x18A4, 0x18A4, 0x18A4, 0x1884, 0x18A4, 0x18A4, 0x1884, 0x18A4, 0x18A4, 0x18A4, 0x18A4, 0x18A4, 0x18A4, 0x18A4, 
	0x18A4, 0x18A4, 0x18A4, 0x18A4, 0x18A5, 0x18A5, 0x18C5, 0x20E7, 0x28E9, 0x314A, 0x2929, 0x2908, 0x20E7, 0x18C5, 0x18A5, 0x18A5, 
	0x18A5, 0x18A5, 0x18A5, 0x18A5, 0x18A5, 0x18A5, 0x18A5, 0x18A5, 0x1885, 0x18A5, 0x18A5, 0x18A5, 0x18A5, 0x1885, 0x18A5, 0x1885, 
	0x1885, 0x18A5, 0x20A5, 0x20A5, 0x20A5, 0x20A5, 0x18A5, 0x20A5, 0x18A5, 0x18A5, 0x18A5, 0x18A5, 0x18A5, 0x18A5, 0x20A5, 0x20A5, 
	0x20A5, 0x18A5, 0x18A5, 0x20A5, 0x20C5, 0x20A5, 0x20A5, 0x20A5, 0x20A5, 0x20A5, 0x20A5, 0x20A5, 0x20A5, 0x20A5, 0x20A5, 0x20A5, 
	0x20A5, 0x20A5, 0x20A5, 0x20A5, 0x20A5, 0x20A5, 0x20A5, 0x20A5, 0x20A5, 0x20A5, 0x20A5, 0x20A5, 0x20A5, 0x20A5, 0x20A5, 0x20A5, 
	0x20A5, 0x20A5, 0x20A5, 0x20A5, 0x20A5, 0x20A5, 0x20A5, 0x20A5, 0x20A5, 0x20A5, 0x20A5, 0x20A5, 0x20A5, 0x20A5, 0x20A5, 0x20A5, 
	0x20A5, 0x20A5, 0x20A5, 0x20A5, 0x20C5, 0x20A5, 0x20A5, 0x20A5, 0x20A5, 0x20A5, 0x20A5, 0x20A5, 0x20A5, 0x28C6, 0x20A6, 0x20A6, 
	0x28C6, 0x28C6, 0x20A5, 0x20C6, 0x20A6, 0x28C6, 0x28C6, 0x28C6, 0x28A6, 0x28C6, 0x28C6, 0x28C6, 0x28C6, 0x28C5, 0x28C6, 0x28C6, 
	0x28C6, 0x28C6, 0x28C6, 0x28C6, 0x28C6, 0x28C6, 0x28C6, 0x28C6, 0x28C6, 0x28C6, 0x28C6, 0x28A6, 0x28A6, 0x30C6, 0x30C6, 0x30E7, 
	0x3907, 0x38E7, 0x3907, 0x30C6, 0x30A6, 0x30A6, 0x30E6, 0x30E6, 0x30C6, 0x30C6, 0x30C6, 0x38C7, 0x38C7, 0x38C7, 0x38E7, 0x38E7, 
	0x38C7, 0x38C7, 0x38C7, 0x38E7, 0x38C7, 0x38C7, 0x38C7, 0x38C7, 0x38C7, 0x38E7, 0x38C7, 0x38C7, 0x38C7, 0x38E7, 0x38C7, 0x38C7, 
	0x38E7, 0x38C7, 0x30C6, 0x30C7, 0x30C7, 0x30C6, 0x38C7, 0x38E7, 0x30C6, 0x30C6, 0x30C6, 0x30C6, 0x30C6, 0x30C6, 0x30C6, 0x30C6, 
	0x30C6, 0x30C6, 0x28C6, 0x28C6, 0x30C6, 0x30A6, 0x30C6, 0x30A6, 0x30C6, 0x30C6, 0x30C6, 0x30C6, 0x30C6, 0x30C6, 0x30C6, 0x30A6, 
	0x1884, 0x1084, 0x1884, 0x1084, 0x1084, 0x1084, 0x1084, 0x1884, 0x1884, 0x1084, 0x1884, 0x1084, 0x1884, 0x1884, 0x1884, 0x1884, 
	0x1084, 0x1884, 0x1884, 0x1884, 0x1884, 0x1884, 0x1864, 0x1884, 0x1884, 0x1084, 0x1084, 0x1084, 0x18A4, 0x1084, 0x1084, 0x1884, 
	0x1884, 0x1884, 0x1884, 0x1884, 0x1884, 0x1884, 0x1884, 0x1884, 0x1884, 0x1884, 0x1884, 0x1884, 0x1884, 0x1884, 0x1884, 0x1884, 
	0x1884, 0x18A4, 0x1884, 0x1884, 0x1884, 0x1884, 0x18A5, 0x3147, 0x20C5, 0x18A5, 0x18A4, 0x18A4, 0x1884, 0x1884, 0x1884, 0x1884, 
	0x1884, 0x1884, 0x1884, 0x1884, 0x1884, 0x1884, 0x1884, 0x1885, 0x1884, 0x1884, 0x1884, 0x1884, 0x1884, 0x1884, 0x1884, 0x1884, 
	0x1884, 0x1884, 0x1884, 0x18A4, 0x1884, 0x1884, 0x18A4, 0x18A4, 0x18A4, 0x18A4, 0x1884, 0x18A4, 0x18A4, 0x18A4, 0x18A4, 0x18A4, 
	0x18A4, 0x1884, 0x1884, 0x18A4, 0x18A4, 0x1884, 0x1884, 0x18A4, 0x1884, 0x18A4, 0x18A4, 0x18A4, 0x18A4, 0x18A4, 0x18A4, 0x18A5, 
	0x18A4, 0x18A4, 0x18A4, 0x18A4, 0x18A4, 0x18A5, 0x18A5, 0x18A5, 0x20C6, 0x20C7, 0x18A6, 0x18C6, 0x20C5, 0x18C5, 0x18A5, 0x18A5, 
	0x1885, 0x18A5, 0x18A5, 0x1884, 0x18A5, 0x18A5, 0x1884, 0x18A5, 0x18A5, 0x20A5, 0x20A5, 0x18A5, 0x18A4, 0x18A5, 0x18A5, 0x20A5, 
	0x20A5, 0x20A5, 0x18A5, 0x1885, 0x20A5, 0x20A5, 0x18A5, 0x18A5, 0x20A5, 0x18A5, 0x18A5, 0x20A5, 0x18A5, 0x18A5, 0x20A5, 0x18A5, 
	0x18A5, 0x20A5, 0x20A5, 0x20A5, 0x20A5, 0x20A5, 0x18A5, 0x20C5, 0x20A5, 0x20A5, 0x20C5, 0x20A5, 0x20A5, 0x20C5, 0x20A5, 0x20A5, 
	0x20C5, 0x20C5, 0x20A5, 0x20A5, 0x20A5, 0x20A5, 0x20A5, 0x20A5, 0x20A5, 0x20A5, 0x20A5, 0x20A5, 0x20A5, 0x20C5, 0x20A5, 0x20C5, 
	0x20A5, 0x20A5, 0x20A5, 0x20A5, 0x20A5, 0x20A5, 0x20A5, 0x20A5, 0x20A5, 0x20A5, 0x20A5, 0x20A5, 0x20A5, 0x20A5, 0x20A5, 0x20A5, 
	0x20A5, 0x20A5, 0x20A5, 0x20A5, 0x20A5, 0x20A5, 0x20A5, 0x20A5, 0x20C5, 0x20A5, 0x20A5, 0x20A5, 0x20A5, 0x28C6, 0x28C6, 0x20A5, 
	0x28C6, 0x28C6, 0x20C6, 0x28C6, 0x28C6, 0x28A5, 0x28C6, 0x28C6, 0x28C6, 0x28C6, 0x28C6, 0x28C6, 0x28C6, 0x28A5, 0x28C6, 0x28C6, 
	0x28A6, 0x28C6, 0x28C6, 0x28E6, 0x28A5, 0x28C6, 0x28C6, 0x28A6, 0x28C6, 0x28C6, 0x28C6, 0x30E6, 0x28A6, 0x30C6, 0x3907, 0x3928, 
	0x28A6, 0x30C6, 0x3907, 0x30C6, 0x30C6, 0x30C6, 0x38E7, 0x30C6, 0x38C6, 0x30C6, 0x38C7, 0x38E7, 0x38E7, 0x38C7, 0x38E7, 0x38C7, 
	0x38C7, 0x38C7, 0x38E7, 0x38C7, 0x38C7, 0x38E7, 0x38C7, 0x38C6, 0x30C6, 0x30C6, 0x30C6, 0x30C6, 0x38E7, 0x38C7, 0x30C6, 0x30C6, 
	0x30C6, 0x30C6, 0x30C6, 0x30C6, 0x30C7, 0x30A6, 0x30C6, 0x30C6, 0x30C6, 0x30C6, 0x30C6, 0x30C6, 0x30A6, 0x30A6, 0x30C6, 0x30C6, 
	0x30A6, 0x30C6, 0x30C6, 0x30C6, 0x30C6, 0x30A6, 0x30A6, 0x30C6, 0x30C6, 0x30C6, 0x30C6, 0x30C6, 0x30A6, 0x30C6, 0x30C6, 0x38E7, 
	0x1884, 0x1884, 0x1884, 0x1084, 0x1084, 0x1884, 0x1084, 0x1884, 0x1084, 0x1084, 0x1884, 0x1884, 0x1884, 0x1884, 0x1084, 0x1884, 
	0x1884, 0x1884, 0x1884, 0x1884, 0x1884, 0x1884, 0x1884, 0x1884, 0x1884, 0x1084, 0x1884, 0x18A4, 0x18A5, 0x1884, 0x18A4, 0x1884, 
	0x1884, 0x1884, 0x1884, 0x1884, 0x1884, 0x1884, 0x1884, 0x1884, 0x1884, 0x1884, 0x1884, 0x1884, 0x1884, 0x1884, 0x1884, 0x1884, 
	0x18A4, 0x20E5, 0x1884, 0x1884, 0x1884, 0x1084, 0x1884, 0x1884, 0x1884, 0x1884, 0x1884, 0x1884, 0x1884, 0x1884, 0x1884, 0x1884, 
	0x1884, 0x1884, 0x18A4, 0x1884, 0x1884, 0x1884, 0x18A5, 0x1884, 0x20C5, 0x18A5, 0x1884, 0x1064, 0x1884, 0x1884, 0x1884, 0x18A4, 
	0x1884, 0x1884, 0x1884, 0x1884, 0x18A4, 0x18A4, 0x18A4, 0x18A4, 0x1884, 0x1884, 0x18A4, 0x18A4, 0x18A4, 0x18A4, 0x18A4, 0x18A4, 
	0x18A4, 0x1884, 0x18A4, 0x18A4, 0x18A4, 0x18A4, 0x1884, 0x18A4, 0x1884, 0x1884, 0x1884, 0x18A4, 0x18A4, 0x18A4, 0x18A5, 0x1884, 
	0x18A4, 0x20C5, 0x18A5, 0x18A5, 0x1884, 0x18A5, 0x18A5, 0x18A5, 0x20C5, 0x18A5, 0x18A5, 0x20C5, 0x18C5, 0x18A5, 0x18A5, 0x18A5, 
	0x18A5, 0x18A5, 0x18A5, 0x18A5, 0x18A5, 0x1885, 0x18A5, 0x18A5, 0x1885, 0x18A5, 0x18A5, 0x18A5, 0x18A5, 0x20C5, 0x18A5, 0x20A5, 
	0x20A5, 0x20A5, 0x20C5, 0x18A5, 0x1885, 0x18A5, 0x18A5, 0x18A5, 0x20A5, 0x18A5, 0x18A5, 0x18A5, 0x18A5, 0x20A5, 0x20A5, 0x18A5, 
	0x18A5, 0x20A5, 0x18A5, 0x20A5, 0x18A5, 0x20A5, 0x20A5, 0x20A5, 0x20A5, 0x20A5, 0x20A5, 0x20A5, 0x20A5, 0x20C5, 0x20A5, 0x20A5, 
	0x20A5, 0x20A5, 0x20A5, 0x20C5, 0x20C5, 0x20C5, 0x20C5, 0x20A5, 0x20A5, 0x20A5, 0x20A5, 0x20A5, 0x20A5, 0x20C5, 0x20A5, 0x20A5, 
	0x20A5, 0x20A5, 0x20A5, 0x20A5, 0x20C5, 0x20A5, 0x20A5, 0x20A5, 0x20A5, 0x20C5, 0x20C5, 0x20A5, 0x20A5, 0x20A5, 0x20A5, 0x20A5, 
	0x20A5, 0x20A5, 0x20A5, 0x20A5, 0x20A5, 0x20C5, 0x20C5, 0x20A5, 0x20C5, 0x20A5, 0x20A5, 0x20C5, 0x20A5, 0x20A5, 0x20C5, 0x20A5, 
	0x20A5, 0x20A5, 0x28C5, 0x28C6, 0x28C6, 0x28A6, 0x28C6, 0x28C6, 0x28A5, 0x28A6, 0x30E6, 0x28C6, 0x28A6, 0x28C6, 0x28C6, 0x28C6, 
	0x28C6, 0x30E6, 0x28C6, 0x28C6, 0x28C6, 0x28C6, 0x30C6, 0x30C6, 0x28C6, 0x30C6, 0x30C6, 0x30C6, 0x30C6, 0x30E7, 0x30C7, 0x30C7, 
	0x30A6, 0x30C7, 0x30C6, 0x30C6, 0x30C6, 0x30A6, 0x38C7, 0x38C7, 0x38C7, 0x38C7, 0x38C7, 0x38E7, 0x38C7, 0x38C7, 0x38E7, 0x38E7, 
	0x38C7, 0x38E7, 0x38E7, 0x30C6, 0x30C6, 0x30C6, 0x38C7, 0x38C7, 0x30C6, 0x30C6, 0x30C6, 0x30C6, 0x30C6, 0x30C6, 0x30C6, 0x30C6, 
	0x30C6, 0x30C6, 0x30C6, 0x30C6, 0x30C6, 0x30C6, 0x30C6, 0x30C6, 0x30C6, 0x30C6, 0x30C6, 0x30C6, 0x30A6, 0x30C6, 0x30C6, 0x30C6, 
	0x30C6, 0x30A6, 0x30C6, 0x28A6, 0x30C6, 0x30C6, 0x30C6, 0x30C6, 0x30A6, 0x30A5, 0x30C6, 0x30C6, 0x30C6, 0x30E6, 0x30C6, 0x30C6, 
	0x1884, 0x1864, 0x1884, 0x1884, 0x1084, 0x1084, 0x1884, 0x1884, 0x1884, 0x1864, 0x1084, 0x1884, 0x1884, 0x10A4, 0x1084, 0x1884, 
	0x1884, 0x1864, 0x1884, 0x1884, 0x1884, 0x1884, 0x1884, 0x1884, 0x1884, 0x1884, 0x1884, 0x28E6, 0x3989, 0x20C5, 0x1084, 0x1084, 
	0x1884, 0x1884, 0x1884, 0x18A4, 0x18A4, 0x1884, 0x1084, 0x1884, 0x1884, 0x1884, 0x1884, 0x1884, 0x1884, 0x1884, 0x1884, 0x1884, 
	0x1884, 0x1884, 0x1884, 0x1884, 0x1884, 0x18A4, 0x1884, 0x1884, 0x18A4, 0x1884, 0x1884, 0x1884, 0x1884, 0x1884, 0x18A4, 0x18A4, 
	0x1884, 0x1884, 0x1884, 0x1884, 0x1884, 0x1884, 0x1884, 0x1884, 0x3168, 0x41CA, 0x18A4, 0x2906, 0x18A4, 0x1884, 0x1884, 0x1884, 
	0x1884, 0x1884, 0x18A4, 0x18A4, 0x18A4, 0x18A4, 0x1884, 0x1884, 0x1884, 0x1884, 0x18A4, 0x1884, 0x18A4, 0x18A4, 0x1884, 0x1884, 
	0x1884, 0x1884, 0x18A5, 0x18A4, 0x18A4, 0x18A4, 0x1884, 0x1884, 0x1884, 0x18A4, 0x18A5, 0x18A4, 0x18A4, 0x18A5, 0x18A5, 0x1884, 
	0x18A5, 0x20C5, 0x1884, 0x18A5, 0x18A5, 0x18A5, 0x18A5, 0x18A5, 0x18C5, 0x20C5, 0x20C5, 0x18A5, 0x18A5, 0x18A5, 0x18A5, 0x18A5, 
	0x18A5, 0x1885, 0x1885, 0x1885, 0x1885, 0x1885, 0x20A5, 0x20A5, 0x20A5, 0x1885, 0x20A5, 0x20A5, 0x20A5, 0x20A5, 0x20A5, 0x18A5, 
	0x1885, 0x18A5, 0x20A5, 0x18A5, 0x1885, 0x18A5, 0x20A5, 0x20A5, 0x20A5, 0x20A5, 0x20A5, 0x18A5, 0x20A5, 0x20A5, 0x20A5, 0x18A5, 
	0x20A5, 0x20A5, 0x20A5, 0x20A5, 0x18A5, 0x20A5, 0x20A5, 0x18A5, 0x20A5, 0x20A5, 0x20A5, 0x20A5, 0x18A5, 0x20A5, 0x20A5, 0x20A5, 
	0x20A5, 0x20A5, 0x20C5, 0x20A5, 0x20A5, 0x20A5, 0x28E6, 0x20C5, 0x20A5, 0x20A5, 0x20A5, 0x20C5, 0x20A5, 0x20A5, 0x20A5, 0x20A5, 
	0x20A5, 0x20A5, 0x20A5, 0x20A5, 0x20C5, 0x20A5, 0x20A5, 0x20A5, 0x20A5, 0x20A5, 0x20A5, 0x20A5, 0x20A5, 0x20A5, 0x20C5, 0x20C5, 
	0x20A5, 0x20A5, 0x20A5, 0x20A5, 0x20A5, 0x20C5, 0x20A5, 0x20A5, 0x20A5, 0x20A5, 0x20A5, 0x20C6, 0x20A5, 0x20A5, 0x28C6, 0x20C6, 
	0x20A5, 0x28C5, 0x28C6, 0x28A6, 0x28A6, 0x28C6, 0x28C6, 0x30C6, 0x28C6, 0x28A6, 0x28A6, 0x28C6, 0x30E6, 0x28E6, 0x28C6, 0x28C6, 
	0x30C6, 0x28C6, 0x28A6, 0x30C6, 0x28C6, 0x28C6, 0x30E6, 0x30C6, 0x30C6, 0x30C6, 0x30C6, 0x30C6, 0x30C6, 0x30C6, 0x30A6, 0x38E7, 
	0x38C7, 0x30C6, 0x30C7, 0x30C7, 0x30C7, 0x30C7, 0x38C7, 0x38E7, 0x38C7, 0x38C7, 0x38E7, 0x38E7, 0x38E7, 0x38E7, 0x38C7, 0x38E7, 
	0x38E7, 0x38E7, 0x38C7, 0x30C6, 0x30C6, 0x30C6, 0x30C6, 0x30C6, 0x30C7, 0x30C6, 0x30C6, 0x30C6, 0x30C6, 0x30C6, 0x30C6, 0x30C6, 
	0x30C6, 0x30C6, 0x30C6, 0x30C6, 0x30C6, 0x30C6, 0x30C6, 0x30C6, 0x30C6, 0x30C6, 0x30C7, 0x30E6, 0x30C6, 0x30C6, 0x30C6, 0x30E6, 
	0x30C6, 0x28A6, 0x30C6, 0x30E7, 0x30C7, 0x28A6, 0x28A6, 0x30C6, 0x28A6, 0x28A6, 0x30C6, 0x30C6, 0x30C6, 0x30C6, 0x30A6, 0x30A6, 
	0x1884, 0x1884, 0x1884, 0x1884, 0x1084, 0x1884, 0x1884, 0x1884, 0x1884, 0x1084, 0x1084, 0x1884, 0x1084, 0x1884, 0x1884, 0x1084, 
	0x1884, 0x1884, 0x1884, 0x1084, 0x1884, 0x1884, 0x1884, 0x1884, 0x1884, 0x1884, 0x1884, 0x20C5, 0x2906, 0x18A4, 0x1884, 0x1884, 
	0x1884, 0x1884, 0x1884, 0x1884, 0x1884, 0x1884, 0x1884, 0x1884, 0x1884, 0x1884, 0x1884, 0x1884, 0x1884, 0x1884, 0x1884, 0x1884, 
	0x1884, 0x1884, 0x1884, 0x1884, 0x1884, 0x18A4, 0x1884, 0x18A4, 0x1884, 0x1884, 0x1884, 0x1884, 0x18A4, 0x1884, 0x1884, 0x18A4, 
	0x1884, 0x1884, 0x1884, 0x1884, 0x1884, 0x1884, 0x1884, 0x1884, 0x2906, 0x2927, 0x20C5, 0x524C, 0x18A5, 0x1884, 0x1884, 0x1884, 
	0x1884, 0x1884, 0x1884, 0x1884, 0x1884, 0x18A4, 0x1884, 0x18A4, 0x1884, 0x1884, 0x1884, 0x1884, 0x18A4, 0x18A4, 0x18A4, 0x1884, 
	0x18A4, 0x1884, 0x1884, 0x1884, 0x1884, 0x18A4, 0x18A4, 0x18A5, 0x18A4, 0x18A4, 0x18A4, 0x18A5, 0x1884, 0x18A4, 0x18A5, 0x18A5, 
	0x18A5, 0x18A5, 0x18A5, 0x18A5, 0x18A5, 0x18A5, 0x20A5, 0x18A5, 0x18A4, 0x18A5, 0x18A5, 0x1884, 0x18A5, 0x18A5, 0x18A5, 0x20A5, 
	0x20A5, 0x18A5, 0x18A5, 0x18A5, 0x1885, 0x1885, 0x20A5, 0x18A5, 0x18A5, 0x1885, 0x1885, 0x18A5, 0x18A5, 0x20A5, 0x20A5, 0x18A5, 
	0x20A5, 0x20A5, 0x20A5, 0x18A5, 0x18A5, 0x20A5, 0x18A5, 0x20A5, 0x20A5, 0x20A5, 0x20A5, 0x18A5, 0x20A5, 0x20A5, 0x20A5, 0x20A5, 
	0x18A5, 0x18A5, 0x20A5, 0x20A5, 0x20A5, 0x20A5, 0x20A5, 0x20A5, 0x20A5, 0x20A5, 0x20A5, 0x20A5, 0x20A5, 0x20A5, 0x20C5, 0x20A5, 
	0x20A5, 0x20A5, 0x20A5, 0x20A5, 0x20A5, 0x20A5, 0x20C5, 0x20A5, 0x20A5, 0x20A5, 0x20A5, 0x20A5, 0x20A5, 0x20A5, 0x20A5, 0x20A5, 
	0x20A5, 0x20A5, 0x20A5, 0x20A5, 0x20A5, 0x20A5, 0x20A5, 0x20A5, 0x20A5, 0x20A5, 0x20A5, 0x20A5, 0x20A5, 0x20A5, 0x20A5, 0x20A5, 
	0x20A5, 0x20A5, 0x20C5, 0x20A5, 0x20C5, 0x20A5, 0x20A5, 0x20C6, 0x20A5, 0x20C5, 0x20A5, 0x28C6, 0x28C6, 0x20A5, 0x20A5, 0x20A5, 
	0x20A5, 0x28C6, 0x28C6, 0x28A6, 0x28A6, 0x30E6, 0x38E7, 0x51AB, 0x3908, 0x30C6, 0x28C6, 0x30C6, 0x30C6, 0x28C6, 0x30C6, 0x30C6, 
	0x30C6, 0x30C6, 0x30C6, 0x30C6, 0x30C6, 0x30C6, 0x30C6, 0x30C6, 0x30C6, 0x30C6, 0x30C6, 0x30A6, 0x38C7, 0x38C7, 0x38C6, 0x38E7, 
	0x38C6, 0x38C7, 0x30C6, 0x38C7, 0x38E7, 0x38E7, 0x38C7, 0x38C7, 0x38C7, 0x38C7, 0x38E7, 0x38C7, 0x38E7, 0x38C7, 0x38C7, 0x38C7, 
	0x30C6, 0x30C6, 0x30C6, 0x30C6, 0x30C6, 0x30C6, 0x30C6, 0x28A6, 0x30C6, 0x30C6, 0x30A6, 0x30C6, 0x30E6, 0x30E6, 0x38E7, 0x30C6, 
	0x30C6, 0x38E7, 0x30C7, 0x30C6, 0x30C6, 0x30C6, 0x30C6, 0x30C6, 0x30C7, 0x30C6, 0x30C6, 0x30C6, 0x30C6, 0x30C6, 0x30C6, 0x30C6, 
	0x30C6, 0x30C6, 0x30C6, 0x30C6, 0x30C7, 0x28A6, 0x30C6, 0x30C6, 0x28C6, 0x28A6, 0x28C6, 0x28A6, 0x30C6, 0x28C6, 0x30A6, 0x30C6, 
	0x1084, 0x1084, 0x1884, 0x1084, 0x1884, 0x1884, 0x1884, 0x1884, 0x1884, 0x1084, 0x1884, 0x18A4, 0x1884, 0x1884, 0x1884, 0x1884, 
	0x1884, 0x1884, 0x1884, 0x1884, 0x1884, 0x1884, 0x1884, 0x1884, 0x1884, 0x1884, 0x1884, 0x1084, 0x1084, 0x1884, 0x1884, 0x1084, 
	0x1884, 0x1884, 0x1884, 0x1884, 0x1884, 0x1884, 0x1884, 0x1884, 0x1884, 0x1884, 0x1884, 0x1884, 0x1884, 0x1884, 0x1884, 0x1884, 
	0x1884, 0x1884, 0x1884, 0x1884, 0x1884, 0x1884, 0x1884, 0x18A4, 0x1884, 0x18A4, 0x1884, 0x1884, 0x18A5, 0x18A4, 0x1884, 0x1884, 
	0x1884, 0x1884, 0x18A4, 0x1884, 0x1884, 0x18A4, 0x1884, 0x18A4, 0x1884, 0x1884, 0x18A4, 0x18A5, 0x1884, 0x1884, 0x1884, 0x1884, 
	0x18A4, 0x1884, 0x18A4, 0x1884, 0x1884, 0x1884, 0x18A4, 0x1884, 0x1884, 0x18A4, 0x1884, 0x1884, 0x18A4, 0x18A4, 0x18A4, 0x1884, 
	0x1884, 0x18A4, 0x18A5, 0x18C5, 0x1884, 0x18A4, 0x18A5, 0x18A4, 0x1884, 0x18A5, 0x18A5, 0x18A5, 0x1884, 0x18A4, 0x18A5, 0x18A5, 
	0x1884, 0x1884, 0x18A5, 0x18A5, 0x1884, 0x18A5, 0x18A5, 0x18A5, 0x18A5, 0x18A5, 0x18A5, 0x1884, 0x18A5, 0x18A5, 0x1885, 0x1885, 
	0x18A5, 0x1885, 0x18A5, 0x18A5, 0x18A5, 0x18A5, 0x18A5, 0x20A5, 0x18A5, 0x18A5, 0x18A5, 0x18A5, 0x20A5, 0x18A5, 0x20A5, 0x18A5, 
	0x18A5, 0x18A5, 0x20C5, 0x20A5, 0x18A5, 0x20A5, 0x18A5, 0x18A5, 0x20A5, 0x18A5, 0x18A5, 0x18A5, 0x20A5, 0x20A5, 0x20A5, 0x18A5, 
	0x20A5, 0x20A5, 0x20A5, 0x20A5, 0x20A5, 0x20A5, 0x18A5, 0x20A5, 0x20A5, 0x20A5, 0x20A5, 0x20A5, 0x20A5, 0x20C5, 0x20C5, 0x20A5, 
	0x20A5, 0x20A5, 0x20A5, 0x20C5, 0x20A5, 0x20A5, 0x20A5, 0x20A5, 0x20A5, 0x20C5, 0x20A5, 0x20A5, 0x20A5, 0x20A5, 0x20A5, 0x20A5, 
	0x20A5, 0x20A5, 0x20A5, 0x20A5, 0x20A5, 0x20C5, 0x20A5, 0x20A5, 0x20A5, 0x20A5, 0x20C5, 0x20A5, 0x20A5, 0x20A5, 0x2085, 0x20A5, 
	0x20C5, 0x20C5, 0x20A5, 0x20A5, 0x20C5, 0x20C5, 0x20C5, 0x20C5, 0x20A5, 0x20C6, 0x20C6, 0x20C5, 0x28C5, 0x20A5, 0x28C6, 0x28C6, 
	0x20A5, 0x20A5, 0x28C6, 0x28C6, 0x30E6, 0x28C6, 0x3928, 0x8B93, 0x498A, 0x30C6, 0x30C6, 0x30C7, 0x30E7, 0x30E7, 0x30A6, 0x28A6, 
	0x30C6, 0x30C6, 0x30C6, 0x30C6, 0x30C6, 0x30C7, 0x30C7, 0x38E7, 0x30C6, 0x30C6, 0x30C7, 0x30A6, 0x38C7, 0x38C7, 0x38E7, 0x38C7, 
	0x38C7, 0x38E7, 0x38C7, 0x38E7, 0x40E7, 0x40E7, 0x40E7, 0x38C7, 0x40E7, 0x38C7, 0x38E7, 0x38C7, 0x38E7, 0x38C7, 0x38C7, 0x30C6, 
	0x30C6, 0x30E7, 0x30C6, 0x30C6, 0x30C6, 0x30C6, 0x30C6, 0x30C6, 0x30E6, 0x30E7, 0x30C6, 0x30E6, 0x30E7, 0x30C6, 0x38E7, 0x30E7, 
	0x30C6, 0x30E7, 0x30C6, 0x30C6, 0x30C7, 0x30C6, 0x30C7, 0x30E7, 0x30C6, 0x30C6, 0x30C6, 0x30C6, 0x28C6, 0x30C6, 0x30C6, 0x28A6, 
	0x30C6, 0x30C6, 0x28A6, 0x28A6, 0x28C6, 0x30C6, 0x30C6, 0x28C6, 0x28C6, 0x28C6, 0x28C6, 0x28A6, 0x28C6, 0x28C6, 0x28C6, 0x28C6, 
	0x1884, 0x1884, 0x1884, 0x1884, 0x1884, 0x1864, 0x1884, 0x1084, 0x1084, 0x1884, 0x1884, 0x1884, 0x1884, 0x1884, 0x1884, 0x1884, 
	0x1884, 0x1884, 0x1884, 0x1884, 0x1884, 0x1864, 0x1884, 0x1884, 0x1884, 0x1884, 0x1884, 0x1884, 0x1884, 0x1884, 0x1884, 0x1884, 
	0x1884, 0x1884, 0x1884, 0x1884, 0x1884, 0x1884, 0x1884, 0x1884, 0x1884, 0x18A4, 0x1884, 0x1884, 0x1884, 0x1884, 0x1884, 0x1884, 
	0x1884, 0x18A4, 0x1884, 0x1884, 0x1884, 0x1884, 0x1884, 0x1884, 0x1884, 0x18A4, 0x18A4, 0x1884, 0x1884, 0x1884, 0x1884, 0x1884, 
	0x1884, 0x1884, 0x1884, 0x1884, 0x1884, 0x1884, 0x1884, 0x1884, 0x1884, 0x1884, 0x18A4, 0x1884, 0x1884, 0x1884, 0x18A4, 0x1884, 
	0x1884, 0x18A4, 0x1884, 0x18A4, 0x1884, 0x1884, 0x18A4, 0x1884, 0x18A4, 0x18A4, 0x18A4, 0x1884, 0x1884, 0x1884, 0x1884, 0x1884, 
	0x18A4, 0x18A4, 0x18A4, 0x18A5, 0x18A5, 0x18A5, 0x18A5, 0x1884, 0x18A5, 0x18A5, 0x1885, 0x1884, 0x1884, 0x18A4, 0x18A5, 0x18A5, 
	0x1884, 0x1884, 0x1885, 0x18A4, 0x18A5, 0x18A5, 0x1885, 0x18A5, 0x18A5, 0x18A5, 0x18A5, 0x18A5, 0x18A5, 0x1885, 0x18A5, 0x18A5, 
	0x1885, 0x18A5, 0x18A5, 0x18A5, 0x18A5, 0x20A5, 0x20A5, 0x20A5, 0x18A5, 0x20A5, 0x20A5, 0x18A5, 0x20A5, 0x1885, 0x18A5, 0x18A5, 
	0x20A5, 0x20A5, 0x20A5, 0x18A5, 0x20A5, 0x20A5, 0x20A5, 0x20A5, 0x18A5, 0x20A5, 0x18A5, 0x18A5, 0x20A5, 0x20A5, 0x20A5, 0x20A5, 
	0x20A5, 0x20A5, 0x20A5, 0x20C5, 0x20A5, 0x20A5, 0x20A5, 0x20A5, 0x20A5, 0x20C5, 0x20A5, 0x20A5, 0x20A5, 0x20A5, 0x20A5, 0x20A5, 
	0x20C5, 0x20C5, 0x20A5, 0x20C5, 0x20A5, 0x20A5, 0x20A5, 0x20A5, 0x20A5, 0x20A5, 0x20A5, 0x20A5, 0x20A5, 0x20A5, 0x20A5, 0x20A5, 
	0x20A5, 0x20C5, 0x20A5, 0x20A5, 0x20A5, 0x20A5, 0x20C5, 0x20C5, 0x20A5, 0x20A5, 0x20A5, 0x20A5, 0x20A5, 0x20A5, 0x20A5, 0x20C5, 
	0x20A5, 0x20A5, 0x20A5, 0x20A5, 0x20A5, 0x20C5, 0x20A5, 0x20A5, 0x20A5, 0x20A5, 0x20A5, 0x20A5, 0x20A5, 0x20A5, 0x28C6, 0x28C6, 
	0x20A6, 0x28A6, 0x28C6, 0x28C6, 0x28A6, 0x30C6, 0x30E7, 0x4169, 0x3907, 0x30C6, 0x30C6, 0x30C6, 0x30C7, 0x30C7, 0x30C6, 0x30C6, 
	0x30C6, 0x30C6, 0x30C6, 0x30C6, 0x30C7, 0x30E7, 0x30C7, 0x38E7, 0x38C7, 0x38C6, 0x38C7, 0x38C7, 0x38C7, 0x38C6, 0x38C7, 0x38C7, 
	0x40E7, 0x38C7, 0x38C7, 0x40E7, 0x40C7, 0x40E7, 0x40E7, 0x38C7, 0x38C7, 0x38C7, 0x38E7, 0x4107, 0x38E7, 0x38E7, 0x38C7, 0x30C6, 
	0x30C6, 0x30C6, 0x30C6, 0x30A6, 0x30C6, 0x30C6, 0x30C6, 0x30C6, 0x30C6, 0x30C6, 0x30C6, 0x30E6, 0x30C6, 0x30A6, 0x38C7, 0x30A6, 
	0x30A6, 0x30C6, 0x30C6, 0x30C6, 0x30C6, 0x30C6, 0x30C6, 0x38E7, 0x518B, 0x4128, 0x30E7, 0x30C6, 0x30A6, 0x30C6, 0x30C6, 0x28A6, 
	0x30C6, 0x28C6, 0x28A6, 0x28C6, 0x28A6, 0x28A6, 0x28C6, 0x28C6, 0x28C6, 0x28C6, 0x28C6, 0x28C6, 0x28A6, 0x28A5, 0x28A5, 0x28C6, 
	0x1884, 0x1884, 0x1084, 0x1884, 0x1084, 0x1864, 0x1884, 0x1884, 0x1084, 0x1884, 0x1084, 0x1884, 0x1864, 0x1864, 0x1884, 0x1884, 
	0x1884, 0x1884, 0x1084, 0x1884, 0x1884, 0x1864, 0x1884, 0x1884, 0x1884, 0x1884, 0x1084, 0x1884, 0x1884, 0x1884, 0x18A4, 0x1884, 
	0x1884, 0x1884, 0x1884, 0x1884, 0x1884, 0x1864, 0x1884, 0x18A4, 0x18A4, 0x18A4, 0x1884, 0x1884, 0x1884, 0x1884, 0x1884, 0x1884, 
	0x18A4, 0x1884, 0x1884, 0x1884, 0x1884, 0x1864, 0x18A4, 0x18A4, 0x18A4, 0x18A4, 0x1884, 0x1884, 0x1884, 0x1884, 0x18A4, 0x1884, 
	0x18A4, 0x18A4, 0x1884, 0x1884, 0x1884, 0x1884, 0x1884, 0x1884, 0x18A5, 0x18A4, 0x1884, 0x18A5, 0x18A4, 0x1884, 0x1884, 0x1884, 
	0x1884, 0x1884, 0x1884, 0x1884, 0x1884, 0x1864, 0x18A4, 0x18A4, 0x18A4, 0x18A4, 0x1884, 0x1884, 0x1884, 0x1884, 0x18A4, 0x1884, 
	0x1884, 0x18A4, 0x18A4, 0x1884, 0x1885, 0x1884, 0x1884, 0x18A5, 0x18A5, 0x18A5, 0x18A5, 0x18A5, 0x18A5, 0x18A4, 0x18A4, 0x18A4, 
	0x18A5, 0x18A5, 0x18A5, 0x18A4, 0x18A5, 0x1885, 0x18A5, 0x18A5, 0x18A5, 0x18A5, 0x18A5, 0x18A5, 0x18A5, 0x1885, 0x20A5, 0x18A5, 
	0x1885, 0x20A5, 0x20A5, 0x18A5, 0x20A5, 0x20A5, 0x1885, 0x18A5, 0x18A5, 0x20A5, 0x18A5, 0x18A5, 0x20A5, 0x20A5, 0x18A5, 0x18A5, 
	0x20A5, 0x20A5, 0x20A5, 0x20A5, 0x18A5, 0x20A5, 0x20A5, 0x20C5, 0x20A5, 0x20A5, 0x18A5, 0x20A5, 0x18A5, 0x18A5, 0x20A5, 0x20A5, 
	0x20A5, 0x20A5, 0x18A5, 0x20A5, 0x20A5, 0x20A5, 0x20A5, 0x20A5, 0x20A5, 0x20A5, 0x20A5, 0x20A5, 0x20A5, 0x20A5, 0x20A5, 0x20A5, 
	0x20A5, 0x20A5, 0x20A5, 0x20A5, 0x20A5, 0x20A5, 0x20A5, 0x20A5, 0x20A5, 0x20A5, 0x20A5, 0x20A5, 0x20A5, 0x20A5, 0x20C5, 0x20C5, 
	0x20A5, 0x20A5, 0x20A5, 0x20A5, 0x20A5, 0x20A5, 0x20A5, 0x20A5, 0x20A5, 0x20A5, 0x20A5, 0x20A5, 0x20A5, 0x20A5, 0x20A5, 0x20C5, 
	0x20C5, 0x20A5, 0x20A5, 0x20C5, 0x20A5, 0x20A5, 0x20C5, 0x20A5, 0x28C6, 0x28C6, 0x20A5, 0x20A5, 0x28C6, 0x20C6, 0x28C6, 0x28A6, 
	0x28C6, 0x28E6, 0x28C6, 0x28C6, 0x28C6, 0x30C6, 0x30C6, 0x30C6, 0x38E7, 0x30C6, 0x30C6, 0x30C7, 0x30C7, 0x30C6, 0x30C6, 0x30C6, 
	0x30C6, 0x30C6, 0x38C7, 0x30C7, 0x38E7, 0x38E7, 0x38C7, 0x38C7, 0x38C7, 0x38C7, 0x38C7, 0x38C7, 0x38E7, 0x38C7, 0x38C7, 0x38C7, 
	0x40E7, 0x40E7, 0x40C7, 0x38C7, 0x40C7, 0x40C7, 0x38C7, 0x38C7, 0x38C7, 0x38C7, 0x38E7, 0x4128, 0x38E7, 0x38C6, 0x30C6, 0x30C6, 
	0x30C6, 0x30C6, 0x30E6, 0x30C6, 0x30C6, 0x30C6, 0x30C6, 0x30C6, 0x28C6, 0x28C6, 0x28C6, 0x3907, 0x4128, 0x4949, 0x51AB, 0x4109, 
	0x38E8, 0x3907, 0x30C6, 0x30C6, 0x30C6, 0x30C6, 0x30A6, 0x4128, 0x7AB1, 0x4969, 0x30C6, 0x30C6, 0x30C6, 0x30C6, 0x30A6, 0x28A6, 
	0x28A6, 0x28A6, 0x28C6, 0x28A6, 0x28A6, 0x28A6, 0x28C6, 0x28C6, 0x28A6, 0x28A5, 0x28A5, 0x28A5, 0x28A5, 0x28A5, 0x28C5, 0x28C5, 
	0x1084, 0x1084, 0x1084, 0x1884, 0x1884, 0x1884, 0x1884, 0x1884, 0x1884, 0x1884, 0x1884, 0x1084, 0x1884, 0x1064, 0x1084, 0x1884, 
	0x1084, 0x1084, 0x1084, 0x1884, 0x1884, 0x1884, 0x1884, 0x1084, 0x1084, 0x1884, 0x1884, 0x1884, 0x1884, 0x1884, 0x1884, 0x1884, 
	0x1884, 0x1884, 0x1884, 0x1884, 0x1884, 0x1884, 0x1884, 0x1884, 0x18A4, 0x1884, 0x1884, 0x1884, 0x1884, 0x1884, 0x1884, 0x1884, 
	0x1884, 0x1884, 0x1884, 0x1884, 0x18A4, 0x1884, 0x1884, 0x1884, 0x1884, 0x1884, 0x1884, 0x1884, 0x1884, 0x1884, 0x1884, 0x1884, 
	0x1884, 0x18A4, 0x1884, 0x1884, 0x1884, 0x1884, 0x18A4, 0x1884, 0x18C5, 0x18A4, 0x1884, 0x18A4, 0x18A4, 0x1884, 0x1884, 0x18A4, 
	0x1884, 0x1884, 0x18A4, 0x1884, 0x1884, 0x1884, 0x1884, 0x18A4, 0x18A4, 0x1884, 0x18A4, 0x1884, 0x18A4, 0x1884, 0x1884, 0x1884, 
	0x1884, 0x1884, 0x18C5, 0x18A5, 0x18A4, 0x18A4, 0x1884, 0x18A5, 0x18A4, 0x1884, 0x18A5, 0x18A4, 0x18A5, 0x1884, 0x18A5, 0x18A5, 
	0x18A4, 0x18A4, 0x1884, 0x18A5, 0x18A5, 0x18A5, 0x18A5, 0x18A5, 0x18A5, 0x18A5, 0x18A5, 0x18A5, 0x20A5, 0x18A5, 0x18A5, 0x18A5, 
	0x18A5, 0x1885, 0x18A5, 0x18A5, 0x18A5, 0x18A5, 0x20A5, 0x20A5, 0x18A5, 0x18A5, 0x18A5, 0x18A5, 0x20A5, 0x18A5, 0x18A5, 0x20A5, 
	0x20C6, 0x20A5, 0x20A5, 0x18A5, 0x18A5, 0x18A5, 0x20A5, 0x20A5, 0x20A5, 0x20A5, 0x18A5, 0x20A5, 0x20A5, 0x20A5, 0x20A5, 0x18A5, 
	0x20A5, 0x20A5, 0x20A5, 0x20A5, 0x20A5, 0x20A5, 0x20A5, 0x20A5, 0x20A5, 0x20A5, 0x20A5, 0x20A5, 0x20A5, 0x20A5, 0x20A5, 0x20A5, 
	0x20A5, 0x20A5, 0x20A5, 0x20A5, 0x20A5, 0x20A5, 0x20A5, 0x20A5, 0x20A5, 0x20C5, 0x20A5, 0x20A5, 0x20A5, 0x20A5, 0x20A5, 0x20C5, 
	0x20A5, 0x20A5, 0x20A5, 0x20A5, 0x20A5, 0x20A5, 0x20A5, 0x20A5, 0x20A5, 0x20A5, 0x20A5, 0x20A5, 0x20A5, 0x20A5, 0x28C6, 0x20A5, 
	0x20A5, 0x20C6, 0x20A5, 0x20C5, 0x20C5, 0x20C5, 0x20A5, 0x20A5, 0x20C5, 0x28C6, 0x20A5, 0x28C6, 0x28C6, 0x28C6, 0x28E6, 0x3107, 
	0x28A6, 0x28C6, 0x28C6, 0x28C6, 0x30C6, 0x30C6, 0x30C6, 0x38E7, 0x38E7, 0x38E7, 0x38C7, 0x38C7, 0x30C7, 0x30A7, 0x38C7, 0x30C6, 
	0x30C6, 0x30C6, 0x30C6, 0x30C7, 0x38C7, 0x38E7, 0x38C7, 0x38C7, 0x38C7, 0x38E7, 0x38E7, 0x38C7, 0x40E7, 0x40C7, 0x40C7, 0x38C7, 
	0x40E8, 0x4108, 0x40E8, 0x40E7, 0x40E7, 0x38C7, 0x38C7, 0x38E7, 0x38C7, 0x38C7, 0x38C7, 0x38C7, 0x38C7, 0x38E7, 0x30C6, 0x30C6, 
	0x30C6, 0x30C6, 0x30A6, 0x30C6, 0x28C6, 0x30C7, 0x30C6, 0x28C6, 0x30C6, 0x28C6, 0x30E6, 0x3907, 0x4129, 0x82F0, 0xB4D6, 0x8B72, 
	0x4929, 0x3907, 0x30E7, 0x28A6, 0x30C7, 0x30C6, 0x30C6, 0x3907, 0x4149, 0x30E7, 0x30C6, 0x30A6, 0x28A6, 0x30C6, 0x28A6, 0x28A6, 
	0x28A6, 0x28C6, 0x28C6, 0x28A6, 0x28A6, 0x28C6, 0x28C6, 0x28C6, 0x28A6, 0x28A6, 0x28A5, 0x28A5, 0x28A5, 0x28A5, 0x28A5, 0x28A5, 
	0x1084, 0x1884, 0x1884, 0x1084, 0x1084, 0x1884, 0x1884, 0x1884, 0x1884, 0x1884, 0x1884, 0x1884, 0x1884, 0x1884, 0x1884, 0x1884, 
	0x1884, 0x1884, 0x1884, 0x1084, 0x1084, 0x1884, 0x1884, 0x1884, 0x1884, 0x1884, 0x1884, 0x1884, 0x1884, 0x1884, 0x1884, 0x1884, 
	0x1884, 0x1884, 0x1884, 0x1884, 0x1884, 0x1884, 0x1884, 0x1884, 0x1884, 0x1884, 0x1884, 0x1884, 0x1884, 0x1884, 0x1884, 0x1884, 
	0x1884, 0x1884, 0x1884, 0x1884, 0x1884, 0x1884, 0x1884, 0x1884, 0x1884, 0x1884, 0x18A4, 0x1884, 0x18A4, 0x1884, 0x1884, 0x1884, 
	0x1884, 0x1884, 0x1884, 0x1884, 0x1884, 0x1884, 0x18A4, 0x1884, 0x1884, 0x1864, 0x1884, 0x18A4, 0x1884, 0x18A4, 0x18A4, 0x18A4, 
	0x1884, 0x1884, 0x1884, 0x18A4, 0x1884, 0x1884, 0x1884, 0x18A4, 0x18A4, 0x18A4, 0x18A4, 0x1884, 0x18A4, 0x1884, 0x1884, 0x18A4, 
	0x18A4, 0x1884, 0x18A5, 0x1884, 0x1884, 0x18A4, 0x1884, 0x1884, 0x18A5, 0x18A5, 0x18A5, 0x1884, 0x1884, 0x1884, 0x1885, 0x18A4, 
	0x1884, 0x18A5, 0x1885, 0x18A5, 0x18A5, 0x18A5, 0x18A5, 0x18A5, 0x1885, 0x18A5, 0x18A5, 0x1885, 0x18A5, 0x1885, 0x20A5, 0x20A5, 
	0x20A5, 0x20A5, 0x18A5, 0x18A5, 0x18A5, 0x1885, 0x20A5, 0x1885, 0x1885, 0x20A5, 0x18A5, 0x18A5, 0x18A5, 0x20A5, 0x18A5, 0x20C6, 
	0x28E7, 0x20C6, 0x20A5, 0x18A5, 0x20A5, 0x20A5, 0x1885, 0x18A5, 0x18A5, 0x20A5, 0x18A5, 0x20A5, 0x20A5, 0x20A5, 0x18A5, 0x20A5, 
	0x20A5, 0x20A5, 0x20A5, 0x18A5, 0x20A5, 0x20A5, 0x18A5, 0x20A5, 0x20A5, 0x20A5, 0x20A5, 0x20A5, 0x20A5, 0x20A5, 0x20A5, 0x20C5, 
	0x20C5, 0x20A5, 0x20A5, 0x20A5, 0x20A5, 0x20A5, 0x20A5, 0x20A5, 0x20A5, 0x20C5, 0x20A5, 0x20A5, 0x20A5, 0x20A5, 0x20A5, 0x20A5, 
	0x20A5, 0x20A5, 0x20A5, 0x20A5, 0x20A5, 0x20A5, 0x20C5, 0x20C5, 0x20A5, 0x20A5, 0x20A5, 0x20A5, 0x28C6, 0x28C6, 0x28E6, 0x20A5, 
	0x20A5, 0x20C5, 0x20C5, 0x20A5, 0x20C5, 0x20A5, 0x20A5, 0x20A5, 0x20C6, 0x20C5, 0x20A5, 0x28C6, 0x28C6, 0x28E7, 0x83F2, 0x8C33, 
	0x3968, 0x30E7, 0x30E6, 0x28A6, 0x30A6, 0x30C6, 0x30E7, 0x38C7, 0x30A6, 0x38E7, 0x38E7, 0x38C7, 0x38C7, 0x38C7, 0x38E7, 0x38C7, 
	0x38C7, 0x38C7, 0x30C6, 0x38C7, 0x38C7, 0x38E7, 0x40E7, 0x40E7, 0x38C7, 0x40C7, 0x40E7, 0x40E8, 0x40E7, 0x40E7, 0x40E7, 0x4108, 
	0x40E8, 0x40E7, 0x40E8, 0x40E7, 0x40E7, 0x38C7, 0x38E7, 0x38C7, 0x30C6, 0x38C7, 0x38E7, 0x30C7, 0x30C6, 0x30C6, 0x30C6, 0x30A6, 
	0x30C6, 0x30C6, 0x28A6, 0x30C6, 0x30C6, 0x3928, 0x30E7, 0x28A6, 0x30C6, 0x30C6, 0x30C6, 0x38E7, 0x518B, 0xB517, 0xEF3D, 0xD65B, 
	0x622D, 0x38E8, 0x30C6, 0x28A6, 0x30A6, 0x30C6, 0x30C6, 0x30C6, 0x28C6, 0x30C6, 0x30C6, 0x28C6, 0x28A6, 0x30C6, 0x30C6, 0x30C6, 
	0x30C6, 0x30C6, 0x30C6, 0x28C6, 0x28A6, 0x28A6, 0x28A5, 0x28C6, 0x28A5, 0x28A5, 0x28C5, 0x20A5, 0x28A5, 0x28C5, 0x28A5, 0x28A5, 
	0x1884, 0x1064, 0x1884, 0x1084, 0x1084, 0x1884, 0x1884, 0x1884, 0x1884, 0x1884, 0x1884, 0x1884, 0x1884, 0x18A4, 0x1884, 0x1884, 
	0x1884, 0x1884, 0x1884, 0x1884, 0x1884, 0x18A4, 0x1884, 0x1884, 0x1884, 0x1884, 0x1884, 0x1884, 0x18A4, 0x1884, 0x1884, 0x1884, 
	0x1884, 0x1884, 0x1884, 0x1884, 0x1884, 0x18A4, 0x1884, 0x1884, 0x1884, 0x1884, 0x1884, 0x1884, 0x1884, 0x18A4, 0x1884, 0x1884, 
	0x1884, 0x1884, 0x1884, 0x1884, 0x1884, 0x18A4, 0x1884, 0x1884, 0x1884, 0x1884, 0x18A4, 0x1884, 0x1884, 0x18A4, 0x20C5, 0x18A4, 
	0x1884, 0x1884, 0x1884, 0x1884, 0x18A4, 0x1884, 0x18A4, 0x1885, 0x1884, 0x1884, 0x18A4, 0x18A4, 0x1884, 0x18A4, 0x18A4, 0x18A4, 
	0x1884, 0x1884, 0x18A4, 0x18A4, 0x18A4, 0x18A4, 0x18A4, 0x18A4, 0x1884, 0x1884, 0x18A4, 0x18A4, 0x18A4, 0x18A4, 0x20C5, 0x20C5, 
	0x18A4, 0x18A5, 0x1884, 0x1884, 0x18A4, 0x18A4, 0x1884, 0x18A5, 0x1884, 0x18A4, 0x18A5, 0x1884, 0x1884, 0x18A5, 0x1885, 0x18A5, 
	0x1885, 0x1885, 0x18A5, 0x1885, 0x1885, 0x18A5, 0x18A5, 0x1885, 0x1885, 0x1885, 0x1885, 0x18A5, 0x18A5, 0x20A5, 0x18A5, 0x1885, 
	0x1885, 0x18A5, 0x18A5, 0x1884, 0x18A5, 0x18A5, 0x18A5, 0x18A5, 0x18A5, 0x20A5, 0x20A5, 0x18A5, 0x18A5, 0x20C5, 0x20A5, 0x20A5, 
	0x20A5, 0x20A5, 0x20A5, 0x18A5, 0x18A5, 0x18A5, 0x20A5, 0x20C5, 0x20A5, 0x20A5, 0x20C5, 0x18A5, 0x20A5, 0x20C5, 0x20A5, 0x20A5, 
	0x20A5, 0x20A5, 0x20A5, 0x20A5, 0x20A5, 0x20A5, 0x20A5, 0x20A5, 0x20A5, 0x20A5, 0x20A5, 0x20A5, 0x20A5, 0x20C5, 0x20A5, 0x20A5, 
	0x20C5, 0x20A5, 0x20A5, 0x20C6, 0x28E6, 0x20A5, 0x20A5, 0x20C5, 0x20A5, 0x20A5, 0x20A5, 0x20A5, 0x20A5, 0x20A5, 0x20A5, 0x20A5, 
	0x20A5, 0x20A5, 0x20A5, 0x20A5, 0x20A5, 0x20A5, 0x20A5, 0x20A5, 0x20A5, 0x20C5, 0x20A5, 0x20C5, 0x20C6, 0x20A5, 0x20A5, 0x20A5, 
	0x20A5, 0x20A5, 0x20A5, 0x20A5, 0x20A5, 0x20A5, 0x20C5, 0x20C5, 0x20C5, 0x20C6, 0x20A5, 0x28C6, 0x28C6, 0x3989, 0xB598, 0xBE1A, 
	0x41AA, 0x28A6, 0x30C6, 0x28C6, 0x30C6, 0x30A6, 0x30C7, 0x38E7, 0x38C7, 0x38C7, 0x40E7, 0x38C7, 0x40E7, 0x38C7, 0x38E7, 0x38C7, 
	0x38E7, 0x38E7, 0x38C7, 0x38E7, 0x38C7, 0x40C7, 0x40E7, 0x40E7, 0x40E7, 0x40C7, 0x40C7, 0x40E8, 0x40E7, 0x40E8, 0x40E7, 0x40C7, 
	0x40E8, 0x40C7, 0x40E7, 0x40E7, 0x38E7, 0x38E7, 0x38C7, 0x38C7, 0x30C6, 0x30C6, 0x30C6, 0x30C6, 0x30C6, 0x30A6, 0x30C6, 0x30A6, 
	0x30C6, 0x30C6, 0x30C6, 0x30C6, 0x28C6, 0x30E6, 0x30C6, 0x28C6, 0x28C6, 0x28C6, 0x30C6, 0x4148, 0x494A, 0xA475, 0xE6DC, 0xC599, 
	0x59AC, 0x3908, 0x30C7, 0x28A6, 0x30C6, 0x30C6, 0x30C6, 0x30C6, 0x28C6, 0x30C6, 0x30C6, 0x28C6, 0x28C6, 0x28C6, 0x30E6, 0x30C6, 
	0x28C6, 0x28A5, 0x28C6, 0x28C6, 0x28A6, 0x28C6, 0x28C6, 0x28E6, 0x28C5, 0x28C6, 0x28C6, 0x20C6, 0x28C5, 0x28C5, 0x28C5, 0x28A5, 
	0x1084, 0x1084, 0x18A4, 0x1884, 0x1884, 0x1884, 0x1084, 0x1884, 0x1884, 0x1884, 0x1884, 0x1884, 0x1884, 0x1884, 0x1084, 0x1884, 
	0x1884, 0x1884, 0x1884, 0x1884, 0x18A4, 0x18A4, 0x1084, 0x1884, 0x1884, 0x1864, 0x18A4, 0x1884, 0x18A4, 0x18A4, 0x1884, 0x1884, 
	0x1884, 0x1884, 0x1884, 0x1884, 0x1884, 0x1884, 0x1884, 0x1884, 0x1884, 0x1884, 0x1884, 0x1884, 0x1884, 0x1884, 0x1884, 0x1884, 
	0x1884, 0x1864, 0x1884, 0x1884, 0x18A4, 0x1884, 0x1884, 0x1884, 0x1884, 0x1884, 0x18A4, 0x18A4, 0x1884, 0x18A5, 0x20E6, 0x18A4, 
	0x1884, 0x1884, 0x18A4, 0x18A4, 0x1884, 0x18A4, 0x1884, 0x1884, 0x20E6, 0x20E6, 0x18A4, 0x18A4, 0x18A5, 0x1884, 0x18A4, 0x1884, 
	0x1884, 0x1884, 0x18A4, 0x18A4, 0x18A4, 0x18A4, 0x18A4, 0x18A4, 0x1884, 0x1884, 0x18A4, 0x18A4, 0x1884, 0x1884, 0x2907, 0x3989, 
	0x18A4, 0x18A5, 0x18A5, 0x1884, 0x18A5, 0x18A4, 0x18A4, 0x18A4, 0x18A4, 0x18A5, 0x18A5, 0x18A5, 0x18A5, 0x18A5, 0x18A5, 0x1885, 
	0x1885, 0x1884, 0x18A5, 0x1885, 0x1885, 0x18A5, 0x18A5, 0x18A5, 0x18A5, 0x1885, 0x18A5, 0x18A5, 0x18A5, 0x18A5, 0x1885, 0x1885, 
	0x1885, 0x18A5, 0x20A5, 0x18A5, 0x20A5, 0x18A5, 0x20A5, 0x20A5, 0x18A5, 0x20A5, 0x20A5, 0x1885, 0x20A5, 0x20A5, 0x18A5, 0x20A5, 
	0x18A5, 0x20A5, 0x20A5, 0x20A5, 0x18A5, 0x18A5, 0x18A5, 0x20C5, 0x20A5, 0x1885, 0x20C5, 0x20A5, 0x20A5, 0x20A5, 0x20C5, 0x20C5, 
	0x20C5, 0x20A5, 0x20A5, 0x20C5, 0x20C5, 0x20A5, 0x20A5, 0x20C5, 0x20C5, 0x20A5, 0x20A5, 0x20A5, 0x20A5, 0x20C5, 0x20C5, 0x20A5, 
	0x20A5, 0x20A5, 0x20C5, 0x20A5, 0x20C6, 0x20A5, 0x20A5, 0x20C5, 0x20A5, 0x20A5, 0x20A5, 0x20A5, 0x20A5, 0x20A5, 0x20C5, 0x20C5, 
	0x20A5, 0x20A5, 0x20A5, 0x20A5, 0x20A5, 0x20A5, 0x20C5, 0x20A5, 0x20A5, 0x20C5, 0x20A5, 0x20C5, 0x20C5, 0x20A5, 0x20A5, 0x20C5, 
	0x20C5, 0x20A5, 0x20A5, 0x28C6, 0x20A5, 0x20A5, 0x20C5, 0x20C5, 0x20C5, 0x20C6, 0x28C6, 0x28C6, 0x28C6, 0x28E6, 0x41CA, 0x41CA, 
	0x30E7, 0x30E7, 0x30E7, 0x30C6, 0x30C6, 0x30C6, 0x38E7, 0x38E7, 0x38C7, 0x38C7, 0x40E8, 0x40E8, 0x40E7, 0x38C7, 0x38C7, 0x38C7, 
	0x38C7, 0x38C7, 0x40E7, 0x38C7, 0x40C7, 0x40E7, 0x40E8, 0x40E8, 0x4908, 0x40E8, 0x40C8, 0x40E8, 0x40E8, 0x40E7, 0x40C7, 0x40C7, 
	0x40E8, 0x40E7, 0x40E7, 0x38C7, 0x38C7, 0x38C7, 0x30C6, 0x30C7, 0x30C7, 0x30C6, 0x30C6, 0x30C6, 0x30C6, 0x30C6, 0x30C6, 0x30C6, 
	0x30C6, 0x28C6, 0x30C6, 0x30C6, 0x28C6, 0x30C6, 0x30C6, 0x30C6, 0x30C6, 0x30C6, 0x30C6, 0x3907, 0x40E8, 0x59CC, 0x8331, 0x620D, 
	0x40E8, 0x3908, 0x30C6, 0x28A6, 0x30C6, 0x30C6, 0x30A6, 0x30E6, 0x30E6, 0x28C6, 0x28C6, 0x28C6, 0x28C6, 0x28C6, 0x30A6, 0x30C7, 
	0x30C6, 0x28A6, 0x28A6, 0x28C6, 0x28C6, 0x28A6, 0x28C6, 0x28E6, 0x28C6, 0x28A6, 0x20A5, 0x20C5, 0x28A5, 0x20C5, 0x28C5, 0x20A5, 
	0x1084, 0x1884, 0x1084, 0x1084, 0x1884, 0x1084, 0x1884, 0x1884, 0x1884, 0x1884, 0x1884, 0x1884, 0x1884, 0x1884, 0x1884, 0x1884, 
	0x1884, 0x1884, 0x1884, 0x1884, 0x1884, 0x1884, 0x1884, 0x1884, 0x1884, 0x1884, 0x1884, 0x1884, 0x1884, 0x1884, 0x1884, 0x1884, 
	0x1884, 0x1884, 0x1884, 0x1884, 0x1884, 0x1884, 0x1884, 0x1884, 0x1884, 0x1884, 0x1884, 0x1884, 0x1884, 0x1884, 0x18A4, 0x1884, 
	0x1884, 0x1884, 0x1884, 0x1884, 0x1884, 0x1884, 0x1884, 0x1884, 0x1884, 0x1884, 0x1884, 0x1884, 0x1884, 0x1884, 0x1884, 0x1884, 
	0x18A4, 0x1884, 0x1884, 0x1884, 0x1884, 0x18A4, 0x18A4, 0x1884, 0x2927, 0x2927, 0x1884, 0x1884, 0x1884, 0x18A4, 0x18A4, 0x18A4, 
	0x18A4, 0x1884, 0x18A4, 0x1884, 0x18A4, 0x1884, 0x1884, 0x1884, 0x18A4, 0x18A4, 0x1884, 0x1884, 0x1884, 0x18A5, 0x18A4, 0x20C5, 
	0x1884, 0x18A5, 0x2906, 0x18A5, 0x1884, 0x18A5, 0x18A4, 0x18A5, 0x18A5, 0x18A5, 0x1885, 0x18A5, 0x18A5, 0x1885, 0x18A5, 0x1884, 
	0x1885, 0x18A5, 0x18A5, 0x18A5, 0x18A5, 0x1885, 0x1885, 0x18A5, 0x1885, 0x1885, 0x18A5, 0x18A5, 0x18A5, 0x18A5, 0x18A5, 0x18A5, 
	0x18A5, 0x18A5, 0x18A5, 0x18A5, 0x18A5, 0x18A5, 0x20A5, 0x18A5, 0x20A5, 0x20A5, 0x20A5, 0x20A5, 0x20C5, 0x20A5, 0x20A5, 0x20A5, 
	0x18A5, 0x20A5, 0x20A5, 0x20C5, 0x20A5, 0x20A5, 0x20A5, 0x20A5, 0x20A5, 0x20A5, 0x20A5, 0x20A5, 0x20C6, 0x20A5, 0x20C5, 0x20A5, 
	0x20A5, 0x20A5, 0x20A5, 0x20A5, 0x20A5, 0x20A5, 0x20A5, 0x20A5, 0x20C5, 0x20A5, 0x20C5, 0x20A5, 0x20C5, 0x20A5, 0x20A5, 0x20A5, 
	0x20A5, 0x20C5, 0x20A5, 0x20A5, 0x20A5, 0x20A5, 0x20A5, 0x20C5, 0x20C5, 0x20A5, 0x20A5, 0x20A5, 0x20A5, 0x20A5, 0x20A5, 0x20A5, 
	0x20A5, 0x20C5, 0x20A5, 0x20A5, 0x20A5, 0x20A5, 0x20C5, 0x20A5, 0x20A5, 0x20A5, 0x20A5, 0x20A5, 0x20A5, 0x20C5, 0x20A5, 0x20C5, 
	0x20A5, 0x20A5, 0x20A5, 0x20A5, 0x20A5, 0x20A5, 0x20C5, 0x20C5, 0x20C6, 0x28C6, 0x20A6, 0x28C6, 0x28C6, 0x28C6, 0x28A6, 0x28A6, 
	0x30C7, 0x3107, 0x30E7, 0x30C6, 0x30C6, 0x38C7, 0x38C7, 0x38C7, 0x40E7, 0x38C7, 0x38C7, 0x40E7, 0x40E7, 0x38C7, 0x38C7, 0x38C7, 
	0x38C7, 0x40E7, 0x40E7, 0x40C7, 0x40E7, 0x4908, 0x48E8, 0x48E8, 0x40E8, 0x40C7, 0x40E8, 0x40C8, 0x40E8, 0x40E7, 0x40C7, 0x40E8, 
	0x40E7, 0x38C7, 0x40E7, 0x38C7, 0x38C7, 0x38C6, 0x38C6, 0x30E7, 0x30C7, 0x30C6, 0x30C6, 0x30C7, 0x30C7, 0x30C6, 0x30C6, 0x30C6, 
	0x30C6, 0x28C6, 0x28C6, 0x28C6, 0x28A6, 0x30C6, 0x30C6, 0x28A6, 0x28C6, 0x28C6, 0x28A6, 0x28C6, 0x30E7, 0x38E8, 0x38E8, 0x38E8, 
	0x38E7, 0x30E7, 0x30C6, 0x28C6, 0x28A6, 0x28A6, 0x28A6, 0x28C6, 0x28C6, 0x28C6, 0x28C6, 0x28A6, 0x30E6, 0x3907, 0x4109, 0x51AB, 
	0x4129, 0x38E7, 0x30E6, 0x28A6, 0x28C6, 0x28C6, 0x28C6, 0x28C6, 0x28C6, 0x28C6, 0x28A5, 0x28A5, 0x20A5, 0x20A5, 0x20A5, 0x20A5, 
	0x1884, 0x1884, 0x1884, 0x1884, 0x1884, 0x1884, 0x1884, 0x1084, 0x1884, 0x1884, 0x1884, 0x1884, 0x1884, 0x1884, 0x1884, 0x1884, 
	0x1884, 0x1084, 0x1884, 0x1884, 0x1884, 0x1884, 0x1884, 0x1884, 0x1884, 0x1884, 0x1884, 0x1884, 0x1884, 0x1884, 0x1884, 0x1884, 
	0x1884, 0x1884, 0x1884, 0x1884, 0x1884, 0x1884, 0x1884, 0x1884, 0x1884, 0x1884, 0x1884, 0x1884, 0x1884, 0x1884, 0x1884, 0x1884, 
	0x1884, 0x1884, 0x1884, 0x1884, 0x1884, 0x1884, 0x1884, 0x1884, 0x1884, 0x18A4, 0x1884, 0x18A4, 0x1884, 0x1884, 0x1884, 0x1884, 
	0x18A4, 0x1884, 0x1884, 0x18A4, 0x1884, 0x1884, 0x1884, 0x18A4, 0x1884, 0x1884, 0x18A4, 0x1884, 0x1884, 0x18A4, 0x18A4, 0x1884, 
	0x1884, 0x1884, 0x18A4, 0x18A4, 0x1884, 0x1884, 0x18A4, 0x1884, 0x18A4, 0x1884, 0x1884, 0x18A4, 0x1884, 0x1884, 0x18A4, 0x1884, 
	0x18A5, 0x1884, 0x18A5, 0x18A4, 0x18A5, 0x18A5, 0x1884, 0x1884, 0x18A5, 0x18A5, 0x1885, 0x1884, 0x18A5, 0x18A4, 0x18A5, 0x1884, 
	0x18A5, 0x18A5, 0x1885, 0x18A5, 0x1885, 0x1885, 0x18A5, 0x18A5, 0x18A5, 0x18A5, 0x18A5, 0x18A5, 0x18A5, 0x18A5, 0x18A5, 0x18A5, 
	0x18A5, 0x18A5, 0x18A5, 0x1885, 0x1885, 0x20A5, 0x20C6, 0x1885, 0x18A5, 0x20A5, 0x18A5, 0x20A5, 0x20A5, 0x20A5, 0x20C5, 0x20A5, 
	0x18A5, 0x20A5, 0x20A5, 0x20A5, 0x20A5, 0x20C5, 0x20C5, 0x18A5, 0x20A5, 0x20A5, 0x18A5, 0x20A5, 0x20E6, 0x20C6, 0x20C6, 0x20A5, 
	0x20A5, 0x20C5, 0x20A5, 0x20A5, 0x20A5, 0x20A5, 0x20A5, 0x20A5, 0x20A5, 0x20A5, 0x20A5, 0x20A5, 0x20A5, 0x20A5, 0x20A5, 0x20A5, 
	0x20A5, 0x20C5, 0x20A5, 0x20C5, 0x20A5, 0x20A5, 0x20C5, 0x20A5, 0x20A5, 0x20A5, 0x20A5, 0x20C5, 0x20A5, 0x20A5, 0x20A5, 0x20A5, 
	0x20A5, 0x20C5, 0x20A5, 0x20C5, 0x20A5, 0x20A5, 0x20A5, 0x20A5, 0x20C5, 0x20C5, 0x20C5, 0x20A5, 0x20A5, 0x20C6, 0x20A5, 0x20C5, 
	0x20A5, 0x20C6, 0x28C5, 0x28C6, 0x20A5, 0x20A5, 0x20A5, 0x28C6, 0x28E6, 0x28C6, 0x28C6, 0x28A6, 0x28C6, 0x28C6, 0x28C6, 0x28C6, 
	0x28C6, 0x28C6, 0x30C6, 0x30A6, 0x30C6, 0x38C7, 0x38C7, 0x40E7, 0x4108, 0x40E8, 0x38C7, 0x38E7, 0x40E7, 0x38C7, 0x38C7, 0x38C7, 
	0x38C7, 0x38C7, 0x40E8, 0x40E8, 0x40E7, 0x40C8, 0x40E8, 0x4908, 0x40E8, 0x40E8, 0x40E8, 0x40C7, 0x40E7, 0x40E7, 0x40E7, 0x40E7, 
	0x40E7, 0x40E7, 0x40E7, 0x38C7, 0x38C7, 0x38C6, 0x30C6, 0x30C6, 0x30C7, 0x30C7, 0x30C7, 0x30E7, 0x30C6, 0x30C6, 0x30C6, 0x30C6, 
	0x30C6, 0x28C6, 0x28C6, 0x30C6, 0x30C6, 0x30C6, 0x28C6, 0x28A6, 0x28C6, 0x28C6, 0x28A6, 0x28C6, 0x28C6, 0x28C6, 0x30C6, 0x28A6, 
	0x28C6, 0x28A6, 0x28A6, 0x30C6, 0x30C6, 0x28A6, 0x28C6, 0x30C6, 0x28C6, 0x28A6, 0x28A5, 0x28C6, 0x30A6, 0x4108, 0x726F, 0xBD58, 
	0x93D3, 0x4129, 0x30E7, 0x28A5, 0x28C6, 0x28C6, 0x28C6, 0x20A5, 0x28A6, 0x28C6, 0x28A5, 0x28C5, 0x20A5, 0x20A5, 0x20A5, 0x28C5, 
	0x1884, 0x1884, 0x1064, 0x1084, 0x1884, 0x1884, 0x1084, 0x1084, 0x1884, 0x1084, 0x1884, 0x1884, 0x1884, 0x1864, 0x1884, 0x1884, 
	0x1884, 0x18A4, 0x1884, 0x1884, 0x1884, 0x1884, 0x1884, 0x1884, 0x1084, 0x18A4, 0x1884, 0x1884, 0x1884, 0x1884, 0x1884, 0x1884, 
	0x1884, 0x18A4, 0x1884, 0x1884, 0x1884, 0x1884, 0x1884, 0x1884, 0x1884, 0x1884, 0x1884, 0x1884, 0x1884, 0x1864, 0x1884, 0x1884, 
	0x1884, 0x18A4, 0x1884, 0x18A4, 0x1884, 0x1884, 0x1884, 0x1884, 0x18A4, 0x18A4, 0x1884, 0x1884, 0x1884, 0x1884, 0x1884, 0x1884, 
	0x1884, 0x18A4, 0x18A4, 0x18A4, 0x1884, 0x1884, 0x1884, 0x1884, 0x1884, 0x18A4, 0x18A4, 0x1884, 0x1884, 0x1884, 0x1884, 0x18A4, 
	0x18A4, 0x18A4, 0x18A4, 0x18A4, 0x1884, 0x1884, 0x18A4, 0x18A4, 0x18A4, 0x18A5, 0x18A4, 0x18A4, 0x1884, 0x18A4, 0x18A4, 0x1884, 
	0x18A4, 0x18A4, 0x1884, 0x18A5, 0x18A5, 0x18A5, 0x1884, 0x1884, 0x18A5, 0x18A5, 0x18A5, 0x1884, 0x1884, 0x1884, 0x18A5, 0x1884, 
	0x1884, 0x1885, 0x18A5, 0x18A5, 0x1885, 0x1885, 0x18A5, 0x18A5, 0x18A5, 0x20A5, 0x18A5, 0x18A5, 0x1885, 0x1885, 0x18A5, 0x18A5, 
	0x18A5, 0x18A5, 0x20A5, 0x20A5, 0x1885, 0x20C6, 0x28E6, 0x18A5, 0x1885, 0x20A5, 0x20A5, 0x20A5, 0x1885, 0x20A5, 0x20A5, 0x20A5, 
	0x18A5, 0x18A5, 0x20A5, 0x20A5, 0x20A5, 0x20A5, 0x20A5, 0x20A5, 0x20A5, 0x20A5, 0x20A5, 0x20A5, 0x20A5, 0x20A5, 0x20A5, 0x20A5, 
	0x20A5, 0x20A5, 0x20A5, 0x20A5, 0x20A5, 0x20A5, 0x20A5, 0x20A5, 0x20A5, 0x20C5, 0x20A5, 0x20A5, 0x20A5, 0x20A5, 0x20A5, 0x20A5, 
	0x20A5, 0x20C5, 0x20A5, 0x20A5, 0x20A5, 0x20A5, 0x20C5, 0x20A5, 0x20A5, 0x20A5, 0x20A5, 0x20A5, 0x20A5, 0x20A5, 0x20A5, 0x20A5, 
	0x20A5, 0x20A5, 0x20A5, 0x20A5, 0x20A5, 0x20A5, 0x20A5, 0x20A5, 0x20C5, 0x20C6, 0x20C6, 0x20C6, 0x20C5, 0x20A5, 0x28A5, 0x28C5, 
	0x28C6, 0x28C6, 0x20A5, 0x28C6, 0x20A5, 0x28C6, 0x28C6, 0x28A6, 0x28C6, 0x28C6, 0x28C6, 0x28C6, 0x28C6, 0x28C6, 0x28C6, 0x30E6, 
	0x28C6, 0x28A6, 0x30C6, 0x30C6, 0x30C6, 0x38C7, 0x38C7, 0x40E7, 0x4908, 0x40E8, 0x40E7, 0x40E7, 0x40E7, 0x38C7, 0x38C7, 0x38C7, 
	0x38E7, 0x40E7, 0x40E8, 0x40C7, 0x40E8, 0x40E8, 0x48E8, 0x48E8, 0x40E8, 0x40E7, 0x40E8, 0x40E8, 0x40C7, 0x40C7, 0x40E7, 0x40E7, 
	0x40E7, 0x38E7, 0x38C7, 0x38E7, 0x30C7, 0x30C6, 0x30C6, 0x30C6, 0x30C6, 0x30A6, 0x30C6, 0x30C6, 0x30C6, 0x30E7, 0x30C6, 0x28A6, 
	0x28C6, 0x28C6, 0x28C6, 0x30C6, 0x28C6, 0x28C6, 0x28C6, 0x28A6, 0x28C6, 0x28C6, 0x28A6, 0x28C6, 0x28C6, 0x28A5, 0x28C6, 0x28C6, 
	0x28C6, 0x28C6, 0x28C6, 0x30C6, 0x28C6, 0x28A6, 0x28C6, 0x30E6, 0x28C6, 0x28A6, 0x28C6, 0x28C6, 0x30C7, 0x4949, 0xAC96, 0xF79E, 
	0xCE1A, 0x51AB, 0x30C7, 0x2885, 0x28A5, 0x28A5, 0x28A6, 0x28A5, 0x28A6, 0x28A5, 0x28C6, 0x20A5, 0x28A5, 0x28C5, 0x28A5, 0x20A5, 
	0x1084, 0x1084, 0x20E6, 0x1084, 0x1884, 0x1884, 0x1884, 0x1884, 0x1884, 0x1884, 0x1084, 0x1884, 0x1884, 0x1864, 0x1884, 0x1884, 
	0x1884, 0x18A4, 0x1884, 0x1884, 0x1884, 0x1864, 0x1884, 0x1884, 0x1884, 0x1884, 0x1884, 0x1884, 0x1864, 0x1884, 0x18A4, 0x18A4, 
	0x18A4, 0x1884, 0x1884, 0x1884, 0x1884, 0x1884, 0x1884, 0x1884, 0x1864, 0x2907, 0x39C9, 0x18A4, 0x1884, 0x1884, 0x1884, 0x18A4, 
	0x1884, 0x18A4, 0x1884, 0x1884, 0x1884, 0x1884, 0x18A4, 0x18A4, 0x18A4, 0x18A4, 0x1884, 0x1884, 0x1884, 0x1884, 0x18A4, 0x18A4, 
	0x1884, 0x1884, 0x18A4, 0x1884, 0x1884, 0x1884, 0x1884, 0x1884, 0x18A4, 0x18A4, 0x18A4, 0x18A4, 0x1884, 0x1884, 0x18A4, 0x18A4, 
	0x18A4, 0x18A4, 0x18A4, 0x1884, 0x1884, 0x1884, 0x18A4, 0x18A4, 0x18A4, 0x18A4, 0x1884, 0x1884, 0x1884, 0x18A5, 0x18A5, 0x1884, 
	0x18A4, 0x1884, 0x18A4, 0x18A5, 0x1884, 0x1884, 0x18A5, 0x18A5, 0x1885, 0x18A5, 0x20A5, 0x18A5, 0x18A5, 0x18A5, 0x18A5, 0x18A5, 
	0x1885, 0x18A5, 0x18A5, 0x20A5, 0x18A5, 0x18A5, 0x18A5, 0x20A5, 0x18A5, 0x18A5, 0x1885, 0x18A5, 0x18A5, 0x1885, 0x18A5, 0x18A5, 
	0x18A5, 0x18A5, 0x18A5, 0x1885, 0x18A5, 0x18A5, 0x20A5, 0x18A5, 0x18A5, 0x20A5, 0x20C5, 0x20A5, 0x18A5, 0x18A5, 0x20A5, 0x20A5, 
	0x20A5, 0x20A5, 0x18A5, 0x20A5, 0x20A5, 0x18A5, 0x20A5, 0x20A5, 0x20A5, 0x18A5, 0x20A5, 0x20A5, 0x20A5, 0x20C5, 0x20A5, 0x20A5, 
	0x20A5, 0x20A5, 0x20C5, 0x20C5, 0x20A5, 0x20A5, 0x20C5, 0x20C6, 0x20A5, 0x20A5, 0x20A5, 0x20A5, 0x20A5, 0x20A5, 0x20C5, 0x20A5, 
	0x20C5, 0x20A5, 0x20A5, 0x20A5, 0x20A5, 0x20A5, 0x20A5, 0x20A5, 0x20A5, 0x20A5, 0x20A5, 0x20A5, 0x20A5, 0x20A5, 0x20A5, 0x20C5, 
	0x20C5, 0x20A5, 0x20A5, 0x20A5, 0x20A5, 0x20C6, 0x20A5, 0x20A5, 0x20A5, 0x20A5, 0x20C6, 0x20A5, 0x20A5, 0x20A5, 0x28C6, 0x28C6, 
	0x20C6, 0x20C6, 0x20C5, 0x20A5, 0x20A5, 0x28C5, 0x28C6, 0x28A6, 0x28C6, 0x28C6, 0x28C6, 0x28C6, 0x28C6, 0x28A6, 0x28C6, 0x28E6, 
	0x30C6, 0x28C6, 0x30C6, 0x30C6, 0x30C6, 0x38C7, 0x38C7, 0x40E7, 0x40E7, 0x40E7, 0x40E7, 0x40E7, 0x40E7, 0x40E7, 0x40E7, 0x40C7, 
	0x40E7, 0x40E7, 0x40E7, 0x40E7, 0x40E8, 0x40E8, 0x40C8, 0x40E8, 0x40C7, 0x38C7, 0x40C7, 0x40C7, 0x38C7, 0x38C7, 0x40E7, 0x40E7, 
	0x38E7, 0x38C7, 0x38C7, 0x38C7, 0x30A6, 0x30C6, 0x30C6, 0x30C6, 0x30C6, 0x30C6, 0x30C6, 0x30C6, 0x30C6, 0x30C6, 0x28A6, 0x28C6, 
	0x28C6, 0x28C6, 0x28C6, 0x30C6, 0x28C6, 0x28A6, 0x28C6, 0x28C6, 0x28A6, 0x28C6, 0x28A6, 0x28A6, 0x28C6, 0x28C6, 0x30C6, 0x28C6, 
	0x28A6, 0x28A6, 0x28C6, 0x28C6, 0x28A6, 0x28A5, 0x28A5, 0x28C6, 0x28A6, 0x28A6, 0x28C6, 0x28A6, 0x30C6, 0x38E8, 0x7AD0, 0xCDDA, 
	0x9C14, 0x4129, 0x28A6, 0x20A5, 0x28A5, 0x28C6, 0x28C6, 0x20A5, 0x20A5, 0x28A6, 0x28C6, 0x28C5, 0x28C5, 0x20A5, 0x20A5, 0x20A5, 
	0x1884, 0x18A4, 0x3168, 0x18A4, 0x1084, 0x1884, 0x1884, 0x1884, 0x1884, 0x1884, 0x1084, 0x1884, 0x1884, 0x1884, 0x1884, 0x1884, 
	0x1884, 0x1084, 0x1884, 0x1884, 0x1884, 0x1884, 0x1884, 0x1884, 0x1884, 0x1884, 0x1884, 0x1884, 0x1884, 0x1884, 0x1884, 0x1884, 
	0x1884, 0x1884, 0x1884, 0x1884, 0x1884, 0x1884, 0x1884, 0x1884, 0x1884, 0x2906, 0x3147, 0x18A4, 0x1884, 0x1884, 0x1884, 0x1884, 
	0x1884, 0x1884, 0x1884, 0x1884, 0x1884, 0x1884, 0x1884, 0x1884, 0x1884, 0x1884, 0x1884, 0x1884, 0x1884, 0x1884, 0x1884, 0x18A4, 
	0x1884, 0x18A4, 0x18A4, 0x1884, 0x1884, 0x1884, 0x18A4, 0x18A4, 0x1884, 0x18A4, 0x1884, 0x18A4, 0x18A4, 0x1884, 0x1884, 0x1884, 
	0x1884, 0x18A4, 0x1884, 0x18A4, 0x18A4, 0x1884, 0x1884, 0x1884, 0x18A4, 0x18A4, 0x18A5, 0x18A5, 0x18A5, 0x1884, 0x1884, 0x1885, 
	0x18A5, 0x1884, 0x18A4, 0x18A4, 0x1884, 0x18A5, 0x18A4, 0x18A5, 0x18A5, 0x18A5, 0x18A5, 0x18A5, 0x18A5, 0x18A5, 0x20A5, 0x20A5, 
	0x1885, 0x18A5, 0x1885, 0x18A5, 0x18A5, 0x1885, 0x18A5, 0x18A5, 0x18A5, 0x18A5, 0x1885, 0x18A5, 0x18A5, 0x1885, 0x18A5, 0x18A5, 
	0x18A5, 0x18A5, 0x20A5, 0x18A5, 0x20A5, 0x18A5, 0x1884, 0x1885, 0x20A5, 0x20A5, 0x20C5, 0x20A5, 0x20A5, 0x20A5, 0x20A5, 0x20C5, 
	0x20A5, 0x20A5, 0x18A5, 0x20A5, 0x20A5, 0x20A5, 0x20A5, 0x20A5, 0x20A5, 0x18A5, 0x20A5, 0x20A5, 0x20A5, 0x20A5, 0x20A5, 0x20A5, 
	0x20A5, 0x20A5, 0x20A5, 0x20A5, 0x20A5, 0x20A5, 0x20A5, 0x20A5, 0x20C5, 0x20A5, 0x20A5, 0x20C5, 0x20A5, 0x20A5, 0x20A5, 0x20A5, 
	0x20A5, 0x20A5, 0x20A5, 0x20A5, 0x20A5, 0x20A5, 0x20A5, 0x20A5, 0x20C5, 0x20A5, 0x20A5, 0x20A5, 0x20C5, 0x20A5, 0x20A5, 0x20C6, 
	0x28C6, 0x20A5, 0x20A5, 0x20C5, 0x20C6, 0x20C6, 0x20C6, 0x20A5, 0x20A5, 0x20C6, 0x28C6, 0x20A6, 0x20A5, 0x20C5, 0x20C6, 0x28C6, 
	0x20C6, 0x20A6, 0x20C6, 0x28C6, 0x20C5, 0x20A5, 0x28C6, 0x28C6, 0x28C6, 0x28C6, 0x28C6, 0x28C6, 0x28C6, 0x28C6, 0x28C6, 0x28C6, 
	0x28C6, 0x30C6, 0x30C6, 0x30C6, 0x38E7, 0x38E7, 0x40E7, 0x40E7, 0x40E8, 0x40E8, 0x40E8, 0x40E8, 0x40E8, 0x40E7, 0x40E8, 0x38C7, 
	0x38E7, 0x494A, 0x516A, 0x40E7, 0x40E8, 0x40E7, 0x40E8, 0x40E8, 0x40E7, 0x38C7, 0x40E7, 0x40E7, 0x38C7, 0x38C7, 0x38C7, 0x38C7, 
	0x38C7, 0x38C7, 0x38C7, 0x38C6, 0x30C6, 0x30C6, 0x30C6, 0x30C6, 0x30C6, 0x30C6, 0x30C6, 0x30A6, 0x30C6, 0x30C6, 0x28C6, 0x28C6, 
	0x28C6, 0x28C6, 0x28A6, 0x28C6, 0x28C6, 0x28C6, 0x30C6, 0x28C6, 0x28A6, 0x28A6, 0x28C6, 0x28C6, 0x28C6, 0x28A5, 0x28C6, 0x28C6, 
	0x28C6, 0x28C6, 0x28C6, 0x28C6, 0x28A6, 0x28A5, 0x28A6, 0x28A6, 0x28C6, 0x28A5, 0x28C6, 0x28A6, 0x28C6, 0x38C7, 0x40E8, 0x518B, 
	0x4109, 0x30E7, 0x28E6, 0x20A5, 0x20A5, 0x20A6, 0x28A5, 0x20A5, 0x20A5, 0x20A5, 0x20A5, 0x20A5, 0x20C5, 0x20A5, 0x20A5, 0x20A5, 
	0x1884, 0x1884, 0x1084, 0x1884, 0x1884, 0x1884, 0x1884, 0x1884, 0x1884, 0x1884, 0x1884, 0x1084, 0x1884, 0x1884, 0x1084, 0x1884, 
	0x1884, 0x1884, 0x1884, 0x1884, 0x1884, 0x1884, 0x1884, 0x1884, 0x1884, 0x1884, 0x1884, 0x1884, 0x1884, 0x1884, 0x1884, 0x1884, 
	0x1884, 0x1884, 0x1884, 0x1884, 0x1884, 0x1884, 0x1884, 0x1884, 0x1884, 0x1884, 0x1864, 0x1884, 0x1884, 0x1884, 0x1884, 0x1884, 
	0x1884, 0x1884, 0x1884, 0x1884, 0x1884, 0x1884, 0x1884, 0x1884, 0x1884, 0x1884, 0x1884, 0x1884, 0x1884, 0x18A4, 0x18A4, 0x1884, 
	0x18A4, 0x1884, 0x1884, 0x1884, 0x1884, 0x1884, 0x18A4, 0x18A4, 0x1884, 0x18A4, 0x1884, 0x1884, 0x18A4, 0x1884, 0x1884, 0x18A4, 
	0x1884, 0x1884, 0x1884, 0x1884, 0x1884, 0x18A4, 0x1884, 0x1884, 0x18A5, 0x1884, 0x18A5, 0x18A4, 0x1884, 0x1884, 0x1884, 0x1884, 
	0x18A5, 0x18A4, 0x18A4, 0x18A4, 0x18A4, 0x18A5, 0x18A5, 0x18A5, 0x18A5, 0x1884, 0x18A5, 0x1885, 0x1885, 0x18A5, 0x39AA, 0x524D, 
	0x20A5, 0x18A5, 0x18A5, 0x18A5, 0x20A5, 0x18A5, 0x1885, 0x1885, 0x18A5, 0x18A5, 0x18A5, 0x18A5, 0x18A5, 0x18A5, 0x18A5, 0x20A5, 
	0x1885, 0x20A5, 0x18A5, 0x1885, 0x20A5, 0x20A5, 0x18A5, 0x20A5, 0x20C6, 0x1885, 0x20A5, 0x20A5, 0x18A5, 0x20A5, 0x20A5, 0x20A5, 
	0x20A5, 0x20A5, 0x20A5, 0x20A5, 0x20A5, 0x20A5, 0x20A5, 0x20A5, 0x20A5, 0x20A5, 0x20A5, 0x20A5, 0x20A5, 0x20A5, 0x20A5, 0x20A5, 
	0x20A5, 0x20A5, 0x20A5, 0x20A5, 0x20A5, 0x20A5, 0x20A5, 0x20A5, 0x20A5, 0x20A5, 0x20A5, 0x20A5, 0x20A5, 0x20A5, 0x20A5, 0x20A5, 
	0x20A5, 0x20A5, 0x20A5, 0x20A5, 0x20A5, 0x20A5, 0x20A5, 0x20C6, 0x20A5, 0x20A5, 0x20A5, 0x20A5, 0x20C5, 0x20A5, 0x20A5, 0x20A5, 
	0x20C5, 0x20A5, 0x20A5, 0x20A5, 0x20A5, 0x20C6, 0x20A5, 0x20A5, 0x20A5, 0x20A5, 0x20A5, 0x20A5, 0x20A5, 0x20A5, 0x20A5, 0x20C6, 
	0x20A6, 0x20C6, 0x28C6, 0x28C6, 0x28C5, 0x28A5, 0x28C6, 0x28C6, 0x28C6, 0x28C6, 0x28C6, 0x28C6, 0x28E6, 0x28C6, 0x28C6, 0x28C6, 
	0x30C6, 0x30E7, 0x30C7, 0x30C6, 0x38E7, 0x38E7, 0x40E7, 0x40E7, 0x40E8, 0x48E8, 0x48E8, 0x4908, 0x40E7, 0x38C7, 0x40E8, 0x40E7, 
	0x38C6, 0x624F, 0x59CC, 0x40C7, 0x40E8, 0x40E8, 0x40E7, 0x38C7, 0x38C7, 0x40E7, 0x40E7, 0x38C7, 0x38C7, 0x38C7, 0x38C7, 0x38C7, 
	0x38C7, 0x38C7, 0x38E7, 0x38E6, 0x30C6, 0x30C6, 0x30C6, 0x30C7, 0x30C6, 0x30C6, 0x30C6, 0x30C6, 0x30C6, 0x30C6, 0x30C6, 0x28C6, 
	0x28C6, 0x28C6, 0x28A6, 0x28A5, 0x30C6, 0x30C6, 0x30C6, 0x28C6, 0x28A6, 0x28C6, 0x28C6, 0x28C6, 0x28C6, 0x28C6, 0x28C6, 0x28C6, 
	0x28C6, 0x28C6, 0x28C6, 0x28C6, 0x28C6, 0x28C6, 0x28C6, 0x28C5, 0x28A5, 0x28A6, 0x28A6, 0x28A6, 0x28A6, 0x28C6, 0x30E7, 0x30C7, 
	0x30C6, 0x28C6, 0x2085, 0x28C6, 0x20A6, 0x20A5, 0x20A5, 0x28C5, 0x20A5, 0x20A5, 0x20A5, 0x20A5, 0x20A5, 0x20A5, 0x20A5, 0x20A5, 
	0x1884, 0x1884, 0x1064, 0x1884, 0x1884, 0x1084, 0x1884, 0x1884, 0x1884, 0x1884, 0x1884, 0x1884, 0x1884, 0x1884, 0x1884, 0x1884, 
	0x1884, 0x1884, 0x1884, 0x1084, 0x1884, 0x1884, 0x1884, 0x1884, 0x1884, 0x1884, 0x1884, 0x1884, 0x1884, 0x1884, 0x1884, 0x1884, 
	0x1884, 0x1884, 0x1884, 0x1884, 0x1884, 0x1884, 0x1884, 0x1884, 0x1884, 0x1884, 0x1884, 0x1884, 0x1884, 0x1884, 0x1884, 0x1884, 
	0x1884, 0x1884, 0x1884, 0x1884, 0x1884, 0x18A4, 0x1884, 0x1884, 0x1884, 0x1884, 0x1884, 0x1884, 0x1884, 0x1884, 0x1884, 0x1884, 
	0x1884, 0x1884, 0x1884, 0x18A4, 0x18A4, 0x18A4, 0x18A4, 0x18A4, 0x18A4, 0x1884, 0x18A4, 0x18A4, 0x18A4, 0x18A4, 0x18A4, 0x18A4, 
	0x18A4, 0x1884, 0x1884, 0x18A4, 0x18A4, 0x18A4, 0x1884, 0x18A4, 0x1884, 0x1884, 0x1884, 0x18A4, 0x18A5, 0x1885, 0x1884, 0x1884, 
	0x18A5, 0x18A5, 0x1885, 0x18A5, 0x1885, 0x1885, 0x18A5, 0x18A5, 0x18A5, 0x18A5, 0x18A5, 0x18A5, 0x20A5, 0x18A5, 0x3989, 0x4A0B, 
	0x20A5, 0x1885, 0x1885, 0x18A5, 0x1885, 0x18A5, 0x18A5, 0x1885, 0x18A5, 0x2085, 0x18A5, 0x18A5, 0x18A5, 0x20A5, 0x18A5, 0x20A5, 
	0x18A5, 0x18A5, 0x20A5, 0x18A5, 0x18A5, 0x18A5, 0x20C5, 0x20A5, 0x20A5, 0x1885, 0x18A5, 0x20A5, 0x1885, 0x20A5, 0x20A5, 0x20A5, 
	0x20A5, 0x20A5, 0x18A5, 0x18A5, 0x20C5, 0x20A5, 0x20A5, 0x20A5, 0x20A5, 0x20C5, 0x20A5, 0x20A5, 0x20A5, 0x20A5, 0x20A5, 0x20A5, 
	0x20C5, 0x20C5, 0x20A5, 0x20A5, 0x20A5, 0x20A5, 0x20A5, 0x20C6, 0x20A5, 0x20A5, 0x20A5, 0x20A5, 0x20A5, 0x20A5, 0x20C5, 0x20A5, 
	0x20A5, 0x20A5, 0x20A5, 0x20A5, 0x20C5, 0x20A5, 0x20A5, 0x20A5, 0x20A5, 0x20A5, 0x20A5, 0x20A5, 0x20A5, 0x20A5, 0x20A5, 0x20C5, 
	0x20A5, 0x20C5, 0x20C5, 0x20C5, 0x20A5, 0x28A5, 0x20A5, 0x20A5, 0x20C5, 0x20C5, 0x20C5, 0x20A5, 0x28C6, 0x20C6, 0x28C6, 0x28C6, 
	0x20A5, 0x28A6, 0x28C6, 0x28C6, 0x28C6, 0x28C6, 0x28C6, 0x28C6, 0x28C6, 0x30E7, 0x28C6, 0x28C6, 0x28C6, 0x28C6, 0x28C6, 0x30C6, 
	0x30C6, 0x30E7, 0x30C7, 0x30C6, 0x38C7, 0x38C7, 0x40E7, 0x40E7, 0x40E8, 0x48E8, 0x40E8, 0x40E8, 0x40E8, 0x40E8, 0x40E8, 0x40C7, 
	0x40E7, 0x4108, 0x40E7, 0x40C7, 0x40C7, 0x38C7, 0x38C7, 0x38C7, 0x38C7, 0x38C7, 0x38C7, 0x38C7, 0x38E7, 0x38C7, 0x38C7, 0x40E7, 
	0x38C7, 0x38C7, 0x38C7, 0x30C6, 0x30C6, 0x30C6, 0x30C6, 0x30C6, 0x30C6, 0x30C6, 0x30E6, 0x30C6, 0x30C6, 0x28A6, 0x28C6, 0x28C6, 
	0x28C6, 0x28C6, 0x28C6, 0x28C6, 0x28C6, 0x28C6, 0x28C6, 0x28C6, 0x28C6, 0x28C6, 0x28A6, 0x28A6, 0x28A6, 0x28C6, 0x28A6, 0x28A5, 
	0x28C6, 0x28C6, 0x28A6, 0x28A6, 0x28C6, 0x28C6, 0x28C6, 0x28A5, 0x20A5, 0x28A5, 0x28A6, 0x28C6, 0x28C6, 0x28A6, 0x28C6, 0x28A6, 
	0x28A6, 0x20A5, 0x20A5, 0x20A5, 0x20A6, 0x20C6, 0x20C5, 0x28C5, 0x20C5, 0x20A5, 0x20A5, 0x20C5, 0x20A5, 0x20A5, 0x20A5, 0x20A5, 
	0x1084, 0x1884, 0x1884, 0x1084, 0x1884, 0x1084, 0x1884, 0x1084, 0x1884, 0x1884, 0x18A4, 0x1884, 0x1884, 0x1884, 0x1084, 0x1884, 
	0x1884, 0x1884, 0x1884, 0x1084, 0x1884, 0x1884, 0x1884, 0x1884, 0x1884, 0x1884, 0x1884, 0x1884, 0x18A4, 0x1884, 0x1884, 0x1884, 
	0x1884, 0x1884, 0x1884, 0x1884, 0x1884, 0x1884, 0x1884, 0x1884, 0x1884, 0x1884, 0x1884, 0x1884, 0x1884, 0x1884, 0x1884, 0x1884, 
	0x1884, 0x1884, 0x18A4, 0x1884, 0x1884, 0x18A4, 0x1884, 0x1884, 0x1884, 0x1884, 0x18A4, 0x1884, 0x1884, 0x1884, 0x18A4, 0x1884, 
	0x1884, 0x18A4, 0x18A4, 0x1884, 0x1884, 0x18A4, 0x1884, 0x1884, 0x1884, 0x1884, 0x18A4, 0x18A4, 0x1884, 0x18A4, 0x1884, 0x1884, 
	0x1884, 0x1884, 0x18A4, 0x18A4, 0x18A4, 0x18A4, 0x18A5, 0x18A5, 0x1884, 0x18A4, 0x18A5, 0x1884, 0x18A4, 0x1884, 0x18A5, 0x18A5, 
	0x18A5, 0x1884, 0x1885, 0x18A5, 0x1884, 0x1884, 0x18A5, 0x1885, 0x18A5, 0x18A5, 0x18A5, 0x1884, 0x18A5, 0x20A5, 0x1885, 0x18A5, 
	0x20A5, 0x18A5, 0x1885, 0x20A5, 0x1885, 0x18A5, 0x18A5, 0x18A5, 0x18A5, 0x1885, 0x20A5, 0x18A5, 0x18A5, 0x18A5, 0x18A5, 0x18A5, 
	0x1885, 0x1885, 0x20A5, 0x18A5, 0x1885, 0x1885, 0x18A5, 0x28E6, 0x3949, 0x20C6, 0x20C5, 0x20A5, 0x20A5, 0x20C5, 0x20A5, 0x20C5, 
	0x20C5, 0x20A5, 0x20A5, 0x20A5, 0x20A5, 0x20A5, 0x20A5, 0x20A5, 0x20A5, 0x20A5, 0x1885, 0x20A5, 0x20A5, 0x20A5, 0x20C6, 0x20A5, 
	0x20A5, 0x20A5, 0x20A5, 0x20A5, 0x20A5, 0x20A5, 0x20A5, 0x28E6, 0x20C6, 0x20A5, 0x20A5, 0x20A5, 0x20A5, 0x20C5, 0x20C5, 0x20A5, 
	0x2085, 0x20A5, 0x20C5, 0x20A5, 0x20A5, 0x20A5, 0x20A5, 0x20A5, 0x20A6, 0x20C5, 0x20A5, 0x20C6, 0x20C6, 0x20A5, 0x20A5, 0x20A6, 
	0x20A5, 0x20A5, 0x20C6, 0x20C5, 0x20C5, 0x28C6, 0x28C6, 0x20C6, 0x28C5, 0x20A5, 0x20A5, 0x20C5, 0x28C6, 0x28C6, 0x20C5, 0x28C6, 
	0x20A5, 0x28C6, 0x28C6, 0x20A6, 0x28C6, 0x28C6, 0x28C6, 0x28C6, 0x28C6, 0x28C6, 0x28C6, 0x28C6, 0x28C6, 0x28C6, 0x30E6, 0x30C6, 
	0x30E7, 0x30E7, 0x30C7, 0x30C6, 0x38C7, 0x38E7, 0x40E7, 0x40E7, 0x4908, 0x4908, 0x40E8, 0x40E8, 0x40E8, 0x40C7, 0x4908, 0x4909, 
	0x40C7, 0x40E7, 0x40E7, 0x40C7, 0x40E7, 0x40C7, 0x38C7, 0x38E7, 0x38C7, 0x38C7, 0x38E7, 0x38E7, 0x38C7, 0x38C7, 0x38C7, 0x38C7, 
	0x38C7, 0x38C7, 0x30C7, 0x30C7, 0x30C7, 0x30C7, 0x38C7, 0x30C7, 0x30C7, 0x30C6, 0x30C6, 0x30C6, 0x28C6, 0x28C6, 0x30C6, 0x28C6, 
	0x28C6, 0x30C6, 0x28C6, 0x28C6, 0x28C6, 0x28C6, 0x28C6, 0x28C6, 0x28C6, 0x28C6, 0x28C6, 0x28C6, 0x28C6, 0x28C6, 0x28A6, 0x28C6, 
	0x28C6, 0x30C6, 0x28C6, 0x28A6, 0x28C6, 0x28C6, 0x28C6, 0x28A5, 0x20A5, 0x28A5, 0x28C5, 0x28C6, 0x28C6, 0x28A5, 0x28C5, 0x28C6, 
	0x28C6, 0x20A5, 0x28C5, 0x28C5, 0x20A5, 0x20A5, 0x20A5, 0x28A5, 0x20A5, 0x20A5, 0x20A5, 0x20A5, 0x20A5, 0x20A5, 0x20A5, 0x20A5, 
	0x1884, 0x1884, 0x1884, 0x1063, 0x1884, 0x1884, 0x1884, 0x1084, 0x1884, 0x1884, 0x1884, 0x1884, 0x1884, 0x1884, 0x1884, 0x1884, 
	0x1884, 0x1884, 0x1884, 0x1884, 0x1884, 0x1884, 0x18A4, 0x1884, 0x1884, 0x1884, 0x1884, 0x1884, 0x1884, 0x1884, 0x18A4, 0x1884, 
	0x1884, 0x1884, 0x1884, 0x1884, 0x1884, 0x1884, 0x1884, 0x1884, 0x1884, 0x1884, 0x1884, 0x1884, 0x1884, 0x1884, 0x1884, 0x1884, 
	0x1884, 0x1884, 0x1884, 0x1884, 0x1884, 0x1884, 0x1884, 0x18A4, 0x18A4, 0x1884, 0x1884, 0x1884, 0x1884, 0x1884, 0x18A4, 0x1884, 
	0x1884, 0x1884, 0x18A4, 0x1884, 0x1884, 0x1884, 0x18A4, 0x18A4, 0x1884, 0x1884, 0x1884, 0x18A4, 0x1884, 0x1884, 0x1884, 0x18A4, 
	0x18A4, 0x1884, 0x18A4, 0x18A4, 0x18A4, 0x1884, 0x18A5, 0x18A5, 0x18A4, 0x18A4, 0x18A4, 0x1884, 0x1884, 0x1884, 0x18A5, 0x18A5, 
	0x18A5, 0x18A5, 0x18A5, 0x18A5, 0x18A5, 0x1885, 0x18A5, 0x18A5, 0x18A5, 0x1885, 0x18A5, 0x1885, 0x18A5, 0x20A5, 0x18A5, 0x18A5, 
	0x1885, 0x18A5, 0x18A5, 0x1885, 0x18A5, 0x20A5, 0x18A5, 0x18A5, 0x20A5, 0x1885, 0x20A5, 0x18A5, 0x18A5, 0x18A5, 0x18A5, 0x20A5, 
	0x18A5, 0x20A5, 0x20A5, 0x18A5, 0x20A5, 0x20A5, 0x20A5, 0x2907, 0x5A2E, 0x3948, 0x1885, 0x18A5, 0x20A5, 0x20A5, 0x20A5, 0x20A5, 
	0x20A5, 0x20A5, 0x20A5, 0x20A5, 0x20A5, 0x20A5, 0x20A5, 0x20A5, 0x20A5, 0x20A5, 0x20A5, 0x20A5, 0x20A5, 0x20C5, 0x20A5, 0x20A5, 
	0x20A5, 0x20A6, 0x20C6, 0x20A5, 0x20C5, 0x20A5, 0x20A5, 0x20C6, 0x20A5, 0x20A5, 0x20A5, 0x20C5, 0x20C6, 0x20A6, 0x20A5, 0x20A5, 
	0x20A5, 0x20A6, 0x20C6, 0x20C6, 0x20A6, 0x20A5, 0x20A5, 0x20C6, 0x20A5, 0x20A5, 0x20A5, 0x20C5, 0x20C6, 0x20C6, 0x20A5, 0x20A5, 
	0x20A5, 0x20A5, 0x20C6, 0x20A5, 0x20A5, 0x20C5, 0x28C6, 0x20A5, 0x28E7, 0x30E7, 0x20A5, 0x20C5, 0x20C5, 0x28C5, 0x28C6, 0x20C5, 
	0x28C6, 0x20A6, 0x28C6, 0x28C6, 0x28C5, 0x28C6, 0x28C6, 0x28C5, 0x28C6, 0x28C6, 0x28C6, 0x30C6, 0x28C6, 0x28C6, 0x30C6, 0x30C6, 
	0x30C7, 0x30C7, 0x30C6, 0x38E7, 0x38C7, 0x38E7, 0x38C7, 0x40C7, 0x4908, 0x48E8, 0x4908, 0x40E7, 0x40E7, 0x40E7, 0x4908, 0x4108, 
	0x38C7, 0x40E7, 0x38C7, 0x40C7, 0x40E7, 0x38C7, 0x38C7, 0x38C7, 0x38C7, 0x38C7, 0x38C7, 0x38C7, 0x38A7, 0x38E7, 0x38C7, 0x38C7, 
	0x38E7, 0x30C7, 0x30C7, 0x30C7, 0x30C6, 0x30C6, 0x30C7, 0x30C6, 0x30C7, 0x30C6, 0x30C6, 0x30C6, 0x30C6, 0x28A6, 0x28A6, 0x28C6, 
	0x28C6, 0x28C6, 0x28C6, 0x28C5, 0x28C6, 0x28C6, 0x28C6, 0x28C5, 0x28C5, 0x28C6, 0x28C6, 0x28C6, 0x28C6, 0x28C6, 0x28C6, 0x28C6, 
	0x28C6, 0x28C6, 0x28C6, 0x28A5, 0x28C6, 0x28C6, 0x28E6, 0x28C6, 0x28A5, 0x28A5, 0x28C5, 0x28C6, 0x28A5, 0x28A5, 0x28A5, 0x30E6, 
	0x28C6, 0x4169, 0x3907, 0x28C6, 0x28C6, 0x20A5, 0x20A5, 0x28C6, 0x28A6, 0x28A6, 0x20A6, 0x20A5, 0x20A5, 0x20A5, 0x20A5, 0x20C5, 
	0x1884, 0x1884, 0x1884, 0x20C5, 0x20C5, 0x1884, 0x18A4, 0x1884, 0x1884, 0x1884, 0x1884, 0x1884, 0x1884, 0x1884, 0x1884, 0x1084, 
	0x1084, 0x1884, 0x1884, 0x1884, 0x1884, 0x1884, 0x1884, 0x1884, 0x1884, 0x1884, 0x1884, 0x1884, 0x1884, 0x1884, 0x1884, 0x1884, 
	0x1884, 0x1884, 0x1884, 0x1884, 0x1884, 0x1884, 0x1884, 0x1884, 0x1884, 0x1884, 0x18A4, 0x1884, 0x1884, 0x1884, 0x1884, 0x1884, 
	0x18A4, 0x1884, 0x1884, 0x1884, 0x1884, 0x1884, 0x1884, 0x1884, 0x1884, 0x18A4, 0x1884, 0x18A4, 0x18A4, 0x1884, 0x1884, 0x18A5, 
	0x1884, 0x18A5, 0x18A4, 0x1884, 0x18A4, 0x1884, 0x1884, 0x1884, 0x1884, 0x18A4, 0x1884, 0x1884, 0x18A4, 0x18A4, 0x18A4, 0x1884, 
	0x1884, 0x18A4, 0x1884, 0x1884, 0x18A5, 0x18A4, 0x18A4, 0x1884, 0x18A4, 0x1884, 0x1884, 0x18A5, 0x18A4, 0x18A5, 0x18A4, 0x1884, 
	0x18A5, 0x18A5, 0x18A5, 0x18A5, 0x18A5, 0x18A5, 0x18A5, 0x18A5, 0x18A5, 0x18A5, 0x18A5, 0x1885, 0x18A5, 0x18A5, 0x1885, 0x18A5, 
	0x1885, 0x18A5, 0x18A5, 0x1885, 0x18A5, 0x18A5, 0x18A5, 0x18A5, 0x18A5, 0x1885, 0x18A5, 0x18A5, 0x18A5, 0x20A5, 0x18A5, 0x1885, 
	0x18A5, 0x18A5, 0x18A5, 0x20A5, 0x20A5, 0x18A5, 0x20A5, 0x20A5, 0x28E6, 0x20C5, 0x18A5, 0x18A5, 0x20C5, 0x20A5, 0x20A5, 0x20A5, 
	0x20C5, 0x20A5, 0x18A5, 0x20A5, 0x20A5, 0x20A5, 0x20A5, 0x20A5, 0x20A5, 0x20A5, 0x20C5, 0x20A5, 0x20C5, 0x20A5, 0x20A5, 0x20E6, 
	0x20C6, 0x20C6, 0x20C6, 0x20A5, 0x20A5, 0x20C5, 0x20C6, 0x20A5, 0x20A5, 0x20C6, 0x20A5, 0x20A5, 0x20A6, 0x20A5, 0x20C5, 0x20A5, 
	0x20C6, 0x20A5, 0x20A5, 0x20A5, 0x20A5, 0x20A6, 0x20C5, 0x20C6, 0x20A5, 0x20A6, 0x20C6, 0x20A5, 0x20A5, 0x20A5, 0x20A5, 0x20C5, 
	0x20A5, 0x20A5, 0x3108, 0x28C6, 0x20A5, 0x20C5, 0x20C5, 0x20C6, 0x3108, 0x392A, 0x28C6, 0x20C5, 0x20C5, 0x28C6, 0x28C6, 0x20A5, 
	0x28C6, 0x20C6, 0x28C6, 0x28C6, 0x28C6, 0x28C6, 0x28C6, 0x28C6, 0x28C6, 0x30C6, 0x30E7, 0x30E7, 0x28C6, 0x28C6, 0x30C6, 0x30E7, 
	0x30C7, 0x30C6, 0x30C6, 0x38E7, 0x38C7, 0x40E7, 0x40E8, 0x40E8, 0x40E8, 0x40E8, 0x40E8, 0x38C7, 0x38C7, 0x38C7, 0x38C7, 0x40C7, 
	0x38C7, 0x38E7, 0x38E7, 0x38E7, 0x38C7, 0x38C7, 0x38C7, 0x38C7, 0x38C7, 0x38C7, 0x38C7, 0x38E7, 0x38C7, 0x38C7, 0x38C7, 0x30C7, 
	0x38C7, 0x30C7, 0x30C6, 0x30C6, 0x30C6, 0x30C6, 0x30C6, 0x30A6, 0x30C6, 0x30C6, 0x30C6, 0x30C6, 0x30C6, 0x28A6, 0x28A6, 0x30C6, 
	0x28A6, 0x28A6, 0x28C6, 0x28C5, 0x28C6, 0x30E7, 0x28C6, 0x28C6, 0x28C6, 0x28C6, 0x28C6, 0x28C6, 0x28C6, 0x28C6, 0x28C6, 0x28A6, 
	0x28C6, 0x28C5, 0x28A5, 0x28C5, 0x28C6, 0x28C6, 0x28C6, 0x28C6, 0x28A6, 0x28A5, 0x28C5, 0x28C6, 0x28C6, 0x28A5, 0x28A6, 0x28A6, 
	0x30C7, 0xAC17, 0x7A90, 0x2885, 0x28C6, 0x20A5, 0x28C5, 0x20A5, 0x28A5, 0x28C6, 0x20A5, 0x20A5, 0x20A5, 0x20A5, 0x20A5, 0x20A5, 
	0x1884, 0x1884, 0x1884, 0x420B, 0x2927, 0x1063, 0x1084, 0x1084, 0x1884, 0x1884, 0x1884, 0x1884, 0x1884, 0x1884, 0x1884, 0x1884, 
	0x1884, 0x1884, 0x18A4, 0x20E6, 0x18A4, 0x1884, 0x1084, 0x1884, 0x1884, 0x1884, 0x1884, 0x1884, 0x1884, 0x18A5, 0x1884, 0x1884, 
	0x1884, 0x1884, 0x1884, 0x1884, 0x1884, 0x1884, 0x1884, 0x1884, 0x1884, 0x1884, 0x1884, 0x1884, 0x1884, 0x1884, 0x1884, 0x1884, 
	0x1884, 0x18A4, 0x18A5, 0x1884, 0x1884, 0x1884, 0x1884, 0x1884, 0x18A4, 0x18A4, 0x1884, 0x1884, 0x1884, 0x1884, 0x1884, 0x1884, 
	0x18A5, 0x3148, 0x20C5, 0x1884, 0x1884, 0x1884, 0x1884, 0x1884, 0x18A4, 0x18A4, 0x1884, 0x18A4, 0x18A4, 0x18A4, 0x1884, 0x1884, 
	0x18A4, 0x18A4, 0x18A4, 0x18A4, 0x1884, 0x1884, 0x18A4, 0x18A4, 0x18A4, 0x1884, 0x18A5, 0x18A5, 0x1884, 0x18A4, 0x18A5, 0x18A5, 
	0x1884, 0x1884, 0x18A5, 0x18A5, 0x18A5, 0x18A5, 0x1885, 0x18A5, 0x18A5, 0x20A5, 0x18A5, 0x1885, 0x18A5, 0x18A5, 0x18A5, 0x18A5, 
	0x1885, 0x18A5, 0x1885, 0x1885, 0x18A5, 0x1885, 0x18A5, 0x1885, 0x18A5, 0x18A5, 0x18A5, 0x20A5, 0x18A5, 0x1885, 0x20A5, 0x18A5, 
	0x18A5, 0x20A5, 0x18A5, 0x20A5, 0x1885, 0x20A5, 0x20A5, 0x18A5, 0x1885, 0x20A5, 0x20A5, 0x20A5, 0x18A5, 0x20A5, 0x20A5, 0x20A5, 
	0x20C5, 0x20A5, 0x20A5, 0x20A5, 0x20C5, 0x20C5, 0x20A5, 0x20C5, 0x20A5, 0x20A5, 0x20A5, 0x20A5, 0x20A5, 0x20A5, 0x20A5, 0x20C5, 
	0x20A5, 0x20A5, 0x20C6, 0x20A5, 0x20A5, 0x20C6, 0x20C6, 0x20A5, 0x20A5, 0x20C5, 0x20A5, 0x20A5, 0x20A5, 0x20A5, 0x20A6, 0x20A5, 
	0x20A5, 0x20A5, 0x20A6, 0x20A6, 0x20A5, 0x20A5, 0x20C5, 0x20A5, 0x20C5, 0x20C6, 0x20A6, 0x20A6, 0x20A6, 0x20A6, 0x20A5, 0x20C6, 
	0x20A5, 0x20C6, 0x28E7, 0x28C6, 0x20C6, 0x20C6, 0x20C5, 0x28C6, 0x28C6, 0x28E6, 0x20C5, 0x20A5, 0x20A5, 0x28C6, 0x28C6, 0x28C6, 
	0x28C6, 0x28C6, 0x28C6, 0x28C6, 0x28C6, 0x28C6, 0x28C6, 0x28C6, 0x28C6, 0x28C6, 0x30C6, 0x30E7, 0x30E6, 0x30E6, 0x30C6, 0x38E7, 
	0x30C6, 0x38E7, 0x38C7, 0x38C7, 0x38C7, 0x40E8, 0x40E8, 0x40E8, 0x40C7, 0x40E8, 0x40E8, 0x40E7, 0x38E7, 0x38C7, 0x38C7, 0x40C7, 
	0x38E7, 0x38C7, 0x30C7, 0x30C7, 0x38C7, 0x38C7, 0x38C7, 0x38C7, 0x38C7, 0x38C7, 0x38C7, 0x38C7, 0x38C7, 0x38C7, 0x38C7, 0x38C7, 
	0x30C6, 0x30C6, 0x30C7, 0x30C6, 0x30C6, 0x30E7, 0x30C6, 0x30C6, 0x30C6, 0x30C6, 0x30C6, 0x28C6, 0x30C6, 0x30C6, 0x28C6, 0x28C6, 
	0x28A6, 0x28C6, 0x28C6, 0x28C6, 0x30E7, 0x38E7, 0x28C6, 0x28C6, 0x28A6, 0x28C6, 0x28C6, 0x28A6, 0x28A6, 0x28C5, 0x28A5, 0x28C6, 
	0x28C6, 0x28C6, 0x28A6, 0x28C6, 0x30E6, 0x3928, 0x28C6, 0x28C6, 0x28A6, 0x28C5, 0x28C5, 0x28C6, 0x28C6, 0x28C5, 0x28C6, 0x28C6, 
	0x30C6, 0x4949, 0x38E7, 0x28C6, 0x28C6, 0x20A5, 0x20A5, 0x20A5, 0x20A5, 0x20A5, 0x20A5, 0x20A5, 0x20A5, 0x20A5, 0x20A5, 0x20A5, 
	0x1084, 0x1884, 0x1884, 0x1884, 0x1083, 0x1084, 0x18A4, 0x1884, 0x18A4, 0x1884, 0x1884, 0x1084, 0x1084, 0x1884, 0x1884, 0x1884, 
	0x1884, 0x1884, 0x18A5, 0x39A9, 0x18A5, 0x1884, 0x1884, 0x1884, 0x1884, 0x1884, 0x18A4, 0x1884, 0x18A4, 0x20E6, 0x1884, 0x1884, 
	0x1884, 0x18A4, 0x1884, 0x1884, 0x1884, 0x1884, 0x1884, 0x1884, 0x1884, 0x18A4, 0x1884, 0x1884, 0x1884, 0x1864, 0x1884, 0x18A4, 
	0x18A4, 0x18A4, 0x1884, 0x1884, 0x1884, 0x1884, 0x18A4, 0x1884, 0x1884, 0x18A4, 0x1884, 0x1884, 0x1884, 0x1884, 0x1884, 0x1884, 
	0x18A4, 0x18C5, 0x18A4, 0x18A4, 0x1884, 0x18A4, 0x18A4, 0x18A4, 0x1884, 0x1884, 0x1884, 0x18A4, 0x1884, 0x1884, 0x18A4, 0x18A4, 
	0x18A4, 0x18A4, 0x18A4, 0x18A4, 0x1884, 0x18A4, 0x18A5, 0x1884, 0x1885, 0x1884, 0x18A4, 0x18A4, 0x18A5, 0x18A4, 0x1884, 0x18A5, 
	0x1884, 0x1884, 0x18A5, 0x18A5, 0x18A5, 0x18A5, 0x1885, 0x1885, 0x18A5, 0x18A5, 0x18A5, 0x18A5, 0x1885, 0x1885, 0x18A5, 0x18A5, 
	0x18A5, 0x18A5, 0x1885, 0x1885, 0x1885, 0x20A5, 0x20A5, 0x2085, 0x18A5, 0x18A5, 0x18A5, 0x20A5, 0x1885, 0x1885, 0x20A5, 0x1885, 
	0x18A5, 0x20A5, 0x1885, 0x20A5, 0x1885, 0x18A5, 0x20A5, 0x18A5, 0x20C5, 0x20A5, 0x20A5, 0x20A5, 0x18A5, 0x20A5, 0x20A5, 0x20A5, 
	0x20A5, 0x20A5, 0x20A5, 0x20A5, 0x20A5, 0x20A5, 0x20A5, 0x20A5, 0x20C5, 0x20A5, 0x20C5, 0x20A5, 0x20C6, 0x20A5, 0x20A5, 0x20A5, 
	0x20C6, 0x20C5, 0x20C5, 0x20C5, 0x20A5, 0x20A5, 0x20A5, 0x20A5, 0x20A5, 0x20A5, 0x20A5, 0x20A5, 0x20C6, 0x20A6, 0x20A6, 0x20A5, 
	0x20A6, 0x20A5, 0x20C6, 0x20C6, 0x20A6, 0x20A5, 0x20C6, 0x20C6, 0x20A5, 0x20C6, 0x20A6, 0x20A5, 0x20C6, 0x20A6, 0x20A5, 0x20C5, 
	0x20C6, 0x20A5, 0x20C5, 0x20A5, 0x20C6, 0x20A5, 0x20A5, 0x28C6, 0x28C6, 0x20C5, 0x28C6, 0x28C6, 0x28C6, 0x28C6, 0x28C6, 0x28C6, 
	0x28C6, 0x28C6, 0x28A6, 0x28C6, 0x28C6, 0x28C6, 0x28C6, 0x28C6, 0x28C6, 0x28C6, 0x28C6, 0x28C6, 0x28C6, 0x30E7, 0x30C7, 0x30C7, 
	0x30E7, 0x38E7, 0x38E7, 0x38C7, 0x38C7, 0x40E8, 0x40C7, 0x40E7, 0x40E7, 0x40C7, 0x38C7, 0x38C7, 0x38C7, 0x38C7, 0x38C7, 0x38E7, 
	0x38C7, 0x38C7, 0x30C6, 0x30C7, 0x38C7, 0x30C7, 0x30C6, 0x38C7, 0x38C7, 0x38C7, 0x38E7, 0x38C7, 0x4107, 0x38E7, 0x38C7, 0x38E7, 
	0x38E7, 0x30E7, 0x38E7, 0x30C6, 0x30C6, 0x30C6, 0x30C6, 0x30C6, 0x30C6, 0x30C6, 0x30C6, 0x28A6, 0x30C6, 0x28C6, 0x28C6, 0x28C6, 
	0x28C6, 0x28C6, 0x28C6, 0x28C6, 0x28C6, 0x28C6, 0x28C6, 0x28C6, 0x28A6, 0x28C6, 0x28C6, 0x28C6, 0x28A6, 0x28C6, 0x28C6, 0x28C5, 
	0x28C6, 0x28C6, 0x28C6, 0x28C5, 0x414A, 0x51CD, 0x30E6, 0x28A5, 0x28C6, 0x28C6, 0x28C5, 0x20C5, 0x28C5, 0x28C6, 0x28A5, 0x28C6, 
	0x28C6, 0x28C5, 0x28C6, 0x28C6, 0x20A5, 0x20A5, 0x20A5, 0x28C5, 0x20A5, 0x20A5, 0x20A5, 0x20A5, 0x20A5, 0x20A5, 0x20A5, 0x20A5, 
	0x1884, 0x1884, 0x1884, 0x18A4, 0x1884, 0x1884, 0x1884, 0x18A5, 0x1884, 0x1884, 0x1884, 0x1884, 0x1884, 0x1884, 0x1884, 0x1884, 
	0x1864, 0x1884, 0x1884, 0x18A4, 0x18A4, 0x1884, 0x1884, 0x1884, 0x1884, 0x1884, 0x1884, 0x1884, 0x1884, 0x18A4, 0x1884, 0x1884, 
	0x1884, 0x1884, 0x1884, 0x1884, 0x1884, 0x1884, 0x1884, 0x1884, 0x1884, 0x1884, 0x1884, 0x1884, 0x1884, 0x1884, 0x1884, 0x1884, 
	0x1884, 0x1884, 0x1884, 0x1884, 0x18A5, 0x1884, 0x1884, 0x1884, 0x1884, 0x1884, 0x18A4, 0x1885, 0x1884, 0x1884, 0x1884, 0x18A4, 
	0x1884, 0x1884, 0x1884, 0x18A4, 0x18A4, 0x1884, 0x1884, 0x1884, 0x1884, 0x1884, 0x18A4, 0x18A4, 0x1884, 0x1884, 0x1884, 0x18A4, 
	0x18A4, 0x1884, 0x18A4, 0x18A4, 0x18A4, 0x18A4, 0x18A4, 0x1884, 0x1885, 0x18A5, 0x20C5, 0x18A4, 0x1884, 0x18A5, 0x18A4, 0x18A4, 
	0x18A5, 0x18A5, 0x1885, 0x18A5, 0x1885, 0x1885, 0x1885, 0x18A5, 0x1885, 0x18A5, 0x18A5, 0x18A5, 0x18A5, 0x1885, 0x18A5, 0x1885, 
	0x1885, 0x18A5, 0x18A5, 0x20A5, 0x20A5, 0x1885, 0x18A5, 0x20A5, 0x1885, 0x18A5, 0x18A5, 0x18A5, 0x20A5, 0x20A5, 0x18A5, 0x18A5, 
	0x18A5, 0x18A5, 0x20A5, 0x20A5, 0x20A5, 0x18A5, 0x20A5, 0x20A5, 0x18A5, 0x20A5, 0x1885, 0x20A5, 0x20C5, 0x20A5, 0x18A5, 0x18A5, 
	0x20A5, 0x20A5, 0x20A5, 0x20A5, 0x20A5, 0x20A5, 0x20C5, 0x20A5, 0x20C5, 0x20A5, 0x20A5, 0x20A5, 0x20C5, 0x20C5, 0x20A5, 0x20C6, 
	0x20A5, 0x20A5, 0x20C5, 0x20A5, 0x20A5, 0x20A5, 0x20A5, 0x20C6, 0x20C5, 0x20A5, 0x20A5, 0x20A5, 0x20C6, 0x20C6, 0x20A5, 0x20C5, 
	0x20A5, 0x20A6, 0x20A6, 0x20A6, 0x20A6, 0x20A6, 0x20C6, 0x20C6, 0x20C6, 0x20C6, 0x20C6, 0x20C6, 0x20C6, 0x20A5, 0x20C5, 0x20C5, 
	0x3108, 0x28E7, 0x20C5, 0x20C6, 0x28C6, 0x20C6, 0x28C6, 0x28C6, 0x28C6, 0x28E6, 0x20A6, 0x28C6, 0x28C6, 0x28C6, 0x28C6, 0x28C6, 
	0x28C6, 0x28C6, 0x28C6, 0x28C6, 0x28C6, 0x28A6, 0x28C6, 0x28C6, 0x28C6, 0x28C6, 0x28C6, 0x28C6, 0x28C6, 0x30C7, 0x30C7, 0x38E7, 
	0x38C7, 0x38C7, 0x38C6, 0x38C7, 0x40E7, 0x40E7, 0x40C7, 0x40E7, 0x40E8, 0x38C7, 0x38E7, 0x38E7, 0x38C7, 0x38C7, 0x30C6, 0x38C6, 
	0x38C7, 0x30C7, 0x30C7, 0x30C6, 0x38E7, 0x30C6, 0x30A6, 0x38C7, 0x38C7, 0x38E7, 0x38C7, 0x38C7, 0x38E7, 0x38C7, 0x38E7, 0x38C7, 
	0x38C7, 0x30C7, 0x30C7, 0x38E7, 0x30C7, 0x30C6, 0x30C6, 0x30C6, 0x30C6, 0x28A6, 0x30C6, 0x30C6, 0x28C6, 0x28C6, 0x30C6, 0x28C6, 
	0x28C6, 0x28C6, 0x28C6, 0x28C6, 0x28C6, 0x28C6, 0x28C6, 0x28C6, 0x28C6, 0x28C6, 0x28C6, 0x28C6, 0x28C6, 0x28C6, 0x28C6, 0x28C6, 
	0x28C6, 0x28C6, 0x28C6, 0x28C6, 0x30E6, 0x30E7, 0x28C6, 0x28C6, 0x28C6, 0x28C6, 0x28C6, 0x20A5, 0x20C6, 0x20C6, 0x28C6, 0x28C6, 
	0x20A5, 0x28C5, 0x20C5, 0x20A5, 0x20C6, 0x20A5, 0x20A5, 0x20A5, 0x20A5, 0x20A5, 0x20A5, 0x20A5, 0x20A5, 0x20A5, 0x20A5, 0x20A5, 
	0x1884, 0x1884, 0x1864, 0x2927, 0x2926, 0x1063, 0x20E5, 0x5A8D, 0x39A9, 0x1063, 0x1884, 0x1884, 0x1884, 0x1864, 0x1884, 0x1884, 
	0x1884, 0x1884, 0x1884, 0x1884, 0x1884, 0x1884, 0x1884, 0x1884, 0x18A4, 0x18A4, 0x1884, 0x1884, 0x1884, 0x1884, 0x1884, 0x1884, 
	0x1884, 0x1884, 0x1884, 0x1884, 0x1884, 0x1884, 0x1884, 0x1884, 0x1884, 0x1884, 0x1884, 0x1884, 0x1884, 0x1884, 0x1884, 0x1884, 
	0x1884, 0x1884, 0x1884, 0x1884, 0x1884, 0x18A4, 0x18A4, 0x1884, 0x1884, 0x1884, 0x1884, 0x1884, 0x1884, 0x1884, 0x1884, 0x1884, 
	0x1884, 0x1884, 0x1884, 0x1884, 0x1884, 0x1884, 0x1884, 0x18A4, 0x1884, 0x18A4, 0x18A4, 0x18A4, 0x1884, 0x1884, 0x1884, 0x1884, 
	0x18A5, 0x18A4, 0x1884, 0x1884, 0x18A4, 0x1884, 0x1884, 0x18A4, 0x1884, 0x18A5, 0x20C5, 0x18A5, 0x1884, 0x18A5, 0x18A4, 0x1884, 
	0x18A5, 0x18A5, 0x1884, 0x18A5, 0x18A5, 0x1885, 0x18A5, 0x18A5, 0x18A5, 0x18A5, 0x18A5, 0x18A5, 0x18A5, 0x18A5, 0x18A5, 0x18A5, 
	0x18A5, 0x18A5, 0x18A5, 0x20A5, 0x18A5, 0x1885, 0x18A5, 0x20A5, 0x18A5, 0x20A5, 0x20A5, 0x18A5, 0x18A5, 0x18A5, 0x18A5, 0x20A5, 
	0x18A5, 0x18A5, 0x20A5, 0x18A5, 0x18A5, 0x18A5, 0x20A5, 0x20A5, 0x1885, 0x20A5, 0x20A5, 0x20A5, 0x20C5, 0x20A5, 0x20A5, 0x20A5, 
	0x20A5, 0x20A5, 0x20A5, 0x20C5, 0x20A5, 0x20A5, 0x20A5, 0x20A5, 0x20A5, 0x20A5, 0x20A5, 0x20A5, 0x20A5, 0x20A5, 0x20A5, 0x20A5, 
	0x20A5, 0x20C5, 0x20C5, 0x20A5, 0x20A5, 0x20C5, 0x20A5, 0x20A5, 0x20A5, 0x20A5, 0x20C6, 0x20A5, 0x20A5, 0x20C6, 0x20A5, 0x28E6, 
	0x3949, 0x20A5, 0x20A6, 0x20A5, 0x20C6, 0x20A6, 0x20A6, 0x20A6, 0x20C6, 0x20A6, 0x20A6, 0x20A6, 0x20C6, 0x20C6, 0x20C5, 0x20C5, 
	0x3109, 0x3108, 0x20A5, 0x20C6, 0x20C6, 0x20C6, 0x28C6, 0x28C6, 0x28C6, 0x28C6, 0x20C6, 0x20C6, 0x28C6, 0x28A6, 0x28A6, 0x28A6, 
	0x28C6, 0x28C6, 0x28C6, 0x28C6, 0x28C6, 0x28A6, 0x28C6, 0x28C6, 0x28C6, 0x28C6, 0x28C6, 0x30E6, 0x30C6, 0x30C6, 0x38E7, 0x4108, 
	0x38E7, 0x38E7, 0x38E7, 0x38C7, 0x40E8, 0x40E7, 0x40E7, 0x40E7, 0x40C7, 0x38C7, 0x38E7, 0x38C7, 0x30C6, 0x38C7, 0x38C6, 0x30C6, 
	0x30C6, 0x30C6, 0x30C6, 0x30C6, 0x38C7, 0x30C7, 0x30C7, 0x38C7, 0x38C7, 0x38C7, 0x38C7, 0x38C7, 0x38E8, 0x38E7, 0x4108, 0x38C7, 
	0x38C7, 0x38C7, 0x30C7, 0x38E7, 0x38E7, 0x30C6, 0x30C6, 0x30C6, 0x30C6, 0x30C6, 0x38E7, 0x38E7, 0x30C6, 0x28A6, 0x28C6, 0x28C6, 
	0x28C6, 0x28C6, 0x28C6, 0x28C6, 0x28C6, 0x28C6, 0x28C6, 0x28C6, 0x28C6, 0x28C6, 0x28C6, 0x28C6, 0x28A5, 0x28A5, 0x28C5, 0x28C6, 
	0x28C6, 0x28C6, 0x28A6, 0x28C6, 0x28C5, 0x28A5, 0x28C6, 0x28C5, 0x28C6, 0x28C6, 0x28C5, 0x28C5, 0x28C6, 0x28C6, 0x28A5, 0x20C5, 
	0x20A5, 0x20A5, 0x20A5, 0x20C6, 0x20C6, 0x20A5, 0x20A5, 0x20C5, 0x28C5, 0x20A5, 0x20A5, 0x20A5, 0x20A5, 0x20A5, 0x20A5, 0x20A5, 
	0x1884, 0x1884, 0x1084, 0x20C5, 0x20C5, 0x1884, 0x20E5, 0x39A9, 0x2927, 0x1084, 0x1884, 0x1084, 0x1884, 0x1884, 0x1884, 0x1884, 
	0x1884, 0x1884, 0x1884, 0x1884, 0x1884, 0x1884, 0x1884, 0x1884, 0x18A4, 0x18A4, 0x1884, 0x1884, 0x1884, 0x1884, 0x1884, 0x1884, 
	0x1884, 0x1884, 0x1884, 0x1884, 0x1884, 0x18A4, 0x1884, 0x1884, 0x1884, 0x1884, 0x1884, 0x1884, 0x1884, 0x18A4, 0x1884, 0x1884, 
	0x1884, 0x1884, 0x1884, 0x1884, 0x20C5, 0x2927, 0x1884, 0x1884, 0x1884, 0x1884, 0x1884, 0x18A4, 0x1884, 0x18A4, 0x1884, 0x1884, 
	0x1884, 0x1884, 0x1884, 0x1884, 0x1884, 0x1884, 0x1884, 0x1884, 0x18A4, 0x18A4, 0x1884, 0x1884, 0x1884, 0x18A5, 0x1884, 0x18A4, 
	0x1884, 0x1884, 0x18A4, 0x1884, 0x18A4, 0x1885, 0x18A4, 0x18A5, 0x1884, 0x18A4, 0x18A5, 0x18A5, 0x18A5, 0x1884, 0x1884, 0x18A5, 
	0x18A5, 0x18A5, 0x18A5, 0x18A5, 0x1885, 0x18A5, 0x18A5, 0x18A5, 0x18A5, 0x1885, 0x18A5, 0x18A5, 0x18A5, 0x18A5, 0x18A5, 0x20A5, 
	0x1885, 0x1885, 0x2085, 0x18A5, 0x18A5, 0x20A5, 0x18A5, 0x1885, 0x20A5, 0x1885, 0x1885, 0x18A5, 0x18A5, 0x18A5, 0x18A5, 0x18A5, 
	0x1885, 0x20A5, 0x20A5, 0x18A5, 0x20A5, 0x18A5, 0x20A5, 0x20A5, 0x18A5, 0x20A5, 0x20A5, 0x18A5, 0x20A5, 0x18A5, 0x20A5, 0x20A5, 
	0x20A5, 0x20A5, 0x20A5, 0x20A5, 0x20A5, 0x20A5, 0x20A5, 0x20A5, 0x20C5, 0x20A5, 0x20C5, 0x20C5, 0x20A5, 0x20A5, 0x20C5, 0x20C6, 
	0x20C6, 0x20A6, 0x20C5, 0x20C5, 0x20A5, 0x20A5, 0x20A5, 0x20C5, 0x20C5, 0x20A6, 0x20C6, 0x20A5, 0x20C6, 0x20C6, 0x20A5, 0x418A, 
	0x6270, 0x20A5, 0x20C6, 0x20A6, 0x20A6, 0x20A5, 0x20A5, 0x20C6, 0x20A6, 0x20A6, 0x20C6, 0x20C6, 0x20C6, 0x20C6, 0x20A5, 0x20C5, 
	0x20C6, 0x28C6, 0x20C6, 0x20C6, 0x20A5, 0x20A6, 0x28C6, 0x28C6, 0x28C6, 0x20C6, 0x28C6, 0x30E7, 0x28E7, 0x28C6, 0x28C6, 0x28C6, 
	0x28C6, 0x28C6, 0x28C6, 0x28C6, 0x28C6, 0x28C6, 0x28C6, 0x28C6, 0x28C6, 0x30C6, 0x30E6, 0x30C6, 0x30C6, 0x30E7, 0x38E7, 0x38E7, 
	0x38C7, 0x38E7, 0x38E7, 0x38C7, 0x38E7, 0x38E7, 0x40E7, 0x40C7, 0x40E7, 0x38E7, 0x38E7, 0x38E7, 0x38C7, 0x38C7, 0x38E7, 0x38C7, 
	0x30C6, 0x30C6, 0x30E7, 0x30C6, 0x38E7, 0x38C7, 0x38E7, 0x38E7, 0x38C7, 0x38C7, 0x38E7, 0x38C7, 0x4108, 0x4108, 0x40E7, 0x38C7, 
	0x38C7, 0x38E7, 0x38E7, 0x38E7, 0x30A6, 0x30C6, 0x30C6, 0x30C6, 0x30C6, 0x30C6, 0x30E7, 0x30E7, 0x30C6, 0x28A6, 0x28C6, 0x28C6, 
	0x28C6, 0x28C6, 0x28C6, 0x28C6, 0x28C6, 0x28C6, 0x28C6, 0x28C6, 0x28C6, 0x28C6, 0x28C6, 0x28C6, 0x28C6, 0x28C6, 0x28C6, 0x28A6, 
	0x28C6, 0x28C6, 0x28A5, 0x28C6, 0x28C5, 0x28C5, 0x28C5, 0x20A5, 0x28C6, 0x28C6, 0x28C5, 0x28C6, 0x28C6, 0x20A5, 0x20A5, 0x20C5, 
	0x20C5, 0x20C5, 0x20C5, 0x28C6, 0x28C6, 0x20A5, 0x28C6, 0x28C5, 0x28A5, 0x20C5, 0x20A5, 0x20A5, 0x20A5, 0x20A5, 0x20A5, 0x20A5, 
	0x1884, 0x1884, 0x1884, 0x1084, 0x1884, 0x1884, 0x1884, 0x1063, 0x1064, 0x18A4, 0x1884, 0x1884, 0x1884, 0x1884, 0x1884, 0x1884, 
	0x1884, 0x1884, 0x1884, 0x18A4, 0x1884, 0x1884, 0x18A4, 0x1884, 0x1884, 0x1884, 0x1884, 0x1884, 0x1884, 0x1884, 0x18A4, 0x1884, 
	0x1884, 0x1884, 0x1884, 0x1884, 0x1884, 0x1884, 0x1884, 0x1884, 0x1884, 0x1864, 0x1884, 0x1884, 0x1884, 0x18A4, 0x1884, 0x1884, 
	0x1884, 0x1884, 0x18A4, 0x1884, 0x18A4, 0x18A4, 0x1884, 0x1884, 0x1884, 0x1884, 0x18A4, 0x18A4, 0x18A4, 0x18A4, 0x1884, 0x1884, 
	0x18A5, 0x1884, 0x18A4, 0x18A4, 0x1884, 0x1884, 0x18A4, 0x18A4, 0x1884, 0x1884, 0x1884, 0x18A4, 0x18A4, 0x1884, 0x1884, 0x18A4, 
	0x1884, 0x1884, 0x18A4, 0x18A4, 0x18A5, 0x1884, 0x18A4, 0x1884, 0x1884, 0x18A5, 0x1884, 0x18A5, 0x18A5, 0x18A5, 0x18A5, 0x18A5, 
	0x18A5, 0x18A5, 0x1885, 0x18A5, 0x1885, 0x18A5, 0x18A5, 0x1885, 0x18A5, 0x1885, 0x18A5, 0x18A5, 0x18A5, 0x18A5, 0x1885, 0x1885, 
	0x1885, 0x1885, 0x20A5, 0x20A5, 0x20A5, 0x18A5, 0x18A5, 0x1885, 0x2085, 0x1885, 0x20A5, 0x18A5, 0x18A5, 0x18A5, 0x1885, 0x1885, 
	0x20A5, 0x20A5, 0x18A5, 0x18A5, 0x18A5, 0x18A5, 0x20A5, 0x18A5, 0x20A5, 0x20A5, 0x20A5, 0x20A5, 0x20A5, 0x20A5, 0x20A5, 0x20A5, 
	0x20A5, 0x20A5, 0x20A5, 0x20A5, 0x20C5, 0x20C5, 0x20A5, 0x28E6, 0x20C6, 0x20A5, 0x20A5, 0x20A5, 0x20A5, 0x20A5, 0x20C5, 0x20C6, 
	0x20A5, 0x20A5, 0x20A5, 0x20A5, 0x20A5, 0x20A5, 0x20C5, 0x20A5, 0x20A6, 0x20C6, 0x20C6, 0x20A6, 0x20A5, 0x20C6, 0x20C6, 0x20C6, 
	0x20C6, 0x20C5, 0x20C6, 0x20A6, 0x20C6, 0x20C6, 0x20A5, 0x20C6, 0x20C5, 0x20A5, 0x28C6, 0x20C6, 0x20C6, 0x20A6, 0x20C6, 0x20C6, 
	0x20A5, 0x20C6, 0x28C6, 0x20C6, 0x20C6, 0x28A6, 0x28E6, 0x20C6, 0x28C6, 0x28C6, 0x28C6, 0x3908, 0x30E7, 0x28C6, 0x28C6, 0x28C6, 
	0x28C6, 0x28C6, 0x28C6, 0x28C6, 0x28C6, 0x28C6, 0x28C6, 0x28C6, 0x28C6, 0x28C6, 0x30E7, 0x28C6, 0x30E7, 0x30E7, 0x30C6, 0x38E7, 
	0x30C7, 0x30C6, 0x38C6, 0x38E7, 0x38E7, 0x38C7, 0x40E7, 0x40E8, 0x40E8, 0x38C7, 0x38C7, 0x38C7, 0x38C7, 0x38C7, 0x38E7, 0x30C7, 
	0x30C6, 0x30E7, 0x30E7, 0x30C7, 0x38C7, 0x38C7, 0x38C7, 0x38C7, 0x30C6, 0x38C7, 0x38E7, 0x38E7, 0x38E7, 0x38C7, 0x38C7, 0x38E7, 
	0x38C7, 0x38C7, 0x30C6, 0x30C7, 0x30C6, 0x30C6, 0x30C6, 0x30C6, 0x30C6, 0x28C6, 0x30C6, 0x28C6, 0x28C6, 0x28A6, 0x28C6, 0x28C6, 
	0x28A6, 0x28A6, 0x28C6, 0x30C6, 0x28C6, 0x28C6, 0x28C6, 0x28C6, 0x30E6, 0x28C6, 0x28A5, 0x28C6, 0x28C6, 0x28C6, 0x28C6, 0x28A6, 
	0x28A6, 0x28A6, 0x28A6, 0x28C6, 0x28C6, 0x28C6, 0x28C6, 0x28C6, 0x28C6, 0x28A6, 0x28C5, 0x28C5, 0x20C5, 0x20A5, 0x28C6, 0x28C6, 
	0x20C5, 0x28C5, 0x20C5, 0x20C5, 0x20C5, 0x20A5, 0x20A5, 0x20A5, 0x20A5, 0x20A5, 0x20A5, 0x20A5, 0x20A5, 0x20A5, 0x20A5, 0x20A5, 
	0x1884, 0x1884, 0x1884, 0x1884, 0x18A4, 0x1884, 0x1884, 0x1884, 0x1084, 0x1884, 0x1884, 0x1884, 0x1884, 0x1884, 0x1884, 0x1884, 
	0x1884, 0x1884, 0x1884, 0x1884, 0x1884, 0x1884, 0x1884, 0x1884, 0x1884, 0x1884, 0x18A4, 0x1884, 0x1884, 0x1884, 0x1884, 0x1884, 
	0x18A4, 0x1884, 0x1884, 0x1884, 0x1884, 0x1884, 0x1884, 0x1884, 0x1884, 0x1884, 0x1884, 0x1884, 0x1884, 0x1884, 0x1884, 0x1884, 
	0x1884, 0x1884, 0x1884, 0x18A4, 0x1884, 0x1884, 0x1884, 0x1884, 0x1884, 0x1884, 0x1884, 0x1884, 0x1884, 0x1884, 0x18A4, 0x18A5, 
	0x18A5, 0x1884, 0x18A4, 0x18A4, 0x1884, 0x18A4, 0x1884, 0x18A4, 0x1884, 0x1884, 0x1884, 0x18A4, 0x18A4, 0x1884, 0x18A5, 0x18A5, 
	0x18A4, 0x18A4, 0x18A4, 0x18A5, 0x1885, 0x1884, 0x18A5, 0x18A4, 0x18A4, 0x1884, 0x1884, 0x1885, 0x1884, 0x18A5, 0x18A5, 0x18A5, 
	0x18A5, 0x1885, 0x18A5, 0x18A5, 0x1885, 0x18A5, 0x18A5, 0x1884, 0x1885, 0x1885, 0x18A5, 0x18A5, 0x1885, 0x18A5, 0x18A5, 0x18A5, 
	0x18A5, 0x1885, 0x18A5, 0x18A5, 0x1885, 0x18A5, 0x18A5, 0x1885, 0x20A5, 0x18A5, 0x18A5, 0x18A5, 0x18A5, 0x18A5, 0x18A5, 0x20A5, 
	0x20A5, 0x1885, 0x20A5, 0x20A5, 0x18A5, 0x20A5, 0x20A5, 0x20A5, 0x20A5, 0x20A5, 0x20A5, 0x20A5, 0x20A5, 0x20A5, 0x20A5, 0x20A5, 
	0x20C5, 0x20A5, 0x20A5, 0x20A5, 0x20A5, 0x20C6, 0x20A5, 0x20C5, 0x20A6, 0x20A6, 0x20A6, 0x20A5, 0x20A5, 0x20A5, 0x20A5, 0x20A5, 
	0x20A6, 0x20A6, 0x20C5, 0x20C5, 0x20A5, 0x20A5, 0x20A6, 0x20A5, 0x20A5, 0x20A5, 0x20A6, 0x20A5, 0x20A5, 0x20A6, 0x20A6, 0x20A6, 
	0x20A5, 0x20C6, 0x20A6, 0x20C6, 0x20A6, 0x20A6, 0x20A5, 0x20A5, 0x20A6, 0x20A5, 0x20C6, 0x20A6, 0x20A6, 0x20A6, 0x28C6, 0x28C6, 
	0x20C6, 0x28C6, 0x20A6, 0x28C6, 0x28C6, 0x28C6, 0x28C6, 0x28C6, 0x28C6, 0x28C6, 0x28C6, 0x28C6, 0x28C6, 0x28C6, 0x28C6, 0x28C6, 
	0x28C6, 0x28C6, 0x28C6, 0x28C6, 0x28E6, 0x28C6, 0x28C6, 0x28C6, 0x28C6, 0x30E6, 0x30C7, 0x30C6, 0x30C6, 0x30C6, 0x30C7, 0x30E7, 
	0x30C6, 0x38C7, 0x38C6, 0x38E7, 0x38C7, 0x38C7, 0x40C7, 0x38C7, 0x40C7, 0x38C7, 0x38C7, 0x38C7, 0x38C7, 0x38C7, 0x38C7, 0x30C7, 
	0x30C7, 0x30C6, 0x30A6, 0x38C7, 0x38C7, 0x38C7, 0x38E7, 0x38C7, 0x38C6, 0x38E7, 0x38C7, 0x38C7, 0x38C7, 0x38C7, 0x38C7, 0x38C7, 
	0x38C7, 0x38C7, 0x30C6, 0x30C6, 0x30C6, 0x30C6, 0x30A6, 0x30C6, 0x30C6, 0x28C6, 0x28C6, 0x28C6, 0x28C6, 0x28C6, 0x30C6, 0x28C6, 
	0x28A6, 0x28C6, 0x28C6, 0x28C6, 0x28C6, 0x28C6, 0x28C6, 0x28C6, 0x28C6, 0x28C6, 0x28C6, 0x28C6, 0x28C6, 0x28C6, 0x28C6, 0x28C6, 
	0x28C6, 0x28A6, 0x28C6, 0x28C6, 0x28C6, 0x28C6, 0x28A6, 0x28C6, 0x28C6, 0x28C6, 0x28C6, 0x20A5, 0x28C5, 0x28C6, 0x28C6, 0x28C6, 
	0x28A6, 0x28A5, 0x20A5, 0x20A5, 0x20A5, 0x20A5, 0x20A5, 0x20A5, 0x20A5, 0x20A5, 0x20A5, 0x20C5, 0x20A5, 0x20A5, 0x20A5, 0x20A5, 
	0x1884, 0x1884, 0x1884, 0x1884, 0x1884, 0x1884, 0x1884, 0x1884, 0x1884, 0x18A4, 0x1884, 0x1884, 0x1884, 0x1884, 0x1884, 0x1884, 
	0x1884, 0x1884, 0x1884, 0x1884, 0x1884, 0x1884, 0x1884, 0x1884, 0x1884, 0x1884, 0x1884, 0x1884, 0x1884, 0x1884, 0x1884, 0x1884, 
	0x18A4, 0x1884, 0x1884, 0x1884, 0x1884, 0x1884, 0x1884, 0x1884, 0x1884, 0x1884, 0x1884, 0x1884, 0x1884, 0x1884, 0x1884, 0x1884, 
	0x1884, 0x1884, 0x1884, 0x1884, 0x1884, 0x1884, 0x1884, 0x1884, 0x1884, 0x1884, 0x18A4, 0x1884, 0x1884, 0x18A4, 0x18A4, 0x18A4, 
	0x1884, 0x18A4, 0x18A4, 0x18A4, 0x1884, 0x18A4, 0x1884, 0x18A4, 0x18A4, 0x18A4, 0x1884, 0x1884, 0x18A4, 0x18A4, 0x18A4, 0x1884, 
	0x1884, 0x1884, 0x1884, 0x1884, 0x20A5, 0x20C6, 0x1885, 0x1885, 0x1884, 0x1885, 0x18A5, 0x18A5, 0x1885, 0x18A5, 0x1884, 0x1885, 
	0x1885, 0x1885, 0x1885, 0x1885, 0x1885, 0x1885, 0x1885, 0x18A5, 0x18A5, 0x18A5, 0x1885, 0x1885, 0x18A5, 0x1885, 0x18A5, 0x18A5, 
	0x18A5, 0x18A5, 0x18A5, 0x18A5, 0x18A5, 0x20A5, 0x2085, 0x18A5, 0x18A5, 0x18A5, 0x20A5, 0x20A5, 0x18A5, 0x20A5, 0x20A5, 0x18A5, 
	0x18A5, 0x18A5, 0x20A5, 0x20A5, 0x20A5, 0x20A5, 0x20A5, 0x20A5, 0x20A5, 0x20A5, 0x20A5, 0x20C5, 0x20A5, 0x20A5, 0x20C5, 0x20A5, 
	0x20A5, 0x20A5, 0x20A5, 0x20C5, 0x20A5, 0x20A5, 0x20A5, 0x20A5, 0x20A5, 0x20C6, 0x20C6, 0x20A5, 0x20A5, 0x20A5, 0x20A5, 0x20A6, 
	0x20A5, 0x20A6, 0x20A6, 0x20A5, 0x20C5, 0x20A6, 0x20C6, 0x20C6, 0x20A5, 0x20A5, 0x20A5, 0x20A6, 0x20A5, 0x20A6, 0x20C6, 0x20A6, 
	0x20A5, 0x20A6, 0x20C6, 0x20A6, 0x20A6, 0x20A6, 0x20A5, 0x20A6, 0x20C6, 0x20A6, 0x20C6, 0x20A6, 0x20A6, 0x20A6, 0x20C6, 0x20A6, 
	0x20A5, 0x20C6, 0x20A6, 0x20A6, 0x28C6, 0x28C6, 0x20C6, 0x28C6, 0x28C6, 0x28C6, 0x28C6, 0x28C6, 0x28C6, 0x28C6, 0x28C6, 0x28C6, 
	0x28C6, 0x28C6, 0x28A6, 0x28C6, 0x28C6, 0x28C6, 0x28C6, 0x28C6, 0x28C6, 0x28C6, 0x30C6, 0x28C6, 0x28C6, 0x30E6, 0x30E7, 0x30C6, 
	0x30C6, 0x38E7, 0x38C6, 0x38E7, 0x38C7, 0x40E7, 0x40E8, 0x38C7, 0x38C7, 0x38E7, 0x38C7, 0x38C7, 0x30C7, 0x30C7, 0x38C7, 0x38C7, 
	0x38C7, 0x38C7, 0x30C7, 0x38C7, 0x38E7, 0x38C7, 0x38E7, 0x38E7, 0x38C7, 0x38E7, 0x38C7, 0x30C7, 0x30C6, 0x30C6, 0x38E7, 0x30C6, 
	0x30C6, 0x38C7, 0x38C7, 0x30C6, 0x30C6, 0x30C6, 0x30C6, 0x30E6, 0x30E7, 0x28C6, 0x28C6, 0x28C6, 0x28C6, 0x28A6, 0x28C6, 0x28C6, 
	0x28C6, 0x28C6, 0x28C6, 0x28A5, 0x28C6, 0x28C6, 0x28C6, 0x28C6, 0x28C6, 0x28A5, 0x28C6, 0x28C6, 0x28A5, 0x28A5, 0x28A6, 0x28C6, 
	0x28C6, 0x28C6, 0x28C6, 0x28C6, 0x28A5, 0x28C6, 0x20A5, 0x28C6, 0x28C6, 0x28C6, 0x28C6, 0x28A5, 0x20C5, 0x20C5, 0x20A5, 0x28A5, 
	0x20A6, 0x20C6, 0x20A6, 0x20A5, 0x20A5, 0x20A5, 0x20A5, 0x20A5, 0x20C5, 0x20A5, 0x20A5, 0x20A5, 0x20A5, 0x20A5, 0x20A5, 0x20A5, 
	0x1884, 0x1884, 0x1884, 0x1884, 0x1884, 0x1884, 0x1884, 0x1884, 0x1884, 0x1884, 0x1884, 0x1884, 0x1884, 0x1864, 0x1884, 0x1884, 
	0x1884, 0x1884, 0x1884, 0x1884, 0x1884, 0x1864, 0x1884, 0x1884, 0x1884, 0x1884, 0x1884, 0x1884, 0x1884, 0x18A4, 0x1884, 0x1884, 
	0x1884, 0x1884, 0x1884, 0x1884, 0x1884, 0x1884, 0x1884, 0x1884, 0x1884, 0x18A4, 0x1884, 0x1884, 0x1884, 0x1884, 0x1884, 0x1884, 
	0x1884, 0x18A4, 0x1884, 0x1884, 0x1884, 0x1884, 0x1884, 0x1884, 0x18A4, 0x18A4, 0x18A4, 0x18A4, 0x1884, 0x1884, 0x1884, 0x1884, 
	0x1884, 0x18A4, 0x1884, 0x1884, 0x1884, 0x1884, 0x18A4, 0x18A4, 0x1884, 0x18A5, 0x18A5, 0x1884, 0x1884, 0x1884, 0x18A4, 0x1884, 
	0x18A5, 0x18A4, 0x18A4, 0x1884, 0x20C6, 0x2907, 0x18A5, 0x1884, 0x1885, 0x18A5, 0x18A5, 0x1885, 0x18A5, 0x1885, 0x1885, 0x18A5, 
	0x1884, 0x1885, 0x18A5, 0x18A5, 0x18A5, 0x18A5, 0x1885, 0x1885, 0x18A5, 0x18A5, 0x18A5, 0x1885, 0x1885, 0x1885, 0x18A5, 0x1884, 
	0x18A5, 0x20A5, 0x20A5, 0x20A5, 0x2085, 0x1885, 0x20A5, 0x18A5, 0x18A5, 0x18A5, 0x18A5, 0x20A5, 0x2085, 0x2085, 0x20A5, 0x18A5, 
	0x20A5, 0x20A5, 0x20A5, 0x20A5, 0x20A5, 0x20A5, 0x20A5, 0x20A5, 0x20A5, 0x20A5, 0x20A5, 0x20A5, 0x20A5, 0x20C6, 0x20C6, 0x20A5, 
	0x20A5, 0x20A5, 0x20A5, 0x20A5, 0x20A5, 0x20C6, 0x20C6, 0x20C5, 0x20A5, 0x20A5, 0x20C5, 0x20A5, 0x20C6, 0x20C6, 0x20A5, 0x20C6, 
	0x20A5, 0x20A5, 0x20A6, 0x20A5, 0x20C6, 0x20C6, 0x20A5, 0x20C6, 0x20A5, 0x20A6, 0x20A6, 0x20A6, 0x20C6, 0x20A6, 0x20C6, 0x20A6, 
	0x20A6, 0x20A6, 0x20A5, 0x20A5, 0x20A5, 0x20C6, 0x20A6, 0x20C6, 0x20C6, 0x20C6, 0x28C6, 0x28C6, 0x28C6, 0x28C6, 0x20A6, 0x20A6, 
	0x20C5, 0x20A6, 0x28A6, 0x28C6, 0x28C6, 0x28C6, 0x28C6, 0x28C6, 0x28A6, 0x28C6, 0x28C6, 0x28C6, 0x28C6, 0x28C6, 0x28C6, 0x28C6, 
	0x28C6, 0x28C6, 0x28C6, 0x28C6, 0x28C6, 0x28C6, 0x28C6, 0x28C6, 0x28C6, 0x30C6, 0x30E6, 0x30C6, 0x30C6, 0x30C6, 0x30C6, 0x30C6, 
	0x30C6, 0x30C7, 0x38C7, 0x38C7, 0x40E7, 0x40E8, 0x40E8, 0x40E8, 0x38C7, 0x38C7, 0x38E7, 0x38C7, 0x38C7, 0x38C7, 0x38C7, 0x38C7, 
	0x38C7, 0x38E7, 0x38C7, 0x38C7, 0x38C7, 0x38A7, 0x38C7, 0x38C7, 0x30C7, 0x38C7, 0x38C6, 0x38E7, 0x30C7, 0x30C6, 0x30C6, 0x30C6, 
	0x38C7, 0x38C7, 0x30C7, 0x30C6, 0x30C6, 0x30C6, 0x30C6, 0x30C6, 0x30C6, 0x30C6, 0x3907, 0x3908, 0x30E6, 0x28C6, 0x28A6, 0x28C6, 
	0x28A6, 0x28C6, 0x28C6, 0x28A6, 0x28C6, 0x28C6, 0x28C5, 0x28C6, 0x28C6, 0x28C6, 0x28C6, 0x28C6, 0x28C6, 0x28C6, 0x28C6, 0x28C6, 
	0x28A5, 0x28C6, 0x28A5, 0x28C6, 0x28A6, 0x28A5, 0x28A5, 0x28C6, 0x28C5, 0x20A5, 0x20A5, 0x20A5, 0x20A5, 0x20A5, 0x20A5, 0x20C5, 
	0x28A6, 0x28C5, 0x28C6, 0x28A6, 0x28C6, 0x20C5, 0x20A5, 0x20A5, 0x20A5, 0x20A5, 0x20A5, 0x20A5, 0x20A5, 0x20A5, 0x20A5, 0x20A5, 
	0x1884, 0x1884, 0x1884, 0x1884, 0x1884, 0x1884, 0x1884, 0x18A4, 0x1884, 0x1884, 0x1884, 0x1884, 0x1884, 0x1864, 0x1884, 0x1884, 
	0x1884, 0x1884, 0x1884, 0x1884, 0x1884, 0x1864, 0x1884, 0x1884, 0x18A4, 0x18A4, 0x1884, 0x1884, 0x1884, 0x1884, 0x1884, 0x1884, 
	0x1884, 0x1884, 0x18A4, 0x18A4, 0x1884, 0x1884, 0x1884, 0x1884, 0x1884, 0x18A4, 0x1884, 0x1884, 0x1884, 0x1884, 0x1884, 0x1884, 
	0x18A4, 0x18A4, 0x1884, 0x1884, 0x1884, 0x1884, 0x18A4, 0x18A4, 0x18A4, 0x18A4, 0x1884, 0x1884, 0x1884, 0x1884, 0x18A4, 0x18A4, 
	0x18A4, 0x18A4, 0x1884, 0x1884, 0x1884, 0x1884, 0x18A4, 0x18A4, 0x18A4, 0x18A5, 0x1884, 0x1885, 0x1884, 0x1884, 0x1884, 0x18A5, 
	0x28E6, 0x20A5, 0x1884, 0x18A4, 0x18A4, 0x1884, 0x1885, 0x20A5, 0x18A5, 0x18A5, 0x18A5, 0x1884, 0x18A5, 0x1885, 0x1884, 0x18A5, 
	0x1885, 0x1885, 0x18A5, 0x18A5, 0x20A5, 0x20A5, 0x1885, 0x18A5, 0x18A5, 0x20A5, 0x18A5, 0x1885, 0x18A5, 0x1885, 0x20A5, 0x20A5, 
	0x20A5, 0x18A5, 0x1885, 0x20A5, 0x2085, 0x1885, 0x20A5, 0x18A5, 0x20A5, 0x18A5, 0x18A5, 0x20A5, 0x2085, 0x1885, 0x20A5, 0x20A5, 
	0x20A5, 0x20A5, 0x18A5, 0x20A5, 0x20A5, 0x20A5, 0x20C5, 0x20A5, 0x20A5, 0x20A5, 0x20A5, 0x20A5, 0x20A5, 0x20A5, 0x20A5, 0x20A5, 
	0x20A5, 0x20A5, 0x20C5, 0x20A5, 0x20C6, 0x20A5, 0x20A5, 0x20A5, 0x20A5, 0x20C5, 0x20C5, 0x20A5, 0x20A6, 0x20A5, 0x20A5, 0x20C5, 
	0x20C5, 0x20C5, 0x20C6, 0x20A5, 0x20C6, 0x20C6, 0x20A5, 0x20A5, 0x20A5, 0x20C6, 0x20C6, 0x20C6, 0x20A6, 0x20A6, 0x20C6, 0x20C6, 
	0x20C6, 0x20C6, 0x20C6, 0x20C5, 0x20C6, 0x20C6, 0x20C6, 0x28C6, 0x20A6, 0x20C6, 0x28C6, 0x20A6, 0x20C6, 0x28C6, 0x20A6, 0x20C6, 
	0x20C6, 0x28A6, 0x28C6, 0x28C6, 0x28C6, 0x28C6, 0x28C6, 0x28C6, 0x28C6, 0x28C6, 0x28C6, 0x28E6, 0x28C6, 0x28C6, 0x28C6, 0x28E6, 
	0x28C6, 0x28C6, 0x28C6, 0x28C6, 0x28E6, 0x28C6, 0x28C6, 0x28E6, 0x28C6, 0x30C6, 0x30C6, 0x30C6, 0x30C6, 0x30C6, 0x30C6, 0x30C7, 
	0x30C6, 0x30C6, 0x38E7, 0x38C7, 0x40E7, 0x40C7, 0x40C7, 0x40E7, 0x38C7, 0x38E7, 0x38E7, 0x38E7, 0x38E7, 0x38E7, 0x38C7, 0x38C7, 
	0x38E7, 0x38E7, 0x38C7, 0x38C7, 0x38C7, 0x38E7, 0x38C7, 0x30C7, 0x30C7, 0x38C7, 0x38C7, 0x38C7, 0x38C7, 0x38C7, 0x38E7, 0x38C7, 
	0x38C7, 0x38C7, 0x30C7, 0x30C6, 0x30C6, 0x30C6, 0x30C6, 0x30C6, 0x28C6, 0x28C6, 0x412A, 0x59AD, 0x30C6, 0x28A6, 0x28C6, 0x28C6, 
	0x28A6, 0x28C6, 0x28A6, 0x28C6, 0x28C6, 0x28C6, 0x28C6, 0x28C6, 0x28E6, 0x28C6, 0x28C6, 0x28C6, 0x28A6, 0x28C6, 0x28C6, 0x28C6, 
	0x28A5, 0x28C5, 0x20A5, 0x28C6, 0x28A6, 0x28A5, 0x28C5, 0x28C6, 0x28C5, 0x20A5, 0x20C5, 0x20C5, 0x20A5, 0x20A5, 0x20C5, 0x20C5, 
	0x28C5, 0x20A5, 0x20A5, 0x20A5, 0x20A5, 0x20A5, 0x20A5, 0x20A5, 0x20A5, 0x20C5, 0x20A5, 0x20A5, 0x20A5, 0x20A5, 0x20A5, 0x20A5, 
	0x1884, 0x1884, 0x1884, 0x1884, 0x1884, 0x1884, 0x1884, 0x1884, 0x1884, 0x1884, 0x1884, 0x1884, 0x1884, 0x1884, 0x1884, 0x1884, 
	0x1884, 0x1884, 0x1884, 0x1884, 0x1884, 0x1884, 0x1884, 0x1884, 0x1884, 0x1884, 0x1864, 0x1884, 0x1884, 0x1884, 0x1884, 0x1884, 
	0x1884, 0x1884, 0x18A4, 0x1884, 0x1884, 0x1884, 0x1884, 0x1884, 0x1884, 0x1884, 0x1884, 0x1884, 0x1884, 0x1884, 0x1884, 0x1884, 
	0x1884, 0x1884, 0x18A4, 0x1884, 0x18A4, 0x1884, 0x1884, 0x1884, 0x1884, 0x18A4, 0x1884, 0x1884, 0x18A5, 0x1884, 0x18A4, 0x1884, 
	0x1884, 0x18A4, 0x1884, 0x1884, 0x1884, 0x1884, 0x18A4, 0x1884, 0x18A4, 0x1884, 0x1884, 0x1885, 0x1884, 0x18A4, 0x18A4, 0x1884, 
	0x18A5, 0x1885, 0x18A5, 0x18A4, 0x18A4, 0x1884, 0x18A5, 0x18A5, 0x1884, 0x18A4, 0x18A5, 0x18A5, 0x1885, 0x1885, 0x18A5, 0x18A5, 
	0x18A5, 0x1885, 0x1885, 0x18A5, 0x18A5, 0x1885, 0x18A5, 0x18A5, 0x18A5, 0x18A5, 0x18A5, 0x18A5, 0x18A5, 0x18A5, 0x18A5, 0x20A5, 
	0x18A5, 0x20A5, 0x18A5, 0x20A5, 0x20A5, 0x20A5, 0x18A5, 0x18A5, 0x18A5, 0x18A5, 0x20A5, 0x20A5, 0x20A5, 0x20A5, 0x20A5, 0x18A5, 
	0x18A5, 0x18A5, 0x20A5, 0x20A5, 0x20A5, 0x20A5, 0x20A5, 0x20A5, 0x20A5, 0x20A5, 0x20A5, 0x20A5, 0x20A5, 0x20A5, 0x20C6, 0x20A5, 
	0x20A5, 0x20A5, 0x20A5, 0x20A5, 0x20C6, 0x20A6, 0x20A6, 0x20A5, 0x20A5, 0x20A5, 0x20A5, 0x20A5, 0x20A5, 0x20A6, 0x20A5, 0x20C5, 
	0x20A5, 0x20A6, 0x20A5, 0x20A5, 0x20A5, 0x20A5, 0x20A6, 0x20C6, 0x20A6, 0x20A5, 0x20A6, 0x20A6, 0x20C6, 0x20A5, 0x20C6, 0x20A6, 
	0x20C6, 0x20C6, 0x20A5, 0x20C5, 0x20C6, 0x20A6, 0x20C6, 0x20A6, 0x20C6, 0x20C6, 0x28C6, 0x20A6, 0x20C6, 0x28C6, 0x28C6, 0x28C6, 
	0x28C6, 0x20A6, 0x28C6, 0x28E6, 0x28C6, 0x28C6, 0x28C6, 0x28C6, 0x28C6, 0x28C6, 0x28C6, 0x28C6, 0x28C6, 0x28C6, 0x28C6, 0x28E6, 
	0x28C6, 0x28C6, 0x28C6, 0x28C6, 0x28E6, 0x28C6, 0x28C6, 0x28C6, 0x30C6, 0x30C6, 0x30C6, 0x30C6, 0x30C6, 0x30C6, 0x30E7, 0x30E7, 
	0x30C6, 0x30C7, 0x38C7, 0x38E7, 0x38E7, 0x40E7, 0x40C7, 0x40E7, 0x38C7, 0x38E7, 0x38E7, 0x38C7, 0x38E7, 0x38C7, 0x38E7, 0x38E7, 
	0x38C7, 0x38C7, 0x30C7, 0x38C7, 0x38C7, 0x38C7, 0x38C7, 0x30C7, 0x30A6, 0x38C7, 0x38E7, 0x38E7, 0x38C7, 0x38C7, 0x38C7, 0x38E7, 
	0x38C7, 0x38C7, 0x38E7, 0x30E7, 0x30C6, 0x30C6, 0x30C6, 0x30C6, 0x28C6, 0x30E6, 0x30E6, 0x30E7, 0x28C6, 0x28C6, 0x28C6, 0x28C6, 
	0x28C6, 0x28C6, 0x28C6, 0x28C6, 0x28C6, 0x28C6, 0x28C6, 0x28A5, 0x28C6, 0x28A6, 0x28A6, 0x28C6, 0x28C6, 0x28A5, 0x28C6, 0x28A5, 
	0x28C5, 0x20C5, 0x20C5, 0x28C5, 0x20C5, 0x20C5, 0x20C5, 0x28C5, 0x28C5, 0x20C5, 0x20A5, 0x20C5, 0x20A5, 0x20A5, 0x20A5, 0x20A5, 
	0x28C5, 0x20A5, 0x20A5, 0x20A5, 0x20A5, 0x20A5, 0x20C5, 0x20C5, 0x20A5, 0x20A5, 0x20A5, 0x20A5, 0x20A5, 0x20A5, 0x20A5, 0x20A5, 
	0x1884, 0x1884, 0x1884, 0x1884, 0x1884, 0x1884, 0x1884, 0x1884, 0x1884, 0x1884, 0x1884, 0x1884, 0x1884, 0x1864, 0x1884, 0x1884, 
	0x1884, 0x1884, 0x1884, 0x1884, 0x1884, 0x1884, 0x1884, 0x1884, 0x1884, 0x1884, 0x1884, 0x1884, 0x1884, 0x1884, 0x18A4, 0x1884, 
	0x1884, 0x1884, 0x1884, 0x1884, 0x1884, 0x1884, 0x1884, 0x1884, 0x1884, 0x1884, 0x1884, 0x1884, 0x1884, 0x1884, 0x1884, 0x18A4, 
	0x1884, 0x1884, 0x1884, 0x18A4, 0x1884, 0x1884, 0x1884, 0x18A4, 0x1884, 0x1884, 0x1884, 0x1884, 0x1884, 0x1884, 0x18A4, 0x1884, 
	0x1884, 0x1884, 0x1884, 0x18A4, 0x1884, 0x1884, 0x18A4, 0x1884, 0x1884, 0x1885, 0x1884, 0x1884, 0x18A5, 0x18A4, 0x1884, 0x18A5, 
	0x1884, 0x1884, 0x18A5, 0x1884, 0x18A4, 0x18A5, 0x1884, 0x18A4, 0x18A5, 0x1884, 0x1884, 0x18A5, 0x1885, 0x18A5, 0x20A5, 0x18A5, 
	0x18A5, 0x1885, 0x1885, 0x18A5, 0x18A5, 0x18A5, 0x18A5, 0x18A5, 0x20A5, 0x18A5, 0x18A5, 0x18A5, 0x1885, 0x1885, 0x1885, 0x20A5, 
	0x20A5, 0x20A5, 0x18A5, 0x1885, 0x1885, 0x18A5, 0x18A5, 0x20A5, 0x18A5, 0x20A5, 0x20A5, 0x18A5, 0x20A5, 0x18A5, 0x18A5, 0x20C5, 
	0x20A5, 0x20A5, 0x20A5, 0x20A5, 0x20A5, 0x1885, 0x20A5, 0x20A5, 0x20A5, 0x20A5, 0x20A5, 0x20A5, 0x20A5, 0x20A5, 0x20C6, 0x20C5, 
	0x20A5, 0x20A5, 0x20A5, 0x20A5, 0x20C5, 0x20A5, 0x20C5, 0x20A5, 0x20A5, 0x20A5, 0x20A5, 0x20C6, 0x20C6, 0x20A6, 0x20C6, 0x20A5, 
	0x20A5, 0x20A5, 0x20A5, 0x20C6, 0x20A6, 0x20A6, 0x20C6, 0x20C6, 0x20C6, 0x20A6, 0x20A6, 0x20C6, 0x20C6, 0x20C5, 0x20C6, 0x20A6, 
	0x20C6, 0x20C6, 0x20A5, 0x20C6, 0x28C6, 0x28C6, 0x28C6, 0x20A6, 0x20C6, 0x28C6, 0x20C6, 0x20C6, 0x28C6, 0x28C6, 0x28C6, 0x28C6, 
	0x28C6, 0x28C6, 0x28C6, 0x28C6, 0x28A6, 0x28C6, 0x28C6, 0x28C6, 0x28C6, 0x28C6, 0x28C6, 0x28C6, 0x28C6, 0x28C6, 0x28C6, 0x28C6, 
	0x28C6, 0x28C6, 0x28C6, 0x28C6, 0x28C6, 0x28C6, 0x30E6, 0x416A, 0x3907, 0x28C6, 0x30E6, 0x30C6, 0x30C6, 0x30E7, 0x30E7, 0x30E6, 
	0x30E6, 0x30C6, 0x30C6, 0x38E7, 0x38C7, 0x40E7, 0x40E8, 0x40E8, 0x40E7, 0x38E7, 0x38C7, 0x38E7, 0x38C7, 0x38C7, 0x38C7, 0x38C7, 
	0x38C7, 0x38C7, 0x38C7, 0x30C7, 0x30C7, 0x38E7, 0x38C7, 0x38E7, 0x38C7, 0x38C7, 0x38C7, 0x38C7, 0x30C7, 0x38C7, 0x38C7, 0x38E7, 
	0x38C7, 0x30C6, 0x38C7, 0x30C6, 0x30C6, 0x30C6, 0x30C6, 0x30C6, 0x28A6, 0x28C6, 0x28C6, 0x28C6, 0x28C6, 0x28C6, 0x28C6, 0x28A6, 
	0x28C6, 0x28C6, 0x28C6, 0x28C6, 0x28A6, 0x28C6, 0x28C6, 0x28A6, 0x28E6, 0x28C6, 0x28C6, 0x28A6, 0x28C6, 0x28C6, 0x28C6, 0x20A5, 
	0x28A5, 0x28C5, 0x28C5, 0x28C5, 0x20A5, 0x20C5, 0x20A5, 0x20C5, 0x28C5, 0x20A5, 0x20C5, 0x20C5, 0x20A5, 0x28C5, 0x28C6, 0x20A5, 
	0x28C5, 0x20A5, 0x20A5, 0x20A5, 0x20A5, 0x20A5, 0x20A5, 0x20A5, 0x20A5, 0x20A5, 0x20A5, 0x20A5, 0x20A5, 0x20A5, 0x20A5, 0x20A5, 
	0x1884, 0x1884, 0x1884, 0x1884, 0x1884, 0x1884, 0x1884, 0x1884, 0x1884, 0x1884, 0x1884, 0x1884, 0x1884, 0x1884, 0x1884, 0x1884, 
	0x1884, 0x1884, 0x1884, 0x1884, 0x1884, 0x1884, 0x1884, 0x1884, 0x1884, 0x1884, 0x1884, 0x1884, 0x1884, 0x1884, 0x1884, 0x1884, 
	0x1884, 0x1884, 0x18A4, 0x18A4, 0x1884, 0x1884, 0x1884, 0x1884, 0x1884, 0x1884, 0x1884, 0x1884, 0x1884, 0x18A4, 0x1884, 0x1884, 
	0x1884, 0x1884, 0x1884, 0x1884, 0x1884, 0x18A4, 0x1884, 0x1884, 0x1884, 0x1884, 0x1885, 0x1884, 0x1884, 0x18A4, 0x1884, 0x18A4, 
	0x1884, 0x1884, 0x1884, 0x1884, 0x18A4, 0x18A5, 0x18A4, 0x18A5, 0x1884, 0x1884, 0x18A4, 0x1884, 0x18A4, 0x1884, 0x1884, 0x18A5, 
	0x1884, 0x18A4, 0x18A5, 0x1885, 0x18A5, 0x1885, 0x1884, 0x1884, 0x18A5, 0x1885, 0x1885, 0x18A5, 0x18A5, 0x18A5, 0x18A5, 0x18A5, 
	0x18A5, 0x20A5, 0x18A5, 0x18A5, 0x18A5, 0x1885, 0x18A5, 0x1885, 0x1885, 0x1885, 0x20A5, 0x1885, 0x18A5, 0x18A5, 0x18A5, 0x20A5, 
	0x1885, 0x1885, 0x20A5, 0x18A5, 0x18A5, 0x18A5, 0x18A5, 0x20A5, 0x2085, 0x2085, 0x2085, 0x18A5, 0x20A5, 0x20A5, 0x20A5, 0x20A5, 
	0x2085, 0x20A5, 0x20A5, 0x18A5, 0x20A5, 0x20A5, 0x20A5, 0x20A5, 0x20A5, 0x20A5, 0x20A5, 0x20A5, 0x20A5, 0x20A5, 0x20A5, 0x20A5, 
	0x20C5, 0x20C6, 0x20A5, 0x20C6, 0x20A5, 0x20A5, 0x20C5, 0x20A5, 0x20A6, 0x20C6, 0x20C5, 0x20C6, 0x20A5, 0x20A5, 0x20C6, 0x20C6, 
	0x20C6, 0x20C5, 0x20A5, 0x20C6, 0x20A6, 0x20A6, 0x20C6, 0x20A6, 0x20C6, 0x20A6, 0x20C6, 0x20A6, 0x20A6, 0x20A5, 0x20C5, 0x20C6, 
	0x20C6, 0x20C6, 0x20A6, 0x28C6, 0x28C6, 0x28C6, 0x28C6, 0x28C6, 0x20A6, 0x28C6, 0x28C6, 0x28C6, 0x20A6, 0x28C6, 0x28C6, 0x28C6, 
	0x28C6, 0x28C6, 0x28C6, 0x28C6, 0x28C6, 0x28C6, 0x28C6, 0x28C6, 0x28C6, 0x28C6, 0x28C6, 0x28C6, 0x28C6, 0x28C6, 0x28C6, 0x28C6, 
	0x28C6, 0x28C6, 0x28E6, 0x28C6, 0x28C6, 0x28C6, 0x30E7, 0x416A, 0x3107, 0x30C6, 0x30C7, 0x28C6, 0x30C6, 0x30C7, 0x30E7, 0x30C6, 
	0x30C6, 0x30C6, 0x30C6, 0x38E7, 0x38C7, 0x40E8, 0x4108, 0x40E8, 0x40E8, 0x38C7, 0x40E8, 0x38E7, 0x4908, 0x596B, 0x38E7, 0x38C7, 
	0x38C7, 0x38C7, 0x30C7, 0x38C7, 0x38C7, 0x38E7, 0x38C7, 0x38C7, 0x38C7, 0x38C7, 0x38C7, 0x30C7, 0x30C7, 0x38E7, 0x38C7, 0x38C7, 
	0x38E7, 0x38E7, 0x30C6, 0x30C6, 0x30C6, 0x30C6, 0x30C6, 0x30C6, 0x30C6, 0x28C6, 0x28C6, 0x28C6, 0x28A6, 0x28C6, 0x28C6, 0x28A6, 
	0x28C6, 0x28C6, 0x28C6, 0x28C6, 0x28C6, 0x28C6, 0x28C6, 0x28C6, 0x28A6, 0x28A5, 0x28C6, 0x20A5, 0x28A6, 0x28A6, 0x28C6, 0x28C6, 
	0x20A6, 0x20C6, 0x28A5, 0x20A5, 0x20C5, 0x28C6, 0x20A5, 0x20C5, 0x20A5, 0x20A5, 0x28C5, 0x20C5, 0x20A5, 0x20C5, 0x28C6, 0x20A5, 
	0x20A5, 0x20C5, 0x20C5, 0x20A5, 0x20A5, 0x20A5, 0x20A5, 0x20A5, 0x20A5, 0x20A5, 0x20A5, 0x20A5, 0x20A5, 0x20C5, 0x20A5, 0x20A5, 
	0x1884, 0x1884, 0x1884, 0x1884, 0x1884, 0x1884, 0x1884, 0x1884, 0x1884, 0x1884, 0x1884, 0x1884, 0x18A4, 0x1884, 0x1884, 0x1884, 
	0x1884, 0x1864, 0x1884, 0x1884, 0x1884, 0x18A4, 0x1884, 0x1884, 0x1884, 0x1884, 0x1884, 0x18A4, 0x18A4, 0x1884, 0x1884, 0x1884, 
	0x1884, 0x1884, 0x1884, 0x1884, 0x1884, 0x1884, 0x1884, 0x18A4, 0x1884, 0x1884, 0x1884, 0x18A4, 0x1884, 0x1884, 0x1884, 0x1884, 
	0x1884, 0x1884, 0x1884, 0x18A4, 0x18A4, 0x18A4, 0x1884, 0x1884, 0x1884, 0x1884, 0x18A4, 0x18A4, 0x18A4, 0x18A4, 0x1884, 0x1884, 
	0x1884, 0x1884, 0x18A4, 0x1884, 0x18A4, 0x18A4, 0x1884, 0x18A5, 0x1884, 0x1884, 0x18A4, 0x18A4, 0x18A4, 0x1884, 0x1884, 0x18A5, 
	0x18A5, 0x18A5, 0x18A5, 0x18A5, 0x18A5, 0x1885, 0x18A5, 0x1885, 0x18A5, 0x18A5, 0x18A5, 0x18A5, 0x20A5, 0x18A5, 0x18A5, 0x18A5, 
	0x18A5, 0x20A5, 0x18A5, 0x18A5, 0x18A5, 0x18A5, 0x18A5, 0x18A5, 0x18A5, 0x18A5, 0x20A5, 0x1885, 0x20A5, 0x1885, 0x1885, 0x18A5, 
	0x2085, 0x1885, 0x20A5, 0x20A5, 0x18A5, 0x20A5, 0x18A5, 0x18A5, 0x2085, 0x2085, 0x20A5, 0x18A5, 0x18A5, 0x18A5, 0x18A5, 0x20A5, 
	0x18A5, 0x20A5, 0x20A5, 0x20A5, 0x20A5, 0x20A5, 0x20A5, 0x18A5, 0x20A5, 0x20A5, 0x20A5, 0x18A5, 0x20A5, 0x20A5, 0x20A5, 0x20A5, 
	0x20A5, 0x20C5, 0x20A5, 0x20A5, 0x20A5, 0x20A5, 0x20C5, 0x20C5, 0x20C6, 0x20A5, 0x20A5, 0x20A6, 0x20A6, 0x20C6, 0x20A5, 0x20C6, 
	0x20C6, 0x20C6, 0x20C6, 0x20C6, 0x20C6, 0x20C6, 0x20C6, 0x20C6, 0x20C6, 0x20C6, 0x28C6, 0x20C6, 0x20C6, 0x20C6, 0x20C6, 0x20C6, 
	0x28C6, 0x20C6, 0x20C6, 0x28C6, 0x28C6, 0x28C6, 0x20C6, 0x28C6, 0x28A6, 0x28C6, 0x28C6, 0x28C6, 0x28C6, 0x28C6, 0x28C6, 0x28A6, 
	0x28C6, 0x28C6, 0x28C6, 0x28C6, 0x28C6, 0x28C6, 0x28C6, 0x28C6, 0x28C6, 0x28C6, 0x28C6, 0x28C6, 0x28C6, 0x28C6, 0x28E6, 0x28C6, 
	0x28C6, 0x28C6, 0x28E6, 0x28C6, 0x28C6, 0x30C6, 0x30C6, 0x28C6, 0x30E6, 0x30E7, 0x30C7, 0x30E7, 0x30C6, 0x30C6, 0x30C6, 0x30C6, 
	0x30C6, 0x30C7, 0x38C7, 0x38E7, 0x40E7, 0x40E8, 0x4908, 0x40E8, 0x40E8, 0x4108, 0x4108, 0x38E7, 0x4108, 0x514A, 0x38C7, 0x38C7, 
	0x30C7, 0x38C7, 0x38C7, 0x38E7, 0x38E7, 0x38E7, 0x38C7, 0x38E7, 0x38E7, 0x38C7, 0x38C7, 0x38C7, 0x38E7, 0x38E7, 0x38E7, 0x38E7, 
	0x38E7, 0x38C7, 0x30C7, 0x30C6, 0x30C6, 0x30C6, 0x30C6, 0x28C6, 0x30C6, 0x28C6, 0x28C6, 0x28E6, 0x28C6, 0x28C6, 0x28C6, 0x28C6, 
	0x28C6, 0x28C6, 0x28C6, 0x28C6, 0x28C6, 0x28C6, 0x28A6, 0x28C6, 0x28A5, 0x28A5, 0x28C6, 0x28C6, 0x28C6, 0x28C6, 0x28C6, 0x28C6, 
	0x20C6, 0x20C6, 0x28C6, 0x28C6, 0x20C5, 0x20C5, 0x20C5, 0x28C5, 0x20C5, 0x28C5, 0x20C5, 0x20C5, 0x28C5, 0x28C5, 0x20A5, 0x20A5, 
	0x20A5, 0x28C5, 0x20A5, 0x20A5, 0x20C5, 0x20A5, 0x20A5, 0x20A5, 0x20A5, 0x20A5, 0x20C5, 0x20C5, 0x20A5, 0x20C5, 0x20A5, 0x20A5, 
	0x1884, 0x1884, 0x1884, 0x1884, 0x1884, 0x1884, 0x1884, 0x1884, 0x1884, 0x1884, 0x1884, 0x1884, 0x18A5, 0x1884, 0x1884, 0x18A4, 
	0x1884, 0x1884, 0x1884, 0x1884, 0x1884, 0x1884, 0x1884, 0x1884, 0x1884, 0x1884, 0x1884, 0x1884, 0x1884, 0x1884, 0x2927, 0x28E6, 
	0x1884, 0x1884, 0x1884, 0x1884, 0x1884, 0x1884, 0x18A4, 0x18A4, 0x1884, 0x1884, 0x1884, 0x1884, 0x1884, 0x1884, 0x1884, 0x1884, 
	0x18A4, 0x1884, 0x1884, 0x1884, 0x1884, 0x1884, 0x18A4, 0x1884, 0x18A4, 0x1885, 0x1884, 0x18A4, 0x1884, 0x18A4, 0x18A4, 0x1884, 
	0x18A5, 0x1884, 0x1884, 0x1884, 0x1884, 0x1884, 0x18A4, 0x18A5, 0x18A5, 0x1885, 0x18A4, 0x18A4, 0x1884, 0x1885, 0x18A5, 0x18A5, 
	0x18A5, 0x18A5, 0x1884, 0x1885, 0x18A5, 0x18A5, 0x20A5, 0x18A5, 0x20A5, 0x20A5, 0x18A5, 0x20A5, 0x18A5, 0x18A5, 0x18A5, 0x18A5, 
	0x1885, 0x18A5, 0x18A5, 0x18A5, 0x18A5, 0x18A5, 0x18A5, 0x18A5, 0x20A5, 0x18A5, 0x18A5, 0x1885, 0x20A5, 0x1885, 0x18A5, 0x20A5, 
	0x2085, 0x1885, 0x20A5, 0x18A5, 0x1885, 0x20A5, 0x18A5, 0x18A5, 0x20A5, 0x20A5, 0x20A5, 0x20A5, 0x18A5, 0x18A5, 0x20A5, 0x20A5, 
	0x20A5, 0x20A5, 0x20A5, 0x20A5, 0x20A5, 0x20A5, 0x20A5, 0x20A5, 0x20A5, 0x20C5, 0x20A5, 0x20A5, 0x20A5, 0x20A5, 0x20A5, 0x20C6, 
	0x20A5, 0x20A5, 0x20A5, 0x20A5, 0x20A6, 0x20A5, 0x20A5, 0x20A5, 0x20C6, 0x20A5, 0x20C6, 0x20A5, 0x20C6, 0x20A6, 0x20A5, 0x20C6, 
	0x20A5, 0x20A5, 0x20C6, 0x20A6, 0x20C6, 0x20A6, 0x20A6, 0x20A6, 0x20C6, 0x20C6, 0x28C6, 0x20C6, 0x20C6, 0x28C6, 0x20C6, 0x20C6, 
	0x28C6, 0x20C6, 0x20A6, 0x20A6, 0x28C6, 0x28C6, 0x28C6, 0x20C6, 0x28C6, 0x28C6, 0x28C6, 0x28C6, 0x28C6, 0x28C6, 0x28C6, 0x28A6, 
	0x28A6, 0x28C6, 0x28C6, 0x28C6, 0x28C6, 0x28C6, 0x28C6, 0x28C6, 0x28C6, 0x28C6, 0x28C6, 0x28C6, 0x28C6, 0x28C6, 0x28C6, 0x28C6, 
	0x28C6, 0x28C6, 0x28C6, 0x28A6, 0x28C6, 0x30E7, 0x30C6, 0x28E6, 0x28C6, 0x28C6, 0x30E7, 0x30E7, 0x30C6, 0x30C6, 0x30C6, 0x30E6, 
	0x30E6, 0x30C7, 0x30C7, 0x38E7, 0x4108, 0x40E8, 0x40E8, 0x40C7, 0x40E8, 0x40E8, 0x4108, 0x40E8, 0x4108, 0x38C7, 0x38E7, 0x38C7, 
	0x30C7, 0x30C7, 0x30C7, 0x38E7, 0x40E7, 0x38C7, 0x38C7, 0x38C7, 0x38C7, 0x38C6, 0x38E7, 0x38C7, 0x38E7, 0x38E7, 0x38C7, 0x38C7, 
	0x38C7, 0x38C7, 0x30C7, 0x30C6, 0x30C6, 0x30C6, 0x30C6, 0x30C6, 0x30C6, 0x28C6, 0x28C6, 0x28C6, 0x28C6, 0x28C6, 0x28C6, 0x28C6, 
	0x28C6, 0x28C6, 0x28C6, 0x28C6, 0x28C6, 0x28C6, 0x28A6, 0x28C6, 0x28A6, 0x28A5, 0x28A5, 0x28C6, 0x28C6, 0x28C6, 0x28C6, 0x28A5, 
	0x20A5, 0x20A5, 0x28C6, 0x28C6, 0x28C5, 0x28C5, 0x28A5, 0x20C5, 0x28C5, 0x20C5, 0x20A5, 0x20A5, 0x20C5, 0x20C5, 0x20A5, 0x20A5, 
	0x20C5, 0x20C5, 0x20A5, 0x20A5, 0x28C6, 0x20A5, 0x20C5, 0x20A5, 0x20A5, 0x20A5, 0x20A5, 0x20A5, 0x20A5, 0x20A5, 0x20A5, 0x20A5, 
	0x1884, 0x18A4, 0x1884, 0x1884, 0x1884, 0x1884, 0x1884, 0x1884, 0x1884, 0x1884, 0x1064, 0x1884, 0x1884, 0x1884, 0x1884, 0x1884, 
	0x1884, 0x1884, 0x1884, 0x1884, 0x1884, 0x1884, 0x1884, 0x1884, 0x1884, 0x1884, 0x1884, 0x1884, 0x1884, 0x1864, 0x6AEF, 0x524C, 
	0x1063, 0x18A4, 0x1884, 0x1884, 0x1884, 0x1884, 0x1884, 0x1884, 0x1884, 0x1884, 0x1884, 0x1884, 0x1884, 0x1884, 0x1884, 0x1884, 
	0x1884, 0x1884, 0x1884, 0x18A4, 0x1884, 0x1884, 0x1884, 0x1884, 0x18A4, 0x1884, 0x18A4, 0x18A4, 0x1884, 0x18A4, 0x18A4, 0x1884, 
	0x18A4, 0x18A4, 0x18A4, 0x18A5, 0x1884, 0x18A5, 0x18A5, 0x1884, 0x18A4, 0x1884, 0x18A4, 0x18A5, 0x1884, 0x1885, 0x1885, 0x18A5, 
	0x18A5, 0x18A5, 0x18A4, 0x1884, 0x18A5, 0x1885, 0x18A5, 0x1885, 0x18A5, 0x1884, 0x18A5, 0x18A5, 0x1885, 0x18A5, 0x18A5, 0x18A5, 
	0x1885, 0x18A5, 0x18A5, 0x18A5, 0x18A5, 0x1885, 0x20A5, 0x18A5, 0x1885, 0x18A5, 0x20A5, 0x1885, 0x20A5, 0x20A5, 0x18A5, 0x18A5, 
	0x18A5, 0x20A5, 0x18A5, 0x18A5, 0x20A5, 0x20A5, 0x20A5, 0x20A5, 0x18A5, 0x18A5, 0x20A5, 0x20A5, 0x20A5, 0x20A5, 0x20A5, 0x18A5, 
	0x20C5, 0x20A5, 0x20A5, 0x20A5, 0x20A5, 0x20A5, 0x20A5, 0x20A5, 0x20A5, 0x20A5, 0x20A5, 0x20A5, 0x20A5, 0x20A5, 0x20C5, 0x20C6, 
	0x20A5, 0x20C5, 0x20C6, 0x20A5, 0x20A5, 0x20A5, 0x20A6, 0x20A5, 0x20A5, 0x20A6, 0x20C6, 0x20A5, 0x20C6, 0x20C6, 0x20C6, 0x20C6, 
	0x20A6, 0x20A6, 0x20A5, 0x20A5, 0x20C6, 0x20A6, 0x20C6, 0x20C6, 0x20A6, 0x20A6, 0x20C6, 0x20A6, 0x20A6, 0x28C6, 0x20A6, 0x20A6, 
	0x28C6, 0x28C6, 0x20C6, 0x20C6, 0x20C6, 0x28C6, 0x28C6, 0x28C6, 0x28A6, 0x28C6, 0x28C6, 0x28C6, 0x28C6, 0x28C6, 0x28C6, 0x28C6, 
	0x28C6, 0x30C6, 0x28C6, 0x28A6, 0x28C6, 0x28C6, 0x28C6, 0x28C6, 0x28C6, 0x28C6, 0x28C6, 0x28C6, 0x28C6, 0x28C6, 0x28C6, 0x30E6, 
	0x28C6, 0x28C6, 0x28C6, 0x30C6, 0x30E7, 0x3107, 0x30E7, 0x28C6, 0x28C6, 0x30C6, 0x30C7, 0x30C6, 0x30C6, 0x30C6, 0x30C6, 0x30E6, 
	0x30C7, 0x38E7, 0x30C7, 0x38C7, 0x40E7, 0x40E8, 0x40E8, 0x4908, 0x40E8, 0x4929, 0x4929, 0x40E8, 0x40E8, 0x4128, 0x4108, 0x38C7, 
	0x38C7, 0x38E7, 0x30C7, 0x38C7, 0x38C7, 0x38C7, 0x38C7, 0x38E7, 0x38E7, 0x30C6, 0x38C7, 0x30C6, 0x38C7, 0x38C7, 0x30A6, 0x38C7, 
	0x38E7, 0x38C7, 0x30C7, 0x30E6, 0x30C6, 0x30C6, 0x28C6, 0x28C6, 0x30C6, 0x30C6, 0x28C6, 0x28C6, 0x28C6, 0x28C6, 0x28C6, 0x28C6, 
	0x28C6, 0x28A5, 0x28A6, 0x28C6, 0x28A6, 0x28C6, 0x28C6, 0x28C6, 0x28C6, 0x28C6, 0x28C6, 0x28C6, 0x28A5, 0x28A5, 0x28A6, 0x28A6, 
	0x28A5, 0x28A6, 0x28C5, 0x28C5, 0x28C5, 0x28C6, 0x20A5, 0x20A5, 0x20C5, 0x20A5, 0x20A5, 0x20C5, 0x20A5, 0x20A5, 0x20A5, 0x20C5, 
	0x20A5, 0x20A5, 0x20A5, 0x20A5, 0x28E6, 0x28C6, 0x20A5, 0x20A5, 0x20A5, 0x20A5, 0x20A5, 0x20A5, 0x20A5, 0x20A5, 0x20A5, 0x20A5, 
	0x1884, 0x1884, 0x1884, 0x1884, 0x1884, 0x1884, 0x1884, 0x1884, 0x41EA, 0x3168, 0x1064, 0x1884, 0x1864, 0x1884, 0x1884, 0x1884, 
	0x1884, 0x1884, 0x1884, 0x1884, 0x1884, 0x1884, 0x1884, 0x1884, 0x1884, 0x1884, 0x18A4, 0x18A4, 0x1884, 0x1884, 0x20E6, 0x20C5, 
	0x1884, 0x1884, 0x1884, 0x1884, 0x1884, 0x1884, 0x1884, 0x1884, 0x1884, 0x18A4, 0x1884, 0x1884, 0x1884, 0x1884, 0x1884, 0x1884, 
	0x18A4, 0x18A4, 0x18A4, 0x1884, 0x1884, 0x1885, 0x18A4, 0x18A4, 0x18A4, 0x18A4, 0x18A4, 0x1884, 0x1885, 0x1884, 0x18A4, 0x1884, 
	0x18A4, 0x18A4, 0x18A4, 0x1884, 0x1885, 0x1885, 0x18A5, 0x1884, 0x18A4, 0x18A5, 0x18A4, 0x1885, 0x1885, 0x1885, 0x1884, 0x18A5, 
	0x1885, 0x1885, 0x1885, 0x1884, 0x18A5, 0x18A5, 0x1884, 0x1885, 0x1884, 0x18A5, 0x18A5, 0x18A5, 0x1885, 0x1885, 0x18A5, 0x18A5, 
	0x1885, 0x18A5, 0x18A5, 0x18A5, 0x1885, 0x1884, 0x18A5, 0x20A5, 0x18A5, 0x20C5, 0x20C5, 0x20A5, 0x1885, 0x1885, 0x18A5, 0x1885, 
	0x20A5, 0x20A5, 0x18A5, 0x20A5, 0x1885, 0x2085, 0x20A5, 0x18A5, 0x18A5, 0x20A5, 0x18A5, 0x20A5, 0x20A5, 0x2085, 0x20A5, 0x18A5, 
	0x18A5, 0x18A5, 0x20A5, 0x20A5, 0x1885, 0x20A5, 0x20A5, 0x18A5, 0x20A5, 0x20A5, 0x20A5, 0x20A5, 0x20A5, 0x20C5, 0x20A5, 0x20A5, 
	0x20A5, 0x20A5, 0x20C6, 0x20A5, 0x20A5, 0x20C6, 0x28E7, 0x28E6, 0x20C6, 0x20C6, 0x20A6, 0x20C6, 0x20A6, 0x20C6, 0x20C6, 0x20C6, 
	0x20C6, 0x20C6, 0x20C6, 0x20A6, 0x20A6, 0x20A6, 0x20A6, 0x20A6, 0x20C6, 0x20A6, 0x20C6, 0x20C6, 0x20C6, 0x20A6, 0x28C6, 0x28C6, 
	0x28C6, 0x28C6, 0x28C6, 0x28C6, 0x20C6, 0x28A6, 0x28C6, 0x28C6, 0x28C6, 0x28C6, 0x3108, 0x28C7, 0x28C6, 0x28C6, 0x28C6, 0x28C6, 
	0x28C6, 0x28C6, 0x30E7, 0x30C6, 0x28C6, 0x28C6, 0x28C6, 0x28E6, 0x28C6, 0x28C6, 0x28C6, 0x28C6, 0x28C6, 0x28C6, 0x28C6, 0x28C6, 
	0x28C6, 0x30C6, 0x30C6, 0x30C6, 0x28C6, 0x30C6, 0x28C6, 0x30E6, 0x28C6, 0x30C6, 0x30C6, 0x28C6, 0x30C6, 0x30C6, 0x30C6, 0x30C6, 
	0x30E6, 0x38E7, 0x38E7, 0x38E7, 0x40E7, 0x40E7, 0x4108, 0x4908, 0x40E8, 0x514A, 0x598B, 0x38C7, 0x38C7, 0x38E7, 0x38E7, 0x38C7, 
	0x38C7, 0x30C7, 0x30C7, 0x38C7, 0x38C7, 0x38C6, 0x38C7, 0x40E8, 0x4108, 0x38C7, 0x38C7, 0x38C7, 0x38C7, 0x38C7, 0x38C7, 0x38C7, 
	0x38C7, 0x30C7, 0x30C6, 0x30C6, 0x30C6, 0x30C6, 0x28A6, 0x30C6, 0x28C6, 0x28C6, 0x28C6, 0x28C6, 0x28C6, 0x28C6, 0x28C6, 0x28C5, 
	0x28C6, 0x28C6, 0x28C6, 0x28C6, 0x28A6, 0x28A6, 0x28C6, 0x28C6, 0x28C6, 0x28A5, 0x28C6, 0x28C6, 0x28A6, 0x20A5, 0x28A6, 0x28C6, 
	0x28C6, 0x28C5, 0x28A5, 0x28C6, 0x20A5, 0x20A5, 0x20A5, 0x20C5, 0x20C5, 0x28C6, 0x20C5, 0x20A5, 0x20A5, 0x20C5, 0x20A5, 0x20A5, 
	0x20C5, 0x20A5, 0x20A5, 0x20A5, 0x28C6, 0x28C6, 0x20A5, 0x20A5, 0x20A5, 0x20A5, 0x20A5, 0x20A5, 0x20A5, 0x20A5, 0x20A5, 0x20A5, 
	0x1884, 0x1884, 0x1884, 0x1884, 0x1884, 0x1884, 0x1884, 0x1883, 0x4A0B, 0x3148, 0x1063, 0x1884, 0x1864, 0x1884, 0x1884, 0x1884, 
	0x1884, 0x1884, 0x1884, 0x1884, 0x1864, 0x1864, 0x18A4, 0x1884, 0x1884, 0x1884, 0x18A4, 0x1884, 0x1864, 0x1884, 0x1884, 0x1884, 
	0x18A5, 0x1884, 0x1884, 0x1884, 0x1884, 0x1884, 0x1884, 0x1884, 0x1884, 0x1884, 0x1884, 0x1884, 0x1884, 0x1884, 0x1884, 0x18A4, 
	0x18A4, 0x18A4, 0x1884, 0x1884, 0x1884, 0x1884, 0x18A4, 0x18A4, 0x18A4, 0x18A4, 0x1884, 0x1884, 0x1885, 0x1884, 0x18A5, 0x18A4, 
	0x18A4, 0x18A4, 0x1884, 0x1885, 0x1885, 0x1885, 0x18A5, 0x18A4, 0x18A5, 0x18A5, 0x1884, 0x1885, 0x1885, 0x18A5, 0x18A5, 0x18A5, 
	0x18A5, 0x18A5, 0x18A5, 0x18A5, 0x18A5, 0x18A5, 0x20C5, 0x18A4, 0x1884, 0x20C5, 0x1885, 0x1885, 0x18A5, 0x18A5, 0x18A5, 0x20C5, 
	0x18A5, 0x18A5, 0x1885, 0x1885, 0x18A5, 0x18A5, 0x1885, 0x1885, 0x1884, 0x5A6C, 0x83B0, 0x28E6, 0x20A5, 0x1885, 0x20A5, 0x20A5, 
	0x20A5, 0x20A5, 0x1885, 0x18A5, 0x20A5, 0x1885, 0x20A5, 0x20A5, 0x20A5, 0x20A5, 0x18A5, 0x18A5, 0x20A5, 0x2085, 0x20A5, 0x20C5, 
	0x20A5, 0x20A5, 0x20A5, 0x20C5, 0x20A5, 0x20A5, 0x20A5, 0x20A5, 0x20C5, 0x20A5, 0x20A5, 0x20A5, 0x20A5, 0x20C5, 0x20C6, 0x20A5, 
	0x20A5, 0x20A5, 0x20C5, 0x20C5, 0x20A5, 0x20A5, 0x20C6, 0x20C6, 0x20A5, 0x20A6, 0x20A5, 0x20A6, 0x20A6, 0x20C6, 0x20C6, 0x20C6, 
	0x20C6, 0x20C6, 0x20A6, 0x20C6, 0x20A6, 0x20C6, 0x20C6, 0x20A6, 0x20C6, 0x20A6, 0x20C6, 0x20C6, 0x20A5, 0x20A6, 0x28C6, 0x28A6, 
	0x20A6, 0x20C6, 0x20C6, 0x28C6, 0x28C6, 0x28C6, 0x28C6, 0x28C6, 0x28C6, 0x28C6, 0x28E7, 0x28C6, 0x28C6, 0x28C6, 0x28A6, 0x28C6, 
	0x28C6, 0x28A6, 0x28C6, 0x28C6, 0x28C6, 0x28C6, 0x28C6, 0x28C6, 0x28C6, 0x28C6, 0x28E6, 0x28C6, 0x30C6, 0x28C6, 0x28C6, 0x28C6, 
	0x28C6, 0x28E6, 0x28C6, 0x30E6, 0x30E6, 0x28C6, 0x30C6, 0x30E7, 0x30E7, 0x30C6, 0x30E7, 0x30C6, 0x30C6, 0x30E6, 0x30C6, 0x30C6, 
	0x30C6, 0x30C7, 0x38C7, 0x38E7, 0x38E7, 0x40E7, 0x40E8, 0x4108, 0x40E7, 0x40E8, 0x40E8, 0x40E7, 0x38E7, 0x38C7, 0x30C7, 0x38C7, 
	0x30A6, 0x30C6, 0x38C7, 0x38E7, 0x38C6, 0x38C7, 0x38C7, 0x38C7, 0x38E7, 0x30C6, 0x30C7, 0x30C7, 0x30C7, 0x30C6, 0x38E7, 0x38E7, 
	0x30C7, 0x30C7, 0x30C6, 0x30C6, 0x30C6, 0x30C6, 0x30C6, 0x30C6, 0x28C6, 0x28A6, 0x28C6, 0x28A6, 0x28C6, 0x28C6, 0x28C6, 0x28A6, 
	0x28C6, 0x28C6, 0x28C6, 0x28C6, 0x28C6, 0x28C6, 0x28C6, 0x28A5, 0x28C6, 0x28C6, 0x28A6, 0x28C6, 0x28A5, 0x28C5, 0x28C6, 0x28A6, 
	0x28C6, 0x28A6, 0x20A5, 0x20A5, 0x20A5, 0x20A5, 0x28C5, 0x28C5, 0x20C5, 0x20A5, 0x20A5, 0x20C5, 0x20C5, 0x28C5, 0x20C5, 0x2085, 
	0x20A5, 0x20A5, 0x20C5, 0x20A5, 0x20A5, 0x20A5, 0x20A5, 0x20A5, 0x20A5, 0x20A5, 0x20C5, 0x20A5, 0x20A5, 0x20A5, 0x20A5, 0x20A5, 
	0x1884, 0x1884, 0x1884, 0x1884, 0x1884, 0x1884, 0x1884, 0x1884, 0x1084, 0x1884, 0x18A4, 0x1884, 0x1884, 0x1884, 0x1884, 0x1864, 
	0x1864, 0x1884, 0x1884, 0x1884, 0x1884, 0x1884, 0x1884, 0x1884, 0x1884, 0x1884, 0x18A4, 0x18A5, 0x1884, 0x1884, 0x1884, 0x18A5, 
	0x1884, 0x1884, 0x1884, 0x1884, 0x18A4, 0x1884, 0x1884, 0x1884, 0x1884, 0x1884, 0x18A4, 0x18A4, 0x1884, 0x1884, 0x1884, 0x1884, 
	0x1884, 0x1884, 0x1884, 0x18A4, 0x18A4, 0x1884, 0x1884, 0x18A4, 0x1884, 0x1884, 0x18A4, 0x18A5, 0x18A5, 0x1885, 0x1884, 0x18A4, 
	0x1884, 0x18A4, 0x18A5, 0x18A5, 0x18A5, 0x1885, 0x18A4, 0x18A4, 0x1884, 0x18A4, 0x18A5, 0x18A5, 0x18A5, 0x1884, 0x18A5, 0x1884, 
	0x18A5, 0x18A5, 0x1884, 0x18A5, 0x18A5, 0x1884, 0x2907, 0x3148, 0x20C5, 0x20A5, 0x18A5, 0x1885, 0x20A5, 0x18A5, 0x18A5, 0x18A5, 
	0x18A5, 0x18A5, 0x18A5, 0x18A5, 0x18A5, 0x18A5, 0x1885, 0x20A5, 0x1884, 0x7B91, 0xC5D9, 0x3147, 0x18A5, 0x1885, 0x1885, 0x1885, 
	0x20A5, 0x20A5, 0x18A5, 0x20A5, 0x20A5, 0x20A5, 0x20A5, 0x20A5, 0x18A5, 0x20A5, 0x20A5, 0x20A5, 0x20A5, 0x20A5, 0x20A5, 0x20A5, 
	0x18A5, 0x20A5, 0x20A5, 0x20A5, 0x20A5, 0x20A5, 0x20A5, 0x20A5, 0x20A5, 0x20A5, 0x20C5, 0x20A5, 0x20A5, 0x20C6, 0x20A5, 0x20A5, 
	0x20A5, 0x20A5, 0x20A5, 0x20A5, 0x20A5, 0x20A5, 0x20A5, 0x20C5, 0x20C6, 0x20C6, 0x20A6, 0x20C6, 0x20C6, 0x20C6, 0x20A6, 0x20C6, 
	0x20C6, 0x20C6, 0x20A6, 0x20C6, 0x20C6, 0x20C6, 0x20C6, 0x20A5, 0x20A6, 0x20A6, 0x20C6, 0x20C6, 0x20C6, 0x28C6, 0x20C6, 0x28C6, 
	0x28C6, 0x28C6, 0x20C6, 0x20A6, 0x28C6, 0x28C6, 0x28C6, 0x28C6, 0x28C6, 0x28C6, 0x28C6, 0x28C6, 0x28C6, 0x28C6, 0x28C6, 0x28C6, 
	0x28C6, 0x28C6, 0x28C6, 0x28C6, 0x28C6, 0x28E6, 0x28C6, 0x28C6, 0x28C6, 0x28C6, 0x28C6, 0x28C6, 0x28C6, 0x28C6, 0x28C6, 0x28C6, 
	0x28C6, 0x28C6, 0x28C6, 0x28C6, 0x30C6, 0x30C6, 0x30C6, 0x30E6, 0x30E6, 0x30C6, 0x30C6, 0x30C6, 0x30C6, 0x30E6, 0x30E7, 0x30C6, 
	0x30C6, 0x38E7, 0x38E7, 0x38E7, 0x40E7, 0x40E8, 0x40C7, 0x40E7, 0x40E8, 0x38C7, 0x38E7, 0x38E7, 0x38E7, 0x38C7, 0x30C7, 0x38E7, 
	0x30C7, 0x38C7, 0x38E7, 0x38E7, 0x38C7, 0x38C7, 0x38C7, 0x30C6, 0x30C6, 0x38E7, 0x38E7, 0x30C6, 0x30C6, 0x30C6, 0x38E7, 0x30C6, 
	0x38E7, 0x30C6, 0x30C6, 0x30C6, 0x28A6, 0x30C6, 0x28C6, 0x28C6, 0x28C6, 0x28A6, 0x28A6, 0x28A6, 0x28C6, 0x28C6, 0x28C6, 0x28A6, 
	0x28C6, 0x28C6, 0x28C6, 0x28C6, 0x28C6, 0x28C6, 0x28C5, 0x28A5, 0x28C6, 0x28C6, 0x28C5, 0x3948, 0x51CB, 0x28C6, 0x28C6, 0x20A5, 
	0x28A6, 0x20A6, 0x20A5, 0x20C5, 0x28C5, 0x20A5, 0x28C6, 0x20A5, 0x28C6, 0x28C5, 0x20A5, 0x20A5, 0x20A5, 0x20A5, 0x20A5, 0x20A5, 
	0x20A5, 0x20A5, 0x20A5, 0x20A5, 0x20A5, 0x20A5, 0x20A5, 0x20A5, 0x20A5, 0x20A5, 0x20A5, 0x20A5, 0x20A5, 0x20A5, 0x20A5, 0x20A5, 
	0x1884, 0x1884, 0x1884, 0x1884, 0x1884, 0x1884, 0x1884, 0x1884, 0x1884, 0x1884, 0x1884, 0x1884, 0x1884, 0x1884, 0x1884, 0x1884, 
	0x1884, 0x1884, 0x1884, 0x1884, 0x1884, 0x1884, 0x1884, 0x1884, 0x18A4, 0x1884, 0x1884, 0x1884, 0x1884, 0x1884, 0x1884, 0x1884, 
	0x1884, 0x1884, 0x1884, 0x1884, 0x18A4, 0x1884, 0x1884, 0x1884, 0x1884, 0x1884, 0x1884, 0x1884, 0x1884, 0x1884, 0x1884, 0x1884, 
	0x1884, 0x1884, 0x18A4, 0x1884, 0x1884, 0x1884, 0x1884, 0x18A4, 0x1884, 0x1885, 0x1884, 0x1884, 0x1884, 0x1884, 0x18A5, 0x18A5, 
	0x1885, 0x18A5, 0x18A5, 0x1884, 0x1885, 0x1884, 0x18A5, 0x18A5, 0x1884, 0x18A5, 0x18A5, 0x18A5, 0x18A5, 0x1884, 0x18A5, 0x1885, 
	0x18A5, 0x18A5, 0x1885, 0x1885, 0x18A5, 0x28E6, 0x49CB, 0x49EB, 0x18A5, 0x1885, 0x1885, 0x18A5, 0x20A5, 0x18A5, 0x1885, 0x1884, 
	0x18A5, 0x1885, 0x1885, 0x1885, 0x1885, 0x18A5, 0x20A5, 0x20A5, 0x20A5, 0x2926, 0x3988, 0x20C5, 0x20A5, 0x1885, 0x20A5, 0x1885, 
	0x2085, 0x20A5, 0x20A5, 0x18A5, 0x20A5, 0x18A5, 0x18A5, 0x20A5, 0x20A5, 0x20A5, 0x20A5, 0x20A5, 0x20A5, 0x18A5, 0x20A5, 0x20A5, 
	0x20A5, 0x20A5, 0x20A5, 0x20A5, 0x20A5, 0x20C6, 0x3929, 0x28E7, 0x20A5, 0x20A5, 0x20C6, 0x20A5, 0x20A5, 0x20A5, 0x20A5, 0x20A5, 
	0x20A5, 0x20C6, 0x20A5, 0x20A5, 0x20C6, 0x20C6, 0x20C5, 0x20C5, 0x20A6, 0x20C6, 0x20C6, 0x20C6, 0x20C6, 0x20A5, 0x20A5, 0x20A6, 
	0x20C6, 0x20A6, 0x20C6, 0x20C6, 0x20A6, 0x20C6, 0x20A5, 0x20A5, 0x28E7, 0x28C6, 0x20C6, 0x20A6, 0x20C6, 0x20C6, 0x20A6, 0x28C6, 
	0x28C6, 0x28C6, 0x20C6, 0x20A6, 0x28C6, 0x20A6, 0x28C6, 0x28C6, 0x28C6, 0x28C6, 0x28E6, 0x28C6, 0x28C6, 0x28C6, 0x28C6, 0x28C6, 
	0x28C6, 0x28E6, 0x28E6, 0x28C6, 0x28C6, 0x28E6, 0x28E6, 0x28C6, 0x28C6, 0x28C6, 0x28E6, 0x30E6, 0x28C6, 0x28C6, 0x28C6, 0x30C6, 
	0x28C6, 0x28C6, 0x28C6, 0x28C6, 0x30E6, 0x30C6, 0x30C6, 0x30C6, 0x30C6, 0x28C6, 0x30C6, 0x30E6, 0x30C6, 0x30C6, 0x30C6, 0x30A6, 
	0x30C7, 0x38E7, 0x38E7, 0x38E7, 0x40E7, 0x40E8, 0x40C7, 0x4108, 0x40E8, 0x38E7, 0x38E7, 0x38C6, 0x30C6, 0x30C6, 0x30C6, 0x30C6, 
	0x30C7, 0x38C7, 0x38E7, 0x38C7, 0x30C7, 0x38C7, 0x3907, 0x38E7, 0x30E7, 0x38E7, 0x30C7, 0x38C7, 0x38E7, 0x30C6, 0x30C6, 0x30C6, 
	0x30E6, 0x30C6, 0x30C6, 0x30C6, 0x30C6, 0x30C6, 0x28C6, 0x28A6, 0x28C6, 0x28C6, 0x28C6, 0x28C6, 0x28C6, 0x28C6, 0x28C6, 0x28C6, 
	0x28C6, 0x28C6, 0x28C6, 0x28A6, 0x28A6, 0x28C6, 0x28A5, 0x28C5, 0x28C6, 0x28C5, 0x28A5, 0x3948, 0x622E, 0x30E6, 0x28C6, 0x28C6, 
	0x28C6, 0x20A6, 0x28C5, 0x28A5, 0x20C5, 0x20A5, 0x20A5, 0x20A5, 0x20A5, 0x20A5, 0x28C5, 0x20A5, 0x20C5, 0x20A5, 0x20A5, 0x20A5, 
	0x20A5, 0x20A5, 0x20A5, 0x20A5, 0x20A5, 0x20C5, 0x20A5, 0x20A5, 0x20A5, 0x20A5, 0x20A5, 0x20A5, 0x20A5, 0x20A5, 0x20A5, 0x20A5, 
	0x1884, 0x1884, 0x1884, 0x1884, 0x1884, 0x1884, 0x1884, 0x1884, 0x1884, 0x1884, 0x1884, 0x1884, 0x1884, 0x1884, 0x1884, 0x1884, 
	0x1884, 0x1864, 0x1884, 0x1884, 0x1884, 0x18A4, 0x1884, 0x1884, 0x1884, 0x1884, 0x1884, 0x1884, 0x1884, 0x18A4, 0x1884, 0x1884, 
	0x1884, 0x1884, 0x1884, 0x1884, 0x1884, 0x18A5, 0x20C5, 0x1884, 0x1884, 0x1884, 0x1884, 0x1884, 0x1884, 0x1884, 0x18A4, 0x1884, 
	0x1884, 0x1884, 0x1884, 0x1884, 0x18A4, 0x18A4, 0x18A4, 0x18A4, 0x1885, 0x1885, 0x1885, 0x1884, 0x18A4, 0x18A4, 0x1884, 0x18A5, 
	0x1885, 0x1885, 0x18A5, 0x18A4, 0x18A4, 0x18A5, 0x1885, 0x1885, 0x1885, 0x1885, 0x18A5, 0x18A4, 0x18A4, 0x18A5, 0x1885, 0x1885, 
	0x18A5, 0x1884, 0x18A5, 0x18A5, 0x1885, 0x20A5, 0x20A5, 0x20C5, 0x18A4, 0x1885, 0x18A5, 0x18A5, 0x18A5, 0x18A5, 0x18A5, 0x18A5, 
	0x18A5, 0x1885, 0x18A5, 0x18A5, 0x18A5, 0x18A5, 0x18A5, 0x18A5, 0x20A5, 0x18A5, 0x1885, 0x1885, 0x20A5, 0x20A5, 0x20A5, 0x20A5, 
	0x20A5, 0x20A5, 0x18A5, 0x18A5, 0x20A5, 0x20C5, 0x20A5, 0x20A5, 0x20A5, 0x20A5, 0x20A5, 0x20A5, 0x20A5, 0x20C5, 0x20A5, 0x20A5, 
	0x20A5, 0x20A5, 0x20A5, 0x20A5, 0x20A5, 0x20C5, 0x3128, 0x20C6, 0x20A5, 0x20A5, 0x20A5, 0x20A5, 0x20A5, 0x20A5, 0x20C6, 0x20A5, 
	0x20C5, 0x20C6, 0x20A5, 0x20C6, 0x20C6, 0x20A5, 0x20A5, 0x20A5, 0x20A5, 0x20A6, 0x20C6, 0x20A6, 0x20C6, 0x20A6, 0x20A6, 0x20A6, 
	0x20A6, 0x20A6, 0x20C6, 0x20A6, 0x20A6, 0x20C6, 0x20C6, 0x28C6, 0x30E7, 0x30E7, 0x28C6, 0x28C6, 0x20C6, 0x28C6, 0x28C6, 0x28C6, 
	0x28C6, 0x28E6, 0x28C6, 0x20C6, 0x20C6, 0x20C6, 0x28C6, 0x28C6, 0x28C6, 0x28E6, 0x28E6, 0x28C6, 0x28C6, 0x28C6, 0x28C6, 0x28C6, 
	0x28C6, 0x28E7, 0x28C6, 0x28C6, 0x28C6, 0x28C6, 0x28C6, 0x28C6, 0x28C6, 0x28C6, 0x28C6, 0x28C6, 0x28C6, 0x28C6, 0x28C6, 0x28C6, 
	0x30C6, 0x30E7, 0x28C6, 0x28C7, 0x28C6, 0x28C6, 0x28C6, 0x30C6, 0x30C6, 0x30C6, 0x30C6, 0x30C6, 0x30C6, 0x30E7, 0x30E7, 0x30C7, 
	0x38C7, 0x38C6, 0x38E6, 0x38E7, 0x40E7, 0x40E8, 0x40E8, 0x40E7, 0x40E8, 0x38E7, 0x38C7, 0x38C7, 0x30C6, 0x30C6, 0x30C7, 0x30C7, 
	0x30C7, 0x30C7, 0x38E7, 0x38E7, 0x38E7, 0x38E7, 0x38E7, 0x38E7, 0x38E7, 0x38C7, 0x30C6, 0x3908, 0x4129, 0x30C6, 0x30C6, 0x30E7, 
	0x30C6, 0x30C6, 0x30C6, 0x30C6, 0x30E7, 0x30E7, 0x28C6, 0x28C6, 0x28C6, 0x28C6, 0x28C6, 0x28A6, 0x28C6, 0x28C6, 0x30E6, 0x28C6, 
	0x28C6, 0x28C6, 0x28C6, 0x30C6, 0x28C6, 0x28C6, 0x28C6, 0x28C6, 0x28A6, 0x28C6, 0x28C6, 0x28C6, 0x28A5, 0x28C5, 0x28A6, 0x20A5, 
	0x28A6, 0x20C6, 0x28C6, 0x20A5, 0x20A5, 0x28C6, 0x20C6, 0x28C6, 0x20A5, 0x20A5, 0x20C5, 0x20A5, 0x20C5, 0x20A5, 0x20A5, 0x20C5, 
	0x20A5, 0x28C6, 0x20A5, 0x20A5, 0x20A5, 0x20A5, 0x20A5, 0x20A5, 0x20A5, 0x20A5, 0x20A5, 0x20A5, 0x20A5, 0x20A5, 0x20A5, 0x20A5, 
	0x1884, 0x1884, 0x1884, 0x1884, 0x1884, 0x1884, 0x1884, 0x1884, 0x1884, 0x1884, 0x1884, 0x1884, 0x1884, 0x1884, 0x1884, 0x1884, 
	0x1884, 0x1864, 0x1884, 0x18A4, 0x1884, 0x1884, 0x1884, 0x1884, 0x18A4, 0x1884, 0x1884, 0x1884, 0x18A4, 0x1884, 0x1884, 0x1884, 
	0x1884, 0x1884, 0x18A4, 0x1884, 0x1884, 0x28E6, 0x3127, 0x1884, 0x1884, 0x1884, 0x1884, 0x18A4, 0x1884, 0x1884, 0x18A4, 0x1884, 
	0x1884, 0x1884, 0x1884, 0x1884, 0x1884, 0x18A4, 0x1884, 0x1884, 0x1884, 0x1885, 0x1885, 0x18A4, 0x18A4, 0x18A4, 0x1884, 0x1885, 
	0x1885, 0x1885, 0x18A5, 0x18A4, 0x18A5, 0x18A5, 0x1885, 0x1885, 0x1885, 0x1885, 0x18A5, 0x18A4, 0x18A5, 0x18A5, 0x1885, 0x1885, 
	0x1885, 0x1885, 0x18A5, 0x1884, 0x1885, 0x18A5, 0x1864, 0x20A5, 0x20A5, 0x18A5, 0x20A5, 0x18A5, 0x1885, 0x20A5, 0x20A5, 0x18A5, 
	0x18A5, 0x18A5, 0x20A5, 0x18A5, 0x18A5, 0x18A5, 0x18A5, 0x20A5, 0x1885, 0x20A5, 0x20A5, 0x20A5, 0x20A5, 0x20A5, 0x1885, 0x18A5, 
	0x20A5, 0x18A5, 0x18A5, 0x18A5, 0x18A5, 0x18A5, 0x18A5, 0x20A5, 0x20A5, 0x20A5, 0x20A5, 0x20A5, 0x20A5, 0x20C5, 0x18A5, 0x20A5, 
	0x20A5, 0x20A5, 0x20A5, 0x20A5, 0x20A5, 0x20A5, 0x20A5, 0x20A5, 0x20A5, 0x20C5, 0x20A5, 0x20C6, 0x20C6, 0x20A5, 0x20A5, 0x20A5, 
	0x20A5, 0x20C6, 0x20A5, 0x20A6, 0x20A6, 0x20A5, 0x20A5, 0x20C6, 0x20C6, 0x20A6, 0x20C6, 0x20A5, 0x20A6, 0x20A6, 0x20C6, 0x28C6, 
	0x20C6, 0x20C6, 0x20C6, 0x20C6, 0x20C6, 0x28E6, 0x28C6, 0x28C6, 0x20C6, 0x28C6, 0x28C6, 0x28C6, 0x20A6, 0x28C6, 0x28C6, 0x28C6, 
	0x28C6, 0x20C6, 0x20A6, 0x28C6, 0x28C6, 0x28C6, 0x28C6, 0x28C6, 0x28C6, 0x28C6, 0x28C6, 0x28C6, 0x28C6, 0x28C6, 0x28C6, 0x30E6, 
	0x28C6, 0x28C6, 0x28C6, 0x28C6, 0x28C6, 0x28C6, 0x28C6, 0x28C6, 0x30E7, 0x30C7, 0x30C6, 0x28C6, 0x28C6, 0x30E6, 0x30C6, 0x28C6, 
	0x30C6, 0x28C6, 0x28C6, 0x30C7, 0x28C6, 0x28C6, 0x30E6, 0x30C6, 0x30C7, 0x30E7, 0x30E7, 0x30C6, 0x30E7, 0x30E6, 0x30E7, 0x30E6, 
	0x30C6, 0x38E7, 0x38E7, 0x38E7, 0x3907, 0x40E7, 0x38C7, 0x38C7, 0x40E7, 0x38C7, 0x38E7, 0x38E7, 0x30C6, 0x30C6, 0x38E7, 0x38E7, 
	0x30C7, 0x30C7, 0x38E7, 0x38E7, 0x38E7, 0x38C7, 0x38C7, 0x30C6, 0x38C7, 0x38C7, 0x30C6, 0x38E7, 0x38E7, 0x30C6, 0x30C6, 0x30E7, 
	0x30C6, 0x30C6, 0x30C6, 0x30C6, 0x30C6, 0x30C6, 0x28C6, 0x28C6, 0x28C6, 0x28C6, 0x28C6, 0x28C6, 0x28C6, 0x28C6, 0x28C6, 0x28C6, 
	0x28C6, 0x28A6, 0x28C6, 0x30E7, 0x28C6, 0x28A5, 0x28C6, 0x20A5, 0x28C6, 0x28C6, 0x28C6, 0x28C6, 0x28C6, 0x28A5, 0x28C6, 0x28A6, 
	0x20A6, 0x20A6, 0x28C6, 0x28A5, 0x28C6, 0x28E6, 0x20A5, 0x20A5, 0x20C5, 0x20A5, 0x20C6, 0x20C6, 0x28C6, 0x20C6, 0x20C5, 0x20C5, 
	0x20C5, 0x20A5, 0x20A5, 0x20A5, 0x20A5, 0x20A5, 0x20A5, 0x20A5, 0x20A5, 0x20A5, 0x20A5, 0x20A5, 0x20A5, 0x20A5, 0x20C5, 0x20A5, 
	0x1884, 0x1884, 0x1884, 0x1884, 0x1884, 0x1884, 0x18A4, 0x1884, 0x1884, 0x1884, 0x1884, 0x1884, 0x1884, 0x1884, 0x1884, 0x1884, 
	0x18A4, 0x1884, 0x1884, 0x1884, 0x1884, 0x1884, 0x1884, 0x1884, 0x18A4, 0x1884, 0x1884, 0x1884, 0x1884, 0x1884, 0x1884, 0x1884, 
	0x1884, 0x1884, 0x18A4, 0x18A4, 0x1884, 0x18A5, 0x20C5, 0x1884, 0x1884, 0x1884, 0x1884, 0x1884, 0x1884, 0x1884, 0x1884, 0x18A4, 
	0x18A4, 0x18A4, 0x18A4, 0x1884, 0x18A4, 0x18A5, 0x18A4, 0x18A4, 0x18A5, 0x1885, 0x1884, 0x18A4, 0x18A4, 0x18A4, 0x18A5, 0x18A5, 
	0x18A5, 0x1885, 0x18A4, 0x18A4, 0x1884, 0x18A4, 0x18A5, 0x18A5, 0x18A5, 0x1885, 0x18A5, 0x18A4, 0x18A5, 0x18A5, 0x18A5, 0x18A5, 
	0x18A5, 0x18A5, 0x18A5, 0x18A5, 0x20C5, 0x18A5, 0x18A4, 0x18A4, 0x18A5, 0x1884, 0x1884, 0x18A5, 0x18A5, 0x18A5, 0x18A5, 0x18A5, 
	0x20A5, 0x18A4, 0x18A5, 0x18A5, 0x20A5, 0x18A5, 0x20A5, 0x20A5, 0x18A5, 0x20A5, 0x20A5, 0x20A5, 0x1885, 0x20A5, 0x1885, 0x20A5, 
	0x20A5, 0x20A5, 0x20A5, 0x20A5, 0x20A5, 0x20A5, 0x20A5, 0x20A5, 0x20A5, 0x20A5, 0x20A5, 0x20A5, 0x20A5, 0x20A5, 0x20A5, 0x20A5, 
	0x20A5, 0x20A5, 0x20A5, 0x20A5, 0x20A5, 0x20A5, 0x20A5, 0x20A5, 0x20A5, 0x20C5, 0x20A5, 0x20A5, 0x20C5, 0x20A5, 0x20C6, 0x20A6, 
	0x20C6, 0x20C6, 0x20C6, 0x20C6, 0x20C6, 0x20C6, 0x20A6, 0x28C6, 0x28C6, 0x20C5, 0x20A6, 0x20C6, 0x20C6, 0x20C6, 0x20C6, 0x20C6, 
	0x28C6, 0x20C6, 0x20C6, 0x20C6, 0x20C6, 0x28C6, 0x28E6, 0x20C6, 0x20C6, 0x20C6, 0x20C6, 0x28C6, 0x20C6, 0x28C6, 0x28C6, 0x28A6, 
	0x28C6, 0x28C6, 0x28C6, 0x28C6, 0x28C6, 0x28C6, 0x28C6, 0x28C6, 0x28C6, 0x28A6, 0x28C6, 0x28C6, 0x28C6, 0x28C6, 0x28C6, 0x30C6, 
	0x28C6, 0x28C6, 0x28C6, 0x28E6, 0x28C6, 0x28C6, 0x28C6, 0x28C6, 0x28C6, 0x30C6, 0x30E7, 0x30C6, 0x30C6, 0x30E6, 0x30C6, 0x30C7, 
	0x30C7, 0x30C7, 0x30C7, 0x30C6, 0x30C6, 0x30C7, 0x30C7, 0x30C7, 0x30C6, 0x30C7, 0x30C7, 0x30C7, 0x30E7, 0x30E7, 0x30E7, 0x30C7, 
	0x30C6, 0x38E7, 0x30C7, 0x30C7, 0x38E7, 0x38E7, 0x40E7, 0x38E7, 0x38E7, 0x38C7, 0x38E7, 0x38E7, 0x38C7, 0x30C7, 0x38E7, 0x38E7, 
	0x38E7, 0x38C7, 0x38E7, 0x38E7, 0x38E7, 0x38E7, 0x38C7, 0x38C6, 0x38C7, 0x38C7, 0x30C6, 0x30C6, 0x30C6, 0x30C6, 0x30E6, 0x30C6, 
	0x30E6, 0x30E6, 0x28C6, 0x28C6, 0x30E6, 0x30C6, 0x28C6, 0x28C6, 0x28C6, 0x28C6, 0x28C6, 0x28C6, 0x28C6, 0x28C6, 0x28C6, 0x28C6, 
	0x28A6, 0x28A6, 0x28C6, 0x28C6, 0x28C6, 0x28A6, 0x28C6, 0x28C6, 0x28C6, 0x28C6, 0x28A5, 0x28A5, 0x20A5, 0x28C6, 0x28C6, 0x20A6, 
	0x28C6, 0x20C6, 0x20A5, 0x28C5, 0x28E6, 0x28E6, 0x20A5, 0x20C5, 0x20C6, 0x20A5, 0x20A5, 0x20C6, 0x20C6, 0x20A5, 0x20C5, 0x20A5, 
	0x20C5, 0x20A5, 0x20A5, 0x20C5, 0x20C5, 0x20A5, 0x20A5, 0x20A5, 0x20A5, 0x20A5, 0x20A5, 0x20A5, 0x20A5, 0x20A5, 0x20A5, 0x20A5, 
	0x1884, 0x1884, 0x1884, 0x1884, 0x1884, 0x1884, 0x1884, 0x1884, 0x1884, 0x18A4, 0x1884, 0x1884, 0x1884, 0x1884, 0x1884, 0x1884, 
	0x1884, 0x1884, 0x1884, 0x1884, 0x18A4, 0x1884, 0x1884, 0x1884, 0x1884, 0x1884, 0x1884, 0x1884, 0x1884, 0x18A4, 0x1884, 0x1884, 
	0x1884, 0x1884, 0x1884, 0x18A4, 0x1884, 0x1884, 0x18A4, 0x18A5, 0x18A4, 0x1884, 0x1884, 0x1884, 0x1884, 0x1884, 0x1884, 0x1884, 
	0x1884, 0x1884, 0x18A5, 0x1884, 0x18A5, 0x1884, 0x18A5, 0x18A4, 0x18A4, 0x18A5, 0x18A5, 0x18A5, 0x1885, 0x18A5, 0x18A5, 0x1885, 
	0x18A5, 0x1884, 0x18A5, 0x18A5, 0x1885, 0x18A5, 0x1885, 0x1885, 0x18A5, 0x18A5, 0x18A5, 0x18A5, 0x18A5, 0x18A5, 0x18A5, 0x18A5, 
	0x18A5, 0x18A5, 0x1885, 0x18A5, 0x20A5, 0x18A4, 0x20C6, 0x20C5, 0x1884, 0x20A5, 0x18A5, 0x18A5, 0x18A5, 0x20A5, 0x18A4, 0x20A5, 
	0x28E6, 0x20A5, 0x18A5, 0x20A5, 0x18A5, 0x20A5, 0x18A5, 0x18A5, 0x18A5, 0x20A5, 0x18A5, 0x20C5, 0x1885, 0x1885, 0x20A5, 0x2085, 
	0x20A5, 0x1885, 0x18A5, 0x20A5, 0x20A5, 0x20A5, 0x20A5, 0x18A5, 0x20A5, 0x20A5, 0x20A5, 0x20A5, 0x20A5, 0x20A5, 0x20A5, 0x20A5, 
	0x18A5, 0x18A5, 0x20A5, 0x20C5, 0x20A5, 0x20C5, 0x20C5, 0x20A5, 0x20A5, 0x20A5, 0x20A5, 0x20A5, 0x20C6, 0x20A5, 0x2085, 0x20A5, 
	0x20C6, 0x20C6, 0x20C6, 0x20A6, 0x20C6, 0x20C6, 0x20C6, 0x20C6, 0x28E6, 0x20C6, 0x20C6, 0x20C6, 0x20C6, 0x20C6, 0x20A6, 0x20C6, 
	0x28C6, 0x20C6, 0x20C6, 0x20C6, 0x20C6, 0x20C6, 0x20C6, 0x20A6, 0x20C6, 0x28C6, 0x20C6, 0x28C6, 0x28C6, 0x28C6, 0x28C6, 0x28C6, 
	0x28C6, 0x28C6, 0x28E6, 0x28C6, 0x28C6, 0x28C6, 0x28C6, 0x28C6, 0x28E6, 0x28C6, 0x28C6, 0x28C6, 0x28C6, 0x28C6, 0x28C6, 0x28C6, 
	0x28C6, 0x30E6, 0x28E6, 0x28E6, 0x28C6, 0x28C6, 0x30C6, 0x30E7, 0x30E6, 0x30C6, 0x30C6, 0x30C6, 0x30C6, 0x28C6, 0x28C6, 0x28C6, 
	0x30C7, 0x28C7, 0x30E7, 0x30C6, 0x30C6, 0x30C7, 0x30C6, 0x30E7, 0x30E7, 0x30C7, 0x30C6, 0x30C6, 0x38E7, 0x30C7, 0x30C6, 0x30C6, 
	0x30C6, 0x38E7, 0x38C7, 0x38E7, 0x38E7, 0x38E7, 0x38E7, 0x38E7, 0x38E7, 0x38E7, 0x38E7, 0x38E7, 0x30C6, 0x30C6, 0x30C7, 0x38E7, 
	0x38C7, 0x30C7, 0x38E7, 0x38C7, 0x30C7, 0x38C7, 0x38C6, 0x38E7, 0x38C7, 0x38E7, 0x38E7, 0x30C6, 0x30E6, 0x30E6, 0x30C6, 0x30C6, 
	0x30C6, 0x30C6, 0x28C6, 0x28C6, 0x30C6, 0x30C6, 0x28C6, 0x30C6, 0x28C6, 0x28C6, 0x28C6, 0x28C6, 0x3908, 0x30E7, 0x28C6, 0x28C6, 
	0x28C6, 0x28C6, 0x28A6, 0x28A6, 0x28A6, 0x28A6, 0x28C6, 0x28C6, 0x28A6, 0x28C6, 0x28C6, 0x28C6, 0x20A5, 0x28C6, 0x28C6, 0x28A6, 
	0x28C6, 0x20A5, 0x20A5, 0x28C6, 0x20A5, 0x28C6, 0x28C6, 0x20C5, 0x20C5, 0x20A5, 0x20A5, 0x20C5, 0x20C6, 0x28C5, 0x20A5, 0x20A5, 
	0x20C5, 0x20A5, 0x20A5, 0x20C5, 0x20A5, 0x20C5, 0x20A5, 0x20A5, 0x20A5, 0x20A5, 0x20A5, 0x20A5, 0x20A5, 0x20A5, 0x20A5, 0x20A5, 
	0x1884, 0x1884, 0x1884, 0x1884, 0x1884, 0x1884, 0x1884, 0x1884, 0x1884, 0x18A4, 0x1884, 0x1884, 0x1884, 0x1864, 0x1884, 0x1884, 
	0x1884, 0x18A4, 0x1884, 0x1884, 0x1884, 0x1884, 0x1884, 0x1884, 0x1884, 0x20C5, 0x18A5, 0x1884, 0x1884, 0x18A4, 0x18A4, 0x1884, 
	0x1884, 0x1884, 0x1884, 0x18A4, 0x1884, 0x1884, 0x18A4, 0x18A4, 0x1884, 0x18A4, 0x1884, 0x1884, 0x1884, 0x18A4, 0x18A4, 0x1884, 
	0x1884, 0x1884, 0x18A4, 0x1884, 0x1884, 0x1885, 0x18A5, 0x18A5, 0x18A4, 0x18A5, 0x18A5, 0x18A5, 0x1885, 0x1885, 0x1885, 0x18A4, 
	0x18A4, 0x18A5, 0x18A5, 0x18A5, 0x18A5, 0x1885, 0x18A5, 0x18A5, 0x18A5, 0x18A5, 0x18A5, 0x18A5, 0x1885, 0x1885, 0x18A5, 0x1884, 
	0x18A5, 0x18A5, 0x18A5, 0x18A5, 0x20A5, 0x1884, 0x3149, 0x28E6, 0x1884, 0x18A5, 0x18A5, 0x1884, 0x1885, 0x1885, 0x18A5, 0x18A5, 
	0x20C5, 0x18A5, 0x20A5, 0x20A5, 0x18A4, 0x20A5, 0x20A5, 0x20A5, 0x20C5, 0x20A5, 0x1885, 0x18A5, 0x20A5, 0x1885, 0x20A5, 0x1885, 
	0x1885, 0x1884, 0x18A5, 0x20A5, 0x20A5, 0x2085, 0x20A5, 0x20A5, 0x20A5, 0x20C5, 0x20A5, 0x20A5, 0x20A5, 0x20A5, 0x20A5, 0x20A5, 
	0x20A5, 0x20C5, 0x20A5, 0x20A5, 0x20A5, 0x20A5, 0x20A5, 0x20A5, 0x20A6, 0x20A5, 0x20A5, 0x20A6, 0x20C6, 0x20C6, 0x20A5, 0x20C6, 
	0x20A5, 0x20A6, 0x20C6, 0x20A6, 0x20A6, 0x20C6, 0x20C6, 0x20A6, 0x20A6, 0x20A5, 0x20C6, 0x20A6, 0x20A6, 0x20C6, 0x20A6, 0x28C6, 
	0x20A6, 0x20A5, 0x20C6, 0x20C6, 0x20C6, 0x20C6, 0x20C6, 0x28C6, 0x28C6, 0x28C6, 0x20C6, 0x20C6, 0x28C6, 0x28C6, 0x28C6, 0x28E6, 
	0x28C6, 0x28C6, 0x28C6, 0x28C6, 0x28C6, 0x28C6, 0x28C6, 0x28C6, 0x28C6, 0x28C6, 0x28C6, 0x28C6, 0x28C6, 0x30C7, 0x30E7, 0x30E6, 
	0x28C6, 0x28E6, 0x28C6, 0x28C6, 0x28E6, 0x30E7, 0x28C6, 0x30C6, 0x30E6, 0x28C6, 0x30C6, 0x28C6, 0x28C6, 0x28C6, 0x28C6, 0x28C6, 
	0x30C7, 0x28C7, 0x30C7, 0x30C7, 0x30C6, 0x30C7, 0x30A6, 0x30C6, 0x30E7, 0x30C6, 0x30C7, 0x30E6, 0x38E7, 0x38E7, 0x30C7, 0x30C7, 
	0x30E7, 0x30C6, 0x30C7, 0x38E7, 0x38C7, 0x38C7, 0x38C7, 0x38E7, 0x38E7, 0x30C7, 0x30C6, 0x30E6, 0x30C6, 0x30C6, 0x38C7, 0x30C7, 
	0x30C7, 0x38E7, 0x38E7, 0x38E7, 0x38C7, 0x38E7, 0x38E7, 0x30C7, 0x38E7, 0x38E7, 0x38E7, 0x30C6, 0x30C6, 0x30C6, 0x30C6, 0x30C6, 
	0x30C6, 0x28C6, 0x28C6, 0x28C6, 0x28C6, 0x28C6, 0x28C6, 0x28C6, 0x28E6, 0x28C6, 0x28C6, 0x30E6, 0x414A, 0x3908, 0x28A6, 0x28C6, 
	0x28C6, 0x28C6, 0x28C6, 0x28C6, 0x28C6, 0x28C6, 0x28C6, 0x28C6, 0x28C6, 0x28C6, 0x28C5, 0x28C6, 0x28C6, 0x20A5, 0x28C6, 0x20A6, 
	0x20A6, 0x20A5, 0x20A5, 0x28C5, 0x20A5, 0x20A5, 0x20A5, 0x20A5, 0x20C5, 0x20C5, 0x28C6, 0x28C6, 0x20A5, 0x20A5, 0x20A5, 0x20A5, 
	0x20A5, 0x20A5, 0x20A5, 0x20A5, 0x20A5, 0x20A5, 0x20A5, 0x20A5, 0x20A5, 0x20A5, 0x20A5, 0x20A5, 0x20A5, 0x20A5, 0x20A5, 0x20A5, 
	0x1884, 0x18A4, 0x1884, 0x1884, 0x1884, 0x1864, 0x1884, 0x1884, 0x18A4, 0x1884, 0x1884, 0x1884, 0x1884, 0x1864, 0x1884, 0x1884, 
	0x1884, 0x1884, 0x1884, 0x1884, 0x1884, 0x1884, 0x1884, 0x1884, 0x1084, 0x18A5, 0x18A4, 0x1884, 0x1884, 0x1884, 0x1884, 0x1884, 
	0x18A4, 0x1884, 0x1884, 0x1884, 0x1884, 0x18A4, 0x18A5, 0x18A4, 0x1884, 0x1884, 0x1884, 0x1884, 0x1884, 0x18A4, 0x1884, 0x1884, 
	0x18A4, 0x1884, 0x18A5, 0x18A5, 0x18A5, 0x1885, 0x18A5, 0x18A5, 0x18A5, 0x18A5, 0x18A4, 0x18A5, 0x1884, 0x1885, 0x18A5, 0x18A5, 
	0x18A5, 0x18A5, 0x1884, 0x1885, 0x1885, 0x1885, 0x18A5, 0x18A4, 0x18A5, 0x18A5, 0x1885, 0x1885, 0x1885, 0x1885, 0x18A5, 0x1885, 
	0x18A5, 0x1885, 0x1885, 0x1885, 0x1885, 0x18A5, 0x18A5, 0x18A5, 0x1885, 0x1885, 0x1885, 0x18A5, 0x1885, 0x1885, 0x20A5, 0x18A5, 
	0x18A4, 0x18A4, 0x18A5, 0x18A5, 0x1885, 0x18A5, 0x20A5, 0x18A5, 0x20C5, 0x20A5, 0x1885, 0x18A5, 0x20A5, 0x20A5, 0x20C5, 0x20A5, 
	0x20C6, 0x20A5, 0x18A5, 0x20A5, 0x20A5, 0x18A5, 0x20A5, 0x20A5, 0x20A5, 0x18A5, 0x18A5, 0x20A5, 0x20A5, 0x2085, 0x20C5, 0x20A5, 
	0x20C5, 0x20C5, 0x20A5, 0x20A5, 0x20A5, 0x20A5, 0x20C5, 0x20A5, 0x20A5, 0x20A6, 0x28E7, 0x28C6, 0x20A5, 0x20A5, 0x20A5, 0x20C5, 
	0x20C6, 0x20A5, 0x20A6, 0x20A6, 0x20C6, 0x20C6, 0x20A6, 0x20C5, 0x20A6, 0x20A6, 0x20C6, 0x20A5, 0x20A6, 0x20A6, 0x20A6, 0x20C6, 
	0x20A6, 0x20A6, 0x20A6, 0x20C6, 0x20C6, 0x20C6, 0x20A6, 0x28C6, 0x28C6, 0x20A6, 0x28C6, 0x20A6, 0x20A6, 0x20A6, 0x28C6, 0x28C6, 
	0x28A6, 0x28C6, 0x28C6, 0x28C6, 0x28C6, 0x28C6, 0x28C6, 0x28C6, 0x28E6, 0x28C6, 0x28C6, 0x30C6, 0x30C7, 0x28C6, 0x28C6, 0x28C6, 
	0x28C6, 0x28E6, 0x28C6, 0x28C7, 0x30E7, 0x30E7, 0x30E7, 0x30C6, 0x30C6, 0x28C6, 0x30E6, 0x28C6, 0x30E7, 0x30E7, 0x30C6, 0x30E6, 
	0x30C6, 0x28C7, 0x30C7, 0x30C7, 0x30C6, 0x30C6, 0x30C7, 0x30C7, 0x30C7, 0x30C6, 0x30C6, 0x30C6, 0x30C6, 0x38E7, 0x30E7, 0x30E7, 
	0x30E7, 0x30E7, 0x38E7, 0x38E7, 0x38E7, 0x38E7, 0x38C7, 0x38E7, 0x38E7, 0x30C7, 0x30C6, 0x30C6, 0x30C6, 0x38E6, 0x38E7, 0x30C6, 
	0x38C7, 0x38E7, 0x38C7, 0x38E7, 0x38C7, 0x38E7, 0x38C7, 0x30C7, 0x30E7, 0x30C7, 0x30C7, 0x30C6, 0x28C6, 0x30C6, 0x30C6, 0x30C6, 
	0x28C6, 0x28C6, 0x28C6, 0x28E6, 0x28C6, 0x28C5, 0x30E6, 0x28E6, 0x28E6, 0x28C6, 0x28C6, 0x28C6, 0x28C6, 0x28C5, 0x28C6, 0x28C6, 
	0x28C6, 0x28C6, 0x28C6, 0x28C6, 0x28C6, 0x28C6, 0x28E6, 0x28C6, 0x28C6, 0x28C6, 0x28C5, 0x28C6, 0x28C6, 0x20A5, 0x28C6, 0x28C6, 
	0x20A5, 0x20A5, 0x20C5, 0x20C5, 0x20A5, 0x28A6, 0x20A5, 0x20C5, 0x20A5, 0x20A5, 0x20A5, 0x20A5, 0x20A5, 0x20A5, 0x20C5, 0x20A5, 
	0x20A5, 0x20A5, 0x20A5, 0x20C5, 0x20A5, 0x20A5, 0x20A5, 0x20A5, 0x20A5, 0x20A5, 0x20A5, 0x20A5, 0x20A5, 0x20A5, 0x20A5, 0x20A5, 
	0x1884, 0x1884, 0x1884, 0x1884, 0x1884, 0x1884, 0x1884, 0x1884, 0x1884, 0x1884, 0x1884, 0x1884, 0x1884, 0x1884, 0x1884, 0x1884, 
	0x1884, 0x1884, 0x1884, 0x1884, 0x1884, 0x1884, 0x1884, 0x1884, 0x1884, 0x1884, 0x1884, 0x1884, 0x1884, 0x1884, 0x1884, 0x1884, 
	0x18A5, 0x18A5, 0x1884, 0x1884, 0x18A4, 0x18A4, 0x1884, 0x1884, 0x1884, 0x1884, 0x1884, 0x1884, 0x1884, 0x1884, 0x1884, 0x18A4, 
	0x18A5, 0x18A5, 0x18A4, 0x1864, 0x1884, 0x1884, 0x1884, 0x1885, 0x1885, 0x18A5, 0x18A5, 0x18A5, 0x18A5, 0x1885, 0x1885, 0x18A5, 
	0x1884, 0x18A5, 0x18A5, 0x18A5, 0x18A5, 0x1885, 0x18A5, 0x18A4, 0x18A5, 0x18A5, 0x18A5, 0x18A5, 0x18A5, 0x1885, 0x18A5, 0x18A5, 
	0x18A5, 0x18A5, 0x18A5, 0x1885, 0x18A5, 0x18A5, 0x18A5, 0x18A5, 0x20A5, 0x18A5, 0x18A5, 0x18A5, 0x1885, 0x1884, 0x18A5, 0x18A5, 
	0x18A5, 0x20A5, 0x18A5, 0x20A5, 0x18A5, 0x18A4, 0x1884, 0x18A5, 0x20A5, 0x20A5, 0x18A5, 0x20C5, 0x18A5, 0x18A5, 0x18A4, 0x20A5, 
	0x3127, 0x2907, 0x20A5, 0x18A5, 0x20A5, 0x20A5, 0x20A5, 0x20A5, 0x20A5, 0x20A5, 0x20A5, 0x20A5, 0x20A5, 0x20A5, 0x20A5, 0x20A5, 
	0x20A5, 0x20A5, 0x20A5, 0x20A5, 0x20A5, 0x20A5, 0x20A5, 0x20C5, 0x20A5, 0x20C6, 0x28E6, 0x20C6, 0x20A5, 0x20C6, 0x20A5, 0x20A5, 
	0x20A5, 0x20A5, 0x20A5, 0x20C6, 0x20A6, 0x20C6, 0x20A5, 0x20A6, 0x20C6, 0x20C5, 0x20C5, 0x20A6, 0x20C6, 0x20C6, 0x28C6, 0x28C6, 
	0x20A6, 0x20A6, 0x20A6, 0x20C6, 0x20C6, 0x20C6, 0x20A6, 0x20C6, 0x28C6, 0x28C6, 0x28C6, 0x28C6, 0x28A6, 0x28C6, 0x28C6, 0x28C6, 
	0x28C6, 0x28C6, 0x28C6, 0x28C6, 0x28C6, 0x28C6, 0x28C6, 0x28C6, 0x28C6, 0x28C6, 0x28C6, 0x30C6, 0x30E7, 0x28C6, 0x28C6, 0x28E6, 
	0x28E6, 0x28C6, 0x28C6, 0x28E7, 0x28C6, 0x30E6, 0x30E7, 0x28E6, 0x30E7, 0x30E7, 0x30E6, 0x28C6, 0x30E7, 0x30C7, 0x30E7, 0x30C6, 
	0x28C6, 0x30C6, 0x28C6, 0x30C6, 0x28C6, 0x30C6, 0x30E7, 0x30E6, 0x30C7, 0x30C6, 0x30C6, 0x30C6, 0x30E7, 0x30E7, 0x30E7, 0x30E7, 
	0x30C7, 0x30C7, 0x38E7, 0x30C6, 0x38E7, 0x30C7, 0x30C7, 0x30C7, 0x30E7, 0x30E6, 0x30E6, 0x30E7, 0x30C6, 0x30C6, 0x38E7, 0x30C6, 
	0x38E7, 0x38E7, 0x38E7, 0x38E7, 0x38E7, 0x38E7, 0x30C7, 0x30C6, 0x30C7, 0x38E7, 0x38E7, 0x30C6, 0x30C6, 0x30C7, 0x30C6, 0x30C6, 
	0x30C6, 0x30C6, 0x28C6, 0x30C6, 0x28C6, 0x28C6, 0x28C6, 0x28C6, 0x28C6, 0x28C6, 0x28C6, 0x28C6, 0x28C5, 0x28C6, 0x28A6, 0x28C6, 
	0x28C6, 0x28C6, 0x28A6, 0x28A5, 0x28C6, 0x28C6, 0x28C6, 0x28A6, 0x28C6, 0x28C6, 0x28C6, 0x28C5, 0x20A6, 0x28C6, 0x28C6, 0x28C6, 
	0x20A5, 0x20C5, 0x28C5, 0x20A5, 0x20A5, 0x20C5, 0x20A5, 0x28C5, 0x20A5, 0x20A5, 0x20A5, 0x20A5, 0x20C5, 0x20A5, 0x20A5, 0x20A5, 
	0x20A5, 0x20A5, 0x20A5, 0x20A5, 0x20A5, 0x20A5, 0x20A5, 0x20A5, 0x20A5, 0x20A5, 0x20A5, 0x20A5, 0x20A5, 0x20A5, 0x20A5, 0x20A5, 
	0x1884, 0x1884, 0x1884, 0x1884, 0x1884, 0x1884, 0x18A4, 0x1884, 0x1884, 0x1884, 0x1884, 0x1884, 0x1884, 0x1884, 0x1884, 0x1884, 
	0x1884, 0x1884, 0x1884, 0x1884, 0x1884, 0x1884, 0x1884, 0x18A4, 0x1884, 0x1884, 0x1884, 0x1884, 0x18A4, 0x1884, 0x18A4, 0x18A4, 
	0x1884, 0x1884, 0x18A5, 0x1884, 0x1884, 0x18A4, 0x1884, 0x18A4, 0x20E6, 0x18A5, 0x1884, 0x18A4, 0x18A4, 0x1884, 0x18A4, 0x18A4, 
	0x1884, 0x1884, 0x20C5, 0x62CD, 0x3168, 0x1884, 0x18A5, 0x1884, 0x18A5, 0x18A5, 0x18A5, 0x18A4, 0x1885, 0x1885, 0x18A5, 0x18A5, 
	0x18A5, 0x18A5, 0x1885, 0x18A5, 0x18A4, 0x1884, 0x18A5, 0x18A5, 0x18A5, 0x18A5, 0x18A5, 0x18A5, 0x18A5, 0x18A5, 0x18A5, 0x20A5, 
	0x18A5, 0x18A5, 0x20A5, 0x18A5, 0x18A5, 0x18A5, 0x18A5, 0x20A5, 0x18A5, 0x18A5, 0x18A5, 0x18A5, 0x18A5, 0x18A5, 0x18A5, 0x20A5, 
	0x18A5, 0x20A5, 0x20A5, 0x18A5, 0x20A5, 0x18A5, 0x18A5, 0x20A5, 0x20A5, 0x18A5, 0x18A5, 0x20A5, 0x1885, 0x20C6, 0x5A8C, 0x4A0A, 
	0x20A5, 0x20C5, 0x1885, 0x20A5, 0x20A5, 0x18A5, 0x20A5, 0x18A5, 0x20A5, 0x20A5, 0x20A5, 0x20A5, 0x20A5, 0x20A5, 0x20A5, 0x20A5, 
	0x20C5, 0x20A5, 0x20A5, 0x20A5, 0x20A5, 0x20A5, 0x20A5, 0x20C6, 0x20A5, 0x20C5, 0x20A5, 0x20A5, 0x20C6, 0x20C6, 0x20C6, 0x20A5, 
	0x20C6, 0x20C6, 0x20C6, 0x20C6, 0x20A6, 0x20C5, 0x20C6, 0x20A6, 0x20C6, 0x20A5, 0x20C6, 0x20C6, 0x20C6, 0x20C6, 0x20C6, 0x20C6, 
	0x20A6, 0x20A6, 0x20A6, 0x28C6, 0x20C6, 0x28C6, 0x20C6, 0x20C6, 0x28C6, 0x28C6, 0x28C6, 0x28C6, 0x28C6, 0x28C6, 0x28C6, 0x28C6, 
	0x28C6, 0x28C6, 0x28C6, 0x28E6, 0x28C6, 0x28C6, 0x28C6, 0x28C6, 0x28A6, 0x28C6, 0x30E7, 0x28C6, 0x30C6, 0x30C6, 0x30E6, 0x28E6, 
	0x28C6, 0x28C6, 0x30E6, 0x30E7, 0x28C6, 0x28C6, 0x30C6, 0x28C6, 0x30E7, 0x30E6, 0x30E7, 0x30C6, 0x30C7, 0x28C6, 0x30E7, 0x30C6, 
	0x30C6, 0x30C7, 0x28C6, 0x30E7, 0x28C6, 0x28C6, 0x30E6, 0x30C6, 0x30E6, 0x30E6, 0x30C6, 0x30C7, 0x30E7, 0x30E7, 0x30E7, 0x38E7, 
	0x30C7, 0x30C7, 0x38E7, 0x30C7, 0x38E7, 0x38C7, 0x30E7, 0x30C7, 0x30E7, 0x30E7, 0x30C6, 0x38E7, 0x38E7, 0x38C7, 0x38C7, 0x38C6, 
	0x38C7, 0x38C7, 0x38E7, 0x38E7, 0x38C7, 0x38C7, 0x38C7, 0x30C7, 0x30C7, 0x38E7, 0x38E7, 0x498A, 0x4128, 0x30E7, 0x30C6, 0x30C6, 
	0x30C6, 0x30C6, 0x30C6, 0x28C6, 0x28C6, 0x28A6, 0x28C6, 0x28C6, 0x28C6, 0x28C6, 0x28C6, 0x28C6, 0x28C6, 0x28A6, 0x28C6, 0x28C6, 
	0x28C6, 0x28A6, 0x28A6, 0x28A5, 0x28E6, 0x28C6, 0x28C6, 0x28C6, 0x28A6, 0x28A6, 0x28C6, 0x20A5, 0x28A5, 0x28C6, 0x28A6, 0x28C6, 
	0x28C6, 0x28C6, 0x28C6, 0x20C5, 0x28C6, 0x28C6, 0x20C5, 0x20A5, 0x20C5, 0x20A5, 0x20A5, 0x20A5, 0x20A5, 0x20A5, 0x20A5, 0x20C5, 
	0x20A5, 0x20A5, 0x20A5, 0x20A5, 0x20A5, 0x20A5, 0x20A5, 0x20A5, 0x20A5, 0x20A5, 0x20A5, 0x20C5, 0x20A5, 0x20A5, 0x20A5, 0x20A5, 
	0x1884, 0x1884, 0x1884, 0x1884, 0x1884, 0x1884, 0x1884, 0x1884, 0x1884, 0x1884, 0x1884, 0x1884, 0x18A4, 0x18A4, 0x1884, 0x1884, 
	0x1884, 0x1884, 0x1884, 0x1884, 0x1884, 0x18A4, 0x1884, 0x1884, 0x1884, 0x1884, 0x1884, 0x1884, 0x18A4, 0x1884, 0x1884, 0x18A4, 
	0x1884, 0x18A4, 0x20E6, 0x18A5, 0x1884, 0x18A4, 0x18A4, 0x20C5, 0x20E6, 0x18A5, 0x1884, 0x1884, 0x1884, 0x1884, 0x18A4, 0x18A5, 
	0x18A4, 0x18A4, 0x2906, 0x83B1, 0x3988, 0x1864, 0x1885, 0x1884, 0x1885, 0x1885, 0x18A5, 0x18A5, 0x18A5, 0x18A5, 0x18A5, 0x18A5, 
	0x1885, 0x1885, 0x1885, 0x18A5, 0x18C5, 0x18A5, 0x18A5, 0x18A5, 0x1885, 0x1885, 0x1885, 0x18A5, 0x18A5, 0x18A5, 0x18A5, 0x18A5, 
	0x20A5, 0x20A5, 0x18A5, 0x1885, 0x18A5, 0x18A5, 0x20A5, 0x1885, 0x1885, 0x1885, 0x18A5, 0x18A5, 0x18A5, 0x20A5, 0x18A5, 0x18A5, 
	0x18A5, 0x18A5, 0x18A5, 0x18A5, 0x18A5, 0x1885, 0x18A5, 0x18A5, 0x18A5, 0x1884, 0x18A5, 0x20A5, 0x20A5, 0x524B, 0xD6BB, 0xAD56, 
	0x28E6, 0x1885, 0x1885, 0x20A5, 0x20A5, 0x20A5, 0x20A5, 0x20A5, 0x20A5, 0x20A5, 0x20A5, 0x20A5, 0x20A5, 0x20C5, 0x20C5, 0x20A5, 
	0x20A5, 0x20A5, 0x20A5, 0x20A5, 0x20A5, 0x20A5, 0x20C5, 0x20A5, 0x20A5, 0x20C5, 0x20A5, 0x20C5, 0x20A5, 0x20A5, 0x20C6, 0x20A6, 
	0x20C6, 0x28C6, 0x20A6, 0x20C6, 0x20A5, 0x20A5, 0x20C6, 0x20C6, 0x20C5, 0x28E6, 0x28E6, 0x20C6, 0x20A6, 0x20C6, 0x20C6, 0x20C6, 
	0x20A6, 0x20C6, 0x20C6, 0x20C6, 0x20C6, 0x20C6, 0x28C6, 0x20C6, 0x28C6, 0x28C6, 0x28C6, 0x28C6, 0x28C6, 0x28E6, 0x28C6, 0x28C6, 
	0x28C6, 0x28C6, 0x28C6, 0x28C6, 0x28C6, 0x28C6, 0x28C6, 0x28C6, 0x28C6, 0x30E7, 0x30E7, 0x28C6, 0x28C6, 0x28C6, 0x28C6, 0x28C6, 
	0x30E7, 0x28C6, 0x28C6, 0x30E6, 0x28C6, 0x28C6, 0x30C6, 0x28C6, 0x30E6, 0x3107, 0x494B, 0x38E8, 0x30C7, 0x30E7, 0x30C7, 0x30C7, 
	0x30C7, 0x30E7, 0x30E7, 0x30C7, 0x30C7, 0x30E7, 0x30E7, 0x30C6, 0x30E7, 0x30C6, 0x30C7, 0x30E7, 0x30C7, 0x30E7, 0x38E7, 0x38E7, 
	0x30C7, 0x38E7, 0x38E7, 0x38E7, 0x30C6, 0x30C6, 0x38E7, 0x30C7, 0x30C6, 0x30C6, 0x38C7, 0x38E7, 0x38E7, 0x38C7, 0x38E7, 0x38E7, 
	0x38E7, 0x38E7, 0x40E7, 0x38E7, 0x38E7, 0x38E7, 0x38E7, 0x38E7, 0x30C7, 0x30C6, 0x496A, 0x8B94, 0x496A, 0x28A6, 0x28C6, 0x28C6, 
	0x30C6, 0x28C6, 0x30C6, 0x28C6, 0x28C6, 0x28C6, 0x28C6, 0x28E6, 0x28C6, 0x28E6, 0x28C6, 0x28C6, 0x28C6, 0x28C6, 0x28C6, 0x28C6, 
	0x30E6, 0x30E6, 0x28C6, 0x28C6, 0x28C6, 0x28A5, 0x28C6, 0x3107, 0x28C6, 0x28C6, 0x28C6, 0x28C6, 0x20A5, 0x20C6, 0x28C6, 0x28C5, 
	0x28C6, 0x20C6, 0x20C5, 0x20C6, 0x20A5, 0x20A5, 0x20C5, 0x20A5, 0x20A5, 0x20A5, 0x20C5, 0x20A5, 0x20C5, 0x20A5, 0x20C5, 0x20A5, 
	0x20A5, 0x20A5, 0x20A5, 0x20A5, 0x20A5, 0x20A5, 0x20C5, 0x20A5, 0x20A5, 0x20C5, 0x20A5, 0x20C5, 0x20A5, 0x20A5, 0x20A5, 0x20A5, 
	0x1884, 0x1884, 0x1884, 0x1884, 0x1884, 0x1884, 0x1884, 0x1884, 0x1884, 0x1864, 0x1884, 0x1884, 0x18A4, 0x18A4, 0x1884, 0x1884, 
	0x1884, 0x1884, 0x1884, 0x1884, 0x1884, 0x18A4, 0x1884, 0x1884, 0x1884, 0x1884, 0x1884, 0x1884, 0x1884, 0x1884, 0x1884, 0x18A4, 
	0x18A4, 0x1884, 0x18A4, 0x1884, 0x1884, 0x1884, 0x18A5, 0x18A4, 0x1884, 0x1884, 0x1884, 0x18A4, 0x1884, 0x18A4, 0x18A5, 0x18A5, 
	0x1884, 0x18A4, 0x18A4, 0x20C5, 0x18A4, 0x18A5, 0x18A5, 0x18A5, 0x1885, 0x1885, 0x18A5, 0x18A5, 0x18A4, 0x18A5, 0x1884, 0x1885, 
	0x1885, 0x1885, 0x20A5, 0x18A5, 0x20C5, 0x20C5, 0x1884, 0x18A5, 0x1885, 0x1885, 0x20A5, 0x18A5, 0x18A5, 0x18A5, 0x18A5, 0x1885, 
	0x18A5, 0x18A5, 0x18A5, 0x1885, 0x20A5, 0x18A5, 0x18A5, 0x18A5, 0x18A5, 0x18A5, 0x20A5, 0x18A5, 0x18A5, 0x18A5, 0x1885, 0x18A5, 
	0x18A5, 0x1885, 0x20A5, 0x20A5, 0x18A5, 0x18A5, 0x18A5, 0x18A5, 0x18A5, 0x18A4, 0x20A5, 0x20A5, 0x2084, 0x4A0A, 0xBDD8, 0x8C12, 
	0x28C5, 0x20C5, 0x20A5, 0x20A5, 0x20A5, 0x18A5, 0x20A5, 0x20C5, 0x20A5, 0x20A5, 0x20A5, 0x20A5, 0x20C5, 0x20C5, 0x20A5, 0x20A5, 
	0x20A5, 0x20A5, 0x20C5, 0x20A5, 0x20A5, 0x20A5, 0x20A5, 0x20A5, 0x20C5, 0x20A5, 0x20A5, 0x20C6, 0x20C6, 0x20A5, 0x20C6, 0x20C6, 
	0x20C6, 0x20C6, 0x20A5, 0x20A5, 0x20C6, 0x20C6, 0x20C6, 0x20C5, 0x20C6, 0x3929, 0x3129, 0x20C6, 0x20C6, 0x20C6, 0x20C6, 0x20C6, 
	0x28C6, 0x20C6, 0x20C6, 0x20C6, 0x20A6, 0x20C6, 0x28C6, 0x20C6, 0x28C6, 0x28C6, 0x28C6, 0x28C6, 0x28C6, 0x28C6, 0x28C6, 0x28E6, 
	0x28C6, 0x28C6, 0x28E6, 0x28C6, 0x28C6, 0x28C6, 0x28C6, 0x28C6, 0x30E7, 0x28C6, 0x28C6, 0x28C6, 0x28C6, 0x28E6, 0x28C6, 0x28C6, 
	0x30E7, 0x30E7, 0x30C6, 0x28C6, 0x30C6, 0x30E6, 0x30E7, 0x30E7, 0x30E6, 0x3908, 0x414A, 0x30E7, 0x30C6, 0x30C6, 0x30E7, 0x30E7, 
	0x30C7, 0x30E7, 0x30E7, 0x28C6, 0x28E7, 0x30E7, 0x30C6, 0x30C7, 0x30C7, 0x30C7, 0x38E7, 0x30C7, 0x30C7, 0x30E7, 0x38E7, 0x38E7, 
	0x38E7, 0x38E7, 0x30C7, 0x30C7, 0x30E7, 0x38E7, 0x38E7, 0x38C7, 0x30C7, 0x38E7, 0x38E7, 0x38E7, 0x38E7, 0x38E7, 0x38E7, 0x38E7, 
	0x38C7, 0x38E7, 0x40E8, 0x38C7, 0x38E7, 0x4107, 0x38E7, 0x38C7, 0x30C6, 0x38E7, 0x3908, 0x4148, 0x30E6, 0x30E7, 0x30C6, 0x30C6, 
	0x30C6, 0x30C6, 0x30C6, 0x30C6, 0x28C6, 0x28C6, 0x28C6, 0x28C6, 0x28C6, 0x28C6, 0x28C6, 0x28C6, 0x28C6, 0x28C6, 0x28E6, 0x28C6, 
	0x28C6, 0x28C6, 0x28C6, 0x28C6, 0x28C6, 0x28C6, 0x28E6, 0x3107, 0x28E6, 0x28C6, 0x28C6, 0x20C6, 0x28C6, 0x20A6, 0x28C6, 0x28C6, 
	0x28C6, 0x20C5, 0x20A5, 0x20A5, 0x20A5, 0x20C5, 0x20C6, 0x20A5, 0x20C5, 0x20A5, 0x28C5, 0x20A5, 0x20A5, 0x28E6, 0x28C6, 0x20A5, 
	0x20C5, 0x20A5, 0x20A5, 0x20C5, 0x20A5, 0x20A5, 0x20C5, 0x20A5, 0x20A5, 0x20C5, 0x20C5, 0x20A5, 0x20A5, 0x20A5, 0x20A5, 0x20A5, 
	0x18A4, 0x1884, 0x1884, 0x1884, 0x1884, 0x1884, 0x1884, 0x18A4, 0x1884, 0x1884, 0x1884, 0x1884, 0x1884, 0x1884, 0x1884, 0x1884, 
	0x1884, 0x1884, 0x1884, 0x1884, 0x1884, 0x1884, 0x18A4, 0x1884, 0x18A4, 0x18A4, 0x1884, 0x18A4, 0x18A4, 0x1884, 0x1884, 0x1884, 
	0x18A4, 0x1884, 0x1884, 0x1884, 0x18A4, 0x18A4, 0x18A4, 0x1884, 0x18A4, 0x18A4, 0x18A4, 0x1884, 0x1884, 0x18A4, 0x18A4, 0x18A5, 
	0x1884, 0x18A4, 0x18A5, 0x1884, 0x18A4, 0x18A5, 0x18A5, 0x18A5, 0x1885, 0x1885, 0x18A5, 0x1884, 0x18A5, 0x18A5, 0x18A5, 0x18A5, 
	0x18A5, 0x1885, 0x1885, 0x1885, 0x1885, 0x18A5, 0x18A5, 0x20A5, 0x18A5, 0x18A5, 0x1885, 0x18A5, 0x18A5, 0x18A5, 0x18A5, 0x18A5, 
	0x1885, 0x18A5, 0x18A5, 0x18A5, 0x20A5, 0x18A5, 0x20A5, 0x20A5, 0x20A5, 0x20A5, 0x20A5, 0x18A5, 0x18A5, 0x18A5, 0x18A5, 0x20A5, 
	0x20A5, 0x18A5, 0x18A5, 0x20A5, 0x18A5, 0x18A5, 0x20A5, 0x20A5, 0x18A5, 0x18A5, 0x1885, 0x20A5, 0x20A5, 0x20C5, 0x3147, 0x20C6, 
	0x20A5, 0x20A5, 0x20A5, 0x20A5, 0x20A5, 0x20C5, 0x20C5, 0x20A5, 0x20A5, 0x20A5, 0x20A5, 0x20A5, 0x20C5, 0x20A5, 0x20A5, 0x20A5, 
	0x20A5, 0x20A5, 0x20A5, 0x20A5, 0x20A5, 0x20A5, 0x20C6, 0x20C6, 0x20C6, 0x20A5, 0x20A5, 0x20C6, 0x20A5, 0x20A6, 0x20A5, 0x20C5, 
	0x20C6, 0x20A6, 0x20C6, 0x20C6, 0x20C6, 0x20C6, 0x20C6, 0x20C6, 0x28C6, 0x28E7, 0x28E6, 0x20C6, 0x20C6, 0x20C6, 0x20A6, 0x20A6, 
	0x28C6, 0x28C6, 0x28C6, 0x20C6, 0x20C6, 0x20C6, 0x28E6, 0x20C6, 0x28E7, 0x3108, 0x28C6, 0x28C6, 0x28C6, 0x28C6, 0x28C6, 0x28C6, 
	0x28C6, 0x28C6, 0x28C6, 0x28C6, 0x28C6, 0x28C6, 0x28E6, 0x28C6, 0x30E7, 0x28C6, 0x28C6, 0x28E6, 0x28C6, 0x28C6, 0x28C6, 0x28C6, 
	0x30E6, 0x30E6, 0x30E7, 0x30C6, 0x30E7, 0x30E7, 0x30E6, 0x30E7, 0x30E7, 0x30E7, 0x30E7, 0x30E7, 0x30E7, 0x30E7, 0x30C6, 0x30C7, 
	0x30C7, 0x30C7, 0x30C7, 0x28E7, 0x30E7, 0x30E7, 0x30C7, 0x30C7, 0x30C7, 0x30E7, 0x38E7, 0x30C7, 0x30C6, 0x30E7, 0x30C7, 0x30E7, 
	0x38E7, 0x38E7, 0x30E7, 0x30E7, 0x30E7, 0x38E7, 0x38E7, 0x38E7, 0x38C7, 0x38C7, 0x38E7, 0x38C7, 0x38C7, 0x38C7, 0x38E7, 0x38E7, 
	0x38E7, 0x38E7, 0x38E7, 0x38C7, 0x38C7, 0x38E7, 0x38E7, 0x38E7, 0x30C6, 0x30C7, 0x30E7, 0x30E6, 0x30E6, 0x30E7, 0x30E7, 0x28C6, 
	0x28C6, 0x30C6, 0x28C6, 0x28A6, 0x28C6, 0x28C6, 0x28E6, 0x28C6, 0x28C6, 0x28C6, 0x28C6, 0x28E6, 0x28C6, 0x28C6, 0x28C6, 0x28C6, 
	0x28C6, 0x28C6, 0x28C6, 0x28C6, 0x28C6, 0x28C6, 0x28C6, 0x28C6, 0x28C6, 0x28C6, 0x28C6, 0x28C6, 0x20C6, 0x20A5, 0x28C6, 0x20C6, 
	0x20C6, 0x28C6, 0x20C5, 0x20C5, 0x20A6, 0x20C6, 0x20C5, 0x20C5, 0x20C5, 0x20A5, 0x20A5, 0x20A5, 0x20A5, 0x28C6, 0x20C5, 0x20A5, 
	0x20A5, 0x20A5, 0x20A5, 0x20C5, 0x20C5, 0x20A5, 0x20A5, 0x20C5, 0x20A5, 0x20A5, 0x20C5, 0x20A5, 0x20A5, 0x20A5, 0x20A5, 0x20C5, 
	0x1884, 0x1884, 0x1884, 0x1884, 0x1884, 0x1884, 0x1884, 0x1884, 0x1884, 0x1884, 0x1884, 0x1884, 0x18A4, 0x1884, 0x18A4, 0x1884, 
	0x1884, 0x1884, 0x1884, 0x18A4, 0x1884, 0x1884, 0x18A4, 0x1884, 0x1884, 0x18A4, 0x1884, 0x1884, 0x18A4, 0x1884, 0x1084, 0x1884, 
	0x18A4, 0x1884, 0x18A4, 0x1884, 0x18A4, 0x18A4, 0x18A4, 0x1884, 0x18A4, 0x18A4, 0x18A4, 0x18A5, 0x18A5, 0x1884, 0x18A5, 0x18A5, 
	0x18A5, 0x18A5, 0x18A5, 0x1884, 0x1884, 0x18A5, 0x1884, 0x1885, 0x1885, 0x18A5, 0x1884, 0x18A5, 0x18A5, 0x18A5, 0x18A5, 0x18A5, 
	0x18A5, 0x18A5, 0x1884, 0x20C5, 0x1885, 0x18A5, 0x18A5, 0x18A5, 0x18A5, 0x18A5, 0x18A5, 0x18A5, 0x18A5, 0x1885, 0x1885, 0x18A5, 
	0x18A5, 0x18A5, 0x20A5, 0x18A5, 0x18A5, 0x18A5, 0x18A5, 0x1885, 0x20A5, 0x18A5, 0x18A5, 0x20A5, 0x18A5, 0x18A5, 0x20A5, 0x18A5, 
	0x18A5, 0x20A5, 0x20A5, 0x20A5, 0x20A5, 0x18A5, 0x20C5, 0x18A5, 0x18A5, 0x20A5, 0x20A5, 0x20A5, 0x20C5, 0x20A5, 0x20A5, 0x20A5, 
	0x20A5, 0x20C5, 0x20A5, 0x20A5, 0x20A5, 0x20A5, 0x20A5, 0x20A5, 0x20A5, 0x20A5, 0x20A5, 0x20A5, 0x20C5, 0x20A5, 0x20A5, 0x20A5, 
	0x20A5, 0x18A5, 0x20A5, 0x20A5, 0x20C5, 0x20A5, 0x20A5, 0x20C6, 0x20A6, 0x20C6, 0x20C6, 0x20C6, 0x20A6, 0x20C6, 0x20C5, 0x20C5, 
	0x20C6, 0x20A5, 0x20C6, 0x20C6, 0x20C6, 0x20C6, 0x20A5, 0x20C6, 0x20C6, 0x20C6, 0x20C6, 0x20C6, 0x20C6, 0x20C6, 0x20C6, 0x20C6, 
	0x28C6, 0x20C6, 0x28C6, 0x20A6, 0x20C6, 0x20C6, 0x28C6, 0x28C6, 0x3108, 0x3929, 0x28C6, 0x28C6, 0x28C6, 0x28C6, 0x28E6, 0x28C6, 
	0x28C6, 0x28C6, 0x28C6, 0x28C6, 0x28C6, 0x28C6, 0x28C6, 0x28C6, 0x28C6, 0x28C6, 0x30E7, 0x30E7, 0x28E6, 0x28C6, 0x28E7, 0x30E7, 
	0x30C6, 0x30C6, 0x30C6, 0x30C6, 0x30C7, 0x30C7, 0x30C7, 0x30E7, 0x30E7, 0x30E7, 0x30E7, 0x30C7, 0x30E7, 0x30E7, 0x30E7, 0x30C7, 
	0x30E7, 0x30C6, 0x28C6, 0x28C7, 0x30C7, 0x30E7, 0x30E7, 0x30C7, 0x30C7, 0x30C7, 0x30C7, 0x30C6, 0x30E7, 0x30E7, 0x30C6, 0x30C7, 
	0x30E7, 0x30E7, 0x30E7, 0x30E7, 0x30C7, 0x30C7, 0x38E7, 0x38E7, 0x38E7, 0x38E7, 0x30C6, 0x38E7, 0x38C7, 0x38C7, 0x38E7, 0x38E7, 
	0x38E7, 0x38E7, 0x38E7, 0x4107, 0x38E7, 0x38E7, 0x38E7, 0x30C6, 0x30C6, 0x30C7, 0x30C6, 0x30C6, 0x30C6, 0x30E7, 0x30C6, 0x30C6, 
	0x30C6, 0x28C6, 0x28C6, 0x28A5, 0x30C6, 0x28C6, 0x28C6, 0x28C6, 0x28C6, 0x28C6, 0x28C6, 0x28C6, 0x28C6, 0x28C6, 0x28C6, 0x28C6, 
	0x28E6, 0x28E6, 0x28E6, 0x28E6, 0x28C6, 0x28C6, 0x28C6, 0x28C6, 0x28C6, 0x28C6, 0x28C6, 0x28C6, 0x28C6, 0x28C6, 0x20A6, 0x20C6, 
	0x28C6, 0x28C6, 0x20C5, 0x20C5, 0x20C5, 0x20A5, 0x20C5, 0x20C6, 0x20A5, 0x20A5, 0x20A5, 0x28C6, 0x20C5, 0x20A5, 0x20C5, 0x20A5, 
	0x20C5, 0x20C5, 0x20C5, 0x20A5, 0x20A5, 0x20A5, 0x20A5, 0x20C5, 0x20A5, 0x20A5, 0x20C5, 0x20A5, 0x20A5, 0x20A5, 0x20A5, 0x20A5, 
	0x1884, 0x1884, 0x1884, 0x1884, 0x1884, 0x1884, 0x1884, 0x1884, 0x1884, 0x18A4, 0x1884, 0x18A4, 0x1884, 0x1884, 0x1884, 0x1884, 
	0x18A4, 0x18A4, 0x1884, 0x1884, 0x1884, 0x18A4, 0x1884, 0x1884, 0x1884, 0x1884, 0x1884, 0x1884, 0x1884, 0x18A4, 0x18A4, 0x18A4, 
	0x1884, 0x1884, 0x1884, 0x1884, 0x1884, 0x1884, 0x1884, 0x18A4, 0x1884, 0x1884, 0x18A4, 0x18A4, 0x18A5, 0x18A4, 0x18A5, 0x1884, 
	0x1884, 0x18A5, 0x18A5, 0x1884, 0x18A4, 0x18A5, 0x18A5, 0x1885, 0x18A5, 0x18A5, 0x18A5, 0x18A5, 0x1885, 0x1884, 0x18A5, 0x18A5, 
	0x18A5, 0x18A5, 0x1885, 0x18A5, 0x18A5, 0x1885, 0x1885, 0x18A5, 0x18A5, 0x18A4, 0x18A5, 0x18A5, 0x18A5, 0x1885, 0x18A5, 0x18A5, 
	0x18A5, 0x18A5, 0x20A5, 0x18A5, 0x1885, 0x1885, 0x18A5, 0x1885, 0x18A5, 0x18A5, 0x18A5, 0x18A5, 0x1885, 0x20A5, 0x20A5, 0x18A5, 
	0x18A5, 0x20A5, 0x18A5, 0x18A5, 0x20A5, 0x18A5, 0x20A5, 0x20A5, 0x20A5, 0x20C5, 0x20A5, 0x18A5, 0x20A5, 0x20A5, 0x20A5, 0x20A5, 
	0x20C5, 0x20A5, 0x20A5, 0x20A5, 0x20A5, 0x20A5, 0x20A5, 0x20A5, 0x20C5, 0x20C5, 0x20A5, 0x20A5, 0x20A5, 0x20A5, 0x20A5, 0x20A5, 
	0x20A5, 0x20C6, 0x20A5, 0x20A5, 0x20A5, 0x20A6, 0x20A5, 0x20C6, 0x20A5, 0x20A6, 0x20A6, 0x20C6, 0x20C6, 0x20C6, 0x20C6, 0x20A5, 
	0x20C5, 0x20A5, 0x20C6, 0x20C6, 0x20C6, 0x28C6, 0x20C6, 0x20C6, 0x20C6, 0x20C6, 0x20C6, 0x20C6, 0x20C6, 0x20C6, 0x20C6, 0x20A6, 
	0x20C6, 0x20C6, 0x20C6, 0x20C6, 0x20C6, 0x28E6, 0x20C6, 0x28C6, 0x28C6, 0x28C6, 0x28C6, 0x28C6, 0x28C6, 0x28C6, 0x28E6, 0x28C6, 
	0x28C6, 0x28C6, 0x28C6, 0x28C6, 0x28C6, 0x28E7, 0x28C6, 0x28E6, 0x28C6, 0x28C6, 0x30E7, 0x30C7, 0x30E7, 0x30E7, 0x30C6, 0x30E7, 
	0x28C6, 0x30C6, 0x30C7, 0x28C6, 0x30C7, 0x30C7, 0x30E7, 0x30C7, 0x30E7, 0x30E7, 0x30E7, 0x30C6, 0x30C7, 0x30E7, 0x30C7, 0x30E7, 
	0x30E7, 0x30E7, 0x30E7, 0x30E7, 0x30C7, 0x30C7, 0x30E7, 0x30C7, 0x30E7, 0x38E7, 0x30C6, 0x30E7, 0x38E7, 0x30E7, 0x30C7, 0x38E7, 
	0x30C7, 0x38E7, 0x38E7, 0x30E7, 0x38E7, 0x38C7, 0x38E7, 0x38C7, 0x4107, 0x38E7, 0x38E7, 0x38E7, 0x38C7, 0x38C7, 0x38E7, 0x38E7, 
	0x38E7, 0x38E7, 0x38E7, 0x38E7, 0x38E7, 0x38E7, 0x38E7, 0x30C7, 0x30C7, 0x30E7, 0x30E6, 0x30C6, 0x30C6, 0x30E6, 0x30C6, 0x30C6, 
	0x30C6, 0x30C6, 0x30C6, 0x28C6, 0x28C6, 0x28C6, 0x28C6, 0x28C6, 0x28C6, 0x28C6, 0x28C6, 0x28C6, 0x28C6, 0x28E6, 0x28C6, 0x28C6, 
	0x28C6, 0x28C6, 0x28C6, 0x28C6, 0x20C6, 0x28C6, 0x28C6, 0x28E6, 0x28C6, 0x28C5, 0x28C6, 0x28C6, 0x28C6, 0x28C6, 0x20A5, 0x28C6, 
	0x20A5, 0x20A5, 0x20C5, 0x20C5, 0x20C6, 0x20A5, 0x20C5, 0x28C6, 0x20C5, 0x28C6, 0x20C5, 0x20C5, 0x20A5, 0x20A5, 0x20C5, 0x20A5, 
	0x20C5, 0x20A5, 0x20A5, 0x20C5, 0x20A5, 0x20A5, 0x20A5, 0x20A5, 0x20A5, 0x20A5, 0x20C5, 0x20A5, 0x20A5, 0x20A5, 0x20C5, 0x20A5, 
	0x1884, 0x18A4, 0x1884, 0x1884, 0x1884, 0x1884, 0x1884, 0x1884, 0x18A4, 0x18A4, 0x1884, 0x1884, 0x1884, 0x1884, 0x18A4, 0x18A4, 
	0x18A4, 0x1884, 0x1884, 0x1884, 0x1884, 0x18A4, 0x1884, 0x1884, 0x1884, 0x1884, 0x1884, 0x1884, 0x18A4, 0x18A4, 0x1884, 0x1884, 
	0x1884, 0x18A4, 0x18A4, 0x1884, 0x1884, 0x1884, 0x18A4, 0x18A5, 0x18A5, 0x18A4, 0x18A4, 0x1884, 0x18A4, 0x18A5, 0x18A5, 0x18A5, 
	0x18A5, 0x18A4, 0x18A5, 0x18A5, 0x18A5, 0x1885, 0x18A5, 0x18A5, 0x18A5, 0x18A5, 0x18A5, 0x1885, 0x18A5, 0x1885, 0x18A5, 0x18A5, 
	0x18A5, 0x20A5, 0x18A5, 0x20C5, 0x20C5, 0x1885, 0x18A5, 0x18A5, 0x1885, 0x1885, 0x18A5, 0x18A5, 0x1885, 0x1885, 0x18A5, 0x20A5, 
	0x18A5, 0x18A5, 0x18A5, 0x18A5, 0x18A5, 0x1884, 0x18A5, 0x18A5, 0x18A5, 0x18A5, 0x20C5, 0x18A5, 0x18A5, 0x1885, 0x18A5, 0x20A5, 
	0x18A5, 0x18A5, 0x18A5, 0x18A5, 0x18A5, 0x20A5, 0x20A5, 0x20A5, 0x20A5, 0x20A5, 0x20A5, 0x20A5, 0x20A5, 0x20A5, 0x20C5, 0x20C5, 
	0x20A5, 0x20A5, 0x20A5, 0x20A5, 0x20A5, 0x20A5, 0x20C5, 0x20C5, 0x20A5, 0x20A5, 0x20A5, 0x20C5, 0x20A5, 0x20A5, 0x20C6, 0x20A5, 
	0x20A5, 0x20A5, 0x20C6, 0x2907, 0x20C6, 0x20A5, 0x20C6, 0x20C6, 0x20A5, 0x20A5, 0x20C6, 0x20C6, 0x20A5, 0x20A6, 0x20A5, 0x20A5, 
	0x20C6, 0x20C6, 0x20C6, 0x20C6, 0x20C6, 0x20C6, 0x20A6, 0x20C6, 0x20C6, 0x20C6, 0x28C6, 0x28C6, 0x28E6, 0x20C6, 0x28C6, 0x20C6, 
	0x20C6, 0x20C6, 0x28E6, 0x20C6, 0x28C6, 0x28C6, 0x20C6, 0x28C6, 0x28C6, 0x28C6, 0x28E6, 0x28C6, 0x28C6, 0x28C6, 0x28C6, 0x28C6, 
	0x28C6, 0x28C6, 0x30E7, 0x28E6, 0x30E7, 0x28C6, 0x28C6, 0x28E6, 0x28E6, 0x30E6, 0x30C7, 0x28C6, 0x30E7, 0x30E7, 0x28C6, 0x30E7, 
	0x30C6, 0x30E7, 0x30E7, 0x30C7, 0x30E7, 0x30C7, 0x28C6, 0x30C6, 0x30E7, 0x30E7, 0x30E7, 0x30E7, 0x30E7, 0x30C6, 0x30E7, 0x30E6, 
	0x30E7, 0x30E7, 0x30E7, 0x30E7, 0x30E7, 0x30C7, 0x30E7, 0x30E7, 0x30E7, 0x38E7, 0x30C7, 0x30E7, 0x38E7, 0x30C7, 0x30E7, 0x30E7, 
	0x30E6, 0x30E7, 0x30E7, 0x30C7, 0x38E7, 0x38E7, 0x38E7, 0x38E7, 0x38E7, 0x38C7, 0x38E7, 0x38E7, 0x38E7, 0x38E7, 0x38E7, 0x38C7, 
	0x38E7, 0x38E7, 0x38E7, 0x38E7, 0x38E7, 0x38E7, 0x38E7, 0x30C7, 0x30E7, 0x30E7, 0x30E6, 0x30E7, 0x30E6, 0x30C6, 0x30E6, 0x30E6, 
	0x30C6, 0x30E6, 0x30E6, 0x28C6, 0x28C6, 0x28C6, 0x28C6, 0x28C6, 0x28E6, 0x28C6, 0x28C6, 0x28C6, 0x28E6, 0x28E6, 0x28C6, 0x28C6, 
	0x28C6, 0x28C6, 0x28C6, 0x20C6, 0x28C6, 0x28C6, 0x28C6, 0x28C6, 0x28C6, 0x28C6, 0x28C6, 0x20C5, 0x28C6, 0x28C6, 0x20A5, 0x20C5, 
	0x28A5, 0x20A5, 0x28C6, 0x20C5, 0x28C5, 0x20A5, 0x20A5, 0x20C6, 0x20C5, 0x28C6, 0x20C5, 0x20A5, 0x20C5, 0x20C5, 0x20C5, 0x20C5, 
	0x20C5, 0x20A5, 0x20A5, 0x20A5, 0x20A5, 0x20A5, 0x20A5, 0x20C5, 0x20C5, 0x20C5, 0x20A5, 0x20A5, 0x20A5, 0x20A5, 0x20A5, 0x20A5, 
	0x18A4, 0x1884, 0x18A5, 0x18A4, 0x18A5, 0x1884, 0x1864, 0x1884, 0x1884, 0x1884, 0x1884, 0x1884, 0x1884, 0x1884, 0x1884, 0x1884, 
	0x1884, 0x1884, 0x18A4, 0x1884, 0x1884, 0x1884, 0x1884, 0x18A4, 0x1884, 0x1884, 0x1884, 0x1884, 0x18A4, 0x1884, 0x1884, 0x18A4, 
	0x18A4, 0x18A4, 0x18A4, 0x1884, 0x18A4, 0x18A5, 0x18A4, 0x18A4, 0x18A5, 0x18A5, 0x18A5, 0x18A4, 0x1884, 0x18A4, 0x1884, 0x18A5, 
	0x18A5, 0x1884, 0x18A5, 0x18A5, 0x18A5, 0x1885, 0x18A5, 0x18A5, 0x20A5, 0x18A5, 0x18A5, 0x18A5, 0x18A5, 0x18A5, 0x18A5, 0x18A5, 
	0x18A5, 0x18A5, 0x18A5, 0x18A5, 0x18A5, 0x1884, 0x18A5, 0x18A5, 0x18A5, 0x18A5, 0x18A5, 0x18A5, 0x18A5, 0x18A5, 0x18A5, 0x1885, 
	0x18A5, 0x18A5, 0x20A5, 0x20A5, 0x18A5, 0x20A5, 0x20A5, 0x20A5, 0x20A5, 0x1885, 0x20A5, 0x20C5, 0x20A5, 0x18A5, 0x20A5, 0x20A5, 
	0x18A5, 0x20A5, 0x18A5, 0x20A5, 0x18A5, 0x18A5, 0x20A5, 0x18A5, 0x18A5, 0x20A5, 0x20A5, 0x20A5, 0x20A5, 0x18A5, 0x20A5, 0x20A5, 
	0x20A5, 0x20A5, 0x20A5, 0x20A5, 0x20A5, 0x20A5, 0x20A5, 0x20A5, 0x20A5, 0x20A5, 0x20A5, 0x20A5, 0x20A5, 0x20A5, 0x20C5, 0x20A5, 
	0x20A5, 0x20A5, 0x28E7, 0x3149, 0x20C6, 0x20C6, 0x20A6, 0x20A6, 0x20A5, 0x20A5, 0x20A5, 0x20C6, 0x20C6, 0x20A6, 0x20A5, 0x20C6, 
	0x20A5, 0x20C6, 0x20C6, 0x20A6, 0x20C6, 0x20C6, 0x28C6, 0x20C6, 0x20C6, 0x20C6, 0x20C6, 0x20C6, 0x28C6, 0x20C6, 0x20C6, 0x20C6, 
	0x20C6, 0x28E6, 0x28C6, 0x28C6, 0x20C6, 0x28C6, 0x28C6, 0x28C6, 0x28C6, 0x28E6, 0x28C6, 0x28C6, 0x28C6, 0x28E6, 0x28C6, 0x28E6, 
	0x28C6, 0x28C6, 0x28C6, 0x28C6, 0x30E7, 0x28C7, 0x28E6, 0x28E6, 0x28C6, 0x28C6, 0x28C6, 0x30C7, 0x30E7, 0x30E7, 0x28C6, 0x30E7, 
	0x30E7, 0x30E7, 0x30E7, 0x30C6, 0x30C7, 0x30E7, 0x30E7, 0x30E7, 0x30E7, 0x30C7, 0x30C7, 0x30E7, 0x30C7, 0x30C6, 0x30C6, 0x30C6, 
	0x30C6, 0x30C6, 0x30E7, 0x30E7, 0x30E7, 0x30E7, 0x30E7, 0x30E7, 0x30E7, 0x3907, 0x38E7, 0x30E7, 0x30E7, 0x30C7, 0x30C7, 0x30E6, 
	0x30E6, 0x30C6, 0x30C6, 0x30E7, 0x30C7, 0x38E7, 0x38C7, 0x38E7, 0x38E7, 0x38E7, 0x38E7, 0x38E7, 0x38E7, 0x38E7, 0x38C7, 0x38C7, 
	0x38E7, 0x38E7, 0x38E7, 0x38E7, 0x38E7, 0x38E7, 0x38E7, 0x38E7, 0x30E7, 0x30E6, 0x30C6, 0x30E6, 0x30C6, 0x30E6, 0x30C6, 0x30C6, 
	0x30E6, 0x30E6, 0x30C6, 0x28C6, 0x28C6, 0x30E6, 0x30E7, 0x28C6, 0x28C6, 0x28C6, 0x28C6, 0x28C6, 0x28C6, 0x28C6, 0x28C6, 0x28C6, 
	0x28C6, 0x28C6, 0x28C6, 0x28C6, 0x28C6, 0x28C6, 0x28C6, 0x28C6, 0x28C6, 0x28C6, 0x28C6, 0x20A5, 0x20C6, 0x28C6, 0x28C6, 0x28C5, 
	0x20C6, 0x20A6, 0x20C5, 0x20C5, 0x20A5, 0x20C5, 0x20A5, 0x20A5, 0x20C6, 0x20A5, 0x20A5, 0x20A5, 0x20C5, 0x20C5, 0x20A5, 0x20A5, 
	0x20C6, 0x20C5, 0x20A5, 0x20C5, 0x20C5, 0x20A5, 0x20A5, 0x20C5, 0x20C5, 0x20A5, 0x20C5, 0x20A5, 0x20A5, 0x20C5, 0x20C6, 0x20A5, 
	0x1884, 0x20C6, 0x49EB, 0x20A5, 0x1884, 0x1884, 0x18A4, 0x20C5, 0x1884, 0x1884, 0x18A4, 0x1884, 0x18A4, 0x1884, 0x1884, 0x1884, 
	0x18A4, 0x1884, 0x1884, 0x1884, 0x1884, 0x1884, 0x1884, 0x1884, 0x1884, 0x18A4, 0x18A4, 0x18A4, 0x18A4, 0x1884, 0x1884, 0x1884, 
	0x1884, 0x1884, 0x1884, 0x18A4, 0x1884, 0x18A5, 0x18A5, 0x18A4, 0x18A4, 0x18A4, 0x18A4, 0x18A4, 0x18A5, 0x18A5, 0x18A4, 0x18A5, 
	0x18A5, 0x18A4, 0x18A5, 0x18A4, 0x18A5, 0x1885, 0x18A5, 0x18A5, 0x18A5, 0x18A5, 0x18A5, 0x18A5, 0x1885, 0x18A5, 0x1884, 0x18A5, 
	0x18A5, 0x1885, 0x18A5, 0x1885, 0x20A5, 0x1885, 0x18A5, 0x18A5, 0x18A5, 0x18A5, 0x18A5, 0x18A5, 0x18A5, 0x18A5, 0x18A5, 0x1885, 
	0x20A5, 0x20A5, 0x20A5, 0x18A5, 0x18A5, 0x18A5, 0x20A5, 0x18A5, 0x20A5, 0x20A5, 0x20A5, 0x20A5, 0x1885, 0x18A5, 0x18A5, 0x18A5, 
	0x20A5, 0x20A5, 0x18A5, 0x18A5, 0x18A5, 0x20A5, 0x20A5, 0x18A5, 0x20A5, 0x20A5, 0x20A5, 0x20A5, 0x18A5, 0x20C5, 0x20A5, 0x20A5, 
	0x20A5, 0x20A5, 0x20C5, 0x20C5, 0x20C5, 0x20C5, 0x20C5, 0x20A5, 0x20C5, 0x20A5, 0x20C6, 0x20A5, 0x20A5, 0x20C5, 0x20A5, 0x20A5, 
	0x20A5, 0x20C5, 0x20C5, 0x20C6, 0x20C6, 0x20C6, 0x20A6, 0x20A5, 0x20C6, 0x20A5, 0x20A5, 0x20A6, 0x20C6, 0x20A6, 0x20C6, 0x20C6, 
	0x20A6, 0x20C6, 0x20E6, 0x20C6, 0x20A6, 0x20C5, 0x28C6, 0x20A6, 0x20A6, 0x20C6, 0x20C6, 0x20C6, 0x20C6, 0x20C6, 0x20C6, 0x20C6, 
	0x20C6, 0x3107, 0x3108, 0x28C6, 0x20C6, 0x28C6, 0x28C6, 0x28A6, 0x28C6, 0x28E6, 0x28C6, 0x28C6, 0x28C6, 0x28C6, 0x28C6, 0x28E6, 
	0x28E7, 0x28E7, 0x30E7, 0x28E6, 0x30E7, 0x28C6, 0x30E6, 0x28C6, 0x28E6, 0x28E7, 0x30E7, 0x3107, 0x30E7, 0x30E7, 0x30E7, 0x30E7, 
	0x30C7, 0x30E6, 0x30E7, 0x30E7, 0x30C7, 0x30E7, 0x30C7, 0x30C6, 0x30E7, 0x30E7, 0x30E7, 0x30C7, 0x30E7, 0x30C7, 0x30E6, 0x30E7, 
	0x30E7, 0x30E7, 0x30E7, 0x30C6, 0x30C7, 0x30E7, 0x30C7, 0x30C7, 0x38E7, 0x3908, 0x3908, 0x30E7, 0x30C7, 0x38E7, 0x30E7, 0x30C7, 
	0x30E7, 0x30C6, 0x30E7, 0x38E7, 0x38E7, 0x38C7, 0x30C6, 0x38C7, 0x38E7, 0x38E7, 0x38E7, 0x38E7, 0x38E7, 0x38C7, 0x38C7, 0x38E7, 
	0x38E7, 0x38E7, 0x38C7, 0x38E7, 0x38E7, 0x30C7, 0x38E7, 0x30E7, 0x30E7, 0x30E7, 0x30E6, 0x30C6, 0x30C6, 0x30E6, 0x28C6, 0x28C6, 
	0x28C6, 0x30E6, 0x30C6, 0x28C6, 0x28C6, 0x4149, 0x51AC, 0x30C6, 0x28C6, 0x28C6, 0x28C6, 0x28C6, 0x28C6, 0x28C6, 0x28C6, 0x28A6, 
	0x28C6, 0x28C6, 0x28C6, 0x28E6, 0x28E6, 0x28C5, 0x28E6, 0x28C5, 0x20A5, 0x20C6, 0x28C6, 0x28C6, 0x28C6, 0x20C6, 0x28C6, 0x20C5, 
	0x20C5, 0x20A5, 0x20C5, 0x20C5, 0x20A5, 0x20C5, 0x20C5, 0x20A5, 0x28C5, 0x20C5, 0x20C5, 0x20A5, 0x20A5, 0x20A5, 0x20A5, 0x20C5, 
	0x20A5, 0x20A5, 0x20C5, 0x20C5, 0x20C5, 0x20A5, 0x20A5, 0x20C5, 0x20A5, 0x20A5, 0x20A5, 0x20C5, 0x20A5, 0x20A5, 0x20A5, 0x20A5, 
	0x1884, 0x18C5, 0x20C6, 0x1884, 0x1884, 0x1884, 0x1884, 0x18C5, 0x20C5, 0x1864, 0x1884, 0x1884, 0x1884, 0x1884, 0x18A4, 0x1884, 
	0x1884, 0x1884, 0x1884, 0x1884, 0x1884, 0x1884, 0x18A4, 0x1884, 0x1884, 0x18A4, 0x1884, 0x18A4, 0x1884, 0x1884, 0x18A4, 0x1884, 
	0x18A4, 0x18A4, 0x1884, 0x18A4, 0x1884, 0x18A4, 0x18A4, 0x18A5, 0x18A5, 0x1884, 0x1884, 0x18A4, 0x18A4, 0x18A5, 0x18A5, 0x18A5, 
	0x18A4, 0x1884, 0x18A5, 0x18A4, 0x18A5, 0x18A5, 0x18A5, 0x18A5, 0x18A5, 0x1885, 0x18A5, 0x18A5, 0x18A5, 0x18A5, 0x18A5, 0x18A5, 
	0x18A5, 0x18A5, 0x20A5, 0x1884, 0x1884, 0x18A5, 0x18A5, 0x1884, 0x18A5, 0x18A5, 0x18A5, 0x18A5, 0x18A5, 0x18A5, 0x18A5, 0x18A5, 
	0x18A5, 0x1885, 0x20A5, 0x18A5, 0x1885, 0x20A5, 0x1885, 0x4A0A, 0x83F2, 0x2906, 0x18A5, 0x1885, 0x18A5, 0x18A5, 0x18A5, 0x20A5, 
	0x18A5, 0x18A5, 0x20A5, 0x18A5, 0x20A5, 0x20A5, 0x20A5, 0x18A5, 0x18A5, 0x20A5, 0x20A5, 0x20A5, 0x20A5, 0x20C5, 0x20C5, 0x20C5, 
	0x20A5, 0x20A5, 0x20A5, 0x20C5, 0x20C5, 0x20C5, 0x20A5, 0x20A5, 0x20C5, 0x20A5, 0x20C5, 0x20C6, 0x20C6, 0x20C6, 0x20A5, 0x20C6, 
	0x20A5, 0x20C5, 0x20A5, 0x20A5, 0x20A6, 0x20A5, 0x20C6, 0x20C6, 0x20C6, 0x20C6, 0x20C6, 0x20C6, 0x20A6, 0x20C6, 0x20C6, 0x20C6, 
	0x20C6, 0x20C6, 0x20C6, 0x20C6, 0x20A5, 0x20C5, 0x20C6, 0x20C6, 0x20C6, 0x20C6, 0x20C6, 0x20C6, 0x20C6, 0x20C6, 0x28C6, 0x28C6, 
	0x28E6, 0x49AC, 0x51CD, 0x28E7, 0x28C6, 0x28C6, 0x28E7, 0x28C6, 0x28C6, 0x28E6, 0x20C6, 0x20C6, 0x28C6, 0x28C6, 0x28C6, 0x28C6, 
	0x28E7, 0x28E7, 0x28C6, 0x28E6, 0x28C6, 0x28C6, 0x30E7, 0x28C7, 0x30E7, 0x30E7, 0x30E7, 0x30E7, 0x28C6, 0x28C6, 0x30E7, 0x30E7, 
	0x30E7, 0x30E7, 0x3928, 0x3908, 0x30C7, 0x30E7, 0x30E7, 0x30C7, 0x30C7, 0x30E7, 0x30E7, 0x30C7, 0x30E7, 0x30E7, 0x30E6, 0x30E7, 
	0x30E7, 0x30E7, 0x30E7, 0x30E7, 0x30E7, 0x30E7, 0x30E7, 0x30E7, 0x38E7, 0x30E7, 0x38E7, 0x30E7, 0x30E7, 0x38E7, 0x38E7, 0x38E7, 
	0x38E7, 0x30E7, 0x38E7, 0x38E7, 0x38E7, 0x38E7, 0x38C7, 0x38E7, 0x38E7, 0x38E7, 0x38E7, 0x38E7, 0x38E7, 0x38E7, 0x38E7, 0x38E7, 
	0x38E7, 0x3907, 0x38E7, 0x38E7, 0x38E7, 0x30E7, 0x30E7, 0x30E7, 0x30E7, 0x30E6, 0x30E6, 0x30E6, 0x30C6, 0x28C6, 0x30E6, 0x30E6, 
	0x28E6, 0x28C6, 0x30E6, 0x28E6, 0x30E6, 0x3107, 0x3108, 0x28C6, 0x28C6, 0x28C6, 0x28C6, 0x28C6, 0x28A6, 0x28C6, 0x28C6, 0x28C6, 
	0x28C6, 0x28C6, 0x28C6, 0x28C6, 0x28C6, 0x28C6, 0x28C6, 0x28C6, 0x28C6, 0x28C6, 0x28C6, 0x28C6, 0x20C6, 0x20C6, 0x20C6, 0x20C6, 
	0x28C6, 0x28C6, 0x20C5, 0x20A5, 0x20A5, 0x20A5, 0x20C5, 0x20A5, 0x20A5, 0x20A5, 0x20C5, 0x20C5, 0x20C5, 0x20C5, 0x20C5, 0x20C5, 
	0x20A5, 0x20A5, 0x20C5, 0x20A5, 0x20A5, 0x20A5, 0x20A5, 0x20C5, 0x20A5, 0x20A5, 0x20C5, 0x20A5, 0x20C5, 0x20A5, 0x20A5, 0x20A5, 
	0x1084, 0x1884, 0x1884, 0x1884, 0x18A4, 0x1884, 0x1884, 0x18A4, 0x1884, 0x1884, 0x1884, 0x18A4, 0x1884, 0x20E6, 0x20C5, 0x1884, 
	0x1884, 0x1884, 0x1884, 0x18A4, 0x18A4, 0x1884, 0x18A4, 0x1884, 0x1884, 0x18A4, 0x18A4, 0x1884, 0x18A4, 0x18A4, 0x18A5, 0x18A4, 
	0x1884, 0x1884, 0x1884, 0x18A4, 0x1884, 0x18A4, 0x18A4, 0x18A4, 0x18A4, 0x1884, 0x18A4, 0x18A5, 0x18A5, 0x1884, 0x18A5, 0x18A4, 
	0x1884, 0x1884, 0x18A4, 0x18A5, 0x1884, 0x18A4, 0x1885, 0x18A5, 0x18A5, 0x1885, 0x18A5, 0x18A5, 0x1885, 0x20A5, 0x18A5, 0x1885, 
	0x18A5, 0x18A5, 0x1884, 0x20C6, 0x3968, 0x18A5, 0x18A5, 0x18A5, 0x18A5, 0x1885, 0x20A5, 0x18A5, 0x18A5, 0x18A5, 0x18A5, 0x18A5, 
	0x18A5, 0x18A5, 0x20A5, 0x18A5, 0x20A5, 0x20A5, 0x1884, 0x7370, 0xCE3A, 0x3988, 0x1885, 0x18A5, 0x20A5, 0x20A5, 0x18A5, 0x20A5, 
	0x18A5, 0x18A5, 0x20A5, 0x20A5, 0x20A5, 0x20A5, 0x18A5, 0x20A5, 0x20A5, 0x20A5, 0x20A5, 0x18A5, 0x20A5, 0x20A5, 0x20A5, 0x20A5, 
	0x20A5, 0x20A5, 0x20C5, 0x20C5, 0x20C5, 0x20C5, 0x20A5, 0x20A5, 0x20A5, 0x20A5, 0x20A5, 0x20C5, 0x20A5, 0x20C5, 0x20A5, 0x20A6, 
	0x20A5, 0x20C5, 0x20A5, 0x20C6, 0x20C6, 0x20A6, 0x20C6, 0x20C6, 0x20A6, 0x20A6, 0x20A6, 0x20A6, 0x20C6, 0x20A6, 0x20C6, 0x20C6, 
	0x20A6, 0x20C6, 0x20A6, 0x20C6, 0x20C6, 0x20C6, 0x20C6, 0x20C6, 0x20C6, 0x20C6, 0x20C6, 0x20C6, 0x20C6, 0x20C6, 0x28C6, 0x28C6, 
	0x28C6, 0x3108, 0x3108, 0x28E6, 0x28E7, 0x28C6, 0x28C6, 0x28C6, 0x28C6, 0x28C6, 0x28C6, 0x28C6, 0x28E6, 0x28C6, 0x28E6, 0x30E6, 
	0x28E6, 0x28C6, 0x28C6, 0x28E6, 0x28E6, 0x28C6, 0x30E7, 0x28C6, 0x30C7, 0x30E7, 0x30E7, 0x28E6, 0x28C6, 0x30E7, 0x30E7, 0x30C6, 
	0x30C6, 0x4148, 0x7AD1, 0x6A4F, 0x30E7, 0x30E7, 0x30E7, 0x30E7, 0x30C7, 0x30E7, 0x30E7, 0x30E7, 0x3107, 0x30E7, 0x30E7, 0x30E7, 
	0x30E7, 0x30C7, 0x30E7, 0x30E7, 0x30E7, 0x30E7, 0x30E7, 0x38E7, 0x38C7, 0x30E7, 0x30E7, 0x30E7, 0x30E7, 0x30E6, 0x30E7, 0x38E7, 
	0x30C7, 0x30E7, 0x38E7, 0x30C7, 0x38C7, 0x38E7, 0x38E7, 0x38E7, 0x38E7, 0x40E7, 0x4108, 0x38E7, 0x38E7, 0x38E7, 0x38E7, 0x38E7, 
	0x3907, 0x38E7, 0x38C7, 0x38E7, 0x38E7, 0x38E7, 0x38E7, 0x30E7, 0x3907, 0x30E6, 0x30C6, 0x30E6, 0x30E6, 0x28E6, 0x30E6, 0x28E6, 
	0x28C6, 0x28C6, 0x28C6, 0x28C6, 0x28C6, 0x28C6, 0x28C6, 0x28C6, 0x28C6, 0x28C6, 0x28C6, 0x28C6, 0x28C6, 0x28C6, 0x28C6, 0x28C6, 
	0x28C6, 0x28C6, 0x28C6, 0x28C6, 0x28C6, 0x28C6, 0x28C6, 0x28C6, 0x28E6, 0x28C6, 0x20C5, 0x28C6, 0x28C6, 0x20C6, 0x28C6, 0x28C6, 
	0x28C6, 0x28C6, 0x20A5, 0x20A5, 0x20A5, 0x20C5, 0x20C6, 0x20A5, 0x20A5, 0x20C5, 0x20C5, 0x20C5, 0x28C6, 0x20A5, 0x20A5, 0x20C5, 
	0x20C5, 0x20C5, 0x20C5, 0x20A5, 0x20C5, 0x20C6, 0x20A5, 0x20C5, 0x20C5, 0x20C5, 0x20C5, 0x20A5, 0x20A5, 0x20A5, 0x20C5, 0x20A5, 
	0x18A4, 0x1884, 0x18A4, 0x1884, 0x1884, 0x1884, 0x18A5, 0x1884, 0x18A4, 0x1884, 0x1884, 0x1884, 0x1884, 0x18A5, 0x1884, 0x1884, 
	0x1884, 0x1884, 0x1884, 0x18A4, 0x1884, 0x1884, 0x1884, 0x1884, 0x1884, 0x1884, 0x18A4, 0x1884, 0x18A4, 0x18A4, 0x1884, 0x18A5, 
	0x20C5, 0x1884, 0x18A5, 0x18A4, 0x1884, 0x18A4, 0x1884, 0x1884, 0x18A5, 0x18A5, 0x18A4, 0x18A4, 0x18A5, 0x18A4, 0x18A4, 0x18A5, 
	0x18A5, 0x1884, 0x18A5, 0x18A5, 0x1884, 0x18A5, 0x18A5, 0x1885, 0x20A5, 0x20A5, 0x18A5, 0x18A5, 0x1885, 0x18A5, 0x18A5, 0x1885, 
	0x18A5, 0x18A5, 0x18A5, 0x20E5, 0x2907, 0x18A5, 0x20A5, 0x18A5, 0x18A5, 0x18A5, 0x1885, 0x18A5, 0x18A5, 0x18A5, 0x18A5, 0x20A5, 
	0x18A5, 0x18A5, 0x20A5, 0x1885, 0x20A5, 0x20A5, 0x20A5, 0x2906, 0x3988, 0x20C5, 0x20C5, 0x20A5, 0x20A5, 0x20A5, 0x20A5, 0x20A5, 
	0x18A5, 0x18A5, 0x20A5, 0x18A5, 0x20A5, 0x20A5, 0x18A5, 0x20A5, 0x20C5, 0x20C5, 0x20C5, 0x20A5, 0x20A5, 0x20A5, 0x20A5, 0x20C5, 
	0x20A5, 0x20A5, 0x20A5, 0x20C5, 0x20A5, 0x20A5, 0x20A5, 0x20C5, 0x20A5, 0x20C5, 0x20A5, 0x20A5, 0x20A5, 0x20A5, 0x20A5, 0x20C6, 
	0x20C6, 0x20C5, 0x20A5, 0x20A5, 0x20C6, 0x20C6, 0x20A5, 0x20C5, 0x20A5, 0x20A6, 0x20C6, 0x20A6, 0x20A6, 0x20C5, 0x20C6, 0x20A6, 
	0x20A6, 0x20C6, 0x20C6, 0x20C6, 0x20C6, 0x20C6, 0x28C6, 0x28C6, 0x20A6, 0x28C6, 0x28C6, 0x20C6, 0x20C6, 0x28C6, 0x28C6, 0x28C6, 
	0x28C6, 0x28C6, 0x20C6, 0x28C6, 0x28E6, 0x28C6, 0x28C6, 0x28C6, 0x28C6, 0x28C6, 0x28E6, 0x28E6, 0x28E6, 0x28C6, 0x28E6, 0x28C6, 
	0x28E6, 0x28C6, 0x28E6, 0x28E6, 0x28C6, 0x28C6, 0x28C6, 0x28C6, 0x30C6, 0x30E7, 0x30E7, 0x30E6, 0x30E7, 0x30E7, 0x30E7, 0x30E7, 
	0x30E7, 0x3928, 0x622E, 0x59CC, 0x30E7, 0x30E7, 0x30E7, 0x30E7, 0x30E7, 0x30E7, 0x30E7, 0x30C7, 0x30E7, 0x30E7, 0x30E7, 0x30E7, 
	0x30E7, 0x30E7, 0x30E7, 0x30E7, 0x30E7, 0x30E7, 0x30C7, 0x30E7, 0x38E7, 0x38E7, 0x30E7, 0x30C7, 0x30C7, 0x30E7, 0x30C7, 0x38E7, 
	0x30C7, 0x30E7, 0x38E7, 0x38E7, 0x38E7, 0x38E7, 0x38E7, 0x38E7, 0x40E7, 0x38E7, 0x38E7, 0x38E7, 0x38C7, 0x38E7, 0x38E7, 0x38C7, 
	0x38E7, 0x38E7, 0x38C7, 0x38E7, 0x38E7, 0x38E7, 0x38E7, 0x30C6, 0x38E7, 0x30E7, 0x30E6, 0x30E6, 0x30E6, 0x30C6, 0x30E7, 0x30E6, 
	0x28C6, 0x30C6, 0x28E6, 0x30E6, 0x28E6, 0x28E6, 0x28C6, 0x28C6, 0x28E6, 0x28C6, 0x28C6, 0x28C6, 0x28C6, 0x28C6, 0x28C6, 0x28C6, 
	0x28C6, 0x28C6, 0x28C6, 0x20C5, 0x28C6, 0x28C6, 0x28C6, 0x20A6, 0x28C6, 0x28C6, 0x28C6, 0x28C6, 0x28C6, 0x28C6, 0x28C6, 0x28C6, 
	0x28C6, 0x28C5, 0x20C5, 0x20C5, 0x20C5, 0x20A5, 0x20C6, 0x20C6, 0x20C6, 0x20C5, 0x20A5, 0x20A5, 0x28E6, 0x28C6, 0x20C5, 0x20C5, 
	0x20C5, 0x20C5, 0x20A5, 0x20C6, 0x20C6, 0x20C6, 0x20C5, 0x20A5, 0x20A5, 0x20C5, 0x20C5, 0x20A5, 0x20A5, 0x20C5, 0x20C5, 0x20C5, 
	0x18A4, 0x18A4, 0x1884, 0x18A4, 0x1884, 0x18A4, 0x18A5, 0x1884, 0x1884, 0x1884, 0x1884, 0x18A4, 0x1884, 0x1884, 0x1884, 0x1884, 
	0x1884, 0x1884, 0x18A4, 0x1884, 0x1884, 0x1884, 0x1884, 0x18A4, 0x18A4, 0x1884, 0x18A4, 0x1884, 0x1884, 0x18A4, 0x1884, 0x18A5, 
	0x20E6, 0x18A4, 0x18A4, 0x18A4, 0x1884, 0x18A4, 0x1884, 0x18A5, 0x18A5, 0x18A5, 0x18A4, 0x1884, 0x18A5, 0x18A4, 0x18A5, 0x18A5, 
	0x18A5, 0x18A5, 0x18A5, 0x18A5, 0x18A5, 0x1884, 0x1884, 0x20A5, 0x18A5, 0x18A5, 0x18A5, 0x1885, 0x1885, 0x18A5, 0x20A5, 0x18A5, 
	0x18A5, 0x18A5, 0x1885, 0x18A4, 0x1884, 0x18A5, 0x1885, 0x18A5, 0x18A5, 0x18A5, 0x1885, 0x20A5, 0x18A5, 0x18A5, 0x20A5, 0x20A5, 
	0x18A5, 0x18A5, 0x20A5, 0x18A5, 0x18A5, 0x18A5, 0x20A5, 0x18A5, 0x1884, 0x20A5, 0x20A5, 0x18A5, 0x20A5, 0x18A5, 0x20A5, 0x20A5, 
	0x18A5, 0x20A5, 0x18A5, 0x18A5, 0x20A5, 0x20A5, 0x20A5, 0x20A5, 0x20A5, 0x18A5, 0x20A5, 0x18A5, 0x20A5, 0x20A5, 0x20A5, 0x20A5, 
	0x20A5, 0x20A5, 0x20A5, 0x20A5, 0x20A5, 0x20A5, 0x20A5, 0x20A5, 0x20A5, 0x20C5, 0x20C5, 0x20A5, 0x20C5, 0x20A5, 0x20A5, 0x20A5, 
	0x20A5, 0x20A5, 0x20A5, 0x20A6, 0x20C6, 0x20C6, 0x20A5, 0x20A5, 0x20A5, 0x20A6, 0x20C6, 0x20A5, 0x20C6, 0x20C6, 0x20A5, 0x20C6, 
	0x20C6, 0x28C6, 0x20C6, 0x20A6, 0x20C6, 0x20C6, 0x28C6, 0x28C6, 0x20C6, 0x20C6, 0x28E6, 0x20C6, 0x20C6, 0x20C6, 0x20C6, 0x28E6, 
	0x28C6, 0x20C6, 0x20C6, 0x20C6, 0x28E6, 0x28C6, 0x28C6, 0x28E6, 0x28E7, 0x28C6, 0x28E6, 0x28E6, 0x28C6, 0x28C6, 0x28E6, 0x28C6, 
	0x28E6, 0x28E6, 0x28E6, 0x28E6, 0x28C6, 0x28C7, 0x30C6, 0x30E7, 0x30E7, 0x30C7, 0x30E7, 0x30E6, 0x28E6, 0x30E7, 0x30E7, 0x3107, 
	0x30E7, 0x3908, 0x3908, 0x3907, 0x30E7, 0x30E7, 0x30E7, 0x30E7, 0x30E7, 0x30E7, 0x30C6, 0x30E7, 0x30E7, 0x30E7, 0x30E7, 0x30E7, 
	0x30E7, 0x30E7, 0x30E7, 0x30E7, 0x30E7, 0x30E7, 0x30C7, 0x30E7, 0x30E7, 0x38E7, 0x38E7, 0x30E7, 0x30E7, 0x38E7, 0x30E7, 0x30E7, 
	0x30E7, 0x38E7, 0x38E7, 0x38E7, 0x38E7, 0x38E7, 0x38E7, 0x38E7, 0x4107, 0x38C7, 0x38E7, 0x40E7, 0x38E7, 0x38C7, 0x38C7, 0x38C7, 
	0x38C7, 0x38E7, 0x38E7, 0x38E7, 0x38E7, 0x38E7, 0x30C7, 0x38E7, 0x38E7, 0x30E7, 0x30E6, 0x30E6, 0x30C6, 0x30C6, 0x30E7, 0x3107, 
	0x30E6, 0x30C6, 0x30E6, 0x30E6, 0x28C6, 0x28C6, 0x28C6, 0x28E6, 0x28C6, 0x28C6, 0x28C6, 0x28C6, 0x28C6, 0x28C6, 0x28C6, 0x28C6, 
	0x28C6, 0x28C6, 0x28C6, 0x28C6, 0x28C6, 0x28E6, 0x30E7, 0x28C6, 0x28C6, 0x28C6, 0x28C6, 0x20A6, 0x28C6, 0x28C6, 0x20C6, 0x20C5, 
	0x28C6, 0x28C6, 0x20C5, 0x20C5, 0x20C5, 0x20A5, 0x20C5, 0x28C6, 0x20C5, 0x28C6, 0x20A5, 0x20C6, 0x28E6, 0x20C6, 0x20C6, 0x20A5, 
	0x20C5, 0x20C5, 0x20A5, 0x28C6, 0x20C5, 0x20A5, 0x20C5, 0x20A5, 0x20A5, 0x20C5, 0x20A5, 0x20A5, 0x20C5, 0x20C6, 0x20C6, 0x20C5, 
	0x3949, 0x20C6, 0x1884, 0x1884, 0x1884, 0x1884, 0x18A4, 0x1884, 0x1884, 0x18A4, 0x1884, 0x1884, 0x1884, 0x1884, 0x18A4, 0x1884, 
	0x1884, 0x1884, 0x1884, 0x1884, 0x1884, 0x1884, 0x1884, 0x1884, 0x1884, 0x1884, 0x18A4, 0x18A4, 0x1884, 0x18A4, 0x18A5, 0x1884, 
	0x1884, 0x1884, 0x1885, 0x1884, 0x18A5, 0x18A5, 0x1884, 0x18A5, 0x1885, 0x18A5, 0x1885, 0x1884, 0x1884, 0x18A5, 0x18A5, 0x1884, 
	0x1884, 0x20A5, 0x20A5, 0x18A5, 0x18A5, 0x7B70, 0x62AD, 0x1884, 0x18A5, 0x18A5, 0x1885, 0x1885, 0x1885, 0x20A5, 0x18A5, 0x1885, 
	0x1885, 0x18A5, 0x1885, 0x18A5, 0x18A5, 0x1885, 0x18A5, 0x1885, 0x18A5, 0x18A5, 0x20A5, 0x20A5, 0x18A5, 0x18A5, 0x18A5, 0x18A5, 
	0x18A5, 0x20A5, 0x20A5, 0x18A5, 0x18A5, 0x20A5, 0x20A5, 0x20A5, 0x20A5, 0x18A5, 0x18A5, 0x18A5, 0x18A5, 0x18A5, 0x20A5, 0x20A5, 
	0x20A5, 0x20C5, 0x20A5, 0x20A5, 0x18A5, 0x20A5, 0x20A5, 0x18A5, 0x18A5, 0x20A5, 0x18A5, 0x18A5, 0x20A5, 0x18A5, 0x20C5, 0x20C5, 
	0x20C5, 0x20A5, 0x20A5, 0x20C5, 0x20A5, 0x20A5, 0x20C5, 0x20A5, 0x20A5, 0x20C5, 0x20A5, 0x20A5, 0x20A5, 0x20A5, 0x20A5, 0x20C5, 
	0x20C6, 0x20C6, 0x20A5, 0x20C6, 0x20C6, 0x20C6, 0x20C6, 0x20A5, 0x20C6, 0x20A6, 0x20C6, 0x20C6, 0x20C6, 0x20C6, 0x20C6, 0x20C6, 
	0x20C6, 0x20C6, 0x28C6, 0x20C6, 0x20C6, 0x20C6, 0x20C6, 0x20C6, 0x20C6, 0x28C6, 0x20C6, 0x20C6, 0x20C6, 0x20C6, 0x28C6, 0x28C6, 
	0x28C6, 0x28C6, 0x20C6, 0x28C6, 0x20C6, 0x20C6, 0x28C6, 0x28C6, 0x28C6, 0x28C6, 0x28C6, 0x28C6, 0x28C6, 0x28E7, 0x28E6, 0x28E6, 
	0x28C6, 0x28C6, 0x28E6, 0x28C7, 0x30E7, 0x30C7, 0x30C6, 0x30E7, 0x30C6, 0x30C7, 0x30E7, 0x30E7, 0x28E6, 0x30E6, 0x30E7, 0x30E7, 
	0x30E7, 0x30E7, 0x30E7, 0x30E7, 0x30E7, 0x30E7, 0x30E7, 0x30C7, 0x30E7, 0x30E7, 0x30E7, 0x30E7, 0x3907, 0x38E7, 0x30C7, 0x30E7, 
	0x30E7, 0x30E7, 0x38E7, 0x38E7, 0x38E7, 0x38E7, 0x30E7, 0x30E7, 0x30E7, 0x30E7, 0x38E7, 0x30E7, 0x38E7, 0x38E7, 0x38E7, 0x30C7, 
	0x30E7, 0x30E7, 0x38E7, 0x38C7, 0x38E7, 0x3908, 0x38E7, 0x38E7, 0x4107, 0x38E7, 0x38E7, 0x38C7, 0x38E7, 0x38C7, 0x38E7, 0x38E7, 
	0x38E7, 0x38E7, 0x38E7, 0x38E7, 0x38E7, 0x3907, 0x38C7, 0x38E7, 0x38C7, 0x30C6, 0x30E7, 0x30E6, 0x30E6, 0x30E6, 0x30C6, 0x30E6, 
	0x30C6, 0x30C6, 0x28C6, 0x28C6, 0x28C6, 0x28C6, 0x28C6, 0x28E6, 0x30E6, 0x28C6, 0x28C6, 0x28A6, 0x28C6, 0x28C6, 0x3928, 0x3928, 
	0x28C6, 0x28C6, 0x28C5, 0x28C6, 0x28C6, 0x28E6, 0x3107, 0x28C6, 0x20C6, 0x20C5, 0x20C6, 0x28C6, 0x28C6, 0x20A6, 0x20C6, 0x20C6, 
	0x20C5, 0x20C5, 0x20C6, 0x20C5, 0x20C6, 0x20C5, 0x20C5, 0x20C5, 0x20A5, 0x20C5, 0x20C5, 0x20C5, 0x20A5, 0x20A5, 0x20C6, 0x20A5, 
	0x20C5, 0x20C5, 0x20A5, 0x20C6, 0x20A5, 0x20A5, 0x20A5, 0x20A5, 0x20C6, 0x20C5, 0x20C5, 0x20C5, 0x20A5, 0x20C5, 0x20C5, 0x20A5, 
	0x20E6, 0x18A5, 0x1884, 0x1884, 0x1884, 0x18A4, 0x18A4, 0x18A4, 0x18A4, 0x18A4, 0x1884, 0x1884, 0x18A4, 0x1884, 0x18A4, 0x18A4, 
	0x1884, 0x18A4, 0x1884, 0x1884, 0x1884, 0x1884, 0x18A4, 0x18A4, 0x18A4, 0x18A4, 0x1884, 0x1884, 0x1884, 0x1884, 0x1884, 0x18A4, 
	0x18A4, 0x1884, 0x18A5, 0x1884, 0x1884, 0x18A5, 0x1885, 0x18A5, 0x18A5, 0x1885, 0x18A5, 0x18A5, 0x18A5, 0x18A5, 0x18A4, 0x18A5, 
	0x1884, 0x18A5, 0x1885, 0x1884, 0x18A4, 0x6B0E, 0x62AD, 0x18A4, 0x20A5, 0x18A5, 0x20A5, 0x18A5, 0x18A5, 0x18A5, 0x18A5, 0x1885, 
	0x18A5, 0x1885, 0x1884, 0x18A5, 0x18A5, 0x1885, 0x18A5, 0x18A5, 0x18A5, 0x20A5, 0x18A5, 0x1885, 0x18A5, 0x18A5, 0x18A5, 0x18A5, 
	0x18A5, 0x18A5, 0x20A5, 0x18A5, 0x18A5, 0x18A5, 0x18A5, 0x18A5, 0x20A5, 0x20A5, 0x18A5, 0x20A5, 0x20A5, 0x18A5, 0x20A5, 0x20A5, 
	0x20A5, 0x20A5, 0x18A5, 0x20A5, 0x20A5, 0x20A5, 0x20C5, 0x18A5, 0x20A5, 0x28E6, 0x20C6, 0x18A5, 0x20C5, 0x18A5, 0x20A5, 0x20C6, 
	0x20C5, 0x20A5, 0x20C5, 0x20C5, 0x20C5, 0x20C5, 0x20A5, 0x20A5, 0x20A5, 0x20A5, 0x20A5, 0x20A5, 0x20A5, 0x20A5, 0x20A5, 0x20C6, 
	0x20C6, 0x20A6, 0x20C6, 0x20C6, 0x20C6, 0x20A6, 0x20A5, 0x20A5, 0x20A5, 0x20A5, 0x28E6, 0x28E7, 0x20C6, 0x20C6, 0x20A6, 0x20C6, 
	0x20C6, 0x20C6, 0x28C6, 0x28C6, 0x28C6, 0x20C6, 0x20C6, 0x20C6, 0x28C6, 0x20C6, 0x20C6, 0x20C6, 0x20C6, 0x28C6, 0x28C6, 0x28C6, 
	0x28E6, 0x28E6, 0x28C6, 0x28E6, 0x28C6, 0x28C6, 0x28E6, 0x28E7, 0x28C6, 0x28C6, 0x28C6, 0x28C6, 0x28E6, 0x28C6, 0x28E6, 0x28C6, 
	0x28C6, 0x28C6, 0x28C6, 0x28C7, 0x30E7, 0x28C6, 0x28C6, 0x30C6, 0x30C6, 0x30E7, 0x30E7, 0x30C7, 0x28C6, 0x30E6, 0x30E7, 0x30E7, 
	0x30E7, 0x3107, 0x30E7, 0x3907, 0x3908, 0x30E7, 0x30E7, 0x30E7, 0x30E7, 0x3908, 0x38E8, 0x3907, 0x3908, 0x38E7, 0x30E7, 0x30E7, 
	0x30E7, 0x30E7, 0x38E7, 0x38E7, 0x38E7, 0x3907, 0x38E7, 0x30E7, 0x38E7, 0x30E7, 0x30E7, 0x30E7, 0x30E7, 0x30E7, 0x30E7, 0x30C6, 
	0x30E7, 0x30E7, 0x38E7, 0x38E7, 0x38E7, 0x38E7, 0x38C7, 0x38C7, 0x38E7, 0x38E7, 0x3907, 0x38E7, 0x3907, 0x38E7, 0x38E7, 0x38E7, 
	0x38E7, 0x38E7, 0x38E7, 0x38E7, 0x38E7, 0x38E7, 0x30C7, 0x38C7, 0x30E7, 0x30C6, 0x30E7, 0x30C7, 0x30E6, 0x30E6, 0x30C6, 0x30C6, 
	0x30E6, 0x30E6, 0x28C6, 0x28C6, 0x28C6, 0x28C6, 0x28E6, 0x30E6, 0x28C6, 0x28C6, 0x28C6, 0x28C6, 0x28C6, 0x28C6, 0x624E, 0x49AB, 
	0x28A5, 0x28C6, 0x28C6, 0x28C6, 0x28C6, 0x28C6, 0x28C6, 0x20C6, 0x28C6, 0x20C5, 0x28C5, 0x28C6, 0x28C6, 0x20A5, 0x28C6, 0x20C5, 
	0x20A5, 0x20C5, 0x28C6, 0x28C6, 0x20C5, 0x20C6, 0x20C6, 0x20A5, 0x20C5, 0x20C5, 0x20A5, 0x20C5, 0x20C5, 0x20C5, 0x20C6, 0x20C5, 
	0x20C5, 0x20C5, 0x20C5, 0x20C5, 0x20C5, 0x20C5, 0x20C5, 0x20C5, 0x20C5, 0x20A5, 0x20C5, 0x20A5, 0x20A5, 0x20A5, 0x20C5, 0x20A5, 
	0x1884, 0x18A4, 0x18A5, 0x18A4, 0x18A4, 0x1884, 0x1884, 0x18A4, 0x18A4, 0x18A4, 0x18A4, 0x18A4, 0x18A4, 0x1884, 0x1884, 0x1884, 
	0x18A4, 0x18A4, 0x1884, 0x18A4, 0x18A5, 0x1884, 0x1884, 0x1884, 0x1884, 0x1884, 0x1884, 0x18A5, 0x18A5, 0x1884, 0x18A4, 0x18A5, 
	0x18A5, 0x18A4, 0x1884, 0x18A5, 0x1884, 0x1884, 0x18A5, 0x18A4, 0x18A4, 0x1884, 0x18A5, 0x18A4, 0x18A5, 0x18A5, 0x28E6, 0x20C5, 
	0x18A5, 0x1885, 0x18A5, 0x1884, 0x1884, 0x20C5, 0x18A4, 0x18A5, 0x18A5, 0x18A5, 0x18A5, 0x18A5, 0x1885, 0x1885, 0x18A5, 0x18A5, 
	0x18A5, 0x18A5, 0x18A5, 0x18A5, 0x18A5, 0x18A5, 0x18A5, 0x20A5, 0x18A5, 0x18A5, 0x18A5, 0x18A5, 0x18A5, 0x18A5, 0x18A5, 0x20A5, 
	0x18A5, 0x18A5, 0x18A5, 0x18A5, 0x20A5, 0x18A5, 0x20A5, 0x20A5, 0x18A5, 0x20A5, 0x20A5, 0x20C5, 0x20C5, 0x20A5, 0x20A5, 0x20A5, 
	0x20A5, 0x20A5, 0x20A5, 0x20A5, 0x20A5, 0x20A5, 0x20A5, 0x18A5, 0x18A5, 0x20C6, 0x20C6, 0x20C6, 0x20C6, 0x20C6, 0x20C6, 0x20A5, 
	0x20A5, 0x20A5, 0x20A6, 0x20C5, 0x20A5, 0x20A5, 0x20A5, 0x20C5, 0x20A5, 0x20A5, 0x20C6, 0x20C5, 0x20A5, 0x20C5, 0x20A6, 0x20A6, 
	0x20A5, 0x20A5, 0x20C6, 0x20A5, 0x20C6, 0x20C6, 0x20A6, 0x20C6, 0x20A6, 0x20C6, 0x20C6, 0x20C6, 0x20C6, 0x20C6, 0x20C6, 0x20C6, 
	0x20C6, 0x20C6, 0x28C6, 0x20A6, 0x20C6, 0x28C6, 0x20C6, 0x20C6, 0x20C6, 0x20C6, 0x20C6, 0x20C6, 0x20C6, 0x20C6, 0x28C6, 0x20C6, 
	0x28E6, 0x28C6, 0x28C6, 0x28C6, 0x28E6, 0x28E6, 0x28C6, 0x28E6, 0x28E6, 0x28C6, 0x28C6, 0x28E6, 0x28C6, 0x28C6, 0x28E6, 0x28E6, 
	0x28C6, 0x28C6, 0x28C6, 0x28C7, 0x28E7, 0x30C7, 0x30C6, 0x30E6, 0x30E6, 0x30E7, 0x30E7, 0x30E7, 0x30E7, 0x30E7, 0x30E7, 0x30E7, 
	0x30E7, 0x30E7, 0x30E7, 0x30E7, 0x30E7, 0x30E7, 0x30C6, 0x30E7, 0x3908, 0x3908, 0x38E8, 0x38E7, 0x38E8, 0x38E7, 0x3908, 0x38E7, 
	0x30E7, 0x38E7, 0x30E7, 0x38E8, 0x38E7, 0x38E7, 0x38E7, 0x30C7, 0x3908, 0x3908, 0x3907, 0x38E7, 0x38E7, 0x38E7, 0x30E7, 0x30E7, 
	0x30C7, 0x30E7, 0x30E7, 0x30C7, 0x38E7, 0x38E7, 0x38C7, 0x38E7, 0x38E7, 0x3907, 0x38E7, 0x38E7, 0x38E7, 0x38E7, 0x38E7, 0x38E7, 
	0x38E7, 0x38E7, 0x38C7, 0x38E7, 0x3907, 0x38E7, 0x38E7, 0x38E7, 0x30E7, 0x30C6, 0x30E7, 0x30C6, 0x30C6, 0x30E6, 0x30E6, 0x30E6, 
	0x30E6, 0x30E6, 0x30E6, 0x30E6, 0x30C6, 0x28C6, 0x28C6, 0x28C6, 0x30C6, 0x30E6, 0x30C6, 0x28C6, 0x30E6, 0x30E6, 0x30E7, 0x28E6, 
	0x28E6, 0x28E6, 0x28C6, 0x28C6, 0x28C6, 0x28C6, 0x28C6, 0x20C6, 0x28C6, 0x20C5, 0x20C5, 0x20A5, 0x20C6, 0x20A5, 0x20C5, 0x20C5, 
	0x20A5, 0x20A5, 0x20C5, 0x20C5, 0x20A5, 0x20C5, 0x20C5, 0x20C5, 0x20C5, 0x20A5, 0x20C5, 0x20C6, 0x20C5, 0x20C5, 0x20A5, 0x20A5, 
	0x20A5, 0x28C6, 0x20C6, 0x20C5, 0x20C6, 0x20C5, 0x20C5, 0x20C6, 0x20C5, 0x20C5, 0x20C6, 0x20A5, 0x20C5, 0x20A5, 0x20C6, 0x20A5, 
	0x18A4, 0x18A4, 0x18A4, 0x1884, 0x18A4, 0x1884, 0x1884, 0x18A4, 0x1884, 0x18A4, 0x18A4, 0x18A4, 0x1884, 0x18A4, 0x18A4, 0x18A4, 
	0x18A4, 0x18A4, 0x1884, 0x18A4, 0x18A4, 0x1884, 0x1884, 0x18A4, 0x18A4, 0x18A4, 0x18A5, 0x18A4, 0x18A4, 0x18A4, 0x18A4, 0x18A4, 
	0x1884, 0x18A4, 0x18A4, 0x18A5, 0x18A5, 0x18A5, 0x20C5, 0x1884, 0x18A4, 0x18A5, 0x18A5, 0x18A5, 0x18A4, 0x20C5, 0x524C, 0x3127, 
	0x18A5, 0x18A5, 0x20A5, 0x1885, 0x1885, 0x18A5, 0x18A5, 0x1885, 0x20A5, 0x1885, 0x1885, 0x18A5, 0x18A5, 0x20A5, 0x20A5, 0x18A5, 
	0x1885, 0x18A5, 0x18A5, 0x18A4, 0x18A5, 0x18A5, 0x1885, 0x18A5, 0x18A5, 0x1885, 0x18A5, 0x18A5, 0x18A5, 0x1885, 0x18A5, 0x20A5, 
	0x18A5, 0x18A5, 0x18A5, 0x18A5, 0x18A5, 0x20A5, 0x20C5, 0x20C5, 0x18A5, 0x20A5, 0x20A5, 0x20A5, 0x20C5, 0x18A5, 0x18A5, 0x18A5, 
	0x20A5, 0x18A5, 0x20A5, 0x20A5, 0x20A5, 0x18A5, 0x20A5, 0x20C5, 0x20C5, 0x20A5, 0x20A5, 0x3969, 0x5A8E, 0x2907, 0x20A5, 0x20A5, 
	0x20C5, 0x20A5, 0x20A5, 0x20A5, 0x20A5, 0x20A5, 0x20A5, 0x20A5, 0x20A5, 0x20A6, 0x20C6, 0x20C5, 0x20A5, 0x20A5, 0x20A6, 0x20C6, 
	0x20C6, 0x20C6, 0x20C6, 0x20A5, 0x20C6, 0x20A5, 0x20A5, 0x20C6, 0x20C6, 0x20C6, 0x20A6, 0x20C6, 0x20C6, 0x20C6, 0x20C6, 0x20C6, 
	0x20C6, 0x20C6, 0x20C6, 0x20A6, 0x20C6, 0x20C6, 0x20C6, 0x20C6, 0x20C6, 0x20C6, 0x20C6, 0x28C6, 0x20C6, 0x28C6, 0x20C6, 0x28E6, 
	0x28C6, 0x28C6, 0x28C6, 0x28C6, 0x28E6, 0x28E6, 0x28C6, 0x28C6, 0x28E6, 0x28E6, 0x28E6, 0x28E6, 0x28C6, 0x28C6, 0x28E7, 0x28E6, 
	0x28C6, 0x28E6, 0x28E7, 0x30E7, 0x30E7, 0x30E6, 0x30E6, 0x30E7, 0x30E7, 0x30E7, 0x30E7, 0x3107, 0x30E7, 0x30E7, 0x30E7, 0x30E7, 
	0x30E7, 0x30E7, 0x30E7, 0x30E7, 0x30E7, 0x30E7, 0x30C6, 0x30C7, 0x38E7, 0x30E7, 0x30E7, 0x30E7, 0x38E7, 0x38E7, 0x38E7, 0x38E7, 
	0x38E7, 0x38E8, 0x38E7, 0x4108, 0x38E8, 0x38E7, 0x38E7, 0x38E8, 0x3908, 0x38E8, 0x4149, 0x51EC, 0x3908, 0x30E7, 0x30E7, 0x30E7, 
	0x30E7, 0x38E7, 0x30E7, 0x30C7, 0x38E7, 0x38E7, 0x38E7, 0x38E7, 0x38E7, 0x38E7, 0x38E7, 0x4107, 0x4108, 0x38E7, 0x38E7, 0x38E7, 
	0x38E7, 0x38E7, 0x38E7, 0x38E7, 0x38E7, 0x38E7, 0x38E7, 0x38E7, 0x30E6, 0x30E7, 0x30E7, 0x30E7, 0x30E6, 0x30E6, 0x30E6, 0x30E6, 
	0x30E6, 0x30C6, 0x30E7, 0x30C6, 0x30E6, 0x30E6, 0x28C6, 0x28E6, 0x28E6, 0x28C6, 0x28C6, 0x30E6, 0x28A6, 0x28C6, 0x28C6, 0x28C6, 
	0x28C6, 0x28C6, 0x28C6, 0x28C6, 0x28C6, 0x28C6, 0x28E6, 0x20A5, 0x28C6, 0x28C6, 0x20C5, 0x20C6, 0x20C5, 0x28C5, 0x28C5, 0x20C5, 
	0x20C5, 0x20C6, 0x20C5, 0x20C5, 0x20C5, 0x20C5, 0x20C5, 0x20C5, 0x20A5, 0x20C5, 0x20A5, 0x20C5, 0x20A5, 0x20C5, 0x20C6, 0x20C5, 
	0x20C5, 0x20C5, 0x20A5, 0x20C5, 0x20C6, 0x20C5, 0x20A5, 0x20C6, 0x20C5, 0x20C5, 0x28C6, 0x20C6, 0x20C6, 0x20C5, 0x20C6, 0x20C5, 
	0x1884, 0x1884, 0x1884, 0x1884, 0x18A4, 0x18A4, 0x1884, 0x18A4, 0x1884, 0x1884, 0x18A4, 0x18A4, 0x18A4, 0x18A4, 0x18A4, 0x1884, 
	0x1884, 0x1884, 0x18A4, 0x18A4, 0x18A4, 0x18A5, 0x18A4, 0x18A4, 0x1884, 0x18A4, 0x18A4, 0x18A4, 0x18A4, 0x18A4, 0x18A4, 0x18A4, 
	0x18A4, 0x18A4, 0x18A4, 0x18A4, 0x18A5, 0x18A5, 0x18A5, 0x18A5, 0x18A5, 0x18A4, 0x18A5, 0x18A5, 0x18A5, 0x18A5, 0x20E6, 0x20C5, 
	0x20A5, 0x18A5, 0x20A5, 0x20A5, 0x18A5, 0x20A5, 0x20A5, 0x20C5, 0x20A5, 0x18A5, 0x18A5, 0x18A5, 0x20A5, 0x18A5, 0x18A5, 0x1884, 
	0x18A5, 0x18A5, 0x18A5, 0x18A5, 0x1885, 0x1884, 0x18A5, 0x18A5, 0x18A4, 0x18A5, 0x18A5, 0x18A5, 0x18A5, 0x18A5, 0x18A5, 0x18A5, 
	0x18A5, 0x20A5, 0x18A5, 0x18A5, 0x18A5, 0x20C5, 0x20A5, 0x20A5, 0x18A5, 0x18A5, 0x20A5, 0x18A5, 0x20A5, 0x18A5, 0x18A5, 0x20A5, 
	0x20A5, 0x20A5, 0x20A5, 0x20A5, 0x20A5, 0x20A5, 0x20C5, 0x18A5, 0x20A5, 0x20C5, 0x20C5, 0x20E6, 0x3148, 0x20E6, 0x20A5, 0x18A5, 
	0x20A5, 0x20C5, 0x20A5, 0x20A5, 0x20A5, 0x20A5, 0x20C5, 0x20A5, 0x20A5, 0x20A6, 0x20A5, 0x20A5, 0x20C5, 0x20C6, 0x20C6, 0x20A5, 
	0x20C6, 0x20C6, 0x20C6, 0x20C6, 0x20A5, 0x20A6, 0x20C6, 0x20C6, 0x20C6, 0x20C6, 0x20C6, 0x20C6, 0x20C6, 0x20A6, 0x20C6, 0x20C6, 
	0x20C6, 0x20C6, 0x20C6, 0x20C6, 0x20C5, 0x20C6, 0x20C6, 0x20C6, 0x20C6, 0x20C6, 0x20C6, 0x20C6, 0x20C6, 0x28E6, 0x28C6, 0x28C6, 
	0x28C6, 0x28E6, 0x28E6, 0x28C6, 0x28E6, 0x28E6, 0x28E6, 0x28E7, 0x28E6, 0x28E6, 0x28E6, 0x28E6, 0x28E7, 0x28E7, 0x30E7, 0x30E7, 
	0x28C6, 0x30E7, 0x30E7, 0x30E7, 0x28E7, 0x30E7, 0x30E7, 0x30E7, 0x30E7, 0x30E7, 0x30E7, 0x30E7, 0x30E7, 0x30E7, 0x30E7, 0x30E7, 
	0x3907, 0x3907, 0x30E7, 0x30E7, 0x30E7, 0x30E7, 0x30E7, 0x30E7, 0x38E7, 0x30E7, 0x30E7, 0x3908, 0x4129, 0x38E7, 0x38E7, 0x38E8, 
	0x38E8, 0x4108, 0x38E8, 0x40E8, 0x4108, 0x38E7, 0x38E8, 0x40E8, 0x4108, 0x38E7, 0x518C, 0x7313, 0x3928, 0x30E7, 0x30E7, 0x38E7, 
	0x30E7, 0x38E7, 0x30E7, 0x30E7, 0x30E7, 0x30C7, 0x38E7, 0x38E7, 0x38E7, 0x38E7, 0x38E7, 0x4949, 0x4128, 0x38E7, 0x38E7, 0x38E7, 
	0x38E7, 0x3907, 0x3907, 0x38E7, 0x38E7, 0x38E7, 0x38E7, 0x38E7, 0x38E7, 0x30E7, 0x30E7, 0x30E7, 0x30E6, 0x30E6, 0x30E6, 0x30E6, 
	0x30C6, 0x30C7, 0x30E7, 0x28C6, 0x30E6, 0x30E7, 0x28E6, 0x28E6, 0x28C6, 0x28C6, 0x28E6, 0x28E6, 0x28C6, 0x28E6, 0x28C6, 0x28C6, 
	0x28A6, 0x28C6, 0x28C6, 0x20C6, 0x20C6, 0x20A5, 0x28C6, 0x28C6, 0x28C6, 0x28C6, 0x20C6, 0x20C6, 0x20A5, 0x28C6, 0x28C6, 0x20C5, 
	0x20C6, 0x20A5, 0x20A5, 0x20C5, 0x20A5, 0x20C6, 0x20C5, 0x20A5, 0x20C5, 0x20C6, 0x20C6, 0x20C5, 0x20A5, 0x20C5, 0x20C6, 0x20C5, 
	0x20C5, 0x20C5, 0x20A5, 0x20C5, 0x20C5, 0x20C5, 0x20C5, 0x20C5, 0x28E6, 0x41AB, 0x28C6, 0x20C5, 0x20C5, 0x20C5, 0x20C6, 0x20C6, 
	0x18A4, 0x18A4, 0x18A4, 0x18A5, 0x18A4, 0x18A4, 0x1884, 0x1884, 0x1884, 0x1884, 0x18A4, 0x18A4, 0x18A4, 0x18A4, 0x18A4, 0x1884, 
	0x1884, 0x1884, 0x18A4, 0x1884, 0x18A4, 0x18A4, 0x18A4, 0x18A5, 0x1884, 0x18A4, 0x18A5, 0x18A4, 0x18A4, 0x18A5, 0x1884, 0x18A5, 
	0x18A5, 0x18A4, 0x18A5, 0x18A5, 0x18A5, 0x1885, 0x18A5, 0x18A4, 0x18A5, 0x18A5, 0x18A5, 0x18A5, 0x18A5, 0x18A5, 0x18A5, 0x18A5, 
	0x18A5, 0x1885, 0x1885, 0x18A5, 0x18A5, 0x18A5, 0x18A5, 0x20C5, 0x20A5, 0x18A5, 0x20A5, 0x18A5, 0x18A5, 0x18A5, 0x18A5, 0x1885, 
	0x1885, 0x1885, 0x18A5, 0x18A5, 0x1885, 0x1884, 0x18A5, 0x18A5, 0x18A5, 0x18A5, 0x20A5, 0x20A5, 0x18A5, 0x18A5, 0x18A5, 0x18A5, 
	0x20A5, 0x20A5, 0x18A5, 0x18A5, 0x20A5, 0x20A5, 0x20A5, 0x18A5, 0x20A5, 0x18A5, 0x20A5, 0x20C5, 0x20A5, 0x18A5, 0x20A5, 0x20C5, 
	0x20A5, 0x20A5, 0x20A5, 0x20A5, 0x20A5, 0x20C5, 0x20C5, 0x20A5, 0x20A5, 0x20A5, 0x20C5, 0x20C5, 0x20A5, 0x20C5, 0x20C6, 0x20C5, 
	0x20A5, 0x20C5, 0x20A5, 0x20A5, 0x20A5, 0x20A5, 0x20C6, 0x20C6, 0x20C5, 0x20C6, 0x20A5, 0x20A5, 0x20C6, 0x20C5, 0x20C6, 0x20A6, 
	0x20A6, 0x20A5, 0x20A5, 0x20C6, 0x20A5, 0x20A5, 0x20C6, 0x20C6, 0x20C6, 0x20A6, 0x20C6, 0x20C6, 0x20C6, 0x20C6, 0x20C6, 0x20C6, 
	0x20C6, 0x20C6, 0x20C6, 0x20C6, 0x20C6, 0x20C6, 0x28C6, 0x28C6, 0x28C6, 0x28C6, 0x28E6, 0x28C6, 0x28C6, 0x28E6, 0x28E6, 0x28C6, 
	0x28C6, 0x28E6, 0x28E6, 0x20C6, 0x28C6, 0x28C6, 0x28C6, 0x28E7, 0x28C6, 0x28E6, 0x28E7, 0x28E7, 0x30E7, 0x28C7, 0x28E7, 0x30E7, 
	0x30E7, 0x30E7, 0x30E7, 0x28C6, 0x28E7, 0x30E7, 0x30E7, 0x30E7, 0x30E7, 0x30E7, 0x30E7, 0x30E7, 0x30E7, 0x30E7, 0x30E7, 0x30E7, 
	0x3907, 0x30E7, 0x30E7, 0x30E7, 0x30E7, 0x30E7, 0x3907, 0x3907, 0x38E7, 0x38E7, 0x30E7, 0x494A, 0x496B, 0x38E7, 0x38E7, 0x3907, 
	0x38E7, 0x40E8, 0x4108, 0x40E7, 0x4108, 0x4108, 0x4108, 0x40E8, 0x38E7, 0x40E7, 0x4108, 0x4149, 0x3908, 0x3908, 0x38E7, 0x38E7, 
	0x38E7, 0x38E7, 0x30C7, 0x30E7, 0x38E7, 0x30E7, 0x30E7, 0x38E7, 0x38E7, 0x38E7, 0x38E7, 0x4108, 0x38E7, 0x38E7, 0x38E7, 0x38E7, 
	0x38E7, 0x38E7, 0x38E7, 0x30C7, 0x38E7, 0x38E7, 0x30E6, 0x30E7, 0x30E7, 0x30C6, 0x30E7, 0x30E7, 0x30E6, 0x30C6, 0x30E6, 0x30E7, 
	0x30C7, 0x3907, 0x3907, 0x30E7, 0x30E7, 0x30E6, 0x28C6, 0x28C6, 0x28C6, 0x28C6, 0x28E6, 0x28E6, 0x28E6, 0x28E6, 0x28C6, 0x28C6, 
	0x28C6, 0x28E6, 0x28E6, 0x20C6, 0x28C6, 0x28C6, 0x28E6, 0x3107, 0x28C6, 0x20A5, 0x20A6, 0x20C6, 0x20C5, 0x20C5, 0x28C5, 0x20C6, 
	0x20C5, 0x20A6, 0x28C6, 0x20A5, 0x20A5, 0x20C6, 0x20A6, 0x20C6, 0x28C6, 0x20C6, 0x20A5, 0x20C5, 0x20A5, 0x20A5, 0x20C6, 0x20C5, 
	0x20A5, 0x20A5, 0x20C5, 0x20C5, 0x20C5, 0x20C5, 0x20C5, 0x20C5, 0x28E6, 0x3949, 0x20C5, 0x20A5, 0x20C6, 0x3107, 0x20C6, 0x20A5, 
	0x18A4, 0x18A4, 0x1884, 0x18A4, 0x1884, 0x1884, 0x18A4, 0x18A4, 0x18A4, 0x18A4, 0x18A4, 0x1884, 0x18A4, 0x18A4, 0x18A4, 0x18A4, 
	0x18A5, 0x1884, 0x18A4, 0x18A4, 0x18A4, 0x18A4, 0x18A4, 0x18A4, 0x18A4, 0x18A5, 0x18A4, 0x18A4, 0x18A4, 0x18A5, 0x18A5, 0x18A5, 
	0x18A5, 0x18A4, 0x18A4, 0x1884, 0x18A5, 0x18A5, 0x18A5, 0x18A5, 0x18A5, 0x18A5, 0x18A5, 0x18A5, 0x18A5, 0x18A5, 0x18A5, 0x18A5, 
	0x18A5, 0x18A5, 0x20A5, 0x18A5, 0x18A5, 0x18A5, 0x18A5, 0x18A5, 0x18A5, 0x1885, 0x18A5, 0x18A5, 0x18A5, 0x18A5, 0x20C5, 0x20A5, 
	0x18A5, 0x1885, 0x20A5, 0x18A5, 0x18A5, 0x18A5, 0x20A5, 0x20A5, 0x20A5, 0x18A5, 0x18A5, 0x18A5, 0x20A5, 0x20A5, 0x18A5, 0x20A5, 
	0x18A5, 0x18A5, 0x18A5, 0x20A5, 0x18A5, 0x18A5, 0x18A5, 0x20C5, 0x18A5, 0x18A5, 0x18A5, 0x20A5, 0x20A5, 0x20A5, 0x18A5, 0x20A5, 
	0x20A5, 0x20C5, 0x20A5, 0x20A5, 0x20A5, 0x20A5, 0x20A5, 0x20A5, 0x20A5, 0x20A5, 0x20A5, 0x20A5, 0x20A5, 0x20C5, 0x18A5, 0x20A5, 
	0x20A5, 0x20A5, 0x20A5, 0x20A5, 0x20A5, 0x20A5, 0x20C5, 0x20A5, 0x20C6, 0x20C5, 0x20A5, 0x20A5, 0x20A5, 0x20A5, 0x20C6, 0x20C6, 
	0x20A5, 0x20C6, 0x20C6, 0x20C6, 0x20C6, 0x20C6, 0x20C6, 0x20C6, 0x20A6, 0x20A6, 0x20C6, 0x20C6, 0x20C6, 0x20C6, 0x20C6, 0x20C6, 
	0x20A6, 0x20C6, 0x28C6, 0x20C6, 0x28C6, 0x20C6, 0x20C6, 0x28C6, 0x28C6, 0x28C6, 0x28C6, 0x28E6, 0x28E6, 0x28E6, 0x28E7, 0x28C6, 
	0x28C6, 0x28E6, 0x28E6, 0x28C6, 0x28E7, 0x28E7, 0x28E6, 0x28E7, 0x28C6, 0x28C6, 0x28C6, 0x28E7, 0x28E7, 0x28E7, 0x28C7, 0x28E7, 
	0x28E7, 0x30E7, 0x30E7, 0x30C7, 0x30E7, 0x30E7, 0x30E7, 0x30E7, 0x3908, 0x30C7, 0x30E7, 0x30E7, 0x30E7, 0x30E7, 0x38E7, 0x30E7, 
	0x38E7, 0x30E7, 0x3907, 0x38E7, 0x38E7, 0x30E7, 0x38E7, 0x38E7, 0x3908, 0x3907, 0x3907, 0x3907, 0x38E7, 0x4108, 0x4108, 0x3908, 
	0x40E7, 0x40E8, 0x4108, 0x4108, 0x4108, 0x40E8, 0x4108, 0x4108, 0x4108, 0x4108, 0x3907, 0x3907, 0x3907, 0x3908, 0x38E7, 0x30E7, 
	0x38E7, 0x38E7, 0x30E7, 0x30E7, 0x30E7, 0x30E7, 0x38E7, 0x3907, 0x38E7, 0x38E7, 0x3907, 0x38E7, 0x38E7, 0x3907, 0x38E7, 0x38E7, 
	0x38C7, 0x38E7, 0x38E7, 0x30E7, 0x30E7, 0x30E7, 0x30E7, 0x30E7, 0x30C7, 0x30E7, 0x30E7, 0x30E7, 0x30E6, 0x30E6, 0x30E6, 0x30C6, 
	0x30C6, 0x30E7, 0x30E7, 0x30E7, 0x30C6, 0x30C6, 0x30E6, 0x30E6, 0x28C6, 0x28C6, 0x28C6, 0x28C6, 0x28E6, 0x28C6, 0x28C6, 0x28C6, 
	0x28C6, 0x28C6, 0x28C6, 0x28C6, 0x28C6, 0x28C6, 0x20A5, 0x28C6, 0x28C6, 0x28C6, 0x20C5, 0x20C5, 0x28C6, 0x28C5, 0x20C6, 0x20C5, 
	0x20C6, 0x28C6, 0x28E6, 0x28C6, 0x20C6, 0x20C6, 0x28C6, 0x20C6, 0x28E6, 0x28C6, 0x20C6, 0x20C6, 0x20C5, 0x20C6, 0x20C6, 0x20C6, 
	0x20C6, 0x20A5, 0x28C6, 0x28C6, 0x20C6, 0x20C5, 0x20C5, 0x20C6, 0x20C6, 0x20A5, 0x20C5, 0x20C5, 0x28E6, 0x3128, 0x28C6, 0x20A5, 
	0x18A4, 0x18A5, 0x18A4, 0x18A4, 0x18A4, 0x1884, 0x18A4, 0x18A4, 0x18A4, 0x18A4, 0x18A4, 0x18A4, 0x1884, 0x18A4, 0x18A4, 0x18A4, 
	0x18A4, 0x18A4, 0x18A4, 0x18A5, 0x1884, 0x18A5, 0x18A4, 0x1884, 0x18A5, 0x18A4, 0x18A4, 0x18A5, 0x18A4, 0x18A5, 0x18A5, 0x18A5, 
	0x18A5, 0x18A5, 0x18A5, 0x18A4, 0x18A5, 0x18A5, 0x18A4, 0x18A5, 0x18A5, 0x18A5, 0x18A5, 0x18A5, 0x18A5, 0x18A5, 0x18A5, 0x18A5, 
	0x18A5, 0x18A5, 0x20A5, 0x20A5, 0x18A5, 0x18A5, 0x18A5, 0x18A5, 0x18A5, 0x18A5, 0x1885, 0x20A5, 0x1885, 0x3127, 0x62AD, 0x3127, 
	0x1885, 0x18A5, 0x20A5, 0x20A5, 0x18A5, 0x18A5, 0x20A5, 0x18A5, 0x18A5, 0x18A4, 0x18A5, 0x18A5, 0x18A5, 0x18A5, 0x20A5, 0x18A5, 
	0x18A5, 0x20A5, 0x18A5, 0x20A5, 0x20A5, 0x20A5, 0x20A5, 0x20C5, 0x20A5, 0x20A5, 0x20A5, 0x20A5, 0x18A5, 0x20A5, 0x20C5, 0x20A5, 
	0x20A5, 0x20A5, 0x20A5, 0x20A5, 0x20A5, 0x18A5, 0x20A5, 0x20A5, 0x20A5, 0x20C5, 0x18A5, 0x20A5, 0x20A5, 0x20C5, 0x20C5, 0x20C6, 
	0x20A5, 0x20A5, 0x20A5, 0x20C5, 0x20A5, 0x20A5, 0x20A5, 0x20A5, 0x20C6, 0x20A5, 0x20A5, 0x20C5, 0x20A6, 0x20A5, 0x20C6, 0x20C6, 
	0x20A5, 0x20C6, 0x20C6, 0x20C6, 0x20C6, 0x20C6, 0x20C6, 0x28C6, 0x20C6, 0x20A6, 0x20C6, 0x20C6, 0x20C6, 0x20C6, 0x20C6, 0x28C6, 
	0x20C6, 0x20C6, 0x28C6, 0x28C6, 0x20C6, 0x20C6, 0x28C6, 0x28E6, 0x28C6, 0x20C6, 0x20C6, 0x20C6, 0x28E6, 0x28C6, 0x28C6, 0x28C6, 
	0x20C6, 0x28C6, 0x28E6, 0x28E7, 0x28C7, 0x28E7, 0x28E7, 0x28E6, 0x28E7, 0x2907, 0x28E6, 0x28E7, 0x28E7, 0x28E7, 0x28E7, 0x30E7, 
	0x30E7, 0x30C6, 0x30E7, 0x30E7, 0x30E7, 0x30E7, 0x30C7, 0x30E7, 0x38E7, 0x38E7, 0x38E7, 0x30E7, 0x30E7, 0x30E7, 0x30E7, 0x30E7, 
	0x38E7, 0x38E7, 0x3907, 0x3907, 0x38E7, 0x30E7, 0x38E7, 0x3908, 0x30E7, 0x38E7, 0x38E7, 0x3907, 0x38E7, 0x4108, 0x4108, 0x40E8, 
	0x40E8, 0x40E8, 0x4108, 0x4108, 0x40E8, 0x40E8, 0x40E8, 0x40E7, 0x40E8, 0x4108, 0x38E7, 0x30E7, 0x30E7, 0x30E7, 0x30E7, 0x30E7, 
	0x30E7, 0x30E7, 0x30E7, 0x30E7, 0x38E7, 0x38E7, 0x38E7, 0x3908, 0x3907, 0x38E7, 0x38E7, 0x38E7, 0x38E7, 0x38E7, 0x38E7, 0x38E7, 
	0x38E7, 0x38E7, 0x38E7, 0x38E7, 0x30C7, 0x30E7, 0x30E7, 0x38E7, 0x30C6, 0x30E7, 0x30E7, 0x30E7, 0x30E6, 0x30E6, 0x30C6, 0x30E6, 
	0x30E7, 0x30C6, 0x30C6, 0x30C6, 0x30E7, 0x30C6, 0x30E7, 0x30E6, 0x30C6, 0x28C6, 0x28E6, 0x28C6, 0x28C6, 0x28C6, 0x28C6, 0x28C6, 
	0x28E6, 0x28C6, 0x20A6, 0x28C6, 0x28C6, 0x28C6, 0x28C6, 0x28C6, 0x28C6, 0x28C6, 0x28C6, 0x28C6, 0x28C6, 0x20C6, 0x20C5, 0x28E6, 
	0x28C6, 0x20A6, 0x28C6, 0x28C6, 0x20C6, 0x20C6, 0x20C6, 0x20A5, 0x20C6, 0x28C6, 0x20C6, 0x20A5, 0x20C5, 0x28C6, 0x20A6, 0x28C6, 
	0x28C5, 0x28C6, 0x20C5, 0x20A6, 0x20C6, 0x20A5, 0x20A5, 0x20C6, 0x20C5, 0x20C6, 0x20C6, 0x20A5, 0x20C5, 0x20C5, 0x20C5, 0x20C5, 
	0x18A4, 0x18A4, 0x1884, 0x1884, 0x1884, 0x1884, 0x18A4, 0x18A4, 0x18A4, 0x18A4, 0x18A4, 0x18A4, 0x1885, 0x1885, 0x18A4, 0x18A4, 
	0x18A4, 0x18A5, 0x18A4, 0x18A4, 0x18A5, 0x1884, 0x18A4, 0x18A4, 0x18A5, 0x18A5, 0x18A5, 0x1884, 0x1884, 0x18A4, 0x1885, 0x18A4, 
	0x18A5, 0x18A5, 0x18A5, 0x18A5, 0x18A4, 0x1884, 0x18A5, 0x18A5, 0x18A5, 0x18A5, 0x18A5, 0x18A5, 0x18A5, 0x18A5, 0x18A5, 0x20A5, 
	0x18A5, 0x18A5, 0x1885, 0x18A5, 0x18A5, 0x1885, 0x18A5, 0x18A5, 0x18A5, 0x18A5, 0x20A5, 0x20A5, 0x1885, 0x3168, 0x5A6C, 0x2906, 
	0x18A5, 0x18A5, 0x1885, 0x20A5, 0x1885, 0x18A5, 0x18A5, 0x18A5, 0x2907, 0x2907, 0x18A4, 0x18A5, 0x18A5, 0x18A5, 0x18A5, 0x20A5, 
	0x18A5, 0x18A5, 0x20A5, 0x20A5, 0x20A5, 0x20A5, 0x18A5, 0x20A5, 0x18A5, 0x20C5, 0x20A5, 0x20A5, 0x20A5, 0x20A5, 0x20A5, 0x20A5, 
	0x20A5, 0x20A5, 0x20A5, 0x20A5, 0x20A5, 0x20C5, 0x20C5, 0x20A5, 0x20A5, 0x20C5, 0x20A5, 0x20C5, 0x20A5, 0x20A5, 0x20C5, 0x20C5, 
	0x20C6, 0x20C6, 0x20C6, 0x20C6, 0x20A5, 0x20C6, 0x20A5, 0x20C6, 0x20A6, 0x20A5, 0x20A5, 0x20A5, 0x20C6, 0x20C6, 0x20C6, 0x20C6, 
	0x20C6, 0x20C6, 0x20C6, 0x20A6, 0x20C6, 0x20C6, 0x20A6, 0x20C6, 0x20C6, 0x20C6, 0x20C6, 0x20C6, 0x20C6, 0x20A6, 0x20C6, 0x20C6, 
	0x20C6, 0x20C6, 0x20C6, 0x20C6, 0x20C6, 0x20C6, 0x20C6, 0x28C6, 0x20C6, 0x20C6, 0x28C6, 0x20C6, 0x28C6, 0x28C6, 0x28C6, 0x28C6, 
	0x28E6, 0x28E6, 0x28E7, 0x28E6, 0x28C6, 0x28E7, 0x28E7, 0x28E6, 0x28E6, 0x28E6, 0x28E7, 0x28E7, 0x28C6, 0x28C6, 0x28E7, 0x28E6, 
	0x30E7, 0x30E7, 0x30E7, 0x30E7, 0x30E7, 0x3107, 0x30E7, 0x38E7, 0x30C7, 0x38E7, 0x38E7, 0x30E7, 0x30E7, 0x30E7, 0x30E7, 0x3907, 
	0x38E7, 0x38E7, 0x38E7, 0x38E7, 0x3907, 0x38E7, 0x38E7, 0x3908, 0x38E7, 0x38E7, 0x38E7, 0x38E7, 0x3907, 0x38E7, 0x40E8, 0x4108, 
	0x4109, 0x40E8, 0x40E7, 0x40E8, 0x40E8, 0x4908, 0x4108, 0x40E8, 0x40E8, 0x40E8, 0x38E7, 0x38E7, 0x38E7, 0x38E7, 0x38E7, 0x30E7, 
	0x38E7, 0x3907, 0x30E7, 0x38E7, 0x38E7, 0x38E7, 0x38E7, 0x38E7, 0x38E7, 0x38E7, 0x38E7, 0x38E7, 0x38E7, 0x38E7, 0x38E7, 0x38E7, 
	0x38E7, 0x38E7, 0x38E7, 0x38C7, 0x30E7, 0x3907, 0x30E7, 0x30E7, 0x30E7, 0x30E7, 0x30E7, 0x30E7, 0x30E6, 0x30E6, 0x30E6, 0x30E6, 
	0x30C6, 0x30C6, 0x30E6, 0x30C6, 0x30E6, 0x30C6, 0x30E6, 0x30E7, 0x30E6, 0x30E6, 0x28C6, 0x28E6, 0x28C6, 0x28C6, 0x28E6, 0x28C6, 
	0x28E6, 0x28C6, 0x28C6, 0x28C6, 0x28C6, 0x28C6, 0x28C5, 0x28C6, 0x20A5, 0x20A5, 0x20C6, 0x20C6, 0x20C6, 0x20C6, 0x28C6, 0x28C6, 
	0x20A5, 0x28C6, 0x28C6, 0x20A5, 0x20A5, 0x20C6, 0x20C6, 0x20C5, 0x20C6, 0x20C5, 0x20C6, 0x20C5, 0x28C6, 0x28C6, 0x28E7, 0x62CF, 
	0x520C, 0x20C5, 0x20C6, 0x20A5, 0x20C6, 0x20C5, 0x20C5, 0x20A5, 0x20A5, 0x20C6, 0x20C5, 0x20A5, 0x20C5, 0x20C5, 0x20C5, 0x20C5, 
	0x18A4, 0x18A4, 0x1884, 0x18A4, 0x1884, 0x1884, 0x18A5, 0x18A4, 0x18A4, 0x18A4, 0x18A4, 0x1884, 0x1885, 0x1884, 0x18A5, 0x18A4, 
	0x18A4, 0x18A5, 0x18A4, 0x18A5, 0x1885, 0x1884, 0x18A4, 0x18A5, 0x18A5, 0x18A5, 0x1884, 0x1884, 0x18A4, 0x18A4, 0x18A4, 0x18A4, 
	0x18A5, 0x1885, 0x1885, 0x18A5, 0x18A5, 0x18A4, 0x18A5, 0x18A5, 0x18A5, 0x18A5, 0x18A4, 0x18A5, 0x18A5, 0x18A5, 0x20A5, 0x20A5, 
	0x18A5, 0x18A5, 0x18A5, 0x18A5, 0x20A5, 0x1885, 0x20A5, 0x18A5, 0x18A5, 0x20A5, 0x20A5, 0x20A5, 0x18A5, 0x1885, 0x1884, 0x1885, 
	0x20A5, 0x20A5, 0x18A5, 0x20A5, 0x18A5, 0x18A5, 0x20A5, 0x18A5, 0x28E6, 0x20E6, 0x18A5, 0x20A5, 0x18A5, 0x18A5, 0x20A5, 0x20A5, 
	0x18A5, 0x18A5, 0x20C5, 0x20A5, 0x20A5, 0x20A5, 0x20A5, 0x20C5, 0x20A5, 0x20C5, 0x18A5, 0x20A5, 0x20A5, 0x20A5, 0x20A5, 0x18A5, 
	0x20A5, 0x20C5, 0x20A5, 0x20A5, 0x20A5, 0x20C5, 0x20C5, 0x20C5, 0x20C5, 0x20A5, 0x20A5, 0x20A5, 0x20C5, 0x20C5, 0x20A5, 0x20A5, 
	0x20A5, 0x20A5, 0x20C5, 0x20C6, 0x20A5, 0x20A5, 0x20A5, 0x20C6, 0x20A5, 0x20C6, 0x20C6, 0x20A5, 0x20C6, 0x20C6, 0x20C6, 0x20A5, 
	0x20C6, 0x20C6, 0x20C6, 0x20C6, 0x20C6, 0x20A6, 0x20C6, 0x20C6, 0x20C6, 0x20C6, 0x20C6, 0x20C6, 0x20C6, 0x20C6, 0x20C6, 0x20C6, 
	0x28C6, 0x28C6, 0x20C6, 0x20C6, 0x28C6, 0x28C6, 0x20C6, 0x28C6, 0x20C6, 0x20C6, 0x28E6, 0x28E6, 0x28C6, 0x28E6, 0x28E6, 0x28E6, 
	0x28E6, 0x28E6, 0x28E6, 0x28C6, 0x28E7, 0x28E7, 0x28C6, 0x28E7, 0x28C6, 0x28C6, 0x28E7, 0x3107, 0x28E7, 0x28E7, 0x30E7, 0x30E7, 
	0x30E7, 0x30E7, 0x30E7, 0x30E7, 0x3107, 0x30E7, 0x3907, 0x3907, 0x30E7, 0x38E7, 0x30E7, 0x38E7, 0x30E7, 0x30E7, 0x3107, 0x3907, 
	0x3907, 0x38E7, 0x38E7, 0x38E7, 0x3907, 0x3907, 0x38E7, 0x3907, 0x3908, 0x3908, 0x38E7, 0x3908, 0x3908, 0x38E7, 0x4108, 0x4108, 
	0x4929, 0x4108, 0x4108, 0x4108, 0x4908, 0x4929, 0x4108, 0x38E8, 0x4108, 0x4108, 0x3907, 0x3908, 0x3908, 0x3907, 0x3907, 0x38E7, 
	0x38E7, 0x30E7, 0x38E7, 0x38E7, 0x38E7, 0x38E7, 0x38E7, 0x38E7, 0x4107, 0x38E7, 0x38E7, 0x38E7, 0x38E7, 0x38E7, 0x38E7, 0x3907, 
	0x38E7, 0x38E7, 0x38E7, 0x38E7, 0x38E7, 0x38E7, 0x30C6, 0x30C6, 0x30E7, 0x30E7, 0x30E7, 0x30E7, 0x30E7, 0x30E7, 0x30C6, 0x30C6, 
	0x30E7, 0x30C6, 0x30E7, 0x30E6, 0x30C6, 0x30E6, 0x30E7, 0x30E6, 0x30E6, 0x28C6, 0x28C6, 0x30E6, 0x28C6, 0x28C6, 0x28E6, 0x28C6, 
	0x28E6, 0x28C6, 0x28C6, 0x28C6, 0x28C6, 0x28C6, 0x28C5, 0x28A6, 0x28C6, 0x20C6, 0x28E6, 0x20C6, 0x20C6, 0x28E6, 0x20A5, 0x522C, 
	0x49CA, 0x20A5, 0x20C6, 0x20A5, 0x20C6, 0x20C6, 0x20A5, 0x20C6, 0x20C6, 0x20C5, 0x28E6, 0x20C5, 0x20A5, 0x28C6, 0x3107, 0x9477, 
	0x7BB3, 0x20A5, 0x20C6, 0x20A5, 0x20C5, 0x20C6, 0x20A5, 0x20C5, 0x20C5, 0x20C5, 0x20C6, 0x20C5, 0x20C5, 0x20C5, 0x20C5, 0x20A5, 
	0x1884, 0x18A4, 0x18A4, 0x18A4, 0x18A4, 0x1884, 0x1884, 0x18A4, 0x18A4, 0x18A4, 0x18A4, 0x18A5, 0x18A5, 0x1885, 0x18A4, 0x18A4, 
	0x18A4, 0x18A4, 0x18A5, 0x18A5, 0x18A5, 0x18A5, 0x18A5, 0x18A4, 0x18A4, 0x18A4, 0x18A5, 0x18A5, 0x18A5, 0x1884, 0x18A4, 0x18A5, 
	0x18A4, 0x18A5, 0x18A5, 0x18A5, 0x18A5, 0x18A5, 0x18A5, 0x18A5, 0x18A5, 0x18A5, 0x18A5, 0x18A5, 0x20A5, 0x18A5, 0x18A5, 0x18A5, 
	0x18A5, 0x18A5, 0x18A5, 0x20A5, 0x20A5, 0x18A5, 0x20A5, 0x18A5, 0x18A5, 0x20A5, 0x20A5, 0x18A5, 0x18A5, 0x18A5, 0x18A5, 0x18A5, 
	0x18A5, 0x20A5, 0x20A5, 0x18A5, 0x20A5, 0x18A5, 0x18A5, 0x20A5, 0x18A5, 0x18A5, 0x20A5, 0x20A5, 0x18A5, 0x18A5, 0x18A5, 0x20A5, 
	0x18A5, 0x20A5, 0x20A5, 0x20A5, 0x20C5, 0x20A5, 0x20A5, 0x20A5, 0x20A5, 0x20A5, 0x20A5, 0x20C5, 0x18A5, 0x20A5, 0x20A5, 0x20A5, 
	0x20A5, 0x20A5, 0x20A5, 0x20A5, 0x20C5, 0x20A5, 0x20A5, 0x20A5, 0x20C5, 0x20A5, 0x20C5, 0x20A5, 0x20C6, 0x20A5, 0x20A5, 0x20A5, 
	0x20C5, 0x20A5, 0x20C6, 0x20C6, 0x20A5, 0x20C6, 0x20C6, 0x20C6, 0x20C6, 0x20C6, 0x20C5, 0x20C6, 0x20C6, 0x20C6, 0x20A6, 0x20C5, 
	0x20C6, 0x20A5, 0x20C6, 0x20A6, 0x20A6, 0x20C6, 0x20C6, 0x20C6, 0x20C6, 0x20C6, 0x20C6, 0x20C6, 0x20C6, 0x20C6, 0x20C6, 0x20C6, 
	0x20C6, 0x20C6, 0x20C6, 0x20C6, 0x20C6, 0x28C6, 0x28C6, 0x28C6, 0x20C6, 0x28E6, 0x28E6, 0x20C6, 0x20C6, 0x28E6, 0x20C6, 0x28E7, 
	0x28C6, 0x28C6, 0x28E6, 0x28E6, 0x28E7, 0x28E7, 0x28E7, 0x28E7, 0x28E7, 0x28E7, 0x28E7, 0x30E7, 0x28E7, 0x28E7, 0x30E7, 0x28E6, 
	0x30E7, 0x30E7, 0x30E7, 0x4129, 0x3907, 0x3107, 0x3107, 0x30E7, 0x3907, 0x38E7, 0x3907, 0x38E7, 0x30E7, 0x30E7, 0x3907, 0x30E7, 
	0x3907, 0x38E7, 0x38E7, 0x3907, 0x38E7, 0x30E7, 0x38E7, 0x38E7, 0x38E7, 0x3908, 0x3907, 0x4108, 0x38E8, 0x4108, 0x4108, 0x40E8, 
	0x4108, 0x4108, 0x4108, 0x4108, 0x4908, 0x4108, 0x4108, 0x4108, 0x4108, 0x3907, 0x3908, 0x38E7, 0x4108, 0x3907, 0x38E7, 0x38E7, 
	0x3907, 0x38E7, 0x38E7, 0x38E7, 0x38E7, 0x38E7, 0x38E7, 0x38C7, 0x40E7, 0x38E7, 0x4107, 0x3907, 0x38E7, 0x38E7, 0x38C7, 0x38E7, 
	0x38C7, 0x30E7, 0x38E7, 0x38E7, 0x30E7, 0x38E7, 0x30E7, 0x30E7, 0x30E6, 0x30E7, 0x30E7, 0x30E7, 0x30C7, 0x30E7, 0x30E7, 0x30E7, 
	0x30E7, 0x30E7, 0x30E7, 0x30E7, 0x30E7, 0x38E7, 0x30E7, 0x30C6, 0x30E7, 0x30C6, 0x30C6, 0x30E6, 0x30C6, 0x28C6, 0x28C6, 0x28C6, 
	0x28C6, 0x28C6, 0x28C6, 0x28C6, 0x28E6, 0x28C6, 0x28C6, 0x28C6, 0x28C6, 0x28C6, 0x28C6, 0x28C6, 0x28C6, 0x28E6, 0x28E6, 0x5A6D, 
	0x520B, 0x20A5, 0x28C6, 0x20C6, 0x20C6, 0x20C6, 0x20A5, 0x20C5, 0x20C6, 0x20A5, 0x20C6, 0x20C6, 0x20A5, 0x20C6, 0x28C6, 0x3969, 
	0x3948, 0x28C6, 0x28E6, 0x20A5, 0x20C6, 0x20C5, 0x20C6, 0x20C6, 0x20A5, 0x20A5, 0x20C5, 0x20C5, 0x20C5, 0x20C6, 0x20C5, 0x20C5, 
	0x18A4, 0x18A5, 0x18A4, 0x1884, 0x18A4, 0x18A5, 0x18A4, 0x1884, 0x18A5, 0x18A5, 0x18A4, 0x18A4, 0x18A4, 0x1884, 0x18A4, 0x18A5, 
	0x18A5, 0x18A5, 0x18A4, 0x18A4, 0x18A4, 0x18A4, 0x18A4, 0x18A5, 0x18A5, 0x18A5, 0x1884, 0x18A5, 0x18A5, 0x18A4, 0x18A5, 0x18A5, 
	0x18A5, 0x18A5, 0x18A5, 0x18A5, 0x18A5, 0x18A5, 0x18A5, 0x18A5, 0x18A5, 0x18A5, 0x18A5, 0x18A5, 0x18A5, 0x18A5, 0x18A5, 0x18A5, 
	0x18A5, 0x18A5, 0x18A5, 0x18A5, 0x18A5, 0x18A5, 0x20A5, 0x18A5, 0x18A5, 0x18A5, 0x18A5, 0x18A5, 0x20A5, 0x18A5, 0x18A5, 0x18A5, 
	0x20A5, 0x18A5, 0x18A5, 0x18A5, 0x20A5, 0x18A5, 0x18A5, 0x20C5, 0x20A5, 0x20A5, 0x20A5, 0x18A5, 0x18A5, 0x18A5, 0x18A5, 0x20A5, 
	0x20A5, 0x20A5, 0x18A5, 0x20A5, 0x20A5, 0x20A5, 0x20A5, 0x20A5, 0x20C5, 0x20A5, 0x20A5, 0x20A5, 0x20A5, 0x20A5, 0x20A5, 0x20C5, 
	0x20A5, 0x20C5, 0x20A5, 0x20A5, 0x20C6, 0x20A5, 0x20C6, 0x20A5, 0x20C5, 0x20A5, 0x20A5, 0x20C5, 0x20A5, 0x20C6, 0x20E6, 0x20A5, 
	0x20C6, 0x20C6, 0x20A5, 0x20A5, 0x20C5, 0x20C6, 0x20C5, 0x20A5, 0x20C6, 0x20A6, 0x20A5, 0x20A5, 0x20C6, 0x20C6, 0x20C6, 0x20C6, 
	0x20C6, 0x20C6, 0x20C6, 0x20C6, 0x20C6, 0x20C6, 0x28C6, 0x20C6, 0x20C6, 0x20C6, 0x20C6, 0x20C6, 0x20C6, 0x20C6, 0x20C6, 0x28C6, 
	0x20C6, 0x20C6, 0x20C6, 0x28E6, 0x20C6, 0x28E6, 0x28E6, 0x28E6, 0x28C6, 0x28C6, 0x28C6, 0x20C6, 0x28E6, 0x28E6, 0x28E7, 0x3129, 
	0x30E7, 0x28C6, 0x28E7, 0x28E6, 0x28E6, 0x28E7, 0x28E7, 0x28E6, 0x28E7, 0x28E7, 0x28E7, 0x30E7, 0x28E7, 0x28E7, 0x28E7, 0x30E7, 
	0x30E7, 0x30C7, 0x30E7, 0x516B, 0x4108, 0x30E7, 0x3907, 0x30E7, 0x3907, 0x30E7, 0x38E7, 0x38E7, 0x30E7, 0x30E7, 0x30E7, 0x38E7, 
	0x38E7, 0x38E7, 0x38E7, 0x3907, 0x3907, 0x38E7, 0x4108, 0x4108, 0x38E7, 0x38E7, 0x38E7, 0x38E8, 0x40E8, 0x4108, 0x4929, 0x4108, 
	0x4108, 0x4108, 0x4108, 0x4108, 0x4909, 0x4108, 0x4108, 0x4108, 0x38E8, 0x38E7, 0x3908, 0x38E7, 0x3907, 0x38E7, 0x38E7, 0x38E7, 
	0x38E7, 0x38E7, 0x38E7, 0x38E7, 0x38E7, 0x38E7, 0x40E7, 0x4107, 0x40E7, 0x4108, 0x4107, 0x38E7, 0x38E7, 0x38E7, 0x38E7, 0x30E7, 
	0x38E7, 0x30C6, 0x30C6, 0x30E7, 0x30E7, 0x38E7, 0x38E7, 0x30E6, 0x30E6, 0x30E6, 0x30E7, 0x38E7, 0x30C7, 0x30C6, 0x30E7, 0x30E6, 
	0x30C6, 0x30E7, 0x30C7, 0x30E7, 0x38E7, 0x38E7, 0x38E7, 0x38E7, 0x38E7, 0x30E6, 0x30E6, 0x30E6, 0x30C6, 0x30E6, 0x28A6, 0x28C6, 
	0x28C6, 0x28C6, 0x28C6, 0x28C6, 0x28C6, 0x28C6, 0x28C6, 0x20A5, 0x28C6, 0x28C6, 0x28C6, 0x28C6, 0x20A5, 0x522C, 0x3969, 0x20A5, 
	0x20A5, 0x28C6, 0x20C6, 0x20C6, 0x20C6, 0x20C6, 0x20C6, 0x20C6, 0x20C5, 0x20C6, 0x20C6, 0x20C6, 0x20A5, 0x20C6, 0x28C6, 0x20A6, 
	0x20A6, 0x20C6, 0x20A5, 0x20A5, 0x20A5, 0x20A6, 0x20C5, 0x20C6, 0x20C5, 0x20C5, 0x20C5, 0x20A5, 0x20C5, 0x20C5, 0x20A5, 0x20C5, 
	0x1884, 0x18A4, 0x1884, 0x18A4, 0x18A4, 0x18A4, 0x18A4, 0x18A5, 0x18A5, 0x1885, 0x18A5, 0x18A4, 0x18A4, 0x18A4, 0x18A4, 0x18A5, 
	0x18A4, 0x18A5, 0x18A4, 0x18A4, 0x18A4, 0x18A4, 0x18A5, 0x18A5, 0x18A5, 0x1885, 0x18A5, 0x18A5, 0x18A5, 0x18A5, 0x18A5, 0x18A5, 
	0x18A5, 0x18A5, 0x18A5, 0x18A5, 0x18A5, 0x18A5, 0x18A5, 0x18A5, 0x18A5, 0x18A5, 0x18A5, 0x18A5, 0x18A5, 0x20A5, 0x18A5, 0x20A5, 
	0x18A5, 0x18A5, 0x20A5, 0x18A5, 0x18A5, 0x20A5, 0x18A5, 0x18A5, 0x20A5, 0x18A5, 0x20A5, 0x20A5, 0x20A5, 0x20C5, 0x20A5, 0x20A5, 
	0x18A5, 0x18A5, 0x20A5, 0x18A5, 0x20A5, 0x20A5, 0x18A5, 0x20A5, 0x18A5, 0x20A5, 0x20A5, 0x18A5, 0x18A5, 0x18A5, 0x20A5, 0x20A5, 
	0x20A5, 0x20A5, 0x20A5, 0x20A5, 0x20A5, 0x18A5, 0x18A5, 0x20A5, 0x20A5, 0x20A5, 0x20A5, 0x20A5, 0x20A5, 0x20C5, 0x20A5, 0x20A5, 
	0x20A5, 0x20C5, 0x20C5, 0x20C5, 0x20C5, 0x20A5, 0x20C6, 0x20C5, 0x20C6, 0x20A5, 0x20C6, 0x20A5, 0x20A5, 0x28E6, 0x20E6, 0x18A5, 
	0x20A5, 0x20C6, 0x20A5, 0x20C6, 0x20A6, 0x20A5, 0x20C5, 0x20C5, 0x20C6, 0x20A5, 0x20A5, 0x20C5, 0x20C6, 0x20C5, 0x20C6, 0x20A6, 
	0x20C6, 0x20C6, 0x20C6, 0x20C6, 0x20A6, 0x20C6, 0x20C6, 0x20C6, 0x20C6, 0x20C6, 0x20C6, 0x20C6, 0x20C6, 0x20C6, 0x20C6, 0x20C6, 
	0x20C6, 0x28C6, 0x28E6, 0x20C6, 0x20C6, 0x20C6, 0x28C6, 0x28C6, 0x28C6, 0x28C6, 0x28E6, 0x28E6, 0x28E6, 0x28E6, 0x3108, 0x3949, 
	0x30E7, 0x28E7, 0x28E7, 0x28E6, 0x28C6, 0x28E7, 0x28E7, 0x28E7, 0x28E7, 0x28E7, 0x30E7, 0x28E7, 0x30E7, 0x3107, 0x30E7, 0x30E7, 
	0x30E7, 0x3107, 0x30E7, 0x3908, 0x3107, 0x38E7, 0x3907, 0x3907, 0x38E7, 0x38E7, 0x38E7, 0x38E7, 0x3908, 0x38E7, 0x38E7, 0x3907, 
	0x38E7, 0x38E7, 0x38E7, 0x38E7, 0x3908, 0x3908, 0x3908, 0x4108, 0x38E7, 0x38E7, 0x38E7, 0x38E8, 0x4108, 0x4108, 0x4108, 0x4108, 
	0x40E8, 0x4108, 0x4108, 0x4108, 0x4108, 0x4108, 0x4108, 0x4128, 0x4108, 0x4108, 0x4128, 0x3907, 0x3907, 0x38E7, 0x38E7, 0x3907, 
	0x38E7, 0x38E7, 0x38E7, 0x38E7, 0x40E7, 0x4107, 0x4107, 0x40E7, 0x4108, 0x4108, 0x4107, 0x38E7, 0x38E7, 0x38E7, 0x30E7, 0x30E7, 
	0x30E7, 0x30E6, 0x30E7, 0x3107, 0x30E6, 0x30E6, 0x30E7, 0x30E6, 0x30E6, 0x30E7, 0x30E7, 0x30E7, 0x30E7, 0x30E7, 0x30C7, 0x30C6, 
	0x30C6, 0x38E7, 0x38E7, 0x38E7, 0x4108, 0x4929, 0x4949, 0x4108, 0x38E7, 0x30C7, 0x30C6, 0x30C6, 0x30E6, 0x30E6, 0x28C6, 0x28E6, 
	0x28E6, 0x28C5, 0x3928, 0x4149, 0x28A5, 0x28C6, 0x28C6, 0x28C6, 0x28C6, 0x20C6, 0x28C6, 0x28C6, 0x20C5, 0x28E7, 0x28C6, 0x28C6, 
	0x20C6, 0x20C6, 0x28C6, 0x20C6, 0x20C6, 0x20A5, 0x20C5, 0x28C6, 0x28C6, 0x28E6, 0x28E6, 0x20C6, 0x20A5, 0x20C6, 0x20C6, 0x20A5, 
	0x20C6, 0x20C5, 0x20C6, 0x20C6, 0x20C5, 0x20A5, 0x20C5, 0x20C6, 0x20C5, 0x20C5, 0x20C5, 0x20C5, 0x20C5, 0x20C5, 0x20C5, 0x20C5, 
	0x1884, 0x1884, 0x18A4, 0x18A4, 0x18A4, 0x18A4, 0x1884, 0x18A5, 0x1885, 0x1884, 0x18A5, 0x18A4, 0x18A4, 0x18A4, 0x18A4, 0x18A5, 
	0x1885, 0x1884, 0x18A5, 0x18A4, 0x18A5, 0x18A4, 0x18A4, 0x18A5, 0x1885, 0x18A5, 0x18A5, 0x18A5, 0x18A5, 0x18A5, 0x18A5, 0x18A5, 
	0x18A5, 0x18A5, 0x18A5, 0x18A5, 0x18A5, 0x18A5, 0x18A5, 0x18A5, 0x18A5, 0x18A5, 0x18A5, 0x18A5, 0x20C5, 0x20A5, 0x18A5, 0x20A5, 
	0x18A5, 0x20A5, 0x20A5, 0x20A5, 0x18A5, 0x20A5, 0x18A5, 0x18A5, 0x20A5, 0x18A5, 0x20A5, 0x18A5, 0x20A5, 0x20A5, 0x18A5, 0x20A5, 
	0x20A5, 0x18A5, 0x20A5, 0x20A5, 0x18A5, 0x20A5, 0x18A5, 0x20A5, 0x20A5, 0x20A5, 0x20A5, 0x18A5, 0x18A5, 0x20A5, 0x20C5, 0x20A5, 
	0x20C5, 0x18A5, 0x18A5, 0x20C5, 0x20A5, 0x20A5, 0x20C5, 0x20A5, 0x20C5, 0x20A5, 0x20C5, 0x20C5, 0x20C5, 0x20C5, 0x20C5, 0x20A5, 
	0x20A5, 0x20C5, 0x20C5, 0x20A5, 0x20A5, 0x20C5, 0x20A5, 0x20E6, 0x3969, 0x20E6, 0x20A5, 0x20C5, 0x20C5, 0x20A5, 0x20C6, 0x20A5, 
	0x20A5, 0x20A5, 0x20A5, 0x20C6, 0x20A5, 0x20A5, 0x20C6, 0x20C6, 0x20C6, 0x20A5, 0x20A6, 0x20C6, 0x20C5, 0x20C6, 0x20C6, 0x20C6, 
	0x20C6, 0x20C6, 0x20C6, 0x20A6, 0x20C6, 0x20C6, 0x20C6, 0x20C6, 0x20C6, 0x20C6, 0x20C6, 0x20C6, 0x28C6, 0x28C6, 0x20C6, 0x20C6, 
	0x20C6, 0x28E6, 0x28E6, 0x20C6, 0x20C6, 0x28C6, 0x28C6, 0x20C6, 0x20C6, 0x28C6, 0x28E6, 0x28E6, 0x28E7, 0x28E6, 0x28E6, 0x28E7, 
	0x28E7, 0x28C7, 0x28E7, 0x28E7, 0x28C6, 0x28E6, 0x28E7, 0x28E7, 0x28E7, 0x28E7, 0x30E7, 0x30E7, 0x30E7, 0x3107, 0x30E7, 0x30E7, 
	0x30E7, 0x30E7, 0x3907, 0x3907, 0x3928, 0x61AD, 0x492A, 0x38E7, 0x3907, 0x38E7, 0x38E7, 0x3908, 0x3907, 0x38E7, 0x38E7, 0x3907, 
	0x38E7, 0x38E7, 0x3908, 0x3907, 0x3908, 0x3908, 0x38E7, 0x38E7, 0x38E7, 0x3907, 0x38E7, 0x4108, 0x4108, 0x4108, 0x40E7, 0x4108, 
	0x4108, 0x4108, 0x4108, 0x4108, 0x40E8, 0x4108, 0x4108, 0x4108, 0x38E7, 0x4129, 0x4128, 0x38E7, 0x3907, 0x3907, 0x3907, 0x4107, 
	0x40E7, 0x4107, 0x4107, 0x40E8, 0x4108, 0x4108, 0x4108, 0x40E7, 0x4107, 0x4108, 0x38E7, 0x38E7, 0x3907, 0x30E7, 0x30E7, 0x30E7, 
	0x3907, 0x30E7, 0x30E7, 0x30E7, 0x30C6, 0x30E6, 0x38E7, 0x38E7, 0x38E7, 0x38E7, 0x30E7, 0x30E7, 0x38E7, 0x38E7, 0x38E7, 0x30E7, 
	0x38E7, 0x3907, 0x3907, 0x4929, 0x61AC, 0x720D, 0x722E, 0x61AC, 0x514A, 0x3908, 0x30C6, 0x30E6, 0x30E6, 0x28C6, 0x28E6, 0x28C6, 
	0x28C6, 0x28C6, 0x30E7, 0x3107, 0x28C6, 0x28C6, 0x28C6, 0x28C6, 0x28C6, 0x28C6, 0x28E6, 0x28C6, 0x28C6, 0x28C6, 0x20A6, 0x20C6, 
	0x20C5, 0x28C6, 0x20C6, 0x20C6, 0x20C6, 0x20A5, 0x20A5, 0x28C6, 0x28C6, 0x20C6, 0x28C6, 0x20C6, 0x28C6, 0x28C6, 0x20C5, 0x20C6, 
	0x20C6, 0x20C5, 0x20C5, 0x20C6, 0x20C6, 0x20C6, 0x20C6, 0x20C5, 0x20C5, 0x20C5, 0x20C5, 0x20C6, 0x20C5, 0x20C5, 0x20C5, 0x20C5, 
	0x18A4, 0x1885, 0x18A5, 0x18A5, 0x18A4, 0x18A5, 0x18A5, 0x18A5, 0x18A5, 0x1885, 0x18A4, 0x18A4, 0x18A4, 0x18A4, 0x18A4, 0x18A5, 
	0x18A5, 0x18A4, 0x18A5, 0x18A5, 0x18A4, 0x18A4, 0x18A5, 0x18A5, 0x18A5, 0x18A5, 0x18A5, 0x18A5, 0x18A5, 0x18A5, 0x18A5, 0x18A5, 
	0x18A5, 0x18A5, 0x18A5, 0x18A5, 0x18A5, 0x18A5, 0x20A5, 0x20A5, 0x18A5, 0x18A5, 0x18A5, 0x18A5, 0x18A5, 0x18A5, 0x20A5, 0x18A5, 
	0x18A5, 0x20A5, 0x18A5, 0x20A5, 0x18A5, 0x18A5, 0x20A5, 0x20A5, 0x18A5, 0x20A5, 0x20A5, 0x18A5, 0x20A5, 0x20A5, 0x18A5, 0x20A5, 
	0x20A5, 0x20A5, 0x18A5, 0x18A5, 0x18A5, 0x20A5, 0x20A5, 0x20A5, 0x20A5, 0x20A5, 0x20A5, 0x20A5, 0x18A5, 0x20A5, 0x20A5, 0x20A5, 
	0x20A5, 0x20A5, 0x20A5, 0x20A5, 0x20A5, 0x20A5, 0x20C5, 0x20C5, 0x20A5, 0x20A5, 0x20A5, 0x20A5, 0x20C5, 0x20C5, 0x20C5, 0x20C5, 
	0x20A5, 0x20C5, 0x20C5, 0x20C5, 0x20C5, 0x20C5, 0x20C5, 0x20C5, 0x2907, 0x20C6, 0x20C6, 0x20C6, 0x20C5, 0x20A5, 0x20C5, 0x20C5, 
	0x20A5, 0x20C5, 0x20C6, 0x20C6, 0x20A6, 0x20A5, 0x20A5, 0x20A5, 0x20A6, 0x20A6, 0x20C6, 0x20C6, 0x20C6, 0x20C6, 0x20C6, 0x20C6, 
	0x20C6, 0x20C6, 0x20C6, 0x20C6, 0x20C6, 0x20C6, 0x20C6, 0x20C6, 0x20C6, 0x20C6, 0x20C6, 0x20C6, 0x28C6, 0x20C6, 0x20C6, 0x20C6, 
	0x28C6, 0x28C6, 0x28C6, 0x20C6, 0x20C6, 0x20C6, 0x28C6, 0x28C6, 0x20C6, 0x28E6, 0x28C6, 0x28E7, 0x28E7, 0x28E7, 0x28E6, 0x28E6, 
	0x28E7, 0x28E7, 0x28E7, 0x28E7, 0x28E7, 0x28E6, 0x28E6, 0x28E7, 0x28E7, 0x28E7, 0x30E7, 0x30E7, 0x30E7, 0x3107, 0x30E7, 0x30E7, 
	0x30E7, 0x30E7, 0x30E7, 0x3907, 0x3908, 0x516B, 0x4129, 0x38E7, 0x3908, 0x38E7, 0x38E7, 0x3907, 0x3907, 0x38E7, 0x38E7, 0x38E7, 
	0x38E7, 0x3907, 0x38E7, 0x3907, 0x4108, 0x38E8, 0x38E7, 0x3907, 0x3907, 0x38E7, 0x38E7, 0x38E8, 0x4108, 0x4108, 0x40E7, 0x4108, 
	0x4108, 0x4108, 0x4928, 0x4108, 0x4108, 0x4128, 0x4108, 0x40E8, 0x4108, 0x516A, 0x496A, 0x3908, 0x3908, 0x3908, 0x4108, 0x4108, 
	0x4107, 0x38E7, 0x38E7, 0x4108, 0x4108, 0x4107, 0x4108, 0x40E7, 0x4108, 0x4949, 0x3907, 0x38E7, 0x3907, 0x38E7, 0x30E7, 0x30E7, 
	0x3907, 0x30E7, 0x30E7, 0x30E7, 0x30E7, 0x30E7, 0x38E7, 0x3907, 0x30E7, 0x30E7, 0x38E7, 0x30E7, 0x38E7, 0x3907, 0x3907, 0x38E7, 
	0x30E7, 0x3907, 0x4949, 0x61AC, 0x8270, 0x9313, 0x9B75, 0x82B2, 0x69EE, 0x516A, 0x38E7, 0x30E6, 0x30E6, 0x28C6, 0x28C6, 0x28C6, 
	0x28E6, 0x28C6, 0x28C6, 0x28C6, 0x28E6, 0x28C6, 0x28C6, 0x28C6, 0x28C6, 0x28C6, 0x28C6, 0x28C5, 0x28E6, 0x28C6, 0x20C6, 0x20C6, 
	0x20C5, 0x20C6, 0x20A5, 0x20C6, 0x20C6, 0x20C6, 0x20C6, 0x28E6, 0x28C6, 0x20C6, 0x28C6, 0x28C6, 0x20C6, 0x20C5, 0x28C6, 0x28E6, 
	0x20C6, 0x20C5, 0x20A5, 0x20C5, 0x20C5, 0x20C5, 0x20C6, 0x20C5, 0x20C6, 0x20C6, 0x20C5, 0x20C6, 0x20C5, 0x20C5, 0x20C6, 0x20C5, 
	0x18A4, 0x18A4, 0x18A4, 0x18A5, 0x18A4, 0x18A5, 0x18A5, 0x18A5, 0x18A5, 0x18A5, 0x1885, 0x18A5, 0x18A5, 0x18A5, 0x18A5, 0x18A5, 
	0x18A4, 0x18A4, 0x1884, 0x18A5, 0x18A5, 0x18A5, 0x18A5, 0x18A5, 0x18A5, 0x18A5, 0x18A5, 0x18A5, 0x18A5, 0x18A5, 0x18A5, 0x18A5, 
	0x18A5, 0x18A5, 0x18A5, 0x18A5, 0x18A5, 0x20A5, 0x18A5, 0x18A5, 0x18A5, 0x18A5, 0x18A5, 0x20A5, 0x20A5, 0x18A5, 0x20A5, 0x18A5, 
	0x18A5, 0x20A5, 0x18A5, 0x18A5, 0x20A5, 0x20A5, 0x20A5, 0x20A5, 0x18A5, 0x18A5, 0x20A5, 0x20A5, 0x20A5, 0x20A5, 0x20A5, 0x20A5, 
	0x18A5, 0x20A5, 0x18A5, 0x18A5, 0x20A5, 0x20A5, 0x20A5, 0x18A5, 0x18A5, 0x20A5, 0x20C5, 0x20A5, 0x20C5, 0x20A5, 0x18A5, 0x20A5, 
	0x20C5, 0x20A5, 0x20C5, 0x20A5, 0x18A5, 0x20A5, 0x20A5, 0x20A5, 0x20C5, 0x20A5, 0x18A5, 0x20C5, 0x20C5, 0x20C5, 0x20C5, 0x20C5, 
	0x20A5, 0x20A5, 0x20C5, 0x20C6, 0x20C5, 0x20C5, 0x20A5, 0x20C6, 0x20A5, 0x20A5, 0x20C6, 0x20A5, 0x20C5, 0x20C6, 0x20C5, 0x20A5, 
	0x20A5, 0x20C6, 0x20A5, 0x20C6, 0x20C6, 0x20C6, 0x20C6, 0x20C6, 0x20C6, 0x20A6, 0x20C6, 0x20A6, 0x20C6, 0x20C6, 0x20A5, 0x20C6, 
	0x20C6, 0x20C6, 0x20C6, 0x20C6, 0x20C6, 0x20C6, 0x20C6, 0x20C6, 0x20C6, 0x20C6, 0x20C6, 0x20C6, 0x20C6, 0x20C6, 0x20C6, 0x20C6, 
	0x20C6, 0x20C6, 0x28C6, 0x28C6, 0x28C6, 0x20C6, 0x28C6, 0x28E6, 0x28E6, 0x28C6, 0x20C6, 0x28E7, 0x3108, 0x28E7, 0x28E7, 0x28E6, 
	0x28C6, 0x28E7, 0x28E7, 0x28E7, 0x28E7, 0x28E7, 0x28E7, 0x3107, 0x28E7, 0x28E7, 0x30E7, 0x28E7, 0x30E7, 0x30E7, 0x30E7, 0x30E7, 
	0x3908, 0x3908, 0x38E7, 0x3908, 0x3907, 0x3907, 0x3907, 0x3907, 0x3908, 0x3908, 0x38E7, 0x38E7, 0x38E7, 0x38E7, 0x3907, 0x38E7, 
	0x38E7, 0x3908, 0x30E7, 0x38E7, 0x3908, 0x38E8, 0x38E8, 0x3907, 0x3907, 0x3908, 0x38E7, 0x38E8, 0x4108, 0x4108, 0x4108, 0x4108, 
	0x4108, 0x4108, 0x4108, 0x4108, 0x4108, 0x4108, 0x4108, 0x4128, 0x4108, 0x4128, 0x4129, 0x3908, 0x4108, 0x3908, 0x38E8, 0x4108, 
	0x4108, 0x38E7, 0x38E7, 0x40E8, 0x4108, 0x4108, 0x4107, 0x4108, 0x4129, 0x4949, 0x3907, 0x38E7, 0x38E7, 0x3907, 0x3907, 0x30E7, 
	0x38E7, 0x30C7, 0x30E7, 0x30E7, 0x30E7, 0x30C7, 0x30E7, 0x3907, 0x30E7, 0x30E7, 0x30E7, 0x38E7, 0x38E7, 0x3907, 0x3907, 0x30E7, 
	0x38E7, 0x4128, 0x596A, 0x79EF, 0xABD6, 0xCDBB, 0xDE7D, 0xC57A, 0x8B13, 0x61AC, 0x38E8, 0x30C6, 0x30C6, 0x28C6, 0x28C6, 0x28E6, 
	0x28C6, 0x28E6, 0x28C6, 0x28C6, 0x28C6, 0x28C6, 0x28C6, 0x28C6, 0x28C6, 0x28C6, 0x28C6, 0x28C6, 0x20C6, 0x28C6, 0x20C6, 0x20C6, 
	0x20C6, 0x20C6, 0x20C6, 0x20C6, 0x28E6, 0x28C6, 0x20C6, 0x28C6, 0x20C6, 0x20C6, 0x28C6, 0x28C5, 0x20A5, 0x20C5, 0x28C6, 0x28C6, 
	0x20C6, 0x20C6, 0x20C5, 0x20C5, 0x20C5, 0x20A5, 0x20A5, 0x20A5, 0x20C6, 0x20C6, 0x20C5, 0x20C5, 0x20C5, 0x20C5, 0x20C5, 0x20C6, 
	0x18A4, 0x18A4, 0x18A4, 0x18A5, 0x18A5, 0x1885, 0x18A5, 0x18A4, 0x18A5, 0x18A5, 0x18A5, 0x18A5, 0x18A5, 0x18A5, 0x18A5, 0x18A5, 
	0x18A5, 0x18A5, 0x18A5, 0x18A5, 0x18A5, 0x18A5, 0x18A5, 0x18A5, 0x18A5, 0x18A5, 0x18A5, 0x18A5, 0x18A5, 0x18A5, 0x18A5, 0x18A5, 
	0x18A5, 0x20A5, 0x18A5, 0x18A5, 0x18A5, 0x18A5, 0x18A5, 0x18A5, 0x18A5, 0x18A5, 0x18A5, 0x18A5, 0x18A5, 0x20A5, 0x20A5, 0x20A5, 
	0x18A5, 0x18A5, 0x20A5, 0x20A5, 0x20A5, 0x20A5, 0x20A5, 0x20A5, 0x18A5, 0x20C5, 0x20A5, 0x20A5, 0x20A5, 0x20A5, 0x20A5, 0x18A5, 
	0x20A5, 0x20A5, 0x20A5, 0x20A5, 0x20A5, 0x18A5, 0x20A5, 0x20A5, 0x20A5, 0x20A5, 0x20A5, 0x18A5, 0x20A5, 0x18A5, 0x20A5, 0x20C5, 
	0x18A5, 0x20A5, 0x20A5, 0x20A5, 0x20A5, 0x20A5, 0x20A5, 0x20C5, 0x20A5, 0x20A5, 0x20C5, 0x20A5, 0x20A5, 0x20A5, 0x20A5, 0x20C5, 
	0x20A5, 0x20A5, 0x20A5, 0x20C5, 0x20A5, 0x20C5, 0x20A5, 0x20A5, 0x20A5, 0x20A5, 0x20C5, 0x20A5, 0x20C5, 0x20C6, 0x20A5, 0x20A5, 
	0x20C5, 0x20A5, 0x20C6, 0x20C6, 0x20C6, 0x20C6, 0x20C6, 0x20C6, 0x20A5, 0x20A5, 0x20C6, 0x20C6, 0x20C6, 0x20C6, 0x20C5, 0x20C6, 
	0x20C6, 0x20A6, 0x20C6, 0x20C6, 0x20C6, 0x20C6, 0x20C6, 0x20C6, 0x20C6, 0x20C6, 0x20C6, 0x20C6, 0x20E6, 0x20C6, 0x20C6, 0x20C6, 
	0x20C6, 0x20C6, 0x28E6, 0x20C6, 0x20C6, 0x20C6, 0x28C6, 0x28C6, 0x28E6, 0x28E6, 0x28E6, 0x28E7, 0x3107, 0x28E7, 0x28C6, 0x28E7, 
	0x28C6, 0x28E7, 0x28E7, 0x28E7, 0x28E7, 0x28E7, 0x28E7, 0x28E7, 0x28E7, 0x30E7, 0x3107, 0x30E7, 0x30E7, 0x30E7, 0x30E7, 0x30E7, 
	0x3929, 0x4129, 0x3908, 0x4129, 0x4149, 0x3908, 0x3107, 0x38E7, 0x38E7, 0x38E8, 0x38E7, 0x38E7, 0x38E7, 0x38E7, 0x3907, 0x38E7, 
	0x3908, 0x3908, 0x38E7, 0x4108, 0x38E7, 0x38E7, 0x3908, 0x38E8, 0x4108, 0x4108, 0x4108, 0x4108, 0x40E8, 0x40E8, 0x4108, 0x4108, 
	0x4108, 0x4108, 0x4108, 0x4108, 0x4108, 0x4108, 0x4108, 0x4129, 0x4108, 0x4108, 0x4108, 0x4108, 0x4108, 0x4108, 0x40E8, 0x4108, 
	0x4107, 0x38E7, 0x4108, 0x4108, 0x4108, 0x4107, 0x4107, 0x4108, 0x4108, 0x3907, 0x3907, 0x3907, 0x38E7, 0x38E7, 0x38E7, 0x38E7, 
	0x30C7, 0x30E6, 0x30E7, 0x30E7, 0x30E7, 0x30E7, 0x38E7, 0x38E7, 0x30E7, 0x3907, 0x30E7, 0x38E7, 0x38E7, 0x38E7, 0x38E7, 0x30E7, 
	0x3907, 0x3908, 0x514A, 0x8271, 0xCD7A, 0xEF7E, 0xFFFE, 0xE71E, 0xAC17, 0x69CE, 0x40E8, 0x30C6, 0x30C6, 0x28C6, 0x28E6, 0x28C6, 
	0x28E6, 0x28C6, 0x28C6, 0x28C6, 0x28C6, 0x28C6, 0x28C6, 0x28C6, 0x28C6, 0x28E6, 0x28C6, 0x28C6, 0x28C6, 0x28C6, 0x20C6, 0x20C5, 
	0x20A5, 0x20A5, 0x20C6, 0x20C6, 0x28C6, 0x28C6, 0x20C6, 0x20C6, 0x20C6, 0x20C6, 0x20C6, 0x20C5, 0x20C5, 0x20C5, 0x20C5, 0x20C6, 
	0x20C6, 0x20C5, 0x20C6, 0x20C5, 0x28E6, 0x20C6, 0x20C6, 0x20C6, 0x20A5, 0x20C5, 0x20C5, 0x20C5, 0x20C6, 0x20C6, 0x20A5, 0x20C5, 
	0x18A4, 0x18A4, 0x18A4, 0x18A4, 0x1885, 0x1885, 0x18A5, 0x18A5, 0x18A5, 0x18A5, 0x1884, 0x18A5, 0x1885, 0x1885, 0x18A5, 0x18A4, 
	0x18A5, 0x18A5, 0x18A5, 0x18A5, 0x1885, 0x18A5, 0x18A5, 0x18A5, 0x18A5, 0x18A5, 0x18A5, 0x18A5, 0x18A5, 0x18A5, 0x18A5, 0x18A5, 
	0x18A5, 0x20A5, 0x18A5, 0x18A5, 0x18A5, 0x18A5, 0x18A5, 0x18A5, 0x18A5, 0x18A5, 0x20C5, 0x20A5, 0x20A5, 0x20C5, 0x1885, 0x18A5, 
	0x20A5, 0x20A5, 0x20C5, 0x20A5, 0x18A5, 0x20A5, 0x20A5, 0x20A5, 0x20A5, 0x18A5, 0x18A5, 0x20A5, 0x20A5, 0x18A5, 0x20A5, 0x20C5, 
	0x20A5, 0x20A5, 0x18A5, 0x18A5, 0x20A5, 0x20A5, 0x20A5, 0x20C5, 0x20C5, 0x20A5, 0x20A5, 0x20A5, 0x18A5, 0x20A5, 0x20C5, 0x20A5, 
	0x20A5, 0x20A5, 0x20A5, 0x20A5, 0x20A5, 0x20A5, 0x18A5, 0x20A5, 0x20A5, 0x20A5, 0x20C5, 0x20A5, 0x20C5, 0x20C5, 0x20A5, 0x20C5, 
	0x20A5, 0x20C5, 0x20C5, 0x20A5, 0x20C5, 0x20C5, 0x20A5, 0x20C5, 0x20C6, 0x20C5, 0x20A5, 0x20A5, 0x20A6, 0x20A6, 0x20A6, 0x20A6, 
	0x20C5, 0x20A6, 0x20C6, 0x20C6, 0x20A6, 0x20C6, 0x20A6, 0x20C6, 0x20A5, 0x20C5, 0x20C6, 0x20A6, 0x20C6, 0x20C6, 0x20C6, 0x28E6, 
	0x20C6, 0x20C6, 0x20C6, 0x20C6, 0x20C6, 0x28C6, 0x20C6, 0x20A6, 0x20C6, 0x20C6, 0x28E6, 0x28E6, 0x20C6, 0x28C6, 0x20C6, 0x28C6, 
	0x28C6, 0x28C6, 0x28C6, 0x20E6, 0x20C6, 0x20C6, 0x28E6, 0x20C6, 0x20C6, 0x28E6, 0x28E6, 0x28E6, 0x28E7, 0x28C6, 0x28E6, 0x28E7, 
	0x28E7, 0x28E7, 0x28E7, 0x28E7, 0x30E7, 0x28E7, 0x28E7, 0x28E7, 0x28E7, 0x30E7, 0x3107, 0x30E7, 0x30E7, 0x30E7, 0x30E7, 0x30E7, 
	0x3908, 0x3907, 0x30C7, 0x3908, 0x4129, 0x3908, 0x3907, 0x38E7, 0x38E8, 0x4108, 0x3908, 0x38E7, 0x38E7, 0x3907, 0x4108, 0x3908, 
	0x3907, 0x38E7, 0x38E7, 0x4108, 0x38E7, 0x4108, 0x3908, 0x3908, 0x3908, 0x3908, 0x38E8, 0x4108, 0x4108, 0x4108, 0x4108, 0x40E8, 
	0x40E8, 0x4108, 0x4108, 0x40E8, 0x4108, 0x3908, 0x4108, 0x4108, 0x4108, 0x4128, 0x4108, 0x4108, 0x4108, 0x4108, 0x4108, 0x40E7, 
	0x38E7, 0x38E7, 0x4107, 0x38E7, 0x38E7, 0x40E7, 0x4107, 0x4108, 0x4107, 0x38E7, 0x3907, 0x3907, 0x38E7, 0x38E7, 0x38E7, 0x38E7, 
	0x38E7, 0x30E7, 0x38E7, 0x30E7, 0x3907, 0x30E7, 0x38E7, 0x38E7, 0x38E7, 0x3907, 0x38E7, 0x38E7, 0x38E7, 0x38E7, 0x38E7, 0x30E7, 
	0x30E7, 0x4108, 0x514A, 0x8250, 0xC4F9, 0xE71E, 0xF7BE, 0xDEBE, 0xA3D6, 0x61AD, 0x40E8, 0x30E6, 0x30C6, 0x28C6, 0x28C6, 0x28C6, 
	0x28E6, 0x28C6, 0x28C6, 0x28E6, 0x28C6, 0x28C6, 0x28C6, 0x28C6, 0x28E6, 0x28C6, 0x20A6, 0x28C6, 0x28C6, 0x28C6, 0x28C6, 0x20C6, 
	0x20A6, 0x20A6, 0x28C6, 0x28C6, 0x20C6, 0x28C6, 0x20C6, 0x20C6, 0x28C6, 0x28C6, 0x20C5, 0x20C6, 0x20C5, 0x20C5, 0x20C5, 0x20C6, 
	0x20C6, 0x20C5, 0x20A5, 0x20C5, 0x28E6, 0x28E6, 0x20C5, 0x20C6, 0x20C5, 0x20C5, 0x20C6, 0x20C5, 0x20C6, 0x20C6, 0x20C5, 0x20A5, 
	0x18A4, 0x18A5, 0x18A4, 0x18A4, 0x1885, 0x1885, 0x1885, 0x18A5, 0x18A4, 0x18A5, 0x18A5, 0x18A4, 0x18A5, 0x18A5, 0x18A5, 0x1884, 
	0x18A4, 0x18A5, 0x18A5, 0x18A5, 0x18A5, 0x18A5, 0x18A5, 0x18A4, 0x18A5, 0x18A5, 0x18A5, 0x18A5, 0x18A4, 0x18A5, 0x18A5, 0x18A5, 
	0x18A5, 0x18A5, 0x18A5, 0x1885, 0x18A5, 0x18A5, 0x18A5, 0x18A5, 0x18A5, 0x18A5, 0x20A5, 0x20C5, 0x20A5, 0x20A5, 0x18A5, 0x20A5, 
	0x20A5, 0x20A5, 0x20A5, 0x18A5, 0x20A5, 0x20A5, 0x18A5, 0x20A5, 0x20A5, 0x20A5, 0x20A5, 0x20A5, 0x20A5, 0x20A5, 0x20A5, 0x20A5, 
	0x20A5, 0x20A5, 0x20A5, 0x20A5, 0x20A5, 0x20A5, 0x20A5, 0x18A5, 0x20A5, 0x20A5, 0x20A5, 0x20A5, 0x18A5, 0x20A5, 0x20A5, 0x20C5, 
	0x20A5, 0x18A5, 0x18A5, 0x20A5, 0x20A5, 0x20A5, 0x20C5, 0x20A5, 0x20A5, 0x20A5, 0x20A5, 0x20A5, 0x20A5, 0x20C5, 0x20A5, 0x20C5, 
	0x20A5, 0x20A5, 0x20C5, 0x20A5, 0x20C6, 0x20A5, 0x20C6, 0x20C6, 0x20C5, 0x20A5, 0x20A5, 0x20C6, 0x20C6, 0x20C6, 0x20C6, 0x20C6, 
	0x20C6, 0x20A6, 0x20A5, 0x20C6, 0x20C6, 0x20C6, 0x20A6, 0x20A5, 0x20C6, 0x20C6, 0x20C6, 0x20A6, 0x20C6, 0x20C6, 0x20C6, 0x20C6, 
	0x20A6, 0x20C6, 0x20C6, 0x20C6, 0x20C6, 0x28C6, 0x20C6, 0x20C6, 0x20C6, 0x20A6, 0x28E7, 0x28E6, 0x20C6, 0x20C6, 0x20C6, 0x20C6, 
	0x28E7, 0x28E6, 0x28C6, 0x20C6, 0x20C6, 0x20C6, 0x28E6, 0x28C6, 0x28C6, 0x28C6, 0x28C6, 0x28E6, 0x28E6, 0x28E6, 0x28E6, 0x28E6, 
	0x28E7, 0x28E7, 0x28E7, 0x30E7, 0x30E7, 0x30E7, 0x28E7, 0x30E7, 0x30E7, 0x28E7, 0x30E7, 0x30E7, 0x30E7, 0x30E7, 0x3107, 0x30E7, 
	0x30E7, 0x3907, 0x30E7, 0x38E7, 0x38E8, 0x3908, 0x4129, 0x38E8, 0x38E8, 0x4108, 0x3907, 0x38E7, 0x38E7, 0x3907, 0x38E8, 0x4108, 
	0x4108, 0x38E8, 0x3908, 0x3908, 0x4108, 0x3908, 0x38E7, 0x3908, 0x38E7, 0x3908, 0x4108, 0x4108, 0x4108, 0x4108, 0x4108, 0x4108, 
	0x4108, 0x4929, 0x4909, 0x4109, 0x4108, 0x40E8, 0x4108, 0x4108, 0x4108, 0x4108, 0x3908, 0x38E7, 0x38E7, 0x40E8, 0x40E7, 0x40E7, 
	0x4108, 0x40E8, 0x4108, 0x38E7, 0x3907, 0x3907, 0x4107, 0x4107, 0x38E7, 0x4107, 0x38E7, 0x3907, 0x38E7, 0x38E7, 0x30C7, 0x30E7, 
	0x38E7, 0x30E7, 0x30E7, 0x30E7, 0x30E7, 0x30E7, 0x38E7, 0x3907, 0x3907, 0x38E7, 0x3907, 0x3907, 0x38E7, 0x38E7, 0x38E7, 0x30C6, 
	0x30E7, 0x3908, 0x4929, 0x69AD, 0x92F3, 0xBCB9, 0xCD9B, 0xAC78, 0x8292, 0x596B, 0x38E7, 0x30E6, 0x28C6, 0x28C6, 0x28C6, 0x28E6, 
	0x28E6, 0x28E6, 0x28E6, 0x28E6, 0x28C6, 0x28C6, 0x28C6, 0x28C6, 0x28E6, 0x28C6, 0x28C6, 0x28C6, 0x28C6, 0x20C6, 0x28C6, 0x28C6, 
	0x28C6, 0x20C6, 0x20C6, 0x20C6, 0x20C6, 0x20C6, 0x20C6, 0x20C6, 0x20C6, 0x20C6, 0x20C6, 0x28C6, 0x20C5, 0x20C6, 0x28C6, 0x20C6, 
	0x20C6, 0x20C6, 0x20C5, 0x20C5, 0x20C5, 0x20C5, 0x20C6, 0x20C5, 0x20C5, 0x20C5, 0x20A5, 0x20C6, 0x20C5, 0x20A5, 0x20C5, 0x20C5, 
	0x1884, 0x1884, 0x18A5, 0x18A5, 0x18A4, 0x18A4, 0x18A5, 0x18A5, 0x18A5, 0x18A5, 0x18A5, 0x18A4, 0x18A5, 0x1885, 0x1885, 0x18A5, 
	0x18A4, 0x18A4, 0x18A5, 0x1885, 0x18A5, 0x18A5, 0x1885, 0x18A5, 0x18A5, 0x18A5, 0x18A5, 0x18A5, 0x18A5, 0x18A5, 0x18A5, 0x18A5, 
	0x18A5, 0x18A5, 0x20A5, 0x18A5, 0x18A5, 0x18A5, 0x18A5, 0x20A5, 0x18A5, 0x18A5, 0x18A5, 0x20C5, 0x20A5, 0x20C5, 0x20C5, 0x20A5, 
	0x20A5, 0x20A5, 0x20A5, 0x18A5, 0x20A5, 0x20A5, 0x20A5, 0x20A5, 0x20A5, 0x20A5, 0x20A5, 0x20A5, 0x20A5, 0x20A5, 0x20A5, 0x20C5, 
	0x20A5, 0x20A5, 0x20A5, 0x20A5, 0x20A5, 0x18A5, 0x20A5, 0x1885, 0x20A5, 0x20A5, 0x20C5, 0x20A5, 0x1885, 0x20A5, 0x20A5, 0x20A5, 
	0x18A5, 0x20A5, 0x18A5, 0x20A5, 0x20A5, 0x20A5, 0x20C5, 0x20A5, 0x20A5, 0x20A5, 0x20A5, 0x20A5, 0x20A5, 0x20A5, 0x20A5, 0x20C5, 
	0x20A5, 0x20A5, 0x20A5, 0x20A5, 0x20A5, 0x20A5, 0x20A5, 0x20A6, 0x20A5, 0x20C5, 0x20C5, 0x20C5, 0x20C6, 0x20A6, 0x20C6, 0x20C6, 
	0x20C5, 0x20C6, 0x20C6, 0x20C6, 0x20C6, 0x20C6, 0x20C6, 0x20C6, 0x20C6, 0x20A6, 0x20C6, 0x20C6, 0x20C6, 0x20C6, 0x20A6, 0x20C6, 
	0x28E6, 0x20C6, 0x20C6, 0x20A6, 0x20C6, 0x28C6, 0x20C6, 0x20C6, 0x20C6, 0x28C6, 0x28E7, 0x28E7, 0x28E6, 0x28E6, 0x20C6, 0x20C6, 
	0x28E6, 0x28C6, 0x28C6, 0x28E6, 0x28C6, 0x28C6, 0x28C6, 0x28C6, 0x28C6, 0x28C6, 0x28C7, 0x28C6, 0x28E7, 0x28E6, 0x28E6, 0x28E6, 
	0x28E7, 0x28E7, 0x28C7, 0x28E7, 0x28E7, 0x28E7, 0x28E7, 0x30E7, 0x30E7, 0x28C7, 0x30E7, 0x30E7, 0x30E7, 0x30E7, 0x3108, 0x30E7, 
	0x30E7, 0x3907, 0x38E7, 0x38E7, 0x3908, 0x4109, 0x4949, 0x4108, 0x38E8, 0x38E8, 0x38E7, 0x3907, 0x4108, 0x3908, 0x38C7, 0x4108, 
	0x4108, 0x4108, 0x3908, 0x38E7, 0x4108, 0x40E8, 0x40E7, 0x4108, 0x4108, 0x4108, 0x4108, 0x4108, 0x4108, 0x40E7, 0x4108, 0x4909, 
	0x4909, 0x61CD, 0x61ED, 0x4929, 0x4109, 0x4108, 0x4929, 0x40E8, 0x4108, 0x4108, 0x38E7, 0x38E7, 0x38E8, 0x40E8, 0x38E7, 0x38E7, 
	0x4108, 0x40E8, 0x4108, 0x40E8, 0x38E7, 0x38E7, 0x38E7, 0x38E7, 0x38E7, 0x3907, 0x38E7, 0x30E7, 0x38E7, 0x38E7, 0x38E7, 0x38E7, 
	0x30C7, 0x3907, 0x4129, 0x30E6, 0x38E7, 0x3907, 0x38E7, 0x38E7, 0x38E7, 0x38E7, 0x38E7, 0x38E7, 0x38E7, 0x30E7, 0x30C6, 0x30C6, 
	0x30C7, 0x30E7, 0x38E8, 0x596B, 0x69AD, 0x8271, 0x8AB2, 0x8291, 0x6A0D, 0x4929, 0x30C6, 0x28C6, 0x28E6, 0x28C6, 0x28C6, 0x28C6, 
	0x28C6, 0x28C6, 0x28C6, 0x28C6, 0x28C6, 0x28C6, 0x28C6, 0x28C6, 0x28C6, 0x28C6, 0x28C6, 0x28C6, 0x28C6, 0x28C6, 0x28C6, 0x20C6, 
	0x20C6, 0x20C6, 0x20C6, 0x20C6, 0x20C6, 0x20C5, 0x20C5, 0x20C6, 0x20C6, 0x20C6, 0x20C6, 0x20C6, 0x20C6, 0x20C6, 0x20C6, 0x20C6, 
	0x20C6, 0x20C6, 0x20C5, 0x20C5, 0x20C6, 0x20C5, 0x20C6, 0x20C5, 0x20C5, 0x20C5, 0x20A5, 0x20C5, 0x20C6, 0x20A5, 0x20C5, 0x20C5, 
	0x18A5, 0x1885, 0x18A5, 0x18A5, 0x18A5, 0x18A5, 0x1885, 0x18A5, 0x18A5, 0x1885, 0x18A4, 0x18A5, 0x18A5, 0x1885, 0x1885, 0x18A5, 
	0x1884, 0x18A5, 0x18A5, 0x18A5, 0x18A5, 0x18A5, 0x18A5, 0x18A5, 0x18A5, 0x18A5, 0x18A5, 0x1885, 0x18A5, 0x20A5, 0x18A5, 0x1885, 
	0x18A5, 0x18A5, 0x20A5, 0x18A5, 0x18A5, 0x18A5, 0x20A5, 0x20A5, 0x20C5, 0x20A5, 0x18A5, 0x20C5, 0x18A5, 0x18A5, 0x20C5, 0x20A5, 
	0x20C5, 0x20C5, 0x20A5, 0x20C5, 0x18A5, 0x20A5, 0x20A5, 0x20A5, 0x20A5, 0x20A5, 0x20A5, 0x20A5, 0x20A5, 0x20A5, 0x20A5, 0x20A5, 
	0x20A5, 0x20A5, 0x20A5, 0x20A5, 0x20A5, 0x20C5, 0x20C5, 0x20A5, 0x20A5, 0x20A5, 0x20A5, 0x20A5, 0x20A5, 0x20A5, 0x18A5, 0x20A5, 
	0x20A5, 0x20C5, 0x20A5, 0x20A5, 0x20C5, 0x20A5, 0x20A5, 0x20A5, 0x20A5, 0x20A5, 0x20C5, 0x20C5, 0x20A5, 0x20C5, 0x20C5, 0x20A5, 
	0x20A5, 0x20C5, 0x20C5, 0x20C6, 0x20A5, 0x20A5, 0x20C6, 0x20C5, 0x20C6, 0x20C6, 0x20A5, 0x20C5, 0x20C5, 0x20A6, 0x20C6, 0x20A5, 
	0x20A5, 0x20C6, 0x20C6, 0x20C6, 0x20A5, 0x20A5, 0x20C6, 0x20C6, 0x20C6, 0x20C6, 0x28C6, 0x20C6, 0x20C6, 0x20C6, 0x20C6, 0x28C6, 
	0x28E6, 0x20C6, 0x20C6, 0x20C6, 0x20C6, 0x20C6, 0x20C6, 0x20C6, 0x28E6, 0x20C6, 0x20C6, 0x28E6, 0x28E6, 0x28C6, 0x28C6, 0x20C6, 
	0x28C6, 0x28C6, 0x28E6, 0x28E7, 0x28E7, 0x28E6, 0x28E6, 0x28C6, 0x28C6, 0x28E7, 0x28E7, 0x28C6, 0x28E6, 0x28C6, 0x28E6, 0x28E7, 
	0x28E7, 0x28E7, 0x28E7, 0x28E7, 0x28E7, 0x28E7, 0x30E7, 0x30E7, 0x30E7, 0x30E7, 0x30E7, 0x30E7, 0x30E7, 0x30E7, 0x3107, 0x30E7, 
	0x30E7, 0x3907, 0x38E7, 0x3907, 0x3908, 0x3908, 0x4108, 0x38E8, 0x4108, 0x4108, 0x3908, 0x4108, 0x4108, 0x4108, 0x4108, 0x4128, 
	0x4108, 0x3908, 0x4108, 0x4108, 0x4108, 0x4108, 0x4108, 0x4108, 0x4108, 0x4108, 0x4108, 0x4108, 0x4107, 0x4108, 0x4128, 0x4949, 
	0x518B, 0xAD19, 0xACF9, 0x514A, 0x4109, 0x4108, 0x4909, 0x4908, 0x4929, 0x4108, 0x38E7, 0x3907, 0x4108, 0x4108, 0x4108, 0x38E7, 
	0x40E7, 0x4107, 0x4108, 0x40E8, 0x4108, 0x4108, 0x38E7, 0x38E7, 0x3907, 0x3908, 0x30E7, 0x30E7, 0x30E7, 0x30E7, 0x38E7, 0x38E7, 
	0x30E7, 0x3908, 0x496A, 0x30E7, 0x38E7, 0x30E7, 0x38E7, 0x38E7, 0x30C7, 0x30E7, 0x3907, 0x38E7, 0x3907, 0x38E7, 0x30C6, 0x30E6, 
	0x30E6, 0x30E6, 0x38E7, 0x4128, 0x516A, 0x61AB, 0x618C, 0x598B, 0x4929, 0x38E7, 0x28C6, 0x28C6, 0x28C6, 0x28C6, 0x28C6, 0x28C6, 
	0x28C6, 0x28C6, 0x28C6, 0x28C6, 0x28C6, 0x28C6, 0x28C6, 0x28C6, 0x28C6, 0x28C6, 0x28C6, 0x20C5, 0x28C6, 0x28C6, 0x28E6, 0x28C6, 
	0x20A5, 0x20C6, 0x20C6, 0x20C6, 0x20C6, 0x20C6, 0x20C6, 0x28C6, 0x28C6, 0x28C6, 0x20C6, 0x20C6, 0x20C6, 0x20C6, 0x20C6, 0x20C6, 
	0x20C6, 0x20C6, 0x20A5, 0x20C6, 0x20C6, 0x20A5, 0x20C6, 0x20A5, 0x20C5, 0x20A5, 0x20C5, 0x20C6, 0x20C5, 0x20C6, 0x20C6, 0x20A5, 
	0x18A5, 0x18A5, 0x18A5, 0x18A5, 0x18A5, 0x18C5, 0x18A5, 0x18A5, 0x18A5, 0x1885, 0x18A5, 0x18A5, 0x18A5, 0x20C5, 0x18C5, 0x18A5, 
	0x18A5, 0x18A5, 0x18A5, 0x20C5, 0x18A5, 0x18A5, 0x18A5, 0x18A5, 0x18A5, 0x18A5, 0x18A5, 0x18A5, 0x18A5, 0x20A5, 0x20A5, 0x18A5, 
	0x18A5, 0x18A5, 0x20A5, 0x18A5, 0x20A5, 0x20A5, 0x20A5, 0x20A5, 0x20C5, 0x18A5, 0x1885, 0x20A5, 0x18A5, 0x20A5, 0x20C5, 0x20A5, 
	0x20A5, 0x20A5, 0x18A5, 0x20A5, 0x18A5, 0x20A5, 0x20A5, 0x18A5, 0x20A5, 0x20A5, 0x20A5, 0x20A5, 0x20A5, 0x20A5, 0x20A5, 0x20A5, 
	0x20A5, 0x20A5, 0x20A5, 0x20A5, 0x20A5, 0x20A5, 0x20A5, 0x20A5, 0x18A5, 0x20A5, 0x20C5, 0x20A5, 0x20C5, 0x20A5, 0x20A5, 0x20A5, 
	0x20A5, 0x20C5, 0x20A5, 0x18A5, 0x20A5, 0x20C5, 0x20C5, 0x20A5, 0x20C5, 0x20A5, 0x20C5, 0x20C5, 0x20C6, 0x20C5, 0x20A5, 0x20C5, 
	0x20C5, 0x20C5, 0x20A5, 0x20C5, 0x20C5, 0x20A5, 0x20C6, 0x20C5, 0x20C6, 0x20A6, 0x20C6, 0x20C6, 0x20C6, 0x20C6, 0x20C6, 0x20A6, 
	0x20C6, 0x20C6, 0x20A6, 0x20C6, 0x20A6, 0x20A5, 0x20C6, 0x20C6, 0x20A5, 0x20C6, 0x3107, 0x20C6, 0x20A6, 0x20A6, 0x20A6, 0x20C6, 
	0x20C6, 0x20A6, 0x20C6, 0x20C6, 0x20C6, 0x20C6, 0x28E6, 0x20C6, 0x28C6, 0x20C6, 0x20C6, 0x28E6, 0x20C6, 0x20C6, 0x28C6, 0x20C6, 
	0x20C6, 0x28C6, 0x28C6, 0x3929, 0x51AC, 0x28E7, 0x20C6, 0x28C6, 0x28C6, 0x28E6, 0x28C6, 0x28C7, 0x28E7, 0x28E6, 0x28E7, 0x28E7, 
	0x28E7, 0x28E7, 0x28E7, 0x28E7, 0x30E7, 0x30E7, 0x30E7, 0x30E7, 0x3107, 0x30E7, 0x30E7, 0x30E7, 0x30E7, 0x30E7, 0x30E7, 0x30E8, 
	0x38E7, 0x3907, 0x3907, 0x3907, 0x3908, 0x3908, 0x4108, 0x3908, 0x4108, 0x4108, 0x40E8, 0x4108, 0x4108, 0x40E8, 0x4108, 0x4108, 
	0x40E8, 0x38E7, 0x4108, 0x4108, 0x38E7, 0x3908, 0x4108, 0x4108, 0x38E8, 0x38E8, 0x3908, 0x3908, 0x3908, 0x3908, 0x4108, 0x4928, 
	0x494A, 0x8BB4, 0x8B74, 0x516A, 0x4949, 0x4108, 0x4108, 0x4108, 0x4128, 0x4108, 0x38E7, 0x4108, 0x4108, 0x40E8, 0x4108, 0x4108, 
	0x38E7, 0x4108, 0x4108, 0x4107, 0x4108, 0x4108, 0x3907, 0x3907, 0x3907, 0x3907, 0x30E7, 0x30E7, 0x3907, 0x38E7, 0x38E7, 0x38E7, 
	0x38E7, 0x30C6, 0x30E7, 0x38E7, 0x38E7, 0x38E7, 0x38E7, 0x3907, 0x30E7, 0x30E7, 0x3907, 0x38E7, 0x38E7, 0x30E7, 0x30C6, 0x30E6, 
	0x30E6, 0x30E7, 0x30C6, 0x30E7, 0x4107, 0x4108, 0x40E8, 0x4108, 0x38E7, 0x30C6, 0x28C6, 0x28C6, 0x28C6, 0x28C6, 0x28E6, 0x28E6, 
	0x28C6, 0x28C6, 0x28C6, 0x28C6, 0x28C6, 0x28E6, 0x28C6, 0x28C6, 0x28C6, 0x28C6, 0x20C5, 0x28E7, 0x28E6, 0x28C6, 0x28C6, 0x28C6, 
	0x20C6, 0x20C6, 0x28E6, 0x28C6, 0x28C6, 0x28C6, 0x28C6, 0x28C6, 0x28E6, 0x28C6, 0x20C6, 0x20C6, 0x20C6, 0x20C6, 0x28C6, 0x20C6, 
	0x20C6, 0x20C6, 0x20C6, 0x20C6, 0x20C6, 0x28C6, 0x20C6, 0x20C6, 0x20C6, 0x20A5, 0x28C6, 0x20C6, 0x20C5, 0x20C6, 0x20C6, 0x28C6, 
	0x18A5, 0x18A5, 0x18A5, 0x18A5, 0x18A5, 0x18A5, 0x18A5, 0x18A5, 0x18A5, 0x18A5, 0x18A4, 0x18A5, 0x18A5, 0x2906, 0x20E6, 0x1884, 
	0x18A5, 0x18A5, 0x1885, 0x18A5, 0x18A5, 0x18A5, 0x18A5, 0x18A5, 0x18A5, 0x18A5, 0x18A5, 0x20C5, 0x20A5, 0x18A5, 0x20A5, 0x18A5, 
	0x20A5, 0x18A5, 0x18A5, 0x18A5, 0x20C6, 0x20A5, 0x18A5, 0x18A5, 0x20A5, 0x20A5, 0x20A5, 0x20A5, 0x18A5, 0x20A5, 0x20A5, 0x20A5, 
	0x1885, 0x20A5, 0x20A5, 0x20A5, 0x20A5, 0x20A5, 0x20A5, 0x20A5, 0x20A5, 0x20A5, 0x20A5, 0x20A5, 0x18A5, 0x20A5, 0x20A5, 0x20A5, 
	0x20C5, 0x20A5, 0x20A5, 0x20A5, 0x20C5, 0x20A5, 0x20A5, 0x20A5, 0x20C5, 0x20C5, 0x20C5, 0x20A5, 0x20C5, 0x20C5, 0x20C6, 0x20C5, 
	0x20A5, 0x20A5, 0x20A5, 0x20A5, 0x20A5, 0x20C5, 0x3127, 0x2907, 0x20C5, 0x20C6, 0x20A5, 0x20C5, 0x20C5, 0x20C5, 0x20C5, 0x20C6, 
	0x20C6, 0x20C5, 0x20A5, 0x20C5, 0x20A5, 0x20C5, 0x20A5, 0x20C5, 0x20C6, 0x20A5, 0x20C6, 0x20A5, 0x20C6, 0x20C6, 0x20C6, 0x20C6, 
	0x20A6, 0x20A6, 0x20C6, 0x20C6, 0x20C6, 0x20A6, 0x20A5, 0x20C6, 0x20A6, 0x20C6, 0x20C6, 0x20C6, 0x20C6, 0x20C6, 0x20C6, 0x20C6, 
	0x20C6, 0x20C6, 0x20C6, 0x20C6, 0x20C6, 0x20C6, 0x20C6, 0x20C6, 0x20C6, 0x20C6, 0x28C6, 0x28C6, 0x28C6, 0x28E6, 0x28C6, 0x28C6, 
	0x28E6, 0x28E6, 0x28E6, 0x2907, 0x3928, 0x2907, 0x28E7, 0x28E6, 0x28E6, 0x28E7, 0x28E7, 0x28E7, 0x28E7, 0x28E7, 0x28E7, 0x28E7, 
	0x28E7, 0x28E7, 0x28E7, 0x28E7, 0x3107, 0x28E7, 0x30E7, 0x30E7, 0x3108, 0x3107, 0x30E7, 0x30E7, 0x3107, 0x3107, 0x3908, 0x3908, 
	0x3908, 0x38E7, 0x38E7, 0x38C7, 0x4108, 0x4108, 0x3908, 0x38E7, 0x38E7, 0x4108, 0x40E8, 0x4108, 0x4108, 0x40E8, 0x4108, 0x4108, 
	0x40E8, 0x4108, 0x38E8, 0x4108, 0x38E7, 0x38E7, 0x4108, 0x38E8, 0x38E8, 0x38E8, 0x3908, 0x3908, 0x3908, 0x3908, 0x38E7, 0x38E8, 
	0x4108, 0x494A, 0x494A, 0x4129, 0x4128, 0x4108, 0x4108, 0x40E8, 0x40E8, 0x38E8, 0x3908, 0x4108, 0x4108, 0x38E7, 0x38E7, 0x4108, 
	0x4108, 0x4949, 0x4128, 0x38E7, 0x3907, 0x3907, 0x3907, 0x38E7, 0x38E7, 0x38E7, 0x38E7, 0x38E7, 0x38E7, 0x30E7, 0x30E7, 0x38E7, 
	0x38E7, 0x3907, 0x3907, 0x30E7, 0x38E7, 0x38E7, 0x3907, 0x3907, 0x30E6, 0x38E7, 0x30C7, 0x38E7, 0x3907, 0x38E7, 0x30E7, 0x30E7, 
	0x30C6, 0x30E6, 0x30C6, 0x30C6, 0x38E7, 0x38E7, 0x30C6, 0x30E7, 0x30E6, 0x30E6, 0x28C6, 0x28C6, 0x28C6, 0x28C6, 0x28C6, 0x28C6, 
	0x28C6, 0x28C6, 0x28C6, 0x28C6, 0x28C6, 0x28C6, 0x28C6, 0x28C5, 0x28C6, 0x28C6, 0x28C6, 0x3107, 0x28E6, 0x20A5, 0x20C6, 0x20C6, 
	0x28C6, 0x28C6, 0x28C6, 0x28C6, 0x28C6, 0x28C6, 0x28C6, 0x28C6, 0x28C6, 0x20C6, 0x20C6, 0x20C6, 0x20C6, 0x20C6, 0x20C6, 0x20C6, 
	0x20C6, 0x20C6, 0x28E6, 0x20C6, 0x20C6, 0x20C6, 0x20C5, 0x20C6, 0x20C6, 0x20A5, 0x20C6, 0x20C5, 0x28C6, 0x20C5, 0x20C5, 0x20C6, 
	0x1885, 0x18A5, 0x18A5, 0x18A5, 0x1885, 0x18A5, 0x18A5, 0x18A5, 0x18A5, 0x18A5, 0x1884, 0x20A5, 0x18A5, 0x18A5, 0x18A5, 0x18A5, 
	0x18A5, 0x18A5, 0x1885, 0x18A5, 0x20A5, 0x18A5, 0x18A5, 0x18A5, 0x18A5, 0x18A5, 0x18A5, 0x18A5, 0x18A5, 0x20A5, 0x18A5, 0x18A5, 
	0x18A5, 0x18A5, 0x18A5, 0x18A5, 0x49CB, 0x2907, 0x18A5, 0x20A5, 0x20C5, 0x20A5, 0x20A5, 0x18A5, 0x18A5, 0x20A5, 0x18A5, 0x20C5, 
	0x20A5, 0x18A5, 0x20A5, 0x18A5, 0x20A5, 0x20A5, 0x20A5, 0x20A5, 0x20A5, 0x20A5, 0x20A5, 0x20C5, 0x20A5, 0x20A5, 0x20A5, 0x20A5, 
	0x20A5, 0x20A5, 0x20A5, 0x18A5, 0x20A5, 0x20A5, 0x20A5, 0x18A5, 0x20A5, 0x20A5, 0x20A5, 0x18A5, 0x20C5, 0x20A5, 0x20A5, 0x20A5, 
	0x20A5, 0x20A5, 0x20C6, 0x20C5, 0x20C5, 0x20A5, 0x3969, 0x49EC, 0x20A5, 0x20C6, 0x20C5, 0x20A5, 0x20C6, 0x20C6, 0x20A5, 0x20A5, 
	0x20C5, 0x20A5, 0x20C5, 0x20C5, 0x20C5, 0x20A5, 0x20A5, 0x20C6, 0x20C6, 0x20C6, 0x20C6, 0x20A5, 0x20C6, 0x20C6, 0x20C6, 0x20C6, 
	0x20C6, 0x20C6, 0x20C6, 0x20C6, 0x20C6, 0x20C6, 0x20A6, 0x20C6, 0x20C6, 0x20C6, 0x20C6, 0x20C6, 0x20C6, 0x20C6, 0x20C6, 0x20C6, 
	0x20A6, 0x20C6, 0x20C6, 0x20C6, 0x20C6, 0x20C6, 0x20C6, 0x28E6, 0x20C6, 0x28C6, 0x28E6, 0x20C6, 0x28E6, 0x28E6, 0x28C6, 0x28E6, 
	0x28C6, 0x28E6, 0x28C6, 0x28E6, 0x28C6, 0x28E6, 0x28E6, 0x28C6, 0x28C6, 0x28C6, 0x28E7, 0x28C6, 0x28E7, 0x28E7, 0x28C7, 0x28E7, 
	0x28E7, 0x28E7, 0x28E7, 0x2907, 0x28E7, 0x28E7, 0x3107, 0x30E7, 0x3107, 0x30E7, 0x30E7, 0x30E7, 0x30E7, 0x3907, 0x3907, 0x3908, 
	0x38E8, 0x3908, 0x4108, 0x38E8, 0x4108, 0x4108, 0x40E8, 0x4108, 0x4928, 0x4128, 0x4108, 0x4108, 0x4108, 0x4108, 0x4108, 0x4108, 
	0x4108, 0x4108, 0x4108, 0x3908, 0x3908, 0x3908, 0x38E7, 0x38E8, 0x38E8, 0x3908, 0x4108, 0x3908, 0x3908, 0x3908, 0x3908, 0x38E8, 
	0x4108, 0x4129, 0x4109, 0x38E7, 0x3908, 0x4128, 0x4108, 0x4108, 0x4129, 0x4108, 0x4108, 0x4128, 0x3908, 0x3907, 0x38E7, 0x4108, 
	0x4108, 0x4128, 0x4128, 0x38E7, 0x38E7, 0x3907, 0x38E7, 0x38E7, 0x38E7, 0x38E7, 0x3907, 0x38E7, 0x38E7, 0x30E7, 0x30E7, 0x30E7, 
	0x38E7, 0x3907, 0x30E7, 0x4128, 0x3928, 0x38E7, 0x38E7, 0x38E7, 0x38E7, 0x38E7, 0x38E7, 0x38E7, 0x3908, 0x38E7, 0x38E7, 0x30E6, 
	0x30C6, 0x30E7, 0x30E7, 0x30E7, 0x30E6, 0x30E7, 0x30E7, 0x30E7, 0x30E7, 0x30E7, 0x30C6, 0x28E6, 0x28C6, 0x28C6, 0x28C6, 0x28E6, 
	0x28C6, 0x28C6, 0x28C6, 0x28E6, 0x28C6, 0x28C6, 0x28C6, 0x28C6, 0x28C6, 0x28E6, 0x28C6, 0x28C6, 0x28E6, 0x20C6, 0x28C6, 0x28C6, 
	0x28C6, 0x20C6, 0x20C6, 0x28C6, 0x20C6, 0x28C6, 0x28C6, 0x20C5, 0x28C6, 0x20C6, 0x20C6, 0x20C6, 0x20C6, 0x20C6, 0x20C6, 0x28E6, 
	0x20C6, 0x20C6, 0x20C6, 0x20C6, 0x20C6, 0x20C6, 0x20C6, 0x20C6, 0x20C6, 0x20C6, 0x20C5, 0x20C5, 0x20C5, 0x20C5, 0x20C5, 0x20A5, 
	0x18A5, 0x1885, 0x18A5, 0x18A5, 0x18A5, 0x18A5, 0x18A5, 0x18A5, 0x18A5, 0x18A5, 0x18A5, 0x18A5, 0x18A5, 0x18A5, 0x18A5, 0x18A5, 
	0x18A5, 0x18A5, 0x18A5, 0x18A5, 0x20A5, 0x1885, 0x18A5, 0x18A5, 0x18A5, 0x20A5, 0x20A5, 0x1885, 0x18A5, 0x18A5, 0x20A5, 0x18A5, 
	0x18A5, 0x20A5, 0x20A5, 0x20E6, 0x3969, 0x20E6, 0x20A5, 0x1885, 0x20A5, 0x18A5, 0x18A5, 0x20A5, 0x20A5, 0x20A5, 0x20A5, 0x20A5, 
	0x20A5, 0x20C5, 0x20A5, 0x20A5, 0x20A5, 0x20A5, 0x20A5, 0x20A5, 0x20A5, 0x20A5, 0x20A5, 0x20A5, 0x20A5, 0x20A5, 0x20A5, 0x20A5, 
	0x20A5, 0x20A5, 0x20A5, 0x18A5, 0x20A5, 0x20A5, 0x20C5, 0x18A5, 0x20C5, 0x20C6, 0x20C5, 0x20A5, 0x20A5, 0x20C5, 0x20A5, 0x20C5, 
	0x20A5, 0x20A5, 0x20C6, 0x20A5, 0x20A5, 0x20C5, 0x20E6, 0x28E7, 0x20A5, 0x20C5, 0x20A5, 0x20A5, 0x20A5, 0x20A5, 0x20C5, 0x20A5, 
	0x20C6, 0x20A5, 0x20C5, 0x20C5, 0x20C6, 0x20C6, 0x20A5, 0x20C5, 0x20A5, 0x20C6, 0x20C6, 0x20C6, 0x20A5, 0x20A5, 0x20C6, 0x20C6, 
	0x20C6, 0x20C6, 0x20C6, 0x20C6, 0x20C6, 0x20C6, 0x20C6, 0x20C6, 0x20A6, 0x20C6, 0x20C6, 0x20C6, 0x20C6, 0x20A6, 0x20C6, 0x20C6, 
	0x20C6, 0x20C6, 0x20C6, 0x20C6, 0x20C6, 0x20C6, 0x20C6, 0x28C6, 0x20C6, 0x20C6, 0x28C6, 0x20C6, 0x20C6, 0x20C6, 0x28E6, 0x28C6, 
	0x28C7, 0x28E7, 0x28C6, 0x28C6, 0x28E6, 0x28C6, 0x28E6, 0x28E7, 0x28E7, 0x28E7, 0x28E7, 0x28E7, 0x28E7, 0x28E7, 0x28E7, 0x28E7, 
	0x28E7, 0x28E7, 0x28E7, 0x28E7, 0x28E7, 0x30E7, 0x3107, 0x30E7, 0x30E7, 0x30E7, 0x30E7, 0x30E7, 0x30E7, 0x3907, 0x38E8, 0x38E8, 
	0x38E8, 0x3908, 0x4129, 0x4108, 0x38E8, 0x4108, 0x4929, 0x4109, 0x4929, 0x4108, 0x4108, 0x4128, 0x38E8, 0x4108, 0x4108, 0x4108, 
	0x4108, 0x4108, 0x4108, 0x4108, 0x4108, 0x3908, 0x3908, 0x4108, 0x38E8, 0x3908, 0x3908, 0x3908, 0x3908, 0x3908, 0x3908, 0x3908, 
	0x4108, 0x4128, 0x4108, 0x3908, 0x4108, 0x4108, 0x4108, 0x4129, 0x4129, 0x4108, 0x3908, 0x3907, 0x3907, 0x3908, 0x4108, 0x4108, 
	0x3908, 0x38E7, 0x3907, 0x3907, 0x3907, 0x38E7, 0x38E7, 0x38E7, 0x38E7, 0x38E7, 0x3907, 0x38E7, 0x3907, 0x3907, 0x30E7, 0x30E7, 
	0x38E7, 0x30E7, 0x30E7, 0x3928, 0x4128, 0x38E7, 0x38C7, 0x38E7, 0x3907, 0x38E7, 0x38E7, 0x38E7, 0x38E7, 0x38C7, 0x38E7, 0x38E7, 
	0x30E7, 0x3907, 0x30E7, 0x3907, 0x30C6, 0x30C6, 0x30E7, 0x30E7, 0x30E6, 0x30C6, 0x30C6, 0x28C6, 0x30E7, 0x30E7, 0x28E6, 0x28C6, 
	0x28C6, 0x28E6, 0x28E6, 0x28E6, 0x28C6, 0x28C6, 0x28C6, 0x20C6, 0x28C6, 0x28C6, 0x28C6, 0x20A5, 0x28E6, 0x28C6, 0x28C6, 0x20C6, 
	0x28C6, 0x20A5, 0x28C6, 0x20C5, 0x20C5, 0x28C6, 0x20C6, 0x20C6, 0x20C6, 0x20C6, 0x20C6, 0x20C6, 0x20C6, 0x28C6, 0x20C6, 0x20C6, 
	0x20C6, 0x20C6, 0x20C6, 0x20C5, 0x20C6, 0x20C6, 0x20C6, 0x20C5, 0x20C6, 0x28C6, 0x20C6, 0x28C6, 0x20C6, 0x20C5, 0x20C6, 0x20C5, 
	0x18A5, 0x18A5, 0x18A5, 0x18C5, 0x18A4, 0x18A5, 0x1885, 0x18A5, 0x18A5, 0x18A5, 0x18A5, 0x1884, 0x20C5, 0x28E6, 0x18A5, 0x18A5, 
	0x18A5, 0x18A5, 0x20A5, 0x20A5, 0x1885, 0x18A5, 0x20A5, 0x18A5, 0x1885, 0x20C5, 0x20C5, 0x18A5, 0x18A5, 0x18A5, 0x18A5, 0x18A5, 
	0x18A5, 0x18A5, 0x1885, 0x20A5, 0x20A5, 0x20A5, 0x20C5, 0x20A5, 0x28E6, 0x20C6, 0x18A5, 0x20A5, 0x20A5, 0x20A5, 0x20A5, 0x20A5, 
	0x20A5, 0x20A5, 0x18A5, 0x18A5, 0x20A5, 0x20A5, 0x20A5, 0x20C5, 0x20A5, 0x20C5, 0x20A5, 0x20A5, 0x20A5, 0x20A5, 0x20A5, 0x20C5, 
	0x20A5, 0x20A5, 0x20C5, 0x20A5, 0x20A5, 0x20A5, 0x20A5, 0x20A5, 0x20A5, 0x20A5, 0x28E6, 0x3989, 0x20C5, 0x20C5, 0x20C5, 0x20A5, 
	0x20C5, 0x20C5, 0x20C6, 0x20A5, 0x20A6, 0x20C6, 0x20A5, 0x20A5, 0x20A5, 0x18A5, 0x20A5, 0x20C5, 0x20A5, 0x20A5, 0x20C5, 0x20C5, 
	0x20A5, 0x20A5, 0x20C5, 0x20C5, 0x20C6, 0x20C6, 0x20C6, 0x20C6, 0x20C5, 0x20C6, 0x20A5, 0x20C6, 0x20A5, 0x20A5, 0x20C6, 0x20C6, 
	0x20C6, 0x20C6, 0x20C6, 0x20C6, 0x20A6, 0x20C6, 0x20C6, 0x20C6, 0x20C6, 0x20C6, 0x28C6, 0x20C6, 0x20C6, 0x20C6, 0x20C6, 0x20C6, 
	0x20C6, 0x20C6, 0x20C6, 0x20C6, 0x28C6, 0x28C6, 0x28C6, 0x28C6, 0x20C6, 0x20C6, 0x28E6, 0x20C6, 0x20E6, 0x28E6, 0x28E6, 0x28E7, 
	0x28C7, 0x28E7, 0x28C6, 0x28C6, 0x28E7, 0x28E6, 0x28C6, 0x28E7, 0x28E7, 0x28E6, 0x28E6, 0x28E7, 0x28E7, 0x28C6, 0x28E7, 0x28E7, 
	0x28E7, 0x28E7, 0x30E7, 0x28E7, 0x30E7, 0x30E7, 0x3107, 0x30E7, 0x3107, 0x30E7, 0x30E7, 0x3107, 0x30E7, 0x3908, 0x3907, 0x3908, 
	0x3908, 0x4108, 0x4108, 0x4108, 0x38E7, 0x4108, 0x4129, 0x4109, 0x4108, 0x40E8, 0x4108, 0x4108, 0x40E8, 0x4108, 0x4108, 0x4108, 
	0x4108, 0x3908, 0x4108, 0x4108, 0x38E8, 0x38E8, 0x3908, 0x4108, 0x38E7, 0x38E7, 0x3908, 0x38E8, 0x3908, 0x3908, 0x38E7, 0x3908, 
	0x4108, 0x3908, 0x3908, 0x4108, 0x4128, 0x38E8, 0x40E8, 0x4108, 0x38E8, 0x38E7, 0x3908, 0x38E7, 0x38E7, 0x38E8, 0x4108, 0x3908, 
	0x38E7, 0x3908, 0x3907, 0x38E7, 0x38E7, 0x38E7, 0x3907, 0x3907, 0x38E7, 0x38E7, 0x38E7, 0x30E7, 0x30E7, 0x30E7, 0x3907, 0x30E7, 
	0x30E7, 0x3907, 0x38E7, 0x30C7, 0x38E7, 0x38E7, 0x38E7, 0x38E7, 0x38E7, 0x38E7, 0x40E8, 0x38E7, 0x38E7, 0x38C7, 0x38E7, 0x38E7, 
	0x30C7, 0x30C6, 0x30C6, 0x38E7, 0x30E7, 0x30E7, 0x30E7, 0x30E6, 0x30C6, 0x30C6, 0x30E6, 0x28C6, 0x28E6, 0x28E6, 0x28C6, 0x28C6, 
	0x28C6, 0x28E6, 0x28E6, 0x28C6, 0x28C6, 0x28E6, 0x28E6, 0x20C6, 0x28C6, 0x28C6, 0x28C6, 0x28C6, 0x28E6, 0x28E6, 0x28C6, 0x28C6, 
	0x28C6, 0x20C5, 0x28C6, 0x28C6, 0x20C6, 0x20C6, 0x28C6, 0x28E6, 0x28C6, 0x20C6, 0x28C6, 0x28C6, 0x28C6, 0x28C6, 0x20C6, 0x20C6, 
	0x20C6, 0x28E6, 0x20C6, 0x20C6, 0x20C6, 0x20C6, 0x20C6, 0x20A5, 0x20C6, 0x20C6, 0x20A5, 0x20C6, 0x20A5, 0x20C5, 0x20A5, 0x20C6, 
	0x18A5, 0x1885, 0x18A5, 0x18A4, 0x18A5, 0x18A5, 0x18A5, 0x18A5, 0x18A5, 0x18A5, 0x18A5, 0x18A5, 0x18A5, 0x20A5, 0x18A5, 0x18A5, 
	0x18A5, 0x18A5, 0x18A5, 0x20A5, 0x18A5, 0x20A5, 0x2907, 0x20A5, 0x1885, 0x20A5, 0x20A5, 0x18A5, 0x18A5, 0x18A5, 0x20A5, 0x18A5, 
	0x20A5, 0x20C5, 0x20A5, 0x20A5, 0x18A5, 0x20A5, 0x1885, 0x20A5, 0x20E6, 0x20C6, 0x18A5, 0x20A5, 0x20A5, 0x20A5, 0x20A5, 0x20A5, 
	0x20A5, 0x20A5, 0x20A5, 0x20A5, 0x20A5, 0x20A5, 0x20A5, 0x20A5, 0x20A5, 0x20A5, 0x20A5, 0x20A5, 0x20A5, 0x20A5, 0x20C5, 0x20A5, 
	0x18A5, 0x20C5, 0x20C5, 0x18A5, 0x20A5, 0x20A5, 0x20C5, 0x20E6, 0x20A5, 0x20C5, 0x3107, 0x41AA, 0x20C6, 0x20A5, 0x20A5, 0x20A5, 
	0x20A5, 0x20A5, 0x20C6, 0x20C6, 0x20A5, 0x20C6, 0x20C5, 0x20C5, 0x20A5, 0x20C6, 0x20A5, 0x20C5, 0x20A5, 0x20A5, 0x20C5, 0x20A5, 
	0x20A5, 0x20A5, 0x20A5, 0x20C6, 0x20A6, 0x20A5, 0x20C6, 0x20A6, 0x20C6, 0x20C6, 0x20C5, 0x20C6, 0x20C6, 0x20C5, 0x20C6, 0x20A6, 
	0x20A6, 0x20A5, 0x20C6, 0x20A6, 0x20C6, 0x20C6, 0x20C6, 0x20A6, 0x20C6, 0x20C6, 0x20C6, 0x20C6, 0x20C6, 0x28C6, 0x20C6, 0x20C6, 
	0x20C6, 0x20C6, 0x20C6, 0x20C6, 0x28E6, 0x28C6, 0x28E6, 0x28C6, 0x28C6, 0x28C7, 0x28C7, 0x28C6, 0x28C6, 0x20C6, 0x20C6, 0x28E7, 
	0x28E7, 0x28E6, 0x28E7, 0x28E7, 0x28E7, 0x28E6, 0x28C6, 0x28C6, 0x28E7, 0x28C6, 0x28C6, 0x28E7, 0x28E7, 0x28E7, 0x28E7, 0x28E7, 
	0x28E7, 0x30E7, 0x30E7, 0x30E7, 0x30E7, 0x3107, 0x3107, 0x30E7, 0x30E7, 0x30E7, 0x3907, 0x38E8, 0x30E7, 0x38E7, 0x38E7, 0x38E7, 
	0x3908, 0x4108, 0x4108, 0x3908, 0x3908, 0x4108, 0x4108, 0x4108, 0x40E8, 0x4108, 0x4109, 0x4108, 0x40E8, 0x40E8, 0x4108, 0x4108, 
	0x4108, 0x4108, 0x4109, 0x4108, 0x38E8, 0x4108, 0x4108, 0x3908, 0x3907, 0x3908, 0x38E7, 0x38E8, 0x38E7, 0x3908, 0x3908, 0x38E7, 
	0x3908, 0x38E7, 0x38E7, 0x38E7, 0x4108, 0x38E8, 0x4108, 0x38E8, 0x4108, 0x3908, 0x3907, 0x38E7, 0x38E7, 0x3908, 0x4108, 0x38E8, 
	0x3908, 0x4108, 0x3907, 0x38E7, 0x30E7, 0x30E7, 0x38E7, 0x38E7, 0x38E7, 0x38E7, 0x38E7, 0x30E7, 0x30C6, 0x30E7, 0x38E7, 0x30E7, 
	0x30E7, 0x30E7, 0x38E7, 0x38C7, 0x38E7, 0x4108, 0x38E7, 0x40E8, 0x38E7, 0x38E7, 0x40E8, 0x38C7, 0x38C7, 0x38E7, 0x38E7, 0x30E7, 
	0x30C7, 0x30E7, 0x30E7, 0x30E7, 0x30E7, 0x30C7, 0x30E7, 0x30E7, 0x30C6, 0x28C6, 0x28C6, 0x28C6, 0x30E6, 0x28E6, 0x28C6, 0x28E6, 
	0x28C6, 0x28C6, 0x28E6, 0x28C6, 0x28C6, 0x28C6, 0x28C6, 0x28C6, 0x28C6, 0x28C6, 0x28C6, 0x28C6, 0x28C6, 0x20A5, 0x28C6, 0x28E6, 
	0x3108, 0x2907, 0x28C6, 0x20C6, 0x20C6, 0x20C6, 0x28C6, 0x28C6, 0x28C6, 0x28C6, 0x28C6, 0x28C6, 0x28E6, 0x28C6, 0x28C6, 0x28C6, 
	0x28C6, 0x20C6, 0x20C6, 0x20C6, 0x20C6, 0x20C5, 0x20C6, 0x20C6, 0x20C6, 0x20C6, 0x20C6, 0x20C6, 0x20C6, 0x20C6, 0x20A6, 0x20C5, 
	0x18A5, 0x18A5, 0x1884, 0x1884, 0x18A5, 0x18A5, 0x18A5, 0x18A5, 0x18A5, 0x18A5, 0x18A5, 0x18A5, 0x18A5, 0x1885, 0x20A5, 0x18A5, 
	0x18A5, 0x18A5, 0x18A5, 0x20A5, 0x18A5, 0x20A5, 0x20C6, 0x20C5, 0x20A5, 0x20A5, 0x18A5, 0x18A5, 0x18A5, 0x18A5, 0x20A5, 0x1885, 
	0x20A5, 0x20A5, 0x20A5, 0x18A5, 0x18A5, 0x20A5, 0x20C5, 0x18A5, 0x20A5, 0x2085, 0x20A5, 0x20A5, 0x20A5, 0x20A5, 0x2085, 0x20A5, 
	0x20A5, 0x20A5, 0x20A5, 0x20A5, 0x20A5, 0x20C5, 0x20A5, 0x20A5, 0x20A5, 0x20A5, 0x20A5, 0x20A5, 0x20A5, 0x18A5, 0x20A5, 0x20A5, 
	0x20C5, 0x20C5, 0x20C5, 0x20C5, 0x20C6, 0x20C5, 0x20C5, 0x20C6, 0x20A5, 0x20C5, 0x20A5, 0x20A5, 0x20C5, 0x20C6, 0x20A5, 0x20A5, 
	0x20C5, 0x20A5, 0x20A5, 0x20A5, 0x20A5, 0x20C5, 0x20A5, 0x20C5, 0x20C5, 0x20C6, 0x20C6, 0x20A5, 0x20C5, 0x20C5, 0x20C5, 0x20A5, 
	0x20C6, 0x20A5, 0x20C6, 0x20C6, 0x20C6, 0x20C6, 0x20A6, 0x20A6, 0x20C6, 0x20C6, 0x20C5, 0x20C6, 0x20A5, 0x20A5, 0x20C6, 0x20C6, 
	0x20A6, 0x20C6, 0x20C6, 0x20A6, 0x20C6, 0x20C6, 0x20C6, 0x20A6, 0x20C6, 0x20C6, 0x20C6, 0x20C6, 0x20C6, 0x20C6, 0x20C6, 0x20C6, 
	0x20C6, 0x20C6, 0x20C6, 0x20C6, 0x20C6, 0x28C6, 0x28C6, 0x28C6, 0x28C6, 0x28C6, 0x28C6, 0x28E7, 0x28E6, 0x28E6, 0x28C6, 0x28E7, 
	0x28E6, 0x28C6, 0x28E6, 0x28E7, 0x28C7, 0x28E7, 0x28E7, 0x28E6, 0x2907, 0x28E6, 0x28E6, 0x28C6, 0x28E7, 0x28E7, 0x28E7, 0x28E7, 
	0x28E7, 0x28E7, 0x28E7, 0x28E7, 0x30E7, 0x30E7, 0x30E7, 0x30E7, 0x30E7, 0x30E7, 0x3908, 0x3908, 0x38E8, 0x3908, 0x38E7, 0x3908, 
	0x38E8, 0x38E7, 0x4108, 0x4108, 0x4108, 0x4108, 0x4108, 0x4108, 0x4108, 0x4109, 0x4109, 0x4108, 0x4108, 0x4108, 0x4108, 0x4108, 
	0x4108, 0x40E8, 0x4108, 0x4108, 0x4108, 0x4108, 0x4108, 0x38E7, 0x3908, 0x3908, 0x3908, 0x3908, 0x38E7, 0x3908, 0x4108, 0x3908, 
	0x3908, 0x3907, 0x38E8, 0x38E7, 0x38E7, 0x38E8, 0x3908, 0x38E7, 0x4108, 0x4108, 0x40E7, 0x4108, 0x3908, 0x38E8, 0x38E7, 0x38E7, 
	0x38E7, 0x3908, 0x3907, 0x38E7, 0x38E7, 0x38E7, 0x3907, 0x38E7, 0x30E7, 0x30E7, 0x38E7, 0x3907, 0x30E7, 0x3908, 0x4128, 0x38C7, 
	0x30C7, 0x3907, 0x38E7, 0x38E7, 0x3907, 0x40E7, 0x38E7, 0x40E7, 0x40E7, 0x38E7, 0x38E8, 0x38C7, 0x38E7, 0x3907, 0x30E7, 0x30C7, 
	0x30E7, 0x30E7, 0x30E7, 0x30E7, 0x30C7, 0x30C7, 0x30E7, 0x3107, 0x3107, 0x30E6, 0x28C6, 0x28C6, 0x28E6, 0x30E6, 0x28C6, 0x28C6, 
	0x28C6, 0x28C6, 0x28E6, 0x28C6, 0x28E6, 0x28C6, 0x28C6, 0x28C6, 0x28C6, 0x28C6, 0x28C6, 0x20C6, 0x28C6, 0x28C6, 0x28C6, 0x20C5, 
	0x28E6, 0x28C6, 0x20C6, 0x20C6, 0x28C6, 0x28C6, 0x28C6, 0x20C6, 0x28C6, 0x28C6, 0x20C6, 0x20C6, 0x28C6, 0x20C6, 0x20C6, 0x28C6, 
	0x20C6, 0x20C6, 0x20C6, 0x20C6, 0x20C6, 0x20C6, 0x20A5, 0x20C6, 0x20C6, 0x20C6, 0x20C6, 0x20C6, 0x20C5, 0x20C6, 0x20C6, 0x20C6, 
	0x20A5, 0x18A5, 0x1885, 0x18A5, 0x1885, 0x1885, 0x18A5, 0x18A5, 0x18A5, 0x18A5, 0x18A5, 0x18A5, 0x18A5, 0x1885, 0x20A5, 0x20A5, 
	0x20E6, 0x20C6, 0x18A5, 0x20C5, 0x18A5, 0x18A5, 0x20A5, 0x1885, 0x18A5, 0x18A5, 0x18A5, 0x18A5, 0x20C5, 0x20A5, 0x20A5, 0x18A5, 
	0x18A5, 0x20A5, 0x20A5, 0x20A5, 0x20A5, 0x20A5, 0x20A5, 0x18A5, 0x18A5, 0x20A5, 0x20C5, 0x20A5, 0x20A5, 0x18A5, 0x20A5, 0x20A5, 
	0x20A5, 0x20A5, 0x20A5, 0x20A5, 0x20A5, 0x20C5, 0x20C5, 0x20A5, 0x20A5, 0x20A5, 0x20A5, 0x20A5, 0x20A5, 0x20C5, 0x20A5, 0x20A5, 
	0x20C5, 0x20A5, 0x20A5, 0x20C5, 0x20C5, 0x18A5, 0x18A5, 0x20A5, 0x20A5, 0x20A5, 0x20A5, 0x20C5, 0x20A5, 0x20C5, 0x20C5, 0x20A5, 
	0x20C5, 0x20C5, 0x20A5, 0x20A5, 0x20A5, 0x20A5, 0x20A5, 0x20A5, 0x20A5, 0x20C5, 0x20A5, 0x20A5, 0x20A5, 0x20A5, 0x20C5, 0x20C5, 
	0x20A5, 0x20A5, 0x20C6, 0x20C6, 0x20C6, 0x20C6, 0x20C6, 0x20A6, 0x20A5, 0x20A5, 0x20A6, 0x20C6, 0x20C6, 0x20C6, 0x20A6, 0x20C6, 
	0x20C6, 0x20C6, 0x20C6, 0x20C6, 0x20C6, 0x20C5, 0x20C6, 0x20C6, 0x20C6, 0x20C6, 0x20A6, 0x20C6, 0x20C6, 0x20C6, 0x20C6, 0x20C6, 
	0x28C6, 0x28E6, 0x20C6, 0x20C6, 0x20C6, 0x20C6, 0x28E6, 0x20C6, 0x20C6, 0x28C6, 0x28E7, 0x28C7, 0x28E7, 0x28E7, 0x28E6, 0x28E7, 
	0x28C6, 0x28C6, 0x28E6, 0x28E6, 0x28E7, 0x28E7, 0x28E7, 0x28E6, 0x28E6, 0x28E6, 0x28E6, 0x28E7, 0x28E7, 0x28E7, 0x28E7, 0x28C7, 
	0x28E7, 0x3107, 0x28E7, 0x30E7, 0x30E7, 0x30E7, 0x30E7, 0x30E7, 0x3107, 0x30E7, 0x38E7, 0x3908, 0x3908, 0x38E7, 0x3908, 0x4108, 
	0x38E8, 0x38E8, 0x4108, 0x4108, 0x4108, 0x4108, 0x4108, 0x4108, 0x4108, 0x4108, 0x4108, 0x4908, 0x4108, 0x4108, 0x4108, 0x4108, 
	0x4929, 0x4109, 0x4108, 0x4108, 0x38E8, 0x4108, 0x4108, 0x3908, 0x3908, 0x3908, 0x3908, 0x4108, 0x3908, 0x3908, 0x4108, 0x4108, 
	0x38E7, 0x38E7, 0x4108, 0x38E7, 0x40E7, 0x38E7, 0x3908, 0x4108, 0x38E7, 0x38E7, 0x4108, 0x40E7, 0x4108, 0x3908, 0x3908, 0x3908, 
	0x3907, 0x3907, 0x38E7, 0x3907, 0x3908, 0x38E7, 0x3907, 0x3907, 0x38E7, 0x38E7, 0x38E7, 0x38E7, 0x38E7, 0x3908, 0x4128, 0x3907, 
	0x38E7, 0x38E7, 0x38E7, 0x38E7, 0x38E7, 0x38E7, 0x38E7, 0x38E7, 0x40E8, 0x38E7, 0x38E7, 0x38E7, 0x30E7, 0x38E7, 0x30E7, 0x30E7, 
	0x30E7, 0x30C6, 0x30C6, 0x30E6, 0x30E7, 0x30E7, 0x30E6, 0x30E6, 0x3107, 0x30E6, 0x28C6, 0x30E6, 0x28C6, 0x28C6, 0x28C6, 0x28C6, 
	0x28C6, 0x28C6, 0x28C6, 0x28C6, 0x28C6, 0x28C6, 0x28E6, 0x28C6, 0x28C6, 0x28E6, 0x28C6, 0x28C6, 0x28C6, 0x28C6, 0x28C6, 0x28E7, 
	0x41AC, 0x28C6, 0x20C6, 0x28C6, 0x28C6, 0x20C6, 0x20C6, 0x20C6, 0x20C6, 0x20C6, 0x28C6, 0x20C6, 0x20C6, 0x20C6, 0x20C5, 0x20C6, 
	0x28C6, 0x20C6, 0x20C6, 0x20C6, 0x20C6, 0x20C6, 0x20C6, 0x20C6, 0x20C6, 0x28C6, 0x20C6, 0x20C6, 0x20C6, 0x20C5, 0x20C6, 0x20C6, 
	0x18A5, 0x1885, 0x1884, 0x18A5, 0x1885, 0x1885, 0x18A5, 0x18A5, 0x18A5, 0x18A5, 0x18A5, 0x18A5, 0x18A5, 0x20A5, 0x20A5, 0x18A5, 
	0x20A5, 0x20A5, 0x18A5, 0x18A5, 0x20A5, 0x20A5, 0x20C5, 0x18A5, 0x18A5, 0x20C5, 0x20A5, 0x18A5, 0x20A5, 0x20C5, 0x28E7, 0x20A5, 
	0x20A5, 0x18A5, 0x20A5, 0x20A5, 0x20A5, 0x20A5, 0x20A5, 0x20A5, 0x18A5, 0x20A5, 0x20C5, 0x18A5, 0x20A5, 0x20A5, 0x20C5, 0x20A5, 
	0x20A5, 0x20A5, 0x20A5, 0x20A5, 0x20A5, 0x20C5, 0x20C5, 0x20A5, 0x18A5, 0x20A5, 0x20A5, 0x20A5, 0x20A5, 0x20A5, 0x18A5, 0x20A5, 
	0x20A5, 0x20A5, 0x20A5, 0x20C5, 0x20A5, 0x18A5, 0x20A5, 0x20C5, 0x20C6, 0x20A5, 0x18A5, 0x20C5, 0x20C6, 0x20C5, 0x20A5, 0x18A5, 
	0x20C5, 0x20C5, 0x20A5, 0x20C5, 0x20A5, 0x20A5, 0x20C6, 0x20A6, 0x20C6, 0x20A5, 0x20A5, 0x20A5, 0x20A6, 0x20A5, 0x20C5, 0x20C5, 
	0x20A5, 0x20A6, 0x20C6, 0x20C6, 0x20C6, 0x20C6, 0x20A5, 0x20C6, 0x20A5, 0x20A5, 0x20C6, 0x20C6, 0x20C6, 0x20C6, 0x20C6, 0x20C6, 
	0x20C6, 0x20C6, 0x20C6, 0x20A6, 0x20C6, 0x20C6, 0x20C6, 0x20C6, 0x28C6, 0x20C6, 0x20A6, 0x20C6, 0x20C6, 0x20C6, 0x20C6, 0x28C6, 
	0x28C6, 0x28C6, 0x20C6, 0x20C6, 0x20C6, 0x28C6, 0x28E7, 0x28E6, 0x20C6, 0x28E7, 0x28E6, 0x28C7, 0x28C7, 0x28C6, 0x28C6, 0x28E6, 
	0x28E6, 0x28E6, 0x28E6, 0x28E6, 0x28E7, 0x28C6, 0x28C6, 0x28E6, 0x28C6, 0x28C6, 0x28E6, 0x2907, 0x28E7, 0x28E7, 0x28E7, 0x28E7, 
	0x3107, 0x3107, 0x28E7, 0x28E7, 0x30E7, 0x30E7, 0x30E7, 0x30E7, 0x30E7, 0x30E7, 0x3907, 0x3908, 0x38E7, 0x38E7, 0x38E7, 0x4108, 
	0x38E8, 0x4108, 0x4108, 0x4108, 0x38E8, 0x3908, 0x494A, 0x516A, 0x4108, 0x4108, 0x4108, 0x4128, 0x4129, 0x4108, 0x4108, 0x4929, 
	0x494A, 0x4129, 0x4108, 0x3908, 0x4108, 0x4108, 0x4108, 0x4108, 0x4108, 0x3908, 0x3907, 0x3907, 0x3908, 0x3908, 0x4108, 0x3908, 
	0x3908, 0x4108, 0x4108, 0x4128, 0x516B, 0x3908, 0x38E7, 0x4108, 0x3907, 0x4108, 0x4108, 0x40E8, 0x4108, 0x38E7, 0x3908, 0x3907, 
	0x3907, 0x38E7, 0x38E7, 0x38E7, 0x3907, 0x38E7, 0x38E7, 0x38E7, 0x38E7, 0x38E7, 0x38E7, 0x38E7, 0x3908, 0x38E7, 0x38E7, 0x38E7, 
	0x38E7, 0x38C7, 0x38E7, 0x4107, 0x38E7, 0x38E7, 0x3907, 0x38E7, 0x40E7, 0x38E7, 0x38E7, 0x38E7, 0x38E7, 0x30E7, 0x30E7, 0x30E7, 
	0x30C6, 0x30E6, 0x30E7, 0x30E6, 0x30E6, 0x30E7, 0x30C6, 0x30C6, 0x30C7, 0x28A6, 0x28C6, 0x28E6, 0x28C6, 0x28C6, 0x28E6, 0x30E6, 
	0x28C6, 0x28C6, 0x28E6, 0x28C6, 0x28C6, 0x3107, 0x28C6, 0x28C6, 0x28E6, 0x28E6, 0x28C6, 0x28E6, 0x28C6, 0x28C6, 0x28C6, 0x28E6, 
	0x3108, 0x28E6, 0x28C6, 0x28C6, 0x28C6, 0x20C6, 0x20C6, 0x28C6, 0x28C6, 0x20C6, 0x28E6, 0x20C6, 0x20C6, 0x28C6, 0x20C6, 0x20C6, 
	0x20C6, 0x20C6, 0x20C5, 0x20C6, 0x28C6, 0x20C6, 0x20C6, 0x20C6, 0x20C6, 0x20C6, 0x20A5, 0x20C6, 0x20C6, 0x20A6, 0x20C6, 0x20C5, 
	0x20A5, 0x18A5, 0x18A5, 0x18A5, 0x18A5, 0x18A5, 0x18A5, 0x18A5, 0x18A5, 0x18A5, 0x18A5, 0x20A5, 0x20A5, 0x20A5, 0x18A5, 0x20A5, 
	0x20E6, 0x20A5, 0x18A5, 0x20A5, 0x20A5, 0x20A5, 0x20A5, 0x20A5, 0x20A5, 0x20A5, 0x20A5, 0x20A5, 0x2085, 0x28E6, 0x624F, 0x20A6, 
	0x20A5, 0x20A5, 0x18A5, 0x18A5, 0x20A5, 0x20A5, 0x20A5, 0x20A5, 0x20A5, 0x20A5, 0x20A5, 0x20A5, 0x20A5, 0x20A5, 0x20C5, 0x20A5, 
	0x20C5, 0x20A5, 0x20A5, 0x20A5, 0x20A5, 0x20A5, 0x20A5, 0x20A5, 0x20A5, 0x20C5, 0x20C5, 0x20A5, 0x20C5, 0x20A5, 0x20C5, 0x20C5, 
	0x20A5, 0x20A5, 0x20A5, 0x20C5, 0x20C5, 0x20C5, 0x20A5, 0x20A5, 0x20C6, 0x20A5, 0x20C5, 0x20C5, 0x20C5, 0x20A5, 0x20A5, 0x20C6, 
	0x20C5, 0x20C6, 0x20C5, 0x20A5, 0x20A5, 0x20C5, 0x20C5, 0x20C6, 0x20C6, 0x20A6, 0x20C5, 0x20C5, 0x20A5, 0x20A5, 0x20C5, 0x20A5, 
	0x20C5, 0x20A5, 0x20A5, 0x20C6, 0x20C6, 0x20A6, 0x20C6, 0x20C6, 0x20C6, 0x20A6, 0x20A5, 0x20A6, 0x20C6, 0x20C6, 0x20C6, 0x20C6, 
	0x20C6, 0x20C6, 0x20A6, 0x20C6, 0x20C6, 0x20C6, 0x20C6, 0x20C6, 0x20C6, 0x20C6, 0x20C6, 0x20C6, 0x20C6, 0x20C6, 0x20A6, 0x20C6, 
	0x28C6, 0x28C6, 0x20C6, 0x20C6, 0x28E7, 0x28E7, 0x28E7, 0x28E7, 0x28C7, 0x28E7, 0x2907, 0x28C6, 0x28C7, 0x28E7, 0x28E7, 0x28E7, 
	0x28E6, 0x28E6, 0x28E6, 0x28C6, 0x28E7, 0x28E7, 0x28E7, 0x28E6, 0x28E6, 0x28C6, 0x28E7, 0x28E7, 0x28E7, 0x28E7, 0x28E7, 0x28E7, 
	0x28E7, 0x28E7, 0x30E7, 0x30E7, 0x30E7, 0x30E7, 0x3107, 0x30E7, 0x30E7, 0x30E7, 0x30E7, 0x3908, 0x3907, 0x38E7, 0x30E7, 0x38E7, 
	0x4108, 0x4108, 0x4108, 0x38E8, 0x4108, 0x3908, 0x518C, 0x61EE, 0x4108, 0x4108, 0x4108, 0x4108, 0x4108, 0x4108, 0x4108, 0x4929, 
	0x494A, 0x4129, 0x4108, 0x3908, 0x3908, 0x3908, 0x38E8, 0x4108, 0x4108, 0x3908, 0x3907, 0x3907, 0x3908, 0x3908, 0x4108, 0x3908, 
	0x3908, 0x3908, 0x3907, 0x4108, 0x496B, 0x3908, 0x3908, 0x3908, 0x4108, 0x3907, 0x38E7, 0x3907, 0x4129, 0x4108, 0x4108, 0x3907, 
	0x3907, 0x38E7, 0x38E7, 0x3907, 0x3907, 0x38E7, 0x38E7, 0x38E7, 0x38E7, 0x3907, 0x3907, 0x38E7, 0x3908, 0x38E7, 0x38E7, 0x3908, 
	0x38E7, 0x38E7, 0x3907, 0x4108, 0x38E7, 0x38E7, 0x38E7, 0x38E7, 0x38E7, 0x38E7, 0x38E7, 0x38E7, 0x38E7, 0x30C7, 0x30E7, 0x30E7, 
	0x30C6, 0x30C6, 0x30E7, 0x30C6, 0x30C6, 0x30E6, 0x30C6, 0x30C6, 0x30C7, 0x30E7, 0x30E6, 0x28E6, 0x28C6, 0x28E6, 0x28C6, 0x28C6, 
	0x30E6, 0x28C6, 0x28C6, 0x28C6, 0x28E6, 0x3127, 0x28E6, 0x28C6, 0x28C6, 0x28C6, 0x28E6, 0x28C6, 0x28C6, 0x28C6, 0x28C6, 0x28E6, 
	0x28C6, 0x28E6, 0x28E6, 0x28C6, 0x28C6, 0x28C6, 0x28C6, 0x28C6, 0x28C6, 0x28C6, 0x28C6, 0x20C6, 0x28C6, 0x20C6, 0x20C6, 0x20C5, 
	0x20C6, 0x20C6, 0x20C6, 0x20C6, 0x28C6, 0x28C6, 0x20C6, 0x20C6, 0x28C6, 0x20C6, 0x20C6, 0x20C6, 0x20C6, 0x20C6, 0x28C6, 0x20C6, 
	0x18A5, 0x18A5, 0x18A5, 0x18A5, 0x18A5, 0x18A5, 0x18A5, 0x18C5, 0x18A5, 0x18A5, 0x20A5, 0x18A5, 0x18A5, 0x20A5, 0x18A5, 0x20A5, 
	0x28E6, 0x20C5, 0x20A5, 0x20A5, 0x20A5, 0x20A5, 0x1885, 0x20A5, 0x20C6, 0x28E7, 0x18A5, 0x18A5, 0x18A5, 0x20A5, 0x20A5, 0x20A5, 
	0x20A5, 0x18A5, 0x20A5, 0x20A5, 0x20A5, 0x20C5, 0x20A5, 0x1885, 0x20A5, 0x20A5, 0x20A5, 0x20C5, 0x20C5, 0x20A5, 0x20A5, 0x18A5, 
	0x20A5, 0x20A5, 0x20A5, 0x20A5, 0x20A5, 0x20A5, 0x20A5, 0x20A5, 0x20A5, 0x20A5, 0x20A5, 0x20A5, 0x20C5, 0x20C5, 0x20C5, 0x20A5, 
	0x20A5, 0x20A5, 0x20A5, 0x20C5, 0x20A5, 0x20A5, 0x20A5, 0x20A5, 0x20C5, 0x20A5, 0x20C5, 0x20A5, 0x20C5, 0x20C5, 0x20A5, 0x20C5, 
	0x20C5, 0x20A5, 0x20C6, 0x20A5, 0x20C6, 0x20C5, 0x20A5, 0x20C5, 0x20C6, 0x20A6, 0x20C5, 0x20C6, 0x20C5, 0x20A5, 0x20A5, 0x20C5, 
	0x20C6, 0x20A5, 0x20A5, 0x20A6, 0x20C6, 0x20A6, 0x20C6, 0x20C5, 0x20C5, 0x20A6, 0x20A6, 0x20C6, 0x20C6, 0x20C6, 0x20C6, 0x20C6, 
	0x20C6, 0x20C6, 0x20C6, 0x20C6, 0x20A6, 0x20A6, 0x20C6, 0x20A6, 0x20C6, 0x20C6, 0x20C6, 0x20C6, 0x20C6, 0x20C6, 0x20C6, 0x20C6, 
	0x28E6, 0x20C6, 0x20C6, 0x28C6, 0x28E7, 0x28E8, 0x3949, 0x49EC, 0x3128, 0x28E7, 0x28E7, 0x28C6, 0x28E7, 0x28E7, 0x28E7, 0x28E6, 
	0x28E6, 0x28E7, 0x28C6, 0x28C6, 0x28E7, 0x28E7, 0x28E7, 0x28E7, 0x28E7, 0x28E7, 0x28E7, 0x28E7, 0x28E7, 0x28E7, 0x28E7, 0x28E7, 
	0x28E7, 0x28E7, 0x3107, 0x30E7, 0x30E7, 0x30E7, 0x30E7, 0x30E7, 0x30E7, 0x3908, 0x38E7, 0x3908, 0x3908, 0x38E7, 0x3908, 0x38E8, 
	0x3908, 0x38E8, 0x3908, 0x4108, 0x4108, 0x4108, 0x4108, 0x4129, 0x4128, 0x4129, 0x4108, 0x4108, 0x4929, 0x4929, 0x4108, 0x4109, 
	0x4108, 0x4128, 0x4128, 0x4108, 0x4108, 0x4108, 0x4108, 0x4108, 0x3908, 0x3908, 0x3907, 0x3907, 0x3908, 0x38E8, 0x3908, 0x3908, 
	0x3908, 0x38E7, 0x38E7, 0x3908, 0x3908, 0x3908, 0x3908, 0x38E7, 0x3907, 0x4108, 0x38E7, 0x4908, 0x516B, 0x4929, 0x4108, 0x3908, 
	0x3908, 0x3907, 0x38E7, 0x3907, 0x38E7, 0x3907, 0x38E7, 0x38E7, 0x38E7, 0x38E7, 0x38E7, 0x38E7, 0x38E7, 0x38E7, 0x3907, 0x3908, 
	0x38E7, 0x3908, 0x38E7, 0x40E8, 0x38E7, 0x38E7, 0x38E7, 0x4108, 0x38E7, 0x38E7, 0x38E7, 0x38E7, 0x30E7, 0x30E7, 0x30E7, 0x30E7, 
	0x30C6, 0x30C7, 0x30C7, 0x30C7, 0x30E7, 0x30E6, 0x30E6, 0x30C6, 0x30C6, 0x30E6, 0x30E6, 0x28C6, 0x28C6, 0x28C6, 0x28C6, 0x28E6, 
	0x28E6, 0x28C6, 0x28C6, 0x28C6, 0x28C6, 0x28C6, 0x28C6, 0x28C6, 0x28C6, 0x28C6, 0x28E6, 0x28C6, 0x20C6, 0x28C6, 0x28C6, 0x28E6, 
	0x20C6, 0x28E6, 0x28C6, 0x20C6, 0x28C6, 0x28C6, 0x20C6, 0x28E6, 0x28C6, 0x20C6, 0x20C5, 0x20C6, 0x28C6, 0x28C6, 0x28E7, 0x28C6, 
	0x20C6, 0x20C6, 0x20C6, 0x20C6, 0x28C6, 0x28E6, 0x28C6, 0x20C6, 0x20C6, 0x20C6, 0x20C6, 0x28C6, 0x20C6, 0x20C6, 0x20C6, 0x20C6, 
	0x18A5, 0x18A5, 0x18A5, 0x18A5, 0x18A5, 0x18A5, 0x18A5, 0x18A5, 0x18A5, 0x20A5, 0x18A5, 0x18A5, 0x18A5, 0x18A5, 0x18A5, 0x18A5, 
	0x1885, 0x18A5, 0x18A5, 0x18A5, 0x20C5, 0x20A5, 0x20A5, 0x18A5, 0x3949, 0x49CC, 0x18A5, 0x18A5, 0x18A5, 0x20A5, 0x20A5, 0x20A5, 
	0x18A5, 0x18A5, 0x18A5, 0x20A5, 0x20A5, 0x20A5, 0x20A5, 0x20A5, 0x20A5, 0x20A5, 0x20A5, 0x1885, 0x20A5, 0x20C5, 0x20A5, 0x20A5, 
	0x1885, 0x20A5, 0x20A5, 0x20A5, 0x20C5, 0x20A5, 0x20A5, 0x20A5, 0x20A5, 0x20A5, 0x20A5, 0x20C5, 0x18A5, 0x20A5, 0x20C5, 0x20A5, 
	0x20C5, 0x20A5, 0x18A5, 0x20C5, 0x20C5, 0x20A5, 0x20A5, 0x20A5, 0x20A5, 0x20C5, 0x20C5, 0x20A5, 0x20C5, 0x20C6, 0x20C5, 0x18A5, 
	0x20A5, 0x20A5, 0x20A5, 0x20A5, 0x20A5, 0x20C5, 0x20C6, 0x20C6, 0x20A5, 0x20A5, 0x20A5, 0x20C5, 0x20C6, 0x20C6, 0x20C6, 0x20A6, 
	0x20A5, 0x20A5, 0x20C6, 0x20A5, 0x20A6, 0x20A6, 0x20C6, 0x20A6, 0x20C6, 0x20C6, 0x20A6, 0x20C6, 0x20A6, 0x20C6, 0x20C6, 0x20C6, 
	0x20C6, 0x20A6, 0x20C6, 0x20A6, 0x20C6, 0x20C6, 0x20C6, 0x20C6, 0x28E6, 0x20C6, 0x20C6, 0x20C6, 0x20C6, 0x20C6, 0x20C6, 0x20C6, 
	0x20C6, 0x20C6, 0x20C6, 0x20C6, 0x28E7, 0x3128, 0x83D5, 0xB57B, 0x522D, 0x20C6, 0x28C6, 0x20C6, 0x28C7, 0x28C7, 0x28E7, 0x28E6, 
	0x28E7, 0x28E7, 0x28E6, 0x28E7, 0x28E7, 0x28C7, 0x28E7, 0x28E7, 0x3107, 0x28E7, 0x28E7, 0x28E7, 0x28E7, 0x28E7, 0x28E7, 0x30E7, 
	0x3107, 0x30E7, 0x30E7, 0x3108, 0x3108, 0x3107, 0x30E7, 0x3908, 0x30E7, 0x3908, 0x3908, 0x38E8, 0x38E8, 0x3908, 0x3908, 0x3908, 
	0x3908, 0x38E8, 0x3908, 0x4108, 0x4108, 0x4108, 0x4108, 0x4108, 0x4129, 0x4109, 0x4108, 0x4108, 0x4129, 0x4129, 0x4108, 0x4109, 
	0x4108, 0x4108, 0x4108, 0x4108, 0x4108, 0x4108, 0x4108, 0x4108, 0x38E7, 0x3907, 0x3908, 0x3908, 0x3908, 0x3908, 0x3908, 0x3908, 
	0x4108, 0x4108, 0x3907, 0x3907, 0x38E7, 0x4108, 0x4128, 0x3908, 0x3908, 0x4108, 0x4108, 0x4108, 0x4128, 0x4108, 0x4108, 0x4108, 
	0x4108, 0x3908, 0x38E7, 0x3908, 0x3908, 0x3907, 0x3907, 0x3907, 0x38E7, 0x38E7, 0x3907, 0x3907, 0x3907, 0x38E7, 0x3907, 0x3907, 
	0x3907, 0x3908, 0x38E7, 0x40E7, 0x40E7, 0x4107, 0x38E7, 0x40E7, 0x38E7, 0x38E7, 0x38E7, 0x38E7, 0x38E7, 0x38E7, 0x30E7, 0x30E7, 
	0x30E7, 0x30E7, 0x30E7, 0x30E7, 0x30E7, 0x30C6, 0x30E6, 0x30E6, 0x30C6, 0x30C6, 0x28C6, 0x28C6, 0x28C6, 0x28C6, 0x28E6, 0x28C6, 
	0x28C6, 0x28C6, 0x28C6, 0x28E6, 0x28C6, 0x28C6, 0x28C6, 0x28E6, 0x28C6, 0x28C6, 0x28E6, 0x28C6, 0x28C6, 0x28E6, 0x28E6, 0x28C6, 
	0x20C6, 0x28C6, 0x28C6, 0x28C6, 0x20C6, 0x28C6, 0x20C6, 0x20C6, 0x28C6, 0x20C6, 0x28C6, 0x20C6, 0x20C6, 0x28E6, 0x3128, 0x28E7, 
	0x28C6, 0x28C6, 0x20C6, 0x28C6, 0x20C6, 0x20C6, 0x28C6, 0x20C6, 0x20C6, 0x20C6, 0x20C6, 0x20C6, 0x20C6, 0x28C6, 0x20C6, 0x20C6, 
	0x18A5, 0x18A5, 0x18A5, 0x18A5, 0x18A5, 0x18A5, 0x18A5, 0x18A5, 0x18A5, 0x18A5, 0x18A5, 0x18A5, 0x18A5, 0x1885, 0x20A5, 0x20A5, 
	0x18A5, 0x20A5, 0x20A5, 0x18A5, 0x18A5, 0x18A5, 0x18A5, 0x20C5, 0x20A5, 0x20C6, 0x20A5, 0x20C5, 0x20A5, 0x20A5, 0x20A5, 0x20A5, 
	0x20A5, 0x18A5, 0x20A5, 0x20A5, 0x20A5, 0x1885, 0x18A5, 0x20A5, 0x20A5, 0x20A5, 0x20A5, 0x18A5, 0x20A5, 0x20A5, 0x18A5, 0x20A5, 
	0x20A5, 0x20A5, 0x20C5, 0x20A5, 0x20A5, 0x20A5, 0x20C5, 0x20A5, 0x20A5, 0x20A5, 0x20A5, 0x20A5, 0x20A5, 0x20A5, 0x20A5, 0x20A5, 
	0x20A5, 0x20A5, 0x20A5, 0x20C5, 0x20C5, 0x20C5, 0x20A5, 0x20C6, 0x20A5, 0x20C5, 0x20C5, 0x20A5, 0x20A5, 0x20A5, 0x20C5, 0x20A5, 
	0x20C6, 0x20C6, 0x20C6, 0x20C6, 0x20A5, 0x20A5, 0x20C6, 0x20A5, 0x20A5, 0x20A5, 0x20C6, 0x20C6, 0x20C6, 0x20C6, 0x20A5, 0x20A5, 
	0x20A6, 0x20A5, 0x20A5, 0x20C6, 0x20C6, 0x20A6, 0x20C6, 0x20C6, 0x20A6, 0x20A6, 0x20C6, 0x20A6, 0x20C6, 0x20C6, 0x20C6, 0x20C6, 
	0x20C6, 0x20C6, 0x20C6, 0x20C6, 0x20C6, 0x20C6, 0x20C6, 0x28E6, 0x28E7, 0x20C6, 0x20C6, 0x20C6, 0x20C6, 0x20C6, 0x20C6, 0x20C6, 
	0x20C6, 0x28E6, 0x28E6, 0x28C6, 0x28E6, 0x3128, 0x7353, 0x83F5, 0x3969, 0x28E7, 0x28E7, 0x28E6, 0x28C6, 0x28E7, 0x28E7, 0x28E7, 
	0x28E7, 0x28E7, 0x28E6, 0x28E6, 0x28E7, 0x28E7, 0x28E7, 0x28E7, 0x28E7, 0x28E7, 0x28E7, 0x28E7, 0x28E7, 0x28E7, 0x28E7, 0x28E7, 
	0x30E7, 0x30E7, 0x3107, 0x3128, 0x3928, 0x30E7, 0x30E7, 0x30E7, 0x38E7, 0x38E7, 0x38E7, 0x38E8, 0x38E8, 0x38E8, 0x3908, 0x38E8, 
	0x3908, 0x38E8, 0x3908, 0x3908, 0x4108, 0x4108, 0x4108, 0x4929, 0x4108, 0x4109, 0x4108, 0x4108, 0x4109, 0x4108, 0x4128, 0x4108, 
	0x4109, 0x4128, 0x4108, 0x4108, 0x4108, 0x4108, 0x40E8, 0x4108, 0x3908, 0x3908, 0x3908, 0x4108, 0x3908, 0x38E7, 0x4108, 0x498B, 
	0x4129, 0x3907, 0x38E7, 0x3907, 0x38E7, 0x3908, 0x3908, 0x3908, 0x38E7, 0x4108, 0x4108, 0x4108, 0x3907, 0x4107, 0x4108, 0x3908, 
	0x38E7, 0x3907, 0x38E7, 0x3907, 0x3907, 0x38E7, 0x38E7, 0x38E7, 0x38E7, 0x3907, 0x3908, 0x3907, 0x3907, 0x38E7, 0x3907, 0x3907, 
	0x38E7, 0x38E8, 0x38E8, 0x40E8, 0x38E7, 0x38E7, 0x38E7, 0x38E7, 0x38E7, 0x38E7, 0x38E7, 0x38E7, 0x38E7, 0x38E7, 0x30C7, 0x30C7, 
	0x30E7, 0x30C7, 0x30E7, 0x30C6, 0x30C6, 0x30E6, 0x30E6, 0x30C6, 0x30C6, 0x30C6, 0x28C6, 0x28C6, 0x28C6, 0x28C6, 0x28C6, 0x28C6, 
	0x28C6, 0x28C6, 0x28C6, 0x28C6, 0x28E6, 0x28C6, 0x28E6, 0x28C6, 0x28C6, 0x28C6, 0x28C6, 0x28C6, 0x28E6, 0x28C6, 0x28E6, 0x28E6, 
	0x28E6, 0x28E6, 0x28C6, 0x20C6, 0x20C6, 0x28E6, 0x28E6, 0x28C6, 0x28C6, 0x28C6, 0x28C6, 0x20C6, 0x20C5, 0x20C6, 0x28C6, 0x20C6, 
	0x28E6, 0x20C6, 0x20C6, 0x28C6, 0x20C6, 0x28C6, 0x28E6, 0x20C6, 0x28C6, 0x28C6, 0x20C6, 0x20C6, 0x20C6, 0x28C6, 0x20C6, 0x20C6, 
	0x18A5, 0x18A5, 0x18A5, 0x18A5, 0x18A5, 0x18A5, 0x20A5, 0x18A5, 0x18A5, 0x18A5, 0x18A5, 0x20A5, 0x18A5, 0x18A5, 0x20A5, 0x18A5, 
	0x20A5, 0x20C5, 0x20A5, 0x20A5, 0x20A5, 0x20A5, 0x1885, 0x20A5, 0x20A5, 0x20A5, 0x20A5, 0x20A5, 0x20C6, 0x1885, 0x20A5, 0x20A5, 
	0x20A5, 0x20A5, 0x20A5, 0x20A5, 0x20A5, 0x18A5, 0x20A5, 0x20A5, 0x20A5, 0x20A5, 0x20A5, 0x20A5, 0x20A5, 0x20A5, 0x20A5, 0x20A5, 
	0x20A5, 0x20A5, 0x20A5, 0x20A5, 0x20A5, 0x20A5, 0x20A5, 0x28E7, 0x2907, 0x20A5, 0x20A5, 0x20A5, 0x20A5, 0x20C5, 0x20A5, 0x20C5, 
	0x20A5, 0x20A5, 0x20C5, 0x20A5, 0x20A5, 0x20A5, 0x20A5, 0x20A5, 0x20C5, 0x20C6, 0x2907, 0x20C5, 0x20C5, 0x20A5, 0x20A5, 0x20A5, 
	0x20C5, 0x20E6, 0x20A5, 0x1884, 0x20A5, 0x20C6, 0x20C6, 0x20C6, 0x20A5, 0x20A6, 0x20A6, 0x20A6, 0x20A6, 0x20A6, 0x20A6, 0x20C6, 
	0x20C6, 0x20A6, 0x20A6, 0x20C6, 0x20A6, 0x20A5, 0x20C6, 0x20A6, 0x20A6, 0x20C6, 0x20A6, 0x20C6, 0x20C6, 0x20C6, 0x20C6, 0x20C6, 
	0x20C6, 0x20C6, 0x20C6, 0x20C6, 0x20C6, 0x20C6, 0x20C6, 0x20C6, 0x28C6, 0x20C6, 0x20C6, 0x28C6, 0x20C6, 0x20C6, 0x28E6, 0x20C6, 
	0x20C6, 0x28E6, 0x28C6, 0x28C6, 0x28E7, 0x28C7, 0x2908, 0x28E7, 0x28E7, 0x28E7, 0x2907, 0x28C6, 0x28E6, 0x28E6, 0x28E6, 0x28E7, 
	0x28E6, 0x28C6, 0x28E6, 0x28E7, 0x28E7, 0x28E7, 0x28E7, 0x28E6, 0x28C6, 0x28E7, 0x28E7, 0x28E7, 0x28E7, 0x28E7, 0x3107, 0x28E7, 
	0x28E7, 0x30E7, 0x30E7, 0x30E7, 0x3107, 0x3107, 0x30E7, 0x3107, 0x3107, 0x30E8, 0x30E7, 0x3908, 0x38E8, 0x38E8, 0x38E8, 0x3908, 
	0x4108, 0x4108, 0x4108, 0x4108, 0x4108, 0x40E8, 0x40E8, 0x4109, 0x40E8, 0x4908, 0x4109, 0x4109, 0x4908, 0x4908, 0x4929, 0x4108, 
	0x4929, 0x4129, 0x4128, 0x4129, 0x4108, 0x4108, 0x4108, 0x4108, 0x3908, 0x3908, 0x38E7, 0x3908, 0x4108, 0x3908, 0x4108, 0x496A, 
	0x4129, 0x38E8, 0x4128, 0x3908, 0x3908, 0x3908, 0x38E7, 0x38E7, 0x3907, 0x3908, 0x4108, 0x4108, 0x4107, 0x4108, 0x3907, 0x3908, 
	0x4108, 0x3907, 0x38E7, 0x4108, 0x3907, 0x3907, 0x38E7, 0x38E7, 0x3908, 0x4128, 0x4128, 0x4128, 0x4128, 0x4108, 0x3908, 0x38E7, 
	0x38E7, 0x38E7, 0x3908, 0x4108, 0x4108, 0x38E7, 0x38E7, 0x38E7, 0x38E7, 0x38E7, 0x38E7, 0x30C7, 0x38E7, 0x30E7, 0x30E7, 0x30E7, 
	0x30C7, 0x30C6, 0x30E7, 0x30C6, 0x30C6, 0x30C6, 0x30C6, 0x30C6, 0x30E6, 0x30E6, 0x30E6, 0x30E6, 0x28C6, 0x28C6, 0x28E6, 0x28C6, 
	0x28C6, 0x28E6, 0x28E6, 0x28C6, 0x28C6, 0x28C6, 0x28E6, 0x28C6, 0x28E6, 0x28E6, 0x28C6, 0x28E6, 0x28C6, 0x28C6, 0x28C6, 0x28E6, 
	0x28C6, 0x28C6, 0x28C6, 0x28C6, 0x28C6, 0x28C6, 0x28C6, 0x28C6, 0x28C6, 0x20C6, 0x28C6, 0x20C6, 0x20C6, 0x20C6, 0x28C6, 0x28C6, 
	0x28C6, 0x28C6, 0x28C6, 0x28C6, 0x20C6, 0x20C6, 0x20C6, 0x20C6, 0x20C6, 0x28C6, 0x28C6, 0x28C6, 0x20C6, 0x20C6, 0x28C6, 0x20C6, 
	0x18A5, 0x1885, 0x18A5, 0x18A5, 0x18A5, 0x1885, 0x18A5, 0x18A5, 0x18A5, 0x18A5, 0x18A5, 0x18A5, 0x1885, 0x18A5, 0x1885, 0x1885, 
	0x20A5, 0x20C5, 0x18A5, 0x20A5, 0x1885, 0x20A5, 0x20A5, 0x20A5, 0x18A5, 0x18A5, 0x18A5, 0x18A5, 0x20A5, 0x20A5, 0x18A5, 0x20A5, 
	0x20A5, 0x20A5, 0x20A5, 0x20A5, 0x20A5, 0x20A5, 0x20A5, 0x20A5, 0x18A5, 0x20A5, 0x20A5, 0x20A5, 0x20A5, 0x20A5, 0x20C5, 0x20A5, 
	0x20A5, 0x20A5, 0x20A5, 0x20A5, 0x20C5, 0x20A5, 0x20A5, 0x20E6, 0x28E6, 0x20A5, 0x20A5, 0x20A5, 0x20A5, 0x20A5, 0x20A5, 0x20C5, 
	0x20C5, 0x20C5, 0x20C5, 0x20C5, 0x20A5, 0x20C5, 0x20C5, 0x20C5, 0x20A5, 0x3128, 0x522E, 0x20A5, 0x20C5, 0x20C5, 0x20C5, 0x18A5, 
	0x20A5, 0x20A5, 0x3127, 0x6B10, 0x3148, 0x20A6, 0x20C6, 0x20A5, 0x20A5, 0x20A6, 0x20A5, 0x20A5, 0x20C6, 0x20A6, 0x20C6, 0x20C6, 
	0x20C5, 0x20A5, 0x20C6, 0x20C6, 0x20C6, 0x20C6, 0x20C6, 0x20A6, 0x20C6, 0x20C6, 0x20C6, 0x20A6, 0x20C6, 0x20A6, 0x20A6, 0x20C6, 
	0x20C6, 0x20C6, 0x20A6, 0x28E7, 0x3107, 0x20C6, 0x20C6, 0x20A6, 0x28E6, 0x28C6, 0x20C6, 0x20C6, 0x20C6, 0x20C6, 0x20C6, 0x20C6, 
	0x20C6, 0x20C6, 0x20C6, 0x20C6, 0x20C6, 0x28E7, 0x28C7, 0x28E7, 0x28E6, 0x28E7, 0x28C6, 0x28C6, 0x28C6, 0x28C6, 0x20C6, 0x28E7, 
	0x28E7, 0x28E7, 0x28E7, 0x28E6, 0x28E6, 0x28E7, 0x28E7, 0x28E6, 0x28E7, 0x28E7, 0x30E7, 0x28E7, 0x30E7, 0x30E7, 0x28E7, 0x28C7, 
	0x28E7, 0x3107, 0x3107, 0x30E7, 0x30E7, 0x30E7, 0x30E7, 0x3107, 0x30E7, 0x30E7, 0x3907, 0x3908, 0x38E8, 0x38E8, 0x3908, 0x4108, 
	0x3908, 0x3908, 0x38E8, 0x4108, 0x40E8, 0x4108, 0x4909, 0x4909, 0x4909, 0x4909, 0x4909, 0x4909, 0x4929, 0x4908, 0x4909, 0x4108, 
	0x4109, 0x4108, 0x4109, 0x4108, 0x4108, 0x4108, 0x4108, 0x4108, 0x4108, 0x3908, 0x38E8, 0x3908, 0x3908, 0x4108, 0x3908, 0x3908, 
	0x3908, 0x4128, 0x4149, 0x3908, 0x3908, 0x4128, 0x38E7, 0x3907, 0x3907, 0x3908, 0x3907, 0x3908, 0x4108, 0x4128, 0x4108, 0x4108, 
	0x4128, 0x4108, 0x4108, 0x4108, 0x3907, 0x3907, 0x3907, 0x38E8, 0x38E7, 0x4128, 0x4929, 0x61CC, 0x598B, 0x4929, 0x4128, 0x38C7, 
	0x38E7, 0x4108, 0x38E8, 0x38C7, 0x38E7, 0x38E7, 0x38E7, 0x38E7, 0x38E7, 0x3907, 0x30C7, 0x30C7, 0x38E7, 0x30E7, 0x30E7, 0x30E7, 
	0x30C7, 0x30C7, 0x30E6, 0x30E6, 0x30C6, 0x30C6, 0x30C6, 0x30C7, 0x30E6, 0x30E6, 0x30C6, 0x30E6, 0x28C6, 0x28C6, 0x28E6, 0x30E6, 
	0x28E6, 0x28E6, 0x30E6, 0x28C6, 0x28C6, 0x28C6, 0x28C6, 0x28C6, 0x28E6, 0x28C6, 0x28C6, 0x28E6, 0x28C6, 0x28C6, 0x28E6, 0x28C6, 
	0x28C6, 0x28E6, 0x28C6, 0x28C6, 0x28E6, 0x28E6, 0x20C6, 0x20C6, 0x28E6, 0x20C6, 0x28C6, 0x28C6, 0x28C6, 0x20C5, 0x28C6, 0x28E6, 
	0x28E6, 0x28C6, 0x28C6, 0x28C6, 0x20A6, 0x28C6, 0x20C6, 0x28C6, 0x28C6, 0x20C6, 0x20C6, 0x20C6, 0x28C6, 0x28C6, 0x20C6, 0x20A6, 
	0x18A5, 0x18A5, 0x18A5, 0x1885, 0x1885, 0x18A5, 0x18A5, 0x20A5, 0x18A5, 0x1885, 0x18A5, 0x18A5, 0x18A5, 0x20A5, 0x18A5, 0x18A5, 
	0x20A5, 0x20A5, 0x20A5, 0x20A5, 0x20A5, 0x20C6, 0x20A5, 0x20A5, 0x20C5, 0x20A5, 0x20A5, 0x18A5, 0x20A5, 0x20A5, 0x20A5, 0x20A5, 
	0x20A5, 0x18A5, 0x18A5, 0x18A5, 0x20A5, 0x20A5, 0x20A5, 0x20A5, 0x20A5, 0x20C5, 0x20A5, 0x20A5, 0x20A5, 0x20A5, 0x20A5, 0x20A5, 
	0x20A5, 0x20A5, 0x20C5, 0x20A5, 0x20A5, 0x20C5, 0x20C5, 0x20A5, 0x20A5, 0x20A5, 0x20A5, 0x20A5, 0x20A5, 0x20A5, 0x20A5, 0x20A5, 
	0x20A5, 0x20C5, 0x20C5, 0x20C5, 0x20A5, 0x20A5, 0x20A5, 0x20C5, 0x20C5, 0x20C5, 0x20C6, 0x20C5, 0x20C5, 0x20A5, 0x20A5, 0x20C5, 
	0x20A5, 0x20C6, 0x3127, 0x7372, 0x3148, 0x18A5, 0x20A5, 0x20A5, 0x20A5, 0x20C6, 0x20A5, 0x20C6, 0x20A6, 0x20A6, 0x20C6, 0x20C6, 
	0x20C6, 0x20C6, 0x20C6, 0x20C6, 0x20C6, 0x20C6, 0x20C6, 0x20C6, 0x20A6, 0x20C6, 0x20A6, 0x20C6, 0x20C6, 0x20C6, 0x20C6, 0x20C6, 
	0x20C6, 0x20C6, 0x20C6, 0x3128, 0x3948, 0x20C6, 0x20C6, 0x28E6, 0x20C6, 0x20C6, 0x28E6, 0x20C6, 0x28C6, 0x20C6, 0x20C6, 0x28C6, 
	0x20C6, 0x28E7, 0x28E6, 0x20C6, 0x28E6, 0x28E7, 0x28E7, 0x28C6, 0x28C6, 0x28C6, 0x28E6, 0x28C6, 0x28E7, 0x28C6, 0x28E6, 0x28E7, 
	0x28E7, 0x28E7, 0x28E7, 0x28E7, 0x28E7, 0x28E7, 0x28E7, 0x28E7, 0x28E7, 0x28E7, 0x3108, 0x30E7, 0x30E7, 0x30E7, 0x30E7, 0x30E7, 
	0x30E7, 0x3107, 0x3107, 0x30E7, 0x30E7, 0x30E7, 0x30E7, 0x30E7, 0x3108, 0x3908, 0x38E7, 0x38E8, 0x3908, 0x3908, 0x3908, 0x3908, 
	0x3908, 0x4108, 0x4108, 0x4109, 0x4108, 0x4109, 0x4929, 0x4109, 0x4909, 0x4929, 0x4909, 0x514A, 0x5129, 0x4909, 0x4929, 0x4929, 
	0x4929, 0x4929, 0x4129, 0x4108, 0x4108, 0x4108, 0x4108, 0x4108, 0x4108, 0x4108, 0x3908, 0x3908, 0x3907, 0x3908, 0x3908, 0x38E7, 
	0x38E8, 0x4108, 0x4128, 0x38E8, 0x38E7, 0x3907, 0x38E7, 0x3907, 0x38E7, 0x3907, 0x3907, 0x4108, 0x4108, 0x4128, 0x4108, 0x4108, 
	0x4108, 0x4108, 0x4108, 0x38E7, 0x38E7, 0x38E7, 0x3908, 0x3908, 0x4108, 0x4928, 0x61CC, 0xAC15, 0x9B73, 0x514A, 0x4108, 0x38E8, 
	0x38E7, 0x38E7, 0x38E8, 0x38E7, 0x38E7, 0x38E7, 0x38E7, 0x38E7, 0x38E7, 0x3907, 0x30E7, 0x38E7, 0x30E7, 0x30C6, 0x30E7, 0x30C7, 
	0x30C7, 0x30C7, 0x30C6, 0x30C6, 0x30C6, 0x30E7, 0x30C6, 0x30C6, 0x30C6, 0x30E6, 0x30C6, 0x28C6, 0x28C6, 0x30E6, 0x28E6, 0x28E6, 
	0x28E6, 0x28C6, 0x28C6, 0x28C6, 0x3107, 0x3107, 0x28C6, 0x28C6, 0x28C6, 0x28C6, 0x28E6, 0x28C6, 0x28C6, 0x28E6, 0x28E6, 0x28E6, 
	0x28C6, 0x28C6, 0x28C6, 0x28C6, 0x28E6, 0x28E6, 0x20C6, 0x28C6, 0x20C6, 0x20C6, 0x28C6, 0x28C6, 0x28E6, 0x49AA, 0x3107, 0x28E6, 
	0x28C6, 0x28C6, 0x28C6, 0x28C6, 0x28C6, 0x28C6, 0x28C6, 0x20C6, 0x20C6, 0x20C6, 0x20C6, 0x20C6, 0x28C6, 0x28C6, 0x20C6, 0x20C6, 
	0x18A5, 0x18A5, 0x18A5, 0x20A5, 0x18A5, 0x18A5, 0x18A5, 0x20A5, 0x18A5, 0x1885, 0x18A5, 0x20A5, 0x18A5, 0x18A5, 0x20A5, 0x20A5, 
	0x20A5, 0x1885, 0x20A5, 0x20A5, 0x20A5, 0x20A5, 0x20A5, 0x20A5, 0x20C6, 0x20C5, 0x20A5, 0x20A5, 0x28C6, 0x20C6, 0x20A5, 0x20A5, 
	0x20A5, 0x20A5, 0x20A5, 0x20A5, 0x20A5, 0x20A5, 0x20A5, 0x20A5, 0x20C5, 0x20C5, 0x20A5, 0x20C5, 0x20C5, 0x18A5, 0x20A5, 0x20A5, 
	0x20A5, 0x20A5, 0x20A5, 0x20A5, 0x20A5, 0x20A5, 0x20A5, 0x20C5, 0x20A5, 0x20A5, 0x20A5, 0x20A5, 0x20A5, 0x18A5, 0x20C5, 0x20A5, 
	0x20A5, 0x20A5, 0x20C5, 0x20A5, 0x20A5, 0x20C6, 0x20C6, 0x20C6, 0x18A5, 0x20C5, 0x20A5, 0x20C6, 0x20C6, 0x20C5, 0x20C5, 0x20A5, 
	0x20A5, 0x20C5, 0x20A5, 0x1884, 0x20E6, 0x28E6, 0x20C6, 0x20C6, 0x20C6, 0x20A6, 0x20A5, 0x20C6, 0x20A5, 0x20A6, 0x20C6, 0x20A6, 
	0x20C6, 0x20C6, 0x20C6, 0x20C6, 0x20C6, 0x20C6, 0x20A6, 0x20C6, 0x20A6, 0x20A6, 0x20C6, 0x28C6, 0x20C6, 0x20C6, 0x20C6, 0x20C6, 
	0x20C6, 0x20C6, 0x20C6, 0x20C6, 0x20C6, 0x20C6, 0x20C6, 0x20C6, 0x20C6, 0x20C6, 0x28C6, 0x28C6, 0x28E7, 0x28E6, 0x20C6, 0x20C6, 
	0x20C6, 0x28E7, 0x28C6, 0x20C6, 0x28E6, 0x28C6, 0x28C6, 0x28E7, 0x28C6, 0x20C6, 0x28E6, 0x28C6, 0x28E7, 0x28E6, 0x28E7, 0x28E7, 
	0x28E6, 0x28E7, 0x28E7, 0x28E7, 0x28C7, 0x28E7, 0x3107, 0x28E7, 0x28E7, 0x28E7, 0x3949, 0x3928, 0x30E7, 0x30E7, 0x30E7, 0x30E7, 
	0x30E7, 0x30E7, 0x30E7, 0x30E7, 0x30E7, 0x30E7, 0x3108, 0x3908, 0x3908, 0x3908, 0x38E7, 0x3908, 0x3908, 0x3908, 0x4108, 0x4108, 
	0x4129, 0x4949, 0x4129, 0x4108, 0x4109, 0x4929, 0x4929, 0x4109, 0x4108, 0x4108, 0x4909, 0x514A, 0x512A, 0x4909, 0x4929, 0x4929, 
	0x4929, 0x4929, 0x4109, 0x4108, 0x4108, 0x4128, 0x4108, 0x4108, 0x4108, 0x4108, 0x4108, 0x3908, 0x3908, 0x3908, 0x4128, 0x3908, 
	0x3908, 0x3908, 0x3908, 0x3908, 0x38E7, 0x38E8, 0x3908, 0x4108, 0x3907, 0x38E7, 0x4108, 0x4928, 0x4108, 0x4108, 0x4108, 0x4107, 
	0x4108, 0x4108, 0x4108, 0x38E7, 0x38E7, 0x4108, 0x4108, 0x4108, 0x38E8, 0x4908, 0x69EC, 0xAC56, 0x9B93, 0x516A, 0x4108, 0x38E8, 
	0x38E8, 0x4108, 0x3908, 0x38E7, 0x38E7, 0x38E7, 0x38E7, 0x3907, 0x38E7, 0x30E7, 0x30E7, 0x30E7, 0x30E7, 0x30E7, 0x30E7, 0x30E7, 
	0x30E7, 0x30E7, 0x30E7, 0x30C7, 0x30E7, 0x30E7, 0x30E6, 0x30E6, 0x30C6, 0x30E6, 0x30C6, 0x28C6, 0x30E6, 0x30E6, 0x28E6, 0x28C6, 
	0x28C6, 0x28E6, 0x28E6, 0x28C6, 0x30E6, 0x30E7, 0x28C6, 0x28C6, 0x28C6, 0x28E6, 0x28C6, 0x28E6, 0x28C6, 0x28E6, 0x28C6, 0x28C6, 
	0x28C6, 0x28C6, 0x28C6, 0x28C6, 0x28C6, 0x28C6, 0x28C6, 0x20C6, 0x20C6, 0x28C6, 0x28C6, 0x28C6, 0x28E6, 0x51EC, 0x28E6, 0x28C6, 
	0x28C6, 0x28C6, 0x28C6, 0x28E6, 0x28E6, 0x28E6, 0x28C6, 0x20C6, 0x20C6, 0x28C6, 0x28C6, 0x20C6, 0x28C6, 0x20C6, 0x28C6, 0x20C6, 
	0x20A5, 0x20A5, 0x18A5, 0x20A5, 0x20C5, 0x20A5, 0x20A5, 0x20A5, 0x20A5, 0x20A5, 0x20A5, 0x20A5, 0x18A5, 0x20A5, 0x20A5, 0x20C5, 
	0x20A5, 0x20A5, 0x20C5, 0x1885, 0x20A5, 0x20A5, 0x20A5, 0x20A5, 0x20C5, 0x20A5, 0x18A5, 0x20A5, 0x2907, 0x28E7, 0x20A5, 0x20C5, 
	0x20C5, 0x20A5, 0x20A5, 0x20A5, 0x20A5, 0x20A5, 0x20A5, 0x20A5, 0x20A5, 0x20A5, 0x20A5, 0x20A5, 0x20A5, 0x20A5, 0x20C5, 0x20A5, 
	0x20A5, 0x20A5, 0x20A5, 0x20A5, 0x20A5, 0x20A5, 0x20A5, 0x20C5, 0x20A5, 0x20A5, 0x20A5, 0x20C5, 0x20A5, 0x20A5, 0x20A5, 0x20A5, 
	0x20C5, 0x20A5, 0x20C5, 0x20A5, 0x20A5, 0x20C6, 0x20C6, 0x20C6, 0x20A5, 0x20A5, 0x20C6, 0x20C6, 0x20C5, 0x20C5, 0x20C5, 0x20C5, 
	0x20A5, 0x20A5, 0x20A5, 0x20C5, 0x20A5, 0x20A6, 0x20A6, 0x20C6, 0x20A6, 0x20C6, 0x20C6, 0x20C6, 0x20C6, 0x20C6, 0x20C6, 0x20C6, 
	0x20C6, 0x20A5, 0x20C6, 0x20C6, 0x20C6, 0x20C6, 0x20C6, 0x20C6, 0x20A6, 0x20C6, 0x20A6, 0x20C6, 0x20C6, 0x20C6, 0x20C6, 0x20C6, 
	0x20C6, 0x20C6, 0x20C6, 0x20C6, 0x20C6, 0x28C6, 0x20C6, 0x20C6, 0x20C6, 0x20C6, 0x20C6, 0x20A6, 0x28E6, 0x28E6, 0x28C6, 0x20C6, 
	0x20C6, 0x28C6, 0x28E6, 0x28C6, 0x28E6, 0x28C6, 0x28C6, 0x28C6, 0x28C6, 0x28C6, 0x28C6, 0x28C6, 0x28C6, 0x28C6, 0x28E7, 0x28E7, 
	0x28E7, 0x28E7, 0x28E7, 0x28E7, 0x28E7, 0x28E7, 0x28E7, 0x28E7, 0x28E7, 0x28E7, 0x28E7, 0x28E7, 0x30E7, 0x30E7, 0x30E7, 0x30C7, 
	0x30E7, 0x30E7, 0x30E7, 0x30E7, 0x30E7, 0x30E7, 0x30E7, 0x3908, 0x3908, 0x3908, 0x3908, 0x3908, 0x3908, 0x38E8, 0x38E8, 0x38E8, 
	0x4129, 0x4929, 0x4109, 0x40E8, 0x40E8, 0x4109, 0x4929, 0x4109, 0x4929, 0x4909, 0x4909, 0x4929, 0x4909, 0x4929, 0x4929, 0x4929, 
	0x4909, 0x4909, 0x4909, 0x4909, 0x4108, 0x4108, 0x4108, 0x4108, 0x4108, 0x4108, 0x4128, 0x4108, 0x3908, 0x3908, 0x3908, 0x3908, 
	0x3908, 0x3908, 0x38E7, 0x3908, 0x3908, 0x3907, 0x3908, 0x3907, 0x3907, 0x4108, 0x4108, 0x4108, 0x4108, 0x4108, 0x4108, 0x4108, 
	0x4108, 0x4108, 0x4108, 0x3907, 0x3907, 0x3908, 0x4108, 0x4108, 0x38E7, 0x4108, 0x514A, 0x722E, 0x61CC, 0x4929, 0x3928, 0x38C7, 
	0x38E7, 0x3908, 0x3908, 0x38E7, 0x38E7, 0x38E7, 0x38E7, 0x3908, 0x38E7, 0x30E7, 0x30E7, 0x30E7, 0x30E7, 0x30C7, 0x30C6, 0x30E7, 
	0x30E7, 0x30C6, 0x30C7, 0x30C7, 0x30E7, 0x30C6, 0x3107, 0x30E6, 0x30E6, 0x30E6, 0x28C6, 0x30E6, 0x28C6, 0x28C6, 0x28C6, 0x28E6, 
	0x28C6, 0x28E6, 0x28C6, 0x28E6, 0x28C6, 0x28C6, 0x28E6, 0x28E6, 0x28E6, 0x28E6, 0x28C6, 0x28C6, 0x28C6, 0x28C6, 0x28C6, 0x28C6, 
	0x28E6, 0x28C6, 0x28C6, 0x28C6, 0x28C6, 0x28C6, 0x28C6, 0x28C6, 0x28C6, 0x28C6, 0x28C6, 0x28C6, 0x28E6, 0x20C6, 0x28C6, 0x28E7, 
	0x28C6, 0x20C6, 0x20C6, 0x28C6, 0x28E6, 0x28C6, 0x20C6, 0x20C6, 0x28E6, 0x28E6, 0x28C6, 0x28E6, 0x28C6, 0x28C6, 0x28C6, 0x28C6, 
	0x1884, 0x18A4, 0x1884, 0x20A5, 0x20A5, 0x18A5, 0x18A5, 0x18A5, 0x18A5, 0x20A5, 0x18A5, 0x20A5, 0x18A5, 0x20A5, 0x20A5, 0x20A5, 
	0x18A5, 0x20C5, 0x20C6, 0x20A5, 0x20A5, 0x20A5, 0x20A5, 0x18A5, 0x20A5, 0x20A5, 0x20A5, 0x20A5, 0x20A5, 0x20A5, 0x20A5, 0x20A5, 
	0x18A5, 0x20A5, 0x20A5, 0x20A5, 0x20A5, 0x20A5, 0x18A5, 0x18A5, 0x20A5, 0x20A5, 0x20A5, 0x20A5, 0x20A5, 0x18A5, 0x20A5, 0x20A5, 
	0x20A5, 0x20C5, 0x20A5, 0x20A5, 0x20A5, 0x20A5, 0x20A5, 0x20C5, 0x20C5, 0x20C5, 0x20C5, 0x20C5, 0x20C5, 0x20C5, 0x20A5, 0x20C5, 
	0x20C6, 0x20A5, 0x20C6, 0x20C5, 0x20A5, 0x20A5, 0x20A5, 0x20C6, 0x20C6, 0x20C6, 0x20C6, 0x20C6, 0x20C5, 0x20A5, 0x20C5, 0x20C5, 
	0x20C6, 0x20C5, 0x20A5, 0x20A5, 0x20C6, 0x20A5, 0x20C6, 0x20A5, 0x20A6, 0x20A6, 0x20C6, 0x20C5, 0x20A6, 0x20A6, 0x20C6, 0x20C6, 
	0x20C6, 0x20C6, 0x20C6, 0x20A6, 0x20C6, 0x20C6, 0x20C6, 0x20C6, 0x20A6, 0x20C6, 0x20C6, 0x20C6, 0x20C6, 0x20A6, 0x20C6, 0x20C6, 
	0x20C6, 0x20C6, 0x20C6, 0x20C6, 0x20C6, 0x20C6, 0x20C6, 0x20C6, 0x20C6, 0x28E6, 0x20C6, 0x20C6, 0x28E6, 0x28C6, 0x20C6, 0x28C6, 
	0x28C6, 0x28E6, 0x28E6, 0x28C6, 0x28C6, 0x28E6, 0x28E6, 0x28C6, 0x28E7, 0x28E7, 0x28C6, 0x28E6, 0x28E6, 0x28E6, 0x28E7, 0x28C7, 
	0x28E7, 0x28E7, 0x28E7, 0x28E7, 0x28E7, 0x28E7, 0x28E7, 0x28E7, 0x28E7, 0x30E7, 0x28E7, 0x30E7, 0x30E7, 0x30E7, 0x30E7, 0x30E7, 
	0x30C7, 0x30E7, 0x3107, 0x3907, 0x30E7, 0x3908, 0x30E7, 0x38E8, 0x3908, 0x30E7, 0x3908, 0x3908, 0x3908, 0x3908, 0x3908, 0x38E8, 
	0x4108, 0x4109, 0x4109, 0x4109, 0x4108, 0x4909, 0x4909, 0x4929, 0x492A, 0x5129, 0x4929, 0x4909, 0x512A, 0x514A, 0x4929, 0x4909, 
	0x4929, 0x4909, 0x4929, 0x4909, 0x4909, 0x4108, 0x4108, 0x4108, 0x4129, 0x4109, 0x4128, 0x4108, 0x3908, 0x3908, 0x38E8, 0x3908, 
	0x4128, 0x4128, 0x38E7, 0x38E7, 0x3907, 0x3907, 0x3907, 0x3908, 0x4108, 0x4108, 0x4108, 0x4108, 0x4108, 0x4108, 0x4928, 0x4908, 
	0x4108, 0x4108, 0x4108, 0x4108, 0x4108, 0x40E8, 0x4108, 0x38E8, 0x38E7, 0x4108, 0x4929, 0x494A, 0x4929, 0x4108, 0x3907, 0x38E8, 
	0x38E7, 0x38E8, 0x38E8, 0x38E7, 0x38E7, 0x38E7, 0x38E7, 0x38E7, 0x30C7, 0x30E7, 0x30E7, 0x30C7, 0x30E7, 0x30E7, 0x30C7, 0x30E7, 
	0x30E7, 0x30C7, 0x30C6, 0x30C6, 0x30E7, 0x30E7, 0x30C7, 0x28C6, 0x30E6, 0x30E6, 0x30E6, 0x30E6, 0x30E6, 0x28C6, 0x28C6, 0x28C6, 
	0x28C6, 0x28E6, 0x28E6, 0x30E6, 0x28C6, 0x28E6, 0x30E6, 0x28C6, 0x28E6, 0x28E6, 0x28C6, 0x28C6, 0x28C6, 0x28C6, 0x28C6, 0x28E6, 
	0x28C6, 0x28C6, 0x28C6, 0x28C6, 0x28C6, 0x28A6, 0x28C6, 0x28E6, 0x28C6, 0x20C6, 0x28C6, 0x20C6, 0x28C6, 0x28E6, 0x28C6, 0x28C6, 
	0x28C6, 0x28C6, 0x20C6, 0x20C6, 0x28C6, 0x28C6, 0x28C6, 0x20C6, 0x28C6, 0x28C6, 0x20C6, 0x28C6, 0x28C6, 0x28A6, 0x28C6, 0x20C6, 
	0x41EA, 0x7350, 0x3148, 0x1885, 0x18A5, 0x18A5, 0x18A5, 0x18A5, 0x18A5, 0x20A5, 0x18A5, 0x18A5, 0x20A5, 0x20A5, 0x2085, 0x20A5, 
	0x20A5, 0x20A5, 0x20A5, 0x20A5, 0x20A5, 0x1885, 0x20A5, 0x20A5, 0x20A5, 0x1885, 0x20A5, 0x20A5, 0x20A5, 0x20A5, 0x20A5, 0x20A5, 
	0x20A5, 0x20A5, 0x20A5, 0x20A5, 0x20A5, 0x20A5, 0x20A5, 0x20C5, 0x20A5, 0x20A5, 0x20A5, 0x20A5, 0x20C6, 0x20C5, 0x20A5, 0x20A5, 
	0x20A5, 0x20A5, 0x20A5, 0x20A5, 0x20C5, 0x20C6, 0x20A5, 0x20C5, 0x20A5, 0x20A5, 0x20C5, 0x20A5, 0x20A5, 0x20A5, 0x20A5, 0x20C5, 
	0x20C5, 0x20A5, 0x20C5, 0x20A5, 0x20A5, 0x20A5, 0x20A5, 0x20C6, 0x20A6, 0x20A5, 0x20A5, 0x20A5, 0x20A5, 0x20A5, 0x20A5, 0x20C5, 
	0x20C5, 0x20A5, 0x20A5, 0x3969, 0x28E7, 0x20A5, 0x20A6, 0x20A6, 0x20A5, 0x20A6, 0x20C6, 0x20A6, 0x20A6, 0x20A6, 0x20C6, 0x20A6, 
	0x20C6, 0x20C6, 0x20C6, 0x20C6, 0x20A6, 0x20A6, 0x20C6, 0x20A6, 0x20C6, 0x20C6, 0x20C6, 0x20C6, 0x20A6, 0x20C6, 0x20C6, 0x20C6, 
	0x20C6, 0x28C6, 0x20C6, 0x20C6, 0x20C6, 0x20C6, 0x28C6, 0x28C6, 0x28E6, 0x28E6, 0x20C6, 0x20C6, 0x20C6, 0x20C6, 0x28C6, 0x20C6, 
	0x28E6, 0x20C6, 0x28C6, 0x28C6, 0x28E6, 0x28C6, 0x28C6, 0x28E7, 0x28E7, 0x28E7, 0x28E7, 0x28E7, 0x3107, 0x28E7, 0x28E7, 0x28E7, 
	0x28C7, 0x28E7, 0x28E7, 0x28E7, 0x28E7, 0x30E7, 0x28E7, 0x30E7, 0x28E7, 0x28E7, 0x28E7, 0x28E7, 0x28E7, 0x28E7, 0x30E7, 0x30E7, 
	0x30E7, 0x30E7, 0x30E7, 0x30E7, 0x30E7, 0x30E8, 0x30E7, 0x30E7, 0x30E7, 0x38E7, 0x3908, 0x3908, 0x38E8, 0x38E8, 0x4108, 0x4108, 
	0x38E8, 0x40E8, 0x4108, 0x4109, 0x4109, 0x4909, 0x4929, 0x620E, 0x7B13, 0x516A, 0x4929, 0x4929, 0x596B, 0x596B, 0x512A, 0x4909, 
	0x4909, 0x4909, 0x5129, 0x4909, 0x4909, 0x4929, 0x4908, 0x4908, 0x4108, 0x4108, 0x4108, 0x4108, 0x4108, 0x4108, 0x3908, 0x4108, 
	0x3907, 0x3907, 0x38E7, 0x3907, 0x3907, 0x3907, 0x3907, 0x3907, 0x4108, 0x4108, 0x4108, 0x4929, 0x4108, 0x4929, 0x4929, 0x4909, 
	0x4908, 0x4108, 0x4108, 0x4128, 0x4108, 0x4108, 0x4108, 0x4108, 0x38E7, 0x40E7, 0x4108, 0x4108, 0x38E8, 0x38E7, 0x38E7, 0x38E7, 
	0x3908, 0x3908, 0x38E7, 0x38E7, 0x38E7, 0x38E7, 0x38E7, 0x38E7, 0x38E7, 0x38E7, 0x38E7, 0x30E7, 0x30E7, 0x30E7, 0x30E7, 0x30C7, 
	0x30C6, 0x30C6, 0x30E7, 0x30C6, 0x3907, 0x30E7, 0x30C6, 0x30C6, 0x30E6, 0x30C6, 0x30E6, 0x30E6, 0x28C6, 0x30E7, 0x28E6, 0x28E6, 
	0x28E6, 0x30E6, 0x30E6, 0x28C6, 0x28C6, 0x28E6, 0x28E6, 0x28C6, 0x28E6, 0x28C6, 0x28E6, 0x28E6, 0x28C6, 0x28E6, 0x28C6, 0x28C6, 
	0x28C6, 0x28C6, 0x28C6, 0x28C6, 0x28A6, 0x28C6, 0x28E7, 0x28C6, 0x20A6, 0x28E7, 0x28E7, 0x28C6, 0x20C6, 0x28C6, 0x28C6, 0x20C6, 
	0x20C6, 0x28C6, 0x28C6, 0x28C6, 0x28C6, 0x28C6, 0x20A6, 0x20C6, 0x28C6, 0x28C6, 0x28C6, 0x28C6, 0x28C6, 0x3108, 0x28C6, 0x20C6, 
	0x6B2F, 0xB558, 0x62CD, 0x1885, 0x18A5, 0x20A5, 0x20A5, 0x20A5, 0x20A5, 0x18A5, 0x20A5, 0x20A5, 0x20A5, 0x20A5, 0x20A5, 0x20A5, 
	0x20C5, 0x20A5, 0x18A5, 0x20A5, 0x2085, 0x18A5, 0x20C5, 0x20A5, 0x20C5, 0x20A5, 0x20C5, 0x20A5, 0x20A5, 0x20A5, 0x20A5, 0x20A5, 
	0x20A5, 0x20A5, 0x20A5, 0x18A5, 0x20A5, 0x20A5, 0x20A5, 0x20C5, 0x20A5, 0x20A5, 0x20C5, 0x20C6, 0x20E6, 0x20A5, 0x20A5, 0x20A5, 
	0x20A5, 0x20A5, 0x20C5, 0x20C6, 0x20A5, 0x20A5, 0x20A5, 0x20A5, 0x20A5, 0x20A5, 0x20A5, 0x20A5, 0x20A5, 0x20C5, 0x20C5, 0x20C5, 
	0x20A5, 0x20C5, 0x20C6, 0x20C5, 0x20C5, 0x20C5, 0x20C5, 0x20C5, 0x20A5, 0x20A6, 0x20A5, 0x20A5, 0x20A5, 0x20A5, 0x20C5, 0x20C5, 
	0x20A5, 0x20A5, 0x20A5, 0x28E7, 0x20C6, 0x20A5, 0x20A6, 0x20A6, 0x20A6, 0x20C6, 0x20A6, 0x20C6, 0x20A6, 0x20A6, 0x20C6, 0x20C6, 
	0x20C6, 0x20C6, 0x20C6, 0x20C6, 0x20A6, 0x20A6, 0x20C6, 0x20A6, 0x20C6, 0x20C6, 0x20C6, 0x20C6, 0x20C6, 0x20C6, 0x20C6, 0x28C6, 
	0x28C6, 0x20C6, 0x20A6, 0x20C6, 0x20C6, 0x20C6, 0x20C6, 0x28C6, 0x28C6, 0x20C6, 0x20C6, 0x28C6, 0x20C6, 0x28C6, 0x28E6, 0x20C6, 
	0x28E6, 0x28C6, 0x28C6, 0x28E6, 0x28E6, 0x28E6, 0x28C6, 0x28E7, 0x28E7, 0x28C6, 0x28E7, 0x28E7, 0x2907, 0x28E7, 0x28E7, 0x28E7, 
	0x28E7, 0x28E7, 0x28E7, 0x28E7, 0x28E7, 0x30E7, 0x28E7, 0x28E7, 0x30E7, 0x3107, 0x30E7, 0x30E7, 0x30E7, 0x30E7, 0x30E7, 0x30E7, 
	0x30E7, 0x3107, 0x30E7, 0x30E7, 0x3108, 0x30E7, 0x30E7, 0x30E7, 0x30E7, 0x38E7, 0x3908, 0x3908, 0x38E8, 0x38E7, 0x3908, 0x38E8, 
	0x40E8, 0x4108, 0x4108, 0x4108, 0x4108, 0x4108, 0x4908, 0x518C, 0x6A70, 0x514A, 0x4909, 0x5129, 0x594B, 0x594B, 0x512A, 0x514A, 
	0x5129, 0x5129, 0x5129, 0x5129, 0x4909, 0x512A, 0x4929, 0x4928, 0x4929, 0x4108, 0x4108, 0x4108, 0x4108, 0x4108, 0x4108, 0x4128, 
	0x3908, 0x38E7, 0x38E8, 0x3908, 0x3907, 0x3907, 0x3908, 0x3907, 0x4108, 0x4108, 0x4108, 0x4108, 0x4108, 0x4108, 0x4108, 0x4908, 
	0x5129, 0x4929, 0x4928, 0x4108, 0x4108, 0x40E8, 0x4108, 0x4108, 0x4108, 0x4108, 0x38E8, 0x40E8, 0x38E7, 0x3908, 0x3907, 0x38E7, 
	0x414A, 0x49AC, 0x3907, 0x38E7, 0x38E7, 0x38E7, 0x38E7, 0x38E7, 0x38E7, 0x38E7, 0x30C7, 0x30E7, 0x30C7, 0x30C7, 0x30E7, 0x30C6, 
	0x30E6, 0x30E6, 0x30E6, 0x30C6, 0x30C6, 0x30C6, 0x30E7, 0x30E6, 0x30E6, 0x30C6, 0x30E7, 0x30E7, 0x30E6, 0x30E6, 0x28C6, 0x30E6, 
	0x30E6, 0x30E6, 0x28C6, 0x28C6, 0x28E6, 0x28E6, 0x28C6, 0x28E6, 0x28C6, 0x28C6, 0x28E6, 0x28E6, 0x28C6, 0x28E6, 0x28E6, 0x28C6, 
	0x28E6, 0x28C6, 0x28C6, 0x28C6, 0x28E7, 0x30E7, 0x3108, 0x3928, 0x3107, 0x28E7, 0x28E7, 0x28C6, 0x28E6, 0x28E6, 0x28C6, 0x28C6, 
	0x28C6, 0x28C6, 0x28C6, 0x28C6, 0x28C6, 0x28C6, 0x28C6, 0x28C6, 0x28C6, 0x28E6, 0x28C6, 0x28C6, 0x3107, 0x418B, 0x28E6, 0x28C6, 
	0x41A9, 0x62CE, 0x3127, 0x18A5, 0x20A5, 0x18A5, 0x18A5, 0x20A5, 0x20A5, 0x20A5, 0x20A5, 0x20A5, 0x20A5, 0x20A5, 0x20A5, 0x20A5, 
	0x20A5, 0x20A5, 0x20A5, 0x20C5, 0x20A5, 0x20A5, 0x20A5, 0x18A5, 0x20C5, 0x20A5, 0x20A5, 0x18A5, 0x20C5, 0x20A5, 0x20A5, 0x20C5, 
	0x20A5, 0x20A5, 0x20A5, 0x20A5, 0x20A5, 0x20A5, 0x20C6, 0x20A5, 0x20A5, 0x20C5, 0x20A5, 0x20A5, 0x20A5, 0x20A5, 0x20C5, 0x20A5, 
	0x20C5, 0x20A5, 0x20A5, 0x20A5, 0x20A5, 0x20A5, 0x20A5, 0x20C5, 0x20C5, 0x20A5, 0x20A5, 0x20C5, 0x20C6, 0x20A5, 0x20C5, 0x20A5, 
	0x20A5, 0x20C6, 0x20A5, 0x20C6, 0x20C5, 0x20A5, 0x20C5, 0x20A5, 0x20C6, 0x20C5, 0x20A5, 0x20C5, 0x20C5, 0x20A5, 0x20C5, 0x20C5, 
	0x20C5, 0x20C6, 0x20A5, 0x20A5, 0x20A5, 0x20C6, 0x20C6, 0x20C6, 0x20C6, 0x20C6, 0x20C6, 0x20C6, 0x20C6, 0x20C6, 0x20C6, 0x20C6, 
	0x20C6, 0x20A6, 0x20C6, 0x20C6, 0x20C6, 0x20C6, 0x20C6, 0x20A6, 0x20C6, 0x20C6, 0x20C6, 0x20C6, 0x20C6, 0x20C6, 0x20C6, 0x20A6, 
	0x28C6, 0x20C6, 0x20C6, 0x20C6, 0x28C6, 0x20C6, 0x20C6, 0x28C6, 0x28E6, 0x28C6, 0x20C6, 0x28E6, 0x28C6, 0x28C6, 0x28E6, 0x28C6, 
	0x28C6, 0x28C6, 0x28E6, 0x28E6, 0x28C6, 0x28C6, 0x28C6, 0x28C6, 0x28E7, 0x28E6, 0x28C6, 0x28E7, 0x28C7, 0x28E7, 0x28E7, 0x28E7, 
	0x28E7, 0x28E7, 0x28E7, 0x28E7, 0x28E7, 0x28E7, 0x28E7, 0x28E7, 0x30E7, 0x3107, 0x30E7, 0x30E7, 0x30E7, 0x30E7, 0x30E7, 0x30E7, 
	0x3107, 0x3107, 0x30E7, 0x30E7, 0x3108, 0x30E7, 0x3908, 0x30E7, 0x30E7, 0x30E7, 0x3908, 0x3908, 0x38E8, 0x3908, 0x3908, 0x38E8, 
	0x4129, 0x4108, 0x4108, 0x4109, 0x4108, 0x4108, 0x4908, 0x4909, 0x4929, 0x5149, 0x512A, 0x514A, 0x616B, 0x592A, 0x5109, 0x594A, 
	0x5129, 0x5129, 0x5129, 0x5129, 0x4929, 0x512A, 0x512A, 0x4908, 0x4909, 0x4108, 0x4108, 0x4108, 0x38E8, 0x4108, 0x38E7, 0x4108, 
	0x4108, 0x3908, 0x3908, 0x3908, 0x3908, 0x3908, 0x3908, 0x38E8, 0x4108, 0x4108, 0x4108, 0x4108, 0x4108, 0x4128, 0x4108, 0x4909, 
	0x4929, 0x4929, 0x4909, 0x40E8, 0x4108, 0x40E8, 0x4108, 0x4108, 0x4108, 0x4108, 0x4108, 0x4108, 0x38E7, 0x3908, 0x38E7, 0x38E7, 
	0x3928, 0x4149, 0x3907, 0x38E7, 0x38E7, 0x38E7, 0x38E7, 0x30E7, 0x38E7, 0x30E7, 0x30E7, 0x30E7, 0x30C7, 0x30C6, 0x30E7, 0x30C6, 
	0x30E7, 0x30E7, 0x30E6, 0x30E7, 0x30C6, 0x30C7, 0x30E6, 0x28C6, 0x30E7, 0x30C6, 0x30E7, 0x30E7, 0x30E7, 0x30E7, 0x30E6, 0x30E6, 
	0x30E6, 0x28C6, 0x30E6, 0x28E6, 0x28E6, 0x28E6, 0x28C6, 0x28C6, 0x28C6, 0x28C6, 0x28C6, 0x28C6, 0x28C6, 0x28E6, 0x28C6, 0x28C6, 
	0x30E7, 0x28C6, 0x28C6, 0x3107, 0x3107, 0x3908, 0x5A2C, 0x6ACE, 0x4169, 0x30E7, 0x28C6, 0x28C6, 0x28E6, 0x28C6, 0x28C6, 0x28E6, 
	0x28C6, 0x28C6, 0x28C6, 0x20C6, 0x28E6, 0x28E6, 0x28E6, 0x28C6, 0x20C6, 0x28C6, 0x28C6, 0x28C6, 0x28C6, 0x28C6, 0x28C6, 0x28C6, 
	0x20A5, 0x1885, 0x1885, 0x20A5, 0x20A5, 0x20A5, 0x20A5, 0x20A5, 0x20A5, 0x18A5, 0x1885, 0x20A5, 0x20A5, 0x18A5, 0x20A5, 0x2085, 
	0x20A5, 0x20A5, 0x20A5, 0x20A5, 0x20A5, 0x20A5, 0x20A5, 0x20A5, 0x20A5, 0x20A5, 0x20A5, 0x20A5, 0x20A5, 0x20A5, 0x20A5, 0x20A5, 
	0x20A5, 0x20A5, 0x20A5, 0x20A5, 0x20A5, 0x20A5, 0x20C6, 0x20C5, 0x20A5, 0x20C5, 0x20A5, 0x20A5, 0x20A5, 0x20A5, 0x20C5, 0x20A5, 
	0x20A5, 0x20C5, 0x20A5, 0x20A5, 0x20A5, 0x20A5, 0x20A5, 0x20A5, 0x20A5, 0x20A5, 0x20A5, 0x20C5, 0x20C5, 0x20A5, 0x20C6, 0x20C5, 
	0x20C5, 0x20A5, 0x20A5, 0x20C6, 0x20C6, 0x20A5, 0x20C5, 0x20C5, 0x20C5, 0x20C5, 0x20C5, 0x20C5, 0x20C6, 0x20A5, 0x20A5, 0x20A5, 
	0x20C5, 0x20C6, 0x20C6, 0x20C6, 0x20C6, 0x20C6, 0x20C6, 0x20A6, 0x20C6, 0x20C6, 0x20C6, 0x20A6, 0x20A6, 0x20C6, 0x20A5, 0x20A6, 
	0x20C6, 0x20C6, 0x20C6, 0x20A6, 0x20C6, 0x20C6, 0x20A6, 0x20C6, 0x20A6, 0x20C6, 0x20C6, 0x20C6, 0x20C6, 0x20C6, 0x20C6, 0x20C6, 
	0x28E6, 0x28C6, 0x20C6, 0x20C6, 0x28C6, 0x28E6, 0x20C6, 0x20C6, 0x28E6, 0x28C6, 0x20C6, 0x20C6, 0x20C6, 0x28C6, 0x28E6, 0x28E7, 
	0x20C6, 0x28C6, 0x28E6, 0x28E7, 0x28C6, 0x28E7, 0x28E7, 0x28C6, 0x28E7, 0x28C6, 0x20C6, 0x28E7, 0x28E7, 0x28E7, 0x28E7, 0x28C6, 
	0x28E7, 0x28E7, 0x28E7, 0x3107, 0x28E7, 0x28E7, 0x28E7, 0x30E7, 0x28E7, 0x28E7, 0x30E7, 0x30E7, 0x3107, 0x30E7, 0x28E7, 0x30E7, 
	0x30E7, 0x3107, 0x30E7, 0x30E7, 0x30E7, 0x3908, 0x3908, 0x30E7, 0x3908, 0x3908, 0x3908, 0x3908, 0x3908, 0x38E8, 0x38E8, 0x38E8, 
	0x4129, 0x4108, 0x4129, 0x4129, 0x40E8, 0x4109, 0x4909, 0x4909, 0x4929, 0x512A, 0x596B, 0x596B, 0x616B, 0x594B, 0x5129, 0x5129, 
	0x5149, 0x5129, 0x5129, 0x514A, 0x5129, 0x5129, 0x4929, 0x4929, 0x4929, 0x4909, 0x4108, 0x4108, 0x40E8, 0x4108, 0x38E7, 0x3908, 
	0x4108, 0x4108, 0x3908, 0x3908, 0x3908, 0x4108, 0x3908, 0x4128, 0x3908, 0x4108, 0x4108, 0x4108, 0x4108, 0x4128, 0x4108, 0x4929, 
	0x4929, 0x48E8, 0x4909, 0x4108, 0x4108, 0x40E8, 0x4108, 0x40E8, 0x38E7, 0x4108, 0x4108, 0x3908, 0x38E7, 0x38E7, 0x38E7, 0x38E7, 
	0x38E7, 0x38E7, 0x38E7, 0x3907, 0x38E7, 0x38E7, 0x38E7, 0x30C7, 0x38E7, 0x30E7, 0x30E7, 0x30E7, 0x30E7, 0x30E7, 0x30E7, 0x30E6, 
	0x30E7, 0x30C6, 0x30C7, 0x3907, 0x30C6, 0x30C6, 0x30E7, 0x30C6, 0x30E7, 0x30E7, 0x30E7, 0x30C6, 0x30C6, 0x30E6, 0x30E6, 0x30E6, 
	0x30E6, 0x28E6, 0x30E7, 0x28C6, 0x28C6, 0x28E6, 0x28E6, 0x28E6, 0x28E6, 0x28C6, 0x28C6, 0x28E6, 0x28E6, 0x28E6, 0x28C6, 0x28C7, 
	0x28E6, 0x28E6, 0x28C6, 0x28E7, 0x30E7, 0x51CA, 0xA474, 0xC598, 0x6A6D, 0x3907, 0x28C6, 0x28C6, 0x28C6, 0x28C6, 0x28C6, 0x28C6, 
	0x28C6, 0x28C6, 0x28C6, 0x28C6, 0x28C6, 0x28C6, 0x28C6, 0x28C6, 0x20C6, 0x28C6, 0x28C6, 0x28E6, 0x28C6, 0x28C6, 0x28C6, 0x28C6, 
	0x20A5, 0x20A5, 0x1885, 0x18A5, 0x18A5, 0x1885, 0x20A5, 0x20A5, 0x20A5, 0x1885, 0x20A5, 0x20A5, 0x20A5, 0x20A5, 0x20A5, 0x20A5, 
	0x20A5, 0x20A5, 0x20A5, 0x20A5, 0x20A5, 0x20A5, 0x20A5, 0x20A5, 0x20A5, 0x20C6, 0x20C6, 0x20A5, 0x20A5, 0x20A5, 0x20A5, 0x20A5, 
	0x20A5, 0x20A5, 0x20A5, 0x20A5, 0x20A5, 0x20A5, 0x20A5, 0x20A5, 0x20A5, 0x20C5, 0x20A5, 0x20A5, 0x20A5, 0x20A5, 0x20A5, 0x20A5, 
	0x20A5, 0x20A5, 0x20A5, 0x20A5, 0x20A5, 0x20A5, 0x20A5, 0x20C5, 0x20A5, 0x20A5, 0x20A5, 0x20C5, 0x20C5, 0x20C6, 0x20C6, 0x20A5, 
	0x20C5, 0x20A5, 0x20C5, 0x20A5, 0x20C6, 0x20C6, 0x20C5, 0x20C6, 0x20A5, 0x20A5, 0x20C5, 0x20C5, 0x20C5, 0x20C5, 0x20C5, 0x20C6, 
	0x20C6, 0x20C6, 0x20A5, 0x20C6, 0x20C6, 0x20A5, 0x20C6, 0x20C6, 0x20C6, 0x20A6, 0x20C6, 0x20C6, 0x20C6, 0x20C6, 0x20C6, 0x20C6, 
	0x20C6, 0x20C6, 0x20C6, 0x20A6, 0x20C6, 0x20C6, 0x20C6, 0x20C6, 0x20C6, 0x20C6, 0x20C6, 0x20C6, 0x20C6, 0x28E6, 0x20C6, 0x28C6, 
	0x28E7, 0x28C6, 0x28E7, 0x28E6, 0x28E6, 0x28E6, 0x20C6, 0x28C6, 0x28C6, 0x28C6, 0x28C6, 0x20C6, 0x28E6, 0x28E6, 0x28C6, 0x28C6, 
	0x28E6, 0x28E7, 0x28C6, 0x28C6, 0x28C6, 0x28E6, 0x2907, 0x28E7, 0x28E7, 0x28E6, 0x28E6, 0x28E7, 0x28E7, 0x28E7, 0x28E7, 0x28E7, 
	0x28E7, 0x28E7, 0x28E7, 0x28E7, 0x28E7, 0x28E7, 0x28E7, 0x30E7, 0x30E7, 0x3108, 0x3108, 0x30E7, 0x3128, 0x3107, 0x30E7, 0x30E7, 
	0x30E7, 0x30E7, 0x3107, 0x30E7, 0x30E7, 0x3929, 0x4149, 0x38E8, 0x3908, 0x38E8, 0x38E8, 0x38E8, 0x3908, 0x3908, 0x38E8, 0x4108, 
	0x4128, 0x4109, 0x4129, 0x4109, 0x4109, 0x4929, 0x4929, 0x4909, 0x4929, 0x5109, 0x594B, 0x592A, 0x5109, 0x512A, 0x512A, 0x5129, 
	0x5129, 0x5109, 0x592A, 0x594A, 0x592A, 0x594A, 0x512A, 0x5129, 0x5129, 0x4909, 0x4909, 0x4909, 0x4108, 0x4128, 0x4128, 0x4108, 
	0x3908, 0x3908, 0x4108, 0x4108, 0x4108, 0x4108, 0x38E7, 0x4108, 0x4108, 0x4128, 0x4108, 0x4108, 0x4108, 0x4108, 0x4108, 0x4908, 
	0x4929, 0x4909, 0x4908, 0x4108, 0x4108, 0x4108, 0x4108, 0x4108, 0x4108, 0x38E7, 0x38E7, 0x38E8, 0x38E7, 0x38E7, 0x38E7, 0x38E7, 
	0x38E7, 0x38E7, 0x30E7, 0x30C7, 0x38E7, 0x38E7, 0x38E7, 0x38E7, 0x38E7, 0x3907, 0x30C7, 0x30E7, 0x30E7, 0x30E7, 0x30E7, 0x30E7, 
	0x30E7, 0x30E7, 0x30C7, 0x3907, 0x30E7, 0x30E7, 0x30E6, 0x30E6, 0x30E6, 0x30C6, 0x30E7, 0x30C7, 0x30C6, 0x28C6, 0x30E6, 0x30E6, 
	0x30E6, 0x30E6, 0x28E6, 0x28E6, 0x28C6, 0x30E6, 0x30E6, 0x28C6, 0x30E6, 0x28C6, 0x28C6, 0x28E6, 0x28C6, 0x28C6, 0x28E7, 0x28E7, 
	0x28C6, 0x28E6, 0x28E6, 0x28C7, 0x30E7, 0x498A, 0x8BB1, 0x9C33, 0x59EB, 0x3908, 0x28C6, 0x28C6, 0x28C6, 0x28C6, 0x28C6, 0x28C6, 
	0x28E7, 0x28E6, 0x28E6, 0x28E6, 0x28C6, 0x28C6, 0x28E6, 0x28C6, 0x28E6, 0x28E6, 0x28C6, 0x28C6, 0x28C6, 0x28C6, 0x28E6, 0x20C6, 
	0x20A5, 0x20A5, 0x20A5, 0x20A5, 0x20A5, 0x18A5, 0x18A5, 0x20A5, 0x18A5, 0x1885, 0x20A5, 0x20A5, 0x20A5, 0x18A5, 0x18A5, 0x20A5, 
	0x20A5, 0x2085, 0x20A5, 0x20A5, 0x20A5, 0x20A5, 0x20A5, 0x20A5, 0x20A5, 0x20E6, 0x20C6, 0x20A5, 0x20A5, 0x20A5, 0x20A5, 0x20A5, 
	0x20A5, 0x20A5, 0x20C5, 0x20A5, 0x20A5, 0x20C6, 0x20A5, 0x20A5, 0x20C5, 0x20A5, 0x20A5, 0x20A5, 0x20A5, 0x20A5, 0x20A5, 0x20A5, 
	0x20A5, 0x20A5, 0x20C5, 0x20A5, 0x20A5, 0x20A5, 0x20C5, 0x20A5, 0x20A5, 0x20A5, 0x20C5, 0x20C5, 0x20C5, 0x20C5, 0x20A6, 0x20A5, 
	0x20C6, 0x20C5, 0x20C6, 0x20C5, 0x28E6, 0x28E6, 0x20A5, 0x20A5, 0x20C5, 0x20C6, 0x20C6, 0x20C6, 0x20C6, 0x20C6, 0x20C6, 0x20C6, 
	0x20C6, 0x20C6, 0x20C6, 0x20C6, 0x20C5, 0x2907, 0x28E7, 0x20A5, 0x20C6, 0x20C6, 0x20C6, 0x20C6, 0x20C6, 0x20C6, 0x20C6, 0x20C6, 
	0x20C6, 0x20C6, 0x20C6, 0x20C6, 0x20C6, 0x20A6, 0x20C6, 0x20C6, 0x20C6, 0x20C6, 0x20C6, 0x20C6, 0x20E6, 0x20C6, 0x20C6, 0x20C6, 
	0x20C6, 0x20C6, 0x2907, 0x28E6, 0x20C6, 0x20C6, 0x20C6, 0x28E6, 0x28C6, 0x28C6, 0x28E6, 0x28C6, 0x28E6, 0x28E6, 0x28E7, 0x28E6, 
	0x28E7, 0x28E7, 0x28E7, 0x28E7, 0x28E7, 0x28E7, 0x28E7, 0x28C6, 0x28E7, 0x28E6, 0x28E7, 0x28E7, 0x3128, 0x3128, 0x28E7, 0x28E7, 
	0x28E7, 0x28E7, 0x30E7, 0x30E7, 0x28E7, 0x3107, 0x3107, 0x30E7, 0x28E7, 0x3128, 0x3108, 0x30E7, 0x3107, 0x30E7, 0x30E7, 0x3107, 
	0x30E7, 0x30E7, 0x30E7, 0x30E7, 0x30E7, 0x3108, 0x3908, 0x3908, 0x3908, 0x3908, 0x3908, 0x38E8, 0x3908, 0x3908, 0x3908, 0x3908, 
	0x38E8, 0x4108, 0x4108, 0x4109, 0x40E9, 0x4109, 0x4929, 0x4929, 0x512A, 0x5129, 0x510A, 0x594A, 0x5109, 0x592A, 0x594A, 0x594A, 
	0x592A, 0x592A, 0x592A, 0x594A, 0x592A, 0x614A, 0x594A, 0x592A, 0x512A, 0x4929, 0x4108, 0x4908, 0x4929, 0x4108, 0x4108, 0x3908, 
	0x3908, 0x4108, 0x4108, 0x4108, 0x4108, 0x4108, 0x3908, 0x3907, 0x4108, 0x4108, 0x40E8, 0x4108, 0x4108, 0x4108, 0x4108, 0x4108, 
	0x4909, 0x4908, 0x4108, 0x4108, 0x4108, 0x40E8, 0x40E8, 0x40E8, 0x38E7, 0x38E7, 0x38E7, 0x3907, 0x3907, 0x38E7, 0x38E7, 0x38E7, 
	0x38E7, 0x38E7, 0x38E7, 0x38E7, 0x38E7, 0x38E7, 0x38E7, 0x3907, 0x38E7, 0x30C7, 0x30E7, 0x30E7, 0x30E7, 0x30C7, 0x30E7, 0x30E7, 
	0x30C7, 0x30E7, 0x3907, 0x38E7, 0x30C7, 0x30C6, 0x30C7, 0x30E7, 0x30C6, 0x30C6, 0x30E6, 0x30C6, 0x30E6, 0x30C6, 0x30E6, 0x30E6, 
	0x30E6, 0x30E6, 0x28C6, 0x28E6, 0x28C6, 0x28E6, 0x30E6, 0x28C6, 0x28C6, 0x28C6, 0x28C6, 0x28C6, 0x28C6, 0x28C6, 0x28E6, 0x28C6, 
	0x28C6, 0x28E6, 0x28E6, 0x28C6, 0x3107, 0x3928, 0x4189, 0x4169, 0x4148, 0x3948, 0x28E6, 0x28C6, 0x28C6, 0x28C6, 0x28C6, 0x28C6, 
	0x28E6, 0x28C6, 0x28C6, 0x28C6, 0x28C6, 0x28E6, 0x28E6, 0x28C6, 0x28E6, 0x28C6, 0x28C6, 0x28E6, 0x28E6, 0x28E6, 0x28E6, 0x28C6, 
	0x20A5, 0x20A5, 0x20A5, 0x20A5, 0x20A5, 0x20A5, 0x20A5, 0x20A5, 0x20A5, 0x20A5, 0x20A5, 0x18A5, 0x20A5, 0x20A5, 0x20A5, 0x20A5, 
	0x20A5, 0x20A5, 0x20A5, 0x20A5, 0x20A5, 0x20A5, 0x20A5, 0x20C6, 0x20A5, 0x20A5, 0x20A5, 0x20A5, 0x20A5, 0x20A5, 0x20A5, 0x20A5, 
	0x20A5, 0x20A5, 0x20A5, 0x20A5, 0x20A5, 0x20C5, 0x20A5, 0x20C5, 0x20A5, 0x20A5, 0x20A5, 0x20A5, 0x20C5, 0x20C5, 0x20A5, 0x20A5, 
	0x20A5, 0x20C5, 0x20C5, 0x20A5, 0x20C5, 0x20C5, 0x20C6, 0x20C6, 0x20C6, 0x20C6, 0x20C5, 0x20C5, 0x20C6, 0x20C6, 0x20C6, 0x20C6, 
	0x20A5, 0x20C5, 0x20A5, 0x20A5, 0x20E6, 0x20C6, 0x20C6, 0x20A5, 0x20A5, 0x20A5, 0x20A5, 0x20C6, 0x20C6, 0x20A6, 0x20C6, 0x20C6, 
	0x20A5, 0x20C6, 0x20C6, 0x20A5, 0x20C5, 0x396A, 0x3128, 0x20A5, 0x20C6, 0x20C6, 0x20A6, 0x20C6, 0x20C6, 0x20A6, 0x20A6, 0x20C6, 
	0x20C6, 0x20C6, 0x20C6, 0x20C6, 0x20C6, 0x20C6, 0x20C6, 0x20C6, 0x20C6, 0x20C6, 0x20C6, 0x20C6, 0x20C6, 0x20C6, 0x20C6, 0x20C6, 
	0x20C6, 0x28E6, 0x20C6, 0x20C6, 0x28C6, 0x28C6, 0x28C6, 0x28C6, 0x28E6, 0x20C6, 0x20C6, 0x28E6, 0x28C6, 0x28C6, 0x28E6, 0x28C6, 
	0x28C6, 0x28E7, 0x28E6, 0x28E6, 0x28E6, 0x28E7, 0x28E6, 0x20C6, 0x28E6, 0x28E6, 0x28E7, 0x28E7, 0x3107, 0x3107, 0x28E7, 0x28E7, 
	0x28C7, 0x28E7, 0x28E7, 0x3107, 0x30E7, 0x30E7, 0x30E7, 0x30E7, 0x30E7, 0x30E7, 0x3108, 0x30E8, 0x30E7, 0x3107, 0x3107, 0x30E7, 
	0x3107, 0x30E7, 0x30E7, 0x3107, 0x3907, 0x3108, 0x30E7, 0x3908, 0x38E8, 0x3908, 0x38E8, 0x3908, 0x4109, 0x38E8, 0x4128, 0x3908, 
	0x3908, 0x4129, 0x4108, 0x4929, 0x4909, 0x4108, 0x4929, 0x4909, 0x4929, 0x5129, 0x5109, 0x5129, 0x512A, 0x594A, 0x592A, 0x592A, 
	0x592A, 0x592A, 0x592A, 0x594A, 0x594A, 0x592A, 0x592A, 0x592A, 0x512A, 0x4929, 0x4929, 0x4908, 0x4929, 0x4108, 0x4128, 0x4108, 
	0x4108, 0x3908, 0x3908, 0x4108, 0x4108, 0x4108, 0x4107, 0x4108, 0x4108, 0x4108, 0x4108, 0x4108, 0x4108, 0x4108, 0x4128, 0x4108, 
	0x4108, 0x40E8, 0x4108, 0x4108, 0x4108, 0x4108, 0x4108, 0x40E8, 0x38E7, 0x38E7, 0x38E7, 0x3907, 0x38E7, 0x38E7, 0x38E7, 0x3907, 
	0x38E7, 0x38E7, 0x30E7, 0x38E7, 0x38E7, 0x38E7, 0x30E7, 0x38E7, 0x30E7, 0x30E7, 0x30E7, 0x30E7, 0x30E7, 0x30C7, 0x30E7, 0x30E7, 
	0x30C7, 0x30E7, 0x30C7, 0x30C7, 0x30C7, 0x30C7, 0x30E7, 0x30E7, 0x30C6, 0x30E6, 0x30E7, 0x30E6, 0x30E6, 0x30E6, 0x28C6, 0x28C6, 
	0x30E6, 0x30E7, 0x30E6, 0x28C6, 0x28C6, 0x28C6, 0x28C6, 0x28C6, 0x28C6, 0x28E6, 0x30E7, 0x28C6, 0x28C6, 0x28E6, 0x28E7, 0x28E7, 
	0x28E6, 0x28E6, 0x28C6, 0x28C6, 0x28E7, 0x3107, 0x3107, 0x3107, 0x3107, 0x3107, 0x28E6, 0x28C6, 0x28C6, 0x28C6, 0x28C6, 0x28C6, 
	0x28E7, 0x28C6, 0x28C6, 0x28C6, 0x28E6, 0x28C6, 0x28E6, 0x28C6, 0x28C6, 0x28C6, 0x28C6, 0x28C6, 0x28E6, 0x28C6, 0x28C6, 0x28C6, 
	0x20A5, 0x20A5, 0x20A5, 0x20A5, 0x20A5, 0x20A5, 0x1885, 0x20A5, 0x20A5, 0x20A5, 0x20A5, 0x20A5, 0x20A5, 0x20A5, 0x20A5, 0x20A5, 
	0x20A5, 0x20A5, 0x20A5, 0x20A5, 0x20A5, 0x20A5, 0x20A5, 0x20C5, 0x20A5, 0x20A5, 0x20C6, 0x20A5, 0x20A5, 0x20A5, 0x20A5, 0x20C6, 
	0x20C6, 0x20A5, 0x20C5, 0x20A5, 0x20A5, 0x20A5, 0x20A5, 0x20C5, 0x20A5, 0x20C6, 0x20C6, 0x20C5, 0x20C5, 0x20C5, 0x20A5, 0x20A5, 
	0x20C6, 0x20A5, 0x20A5, 0x20A5, 0x20C5, 0x20A5, 0x20A5, 0x20C6, 0x20C6, 0x20C6, 0x20C6, 0x20A5, 0x20C6, 0x20C6, 0x20C5, 0x20C6, 
	0x20A5, 0x20C6, 0x20C6, 0x20C5, 0x20C6, 0x20C5, 0x20C6, 0x20C6, 0x20A6, 0x20C6, 0x20C5, 0x20C6, 0x20C6, 0x20A6, 0x20C6, 0x20C6, 
	0x20C6, 0x20C6, 0x20C6, 0x20C6, 0x20C5, 0x20E6, 0x20C6, 0x20C6, 0x20C6, 0x20C6, 0x20C6, 0x20A6, 0x20A6, 0x20C6, 0x20C6, 0x20A6, 
	0x20C6, 0x20C6, 0x20C6, 0x20E6, 0x28E7, 0x28C6, 0x20C6, 0x20C6, 0x20C6, 0x20C6, 0x20C6, 0x20A6, 0x20C6, 0x20C6, 0x20C6, 0x20C6, 
	0x20C6, 0x28E6, 0x20C6, 0x20C6, 0x28C6, 0x28C6, 0x28C6, 0x20C6, 0x28C6, 0x20C6, 0x20C6, 0x28E6, 0x28C6, 0x28E6, 0x28C6, 0x28C6, 
	0x28E6, 0x2907, 0x28E6, 0x28C6, 0x28C6, 0x28E7, 0x28E6, 0x28E7, 0x28E6, 0x2907, 0x396A, 0x3107, 0x28E7, 0x3107, 0x3107, 0x28E7, 
	0x28E7, 0x3107, 0x28E7, 0x30E7, 0x30E7, 0x28E7, 0x28E7, 0x30E7, 0x30E7, 0x3108, 0x3108, 0x3108, 0x30E7, 0x3107, 0x3108, 0x3107, 
	0x30E7, 0x3107, 0x3107, 0x3108, 0x3107, 0x3108, 0x3108, 0x30E7, 0x30E8, 0x3908, 0x3908, 0x4129, 0x494A, 0x3908, 0x3908, 0x3908, 
	0x4108, 0x4108, 0x4108, 0x4129, 0x4129, 0x4109, 0x4909, 0x4909, 0x4909, 0x5129, 0x5109, 0x5129, 0x5129, 0x592A, 0x592A, 0x592A, 
	0x614A, 0x592A, 0x5109, 0x5129, 0x594A, 0x592A, 0x592A, 0x594A, 0x592A, 0x4909, 0x4929, 0x4908, 0x4928, 0x4108, 0x4108, 0x4108, 
	0x4128, 0x4108, 0x38E8, 0x4108, 0x4108, 0x4108, 0x4108, 0x3908, 0x4108, 0x4108, 0x4108, 0x4108, 0x4108, 0x4108, 0x4108, 0x4908, 
	0x4908, 0x4108, 0x4108, 0x40E8, 0x40E8, 0x4108, 0x4108, 0x4108, 0x38E8, 0x38E7, 0x38E7, 0x3908, 0x38E7, 0x38E7, 0x38E7, 0x38E7, 
	0x38E7, 0x38E7, 0x30E7, 0x30E7, 0x30E7, 0x38E7, 0x38E7, 0x30C7, 0x30E7, 0x38E7, 0x38E7, 0x38E7, 0x30E7, 0x30C7, 0x30C7, 0x30E7, 
	0x30E7, 0x30E7, 0x30E7, 0x30C6, 0x30E7, 0x30E6, 0x30C7, 0x30E7, 0x30E7, 0x30E7, 0x30E7, 0x30E6, 0x30E7, 0x30E7, 0x28E6, 0x30E7, 
	0x30E6, 0x30E6, 0x30E7, 0x30E6, 0x28E6, 0x28E6, 0x28E6, 0x30E6, 0x28E6, 0x28E6, 0x28E7, 0x28C6, 0x28C6, 0x30E7, 0x30E7, 0x28C7, 
	0x28E6, 0x28E7, 0x28C6, 0x28E6, 0x28C6, 0x28C6, 0x28C7, 0x28E7, 0x28C6, 0x28C6, 0x28C6, 0x28E7, 0x28E7, 0x28E6, 0x28C6, 0x28C6, 
	0x28E6, 0x28C6, 0x28E6, 0x28E6, 0x28C6, 0x28C6, 0x28E7, 0x28E6, 0x28C6, 0x28C6, 0x28C6, 0x28C6, 0x28C6, 0x28C6, 0x28C6, 0x28C6, 
	0x20A5, 0x18A5, 0x1885, 0x18A5, 0x20A5, 0x18A5, 0x20A5, 0x20A5, 0x20C5, 0x20C5, 0x20A5, 0x20A5, 0x20A5, 0x2085, 0x20A5, 0x20A5, 
	0x20A5, 0x20A5, 0x20A5, 0x20A5, 0x20A5, 0x20A5, 0x20A5, 0x20A5, 0x20A5, 0x20A5, 0x20A5, 0x20A5, 0x20A5, 0x20A5, 0x20A5, 0x20A5, 
	0x20A5, 0x20A5, 0x20A5, 0x20A5, 0x20A5, 0x20A5, 0x20A5, 0x20C5, 0x20A5, 0x20C6, 0x20A6, 0x20A5, 0x20A5, 0x20A5, 0x20A5, 0x20A5, 
	0x20A5, 0x20A5, 0x20A5, 0x20C5, 0x20A5, 0x20A6, 0x20A5, 0x20C5, 0x20A5, 0x20C5, 0x20C6, 0x20A6, 0x20A6, 0x20C6, 0x20C6, 0x20C5, 
	0x20C6, 0x20E6, 0x20C6, 0x20C6, 0x20C5, 0x20C5, 0x20C6, 0x20C6, 0x20C6, 0x20C6, 0x20C6, 0x20C6, 0x20C6, 0x20A6, 0x20C6, 0x20A6, 
	0x20C5, 0x20A6, 0x20C6, 0x20C6, 0x20A5, 0x20C6, 0x20A6, 0x20C6, 0x20C6, 0x20C6, 0x20C6, 0x20C6, 0x20C6, 0x20A6, 0x20C6, 0x20C6, 
	0x20C6, 0x20C6, 0x20C6, 0x3128, 0x51ED, 0x28E7, 0x20C6, 0x20C6, 0x20C6, 0x20C6, 0x20C6, 0x20C6, 0x20C6, 0x20C6, 0x28C6, 0x20C6, 
	0x20C6, 0x20C6, 0x20C6, 0x20C6, 0x20C6, 0x20C6, 0x28E6, 0x28C6, 0x28E6, 0x28C6, 0x28C6, 0x28C6, 0x28C6, 0x28E7, 0x28C6, 0x28E6, 
	0x28E6, 0x28E6, 0x28E7, 0x28E7, 0x28E7, 0x28E6, 0x28E7, 0x28E7, 0x28E7, 0x2907, 0x3949, 0x28E7, 0x28E7, 0x28E7, 0x28E7, 0x28E7, 
	0x28E7, 0x3107, 0x28E7, 0x28E7, 0x28E7, 0x28C7, 0x30E7, 0x3107, 0x30E7, 0x30E7, 0x30E7, 0x30E7, 0x30E7, 0x30E7, 0x30E7, 0x3107, 
	0x3108, 0x30E7, 0x30E7, 0x3107, 0x30E7, 0x30E7, 0x3908, 0x30E8, 0x38E8, 0x3908, 0x3908, 0x4129, 0x4109, 0x38E8, 0x3908, 0x3908, 
	0x3908, 0x4108, 0x40E8, 0x4108, 0x4929, 0x4929, 0x4909, 0x4929, 0x4929, 0x4909, 0x5129, 0x5129, 0x5129, 0x592A, 0x592A, 0x592A, 
	0x594A, 0x592A, 0x5129, 0x5129, 0x592A, 0x592A, 0x592A, 0x592A, 0x594B, 0x512A, 0x4929, 0x4928, 0x4908, 0x4929, 0x4909, 0x4108, 
	0x4929, 0x4129, 0x4108, 0x4128, 0x4108, 0x4108, 0x3908, 0x3908, 0x4108, 0x3908, 0x4108, 0x4108, 0x4108, 0x4108, 0x4108, 0x4908, 
	0x4929, 0x4108, 0x4108, 0x4108, 0x40E8, 0x40E8, 0x4108, 0x40E8, 0x40E8, 0x38E8, 0x38E7, 0x38E7, 0x38E7, 0x3908, 0x38E7, 0x38E7, 
	0x38E7, 0x38E7, 0x30E7, 0x30E7, 0x30E7, 0x30E7, 0x30E7, 0x30C7, 0x38E7, 0x38E7, 0x30E7, 0x30E7, 0x30E7, 0x30E7, 0x30E7, 0x30E7, 
	0x3107, 0x30E7, 0x30E7, 0x30C6, 0x30E7, 0x30E7, 0x30C7, 0x30E7, 0x30E7, 0x30E7, 0x30E7, 0x30E7, 0x30E7, 0x30E7, 0x30E7, 0x30E7, 
	0x30C6, 0x28C6, 0x30E7, 0x28C6, 0x30E7, 0x28E6, 0x28E6, 0x30E7, 0x28C6, 0x28E6, 0x30E7, 0x28E7, 0x28C6, 0x28C6, 0x28C6, 0x28C6, 
	0x30E7, 0x28E7, 0x28E7, 0x28E7, 0x28C6, 0x28C6, 0x28C7, 0x28E7, 0x28E7, 0x28C6, 0x28E6, 0x28C7, 0x28E6, 0x28C6, 0x28C6, 0x28C6, 
	0x28C6, 0x28C6, 0x28C6, 0x28C6, 0x28C6, 0x28C6, 0x28C6, 0x28C6, 0x28C6, 0x28C6, 0x28C6, 0x28C6, 0x28C6, 0x28C6, 0x28E6, 0x28C6, 
	0x20A5, 0x18A5, 0x18A5, 0x18A5, 0x20A5, 0x18A5, 0x20A5, 0x20A5, 0x20C5, 0x20A5, 0x18A5, 0x20A5, 0x20A5, 0x2085, 0x20A5, 0x20C5, 
	0x20A5, 0x20A5, 0x20A5, 0x20A5, 0x20A5, 0x20A5, 0x20A5, 0x20A5, 0x20A5, 0x20A5, 0x20A5, 0x20A5, 0x20A5, 0x20A5, 0x20A5, 0x20A5, 
	0x20A5, 0x20A6, 0x20A5, 0x20A5, 0x20A5, 0x20A5, 0x20C5, 0x20C5, 0x20A5, 0x20C6, 0x20A5, 0x20A5, 0x20A5, 0x20A5, 0x20C5, 0x20C5, 
	0x20C5, 0x20C6, 0x20C6, 0x20C6, 0x20E6, 0x20A5, 0x20C6, 0x20A5, 0x20C6, 0x20C6, 0x20A6, 0x20C6, 0x20C6, 0x20C6, 0x20C6, 0x20A5, 
	0x20C6, 0x20C6, 0x20A5, 0x20C6, 0x20C6, 0x20C6, 0x20C6, 0x20A5, 0x20C6, 0x20C6, 0x20C6, 0x20A6, 0x20C6, 0x20C6, 0x20C6, 0x20A6, 
	0x20A6, 0x20A5, 0x28C6, 0x28C6, 0x20A6, 0x20C6, 0x20C6, 0x28C6, 0x20C6, 0x20A6, 0x20A6, 0x20C6, 0x20A6, 0x20A6, 0x20C6, 0x20C6, 
	0x20C6, 0x20C6, 0x20C6, 0x28E6, 0x3127, 0x28C6, 0x20C6, 0x20C6, 0x28C6, 0x20C6, 0x20C6, 0x20C6, 0x20A6, 0x20C6, 0x28C6, 0x20C6, 
	0x20C6, 0x20C6, 0x28E6, 0x28C6, 0x28C6, 0x28C6, 0x20C6, 0x20C6, 0x28C6, 0x20C6, 0x28E7, 0x28E7, 0x28E6, 0x28E6, 0x20C6, 0x28E6, 
	0x28E7, 0x28C6, 0x28E7, 0x28E7, 0x28E7, 0x28E6, 0x28E7, 0x28E7, 0x28E7, 0x28E7, 0x28E6, 0x28E7, 0x28E7, 0x28E7, 0x28E7, 0x28E7, 
	0x28E7, 0x28E7, 0x28E7, 0x30E7, 0x30E7, 0x28E7, 0x3107, 0x30E7, 0x30E7, 0x30E7, 0x30E8, 0x3108, 0x30E7, 0x30E7, 0x30E7, 0x30E7, 
	0x30E7, 0x30E7, 0x30E7, 0x30E7, 0x30E7, 0x30E7, 0x3908, 0x3908, 0x3908, 0x3908, 0x3908, 0x3908, 0x3908, 0x3908, 0x3908, 0x38E8, 
	0x38E8, 0x4108, 0x4109, 0x4108, 0x4929, 0x4108, 0x4908, 0x4929, 0x4909, 0x4909, 0x514A, 0x594A, 0x5129, 0x592A, 0x594A, 0x594A, 
	0x594A, 0x594A, 0x5129, 0x5129, 0x512A, 0x594A, 0x592A, 0x592A, 0x616B, 0x616B, 0x5149, 0x4929, 0x4928, 0x4929, 0x4949, 0x4929, 
	0x4909, 0x4108, 0x4108, 0x4108, 0x4108, 0x4128, 0x4108, 0x3908, 0x4108, 0x4108, 0x4108, 0x4108, 0x4108, 0x4108, 0x40E8, 0x4108, 
	0x4108, 0x40E8, 0x4108, 0x40E8, 0x40E8, 0x38E8, 0x4108, 0x40E8, 0x38E8, 0x4108, 0x4108, 0x38E7, 0x38E7, 0x38E7, 0x38E7, 0x38E7, 
	0x38E7, 0x38E7, 0x30E7, 0x30E7, 0x38E7, 0x30E7, 0x30E7, 0x38E7, 0x38E7, 0x30E7, 0x30E7, 0x30E7, 0x30E7, 0x30E7, 0x30E7, 0x30E7, 
	0x30E7, 0x30C6, 0x38E7, 0x3907, 0x30E7, 0x30C6, 0x30E7, 0x30E6, 0x30E7, 0x30E7, 0x30E6, 0x30E7, 0x30E7, 0x30C7, 0x30C6, 0x30E6, 
	0x30C6, 0x30E7, 0x30E7, 0x30E7, 0x30E7, 0x28C6, 0x30E6, 0x28C7, 0x30E7, 0x30E7, 0x28C6, 0x28E6, 0x28E6, 0x28E6, 0x28E6, 0x28E7, 
	0x28E7, 0x28E7, 0x28C6, 0x28C6, 0x28E7, 0x28E6, 0x28E7, 0x28C7, 0x28E7, 0x28E6, 0x28E7, 0x28C7, 0x28C6, 0x28C6, 0x28C6, 0x28C6, 
	0x28C6, 0x28C6, 0x28C6, 0x28E6, 0x28C6, 0x28C6, 0x28C6, 0x28C6, 0x28C6, 0x28C6, 0x28E6, 0x28C6, 0x28C6, 0x28C6, 0x28E6, 0x20A6, 
	0x20A5, 0x20A5, 0x20A5, 0x20A5, 0x20A5, 0x20A5, 0x20A5, 0x20A5, 0x20A5, 0x20A5, 0x20A5, 0x20A5, 0x20A5, 0x20A5, 0x20A5, 0x20A5, 
	0x20A5, 0x20A5, 0x20A5, 0x20A5, 0x20A5, 0x20A5, 0x20A5, 0x20A5, 0x20C5, 0x20A5, 0x20A5, 0x20A5, 0x20A6, 0x20A5, 0x20A5, 0x20C5, 
	0x20A5, 0x20A6, 0x20C5, 0x20C5, 0x20C5, 0x20A5, 0x20A5, 0x20A5, 0x20A5, 0x20A5, 0x20C5, 0x20C5, 0x20C5, 0x20A5, 0x20A5, 0x20A5, 
	0x20C5, 0x20C6, 0x20A5, 0x3128, 0x418A, 0x20A5, 0x20C6, 0x20C6, 0x20C5, 0x20C6, 0x20A6, 0x20C6, 0x20C6, 0x20C6, 0x20C6, 0x20C6, 
	0x20C6, 0x20C6, 0x20C6, 0x20C6, 0x20C6, 0x20C5, 0x20A6, 0x20C6, 0x20C6, 0x20C6, 0x20A6, 0x20A6, 0x20C6, 0x20E6, 0x20C6, 0x20C6, 
	0x20A6, 0x20C6, 0x20C6, 0x28C6, 0x28C6, 0x20C6, 0x20C6, 0x20C6, 0x20C6, 0x20C6, 0x20C6, 0x20C6, 0x20C6, 0x20C6, 0x20C6, 0x20C6, 
	0x20C6, 0x20C6, 0x20C6, 0x20C6, 0x20C6, 0x28E6, 0x20C6, 0x20C6, 0x20C6, 0x20C6, 0x20C6, 0x20C6, 0x20C6, 0x20C6, 0x28C6, 0x28C6, 
	0x28C6, 0x20C6, 0x28E6, 0x28C6, 0x28E6, 0x28E6, 0x28E6, 0x28C6, 0x28E6, 0x28E6, 0x28E6, 0x2907, 0x28E7, 0x28E7, 0x28C6, 0x28E7, 
	0x28E7, 0x28E7, 0x28E7, 0x28E7, 0x28E7, 0x28E6, 0x28E7, 0x28E7, 0x28E7, 0x28E7, 0x28E7, 0x2907, 0x28E7, 0x28E7, 0x28E7, 0x3107, 
	0x30E7, 0x28E7, 0x28E7, 0x30E7, 0x30E8, 0x30E7, 0x3108, 0x30E7, 0x3108, 0x30E7, 0x3108, 0x3108, 0x30E7, 0x30E7, 0x3107, 0x3108, 
	0x30E7, 0x30E8, 0x3107, 0x3107, 0x3108, 0x30E7, 0x3908, 0x3908, 0x38E8, 0x3908, 0x3908, 0x3908, 0x3908, 0x4108, 0x4108, 0x4108, 
	0x4108, 0x4109, 0x4129, 0x4108, 0x4108, 0x4909, 0x4929, 0x4929, 0x4929, 0x5129, 0x512A, 0x594A, 0x594A, 0x512A, 0x592A, 0x5129, 
	0x594A, 0x614B, 0x594A, 0x512A, 0x5129, 0x5129, 0x5129, 0x5129, 0x592A, 0x616B, 0x514A, 0x4908, 0x4929, 0x4909, 0x5129, 0x4929, 
	0x4929, 0x4108, 0x4108, 0x4108, 0x4108, 0x4108, 0x4108, 0x4108, 0x4108, 0x3908, 0x4108, 0x38E8, 0x4108, 0x4108, 0x4108, 0x4108, 
	0x4108, 0x4108, 0x4108, 0x4108, 0x4108, 0x40E8, 0x38E8, 0x38E8, 0x38E7, 0x38E8, 0x3907, 0x38E7, 0x38E7, 0x38E7, 0x38E7, 0x38E7, 
	0x38E7, 0x38E7, 0x38E7, 0x30E7, 0x38E7, 0x30E7, 0x30E7, 0x30E7, 0x30C7, 0x30E7, 0x30E7, 0x30E7, 0x30C7, 0x30E7, 0x30E7, 0x30C7, 
	0x30E7, 0x30C7, 0x30E7, 0x30E7, 0x30E7, 0x30C7, 0x30E7, 0x30E7, 0x30E7, 0x30E7, 0x30E7, 0x30E7, 0x30E7, 0x30E7, 0x30E6, 0x30C6, 
	0x30E6, 0x30E7, 0x30E7, 0x30C7, 0x30E7, 0x28E6, 0x30E7, 0x30E7, 0x3107, 0x30E7, 0x28E7, 0x28E6, 0x28C6, 0x28C6, 0x28C6, 0x28E7, 
	0x28E7, 0x28C6, 0x28C7, 0x28C6, 0x30E7, 0x28C6, 0x28E6, 0x28C6, 0x28E7, 0x28E7, 0x28E7, 0x28E7, 0x28C7, 0x28E7, 0x28E7, 0x28C6, 
	0x28C6, 0x28C6, 0x28C6, 0x28C6, 0x28C6, 0x28C6, 0x28C6, 0x28C6, 0x28C6, 0x28C6, 0x28E6, 0x28C6, 0x28C6, 0x28E6, 0x28C6, 0x28C6, 
	0x20A5, 0x20A5, 0x20A5, 0x20A5, 0x20A5, 0x20A5, 0x20A5, 0x20A5, 0x20A5, 0x20A5, 0x20A5, 0x20A5, 0x20A5, 0x20A5, 0x20A5, 0x20A5, 
	0x20A5, 0x20A5, 0x20A5, 0x20A5, 0x20A5, 0x20A5, 0x20A5, 0x20A5, 0x20A5, 0x20A5, 0x20A5, 0x20C5, 0x20A5, 0x20C5, 0x20A5, 0x20C5, 
	0x20C5, 0x20A5, 0x20A5, 0x20A5, 0x20A5, 0x20C6, 0x20C5, 0x20C6, 0x20A5, 0x20A5, 0x20C5, 0x20C5, 0x20A5, 0x20A5, 0x20C5, 0x20C6, 
	0x20A5, 0x20A5, 0x20C6, 0x20C6, 0x20C5, 0x20C5, 0x20C6, 0x20C5, 0x20C6, 0x20C6, 0x20C6, 0x20C6, 0x20C6, 0x20A6, 0x20A5, 0x20A5, 
	0x20C6, 0x20C6, 0x20C6, 0x20C6, 0x20C6, 0x20C5, 0x20C6, 0x20C6, 0x20C6, 0x20C6, 0x20C6, 0x20C6, 0x20C6, 0x20C6, 0x20C6, 0x2907, 
	0x3968, 0x28C6, 0x20C6, 0x20A6, 0x28C6, 0x20C6, 0x20C6, 0x20A6, 0x20C6, 0x20C6, 0x20C6, 0x20C6, 0x20C6, 0x20C6, 0x28E6, 0x20C6, 
	0x20C6, 0x20C6, 0x20C6, 0x20A6, 0x20C6, 0x20C6, 0x20C6, 0x20C6, 0x28C6, 0x20C6, 0x20C6, 0x20C6, 0x20C6, 0x20C6, 0x20C6, 0x28E6, 
	0x28E6, 0x28E6, 0x28E6, 0x20C6, 0x28C6, 0x20C6, 0x28E6, 0x28E6, 0x28E6, 0x28E6, 0x20C6, 0x28E7, 0x28E7, 0x28E7, 0x28E7, 0x28E6, 
	0x28C6, 0x28E7, 0x28E7, 0x2907, 0x28E7, 0x28E7, 0x28E7, 0x28E7, 0x28E7, 0x28E7, 0x28E7, 0x28E7, 0x28E7, 0x28E7, 0x28E7, 0x30E7, 
	0x30E7, 0x28E7, 0x30E7, 0x3107, 0x30E7, 0x30E7, 0x30E7, 0x30E7, 0x3107, 0x3108, 0x3108, 0x30E7, 0x30E7, 0x3107, 0x3107, 0x3108, 
	0x30E7, 0x30E8, 0x3108, 0x3108, 0x3108, 0x3908, 0x3908, 0x3908, 0x38E8, 0x3908, 0x3908, 0x3908, 0x3908, 0x38E8, 0x3908, 0x4108, 
	0x4108, 0x4108, 0x4109, 0x4109, 0x4108, 0x4909, 0x4909, 0x4909, 0x4909, 0x5129, 0x5129, 0x592A, 0x5129, 0x594A, 0x594A, 0x594A, 
	0x596A, 0x696C, 0x616C, 0x592A, 0x5129, 0x5129, 0x5129, 0x5129, 0x514A, 0x594A, 0x514A, 0x512A, 0x594A, 0x512A, 0x5129, 0x40E8, 
	0x4929, 0x4928, 0x4108, 0x4108, 0x4108, 0x4108, 0x4108, 0x4108, 0x4108, 0x4108, 0x4108, 0x4108, 0x4108, 0x4108, 0x4108, 0x40E8, 
	0x4108, 0x4108, 0x4108, 0x4108, 0x4108, 0x40E8, 0x38E7, 0x40E8, 0x38E8, 0x38E8, 0x38E7, 0x38C7, 0x38E7, 0x38E7, 0x38E7, 0x38E7, 
	0x38E7, 0x38E7, 0x38E7, 0x30E7, 0x30E7, 0x30E7, 0x30E7, 0x30E7, 0x30E7, 0x30E7, 0x30C7, 0x30E7, 0x30E7, 0x30E7, 0x3907, 0x30E7, 
	0x30E7, 0x30E7, 0x30C7, 0x30C7, 0x3908, 0x30E7, 0x30E7, 0x30E7, 0x30E7, 0x30E7, 0x30E7, 0x30E7, 0x30C6, 0x30E7, 0x30E7, 0x30E7, 
	0x30E7, 0x30E7, 0x30E7, 0x30E7, 0x30E7, 0x30E7, 0x30E7, 0x30E7, 0x30E7, 0x30C7, 0x30E7, 0x28C6, 0x28C6, 0x28E6, 0x28C6, 0x28E7, 
	0x28E7, 0x28C6, 0x28E6, 0x28C6, 0x28C6, 0x28E7, 0x28C7, 0x28C6, 0x30E7, 0x28E7, 0x28C6, 0x28E7, 0x28E7, 0x28E7, 0x28E7, 0x28C6, 
	0x28E6, 0x28E6, 0x28C6, 0x28C7, 0x28C6, 0x28C6, 0x28C6, 0x28E6, 0x28C6, 0x28C6, 0x28E7, 0x28E6, 0x28C6, 0x28C6, 0x28E6, 0x28C6, 
	0x20A5, 0x18A5, 0x20A5, 0x20A5, 0x20A5, 0x20C5, 0x20A5, 0x20A5, 0x20A5, 0x20A5, 0x20A5, 0x20A5, 0x20A5, 0x20A5, 0x20A5, 0x20A5, 
	0x20A6, 0x20A5, 0x20A5, 0x20A5, 0x20A5, 0x20C6, 0x20A6, 0x20A6, 0x20A5, 0x20A5, 0x20A5, 0x20A5, 0x20A6, 0x20A5, 0x20A5, 0x20C5, 
	0x20A5, 0x20A5, 0x20C5, 0x20A5, 0x20A5, 0x20C6, 0x20C5, 0x20C6, 0x20A5, 0x20A5, 0x20C5, 0x20A5, 0x20A5, 0x20C6, 0x20C6, 0x20C6, 
	0x20A5, 0x20C5, 0x20C6, 0x20C5, 0x20C6, 0x20C6, 0x20C5, 0x20C5, 0x20C6, 0x20C6, 0x20C6, 0x20C6, 0x20C6, 0x20C6, 0x20C6, 0x20C6, 
	0x20C6, 0x20C6, 0x20C6, 0x28E6, 0x2907, 0x20C6, 0x20C6, 0x20C6, 0x20C6, 0x20A6, 0x20C6, 0x20C6, 0x20C6, 0x28C6, 0x20A5, 0x62CE, 
	0x9C96, 0x28E6, 0x20A6, 0x20A6, 0x20C6, 0x20C6, 0x20A6, 0x20C6, 0x20C6, 0x20C6, 0x20C6, 0x20C6, 0x20C6, 0x28C6, 0x20C6, 0x20C6, 
	0x20A6, 0x28E6, 0x20C6, 0x20C6, 0x20C6, 0x20C6, 0x20C6, 0x20C6, 0x28E6, 0x28E6, 0x20C6, 0x20C6, 0x20C6, 0x20C6, 0x28C6, 0x28C6, 
	0x28C6, 0x28C6, 0x20C6, 0x28E6, 0x20C6, 0x20C6, 0x28E6, 0x28C6, 0x28E6, 0x28C6, 0x28E6, 0x28E7, 0x28C6, 0x28C6, 0x28E7, 0x28E7, 
	0x28E7, 0x28E7, 0x28E7, 0x28E7, 0x28E7, 0x28E7, 0x28E7, 0x28E7, 0x28E7, 0x28E7, 0x28E7, 0x28E7, 0x28E7, 0x28E7, 0x28E7, 0x30E7, 
	0x3107, 0x28E7, 0x30E7, 0x28E7, 0x3108, 0x3929, 0x3108, 0x30E7, 0x30E7, 0x30E7, 0x30E8, 0x30E8, 0x3108, 0x3108, 0x30E7, 0x30E7, 
	0x30E8, 0x30E7, 0x30E8, 0x30E8, 0x3908, 0x3908, 0x3908, 0x3908, 0x3908, 0x3928, 0x3908, 0x3908, 0x3908, 0x38E8, 0x4108, 0x3908, 
	0x4129, 0x4129, 0x4108, 0x4109, 0x4108, 0x4108, 0x4909, 0x4909, 0x4929, 0x5129, 0x5129, 0x5129, 0x592A, 0x594A, 0x594A, 0x592A, 
	0x594A, 0x594A, 0x614B, 0x592A, 0x594A, 0x512A, 0x5129, 0x514A, 0x512A, 0x512A, 0x514A, 0x512A, 0x594A, 0x5129, 0x5149, 0x4929, 
	0x4928, 0x4908, 0x4908, 0x4108, 0x4108, 0x4108, 0x4108, 0x4108, 0x4108, 0x4129, 0x4108, 0x4108, 0x4108, 0x4108, 0x4108, 0x40E8, 
	0x4108, 0x40E8, 0x4108, 0x4108, 0x4108, 0x4108, 0x40E8, 0x40E8, 0x4108, 0x4108, 0x38E8, 0x38E7, 0x38E7, 0x38E7, 0x38E7, 0x38E7, 
	0x38E7, 0x3907, 0x38E7, 0x30E7, 0x30E7, 0x30E7, 0x30E7, 0x30E7, 0x30E7, 0x30E7, 0x30E7, 0x30E7, 0x30E7, 0x30E7, 0x30E7, 0x30E7, 
	0x30E7, 0x30E7, 0x30E7, 0x30E7, 0x30E7, 0x30C6, 0x30C7, 0x30E7, 0x30E7, 0x30E7, 0x30C6, 0x30E7, 0x28C6, 0x30E6, 0x30E7, 0x30E7, 
	0x30E7, 0x30E6, 0x30E7, 0x30E7, 0x3908, 0x3929, 0x30E7, 0x30E7, 0x28E6, 0x30E7, 0x30E7, 0x30E7, 0x30E7, 0x30E7, 0x28E6, 0x28E6, 
	0x28E7, 0x28C6, 0x28E6, 0x30E7, 0x28E7, 0x30E7, 0x28C7, 0x28C7, 0x28E7, 0x28C6, 0x28E6, 0x28E6, 0x28E7, 0x28C6, 0x28E7, 0x28C6, 
	0x28C6, 0x28E6, 0x28C6, 0x28C6, 0x28E6, 0x28C6, 0x28E6, 0x28C6, 0x28E6, 0x28C6, 0x28C6, 0x28C6, 0x28C6, 0x28C6, 0x28C6, 0x28C6, 
	0x20A5, 0x20A5, 0x20A5, 0x20A5, 0x20A5, 0x20A5, 0x18A5, 0x20A5, 0x20A5, 0x20A5, 0x20A5, 0x20A5, 0x20A5, 0x20C5, 0x20A5, 0x20A5, 
	0x20A5, 0x2085, 0x20A5, 0x20A5, 0x20A5, 0x20C5, 0x20A5, 0x20C6, 0x20A5, 0x20A5, 0x20A5, 0x20A5, 0x20A5, 0x20A5, 0x20A5, 0x20C6, 
	0x20C6, 0x20A5, 0x20C5, 0x20A5, 0x20A5, 0x20C6, 0x20A5, 0x20C5, 0x20C5, 0x20C5, 0x20C6, 0x20A5, 0x20A5, 0x20C6, 0x20C6, 0x20A5, 
	0x20C6, 0x20C6, 0x20A5, 0x20C5, 0x20C6, 0x20C5, 0x20C6, 0x20C6, 0x20C6, 0x20A5, 0x20C6, 0x20C6, 0x20A6, 0x20C6, 0x20C6, 0x20C6, 
	0x20C6, 0x20C6, 0x20C6, 0x28E6, 0x28E7, 0x20C6, 0x20C6, 0x20C6, 0x20C6, 0x20C6, 0x28E6, 0x20C6, 0x20C6, 0x28C6, 0x20C6, 0x4A0B, 
	0x526D, 0x20C6, 0x20C6, 0x20A6, 0x28C6, 0x20C6, 0x20A6, 0x28C6, 0x20C6, 0x20C6, 0x28E6, 0x20C6, 0x20C6, 0x20C6, 0x20C6, 0x20C6, 
	0x20E6, 0x28E6, 0x20C6, 0x20C6, 0x20E6, 0x20C6, 0x28E6, 0x28C6, 0x28E6, 0x20C6, 0x20C6, 0x20C6, 0x20C6, 0x20C6, 0x28E6, 0x28E6, 
	0x20C6, 0x20C6, 0x20C6, 0x28E6, 0x20C6, 0x20C6, 0x28E6, 0x28C6, 0x28E6, 0x28E6, 0x28E6, 0x28E7, 0x28C6, 0x28C6, 0x28E7, 0x28E7, 
	0x28E7, 0x28E7, 0x28E7, 0x28E7, 0x28C7, 0x28E7, 0x28E7, 0x28E7, 0x28E7, 0x28E7, 0x28E7, 0x28E7, 0x28E7, 0x28E7, 0x30E7, 0x28E7, 
	0x30E7, 0x30E7, 0x30E7, 0x3107, 0x3929, 0x3949, 0x30E8, 0x3107, 0x3107, 0x3108, 0x30E8, 0x3108, 0x3108, 0x3108, 0x3108, 0x30E7, 
	0x3108, 0x3108, 0x30E8, 0x3108, 0x3908, 0x3908, 0x38E8, 0x3908, 0x3908, 0x3908, 0x38E8, 0x3908, 0x3908, 0x3908, 0x4128, 0x4108, 
	0x4108, 0x4128, 0x4108, 0x4128, 0x4128, 0x4129, 0x4929, 0x4909, 0x4929, 0x5129, 0x5129, 0x5129, 0x594A, 0x594A, 0x594A, 0x594A, 
	0x5129, 0x5129, 0x5129, 0x592A, 0x5129, 0x5129, 0x5129, 0x5129, 0x512A, 0x594A, 0x594A, 0x5129, 0x512A, 0x5109, 0x5129, 0x4929, 
	0x4908, 0x4908, 0x4929, 0x4929, 0x4108, 0x4108, 0x4908, 0x4108, 0x4108, 0x4108, 0x40E8, 0x4108, 0x4108, 0x4108, 0x40E8, 0x4108, 
	0x4108, 0x4108, 0x4108, 0x4108, 0x4108, 0x40E8, 0x40E8, 0x40E8, 0x4108, 0x4108, 0x38E8, 0x3908, 0x38E7, 0x38E7, 0x38E7, 0x3907, 
	0x38E7, 0x38E7, 0x30E7, 0x30E7, 0x30E7, 0x30E7, 0x38E7, 0x30E7, 0x30E7, 0x3907, 0x30E7, 0x30E7, 0x3907, 0x30E7, 0x30E7, 0x30C7, 
	0x30E7, 0x30E7, 0x30E7, 0x30E7, 0x30E7, 0x30E7, 0x30E7, 0x30E7, 0x30E7, 0x30E7, 0x28E7, 0x30E7, 0x30E7, 0x30E6, 0x30E7, 0x30E7, 
	0x30E7, 0x30E7, 0x30E7, 0x30E7, 0x3928, 0x3929, 0x30E7, 0x30E7, 0x28E6, 0x28E6, 0x28E7, 0x30C7, 0x28C6, 0x30E7, 0x30E6, 0x28C6, 
	0x28E7, 0x28E7, 0x28E7, 0x30E7, 0x28C6, 0x3107, 0x3107, 0x28E7, 0x28E7, 0x28C6, 0x28C6, 0x28E6, 0x28C7, 0x28C6, 0x28C6, 0x28E7, 
	0x28C6, 0x28C6, 0x28C6, 0x28C6, 0x28E6, 0x28E6, 0x28E6, 0x28C6, 0x28E6, 0x28C6, 0x28C6, 0x28C6, 0x28C6, 0x28C6, 0x28C6, 0x28C6, 
	0x20A5, 0x20A5, 0x20A5, 0x20A5, 0x20A5, 0x20A5, 0x20A5, 0x20A5, 0x20A5, 0x20A5, 0x20A5, 0x20A5, 0x20A5, 0x20A5, 0x20A5, 0x20A5, 
	0x20A5, 0x20A5, 0x20A5, 0x20A5, 0x20A5, 0x20A5, 0x20A5, 0x20C6, 0x20A5, 0x20A5, 0x20A5, 0x20A5, 0x20A5, 0x20A5, 0x20A5, 0x20A6, 
	0x20C6, 0x20C6, 0x20C5, 0x20C6, 0x20A6, 0x20A5, 0x20C6, 0x20A5, 0x20C5, 0x20C5, 0x20A5, 0x20A6, 0x20C6, 0x20C5, 0x20C5, 0x20A6, 
	0x20C5, 0x20A5, 0x20C6, 0x20C6, 0x20C6, 0x20C6, 0x20A5, 0x20C6, 0x20C6, 0x20A6, 0x20C5, 0x20C6, 0x20C6, 0x20C6, 0x20C6, 0x20C6, 
	0x20C6, 0x20C6, 0x20A6, 0x20C6, 0x20C6, 0x20C6, 0x20C6, 0x20C6, 0x20C6, 0x20C6, 0x20C6, 0x20C6, 0x20C6, 0x28E6, 0x28E6, 0x20C5, 
	0x20A5, 0x28E6, 0x20C6, 0x20C6, 0x20C6, 0x20C6, 0x20A6, 0x20C6, 0x20C6, 0x20C6, 0x20C6, 0x20C6, 0x20C6, 0x20C6, 0x20C6, 0x20C6, 
	0x20C6, 0x28C6, 0x20C6, 0x20C6, 0x20C6, 0x20C6, 0x20C6, 0x20C6, 0x28C6, 0x20C6, 0x20C6, 0x20C6, 0x20C6, 0x20C6, 0x20C6, 0x20C6, 
	0x20C6, 0x28E7, 0x28C6, 0x28E6, 0x28E6, 0x28E6, 0x28E6, 0x28E6, 0x28C6, 0x28C6, 0x28E7, 0x28E6, 0x28E6, 0x28E6, 0x28C6, 0x28E7, 
	0x28E7, 0x28E7, 0x28E7, 0x28E7, 0x28E7, 0x28E7, 0x28E7, 0x28E7, 0x28E7, 0x28E7, 0x28E7, 0x28E7, 0x28E7, 0x28E7, 0x3107, 0x28E7, 
	0x3107, 0x3107, 0x30E7, 0x3107, 0x3108, 0x3107, 0x3107, 0x3107, 0x3108, 0x3108, 0x30E7, 0x3108, 0x30E7, 0x30E7, 0x30E7, 0x30E7, 
	0x3908, 0x3107, 0x30E8, 0x3108, 0x3908, 0x3908, 0x3908, 0x3908, 0x3908, 0x3908, 0x3908, 0x3928, 0x3908, 0x3908, 0x4108, 0x4108, 
	0x4108, 0x4108, 0x4128, 0x4128, 0x4108, 0x4109, 0x4929, 0x4929, 0x4909, 0x4929, 0x5129, 0x4909, 0x5129, 0x592A, 0x594A, 0x512A, 
	0x5129, 0x5129, 0x5129, 0x512A, 0x5129, 0x5129, 0x5129, 0x512A, 0x512A, 0x512A, 0x512A, 0x512A, 0x512A, 0x514A, 0x5129, 0x4908, 
	0x4908, 0x4908, 0x4908, 0x4908, 0x4108, 0x4908, 0x4928, 0x4909, 0x4909, 0x4108, 0x4108, 0x4108, 0x4108, 0x4108, 0x4108, 0x4108, 
	0x4108, 0x4108, 0x4108, 0x40E8, 0x4108, 0x4108, 0x4108, 0x4108, 0x4108, 0x38E8, 0x38E8, 0x38E7, 0x38E7, 0x38E7, 0x38E7, 0x3907, 
	0x38E7, 0x38E7, 0x38E7, 0x30E7, 0x38E7, 0x38E7, 0x30E7, 0x38E7, 0x30E7, 0x38E7, 0x30E7, 0x30E7, 0x30E7, 0x30E7, 0x38E7, 0x38E7, 
	0x30E7, 0x30C6, 0x30C6, 0x30E7, 0x30E7, 0x30E7, 0x30C7, 0x30E7, 0x30E7, 0x30E7, 0x30E7, 0x30E7, 0x30E7, 0x30E6, 0x30E7, 0x30E7, 
	0x30E7, 0x30E7, 0x30E7, 0x30E6, 0x30E6, 0x30E6, 0x3107, 0x30E7, 0x28E7, 0x30E7, 0x30C7, 0x30E7, 0x28C6, 0x28C6, 0x28E7, 0x28E6, 
	0x28E7, 0x28C7, 0x28E7, 0x28C6, 0x3107, 0x522D, 0x3969, 0x28E7, 0x28E7, 0x28E7, 0x28E6, 0x28C6, 0x28C6, 0x30E7, 0x28E6, 0x28E6, 
	0x28C6, 0x28E6, 0x28C6, 0x28C6, 0x28E6, 0x28C6, 0x28C6, 0x28C6, 0x28E6, 0x28C7, 0x28E6, 0x28E6, 0x28C6, 0x28E6, 0x28E6, 0x28E6, 
	0x20A5, 0x20A5, 0x18A5, 0x20A5, 0x20A5, 0x20A5, 0x20A5, 0x20A5, 0x20A5, 0x20C5, 0x20C5, 0x20A5, 0x20A5, 0x20A5, 0x20A5, 0x20C5, 
	0x20A5, 0x20A5, 0x20A5, 0x20A5, 0x20A5, 0x20A5, 0x20C5, 0x20A5, 0x20A5, 0x20C5, 0x20A5, 0x20C6, 0x20C6, 0x20A6, 0x20C6, 0x20A5, 
	0x20C5, 0x20C5, 0x20A5, 0x20A5, 0x20A6, 0x20C6, 0x20C6, 0x20A5, 0x20C5, 0x20C6, 0x20A5, 0x20A5, 0x20C6, 0x20A5, 0x20C5, 0x20C6, 
	0x20A6, 0x20C5, 0x20C5, 0x20C6, 0x20A5, 0x20C6, 0x20C6, 0x20C6, 0x20C6, 0x20C6, 0x20C6, 0x20C6, 0x20C6, 0x20A6, 0x20C6, 0x20C6, 
	0x20C6, 0x20C6, 0x20C6, 0x20C6, 0x20C6, 0x20C6, 0x20C6, 0x20C6, 0x20C6, 0x20C6, 0x20C6, 0x20C6, 0x20C6, 0x20C6, 0x28E6, 0x20C6, 
	0x20C6, 0x20C6, 0x20C6, 0x20C6, 0x20C6, 0x28E6, 0x28E6, 0x20C6, 0x28E6, 0x20C6, 0x20C6, 0x20C6, 0x20C6, 0x20C6, 0x20E6, 0x20C6, 
	0x20C6, 0x28C6, 0x28C6, 0x20C6, 0x20C6, 0x20C6, 0x20C6, 0x20C6, 0x28E6, 0x20C6, 0x20C6, 0x20C6, 0x20C6, 0x28E6, 0x20C6, 0x28E6, 
	0x28E6, 0x28E6, 0x28E6, 0x28E6, 0x28E6, 0x28E6, 0x28E6, 0x28E7, 0x28E7, 0x28C6, 0x28E7, 0x28C6, 0x28E6, 0x28E7, 0x28E6, 0x28E7, 
	0x28E7, 0x28E7, 0x28E7, 0x28E7, 0x28E7, 0x28E7, 0x28E7, 0x28E7, 0x28E7, 0x28E7, 0x28E7, 0x3107, 0x30E7, 0x28E7, 0x28E7, 0x28E7, 
	0x28E7, 0x30E7, 0x28E7, 0x3107, 0x30E7, 0x3107, 0x3108, 0x30E7, 0x3107, 0x3108, 0x30E7, 0x3108, 0x30E8, 0x3108, 0x3108, 0x3108, 
	0x3908, 0x38E8, 0x30E7, 0x30E7, 0x3908, 0x3908, 0x3908, 0x3908, 0x3908, 0x3908, 0x3928, 0x3928, 0x4108, 0x3908, 0x4108, 0x4129, 
	0x4109, 0x4109, 0x4129, 0x4929, 0x4108, 0x4109, 0x4929, 0x4949, 0x4929, 0x4929, 0x4929, 0x5129, 0x512A, 0x512A, 0x512A, 0x5109, 
	0x5129, 0x5129, 0x5129, 0x5129, 0x5129, 0x5129, 0x5129, 0x592A, 0x5129, 0x5929, 0x594A, 0x596A, 0x592A, 0x512A, 0x594A, 0x5129, 
	0x5129, 0x4908, 0x4908, 0x4909, 0x4908, 0x4108, 0x4108, 0x4929, 0x4909, 0x4909, 0x4128, 0x4108, 0x4108, 0x4108, 0x4108, 0x4108, 
	0x4108, 0x4108, 0x40E8, 0x4949, 0x516A, 0x40E8, 0x4108, 0x4108, 0x4108, 0x4108, 0x38E7, 0x38E7, 0x3907, 0x3907, 0x38E7, 0x38E7, 
	0x38E7, 0x38E7, 0x38E7, 0x38E7, 0x30E7, 0x30E7, 0x30E7, 0x3907, 0x30E7, 0x30E7, 0x30E7, 0x30E7, 0x30E7, 0x30E7, 0x38E7, 0x38E7, 
	0x38E7, 0x30E7, 0x30C7, 0x30E7, 0x30E7, 0x30C7, 0x30C7, 0x30E7, 0x30E7, 0x30E7, 0x30E7, 0x30E7, 0x30E7, 0x30E7, 0x30E7, 0x3107, 
	0x30E7, 0x30E7, 0x30E7, 0x30E6, 0x28E6, 0x28E6, 0x30E7, 0x30E7, 0x30E7, 0x30E7, 0x30E7, 0x30E7, 0x28C6, 0x28C6, 0x28E6, 0x30E7, 
	0x30E7, 0x28E7, 0x30E7, 0x30E7, 0x3107, 0x49EC, 0x3949, 0x28E7, 0x28E7, 0x28E7, 0x28E7, 0x28E6, 0x28E7, 0x30E7, 0x28E7, 0x28E6, 
	0x28E6, 0x28E6, 0x30E6, 0x28E6, 0x28E6, 0x28C6, 0x28C6, 0x28E6, 0x28C6, 0x28C6, 0x28E6, 0x28E6, 0x28C6, 0x28C6, 0x28E6, 0x28E6, 
	0x20A5, 0x20A5, 0x20A5, 0x20A5, 0x20A5, 0x20A5, 0x20A5, 0x20C5, 0x20C5, 0x20C5, 0x20A5, 0x20A5, 0x20A5, 0x20A5, 0x20A5, 0x20C5, 
	0x20A5, 0x20C5, 0x20C5, 0x20A5, 0x20A5, 0x20A5, 0x20A5, 0x20A5, 0x20C5, 0x20C5, 0x20A5, 0x20C6, 0x20C6, 0x20C6, 0x20C6, 0x20A5, 
	0x20A5, 0x20C5, 0x20A5, 0x20A5, 0x20C6, 0x20A5, 0x20C6, 0x20C6, 0x20C6, 0x20C6, 0x20A5, 0x20C6, 0x20A5, 0x20A5, 0x20C6, 0x20C6, 
	0x20C6, 0x28E6, 0x20C6, 0x20C6, 0x20A5, 0x20A6, 0x20C6, 0x20C6, 0x20C6, 0x20C6, 0x20C6, 0x20C6, 0x20C6, 0x20A6, 0x20C6, 0x20C6, 
	0x20C6, 0x20C6, 0x20C6, 0x20C6, 0x20C6, 0x20C6, 0x20C6, 0x20C6, 0x28E6, 0x28E6, 0x20C6, 0x20C6, 0x20C6, 0x20C6, 0x28C6, 0x20C6, 
	0x20C6, 0x28E6, 0x20C6, 0x20C6, 0x20C6, 0x20C6, 0x20C6, 0x20C6, 0x20C6, 0x20C6, 0x28C6, 0x20C6, 0x20C6, 0x20C6, 0x20C6, 0x20C6, 
	0x20C6, 0x28C6, 0x20C6, 0x28E6, 0x20C6, 0x20C6, 0x28E6, 0x20C6, 0x28E6, 0x28C6, 0x28E7, 0x28C6, 0x28C6, 0x28E6, 0x20C6, 0x28E6, 
	0x20C6, 0x20C6, 0x28E6, 0x28C6, 0x28E7, 0x28E6, 0x28C6, 0x28E7, 0x28E7, 0x28C7, 0x28E7, 0x28E7, 0x28E7, 0x28E7, 0x28E7, 0x28E7, 
	0x28E7, 0x28E7, 0x28E7, 0x28E7, 0x28E7, 0x28E7, 0x28E7, 0x28E7, 0x28E7, 0x2907, 0x28E7, 0x28E7, 0x3107, 0x3108, 0x3107, 0x2907, 
	0x28E7, 0x3107, 0x3107, 0x3107, 0x3107, 0x30E7, 0x3107, 0x3107, 0x3108, 0x3108, 0x30E8, 0x30E8, 0x30E8, 0x3108, 0x30E7, 0x3108, 
	0x3108, 0x3908, 0x3908, 0x3108, 0x3108, 0x3908, 0x3928, 0x3908, 0x3908, 0x3908, 0x3908, 0x3908, 0x4108, 0x3908, 0x4108, 0x4108, 
	0x4129, 0x4129, 0x4129, 0x4108, 0x4109, 0x4929, 0x4929, 0x4909, 0x4929, 0x4929, 0x4929, 0x5149, 0x514A, 0x514A, 0x512A, 0x512A, 
	0x4909, 0x5129, 0x5129, 0x5109, 0x5129, 0x5109, 0x5129, 0x592A, 0x5129, 0x594A, 0x594A, 0x594A, 0x512A, 0x616B, 0x594B, 0x5109, 
	0x5129, 0x4929, 0x5129, 0x5129, 0x4909, 0x4108, 0x4108, 0x4929, 0x4108, 0x4108, 0x4129, 0x4128, 0x4108, 0x4108, 0x4108, 0x4108, 
	0x4108, 0x4108, 0x4108, 0x4928, 0x4128, 0x40E7, 0x4108, 0x38E8, 0x3908, 0x38E8, 0x38E7, 0x38E7, 0x3907, 0x38E7, 0x38E7, 0x3907, 
	0x30E7, 0x38E7, 0x38E7, 0x3907, 0x30E7, 0x30E7, 0x38E7, 0x3907, 0x30C7, 0x30E7, 0x30E7, 0x30E7, 0x30C7, 0x38E7, 0x38E8, 0x38E7, 
	0x3907, 0x38E7, 0x30E7, 0x30E7, 0x30E7, 0x30E7, 0x30E7, 0x3107, 0x30E7, 0x30E7, 0x30E7, 0x30E7, 0x30E7, 0x30E7, 0x30E7, 0x30E7, 
	0x30E7, 0x30E7, 0x30E7, 0x30E6, 0x30E6, 0x28E6, 0x30E7, 0x30E7, 0x30E7, 0x30E7, 0x30E7, 0x30E7, 0x28E6, 0x30E7, 0x30E7, 0x30E7, 
	0x30E7, 0x30E7, 0x30E7, 0x30E7, 0x30E7, 0x28E6, 0x30E7, 0x28E7, 0x28E7, 0x28C7, 0x28C6, 0x28E7, 0x28E6, 0x28E6, 0x28E6, 0x28C6, 
	0x28E7, 0x28C6, 0x30E7, 0x30E7, 0x30E7, 0x28E6, 0x28C6, 0x30E6, 0x28E6, 0x28E6, 0x28E6, 0x28C6, 0x28E6, 0x28C6, 0x28C6, 0x28E6, 
	0x20C5, 0x20A5, 0x20A5, 0x20A5, 0x20A5, 0x20A5, 0x20A5, 0x20C5, 0x20C5, 0x20A5, 0x20A5, 0x20A5, 0x20A5, 0x20A5, 0x20A5, 0x20A5, 
	0x20C5, 0x20A5, 0x20A5, 0x20A6, 0x20A5, 0x20A5, 0x20A5, 0x20A5, 0x20A5, 0x20A5, 0x20A5, 0x20A5, 0x20A6, 0x20A6, 0x20A5, 0x20A5, 
	0x20C5, 0x20A5, 0x20C6, 0x20C6, 0x20A5, 0x20A5, 0x20A5, 0x20A5, 0x20C5, 0x20A5, 0x20A5, 0x20C6, 0x20C5, 0x20C5, 0x20C6, 0x20C6, 
	0x20C6, 0x28E6, 0x20C5, 0x20C6, 0x20C6, 0x20A6, 0x20C6, 0x20C6, 0x20C6, 0x20C6, 0x20C6, 0x20C6, 0x20C6, 0x20C6, 0x20C6, 0x20C6, 
	0x20C6, 0x20C6, 0x20C6, 0x20C6, 0x20C6, 0x20C6, 0x20C6, 0x20C6, 0x20C6, 0x20C6, 0x20C6, 0x20C6, 0x20C6, 0x20C6, 0x20C6, 0x20C6, 
	0x20E6, 0x20E6, 0x20C6, 0x20C6, 0x20C6, 0x20A6, 0x20C6, 0x20C6, 0x20C6, 0x20C6, 0x20C6, 0x20C6, 0x20C6, 0x20C6, 0x20C6, 0x20C6, 
	0x28E6, 0x20C6, 0x20C6, 0x20C6, 0x20C6, 0x20A6, 0x28E6, 0x20E6, 0x28C6, 0x20C6, 0x28E7, 0x28E7, 0x28C6, 0x28C6, 0x20C6, 0x28E6, 
	0x20E6, 0x28E6, 0x28E6, 0x28C6, 0x28E7, 0x28E7, 0x28C6, 0x28E7, 0x28E7, 0x28E7, 0x28E7, 0x28E7, 0x28E7, 0x28E7, 0x28E7, 0x28E7, 
	0x28E7, 0x28E7, 0x28E7, 0x28E7, 0x28E7, 0x28E7, 0x28E7, 0x28E7, 0x28E7, 0x2907, 0x28E7, 0x30E7, 0x3108, 0x3108, 0x28E7, 0x28E7, 
	0x28E7, 0x30E7, 0x30E7, 0x30E7, 0x3108, 0x3107, 0x3107, 0x30E7, 0x3108, 0x3108, 0x3108, 0x3108, 0x3108, 0x3908, 0x3108, 0x3108, 
	0x30E8, 0x30E8, 0x3908, 0x3108, 0x3108, 0x3108, 0x3908, 0x3908, 0x3908, 0x3908, 0x3908, 0x3908, 0x3908, 0x3908, 0x4129, 0x4129, 
	0x4108, 0x4108, 0x4108, 0x4109, 0x4109, 0x4109, 0x4929, 0x4909, 0x4929, 0x4929, 0x4929, 0x5129, 0x512A, 0x5129, 0x5129, 0x5129, 
	0x5129, 0x5129, 0x5129, 0x5129, 0x5129, 0x5129, 0x5129, 0x5149, 0x594A, 0x594A, 0x594A, 0x592A, 0x514A, 0x69AC, 0x618C, 0x512A, 
	0x5129, 0x5129, 0x4929, 0x4929, 0x4929, 0x4909, 0x4928, 0x4908, 0x4909, 0x4109, 0x4108, 0x4108, 0x4108, 0x4108, 0x4108, 0x4108, 
	0x4108, 0x4108, 0x4108, 0x4108, 0x4108, 0x4108, 0x4108, 0x3908, 0x38E8, 0x38E7, 0x3907, 0x38E7, 0x38E7, 0x38E7, 0x38E7, 0x38E7, 
	0x30E7, 0x38E7, 0x38E7, 0x30E7, 0x30E7, 0x30E7, 0x30E7, 0x38E7, 0x38E7, 0x38E7, 0x3907, 0x38E7, 0x38E7, 0x3908, 0x3908, 0x30E7, 
	0x3907, 0x30E7, 0x30E7, 0x30E7, 0x30E7, 0x30C7, 0x30E7, 0x3907, 0x30E7, 0x30E7, 0x3107, 0x30E7, 0x30E7, 0x30E7, 0x30E7, 0x30E7, 
	0x30E7, 0x30E7, 0x30E7, 0x30E7, 0x30E7, 0x30E7, 0x30E7, 0x30E7, 0x3107, 0x30E7, 0x30E6, 0x30E6, 0x30E6, 0x30E7, 0x30E7, 0x28E7, 
	0x28E7, 0x30E7, 0x28C6, 0x28E7, 0x28E6, 0x30E7, 0x30E7, 0x30E7, 0x30E7, 0x28E7, 0x28C6, 0x28E7, 0x28C6, 0x28C6, 0x28E6, 0x28C6, 
	0x28E6, 0x28C6, 0x28C6, 0x28E7, 0x28C6, 0x28E6, 0x28E6, 0x28E6, 0x28C6, 0x28C6, 0x28C6, 0x28C6, 0x28E6, 0x28E6, 0x28E6, 0x28C6, 
	0x20A5, 0x18A5, 0x20C5, 0x20A5, 0x20A5, 0x20A5, 0x20A5, 0x20A5, 0x20A5, 0x20A5, 0x20A5, 0x20A5, 0x20A5, 0x20A5, 0x20A5, 0x20A6, 
	0x20A5, 0x20A5, 0x20A5, 0x20A5, 0x20A5, 0x20A5, 0x20A5, 0x20A5, 0x20A5, 0x20A5, 0x20A5, 0x20A5, 0x20A6, 0x20A6, 0x20A5, 0x20C5, 
	0x20A5, 0x20A5, 0x20C6, 0x20A5, 0x20A5, 0x20C6, 0x20A5, 0x20C5, 0x20C6, 0x20A6, 0x20C6, 0x20C5, 0x20C5, 0x20C6, 0x20A5, 0x20C6, 
	0x20A5, 0x20C6, 0x20C6, 0x20C6, 0x20C6, 0x20A6, 0x20C6, 0x20A6, 0x20C6, 0x20C6, 0x20C6, 0x20C6, 0x20C6, 0x20C6, 0x20C6, 0x20C6, 
	0x20C6, 0x20C6, 0x20C6, 0x20C6, 0x20C6, 0x20C6, 0x20C6, 0x20C6, 0x28C6, 0x20C6, 0x20C6, 0x20C6, 0x20C6, 0x20C6, 0x20C6, 0x20C6, 
	0x20C6, 0x20C6, 0x20C6, 0x20C6, 0x20C6, 0x20C6, 0x20C6, 0x20C6, 0x20C6, 0x20C6, 0x20C6, 0x20A6, 0x20C6, 0x28E6, 0x20C6, 0x20C6, 
	0x28C6, 0x20C6, 0x28E6, 0x20C6, 0x20C6, 0x20C6, 0x28E6, 0x28C6, 0x20C6, 0x20C6, 0x28C6, 0x28E6, 0x28E6, 0x28C6, 0x28E6, 0x28E6, 
	0x28E6, 0x28E6, 0x28E6, 0x20C6, 0x28C6, 0x28E6, 0x28E6, 0x28E7, 0x28E7, 0x28E7, 0x28E7, 0x28C7, 0x28E7, 0x28E7, 0x28E7, 0x28E7, 
	0x28E7, 0x28E7, 0x28E7, 0x28E7, 0x28E7, 0x28E7, 0x28E7, 0x28E7, 0x28E7, 0x28E7, 0x28E7, 0x28E7, 0x3107, 0x30E7, 0x3108, 0x3107, 
	0x30E7, 0x30E7, 0x3107, 0x3108, 0x30E8, 0x30E7, 0x30E7, 0x30E7, 0x30E7, 0x30E7, 0x3108, 0x3108, 0x30E8, 0x3908, 0x3108, 0x30E8, 
	0x3108, 0x3908, 0x3908, 0x30E8, 0x30E8, 0x3908, 0x3908, 0x3908, 0x3908, 0x3908, 0x3908, 0x3908, 0x3908, 0x3908, 0x4129, 0x4129, 
	0x4108, 0x4128, 0x4108, 0x4129, 0x4109, 0x4109, 0x4129, 0x4909, 0x4909, 0x4929, 0x4929, 0x4929, 0x5129, 0x5129, 0x5129, 0x5129, 
	0x512A, 0x5129, 0x4929, 0x512A, 0x512A, 0x5129, 0x5129, 0x5129, 0x594A, 0x592A, 0x594A, 0x594A, 0x594A, 0x596B, 0x594A, 0x512A, 
	0x5129, 0x4929, 0x4909, 0x4909, 0x4929, 0x4909, 0x4909, 0x4909, 0x4909, 0x4108, 0x4108, 0x4128, 0x4108, 0x4108, 0x4108, 0x4108, 
	0x3908, 0x4108, 0x4108, 0x40E8, 0x4108, 0x4108, 0x38E8, 0x4108, 0x3908, 0x38E7, 0x3907, 0x38E7, 0x38E7, 0x38E7, 0x38E7, 0x38E7, 
	0x38E7, 0x30E7, 0x38E7, 0x30E7, 0x30C7, 0x30E7, 0x30E7, 0x30E7, 0x38E7, 0x30E7, 0x30E7, 0x30E7, 0x38E7, 0x3907, 0x30E7, 0x30E7, 
	0x30E7, 0x30E7, 0x30E7, 0x30E7, 0x30E7, 0x30E7, 0x30E7, 0x30E7, 0x30E7, 0x30E7, 0x30E7, 0x30E7, 0x30E7, 0x30E7, 0x30E7, 0x30E7, 
	0x30E7, 0x30E6, 0x30E7, 0x30E7, 0x30E7, 0x30E7, 0x30E7, 0x30E6, 0x30E6, 0x30E6, 0x30E6, 0x30E6, 0x30E6, 0x30E6, 0x30E7, 0x28C7, 
	0x28E7, 0x28E7, 0x30E7, 0x30E7, 0x28C6, 0x28E7, 0x28E7, 0x30E7, 0x30E7, 0x30E7, 0x28C6, 0x30E7, 0x30E7, 0x28C6, 0x28C6, 0x28E6, 
	0x28C6, 0x28C6, 0x28C6, 0x28C6, 0x28C6, 0x28E6, 0x28E6, 0x28C6, 0x28E6, 0x28C6, 0x28C6, 0x28E6, 0x28C6, 0x28C6, 0x28E6, 0x28C6, 
	0x20A5, 0x20A5, 0x20A5, 0x18A5, 0x20A5, 0x20A5, 0x20A5, 0x20C5, 0x20A5, 0x20A5, 0x20A5, 0x20A5, 0x20A5, 0x20A5, 0x20A5, 0x20A5, 
	0x20A5, 0x20A5, 0x20C5, 0x20A5, 0x20A5, 0x20A5, 0x20A5, 0x20C6, 0x20C6, 0x20A5, 0x20A5, 0x20A5, 0x20A6, 0x20A5, 0x20C5, 0x20C5, 
	0x20A5, 0x20A6, 0x20C6, 0x20C6, 0x20C6, 0x20C5, 0x20A5, 0x20A5, 0x20C6, 0x20C6, 0x20C6, 0x20A5, 0x20C5, 0x20C6, 0x20C5, 0x20C6, 
	0x20C6, 0x20A5, 0x20C6, 0x20C6, 0x20C6, 0x20C6, 0x20C6, 0x20C6, 0x20C6, 0x20C6, 0x20C6, 0x20C6, 0x20C6, 0x20C6, 0x20C6, 0x20C6, 
	0x20C6, 0x20A6, 0x20C6, 0x20C6, 0x20C6, 0x28E6, 0x20C6, 0x20A6, 0x28E6, 0x20C6, 0x20C6, 0x20C6, 0x20C6, 0x20C6, 0x20C6, 0x20C6, 
	0x20C6, 0x20C6, 0x20C6, 0x20C6, 0x20C6, 0x28C6, 0x20C6, 0x20C6, 0x28C6, 0x20C6, 0x28C6, 0x20C6, 0x20C6, 0x20C6, 0x20C6, 0x20C6, 
	0x28C6, 0x20A6, 0x28C6, 0x20C6, 0x20C6, 0x20C6, 0x28E7, 0x20C6, 0x28C6, 0x28E6, 0x20C6, 0x20C6, 0x28C6, 0x28E6, 0x28E6, 0x28C6, 
	0x28E6, 0x28E6, 0x20E6, 0x28E7, 0x28E7, 0x28E7, 0x28E7, 0x28E7, 0x28E7, 0x28E7, 0x28E7, 0x28E7, 0x28E7, 0x28E7, 0x28E7, 0x28E7, 
	0x28E7, 0x28E7, 0x28E7, 0x28E7, 0x28E7, 0x28E7, 0x28E7, 0x28E7, 0x28E7, 0x30E7, 0x28E7, 0x30E7, 0x30E7, 0x28E7, 0x3108, 0x30E7, 
	0x3107, 0x30E7, 0x30E7, 0x30E8, 0x30E7, 0x3108, 0x3108, 0x3108, 0x3108, 0x3108, 0x3108, 0x3908, 0x30E8, 0x3108, 0x30E8, 0x3107, 
	0x3108, 0x30E8, 0x3908, 0x3908, 0x3908, 0x3908, 0x3929, 0x3908, 0x3908, 0x3908, 0x3908, 0x3928, 0x3928, 0x3908, 0x3908, 0x4108, 
	0x4109, 0x4128, 0x4128, 0x4108, 0x4109, 0x4129, 0x4929, 0x4929, 0x4929, 0x4929, 0x4929, 0x4929, 0x5129, 0x5129, 0x5129, 0x5129, 
	0x5129, 0x4929, 0x4909, 0x512A, 0x594A, 0x514A, 0x5129, 0x5129, 0x5129, 0x512A, 0x594A, 0x594A, 0x512A, 0x512A, 0x514A, 0x594A, 
	0x5129, 0x5129, 0x5129, 0x5129, 0x5129, 0x4909, 0x4909, 0x4929, 0x4929, 0x4929, 0x4108, 0x4108, 0x4108, 0x4108, 0x4108, 0x4108, 
	0x3908, 0x4128, 0x4128, 0x4108, 0x38E8, 0x3908, 0x3908, 0x38E8, 0x4108, 0x3907, 0x38E7, 0x38E7, 0x38E7, 0x38E7, 0x38E7, 0x38E7, 
	0x38E7, 0x30E7, 0x30E7, 0x30E7, 0x30E7, 0x3107, 0x38E7, 0x30E7, 0x30E7, 0x30E7, 0x30E7, 0x30E7, 0x30E7, 0x38E7, 0x30E7, 0x30E7, 
	0x30E7, 0x38E7, 0x3908, 0x30E7, 0x30E7, 0x30E7, 0x30E7, 0x30E7, 0x30E7, 0x30E7, 0x30E7, 0x30E7, 0x30E7, 0x30E7, 0x30E7, 0x30E7, 
	0x30E7, 0x30E7, 0x30E6, 0x30E7, 0x30E7, 0x30C7, 0x30E7, 0x30E7, 0x30E6, 0x30E7, 0x30E7, 0x30E6, 0x28E6, 0x30E6, 0x30E7, 0x30E7, 
	0x28C7, 0x30E7, 0x30E7, 0x30E7, 0x30E7, 0x3107, 0x28E7, 0x28E6, 0x30E7, 0x28E6, 0x28C6, 0x28C6, 0x28C6, 0x28C6, 0x28E6, 0x28E7, 
	0x28E6, 0x28E6, 0x28C6, 0x28E7, 0x28E6, 0x28C6, 0x28C6, 0x28C6, 0x28E6, 0x28C6, 0x28C6, 0x28C6, 0x28C6, 0x28E6, 0x28C6, 0x28C6, 
	0x20A5, 0x20A5, 0x20A5, 0x20A5, 0x20A5, 0x20C5, 0x20A5, 0x20C6, 0x20A5, 0x20A5, 0x20C5, 0x20C5, 0x20C5, 0x20A5, 0x20A5, 0x20A5, 
	0x20A5, 0x20A5, 0x20A5, 0x20A5, 0x20A5, 0x20C5, 0x20A5, 0x20A6, 0x20C6, 0x20C6, 0x20A5, 0x20C5, 0x20C5, 0x20A5, 0x20C6, 0x20C6, 
	0x20C6, 0x20A6, 0x20C6, 0x20C6, 0x20C6, 0x20C5, 0x20A5, 0x20C6, 0x20C6, 0x20C6, 0x20C6, 0x20C6, 0x20C6, 0x20C6, 0x20C6, 0x20C6, 
	0x20C6, 0x20C6, 0x20C6, 0x20C5, 0x20C6, 0x20C6, 0x20C6, 0x20C6, 0x20A5, 0x20C6, 0x20C6, 0x20C6, 0x20C6, 0x20C6, 0x20C6, 0x20C6, 
	0x20C6, 0x20C6, 0x20C6, 0x20C6, 0x20C6, 0x20C6, 0x20C6, 0x20C6, 0x20C6, 0x20C6, 0x20C6, 0x20C6, 0x20C6, 0x28E6, 0x20C6, 0x28E6, 
	0x28C6, 0x20C6, 0x20C6, 0x20C6, 0x28C6, 0x28C6, 0x20C6, 0x20C6, 0x28C6, 0x20C6, 0x28C6, 0x28C6, 0x28C6, 0x28C6, 0x28C6, 0x20C6, 
	0x20C6, 0x20C6, 0x28C6, 0x20C6, 0x28C6, 0x28C6, 0x28E6, 0x28E6, 0x28E6, 0x28E7, 0x28E6, 0x28C6, 0x20C6, 0x28C6, 0x28E6, 0x28C6, 
	0x28E7, 0x28E7, 0x20C6, 0x28E7, 0x28C6, 0x28E7, 0x28E7, 0x28C6, 0x28E7, 0x28E7, 0x28E7, 0x28E7, 0x28E7, 0x28E7, 0x28E7, 0x28E7, 
	0x28E7, 0x28E7, 0x28E7, 0x28E7, 0x28E7, 0x28E7, 0x28E7, 0x30E7, 0x30E7, 0x30E7, 0x30E7, 0x30E7, 0x3107, 0x30E7, 0x3108, 0x30E7, 
	0x30E7, 0x3107, 0x30E7, 0x3108, 0x3107, 0x3108, 0x3108, 0x30E7, 0x3108, 0x3108, 0x3108, 0x3108, 0x30E8, 0x3108, 0x30E8, 0x3108, 
	0x3908, 0x3908, 0x3908, 0x3908, 0x3908, 0x3929, 0x4129, 0x3929, 0x3908, 0x3908, 0x3928, 0x3908, 0x4128, 0x4129, 0x4109, 0x4129, 
	0x4109, 0x4109, 0x4129, 0x4128, 0x4129, 0x4929, 0x4929, 0x4929, 0x4929, 0x4929, 0x4929, 0x4929, 0x4929, 0x4929, 0x4929, 0x5129, 
	0x5129, 0x512A, 0x5129, 0x512A, 0x512A, 0x5129, 0x5129, 0x514A, 0x5129, 0x5129, 0x512A, 0x514A, 0x512A, 0x5129, 0x5129, 0x512A, 
	0x512A, 0x618C, 0x514A, 0x4929, 0x4929, 0x4929, 0x5129, 0x4909, 0x4929, 0x4929, 0x4108, 0x4128, 0x4128, 0x4108, 0x4108, 0x4128, 
	0x4128, 0x4129, 0x4128, 0x4128, 0x38E8, 0x38E8, 0x4108, 0x38E8, 0x3908, 0x3907, 0x38E7, 0x38E7, 0x38E7, 0x38E7, 0x38E7, 0x38E7, 
	0x38E7, 0x3907, 0x30E7, 0x30E7, 0x30E7, 0x30E7, 0x30E7, 0x30E7, 0x30E7, 0x30E7, 0x3907, 0x30E7, 0x30E7, 0x30E7, 0x3907, 0x38E7, 
	0x30E7, 0x3908, 0x4129, 0x38E7, 0x30E7, 0x30E7, 0x38E7, 0x3907, 0x38E7, 0x3907, 0x30E7, 0x30E7, 0x30E7, 0x30E7, 0x30E7, 0x30E7, 
	0x30E7, 0x30E7, 0x28E6, 0x30E7, 0x30E6, 0x30E7, 0x30E7, 0x30E7, 0x30C7, 0x30E7, 0x30E7, 0x30E7, 0x30E7, 0x30E7, 0x30E7, 0x3107, 
	0x30E7, 0x30E7, 0x30E7, 0x30E7, 0x3107, 0x30E7, 0x28C7, 0x28C7, 0x28E7, 0x28E6, 0x28E7, 0x28C6, 0x28C7, 0x28C7, 0x28E7, 0x28E6, 
	0x28E6, 0x28E7, 0x28C6, 0x28E7, 0x28E7, 0x28C6, 0x28E6, 0x28C6, 0x28E6, 0x28E6, 0x28E6, 0x28E6, 0x28E6, 0x28E7, 0x28E6, 0x28C6, 
	0x20A6, 0x20A5, 0x20A5, 0x20C5, 0x20A5, 0x20C5, 0x20A5, 0x20A5, 0x20A5, 0x20C6, 0x20A5, 0x20A5, 0x20A5, 0x20A5, 0x20C5, 0x20C5, 
	0x20C5, 0x20A5, 0x20A5, 0x20A5, 0x20C5, 0x20A5, 0x20C6, 0x20A5, 0x20C6, 0x20A5, 0x20A5, 0x20C5, 0x20A5, 0x20C5, 0x20C5, 0x20C6, 
	0x20C6, 0x20C6, 0x20C6, 0x20A5, 0x20C6, 0x20C5, 0x20C6, 0x20C6, 0x20A6, 0x20A5, 0x20C6, 0x20C6, 0x20C6, 0x20C6, 0x20C6, 0x20A6, 
	0x20C6, 0x20C6, 0x20C6, 0x20C6, 0x20C6, 0x20C6, 0x20A6, 0x20C6, 0x20C6, 0x20C6, 0x20C6, 0x20C6, 0x20C6, 0x20C6, 0x20C6, 0x20C6, 
	0x20C6, 0x20C6, 0x20C6, 0x20C6, 0x20C6, 0x20C6, 0x28C6, 0x20C6, 0x28C6, 0x20C6, 0x20C6, 0x28E6, 0x28E6, 0x20C6, 0x20C6, 0x20C6, 
	0x20C6, 0x20C6, 0x20C6, 0x20C6, 0x20C6, 0x28C6, 0x28E6, 0x20C6, 0x28C6, 0x28E6, 0x28E7, 0x20C6, 0x28C6, 0x20C6, 0x28C6, 0x20C6, 
	0x2907, 0x2907, 0x28C6, 0x28C6, 0x28E7, 0x28C6, 0x28C6, 0x28E6, 0x20C6, 0x20C6, 0x28E6, 0x28C6, 0x20C6, 0x28E6, 0x28E6, 0x28E7, 
	0x28E7, 0x28E7, 0x28E6, 0x28E6, 0x28E7, 0x28E7, 0x28E7, 0x28E7, 0x28E7, 0x28E7, 0x28E7, 0x28E7, 0x28E7, 0x28E7, 0x28E7, 0x28E7, 
	0x28E7, 0x28E7, 0x28E7, 0x28E7, 0x28E7, 0x28E7, 0x28E7, 0x28E7, 0x28E7, 0x28E7, 0x3107, 0x28E7, 0x28E7, 0x30E7, 0x3128, 0x3928, 
	0x3107, 0x30E7, 0x30E7, 0x3107, 0x3108, 0x3108, 0x3108, 0x30E8, 0x3108, 0x3108, 0x3108, 0x30E8, 0x3108, 0x3908, 0x3108, 0x3908, 
	0x412A, 0x3908, 0x3908, 0x3928, 0x3928, 0x3908, 0x3909, 0x3908, 0x3908, 0x3909, 0x4129, 0x3909, 0x3909, 0x3909, 0x4129, 0x4149, 
	0x4129, 0x4109, 0x4109, 0x4129, 0x4129, 0x4929, 0x4909, 0x4129, 0x4929, 0x4949, 0x4929, 0x4929, 0x4929, 0x4929, 0x514A, 0x5129, 
	0x514A, 0x512A, 0x5129, 0x514A, 0x594A, 0x5129, 0x5109, 0x512A, 0x512A, 0x514A, 0x5129, 0x5129, 0x5129, 0x514A, 0x594A, 0x594A, 
	0x514A, 0x69CE, 0x596B, 0x4929, 0x5129, 0x4929, 0x5129, 0x5129, 0x4929, 0x4909, 0x4109, 0x4108, 0x4108, 0x4108, 0x4108, 0x4108, 
	0x4108, 0x4108, 0x40E8, 0x4108, 0x4108, 0x3908, 0x4108, 0x3907, 0x3908, 0x3907, 0x3907, 0x38E7, 0x38E7, 0x38E7, 0x3907, 0x3907, 
	0x38E7, 0x38E7, 0x30E7, 0x30E7, 0x38E7, 0x30E7, 0x38E7, 0x38E7, 0x38E7, 0x30E7, 0x38E7, 0x30E7, 0x30E7, 0x30E7, 0x38E7, 0x30E7, 
	0x30E7, 0x3908, 0x3907, 0x30E7, 0x30E7, 0x38E7, 0x30E7, 0x3907, 0x30E7, 0x30E7, 0x30E7, 0x30E7, 0x30E7, 0x30E7, 0x30E7, 0x30E7, 
	0x3907, 0x30E7, 0x30E7, 0x3107, 0x30E7, 0x30E7, 0x30E7, 0x30E7, 0x30E7, 0x30E7, 0x30E7, 0x30E7, 0x28E7, 0x28E6, 0x30E7, 0x30E7, 
	0x28E7, 0x30E7, 0x30E7, 0x30E7, 0x30E7, 0x30E7, 0x28E7, 0x30E7, 0x30E7, 0x28E6, 0x30E7, 0x30E7, 0x30E7, 0x30E7, 0x30E7, 0x28C6, 
	0x28E7, 0x30E7, 0x28E6, 0x28C6, 0x28C6, 0x28E7, 0x3107, 0x30E7, 0x28C6, 0x28E6, 0x28E6, 0x28E6, 0x28E6, 0x28E6, 0x28E6, 0x28E7, 
	0x20C6, 0x20A5, 0x20A5, 0x20A5, 0x20A5, 0x20A5, 0x20A5, 0x20A5, 0x20A5, 0x20C5, 0x20A5, 0x20A5, 0x20A5, 0x20A5, 0x20C5, 0x20C5, 
	0x20C5, 0x20A5, 0x20C5, 0x20A5, 0x20A5, 0x20C5, 0x20C6, 0x20C6, 0x20A6, 0x20A6, 0x20C6, 0x20C6, 0x20C5, 0x20C5, 0x20C5, 0x20A6, 
	0x20C6, 0x20C6, 0x20C6, 0x20C5, 0x20C5, 0x20A5, 0x20C6, 0x20A6, 0x20C6, 0x20C6, 0x20C6, 0x20C6, 0x20C6, 0x20C6, 0x20C6, 0x20C6, 
	0x20C6, 0x20C6, 0x20C6, 0x20C6, 0x20C6, 0x20C6, 0x20C6, 0x20C6, 0x20C6, 0x20C6, 0x20C6, 0x20C6, 0x20C6, 0x28C6, 0x20C6, 0x20C6, 
	0x28E6, 0x20C6, 0x20C6, 0x20C6, 0x20C6, 0x20C6, 0x20C6, 0x20C6, 0x28C6, 0x20C6, 0x20C6, 0x20C6, 0x28E6, 0x20C6, 0x28E6, 0x20C6, 
	0x28C6, 0x28E6, 0x28C6, 0x28E6, 0x20C6, 0x20C6, 0x20C6, 0x20C6, 0x20C6, 0x28E7, 0x3108, 0x20C6, 0x20C6, 0x20C6, 0x20C6, 0x20C6, 
	0x2907, 0x2907, 0x20C6, 0x28C6, 0x20C6, 0x20C6, 0x28C6, 0x28E6, 0x20C6, 0x28C6, 0x28E6, 0x28E6, 0x28C6, 0x28E6, 0x28C6, 0x28E6, 
	0x28C6, 0x28E7, 0x28E7, 0x28E6, 0x28E7, 0x28E7, 0x28E6, 0x28E7, 0x28E7, 0x28E7, 0x28E7, 0x28E7, 0x28E7, 0x28E7, 0x28E7, 0x28E7, 
	0x3107, 0x28E7, 0x28E7, 0x28E7, 0x28E7, 0x28E7, 0x28E7, 0x3107, 0x28E7, 0x28E7, 0x28E7, 0x3107, 0x30E7, 0x30E7, 0x3107, 0x3108, 
	0x30E7, 0x3107, 0x3107, 0x3107, 0x3108, 0x30E8, 0x30E8, 0x3108, 0x3108, 0x3108, 0x3908, 0x30E8, 0x3929, 0x3928, 0x3108, 0x414A, 
	0x498C, 0x3929, 0x3928, 0x3929, 0x3908, 0x3929, 0x3909, 0x3929, 0x3909, 0x3908, 0x3909, 0x4109, 0x4129, 0x4129, 0x4949, 0x4129, 
	0x4109, 0x4129, 0x4109, 0x4929, 0x4929, 0x4129, 0x4929, 0x4929, 0x4929, 0x4929, 0x4949, 0x4929, 0x494A, 0x4929, 0x4929, 0x514A, 
	0x5129, 0x514A, 0x512A, 0x5129, 0x512A, 0x514A, 0x514A, 0x514A, 0x512A, 0x512A, 0x5129, 0x5129, 0x512A, 0x594A, 0x594A, 0x512A, 
	0x5129, 0x514A, 0x512A, 0x512A, 0x512A, 0x5129, 0x4929, 0x5129, 0x5129, 0x4909, 0x4909, 0x4108, 0x4108, 0x4108, 0x4108, 0x4108, 
	0x4108, 0x4108, 0x4108, 0x4108, 0x4108, 0x4108, 0x3907, 0x3908, 0x38E7, 0x38E7, 0x3907, 0x38E7, 0x38E7, 0x38E7, 0x38E7, 0x3907, 
	0x38E7, 0x38E7, 0x38E7, 0x30E7, 0x30E7, 0x30E7, 0x38E7, 0x30E7, 0x38E7, 0x38E7, 0x30E7, 0x30E7, 0x30E7, 0x30E7, 0x30E7, 0x30E7, 
	0x30E7, 0x3107, 0x30E7, 0x30E7, 0x3907, 0x30E7, 0x30E7, 0x3107, 0x3907, 0x30C7, 0x30E7, 0x30E7, 0x30E7, 0x30E7, 0x30E7, 0x30E7, 
	0x30E7, 0x30E7, 0x30E7, 0x30E7, 0x30E7, 0x30E7, 0x30E7, 0x30E7, 0x30E7, 0x30E7, 0x30E7, 0x30E7, 0x30E7, 0x30E7, 0x30E7, 0x30E7, 
	0x30E7, 0x30E7, 0x30E7, 0x30E7, 0x30E7, 0x30E7, 0x30E7, 0x3107, 0x30E7, 0x28E7, 0x28E7, 0x28E7, 0x28E6, 0x28E7, 0x28E7, 0x28E7, 
	0x28E7, 0x28E6, 0x28E6, 0x28E6, 0x28C6, 0x28E6, 0x28E7, 0x28E7, 0x28E7, 0x28E7, 0x28E6, 0x28E7, 0x28E6, 0x28E6, 0x28E6, 0x28E6, 
	0x20C6, 0x20C6, 0x20A5, 0x20C5, 0x20A5, 0x20A5, 0x20A5, 0x20A5, 0x20A5, 0x20A5, 0x20C5, 0x20C6, 0x20C5, 0x20A5, 0x20A5, 0x20A5, 
	0x20A5, 0x20A5, 0x20C6, 0x20A6, 0x20C5, 0x20A5, 0x20A5, 0x20A6, 0x20C6, 0x20C6, 0x20A6, 0x20C6, 0x20C6, 0x20C6, 0x20C6, 0x20C6, 
	0x20C6, 0x20A6, 0x20C6, 0x20C6, 0x20C6, 0x20A6, 0x20C6, 0x20C6, 0x20C6, 0x20C6, 0x20C6, 0x20C6, 0x20C6, 0x20C6, 0x20C6, 0x20C6, 
	0x20C6, 0x20C6, 0x20C6, 0x20C6, 0x20C6, 0x20C6, 0x20C6, 0x20C6, 0x20C6, 0x20C6, 0x20C6, 0x20C6, 0x20C6, 0x28E6, 0x20C6, 0x20C6, 
	0x20C6, 0x20C6, 0x20C6, 0x20C6, 0x20C6, 0x20C6, 0x20C6, 0x28C6, 0x28E6, 0x20C6, 0x20C6, 0x20C6, 0x28E6, 0x20C6, 0x28C6, 0x20C6, 
	0x28E6, 0x28C6, 0x28C6, 0x28E6, 0x20C6, 0x20C6, 0x20C6, 0x28E6, 0x28C6, 0x28E6, 0x28E7, 0x20C6, 0x28C6, 0x28C6, 0x28E6, 0x28C6, 
	0x20C6, 0x20C6, 0x28C6, 0x28C6, 0x28E6, 0x28E6, 0x20C6, 0x28C6, 0x28C6, 0x28E6, 0x28E6, 0x28E6, 0x28E6, 0x28C6, 0x28C6, 0x28E7, 
	0x28E6, 0x28C6, 0x28C6, 0x28C6, 0x28E6, 0x28E7, 0x28E7, 0x28E7, 0x28E7, 0x28C6, 0x28E7, 0x3128, 0x2907, 0x28E7, 0x2907, 0x28E7, 
	0x28E7, 0x28E7, 0x28E7, 0x28E7, 0x28E7, 0x3107, 0x28E7, 0x28E7, 0x28E7, 0x28E7, 0x2907, 0x3108, 0x3107, 0x3107, 0x3107, 0x30E7, 
	0x3107, 0x3108, 0x3108, 0x30E7, 0x3108, 0x3108, 0x3107, 0x3108, 0x3108, 0x30E8, 0x3908, 0x3108, 0x3928, 0x3929, 0x3929, 0x412A, 
	0x392A, 0x3929, 0x3929, 0x3929, 0x3929, 0x3929, 0x3929, 0x4129, 0x4129, 0x4129, 0x4109, 0x4109, 0x4129, 0x4129, 0x4949, 0x4129, 
	0x4129, 0x4129, 0x4129, 0x4129, 0x4129, 0x4929, 0x4929, 0x4929, 0x4929, 0x4929, 0x514A, 0x514A, 0x514A, 0x512A, 0x512A, 0x596B, 
	0x512A, 0x5129, 0x594A, 0x5129, 0x512A, 0x514A, 0x514A, 0x514A, 0x594A, 0x594A, 0x512A, 0x5129, 0x5129, 0x512A, 0x512A, 0x5129, 
	0x4929, 0x5149, 0x514A, 0x596B, 0x596B, 0x5129, 0x4908, 0x4929, 0x5149, 0x4909, 0x4909, 0x4908, 0x4108, 0x40E8, 0x40E8, 0x4108, 
	0x4108, 0x4128, 0x4128, 0x3908, 0x3908, 0x4108, 0x4108, 0x4108, 0x38E8, 0x38E7, 0x3907, 0x3907, 0x3907, 0x38E7, 0x38E7, 0x3907, 
	0x38E7, 0x3907, 0x38E7, 0x30E7, 0x30E7, 0x30E7, 0x3907, 0x30E7, 0x3907, 0x38E7, 0x30E7, 0x38E7, 0x3907, 0x30E7, 0x38E7, 0x3908, 
	0x38E7, 0x3907, 0x3107, 0x30E7, 0x3107, 0x30E7, 0x30E7, 0x30E7, 0x3107, 0x30E7, 0x38E7, 0x30E7, 0x30E7, 0x30E7, 0x30E7, 0x30E7, 
	0x30E7, 0x30E7, 0x30E7, 0x30E7, 0x30E7, 0x30E7, 0x30E7, 0x30E7, 0x30E7, 0x30E6, 0x30E7, 0x30E7, 0x30E7, 0x30E7, 0x30E7, 0x30E7, 
	0x30E7, 0x3107, 0x30E7, 0x30E7, 0x30E7, 0x30E7, 0x30E7, 0x30E7, 0x30E7, 0x28C7, 0x28C6, 0x30E7, 0x30E7, 0x28C6, 0x28C6, 0x30E7, 
	0x28C6, 0x28E7, 0x28E6, 0x28E7, 0x28E6, 0x28E7, 0x30E7, 0x28E7, 0x28E7, 0x28E6, 0x28C6, 0x28E7, 0x28E7, 0x28E6, 0x28C6, 0x28E6, 
	0x20A5, 0x20A5, 0x20A5, 0x20C5, 0x20A5, 0x20A5, 0x20A5, 0x20A5, 0x20A6, 0x20A5, 0x20A5, 0x20A5, 0x20A5, 0x20A5, 0x20A5, 0x20C6, 
	0x20C6, 0x20A5, 0x20C6, 0x20A5, 0x20C6, 0x20C6, 0x20A5, 0x20C6, 0x20A5, 0x20A6, 0x20C6, 0x20A6, 0x20C6, 0x20A6, 0x20A5, 0x20C6, 
	0x20C6, 0x20A6, 0x20C6, 0x20A6, 0x20A6, 0x20C6, 0x20C6, 0x20C6, 0x20A5, 0x20C6, 0x20C6, 0x20C5, 0x20C6, 0x20C6, 0x20C6, 0x20C6, 
	0x20C6, 0x20E6, 0x20C6, 0x20C6, 0x20C6, 0x20A5, 0x20C6, 0x20C6, 0x20C6, 0x20C6, 0x20C6, 0x20C6, 0x20C6, 0x20A6, 0x20C6, 0x20C6, 
	0x20C6, 0x20C6, 0x28C6, 0x20C6, 0x20C6, 0x28E6, 0x20C6, 0x20C6, 0x28C6, 0x20C6, 0x28C6, 0x20C6, 0x20C6, 0x28C6, 0x28C6, 0x20C6, 
	0x20C6, 0x20C6, 0x28C6, 0x28C6, 0x28C6, 0x28E6, 0x20C6, 0x28E6, 0x28C6, 0x20C6, 0x20C6, 0x28C6, 0x28C6, 0x20C6, 0x28E6, 0x28C6, 
	0x20C6, 0x28C6, 0x28E6, 0x20C6, 0x28E6, 0x28E6, 0x20C6, 0x28E6, 0x28C6, 0x28C6, 0x28C6, 0x28C6, 0x28C6, 0x28C6, 0x28E6, 0x28E6, 
	0x28C6, 0x28E7, 0x28C6, 0x28E6, 0x28E6, 0x28E6, 0x28E7, 0x28E7, 0x28E7, 0x28E7, 0x3107, 0x398A, 0x3128, 0x51EE, 0x418B, 0x28C7, 
	0x28E7, 0x28E7, 0x28E7, 0x28E7, 0x28E7, 0x28E7, 0x30E7, 0x28E7, 0x3107, 0x2907, 0x28E7, 0x3107, 0x28E7, 0x28E7, 0x3108, 0x3107, 
	0x28E7, 0x3108, 0x3108, 0x3108, 0x3108, 0x3108, 0x3108, 0x30E7, 0x3108, 0x3108, 0x3108, 0x3108, 0x30E8, 0x3929, 0x3929, 0x3929, 
	0x3908, 0x3929, 0x3929, 0x3929, 0x3929, 0x3929, 0x3908, 0x3929, 0x3909, 0x4108, 0x4129, 0x4129, 0x4109, 0x4109, 0x4109, 0x4129, 
	0x4129, 0x4108, 0x4129, 0x4129, 0x4129, 0x4929, 0x4929, 0x4929, 0x4929, 0x492A, 0x492A, 0x4929, 0x512A, 0x514A, 0x512A, 0x512A, 
	0x514A, 0x514A, 0x594A, 0x594A, 0x594A, 0x594A, 0x592A, 0x594A, 0x594A, 0x594A, 0x512A, 0x512A, 0x512A, 0x512A, 0x512A, 0x512A, 
	0x5129, 0x5149, 0x512A, 0x594A, 0x594A, 0x5129, 0x4929, 0x4929, 0x4909, 0x4929, 0x4929, 0x4908, 0x4108, 0x4108, 0x4108, 0x4128, 
	0x4108, 0x4108, 0x4108, 0x4108, 0x4108, 0x4108, 0x4108, 0x3907, 0x38E8, 0x3908, 0x3908, 0x38E7, 0x38E7, 0x3907, 0x38E7, 0x3907, 
	0x30E7, 0x38E7, 0x3907, 0x3107, 0x3107, 0x30E7, 0x30E7, 0x38E7, 0x30E7, 0x30E7, 0x30E7, 0x38E7, 0x38E7, 0x38E7, 0x3908, 0x3928, 
	0x30E7, 0x3908, 0x3907, 0x30E7, 0x30E7, 0x30E7, 0x3107, 0x30E7, 0x30E7, 0x30E7, 0x3107, 0x30E7, 0x30E7, 0x30E7, 0x30E7, 0x30E7, 
	0x30E7, 0x3108, 0x30E7, 0x30E7, 0x30E7, 0x3107, 0x30E7, 0x3107, 0x30E7, 0x30E7, 0x30E7, 0x30C6, 0x30E7, 0x30E7, 0x30E7, 0x30E7, 
	0x30E7, 0x30E7, 0x30E7, 0x30E7, 0x30E7, 0x30E7, 0x30E7, 0x30E7, 0x30E7, 0x28E7, 0x28E6, 0x30E7, 0x30E7, 0x28C6, 0x28E7, 0x28E7, 
	0x28E7, 0x30E7, 0x28E6, 0x28C6, 0x30E6, 0x28E7, 0x3107, 0x28E7, 0x28C6, 0x28E7, 0x28E7, 0x28E7, 0x28E7, 0x28E7, 0x28E6, 0x28E6, 
	0x20A5, 0x20A5, 0x20A5, 0x20A5, 0x20A5, 0x20A5, 0x20C6, 0x20C5, 0x20A5, 0x20C6, 0x20A6, 0x20A5, 0x20C6, 0x20C6, 0x20A5, 0x20A5, 
	0x20C6, 0x20C6, 0x28E6, 0x20C6, 0x20C6, 0x20C6, 0x20A5, 0x20C5, 0x20C5, 0x20C6, 0x20C6, 0x20C6, 0x20C6, 0x20C6, 0x20C6, 0x20C6, 
	0x20C6, 0x20C6, 0x20C6, 0x20C6, 0x20C6, 0x20C6, 0x20C6, 0x20C6, 0x20C6, 0x20C6, 0x20C6, 0x20C6, 0x20C6, 0x20C6, 0x20C6, 0x20C6, 
	0x20C6, 0x20C6, 0x20C6, 0x20C6, 0x20C6, 0x20C6, 0x20C6, 0x20C6, 0x20C6, 0x28E6, 0x2907, 0x2907, 0x28E6, 0x28E6, 0x20C6, 0x20C6, 
	0x28C6, 0x28C6, 0x28E6, 0x20C6, 0x28E6, 0x28E6, 0x28C6, 0x20C6, 0x28C6, 0x28C6, 0x28C6, 0x28C6, 0x28E7, 0x20C6, 0x20C6, 0x28E6, 
	0x28C6, 0x20C6, 0x28E6, 0x28E6, 0x28E6, 0x28E6, 0x20C6, 0x20C6, 0x28E7, 0x28C6, 0x28E6, 0x28C6, 0x20C6, 0x20C6, 0x28C6, 0x28C6, 
	0x28E6, 0x28C6, 0x28E6, 0x28C6, 0x28E6, 0x20C6, 0x20C6, 0x28E6, 0x28C6, 0x28C6, 0x28C6, 0x28C6, 0x28C6, 0x28E7, 0x28E6, 0x28E6, 
	0x28E7, 0x28E7, 0x28E7, 0x28E7, 0x28E6, 0x28E7, 0x28E7, 0x28E7, 0x28E7, 0x28E7, 0x28E7, 0x3107, 0x20C6, 0x3949, 0x396A, 0x28E7, 
	0x28E7, 0x28E7, 0x28E7, 0x2907, 0x28E7, 0x30E7, 0x28E7, 0x28E7, 0x3107, 0x3107, 0x28E7, 0x28E7, 0x28E7, 0x30E7, 0x3107, 0x3107, 
	0x28E7, 0x30E7, 0x30E7, 0x3128, 0x3108, 0x30E8, 0x3108, 0x3108, 0x3108, 0x3108, 0x3108, 0x3929, 0x3129, 0x3109, 0x3108, 0x3929, 
	0x3929, 0x3929, 0x3929, 0x3909, 0x3929, 0x3909, 0x3908, 0x3909, 0x3909, 0x3908, 0x4129, 0x4129, 0x4129, 0x4129, 0x4129, 0x4129, 
	0x4129, 0x4109, 0x4129, 0x4129, 0x4129, 0x4129, 0x4929, 0x494A, 0x4929, 0x492A, 0x492A, 0x492A, 0x514A, 0x4929, 0x512A, 0x512A, 
	0x594A, 0x512A, 0x5149, 0x594A, 0x592A, 0x594A, 0x594B, 0x614A, 0x594A, 0x594A, 0x512A, 0x5129, 0x594A, 0x5129, 0x5129, 0x5129, 
	0x514A, 0x594A, 0x5149, 0x5149, 0x5129, 0x5129, 0x5129, 0x5129, 0x4929, 0x4929, 0x4929, 0x4108, 0x4108, 0x4108, 0x4108, 0x4128, 
	0x4108, 0x4108, 0x3908, 0x3908, 0x3908, 0x38E7, 0x4128, 0x4128, 0x3908, 0x3908, 0x3908, 0x38E7, 0x3907, 0x3907, 0x30E7, 0x38E7, 
	0x38E7, 0x38E7, 0x3907, 0x3907, 0x3907, 0x3907, 0x3907, 0x3907, 0x3907, 0x30E7, 0x38E7, 0x30E7, 0x38E7, 0x38E7, 0x38E7, 0x30C7, 
	0x30E7, 0x3907, 0x30E7, 0x30E7, 0x30E7, 0x30E7, 0x38E7, 0x30E7, 0x30E7, 0x30E7, 0x30E7, 0x30E7, 0x30E7, 0x30E7, 0x3107, 0x30E7, 
	0x3908, 0x3908, 0x3107, 0x30E7, 0x30E7, 0x30E7, 0x30E7, 0x30E7, 0x30E7, 0x30E7, 0x30E7, 0x3107, 0x30E7, 0x30E7, 0x30E7, 0x30E7, 
	0x30E7, 0x30E7, 0x30E7, 0x30E7, 0x30E7, 0x30E7, 0x30E7, 0x30E7, 0x30E7, 0x3107, 0x3107, 0x30E7, 0x30E7, 0x30E7, 0x30E7, 0x30E7, 
	0x30E7, 0x3107, 0x30E7, 0x28E6, 0x30E7, 0x28E6, 0x30E6, 0x30E7, 0x28C6, 0x28E7, 0x30E7, 0x30E7, 0x28E7, 0x28E6, 0x28E6, 0x28E6, 
	0x20C5, 0x20A5, 0x20C5, 0x20A5, 0x20A5, 0x20C6, 0x20C6, 0x20C6, 0x20A5, 0x20C6, 0x20A6, 0x20A6, 0x20C6, 0x20C6, 0x20A5, 0x20C6, 
	0x20A5, 0x20A5, 0x20E6, 0x20A5, 0x20A6, 0x20C6, 0x20C5, 0x20C5, 0x20C5, 0x20C6, 0x20A5, 0x20C6, 0x20C6, 0x20C6, 0x20C6, 0x20C5, 
	0x20C6, 0x20C6, 0x20C6, 0x20C6, 0x20C6, 0x20C6, 0x20C6, 0x20C6, 0x20C6, 0x20C5, 0x20C6, 0x20C6, 0x20C6, 0x20C6, 0x20C6, 0x20C6, 
	0x20C6, 0x20C6, 0x20C6, 0x20C6, 0x20C6, 0x20C6, 0x20C6, 0x20C6, 0x20C6, 0x20A5, 0x6B10, 0x6AF0, 0x20A5, 0x20C6, 0x20C6, 0x20C6, 
	0x20C6, 0x20C6, 0x20C6, 0x20C6, 0x28E6, 0x28E6, 0x20C6, 0x20C6, 0x20C6, 0x28C6, 0x20C6, 0x28E6, 0x3129, 0x28E6, 0x28C6, 0x28E6, 
	0x20C6, 0x20C6, 0x28C6, 0x28E6, 0x28C6, 0x28E6, 0x28C6, 0x28C6, 0x28E6, 0x28C6, 0x28E6, 0x28C6, 0x20C6, 0x28E6, 0x28E6, 0x28E6, 
	0x28E6, 0x20C6, 0x28E6, 0x28C6, 0x28E7, 0x28E6, 0x28E6, 0x28E6, 0x28C6, 0x28C6, 0x28E6, 0x28E6, 0x20C6, 0x28E7, 0x28C6, 0x28E7, 
	0x28E7, 0x28E7, 0x28E7, 0x28E7, 0x28E7, 0x2907, 0x28E7, 0x28E6, 0x28E7, 0x2907, 0x28E7, 0x28E7, 0x28E7, 0x28E7, 0x28E7, 0x28E7, 
	0x3108, 0x28C7, 0x28E7, 0x3107, 0x2907, 0x28E7, 0x28E7, 0x28E7, 0x28E7, 0x28E7, 0x28E7, 0x28E7, 0x3108, 0x3108, 0x3107, 0x30E7, 
	0x3107, 0x3108, 0x3108, 0x3108, 0x3108, 0x3108, 0x3108, 0x3108, 0x3108, 0x3108, 0x416A, 0x418B, 0x3929, 0x3909, 0x3909, 0x3929, 
	0x3909, 0x3908, 0x3908, 0x3908, 0x3929, 0x3929, 0x3929, 0x3929, 0x4129, 0x3909, 0x4129, 0x4109, 0x4129, 0x4129, 0x4129, 0x4129, 
	0x4929, 0x4129, 0x4129, 0x4129, 0x4129, 0x4129, 0x4129, 0x4929, 0x494A, 0x494A, 0x514A, 0x494A, 0x4929, 0x4929, 0x514A, 0x514A, 
	0x512A, 0x512A, 0x5129, 0x5149, 0x594A, 0x616B, 0x696B, 0x616B, 0x594A, 0x594A, 0x594A, 0x592A, 0x594A, 0x5129, 0x5129, 0x5129, 
	0x512A, 0x514A, 0x5129, 0x5129, 0x5129, 0x5129, 0x4929, 0x4929, 0x4929, 0x4909, 0x4909, 0x4109, 0x4108, 0x4129, 0x4108, 0x4108, 
	0x4108, 0x4108, 0x3908, 0x3908, 0x3908, 0x3908, 0x4108, 0x4128, 0x38E8, 0x38E8, 0x3908, 0x3908, 0x3907, 0x38E7, 0x38E7, 0x3907, 
	0x38E7, 0x30E7, 0x30E7, 0x38E7, 0x30E7, 0x38E7, 0x30E7, 0x30E7, 0x38E7, 0x38E7, 0x30E7, 0x30E7, 0x38E7, 0x38E7, 0x3908, 0x3908, 
	0x38E7, 0x38E7, 0x30E7, 0x38E7, 0x3908, 0x38E7, 0x3908, 0x30E7, 0x30E7, 0x30E7, 0x30C7, 0x38E7, 0x30E7, 0x30E7, 0x30E7, 0x3107, 
	0x3908, 0x30E7, 0x3107, 0x3107, 0x30E7, 0x30E7, 0x3107, 0x30E7, 0x30E7, 0x3107, 0x28E6, 0x3949, 0x3928, 0x30E7, 0x30E7, 0x30E7, 
	0x30E7, 0x30E7, 0x30E7, 0x30E7, 0x30E7, 0x30E7, 0x30E7, 0x30E7, 0x28E7, 0x30E7, 0x30E7, 0x30E7, 0x30E7, 0x30E7, 0x30E7, 0x28E7, 
	0x30E7, 0x28E7, 0x28E7, 0x30E7, 0x30E7, 0x28E6, 0x28E6, 0x28E6, 0x28E6, 0x28E6, 0x28E7, 0x28E7, 0x28E7, 0x28E6, 0x28E7, 0x28E7, 
	0x20C5, 0x20A5, 0x20C5, 0x20A5, 0x20A5, 0x20A5, 0x20A5, 0x20A5, 0x20C6, 0x20C6, 0x20C6, 0x20A5, 0x20C6, 0x20E6, 0x20C6, 0x20A5, 
	0x20A5, 0x20C6, 0x20A5, 0x20A6, 0x20C6, 0x20C5, 0x20C6, 0x20A6, 0x20A5, 0x20C5, 0x20C5, 0x20C6, 0x20C5, 0x20A6, 0x20C6, 0x20C5, 
	0x20C6, 0x20C6, 0x20C6, 0x20A6, 0x20C6, 0x20C6, 0x20C6, 0x20C6, 0x20C6, 0x20C6, 0x20C6, 0x20E6, 0x20C6, 0x20C6, 0x20C6, 0x20C6, 
	0x20C6, 0x20C6, 0x20C6, 0x20C6, 0x20C6, 0x20C6, 0x28E6, 0x20C6, 0x20C6, 0x28C6, 0x3989, 0x3948, 0x20C6, 0x28C6, 0x20C6, 0x20C6, 
	0x28C6, 0x20C6, 0x20C6, 0x20C6, 0x28C6, 0x20C6, 0x28C6, 0x20C6, 0x20C6, 0x20C6, 0x20C6, 0x28C6, 0x28E6, 0x28E6, 0x28E6, 0x28C6, 
	0x28E6, 0x28C6, 0x20C6, 0x28E6, 0x28C6, 0x20C6, 0x28C6, 0x28C6, 0x20C6, 0x28C6, 0x28C6, 0x28E6, 0x28C6, 0x28C6, 0x28C6, 0x20C6, 
	0x2907, 0x28E7, 0x28E7, 0x20C6, 0x28E7, 0x28E6, 0x28E6, 0x28E6, 0x28C6, 0x28E6, 0x28E6, 0x2907, 0x28E6, 0x28E7, 0x28C6, 0x28C6, 
	0x28E7, 0x28E7, 0x28E7, 0x28C6, 0x28E7, 0x28E7, 0x28E7, 0x28E7, 0x28E7, 0x28E7, 0x28E7, 0x2907, 0x28E7, 0x28E7, 0x28E7, 0x28E7, 
	0x3108, 0x30E7, 0x28E7, 0x28E7, 0x28E7, 0x28E7, 0x28E7, 0x3107, 0x28E7, 0x28E7, 0x28E7, 0x28E7, 0x30E7, 0x3108, 0x30E8, 0x30E7, 
	0x30E7, 0x3108, 0x3108, 0x3108, 0x3108, 0x30E8, 0x30E8, 0x3108, 0x3108, 0x3108, 0x6250, 0x6A91, 0x30E8, 0x3909, 0x3929, 0x3929, 
	0x3929, 0x3929, 0x3908, 0x3908, 0x3929, 0x3929, 0x3929, 0x3929, 0x4129, 0x4129, 0x4129, 0x4109, 0x4129, 0x4129, 0x4129, 0x4129, 
	0x4129, 0x4129, 0x4129, 0x4949, 0x4129, 0x4929, 0x4929, 0x4929, 0x494A, 0x4929, 0x4929, 0x4929, 0x514A, 0x512A, 0x512A, 0x512A, 
	0x514A, 0x514A, 0x5129, 0x594A, 0x594A, 0x616B, 0x696B, 0x614B, 0x592A, 0x512A, 0x594A, 0x592A, 0x5129, 0x5129, 0x5129, 0x5129, 
	0x512A, 0x512A, 0x514A, 0x594A, 0x512A, 0x5129, 0x514A, 0x5149, 0x4929, 0x4929, 0x4109, 0x4929, 0x4109, 0x4108, 0x4108, 0x38E8, 
	0x4108, 0x4108, 0x3908, 0x3928, 0x3908, 0x3908, 0x38E7, 0x38E8, 0x38E8, 0x3908, 0x3908, 0x38E7, 0x38E7, 0x38E7, 0x3907, 0x3907, 
	0x38E7, 0x38E7, 0x38E7, 0x3907, 0x38E7, 0x38E7, 0x38E7, 0x38E7, 0x38E7, 0x38E7, 0x3908, 0x38E7, 0x38E7, 0x3907, 0x4128, 0x4108, 
	0x38E7, 0x38E7, 0x38E7, 0x38E7, 0x3907, 0x38E7, 0x3907, 0x38E7, 0x30E7, 0x3907, 0x38E7, 0x3908, 0x30E7, 0x30E7, 0x30C6, 0x30E7, 
	0x3907, 0x30E7, 0x30E7, 0x30E7, 0x3107, 0x30E7, 0x30E7, 0x30E7, 0x30E7, 0x30E7, 0x30E7, 0x3107, 0x30E7, 0x30E7, 0x30E7, 0x30E7, 
	0x30E7, 0x30E7, 0x28E7, 0x30E7, 0x30E7, 0x30E7, 0x28E7, 0x28E7, 0x30E7, 0x30E7, 0x30C7, 0x30E7, 0x3107, 0x28E7, 0x30E7, 0x28E7, 
	0x30E7, 0x28E7, 0x28E7, 0x28E7, 0x28E6, 0x30E7, 0x30E7, 0x28E6, 0x28E7, 0x30E7, 0x28E7, 0x28E7, 0x28E7, 0x28E6, 0x28C6, 0x28E6, 
	0x20C6, 0x20A5, 0x20A5, 0x20A5, 0x20A5, 0x20A5, 0x20A5, 0x20A6, 0x20A5, 0x20A5, 0x20C6, 0x20A5, 0x20A5, 0x20C6, 0x20C6, 0x20A5, 
	0x20C5, 0x20C5, 0x20A5, 0x20C5, 0x20A5, 0x20A5, 0x20C6, 0x20C6, 0x20C6, 0x20C6, 0x20C5, 0x20C6, 0x20C6, 0x20C6, 0x20C6, 0x20C6, 
	0x20C6, 0x20C6, 0x20C6, 0x20C6, 0x20C5, 0x20C6, 0x20C6, 0x20C6, 0x20C6, 0x20C6, 0x20C6, 0x20C6, 0x20C6, 0x20C6, 0x20C6, 0x20C6, 
	0x20C6, 0x20C6, 0x20C6, 0x20C6, 0x20C6, 0x20C6, 0x20C6, 0x20C6, 0x20C6, 0x20C6, 0x20C6, 0x20C6, 0x28C6, 0x20C6, 0x28C6, 0x20C6, 
	0x20C6, 0x20C6, 0x28C6, 0x20C6, 0x20C6, 0x20C6, 0x28C6, 0x20C6, 0x20C6, 0x28E6, 0x20C6, 0x28C6, 0x20C6, 0x20C6, 0x28C6, 0x20C6, 
	0x28C6, 0x28C6, 0x28C6, 0x28E6, 0x28C6, 0x28C6, 0x28C6, 0x28C6, 0x28C6, 0x2907, 0x28C6, 0x28E6, 0x28C6, 0x28C6, 0x28E6, 0x28E7, 
	0x2907, 0x2907, 0x28E7, 0x20C6, 0x28E6, 0x20C6, 0x28E7, 0x28E6, 0x28E7, 0x28E7, 0x28E6, 0x28E6, 0x28E6, 0x28C6, 0x28E6, 0x28E7, 
	0x28E7, 0x28E7, 0x28E7, 0x28E7, 0x28E7, 0x28E6, 0x28E7, 0x28E7, 0x28E7, 0x28E7, 0x28E7, 0x2907, 0x2907, 0x28E7, 0x28E7, 0x28E7, 
	0x28E7, 0x28E7, 0x3108, 0x28E7, 0x28E7, 0x28E7, 0x28E7, 0x28E7, 0x28E7, 0x3108, 0x28E7, 0x3107, 0x3108, 0x3108, 0x3108, 0x3108, 
	0x3108, 0x3107, 0x3107, 0x3108, 0x3108, 0x3108, 0x3108, 0x3108, 0x3928, 0x3908, 0x416A, 0x416B, 0x416A, 0x416A, 0x3929, 0x3909, 
	0x3929, 0x3929, 0x3908, 0x3928, 0x3928, 0x3929, 0x3929, 0x3929, 0x4129, 0x4129, 0x4129, 0x4129, 0x4129, 0x4129, 0x4129, 0x4129, 
	0x4129, 0x494A, 0x4129, 0x4929, 0x4129, 0x4929, 0x4949, 0x4929, 0x4949, 0x4929, 0x492A, 0x4929, 0x514A, 0x514A, 0x5129, 0x512A, 
	0x514A, 0x512A, 0x5129, 0x594A, 0x594B, 0x614B, 0x616B, 0x614B, 0x594A, 0x594A, 0x594A, 0x594A, 0x5129, 0x5149, 0x594A, 0x514A, 
	0x514A, 0x512A, 0x596B, 0x596B, 0x594A, 0x5129, 0x5129, 0x4929, 0x514A, 0x4949, 0x4929, 0x4129, 0x4129, 0x4129, 0x4129, 0x4108, 
	0x3908, 0x3908, 0x3908, 0x3928, 0x3908, 0x3908, 0x38E7, 0x3908, 0x38E7, 0x3908, 0x3908, 0x38E7, 0x38E7, 0x38E7, 0x3907, 0x38E7, 
	0x3907, 0x3908, 0x38E7, 0x3907, 0x38E7, 0x38E7, 0x3907, 0x3907, 0x38E7, 0x3908, 0x492A, 0x4108, 0x38E7, 0x38E7, 0x38E7, 0x4108, 
	0x38E8, 0x38E7, 0x3907, 0x3907, 0x3907, 0x30E7, 0x3907, 0x3907, 0x30E7, 0x3907, 0x3907, 0x3908, 0x3908, 0x3908, 0x30E7, 0x3928, 
	0x3928, 0x3107, 0x3107, 0x30E7, 0x30E7, 0x30E7, 0x30E7, 0x3107, 0x30E7, 0x30E7, 0x30E7, 0x30E7, 0x30E7, 0x30E7, 0x30E7, 0x30E7, 
	0x30E7, 0x30E7, 0x28E7, 0x30E7, 0x28C7, 0x30E7, 0x30E7, 0x28E7, 0x30E7, 0x30E7, 0x30E7, 0x3107, 0x3948, 0x28E7, 0x28E7, 0x28E7, 
	0x28C7, 0x28E7, 0x28E7, 0x28E7, 0x28E7, 0x30E7, 0x30E7, 0x28E6, 0x28E6, 0x30E7, 0x30E7, 0x28E6, 0x28E6, 0x28E7, 0x28E6, 0x28E7, 
	0x20A5, 0x20A5, 0x20A5, 0x20A6, 0x20C6, 0x20A5, 0x20A5, 0x20A5, 0x20A5, 0x20A5, 0x20C6, 0x20C5, 0x20A5, 0x20A5, 0x20C6, 0x20A5, 
	0x20A5, 0x20C5, 0x20C6, 0x20C5, 0x20C5, 0x20C6, 0x20E6, 0x20C6, 0x20C6, 0x20C6, 0x20C6, 0x20C6, 0x20C6, 0x20C6, 0x20C6, 0x20C5, 
	0x20C6, 0x20C6, 0x20C6, 0x20C5, 0x20C6, 0x20C6, 0x20C6, 0x20C6, 0x20C6, 0x20C6, 0x20C6, 0x20C6, 0x20C6, 0x20C6, 0x20C6, 0x20C6, 
	0x20C6, 0x20C6, 0x20C6, 0x20C6, 0x20C6, 0x20C6, 0x20C6, 0x20E6, 0x28C6, 0x20C6, 0x20C6, 0x20C6, 0x20C6, 0x20C6, 0x28C6, 0x28C6, 
	0x28C6, 0x28E6, 0x28E6, 0x20C6, 0x28C6, 0x20C6, 0x28E6, 0x20C6, 0x28E6, 0x20C6, 0x20C6, 0x28C6, 0x28C6, 0x28C6, 0x28E7, 0x20C6, 
	0x28E6, 0x28C6, 0x28E6, 0x28C6, 0x28E6, 0x28E6, 0x28E6, 0x28E6, 0x2907, 0x2907, 0x20C6, 0x20C6, 0x28E6, 0x28C6, 0x28E6, 0x28E6, 
	0x20C6, 0x20C6, 0x28E6, 0x28E7, 0x28E6, 0x28E6, 0x28E7, 0x28E7, 0x28E7, 0x28E7, 0x28C6, 0x28C6, 0x28E6, 0x28E6, 0x28E7, 0x2907, 
	0x28E7, 0x28E7, 0x28E7, 0x28E7, 0x28E7, 0x28E7, 0x28E7, 0x28E7, 0x28E7, 0x28E7, 0x28E7, 0x28E7, 0x28E7, 0x3107, 0x2907, 0x3128, 
	0x3107, 0x28E7, 0x3108, 0x3108, 0x28E7, 0x3108, 0x3108, 0x3107, 0x3108, 0x3108, 0x28E7, 0x3107, 0x28E7, 0x28E7, 0x3108, 0x3108, 
	0x3108, 0x30E7, 0x3108, 0x3108, 0x3108, 0x3108, 0x3108, 0x3108, 0x3108, 0x3928, 0x3929, 0x416A, 0x5A0F, 0x51CD, 0x3929, 0x3929, 
	0x3929, 0x3909, 0x3929, 0x3929, 0x3908, 0x3908, 0x3929, 0x3929, 0x3929, 0x4109, 0x4129, 0x4109, 0x4129, 0x4129, 0x4929, 0x4129, 
	0x494A, 0x494A, 0x4129, 0x4929, 0x4929, 0x4929, 0x4929, 0x4929, 0x4929, 0x4929, 0x4949, 0x494A, 0x514A, 0x512A, 0x4929, 0x512A, 
	0x594A, 0x594A, 0x512A, 0x592A, 0x614B, 0x614B, 0x616B, 0x618B, 0x594A, 0x594A, 0x594A, 0x5129, 0x5129, 0x5129, 0x594A, 0x594A, 
	0x512A, 0x5129, 0x514A, 0x514A, 0x5129, 0x5129, 0x4929, 0x4909, 0x492A, 0x4929, 0x4909, 0x4929, 0x4949, 0x4129, 0x4108, 0x4109, 
	0x3908, 0x3908, 0x3928, 0x3908, 0x3908, 0x3908, 0x3908, 0x4128, 0x3908, 0x3908, 0x38E8, 0x38E7, 0x38E7, 0x3907, 0x3907, 0x3907, 
	0x3908, 0x3908, 0x38E7, 0x38E7, 0x38E7, 0x38E7, 0x3907, 0x38E7, 0x38E7, 0x3908, 0x4129, 0x3908, 0x38E7, 0x38E8, 0x3908, 0x4149, 
	0x3908, 0x38E7, 0x30E7, 0x30E7, 0x3907, 0x3907, 0x3907, 0x3908, 0x3907, 0x3908, 0x30E7, 0x30E7, 0x3908, 0x3908, 0x3108, 0x3928, 
	0x3107, 0x30E7, 0x3107, 0x30E7, 0x30E7, 0x30E7, 0x3107, 0x30E7, 0x30E7, 0x30E7, 0x30E7, 0x30E7, 0x30E7, 0x30E7, 0x30E7, 0x30E7, 
	0x30E7, 0x30E7, 0x3107, 0x30E7, 0x30E7, 0x30E7, 0x30E7, 0x28E7, 0x30E7, 0x30E7, 0x30E7, 0x30E7, 0x30E7, 0x30E7, 0x30E7, 0x28E7, 
	0x28E7, 0x28E7, 0x30E7, 0x28E7, 0x28E7, 0x28E7, 0x28C6, 0x28C6, 0x28E6, 0x28E7, 0x30E7, 0x28E7, 0x28E7, 0x28E7, 0x28E7, 0x30E7, 
	0x20C5, 0x20C5, 0x20C6, 0x20C6, 0x20C6, 0x20C6, 0x20C6, 0x20C5, 0x20C6, 0x20C6, 0x20A5, 0x20A5, 0x20C5, 0x20C5, 0x20C5, 0x20A5, 
	0x20A5, 0x20C6, 0x20A5, 0x20C6, 0x20C6, 0x20C6, 0x20E6, 0x20C6, 0x20C6, 0x20C6, 0x20C6, 0x20C6, 0x20C6, 0x20C6, 0x20C6, 0x20C6, 
	0x20C6, 0x20C6, 0x20C6, 0x20C6, 0x20C6, 0x20C6, 0x20A5, 0x20C6, 0x20C6, 0x20C6, 0x20C6, 0x20C6, 0x20C6, 0x20C6, 0x20C6, 0x20C6, 
	0x20C6, 0x20C6, 0x20C6, 0x20C6, 0x20C6, 0x20C6, 0x20C6, 0x20C6, 0x20C6, 0x28E6, 0x20C6, 0x28E6, 0x20C6, 0x20C6, 0x20C6, 0x28C6, 
	0x28C6, 0x20C6, 0x28C6, 0x20C6, 0x28C6, 0x28C6, 0x28E7, 0x28C6, 0x28E7, 0x28C6, 0x20C6, 0x28E6, 0x28E7, 0x28C6, 0x28C6, 0x28C6, 
	0x20C6, 0x28E7, 0x28E7, 0x28C7, 0x28E7, 0x28C6, 0x28C6, 0x28E6, 0x28C6, 0x28E7, 0x28E7, 0x28E6, 0x28E6, 0x28E6, 0x28E6, 0x28E7, 
	0x28C6, 0x28E7, 0x28E7, 0x28E6, 0x28E7, 0x28E6, 0x28E7, 0x28E7, 0x28E7, 0x28E7, 0x28C6, 0x28E6, 0x28E7, 0x28E6, 0x28E7, 0x28E7, 
	0x28E7, 0x28E7, 0x28E7, 0x28E7, 0x28E7, 0x28E7, 0x28E7, 0x3107, 0x28E7, 0x28E7, 0x28E7, 0x28E7, 0x2907, 0x2907, 0x2908, 0x3108, 
	0x3108, 0x28E7, 0x3107, 0x28E7, 0x3107, 0x3108, 0x3108, 0x3108, 0x3108, 0x30E7, 0x3107, 0x3108, 0x3108, 0x3108, 0x3108, 0x3108, 
	0x30E8, 0x3108, 0x3108, 0x3108, 0x3108, 0x3108, 0x3908, 0x3908, 0x3908, 0x3108, 0x3929, 0x414A, 0x416B, 0x394A, 0x3929, 0x3929, 
	0x3929, 0x3929, 0x3929, 0x3929, 0x3929, 0x3929, 0x4129, 0x4149, 0x3929, 0x4129, 0x4129, 0x4129, 0x4129, 0x4129, 0x4129, 0x4129, 
	0x4929, 0x492A, 0x4929, 0x4949, 0x4929, 0x4929, 0x4929, 0x4949, 0x4949, 0x4949, 0x494A, 0x59AD, 0x598C, 0x5149, 0x514A, 0x514A, 
	0x594A, 0x594A, 0x594A, 0x616B, 0x614B, 0x594A, 0x614A, 0x614A, 0x594A, 0x594A, 0x592A, 0x594A, 0x5129, 0x5149, 0x5129, 0x5129, 
	0x514A, 0x512A, 0x5129, 0x5129, 0x5129, 0x5129, 0x4929, 0x4929, 0x4929, 0x4929, 0x4909, 0x4929, 0x4929, 0x4108, 0x4108, 0x4128, 
	0x4108, 0x4108, 0x4128, 0x3908, 0x3908, 0x4128, 0x4108, 0x3908, 0x4108, 0x3908, 0x38E8, 0x3908, 0x38E7, 0x3908, 0x3907, 0x3908, 
	0x38E7, 0x3907, 0x3907, 0x3907, 0x3907, 0x30E7, 0x3107, 0x3907, 0x3907, 0x38E7, 0x3907, 0x3907, 0x3908, 0x3908, 0x38E8, 0x3908, 
	0x3907, 0x3907, 0x30E7, 0x3907, 0x3908, 0x3907, 0x51CC, 0x620E, 0x3908, 0x3908, 0x30E7, 0x30E7, 0x30E7, 0x30E8, 0x3908, 0x3108, 
	0x30E7, 0x3107, 0x3107, 0x3107, 0x30E7, 0x30E7, 0x30E7, 0x30E7, 0x30E7, 0x30E7, 0x30E7, 0x30E7, 0x30E7, 0x30E7, 0x30E7, 0x3107, 
	0x30E7, 0x30E7, 0x3107, 0x30E7, 0x3107, 0x30E7, 0x30E7, 0x30E7, 0x30E7, 0x30E7, 0x30E7, 0x30E7, 0x30E7, 0x30E7, 0x30E7, 0x30E7, 
	0x30E7, 0x30E7, 0x3107, 0x28E7, 0x30E7, 0x3107, 0x30E7, 0x30E7, 0x28E7, 0x28E7, 0x28E7, 0x3928, 0x3107, 0x28E7, 0x28E7, 0x3107, 
	0x3127, 0x62CE, 0x3148, 0x20A6, 0x20C6, 0x20C6, 0x20A6, 0x20C6, 0x20C6, 0x20A6, 0x20C6, 0x20A5, 0x20C6, 0x20C6, 0x28C6, 0x20C6, 
	0x20C6, 0x20C6, 0x20C5, 0x20C6, 0x20C6, 0x20C5, 0x20C6, 0x20C5, 0x20C6, 0x20C6, 0x20C6, 0x20C6, 0x20C6, 0x20C6, 0x20C6, 0x20C6, 
	0x20C6, 0x20C6, 0x20E6, 0x20C6, 0x20C5, 0x20C6, 0x20C5, 0x20C6, 0x20E6, 0x20C6, 0x20C6, 0x20C6, 0x20C6, 0x20C6, 0x20C6, 0x20C6, 
	0x20C6, 0x20C6, 0x20C6, 0x28C6, 0x20C6, 0x20C6, 0x20C6, 0x20C6, 0x20C6, 0x28E6, 0x20C6, 0x20C6, 0x20C6, 0x28E6, 0x20C6, 0x28E7, 
	0x28C6, 0x20C6, 0x20C6, 0x20C6, 0x20C6, 0x28C6, 0x28C6, 0x20C6, 0x28E6, 0x28E7, 0x28C7, 0x28E6, 0x28E7, 0x20C6, 0x28E6, 0x28E7, 
	0x28C6, 0x28C6, 0x28C6, 0x28C7, 0x28E6, 0x20C6, 0x20C6, 0x28E7, 0x28E6, 0x28E6, 0x28E7, 0x28E7, 0x28E6, 0x28E6, 0x28E6, 0x28E6, 
	0x28E6, 0x28E7, 0x28E6, 0x28E6, 0x28E7, 0x28E7, 0x28E7, 0x28E7, 0x28C6, 0x28E7, 0x28E7, 0x28E7, 0x28E7, 0x28E7, 0x28E7, 0x28E7, 
	0x28E7, 0x28E7, 0x28E7, 0x28E7, 0x28E7, 0x28E7, 0x28E7, 0x28E7, 0x2907, 0x3107, 0x3107, 0x28E7, 0x3108, 0x3108, 0x28E7, 0x2907, 
	0x28E7, 0x3107, 0x28E7, 0x28E7, 0x3108, 0x30E8, 0x28E7, 0x30E8, 0x3108, 0x30E7, 0x3107, 0x3107, 0x30E8, 0x3108, 0x3108, 0x3128, 
	0x30E8, 0x30E8, 0x3108, 0x3908, 0x3108, 0x3108, 0x3108, 0x3108, 0x3949, 0x416A, 0x3929, 0x3929, 0x3929, 0x3929, 0x3929, 0x3929, 
	0x3929, 0x3929, 0x3929, 0x3929, 0x3929, 0x4129, 0x4149, 0x4129, 0x3929, 0x4129, 0x4149, 0x4149, 0x4129, 0x412A, 0x4129, 0x4929, 
	0x492A, 0x494A, 0x4949, 0x4129, 0x4129, 0x4929, 0x4929, 0x4949, 0x4949, 0x494A, 0x494A, 0x59AC, 0x598B, 0x514A, 0x514A, 0x514A, 
	0x594A, 0x592A, 0x594A, 0x614B, 0x614B, 0x616A, 0x616B, 0x614A, 0x614A, 0x592A, 0x592A, 0x594A, 0x592A, 0x592A, 0x5129, 0x5129, 
	0x596A, 0x514A, 0x5129, 0x4929, 0x5129, 0x5129, 0x4929, 0x4929, 0x5129, 0x514A, 0x4929, 0x4108, 0x4108, 0x4108, 0x4109, 0x4108, 
	0x4108, 0x4108, 0x3908, 0x3908, 0x4108, 0x4128, 0x4108, 0x38E8, 0x3908, 0x38E8, 0x3908, 0x3908, 0x3908, 0x3908, 0x38E7, 0x3908, 
	0x3908, 0x3908, 0x3908, 0x3907, 0x38E7, 0x3107, 0x30E7, 0x3908, 0x3908, 0x38E7, 0x38E7, 0x30E7, 0x3907, 0x38E8, 0x38E8, 0x38E8, 
	0x38E7, 0x3907, 0x3907, 0x3908, 0x3908, 0x3908, 0x51CC, 0x51AC, 0x3908, 0x3908, 0x3107, 0x30E7, 0x3107, 0x3907, 0x3928, 0x3908, 
	0x3107, 0x3107, 0x30E7, 0x30E7, 0x30E7, 0x30E7, 0x30E7, 0x3907, 0x30E7, 0x30E7, 0x30E7, 0x3107, 0x30E7, 0x30E7, 0x30E7, 0x3107, 
	0x30E7, 0x30E7, 0x30E7, 0x30E7, 0x30E7, 0x30E7, 0x30E7, 0x30E7, 0x30E7, 0x3107, 0x30E7, 0x30E7, 0x3107, 0x30E7, 0x30E7, 0x28E7, 
	0x30E7, 0x30E7, 0x28E7, 0x28E6, 0x30E7, 0x30E7, 0x3107, 0x3107, 0x28E7, 0x28E7, 0x28E7, 0x3128, 0x30E7, 0x30E7, 0x28E7, 0x28E7, 
	0x41CA, 0xA4F7, 0x522C, 0x20A5, 0x20C6, 0x20A5, 0x20A5, 0x20A6, 0x20A6, 0x20A6, 0x20C6, 0x20A6, 0x20A5, 0x28C6, 0x20C6, 0x20C6, 
	0x20C6, 0x20C6, 0x28C6, 0x20C6, 0x20E6, 0x20C6, 0x20C6, 0x20C5, 0x20C6, 0x20C6, 0x20C6, 0x20C6, 0x20C6, 0x20C6, 0x20C6, 0x20C6, 
	0x20C6, 0x20C6, 0x20C6, 0x20C6, 0x20C6, 0x20C6, 0x20C6, 0x20C6, 0x20C6, 0x20C6, 0x20C6, 0x20C6, 0x20C6, 0x20C6, 0x20C6, 0x20C6, 
	0x20C6, 0x20C6, 0x20C6, 0x20C6, 0x20C6, 0x28E6, 0x20C6, 0x20C6, 0x20C6, 0x20C6, 0x20C6, 0x20C6, 0x20C6, 0x28E6, 0x28C6, 0x20C6, 
	0x28E6, 0x20C6, 0x20C6, 0x28E7, 0x3129, 0x28E6, 0x28E6, 0x28C6, 0x20C6, 0x28C6, 0x28C6, 0x28C6, 0x28E7, 0x28E7, 0x2907, 0x28E7, 
	0x28E6, 0x28E7, 0x20C6, 0x28E7, 0x28C6, 0x28E6, 0x28E6, 0x28E6, 0x28C6, 0x28C6, 0x28E6, 0x28E6, 0x28E6, 0x28E7, 0x28C6, 0x28E7, 
	0x28E6, 0x28C6, 0x28E6, 0x20C6, 0x28E7, 0x28E6, 0x28C6, 0x28E7, 0x28E7, 0x28E7, 0x28E7, 0x28E7, 0x28E7, 0x28E7, 0x28E7, 0x28E7, 
	0x28E7, 0x28E7, 0x28E7, 0x28E7, 0x28E7, 0x28E7, 0x28E7, 0x28E7, 0x28E7, 0x3107, 0x28E7, 0x28E7, 0x28E7, 0x2907, 0x2907, 0x3128, 
	0x5A2F, 0x3929, 0x3108, 0x30E8, 0x3108, 0x30E8, 0x28E8, 0x3108, 0x28E7, 0x30E8, 0x3108, 0x3108, 0x30E8, 0x3108, 0x3108, 0x3108, 
	0x30E8, 0x3108, 0x3108, 0x3108, 0x3108, 0x3929, 0x3908, 0x3908, 0x414A, 0x414A, 0x3909, 0x3929, 0x3929, 0x3929, 0x3929, 0x3909, 
	0x3929, 0x3929, 0x3929, 0x3929, 0x3929, 0x3929, 0x4129, 0x4129, 0x4129, 0x4129, 0x4129, 0x4129, 0x4149, 0x494A, 0x4129, 0x494A, 
	0x494A, 0x412A, 0x494A, 0x4929, 0x4129, 0x4129, 0x4949, 0x4949, 0x4949, 0x496A, 0x494A, 0x514A, 0x5149, 0x514A, 0x514A, 0x512A, 
	0x594A, 0x594A, 0x594A, 0x614B, 0x614B, 0x614A, 0x616B, 0x614A, 0x594A, 0x594A, 0x594A, 0x594A, 0x594A, 0x614B, 0x594A, 0x594A, 
	0x594A, 0x5129, 0x5129, 0x4929, 0x5129, 0x4929, 0x5129, 0x5129, 0x514A, 0x514A, 0x4929, 0x4929, 0x4108, 0x4108, 0x4108, 0x4108, 
	0x4108, 0x4108, 0x3908, 0x4108, 0x3908, 0x4108, 0x4108, 0x38E7, 0x3908, 0x38E8, 0x3908, 0x3908, 0x3908, 0x3908, 0x3908, 0x3908, 
	0x3908, 0x38E8, 0x3908, 0x3908, 0x3908, 0x3908, 0x30E7, 0x3907, 0x3907, 0x38E7, 0x3907, 0x38E8, 0x3908, 0x38E7, 0x38E7, 0x3908, 
	0x3908, 0x38E7, 0x38E7, 0x38E7, 0x38E7, 0x3907, 0x3907, 0x3907, 0x3907, 0x3908, 0x30E7, 0x30E7, 0x30E7, 0x30E7, 0x3907, 0x3908, 
	0x30E7, 0x30E7, 0x30E7, 0x30E7, 0x30E7, 0x3907, 0x30E7, 0x30E7, 0x30E7, 0x30E7, 0x30E7, 0x3107, 0x30E7, 0x30C7, 0x30E7, 0x30E7, 
	0x3107, 0x3107, 0x30E7, 0x30E7, 0x30E7, 0x30C7, 0x30E7, 0x3107, 0x30E7, 0x3107, 0x30E7, 0x30E7, 0x30E7, 0x30C7, 0x30E7, 0x30E7, 
	0x30E7, 0x30E7, 0x28E7, 0x28E6, 0x28E7, 0x30E7, 0x30E7, 0x28E7, 0x28E7, 0x3107, 0x28E7, 0x28E7, 0x28E7, 0x3107, 0x28E7, 0x28E7, 
	0x28E6, 0x41AA, 0x3127, 0x28E6, 0x20C6, 0x20C6, 0x20C6, 0x20C6, 0x20C6, 0x20A6, 0x20A6, 0x20A6, 0x3107, 0x3128, 0x20C6, 0x20A5, 
	0x20C6, 0x20E6, 0x20C6, 0x20A5, 0x20C6, 0x20C6, 0x20C6, 0x20C6, 0x20C6, 0x20C6, 0x20C6, 0x20C6, 0x20C6, 0x20C6, 0x20C6, 0x20C6, 
	0x20C6, 0x20C6, 0x20C6, 0x20C6, 0x20C6, 0x20C6, 0x20C6, 0x20C6, 0x20C6, 0x20C6, 0x28E6, 0x20C6, 0x28C6, 0x20C6, 0x20C6, 0x20C6, 
	0x28E6, 0x20C6, 0x20C6, 0x28E6, 0x28C7, 0x28E6, 0x20C6, 0x20C6, 0x20C6, 0x20C6, 0x28C6, 0x28C6, 0x20C6, 0x28C6, 0x28E6, 0x20C6, 
	0x28C6, 0x28E6, 0x28C6, 0x28E7, 0x3128, 0x28E6, 0x28C6, 0x28C6, 0x28C6, 0x28C6, 0x28E7, 0x20C6, 0x28C6, 0x28E7, 0x49CB, 0x5A4E, 
	0x28E7, 0x28E7, 0x20C6, 0x28C6, 0x28E7, 0x28E7, 0x20C6, 0x20C6, 0x28E6, 0x28E6, 0x28E7, 0x28C6, 0x20C6, 0x28E6, 0x28C6, 0x28E7, 
	0x28E7, 0x28C6, 0x28E7, 0x28C6, 0x28E6, 0x28E7, 0x28E7, 0x28E7, 0x28E7, 0x28E7, 0x28E7, 0x28E7, 0x28E7, 0x28C7, 0x28E7, 0x2907, 
	0x28E7, 0x28E7, 0x28E7, 0x28E7, 0x28E7, 0x28E7, 0x28E7, 0x28E7, 0x28E7, 0x28E7, 0x28E7, 0x28E7, 0x28E7, 0x28E7, 0x3107, 0x2907, 
	0x520D, 0x49CC, 0x28E7, 0x3108, 0x3128, 0x3108, 0x3108, 0x3108, 0x3107, 0x3108, 0x3108, 0x3108, 0x3108, 0x3108, 0x3108, 0x3108, 
	0x3108, 0x3128, 0x3928, 0x3108, 0x3108, 0x3928, 0x3108, 0x3108, 0x3929, 0x3929, 0x3909, 0x3929, 0x3929, 0x3929, 0x3929, 0x414A, 
	0x414A, 0x412A, 0x3929, 0x3929, 0x3929, 0x3929, 0x4129, 0x4129, 0x414A, 0x414A, 0x412A, 0x412A, 0x412A, 0x412A, 0x4129, 0x494A, 
	0x492A, 0x494A, 0x494A, 0x4129, 0x4949, 0x4129, 0x4949, 0x4929, 0x494A, 0x492A, 0x494A, 0x514A, 0x514A, 0x514A, 0x514A, 0x514A, 
	0x514A, 0x594A, 0x614A, 0x614A, 0x614B, 0x614B, 0x616B, 0x614B, 0x594A, 0x594A, 0x616A, 0x594A, 0x594A, 0x616B, 0x594A, 0x5129, 
	0x594A, 0x512A, 0x5129, 0x5129, 0x5129, 0x5129, 0x5129, 0x5129, 0x5129, 0x4929, 0x4909, 0x4929, 0x4108, 0x4128, 0x4129, 0x4108, 
	0x4129, 0x4108, 0x4128, 0x3908, 0x3908, 0x4108, 0x4108, 0x3908, 0x3908, 0x3908, 0x3908, 0x38E8, 0x3908, 0x38E8, 0x38E7, 0x3908, 
	0x38E8, 0x38E8, 0x3908, 0x3908, 0x38E7, 0x30E7, 0x38E7, 0x38E7, 0x38E7, 0x3908, 0x3908, 0x38E7, 0x3908, 0x3907, 0x38E7, 0x3907, 
	0x38E7, 0x38E7, 0x38E7, 0x38E7, 0x38E7, 0x38E7, 0x3907, 0x3907, 0x38E7, 0x38E7, 0x38E7, 0x30E7, 0x30E7, 0x30E7, 0x3907, 0x3907, 
	0x30E7, 0x30E7, 0x3107, 0x30E7, 0x30E7, 0x30E7, 0x30E7, 0x30E7, 0x30E7, 0x30E7, 0x30E7, 0x30E7, 0x30E7, 0x30E7, 0x30E7, 0x30E7, 
	0x30E7, 0x30E7, 0x30E7, 0x30E7, 0x30E7, 0x30E7, 0x30E7, 0x3107, 0x30E7, 0x30E7, 0x30E7, 0x3107, 0x30E7, 0x30E7, 0x3107, 0x30E7, 
	0x30E7, 0x30E7, 0x3107, 0x28E7, 0x30E7, 0x3107, 0x30E7, 0x28E7, 0x30E7, 0x30E7, 0x28E7, 0x3107, 0x30E7, 0x28E7, 0x28E7, 0x28E7, 
	0x20C6, 0x20A6, 0x28C6, 0x28E6, 0x20C6, 0x20C6, 0x20C6, 0x20C6, 0x20C6, 0x20A6, 0x20C6, 0x20C6, 0x3949, 0x3949, 0x20C6, 0x20C6, 
	0x20A6, 0x20C6, 0x20A6, 0x28C6, 0x3128, 0x20C6, 0x20C6, 0x20C6, 0x20C6, 0x20C6, 0x20C6, 0x20C6, 0x20C6, 0x20C5, 0x20C5, 0x20C6, 
	0x28E6, 0x20C6, 0x20C6, 0x20C6, 0x20C6, 0x20C6, 0x20C6, 0x20C6, 0x20C6, 0x20C6, 0x20C6, 0x20A6, 0x28E7, 0x3949, 0x20C6, 0x20C6, 
	0x20C6, 0x20C6, 0x20C6, 0x28E6, 0x28E6, 0x28C6, 0x28E6, 0x28E6, 0x20C6, 0x20C6, 0x20C6, 0x28E6, 0x28E6, 0x28C6, 0x20C6, 0x20C6, 
	0x28C6, 0x28E6, 0x28C6, 0x28E6, 0x20C6, 0x28E6, 0x28E6, 0x28C6, 0x28C6, 0x28C6, 0x28E6, 0x28E6, 0x28E6, 0x28E7, 0x3969, 0x41CB, 
	0x28E7, 0x28E7, 0x28E6, 0x28E6, 0x28E7, 0x28E7, 0x28C6, 0x28E7, 0x28E6, 0x28E6, 0x28E7, 0x28E6, 0x28E6, 0x28E7, 0x28E6, 0x28E7, 
	0x28E7, 0x28E7, 0x28C7, 0x28E7, 0x28E7, 0x28E7, 0x28E7, 0x28E7, 0x28E7, 0x28E7, 0x28E7, 0x28E7, 0x28E7, 0x28E7, 0x28E7, 0x28E7, 
	0x28E7, 0x28E7, 0x28E7, 0x28E7, 0x28E7, 0x28E7, 0x28E7, 0x28E7, 0x28E7, 0x28E7, 0x2907, 0x2907, 0x28E7, 0x28E7, 0x28E7, 0x3107, 
	0x28E7, 0x3108, 0x3128, 0x3108, 0x3108, 0x30E8, 0x3108, 0x30E7, 0x3108, 0x3108, 0x3108, 0x3108, 0x3108, 0x3108, 0x3108, 0x3108, 
	0x3108, 0x3108, 0x3108, 0x3108, 0x3108, 0x3108, 0x3908, 0x3908, 0x3908, 0x3929, 0x3929, 0x3929, 0x3929, 0x3929, 0x3929, 0x414A, 
	0x414A, 0x412A, 0x414A, 0x3929, 0x3929, 0x414A, 0x412A, 0x4129, 0x4129, 0x4149, 0x412A, 0x412A, 0x414A, 0x494A, 0x492A, 0x494A, 
	0x494A, 0x492A, 0x492A, 0x494A, 0x494A, 0x4129, 0x4929, 0x4929, 0x494A, 0x492A, 0x512A, 0x514A, 0x514A, 0x5129, 0x512A, 0x594A, 
	0x594A, 0x616B, 0x616B, 0x614B, 0x614A, 0x614A, 0x614B, 0x616B, 0x614A, 0x594A, 0x594A, 0x594A, 0x616B, 0x594B, 0x592A, 0x594A, 
	0x596A, 0x594A, 0x514A, 0x514A, 0x514A, 0x5129, 0x4929, 0x5149, 0x514A, 0x4929, 0x4929, 0x4929, 0x4929, 0x4929, 0x4929, 0x4108, 
	0x4128, 0x4129, 0x4129, 0x4128, 0x4128, 0x4108, 0x38E8, 0x3908, 0x4108, 0x3908, 0x3908, 0x3908, 0x3908, 0x38E7, 0x3908, 0x3908, 
	0x38E7, 0x3908, 0x3908, 0x3908, 0x38E8, 0x3908, 0x3908, 0x3908, 0x38E7, 0x38E7, 0x3907, 0x38E7, 0x38E7, 0x38E7, 0x38E7, 0x38E7, 
	0x3907, 0x38E8, 0x3908, 0x3908, 0x3908, 0x38E7, 0x30E7, 0x3908, 0x3908, 0x3908, 0x3907, 0x3907, 0x3907, 0x3907, 0x3907, 0x38E7, 
	0x3907, 0x38E7, 0x30E7, 0x38E7, 0x38E7, 0x30E7, 0x30E7, 0x30E7, 0x30E7, 0x30E7, 0x30E7, 0x30E7, 0x3107, 0x3107, 0x30E7, 0x30E7, 
	0x30E7, 0x30E7, 0x30E7, 0x3107, 0x30E7, 0x30E7, 0x30E7, 0x30E7, 0x30E7, 0x30E7, 0x3107, 0x3107, 0x30E7, 0x30E7, 0x30E7, 0x30E7, 
	0x3107, 0x3107, 0x3107, 0x30E7, 0x30E7, 0x30E7, 0x3107, 0x30E7, 0x30E7, 0x28E7, 0x28E7, 0x30E7, 0x30E7, 0x30E7, 0x30E7, 0x28E7, 
	0x20A5, 0x20C6, 0x20C6, 0x20C6, 0x20C6, 0x20A6, 0x20C6, 0x20C6, 0x20C6, 0x20C6, 0x20C6, 0x20C6, 0x20C6, 0x20C6, 0x20C6, 0x20C6, 
	0x20C6, 0x20C6, 0x20C6, 0x28E7, 0x3128, 0x28C6, 0x20C6, 0x20C6, 0x20C6, 0x20C6, 0x20C6, 0x20C6, 0x20C6, 0x20C6, 0x20C6, 0x20C6, 
	0x20C6, 0x20C6, 0x20C6, 0x20C6, 0x20C6, 0x28C6, 0x28E6, 0x20C6, 0x20C6, 0x20C6, 0x20E6, 0x20E6, 0x2907, 0x3149, 0x28E6, 0x28E6, 
	0x28E6, 0x20C6, 0x20C6, 0x20C6, 0x28E6, 0x28C6, 0x28C6, 0x20C6, 0x20C6, 0x28C6, 0x20C6, 0x28E6, 0x28E6, 0x20C6, 0x20C6, 0x20C6, 
	0x20C6, 0x28C6, 0x20C6, 0x20C6, 0x28C6, 0x20C6, 0x28E7, 0x28C6, 0x28C6, 0x20C6, 0x28E6, 0x28E6, 0x28C6, 0x28E7, 0x28E7, 0x28E6, 
	0x28E7, 0x28E7, 0x28C6, 0x28E6, 0x28E6, 0x28C6, 0x28E6, 0x28E6, 0x28E6, 0x28E6, 0x28E6, 0x28E6, 0x28E7, 0x28E6, 0x28E7, 0x28E7, 
	0x28E7, 0x28E7, 0x28E7, 0x2907, 0x28E7, 0x28C7, 0x28E7, 0x28C7, 0x28E7, 0x28E7, 0x28C6, 0x28E7, 0x28E7, 0x28E7, 0x28E7, 0x28E7, 
	0x28E7, 0x28E7, 0x28E7, 0x2907, 0x28E7, 0x28E7, 0x28E7, 0x3107, 0x28E7, 0x2907, 0x3107, 0x2907, 0x28E7, 0x28E7, 0x28E7, 0x28E8, 
	0x3108, 0x3128, 0x3108, 0x3108, 0x3108, 0x30E8, 0x30E8, 0x3108, 0x3108, 0x30E7, 0x30E7, 0x3108, 0x3108, 0x3108, 0x3108, 0x3108, 
	0x3108, 0x3108, 0x3108, 0x3108, 0x3108, 0x3908, 0x3928, 0x3928, 0x3928, 0x3929, 0x3929, 0x3908, 0x3929, 0x3929, 0x3929, 0x3929, 
	0x414A, 0x3929, 0x4149, 0x4129, 0x4129, 0x3929, 0x4129, 0x4129, 0x4129, 0x4129, 0x4129, 0x4129, 0x4129, 0x494A, 0x494A, 0x492A, 
	0x494B, 0x492A, 0x494A, 0x494A, 0x492A, 0x4949, 0x4929, 0x4949, 0x494A, 0x494A, 0x514A, 0x512A, 0x512A, 0x514A, 0x514A, 0x594A, 
	0x594B, 0x616B, 0x696B, 0x614B, 0x614B, 0x616B, 0x694B, 0x696B, 0x616B, 0x614A, 0x614A, 0x594A, 0x594A, 0x594B, 0x594A, 0x594A, 
	0x514A, 0x512A, 0x514A, 0x594A, 0x514A, 0x4929, 0x4108, 0x4929, 0x4929, 0x4929, 0x4929, 0x4929, 0x4929, 0x4929, 0x4929, 0x4108, 
	0x4128, 0x4128, 0x4129, 0x4108, 0x4108, 0x4108, 0x4108, 0x4108, 0x4108, 0x3908, 0x4108, 0x3908, 0x3908, 0x3908, 0x3908, 0x3907, 
	0x38E7, 0x3907, 0x3907, 0x3908, 0x3908, 0x3908, 0x3908, 0x3907, 0x38E7, 0x38E7, 0x38E7, 0x38E7, 0x38E7, 0x3907, 0x38E7, 0x3907, 
	0x3907, 0x3907, 0x3907, 0x3908, 0x3908, 0x3908, 0x38E8, 0x3908, 0x3908, 0x3907, 0x3908, 0x3907, 0x3907, 0x38E7, 0x38E7, 0x30E7, 
	0x3907, 0x30E7, 0x30C7, 0x30E7, 0x3107, 0x30E7, 0x30E7, 0x30E7, 0x30E7, 0x30E7, 0x30E7, 0x3107, 0x3107, 0x3107, 0x30E7, 0x30E7, 
	0x3107, 0x30E7, 0x3107, 0x3107, 0x30E7, 0x3107, 0x3107, 0x3107, 0x3107, 0x30E7, 0x3107, 0x3107, 0x30E7, 0x3107, 0x30E7, 0x3107, 
	0x3107, 0x3107, 0x30E7, 0x3107, 0x30E7, 0x30E7, 0x30E7, 0x28C7, 0x28E7, 0x3107, 0x28E7, 0x28E7, 0x28E7, 0x30E7, 0x3107, 0x28E7, 
	0x20C6, 0x20C6, 0x20C6, 0x20C6, 0x20C6, 0x20A6, 0x20C6, 0x20C6, 0x20C6, 0x20A6, 0x20A5, 0x20C6, 0x20C5, 0x20C5, 0x20C6, 0x20C6, 
	0x20C6, 0x28E6, 0x20C6, 0x20C6, 0x20C6, 0x20C6, 0x20E6, 0x20C6, 0x20C6, 0x20C6, 0x20C6, 0x20C6, 0x20C6, 0x20C6, 0x20C6, 0x20C6, 
	0x20C6, 0x20C6, 0x20C6, 0x20C6, 0x20C6, 0x20E6, 0x28E6, 0x20C6, 0x20C6, 0x20C6, 0x28E6, 0x28E6, 0x20C6, 0x28E6, 0x28E6, 0x28C6, 
	0x28C6, 0x20C6, 0x20C6, 0x20C6, 0x20C6, 0x20C6, 0x20C6, 0x20C6, 0x20C6, 0x20C6, 0x20C6, 0x28C6, 0x20C6, 0x20C6, 0x28C6, 0x20C6, 
	0x20C6, 0x28E6, 0x20C6, 0x28E6, 0x20C6, 0x20C6, 0x28C6, 0x28C6, 0x28E7, 0x28E6, 0x28E6, 0x28E6, 0x20C6, 0x28E7, 0x28C7, 0x28C6, 
	0x28C6, 0x28E7, 0x28E7, 0x28C6, 0x28E6, 0x28E6, 0x28E7, 0x28E7, 0x28E7, 0x28E6, 0x28E6, 0x28E6, 0x28E7, 0x28E7, 0x28E6, 0x28E7, 
	0x28E7, 0x28E7, 0x28E7, 0x28E6, 0x28E7, 0x28E7, 0x28E7, 0x28E7, 0x28E7, 0x28E7, 0x28C7, 0x28E7, 0x28E7, 0x28E7, 0x2907, 0x28E7, 
	0x28E7, 0x28E7, 0x28E7, 0x28E7, 0x28E7, 0x28E7, 0x28E7, 0x3107, 0x28E7, 0x3107, 0x3107, 0x28E7, 0x28E7, 0x3108, 0x3108, 0x28E7, 
	0x3108, 0x3108, 0x28E7, 0x28E7, 0x394A, 0x3929, 0x3108, 0x3108, 0x3108, 0x3108, 0x3108, 0x3128, 0x3108, 0x3108, 0x3108, 0x3108, 
	0x3108, 0x3108, 0x3928, 0x3108, 0x3108, 0x3108, 0x3928, 0x3908, 0x3928, 0x3929, 0x3908, 0x3929, 0x3929, 0x3929, 0x4149, 0x3929, 
	0x414A, 0x416B, 0x416A, 0x4129, 0x4149, 0x3929, 0x4129, 0x414A, 0x4129, 0x494A, 0x414A, 0x414A, 0x412A, 0x414A, 0x494A, 0x412A, 
	0x494A, 0x494A, 0x494B, 0x494A, 0x494A, 0x494A, 0x494A, 0x516A, 0x494A, 0x514A, 0x514A, 0x514A, 0x514A, 0x514A, 0x594A, 0x594A, 
	0x616B, 0x614B, 0x696B, 0x614B, 0x696B, 0x696B, 0x694B, 0x614A, 0x694B, 0x614B, 0x698B, 0x616B, 0x592A, 0x614B, 0x616B, 0x594A, 
	0x594A, 0x514A, 0x514A, 0x514A, 0x594A, 0x514A, 0x4929, 0x4949, 0x4929, 0x4929, 0x4929, 0x4909, 0x4929, 0x4108, 0x4128, 0x4128, 
	0x518B, 0x518B, 0x4128, 0x4108, 0x4108, 0x4108, 0x4108, 0x4108, 0x3908, 0x59AD, 0x494A, 0x3907, 0x3908, 0x3908, 0x3908, 0x38E8, 
	0x38E8, 0x3907, 0x3908, 0x3907, 0x3907, 0x3908, 0x3908, 0x3908, 0x3908, 0x3907, 0x3908, 0x3908, 0x3908, 0x3908, 0x3907, 0x3908, 
	0x3907, 0x38E7, 0x3908, 0x3908, 0x3908, 0x3908, 0x3908, 0x3908, 0x38E7, 0x38E7, 0x3907, 0x38E7, 0x38E7, 0x38E7, 0x3908, 0x3907, 
	0x3907, 0x3107, 0x30E7, 0x3107, 0x30E7, 0x30E7, 0x30E7, 0x30E7, 0x3907, 0x3107, 0x30E7, 0x3107, 0x30E7, 0x30E7, 0x30E7, 0x30E7, 
	0x30E7, 0x30E7, 0x3107, 0x3107, 0x3107, 0x3107, 0x3107, 0x3107, 0x3107, 0x30E7, 0x30E7, 0x3107, 0x3107, 0x3107, 0x49AB, 0x51CC, 
	0x3106, 0x3969, 0x5A0E, 0x3108, 0x30E7, 0x3107, 0x30E7, 0x28E7, 0x3107, 0x3107, 0x3107, 0x28E7, 0x30E7, 0x30E7, 0x3107, 0x28E7, 
	0x20C6, 0x20E6, 0x20C6, 0x20C6, 0x20A6, 0x20A6, 0x20C6, 0x20C6, 0x20C6, 0x20C6, 0x20C6, 0x20C6, 0x20C6, 0x20C6, 0x20E6, 0x20C6, 
	0x20C5, 0x20C6, 0x20C6, 0x20C6, 0x20E6, 0x20C6, 0x20C6, 0x20C6, 0x20C6, 0x20C6, 0x20C6, 0x20C6, 0x20C6, 0x20E6, 0x20E6, 0x20C6, 
	0x20C6, 0x20C6, 0x20C6, 0x20C6, 0x20C6, 0x20C6, 0x20C6, 0x20C6, 0x20C6, 0x20C6, 0x28E6, 0x20C6, 0x20E6, 0x2907, 0x28E7, 0x20C6, 
	0x20C6, 0x28E6, 0x28E6, 0x28E6, 0x28E6, 0x20C6, 0x20C6, 0x28C6, 0x20C6, 0x20C6, 0x28E6, 0x28E6, 0x28E6, 0x20C6, 0x28E6, 0x28E6, 
	0x28E6, 0x20C6, 0x20C6, 0x28E6, 0x28E6, 0x20C6, 0x28E6, 0x28E7, 0x20C6, 0x28C6, 0x28E6, 0x28C6, 0x28E7, 0x28E7, 0x28E7, 0x2907, 
	0x28E6, 0x28E6, 0x28E6, 0x28E7, 0x28C6, 0x28E6, 0x28E7, 0x28E6, 0x28E7, 0x28E6, 0x28E7, 0x28E6, 0x28E7, 0x28E7, 0x28E7, 0x28E7, 
	0x28E7, 0x28E7, 0x28E7, 0x28E7, 0x28E7, 0x28E7, 0x2907, 0x2907, 0x28E7, 0x28E7, 0x28E7, 0x2907, 0x28E7, 0x28E7, 0x2907, 0x2907, 
	0x28E7, 0x28E7, 0x28E7, 0x28E7, 0x28E7, 0x2907, 0x2907, 0x28E7, 0x28E7, 0x3107, 0x28E7, 0x28E7, 0x28E7, 0x3107, 0x3107, 0x2907, 
	0x3128, 0x3128, 0x30E7, 0x3108, 0x396A, 0x3929, 0x30E7, 0x3108, 0x3108, 0x30E8, 0x3108, 0x3108, 0x3108, 0x3108, 0x3108, 0x3128, 
	0x3108, 0x3928, 0x3128, 0x3108, 0x3128, 0x3108, 0x3928, 0x3108, 0x3908, 0x3929, 0x3909, 0x3909, 0x3929, 0x3929, 0x414A, 0x414A, 
	0x416B, 0x498C, 0x498C, 0x414A, 0x4149, 0x414A, 0x4149, 0x416A, 0x414A, 0x414A, 0x412A, 0x414A, 0x414A, 0x414A, 0x494B, 0x414A, 
	0x414B, 0x494B, 0x496B, 0x496B, 0x516B, 0x496A, 0x494A, 0x516A, 0x514A, 0x514A, 0x514A, 0x514A, 0x514A, 0x514A, 0x596A, 0x616B, 
	0x616B, 0x696B, 0x696B, 0x696B, 0x696B, 0x696B, 0x614B, 0x614B, 0x614B, 0x616B, 0x616B, 0x614A, 0x614A, 0x614B, 0x616B, 0x616B, 
	0x616B, 0x514A, 0x4929, 0x5149, 0x594A, 0x514A, 0x4949, 0x4929, 0x4929, 0x4929, 0x4929, 0x4929, 0x4929, 0x4929, 0x4928, 0x4128, 
	0x6230, 0x59CD, 0x4108, 0x4108, 0x4128, 0x4128, 0x4128, 0x4108, 0x4108, 0x496A, 0x4129, 0x3908, 0x3908, 0x4108, 0x4108, 0x3908, 
	0x3908, 0x3908, 0x3908, 0x3908, 0x38E7, 0x3907, 0x3908, 0x3908, 0x3908, 0x3907, 0x3908, 0x3908, 0x3908, 0x38E8, 0x3908, 0x3908, 
	0x3907, 0x3907, 0x3908, 0x38E7, 0x3908, 0x3908, 0x38E7, 0x3908, 0x3908, 0x3908, 0x38E7, 0x30E7, 0x3907, 0x38E7, 0x3907, 0x3907, 
	0x3907, 0x30E7, 0x30E7, 0x3107, 0x30E7, 0x30E7, 0x3907, 0x3107, 0x3907, 0x3107, 0x30E7, 0x3107, 0x3107, 0x3107, 0x3107, 0x30E7, 
	0x3107, 0x3107, 0x3107, 0x30E7, 0x3107, 0x30E7, 0x3107, 0x30E7, 0x30E7, 0x3107, 0x3107, 0x30E7, 0x3107, 0x3107, 0x418B, 0x49CC, 
	0x2906, 0x3128, 0x418B, 0x3928, 0x30E7, 0x30E7, 0x3107, 0x3107, 0x30E7, 0x3107, 0x28E7, 0x28E7, 0x28E7, 0x28E7, 0x2907, 0x3107, 
	0x20C6, 0x20C6, 0x20A6, 0x20C6, 0x20C6, 0x20C6, 0x20C6, 0x20C6, 0x20C6, 0x20C6, 0x20C6, 0x20C6, 0x20C6, 0x28E6, 0x3107, 0x20C6, 
	0x20C6, 0x20C6, 0x20C6, 0x20C6, 0x20C6, 0x20C6, 0x20C5, 0x20C6, 0x20C6, 0x20C6, 0x20C6, 0x20C6, 0x20C6, 0x20C6, 0x20C6, 0x20C6, 
	0x20C6, 0x20C6, 0x20C6, 0x20C6, 0x20C6, 0x20C6, 0x20C6, 0x28E6, 0x28C6, 0x28E7, 0x28E6, 0x28E6, 0x20C6, 0x28E7, 0x28C7, 0x28E7, 
	0x28E6, 0x2907, 0x28E7, 0x20C6, 0x28E6, 0x20C6, 0x28E7, 0x28E7, 0x28C6, 0x28C6, 0x28E6, 0x28E6, 0x28E6, 0x20C6, 0x28C6, 0x28E6, 
	0x28E6, 0x28E6, 0x28E6, 0x28C6, 0x28C6, 0x28C6, 0x28E7, 0x28E7, 0x28C6, 0x28C6, 0x28E7, 0x28E7, 0x28E7, 0x28E7, 0x28E7, 0x28E7, 
	0x28E6, 0x28E7, 0x28E7, 0x28E7, 0x28E7, 0x28E7, 0x28E7, 0x28E6, 0x28E7, 0x28E7, 0x28E7, 0x28E6, 0x28E7, 0x28E7, 0x28E7, 0x28E7, 
	0x28E7, 0x28E7, 0x28E7, 0x28E7, 0x28E7, 0x28E7, 0x3949, 0x3949, 0x28E6, 0x28E7, 0x28E7, 0x28E7, 0x28E7, 0x28E7, 0x28E7, 0x28E7, 
	0x2907, 0x2907, 0x3108, 0x28E7, 0x28E7, 0x2907, 0x3107, 0x28E7, 0x28E7, 0x28E7, 0x3107, 0x3107, 0x28E7, 0x28E7, 0x3107, 0x28E7, 
	0x3108, 0x3108, 0x30E8, 0x3108, 0x3108, 0x30E7, 0x3108, 0x3108, 0x3108, 0x3108, 0x3108, 0x3108, 0x3108, 0x3108, 0x3108, 0x3128, 
	0x3108, 0x3128, 0x3128, 0x3108, 0x3128, 0x3108, 0x3108, 0x3929, 0x3929, 0x3929, 0x3929, 0x3929, 0x3929, 0x3929, 0x4149, 0x414A, 
	0x416A, 0x498B, 0x496B, 0x414A, 0x414A, 0x414A, 0x414A, 0x412A, 0x414A, 0x412A, 0x412A, 0x414A, 0x414A, 0x496B, 0x496B, 0x414B, 
	0x496B, 0x498C, 0x518C, 0x494B, 0x496B, 0x494A, 0x514A, 0x514A, 0x514A, 0x514A, 0x514A, 0x596B, 0x594A, 0x514A, 0x594A, 0x616B, 
	0x696B, 0x696B, 0x616B, 0x616B, 0x696B, 0x614A, 0x614A, 0x616B, 0x616B, 0x616B, 0x616B, 0x592A, 0x594A, 0x594A, 0x5929, 0x594A, 
	0x596B, 0x514A, 0x5149, 0x5149, 0x514A, 0x5129, 0x4929, 0x4929, 0x4929, 0x4929, 0x4929, 0x4929, 0x4129, 0x4949, 0x4929, 0x4929, 
	0x4949, 0x4148, 0x4129, 0x4129, 0x4128, 0x4128, 0x4108, 0x4128, 0x4128, 0x3908, 0x3908, 0x4128, 0x4108, 0x4108, 0x4129, 0x3908, 
	0x3908, 0x4128, 0x4129, 0x3908, 0x3907, 0x3908, 0x3908, 0x38E8, 0x3908, 0x38E7, 0x3908, 0x4128, 0x3908, 0x38E8, 0x3908, 0x3908, 
	0x3908, 0x38E7, 0x3907, 0x3908, 0x3908, 0x3908, 0x38E8, 0x3908, 0x3908, 0x3907, 0x38E7, 0x38E7, 0x38E7, 0x38E7, 0x3908, 0x30E7, 
	0x38E7, 0x3907, 0x3107, 0x3107, 0x30E7, 0x3107, 0x30E7, 0x3907, 0x3107, 0x30E7, 0x3107, 0x3107, 0x3107, 0x3107, 0x3107, 0x3107, 
	0x3107, 0x3107, 0x3107, 0x30E7, 0x3107, 0x30E7, 0x3107, 0x3107, 0x30E7, 0x3107, 0x3107, 0x3107, 0x3107, 0x3107, 0x3107, 0x3107, 
	0x3127, 0x3107, 0x30E7, 0x30E7, 0x3107, 0x3107, 0x30E7, 0x3107, 0x30E7, 0x28E7, 0x30E7, 0x28E7, 0x3107, 0x3107, 0x3107, 0x3107, 
	0x20C6, 0x20C6, 0x20C6, 0x20C6, 0x28E6, 0x20C6, 0x20C6, 0x28E6, 0x20C6, 0x20A6, 0x20C6, 0x20C6, 0x20C6, 0x20C6, 0x28E7, 0x20C6, 
	0x20C6, 0x20C6, 0x20C6, 0x20C5, 0x20C6, 0x20E6, 0x20C6, 0x20C6, 0x28E6, 0x20C6, 0x20C6, 0x20C6, 0x20C6, 0x28C6, 0x28C6, 0x20C6, 
	0x20C6, 0x20C6, 0x20C6, 0x20C6, 0x20C6, 0x20C6, 0x20C6, 0x20C6, 0x28E6, 0x3107, 0x41AA, 0x28E7, 0x2907, 0x28E7, 0x20C6, 0x28E7, 
	0x28E7, 0x28E7, 0x28E7, 0x20C6, 0x28E7, 0x28E6, 0x28C6, 0x28E7, 0x28E7, 0x28C6, 0x28C6, 0x28C6, 0x28C6, 0x20C6, 0x28E7, 0x28C6, 
	0x20C6, 0x28C6, 0x28C6, 0x20C6, 0x28E7, 0x28E7, 0x28E6, 0x28C6, 0x28E6, 0x28C6, 0x20C6, 0x20C6, 0x28E7, 0x28E7, 0x28E7, 0x20C6, 
	0x28E7, 0x28E7, 0x28E7, 0x28E7, 0x28E7, 0x28E6, 0x28E7, 0x28E7, 0x28E7, 0x28E7, 0x2907, 0x2907, 0x28E7, 0x28E7, 0x28E7, 0x2907, 
	0x28E7, 0x28E7, 0x28E7, 0x28E7, 0x28E7, 0x28E7, 0x2907, 0x2907, 0x28E7, 0x28E7, 0x28E7, 0x28E7, 0x28E7, 0x28E7, 0x28E7, 0x28E7, 
	0x2907, 0x28E7, 0x28E7, 0x30E7, 0x28E7, 0x28E7, 0x28E7, 0x28E7, 0x28E7, 0x28E7, 0x3108, 0x3108, 0x2907, 0x3107, 0x3107, 0x3108, 
	0x28E7, 0x3108, 0x3108, 0x3108, 0x3108, 0x3108, 0x3108, 0x3108, 0x3108, 0x3128, 0x3108, 0x3108, 0x3108, 0x3108, 0x3108, 0x3108, 
	0x3108, 0x3108, 0x3108, 0x3108, 0x3108, 0x3908, 0x3908, 0x3929, 0x3929, 0x3929, 0x3929, 0x4149, 0x3929, 0x3929, 0x3929, 0x414A, 
	0x4129, 0x414A, 0x414A, 0x416A, 0x414A, 0x392A, 0x414A, 0x412A, 0x414A, 0x414A, 0x412A, 0x414A, 0x414A, 0x494B, 0x496B, 0x496B, 
	0x51AD, 0x59EF, 0x518C, 0x494B, 0x496B, 0x516B, 0x514B, 0x514A, 0x514A, 0x514B, 0x594A, 0x596B, 0x594A, 0x594A, 0x594A, 0x616B, 
	0x696B, 0x696B, 0x614B, 0x614A, 0x614B, 0x614B, 0x614A, 0x616B, 0x616B, 0x614B, 0x696C, 0x614B, 0x594A, 0x594A, 0x5929, 0x594A, 
	0x594A, 0x5129, 0x5129, 0x514A, 0x516A, 0x514A, 0x4929, 0x4929, 0x4929, 0x4929, 0x4929, 0x4929, 0x4929, 0x4929, 0x4129, 0x4128, 
	0x4128, 0x4128, 0x4129, 0x4108, 0x4108, 0x4108, 0x3908, 0x4108, 0x4128, 0x4128, 0x3908, 0x3908, 0x4128, 0x38E8, 0x3908, 0x3928, 
	0x3908, 0x3908, 0x3908, 0x3908, 0x3908, 0x3928, 0x3908, 0x38E8, 0x3908, 0x3908, 0x3908, 0x3908, 0x3908, 0x3908, 0x3908, 0x3908, 
	0x3908, 0x3908, 0x3908, 0x3908, 0x3908, 0x38E8, 0x3908, 0x3908, 0x3908, 0x30E7, 0x38E7, 0x3907, 0x38E7, 0x3928, 0x4129, 0x30E7, 
	0x3907, 0x3907, 0x3907, 0x30E7, 0x3107, 0x3907, 0x30E7, 0x30E7, 0x38E7, 0x30E7, 0x3907, 0x30E7, 0x3107, 0x30E7, 0x30E7, 0x3907, 
	0x30E7, 0x30E7, 0x30E7, 0x30E7, 0x30E7, 0x3108, 0x3107, 0x30E7, 0x30E7, 0x3107, 0x3107, 0x3107, 0x3107, 0x3107, 0x3107, 0x3107, 
	0x3107, 0x3107, 0x3107, 0x30E7, 0x30E7, 0x30E7, 0x28E7, 0x3107, 0x30E7, 0x30E7, 0x3107, 0x30E7, 0x3107, 0x3108, 0x3128, 0x3969, 
	0x20C6, 0x20A6, 0x20C6, 0x20C6, 0x20E6, 0x20C6, 0x20C6, 0x20C6, 0x20C6, 0x20C6, 0x20C6, 0x20E6, 0x20C6, 0x20C5, 0x20C6, 0x20C6, 
	0x20C6, 0x20C6, 0x20C6, 0x20C6, 0x20C6, 0x20C6, 0x20E6, 0x20C6, 0x28E6, 0x20C6, 0x20C6, 0x20E6, 0x20C6, 0x20C6, 0x28C6, 0x20C6, 
	0x28E6, 0x20C6, 0x28E6, 0x3949, 0x28E7, 0x20E6, 0x20C6, 0x28E6, 0x20A6, 0x49EB, 0x9C55, 0x3949, 0x28E6, 0x28E7, 0x28C6, 0x28C6, 
	0x20C6, 0x28E7, 0x28E7, 0x20E6, 0x20A6, 0x28E6, 0x28E7, 0x20C6, 0x28C6, 0x28C6, 0x28E6, 0x28E6, 0x28C6, 0x28E6, 0x3969, 0x3128, 
	0x20C6, 0x28E6, 0x28E6, 0x28C6, 0x28E7, 0x28C6, 0x418A, 0x5A2E, 0x2907, 0x28E7, 0x28C6, 0x28E6, 0x28E7, 0x28E7, 0x28E7, 0x28E7, 
	0x28E7, 0x28C6, 0x28E7, 0x28E7, 0x28E7, 0x28E7, 0x28E7, 0x28E7, 0x28E7, 0x28E7, 0x28E7, 0x28E7, 0x28E7, 0x28E7, 0x28E7, 0x28E7, 
	0x28E7, 0x28E7, 0x28E7, 0x28E6, 0x28E7, 0x28E7, 0x28E7, 0x28E7, 0x28E7, 0x28E7, 0x28E7, 0x28E7, 0x2907, 0x2907, 0x2907, 0x28E7, 
	0x2907, 0x28E7, 0x28E7, 0x2907, 0x28E7, 0x28E7, 0x28E7, 0x3108, 0x3108, 0x28E7, 0x28E7, 0x3107, 0x3107, 0x3108, 0x3108, 0x30E8, 
	0x3108, 0x3108, 0x30E7, 0x3108, 0x3108, 0x3108, 0x3108, 0x3108, 0x3108, 0x3108, 0x3108, 0x3108, 0x3108, 0x3108, 0x3108, 0x3908, 
	0x3908, 0x3108, 0x3108, 0x3108, 0x3928, 0x3928, 0x3929, 0x3929, 0x3908, 0x3909, 0x3929, 0x4129, 0x3929, 0x3929, 0x3929, 0x4129, 
	0x3929, 0x414A, 0x414A, 0x3929, 0x3949, 0x414A, 0x414A, 0x412A, 0x412A, 0x412A, 0x414A, 0x414A, 0x414A, 0x414A, 0x496B, 0x496C, 
	0x6252, 0x6AD5, 0x51AD, 0x494B, 0x494B, 0x514B, 0x516B, 0x514A, 0x516B, 0x596B, 0x594A, 0x594B, 0x616B, 0x616B, 0x616B, 0x616B, 
	0x614B, 0x614A, 0x614B, 0x614B, 0x614B, 0x614A, 0x614B, 0x614B, 0x614B, 0x694B, 0x698C, 0x616B, 0x594A, 0x594A, 0x594A, 0x514A, 
	0x5129, 0x5129, 0x5149, 0x5149, 0x514A, 0x5149, 0x4929, 0x4929, 0x4929, 0x4929, 0x4929, 0x4928, 0x4929, 0x4949, 0x4129, 0x4108, 
	0x4128, 0x4128, 0x4108, 0x4129, 0x4129, 0x4128, 0x4128, 0x4128, 0x4108, 0x4128, 0x4128, 0x38E8, 0x3908, 0x4108, 0x4128, 0x4128, 
	0x4128, 0x4108, 0x3908, 0x3908, 0x3908, 0x4108, 0x3908, 0x38E8, 0x3908, 0x3908, 0x3908, 0x38E8, 0x38E8, 0x38E8, 0x3908, 0x3908, 
	0x3908, 0x3908, 0x3908, 0x3908, 0x3907, 0x3908, 0x38E7, 0x3908, 0x3908, 0x3908, 0x3908, 0x3908, 0x3907, 0x3908, 0x3928, 0x38E7, 
	0x3907, 0x30E7, 0x30E7, 0x38E7, 0x38E7, 0x38E7, 0x38E7, 0x38E7, 0x3908, 0x3908, 0x3907, 0x3907, 0x3907, 0x30E7, 0x30E7, 0x3907, 
	0x3907, 0x30E7, 0x30E7, 0x30E7, 0x30E7, 0x3908, 0x3107, 0x3107, 0x3107, 0x3107, 0x3107, 0x3107, 0x3107, 0x3107, 0x3107, 0x3107, 
	0x3108, 0x3108, 0x3107, 0x3107, 0x3107, 0x30E7, 0x28E7, 0x3107, 0x30E7, 0x28E7, 0x3107, 0x30E7, 0x3107, 0x30E7, 0x49CC, 0x7332, 
	0x20C6, 0x20C6, 0x20C6, 0x20C6, 0x20C6, 0x20C6, 0x20C6, 0x20C6, 0x20C6, 0x20C6, 0x20C6, 0x28E6, 0x20C6, 0x20C6, 0x20C6, 0x20C6, 
	0x20E6, 0x20C6, 0x20C6, 0x20C6, 0x20C6, 0x20C6, 0x20C6, 0x20C6, 0x20C6, 0x20C6, 0x28E6, 0x20C6, 0x20C5, 0x20C6, 0x20C6, 0x20C6, 
	0x20C6, 0x20C6, 0x20E6, 0x3128, 0x28E6, 0x20C6, 0x20C6, 0x28E6, 0x28E6, 0x3148, 0x49EB, 0x3107, 0x28E7, 0x20C6, 0x28E6, 0x28E6, 
	0x28E7, 0x2907, 0x28E6, 0x3127, 0x83B2, 0x418A, 0x20C6, 0x28E6, 0x28E6, 0x28C6, 0x28E6, 0x28E6, 0x28E6, 0x28E6, 0x2907, 0x28E7, 
	0x28C6, 0x28E6, 0x28E6, 0x28E6, 0x28C6, 0x28C6, 0x3969, 0x520C, 0x2907, 0x28E6, 0x28E6, 0x28E6, 0x28E6, 0x28E7, 0x28C7, 0x28E7, 
	0x2907, 0x28E6, 0x28E7, 0x28E7, 0x28E7, 0x28E7, 0x28E7, 0x2907, 0x28E7, 0x28E7, 0x28E7, 0x28E7, 0x28E7, 0x2907, 0x28E7, 0x28E7, 
	0x3107, 0x2907, 0x28E7, 0x28E7, 0x28E7, 0x28E7, 0x28E7, 0x2907, 0x3107, 0x28E7, 0x28E7, 0x28E7, 0x28E7, 0x2907, 0x2907, 0x2907, 
	0x2907, 0x28E7, 0x2907, 0x2907, 0x3107, 0x28E7, 0x28E8, 0x3108, 0x3108, 0x28E7, 0x2907, 0x3107, 0x28E7, 0x3107, 0x3107, 0x30E7, 
	0x3108, 0x3108, 0x30E7, 0x3108, 0x3108, 0x3108, 0x30E7, 0x3108, 0x3108, 0x3108, 0x3108, 0x3108, 0x3108, 0x3108, 0x3908, 0x3928, 
	0x3908, 0x3908, 0x3908, 0x3908, 0x3928, 0x3908, 0x3929, 0x3908, 0x3909, 0x3909, 0x3929, 0x4149, 0x3949, 0x3929, 0x3929, 0x4129, 
	0x414A, 0x4129, 0x414A, 0x3929, 0x414A, 0x414A, 0x414A, 0x414A, 0x412A, 0x414A, 0x494A, 0x414A, 0x414B, 0x496B, 0x496B, 0x496B, 
	0x51CE, 0x59EF, 0x518C, 0x496B, 0x494B, 0x494B, 0x516B, 0x596B, 0x596B, 0x596B, 0x596B, 0x594B, 0x616B, 0x616B, 0x616B, 0x616B, 
	0x614B, 0x614B, 0x616B, 0x614B, 0x614A, 0x614A, 0x614B, 0x696B, 0x696C, 0x716C, 0x694B, 0x592A, 0x594A, 0x614B, 0x594A, 0x5129, 
	0x5149, 0x5149, 0x514A, 0x514A, 0x5129, 0x5129, 0x514A, 0x4929, 0x4929, 0x4929, 0x4949, 0x4928, 0x4949, 0x4949, 0x4929, 0x4129, 
	0x4949, 0x4129, 0x4108, 0x4129, 0x4129, 0x4108, 0x4108, 0x4108, 0x4108, 0x4108, 0x4128, 0x4128, 0x4128, 0x4128, 0x4949, 0x624E, 
	0x498B, 0x4129, 0x3908, 0x3908, 0x3908, 0x4128, 0x4108, 0x4108, 0x4128, 0x38E8, 0x3908, 0x3908, 0x3908, 0x38E8, 0x3908, 0x4108, 
	0x3908, 0x3908, 0x3908, 0x3908, 0x3908, 0x4128, 0x3908, 0x3908, 0x3908, 0x3908, 0x3908, 0x3908, 0x30E7, 0x38E7, 0x3907, 0x3908, 
	0x3908, 0x38E7, 0x30E7, 0x38E7, 0x3907, 0x30E7, 0x3907, 0x3908, 0x3907, 0x30E7, 0x30E7, 0x30E7, 0x30E7, 0x3907, 0x3908, 0x38E7, 
	0x3907, 0x30E7, 0x3107, 0x3907, 0x30E7, 0x30E7, 0x30E7, 0x3107, 0x3107, 0x3107, 0x3107, 0x3107, 0x3107, 0x3107, 0x3107, 0x3908, 
	0x30E7, 0x3107, 0x3107, 0x3107, 0x3107, 0x3107, 0x3107, 0x3107, 0x3107, 0x3107, 0x3107, 0x3107, 0x30E7, 0x3107, 0x41CB, 0x522D, 
	0x20C6, 0x20C6, 0x20C6, 0x28C6, 0x20C6, 0x20A6, 0x20C6, 0x20C6, 0x20C6, 0x20C6, 0x20C6, 0x20C6, 0x20C6, 0x20C6, 0x20C6, 0x20C6, 
	0x20C6, 0x20C6, 0x20C6, 0x20C6, 0x28E6, 0x20C6, 0x20C6, 0x20E6, 0x28E6, 0x20C6, 0x28E6, 0x28C6, 0x20C6, 0x20C6, 0x20E6, 0x20C6, 
	0x20C6, 0x20C6, 0x28E6, 0x20C6, 0x20C6, 0x28E6, 0x28E7, 0x20C6, 0x28E6, 0x28E7, 0x20A6, 0x3107, 0x28E7, 0x28E7, 0x28E7, 0x28E7, 
	0x28C6, 0x28E7, 0x28E7, 0x3128, 0x6AEF, 0x3989, 0x28E6, 0x28E7, 0x28E7, 0x28E6, 0x28C6, 0x28E6, 0x28C6, 0x28E6, 0x28C6, 0x20C6, 
	0x28E6, 0x28C6, 0x28C6, 0x28E6, 0x28E6, 0x28E7, 0x28E7, 0x28C6, 0x28E7, 0x3107, 0x28E7, 0x28C6, 0x28E6, 0x28E7, 0x28E7, 0x28E7, 
	0x28E7, 0x28E6, 0x28E6, 0x20C6, 0x28E7, 0x28E7, 0x28E7, 0x28E7, 0x2907, 0x28E7, 0x28E7, 0x28E7, 0x28E7, 0x28E7, 0x28E7, 0x28C7, 
	0x2907, 0x2907, 0x28E7, 0x28E7, 0x28E7, 0x2907, 0x28E7, 0x28E7, 0x2907, 0x28E7, 0x28E7, 0x2907, 0x2907, 0x28E7, 0x28E7, 0x2907, 
	0x394A, 0x3129, 0x2907, 0x28E7, 0x28E7, 0x28E7, 0x28E7, 0x3107, 0x3107, 0x28E7, 0x3107, 0x3107, 0x3107, 0x3107, 0x3107, 0x3108, 
	0x30E7, 0x3108, 0x3108, 0x3108, 0x3108, 0x3108, 0x3108, 0x3108, 0x3108, 0x3108, 0x3108, 0x3128, 0x3108, 0x3108, 0x3108, 0x3108, 
	0x3908, 0x3929, 0x4129, 0x3909, 0x3909, 0x3909, 0x3929, 0x3909, 0x3928, 0x3908, 0x3928, 0x3929, 0x3929, 0x4129, 0x4129, 0x414A, 
	0x414A, 0x4129, 0x3929, 0x414A, 0x414A, 0x416A, 0x414A, 0x412A, 0x414A, 0x496B, 0x494B, 0x412A, 0x494A, 0x494B, 0x494B, 0x496B, 
	0x496B, 0x496B, 0x518B, 0x516B, 0x516B, 0x516B, 0x514B, 0x516B, 0x594B, 0x594A, 0x596B, 0x596B, 0x616B, 0x614B, 0x616B, 0x616B, 
	0x616B, 0x616B, 0x614B, 0x614B, 0x594A, 0x594A, 0x592A, 0x616B, 0x718C, 0x716C, 0x696B, 0x614B, 0x594A, 0x594A, 0x594A, 0x512A, 
	0x514A, 0x5129, 0x5129, 0x514A, 0x5129, 0x5129, 0x514A, 0x5129, 0x4929, 0x4929, 0x4949, 0x4929, 0x4929, 0x4929, 0x4929, 0x4929, 
	0x4929, 0x4949, 0x4108, 0x4128, 0x4108, 0x4128, 0x4128, 0x4128, 0x4108, 0x4108, 0x4128, 0x4128, 0x4108, 0x4128, 0x51AB, 0x9C37, 
	0x59ED, 0x3909, 0x3929, 0x3908, 0x3908, 0x3908, 0x3908, 0x3908, 0x4128, 0x3908, 0x3908, 0x3908, 0x3908, 0x38E8, 0x3908, 0x4128, 
	0x38E8, 0x38E8, 0x3908, 0x3908, 0x3908, 0x3908, 0x38E8, 0x3908, 0x3908, 0x3908, 0x3908, 0x38E7, 0x3907, 0x3908, 0x38E7, 0x3907, 
	0x30E7, 0x30E7, 0x3907, 0x30E7, 0x38E7, 0x38E7, 0x38E7, 0x3907, 0x3908, 0x38E7, 0x38E7, 0x38E7, 0x30E7, 0x3907, 0x3908, 0x38E7, 
	0x3908, 0x30E7, 0x3907, 0x3907, 0x3907, 0x30E7, 0x3107, 0x3908, 0x3107, 0x3107, 0x3107, 0x3907, 0x3107, 0x3107, 0x3107, 0x3107, 
	0x3107, 0x30E7, 0x3107, 0x30E7, 0x3107, 0x3107, 0x3107, 0x28E7, 0x3107, 0x3107, 0x3128, 0x3107, 0x3107, 0x3107, 0x3107, 0x3107, 
	0x20C6, 0x20C6, 0x20C6, 0x20C6, 0x20C6, 0x20C6, 0x20C6, 0x20C6, 0x20C6, 0x20C6, 0x20C6, 0x20C6, 0x20C6, 0x20C6, 0x20C6, 0x28E6, 
	0x20C6, 0x28C6, 0x28E6, 0x20C6, 0x28E6, 0x28E6, 0x20C6, 0x20C6, 0x20C6, 0x20C6, 0x20C6, 0x20C6, 0x20C6, 0x20C6, 0x28C6, 0x28C6, 
	0x20C6, 0x28E6, 0x20C6, 0x20C6, 0x28C6, 0x20C6, 0x20C6, 0x20C6, 0x20C6, 0x20A6, 0x28E7, 0x28E7, 0x28E7, 0x28E7, 0x28E7, 0x28C6, 
	0x28C6, 0x28C7, 0x28E7, 0x28E7, 0x20A6, 0x28C6, 0x28E7, 0x28E6, 0x28E6, 0x28C6, 0x28C6, 0x28C6, 0x28E6, 0x28E7, 0x28E6, 0x3148, 
	0x28E6, 0x28E7, 0x28E7, 0x28E6, 0x28C6, 0x28E6, 0x28E7, 0x28E7, 0x28C6, 0x28E7, 0x28E7, 0x28E7, 0x28C6, 0x28C7, 0x28E7, 0x28E7, 
	0x28E7, 0x28E7, 0x28E7, 0x28E7, 0x28E7, 0x2907, 0x28E7, 0x28E6, 0x28E7, 0x28E7, 0x28E7, 0x28E7, 0x28E7, 0x2907, 0x28E7, 0x2907, 
	0x28E7, 0x28E7, 0x28E7, 0x28E7, 0x28E7, 0x2907, 0x28E7, 0x28E7, 0x28E7, 0x28E7, 0x28E7, 0x2907, 0x2907, 0x2907, 0x2907, 0x3128, 
	0x49AD, 0x416A, 0x30E7, 0x2907, 0x3107, 0x3108, 0x3108, 0x28E7, 0x3107, 0x2907, 0x2907, 0x28E7, 0x3108, 0x30E7, 0x30E7, 0x3108, 
	0x30E7, 0x3108, 0x3108, 0x3108, 0x3108, 0x3108, 0x3108, 0x3108, 0x3108, 0x3108, 0x3108, 0x3928, 0x3108, 0x3108, 0x3108, 0x3108, 
	0x3929, 0x3929, 0x4149, 0x3909, 0x3929, 0x3909, 0x3909, 0x3929, 0x3909, 0x3909, 0x3929, 0x3929, 0x3909, 0x3929, 0x4129, 0x3929, 
	0x4129, 0x4129, 0x4129, 0x4149, 0x414A, 0x414A, 0x414A, 0x414A, 0x414A, 0x496B, 0x496C, 0x496B, 0x414B, 0x414B, 0x494B, 0x496B, 
	0x494B, 0x496B, 0x496B, 0x494A, 0x516B, 0x516B, 0x516B, 0x596B, 0x596B, 0x514A, 0x596B, 0x616B, 0x616B, 0x616B, 0x616B, 0x616B, 
	0x616B, 0x616B, 0x614B, 0x614B, 0x614B, 0x614A, 0x594A, 0x614B, 0x696B, 0x696B, 0x616B, 0x614B, 0x594A, 0x594B, 0x594B, 0x594B, 
	0x594A, 0x514A, 0x514A, 0x516A, 0x514A, 0x514A, 0x514A, 0x514A, 0x4929, 0x4929, 0x4929, 0x4949, 0x4949, 0x4128, 0x516A, 0x69ED, 
	0x494A, 0x4949, 0x4929, 0x4949, 0x4929, 0x4108, 0x4129, 0x4108, 0x4108, 0x4108, 0x4128, 0x4129, 0x4108, 0x4128, 0x4969, 0x496A, 
	0x4129, 0x4129, 0x3929, 0x4128, 0x3908, 0x3908, 0x3908, 0x3908, 0x4128, 0x4108, 0x3908, 0x3908, 0x3908, 0x3908, 0x3908, 0x3908, 
	0x3908, 0x3908, 0x3908, 0x3908, 0x38E8, 0x3908, 0x3908, 0x3908, 0x38E7, 0x3908, 0x3908, 0x38E8, 0x3908, 0x3907, 0x3908, 0x3908, 
	0x3908, 0x30E7, 0x3928, 0x3907, 0x3907, 0x3907, 0x30E7, 0x30E7, 0x3908, 0x3907, 0x3907, 0x3907, 0x3907, 0x30E7, 0x30E7, 0x38E8, 
	0x3908, 0x3908, 0x3107, 0x30E7, 0x3908, 0x3908, 0x3907, 0x3908, 0x3107, 0x3107, 0x3107, 0x3928, 0x3107, 0x3107, 0x3108, 0x30E7, 
	0x3107, 0x3107, 0x2907, 0x3107, 0x3107, 0x3108, 0x3107, 0x3107, 0x3107, 0x3107, 0x3107, 0x3107, 0x30E7, 0x3107, 0x30E7, 0x2907, 
	0x20C6, 0x20C6, 0x20C6, 0x20C6, 0x28E6, 0x28E6, 0x20C6, 0x28C6, 0x20C6, 0x28C6, 0x20C6, 0x20C6, 0x20C6, 0x20C6, 0x20C6, 0x20C6, 
	0x20C6, 0x28E6, 0x20C6, 0x20C6, 0x20C6, 0x28C6, 0x28C6, 0x20C6, 0x28C6, 0x20C6, 0x20C6, 0x20C6, 0x20E6, 0x28C6, 0x28E6, 0x28E6, 
	0x20C6, 0x20C6, 0x20C6, 0x20C6, 0x28E6, 0x20C6, 0x20C6, 0x28E7, 0x28E6, 0x20C6, 0x20C6, 0x28E7, 0x20C6, 0x28E7, 0x28E7, 0x28E7, 
	0x28E7, 0x2907, 0x28E7, 0x28E7, 0x28E7, 0x28E7, 0x20C6, 0x28E6, 0x28C6, 0x28C6, 0x28E6, 0x28C6, 0x28E6, 0x28C6, 0x28E6, 0x49EC, 
	0x28E7, 0x28C6, 0x28E6, 0x28E7, 0x28E7, 0x2907, 0x28E6, 0x28E6, 0x20C6, 0x28E7, 0x28E7, 0x28C6, 0x28E6, 0x28E7, 0x2907, 0x28E7, 
	0x2907, 0x2907, 0x28E7, 0x28E7, 0x28E7, 0x28E7, 0x28E7, 0x28E7, 0x28E7, 0x28E7, 0x28E7, 0x28E7, 0x2907, 0x2907, 0x2907, 0x2907, 
	0x2907, 0x28E7, 0x28E7, 0x28E7, 0x28E7, 0x28E7, 0x28E7, 0x28E7, 0x28E7, 0x28E7, 0x2907, 0x28E7, 0x28E7, 0x2907, 0x2907, 0x3107, 
	0x3108, 0x3107, 0x3107, 0x28E8, 0x28E7, 0x28E7, 0x2907, 0x3108, 0x3108, 0x2907, 0x3108, 0x3107, 0x3108, 0x3108, 0x3108, 0x3108, 
	0x3108, 0x3128, 0x3108, 0x3108, 0x3108, 0x3108, 0x3128, 0x3108, 0x3108, 0x3128, 0x3108, 0x3108, 0x3108, 0x3128, 0x3908, 0x3908, 
	0x3928, 0x3908, 0x3908, 0x3908, 0x3929, 0x3929, 0x4129, 0x3929, 0x3929, 0x3929, 0x4149, 0x3929, 0x3929, 0x3929, 0x3929, 0x3929, 
	0x3949, 0x4129, 0x4129, 0x4149, 0x414A, 0x414A, 0x414A, 0x414B, 0x496C, 0x51AD, 0x518D, 0x494B, 0x494B, 0x496B, 0x496B, 0x494B, 
	0x496B, 0x496B, 0x496B, 0x494B, 0x516B, 0x514B, 0x516B, 0x596B, 0x596B, 0x596B, 0x616B, 0x616B, 0x616B, 0x696C, 0x696B, 0x614A, 
	0x614A, 0x616B, 0x616B, 0x614A, 0x614B, 0x614B, 0x614B, 0x616B, 0x614B, 0x616B, 0x616B, 0x614A, 0x616B, 0x594A, 0x594B, 0x596B, 
	0x594A, 0x514A, 0x514A, 0x514A, 0x512A, 0x514A, 0x5149, 0x5149, 0x5149, 0x4949, 0x4949, 0x4949, 0x4949, 0x4929, 0x4929, 0x494A, 
	0x4929, 0x4929, 0x494A, 0x518B, 0x496A, 0x4109, 0x4129, 0x4129, 0x4108, 0x4108, 0x4128, 0x4128, 0x4108, 0x4108, 0x4128, 0x4128, 
	0x4128, 0x4129, 0x3908, 0x3908, 0x3908, 0x3908, 0x4108, 0x4108, 0x4949, 0x498A, 0x4108, 0x4108, 0x38E8, 0x3908, 0x3908, 0x4108, 
	0x3908, 0x3907, 0x3908, 0x4128, 0x4108, 0x4108, 0x3908, 0x4128, 0x3908, 0x3908, 0x3908, 0x3908, 0x3907, 0x3907, 0x3907, 0x38E7, 
	0x3908, 0x38E8, 0x3908, 0x30E7, 0x3107, 0x3107, 0x30E7, 0x3907, 0x3907, 0x3907, 0x3907, 0x30E7, 0x3908, 0x3907, 0x38E7, 0x3908, 
	0x3908, 0x3907, 0x30E7, 0x3908, 0x3107, 0x3907, 0x3908, 0x3907, 0x3907, 0x3907, 0x3107, 0x3107, 0x3107, 0x3107, 0x3108, 0x3107, 
	0x3107, 0x3107, 0x3107, 0x3108, 0x3107, 0x3107, 0x3107, 0x30E7, 0x3107, 0x30E7, 0x3107, 0x3107, 0x3107, 0x3128, 0x3107, 0x30E7, 
	0x20C6, 0x20C6, 0x20E6, 0x20C6, 0x28E6, 0x20C6, 0x20C6, 0x28E6, 0x20C6, 0x20C6, 0x20C6, 0x20C6, 0x20C6, 0x20C6, 0x28E6, 0x20E6, 
	0x20C6, 0x28E6, 0x20C6, 0x20C6, 0x20C6, 0x28C6, 0x28C6, 0x20C6, 0x28E7, 0x20E6, 0x20C6, 0x28E6, 0x20C6, 0x20E6, 0x20C6, 0x28C6, 
	0x28C6, 0x20C6, 0x28E6, 0x20C6, 0x28E6, 0x20E6, 0x28E6, 0x28E6, 0x3968, 0x520B, 0x3128, 0x28E7, 0x28C6, 0x28E7, 0x28E7, 0x28C7, 
	0x28E7, 0x28E7, 0x28C7, 0x28E7, 0x3107, 0x28E7, 0x28E6, 0x28E6, 0x28C6, 0x28C6, 0x28E7, 0x28E6, 0x28C6, 0x28C6, 0x28E6, 0x28E6, 
	0x28E6, 0x28E7, 0x28C6, 0x28E7, 0x28E7, 0x28E7, 0x28E6, 0x28E7, 0x28E7, 0x28E7, 0x28E7, 0x28E6, 0x28E6, 0x28E7, 0x2907, 0x28E7, 
	0x28E7, 0x28E7, 0x28E7, 0x28E7, 0x28E7, 0x28E7, 0x2907, 0x28E7, 0x28E7, 0x28E7, 0x2907, 0x28E7, 0x2907, 0x2907, 0x28E7, 0x28E7, 
	0x28E7, 0x2907, 0x2907, 0x2907, 0x28E7, 0x28E7, 0x2907, 0x2907, 0x28E7, 0x2907, 0x2907, 0x28E7, 0x2907, 0x2907, 0x28E7, 0x2907, 
	0x2907, 0x2907, 0x3108, 0x3108, 0x3108, 0x28E7, 0x2907, 0x3128, 0x3128, 0x28E7, 0x3108, 0x3128, 0x3108, 0x3107, 0x3108, 0x3108, 
	0x3108, 0x3108, 0x3108, 0x3108, 0x3108, 0x3108, 0x3128, 0x3128, 0x3128, 0x3128, 0x3108, 0x3108, 0x3108, 0x3108, 0x3908, 0x3908, 
	0x3909, 0x3908, 0x3929, 0x3929, 0x3908, 0x3929, 0x3929, 0x3929, 0x4129, 0x3929, 0x3929, 0x4129, 0x3929, 0x3929, 0x3929, 0x3929, 
	0x4129, 0x4149, 0x4149, 0x4149, 0x496B, 0x496B, 0x496B, 0x498C, 0x51CE, 0x5A10, 0x51CF, 0x498C, 0x498C, 0x498B, 0x494B, 0x494B, 
	0x496B, 0x518B, 0x516B, 0x496B, 0x516B, 0x514B, 0x598B, 0x596B, 0x596B, 0x596B, 0x618C, 0x698C, 0x616B, 0x696B, 0x616B, 0x614B, 
	0x616B, 0x616B, 0x614B, 0x594A, 0x614B, 0x614B, 0x614A, 0x614B, 0x616B, 0x616B, 0x616B, 0x616B, 0x616B, 0x594A, 0x594B, 0x594B, 
	0x594A, 0x514A, 0x512A, 0x512A, 0x514A, 0x514A, 0x5129, 0x5149, 0x4949, 0x4929, 0x4949, 0x4929, 0x4929, 0x4949, 0x4929, 0x4129, 
	0x4929, 0x4949, 0x4929, 0x494A, 0x4929, 0x4129, 0x4129, 0x4128, 0x4128, 0x4128, 0x4129, 0x4128, 0x4128, 0x4129, 0x4128, 0x4128, 
	0x4108, 0x4108, 0x4128, 0x4129, 0x4128, 0x4108, 0x4128, 0x3908, 0x8351, 0xB4B6, 0x494A, 0x3908, 0x3908, 0x4108, 0x4108, 0x3908, 
	0x4108, 0x3908, 0x4108, 0x4128, 0x4108, 0x3908, 0x3907, 0x3908, 0x3908, 0x3908, 0x3908, 0x38E7, 0x3908, 0x3908, 0x3908, 0x38E7, 
	0x3908, 0x38E8, 0x38E8, 0x3908, 0x30E7, 0x30E7, 0x3907, 0x3107, 0x30E7, 0x3107, 0x3908, 0x3907, 0x3908, 0x3907, 0x3907, 0x3907, 
	0x3908, 0x3107, 0x30E7, 0x3907, 0x3107, 0x3107, 0x3908, 0x3908, 0x3928, 0x3908, 0x3107, 0x3107, 0x3108, 0x3108, 0x3908, 0x3107, 
	0x3107, 0x3108, 0x3928, 0x3108, 0x3107, 0x30E7, 0x3107, 0x3107, 0x3107, 0x3107, 0x3107, 0x3107, 0x3107, 0x3107, 0x3107, 0x3128, 
	0x20C6, 0x20C6, 0x20C6, 0x20C6, 0x20C6, 0x20C6, 0x28E6, 0x20C6, 0x20C6, 0x20C6, 0x20C6, 0x28C6, 0x20C6, 0x20C6, 0x20C6, 0x20C6, 
	0x28E6, 0x28E7, 0x20C6, 0x20C6, 0x20E6, 0x28E6, 0x28C6, 0x28E6, 0x394A, 0x2907, 0x20C6, 0x20E6, 0x20E6, 0x28E6, 0x28E6, 0x28E6, 
	0x28C6, 0x20C6, 0x28E6, 0x20C6, 0x28E6, 0x28E6, 0x28E7, 0x20C6, 0x626D, 0xA496, 0x3989, 0x28E6, 0x28E7, 0x28C7, 0x28E7, 0x28C7, 
	0x28E7, 0x28E7, 0x28C6, 0x28C6, 0x28E7, 0x28E7, 0x28C6, 0x28C6, 0x28C6, 0x28C7, 0x28C6, 0x28E6, 0x28C7, 0x28C6, 0x28E6, 0x28E7, 
	0x28E7, 0x28E7, 0x28E7, 0x28E7, 0x28E7, 0x28E7, 0x28E7, 0x28E7, 0x28C6, 0x28E7, 0x28E7, 0x28E6, 0x28E7, 0x28E7, 0x28E7, 0x28E7, 
	0x28E7, 0x28E7, 0x28E7, 0x2907, 0x28E7, 0x28E7, 0x2907, 0x28E7, 0x28E7, 0x28E7, 0x2907, 0x28E7, 0x2907, 0x28E7, 0x28E7, 0x2907, 
	0x28E7, 0x28E7, 0x2907, 0x2907, 0x28E7, 0x2907, 0x2907, 0x28E7, 0x28E7, 0x28E7, 0x2907, 0x28E7, 0x2907, 0x3107, 0x28E7, 0x2907, 
	0x28E7, 0x2907, 0x28E7, 0x3108, 0x3108, 0x3107, 0x28E7, 0x3108, 0x3108, 0x28E8, 0x3108, 0x3108, 0x3108, 0x3108, 0x3108, 0x3108, 
	0x3108, 0x3108, 0x3108, 0x3108, 0x3108, 0x3108, 0x3108, 0x3108, 0x3108, 0x3108, 0x3108, 0x3108, 0x3108, 0x3108, 0x3929, 0x3929, 
	0x3908, 0x3909, 0x3929, 0x3929, 0x3908, 0x3929, 0x3929, 0x3929, 0x3929, 0x3929, 0x4149, 0x3929, 0x3929, 0x3929, 0x3929, 0x4129, 
	0x4129, 0x4129, 0x414A, 0x4149, 0x496B, 0x498B, 0x414B, 0x518C, 0x59EE, 0x5A10, 0x51CF, 0x498C, 0x496B, 0x496B, 0x496B, 0x496B, 
	0x496B, 0x516B, 0x496B, 0x516B, 0x516B, 0x514B, 0x596B, 0x596B, 0x616B, 0x596B, 0x616B, 0x698C, 0x698C, 0x616B, 0x616B, 0x616B, 
	0x616B, 0x616B, 0x594B, 0x594A, 0x616B, 0x614B, 0x614B, 0x616B, 0x616B, 0x614B, 0x696C, 0x718C, 0x718C, 0x696C, 0x616B, 0x614B, 
	0x596A, 0x514A, 0x5129, 0x514A, 0x594A, 0x514A, 0x514A, 0x5129, 0x4949, 0x4949, 0x4949, 0x4929, 0x4949, 0x4949, 0x4949, 0x4949, 
	0x4929, 0x4929, 0x4929, 0x4929, 0x4109, 0x4129, 0x4129, 0x4129, 0x4128, 0x4128, 0x4108, 0x4128, 0x4129, 0x4128, 0x4128, 0x4129, 
	0x4128, 0x4128, 0x4128, 0x4128, 0x4129, 0x4128, 0x4129, 0x4149, 0x6A4D, 0x72AF, 0x4969, 0x4129, 0x4108, 0x4108, 0x3908, 0x3908, 
	0x3908, 0x3908, 0x3908, 0x3908, 0x3908, 0x3908, 0x3908, 0x3908, 0x3908, 0x38E7, 0x3908, 0x3907, 0x3907, 0x3907, 0x38E7, 0x3907, 
	0x4128, 0x3908, 0x38E8, 0x3908, 0x38E7, 0x3907, 0x3908, 0x3908, 0x30E7, 0x3907, 0x3908, 0x3908, 0x3908, 0x3907, 0x3928, 0x3108, 
	0x3908, 0x3908, 0x3108, 0x3107, 0x3107, 0x3107, 0x3107, 0x3107, 0x3908, 0x3107, 0x3107, 0x3108, 0x3108, 0x3108, 0x3108, 0x3107, 
	0x3107, 0x3107, 0x3128, 0x3107, 0x3107, 0x3107, 0x30E7, 0x3107, 0x3107, 0x3107, 0x3107, 0x30E7, 0x3107, 0x3107, 0x30E7, 0x3127, 
	0x20C6, 0x28C6, 0x20C6, 0x20C6, 0x20C6, 0x20C6, 0x20E6, 0x20C6, 0x20C6, 0x20C6, 0x20C6, 0x28C6, 0x20C6, 0x20E6, 0x20E6, 0x20C6, 
	0x20E6, 0x28E6, 0x28E6, 0x28E6, 0x20C6, 0x20E6, 0x28E6, 0x20E6, 0x28E7, 0x28E6, 0x28E6, 0x28C6, 0x28C6, 0x28E6, 0x28C6, 0x28C6, 
	0x28C6, 0x28E7, 0x28E7, 0x28C6, 0x28E6, 0x28E6, 0x28E6, 0x28E6, 0x28E7, 0x2907, 0x28E6, 0x28E7, 0x2907, 0x28E7, 0x28E7, 0x28E7, 
	0x28E7, 0x28E7, 0x28C6, 0x28C6, 0x28E6, 0x28C6, 0x28E7, 0x28C7, 0x28E7, 0x28E7, 0x28C6, 0x28E7, 0x28E7, 0x28E7, 0x28E6, 0x28E7, 
	0x28E7, 0x28E7, 0x28E7, 0x28E7, 0x28E7, 0x28E7, 0x3107, 0x2907, 0x28C7, 0x28E7, 0x28E7, 0x28E7, 0x2907, 0x2907, 0x28E7, 0x28E7, 
	0x2907, 0x2907, 0x2907, 0x2907, 0x28E7, 0x28E7, 0x2907, 0x2907, 0x28E7, 0x28E7, 0x28E7, 0x28E7, 0x2907, 0x2907, 0x28E7, 0x28E7, 
	0x28E7, 0x2907, 0x2907, 0x3108, 0x28E7, 0x2907, 0x28E7, 0x3107, 0x28E7, 0x28E7, 0x2907, 0x28E7, 0x28E7, 0x28E7, 0x30E7, 0x28E7, 
	0x28E7, 0x2907, 0x28E7, 0x28E7, 0x3107, 0x3108, 0x3108, 0x3108, 0x3108, 0x3108, 0x3108, 0x3108, 0x3108, 0x30E8, 0x3108, 0x3108, 
	0x3108, 0x3108, 0x3108, 0x3108, 0x3108, 0x3108, 0x3108, 0x3108, 0x3108, 0x3108, 0x3908, 0x3928, 0x3908, 0x3908, 0x3909, 0x3908, 
	0x3908, 0x3929, 0x3929, 0x3929, 0x3929, 0x3929, 0x3929, 0x3929, 0x3929, 0x3929, 0x4129, 0x3929, 0x3929, 0x3929, 0x4129, 0x4149, 
	0x3929, 0x4149, 0x414A, 0x4149, 0x414A, 0x416A, 0x414B, 0x496B, 0x496C, 0x51AE, 0x51AE, 0x496C, 0x414B, 0x496B, 0x496B, 0x496B, 
	0x494B, 0x494B, 0x518B, 0x518B, 0x598B, 0x598C, 0x514B, 0x616C, 0x618C, 0x618C, 0x618C, 0x614B, 0x698C, 0x616B, 0x616B, 0x616B, 
	0x614B, 0x616B, 0x616B, 0x594B, 0x614B, 0x616B, 0x614B, 0x614A, 0x614B, 0x698C, 0x79AD, 0x798D, 0x81AD, 0x79AD, 0x696C, 0x698C, 
	0x616B, 0x512A, 0x5129, 0x512A, 0x514A, 0x514A, 0x514A, 0x5149, 0x5149, 0x4949, 0x4929, 0x4929, 0x4929, 0x4949, 0x4929, 0x4949, 
	0x4949, 0x4949, 0x4949, 0x4129, 0x4129, 0x4129, 0x4949, 0x4129, 0x4149, 0x4129, 0x4108, 0x4929, 0x4129, 0x4108, 0x4128, 0x4949, 
	0x4129, 0x4129, 0x4128, 0x4108, 0x4128, 0x4128, 0x4129, 0x4129, 0x4129, 0x3908, 0x4128, 0x3908, 0x4109, 0x4108, 0x4108, 0x4108, 
	0x4108, 0x4128, 0x3908, 0x38E8, 0x3908, 0x3908, 0x3908, 0x3908, 0x3908, 0x3908, 0x3908, 0x3908, 0x3908, 0x3908, 0x38E7, 0x3907, 
	0x3908, 0x38E8, 0x3908, 0x38E7, 0x3907, 0x3907, 0x3908, 0x3908, 0x3908, 0x3907, 0x3907, 0x3908, 0x3928, 0x3908, 0x3908, 0x3107, 
	0x3908, 0x3928, 0x3908, 0x3107, 0x3107, 0x3107, 0x3107, 0x3908, 0x3908, 0x3107, 0x3908, 0x3908, 0x3107, 0x3107, 0x3107, 0x3107, 
	0x3107, 0x3107, 0x3107, 0x3107, 0x3908, 0x3107, 0x3107, 0x3107, 0x30E7, 0x3108, 0x3107, 0x3107, 0x3107, 0x3107, 0x3107, 0x3107, 
	0x20C6, 0x20C6, 0x20C6, 0x20C6, 0x28E7, 0x28E6, 0x20C6, 0x20C6, 0x20C6, 0x20E6, 0x28E6, 0x20C6, 0x28C6, 0x20E6, 0x28C6, 0x28E6, 
	0x20A6, 0x20C6, 0x28C6, 0x20C6, 0x20C6, 0x28C6, 0x20C6, 0x28E6, 0x20C6, 0x20C6, 0x28E6, 0x20C6, 0x20C6, 0x20C6, 0x28C6, 0x28C6, 
	0x28C6, 0x28E7, 0x28E6, 0x20C6, 0x28C6, 0x28C6, 0x28E6, 0x20C6, 0x28E7, 0x28E6, 0x28C6, 0x28E7, 0x28E7, 0x28E7, 0x28C6, 0x28C7, 
	0x28E7, 0x2907, 0x28E7, 0x28E7, 0x28E6, 0x28E7, 0x28E7, 0x28C7, 0x28C6, 0x28E7, 0x28E7, 0x28E7, 0x28E7, 0x28E7, 0x28C6, 0x28E7, 
	0x28C6, 0x28E6, 0x3107, 0x2907, 0x2907, 0x28E7, 0x28E7, 0x28E7, 0x2907, 0x2907, 0x2907, 0x28E7, 0x28E7, 0x28E7, 0x28E7, 0x3107, 
	0x28E7, 0x28E7, 0x28E7, 0x28E7, 0x28E7, 0x28E7, 0x28E7, 0x28E7, 0x28E7, 0x2907, 0x2907, 0x28E7, 0x28E7, 0x2907, 0x28E7, 0x28E7, 
	0x28E7, 0x2907, 0x28E7, 0x2907, 0x28E7, 0x28E7, 0x28E7, 0x28E7, 0x28E7, 0x3107, 0x3107, 0x3108, 0x28E7, 0x3107, 0x3108, 0x30E8, 
	0x3108, 0x3108, 0x3107, 0x28E7, 0x2907, 0x3108, 0x3108, 0x3108, 0x30E7, 0x30E7, 0x3108, 0x3108, 0x3128, 0x3108, 0x3128, 0x3108, 
	0x3108, 0x3108, 0x3108, 0x3108, 0x3128, 0x3928, 0x3128, 0x3108, 0x3108, 0x3108, 0x3908, 0x3908, 0x3908, 0x3929, 0x3909, 0x3909, 
	0x3908, 0x3929, 0x3929, 0x3909, 0x3929, 0x3909, 0x3929, 0x414A, 0x416A, 0x4149, 0x4149, 0x4149, 0x4129, 0x4129, 0x4149, 0x4129, 
	0x4129, 0x416A, 0x496A, 0x416A, 0x414A, 0x414A, 0x496B, 0x496B, 0x414A, 0x498C, 0x496C, 0x494B, 0x496B, 0x494B, 0x494B, 0x494B, 
	0x494B, 0x518C, 0x59AC, 0x518B, 0x59AC, 0x598C, 0x596B, 0x618C, 0x598B, 0x594B, 0x618C, 0x616B, 0x616B, 0x616B, 0x616B, 0x616B, 
	0x616B, 0x616B, 0x616B, 0x594B, 0x614A, 0x616B, 0x614B, 0x614B, 0x616B, 0x696C, 0x798D, 0x89AE, 0xB314, 0xA2D3, 0x798D, 0x696C, 
	0x614B, 0x514A, 0x5129, 0x512A, 0x512A, 0x594A, 0x514A, 0x514A, 0x596A, 0x5149, 0x4929, 0x4949, 0x4929, 0x4929, 0x4949, 0x4929, 
	0x4949, 0x4929, 0x4929, 0x4929, 0x4949, 0x4949, 0x4129, 0x4929, 0x4949, 0x4949, 0x4928, 0x4949, 0x4929, 0x4108, 0x4129, 0x4929, 
	0x4109, 0x4129, 0x4129, 0x4128, 0x3908, 0x4128, 0x4129, 0x4108, 0x4129, 0x4129, 0x3908, 0x4129, 0x4129, 0x3908, 0x4108, 0x4108, 
	0x4128, 0x4128, 0x4128, 0x3908, 0x3908, 0x3908, 0x3908, 0x3908, 0x3908, 0x3908, 0x3908, 0x3908, 0x3908, 0x3908, 0x3908, 0x3908, 
	0x30E7, 0x3907, 0x3908, 0x38E7, 0x38E7, 0x3907, 0x3908, 0x3908, 0x3928, 0x3908, 0x3907, 0x3908, 0x496B, 0x3928, 0x3908, 0x3908, 
	0x3907, 0x3908, 0x3928, 0x3108, 0x3908, 0x3108, 0x3107, 0x3928, 0x3908, 0x3108, 0x3908, 0x3908, 0x3908, 0x3107, 0x3107, 0x3107, 
	0x3107, 0x3107, 0x3108, 0x3107, 0x3107, 0x3108, 0x3107, 0x3107, 0x3107, 0x3108, 0x3107, 0x3107, 0x3107, 0x30E7, 0x3107, 0x3107, 
	0x28C6, 0x28C6, 0x28C6, 0x28C6, 0x28E6, 0x28E6, 0x20C6, 0x20C6, 0x20E6, 0x28E6, 0x28E6, 0x28C6, 0x28E6, 0x20C6, 0x20C6, 0x20C6, 
	0x20C6, 0x20C6, 0x28E6, 0x20C6, 0x20C6, 0x20C6, 0x20C6, 0x28E6, 0x28E6, 0x28E6, 0x28E6, 0x28C6, 0x28C6, 0x20C6, 0x20C6, 0x28E6, 
	0x28C6, 0x28E6, 0x28C6, 0x20C6, 0x28C6, 0x28C6, 0x28E6, 0x28C6, 0x28E6, 0x28E7, 0x28E6, 0x28E6, 0x20C6, 0x28E6, 0x28C6, 0x28E7, 
	0x28E7, 0x28E7, 0x28E7, 0x28C6, 0x28E7, 0x28E7, 0x28E7, 0x28E6, 0x2907, 0x28C7, 0x28E7, 0x28C7, 0x28C7, 0x28E7, 0x28E7, 0x28E7, 
	0x28E7, 0x28E7, 0x28E7, 0x28E7, 0x2907, 0x28E7, 0x28C7, 0x28E7, 0x28E7, 0x28E7, 0x28E7, 0x28E7, 0x28E7, 0x28E7, 0x28E7, 0x2907, 
	0x28E7, 0x28E7, 0x2907, 0x28E7, 0x28E7, 0x2907, 0x28E7, 0x28E7, 0x2907, 0x2907, 0x28E7, 0x28E7, 0x28E7, 0x28E7, 0x28E7, 0x2907, 
	0x2907, 0x2907, 0x28E7, 0x2907, 0x2907, 0x2907, 0x3107, 0x28E7, 0x28E7, 0x3108, 0x28E7, 0x3107, 0x2907, 0x3107, 0x28E7, 0x28E7, 
	0x3108, 0x3108, 0x3108, 0x28E7, 0x3108, 0x3108, 0x28E7, 0x3108, 0x3108, 0x3108, 0x3108, 0x3108, 0x3108, 0x3108, 0x3128, 0x3108, 
	0x3108, 0x3128, 0x3108, 0x3108, 0x3128, 0x3108, 0x3928, 0x3108, 0x3908, 0x3929, 0x3929, 0x3929, 0x3929, 0x3929, 0x3908, 0x3929, 
	0x3928, 0x3928, 0x3929, 0x3909, 0x3929, 0x3929, 0x3929, 0x416A, 0x496B, 0x4129, 0x3929, 0x4129, 0x4129, 0x3929, 0x414A, 0x414A, 
	0x414A, 0x414A, 0x414A, 0x414A, 0x414A, 0x416A, 0x416A, 0x416A, 0x496B, 0x414B, 0x496B, 0x496B, 0x496B, 0x496B, 0x494B, 0x496B, 
	0x516B, 0x59AC, 0x59AD, 0x598C, 0x598C, 0x596B, 0x514B, 0x596B, 0x596B, 0x594B, 0x616C, 0x698C, 0x616B, 0x616B, 0x616B, 0x616B, 
	0x696B, 0x696B, 0x616B, 0x616B, 0x616B, 0x616B, 0x614B, 0x616B, 0x614B, 0x696B, 0x798D, 0x89EE, 0xBBD6, 0xCC59, 0x81EF, 0x696C, 
	0x616B, 0x596B, 0x594A, 0x514A, 0x514A, 0x514A, 0x514A, 0x514A, 0x514A, 0x4929, 0x4929, 0x4949, 0x4929, 0x4929, 0x4949, 0x4949, 
	0x4949, 0x4929, 0x4929, 0x4949, 0x4949, 0x4949, 0x4929, 0x4929, 0x4929, 0x4929, 0x4128, 0x4929, 0x4929, 0x4929, 0x4929, 0x4109, 
	0x4929, 0x4949, 0x4129, 0x4108, 0x4128, 0x4129, 0x4129, 0x4128, 0x4129, 0x4129, 0x4129, 0x4129, 0x4109, 0x3908, 0x4108, 0x4128, 
	0x4108, 0x4108, 0x3908, 0x3908, 0x3908, 0x3908, 0x4108, 0x38E8, 0x3908, 0x3908, 0x3908, 0x3908, 0x38E8, 0x3908, 0x3908, 0x3908, 
	0x3908, 0x3908, 0x3908, 0x38E7, 0x3908, 0x3908, 0x3908, 0x38E8, 0x3908, 0x3908, 0x3908, 0x3908, 0x3908, 0x3907, 0x3908, 0x3928, 
	0x3908, 0x3908, 0x3908, 0x3108, 0x3908, 0x3908, 0x3908, 0x3908, 0x3908, 0x3908, 0x3928, 0x3908, 0x3908, 0x3908, 0x3928, 0x3107, 
	0x3107, 0x4149, 0x3928, 0x3107, 0x3107, 0x3107, 0x3107, 0x3107, 0x3107, 0x3107, 0x3107, 0x3107, 0x3107, 0x3107, 0x3107, 0x3107, 
	0x20C6, 0x20C6, 0x28C6, 0x20C6, 0x28C6, 0x20C6, 0x28C6, 0x28E6, 0x20C6, 0x20C6, 0x20C6, 0x28C6, 0x28E6, 0x28C6, 0x20C6, 0x28C6, 
	0x20E6, 0x28E6, 0x28E6, 0x28C6, 0x28E7, 0x28C6, 0x28E6, 0x28E6, 0x20C6, 0x28E6, 0x28C6, 0x28E6, 0x28E6, 0x28E6, 0x28E6, 0x28E6, 
	0x28E6, 0x28E6, 0x28E7, 0x28E7, 0x28E7, 0x28E6, 0x28E7, 0x28E6, 0x28E6, 0x28E6, 0x28C6, 0x28E6, 0x28E6, 0x28E7, 0x28E7, 0x28C6, 
	0x28E7, 0x2907, 0x28E7, 0x28E7, 0x28E7, 0x3148, 0x6B30, 0x49EB, 0x28E7, 0x28E7, 0x28C7, 0x28E7, 0x28E7, 0x3107, 0x28E7, 0x28E7, 
	0x28E7, 0x28E7, 0x28C6, 0x28C6, 0x28E7, 0x28E7, 0x28E7, 0x28E7, 0x28E7, 0x28E7, 0x28E6, 0x28E7, 0x28E7, 0x28E7, 0x28E7, 0x28E7, 
	0x2907, 0x28E7, 0x28E7, 0x28E7, 0x28E7, 0x2907, 0x28E7, 0x2907, 0x3107, 0x28E7, 0x28E7, 0x28E7, 0x28E7, 0x2907, 0x3107, 0x2907, 
	0x2907, 0x28E7, 0x2907, 0x3107, 0x2907, 0x2907, 0x2907, 0x2907, 0x2907, 0x3108, 0x28E7, 0x28E7, 0x3107, 0x3107, 0x3108, 0x2907, 
	0x3107, 0x3107, 0x28E7, 0x28E7, 0x3108, 0x3108, 0x3108, 0x3108, 0x3108, 0x3108, 0x3108, 0x3108, 0x3108, 0x3108, 0x3928, 0x3108, 
	0x3108, 0x3128, 0x3108, 0x3108, 0x3108, 0x3108, 0x3908, 0x3108, 0x3908, 0x3929, 0x3908, 0x3929, 0x3949, 0x3929, 0x3928, 0x3929, 
	0x3928, 0x3908, 0x3929, 0x3929, 0x3929, 0x3929, 0x3929, 0x414A, 0x414A, 0x4129, 0x3929, 0x3929, 0x4149, 0x4129, 0x4149, 0x416A, 
	0x414A, 0x412A, 0x494A, 0x414A, 0x414A, 0x414A, 0x414A, 0x496B, 0x414A, 0x496B, 0x414B, 0x414A, 0x496B, 0x518B, 0x496B, 0x518B, 
	0x516B, 0x518C, 0x518C, 0x516B, 0x596B, 0x596B, 0x596B, 0x596B, 0x596B, 0x616B, 0x618C, 0x696C, 0x698C, 0x616B, 0x616A, 0x616B, 
	0x696C, 0x696C, 0x696C, 0x616B, 0x616B, 0x614B, 0x616B, 0x616B, 0x614B, 0x696B, 0x718C, 0x81AD, 0x9250, 0x9A91, 0x79CE, 0x696C, 
	0x616B, 0x594A, 0x594A, 0x596A, 0x596A, 0x514A, 0x5149, 0x514A, 0x596A, 0x514A, 0x5149, 0x5149, 0x5149, 0x4929, 0x4929, 0x4949, 
	0x4949, 0x4949, 0x4929, 0x4929, 0x4929, 0x4929, 0x4929, 0x4929, 0x4129, 0x4929, 0x4929, 0x4929, 0x4929, 0x4129, 0x4129, 0x4129, 
	0x4949, 0x4949, 0x4949, 0x4129, 0x4129, 0x4129, 0x4129, 0x4129, 0x4128, 0x4128, 0x4108, 0x4129, 0x4108, 0x4108, 0x3908, 0x3908, 
	0x4128, 0x4108, 0x3908, 0x3908, 0x3908, 0x3908, 0x3908, 0x3908, 0x4108, 0x4108, 0x4108, 0x3908, 0x3908, 0x4128, 0x4128, 0x3908, 
	0x3908, 0x3908, 0x3908, 0x3908, 0x3908, 0x3908, 0x3928, 0x3908, 0x3908, 0x3908, 0x3928, 0x3908, 0x3908, 0x3908, 0x3908, 0x3928, 
	0x3908, 0x3908, 0x3908, 0x3908, 0x3908, 0x3908, 0x3928, 0x3928, 0x3908, 0x3908, 0x3908, 0x3908, 0x3908, 0x3108, 0x3107, 0x3107, 
	0x3107, 0x3949, 0x3908, 0x3107, 0x3107, 0x3128, 0x3107, 0x3107, 0x3108, 0x3107, 0x3128, 0x3107, 0x3107, 0x3107, 0x3107, 0x3107, 
	0x20C6, 0x20C6, 0x20C6, 0x20C6, 0x20C6, 0x20C6, 0x28C6, 0x20C6, 0x28C6, 0x28C6, 0x28E6, 0x28E6, 0x28C6, 0x28C6, 0x28E6, 0x28E6, 
	0x20C6, 0x20C6, 0x28C6, 0x28C6, 0x28C6, 0x28C6, 0x28E6, 0x20C6, 0x20C6, 0x28E6, 0x20C6, 0x20C6, 0x28E6, 0x20C6, 0x28E6, 0x28C6, 
	0x28C6, 0x28C6, 0x28E6, 0x28E7, 0x28E7, 0x28E7, 0x2907, 0x28C6, 0x28C6, 0x28E6, 0x28E6, 0x28E7, 0x28E7, 0x2907, 0x2907, 0x28E6, 
	0x2907, 0x28E7, 0x3107, 0x28E7, 0x28E7, 0x4189, 0x9CB6, 0x6AEF, 0x20C6, 0x28E7, 0x28E7, 0x28E7, 0x28E7, 0x2907, 0x28E7, 0x28E7, 
	0x2907, 0x3107, 0x28E7, 0x28E6, 0x28E7, 0x28E7, 0x28E7, 0x28E7, 0x28E7, 0x2907, 0x28E7, 0x28E7, 0x28E7, 0x28E7, 0x2907, 0x28E7, 
	0x28E7, 0x28E7, 0x2907, 0x2907, 0x28E7, 0x28E7, 0x28E7, 0x28E7, 0x2907, 0x28E7, 0x28E7, 0x28E7, 0x28E7, 0x28E7, 0x28E7, 0x30E7, 
	0x3108, 0x28E7, 0x28E7, 0x3107, 0x28E7, 0x2907, 0x28E7, 0x2907, 0x28E7, 0x3107, 0x3108, 0x3108, 0x3108, 0x30E7, 0x3107, 0x28E7, 
	0x28E7, 0x3108, 0x28E7, 0x28E7, 0x3108, 0x3108, 0x3108, 0x3108, 0x3108, 0x3108, 0x30E8, 0x3128, 0x3108, 0x3108, 0x3949, 0x3929, 
	0x3928, 0x3108, 0x3108, 0x3108, 0x3108, 0x3908, 0x3928, 0x3108, 0x3108, 0x3929, 0x3908, 0x3909, 0x3929, 0x3908, 0x3929, 0x3928, 
	0x3929, 0x3909, 0x3929, 0x3949, 0x3929, 0x3929, 0x3929, 0x3929, 0x4129, 0x4149, 0x414A, 0x4149, 0x414A, 0x4129, 0x3929, 0x414A, 
	0x494A, 0x414A, 0x496B, 0x496A, 0x414A, 0x412A, 0x494A, 0x494A, 0x496A, 0x518C, 0x496B, 0x414A, 0x496A, 0x494A, 0x496B, 0x516B, 
	0x516B, 0x516B, 0x516B, 0x494A, 0x516B, 0x598B, 0x596B, 0x596B, 0x596B, 0x618C, 0x698C, 0x696C, 0x696C, 0x616B, 0x614B, 0x698C, 
	0x698C, 0x616B, 0x616B, 0x614B, 0x614A, 0x614A, 0x616B, 0x614B, 0x614B, 0x696B, 0x718C, 0x79AD, 0x79AD, 0x79AD, 0x79AC, 0x71AC, 
	0x698B, 0x594A, 0x594A, 0x514A, 0x514A, 0x514A, 0x5129, 0x514A, 0x594A, 0x514A, 0x5149, 0x5149, 0x4949, 0x4949, 0x4949, 0x494A, 
	0x4929, 0x4929, 0x4929, 0x4929, 0x4929, 0x4949, 0x4949, 0x4949, 0x4929, 0x4929, 0x4929, 0x4929, 0x4929, 0x4929, 0x4129, 0x4949, 
	0x4129, 0x4108, 0x4949, 0x4128, 0x4128, 0x4129, 0x4129, 0x4129, 0x4128, 0x4108, 0x4108, 0x4108, 0x4128, 0x4108, 0x4108, 0x4128, 
	0x4128, 0x3928, 0x4128, 0x4108, 0x4108, 0x4108, 0x3908, 0x3908, 0x3908, 0x4108, 0x3908, 0x3908, 0x4108, 0x4108, 0x4108, 0x38E8, 
	0x38E8, 0x3908, 0x3908, 0x38E7, 0x496B, 0x7250, 0x3908, 0x3908, 0x3908, 0x3928, 0x3908, 0x3908, 0x3908, 0x3928, 0x3908, 0x3908, 
	0x3908, 0x3908, 0x3908, 0x3928, 0x3908, 0x3907, 0x3908, 0x3907, 0x3908, 0x3908, 0x3108, 0x3908, 0x3908, 0x3108, 0x3107, 0x3928, 
	0x3108, 0x3108, 0x3908, 0x3107, 0x3107, 0x3107, 0x3107, 0x3107, 0x3108, 0x3108, 0x3128, 0x3107, 0x3107, 0x3107, 0x3107, 0x3107, 
	0x28E6, 0x28E6, 0x20C6, 0x28C6, 0x20C6, 0x20C6, 0x28C6, 0x28C6, 0x28E6, 0x28E6, 0x20C6, 0x28E6, 0x20C6, 0x20C6, 0x28C6, 0x20C6, 
	0x20C6, 0x28C6, 0x28E6, 0x28E6, 0x20C6, 0x20C6, 0x28E6, 0x28C6, 0x20C6, 0x20C6, 0x28C6, 0x28E6, 0x28E6, 0x28C6, 0x28C6, 0x28C6, 
	0x28E6, 0x28C6, 0x28E6, 0x28E6, 0x28E6, 0x28E7, 0x28E7, 0x28E7, 0x28C6, 0x28E6, 0x28E7, 0x28E7, 0x28E7, 0x28E6, 0x28E7, 0x28E7, 
	0x28E7, 0x28C6, 0x28E7, 0x28E7, 0x28E7, 0x3107, 0x3969, 0x3107, 0x28E7, 0x28E7, 0x28E7, 0x28E7, 0x28E7, 0x28E7, 0x28E7, 0x28E7, 
	0x2907, 0x2907, 0x28E7, 0x28E7, 0x28E7, 0x28E6, 0x28E7, 0x28E7, 0x2907, 0x2907, 0x28E7, 0x28E7, 0x28E7, 0x28E7, 0x28E7, 0x28E7, 
	0x28E7, 0x28E7, 0x28E7, 0x28E7, 0x28E7, 0x28E7, 0x28E7, 0x28E7, 0x28E7, 0x28E7, 0x28E7, 0x2907, 0x28E7, 0x2907, 0x28E7, 0x28E7, 
	0x3108, 0x28E7, 0x2907, 0x3107, 0x3107, 0x3108, 0x2907, 0x3107, 0x3107, 0x3108, 0x3108, 0x3108, 0x3128, 0x30E7, 0x3108, 0x3108, 
	0x30E7, 0x3108, 0x3107, 0x3108, 0x3107, 0x3108, 0x3108, 0x3108, 0x3108, 0x3108, 0x3108, 0x3108, 0x3108, 0x3108, 0x3108, 0x3108, 
	0x3928, 0x3108, 0x3108, 0x3928, 0x3928, 0x3929, 0x3928, 0x3928, 0x3928, 0x3929, 0x3929, 0x3929, 0x3908, 0x3908, 0x3929, 0x3929, 
	0x3929, 0x3929, 0x3929, 0x3949, 0x3929, 0x3929, 0x4149, 0x416A, 0x4129, 0x4129, 0x4149, 0x3929, 0x414A, 0x3929, 0x4129, 0x414A, 
	0x414A, 0x412A, 0x494A, 0x414A, 0x494A, 0x496A, 0x494A, 0x496B, 0x496B, 0x516B, 0x496B, 0x494A, 0x494A, 0x494A, 0x496B, 0x516B, 
	0x494A, 0x514B, 0x518B, 0x516B, 0x516A, 0x514B, 0x516B, 0x596B, 0x596B, 0x616B, 0x616C, 0x616B, 0x69AC, 0x69AC, 0x698C, 0x698C, 
	0x696B, 0x696B, 0x698C, 0x616B, 0x614A, 0x614A, 0x616B, 0x616B, 0x616B, 0x616B, 0x696B, 0x696C, 0x718C, 0x71AC, 0x698B, 0x696B, 
	0x616B, 0x594B, 0x594A, 0x594A, 0x514A, 0x514A, 0x514A, 0x514A, 0x514A, 0x5149, 0x5129, 0x514A, 0x5149, 0x4949, 0x4949, 0x494A, 
	0x4949, 0x496A, 0x4949, 0x4949, 0x4949, 0x494A, 0x4929, 0x4929, 0x494A, 0x4929, 0x4929, 0x4949, 0x4949, 0x4929, 0x4929, 0x514A, 
	0x494A, 0x4129, 0x4129, 0x4129, 0x4129, 0x4129, 0x4129, 0x4949, 0x4129, 0x4128, 0x4108, 0x4128, 0x4128, 0x4128, 0x4128, 0x4108, 
	0x4108, 0x4128, 0x4149, 0x4128, 0x4128, 0x4128, 0x4108, 0x3908, 0x38E8, 0x4108, 0x4128, 0x38E8, 0x3908, 0x3908, 0x4128, 0x4108, 
	0x3908, 0x3908, 0x4108, 0x4108, 0x494A, 0x59CC, 0x4129, 0x3928, 0x3908, 0x3928, 0x3908, 0x3908, 0x3928, 0x3928, 0x3908, 0x3908, 
	0x3908, 0x3908, 0x3908, 0x3908, 0x3908, 0x3108, 0x3908, 0x3908, 0x3107, 0x3908, 0x3908, 0x3908, 0x3908, 0x3908, 0x3108, 0x3108, 
	0x3108, 0x3108, 0x3108, 0x3108, 0x3107, 0x3107, 0x3108, 0x3108, 0x3108, 0x3108, 0x3108, 0x3107, 0x30E7, 0x3107, 0x3107, 0x3107, 
	0x28E6, 0x28E6, 0x20C6, 0x20C6, 0x28E6, 0x28C6, 0x28E6, 0x28C6, 0x28C6, 0x28C6, 0x28C6, 0x28C6, 0x20C6, 0x20C6, 0x28C6, 0x20C6, 
	0x28C6, 0x28E6, 0x28E6, 0x28E6, 0x28E6, 0x28C7, 0x28C6, 0x20C6, 0x20C6, 0x20C6, 0x28E6, 0x28E7, 0x28E6, 0x28E6, 0x28E6, 0x28E7, 
	0x28E7, 0x28E6, 0x28E6, 0x28E7, 0x28E7, 0x28E7, 0x28E7, 0x28E7, 0x28E7, 0x28E6, 0x28E7, 0x28E7, 0x28E7, 0x28E7, 0x28E7, 0x28E7, 
	0x28E7, 0x28E7, 0x28E7, 0x28E7, 0x28E7, 0x28E7, 0x28E7, 0x28C7, 0x28E7, 0x28E7, 0x2907, 0x28E7, 0x28E7, 0x28E7, 0x28E7, 0x28E7, 
	0x28E7, 0x28E7, 0x28E7, 0x28E7, 0x28E7, 0x28E7, 0x28E7, 0x28E7, 0x28E7, 0x28E7, 0x28E7, 0x28E7, 0x2907, 0x28E7, 0x28E7, 0x2907, 
	0x3107, 0x28E7, 0x2907, 0x28E7, 0x28E7, 0x28E7, 0x2907, 0x28E7, 0x28E7, 0x2907, 0x3107, 0x3107, 0x2907, 0x28E6, 0x28E7, 0x3108, 
	0x28E8, 0x28E7, 0x28E7, 0x3107, 0x3108, 0x3108, 0x28E7, 0x2907, 0x3108, 0x3128, 0x3128, 0x28E7, 0x3108, 0x3108, 0x30E7, 0x3108, 
	0x3108, 0x30E8, 0x3108, 0x3107, 0x30E7, 0x30E7, 0x3108, 0x3108, 0x3108, 0x3108, 0x3108, 0x3108, 0x3108, 0x3908, 0x3108, 0x3929, 
	0x3108, 0x3908, 0x3928, 0x3929, 0x3928, 0x3908, 0x3908, 0x3928, 0x3929, 0x3908, 0x3908, 0x3929, 0x3928, 0x3928, 0x3928, 0x3929, 
	0x3929, 0x3929, 0x4129, 0x3929, 0x3929, 0x4129, 0x3929, 0x414A, 0x3929, 0x3929, 0x4129, 0x414A, 0x414A, 0x414A, 0x414A, 0x414A, 
	0x414A, 0x494A, 0x414A, 0x414A, 0x414A, 0x414A, 0x496A, 0x496B, 0x494A, 0x494A, 0x494A, 0x496B, 0x494A, 0x496A, 0x516B, 0x516B, 
	0x514B, 0x516B, 0x516B, 0x518B, 0x514A, 0x516B, 0x598B, 0x596B, 0x596B, 0x616B, 0x616B, 0x618C, 0x69AD, 0x698C, 0x696C, 0x698C, 
	0x698C, 0x696C, 0x616B, 0x614B, 0x614A, 0x614A, 0x616B, 0x616B, 0x696B, 0x616B, 0x614B, 0x696B, 0x71AC, 0x698C, 0x614B, 0x616B, 
	0x616A, 0x594A, 0x596B, 0x594A, 0x514A, 0x514A, 0x514A, 0x514A, 0x596A, 0x514A, 0x512A, 0x514A, 0x514A, 0x514A, 0x494A, 0x4949, 
	0x516A, 0x496A, 0x4949, 0x4929, 0x494A, 0x494A, 0x494A, 0x4929, 0x494A, 0x4949, 0x4929, 0x4949, 0x4929, 0x4949, 0x516B, 0x514A, 
	0x4929, 0x4929, 0x4949, 0x4149, 0x4129, 0x4129, 0x4129, 0x4129, 0x4128, 0x4129, 0x4129, 0x4129, 0x4128, 0x4128, 0x4929, 0x4108, 
	0x4129, 0x4129, 0x496A, 0x4129, 0x4108, 0x4128, 0x4108, 0x3908, 0x4128, 0x4128, 0x4129, 0x3908, 0x4128, 0x4108, 0x4128, 0x3908, 
	0x4108, 0x3908, 0x3908, 0x4108, 0x3908, 0x3908, 0x4128, 0x3928, 0x3908, 0x3908, 0x3908, 0x3908, 0x3908, 0x3908, 0x3928, 0x3928, 
	0x4128, 0x3908, 0x3908, 0x3908, 0x3908, 0x3928, 0x3928, 0x3908, 0x3928, 0x3908, 0x3908, 0x3908, 0x3108, 0x3928, 0x3108, 0x3107, 
	0x3928, 0x3908, 0x3908, 0x3107, 0x3108, 0x3108, 0x3908, 0x3908, 0x3108, 0x3108, 0x30E7, 0x3107, 0x3107, 0x3107, 0x3107, 0x30E7, 
	0x28E6, 0x28C6, 0x28E6, 0x28C6, 0x28E6, 0x20C6, 0x28C6, 0x28C6, 0x28C6, 0x28E7, 0x28E6, 0x28E6, 0x28E6, 0x28E6, 0x28E7, 0x28E6, 
	0x28E6, 0x28E6, 0x522E, 0x49CB, 0x20C6, 0x28E7, 0x28E7, 0x28C6, 0x28C6, 0x28E7, 0x28C6, 0x28C6, 0x28C6, 0x28E6, 0x28E6, 0x28E7, 
	0x28E7, 0x28E6, 0x28E7, 0x28E6, 0x28E7, 0x28E7, 0x28E7, 0x28E7, 0x28E7, 0x28E7, 0x28E6, 0x28E6, 0x28E6, 0x28E7, 0x28E7, 0x28E7, 
	0x28E7, 0x28E6, 0x28E7, 0x28E7, 0x28E7, 0x28E7, 0x28E7, 0x28E7, 0x28E7, 0x2907, 0x28E7, 0x28E7, 0x28E7, 0x28E7, 0x28E7, 0x28E7, 
	0x28E7, 0x28E7, 0x2907, 0x2907, 0x28E7, 0x28E7, 0x28E7, 0x3107, 0x28E7, 0x2907, 0x3107, 0x30E7, 0x2907, 0x28E7, 0x28E7, 0x30E7, 
	0x3107, 0x28E7, 0x3107, 0x28E7, 0x28E7, 0x3107, 0x3108, 0x3107, 0x28E7, 0x28E7, 0x2907, 0x28E7, 0x3969, 0x7371, 0x4A0B, 0x3107, 
	0x3108, 0x2907, 0x2907, 0x3108, 0x3108, 0x3108, 0x2907, 0x3108, 0x2907, 0x3108, 0x3108, 0x28E7, 0x3108, 0x3108, 0x3108, 0x3108, 
	0x30E7, 0x3108, 0x3128, 0x3107, 0x3107, 0x3108, 0x3108, 0x3108, 0x3108, 0x30E8, 0x3108, 0x3108, 0x3108, 0x3908, 0x3908, 0x3928, 
	0x3108, 0x3908, 0x3108, 0x3908, 0x3929, 0x3908, 0x3908, 0x3929, 0x3929, 0x3909, 0x3909, 0x3929, 0x3928, 0x3928, 0x3108, 0x3928, 
	0x3929, 0x3929, 0x414A, 0x4129, 0x4149, 0x4129, 0x412A, 0x414A, 0x414A, 0x3929, 0x3929, 0x414A, 0x414A, 0x414A, 0x494A, 0x414A, 
	0x414A, 0x494A, 0x414A, 0x496A, 0x414A, 0x496A, 0x494A, 0x496B, 0x496A, 0x494A, 0x496B, 0x496A, 0x496A, 0x496A, 0x496A, 0x516B, 
	0x516B, 0x516B, 0x516B, 0x514A, 0x516B, 0x596B, 0x596B, 0x618B, 0x596B, 0x616B, 0x616B, 0x618C, 0x69AC, 0x698C, 0x696C, 0x696C, 
	0x698C, 0x614B, 0x614B, 0x616B, 0x614B, 0x614B, 0x614A, 0x616B, 0x614B, 0x614B, 0x614B, 0x696B, 0x696C, 0x696C, 0x616B, 0x616B, 
	0x614B, 0x594A, 0x596B, 0x596A, 0x514A, 0x514A, 0x5149, 0x5129, 0x596A, 0x596A, 0x514A, 0x514A, 0x514A, 0x514A, 0x516A, 0x4949, 
	0x496A, 0x4949, 0x4929, 0x4949, 0x4949, 0x494A, 0x4949, 0x4949, 0x514A, 0x494A, 0x4949, 0x4949, 0x4929, 0x4929, 0x516A, 0x494A, 
	0x4929, 0x4129, 0x4949, 0x4149, 0x4129, 0x4129, 0x4129, 0x4129, 0x4149, 0x4129, 0x4129, 0x4129, 0x4128, 0x4128, 0x4129, 0x4129, 
	0x4129, 0x4129, 0x4128, 0x3928, 0x4129, 0x4129, 0x4108, 0x3908, 0x4129, 0x4128, 0x4128, 0x4128, 0x4128, 0x3908, 0x3908, 0x3908, 
	0x4128, 0x3908, 0x3908, 0x3908, 0x3908, 0x3928, 0x3908, 0x3908, 0x3908, 0x3908, 0x3928, 0x3928, 0x3908, 0x3928, 0x3928, 0x3928, 
	0x4149, 0x3928, 0x3908, 0x3928, 0x3928, 0x3928, 0x3928, 0x3908, 0x3908, 0x3908, 0x3928, 0x3928, 0x3908, 0x3928, 0x3908, 0x3928, 
	0x3928, 0x3908, 0x3908, 0x3908, 0x3908, 0x3908, 0x3907, 0x3908, 0x3908, 0x3908, 0x3108, 0x3108, 0x3107, 0x30E7, 0x3107, 0x3107, 
	0x28C6, 0x28C6, 0x28E6, 0x28C6, 0x28E6, 0x28E6, 0x28C6, 0x28E6, 0x28E6, 0x28E6, 0x28E6, 0x28E6, 0x28E6, 0x28E6, 0x28E7, 0x28E6, 
	0x28E6, 0x28E6, 0x3969, 0x3128, 0x28E6, 0x28E7, 0x28E6, 0x28E7, 0x28E7, 0x28E7, 0x28E7, 0x28C6, 0x28E7, 0x28E7, 0x28E7, 0x28E7, 
	0x28E6, 0x28E7, 0x28E7, 0x28C6, 0x28E7, 0x28E7, 0x28E7, 0x28E7, 0x28E7, 0x28E7, 0x28E7, 0x28E7, 0x28E7, 0x28E7, 0x28E7, 0x28E7, 
	0x28E7, 0x2907, 0x28E7, 0x28E6, 0x28E7, 0x28E7, 0x28C7, 0x28E7, 0x28E7, 0x28E7, 0x28E7, 0x28E7, 0x28E7, 0x28E7, 0x28E7, 0x2907, 
	0x2907, 0x28E7, 0x2907, 0x2907, 0x28E7, 0x28E7, 0x28E7, 0x2907, 0x28E7, 0x28E7, 0x2907, 0x3107, 0x30E7, 0x3107, 0x3107, 0x3107, 
	0x3107, 0x28E7, 0x28E7, 0x28E7, 0x30E7, 0x28E7, 0x3107, 0x3107, 0x28E7, 0x2907, 0x3107, 0x2907, 0x41AA, 0x9CD6, 0x6B10, 0x28E7, 
	0x2908, 0x2908, 0x28E7, 0x3107, 0x3108, 0x3108, 0x3108, 0x3108, 0x3108, 0x3108, 0x3128, 0x3108, 0x3107, 0x3108, 0x3949, 0x3949, 
	0x3108, 0x3108, 0x3108, 0x3107, 0x3108, 0x3108, 0x3108, 0x3908, 0x3108, 0x3108, 0x3108, 0x3108, 0x3108, 0x3108, 0x3108, 0x3108, 
	0x3928, 0x3929, 0x3108, 0x3108, 0x3929, 0x3928, 0x3928, 0x3928, 0x3929, 0x3909, 0x3929, 0x3929, 0x3909, 0x3929, 0x3928, 0x3929, 
	0x4149, 0x3929, 0x3929, 0x3929, 0x4129, 0x414A, 0x414A, 0x414A, 0x414A, 0x416A, 0x414A, 0x414A, 0x414A, 0x414A, 0x496A, 0x414A, 
	0x414A, 0x414A, 0x414A, 0x496B, 0x496A, 0x496A, 0x414A, 0x496A, 0x496B, 0x496A, 0x496A, 0x496A, 0x494A, 0x496A, 0x516A, 0x496A, 
	0x514B, 0x516B, 0x516B, 0x516B, 0x596B, 0x596B, 0x596B, 0x618C, 0x596B, 0x596B, 0x596B, 0x616C, 0x618C, 0x698C, 0x698C, 0x698C, 
	0x616B, 0x614B, 0x616B, 0x616B, 0x616B, 0x614B, 0x614B, 0x698C, 0x616B, 0x614B, 0x696B, 0x694B, 0x696C, 0x698C, 0x696B, 0x616B, 
	0x698B, 0x616B, 0x596B, 0x594A, 0x514A, 0x514A, 0x514A, 0x512A, 0x594A, 0x512A, 0x514A, 0x514A, 0x514A, 0x5129, 0x4929, 0x4929, 
	0x514A, 0x5149, 0x4949, 0x5149, 0x5149, 0x514A, 0x514A, 0x516A, 0x59AC, 0x514A, 0x4929, 0x4949, 0x514A, 0x494A, 0x4949, 0x4949, 
	0x4949, 0x4949, 0x4929, 0x4949, 0x4929, 0x4129, 0x4949, 0x4949, 0x4129, 0x4129, 0x4129, 0x4129, 0x4129, 0x4129, 0x4129, 0x4128, 
	0x4128, 0x4129, 0x4108, 0x3908, 0x4128, 0x4128, 0x4128, 0x3908, 0x4108, 0x4108, 0x4108, 0x496A, 0x496A, 0x3908, 0x4128, 0x4108, 
	0x4128, 0x4128, 0x4109, 0x4129, 0x3908, 0x3928, 0x3908, 0x3908, 0x3908, 0x3908, 0x3928, 0x3928, 0x3928, 0x4129, 0x3929, 0x3908, 
	0x3928, 0x3908, 0x3908, 0x3928, 0x3928, 0x3908, 0x3909, 0x3928, 0x3928, 0x3928, 0x3908, 0x3908, 0x3908, 0x3928, 0x3928, 0x3908, 
	0x3928, 0x3928, 0x3908, 0x3928, 0x3928, 0x3908, 0x3108, 0x3908, 0x3908, 0x3908, 0x3908, 0x3108, 0x3107, 0x3107, 0x3108, 0x3928, 
	0x28C6, 0x28C6, 0x28E6, 0x28C6, 0x28E6, 0x28E6, 0x28E6, 0x28E6, 0x28C6, 0x28C6, 0x28E6, 0x28E6, 0x28E7, 0x28C6, 0x28E6, 0x28E6, 
	0x28E6, 0x28E6, 0x28E6, 0x28C6, 0x28E7, 0x28C6, 0x28C7, 0x28E6, 0x28E7, 0x28E7, 0x28E7, 0x28E7, 0x28E7, 0x28E7, 0x28E7, 0x28E7, 
	0x28E7, 0x2907, 0x28E7, 0x28E7, 0x28E7, 0x28E7, 0x28E7, 0x28E7, 0x28E7, 0x28E7, 0x28E7, 0x28E7, 0x28E7, 0x28E7, 0x28E7, 0x28E7, 
	0x28E7, 0x2907, 0x28E7, 0x28E7, 0x28E7, 0x28E7, 0x28E7, 0x28E7, 0x28E7, 0x28C7, 0x28E7, 0x28E7, 0x28E7, 0x28E7, 0x28E7, 0x28E7, 
	0x28E7, 0x28E7, 0x28E7, 0x28E7, 0x28E7, 0x28E7, 0x28E7, 0x28E7, 0x28E7, 0x28E7, 0x2907, 0x30E7, 0x3107, 0x3107, 0x28E7, 0x28E7, 
	0x3107, 0x28E7, 0x28E7, 0x28E7, 0x28E7, 0x30E7, 0x3107, 0x3107, 0x2907, 0x3107, 0x3107, 0x3128, 0x3128, 0x41AA, 0x3928, 0x3108, 
	0x3108, 0x28E7, 0x3107, 0x3107, 0x3107, 0x3108, 0x3108, 0x3108, 0x3108, 0x3128, 0x3128, 0x3108, 0x3108, 0x3108, 0x3128, 0x3129, 
	0x3108, 0x3108, 0x3108, 0x3108, 0x3108, 0x3108, 0x3108, 0x3108, 0x3108, 0x3928, 0x3108, 0x3108, 0x3108, 0x3928, 0x3928, 0x3108, 
	0x3108, 0x3108, 0x3908, 0x3909, 0x3908, 0x3908, 0x3928, 0x3928, 0x3929, 0x3929, 0x3909, 0x3929, 0x3929, 0x3929, 0x3929, 0x4129, 
	0x4149, 0x3929, 0x3929, 0x3929, 0x4149, 0x4149, 0x412A, 0x414A, 0x412A, 0x414A, 0x414A, 0x414A, 0x412A, 0x414A, 0x414A, 0x412A, 
	0x414A, 0x496A, 0x496B, 0x496B, 0x496B, 0x496A, 0x496A, 0x498B, 0x494A, 0x494A, 0x494A, 0x496A, 0x496A, 0x494A, 0x496A, 0x516B, 
	0x516B, 0x516B, 0x516B, 0x516B, 0x514B, 0x596B, 0x598B, 0x596B, 0x596B, 0x598B, 0x596B, 0x618B, 0x616B, 0x614B, 0x614B, 0x696C, 
	0x698C, 0x616B, 0x616B, 0x616B, 0x696B, 0x616B, 0x696C, 0x696C, 0x696B, 0x696C, 0x696B, 0x696B, 0x718C, 0x698C, 0x696C, 0x698C, 
	0x618C, 0x616B, 0x616B, 0x594A, 0x514A, 0x596A, 0x594A, 0x516A, 0x596A, 0x514A, 0x596A, 0x514A, 0x514A, 0x514A, 0x5149, 0x514A, 
	0x4949, 0x4929, 0x514A, 0x514A, 0x514A, 0x516A, 0x514A, 0x514A, 0x598B, 0x516A, 0x494A, 0x494A, 0x514A, 0x4949, 0x4929, 0x4949, 
	0x4929, 0x4929, 0x4949, 0x4929, 0x4929, 0x4129, 0x4929, 0x4129, 0x4108, 0x4129, 0x4129, 0x4129, 0x4129, 0x4149, 0x4129, 0x4128, 
	0x4108, 0x4128, 0x4128, 0x4108, 0x4108, 0x3908, 0x4108, 0x4129, 0x4129, 0x4128, 0x4108, 0x59CD, 0x622F, 0x3908, 0x3908, 0x4108, 
	0x4128, 0x4129, 0x3908, 0x4128, 0x3908, 0x4128, 0x4129, 0x4128, 0x4128, 0x3908, 0x3908, 0x3908, 0x3928, 0x3908, 0x3928, 0x3928, 
	0x3928, 0x3908, 0x3928, 0x3908, 0x3928, 0x3908, 0x496A, 0x498B, 0x3929, 0x3928, 0x3928, 0x3928, 0x3908, 0x3908, 0x3928, 0x3908, 
	0x3908, 0x3908, 0x3908, 0x3928, 0x3908, 0x3908, 0x3928, 0x3928, 0x3107, 0x3107, 0x3108, 0x3108, 0x3908, 0x3108, 0x3107, 0x3107, 
	0x28E6, 0x28E6, 0x28E7, 0x28E7, 0x28E7, 0x28E6, 0x20C6, 0x28C6, 0x28E6, 0x28E6, 0x28E6, 0x28E6, 0x28E6, 0x28E6, 0x28C6, 0x28C6, 
	0x28E6, 0x28E6, 0x28E6, 0x28E6, 0x28E6, 0x28E7, 0x28E7, 0x28E7, 0x28C6, 0x28C6, 0x28E6, 0x28E7, 0x28C7, 0x28C7, 0x28E7, 0x28E7, 
	0x28E6, 0x28E7, 0x28E6, 0x28E7, 0x28E7, 0x28E7, 0x28E7, 0x28E7, 0x28E7, 0x28E7, 0x28E7, 0x28E7, 0x28E7, 0x28E7, 0x28E7, 0x28E7, 
	0x28E7, 0x28E7, 0x28E7, 0x28E7, 0x28E7, 0x28E7, 0x28E7, 0x28E7, 0x28E7, 0x28E7, 0x28E7, 0x28E7, 0x28E7, 0x28E7, 0x28E7, 0x3107, 
	0x28E7, 0x28E7, 0x28E7, 0x28E7, 0x28E7, 0x2907, 0x3107, 0x28E7, 0x2907, 0x2907, 0x2907, 0x28E7, 0x28E7, 0x3107, 0x3107, 0x28E7, 
	0x2907, 0x3107, 0x3107, 0x3107, 0x3107, 0x3107, 0x3107, 0x28E7, 0x3107, 0x3107, 0x3107, 0x3108, 0x3107, 0x3107, 0x3108, 0x3108, 
	0x3128, 0x3107, 0x3107, 0x3107, 0x28E7, 0x30E7, 0x3108, 0x3108, 0x3108, 0x3128, 0x3108, 0x30E8, 0x3108, 0x3108, 0x3107, 0x3108, 
	0x3108, 0x3128, 0x3108, 0x3108, 0x3108, 0x3108, 0x3929, 0x3908, 0x3108, 0x3108, 0x3108, 0x3908, 0x3108, 0x3908, 0x3908, 0x3108, 
	0x3908, 0x3908, 0x3908, 0x3929, 0x3908, 0x3908, 0x3929, 0x3929, 0x3929, 0x3929, 0x3929, 0x3929, 0x3929, 0x3929, 0x3929, 0x3929, 
	0x3929, 0x3929, 0x4149, 0x3949, 0x3949, 0x4129, 0x414A, 0x416A, 0x414A, 0x414A, 0x4129, 0x414A, 0x414A, 0x412A, 0x416A, 0x414B, 
	0x414A, 0x494A, 0x496B, 0x494B, 0x496B, 0x494A, 0x496B, 0x496A, 0x496A, 0x496A, 0x496B, 0x496A, 0x496A, 0x494A, 0x496A, 0x518B, 
	0x516B, 0x516B, 0x514B, 0x516B, 0x516B, 0x516B, 0x596B, 0x596B, 0x598C, 0x598B, 0x594B, 0x596B, 0x596B, 0x616B, 0x616B, 0x698C, 
	0x696C, 0x616B, 0x616B, 0x616B, 0x696B, 0x616B, 0x696C, 0x718C, 0x718C, 0x698C, 0x696B, 0x718C, 0x698C, 0x696B, 0x698C, 0x698C, 
	0x616B, 0x596B, 0x596B, 0x596B, 0x594A, 0x596A, 0x596A, 0x514A, 0x514A, 0x514A, 0x598B, 0x598B, 0x514A, 0x512A, 0x514A, 0x5149, 
	0x5149, 0x4949, 0x516A, 0x516A, 0x516A, 0x596A, 0x514A, 0x514A, 0x514A, 0x5149, 0x4949, 0x492A, 0x514A, 0x4949, 0x4949, 0x4949, 
	0x4929, 0x4929, 0x4929, 0x4929, 0x4949, 0x4949, 0x4929, 0x4129, 0x4129, 0x4129, 0x4949, 0x4129, 0x4129, 0x4129, 0x4108, 0x4128, 
	0x4128, 0x4129, 0x4929, 0x4128, 0x4108, 0x3908, 0x4128, 0x4128, 0x4108, 0x4128, 0x4128, 0x4129, 0x4149, 0x4128, 0x4129, 0x4129, 
	0x4129, 0x4129, 0x3908, 0x4108, 0x4128, 0x4128, 0x4129, 0x4128, 0x4128, 0x3908, 0x3908, 0x3928, 0x3928, 0x3908, 0x3928, 0x3928, 
	0x3928, 0x3928, 0x4129, 0x3929, 0x3928, 0x3908, 0x416A, 0x498B, 0x3929, 0x3928, 0x3928, 0x3928, 0x3928, 0x3908, 0x3908, 0x3908, 
	0x3908, 0x3908, 0x3908, 0x3908, 0x3908, 0x30E7, 0x3908, 0x3108, 0x3107, 0x3108, 0x3108, 0x3108, 0x3108, 0x3908, 0x3107, 0x3107, 
	0x28C6, 0x28E6, 0x28C6, 0x28C6, 0x28E7, 0x28C6, 0x28C6, 0x28E6, 0x28E6, 0x28E6, 0x28E6, 0x28E6, 0x28E6, 0x28E7, 0x28E6, 0x28E6, 
	0x28E6, 0x28C6, 0x28C6, 0x28E7, 0x28E7, 0x28E7, 0x28C6, 0x28E6, 0x28C6, 0x28C6, 0x28E7, 0x28C6, 0x28E7, 0x28E7, 0x28E7, 0x28E7, 
	0x28E7, 0x28E7, 0x28E7, 0x28E7, 0x28E7, 0x28E7, 0x28E7, 0x28E7, 0x28E7, 0x28E7, 0x28E7, 0x28E7, 0x28E7, 0x28E7, 0x28E7, 0x28E7, 
	0x28E7, 0x28E7, 0x28E7, 0x28E7, 0x28E7, 0x28E7, 0x28E7, 0x28E7, 0x3107, 0x28E7, 0x2907, 0x28E7, 0x28E7, 0x28E7, 0x2907, 0x3107, 
	0x28E7, 0x28E7, 0x28E7, 0x28E7, 0x28E7, 0x28E7, 0x28E7, 0x28E7, 0x28E7, 0x2907, 0x28E7, 0x28E7, 0x28E7, 0x28E7, 0x3107, 0x28E7, 
	0x2907, 0x3107, 0x3107, 0x3128, 0x3949, 0x3107, 0x3108, 0x28E7, 0x3107, 0x3107, 0x28E7, 0x3128, 0x28E7, 0x3107, 0x28E7, 0x3108, 
	0x3108, 0x28E7, 0x3107, 0x3107, 0x3107, 0x3128, 0x3108, 0x3108, 0x3108, 0x3107, 0x3128, 0x3108, 0x3108, 0x3108, 0x3108, 0x3128, 
	0x3108, 0x3108, 0x3108, 0x3128, 0x3108, 0x3108, 0x3929, 0x3928, 0x3908, 0x3108, 0x3908, 0x3928, 0x3908, 0x3908, 0x3908, 0x3908, 
	0x3929, 0x3929, 0x3929, 0x3929, 0x3929, 0x3929, 0x3909, 0x3929, 0x3908, 0x3928, 0x3929, 0x3929, 0x3929, 0x3949, 0x3929, 0x3929, 
	0x3929, 0x3929, 0x414A, 0x3929, 0x3929, 0x3929, 0x4129, 0x414A, 0x414A, 0x4129, 0x4129, 0x414A, 0x414A, 0x496B, 0x414A, 0x414A, 
	0x494B, 0x414A, 0x412A, 0x494B, 0x496B, 0x516B, 0x496B, 0x496B, 0x496B, 0x496B, 0x496A, 0x496B, 0x496B, 0x494A, 0x494A, 0x516A, 
	0x516A, 0x516B, 0x514A, 0x516A, 0x516B, 0x516B, 0x598B, 0x596B, 0x596B, 0x596B, 0x596B, 0x596B, 0x596B, 0x594B, 0x616B, 0x616C, 
	0x698C, 0x618C, 0x698C, 0x698B, 0x696B, 0x696C, 0x698C, 0x696C, 0x698C, 0x696B, 0x696B, 0x698C, 0x696B, 0x616B, 0x698B, 0x616B, 
	0x616B, 0x596B, 0x596B, 0x596A, 0x594A, 0x594A, 0x514A, 0x514A, 0x514A, 0x596B, 0x596B, 0x618B, 0x514A, 0x514A, 0x514A, 0x5149, 
	0x516A, 0x4929, 0x514A, 0x516A, 0x514A, 0x514A, 0x514A, 0x516A, 0x514A, 0x514A, 0x492A, 0x492A, 0x514A, 0x494A, 0x494A, 0x4929, 
	0x4929, 0x4929, 0x4129, 0x4929, 0x4129, 0x4929, 0x4929, 0x4129, 0x4929, 0x4929, 0x4929, 0x4949, 0x4929, 0x4129, 0x4129, 0x4129, 
	0x4128, 0x4129, 0x4129, 0x4129, 0x4128, 0x4128, 0x4128, 0x4128, 0x4128, 0x4128, 0x4129, 0x4129, 0x4128, 0x4129, 0x4129, 0x4129, 
	0x4128, 0x4128, 0x4129, 0x4128, 0x4128, 0x3928, 0x3908, 0x3908, 0x4128, 0x4128, 0x4128, 0x4128, 0x4128, 0x3908, 0x3928, 0x3928, 
	0x3908, 0x3928, 0x3929, 0x4129, 0x3928, 0x4149, 0x418B, 0x3928, 0x3908, 0x3928, 0x3928, 0x3908, 0x3928, 0x3908, 0x3908, 0x3908, 
	0x3908, 0x3108, 0x3108, 0x3928, 0x3108, 0x3108, 0x3908, 0x3108, 0x3908, 0x3108, 0x3108, 0x3108, 0x3108, 0x3108, 0x3108, 0x3107, 
	0x28E6, 0x28E6, 0x28C6, 0x20C6, 0x28E6, 0x28E6, 0x28E6, 0x28E6, 0x28E6, 0x28E6, 0x28E7, 0x28E6, 0x28C6, 0x28E6, 0x28E6, 0x28E7, 
	0x28E7, 0x28E7, 0x28E6, 0x28E7, 0x28E7, 0x28E7, 0x28E7, 0x28E7, 0x28E7, 0x28E7, 0x28E7, 0x28E7, 0x28E7, 0x28E7, 0x28E7, 0x28E7, 
	0x28E7, 0x28E7, 0x28E7, 0x28E7, 0x28E7, 0x28E7, 0x28E7, 0x28E7, 0x2907, 0x28E7, 0x28E7, 0x3949, 0x3107, 0x28E7, 0x28E7, 0x28E7, 
	0x28E7, 0x2907, 0x28E7, 0x28E7, 0x28E7, 0x28E7, 0x28E7, 0x28E7, 0x28E7, 0x28E7, 0x28E7, 0x28E7, 0x3107, 0x3107, 0x28E7, 0x28E7, 
	0x28E7, 0x2907, 0x2907, 0x3107, 0x28E7, 0x28E7, 0x28E7, 0x3107, 0x28E7, 0x2907, 0x2907, 0x3107, 0x2907, 0x28E7, 0x3107, 0x3107, 
	0x3107, 0x3107, 0x2907, 0x418A, 0x522C, 0x28E7, 0x3108, 0x2908, 0x3108, 0x2908, 0x28E7, 0x3108, 0x28E7, 0x3107, 0x28E7, 0x3108, 
	0x3108, 0x3108, 0x3108, 0x2907, 0x2907, 0x3128, 0x3108, 0x30E7, 0x3108, 0x3108, 0x3108, 0x3108, 0x3108, 0x3128, 0x3128, 0x3128, 
	0x3108, 0x3108, 0x3128, 0x3108, 0x3108, 0x3108, 0x3108, 0x3108, 0x3908, 0x3908, 0x3908, 0x3928, 0x3908, 0x3908, 0x3908, 0x3929, 
	0x3909, 0x3929, 0x3929, 0x3908, 0x3929, 0x3929, 0x3929, 0x3929, 0x3929, 0x3929, 0x3929, 0x3928, 0x3929, 0x3929, 0x3929, 0x3929, 
	0x3929, 0x414A, 0x416B, 0x412A, 0x414A, 0x414A, 0x414A, 0x4129, 0x414A, 0x414A, 0x414A, 0x414A, 0x496A, 0x414B, 0x6AD0, 0x83F4, 
	0x51AC, 0x494B, 0x412A, 0x496B, 0x518C, 0x518C, 0x516B, 0x494A, 0x496B, 0x496B, 0x496A, 0x516B, 0x496A, 0x494A, 0x516B, 0x516B, 
	0x514A, 0x516B, 0x516B, 0x516B, 0x516B, 0x598C, 0x61CD, 0x598C, 0x596B, 0x596B, 0x598B, 0x596B, 0x596B, 0x616B, 0x594A, 0x616B, 
	0x616B, 0x616C, 0x698C, 0x718C, 0x698C, 0x718C, 0x698C, 0x696B, 0x696C, 0x718C, 0x696C, 0x696B, 0x696B, 0x698C, 0x698C, 0x614B, 
	0x616B, 0x594B, 0x596A, 0x596B, 0x596A, 0x594A, 0x514A, 0x514A, 0x596A, 0x596A, 0x514A, 0x596B, 0x596A, 0x516A, 0x514A, 0x514A, 
	0x516A, 0x514A, 0x516A, 0x514A, 0x5129, 0x514A, 0x514A, 0x514A, 0x514A, 0x514A, 0x514A, 0x514A, 0x514A, 0x598B, 0x514A, 0x4929, 
	0x494A, 0x4929, 0x4929, 0x494A, 0x4929, 0x4129, 0x4929, 0x4129, 0x4929, 0x4929, 0x4109, 0x4129, 0x4129, 0x4129, 0x4129, 0x4128, 
	0x4129, 0x4129, 0x4129, 0x4108, 0x4128, 0x4128, 0x4949, 0x4129, 0x3908, 0x4128, 0x4129, 0x4129, 0x3908, 0x4128, 0x4128, 0x3908, 
	0x4128, 0x4128, 0x4129, 0x4108, 0x4128, 0x4129, 0x3908, 0x4128, 0x4129, 0x4128, 0x4128, 0x4128, 0x3928, 0x3928, 0x4129, 0x4149, 
	0x3928, 0x3928, 0x3928, 0x4129, 0x3908, 0x5A0D, 0x628F, 0x3908, 0x3929, 0x3928, 0x3929, 0x3928, 0x3928, 0x3908, 0x3908, 0x3908, 
	0x3908, 0x3908, 0x3108, 0x3108, 0x3108, 0x3928, 0x3908, 0x3108, 0x3908, 0x3108, 0x3108, 0x3928, 0x3108, 0x3108, 0x3908, 0x3908, 
	0x28E6, 0x28C6, 0x28E6, 0x28E6, 0x28C6, 0x28C6, 0x28E7, 0x28E7, 0x28E6, 0x28E6, 0x28E6, 0x28E7, 0x28C6, 0x28E6, 0x28E7, 0x28E7, 
	0x28E7, 0x2907, 0x28C7, 0x28E7, 0x28C7, 0x28E7, 0x28E7, 0x28E7, 0x2907, 0x28E7, 0x28E7, 0x28E7, 0x28E7, 0x28E7, 0x28E7, 0x28E7, 
	0x28E7, 0x28E7, 0x28E7, 0x28E7, 0x28E7, 0x2907, 0x2907, 0x28E7, 0x28E7, 0x28E7, 0x28E7, 0x3107, 0x28E7, 0x28E7, 0x28E7, 0x28E7, 
	0x28E7, 0x28E7, 0x28E7, 0x28E7, 0x28E7, 0x28E7, 0x28E7, 0x28E7, 0x28E7, 0x28E7, 0x28E7, 0x28E7, 0x28E7, 0x30E7, 0x28E7, 0x28E7, 
	0x28E7, 0x28E7, 0x28E7, 0x28E7, 0x28E7, 0x28E7, 0x28E7, 0x3107, 0x2907, 0x3107, 0x2907, 0x2907, 0x2907, 0x28E7, 0x3107, 0x3107, 
	0x3107, 0x3107, 0x3107, 0x3107, 0x3107, 0x3108, 0x3108, 0x3108, 0x3108, 0x3108, 0x3108, 0x3108, 0x3108, 0x3108, 0x3107, 0x3108, 
	0x3108, 0x3108, 0x3108, 0x2907, 0x2907, 0x3107, 0x3108, 0x3108, 0x3108, 0x3108, 0x3108, 0x3108, 0x3108, 0x3108, 0x3108, 0x3108, 
	0x3108, 0x3108, 0x3128, 0x3128, 0x3929, 0x3128, 0x3108, 0x3928, 0x3108, 0x3908, 0x3929, 0x3929, 0x3929, 0x3909, 0x3908, 0x3929, 
	0x3909, 0x3929, 0x3929, 0x3909, 0x3909, 0x3929, 0x3929, 0x3929, 0x3929, 0x3929, 0x3929, 0x3929, 0x3929, 0x3929, 0x414A, 0x4149, 
	0x3929, 0x496B, 0x51AD, 0x4129, 0x4149, 0x414A, 0x414A, 0x412A, 0x414A, 0x414A, 0x414A, 0x414A, 0x496B, 0x496C, 0xA539, 0xBE1C, 
	0x51AC, 0x494B, 0x494B, 0x496B, 0x516B, 0x516B, 0x516B, 0x494B, 0x496B, 0x496B, 0x516B, 0x516A, 0x496A, 0x516B, 0x516B, 0x516B, 
	0x514B, 0x514B, 0x516B, 0x516B, 0x598B, 0x61AD, 0x720F, 0x598C, 0x596B, 0x596B, 0x594B, 0x596B, 0x596B, 0x596B, 0x596B, 0x616B, 
	0x616C, 0x698C, 0x71AD, 0x718C, 0x698C, 0x696C, 0x696C, 0x696C, 0x696B, 0x696B, 0x696B, 0x696B, 0x696B, 0x696B, 0x696C, 0x696C, 
	0x618C, 0x596B, 0x596B, 0x596B, 0x596A, 0x596A, 0x514A, 0x596A, 0x594A, 0x596A, 0x514A, 0x596A, 0x514A, 0x514A, 0x594A, 0x516A, 
	0x596A, 0x598B, 0x596B, 0x514A, 0x5129, 0x514A, 0x514A, 0x512A, 0x514A, 0x514A, 0x514A, 0x514A, 0x516A, 0x598B, 0x516B, 0x4929, 
	0x494A, 0x494A, 0x4929, 0x4929, 0x4929, 0x4929, 0x4929, 0x4129, 0x4929, 0x4129, 0x4129, 0x4129, 0x4129, 0x4129, 0x4129, 0x4129, 
	0x4129, 0x4129, 0x4109, 0x4129, 0x4128, 0x4128, 0x4128, 0x4128, 0x4129, 0x4128, 0x4129, 0x4129, 0x4128, 0x4128, 0x4108, 0x3908, 
	0x4128, 0x4129, 0x4129, 0x4129, 0x4129, 0x4129, 0x4108, 0x4128, 0x4129, 0x4128, 0x4128, 0x4128, 0x3908, 0x4129, 0x4128, 0x4129, 
	0x4129, 0x3928, 0x3908, 0x3928, 0x4128, 0x4149, 0x4129, 0x4129, 0x4129, 0x3908, 0x3929, 0x4108, 0x3928, 0x3908, 0x3928, 0x3908, 
	0x3928, 0x3928, 0x3108, 0x3108, 0x3108, 0x3908, 0x3928, 0x3908, 0x3908, 0x3108, 0x3108, 0x3908, 0x3108, 0x3908, 0x3908, 0x3908, 
	0x28C6, 0x20C6, 0x28C6, 0x28E6, 0x28C6, 0x28E6, 0x28E7, 0x28E7, 0x28E7, 0x2907, 0x28C6, 0x28E6, 0x28E7, 0x28E7, 0x28E7, 0x28E7, 
	0x28E7, 0x28E7, 0x28C7, 0x28C7, 0x28E7, 0x28E7, 0x28E7, 0x28E7, 0x28E7, 0x28E7, 0x28E7, 0x28E7, 0x28E7, 0x28E7, 0x3107, 0x28E7, 
	0x28E7, 0x28E7, 0x28E7, 0x28E7, 0x28E7, 0x28E7, 0x28E7, 0x28E7, 0x28E7, 0x28E7, 0x28E7, 0x28E7, 0x28E7, 0x30E7, 0x28E7, 0x28E7, 
	0x28E7, 0x28E7, 0x2907, 0x28E7, 0x28E7, 0x28E7, 0x28E7, 0x28E7, 0x28E7, 0x3107, 0x3127, 0x28E7, 0x28E7, 0x28E7, 0x28E7, 0x28E7, 
	0x28E7, 0x28E7, 0x3107, 0x30E7, 0x3107, 0x3107, 0x3107, 0x2907, 0x28E7, 0x3107, 0x28E7, 0x28E7, 0x28E7, 0x2907, 0x3107, 0x28E7, 
	0x28E7, 0x3107, 0x30E7, 0x3108, 0x3107, 0x3108, 0x30E8, 0x3108, 0x28E7, 0x3107, 0x3108, 0x30E7, 0x3108, 0x3108, 0x3108, 0x3108, 
	0x3108, 0x3108, 0x28E8, 0x3108, 0x3108, 0x3108, 0x3108, 0x3128, 0x3108, 0x3108, 0x3108, 0x3108, 0x3108, 0x3108, 0x3108, 0x3108, 
	0x3108, 0x3108, 0x3128, 0x3949, 0x3949, 0x3108, 0x3928, 0x3929, 0x3108, 0x3908, 0x3929, 0x3929, 0x3929, 0x3929, 0x3929, 0x3929, 
	0x3929, 0x3929, 0x3909, 0x3929, 0x3929, 0x3929, 0x3929, 0x3909, 0x3929, 0x4129, 0x4149, 0x3929, 0x3929, 0x3949, 0x4149, 0x4129, 
	0x4129, 0x414A, 0x414A, 0x4149, 0x414A, 0x414A, 0x4129, 0x412A, 0x412A, 0x414A, 0x414A, 0x414A, 0x414A, 0x496B, 0x624E, 0x624E, 
	0x518B, 0x518B, 0x494B, 0x496B, 0x516B, 0x516B, 0x516B, 0x516B, 0x516B, 0x516B, 0x516B, 0x516B, 0x516B, 0x516B, 0x516B, 0x514A, 
	0x514B, 0x516B, 0x516B, 0x516B, 0x596B, 0x598B, 0x598C, 0x598B, 0x598B, 0x516B, 0x514B, 0x596B, 0x596B, 0x596B, 0x616B, 0x616B, 
	0x616B, 0x696C, 0x69AD, 0x71AD, 0x696C, 0x696B, 0x698C, 0x698C, 0x696B, 0x696B, 0x696C, 0x696C, 0x616B, 0x696B, 0x696B, 0x698C, 
	0x616B, 0x616B, 0x618B, 0x596B, 0x596B, 0x594A, 0x594A, 0x596B, 0x594A, 0x596A, 0x596A, 0x594A, 0x594A, 0x596A, 0x596A, 0x596A, 
	0x594A, 0x594A, 0x594A, 0x596B, 0x516A, 0x514A, 0x514A, 0x514A, 0x514A, 0x514A, 0x516A, 0x514A, 0x514A, 0x514A, 0x516A, 0x516A, 
	0x4949, 0x494A, 0x492A, 0x4929, 0x492A, 0x4929, 0x494A, 0x4929, 0x4929, 0x4929, 0x494A, 0x4129, 0x4129, 0x4129, 0x4129, 0x4129, 
	0x4129, 0x4129, 0x4129, 0x4129, 0x4129, 0x4129, 0x4128, 0x4129, 0x4129, 0x4128, 0x4128, 0x4128, 0x4129, 0x4149, 0x4129, 0x4149, 
	0x4129, 0x4149, 0x4149, 0x4129, 0x4129, 0x4129, 0x4128, 0x4129, 0x4129, 0x4128, 0x4128, 0x4128, 0x4129, 0x4129, 0x4128, 0x4108, 
	0x4129, 0x4129, 0x3928, 0x4129, 0x4129, 0x4129, 0x3928, 0x3929, 0x3908, 0x3929, 0x3928, 0x3928, 0x4129, 0x3928, 0x3928, 0x3928, 
	0x3928, 0x3908, 0x3108, 0x3928, 0x3908, 0x3908, 0x3928, 0x3908, 0x3908, 0x3908, 0x3928, 0x3908, 0x3908, 0x3908, 0x3108, 0x3908, 
	0x28C6, 0x28C6, 0x28E7, 0x28E6, 0x28C6, 0x28C6, 0x28C6, 0x28E7, 0x28C6, 0x28E7, 0x28E7, 0x28E7, 0x28E6, 0x28E7, 0x28E7, 0x28E7, 
	0x28E7, 0x28E7, 0x28E7, 0x28E7, 0x28E7, 0x28C7, 0x28E7, 0x28E7, 0x28E7, 0x28E7, 0x28E7, 0x28E7, 0x28E7, 0x28E7, 0x28E7, 0x28E7, 
	0x28E7, 0x28E7, 0x28E7, 0x28E7, 0x2907, 0x28E7, 0x28E7, 0x28E7, 0x28E7, 0x28E7, 0x28E7, 0x3107, 0x30E7, 0x30E7, 0x28E7, 0x28E7, 
	0x28E7, 0x28E7, 0x3107, 0x28E7, 0x28E7, 0x2907, 0x3107, 0x30E7, 0x28E7, 0x7330, 0x7330, 0x28E6, 0x2907, 0x28E7, 0x28E7, 0x28E7, 
	0x28E7, 0x28E7, 0x28E7, 0x3107, 0x3107, 0x28E7, 0x3107, 0x28E7, 0x3107, 0x28E7, 0x3107, 0x3107, 0x2907, 0x2907, 0x3107, 0x3107, 
	0x3108, 0x3107, 0x3107, 0x3107, 0x3107, 0x3108, 0x30E8, 0x3108, 0x30E8, 0x3108, 0x3108, 0x3108, 0x3108, 0x28E7, 0x3108, 0x30E7, 
	0x3108, 0x3108, 0x3108, 0x3108, 0x3108, 0x3108, 0x3108, 0x3108, 0x3108, 0x3108, 0x3108, 0x3128, 0x3108, 0x3108, 0x3108, 0x3108, 
	0x3108, 0x3108, 0x30E8, 0x3929, 0x3929, 0x3108, 0x3929, 0x3929, 0x3929, 0x3129, 0x3929, 0x3929, 0x3909, 0x3909, 0x3929, 0x3909, 
	0x3929, 0x3929, 0x3929, 0x3929, 0x3929, 0x3929, 0x3929, 0x3909, 0x3929, 0x3929, 0x3929, 0x3929, 0x3929, 0x3929, 0x3929, 0x4149, 
	0x414A, 0x414A, 0x4129, 0x414A, 0x414A, 0x414A, 0x414A, 0x414A, 0x414A, 0x414A, 0x414A, 0x414A, 0x414A, 0x496B, 0x496B, 0x496B, 
	0x516B, 0x494B, 0x496B, 0x494B, 0x494B, 0x516B, 0x518B, 0x494A, 0x516B, 0x516B, 0x516B, 0x516B, 0x516B, 0x516B, 0x516B, 0x516B, 
	0x516B, 0x516B, 0x516B, 0x596B, 0x516B, 0x596B, 0x596B, 0x596B, 0x516B, 0x598B, 0x596B, 0x598C, 0x598C, 0x596B, 0x598B, 0x618C, 
	0x698C, 0x698C, 0x698C, 0x698C, 0x696C, 0x696C, 0x698C, 0x696B, 0x616B, 0x696C, 0x698C, 0x698C, 0x696C, 0x696B, 0x616B, 0x616B, 
	0x616B, 0x618C, 0x618C, 0x596B, 0x616B, 0x596B, 0x596B, 0x596B, 0x594A, 0x594A, 0x596A, 0x594A, 0x596A, 0x594A, 0x592A, 0x596B, 
	0x594A, 0x594A, 0x596B, 0x596B, 0x596B, 0x594A, 0x514A, 0x596A, 0x514A, 0x514A, 0x514A, 0x514A, 0x514A, 0x516A, 0x514A, 0x494A, 
	0x4929, 0x514A, 0x494A, 0x4929, 0x494A, 0x494A, 0x4929, 0x4929, 0x4929, 0x4929, 0x496A, 0x4929, 0x4929, 0x4929, 0x4929, 0x4929, 
	0x4109, 0x4129, 0x4129, 0x4128, 0x4129, 0x4129, 0x4129, 0x4129, 0x4129, 0x4128, 0x4128, 0x4128, 0x4128, 0x4129, 0x4129, 0x4149, 
	0x4129, 0x4128, 0x4128, 0x4129, 0x4129, 0x4129, 0x4129, 0x4129, 0x4949, 0x4128, 0x4128, 0x4129, 0x4129, 0x4149, 0x4129, 0x4129, 
	0x4129, 0x4129, 0x4129, 0x4129, 0x4128, 0x4149, 0x3929, 0x3929, 0x3909, 0x3929, 0x3908, 0x4149, 0x51CC, 0x3928, 0x3928, 0x3928, 
	0x3928, 0x3908, 0x3908, 0x3928, 0x3928, 0x3908, 0x3908, 0x3908, 0x3908, 0x3908, 0x3928, 0x3908, 0x3908, 0x3908, 0x3908, 0x3908, 
	0x28C7, 0x28E7, 0x28E7, 0x28E7, 0x28C6, 0x28E6, 0x28E6, 0x2907, 0x28E7, 0x28E7, 0x28E7, 0x28E7, 0x28E6, 0x28E7, 0x28E7, 0x28E7, 
	0x28E7, 0x28E7, 0x28E7, 0x28E7, 0x28E7, 0x28E7, 0x28E7, 0x28E7, 0x28E7, 0x28E7, 0x28E7, 0x28E7, 0x28E7, 0x28C7, 0x28E7, 0x28E7, 
	0x28E7, 0x28E7, 0x28E7, 0x28E7, 0x28E7, 0x28E7, 0x28E7, 0x28E7, 0x28E7, 0x30E7, 0x28E7, 0x3107, 0x30E7, 0x30E7, 0x28E7, 0x30E7, 
	0x28E7, 0x30E7, 0x28E7, 0x28E7, 0x28E7, 0x30E7, 0x30E7, 0x3107, 0x2907, 0x522C, 0x520B, 0x28E7, 0x3107, 0x28E7, 0x28E7, 0x28E7, 
	0x28E7, 0x28E7, 0x28E7, 0x28E7, 0x3107, 0x28E7, 0x28E7, 0x28E7, 0x3107, 0x3107, 0x3107, 0x3107, 0x3107, 0x3107, 0x3107, 0x3108, 
	0x3107, 0x3108, 0x3108, 0x3107, 0x28E7, 0x3108, 0x3108, 0x3108, 0x3108, 0x3108, 0x3108, 0x3108, 0x3128, 0x3108, 0x3108, 0x3108, 
	0x3108, 0x3108, 0x3108, 0x3108, 0x3108, 0x3108, 0x3129, 0x3108, 0x3108, 0x3108, 0x3108, 0x3128, 0x3108, 0x3108, 0x3129, 0x3129, 
	0x3129, 0x3129, 0x3129, 0x394A, 0x394A, 0x3929, 0x3929, 0x3129, 0x3929, 0x3129, 0x3108, 0x3929, 0x3929, 0x3909, 0x3929, 0x3909, 
	0x3929, 0x3929, 0x3929, 0x3929, 0x3929, 0x3929, 0x3909, 0x3929, 0x3929, 0x4149, 0x3929, 0x3929, 0x3929, 0x3929, 0x4129, 0x4149, 
	0x3929, 0x414A, 0x414A, 0x414A, 0x414A, 0x414A, 0x414A, 0x414A, 0x414A, 0x414A, 0x416A, 0x414A, 0x414A, 0x494A, 0x496B, 0x414A, 
	0x494A, 0x496B, 0x496B, 0x496B, 0x516B, 0x516B, 0x518B, 0x516B, 0x516B, 0x494A, 0x514B, 0x516B, 0x514B, 0x516B, 0x514B, 0x516B, 
	0x514B, 0x516B, 0x516B, 0x516B, 0x516B, 0x516B, 0x598B, 0x516B, 0x596B, 0x598C, 0x598B, 0x598B, 0x598B, 0x596B, 0x596B, 0x618C, 
	0x698C, 0x698C, 0x698C, 0x698C, 0x698C, 0x698C, 0x698C, 0x696B, 0x616B, 0x696B, 0x698C, 0x698C, 0x698C, 0x696B, 0x616B, 0x698C, 
	0x698C, 0x69AD, 0x71CD, 0x616B, 0x616B, 0x618B, 0x616B, 0x596B, 0x594A, 0x596B, 0x596A, 0x594A, 0x596B, 0x598B, 0x596B, 0x596B, 
	0x596B, 0x594A, 0x596A, 0x596B, 0x596A, 0x594A, 0x594A, 0x596B, 0x514A, 0x596B, 0x514A, 0x492A, 0x516A, 0x516A, 0x514A, 0x514A, 
	0x494A, 0x492A, 0x494A, 0x4929, 0x494A, 0x4929, 0x4929, 0x4949, 0x4929, 0x4929, 0x4929, 0x4929, 0x4929, 0x4929, 0x4929, 0x4929, 
	0x4129, 0x4949, 0x4129, 0x4128, 0x4129, 0x4129, 0x4129, 0x4129, 0x4129, 0x4129, 0x4149, 0x4149, 0x4108, 0x4129, 0x4129, 0x4129, 
	0x4129, 0x4129, 0x4129, 0x4129, 0x4149, 0x4129, 0x4129, 0x4129, 0x4129, 0x4128, 0x4128, 0x4129, 0x3928, 0x4128, 0x3928, 0x4129, 
	0x3929, 0x4129, 0x4129, 0x3908, 0x3928, 0x3928, 0x3908, 0x4129, 0x4129, 0x4129, 0x3929, 0x3929, 0x4149, 0x3928, 0x3928, 0x3928, 
	0x3928, 0x3928, 0x3928, 0x3928, 0x3928, 0x3908, 0x3908, 0x3928, 0x3908, 0x3908, 0x3908, 0x3908, 0x3908, 0x3908, 0x3908, 0x3908, 
	0x28C6, 0x28E7, 0x28E7, 0x28C6, 0x28E7, 0x28E7, 0x28E7, 0x28E7, 0x28E7, 0x28C6, 0x28E7, 0x28E7, 0x28E7, 0x28E7, 0x28C7, 0x28E7, 
	0x28E7, 0x28E7, 0x28E7, 0x28E7, 0x28E7, 0x30E7, 0x28E7, 0x28E7, 0x28E7, 0x28E7, 0x28E7, 0x28E7, 0x28E7, 0x28E7, 0x28E7, 0x30E7, 
	0x28E7, 0x28C7, 0x28E7, 0x28E7, 0x28E7, 0x30E7, 0x30E7, 0x30E7, 0x3107, 0x3107, 0x28E7, 0x28E7, 0x28E7, 0x28E7, 0x3107, 0x30E7, 
	0x3107, 0x3107, 0x30E7, 0x30E7, 0x28E7, 0x30E7, 0x30E7, 0x30E7, 0x3107, 0x28E7, 0x28E7, 0x30E7, 0x28E7, 0x28E7, 0x28E7, 0x28E7, 
	0x2907, 0x3107, 0x2907, 0x2907, 0x28E7, 0x28E7, 0x28E7, 0x2907, 0x2907, 0x3107, 0x3107, 0x3107, 0x3107, 0x3107, 0x30E7, 0x3107, 
	0x3107, 0x3108, 0x3108, 0x3108, 0x30E7, 0x30E7, 0x3108, 0x30E7, 0x3108, 0x3108, 0x30E7, 0x3108, 0x3128, 0x3108, 0x3108, 0x3108, 
	0x3108, 0x3108, 0x3108, 0x3108, 0x3108, 0x3108, 0x3108, 0x3108, 0x3108, 0x3108, 0x3108, 0x3108, 0x3108, 0x3108, 0x3108, 0x3109, 
	0x3109, 0x3929, 0x3929, 0x3949, 0x3929, 0x3929, 0x3929, 0x3109, 0x3129, 0x3109, 0x3929, 0x3929, 0x3908, 0x3929, 0x3929, 0x3929, 
	0x3929, 0x3929, 0x3929, 0x3929, 0x3929, 0x3949, 0x3929, 0x3929, 0x3929, 0x3949, 0x3929, 0x3929, 0x3929, 0x4149, 0x414A, 0x414A, 
	0x3929, 0x414A, 0x4149, 0x414A, 0x412A, 0x414A, 0x414A, 0x414A, 0x414A, 0x496A, 0x414A, 0x414A, 0x414A, 0x494A, 0x494A, 0x496A, 
	0x494A, 0x496B, 0x494A, 0x496B, 0x518B, 0x496B, 0x516B, 0x516B, 0x518B, 0x516B, 0x516B, 0x516B, 0x516B, 0x518B, 0x516B, 0x516B, 
	0x516B, 0x516B, 0x516B, 0x516B, 0x516B, 0x598C, 0x596B, 0x516B, 0x596B, 0x596B, 0x596B, 0x596B, 0x596B, 0x596B, 0x596B, 0x618C, 
	0x616C, 0x696C, 0x698C, 0x698C, 0x698C, 0x718D, 0x698C, 0x698C, 0x696B, 0x696B, 0x696C, 0x696C, 0x698C, 0x618C, 0x698C, 0x698C, 
	0x696C, 0x698C, 0x69AD, 0x698C, 0x616B, 0x616B, 0x618B, 0x616B, 0x594A, 0x596B, 0x596B, 0x596B, 0x596B, 0x596B, 0x596B, 0x594A, 
	0x594A, 0x596B, 0x594A, 0x596A, 0x596B, 0x594A, 0x594A, 0x594A, 0x596A, 0x598B, 0x596B, 0x514A, 0x514A, 0x514A, 0x514A, 0x492A, 
	0x514A, 0x512A, 0x514A, 0x494A, 0x494A, 0x4929, 0x514A, 0x598B, 0x516A, 0x4949, 0x4949, 0x4929, 0x4929, 0x4929, 0x4929, 0x4929, 
	0x4929, 0x4929, 0x4929, 0x4129, 0x4129, 0x4128, 0x4129, 0x4129, 0x4129, 0x4149, 0x4129, 0x4129, 0x4128, 0x4129, 0x4129, 0x4108, 
	0x4128, 0x4129, 0x4129, 0x4129, 0x4129, 0x4129, 0x4129, 0x4129, 0x4128, 0x4108, 0x4149, 0x4129, 0x4109, 0x4129, 0x3928, 0x4128, 
	0x3928, 0x4129, 0x3908, 0x4129, 0x3928, 0x3908, 0x3929, 0x3929, 0x4129, 0x4129, 0x3929, 0x3928, 0x3928, 0x3928, 0x3928, 0x3928, 
	0x3928, 0x3928, 0x3928, 0x3928, 0x3908, 0x3908, 0x3908, 0x3908, 0x3908, 0x3928, 0x3908, 0x3908, 0x3908, 0x3908, 0x3908, 0x3908, 
	0x28C6, 0x28E7, 0x28C7, 0x28E7, 0x28E7, 0x28C6, 0x28E7, 0x28E7, 0x28E7, 0x28E7, 0x28E7, 0x28E7, 0x28E7, 0x28E7, 0x28E7, 0x28E7, 
	0x3107, 0x28E7, 0x28E7, 0x2907, 0x28E7, 0x28E7, 0x28E7, 0x28E7, 0x28E7, 0x28E7, 0x3107, 0x28E7, 0x28E7, 0x30E7, 0x28C7, 0x28E7, 
	0x30E7, 0x28E7, 0x3107, 0x3107, 0x30E7, 0x30E7, 0x28E7, 0x30E7, 0x30E7, 0x30E7, 0x30E7, 0x30E7, 0x30E7, 0x28E7, 0x3107, 0x3107, 
	0x30E7, 0x30E7, 0x28E7, 0x30E7, 0x30E7, 0x30E7, 0x3107, 0x30E7, 0x28E7, 0x3107, 0x3108, 0x28E7, 0x3107, 0x30E7, 0x30E7, 0x30E7, 
	0x3107, 0x3107, 0x28E7, 0x2907, 0x3107, 0x3107, 0x3107, 0x2907, 0x28E7, 0x30E7, 0x3108, 0x3108, 0x3107, 0x3107, 0x30E7, 0x3107, 
	0x3107, 0x3108, 0x30E7, 0x3108, 0x3108, 0x30E7, 0x3108, 0x3107, 0x3108, 0x3108, 0x3108, 0x3107, 0x3108, 0x3108, 0x30E8, 0x3108, 
	0x3108, 0x3108, 0x3928, 0x3108, 0x3108, 0x3108, 0x3108, 0x3108, 0x3108, 0x3128, 0x3108, 0x3108, 0x3128, 0x3108, 0x3108, 0x3129, 
	0x3109, 0x3929, 0x3929, 0x3129, 0x3129, 0x3949, 0x394A, 0x3929, 0x3929, 0x3929, 0x3929, 0x3949, 0x3929, 0x3929, 0x3909, 0x3929, 
	0x3929, 0x3929, 0x4149, 0x3929, 0x3929, 0x4129, 0x3929, 0x3929, 0x4149, 0x3929, 0x3929, 0x3929, 0x3929, 0x4129, 0x4129, 0x412A, 
	0x414A, 0x392A, 0x414A, 0x414A, 0x414A, 0x414A, 0x416A, 0x414A, 0x414A, 0x414A, 0x414A, 0x496A, 0x496A, 0x494A, 0x494A, 0x496B, 
	0x496B, 0x496B, 0x494A, 0x494A, 0x496B, 0x516B, 0x516B, 0x516B, 0x518B, 0x516B, 0x518B, 0x518B, 0x516B, 0x516B, 0x516B, 0x516B, 
	0x516B, 0x514B, 0x516B, 0x516B, 0x516B, 0x516B, 0x516B, 0x598B, 0x596B, 0x514B, 0x596B, 0x596B, 0x596B, 0x596B, 0x616B, 0x616C, 
	0x616C, 0x696C, 0x698C, 0x698C, 0x696C, 0x696C, 0x698C, 0x698C, 0x696C, 0x696B, 0x696C, 0x696C, 0x696C, 0x698C, 0x698C, 0x698C, 
	0x698C, 0x698C, 0x698C, 0x698C, 0x616B, 0x616B, 0x616B, 0x616B, 0x594B, 0x596B, 0x616B, 0x618B, 0x596B, 0x594A, 0x596B, 0x594B, 
	0x596B, 0x596B, 0x596B, 0x596A, 0x596B, 0x596B, 0x594A, 0x594A, 0x594A, 0x594A, 0x514A, 0x514A, 0x514A, 0x514A, 0x516A, 0x514A, 
	0x596B, 0x514A, 0x514A, 0x494A, 0x4949, 0x494A, 0x516A, 0x7250, 0x6A0E, 0x494A, 0x4929, 0x4929, 0x4949, 0x4949, 0x4929, 0x4929, 
	0x4929, 0x4129, 0x4129, 0x4129, 0x4129, 0x4129, 0x4129, 0x4129, 0x4149, 0x4129, 0x4128, 0x4129, 0x4129, 0x4949, 0x4949, 0x4129, 
	0x4129, 0x4129, 0x4949, 0x4129, 0x494A, 0x4129, 0x4129, 0x4128, 0x4129, 0x4129, 0x494A, 0x4129, 0x4129, 0x4149, 0x4129, 0x4129, 
	0x4128, 0x4129, 0x4129, 0x4129, 0x4128, 0x3928, 0x4149, 0x3929, 0x3929, 0x3928, 0x3928, 0x3928, 0x3929, 0x3929, 0x3928, 0x3908, 
	0x3928, 0x3928, 0x3928, 0x3908, 0x3908, 0x3908, 0x3908, 0x3928, 0x3928, 0x3928, 0x3928, 0x3928, 0x3908, 0x3908, 0x3928, 0x3928, 
	0x28E7, 0x28C6, 0x28E6, 0x28E7, 0x28E7, 0x28C6, 0x28E7, 0x28E7, 0x28E7, 0x28E7, 0x28E7, 0x28E7, 0x28E7, 0x28E7, 0x3107, 0x28E7, 
	0x28E7, 0x28E7, 0x3128, 0x3948, 0x28E7, 0x28E7, 0x3107, 0x28E7, 0x28E7, 0x28E7, 0x28E7, 0x30E7, 0x30E7, 0x3107, 0x30E7, 0x30E7, 
	0x30E7, 0x28E7, 0x3107, 0x30E7, 0x30E7, 0x3107, 0x30E7, 0x30E7, 0x30E7, 0x30E7, 0x30E7, 0x3107, 0x3107, 0x3107, 0x28E7, 0x30E7, 
	0x30E7, 0x30E7, 0x3107, 0x3107, 0x3107, 0x28E7, 0x30E7, 0x3107, 0x30E7, 0x3107, 0x3108, 0x3107, 0x30E7, 0x30E7, 0x30E7, 0x3107, 
	0x3107, 0x30E7, 0x28E7, 0x28E7, 0x3108, 0x3107, 0x3107, 0x28E7, 0x3107, 0x3107, 0x3108, 0x3108, 0x3107, 0x3107, 0x3107, 0x3107, 
	0x3107, 0x3108, 0x3107, 0x3108, 0x3108, 0x3108, 0x3108, 0x3128, 0x3108, 0x3108, 0x3108, 0x3108, 0x3108, 0x3108, 0x3108, 0x3108, 
	0x3108, 0x3108, 0x3108, 0x3108, 0x3108, 0x3108, 0x3108, 0x3108, 0x3108, 0x3108, 0x3108, 0x3108, 0x3129, 0x3129, 0x3108, 0x3129, 
	0x3129, 0x3129, 0x394A, 0x3129, 0x3129, 0x394A, 0x3929, 0x3929, 0x392A, 0x3929, 0x3929, 0x3929, 0x3929, 0x3929, 0x3929, 0x3929, 
	0x3929, 0x3929, 0x3929, 0x3929, 0x4149, 0x4149, 0x3929, 0x3929, 0x3929, 0x3929, 0x3929, 0x4129, 0x4129, 0x4129, 0x414A, 0x414A, 
	0x416A, 0x414A, 0x414A, 0x414A, 0x414A, 0x414A, 0x414A, 0x416A, 0x414A, 0x414A, 0x416A, 0x496A, 0x496A, 0x494A, 0x496A, 0x496A, 
	0x494A, 0x496B, 0x496A, 0x496A, 0x496A, 0x516B, 0x494B, 0x516B, 0x516B, 0x516B, 0x518B, 0x516B, 0x516B, 0x516B, 0x516B, 0x516B, 
	0x516B, 0x514A, 0x516B, 0x516B, 0x516B, 0x516B, 0x516B, 0x598B, 0x596B, 0x596B, 0x596B, 0x596B, 0x596B, 0x616B, 0x616B, 0x616C, 
	0x616B, 0x696C, 0x698C, 0x698C, 0x696C, 0x698C, 0x718C, 0x718C, 0x718C, 0x718C, 0x718C, 0x696C, 0x696C, 0x698C, 0x696C, 0x698C, 
	0x698C, 0x698C, 0x698C, 0x698C, 0x616B, 0x616B, 0x616B, 0x616B, 0x616B, 0x596B, 0x596B, 0x596B, 0x596B, 0x594A, 0x596B, 0x596B, 
	0x596B, 0x596B, 0x596A, 0x596A, 0x596B, 0x596B, 0x594A, 0x596A, 0x596A, 0x594A, 0x596B, 0x596A, 0x514A, 0x516A, 0x514A, 0x596B, 
	0x596B, 0x514A, 0x514A, 0x494A, 0x492A, 0x514A, 0x494A, 0x51AB, 0x518B, 0x4949, 0x494A, 0x4949, 0x4949, 0x4949, 0x4929, 0x4929, 
	0x4949, 0x4129, 0x4129, 0x4129, 0x4129, 0x4129, 0x4129, 0x4129, 0x4129, 0x4129, 0x4129, 0x4129, 0x4129, 0x4129, 0x4129, 0x4129, 
	0x4129, 0x4129, 0x4129, 0x4109, 0x516B, 0x518B, 0x4129, 0x4129, 0x4149, 0x4129, 0x4129, 0x4129, 0x4129, 0x4149, 0x4129, 0x4129, 
	0x4129, 0x4149, 0x4129, 0x4129, 0x4129, 0x3908, 0x3928, 0x3929, 0x3928, 0x3928, 0x3928, 0x3928, 0x4149, 0x3928, 0x3908, 0x3928, 
	0x3908, 0x3908, 0x3908, 0x3908, 0x3928, 0x3928, 0x4129, 0x3928, 0x3908, 0x3908, 0x3928, 0x3908, 0x3908, 0x3908, 0x3908, 0x3928, 
	0x28C6, 0x28E7, 0x28C6, 0x28E7, 0x28E7, 0x28E7, 0x28E7, 0x28C6, 0x28E7, 0x28E7, 0x28E7, 0x28E7, 0x28E7, 0x28E7, 0x28E7, 0x28E7, 
	0x28E7, 0x28E7, 0x28E7, 0x3107, 0x28E7, 0x28E7, 0x28E7, 0x28E7, 0x28E7, 0x28E7, 0x28E7, 0x3107, 0x28E7, 0x28E7, 0x30E7, 0x28E7, 
	0x28E7, 0x30E7, 0x3107, 0x28E7, 0x30E7, 0x3107, 0x30E7, 0x28E7, 0x30E7, 0x30E7, 0x30E7, 0x30E7, 0x30E7, 0x3107, 0x30E7, 0x30E7, 
	0x30E7, 0x30E7, 0x3107, 0x3107, 0x3107, 0x30E7, 0x3107, 0x30E7, 0x30E7, 0x3107, 0x30E7, 0x30E7, 0x3108, 0x30E7, 0x30E7, 0x30E7, 
	0x3107, 0x3107, 0x30E7, 0x3107, 0x3107, 0x28E7, 0x3107, 0x30E7, 0x3107, 0x3107, 0x3107, 0x3108, 0x30E7, 0x3107, 0x3107, 0x3107, 
	0x3107, 0x3107, 0x3107, 0x3107, 0x3107, 0x3108, 0x3108, 0x3108, 0x3108, 0x3107, 0x3108, 0x3108, 0x3108, 0x3108, 0x3128, 0x3108, 
	0x3108, 0x3128, 0x3108, 0x3108, 0x3108, 0x3108, 0x3108, 0x3108, 0x3108, 0x3108, 0x3108, 0x3128, 0x3108, 0x3128, 0x3108, 0x3109, 
	0x3109, 0x3129, 0x396B, 0x394A, 0x394A, 0x392A, 0x3129, 0x394A, 0x394A, 0x416A, 0x3949, 0x3929, 0x3929, 0x3929, 0x3929, 0x3929, 
	0x3929, 0x3929, 0x3929, 0x3929, 0x3929, 0x4129, 0x4129, 0x3929, 0x3929, 0x3929, 0x3929, 0x412A, 0x414A, 0x4129, 0x4129, 0x414A, 
	0x496A, 0x414A, 0x414A, 0x414A, 0x414A, 0x414A, 0x414A, 0x496A, 0x414A, 0x414A, 0x496A, 0x496A, 0x496A, 0x496A, 0x496B, 0x496B, 
	0x496A, 0x496A, 0x494A, 0x496A, 0x496B, 0x516B, 0x516B, 0x598C, 0x59AC, 0x516B, 0x516B, 0x516B, 0x516B, 0x516B, 0x516B, 0x516B, 
	0x516B, 0x516B, 0x516B, 0x516B, 0x516B, 0x516B, 0x598B, 0x596B, 0x596B, 0x596B, 0x598C, 0x618C, 0x596B, 0x596B, 0x618B, 0x616B, 
	0x616B, 0x698C, 0x698C, 0x698C, 0x698C, 0x718C, 0x718C, 0x718C, 0x718C, 0x718C, 0x718C, 0x718C, 0x718C, 0x698C, 0x698C, 0x71AC, 
	0x718C, 0x71AC, 0x718C, 0x696B, 0x616B, 0x618B, 0x618C, 0x618C, 0x618B, 0x596B, 0x596B, 0x596B, 0x596B, 0x596B, 0x596B, 0x596B, 
	0x596B, 0x594B, 0x596B, 0x596B, 0x594A, 0x594A, 0x594A, 0x594A, 0x594A, 0x594A, 0x596B, 0x596A, 0x514A, 0x514A, 0x512A, 0x596B, 
	0x594B, 0x492A, 0x494A, 0x494A, 0x494A, 0x494A, 0x514A, 0x4949, 0x4949, 0x494A, 0x4929, 0x4929, 0x4949, 0x4929, 0x4929, 0x4929, 
	0x4929, 0x4929, 0x4929, 0x4929, 0x4129, 0x4949, 0x4129, 0x4129, 0x4949, 0x4129, 0x4129, 0x4129, 0x4129, 0x4129, 0x4129, 0x4149, 
	0x4149, 0x4129, 0x4129, 0x4949, 0x494A, 0x494A, 0x4949, 0x494A, 0x494A, 0x4129, 0x4129, 0x4129, 0x4129, 0x4129, 0x4129, 0x4129, 
	0x4129, 0x4129, 0x4129, 0x4129, 0x4129, 0x3929, 0x4129, 0x4149, 0x3928, 0x3929, 0x3928, 0x3908, 0x3928, 0x3928, 0x3928, 0x3928, 
	0x3928, 0x3908, 0x3928, 0x3908, 0x3928, 0x3928, 0x3908, 0x3929, 0x3928, 0x3908, 0x3908, 0x3908, 0x3908, 0x3928, 0x3928, 0x3908, 
	0x28E6, 0x28E7, 0x28E7, 0x28E7, 0x28E7, 0x28E7, 0x28E7, 0x28E7, 0x28E7, 0x28E7, 0x28E7, 0x28E7, 0x28E7, 0x28E7, 0x3107, 0x28E7, 
	0x28E7, 0x2907, 0x28E7, 0x28E7, 0x28E7, 0x28E7, 0x28E7, 0x28E7, 0x30E7, 0x3107, 0x30E7, 0x3107, 0x28E7, 0x28E7, 0x3107, 0x30E7, 
	0x3107, 0x30E7, 0x3107, 0x3107, 0x28E7, 0x28E7, 0x30E7, 0x3107, 0x30E7, 0x30E7, 0x30E7, 0x3107, 0x3107, 0x3107, 0x30E7, 0x3107, 
	0x3107, 0x30E7, 0x3107, 0x3107, 0x3107, 0x3108, 0x3107, 0x3108, 0x30E7, 0x3107, 0x30E7, 0x30E7, 0x3108, 0x3107, 0x3107, 0x3107, 
	0x28E7, 0x30E7, 0x3107, 0x30E7, 0x3107, 0x30E7, 0x3108, 0x30E7, 0x3108, 0x3107, 0x3108, 0x3108, 0x28E7, 0x3108, 0x3108, 0x3107, 
	0x3108, 0x3107, 0x3107, 0x3107, 0x3108, 0x3108, 0x3108, 0x3108, 0x3107, 0x3108, 0x3108, 0x3108, 0x3108, 0x3108, 0x3108, 0x3108, 
	0x3108, 0x3128, 0x3108, 0x3108, 0x30E8, 0x3108, 0x3128, 0x3108, 0x3108, 0x3108, 0x3108, 0x3128, 0x3128, 0x3108, 0x3129, 0x3129, 
	0x392A, 0x394B, 0x396B, 0x394B, 0x394B, 0x394A, 0x394A, 0x3949, 0x3929, 0x394A, 0x3929, 0x3929, 0x3909, 0x3909, 0x3929, 0x3929, 
	0x3949, 0x4129, 0x3949, 0x3929, 0x3929, 0x3929, 0x3929, 0x3929, 0x414A, 0x3929, 0x3929, 0x414A, 0x3929, 0x4129, 0x414A, 0x412A, 
	0x412A, 0x414A, 0x414A, 0x496A, 0x416A, 0x416A, 0x416A, 0x416A, 0x414A, 0x496A, 0x496B, 0x414A, 0x496A, 0x494A, 0x494A, 0x496B, 
	0x496B, 0x494A, 0x496A, 0x496B, 0x516B, 0x518B, 0x598C, 0x518C, 0x59AC, 0x59AC, 0x516B, 0x514B, 0x516B, 0x516B, 0x516B, 0x516B, 
	0x516B, 0x598B, 0x596B, 0x596B, 0x596B, 0x516B, 0x516B, 0x596B, 0x596B, 0x596B, 0x598B, 0x596B, 0x596B, 0x618C, 0x618C, 0x698C, 
	0x698C, 0x698C, 0x696C, 0x698C, 0x698C, 0x718C, 0x71AC, 0x718C, 0x718D, 0x718C, 0x718C, 0x718C, 0x718C, 0x71AD, 0x718D, 0x718D, 
	0x718C, 0x71AD, 0x718D, 0x698C, 0x698C, 0x698C, 0x698C, 0x616B, 0x618C, 0x616B, 0x596B, 0x616B, 0x616B, 0x616B, 0x616B, 0x596B, 
	0x596B, 0x596B, 0x596B, 0x618B, 0x594A, 0x596A, 0x596B, 0x594A, 0x594B, 0x594A, 0x596A, 0x594A, 0x596A, 0x596A, 0x598C, 0x618C, 
	0x596B, 0x514A, 0x514A, 0x494A, 0x494A, 0x514A, 0x494A, 0x4949, 0x4929, 0x492A, 0x494A, 0x4929, 0x4949, 0x4949, 0x4929, 0x4949, 
	0x4929, 0x4929, 0x4949, 0x4929, 0x4949, 0x4949, 0x4129, 0x494A, 0x4149, 0x4129, 0x4149, 0x4129, 0x4149, 0x4149, 0x4149, 0x4129, 
	0x4149, 0x4949, 0x4129, 0x494A, 0x4129, 0x4129, 0x4149, 0x4129, 0x4949, 0x4129, 0x4149, 0x4129, 0x4149, 0x4129, 0x4149, 0x4149, 
	0x4129, 0x4129, 0x4129, 0x4129, 0x4129, 0x4129, 0x3929, 0x4129, 0x4129, 0x4149, 0x3929, 0x3928, 0x3928, 0x3928, 0x3928, 0x3908, 
	0x3929, 0x3929, 0x3928, 0x3928, 0x3928, 0x3928, 0x3908, 0x3928, 0x3928, 0x3908, 0x3908, 0x3928, 0x3928, 0x3928, 0x3928, 0x3908, 
	0x28E7, 0x28E7, 0x28E7, 0x28E7, 0x28E7, 0x28E7, 0x28E7, 0x28E7, 0x28E7, 0x2907, 0x28E7, 0x28E7, 0x28E7, 0x3107, 0x28E7, 0x28E7, 
	0x28E7, 0x28E7, 0x28E7, 0x3107, 0x28E7, 0x28E7, 0x3107, 0x3107, 0x28E7, 0x28E7, 0x30E7, 0x28E7, 0x30E7, 0x30E7, 0x30E7, 0x3107, 
	0x30E7, 0x28E7, 0x28E7, 0x30E7, 0x30E7, 0x30E7, 0x30E7, 0x3107, 0x3107, 0x30E7, 0x3107, 0x3107, 0x30E7, 0x30E7, 0x30E7, 0x30E7, 
	0x30E7, 0x3107, 0x30E7, 0x30E7, 0x3107, 0x3107, 0x30E7, 0x30E7, 0x3108, 0x3107, 0x3107, 0x3107, 0x3107, 0x30E7, 0x3108, 0x3107, 
	0x3107, 0x30E7, 0x3108, 0x3107, 0x3107, 0x3928, 0x3929, 0x30E7, 0x3108, 0x3107, 0x3107, 0x3108, 0x3108, 0x3108, 0x3108, 0x3108, 
	0x3108, 0x3108, 0x3108, 0x3108, 0x3108, 0x3108, 0x3108, 0x3108, 0x3108, 0x3108, 0x3108, 0x3108, 0x3108, 0x3108, 0x3108, 0x3108, 
	0x3108, 0x3108, 0x3108, 0x3108, 0x3108, 0x3108, 0x3108, 0x3108, 0x3108, 0x3929, 0x3108, 0x3108, 0x3128, 0x3128, 0x3108, 0x3929, 
	0x310A, 0x396B, 0x49EE, 0x41CD, 0x418C, 0x396B, 0x3929, 0x3929, 0x394A, 0x3929, 0x3929, 0x3929, 0x3909, 0x3929, 0x3929, 0x3929, 
	0x3929, 0x3929, 0x4129, 0x3929, 0x3929, 0x3929, 0x4129, 0x3929, 0x414A, 0x3929, 0x412A, 0x414A, 0x412A, 0x414A, 0x51AC, 0x416B, 
	0x414A, 0x414A, 0x414A, 0x496B, 0x496A, 0x414A, 0x414A, 0x416A, 0x496A, 0x496B, 0x496B, 0x496B, 0x496B, 0x496A, 0x496B, 0x496B, 
	0x496B, 0x496B, 0x518B, 0x518B, 0x518C, 0x518B, 0x598B, 0x514B, 0x598C, 0x598C, 0x516B, 0x516B, 0x516B, 0x516B, 0x516B, 0x516B, 
	0x516B, 0x516B, 0x514B, 0x516B, 0x596B, 0x596B, 0x596B, 0x596B, 0x596B, 0x598C, 0x598C, 0x596B, 0x618B, 0x596B, 0x616B, 0x618C, 
	0x618C, 0x698C, 0x616C, 0x696C, 0x698C, 0x718C, 0x71AC, 0x79AD, 0x79AD, 0x718C, 0x718C, 0x718D, 0x71AD, 0x79AD, 0x79AD, 0x718C, 
	0x718C, 0x71AD, 0x71AD, 0x71AD, 0x698C, 0x698C, 0x69AC, 0x698C, 0x698C, 0x698C, 0x616B, 0x616B, 0x618C, 0x618B, 0x616B, 0x616B, 
	0x618B, 0x618B, 0x596B, 0x596B, 0x596A, 0x594A, 0x596B, 0x594B, 0x594B, 0x594B, 0x594A, 0x514A, 0x514A, 0x596B, 0x618C, 0x594B, 
	0x514A, 0x516A, 0x514A, 0x494A, 0x494A, 0x514A, 0x4949, 0x516A, 0x598B, 0x514A, 0x516A, 0x494A, 0x494A, 0x4949, 0x4949, 0x494A, 
	0x4929, 0x4929, 0x4929, 0x4929, 0x4949, 0x4929, 0x4129, 0x4129, 0x4129, 0x4149, 0x4149, 0x4149, 0x4129, 0x4129, 0x4149, 0x4149, 
	0x4149, 0x494A, 0x4949, 0x4129, 0x4129, 0x4129, 0x4949, 0x4129, 0x4129, 0x4129, 0x4149, 0x494A, 0x494A, 0x414A, 0x496A, 0x414A, 
	0x4129, 0x4129, 0x4129, 0x4149, 0x4149, 0x4149, 0x4129, 0x4149, 0x4129, 0x3909, 0x3928, 0x3929, 0x3928, 0x3928, 0x3929, 0x3928, 
	0x4129, 0x4129, 0x3908, 0x3908, 0x3908, 0x3928, 0x3928, 0x3929, 0x3908, 0x3908, 0x3928, 0x3928, 0x3908, 0x3908, 0x3928, 0x3908, 
	0x28E7, 0x28E7, 0x28E7, 0x28E7, 0x30E7, 0x28E7, 0x28E7, 0x28E7, 0x28E7, 0x28E6, 0x28E7, 0x28E7, 0x28E7, 0x28E7, 0x3107, 0x3107, 
	0x28E7, 0x28E7, 0x30E7, 0x30E7, 0x3107, 0x3107, 0x30E7, 0x3107, 0x30E7, 0x30E7, 0x3107, 0x3107, 0x30E7, 0x28E7, 0x28E7, 0x3107, 
	0x28E7, 0x3108, 0x3108, 0x30E7, 0x3107, 0x3107, 0x30E7, 0x30E7, 0x30E7, 0x3107, 0x30E7, 0x3107, 0x3107, 0x30E7, 0x3107, 0x30E7, 
	0x3107, 0x3107, 0x30E7, 0x3108, 0x30E7, 0x3107, 0x30E7, 0x3108, 0x3107, 0x3107, 0x3107, 0x30E7, 0x3108, 0x3108, 0x3107, 0x3108, 
	0x3108, 0x3107, 0x3107, 0x30E7, 0x30E7, 0x3928, 0x3948, 0x3107, 0x3108, 0x3108, 0x3108, 0x3108, 0x3108, 0x3108, 0x3107, 0x3108, 
	0x3107, 0x3108, 0x3108, 0x3108, 0x3108, 0x3108, 0x3108, 0x3108, 0x3108, 0x3108, 0x3108, 0x3108, 0x3108, 0x3108, 0x3108, 0x3108, 
	0x3108, 0x3108, 0x3908, 0x3908, 0x3108, 0x3108, 0x3108, 0x3108, 0x3108, 0x3108, 0x3929, 0x3128, 0x3129, 0x3129, 0x3109, 0x3129, 
	0x394B, 0x41CE, 0x5A91, 0x5250, 0x41CD, 0x416B, 0x394A, 0x3949, 0x3929, 0x3929, 0x394A, 0x3929, 0x3929, 0x3929, 0x3929, 0x4129, 
	0x3929, 0x3929, 0x4149, 0x4149, 0x3929, 0x3929, 0x3929, 0x3929, 0x4149, 0x414A, 0x414A, 0x49AC, 0x49AC, 0x498C, 0x51CD, 0x518C, 
	0x496B, 0x392A, 0x496B, 0x498B, 0x496A, 0x414A, 0x414A, 0x496A, 0x414A, 0x496A, 0x496A, 0x496A, 0x494A, 0x496B, 0x496B, 0x496A, 
	0x496B, 0x498B, 0x518C, 0x518C, 0x518C, 0x516B, 0x516B, 0x516B, 0x516B, 0x598C, 0x598C, 0x516C, 0x516B, 0x518B, 0x598B, 0x516B, 
	0x516B, 0x596B, 0x596B, 0x596B, 0x596B, 0x596B, 0x596B, 0x596B, 0x594B, 0x598C, 0x618C, 0x596B, 0x618C, 0x618C, 0x618C, 0x616C, 
	0x616C, 0x698C, 0x696C, 0x698C, 0x698C, 0x698C, 0x698C, 0x718C, 0x79AD, 0x71AC, 0x71AD, 0x718D, 0x79AD, 0x718D, 0x71AD, 0x718C, 
	0x71AC, 0x71AD, 0x71AD, 0x71AD, 0x698C, 0x698C, 0x69AC, 0x69AC, 0x6A0E, 0x69CD, 0x61AC, 0x618C, 0x618C, 0x616B, 0x616B, 0x596B, 
	0x618B, 0x618B, 0x616B, 0x596A, 0x594A, 0x594A, 0x616B, 0x616B, 0x596B, 0x596B, 0x596B, 0x596B, 0x596B, 0x618C, 0x61AC, 0x596A, 
	0x514A, 0x514A, 0x514A, 0x516A, 0x514A, 0x514A, 0x514A, 0x516B, 0x598B, 0x514A, 0x494A, 0x494A, 0x4949, 0x494A, 0x4929, 0x4929, 
	0x4949, 0x4949, 0x4929, 0x4929, 0x4929, 0x4929, 0x494A, 0x4129, 0x4949, 0x4949, 0x4149, 0x4949, 0x4949, 0x4129, 0x4949, 0x4129, 
	0x4129, 0x4929, 0x4949, 0x4949, 0x4149, 0x494A, 0x4129, 0x4129, 0x494A, 0x494A, 0x4149, 0x496A, 0x414A, 0x4129, 0x496A, 0x414A, 
	0x4129, 0x4129, 0x4149, 0x4149, 0x4129, 0x4129, 0x4129, 0x3929, 0x4129, 0x4129, 0x4129, 0x3929, 0x3929, 0x3929, 0x3929, 0x3908, 
	0x3929, 0x3929, 0x3928, 0x3928, 0x3928, 0x3929, 0x3928, 0x3929, 0x3908, 0x3928, 0x3928, 0x3928, 0x3908, 0x3908, 0x3928, 0x3928, 
	0x28E7, 0x28E7, 0x28E7, 0x28E7, 0x28E7, 0x28E7, 0x28E7, 0x28E7, 0x28E7, 0x5A4D, 0x6B10, 0x30E7, 0x28E7, 0x30E7, 0x3107, 0x28E7, 
	0x3107, 0x3108, 0x30E7, 0x28E7, 0x3107, 0x3107, 0x30E7, 0x3128, 0x3107, 0x30E7, 0x3107, 0x28E7, 0x30E7, 0x3107, 0x3107, 0x3107, 
	0x3107, 0x30E7, 0x3107, 0x3107, 0x30E7, 0x30E7, 0x3108, 0x3128, 0x30E7, 0x3107, 0x30E7, 0x30E7, 0x30E7, 0x3107, 0x30E7, 0x30E7, 
	0x3108, 0x3107, 0x30E7, 0x30E8, 0x3108, 0x30E7, 0x3107, 0x3108, 0x3107, 0x3108, 0x3108, 0x30E7, 0x3108, 0x3108, 0x3107, 0x3107, 
	0x3107, 0x28E7, 0x30E7, 0x3108, 0x3108, 0x3108, 0x3108, 0x3108, 0x3108, 0x3108, 0x3108, 0x30E8, 0x3108, 0x3108, 0x3108, 0x3108, 
	0x3108, 0x3108, 0x3108, 0x3108, 0x3108, 0x3108, 0x3108, 0x3108, 0x3108, 0x3108, 0x3108, 0x3108, 0x3108, 0x3908, 0x3108, 0x3929, 
	0x3908, 0x3908, 0x3928, 0x3908, 0x3108, 0x3108, 0x3108, 0x3929, 0x3929, 0x3908, 0x3108, 0x3108, 0x3129, 0x3929, 0x3129, 0x394A, 
	0x396B, 0x41EE, 0x5AB1, 0x5291, 0x41AD, 0x394B, 0x392A, 0x394A, 0x394A, 0x414A, 0x3929, 0x3929, 0x3929, 0x3929, 0x3929, 0x414A, 
	0x3929, 0x4129, 0x4149, 0x4149, 0x3929, 0x4129, 0x3929, 0x4129, 0x414A, 0x3929, 0x412A, 0x51CC, 0x518C, 0x622E, 0x8BD4, 0x6A6F, 
	0x518C, 0x496B, 0x416B, 0x496B, 0x494A, 0x494A, 0x496A, 0x496A, 0x414A, 0x496A, 0x496A, 0x414A, 0x494A, 0x496B, 0x496B, 0x496A, 
	0x496B, 0x496B, 0x518C, 0x496B, 0x516B, 0x516B, 0x516B, 0x514B, 0x516B, 0x59AC, 0x598C, 0x516B, 0x516B, 0x516B, 0x516B, 0x516B, 
	0x516B, 0x596B, 0x596B, 0x596B, 0x596B, 0x596B, 0x594B, 0x596B, 0x598B, 0x61AC, 0x598C, 0x596B, 0x618B, 0x618C, 0x618C, 0x616C, 
	0x616C, 0x696C, 0x698C, 0x698C, 0x698C, 0x698C, 0x696C, 0x71AD, 0x79AD, 0x79AD, 0x79AD, 0x79AD, 0x79AD, 0x71AD, 0x718C, 0x71AC, 
	0x718C, 0x718C, 0x71AD, 0x71AD, 0x69AC, 0x71CD, 0x69AC, 0x69EE, 0x8B96, 0x6A2F, 0x618B, 0x616B, 0x618C, 0x618C, 0x616B, 0x616B, 
	0x616B, 0x616B, 0x616B, 0x596B, 0x596B, 0x616B, 0x596B, 0x616B, 0x594A, 0x596B, 0x596B, 0x596B, 0x594B, 0x596B, 0x596B, 0x516A, 
	0x514A, 0x514A, 0x516A, 0x514A, 0x494A, 0x514A, 0x514A, 0x514A, 0x514A, 0x494A, 0x492A, 0x494A, 0x494A, 0x494A, 0x494A, 0x4929, 
	0x514A, 0x4929, 0x4929, 0x494A, 0x4929, 0x4929, 0x492A, 0x4129, 0x4949, 0x4929, 0x4129, 0x4929, 0x4949, 0x4949, 0x494A, 0x4949, 
	0x4129, 0x4949, 0x4949, 0x4949, 0x4129, 0x4149, 0x4129, 0x4129, 0x494A, 0x494A, 0x414A, 0x4129, 0x496A, 0x59ED, 0x494A, 0x494A, 
	0x414A, 0x494A, 0x4129, 0x4129, 0x4129, 0x4149, 0x3929, 0x3929, 0x4149, 0x4129, 0x4129, 0x3929, 0x3928, 0x4129, 0x3929, 0x4149, 
	0x3929, 0x3928, 0x3929, 0x3928, 0x3928, 0x3928, 0x4129, 0x3929, 0x3928, 0x3928, 0x3928, 0x3928, 0x3908, 0x3908, 0x3908, 0x3928, 
	0x28E7, 0x30E7, 0x28E7, 0x28E7, 0x28E7, 0x28E7, 0x30E7, 0x28E7, 0x28E7, 0x5A2D, 0x5A6D, 0x28E7, 0x3107, 0x28E7, 0x30E7, 0x30E7, 
	0x3107, 0x3107, 0x30E7, 0x28E7, 0x28E7, 0x28E7, 0x30E7, 0x30E7, 0x30E7, 0x30E7, 0x3107, 0x3107, 0x3107, 0x30E7, 0x30E7, 0x3107, 
	0x30E7, 0x30E7, 0x30E7, 0x30E7, 0x3107, 0x3108, 0x30E7, 0x3108, 0x30E7, 0x30E7, 0x3107, 0x3107, 0x3108, 0x30E7, 0x30E7, 0x3108, 
	0x3107, 0x3108, 0x3108, 0x3107, 0x3108, 0x30E7, 0x3107, 0x3107, 0x3107, 0x3108, 0x30E7, 0x30E7, 0x3928, 0x3108, 0x3108, 0x30E7, 
	0x3108, 0x3107, 0x3108, 0x3108, 0x30E7, 0x3108, 0x3108, 0x3108, 0x3108, 0x3107, 0x3108, 0x3108, 0x3108, 0x3108, 0x3108, 0x3108, 
	0x3108, 0x3128, 0x3108, 0x3108, 0x3108, 0x30E8, 0x3108, 0x3108, 0x3108, 0x3108, 0x3108, 0x3108, 0x3108, 0x3928, 0x3908, 0x3108, 
	0x3108, 0x3908, 0x3908, 0x3108, 0x3908, 0x3108, 0x3108, 0x3928, 0x3908, 0x3908, 0x3909, 0x3929, 0x3108, 0x3108, 0x3109, 0x394A, 
	0x394A, 0x398C, 0x4A0E, 0x41CD, 0x396B, 0x396B, 0x392A, 0x3929, 0x3929, 0x3929, 0x3929, 0x3929, 0x3949, 0x3929, 0x4129, 0x4129, 
	0x3929, 0x414A, 0x4129, 0x4129, 0x4129, 0x4149, 0x4149, 0x4149, 0x414A, 0x412A, 0x414A, 0x59EC, 0x51CC, 0x72D0, 0xC5BA, 0x7B31, 
	0x494B, 0x494B, 0x414A, 0x496B, 0x494A, 0x494A, 0x496B, 0x496A, 0x496B, 0x498B, 0x496A, 0x496B, 0x496A, 0x496A, 0x496A, 0x496A, 
	0x496B, 0x518B, 0x51AC, 0x516B, 0x494A, 0x516B, 0x516B, 0x516B, 0x516B, 0x516B, 0x598C, 0x598C, 0x598C, 0x598B, 0x516B, 0x598B, 
	0x516B, 0x514B, 0x596B, 0x596B, 0x598B, 0x598B, 0x596B, 0x596B, 0x596B, 0x618B, 0x618C, 0x598B, 0x596B, 0x596B, 0x618C, 0x618C, 
	0x616C, 0x698C, 0x698C, 0x698C, 0x71AC, 0x718D, 0x698C, 0x71AD, 0x71AD, 0x718C, 0x718D, 0x71AD, 0x71AD, 0x718C, 0x718C, 0x71AC, 
	0x71AC, 0x71AD, 0x71AD, 0x71CD, 0x69AD, 0x69AC, 0x69CD, 0x69ED, 0x6A2F, 0x61CC, 0x618B, 0x616B, 0x616B, 0x618C, 0x618B, 0x616B, 
	0x618B, 0x616B, 0x616B, 0x616B, 0x616B, 0x616B, 0x596B, 0x616B, 0x594B, 0x594B, 0x616B, 0x596B, 0x594A, 0x596B, 0x596B, 0x514A, 
	0x514A, 0x514A, 0x516A, 0x516A, 0x514A, 0x514A, 0x514A, 0x514A, 0x492A, 0x494A, 0x492A, 0x492A, 0x494A, 0x4929, 0x514A, 0x492A, 
	0x494A, 0x4929, 0x4929, 0x492A, 0x492A, 0x494A, 0x494A, 0x494A, 0x4949, 0x4949, 0x4949, 0x4949, 0x4949, 0x4949, 0x4929, 0x494A, 
	0x494A, 0x494A, 0x4949, 0x494A, 0x4949, 0x494A, 0x4129, 0x414A, 0x414A, 0x4149, 0x494A, 0x494A, 0x51AC, 0x6AB1, 0x496A, 0x4129, 
	0x4129, 0x414A, 0x4149, 0x4129, 0x4129, 0x4129, 0x3929, 0x4129, 0x3929, 0x3929, 0x3929, 0x3929, 0x3929, 0x3928, 0x3928, 0x4129, 
	0x3929, 0x3909, 0x3928, 0x3929, 0x3908, 0x3908, 0x4129, 0x4128, 0x3908, 0x3928, 0x3928, 0x3928, 0x3908, 0x3908, 0x3928, 0x3908, 
	0x28E7, 0x30E7, 0x28E7, 0x28E7, 0x28E7, 0x30E7, 0x30E7, 0x30E7, 0x30E7, 0x30E7, 0x28C7, 0x3107, 0x28E7, 0x30E7, 0x30E7, 0x3107, 
	0x30E7, 0x30E7, 0x28E7, 0x30E7, 0x30E7, 0x30E7, 0x3107, 0x30E7, 0x3107, 0x30E7, 0x30E7, 0x3107, 0x30E7, 0x30E7, 0x3108, 0x30E7, 
	0x30E7, 0x30E7, 0x30E7, 0x30E7, 0x3108, 0x3108, 0x30E7, 0x30E7, 0x30E7, 0x3107, 0x3107, 0x30E7, 0x3108, 0x3108, 0x3108, 0x3108, 
	0x30E7, 0x30E7, 0x3108, 0x3107, 0x3108, 0x3108, 0x3108, 0x3108, 0x3108, 0x3928, 0x3108, 0x3128, 0x3128, 0x3108, 0x3108, 0x3108, 
	0x3928, 0x3107, 0x3107, 0x3108, 0x3108, 0x3108, 0x3108, 0x3108, 0x3108, 0x3108, 0x3108, 0x3108, 0x3108, 0x3108, 0x3108, 0x3108, 
	0x3108, 0x3108, 0x3108, 0x3108, 0x3108, 0x3108, 0x3908, 0x3108, 0x3908, 0x3908, 0x3908, 0x3108, 0x3908, 0x3908, 0x3108, 0x3108, 
	0x3908, 0x3908, 0x3108, 0x3108, 0x3108, 0x3908, 0x3908, 0x3908, 0x3908, 0x3908, 0x3909, 0x3908, 0x3128, 0x3129, 0x3129, 0x3929, 
	0x394A, 0x418B, 0x418B, 0x416B, 0x416B, 0x394A, 0x3929, 0x394A, 0x3929, 0x3929, 0x3929, 0x3929, 0x4129, 0x4149, 0x4149, 0x4129, 
	0x4129, 0x4129, 0x3929, 0x3929, 0x3929, 0x4129, 0x4149, 0x4129, 0x4129, 0x414A, 0x414A, 0x496A, 0x496B, 0x51AC, 0x620D, 0x51CC, 
	0x518B, 0x496B, 0x414A, 0x496A, 0x496A, 0x496A, 0x496B, 0x496B, 0x498B, 0x496B, 0x496A, 0x496A, 0x496A, 0x496B, 0x496B, 0x496B, 
	0x518B, 0x59EE, 0x59CD, 0x518B, 0x518B, 0x516B, 0x516B, 0x516B, 0x516B, 0x514B, 0x598B, 0x598C, 0x598B, 0x516B, 0x514B, 0x596B, 
	0x514B, 0x514B, 0x598B, 0x598B, 0x598B, 0x598B, 0x596B, 0x596B, 0x618C, 0x618C, 0x596B, 0x596B, 0x598B, 0x596B, 0x618C, 0x61AC, 
	0x616B, 0x616C, 0x698C, 0x698C, 0x698C, 0x696C, 0x698C, 0x718C, 0x71AD, 0x718D, 0x718D, 0x71AD, 0x71AD, 0x71AC, 0x71AC, 0x71AD, 
	0x718D, 0x79CD, 0x79CD, 0x718D, 0x69AD, 0x69AC, 0x71AD, 0x69AD, 0x69AC, 0x618C, 0x618C, 0x618C, 0x618C, 0x698C, 0x618C, 0x618C, 
	0x618C, 0x69AC, 0x698C, 0x616B, 0x616B, 0x616B, 0x594B, 0x596B, 0x616B, 0x596B, 0x616B, 0x596B, 0x596B, 0x594A, 0x594A, 0x596B, 
	0x596B, 0x514A, 0x514A, 0x514A, 0x514A, 0x514A, 0x514A, 0x514A, 0x514A, 0x514A, 0x514A, 0x494A, 0x494A, 0x494A, 0x494A, 0x492A, 
	0x4929, 0x4929, 0x514A, 0x492A, 0x516A, 0x514A, 0x4929, 0x494A, 0x4949, 0x4929, 0x496A, 0x4949, 0x494A, 0x494A, 0x494A, 0x4949, 
	0x494A, 0x4929, 0x496A, 0x59ED, 0x494A, 0x4149, 0x4129, 0x4129, 0x494A, 0x414A, 0x414A, 0x494A, 0x414A, 0x412A, 0x4149, 0x494A, 
	0x4129, 0x414A, 0x4129, 0x4129, 0x4149, 0x4149, 0x4129, 0x4149, 0x3929, 0x3929, 0x4129, 0x3929, 0x3929, 0x3929, 0x4129, 0x3928, 
	0x3908, 0x4129, 0x3929, 0x3908, 0x3929, 0x3928, 0x3908, 0x3928, 0x3929, 0x3908, 0x3908, 0x3908, 0x3908, 0x3928, 0x3928, 0x3928, 
	0x3107, 0x28E7, 0x28E7, 0x28E7, 0x28E7, 0x28E7, 0x28E7, 0x28E7, 0x30E7, 0x3107, 0x30E7, 0x30E7, 0x3108, 0x30E7, 0x30E7, 0x30E7, 
	0x30E7, 0x30E7, 0x30E7, 0x30E7, 0x30E7, 0x30E7, 0x30E7, 0x30E7, 0x30E7, 0x30E7, 0x30E7, 0x30E7, 0x30E7, 0x30E7, 0x30E7, 0x30E7, 
	0x30E7, 0x30E7, 0x3108, 0x30E8, 0x30E7, 0x30E8, 0x30E8, 0x30E8, 0x30E7, 0x3108, 0x30E7, 0x30E8, 0x3108, 0x30E8, 0x3108, 0x3107, 
	0x30E8, 0x3108, 0x30E7, 0x3108, 0x3108, 0x30E7, 0x3108, 0x30E7, 0x3107, 0x3108, 0x3908, 0x3108, 0x3108, 0x3108, 0x30E7, 0x3928, 
	0x3949, 0x3108, 0x3108, 0x3108, 0x3108, 0x3108, 0x3108, 0x3108, 0x3108, 0x3108, 0x3108, 0x3108, 0x3108, 0x3108, 0x3108, 0x3108, 
	0x3108, 0x3108, 0x3108, 0x3108, 0x3108, 0x3108, 0x3908, 0x3108, 0x3108, 0x3908, 0x3928, 0x3908, 0x3929, 0x3108, 0x3908, 0x3908, 
	0x3908, 0x3908, 0x3108, 0x3929, 0x3108, 0x3108, 0x3908, 0x3908, 0x3908, 0x3929, 0x3929, 0x3929, 0x3929, 0x3129, 0x3129, 0x3129, 
	0x3129, 0x394A, 0x394A, 0x3929, 0x394A, 0x392A, 0x3929, 0x394A, 0x3929, 0x3929, 0x3929, 0x3929, 0x3929, 0x4129, 0x4129, 0x4149, 
	0x4149, 0x4149, 0x414A, 0x414A, 0x4129, 0x4129, 0x4149, 0x3949, 0x4149, 0x414A, 0x412A, 0x414A, 0x496B, 0x496B, 0x494B, 0x498B, 
	0x498B, 0x496B, 0x414A, 0x414A, 0x496A, 0x414A, 0x414A, 0x496B, 0x496B, 0x496B, 0x496A, 0x496B, 0x496B, 0x496B, 0x496B, 0x496B, 
	0x518B, 0x5A0E, 0x5A0E, 0x518B, 0x496B, 0x516B, 0x516B, 0x516B, 0x516B, 0x518B, 0x516B, 0x516B, 0x516B, 0x598B, 0x596B, 0x516B, 
	0x596B, 0x516B, 0x596B, 0x596B, 0x598B, 0x598B, 0x598B, 0x598C, 0x618C, 0x598C, 0x598B, 0x596B, 0x618C, 0x598C, 0x616C, 0x618C, 
	0x616B, 0x616C, 0x616C, 0x698C, 0x698C, 0x696C, 0x71AD, 0x71AC, 0x71AC, 0x71AD, 0x718D, 0x718D, 0x718D, 0x718D, 0x71AC, 0x718D, 
	0x71AD, 0x81EE, 0x81EE, 0x71AD, 0x71AD, 0x71AD, 0x69AC, 0x69AD, 0x69AC, 0x61AC, 0x618C, 0x618C, 0x618C, 0x698C, 0x618B, 0x616B, 
	0x698C, 0x71CE, 0x71CE, 0x616B, 0x616B, 0x616B, 0x616B, 0x616B, 0x616B, 0x596B, 0x596B, 0x596B, 0x596B, 0x596B, 0x596B, 0x596B, 
	0x596B, 0x514B, 0x596B, 0x514A, 0x514A, 0x514A, 0x514A, 0x514A, 0x514A, 0x514A, 0x494A, 0x514A, 0x514A, 0x514A, 0x494A, 0x514A, 
	0x514A, 0x494A, 0x514A, 0x4929, 0x494A, 0x494A, 0x4929, 0x494A, 0x492A, 0x4929, 0x494A, 0x494A, 0x494A, 0x4929, 0x494A, 0x4929, 
	0x494A, 0x494A, 0x496A, 0x496A, 0x4149, 0x494A, 0x494A, 0x4949, 0x494A, 0x414A, 0x414A, 0x494A, 0x494A, 0x494A, 0x496B, 0x414A, 
	0x414A, 0x412A, 0x4129, 0x4129, 0x4129, 0x4129, 0x4129, 0x4129, 0x4129, 0x4129, 0x4129, 0x3929, 0x3929, 0x4129, 0x4149, 0x4129, 
	0x4129, 0x4129, 0x4129, 0x3909, 0x4149, 0x4129, 0x3908, 0x4149, 0x49AC, 0x3928, 0x3928, 0x3928, 0x3908, 0x3908, 0x3908, 0x3928, 
	0x28E7, 0x28E7, 0x28E7, 0x28E7, 0x28E7, 0x28E7, 0x28E7, 0x3107, 0x30E7, 0x30E7, 0x28E7, 0x3108, 0x3108, 0x30E7, 0x30E7, 0x30E7, 
	0x30E7, 0x30E7, 0x30E7, 0x30E7, 0x30E7, 0x30E7, 0x3107, 0x3928, 0x30E7, 0x3108, 0x3107, 0x30E7, 0x3108, 0x3108, 0x3107, 0x3108, 
	0x30E7, 0x30E7, 0x30E7, 0x3108, 0x30E8, 0x30E7, 0x3107, 0x3108, 0x30E7, 0x30E8, 0x30E8, 0x3928, 0x3128, 0x3108, 0x3128, 0x3108, 
	0x3108, 0x3108, 0x3108, 0x3128, 0x3108, 0x3108, 0x3108, 0x3108, 0x3108, 0x3108, 0x3108, 0x3108, 0x3108, 0x3108, 0x3108, 0x3108, 
	0x3108, 0x3108, 0x3108, 0x30E7, 0x3108, 0x3108, 0x3108, 0x3108, 0x3108, 0x3108, 0x3108, 0x30E8, 0x3108, 0x3108, 0x3108, 0x3108, 
	0x3108, 0x3108, 0x3108, 0x3128, 0x3108, 0x3108, 0x3108, 0x3108, 0x3928, 0x3908, 0x3108, 0x3108, 0x3928, 0x3908, 0x3928, 0x3908, 
	0x3908, 0x3908, 0x3908, 0x3929, 0x3108, 0x3909, 0x3908, 0x3928, 0x3929, 0x3909, 0x3929, 0x3929, 0x3929, 0x3929, 0x3929, 0x3929, 
	0x3929, 0x3949, 0x3949, 0x3129, 0x3949, 0x3929, 0x3929, 0x3929, 0x392A, 0x3929, 0x3929, 0x3929, 0x4129, 0x3929, 0x3929, 0x3949, 
	0x4149, 0x4129, 0x4149, 0x414A, 0x414A, 0x4149, 0x4129, 0x414A, 0x414A, 0x4149, 0x4129, 0x414A, 0x412A, 0x412A, 0x414A, 0x416B, 
	0x496B, 0x414B, 0x496B, 0x496B, 0x496B, 0x414A, 0x494A, 0x496A, 0x496A, 0x496B, 0x496B, 0x496B, 0x496B, 0x496B, 0x496A, 0x518B, 
	0x496B, 0x496B, 0x51AC, 0x518B, 0x496B, 0x516B, 0x516B, 0x516B, 0x516B, 0x518B, 0x516B, 0x516B, 0x518B, 0x598B, 0x598B, 0x598B, 
	0x598B, 0x598B, 0x596B, 0x598C, 0x596B, 0x596B, 0x598B, 0x598C, 0x596C, 0x596B, 0x61AC, 0x61AC, 0x598B, 0x61AC, 0x618C, 0x616C, 
	0x618C, 0x618C, 0x616C, 0x618C, 0x698C, 0x698D, 0x71AD, 0x71AD, 0x698C, 0x71AC, 0x718D, 0x71AD, 0x71AD, 0x718D, 0x698C, 0x718D, 
	0x79CD, 0x79EE, 0x79EE, 0x71AD, 0x71AD, 0x71AD, 0x698C, 0x698C, 0x618C, 0x69AC, 0x616B, 0x616B, 0x618C, 0x616B, 0x618B, 0x698C, 
	0x698C, 0x698C, 0x69AD, 0x618C, 0x618B, 0x616B, 0x618B, 0x616B, 0x616B, 0x618B, 0x616B, 0x594A, 0x596B, 0x596B, 0x594A, 0x594B, 
	0x596B, 0x596B, 0x596B, 0x514A, 0x514A, 0x514A, 0x514A, 0x514A, 0x514A, 0x514A, 0x512A, 0x514A, 0x514A, 0x514A, 0x494A, 0x514A, 
	0x514A, 0x514A, 0x516A, 0x494A, 0x494A, 0x494A, 0x494A, 0x494A, 0x494A, 0x494A, 0x494A, 0x516B, 0x518B, 0x4949, 0x494A, 0x494A, 
	0x494A, 0x496A, 0x494A, 0x4949, 0x494A, 0x494A, 0x4949, 0x4149, 0x4149, 0x494A, 0x412A, 0x414A, 0x414A, 0x496A, 0x496B, 0x412A, 
	0x494A, 0x494A, 0x412A, 0x494A, 0x414A, 0x4149, 0x4129, 0x3929, 0x4129, 0x4129, 0x4129, 0x4129, 0x4129, 0x3929, 0x3929, 0x3929, 
	0x4129, 0x4149, 0x3929, 0x3929, 0x4149, 0x4149, 0x3929, 0x4149, 0x4149, 0x3928, 0x4129, 0x3928, 0x3928, 0x3928, 0x3908, 0x3928, 
	0x28E7, 0x28E7, 0x3107, 0x28E7, 0x30E7, 0x3107, 0x30E7, 0x30E7, 0x30E7, 0x3107, 0x30E7, 0x30E7, 0x30E7, 0x30E7, 0x3108, 0x3108, 
	0x3108, 0x30E7, 0x30E7, 0x30E7, 0x3107, 0x30E7, 0x3928, 0x3949, 0x30E7, 0x30E7, 0x3107, 0x30E7, 0x30E8, 0x3108, 0x30E8, 0x30E8, 
	0x3108, 0x3108, 0x3108, 0x3108, 0x3108, 0x30E7, 0x3108, 0x3107, 0x3108, 0x3108, 0x3108, 0x3928, 0x3108, 0x3108, 0x3108, 0x30E7, 
	0x3108, 0x3108, 0x3108, 0x3108, 0x3108, 0x3928, 0x3108, 0x3108, 0x3108, 0x3108, 0x3108, 0x3108, 0x3108, 0x3108, 0x3108, 0x3108, 
	0x30E7, 0x3108, 0x3108, 0x3108, 0x3108, 0x3108, 0x3108, 0x3108, 0x3108, 0x3108, 0x3108, 0x3108, 0x3108, 0x3108, 0x3108, 0x3108, 
	0x3108, 0x3108, 0x3108, 0x3108, 0x3108, 0x3928, 0x3108, 0x3108, 0x3928, 0x3908, 0x3908, 0x3108, 0x3908, 0x3908, 0x3928, 0x3108, 
	0x3928, 0x3928, 0x3908, 0x3909, 0x3929, 0x3929, 0x3929, 0x3908, 0x3929, 0x3909, 0x3929, 0x3929, 0x3929, 0x3929, 0x3929, 0x3929, 
	0x3929, 0x3949, 0x3949, 0x3949, 0x3949, 0x3929, 0x3929, 0x3929, 0x414A, 0x3929, 0x414A, 0x4149, 0x4149, 0x4129, 0x3929, 0x4149, 
	0x4129, 0x4129, 0x4149, 0x4149, 0x414A, 0x4129, 0x4129, 0x414A, 0x414A, 0x414A, 0x414A, 0x414A, 0x414A, 0x414A, 0x414A, 0x414A, 
	0x412A, 0x416B, 0x51CC, 0x496B, 0x498B, 0x496B, 0x496A, 0x496B, 0x494A, 0x496A, 0x496B, 0x496B, 0x498B, 0x498B, 0x496B, 0x496B, 
	0x496B, 0x496B, 0x496B, 0x496B, 0x496B, 0x496B, 0x516B, 0x518B, 0x518B, 0x59AC, 0x516B, 0x516B, 0x516B, 0x516B, 0x516B, 0x598B, 
	0x598B, 0x596B, 0x596B, 0x61AC, 0x596B, 0x596B, 0x616B, 0x618C, 0x618C, 0x61AC, 0x61AC, 0x61AC, 0x618C, 0x69ED, 0x61AD, 0x616B, 
	0x616C, 0x616C, 0x698C, 0x698C, 0x698C, 0x698C, 0x718D, 0x718D, 0x718C, 0x71AD, 0x71AC, 0x71AD, 0x71AD, 0x71AD, 0x71AD, 0x79CD, 
	0x71AD, 0x71AD, 0x79CD, 0x71AD, 0x71AD, 0x71AD, 0x69AD, 0x69AD, 0x698C, 0x698C, 0x618B, 0x618B, 0x618B, 0x618B, 0x618C, 0x69AC, 
	0x618C, 0x618C, 0x698C, 0x616C, 0x616B, 0x616B, 0x616C, 0x618C, 0x616B, 0x616B, 0x616B, 0x594B, 0x596B, 0x596A, 0x594A, 0x594A, 
	0x598B, 0x596A, 0x596B, 0x516A, 0x516A, 0x516B, 0x514A, 0x514A, 0x516A, 0x516A, 0x514A, 0x494A, 0x494A, 0x494A, 0x514A, 0x514A, 
	0x514A, 0x494A, 0x514A, 0x494A, 0x4929, 0x494A, 0x494A, 0x494A, 0x494A, 0x494A, 0x4929, 0x494A, 0x518B, 0x496A, 0x494A, 0x494A, 
	0x4949, 0x494A, 0x494A, 0x494A, 0x494A, 0x4129, 0x494A, 0x494A, 0x494A, 0x494A, 0x4129, 0x414A, 0x414A, 0x414A, 0x51CD, 0x5A0E, 
	0x496B, 0x494A, 0x4129, 0x494A, 0x414A, 0x494A, 0x4149, 0x4129, 0x4129, 0x4129, 0x4129, 0x3929, 0x4129, 0x4129, 0x3929, 0x4129, 
	0x3929, 0x4129, 0x4129, 0x3929, 0x3929, 0x4129, 0x4129, 0x4129, 0x3908, 0x4129, 0x4149, 0x3928, 0x3928, 0x3928, 0x3928, 0x3928, 
	0x30E7, 0x28E7, 0x3107, 0x3107, 0x3107, 0x3107, 0x30E7, 0x30E7, 0x30E7, 0x3107, 0x3107, 0x3108, 0x30E7, 0x30E7, 0x3108, 0x3108, 
	0x30E8, 0x30E8, 0x3108, 0x30E7, 0x3107, 0x3108, 0x3108, 0x3108, 0x3107, 0x3108, 0x3108, 0x3108, 0x3108, 0x3108, 0x3108, 0x30E7, 
	0x3108, 0x3108, 0x3108, 0x30E8, 0x3108, 0x3108, 0x3108, 0x3108, 0x3108, 0x3108, 0x30E8, 0x3108, 0x3108, 0x3108, 0x3108, 0x3108, 
	0x3108, 0x3108, 0x3108, 0x3108, 0x3108, 0x3108, 0x3108, 0x3108, 0x3108, 0x3108, 0x3108, 0x30E8, 0x3108, 0x3108, 0x3108, 0x3108, 
	0x3108, 0x3108, 0x3108, 0x3928, 0x3108, 0x3108, 0x3108, 0x3108, 0x3108, 0x30E8, 0x3108, 0x3108, 0x3108, 0x3108, 0x3108, 0x3928, 
	0x3128, 0x3108, 0x3108, 0x3108, 0x3108, 0x3908, 0x3908, 0x3929, 0x3908, 0x3908, 0x3929, 0x3108, 0x3908, 0x3929, 0x3929, 0x3929, 
	0x3909, 0x3908, 0x3908, 0x3929, 0x3909, 0x3909, 0x3909, 0x3909, 0x3929, 0x3929, 0x3929, 0x3929, 0x3929, 0x3929, 0x3929, 0x3929, 
	0x3929, 0x3929, 0x3929, 0x3949, 0x3949, 0x3929, 0x4149, 0x4149, 0x3929, 0x3929, 0x4129, 0x4129, 0x3929, 0x4129, 0x4129, 0x414A, 
	0x4149, 0x414A, 0x414A, 0x3929, 0x4149, 0x4149, 0x4149, 0x412A, 0x412A, 0x414A, 0x4129, 0x414A, 0x414A, 0x414A, 0x414A, 0x496B, 
	0x494A, 0x498B, 0x5A0D, 0x51AC, 0x494A, 0x494A, 0x496B, 0x498B, 0x496A, 0x496B, 0x496B, 0x498B, 0x496B, 0x496B, 0x496B, 0x496B, 
	0x496B, 0x516B, 0x496B, 0x518B, 0x516B, 0x496B, 0x516B, 0x518B, 0x518B, 0x518B, 0x516B, 0x516B, 0x598B, 0x598B, 0x598B, 0x598B, 
	0x598B, 0x596B, 0x596B, 0x598C, 0x596B, 0x596B, 0x618C, 0x618C, 0x598C, 0x61CD, 0x598C, 0x618C, 0x61AC, 0x618C, 0x61AC, 0x618C, 
	0x698C, 0x616C, 0x69AC, 0x698C, 0x69AC, 0x69AD, 0x71AD, 0x71AD, 0x71AD, 0x71AD, 0x71AD, 0x71AC, 0x71AD, 0x71AD, 0x71CE, 0x79CE, 
	0x71AD, 0x71AD, 0x71CD, 0x71AD, 0x71AD, 0x71AD, 0x69AD, 0x698D, 0x698C, 0x69AC, 0x618C, 0x618C, 0x618B, 0x618B, 0x618C, 0x698C, 
	0x698C, 0x698C, 0x698C, 0x618C, 0x618C, 0x616C, 0x616C, 0x698C, 0x616B, 0x614B, 0x616B, 0x596B, 0x596B, 0x596B, 0x596B, 0x594A, 
	0x596A, 0x514A, 0x514A, 0x596B, 0x514A, 0x514A, 0x514A, 0x516B, 0x516A, 0x514A, 0x514A, 0x494A, 0x514A, 0x514A, 0x514A, 0x514A, 
	0x514A, 0x514A, 0x494A, 0x4949, 0x494A, 0x494A, 0x494A, 0x494A, 0x494A, 0x494A, 0x494A, 0x494A, 0x496A, 0x494A, 0x492A, 0x494A, 
	0x496A, 0x494A, 0x494A, 0x414A, 0x494A, 0x4149, 0x494A, 0x494A, 0x494A, 0x494A, 0x494A, 0x494A, 0x494A, 0x496A, 0x51AC, 0x624F, 
	0x414A, 0x4149, 0x414A, 0x498B, 0x496A, 0x4129, 0x4129, 0x4129, 0x4129, 0x3909, 0x4129, 0x3929, 0x4129, 0x4129, 0x3909, 0x4129, 
	0x3909, 0x4129, 0x4129, 0x4129, 0x4129, 0x4129, 0x3908, 0x4129, 0x3928, 0x3928, 0x3928, 0x3928, 0x3908, 0x3928, 0x3928, 0x3928, 
	0x30E7, 0x28E7, 0x28E7, 0x28E7, 0x3107, 0x30E7, 0x3107, 0x3108, 0x30E7, 0x30E7, 0x30E7, 0x3108, 0x3107, 0x3107, 0x30E7, 0x3107, 
	0x30E7, 0x3108, 0x3108, 0x3107, 0x3108, 0x3108, 0x3108, 0x3107, 0x3108, 0x3108, 0x30E8, 0x3108, 0x30E8, 0x3108, 0x3108, 0x3108, 
	0x3108, 0x30E8, 0x3108, 0x30E7, 0x3108, 0x3108, 0x30E8, 0x3108, 0x3108, 0x3108, 0x3108, 0x3108, 0x3108, 0x3108, 0x3108, 0x3108, 
	0x3108, 0x3108, 0x3108, 0x3108, 0x3108, 0x3108, 0x3108, 0x3108, 0x3108, 0x3108, 0x3108, 0x3108, 0x3108, 0x3108, 0x3928, 0x3108, 
	0x3908, 0x3108, 0x3108, 0x3928, 0x3108, 0x3108, 0x3108, 0x3908, 0x3928, 0x3108, 0x3108, 0x3108, 0x3108, 0x3108, 0x3108, 0x3928, 
	0x3928, 0x3108, 0x3128, 0x3108, 0x3128, 0x3928, 0x3908, 0x3908, 0x3908, 0x3928, 0x3908, 0x3108, 0x3908, 0x3929, 0x3929, 0x3929, 
	0x3909, 0x3909, 0x3908, 0x3909, 0x3929, 0x3909, 0x3909, 0x3929, 0x3909, 0x3929, 0x3929, 0x3909, 0x3908, 0x3929, 0x3929, 0x3929, 
	0x3929, 0x3929, 0x3929, 0x3929, 0x3949, 0x3929, 0x3929, 0x4149, 0x4149, 0x4129, 0x4149, 0x4129, 0x4129, 0x4129, 0x4129, 0x414A, 
	0x4149, 0x414A, 0x414A, 0x4149, 0x4149, 0x4149, 0x414A, 0x412A, 0x414A, 0x496A, 0x414A, 0x414A, 0x414A, 0x414A, 0x414A, 0x416A, 
	0x496B, 0x496B, 0x496B, 0x496B, 0x496B, 0x496B, 0x498B, 0x496B, 0x496B, 0x496B, 0x496B, 0x496B, 0x494B, 0x496B, 0x518B, 0x496B, 
	0x516B, 0x496B, 0x496B, 0x51AC, 0x518B, 0x518B, 0x516B, 0x516B, 0x598C, 0x516B, 0x516B, 0x598B, 0x598B, 0x516B, 0x596B, 0x598B, 
	0x596B, 0x596B, 0x598B, 0x598B, 0x618C, 0x596C, 0x618C, 0x61AC, 0x61CD, 0x6A0E, 0x61AC, 0x61AC, 0x61AC, 0x618C, 0x618D, 0x618C, 
	0x618C, 0x698C, 0x69AC, 0x69AC, 0x69AC, 0x69AC, 0x698C, 0x698D, 0x71AD, 0x71AD, 0x69AC, 0x69AC, 0x69AD, 0x71AD, 0x79EE, 0x79AE, 
	0x71AD, 0x71CD, 0x71AD, 0x71AD, 0x71AD, 0x71CD, 0x71CD, 0x69AD, 0x69AD, 0x69AD, 0x69AD, 0x69AC, 0x618C, 0x618C, 0x618B, 0x698C, 
	0x698C, 0x698C, 0x698C, 0x696B, 0x698C, 0x698C, 0x696C, 0x698C, 0x618C, 0x616B, 0x618B, 0x616B, 0x594B, 0x596B, 0x594A, 0x596B, 
	0x594B, 0x596B, 0x516A, 0x516B, 0x514A, 0x514A, 0x516B, 0x514A, 0x514A, 0x514A, 0x514A, 0x514A, 0x516A, 0x514A, 0x514A, 0x514A, 
	0x514A, 0x516A, 0x514A, 0x494A, 0x494A, 0x494A, 0x494A, 0x494A, 0x494A, 0x494A, 0x494A, 0x494A, 0x494A, 0x494A, 0x494A, 0x494A, 
	0x496A, 0x494A, 0x494A, 0x494A, 0x494A, 0x494A, 0x4949, 0x4929, 0x494A, 0x494A, 0x496A, 0x494A, 0x494A, 0x496A, 0x4129, 0x498B, 
	0x496A, 0x414A, 0x414A, 0x414A, 0x496A, 0x414A, 0x4129, 0x4129, 0x4149, 0x4149, 0x414A, 0x414A, 0x4949, 0x494A, 0x4149, 0x4129, 
	0x4129, 0x4129, 0x4129, 0x4129, 0x4129, 0x3909, 0x4129, 0x4149, 0x4129, 0x3928, 0x3908, 0x3908, 0x3929, 0x3908, 0x3929, 0x3928, 
	0x28E7, 0x28E7, 0x28E7, 0x28E7, 0x3107, 0x30E7, 0x3107, 0x30E7, 0x30E7, 0x3107, 0x30E7, 0x3107, 0x30E7, 0x3108, 0x30E7, 0x3108, 
	0x3108, 0x3108, 0x3108, 0x30E7, 0x3107, 0x3108, 0x3108, 0x3108, 0x30E8, 0x3108, 0x30E8, 0x3108, 0x3108, 0x30E7, 0x3107, 0x3108, 
	0x3108, 0x30E8, 0x3108, 0x3108, 0x3108, 0x3108, 0x3108, 0x3108, 0x3108, 0x3928, 0x3108, 0x3108, 0x3108, 0x3108, 0x3108, 0x3108, 
	0x3108, 0x3108, 0x30E8, 0x3108, 0x3108, 0x3108, 0x3108, 0x3108, 0x3108, 0x3108, 0x3108, 0x3928, 0x3108, 0x3108, 0x3928, 0x3108, 
	0x3108, 0x3128, 0x3108, 0x3108, 0x3108, 0x3108, 0x3108, 0x3108, 0x3108, 0x3108, 0x3928, 0x3928, 0x3108, 0x3108, 0x3108, 0x3928, 
	0x3108, 0x3928, 0x3108, 0x3108, 0x3908, 0x3908, 0x3908, 0x3908, 0x3908, 0x3108, 0x3929, 0x3928, 0x3908, 0x3909, 0x3909, 0x3929, 
	0x3929, 0x3929, 0x3908, 0x3909, 0x3909, 0x3909, 0x3929, 0x3929, 0x3909, 0x3929, 0x3929, 0x3929, 0x3929, 0x3929, 0x4149, 0x3929, 
	0x394A, 0x3949, 0x3929, 0x414A, 0x3929, 0x3929, 0x3929, 0x4149, 0x4149, 0x4149, 0x4129, 0x3929, 0x4129, 0x4149, 0x4149, 0x414A, 
	0x4129, 0x4129, 0x4149, 0x414A, 0x414A, 0x414A, 0x414A, 0x412A, 0x414A, 0x496A, 0x414A, 0x414A, 0x414A, 0x414A, 0x414A, 0x414A, 
	0x496A, 0x414A, 0x494A, 0x496A, 0x498B, 0x496B, 0x496B, 0x496B, 0x494B, 0x498B, 0x498B, 0x518B, 0x496B, 0x496B, 0x518B, 0x516B, 
	0x518B, 0x518B, 0x498B, 0x518B, 0x496B, 0x518B, 0x518B, 0x518B, 0x59AC, 0x518B, 0x598C, 0x516B, 0x598B, 0x516B, 0x598B, 0x598C, 
	0x596B, 0x598B, 0x598B, 0x598B, 0x598C, 0x618C, 0x596B, 0x618C, 0x61CC, 0x61CD, 0x61AC, 0x618C, 0x618C, 0x61AD, 0x69AD, 0x618C, 
	0x618C, 0x618C, 0x698C, 0x69AC, 0x698C, 0x698C, 0x698C, 0x698D, 0x71AD, 0x71AD, 0x71AD, 0x71AD, 0x71AD, 0x79EE, 0x8210, 0x79CE, 
	0x79CD, 0x79EE, 0x71CD, 0x71CD, 0x79EE, 0x71AD, 0x69AD, 0x69AD, 0x69AD, 0x698C, 0x69AD, 0x69AC, 0x618C, 0x618C, 0x618C, 0x698C, 
	0x698C, 0x698D, 0x698C, 0x698C, 0x698C, 0x71AC, 0x698C, 0x698C, 0x698C, 0x616B, 0x618B, 0x616B, 0x616B, 0x596B, 0x596B, 0x598B, 
	0x596B, 0x598B, 0x596B, 0x516A, 0x516B, 0x516B, 0x596B, 0x516A, 0x514A, 0x516A, 0x516A, 0x516A, 0x514A, 0x514A, 0x516A, 0x516A, 
	0x514A, 0x514A, 0x514A, 0x514A, 0x494A, 0x494A, 0x496A, 0x516A, 0x494A, 0x494A, 0x494A, 0x494A, 0x496A, 0x494A, 0x494A, 0x494A, 
	0x494A, 0x492A, 0x494A, 0x494A, 0x494A, 0x494A, 0x494A, 0x4149, 0x496A, 0x4149, 0x4949, 0x494A, 0x4149, 0x414A, 0x414A, 0x51AB, 
	0x51CC, 0x496A, 0x4129, 0x4129, 0x4149, 0x4149, 0x414A, 0x4129, 0x412A, 0x496A, 0x494A, 0x59CC, 0x6A2D, 0x514A, 0x518B, 0x4129, 
	0x4109, 0x4129, 0x4129, 0x4129, 0x4129, 0x4129, 0x4129, 0x3929, 0x4129, 0x4149, 0x3928, 0x3928, 0x3929, 0x3928, 0x3928, 0x4129, 
	0x3108, 0x3108, 0x3107, 0x30E7, 0x28E7, 0x30E7, 0x3107, 0x30E7, 0x3107, 0x30E7, 0x30E7, 0x3107, 0x3108, 0x3108, 0x3108, 0x3108, 
	0x3108, 0x3108, 0x30E8, 0x30E8, 0x3108, 0x30E7, 0x3108, 0x30E8, 0x30E8, 0x3108, 0x30E8, 0x30E8, 0x3108, 0x3108, 0x3107, 0x30E7, 
	0x3108, 0x3108, 0x3108, 0x3108, 0x3108, 0x3108, 0x3108, 0x3108, 0x3108, 0x3108, 0x3108, 0x3108, 0x3108, 0x3108, 0x3928, 0x3108, 
	0x3928, 0x3908, 0x3108, 0x3108, 0x3108, 0x3108, 0x3108, 0x3108, 0x3908, 0x3908, 0x3108, 0x3908, 0x3908, 0x3928, 0x3908, 0x3108, 
	0x3108, 0x3108, 0x3108, 0x3108, 0x3108, 0x3108, 0x3108, 0x3108, 0x3108, 0x3908, 0x3908, 0x3908, 0x3928, 0x3908, 0x3928, 0x3928, 
	0x3108, 0x3928, 0x3108, 0x3929, 0x3908, 0x3908, 0x3908, 0x3908, 0x3928, 0x3908, 0x3928, 0x3928, 0x3928, 0x3929, 0x3929, 0x3949, 
	0x3908, 0x3929, 0x3929, 0x3929, 0x3929, 0x3929, 0x3929, 0x3929, 0x3929, 0x3929, 0x3929, 0x3929, 0x3929, 0x3929, 0x3929, 0x3929, 
	0x394A, 0x3929, 0x3929, 0x3929, 0x3929, 0x414A, 0x4129, 0x4149, 0x3929, 0x3929, 0x414A, 0x4129, 0x414A, 0x414A, 0x414A, 0x412A, 
	0x414A, 0x414A, 0x414A, 0x414A, 0x412A, 0x414A, 0x416A, 0x412A, 0x414A, 0x414A, 0x412A, 0x414A, 0x414A, 0x414A, 0x414A, 0x414A, 
	0x496A, 0x496B, 0x496B, 0x496A, 0x498B, 0x496B, 0x496B, 0x496B, 0x496B, 0x496B, 0x496B, 0x496B, 0x516B, 0x516B, 0x518B, 0x518B, 
	0x496B, 0x518B, 0x496B, 0x498B, 0x516B, 0x496B, 0x518B, 0x518B, 0x59AC, 0x59AC, 0x598C, 0x596B, 0x598C, 0x598C, 0x598B, 0x598C, 
	0x596B, 0x596B, 0x598C, 0x598B, 0x598B, 0x598C, 0x598C, 0x61AC, 0x618C, 0x618C, 0x618C, 0x61AC, 0x618C, 0x618C, 0x69AD, 0x618C, 
	0x698C, 0x618C, 0x618C, 0x698C, 0x698C, 0x698C, 0x69AC, 0x69AD, 0x71AD, 0x698D, 0x71AD, 0x71CD, 0x71AD, 0x79CE, 0x820F, 0x79EE, 
	0x79CD, 0x79EE, 0x7A0E, 0x79CE, 0x79EF, 0x71AE, 0x698D, 0x69AD, 0x69AC, 0x69AC, 0x69AD, 0x698C, 0x698C, 0x69AC, 0x698C, 0x69AD, 
	0x698C, 0x698C, 0x698C, 0x698C, 0x698C, 0x698C, 0x698C, 0x696B, 0x696C, 0x616B, 0x616B, 0x616B, 0x616B, 0x596B, 0x596B, 0x596B, 
	0x516A, 0x596B, 0x596B, 0x516B, 0x516B, 0x514A, 0x516B, 0x516B, 0x514A, 0x514A, 0x516B, 0x514B, 0x516B, 0x516B, 0x514A, 0x516A, 
	0x514A, 0x514A, 0x516A, 0x514A, 0x516A, 0x514A, 0x494A, 0x496A, 0x494A, 0x494A, 0x494A, 0x494A, 0x496A, 0x494A, 0x494A, 0x494A, 
	0x494A, 0x494A, 0x496A, 0x494A, 0x494A, 0x518A, 0x496A, 0x4929, 0x4949, 0x494A, 0x494A, 0x414A, 0x4129, 0x4149, 0x4149, 0x496A, 
	0x496A, 0x4129, 0x414A, 0x414A, 0x4949, 0x4129, 0x414A, 0x412A, 0x496A, 0x518B, 0x59CB, 0xA454, 0xCE1A, 0x7ACF, 0x494A, 0x4129, 
	0x38E9, 0x414A, 0x4149, 0x4129, 0x4129, 0x4129, 0x4129, 0x4129, 0x4149, 0x4149, 0x4129, 0x4129, 0x4149, 0x4129, 0x4129, 0x4129, 
	0x3108, 0x3108, 0x28E7, 0x30E8, 0x30E7, 0x3107, 0x3108, 0x3108, 0x3108, 0x30E7, 0x3108, 0x3108, 0x3108, 0x3108, 0x3108, 0x30E7, 
	0x3108, 0x3108, 0x30E8, 0x3108, 0x3108, 0x3108, 0x3108, 0x30E8, 0x3108, 0x3108, 0x3108, 0x3108, 0x3108, 0x30E8, 0x3108, 0x3108, 
	0x3928, 0x3108, 0x3108, 0x3108, 0x3108, 0x3108, 0x3108, 0x3108, 0x3108, 0x3108, 0x3108, 0x3108, 0x30E8, 0x3108, 0x3108, 0x3108, 
	0x3108, 0x3108, 0x3928, 0x3908, 0x3108, 0x3108, 0x3908, 0x3928, 0x3908, 0x3908, 0x3908, 0x3108, 0x3108, 0x3928, 0x3108, 0x3108, 
	0x3108, 0x3108, 0x3108, 0x3108, 0x3908, 0x3108, 0x3908, 0x3928, 0x3908, 0x3929, 0x3908, 0x3908, 0x3908, 0x3908, 0x3908, 0x3908, 
	0x3108, 0x3108, 0x3108, 0x3909, 0x3909, 0x3908, 0x3929, 0x3928, 0x3929, 0x3928, 0x3929, 0x3908, 0x3929, 0x3908, 0x3908, 0x3929, 
	0x3908, 0x3909, 0x3909, 0x3929, 0x3929, 0x3929, 0x3929, 0x3909, 0x3929, 0x3909, 0x3929, 0x3929, 0x3929, 0x3929, 0x3929, 0x3949, 
	0x3929, 0x3949, 0x414A, 0x414A, 0x414A, 0x4149, 0x3929, 0x3929, 0x3949, 0x4129, 0x414A, 0x414A, 0x4129, 0x4149, 0x4129, 0x412A, 
	0x414A, 0x414A, 0x416A, 0x414A, 0x414A, 0x414A, 0x414A, 0x414A, 0x414A, 0x414A, 0x414A, 0x496B, 0x414A, 0x412A, 0x414A, 0x496B, 
	0x496B, 0x498B, 0x496B, 0x498B, 0x496B, 0x496B, 0x496B, 0x496B, 0x496B, 0x496B, 0x498B, 0x496B, 0x518B, 0x518C, 0x498B, 0x518B, 
	0x518B, 0x496B, 0x496B, 0x516B, 0x516B, 0x496B, 0x518B, 0x518B, 0x516B, 0x598C, 0x596B, 0x598C, 0x598B, 0x598C, 0x516B, 0x596C, 
	0x596B, 0x596B, 0x598C, 0x598C, 0x598C, 0x596B, 0x598C, 0x618C, 0x618C, 0x618C, 0x618C, 0x618C, 0x618C, 0x618C, 0x69CD, 0x69EE, 
	0x722F, 0x69AD, 0x618C, 0x69AD, 0x69AD, 0x69AD, 0x698C, 0x69AC, 0x69AD, 0x71AD, 0x71AD, 0x71CD, 0x79CD, 0x79CE, 0x79CE, 0x79CD, 
	0x71CD, 0x79EE, 0x822F, 0x822F, 0x8250, 0x7A0F, 0x71EE, 0x71CE, 0x69AD, 0x69AC, 0x69AD, 0x69AD, 0x69AC, 0x618C, 0x618B, 0x698C, 
	0x616B, 0x696C, 0x698C, 0x698C, 0x698C, 0x698C, 0x698C, 0x696C, 0x698C, 0x698C, 0x616B, 0x616B, 0x618C, 0x596B, 0x596B, 0x594A, 
	0x596B, 0x596B, 0x594B, 0x514B, 0x596B, 0x514B, 0x514A, 0x514A, 0x514A, 0x516A, 0x516B, 0x516B, 0x516B, 0x516B, 0x514A, 0x514A, 
	0x514A, 0x514A, 0x516A, 0x514A, 0x514A, 0x514A, 0x494A, 0x494A, 0x494A, 0x496A, 0x496A, 0x494A, 0x494A, 0x496A, 0x496A, 0x496A, 
	0x494A, 0x494A, 0x496A, 0x496A, 0x494A, 0x516A, 0x496A, 0x494A, 0x494A, 0x494A, 0x494A, 0x494A, 0x414A, 0x4149, 0x4129, 0x494A, 
	0x4149, 0x4129, 0x414A, 0x4149, 0x4129, 0x4129, 0x416A, 0x414A, 0x414A, 0x496A, 0x496A, 0x8371, 0xB557, 0x7ACF, 0x516A, 0x4129, 
	0x414A, 0x4149, 0x414A, 0x4149, 0x4149, 0x3929, 0x4129, 0x4149, 0x4149, 0x4129, 0x3909, 0x3909, 0x4149, 0x3929, 0x4128, 0x4128, 
	0x3107, 0x3108, 0x30E7, 0x30E7, 0x3108, 0x30E8, 0x3108, 0x30E7, 0x3108, 0x3108, 0x3128, 0x3108, 0x30E8, 0x3107, 0x30E7, 0x3108, 
	0x3908, 0x3108, 0x3108, 0x3108, 0x30E8, 0x30E8, 0x30E7, 0x30E8, 0x3908, 0x3108, 0x3108, 0x30E8, 0x3108, 0x3108, 0x3108, 0x3908, 
	0x3949, 0x3928, 0x3928, 0x3108, 0x3108, 0x3108, 0x3108, 0x3108, 0x3108, 0x3108, 0x3908, 0x3108, 0x3108, 0x3108, 0x3108, 0x3108, 
	0x3908, 0x3108, 0x3908, 0x3108, 0x3108, 0x3908, 0x3108, 0x3908, 0x3108, 0x3108, 0x3928, 0x3908, 0x3908, 0x3108, 0x3908, 0x3928, 
	0x3908, 0x3908, 0x3908, 0x3908, 0x3108, 0x3108, 0x3108, 0x3908, 0x3928, 0x3908, 0x3909, 0x3108, 0x3108, 0x3108, 0x3928, 0x3908, 
	0x3908, 0x3908, 0x3929, 0x3909, 0x3909, 0x3908, 0x3908, 0x3928, 0x3909, 0x3909, 0x414A, 0x3929, 0x3929, 0x3929, 0x3929, 0x3929, 
	0x3909, 0x3909, 0x3929, 0x3929, 0x3929, 0x3929, 0x3929, 0x3929, 0x3929, 0x3929, 0x3929, 0x3929, 0x3929, 0x3929, 0x3929, 0x3929, 
	0x3929, 0x3929, 0x3929, 0x3929, 0x414A, 0x3929, 0x4129, 0x3929, 0x3929, 0x412A, 0x414A, 0x414A, 0x4129, 0x414A, 0x414A, 0x412A, 
	0x412A, 0x414A, 0x414A, 0x414A, 0x494A, 0x414A, 0x414A, 0x416A, 0x414A, 0x414A, 0x414A, 0x416A, 0x414A, 0x414A, 0x494A, 0x416B, 
	0x496B, 0x494B, 0x496B, 0x72D2, 0x51AD, 0x496B, 0x496B, 0x498B, 0x496B, 0x496B, 0x496B, 0x496B, 0x496B, 0x518B, 0x518B, 0x518B, 
	0x518B, 0x496B, 0x518C, 0x518B, 0x496B, 0x516B, 0x518B, 0x516B, 0x516B, 0x598C, 0x598B, 0x598C, 0x596C, 0x598C, 0x598C, 0x598C, 
	0x598C, 0x596B, 0x596B, 0x598C, 0x618C, 0x598C, 0x61AC, 0x618C, 0x61AC, 0x618C, 0x618C, 0x61AC, 0x618C, 0x618C, 0x61AD, 0x720F, 
	0x8290, 0x69CD, 0x69AD, 0x69AD, 0x71CD, 0x698D, 0x69AD, 0x69AD, 0x69AC, 0x698D, 0x71AD, 0x71CD, 0x71CD, 0x79CD, 0x79CE, 0x79CD, 
	0x79EE, 0x820F, 0x8250, 0x9B74, 0xAC36, 0x8AF3, 0x8250, 0x7A0F, 0x69AD, 0x61AC, 0x61AC, 0x69AC, 0x698C, 0x698C, 0x698C, 0x698C, 
	0x698C, 0x698C, 0x718D, 0x718D, 0x698C, 0x698C, 0x698C, 0x698C, 0x698C, 0x698C, 0x618C, 0x616B, 0x616B, 0x596B, 0x596B, 0x596B, 
	0x596B, 0x596B, 0x516B, 0x596B, 0x596B, 0x596B, 0x514A, 0x596A, 0x514A, 0x516B, 0x514A, 0x514B, 0x514B, 0x516B, 0x516B, 0x514A, 
	0x514A, 0x514A, 0x514A, 0x514A, 0x514A, 0x514A, 0x514A, 0x516A, 0x516A, 0x494A, 0x516A, 0x496A, 0x516A, 0x516A, 0x494A, 0x494A, 
	0x496A, 0x518B, 0x496A, 0x496A, 0x494A, 0x494A, 0x494A, 0x494A, 0x494A, 0x494A, 0x494A, 0x496A, 0x494A, 0x4149, 0x494A, 0x496A, 
	0x414A, 0x414A, 0x4149, 0x4149, 0x4149, 0x4149, 0x4149, 0x4149, 0x414A, 0x414A, 0x494A, 0x498B, 0x59CC, 0x516B, 0x496B, 0x4129, 
	0x4129, 0x498C, 0x9457, 0x5A0D, 0x4129, 0x4149, 0x4129, 0x4129, 0x4129, 0x4129, 0x3929, 0x3909, 0x4129, 0x4129, 0x4129, 0x4129, 
	0x3107, 0x3108, 0x3108, 0x3108, 0x3108, 0x3108, 0x3108, 0x3108, 0x3108, 0x3108, 0x3108, 0x3108, 0x30E8, 0x3107, 0x30E7, 0x3108, 
	0x3108, 0x3908, 0x3908, 0x3108, 0x3108, 0x3108, 0x3108, 0x3108, 0x3108, 0x30E8, 0x30E8, 0x3108, 0x3108, 0x3108, 0x30E8, 0x3908, 
	0x3108, 0x3908, 0x3908, 0x30E8, 0x3908, 0x3108, 0x3108, 0x3108, 0x3108, 0x3108, 0x3928, 0x3108, 0x3108, 0x3908, 0x3108, 0x3908, 
	0x3929, 0x3928, 0x3928, 0x3108, 0x3908, 0x3928, 0x3108, 0x3908, 0x3108, 0x3108, 0x3108, 0x3108, 0x3108, 0x3908, 0x3908, 0x3928, 
	0x3108, 0x3908, 0x3908, 0x3928, 0x3908, 0x3908, 0x3908, 0x3908, 0x3908, 0x3928, 0x3929, 0x3908, 0x3108, 0x3928, 0x3908, 0x3908, 
	0x3908, 0x3929, 0x3929, 0x3909, 0x3908, 0x3909, 0x3108, 0x3928, 0x3909, 0x4129, 0x496B, 0x4129, 0x3929, 0x3929, 0x3929, 0x3929, 
	0x3929, 0x3929, 0x3929, 0x3929, 0x3929, 0x3929, 0x3909, 0x3929, 0x3929, 0x3929, 0x3929, 0x3929, 0x3929, 0x3929, 0x414A, 0x414A, 
	0x3929, 0x3929, 0x3929, 0x3929, 0x4149, 0x4129, 0x3929, 0x3929, 0x3929, 0x4129, 0x414A, 0x414A, 0x4149, 0x4149, 0x4149, 0x414A, 
	0x414A, 0x416A, 0x414A, 0x414A, 0x414A, 0x414A, 0x414A, 0x414A, 0x414A, 0x414A, 0x416A, 0x496A, 0x496A, 0x496B, 0x496B, 0x496B, 
	0x496B, 0x496B, 0x496B, 0x51CD, 0x51AC, 0x496B, 0x496B, 0x496B, 0x498B, 0x496B, 0x496B, 0x518B, 0x518B, 0x496B, 0x59AC, 0x59CD, 
	0x518C, 0x516B, 0x518C, 0x516B, 0x518B, 0x518B, 0x516B, 0x516B, 0x598B, 0x598B, 0x598B, 0x598C, 0x596C, 0x598C, 0x598C, 0x598C, 
	0x598C, 0x598C, 0x598C, 0x618C, 0x618C, 0x618C, 0x616C, 0x618C, 0x618C, 0x618C, 0x618C, 0x61AC, 0x69AC, 0x61AC, 0x69AC, 0x618C, 
	0x722E, 0x724F, 0x71EE, 0x71EE, 0x71CD, 0x69AD, 0x698D, 0x698C, 0x698C, 0x698C, 0x71AD, 0x69AD, 0x71AD, 0x71CD, 0x79CE, 0x79CE, 
	0x79EE, 0x8A50, 0x92B2, 0xC519, 0xE71E, 0xAC77, 0x8A91, 0x822F, 0x69AD, 0x69AC, 0x69AD, 0x698C, 0x698C, 0x698C, 0x698C, 0x698C, 
	0x698C, 0x718C, 0x718C, 0x718C, 0x718C, 0x718C, 0x71AD, 0x698C, 0x616C, 0x616B, 0x616C, 0x616B, 0x616B, 0x596B, 0x596B, 0x596B, 
	0x596B, 0x596B, 0x596B, 0x598B, 0x594B, 0x594B, 0x596B, 0x596B, 0x594B, 0x596B, 0x516B, 0x596B, 0x514B, 0x514A, 0x516B, 0x516A, 
	0x514A, 0x514A, 0x514A, 0x516B, 0x514A, 0x514A, 0x516A, 0x516A, 0x514A, 0x514A, 0x494A, 0x516A, 0x494A, 0x516A, 0x514A, 0x494A, 
	0x516A, 0x61CD, 0x518B, 0x494A, 0x496A, 0x494A, 0x496A, 0x496A, 0x496A, 0x4129, 0x494A, 0x494A, 0x494A, 0x494A, 0x494A, 0x4949, 
	0x4149, 0x496A, 0x414A, 0x4149, 0x4149, 0x4149, 0x4149, 0x4129, 0x414A, 0x414A, 0x412A, 0x414A, 0x496A, 0x412A, 0x496A, 0x414A, 
	0x496A, 0x498B, 0x628F, 0x498B, 0x414A, 0x4149, 0x4129, 0x4109, 0x4129, 0x4129, 0x3909, 0x4149, 0x4149, 0x4129, 0x4149, 0x4129, 
	0x3107, 0x30E7, 0x30E8, 0x3108, 0x30E8, 0x3928, 0x51CA, 0x4169, 0x3928, 0x3108, 0x30E8, 0x3908, 0x30E8, 0x3108, 0x3108, 0x3107, 
	0x30E8, 0x3908, 0x3108, 0x30E8, 0x3108, 0x3108, 0x3108, 0x3108, 0x3108, 0x3108, 0x3908, 0x3107, 0x3108, 0x3108, 0x3108, 0x3108, 
	0x3108, 0x3908, 0x3908, 0x3108, 0x3108, 0x3108, 0x3108, 0x3108, 0x3908, 0x3908, 0x3108, 0x3108, 0x30E8, 0x3908, 0x3908, 0x3908, 
	0x3929, 0x3108, 0x3108, 0x3108, 0x3108, 0x3108, 0x3928, 0x3108, 0x3908, 0x3928, 0x3108, 0x3108, 0x3108, 0x3108, 0x3908, 0x3908, 
	0x3928, 0x3928, 0x3908, 0x3928, 0x3908, 0x3928, 0x3928, 0x3908, 0x3908, 0x3908, 0x3928, 0x3908, 0x3928, 0x3928, 0x3928, 0x3928, 
	0x3929, 0x3909, 0x3909, 0x3909, 0x3909, 0x3929, 0x3908, 0x3949, 0x3909, 0x3929, 0x4149, 0x3929, 0x3929, 0x3929, 0x3909, 0x3929, 
	0x3929, 0x3929, 0x3929, 0x3929, 0x3929, 0x3929, 0x3929, 0x3929, 0x3929, 0x3929, 0x3929, 0x3929, 0x4129, 0x3929, 0x412A, 0x412A, 
	0x3929, 0x3929, 0x3929, 0x3929, 0x3929, 0x3929, 0x3929, 0x3929, 0x4129, 0x4129, 0x4149, 0x4149, 0x4149, 0x4129, 0x4149, 0x416A, 
	0x414A, 0x414A, 0x414A, 0x416A, 0x414A, 0x414A, 0x414A, 0x414A, 0x414A, 0x414A, 0x414A, 0x496A, 0x494A, 0x496B, 0x496B, 0x496B, 
	0x496B, 0x496B, 0x498B, 0x498B, 0x498B, 0x498C, 0x496B, 0x496B, 0x496B, 0x496B, 0x496B, 0x518B, 0x518C, 0x518C, 0x59CD, 0x59ED, 
	0x51AC, 0x518B, 0x516B, 0x518C, 0x518C, 0x518C, 0x518B, 0x518B, 0x518B, 0x518B, 0x598B, 0x598C, 0x598C, 0x596B, 0x598B, 0x598C, 
	0x618C, 0x598C, 0x618C, 0x618C, 0x61CD, 0x618C, 0x61AC, 0x618C, 0x618C, 0x618C, 0x61AC, 0x61AC, 0x69AC, 0x69AC, 0x69AD, 0x618D, 
	0xA416, 0xB51A, 0x71EE, 0x71AD, 0x698D, 0x69AD, 0x698C, 0x698C, 0x698D, 0x69AD, 0x71AD, 0x69AC, 0x69AC, 0x71AD, 0x79CE, 0x79CE, 
	0x79EE, 0x822F, 0x8A70, 0xAC37, 0xCD9B, 0xA3F6, 0x8251, 0x71EE, 0x71CD, 0x69CD, 0x69AD, 0x69AC, 0x698C, 0x698C, 0x698C, 0x698C, 
	0x698C, 0x698C, 0x718C, 0x718C, 0x71AD, 0x71AD, 0x71AD, 0x71AD, 0x698C, 0x698C, 0x698C, 0x616B, 0x616B, 0x596B, 0x596B, 0x596B, 
	0x596B, 0x596B, 0x596B, 0x596B, 0x594B, 0x596B, 0x596B, 0x596A, 0x596B, 0x598B, 0x596B, 0x596B, 0x596B, 0x516B, 0x596B, 0x516A, 
	0x514A, 0x514A, 0x514A, 0x516A, 0x514A, 0x514A, 0x516A, 0x514A, 0x514A, 0x516B, 0x516A, 0x516A, 0x494A, 0x516A, 0x516A, 0x516A, 
	0x496A, 0x516A, 0x516A, 0x496A, 0x494A, 0x494A, 0x516A, 0x494A, 0x494A, 0x494A, 0x494A, 0x494A, 0x494A, 0x4149, 0x494A, 0x496A, 
	0x496A, 0x494A, 0x414A, 0x494A, 0x4149, 0x4129, 0x4149, 0x4129, 0x4129, 0x4149, 0x4149, 0x412A, 0x414A, 0x412A, 0x412A, 0x4129, 
	0x414A, 0x494A, 0x4129, 0x4149, 0x416A, 0x4129, 0x4129, 0x4129, 0x4149, 0x4149, 0x4149, 0x4149, 0x4149, 0x3908, 0x4129, 0x4149, 
	0x3107, 0x30E7, 0x30E8, 0x3928, 0x30E8, 0x418A, 0x730F, 0x628D, 0x3908, 0x3108, 0x3909, 0x4149, 0x3908, 0x3108, 0x3108, 0x3108, 
	0x3108, 0x3928, 0x3108, 0x3108, 0x3108, 0x3108, 0x3108, 0x3108, 0x30E8, 0x3908, 0x3928, 0x418A, 0x416A, 0x3908, 0x3108, 0x3108, 
	0x3108, 0x3908, 0x3108, 0x3108, 0x30E8, 0x30E8, 0x3928, 0x3908, 0x3908, 0x3908, 0x3108, 0x3108, 0x3108, 0x3108, 0x3928, 0x3928, 
	0x3908, 0x3108, 0x3108, 0x3108, 0x3108, 0x3108, 0x3928, 0x3928, 0x3908, 0x3108, 0x3108, 0x3908, 0x3108, 0x3108, 0x3928, 0x3908, 
	0x3928, 0x3908, 0x3908, 0x3908, 0x3908, 0x3928, 0x3908, 0x3908, 0x3928, 0x3928, 0x3928, 0x3928, 0x3928, 0x498C, 0x51AD, 0x3909, 
	0x3929, 0x3909, 0x3929, 0x3929, 0x3909, 0x3929, 0x3929, 0x3909, 0x3929, 0x3928, 0x3929, 0x3929, 0x4129, 0x3909, 0x3929, 0x3929, 
	0x3929, 0x3909, 0x4149, 0x3929, 0x4149, 0x3929, 0x4129, 0x4129, 0x4129, 0x3929, 0x3929, 0x3929, 0x4129, 0x4129, 0x4129, 0x3929, 
	0x3929, 0x414A, 0x414A, 0x3929, 0x3929, 0x3929, 0x4129, 0x4129, 0x4129, 0x4149, 0x414A, 0x4129, 0x414A, 0x4149, 0x414A, 0x414A, 
	0x414A, 0x414A, 0x414A, 0x414A, 0x414A, 0x414A, 0x414A, 0x414A, 0x496B, 0x494B, 0x414A, 0x496B, 0x496B, 0x496B, 0x496B, 0x496B, 
	0x498C, 0x518C, 0x498C, 0x498B, 0x498B, 0x51AC, 0x51AC, 0x496B, 0x498B, 0x518B, 0x496B, 0x496B, 0x51AC, 0x51AC, 0x518C, 0x51AC, 
	0x518C, 0x518B, 0x516B, 0x516B, 0x518B, 0x518B, 0x518B, 0x518B, 0x518B, 0x598B, 0x598C, 0x598C, 0x598C, 0x596C, 0x59AC, 0x598C, 
	0x598C, 0x618C, 0x598C, 0x69CE, 0x7A51, 0x618C, 0x618C, 0x61AC, 0x618C, 0x618C, 0x61CD, 0x61AC, 0x618C, 0x698C, 0x69AD, 0x69AD, 
	0x8AF2, 0x8B12, 0x71AD, 0x69AD, 0x69AD, 0x69AD, 0x698C, 0x69AC, 0x698D, 0x69AC, 0x71AD, 0x69AD, 0x69AC, 0x71AD, 0x71CD, 0x71CD, 
	0x71CD, 0x79CE, 0x820F, 0x8A91, 0x92D2, 0x8271, 0x8230, 0x71EE, 0x69AD, 0x69AD, 0x698C, 0x69AC, 0x698C, 0x698C, 0x69AC, 0x698C, 
	0x698C, 0x698C, 0x71AD, 0x718D, 0x71AD, 0x718D, 0x718C, 0x698C, 0x698C, 0x698C, 0x69AC, 0x698C, 0x618C, 0x596B, 0x596B, 0x596B, 
	0x618C, 0x596B, 0x596B, 0x596B, 0x596B, 0x596B, 0x596B, 0x596B, 0x596B, 0x598B, 0x516B, 0x516B, 0x596B, 0x598B, 0x516B, 0x516B, 
	0x516B, 0x514A, 0x516A, 0x596B, 0x516B, 0x516B, 0x516A, 0x516B, 0x514A, 0x516B, 0x516A, 0x494A, 0x494A, 0x516A, 0x516A, 0x516A, 
	0x516A, 0x496A, 0x496A, 0x496A, 0x494A, 0x494A, 0x516A, 0x7250, 0x59CD, 0x494A, 0x494A, 0x496A, 0x494A, 0x494A, 0x494A, 0x494A, 
	0x494A, 0x4149, 0x414A, 0x494A, 0x4149, 0x4149, 0x496A, 0x494A, 0x414A, 0x414A, 0x414A, 0x4129, 0x496A, 0x496A, 0x414A, 0x414A, 
	0x412A, 0x4149, 0x494A, 0x414A, 0x4129, 0x4129, 0x4129, 0x4149, 0x4129, 0x4129, 0x4169, 0x4169, 0x4129, 0x3928, 0x4129, 0x4149, 
	0x3108, 0x30E8, 0x3108, 0x3928, 0x3108, 0x3108, 0x4189, 0x4189, 0x3908, 0x3108, 0x3928, 0x3929, 0x3908, 0x30E8, 0x3108, 0x3928, 
	0x3108, 0x3108, 0x3108, 0x3108, 0x3108, 0x3108, 0x3928, 0x3108, 0x3108, 0x3908, 0x3928, 0x72B0, 0x5A0D, 0x3108, 0x3128, 0x3908, 
	0x3928, 0x3908, 0x3108, 0x3908, 0x3108, 0x3108, 0x3108, 0x3908, 0x3928, 0x3928, 0x3908, 0x3108, 0x3908, 0x3108, 0x3908, 0x3908, 
	0x3908, 0x3928, 0x3928, 0x3928, 0x3908, 0x3908, 0x3908, 0x3908, 0x3908, 0x3908, 0x3928, 0x3928, 0x3928, 0x3928, 0x3928, 0x3928, 
	0x3928, 0x3908, 0x3929, 0x3908, 0x3929, 0x3928, 0x3929, 0x3929, 0x3909, 0x3928, 0x3928, 0x3928, 0x3928, 0x416B, 0x416B, 0x3929, 
	0x3929, 0x3929, 0x3909, 0x3929, 0x3909, 0x3929, 0x3929, 0x3929, 0x3929, 0x3928, 0x3929, 0x3929, 0x4149, 0x3929, 0x4129, 0x4129, 
	0x3909, 0x3929, 0x3929, 0x3929, 0x3929, 0x3929, 0x4149, 0x3929, 0x4129, 0x4129, 0x4129, 0x4149, 0x4129, 0x3929, 0x4129, 0x3929, 
	0x3929, 0x3929, 0x4149, 0x3929, 0x4129, 0x414A, 0x4149, 0x414A, 0x4129, 0x4129, 0x4129, 0x414A, 0x4149, 0x414A, 0x414A, 0x414A, 
	0x412A, 0x414A, 0x414A, 0x416A, 0x414A, 0x414A, 0x412A, 0x496B, 0x496B, 0x496B, 0x494B, 0x496B, 0x496B, 0x498B, 0x51AC, 0x59CD, 
	0x622E, 0x620D, 0x59CC, 0x498B, 0x518B, 0x51AC, 0x518C, 0x496B, 0x518B, 0x518B, 0x516B, 0x516B, 0x51AB, 0x518B, 0x516B, 0x518C, 
	0x518B, 0x518C, 0x518B, 0x518B, 0x518C, 0x518B, 0x598C, 0x518B, 0x59AC, 0x598B, 0x596B, 0x598C, 0x598C, 0x596B, 0x598C, 0x598C, 
	0x61AC, 0x61CD, 0x61AC, 0x61AD, 0x61AD, 0x61AC, 0x69CD, 0x61AC, 0x61AC, 0x61AC, 0x69AC, 0x61AC, 0x618C, 0x69AC, 0x69CD, 0x71CD, 
	0x71CD, 0x69AD, 0x71CD, 0x71CD, 0x71CD, 0x69AD, 0x69AC, 0x698C, 0x69AD, 0x698C, 0x69AD, 0x69AD, 0x69AD, 0x71AD, 0x71AD, 0x71CE, 
	0x71CD, 0x71CD, 0x79EE, 0x824F, 0x822F, 0x79EE, 0x71EE, 0x71ED, 0x69AD, 0x71CD, 0x69AD, 0x698C, 0x698C, 0x698C, 0x69AC, 0x69AC, 
	0x698C, 0x698C, 0x71AD, 0x71AD, 0x718C, 0x718D, 0x718C, 0x698C, 0x698C, 0x698C, 0x698C, 0x618C, 0x618C, 0x618C, 0x618C, 0x618C, 
	0x618C, 0x596B, 0x596B, 0x596B, 0x596B, 0x596B, 0x596B, 0x596B, 0x598B, 0x598B, 0x516B, 0x596B, 0x596B, 0x598B, 0x516B, 0x516B, 
	0x516B, 0x516A, 0x596B, 0x514A, 0x516B, 0x514A, 0x514A, 0x516B, 0x516B, 0x516B, 0x516B, 0x516A, 0x516A, 0x516A, 0x516A, 0x516A, 
	0x516A, 0x516A, 0x516A, 0x516B, 0x494A, 0x516A, 0x516B, 0x61EE, 0x59AB, 0x496A, 0x496A, 0x496A, 0x496A, 0x494A, 0x494A, 0x4149, 
	0x496A, 0x496A, 0x494A, 0x494A, 0x494A, 0x494A, 0x494A, 0x494A, 0x412A, 0x412A, 0x414A, 0x414A, 0x496A, 0x494A, 0x414A, 0x494A, 
	0x4149, 0x4149, 0x414A, 0x4149, 0x4129, 0x4129, 0x4149, 0x4149, 0x4149, 0x4129, 0x4129, 0x4149, 0x4129, 0x3929, 0x4149, 0x4129, 
	0x30E8, 0x3108, 0x3108, 0x30E8, 0x30E8, 0x3908, 0x3108, 0x30E8, 0x3928, 0x3929, 0x30E8, 0x3108, 0x3909, 0x3108, 0x3108, 0x3108, 
	0x3108, 0x3108, 0x3108, 0x3908, 0x3108, 0x3908, 0x3928, 0x3928, 0x3908, 0x3928, 0x3928, 0x4149, 0x3929, 0x3908, 0x3108, 0x3108, 
	0x3908, 0x3909, 0x3928, 0x3908, 0x3928, 0x3908, 0x3108, 0x3928, 0x3108, 0x3108, 0x3928, 0x3108, 0x3108, 0x3108, 0x3108, 0x3908, 
	0x3108, 0x3908, 0x3928, 0x3928, 0x3928, 0x3928, 0x3908, 0x3929, 0x3928, 0x3908, 0x3928, 0x3908, 0x3908, 0x3908, 0x3908, 0x3929, 
	0x3929, 0x3929, 0x3928, 0x3908, 0x3929, 0x3908, 0x3929, 0x3929, 0x3929, 0x3929, 0x3908, 0x3929, 0x3928, 0x3929, 0x3928, 0x3929, 
	0x3929, 0x3929, 0x3929, 0x3929, 0x3929, 0x3929, 0x3909, 0x3929, 0x3929, 0x414A, 0x414A, 0x3929, 0x4129, 0x4129, 0x4129, 0x4149, 
	0x3929, 0x3929, 0x3929, 0x4129, 0x4129, 0x4129, 0x4149, 0x3929, 0x4149, 0x4149, 0x3929, 0x4129, 0x4129, 0x3929, 0x3929, 0x3949, 
	0x3949, 0x3929, 0x414A, 0x414A, 0x414A, 0x414A, 0x412A, 0x414A, 0x4129, 0x412A, 0x4129, 0x414A, 0x414A, 0x414A, 0x4129, 0x496A, 
	0x414A, 0x414A, 0x416A, 0x414A, 0x414A, 0x494A, 0x496A, 0x496B, 0x494A, 0x496B, 0x496B, 0x496B, 0x498B, 0x51AC, 0x620E, 0x6A6F, 
	0x7AF1, 0x7B11, 0x7290, 0x6A4E, 0x51CC, 0x51AC, 0x518B, 0x518B, 0x496B, 0x496B, 0x496B, 0x518B, 0x516B, 0x518B, 0x518B, 0x496B, 
	0x516B, 0x518C, 0x518C, 0x518C, 0x518C, 0x518B, 0x598C, 0x518B, 0x598C, 0x598B, 0x598C, 0x59AC, 0x598C, 0x598B, 0x596C, 0x61AC, 
	0x598C, 0x61AC, 0x61AC, 0x61AC, 0x61AC, 0x61AC, 0x69AD, 0x69AD, 0x618C, 0x618C, 0x69AC, 0x69AC, 0x698C, 0x69AC, 0x69AD, 0x69AD, 
	0x69CD, 0x69CD, 0x69AD, 0x69AD, 0x71CD, 0x69AD, 0x69AC, 0x69AC, 0x698C, 0x698C, 0x698C, 0x69AD, 0x69AD, 0x71AD, 0x71CD, 0x71CD, 
	0x71AD, 0x71CD, 0x71CD, 0x71EE, 0x71CD, 0x69CD, 0x71CD, 0x69AD, 0x69AD, 0x71CD, 0x71CD, 0x69AC, 0x698C, 0x698C, 0x69AC, 0x71CD, 
	0x71AD, 0x698C, 0x698C, 0x71AD, 0x718C, 0x71AD, 0x71AD, 0x698C, 0x698C, 0x698C, 0x698C, 0x616C, 0x61AC, 0x618C, 0x618C, 0x616C, 
	0x618C, 0x596B, 0x596B, 0x596B, 0x596B, 0x596B, 0x594B, 0x596B, 0x596B, 0x598B, 0x596B, 0x516B, 0x596B, 0x596B, 0x596B, 0x516B, 
	0x596B, 0x516A, 0x516B, 0x514A, 0x596B, 0x516B, 0x514A, 0x514A, 0x516B, 0x516B, 0x516B, 0x516A, 0x516A, 0x516A, 0x516A, 0x516A, 
	0x516A, 0x518B, 0x516A, 0x518B, 0x516A, 0x516B, 0x516A, 0x494A, 0x496A, 0x496A, 0x494A, 0x494A, 0x496A, 0x496A, 0x496A, 0x4949, 
	0x496A, 0x496A, 0x494A, 0x494A, 0x494A, 0x414A, 0x414A, 0x496A, 0x494A, 0x494A, 0x414A, 0x414A, 0x414A, 0x412A, 0x494A, 0x494A, 
	0x4129, 0x4149, 0x4129, 0x4149, 0x4149, 0x4149, 0x4149, 0x496A, 0x4949, 0x4149, 0x4149, 0x4129, 0x4149, 0x4149, 0x4149, 0x4149, 
	0x3108, 0x3108, 0x3108, 0x3108, 0x3108, 0x3908, 0x3108, 0x3108, 0x3928, 0x3108, 0x3108, 0x3908, 0x3908, 0x3908, 0x3108, 0x3108, 
	0x3108, 0x3108, 0x3908, 0x3908, 0x3908, 0x3908, 0x3928, 0x3108, 0x3108, 0x3908, 0x3908, 0x3908, 0x3908, 0x3908, 0x3108, 0x3908, 
	0x3908, 0x3908, 0x3908, 0x3108, 0x3908, 0x3908, 0x3108, 0x3929, 0x3108, 0x3108, 0x3908, 0x3108, 0x3928, 0x3929, 0x3908, 0x3929, 
	0x3108, 0x3108, 0x3929, 0x3908, 0x3908, 0x3908, 0x3908, 0x3929, 0x3908, 0x3908, 0x3928, 0x3929, 0x3929, 0x3908, 0x3908, 0x3929, 
	0x3908, 0x3908, 0x3928, 0x3929, 0x3929, 0x3908, 0x3929, 0x3929, 0x3949, 0x3949, 0x3929, 0x3929, 0x3929, 0x3928, 0x3928, 0x3929, 
	0x3929, 0x3929, 0x3929, 0x3929, 0x3929, 0x3929, 0x3929, 0x3929, 0x3929, 0x496B, 0x496B, 0x3929, 0x3929, 0x4129, 0x4129, 0x3929, 
	0x3929, 0x3929, 0x3929, 0x4149, 0x414A, 0x414A, 0x414A, 0x4149, 0x4129, 0x4129, 0x4129, 0x4129, 0x4129, 0x3929, 0x4129, 0x4149, 
	0x3929, 0x4149, 0x414A, 0x4129, 0x4129, 0x4129, 0x414A, 0x4129, 0x412A, 0x414A, 0x4129, 0x414A, 0x412A, 0x416A, 0x414A, 0x414A, 
	0x414A, 0x414A, 0x414A, 0x414A, 0x416A, 0x414A, 0x496A, 0x496A, 0x414A, 0x494A, 0x496A, 0x496B, 0x498C, 0x59CD, 0x6A70, 0x8333, 
	0xA496, 0xACF7, 0x93B4, 0x7AF1, 0x622E, 0x59CD, 0x518C, 0x518B, 0x496B, 0x496B, 0x518B, 0x518B, 0x516B, 0x516B, 0x518B, 0x518B, 
	0x518B, 0x516B, 0x518C, 0x518C, 0x518C, 0x59AC, 0x59AC, 0x518B, 0x598B, 0x59AC, 0x59AC, 0x598C, 0x598C, 0x61AC, 0x59AC, 0x61AC, 
	0x598C, 0x61AC, 0x61AC, 0x61AC, 0x618C, 0x618C, 0x69AD, 0x69AD, 0x69CD, 0x69AD, 0x69CD, 0x69AC, 0x69AC, 0x69AC, 0x69AD, 0x698C, 
	0x69AC, 0x71CD, 0x71AD, 0x71AD, 0x69AD, 0x69AD, 0x69AC, 0x69AC, 0x69AC, 0x698C, 0x69AC, 0x69AC, 0x69AD, 0x69AD, 0x71CD, 0x71CD, 
	0x71CD, 0x71CD, 0x71CD, 0x71CD, 0x69CD, 0x69CD, 0x71CD, 0x71CD, 0x71CD, 0x69AD, 0x69AD, 0x69AC, 0x69AC, 0x71AD, 0x71AD, 0x71AD, 
	0x71AD, 0x718D, 0x71AD, 0x71AD, 0x718C, 0x71AC, 0x71AD, 0x698C, 0x698C, 0x698C, 0x698C, 0x698C, 0x618C, 0x698C, 0x618C, 0x596B, 
	0x616B, 0x618B, 0x596B, 0x596B, 0x598B, 0x596B, 0x596B, 0x618C, 0x598B, 0x598B, 0x598B, 0x598B, 0x598B, 0x596B, 0x596B, 0x596B, 
	0x598B, 0x596B, 0x596B, 0x596B, 0x516B, 0x516A, 0x516A, 0x516B, 0x516B, 0x514A, 0x516A, 0x516A, 0x516A, 0x516A, 0x516B, 0x516B, 
	0x494A, 0x516A, 0x516A, 0x494A, 0x496A, 0x516A, 0x516A, 0x494A, 0x494A, 0x494A, 0x494A, 0x494A, 0x496A, 0x496A, 0x494A, 0x494A, 
	0x494A, 0x4149, 0x494A, 0x494A, 0x494A, 0x494A, 0x414A, 0x494A, 0x414A, 0x494A, 0x414A, 0x414A, 0x414A, 0x4149, 0x494A, 0x494A, 
	0x414A, 0x4129, 0x4129, 0x414A, 0x494A, 0x4129, 0x498B, 0x59ED, 0x496A, 0x4149, 0x4149, 0x4129, 0x4149, 0x4129, 0x4129, 0x4129, 
	0x3108, 0x3108, 0x3108, 0x3908, 0x3108, 0x3928, 0x3108, 0x3929, 0x3949, 0x3908, 0x3108, 0x3929, 0x3908, 0x3908, 0x3928, 0x3108, 
	0x3908, 0x3108, 0x3928, 0x3908, 0x3108, 0x3908, 0x3908, 0x3908, 0x3908, 0x3908, 0x3108, 0x3928, 0x3929, 0x3928, 0x3908, 0x3929, 
	0x3908, 0x3908, 0x3908, 0x3108, 0x3908, 0x3908, 0x3908, 0x3929, 0x3928, 0x3928, 0x3928, 0x3908, 0x3928, 0x3908, 0x3928, 0x3928, 
	0x3908, 0x3909, 0x3909, 0x3908, 0x3908, 0x3928, 0x3908, 0x3928, 0x3928, 0x3929, 0x3908, 0x3108, 0x3929, 0x3908, 0x3908, 0x3928, 
	0x3908, 0x3929, 0x3929, 0x3929, 0x3908, 0x3908, 0x3908, 0x3908, 0x3929, 0x3929, 0x3929, 0x3929, 0x3929, 0x3929, 0x3929, 0x4149, 
	0x3929, 0x3929, 0x3929, 0x3929, 0x3929, 0x3929, 0x3929, 0x3929, 0x3929, 0x3929, 0x4129, 0x4129, 0x3929, 0x3929, 0x4129, 0x4129, 
	0x4129, 0x3929, 0x4149, 0x414A, 0x414A, 0x4129, 0x4129, 0x4149, 0x4149, 0x4129, 0x414A, 0x4149, 0x414A, 0x4149, 0x414A, 0x4149, 
	0x4149, 0x416B, 0x416A, 0x4149, 0x4149, 0x4149, 0x412A, 0x414A, 0x414A, 0x414A, 0x414A, 0x414A, 0x414A, 0x414A, 0x414A, 0x414A, 
	0x494A, 0x496A, 0x414A, 0x414A, 0x414A, 0x414A, 0x414A, 0x494A, 0x494A, 0x494A, 0x496B, 0x496B, 0x496B, 0x59CD, 0x7290, 0xA456, 
	0xDEBC, 0xDEDC, 0xB517, 0x8B93, 0x72D0, 0x620D, 0x51AC, 0x518B, 0x518B, 0x518B, 0x518B, 0x518C, 0x496B, 0x496B, 0x518B, 0x518B, 
	0x518B, 0x516B, 0x518C, 0x518C, 0x518C, 0x59AC, 0x59AC, 0x59AC, 0x598C, 0x59AC, 0x59AC, 0x598C, 0x61AD, 0x61AD, 0x598C, 0x618C, 
	0x618C, 0x61AC, 0x61AC, 0x69CD, 0x61AC, 0x69CD, 0x69CD, 0x69AD, 0x69CD, 0x69AC, 0x69AC, 0x69AC, 0x69AC, 0x698C, 0x69AD, 0x69AD, 
	0x69AD, 0x71EE, 0x71CE, 0x71AD, 0x69AD, 0x69AC, 0x69AC, 0x69AD, 0x69AC, 0x618C, 0x69AD, 0x69AD, 0x69AD, 0x69AD, 0x69AD, 0x69AD, 
	0x71CD, 0x71CD, 0x69AD, 0x71CE, 0x69CD, 0x69CD, 0x71CD, 0x71CD, 0x71CD, 0x69AC, 0x69AD, 0x69AD, 0x69AC, 0x71AC, 0x71AC, 0x718C, 
	0x718C, 0x718D, 0x71AD, 0x71AD, 0x71AD, 0x71AD, 0x71AD, 0x69AD, 0x69AD, 0x69AD, 0x69AC, 0x698C, 0x698C, 0x69CD, 0x69AC, 0x618C, 
	0x618C, 0x61AC, 0x618C, 0x598B, 0x598B, 0x598B, 0x596B, 0x618B, 0x596B, 0x596B, 0x598B, 0x598B, 0x598B, 0x598B, 0x596B, 0x59AC, 
	0x61AD, 0x596B, 0x516A, 0x516B, 0x516B, 0x516B, 0x598B, 0x516B, 0x516B, 0x516B, 0x516B, 0x516A, 0x516A, 0x516A, 0x516A, 0x516A, 
	0x516A, 0x516A, 0x516A, 0x494A, 0x516A, 0x496A, 0x516A, 0x516A, 0x496A, 0x496A, 0x496A, 0x494A, 0x496A, 0x494A, 0x494A, 0x494A, 
	0x496A, 0x494A, 0x494A, 0x494A, 0x494A, 0x496A, 0x494A, 0x496A, 0x494A, 0x414A, 0x414A, 0x414A, 0x414A, 0x414A, 0x494A, 0x496A, 
	0x494A, 0x4129, 0x4149, 0x414A, 0x4149, 0x4149, 0x496A, 0x496A, 0x4149, 0x4149, 0x4129, 0x4129, 0x4129, 0x4149, 0x4149, 0x4129, 
	0x3108, 0x3108, 0x3928, 0x3908, 0x3108, 0x30E8, 0x3108, 0x3928, 0x3908, 0x3908, 0x3108, 0x3908, 0x3908, 0x3908, 0x3928, 0x3908, 
	0x3908, 0x3908, 0x3928, 0x3928, 0x3908, 0x3908, 0x3928, 0x3928, 0x3908, 0x3908, 0x3908, 0x3928, 0x3908, 0x3908, 0x3908, 0x3928, 
	0x3928, 0x3908, 0x3908, 0x3908, 0x3908, 0x3908, 0x3908, 0x3108, 0x3928, 0x3908, 0x3908, 0x3908, 0x3908, 0x3908, 0x3929, 0x3908, 
	0x3908, 0x3908, 0x3908, 0x3929, 0x3908, 0x3908, 0x3908, 0x3908, 0x3908, 0x3929, 0x3908, 0x3929, 0x3928, 0x3929, 0x3929, 0x3908, 
	0x3929, 0x3928, 0x3928, 0x3929, 0x3929, 0x3929, 0x3929, 0x3929, 0x3909, 0x3929, 0x4129, 0x3929, 0x3949, 0x3929, 0x3929, 0x4149, 
	0x3929, 0x3929, 0x3929, 0x3929, 0x3929, 0x4149, 0x3928, 0x3929, 0x3929, 0x3929, 0x3929, 0x4129, 0x4129, 0x4129, 0x4129, 0x4149, 
	0x4149, 0x4149, 0x414A, 0x414A, 0x414A, 0x4129, 0x4149, 0x4149, 0x4129, 0x3929, 0x4149, 0x4129, 0x414A, 0x4149, 0x4129, 0x4149, 
	0x416A, 0x49AC, 0x498B, 0x414A, 0x4149, 0x4149, 0x4129, 0x414A, 0x414A, 0x414A, 0x414A, 0x414A, 0x414A, 0x414A, 0x414A, 0x414A, 
	0x414A, 0x414A, 0x414A, 0x494A, 0x414A, 0x494A, 0x414A, 0x414A, 0x414A, 0x494A, 0x494B, 0x496B, 0x496B, 0x59ED, 0x72D1, 0x9C56, 
	0xCE7B, 0xD67B, 0xACB7, 0x8352, 0x72B0, 0x59ED, 0x518C, 0x518B, 0x518B, 0x518B, 0x518B, 0x518B, 0x518C, 0x518C, 0x518B, 0x518B, 
	0x518B, 0x518B, 0x518B, 0x518B, 0x516B, 0x59AC, 0x59AC, 0x598C, 0x598C, 0x598C, 0x59AC, 0x598C, 0x61AD, 0x61AD, 0x61CD, 0x61AD, 
	0x618C, 0x618C, 0x69AC, 0x69AD, 0x69AD, 0x71CE, 0x71CE, 0x69AC, 0x69AC, 0x69AD, 0x69AC, 0x69AD, 0x69AD, 0x71AD, 0x71AD, 0x71AD, 
	0x71AC, 0x71CD, 0x71AD, 0x71CD, 0x71AD, 0x69AD, 0x69AD, 0x69AD, 0x69AD, 0x69AC, 0x69AD, 0x71CD, 0x71CD, 0x71AD, 0x71CD, 0x69AD, 
	0x71CD, 0x69AD, 0x71CD, 0x71CE, 0x69CD, 0x71CD, 0x69AD, 0x69AC, 0x71AD, 0x69AD, 0x69AD, 0x69AD, 0x69AD, 0x718D, 0x71CD, 0x71AD, 
	0x71AD, 0x71AD, 0x71AD, 0x79AD, 0x71AD, 0x71AD, 0x718C, 0x69AC, 0x69AD, 0x69CD, 0x698C, 0x698C, 0x7A0F, 0x8AB2, 0x69AD, 0x618C, 
	0x616C, 0x618C, 0x618C, 0x598B, 0x618C, 0x598B, 0x598B, 0x596B, 0x598B, 0x596B, 0x598B, 0x596B, 0x596B, 0x598B, 0x596B, 0x596B, 
	0x596B, 0x596B, 0x596B, 0x596B, 0x516B, 0x516B, 0x596B, 0x516A, 0x516B, 0x516A, 0x516B, 0x516B, 0x516A, 0x516A, 0x516A, 0x516A, 
	0x516A, 0x496A, 0x496A, 0x496A, 0x496A, 0x494A, 0x516A, 0x516B, 0x494A, 0x496A, 0x494A, 0x494A, 0x496A, 0x496A, 0x496A, 0x496A, 
	0x494A, 0x494A, 0x494A, 0x494A, 0x494A, 0x4149, 0x494A, 0x494A, 0x494A, 0x494A, 0x494A, 0x496A, 0x414A, 0x494A, 0x494A, 0x494A, 
	0x494A, 0x414A, 0x414A, 0x414A, 0x4149, 0x4149, 0x4149, 0x4149, 0x4149, 0x4149, 0x4149, 0x4149, 0x4129, 0x4149, 0x4149, 0x4129, 
	0x30E8, 0x30E8, 0x3108, 0x3108, 0x3108, 0x3108, 0x3108, 0x3108, 0x3908, 0x3908, 0x3908, 0x3908, 0x3928, 0x3908, 0x3929, 0x3908, 
	0x3908, 0x3909, 0x3108, 0x3108, 0x3108, 0x3908, 0x3908, 0x3908, 0x3908, 0x3929, 0x3909, 0x3908, 0x30E8, 0x3908, 0x3908, 0x3908, 
	0x3928, 0x3908, 0x3908, 0x3928, 0x3908, 0x3928, 0x3929, 0x3908, 0x3928, 0x3908, 0x3908, 0x3928, 0x3928, 0x3908, 0x3908, 0x3908, 
	0x3928, 0x3929, 0x3908, 0x3929, 0x3908, 0x3908, 0x3929, 0x3929, 0x3908, 0x3928, 0x3929, 0x3929, 0x3929, 0x3908, 0x3929, 0x3908, 
	0x3929, 0x3929, 0x3929, 0x3929, 0x3928, 0x3929, 0x3949, 0x3929, 0x3929, 0x3929, 0x4129, 0x3909, 0x3909, 0x3929, 0x3929, 0x3929, 
	0x3909, 0x3929, 0x3929, 0x3929, 0x3929, 0x3929, 0x3929, 0x4149, 0x4129, 0x3929, 0x3929, 0x3929, 0x3929, 0x4129, 0x4129, 0x4149, 
	0x4129, 0x3929, 0x3929, 0x3929, 0x412A, 0x4149, 0x4149, 0x4149, 0x4149, 0x4149, 0x414A, 0x4149, 0x4149, 0x414A, 0x4149, 0x416A, 
	0x4149, 0x416A, 0x414A, 0x414A, 0x416A, 0x416A, 0x4149, 0x414A, 0x414A, 0x414A, 0x414A, 0x414A, 0x496A, 0x494A, 0x414A, 0x414A, 
	0x414A, 0x414A, 0x494A, 0x496A, 0x494A, 0x414A, 0x494A, 0x496A, 0x494A, 0x494A, 0x494B, 0x496B, 0x496B, 0x51AC, 0x6A6F, 0x8333, 
	0x9C56, 0x9C56, 0x8B74, 0x7AF1, 0x72B0, 0x620D, 0x518C, 0x518B, 0x51AC, 0x518B, 0x516B, 0x516B, 0x518C, 0x518B, 0x518B, 0x518B, 
	0x516B, 0x518B, 0x516B, 0x518C, 0x59AC, 0x59AC, 0x59AC, 0x598C, 0x598C, 0x59AC, 0x59AC, 0x598C, 0x598C, 0x618C, 0x69CD, 0x69CD, 
	0x69AD, 0x69CD, 0x69AC, 0x69AD, 0x69AD, 0x71EE, 0x71EE, 0x69AC, 0x69AC, 0x69CD, 0x69CD, 0x69AC, 0x69AD, 0x71AD, 0x71AD, 0x71AD, 
	0x71AD, 0x71AD, 0x69AC, 0x69AC, 0x71CD, 0x71CD, 0x69AD, 0x69AD, 0x69AD, 0x69AD, 0x69CD, 0x71AD, 0x7A0E, 0x8AD2, 0x7A0E, 0x71CD, 
	0x71CD, 0x71CD, 0x71CD, 0x71AD, 0x71CD, 0x71EE, 0x71CD, 0x69AC, 0x71CD, 0x71AD, 0x69AD, 0x71AD, 0x71AD, 0x71AD, 0x71AD, 0x718D, 
	0x79AD, 0x79AD, 0x79AD, 0x79AD, 0x718D, 0x71AD, 0x71AD, 0x698C, 0x69AC, 0x69AD, 0x69AC, 0x698C, 0x69CD, 0x71EE, 0x69AC, 0x618C, 
	0x618C, 0x618C, 0x596B, 0x596B, 0x618C, 0x596B, 0x596B, 0x598B, 0x618B, 0x596B, 0x598B, 0x598B, 0x598B, 0x598C, 0x598B, 0x596B, 
	0x596B, 0x598B, 0x598B, 0x598B, 0x516B, 0x516B, 0x598B, 0x516A, 0x516B, 0x516B, 0x516B, 0x518B, 0x516A, 0x516A, 0x516B, 0x516B, 
	0x516A, 0x516A, 0x516A, 0x516A, 0x496A, 0x496A, 0x516A, 0x494A, 0x496A, 0x494A, 0x494A, 0x496A, 0x496A, 0x494A, 0x496A, 0x494A, 
	0x494A, 0x494A, 0x494A, 0x496A, 0x494A, 0x494A, 0x494A, 0x4149, 0x494A, 0x494A, 0x494A, 0x496A, 0x494A, 0x414A, 0x4129, 0x414A, 
	0x494A, 0x496A, 0x496A, 0x414A, 0x4129, 0x4129, 0x4149, 0x4149, 0x4149, 0x4129, 0x4129, 0x4149, 0x4149, 0x4149, 0x3929, 0x4129, 
	0x3108, 0x3108, 0x3108, 0x3908, 0x3908, 0x3908, 0x3908, 0x3908, 0x3908, 0x3928, 0x3908, 0x3908, 0x3929, 0x3929, 0x3929, 0x3108, 
	0x30E8, 0x3909, 0x3909, 0x3108, 0x3908, 0x3908, 0x3908, 0x3908, 0x3929, 0x3929, 0x3908, 0x3909, 0x3108, 0x3108, 0x3908, 0x3908, 
	0x3928, 0x3908, 0x3908, 0x3928, 0x3928, 0x3929, 0x3929, 0x3908, 0x3928, 0x3908, 0x3908, 0x3929, 0x3929, 0x3908, 0x3928, 0x3929, 
	0x3928, 0x3928, 0x3928, 0x3928, 0x3928, 0x3929, 0x3929, 0x3929, 0x3928, 0x3928, 0x3929, 0x3909, 0x3929, 0x3909, 0x3909, 0x3929, 
	0x3908, 0x3929, 0x3929, 0x3929, 0x3909, 0x3929, 0x3929, 0x3929, 0x3929, 0x3929, 0x3909, 0x4129, 0x4129, 0x3929, 0x3929, 0x3929, 
	0x3909, 0x3929, 0x3929, 0x3929, 0x3929, 0x4129, 0x4129, 0x4129, 0x4149, 0x4149, 0x3929, 0x3929, 0x3929, 0x3929, 0x4129, 0x4149, 
	0x414A, 0x4129, 0x4129, 0x4129, 0x4129, 0x4129, 0x412A, 0x4129, 0x4129, 0x414A, 0x414A, 0x414A, 0x3929, 0x414A, 0x4149, 0x414A, 
	0x4149, 0x414A, 0x416A, 0x414A, 0x416A, 0x414A, 0x414A, 0x416A, 0x414A, 0x414A, 0x414A, 0x414A, 0x414A, 0x414A, 0x414A, 0x494A, 
	0x496A, 0x496A, 0x496A, 0x494A, 0x494A, 0x414A, 0x494A, 0x496A, 0x494A, 0x496B, 0x496B, 0x496B, 0x496B, 0x498B, 0x59ED, 0x7290, 
	0x7B12, 0x7B12, 0x7AD1, 0x6A8F, 0x61ED, 0x59CD, 0x518C, 0x516B, 0x518B, 0x518B, 0x516B, 0x518B, 0x518B, 0x518B, 0x518B, 0x516B, 
	0x518B, 0x518C, 0x516B, 0x518C, 0x59AC, 0x59AC, 0x518C, 0x598C, 0x598C, 0x598C, 0x59AC, 0x598C, 0x618C, 0x61AD, 0x69CD, 0x61AD, 
	0x69AD, 0x69AD, 0x69AC, 0x69AD, 0x69CD, 0x69CD, 0x69CD, 0x69AD, 0x69AC, 0x69AC, 0x69AD, 0x69CD, 0x69AD, 0x71AD, 0x71AC, 0x71AD, 
	0x71CD, 0x71CD, 0x69AC, 0x71AD, 0x71CD, 0x71AD, 0x71AD, 0x71AD, 0x71CD, 0x69AD, 0x71AD, 0x69AD, 0x8291, 0xA418, 0x7A2F, 0x69AD, 
	0x69AD, 0x69AD, 0x69AD, 0x71CD, 0x71EE, 0x79EE, 0x71CD, 0x69AD, 0x71CD, 0x71AD, 0x71AD, 0x71CD, 0x71CD, 0x79AD, 0x79AD, 0x79AD, 
	0x79AD, 0x79AD, 0x79AD, 0x79AD, 0x79AD, 0x79CD, 0x71CD, 0x71AD, 0x698C, 0x698C, 0x698C, 0x69AC, 0x69AC, 0x618C, 0x618C, 0x618C, 
	0x618C, 0x618C, 0x618C, 0x598C, 0x618C, 0x596B, 0x598B, 0x618B, 0x596B, 0x596B, 0x598B, 0x598B, 0x598B, 0x598B, 0x598B, 0x598B, 
	0x596B, 0x596B, 0x596B, 0x596B, 0x598B, 0x596B, 0x596B, 0x596B, 0x598B, 0x598B, 0x516B, 0x516B, 0x516A, 0x516B, 0x516A, 0x516A, 
	0x516A, 0x518B, 0x516A, 0x518B, 0x518B, 0x518B, 0x516B, 0x496A, 0x496A, 0x494A, 0x496A, 0x494A, 0x494A, 0x494A, 0x496A, 0x494A, 
	0x494A, 0x494A, 0x494A, 0x496A, 0x494A, 0x496A, 0x494A, 0x414A, 0x494A, 0x496A, 0x494A, 0x494A, 0x494A, 0x496A, 0x412A, 0x494A, 
	0x414A, 0x494A, 0x414A, 0x4129, 0x4149, 0x494A, 0x4129, 0x4149, 0x4149, 0x4129, 0x4129, 0x4129, 0x4149, 0x4149, 0x4129, 0x4129, 
	0x3108, 0x3108, 0x3908, 0x3928, 0x3908, 0x30E8, 0x3908, 0x3929, 0x3929, 0x3908, 0x3929, 0x3929, 0x3929, 0x3929, 0x414A, 0x3929, 
	0x3909, 0x3929, 0x3929, 0x3908, 0x3908, 0x3908, 0x3929, 0x3929, 0x3929, 0x3908, 0x3908, 0x3929, 0x3908, 0x3909, 0x3929, 0x3928, 
	0x3908, 0x3928, 0x3928, 0x3908, 0x3928, 0x3908, 0x3908, 0x3908, 0x3908, 0x3908, 0x3929, 0x498B, 0x414A, 0x3908, 0x3929, 0x3929, 
	0x3928, 0x3928, 0x3929, 0x3908, 0x3929, 0x3929, 0x3909, 0x3909, 0x3929, 0x3929, 0x3929, 0x3929, 0x414A, 0x414A, 0x3929, 0x3949, 
	0x3929, 0x3929, 0x3929, 0x3909, 0x3929, 0x3929, 0x3929, 0x3929, 0x3929, 0x3929, 0x3929, 0x4149, 0x3929, 0x3909, 0x3929, 0x4149, 
	0x3929, 0x3929, 0x4129, 0x3929, 0x3929, 0x4149, 0x3909, 0x3929, 0x4149, 0x3929, 0x3949, 0x4149, 0x4149, 0x4149, 0x4149, 0x4149, 
	0x414A, 0x4129, 0x4149, 0x414A, 0x4149, 0x4129, 0x414A, 0x4149, 0x414A, 0x414A, 0x414A, 0x412A, 0x412A, 0x4149, 0x414A, 0x4149, 
	0x4149, 0x414A, 0x416A, 0x414A, 0x414A, 0x412A, 0x414A, 0x416A, 0x414A, 0x414A, 0x416A, 0x414A, 0x414A, 0x414A, 0x496A, 0x496A, 
	0x414A, 0x496A, 0x494A, 0x414A, 0x496A, 0x496A, 0x496B, 0x494B, 0x494B, 0x496B, 0x516B, 0x496B, 0x496B, 0x518C, 0x51AC, 0x59ED, 
	0x6A6F, 0x6A4F, 0x622E, 0x622E, 0x59CC, 0x51AC, 0x518C, 0x518C, 0x518C, 0x516B, 0x518B, 0x518B, 0x518B, 0x516B, 0x518B, 0x518B, 
	0x518B, 0x518C, 0x518B, 0x518B, 0x518C, 0x598C, 0x518C, 0x598C, 0x598C, 0x598C, 0x59AC, 0x61AD, 0x61CC, 0x69CE, 0x69CD, 0x61AD, 
	0x618D, 0x61AD, 0x618D, 0x69CD, 0x71CD, 0x69AD, 0x69CD, 0x71CD, 0x69AD, 0x69AD, 0x69CD, 0x69AD, 0x69AD, 0x71AD, 0x71AD, 0x71AD, 
	0x71CD, 0x71CD, 0x71AD, 0x71CD, 0x71CD, 0x71CD, 0x71CD, 0x71AD, 0x71AD, 0x71CD, 0x71AD, 0x71CD, 0x71EE, 0x7A2F, 0x71CD, 0x71ED, 
	0x69AD, 0x69AD, 0x71AD, 0x79CE, 0x71CD, 0x71CD, 0x69AD, 0x71AD, 0x71AD, 0x71AD, 0x71AD, 0x79CE, 0x79CD, 0x71AD, 0x79CD, 0x79AD, 
	0x79AD, 0x79AD, 0x79AD, 0x79AD, 0x79AD, 0x71AD, 0x718C, 0x718D, 0x71AD, 0x69AC, 0x69AC, 0x69AC, 0x69AC, 0x69AC, 0x698C, 0x618C, 
	0x618C, 0x61AC, 0x618C, 0x616B, 0x618B, 0x596B, 0x618C, 0x618C, 0x598B, 0x598B, 0x618B, 0x618C, 0x598B, 0x596B, 0x596B, 0x598B, 
	0x598B, 0x598B, 0x596B, 0x596B, 0x598B, 0x598B, 0x598B, 0x596B, 0x598B, 0x516B, 0x516B, 0x516B, 0x516B, 0x516B, 0x516B, 0x516B, 
	0x518B, 0x518B, 0x496A, 0x516B, 0x518B, 0x496B, 0x518B, 0x518B, 0x496A, 0x496A, 0x518B, 0x496A, 0x496B, 0x496A, 0x496A, 0x494A, 
	0x496A, 0x494A, 0x494A, 0x494A, 0x494A, 0x494A, 0x494A, 0x494A, 0x494A, 0x4149, 0x51AC, 0x59ED, 0x494A, 0x496A, 0x494A, 0x414A, 
	0x4149, 0x494A, 0x414A, 0x4149, 0x494A, 0x494A, 0x414A, 0x414A, 0x4149, 0x4169, 0x4149, 0x4149, 0x4149, 0x4149, 0x4149, 0x4149, 
	0x3928, 0x3908, 0x3108, 0x3908, 0x3908, 0x3908, 0x3929, 0x3929, 0x3908, 0x3108, 0x3908, 0x3908, 0x3929, 0x496B, 0x6A6F, 0x624F, 
	0x3929, 0x3909, 0x3108, 0x3908, 0x3908, 0x3908, 0x3908, 0x3908, 0x3929, 0x3909, 0x3928, 0x3928, 0x3909, 0x3909, 0x3928, 0x3929, 
	0x3908, 0x3908, 0x3909, 0x3908, 0x3929, 0x3929, 0x3908, 0x3929, 0x3929, 0x3929, 0x3929, 0x416A, 0x4149, 0x3929, 0x3929, 0x3909, 
	0x3929, 0x3929, 0x3929, 0x3929, 0x3949, 0x3909, 0x3929, 0x3929, 0x3909, 0x3929, 0x3909, 0x3929, 0x414A, 0x4149, 0x3929, 0x3929, 
	0x3929, 0x3929, 0x3929, 0x3929, 0x3929, 0x3929, 0x3929, 0x4129, 0x3909, 0x3929, 0x3929, 0x3929, 0x3929, 0x3929, 0x3929, 0x3929, 
	0x3929, 0x3929, 0x3929, 0x3929, 0x412A, 0x414A, 0x4129, 0x4149, 0x4149, 0x4129, 0x4129, 0x4149, 0x4149, 0x4149, 0x4149, 0x414A, 
	0x4129, 0x4129, 0x4149, 0x4149, 0x4129, 0x4129, 0x4129, 0x414A, 0x414A, 0x414A, 0x414A, 0x414A, 0x414A, 0x414A, 0x414A, 0x414A, 
	0x4149, 0x4149, 0x4149, 0x414A, 0x416A, 0x414A, 0x414A, 0x416A, 0x414A, 0x414A, 0x416A, 0x414A, 0x414A, 0x414A, 0x414A, 0x496A, 
	0x496B, 0x494A, 0x494A, 0x496A, 0x496A, 0x494A, 0x496B, 0x494A, 0x496B, 0x494B, 0x518B, 0x496B, 0x496B, 0x518B, 0x518B, 0x51AC, 
	0x59CD, 0x59CD, 0x51AC, 0x51AC, 0x51AC, 0x518C, 0x518C, 0x518C, 0x518C, 0x516B, 0x518B, 0x518B, 0x516B, 0x518B, 0x518B, 0x516B, 
	0x516B, 0x518C, 0x59AC, 0x518B, 0x59AC, 0x59AC, 0x598C, 0x59AC, 0x59AC, 0x598C, 0x59AC, 0x59AC, 0x6A0F, 0x8AF4, 0x69EE, 0x61CD, 
	0x61AD, 0x69AD, 0x69AD, 0x69CD, 0x71CE, 0x71AD, 0x71CD, 0x71CD, 0x69AC, 0x71CD, 0x71CD, 0x69AD, 0x69AC, 0x71AD, 0x71CD, 0x71AD, 
	0x71AD, 0x71AD, 0x71CD, 0x71CD, 0x71CD, 0x79CE, 0x79CE, 0x71AD, 0x71CD, 0x71CD, 0x71AD, 0x71CD, 0x71CD, 0x71CD, 0x71CD, 0x71CD, 
	0x71CD, 0x69CD, 0x71AD, 0x71CD, 0x71CE, 0x71CD, 0x71CD, 0x71CD, 0x71AD, 0x71AD, 0x71AD, 0x71CD, 0x79CD, 0x71AD, 0x79CD, 0x79AD, 
	0x79CD, 0x79AD, 0x79CD, 0x71AD, 0x79AD, 0x71AD, 0x718D, 0x71AD, 0x698C, 0x71AC, 0x69AC, 0x69AC, 0x69AC, 0x69CD, 0x618C, 0x618C, 
	0x618C, 0x69AC, 0x618C, 0x618C, 0x618C, 0x618C, 0x618C, 0x618C, 0x598B, 0x596B, 0x596B, 0x598B, 0x596B, 0x598B, 0x598B, 0x598B, 
	0x598B, 0x598B, 0x596B, 0x596B, 0x598B, 0x596B, 0x596B, 0x596B, 0x598B, 0x596B, 0x516B, 0x516B, 0x516B, 0x516B, 0x516B, 0x516B, 
	0x516A, 0x516A, 0x516B, 0x516B, 0x516B, 0x516A, 0x516B, 0x494A, 0x516B, 0x496A, 0x516B, 0x516A, 0x516B, 0x516B, 0x496A, 0x496A, 
	0x496A, 0x496A, 0x494A, 0x496A, 0x496A, 0x496A, 0x496A, 0x494A, 0x496A, 0x494A, 0x59ED, 0x5A0E, 0x414A, 0x494A, 0x494A, 0x494A, 
	0x494A, 0x496A, 0x494A, 0x414A, 0x414A, 0x4149, 0x414A, 0x4149, 0x416A, 0x4149, 0x4149, 0x4149, 0x496A, 0x4149, 0x4149, 0x4149, 
	0x3108, 0x3908, 0x3908, 0x3908, 0x3908, 0x3928, 0x3929, 0x3929, 0x3929, 0x3929, 0x3929, 0x3908, 0x4149, 0x59EC, 0x9C57, 0x9416, 
	0x414A, 0x3908, 0x3108, 0x3908, 0x3928, 0x3929, 0x3908, 0x3908, 0x3928, 0x3928, 0x3928, 0x3928, 0x3908, 0x3908, 0x3908, 0x3929, 
	0x3908, 0x3929, 0x3909, 0x3108, 0x3929, 0x3929, 0x3929, 0x3949, 0x3908, 0x3929, 0x3929, 0x3929, 0x3929, 0x3929, 0x3929, 0x3909, 
	0x3929, 0x3929, 0x3908, 0x3909, 0x3929, 0x3929, 0x3929, 0x3929, 0x3929, 0x3929, 0x3929, 0x3929, 0x3929, 0x4149, 0x4149, 0x3929, 
	0x3929, 0x3929, 0x3929, 0x4149, 0x3929, 0x3929, 0x3929, 0x3929, 0x3929, 0x4129, 0x3929, 0x3929, 0x4129, 0x3929, 0x3929, 0x3929, 
	0x3929, 0x3929, 0x3909, 0x3929, 0x414A, 0x414A, 0x414A, 0x414A, 0x4149, 0x414A, 0x416A, 0x4129, 0x414A, 0x4129, 0x4129, 0x414A, 
	0x4129, 0x414A, 0x414A, 0x4149, 0x4129, 0x414A, 0x4149, 0x414A, 0x414A, 0x4129, 0x414A, 0x414A, 0x414A, 0x414A, 0x494A, 0x414A, 
	0x414A, 0x414A, 0x414A, 0x416A, 0x496A, 0x496A, 0x496A, 0x414A, 0x414A, 0x414A, 0x496A, 0x416A, 0x496B, 0x496A, 0x414A, 0x496A, 
	0x496A, 0x496A, 0x494A, 0x496A, 0x494A, 0x496B, 0x496B, 0x494A, 0x498B, 0x516B, 0x496B, 0x494B, 0x496B, 0x496B, 0x518B, 0x51AC, 
	0x51AC, 0x51AC, 0x518C, 0x516B, 0x51AC, 0x518C, 0x518C, 0x518C, 0x518C, 0x518C, 0x51AC, 0x518C, 0x518B, 0x518B, 0x518B, 0x518B, 
	0x518C, 0x59AC, 0x518B, 0x518B, 0x59AC, 0x59AC, 0x59AC, 0x59CC, 0x59AC, 0x59AC, 0x59AC, 0x59CC, 0x69EE, 0x7250, 0x69CD, 0x61CD, 
	0x69CD, 0x69CD, 0x69AD, 0x69AD, 0x71EE, 0x71EE, 0x71EE, 0x71CD, 0x71AD, 0x71AD, 0x71CD, 0x71CD, 0x69AD, 0x71AD, 0x71AD, 0x71CD, 
	0x71CD, 0x71CD, 0x79CE, 0x79CD, 0x79CD, 0x79CE, 0x79EE, 0x79CE, 0x71AD, 0x71CD, 0x71AD, 0x71CD, 0x71AD, 0x69AD, 0x69AD, 0x69AC, 
	0x69AD, 0x71CD, 0x69AD, 0x69AD, 0x71CD, 0x71CD, 0x71CD, 0x71CD, 0x71AD, 0x71CD, 0x71AD, 0x71AD, 0x79CD, 0x79AD, 0x79CE, 0x81CE, 
	0x79CE, 0x79AD, 0x79AD, 0x718D, 0x71AD, 0x79AD, 0x71AD, 0x71AC, 0x69AC, 0x71CD, 0x69AC, 0x698C, 0x618C, 0x69AC, 0x61AC, 0x61AC, 
	0x618C, 0x618C, 0x61AC, 0x618C, 0x618C, 0x618C, 0x618C, 0x618C, 0x598B, 0x61AC, 0x598C, 0x618C, 0x598B, 0x598B, 0x598B, 0x598C, 
	0x596B, 0x598B, 0x598B, 0x596B, 0x598B, 0x598B, 0x596B, 0x596B, 0x598C, 0x596B, 0x598B, 0x518B, 0x516B, 0x516B, 0x516B, 0x516B, 
	0x516B, 0x598B, 0x59CC, 0x518B, 0x516B, 0x516B, 0x518B, 0x518B, 0x516B, 0x496A, 0x620F, 0x59AC, 0x494A, 0x496A, 0x496B, 0x496A, 
	0x496A, 0x516B, 0x494A, 0x494A, 0x496A, 0x494A, 0x496A, 0x496A, 0x496A, 0x496A, 0x496A, 0x496A, 0x496A, 0x496B, 0x494A, 0x494A, 
	0x494A, 0x496A, 0x496A, 0x494A, 0x414A, 0x4149, 0x414A, 0x414A, 0x414A, 0x4149, 0x4129, 0x4149, 0x496A, 0x4149, 0x4129, 0x4149, 
	0x3908, 0x3928, 0x3928, 0x3928, 0x3908, 0x3908, 0x3908, 0x3908, 0x3909, 0x3929, 0x3929, 0x3928, 0x3929, 0x4149, 0x72D0, 0x626F, 
	0x3908, 0x3908, 0x3908, 0x3929, 0x3929, 0x3929, 0x3908, 0x3929, 0x3928, 0x3908, 0x3908, 0x3908, 0x3908, 0x3908, 0x3928, 0x3928, 
	0x3908, 0x3929, 0x3929, 0x3929, 0x3908, 0x3908, 0x3929, 0x3929, 0x3929, 0x3929, 0x3929, 0x3929, 0x3908, 0x3929, 0x3929, 0x3929, 
	0x3929, 0x3929, 0x3909, 0x3929, 0x3929, 0x3929, 0x3929, 0x3929, 0x4149, 0x3929, 0x3929, 0x4129, 0x3909, 0x3929, 0x4149, 0x3929, 
	0x3929, 0x3929, 0x4149, 0x4129, 0x3929, 0x414A, 0x4129, 0x4149, 0x4129, 0x414A, 0x4129, 0x3929, 0x4149, 0x4149, 0x4149, 0x4129, 
	0x414A, 0x4149, 0x4129, 0x4149, 0x3929, 0x4149, 0x414A, 0x4129, 0x414A, 0x4129, 0x414A, 0x414A, 0x416A, 0x414A, 0x414A, 0x414A, 
	0x4149, 0x414A, 0x414A, 0x4149, 0x4129, 0x4129, 0x414A, 0x414A, 0x414A, 0x4129, 0x414A, 0x414A, 0x414A, 0x414A, 0x414A, 0x414A, 
	0x496A, 0x416A, 0x414A, 0x416A, 0x414A, 0x414A, 0x496A, 0x414A, 0x496A, 0x496B, 0x494A, 0x414A, 0x496A, 0x496B, 0x496A, 0x496B, 
	0x494A, 0x496A, 0x496A, 0x496A, 0x496B, 0x498B, 0x496B, 0x496B, 0x496B, 0x496B, 0x496B, 0x496B, 0x496B, 0x496B, 0x518B, 0x518B, 
	0x518B, 0x518C, 0x518C, 0x518C, 0x518C, 0x518C, 0x518C, 0x518C, 0x518C, 0x518C, 0x518C, 0x518C, 0x518C, 0x518B, 0x518B, 0x518B, 
	0x516B, 0x518C, 0x518B, 0x518C, 0x59AC, 0x59AB, 0x59AC, 0x59AC, 0x59AC, 0x59CC, 0x59AC, 0x61CC, 0x59AC, 0x61AC, 0x61CD, 0x61AD, 
	0x69CD, 0x69CD, 0x69CD, 0x71EE, 0x71CD, 0x79CE, 0x79CE, 0x71CD, 0x79CD, 0x71AD, 0x71CD, 0x79CE, 0x71CD, 0x71AD, 0x71AD, 0x79ED, 
	0x71AD, 0x71AD, 0x79CE, 0x79CD, 0x79CE, 0x79EE, 0x79EE, 0x79EE, 0x71CD, 0x79CE, 0x79CD, 0x79CD, 0x79CD, 0x71AD, 0x71AD, 0x69AD, 
	0x71CD, 0x71CD, 0x71AD, 0x71AD, 0x71AD, 0x71AD, 0x71CD, 0x71AD, 0x71CD, 0x79CD, 0x79CD, 0x71AD, 0x79CE, 0x79CE, 0x81EE, 0x81CE, 
	0x81CE, 0x79EE, 0x71AD, 0x71AD, 0x71AD, 0x71AD, 0x71AD, 0x71AD, 0x71CD, 0x71CD, 0x69AD, 0x69AC, 0x618C, 0x61AC, 0x61AC, 0x618C, 
	0x61AC, 0x69CD, 0x71EE, 0x618C, 0x618C, 0x618C, 0x618C, 0x618C, 0x618C, 0x61AC, 0x618C, 0x598B, 0x598B, 0x598B, 0x598B, 0x598B, 
	0x598C, 0x618C, 0x598B, 0x59AC, 0x59AB, 0x598B, 0x598B, 0x598B, 0x598B, 0x596B, 0x596B, 0x598B, 0x598B, 0x598B, 0x516B, 0x598B, 
	0x516B, 0x516B, 0x598B, 0x516B, 0x516B, 0x516A, 0x516B, 0x518B, 0x516B, 0x496A, 0x61EE, 0x518B, 0x496A, 0x496A, 0x496A, 0x494A, 
	0x496A, 0x496A, 0x494A, 0x496A, 0x494A, 0x494A, 0x496A, 0x494A, 0x496A, 0x496B, 0x494A, 0x496A, 0x494A, 0x494A, 0x494A, 0x414A, 
	0x494A, 0x494A, 0x494A, 0x494A, 0x496A, 0x496A, 0x494A, 0x4149, 0x494A, 0x496A, 0x4149, 0x4149, 0x4149, 0x4129, 0x4149, 0x4149, 
	0x3928, 0x3908, 0x3908, 0x3908, 0x3908, 0x3908, 0x3929, 0x3908, 0x3929, 0x3929, 0x3949, 0x3908, 0x3908, 0x3909, 0x3908, 0x3908, 
	0x4149, 0x3929, 0x3908, 0x3929, 0x3909, 0x3909, 0x3908, 0x3929, 0x3908, 0x3908, 0x3929, 0x3908, 0x3928, 0x3929, 0x3928, 0x3908, 
	0x3929, 0x3928, 0x3928, 0x3929, 0x3928, 0x3928, 0x3928, 0x3908, 0x3929, 0x3929, 0x3928, 0x3929, 0x3929, 0x3929, 0x3929, 0x3929, 
	0x3908, 0x3929, 0x3929, 0x3929, 0x3929, 0x3929, 0x3929, 0x3909, 0x3929, 0x3929, 0x3929, 0x4149, 0x4149, 0x414A, 0x414A, 0x3929, 
	0x414A, 0x4129, 0x3929, 0x4129, 0x414A, 0x4129, 0x3929, 0x414A, 0x4129, 0x4129, 0x3929, 0x3929, 0x4129, 0x4149, 0x414A, 0x4129, 
	0x4149, 0x4129, 0x4149, 0x4149, 0x4149, 0x414A, 0x414A, 0x4129, 0x414A, 0x414A, 0x414A, 0x414A, 0x414A, 0x412A, 0x414A, 0x496A, 
	0x414A, 0x414A, 0x4129, 0x4149, 0x4149, 0x4129, 0x416A, 0x414A, 0x414A, 0x414A, 0x416A, 0x4149, 0x414A, 0x416A, 0x416A, 0x414A, 
	0x414A, 0x414A, 0x414A, 0x414A, 0x414A, 0x414A, 0x496A, 0x496A, 0x496A, 0x496A, 0x494B, 0x494A, 0x496B, 0x496A, 0x494A, 0x496A, 
	0x494A, 0x494A, 0x496B, 0x496B, 0x496B, 0x496B, 0x496B, 0x518B, 0x496B, 0x496B, 0x496B, 0x496B, 0x496B, 0x516B, 0x518B, 0x516B, 
	0x518C, 0x518C, 0x516B, 0x518C, 0x518B, 0x518B, 0x51AC, 0x518C, 0x51AC, 0x518C, 0x516C, 0x516C, 0x518C, 0x518C, 0x518B, 0x518C, 
	0x518C, 0x518C, 0x598C, 0x518C, 0x518C, 0x51AC, 0x59AC, 0x598C, 0x59AC, 0x59AC, 0x59AC, 0x61CC, 0x61CC, 0x61CD, 0x61AD, 0x69EE, 
	0x69CD, 0x69CD, 0x69CD, 0x71EE, 0x71CE, 0x71CE, 0x7A0E, 0x79EE, 0x79EE, 0x79CE, 0x79CD, 0x71CD, 0x71AD, 0x71CD, 0x71CD, 0x79CE, 
	0x79CE, 0x79CE, 0x79CE, 0x79CE, 0x79EE, 0x79EE, 0x79CD, 0x79CE, 0x79CE, 0x79CE, 0x79CD, 0x79CE, 0x79CE, 0x71CD, 0x71CD, 0x71CD, 
	0x71AD, 0x71AD, 0x71ED, 0x71CD, 0x71AD, 0x71AD, 0x71CD, 0x71CD, 0x71CD, 0x79CD, 0x79EE, 0x79CD, 0x79CE, 0x79CE, 0x8A30, 0x8A0F, 
	0x81EE, 0x79CE, 0x79AD, 0x79CD, 0x71AD, 0x71AD, 0x71CD, 0x71AD, 0x69AD, 0x69AD, 0x69AC, 0x69AD, 0x69AC, 0x61AC, 0x69CC, 0x61AC, 
	0x61AC, 0x69ED, 0x69EE, 0x61AC, 0x61AC, 0x61AC, 0x618C, 0x61AC, 0x618C, 0x61AC, 0x618C, 0x598B, 0x59AC, 0x618C, 0x598B, 0x598C, 
	0x618C, 0x618C, 0x598B, 0x598B, 0x598B, 0x598B, 0x598B, 0x598B, 0x598B, 0x598B, 0x598B, 0x596B, 0x598B, 0x596B, 0x596B, 0x598B, 
	0x516B, 0x516B, 0x516B, 0x516B, 0x516B, 0x516A, 0x518B, 0x516A, 0x516B, 0x516B, 0x496A, 0x496A, 0x518A, 0x496A, 0x494A, 0x496B, 
	0x496A, 0x494A, 0x494A, 0x496A, 0x496A, 0x496A, 0x496A, 0x494A, 0x494A, 0x494A, 0x496A, 0x496A, 0x494A, 0x494A, 0x494A, 0x494A, 
	0x494A, 0x494A, 0x496A, 0x496A, 0x496A, 0x494A, 0x496A, 0x498B, 0x4969, 0x496A, 0x496A, 0x4149, 0x4149, 0x4149, 0x4149, 0x49AB, 
	0x3928, 0x3908, 0x3908, 0x3908, 0x3928, 0x3908, 0x3908, 0x3908, 0x3908, 0x3929, 0x3949, 0x3929, 0x3929, 0x3929, 0x3909, 0x3929, 
	0x3929, 0x3929, 0x3929, 0x3909, 0x3929, 0x3929, 0x3929, 0x3928, 0x3929, 0x3929, 0x3909, 0x3929, 0x3908, 0x3928, 0x3908, 0x3908, 
	0x3929, 0x3929, 0x3929, 0x3908, 0x3908, 0x3928, 0x3908, 0x3928, 0x3929, 0x3908, 0x3929, 0x3929, 0x3929, 0x3929, 0x3908, 0x3929, 
	0x3909, 0x3929, 0x3929, 0x3929, 0x4149, 0x3929, 0x3929, 0x3929, 0x3949, 0x3929, 0x4129, 0x3929, 0x414A, 0x4129, 0x3929, 0x3929, 
	0x498C, 0x416B, 0x4129, 0x4129, 0x412A, 0x412A, 0x4129, 0x4149, 0x414A, 0x3929, 0x3929, 0x414A, 0x414A, 0x4129, 0x3929, 0x4129, 
	0x4149, 0x4149, 0x414A, 0x4149, 0x414A, 0x4149, 0x4129, 0x4149, 0x4129, 0x414A, 0x414A, 0x4129, 0x414A, 0x414A, 0x414A, 0x414A, 
	0x414A, 0x414A, 0x4149, 0x414A, 0x414A, 0x4129, 0x414A, 0x414A, 0x414A, 0x416A, 0x414A, 0x416A, 0x496A, 0x51AC, 0x51AC, 0x496A, 
	0x414A, 0x414A, 0x496A, 0x416A, 0x414A, 0x494A, 0x414A, 0x496A, 0x494A, 0x494A, 0x496A, 0x494A, 0x494B, 0x494A, 0x496B, 0x496B, 
	0x496B, 0x496B, 0x496B, 0x496B, 0x496B, 0x496B, 0x516B, 0x516B, 0x496B, 0x496B, 0x518B, 0x518C, 0x516B, 0x516B, 0x516B, 0x516B, 
	0x51AC, 0x518C, 0x516B, 0x518B, 0x518C, 0x518B, 0x51AC, 0x516B, 0x518C, 0x518C, 0x518C, 0x518C, 0x518C, 0x518B, 0x518B, 0x518B, 
	0x598C, 0x518C, 0x598C, 0x518C, 0x59AC, 0x59AC, 0x59CC, 0x59AC, 0x59AC, 0x598C, 0x59AC, 0x61CC, 0x59AC, 0x61CD, 0x61AD, 0x61CD, 
	0x69CE, 0x69EE, 0x69AD, 0x71CE, 0x71CD, 0x71CE, 0x79EE, 0x79EE, 0x79EE, 0x79CE, 0x79CE, 0x79CE, 0x79CE, 0x71CD, 0x79CD, 0x79CD, 
	0x79CE, 0x79EE, 0x79CE, 0x79CE, 0x81EE, 0x79EE, 0x79CE, 0x79EE, 0x79CE, 0x79CE, 0x79CD, 0x79CD, 0x79CD, 0x71CD, 0x71CD, 0x71CD, 
	0x71CD, 0x71AD, 0x71CD, 0x71CD, 0x71CD, 0x71CD, 0x71CD, 0x71CD, 0x71AD, 0x71CD, 0x71CD, 0x71AD, 0x79CD, 0x81EE, 0x8A2F, 0x8A0F, 
	0x79CE, 0x79AE, 0x79CE, 0x79CD, 0x71AD, 0x71AD, 0x71AD, 0x71AD, 0x71AD, 0x69AD, 0x71CD, 0x69CC, 0x69CD, 0x69AD, 0x61AC, 0x69CC, 
	0x69AC, 0x69CD, 0x61AC, 0x61AC, 0x61AC, 0x618C, 0x618C, 0x61AC, 0x61AC, 0x618C, 0x61AC, 0x598C, 0x61AC, 0x61AC, 0x598C, 0x618C, 
	0x61AC, 0x61AC, 0x598B, 0x598B, 0x598B, 0x598B, 0x598B, 0x598B, 0x598C, 0x596B, 0x598B, 0x598B, 0x516B, 0x598B, 0x598B, 0x516B, 
	0x516B, 0x518B, 0x518B, 0x516B, 0x518B, 0x516A, 0x518B, 0x516B, 0x496A, 0x516A, 0x496A, 0x496A, 0x496A, 0x496A, 0x496A, 0x516B, 
	0x496A, 0x496A, 0x494A, 0x496A, 0x516A, 0x516A, 0x516A, 0x494A, 0x496A, 0x496A, 0x498A, 0x496A, 0x494A, 0x496B, 0x496A, 0x496A, 
	0x496A, 0x496A, 0x494A, 0x494A, 0x496A, 0x494A, 0x51AC, 0x5A0E, 0x4149, 0x494A, 0x494A, 0x4149, 0x414A, 0x496A, 0x4149, 0x49CC, 
	0x3928, 0x3908, 0x3908, 0x3908, 0x3929, 0x3929, 0x3908, 0x3929, 0x3929, 0x3908, 0x3929, 0x3908, 0x3909, 0x3909, 0x3908, 0x3929, 
	0x3908, 0x3908, 0x3908, 0x3909, 0x3909, 0x3929, 0x3929, 0x3908, 0x3929, 0x3909, 0x3908, 0x3929, 0x3929, 0x3908, 0x3908, 0x3929, 
	0x3909, 0x3929, 0x3929, 0x3929, 0x3928, 0x3929, 0x3928, 0x3929, 0x3929, 0x3929, 0x3929, 0x3929, 0x3928, 0x3929, 0x3929, 0x3929, 
	0x4129, 0x4149, 0x4149, 0x3929, 0x4149, 0x3929, 0x3929, 0x4129, 0x416A, 0x4149, 0x4129, 0x3909, 0x414A, 0x3929, 0x3929, 0x414A, 
	0x496B, 0x414A, 0x3929, 0x4149, 0x414A, 0x414A, 0x4149, 0x4149, 0x412A, 0x4149, 0x412A, 0x414A, 0x414A, 0x412A, 0x4129, 0x4129, 
	0x414A, 0x4129, 0x4149, 0x4129, 0x414A, 0x414A, 0x4129, 0x414A, 0x4149, 0x414A, 0x414A, 0x3929, 0x414A, 0x416A, 0x4149, 0x4149, 
	0x414A, 0x414A, 0x414A, 0x4149, 0x4149, 0x414A, 0x414A, 0x414A, 0x416A, 0x416A, 0x496A, 0x494A, 0x498B, 0x8354, 0x6A91, 0x414A, 
	0x414A, 0x494A, 0x496A, 0x414A, 0x414A, 0x496A, 0x494A, 0x496B, 0x494B, 0x494A, 0x496A, 0x496A, 0x494A, 0x494B, 0x516B, 0x496A, 
	0x496B, 0x496B, 0x494A, 0x496B, 0x496B, 0x516B, 0x516B, 0x496B, 0x496B, 0x496B, 0x516B, 0x518B, 0x516B, 0x516B, 0x518C, 0x518C, 
	0x518C, 0x51AC, 0x518C, 0x518C, 0x518B, 0x516B, 0x518C, 0x518C, 0x516C, 0x518C, 0x518C, 0x518C, 0x518B, 0x518B, 0x518B, 0x516B, 
	0x518C, 0x518C, 0x518C, 0x59AC, 0x59AC, 0x598C, 0x598C, 0x59AC, 0x59AC, 0x59AC, 0x59AC, 0x59AC, 0x59AC, 0x61CD, 0x61AD, 0x61AD, 
	0x69CD, 0x69CD, 0x69CD, 0x69AD, 0x71CD, 0x7A0E, 0x7A0F, 0x7A0F, 0x822F, 0x79EF, 0x79CE, 0x79EE, 0x79CD, 0x71AD, 0x79CD, 0x79CD, 
	0x79CD, 0x79EE, 0x79CE, 0x71AD, 0x79CE, 0x79EE, 0x79CE, 0x79CE, 0x79CE, 0x79EE, 0x71AD, 0x71AD, 0x71CD, 0x71CD, 0x71CD, 0x71CD, 
	0x71CD, 0x71CD, 0x71CD, 0x71CD, 0x71CD, 0x71CD, 0x71CD, 0x71CD, 0x71CD, 0x71CD, 0x71AD, 0x79CD, 0x79CD, 0x79EE, 0x81CE, 0x81CE, 
	0x81CE, 0x79CE, 0x79CD, 0x71AD, 0x71AD, 0x71CD, 0x69AD, 0x71AD, 0x71CD, 0x69AD, 0x71CD, 0x69AC, 0x61AC, 0x69AC, 0x69AD, 0x69CD, 
	0x69CC, 0x69AC, 0x61AC, 0x61AC, 0x61AC, 0x618C, 0x618C, 0x618C, 0x618C, 0x618C, 0x618C, 0x618C, 0x618C, 0x61AC, 0x598B, 0x596B, 
	0x618C, 0x618C, 0x598B, 0x598B, 0x598C, 0x598C, 0x61AC, 0x598B, 0x61AC, 0x596B, 0x596B, 0x596B, 0x596B, 0x596B, 0x596B, 0x516B, 
	0x516B, 0x516B, 0x598C, 0x518B, 0x518B, 0x516A, 0x516B, 0x496A, 0x496A, 0x518B, 0x496A, 0x496A, 0x496A, 0x496A, 0x496A, 0x494A, 
	0x496A, 0x518B, 0x496A, 0x496A, 0x496A, 0x496B, 0x496A, 0x496A, 0x496B, 0x496A, 0x496A, 0x496A, 0x496B, 0x496B, 0x496B, 0x496B, 
	0x496A, 0x496A, 0x496A, 0x496A, 0x496A, 0x496A, 0x496A, 0x498A, 0x496A, 0x496A, 0x494A, 0x416A, 0x4149, 0x414A, 0x496A, 0x496A, 
	0x3929, 0x3929, 0x3908, 0x3929, 0x3928, 0x3929, 0x3929, 0x3929, 0x3929, 0x3929, 0x3929, 0x3909, 0x3909, 0x3929, 0x3929, 0x3949, 
	0x3909, 0x3908, 0x3929, 0x3929, 0x3909, 0x3909, 0x3929, 0x3909, 0x3929, 0x3909, 0x3929, 0x3929, 0x3929, 0x3929, 0x3929, 0x3929, 
	0x3929, 0x3929, 0x3929, 0x3929, 0x3929, 0x3928, 0x3929, 0x3929, 0x3929, 0x3949, 0x3929, 0x3929, 0x3928, 0x3928, 0x3929, 0x3908, 
	0x4129, 0x4129, 0x3909, 0x3929, 0x3929, 0x3928, 0x4129, 0x414A, 0x51AD, 0x496B, 0x412A, 0x412A, 0x3929, 0x4129, 0x3929, 0x4129, 
	0x412A, 0x3929, 0x4149, 0x4149, 0x4129, 0x4129, 0x412A, 0x4149, 0x4149, 0x414A, 0x414A, 0x414A, 0x414A, 0x414A, 0x412A, 0x412A, 
	0x496B, 0x496B, 0x414A, 0x414A, 0x414A, 0x412A, 0x414A, 0x414A, 0x414A, 0x496A, 0x414A, 0x4149, 0x414A, 0x4149, 0x414A, 0x414A, 
	0x414A, 0x4149, 0x414A, 0x4149, 0x414A, 0x496A, 0x496A, 0x414A, 0x414A, 0x496A, 0x494A, 0x496A, 0x496A, 0x5A0E, 0x51AC, 0x498B, 
	0x496B, 0x494A, 0x496B, 0x496A, 0x496A, 0x496A, 0x496B, 0x496B, 0x496A, 0x496B, 0x496B, 0x496A, 0x496B, 0x496B, 0x496B, 0x496B, 
	0x496B, 0x496B, 0x496B, 0x518B, 0x496B, 0x496B, 0x518B, 0x516B, 0x496B, 0x516B, 0x518B, 0x518B, 0x516B, 0x518B, 0x518C, 0x518C, 
	0x516B, 0x516C, 0x518C, 0x518C, 0x518C, 0x518C, 0x518C, 0x518C, 0x518C, 0x516B, 0x518C, 0x518C, 0x518B, 0x518B, 0x516B, 0x518B, 
	0x518C, 0x59AC, 0x59AB, 0x59AB, 0x59AC, 0x59AC, 0x598C, 0x59AC, 0x59AC, 0x59AC, 0x59AC, 0x59AD, 0x59AC, 0x61AC, 0x61CD, 0x61CD, 
	0x69ED, 0x69ED, 0x71EE, 0x71CE, 0x7A0E, 0x822F, 0x8250, 0x8291, 0x8AB1, 0x8230, 0x820F, 0x79EE, 0x79CE, 0x79AD, 0x79CE, 0x79CD, 
	0x79AD, 0x79CE, 0x79EE, 0x79EE, 0x79CD, 0x79CE, 0x81EE, 0x81EE, 0x81EE, 0x820E, 0x79CE, 0x79CE, 0x79CD, 0x71CD, 0x71CD, 0x71CD, 
	0x71CD, 0x71CD, 0x71CD, 0x71CD, 0x71AD, 0x71AD, 0x71CD, 0x71CD, 0x79ED, 0x71CD, 0x71CD, 0x79CE, 0x79CE, 0x79EE, 0x79CD, 0x79CE, 
	0x79CE, 0x79CE, 0x71CD, 0x71AD, 0x71CD, 0x71AD, 0x71AD, 0x71CD, 0x71AD, 0x71AD, 0x71CD, 0x69CD, 0x69AC, 0x69AC, 0x69CD, 0x69AC, 
	0x61AC, 0x69AC, 0x69AC, 0x61AC, 0x61AC, 0x61AC, 0x61AC, 0x61AC, 0x618C, 0x61AC, 0x618C, 0x618C, 0x618C, 0x618C, 0x598B, 0x61AB, 
	0x618B, 0x61AC, 0x618C, 0x618C, 0x61AD, 0x61AD, 0x61CD, 0x598B, 0x598C, 0x59AC, 0x598B, 0x598B, 0x516B, 0x596B, 0x598B, 0x598B, 
	0x518B, 0x518B, 0x61EE, 0x59CC, 0x518B, 0x518B, 0x516B, 0x516B, 0x516A, 0x518B, 0x518B, 0x496A, 0x496A, 0x496A, 0x516B, 0x496A, 
	0x516A, 0x518B, 0x496B, 0x496A, 0x496A, 0x496A, 0x496B, 0x518B, 0x498C, 0x496B, 0x496B, 0x496B, 0x496A, 0x496A, 0x518B, 0x518B, 
	0x496A, 0x498B, 0x496A, 0x494A, 0x496A, 0x496A, 0x496A, 0x496A, 0x496A, 0x494A, 0x494A, 0x496A, 0x414A, 0x496A, 0x4149, 0x414A, 
	0x3908, 0x3908, 0x3908, 0x3929, 0x3909, 0x3929, 0x3929, 0x3908, 0x3909, 0x3909, 0x3909, 0x3909, 0x3929, 0x3929, 0x3929, 0x3949, 
	0x3929, 0x3929, 0x3929, 0x3929, 0x3929, 0x3929, 0x3929, 0x3929, 0x3929, 0x3909, 0x3929, 0x3928, 0x3929, 0x3929, 0x3929, 0x3929, 
	0x3929, 0x4129, 0x3929, 0x3909, 0x3929, 0x3929, 0x3929, 0x3929, 0x3929, 0x3929, 0x3909, 0x3929, 0x3929, 0x3929, 0x4149, 0x3929, 
	0x4129, 0x414A, 0x3929, 0x3949, 0x4149, 0x3929, 0x414A, 0x416A, 0x498B, 0x414A, 0x412A, 0x414A, 0x4129, 0x414A, 0x414A, 0x414A, 
	0x414A, 0x4129, 0x4149, 0x4129, 0x4129, 0x414A, 0x414A, 0x412A, 0x414A, 0x414A, 0x414A, 0x4129, 0x414A, 0x416A, 0x414A, 0x412A, 
	0x496B, 0x496B, 0x414A, 0x414A, 0x414A, 0x412A, 0x414A, 0x414A, 0x414A, 0x414A, 0x414A, 0x414A, 0x414A, 0x414A, 0x416A, 0x496A, 
	0x414A, 0x4149, 0x414A, 0x414A, 0x414A, 0x496A, 0x496B, 0x414A, 0x414A, 0x496A, 0x496A, 0x494A, 0x496A, 0x494A, 0x496B, 0x496B, 
	0x494A, 0x496A, 0x496A, 0x496A, 0x494A, 0x496A, 0x498B, 0x498B, 0x496B, 0x496B, 0x496A, 0x494A, 0x496B, 0x496B, 0x518B, 0x518C, 
	0x496B, 0x496B, 0x496B, 0x518B, 0x516B, 0x496B, 0x496B, 0x496B, 0x516B, 0x518B, 0x518C, 0x516B, 0x516B, 0x518C, 0x518C, 0x518C, 
	0x518C, 0x518C, 0x518C, 0x516C, 0x518C, 0x518C, 0x6A6F, 0x620E, 0x518C, 0x518C, 0x518B, 0x598C, 0x59AC, 0x598B, 0x518C, 0x518C, 
	0x59AC, 0x518C, 0x61ED, 0x72B0, 0x59CC, 0x59AC, 0x59AC, 0x59AC, 0x59AC, 0x61CD, 0x59AC, 0x59AC, 0x61CD, 0x61AC, 0x69EE, 0x69EE, 
	0x69ED, 0x69EE, 0x71EE, 0x71EE, 0x7A0F, 0x8250, 0x8AD2, 0xBD5A, 0xC61C, 0x9334, 0x8250, 0x81EF, 0x81EE, 0x79CE, 0x79CE, 0x79CE, 
	0x79CE, 0x81EE, 0x79CE, 0x79CD, 0x79CE, 0x81EE, 0x81EE, 0x820F, 0x81EE, 0x79CE, 0x79CE, 0x79CE, 0x79CE, 0x79CD, 0x79CD, 0x79CD, 
	0x79CE, 0x71CD, 0x71AD, 0x71CD, 0x71AD, 0x71CD, 0x79EE, 0x79CD, 0x71CD, 0x71CD, 0x71CD, 0x71CD, 0x79CE, 0x79CE, 0x79CE, 0x79EE, 
	0x79AD, 0x79CE, 0x79CE, 0x71CD, 0x71AD, 0x71AD, 0x71CD, 0x71ED, 0x71CD, 0x71CD, 0x69CD, 0x69AC, 0x69AC, 0x69AD, 0x69CD, 0x69AC, 
	0x69AD, 0x69CD, 0x69AC, 0x61AC, 0x618C, 0x618C, 0x61AC, 0x61AC, 0x61AC, 0x61AC, 0x618C, 0x618C, 0x61AC, 0x61AC, 0x618C, 0x618C, 
	0x598B, 0x61AC, 0x61AC, 0x618C, 0x69CD, 0x61AD, 0x61AC, 0x61AC, 0x61AC, 0x598B, 0x598B, 0x598B, 0x598B, 0x598B, 0x598B, 0x598B, 
	0x598B, 0x598B, 0x59CD, 0x59AC, 0x516B, 0x518B, 0x516B, 0x516B, 0x518B, 0x516B, 0x516B, 0x496A, 0x496A, 0x496B, 0x518B, 0x518B, 
	0x518B, 0x516B, 0x496A, 0x518B, 0x496A, 0x518B, 0x59CD, 0x5A2F, 0x5A50, 0x51EF, 0x51AD, 0x496B, 0x496B, 0x496B, 0x518B, 0x516B, 
	0x496B, 0x496B, 0x496A, 0x494A, 0x496B, 0x496B, 0x496A, 0x498A, 0x496A, 0x496A, 0x494A, 0x414A, 0x4149, 0x494A, 0x4949, 0x496A, 
	0x3908, 0x3909, 0x3929, 0x3929, 0x3929, 0x3929, 0x3929, 0x3909, 0x3929, 0x3909, 0x3929, 0x3929, 0x3929, 0x3908, 0x3929, 0x3929, 
	0x3929, 0x3929, 0x3929, 0x3929, 0x3929, 0x3929, 0x3929, 0x3929, 0x3929, 0x3929, 0x3929, 0x3929, 0x3929, 0x3929, 0x3928, 0x3929, 
	0x3929, 0x3929, 0x3929, 0x3929, 0x3929, 0x3929, 0x3929, 0x3929, 0x4129, 0x4129, 0x4129, 0x3929, 0x3929, 0x3929, 0x3929, 0x4149, 
	0x4129, 0x414A, 0x3929, 0x3929, 0x4129, 0x416A, 0x414A, 0x4129, 0x4129, 0x4149, 0x412A, 0x4129, 0x4149, 0x412A, 0x414A, 0x412A, 
	0x414A, 0x412A, 0x414A, 0x414A, 0x412A, 0x412A, 0x4149, 0x414A, 0x4149, 0x414A, 0x414A, 0x414A, 0x414A, 0x496A, 0x414A, 0x414A, 
	0x414A, 0x414A, 0x414A, 0x414A, 0x414A, 0x414A, 0x414A, 0x414A, 0x416A, 0x414A, 0x414A, 0x414A, 0x414A, 0x414A, 0x414A, 0x494A, 
	0x414A, 0x496A, 0x414A, 0x496A, 0x496A, 0x414A, 0x414A, 0x494A, 0x496A, 0x496A, 0x496A, 0x494A, 0x494A, 0x496A, 0x496A, 0x496B, 
	0x494B, 0x496B, 0x496A, 0x496A, 0x494A, 0x496A, 0x496B, 0x496B, 0x496B, 0x496B, 0x496B, 0x496B, 0x496B, 0x496B, 0x496B, 0x518B, 
	0x496B, 0x496B, 0x516B, 0x516B, 0x516B, 0x516B, 0x496B, 0x518B, 0x516B, 0x518B, 0x518B, 0x516B, 0x518B, 0x518C, 0x518C, 0x518C, 
	0x518C, 0x51AC, 0x59AC, 0x518C, 0x518C, 0x516B, 0x9C77, 0x9436, 0x516B, 0x598C, 0x598C, 0x518C, 0x518B, 0x518B, 0x59AC, 0x518C, 
	0x59AC, 0x59AC, 0x6A4F, 0x72B1, 0x59CD, 0x59CC, 0x59AC, 0x59AC, 0x59AC, 0x61CD, 0x59AC, 0x61CD, 0x61CD, 0x61CD, 0x61CD, 0x69CD, 
	0x69ED, 0x69ED, 0x69CD, 0x69AE, 0x79EE, 0x8250, 0x8AF3, 0xCE5D, 0xDF1F, 0x9354, 0x8230, 0x820F, 0x81EF, 0x820F, 0x81EE, 0x79CE, 
	0x81EE, 0x81EE, 0x79CE, 0x79CD, 0x79CE, 0x81EE, 0x79CE, 0x81EE, 0x81EE, 0x79CE, 0x79CE, 0x79CE, 0x79CE, 0x79CE, 0x79CD, 0x71CD, 
	0x79CE, 0x79CE, 0x79CD, 0x71CD, 0x79CD, 0x71CD, 0x71CD, 0x79CD, 0x79EE, 0x79CD, 0x79EE, 0x79CE, 0x79EE, 0x79CE, 0x79CE, 0x79EE, 
	0x79CD, 0x79CE, 0x71CD, 0x71CD, 0x71CD, 0x71AD, 0x71CD, 0x71CD, 0x71CD, 0x71CD, 0x69AD, 0x69AD, 0x69AD, 0x71ED, 0x71ED, 0x69CD, 
	0x69AC, 0x69AC, 0x61AC, 0x69CC, 0x61AC, 0x61AC, 0x61AC, 0x61AC, 0x61AC, 0x61AC, 0x61AC, 0x61AC, 0x69AD, 0x61AC, 0x618C, 0x618C, 
	0x618C, 0x598B, 0x598B, 0x61AC, 0x61AC, 0x598C, 0x598C, 0x61AC, 0x61AC, 0x598B, 0x598B, 0x598B, 0x598B, 0x598B, 0x598B, 0x516B, 
	0x598B, 0x598C, 0x516B, 0x518B, 0x518B, 0x518B, 0x516B, 0x516B, 0x516B, 0x516A, 0x518B, 0x518B, 0x516B, 0x516B, 0x516B, 0x518B, 
	0x516B, 0x516B, 0x516B, 0x496B, 0x496B, 0x51CD, 0x6291, 0x62F4, 0x7397, 0x6B56, 0x62B2, 0x51CD, 0x496B, 0x496B, 0x516B, 0x516B, 
	0x496B, 0x518B, 0x498B, 0x496A, 0x496B, 0x496A, 0x496A, 0x496A, 0x494A, 0x496A, 0x496A, 0x414A, 0x496A, 0x496A, 0x496A, 0x496A, 
	0x3909, 0x3929, 0x3929, 0x3929, 0x3929, 0x3909, 0x3909, 0x3909, 0x3928, 0x3929, 0x3929, 0x3928, 0x3929, 0x3929, 0x3909, 0x3929, 
	0x3929, 0x3929, 0x3929, 0x3929, 0x3929, 0x3929, 0x3929, 0x3949, 0x3929, 0x3909, 0x3929, 0x3909, 0x3929, 0x3929, 0x3929, 0x3929, 
	0x3929, 0x3929, 0x3929, 0x3929, 0x3929, 0x3929, 0x3909, 0x3929, 0x3929, 0x4129, 0x4129, 0x3929, 0x3929, 0x3929, 0x3929, 0x414A, 
	0x414A, 0x414A, 0x4149, 0x3929, 0x3929, 0x414A, 0x4129, 0x4149, 0x3929, 0x4149, 0x414A, 0x4129, 0x4129, 0x4129, 0x4129, 0x412A, 
	0x414A, 0x414A, 0x414A, 0x414A, 0x414A, 0x414A, 0x412A, 0x416A, 0x414A, 0x412A, 0x414A, 0x414A, 0x414A, 0x414A, 0x414A, 0x414A, 
	0x414A, 0x414A, 0x414A, 0x414A, 0x414A, 0x414A, 0x414A, 0x414A, 0x414A, 0x414A, 0x414A, 0x414A, 0x414A, 0x494A, 0x414A, 0x496A, 
	0x414A, 0x498B, 0x496A, 0x414A, 0x496B, 0x496A, 0x496A, 0x496B, 0x496A, 0x494A, 0x496A, 0x496A, 0x496B, 0x496B, 0x496B, 0x496B, 
	0x496B, 0x496B, 0x496B, 0x496B, 0x496B, 0x496B, 0x496B, 0x496B, 0x496B, 0x496B, 0x496B, 0x496B, 0x496B, 0x496B, 0x496B, 0x518B, 
	0x516B, 0x518B, 0x518B, 0x496B, 0x496B, 0x516B, 0x516B, 0x518B, 0x516B, 0x518B, 0x516B, 0x516B, 0x518C, 0x518C, 0x518C, 0x518C, 
	0x518C, 0x518C, 0x59AC, 0x51AC, 0x51AC, 0x59AC, 0x5A0D, 0x622E, 0x59AC, 0x59AC, 0x518C, 0x518C, 0x598C, 0x518C, 0x518C, 0x518C, 
	0x51AC, 0x59AC, 0x59AC, 0x59AC, 0x59CC, 0x59CD, 0x598C, 0x59AC, 0x59AC, 0x59AC, 0x61CC, 0x61ED, 0x61CC, 0x69CD, 0x69EE, 0x61CD, 
	0x69CD, 0x69CD, 0x71EE, 0x71EE, 0x71EE, 0x79EF, 0x7A30, 0x8B13, 0x8B34, 0x8250, 0x7A0F, 0x79CE, 0x820F, 0x8A0F, 0x81EE, 0x79CE, 
	0x81EE, 0x81CE, 0x79CE, 0x79CE, 0x79CE, 0x79CE, 0x79CE, 0x81CE, 0x81CE, 0x81EE, 0x81EE, 0x81EE, 0x79CE, 0x79CE, 0x79CE, 0x79CE, 
	0x79CE, 0x79CE, 0x79CD, 0x79CE, 0x79CE, 0x79CD, 0x71CD, 0x79EE, 0x8230, 0x79EE, 0x79CE, 0x79CD, 0x79CE, 0x81EE, 0x79EE, 0x79CE, 
	0x79CE, 0x79CE, 0x79CD, 0x79CE, 0x71CD, 0x71AD, 0x79CE, 0x71AD, 0x71AD, 0x71AD, 0x71CD, 0x69CD, 0x69CD, 0x69CD, 0x71ED, 0x69AC, 
	0x69AC, 0x69CD, 0x69CD, 0x69CD, 0x69CC, 0x61AC, 0x61AC, 0x61AC, 0x61AC, 0x61AC, 0x61AC, 0x618C, 0x61AC, 0x61AC, 0x618C, 0x69CD, 
	0x61AC, 0x61AC, 0x61AC, 0x61AC, 0x61AC, 0x598B, 0x61AC, 0x61AC, 0x618C, 0x598C, 0x598B, 0x598B, 0x598B, 0x598B, 0x516B, 0x598B, 
	0x518B, 0x598B, 0x598B, 0x516B, 0x516B, 0x516B, 0x516B, 0x516B, 0x516B, 0x516B, 0x518B, 0x518B, 0x518B, 0x518B, 0x516B, 0x516B, 
	0x516B, 0x516B, 0x516B, 0x496B, 0x516B, 0x5A0F, 0x62F4, 0x8CBA, 0xB5FD, 0x94DB, 0x7376, 0x6250, 0x51AC, 0x498B, 0x496B, 0x518B, 
	0x518B, 0x518B, 0x518B, 0x518B, 0x496A, 0x496A, 0x496A, 0x496A, 0x496A, 0x496A, 0x494A, 0x4149, 0x498A, 0x496A, 0x4949, 0x496A, 
	0x3908, 0x3908, 0x3909, 0x3908, 0x3929, 0x3929, 0x3929, 0x3929, 0x3929, 0x51CE, 0x496B, 0x3908, 0x3929, 0x3949, 0x3929, 0x3929, 
	0x3909, 0x3909, 0x3929, 0x3929, 0x3929, 0x3929, 0x3929, 0x3929, 0x3929, 0x4149, 0x3929, 0x3929, 0x3929, 0x3929, 0x3929, 0x3929, 
	0x3929, 0x3929, 0x3929, 0x3929, 0x3929, 0x4149, 0x3929, 0x4149, 0x3929, 0x3929, 0x4129, 0x3929, 0x3929, 0x4129, 0x3929, 0x4129, 
	0x3929, 0x3929, 0x4149, 0x3929, 0x3929, 0x4149, 0x4129, 0x4149, 0x4129, 0x414A, 0x4149, 0x4129, 0x414A, 0x4129, 0x4129, 0x414A, 
	0x414A, 0x414A, 0x414A, 0x414A, 0x412A, 0x414A, 0x414A, 0x414A, 0x414A, 0x414A, 0x496B, 0x414A, 0x414A, 0x414A, 0x414A, 0x414A, 
	0x414A, 0x416A, 0x414A, 0x414A, 0x414A, 0x414A, 0x414A, 0x414A, 0x414A, 0x414A, 0x414A, 0x414A, 0x496A, 0x496A, 0x494A, 0x496A, 
	0x414A, 0x414A, 0x494A, 0x496B, 0x494A, 0x496A, 0x494A, 0x496A, 0x496B, 0x494A, 0x496A, 0x496A, 0x496B, 0x496B, 0x496B, 0x496B, 
	0x496B, 0x496B, 0x496B, 0x496B, 0x496B, 0x498B, 0x496B, 0x518B, 0x496A, 0x494A, 0x496B, 0x496B, 0x496B, 0x516B, 0x516B, 0x518B, 
	0x496B, 0x496B, 0x516B, 0x516B, 0x516B, 0x516B, 0x518B, 0x516B, 0x518B, 0x518C, 0x518C, 0x516B, 0x518B, 0x518C, 0x518C, 0x518C, 
	0x518C, 0x59AC, 0x518C, 0x518C, 0x518C, 0x59AC, 0x59AC, 0x518C, 0x59AC, 0x518C, 0x518C, 0x518B, 0x518C, 0x518C, 0x518C, 0x518C, 
	0x59AC, 0x59AC, 0x59AC, 0x59AD, 0x59AC, 0x59AC, 0x59CD, 0x61CD, 0x61CD, 0x61CD, 0x61AC, 0x61CC, 0x61AC, 0x69CD, 0x69ED, 0x61CD, 
	0x69CD, 0x69ED, 0x71EE, 0x71EE, 0x720E, 0x720E, 0x7A0F, 0x7A2F, 0x7A0F, 0x8250, 0x79EF, 0x79CE, 0x79CE, 0x81EE, 0x81EE, 0x79CE, 
	0x79CE, 0x81EE, 0x81EE, 0x79CE, 0x81EE, 0x79CE, 0x81EE, 0x820F, 0x81CE, 0x81EE, 0x81EF, 0x81EE, 0x81EE, 0x81EE, 0x79CE, 0x79EE, 
	0x79AD, 0x79CD, 0x79CE, 0x79CE, 0x79EE, 0x79EE, 0x79CE, 0x79EE, 0x820E, 0x79EE, 0x79EE, 0x79EE, 0x79CE, 0x79CE, 0x79CE, 0x79CE, 
	0x81EE, 0x79CE, 0x79CE, 0x79CD, 0x79CD, 0x79CD, 0x79EE, 0x79CE, 0x71AD, 0x71CE, 0x71CD, 0x71CD, 0x69CD, 0x69CD, 0x69CD, 0x69AD, 
	0x69CD, 0x69CD, 0x69CD, 0x69AD, 0x69AD, 0x61AC, 0x69AC, 0x618C, 0x61AC, 0x61AC, 0x61AC, 0x618C, 0x61AC, 0x61AC, 0x61AC, 0x61AD, 
	0x61AD, 0x618C, 0x61AC, 0x61AC, 0x61AC, 0x618C, 0x598B, 0x618C, 0x61AC, 0x61AC, 0x598B, 0x598B, 0x598B, 0x598B, 0x598B, 0x598B, 
	0x598B, 0x518B, 0x518B, 0x516B, 0x518B, 0x516B, 0x516B, 0x516B, 0x518B, 0x518B, 0x516B, 0x516B, 0x516B, 0x518B, 0x516B, 0x516B, 
	0x518B, 0x496A, 0x518B, 0x518B, 0x518C, 0x5A30, 0x73B7, 0xBE5D, 0xEF9E, 0xBE3D, 0x7BD8, 0x6250, 0x518C, 0x518B, 0x516B, 0x518B, 
	0x518B, 0x496B, 0x496A, 0x496A, 0x496B, 0x496B, 0x496A, 0x494A, 0x496A, 0x496A, 0x496A, 0x496A, 0x496A, 0x494A, 0x494A, 0x494A, 
	0x3909, 0x3909, 0x3929, 0x3909, 0x3929, 0x3929, 0x3929, 0x3929, 0x3928, 0x3949, 0x3929, 0x3929, 0x3929, 0x3929, 0x3929, 0x3929, 
	0x3929, 0x3909, 0x3929, 0x3929, 0x3929, 0x3929, 0x3929, 0x3929, 0x3929, 0x3949, 0x3929, 0x3929, 0x3929, 0x3929, 0x4149, 0x3929, 
	0x3929, 0x3929, 0x4129, 0x3929, 0x3929, 0x3929, 0x3929, 0x3929, 0x3929, 0x3929, 0x3949, 0x3929, 0x3929, 0x4129, 0x4129, 0x4129, 
	0x4129, 0x4129, 0x4149, 0x414A, 0x3929, 0x4129, 0x414A, 0x414A, 0x414A, 0x414A, 0x414A, 0x414A, 0x414A, 0x414A, 0x414A, 0x416A, 
	0x414A, 0x412A, 0x414A, 0x414A, 0x4149, 0x414A, 0x414A, 0x414A, 0x414A, 0x414A, 0x414A, 0x414A, 0x414A, 0x414A, 0x496A, 0x412A, 
	0x414A, 0x416A, 0x416A, 0x414A, 0x414A, 0x414A, 0x414A, 0x416A, 0x414A, 0x414A, 0x496A, 0x414A, 0x414A, 0x414A, 0x496A, 0x414A, 
	0x494A, 0x494A, 0x496A, 0x496B, 0x496A, 0x496A, 0x496A, 0x496A, 0x498B, 0x498B, 0x498B, 0x496A, 0x496A, 0x496B, 0x496B, 0x494B, 
	0x496B, 0x496B, 0x518B, 0x496B, 0x496B, 0x496B, 0x496A, 0x496B, 0x496A, 0x496B, 0x516B, 0x496B, 0x496B, 0x516B, 0x516B, 0x516B, 
	0x518B, 0x516B, 0x516B, 0x518B, 0x516B, 0x516B, 0x518C, 0x516B, 0x518C, 0x518C, 0x518C, 0x518C, 0x518C, 0x518C, 0x518B, 0x518C, 
	0x59AC, 0x59AC, 0x518C, 0x518C, 0x518C, 0x518C, 0x518C, 0x59AC, 0x518C, 0x59AC, 0x518C, 0x59AC, 0x518B, 0x518C, 0x59AC, 0x59AC, 
	0x59AC, 0x598C, 0x59AC, 0x59CD, 0x59AC, 0x59AC, 0x59CC, 0x61CD, 0x61ED, 0x61CC, 0x59AC, 0x61CD, 0x61CD, 0x69CD, 0x61CD, 0x69CD, 
	0x69ED, 0x69ED, 0x71EE, 0x69ED, 0x71EE, 0x720F, 0x720E, 0x7A2F, 0x822F, 0x824F, 0x7A0F, 0x79EE, 0x79EE, 0x820F, 0x820F, 0x81EE, 
	0x81EE, 0x81EE, 0x820F, 0x81EF, 0x81EF, 0x81CE, 0x81EF, 0x81CE, 0x81EE, 0x81EE, 0x81EE, 0x81EE, 0x81EF, 0x81CE, 0x79CE, 0x79EE, 
	0x79CE, 0x79CE, 0x79CE, 0x79CE, 0x79EE, 0x79CE, 0x79CE, 0x81EE, 0x79CE, 0x79CE, 0x81CE, 0x81EE, 0x81CE, 0x81CE, 0x81CE, 0x81CE, 
	0x81CE, 0x81CE, 0x79CE, 0x79CD, 0x79CE, 0x79CD, 0x71CD, 0x71AD, 0x71CD, 0x71CD, 0x71CD, 0x71CD, 0x69CD, 0x69CD, 0x69AD, 0x71CD, 
	0x71CD, 0x69CD, 0x61AC, 0x69AC, 0x61AC, 0x618C, 0x69AC, 0x69CD, 0x69AD, 0x69CD, 0x69CD, 0x61CD, 0x69ED, 0x6A2E, 0x69CD, 0x61AD, 
	0x618C, 0x61AC, 0x618C, 0x618C, 0x61AC, 0x61AC, 0x61AC, 0x61AC, 0x618C, 0x598B, 0x598B, 0x598C, 0x596B, 0x598B, 0x598B, 0x598B, 
	0x598C, 0x598B, 0x516B, 0x518B, 0x598B, 0x518B, 0x516B, 0x516B, 0x516B, 0x598B, 0x516B, 0x516B, 0x516B, 0x516B, 0x516A, 0x518B, 
	0x518B, 0x518B, 0x518B, 0x518B, 0x518C, 0x5A0F, 0x7396, 0xB63D, 0xE73E, 0xADDD, 0x7377, 0x6251, 0x518C, 0x518B, 0x518B, 0x518B, 
	0x518B, 0x496A, 0x496A, 0x496A, 0x496A, 0x498B, 0x518B, 0x496A, 0x518B, 0x51AB, 0x496A, 0x496A, 0x494A, 0x496A, 0x496A, 0x496A, 
	0x3929, 0x3908, 0x3929, 0x3909, 0x3929, 0x3929, 0x3929, 0x3929, 0x3928, 0x3929, 0x3929, 0x3929, 0x3929, 0x3929, 0x3929, 0x3929, 
	0x3929, 0x3909, 0x3929, 0x3929, 0x3908, 0x3929, 0x3929, 0x4149, 0x4129, 0x3929, 0x3929, 0x3929, 0x3929, 0x3929, 0x3909, 0x4129, 
	0x3929, 0x3929, 0x3929, 0x3929, 0x3929, 0x414A, 0x4149, 0x3929, 0x3929, 0x3929, 0x3929, 0x3929, 0x3929, 0x4129, 0x4129, 0x4129, 
	0x4129, 0x3929, 0x4129, 0x4129, 0x4129, 0x4149, 0x414A, 0x414A, 0x414A, 0x414A, 0x414A, 0x414A, 0x414A, 0x414A, 0x414A, 0x414A, 
	0x414A, 0x414A, 0x414A, 0x414A, 0x414A, 0x496A, 0x416A, 0x416A, 0x496B, 0x414B, 0x414A, 0x414A, 0x414A, 0x496B, 0x496B, 0x494A, 
	0x494A, 0x414A, 0x414A, 0x414A, 0x414A, 0x412A, 0x414A, 0x414A, 0x494A, 0x414A, 0x414A, 0x414A, 0x496B, 0x416A, 0x496A, 0x494A, 
	0x496A, 0x494A, 0x496B, 0x496B, 0x496A, 0x496A, 0x494A, 0x496A, 0x496B, 0x496B, 0x496B, 0x51AC, 0x59CD, 0x496B, 0x496B, 0x496B, 
	0x496B, 0x494B, 0x496B, 0x496B, 0x496B, 0x496B, 0x496B, 0x496B, 0x516B, 0x496B, 0x496B, 0x496B, 0x496B, 0x516B, 0x516B, 0x518B, 
	0x518B, 0x516B, 0x496B, 0x516B, 0x516B, 0x518B, 0x518C, 0x518C, 0x518C, 0x518C, 0x518C, 0x518C, 0x51AC, 0x51AC, 0x518C, 0x518C, 
	0x51AC, 0x518C, 0x59AC, 0x59AC, 0x518C, 0x518C, 0x518B, 0x51AC, 0x518C, 0x59AC, 0x518C, 0x518C, 0x518C, 0x59AC, 0x59AC, 0x59AC, 
	0x59CC, 0x59AC, 0x59AC, 0x59CD, 0x59AC, 0x59AC, 0x59AC, 0x59AC, 0x61CD, 0x61CD, 0x61AD, 0x61AD, 0x61CD, 0x61CD, 0x61CD, 0x69CD, 
	0x69CD, 0x69ED, 0x69EE, 0x69CD, 0x71EE, 0x720E, 0x720E, 0x7A0E, 0x7A0E, 0x7A0E, 0x79EE, 0x79EE, 0x81EF, 0x81EE, 0x820F, 0x81EE, 
	0x820F, 0x81CE, 0x81EE, 0x81EF, 0x89EF, 0x81EE, 0x8A0F, 0x81EE, 0x89EF, 0x81EF, 0x81CE, 0x81EF, 0x81EF, 0x81CE, 0x81EE, 0x81EE, 
	0x79EE, 0x79CE, 0x79CE, 0x79EE, 0x79CE, 0x79EE, 0x81EE, 0x81EE, 0x81EE, 0x81EF, 0x81EE, 0x81CE, 0x81EE, 0x81CE, 0x81CE, 0x81CE, 
	0x81CE, 0x81CE, 0x79CE, 0x79CE, 0x79CE, 0x79CE, 0x71AD, 0x79CE, 0x79CE, 0x71CD, 0x71CE, 0x71CD, 0x71CD, 0x71CD, 0x69CD, 0x69CD, 
	0x69AD, 0x69CD, 0x69AC, 0x69AD, 0x69AC, 0x61AC, 0x61AC, 0x69CD, 0x69CD, 0x69AD, 0x69CD, 0x69EE, 0x93D6, 0xB59B, 0x7290, 0x61CD, 
	0x61AD, 0x61AD, 0x61AC, 0x618C, 0x61AC, 0x61AC, 0x59AC, 0x598C, 0x61AC, 0x618C, 0x59AC, 0x598C, 0x598B, 0x598B, 0x598B, 0x596B, 
	0x598B, 0x598B, 0x598B, 0x598B, 0x518B, 0x598B, 0x598B, 0x516B, 0x598B, 0x598B, 0x598B, 0x598B, 0x518B, 0x516B, 0x518B, 0x518B, 
	0x518B, 0x518B, 0x516B, 0x496B, 0x518B, 0x5A0F, 0x6B14, 0x8439, 0x9D3B, 0x8438, 0x6AD4, 0x5A0E, 0x51AC, 0x518B, 0x496B, 0x496B, 
	0x496B, 0x496A, 0x496B, 0x496A, 0x496A, 0x496A, 0x496A, 0x494A, 0x498B, 0x498B, 0x498A, 0x496A, 0x496A, 0x494A, 0x494A, 0x416A, 
	0x3929, 0x3929, 0x3929, 0x3929, 0x3929, 0x3929, 0x4129, 0x4149, 0x3929, 0x4149, 0x3929, 0x3929, 0x3929, 0x3929, 0x3929, 0x3929, 
	0x3929, 0x3929, 0x3929, 0x3929, 0x3929, 0x3929, 0x3909, 0x3929, 0x3929, 0x3929, 0x3929, 0x3929, 0x3929, 0x3929, 0x3909, 0x4149, 
	0x4149, 0x4129, 0x3929, 0x414A, 0x414A, 0x414A, 0x414A, 0x3929, 0x3929, 0x3929, 0x3929, 0x4149, 0x4129, 0x4129, 0x4129, 0x4129, 
	0x4129, 0x4149, 0x414A, 0x4129, 0x4149, 0x414A, 0x414A, 0x4129, 0x414A, 0x4149, 0x414A, 0x414A, 0x414A, 0x416A, 0x496A, 0x414A, 
	0x496A, 0x494A, 0x494A, 0x414A, 0x414A, 0x414A, 0x414A, 0x414A, 0x496B, 0x414A, 0x496A, 0x414A, 0x496A, 0x494A, 0x494A, 0x494A, 
	0x494A, 0x414A, 0x414A, 0x496A, 0x414A, 0x414A, 0x496A, 0x414A, 0x494A, 0x496A, 0x494A, 0x496B, 0x51AC, 0x518B, 0x496A, 0x494A, 
	0x496A, 0x496A, 0x496B, 0x496A, 0x494A, 0x496A, 0x496A, 0x496B, 0x496B, 0x496B, 0x496B, 0x59CE, 0x620F, 0x496B, 0x496B, 0x496B, 
	0x516B, 0x496B, 0x496B, 0x496B, 0x496B, 0x516B, 0x516B, 0x496B, 0x516B, 0x496B, 0x516B, 0x518B, 0x516B, 0x516B, 0x516B, 0x516B, 
	0x518B, 0x516B, 0x518C, 0x518C, 0x518B, 0x518C, 0x516B, 0x516B, 0x518C, 0x518C, 0x598C, 0x518C, 0x518C, 0x518C, 0x518C, 0x518C, 
	0x51AC, 0x51AC, 0x51AC, 0x518C, 0x518C, 0x518C, 0x518B, 0x518C, 0x518C, 0x59AC, 0x59AC, 0x59AC, 0x59AC, 0x59AC, 0x59CC, 0x622E, 
	0x59CC, 0x598C, 0x598C, 0x598C, 0x61CD, 0x61CD, 0x598C, 0x59AC, 0x61CD, 0x61CD, 0x61CD, 0x61AD, 0x61AD, 0x61AD, 0x69CD, 0x69ED, 
	0x69CD, 0x69EE, 0x69EE, 0x69CD, 0x69EE, 0x69EE, 0x720E, 0x720E, 0x71EE, 0x79EE, 0x79EE, 0x81EE, 0x8A2F, 0x81EE, 0x81EE, 0x8A0F, 
	0x8A0F, 0x89EF, 0x89EF, 0x81CE, 0x89EF, 0x89EF, 0x89EF, 0x89CE, 0x89EF, 0x89EF, 0x89EF, 0x8A0F, 0x81EF, 0x81EE, 0x81EE, 0x81EE, 
	0x81CE, 0x79CE, 0x79CE, 0x81EE, 0x79CE, 0x81EE, 0x81CE, 0x81EE, 0x89EE, 0x8A0F, 0x8A0F, 0x81EE, 0x81EE, 0x81CE, 0x81EE, 0x81EE, 
	0x81CE, 0x79CE, 0x79CE, 0x79CD, 0x79CE, 0x79CE, 0x79CE, 0x79CE, 0x79CE, 0x71CE, 0x71AD, 0x71AD, 0x71CD, 0x71CD, 0x71CD, 0x69CD, 
	0x69AD, 0x69CD, 0x69AD, 0x69AD, 0x69AC, 0x69AD, 0x69CD, 0x69AD, 0x69AD, 0x61AC, 0x61AC, 0x69CD, 0x8B53, 0x9C78, 0x724F, 0x61CD, 
	0x61CD, 0x61CD, 0x61AC, 0x61AC, 0x61AC, 0x61AC, 0x598B, 0x598C, 0x61AC, 0x61AC, 0x598C, 0x598C, 0x598C, 0x598B, 0x598B, 0x598B, 
	0x598B, 0x598B, 0x598B, 0x518B, 0x518B, 0x59AB, 0x598B, 0x596B, 0x598B, 0x516B, 0x518B, 0x518B, 0x516B, 0x516B, 0x518B, 0x518B, 
	0x518B, 0x516B, 0x516B, 0x518B, 0x518B, 0x59CD, 0x6250, 0x62D3, 0x6B14, 0x6AD3, 0x6250, 0x518C, 0x498B, 0x518B, 0x518B, 0x518B, 
	0x498B, 0x496B, 0x498B, 0x496A, 0x496A, 0x498B, 0x496A, 0x494A, 0x496A, 0x496A, 0x496A, 0x494A, 0x496A, 0x496A, 0x494A, 0x4149, 
	0x3929, 0x3949, 0x3929, 0x3929, 0x3929, 0x3929, 0x3929, 0x3929, 0x3929, 0x3929, 0x3929, 0x4129, 0x3929, 0x3929, 0x3929, 0x3929, 
	0x3929, 0x4149, 0x3929, 0x3929, 0x3949, 0x3929, 0x3929, 0x4149, 0x3929, 0x3929, 0x3929, 0x3929, 0x3929, 0x4149, 0x3929, 0x4149, 
	0x3929, 0x3949, 0x3929, 0x3929, 0x414A, 0x3929, 0x414A, 0x4129, 0x4149, 0x4149, 0x4129, 0x4149, 0x4129, 0x4129, 0x4149, 0x414A, 
	0x414A, 0x414A, 0x414A, 0x414A, 0x4129, 0x4149, 0x414A, 0x414A, 0x414A, 0x414A, 0x4149, 0x414A, 0x414A, 0x414A, 0x414A, 0x414A, 
	0x414A, 0x414A, 0x494A, 0x414A, 0x414A, 0x414A, 0x414A, 0x414A, 0x414A, 0x414A, 0x496A, 0x414A, 0x414A, 0x414A, 0x414A, 0x496B, 
	0x494A, 0x414A, 0x494A, 0x496A, 0x494A, 0x496A, 0x496B, 0x496A, 0x496A, 0x496A, 0x496A, 0x496A, 0x496A, 0x496A, 0x496B, 0x496A, 
	0x496A, 0x496B, 0x496B, 0x496B, 0x496B, 0x496B, 0x496B, 0x498B, 0x496B, 0x498B, 0x498B, 0x496B, 0x496B, 0x518B, 0x496B, 0x494B, 
	0x496B, 0x516B, 0x518B, 0x496B, 0x496B, 0x496B, 0x518B, 0x518B, 0x518B, 0x516B, 0x518B, 0x518B, 0x516B, 0x516B, 0x516B, 0x516B, 
	0x516B, 0x518C, 0x518C, 0x518C, 0x518B, 0x518C, 0x518B, 0x516B, 0x518C, 0x518C, 0x598C, 0x518C, 0x518C, 0x518C, 0x51AC, 0x518C, 
	0x51AC, 0x518C, 0x518C, 0x59AC, 0x518C, 0x598C, 0x518C, 0x51AC, 0x51AC, 0x518C, 0x59AC, 0x59AC, 0x59AC, 0x59AC, 0x61EE, 0x8354, 
	0x620E, 0x59AC, 0x598C, 0x59AD, 0x61CD, 0x61CD, 0x59AC, 0x61CD, 0x61CD, 0x61AC, 0x61CD, 0x61CD, 0x61CD, 0x61CD, 0x69CD, 0x69CD, 
	0x69CD, 0x69EE, 0x69EE, 0x69EE, 0x69CD, 0x71EE, 0x720E, 0x720E, 0x71EE, 0x79EE, 0x79EE, 0x81EE, 0x8A0F, 0x81EF, 0x8A30, 0xAB76, 
	0x9A92, 0x89EF, 0x89EF, 0x89CF, 0x8A0F, 0x89EF, 0x89EF, 0x89EF, 0x89EF, 0x89EF, 0x8A0F, 0x8A0F, 0x89EF, 0x8A0F, 0x8A0F, 0x81EE, 
	0x89EF, 0x81EE, 0x81CE, 0x820F, 0x81EE, 0x81EF, 0x81EF, 0x89EF, 0x89EF, 0x89CE, 0x89EF, 0x89EE, 0x81EF, 0x81CE, 0x81CE, 0x81EE, 
	0x81EE, 0x820E, 0x79CE, 0x79CE, 0x79CD, 0x79CE, 0x79EE, 0x71CD, 0x7A0E, 0x7A0F, 0x71CE, 0x71CE, 0x71CD, 0x69AD, 0x71CD, 0x69CD, 
	0x69CD, 0x69CD, 0x69AD, 0x69CD, 0x61AC, 0x61AC, 0x69CD, 0x69CD, 0x69CD, 0x61AC, 0x61AC, 0x69CD, 0x69CD, 0x69CD, 0x69CE, 0x61AD, 
	0x61AC, 0x61AC, 0x61AC, 0x61AC, 0x61AC, 0x61AC, 0x59AC, 0x61AC, 0x61AC, 0x59AC, 0x61AC, 0x598C, 0x61AC, 0x59AC, 0x59AC, 0x59AC, 
	0x598B, 0x598B, 0x598B, 0x598B, 0x59AC, 0x518B, 0x516B, 0x516B, 0x518B, 0x516B, 0x518B, 0x518B, 0x518B, 0x518B, 0x518B, 0x518B, 
	0x518B, 0x518B, 0x518B, 0x518B, 0x496B, 0x518B, 0x51AC, 0x59EE, 0x59EE, 0x51CD, 0x51AC, 0x518B, 0x498B, 0x498B, 0x518B, 0x51AB, 
	0x51AB, 0x498B, 0x518B, 0x518B, 0x498B, 0x518B, 0x518A, 0x496A, 0x496A, 0x494A, 0x496A, 0x494A, 0x494A, 0x494A, 0x496A, 0x496A, 
	0x3929, 0x3929, 0x3929, 0x3929, 0x3909, 0x3929, 0x3929, 0x3929, 0x4149, 0x3929, 0x4149, 0x4149, 0x3929, 0x3929, 0x3949, 0x4149, 
	0x4129, 0x4149, 0x3929, 0x3929, 0x4149, 0x3949, 0x4149, 0x4149, 0x4129, 0x4129, 0x4129, 0x4129, 0x4149, 0x4149, 0x4149, 0x3929, 
	0x3949, 0x3949, 0x3929, 0x3929, 0x4149, 0x4149, 0x414A, 0x414A, 0x4149, 0x4149, 0x4149, 0x4149, 0x4149, 0x4149, 0x4149, 0x4129, 
	0x414A, 0x414A, 0x4129, 0x414A, 0x414A, 0x414A, 0x414A, 0x414A, 0x414A, 0x414A, 0x414A, 0x414A, 0x414A, 0x414A, 0x414A, 0x414A, 
	0x4149, 0x414A, 0x414A, 0x414A, 0x414A, 0x496A, 0x496A, 0x416A, 0x496B, 0x416A, 0x496B, 0x416A, 0x496B, 0x416A, 0x496A, 0x416A, 
	0x494B, 0x414A, 0x414A, 0x496A, 0x494A, 0x496A, 0x496A, 0x494A, 0x494A, 0x496A, 0x496A, 0x496A, 0x496A, 0x496B, 0x496B, 0x496B, 
	0x496A, 0x496B, 0x496B, 0x496A, 0x496B, 0x498B, 0x498B, 0x498B, 0x498B, 0x496B, 0x496B, 0x518B, 0x518B, 0x518B, 0x518B, 0x518B, 
	0x516B, 0x518B, 0x518B, 0x496B, 0x496B, 0x518B, 0x518B, 0x518B, 0x518B, 0x518B, 0x516B, 0x516B, 0x516B, 0x518B, 0x518C, 0x516B, 
	0x518C, 0x518C, 0x518B, 0x518C, 0x516B, 0x518C, 0x518C, 0x518C, 0x518C, 0x518C, 0x518C, 0x518C, 0x518C, 0x59AC, 0x518C, 0x51AC, 
	0x59AC, 0x518C, 0x51AC, 0x59AC, 0x518C, 0x518C, 0x59AC, 0x59AC, 0x59AC, 0x598C, 0x59AC, 0x59AC, 0x59AC, 0x61AD, 0x59CC, 0x61ED, 
	0x61CD, 0x61CD, 0x59AD, 0x61CD, 0x61AD, 0x59AC, 0x59AC, 0x61CC, 0x61CD, 0x61AC, 0x61AD, 0x61ED, 0x69ED, 0x69CD, 0x69CD, 0x69EE, 
	0x69EE, 0x69EE, 0x69CD, 0x71EE, 0x71EE, 0x720E, 0x720E, 0x720E, 0x71EE, 0x71EE, 0x7A0F, 0x820F, 0x820F, 0x8A0F, 0x9230, 0xA2F4, 
	0x9AB2, 0x922F, 0x9210, 0x9210, 0x9230, 0x9A51, 0x9210, 0x91EF, 0x89EF, 0x89EF, 0x89EF, 0x8A0F, 0x8A0F, 0x8A0F, 0x89EF, 0x89EF, 
	0x81CE, 0x81EF, 0x81CE, 0x81EE, 0x81EE, 0x8A0F, 0x89EF, 0x89CF, 0x89EF, 0x89EF, 0x89EF, 0x81CF, 0x81CF, 0x81EF, 0x81EE, 0x81EE, 
	0x81EE, 0x81EE, 0x79CD, 0x79CE, 0x79CE, 0x79EE, 0x79CE, 0x71EE, 0x79EE, 0x7A0E, 0x71CD, 0x71CD, 0x71CD, 0x71CD, 0x71CE, 0x71EE, 
	0x71ED, 0x71EE, 0x69CD, 0x69CD, 0x69AD, 0x69CD, 0x69CD, 0x69CD, 0x69CD, 0x69AD, 0x69CD, 0x69AD, 0x69CD, 0x69CD, 0x69CD, 0x69CD, 
	0x61AD, 0x61AC, 0x61AC, 0x61AC, 0x61AC, 0x598C, 0x59AC, 0x61AC, 0x59AC, 0x59AC, 0x61AC, 0x598C, 0x61AC, 0x61AC, 0x598B, 0x598B, 
	0x598B, 0x59AB, 0x59AC, 0x59AC, 0x59AC, 0x518B, 0x516B, 0x598B, 0x598B, 0x598B, 0x516B, 0x518B, 0x518B, 0x518B, 0x518B, 0x516B, 
	0x516B, 0x518B, 0x518B, 0x516B, 0x516B, 0x518B, 0x518C, 0x518C, 0x51AC, 0x498C, 0x518B, 0x518B, 0x496B, 0x518B, 0x518B, 0x518B, 
	0x518B, 0x496A, 0x496B, 0x518B, 0x496B, 0x496A, 0x496A, 0x496A, 0x496A, 0x496A, 0x496A, 0x496A, 0x496A, 0x496A, 0x496A, 0x496A, 
	0x3929, 0x3929, 0x3929, 0x3929, 0x3929, 0x3929, 0x3929, 0x3929, 0x3929, 0x3929, 0x3929, 0x3929, 0x3929, 0x3929, 0x3929, 0x4149, 
	0x4149, 0x3929, 0x3929, 0x3929, 0x3929, 0x3929, 0x4149, 0x3929, 0x4129, 0x4149, 0x4129, 0x4149, 0x414A, 0x4129, 0x4149, 0x3929, 
	0x4149, 0x3929, 0x3929, 0x3929, 0x4129, 0x414A, 0x3929, 0x414A, 0x4129, 0x4129, 0x4149, 0x4149, 0x4149, 0x4149, 0x414A, 0x4129, 
	0x414A, 0x414A, 0x4129, 0x414A, 0x414A, 0x414A, 0x414A, 0x414A, 0x414A, 0x414A, 0x414A, 0x414A, 0x496A, 0x414A, 0x414A, 0x414A, 
	0x414A, 0x414A, 0x414A, 0x414A, 0x414A, 0x496A, 0x496B, 0x496B, 0x496B, 0x494A, 0x414A, 0x496B, 0x498B, 0x498C, 0x498B, 0x496B, 
	0x414A, 0x496B, 0x496B, 0x498B, 0x496A, 0x496A, 0x496A, 0x496A, 0x496A, 0x496A, 0x498A, 0x496A, 0x496A, 0x498B, 0x496A, 0x496A, 
	0x496B, 0x498B, 0x518B, 0x496A, 0x496A, 0x496B, 0x498B, 0x496B, 0x518B, 0x518B, 0x518B, 0x518B, 0x518B, 0x518B, 0x516B, 0x518B, 
	0x516B, 0x516B, 0x518B, 0x516B, 0x516B, 0x518B, 0x516B, 0x516B, 0x516B, 0x518C, 0x516B, 0x516B, 0x518B, 0x516B, 0x516C, 0x516C, 
	0x598C, 0x598C, 0x516C, 0x518C, 0x518B, 0x518B, 0x598C, 0x518C, 0x59AC, 0x51AC, 0x59AD, 0x59AC, 0x59AD, 0x59AC, 0x598C, 0x59AC, 
	0x59AC, 0x518C, 0x518C, 0x51AC, 0x59AC, 0x59AC, 0x59AC, 0x59AC, 0x59AC, 0x59AC, 0x59AC, 0x59AC, 0x59AC, 0x61AD, 0x61CD, 0x61AD, 
	0x61CD, 0x61CD, 0x59AC, 0x61CD, 0x61CD, 0x59AC, 0x59CC, 0x59CC, 0x59CC, 0x61CD, 0x61CD, 0x61CD, 0x61CD, 0x61CD, 0x61CD, 0x69CD, 
	0x69EE, 0x69EE, 0x71EE, 0x71EE, 0x71EE, 0x71EE, 0x71EE, 0x720E, 0x7A0E, 0x79EE, 0x7A0E, 0x79EE, 0x81EF, 0x8A30, 0x9230, 0x8A10, 
	0x920F, 0x9230, 0x9230, 0x920F, 0x9A51, 0xAB14, 0x9A71, 0x89EF, 0x8A0F, 0x89EF, 0x89EF, 0x9210, 0x920F, 0x89EF, 0x89EF, 0x8A0F, 
	0x81CE, 0x81EF, 0x81EF, 0x81EF, 0x89EF, 0x89EF, 0x89EF, 0x89EF, 0x9210, 0x8A10, 0x89EF, 0x81CF, 0x81EF, 0x8A0F, 0x81EF, 0x81EF, 
	0x81EF, 0x79EE, 0x79CE, 0x79EE, 0x79EE, 0x79CE, 0x71CE, 0x79CE, 0x71CE, 0x79EE, 0x71EE, 0x71EE, 0x71EE, 0x71CE, 0x69CD, 0x71EE, 
	0x71EE, 0x69CD, 0x69CD, 0x69CD, 0x69CD, 0x69CD, 0x69CD, 0x69AD, 0x69CD, 0x69AD, 0x69CD, 0x69AD, 0x69ED, 0x69ED, 0x61AC, 0x61AD, 
	0x61AD, 0x61AC, 0x61AC, 0x61AD, 0x61CD, 0x61AC, 0x61AC, 0x61AC, 0x59AC, 0x59AC, 0x598C, 0x598C, 0x61AC, 0x598C, 0x598C, 0x598B, 
	0x598B, 0x598B, 0x598B, 0x598B, 0x59AC, 0x598B, 0x598B, 0x598B, 0x598B, 0x516B, 0x516B, 0x598B, 0x518B, 0x516B, 0x518B, 0x516B, 
	0x516B, 0x518B, 0x518B, 0x516B, 0x518B, 0x51AC, 0x518C, 0x51AC, 0x518C, 0x518C, 0x518B, 0x518B, 0x516B, 0x516B, 0x518B, 0x496A, 
	0x518B, 0x518B, 0x516B, 0x518B, 0x518B, 0x516A, 0x496A, 0x496A, 0x518B, 0x498A, 0x496A, 0x496A, 0x494A, 0x496A, 0x498B, 0x496A, 
	0x3929, 0x4129, 0x3929, 0x3929, 0x3929, 0x3929, 0x4129, 0x4129, 0x414A, 0x3929, 0x3929, 0x3929, 0x4149, 0x4149, 0x3929, 0x3929, 
	0x3929, 0x3929, 0x4129, 0x4149, 0x3929, 0x4129, 0x414A, 0x3929, 0x4149, 0x414A, 0x3929, 0x3929, 0x4129, 0x4129, 0x4149, 0x4129, 
	0x3929, 0x4129, 0x4129, 0x4149, 0x4149, 0x416A, 0x4149, 0x414A, 0x414A, 0x414A, 0x4149, 0x4149, 0x414A, 0x4129, 0x4149, 0x4129, 
	0x414A, 0x414A, 0x414A, 0x414A, 0x414A, 0x414A, 0x496B, 0x494A, 0x494A, 0x414A, 0x414A, 0x414A, 0x414A, 0x414A, 0x494A, 0x414A, 
	0x414A, 0x496A, 0x496A, 0x496A, 0x496A, 0x496B, 0x494A, 0x494A, 0x496B, 0x496B, 0x496B, 0x494B, 0x624F, 0x8395, 0x51CD, 0x496B, 
	0x496B, 0x496B, 0x496B, 0x496A, 0x496A, 0x496A, 0x496B, 0x496B, 0x496A, 0x496B, 0x496B, 0x496A, 0x496A, 0x498B, 0x496B, 0x496B, 
	0x498B, 0x496A, 0x518B, 0x518B, 0x498B, 0x498B, 0x496B, 0x498B, 0x518B, 0x518C, 0x518C, 0x518B, 0x518B, 0x518B, 0x518C, 0x516B, 
	0x516B, 0x496B, 0x516B, 0x518B, 0x516B, 0x518C, 0x516B, 0x518C, 0x518C, 0x518C, 0x518C, 0x518C, 0x518C, 0x516B, 0x516B, 0x518C, 
	0x518C, 0x518C, 0x518C, 0x518C, 0x518C, 0x518C, 0x59AC, 0x59AD, 0x598C, 0x59AD, 0x59AD, 0x59AD, 0x59AD, 0x59AC, 0x598C, 0x598C, 
	0x598C, 0x59AC, 0x518C, 0x59AC, 0x59AC, 0x59AD, 0x59AC, 0x59AC, 0x59AC, 0x59AC, 0x59AC, 0x59AC, 0x59AC, 0x59AD, 0x61AD, 0x59AD, 
	0x59AD, 0x598C, 0x59AC, 0x61AD, 0x61AD, 0x59AD, 0x59CD, 0x59AC, 0x61CD, 0x61ED, 0x61CD, 0x61CD, 0x61CD, 0x61CD, 0x61CD, 0x69ED, 
	0x69CE, 0x69EE, 0x71EE, 0x71EE, 0x71EE, 0x71EE, 0x71EE, 0x720F, 0x7A0E, 0x7A0F, 0x7A0F, 0x79EE, 0x79EE, 0x8A0F, 0x8A0F, 0x8A0F, 
	0x89EF, 0x9A30, 0x9A51, 0x9230, 0x9210, 0x9A71, 0x9A51, 0x920F, 0x9230, 0x9210, 0x89EF, 0x89EF, 0x9210, 0x8A0F, 0x89EF, 0x89EF, 
	0x89EF, 0x89EF, 0x8A0F, 0x89EF, 0x89EF, 0x89EF, 0x89EF, 0x89EF, 0x920F, 0x9210, 0x8A0F, 0x89EF, 0x89EF, 0x89EF, 0x81EF, 0x81CE, 
	0x81EE, 0x79EE, 0x81EE, 0x79EE, 0x79EE, 0x79CE, 0x79CE, 0x7A0F, 0x79EE, 0x79EE, 0x79EE, 0x71EE, 0x71EE, 0x71CE, 0x71CD, 0x71CE, 
	0x71CE, 0x71ED, 0x69CD, 0x69CD, 0x69CD, 0x69CD, 0x69CD, 0x69CD, 0x69CD, 0x69CD, 0x69AD, 0x61AC, 0x69CD, 0x69CD, 0x61AD, 0x69CD, 
	0x69CD, 0x61CD, 0x61AC, 0x61AD, 0x69CD, 0x61AD, 0x61AC, 0x61AC, 0x61AC, 0x61AC, 0x598C, 0x61AC, 0x598C, 0x598C, 0x61AC, 0x598C, 
	0x598B, 0x59AC, 0x598B, 0x598C, 0x598C, 0x598B, 0x598C, 0x598B, 0x598B, 0x598B, 0x598B, 0x598C, 0x598B, 0x518B, 0x518B, 0x518B, 
	0x518B, 0x518B, 0x518B, 0x516B, 0x518B, 0x518B, 0x51AC, 0x59AC, 0x518B, 0x51AC, 0x518B, 0x518B, 0x518B, 0x516B, 0x516B, 0x496A, 
	0x518B, 0x518B, 0x518B, 0x516B, 0x518B, 0x518B, 0x516A, 0x498A, 0x518B, 0x496A, 0x498B, 0x498B, 0x496A, 0x494A, 0x496A, 0x496A, 
	0x3929, 0x3909, 0x4129, 0x3929, 0x4149, 0x3929, 0x3929, 0x414A, 0x498C, 0x4129, 0x3929, 0x4129, 0x4129, 0x4149, 0x4149, 0x4149, 
	0x414A, 0x4149, 0x4149, 0x4149, 0x414A, 0x414A, 0x414A, 0x412A, 0x3929, 0x3929, 0x4149, 0x3929, 0x3929, 0x4129, 0x4129, 0x4129, 
	0x4149, 0x414A, 0x414A, 0x4149, 0x4129, 0x4129, 0x4149, 0x414A, 0x4129, 0x4129, 0x414A, 0x414A, 0x414A, 0x414A, 0x412A, 0x414A, 
	0x414A, 0x414A, 0x494A, 0x494A, 0x414A, 0x414A, 0x496B, 0x496B, 0x496B, 0x414A, 0x414A, 0x416A, 0x414A, 0x414A, 0x494A, 0x414A, 
	0x496A, 0x494A, 0x59ED, 0x6AB0, 0x496B, 0x494A, 0x494A, 0x496A, 0x496A, 0x496B, 0x496B, 0x498B, 0x622E, 0x72F2, 0x51CD, 0x496B, 
	0x496A, 0x496B, 0x496B, 0x494A, 0x496A, 0x496A, 0x498B, 0x496B, 0x498B, 0x498B, 0x498B, 0x496B, 0x496A, 0x496A, 0x496B, 0x496B, 
	0x518B, 0x496B, 0x516B, 0x496B, 0x498B, 0x518B, 0x496B, 0x518B, 0x496B, 0x518B, 0x518B, 0x516B, 0x518B, 0x518B, 0x518C, 0x516B, 
	0x518B, 0x518C, 0x518C, 0x518C, 0x518C, 0x51AC, 0x516B, 0x518B, 0x518C, 0x516B, 0x518C, 0x518C, 0x518C, 0x518C, 0x518C, 0x51AC, 
	0x516C, 0x518C, 0x518C, 0x518C, 0x598C, 0x518C, 0x59AD, 0x61CE, 0x72B1, 0x9C36, 0x6A70, 0x598C, 0x518C, 0x598C, 0x598C, 0x59AC, 
	0x59AD, 0x59CD, 0x59AC, 0x59AC, 0x518C, 0x59AC, 0x59AC, 0x59AC, 0x59AC, 0x598C, 0x59AC, 0x61CD, 0x59CD, 0x61CD, 0x61CD, 0x59AD, 
	0x59AD, 0x59AC, 0x59AC, 0x59AD, 0x61CD, 0x61CD, 0x61AD, 0x61CD, 0x61CD, 0x61CD, 0x61CD, 0x61CD, 0x61CD, 0x61CD, 0x61CD, 0x69EE, 
	0x69EE, 0x69CE, 0x69CE, 0x720E, 0x71EE, 0x71EE, 0x71EE, 0x71EE, 0x720E, 0x7A0E, 0x7A0F, 0x7A0F, 0x820F, 0x8A2F, 0x8A0F, 0x8A0F, 
	0x9230, 0x9230, 0x9A30, 0x9210, 0x9210, 0x9230, 0x9210, 0x920F, 0x9210, 0x9210, 0x89EF, 0x8A0F, 0x8A0F, 0x89EF, 0x8A0F, 0x89EF, 
	0x89EF, 0x89EF, 0x8A0F, 0x89EF, 0x89EF, 0x89EF, 0x8A0F, 0x920F, 0x9210, 0x9230, 0x89EF, 0x8A0F, 0x89EF, 0x89EF, 0x89EF, 0x89EF, 
	0x81EE, 0x79CE, 0x81EE, 0x79EE, 0x79EE, 0x79EE, 0x79CE, 0x820E, 0x79EE, 0x79CE, 0x79EE, 0x71CD, 0x71CE, 0x71EE, 0x71ED, 0x71EE, 
	0x69AD, 0x69AD, 0x69CD, 0x69CD, 0x71ED, 0x69ED, 0x71ED, 0x71EE, 0x7A50, 0x722F, 0x69CD, 0x69CD, 0x61AD, 0x69CD, 0x69CD, 0x69CD, 
	0x69CD, 0x69CD, 0x61AC, 0x61AC, 0x61AC, 0x61AC, 0x61AC, 0x61AC, 0x61AC, 0x61AC, 0x61AC, 0x61AC, 0x61AC, 0x618C, 0x61AC, 0x598C, 
	0x59AC, 0x59AC, 0x598C, 0x59AC, 0x598B, 0x598C, 0x598C, 0x598B, 0x59AC, 0x598B, 0x598B, 0x598B, 0x598C, 0x59AC, 0x518B, 0x516B, 
	0x518B, 0x59AC, 0x518B, 0x518B, 0x518B, 0x516B, 0x518B, 0x598C, 0x518B, 0x518B, 0x518B, 0x516B, 0x518B, 0x518B, 0x518B, 0x518B, 
	0x518B, 0x516B, 0x518B, 0x516A, 0x518B, 0x516B, 0x516A, 0x518B, 0x518B, 0x496A, 0x518A, 0x518A, 0x496A, 0x496A, 0x496A, 0x496A, 
	0x3929, 0x4129, 0x4149, 0x3929, 0x4129, 0x4149, 0x3929, 0x416A, 0x416B, 0x4149, 0x3929, 0x3929, 0x3929, 0x3929, 0x4149, 0x4149, 
	0x4129, 0x3929, 0x4149, 0x4149, 0x4149, 0x414A, 0x3929, 0x412A, 0x4129, 0x3929, 0x4149, 0x4149, 0x414A, 0x4149, 0x3929, 0x4149, 
	0x3929, 0x4129, 0x414A, 0x4129, 0x4129, 0x4129, 0x4149, 0x414A, 0x4129, 0x412A, 0x414A, 0x414A, 0x414A, 0x414A, 0x412A, 0x412A, 
	0x414A, 0x4129, 0x414A, 0x496A, 0x414A, 0x496A, 0x414A, 0x414A, 0x496A, 0x496A, 0x414A, 0x416A, 0x414A, 0x414A, 0x496B, 0x496A, 
	0x494A, 0x496A, 0x6270, 0x6AB1, 0x496A, 0x496B, 0x496B, 0x496B, 0x496B, 0x498B, 0x496B, 0x498B, 0x498B, 0x496A, 0x518B, 0x498B, 
	0x496B, 0x496B, 0x496B, 0x496B, 0x496A, 0x496B, 0x498B, 0x498B, 0x496B, 0x496B, 0x496B, 0x496B, 0x496B, 0x496B, 0x518B, 0x496B, 
	0x496B, 0x518B, 0x518B, 0x496B, 0x518B, 0x518C, 0x518B, 0x518B, 0x496B, 0x516B, 0x516B, 0x518B, 0x518B, 0x518B, 0x59CD, 0x59AD, 
	0x518B, 0x518B, 0x518B, 0x518C, 0x518C, 0x518C, 0x516B, 0x518B, 0x518C, 0x518C, 0x518C, 0x518C, 0x518C, 0x59AC, 0x518C, 0x518C, 
	0x518C, 0x518C, 0x59AC, 0x518C, 0x518C, 0x518C, 0x59AC, 0x61EE, 0xAD59, 0xE79F, 0x9416, 0x518C, 0x59AC, 0x59AC, 0x59AC, 0x59CD, 
	0x59CD, 0x59AD, 0x59AC, 0x59AC, 0x59AC, 0x59AC, 0x59AD, 0x59AC, 0x59AD, 0x59AC, 0x59AC, 0x61CD, 0x61AD, 0x59AC, 0x59AC, 0x61CD, 
	0x61CD, 0x61AD, 0x61CD, 0x61CD, 0x61CD, 0x61AD, 0x59AC, 0x61CD, 0x61AC, 0x61CD, 0x61CD, 0x61AD, 0x61ED, 0x61CD, 0x61CD, 0x69EE, 
	0x71EE, 0x69EE, 0x69EE, 0x69EE, 0x69EE, 0x71EE, 0x720E, 0x720E, 0x71EE, 0x71EE, 0x79EE, 0x7A0E, 0x7A0F, 0x820F, 0x8A0F, 0x8A0F, 
	0x9230, 0x8A0F, 0x8A0F, 0x9210, 0x9230, 0x9A30, 0x9230, 0x9210, 0x9210, 0x8A0F, 0x8A0F, 0x9210, 0x8A0F, 0x89EF, 0x8A10, 0x8A0F, 
	0x89EF, 0x81CF, 0x8A0F, 0x8A0F, 0x89EF, 0x81EF, 0x8A2F, 0x9250, 0x9230, 0x920F, 0x89EF, 0x89EF, 0x89EF, 0x89EF, 0x8A0F, 0x8A0F, 
	0x81EF, 0x81EE, 0x79EE, 0x81EE, 0x79EE, 0x79EE, 0x79CE, 0x79EE, 0x79CE, 0x79CE, 0x79CE, 0x71CE, 0x71EE, 0x71EE, 0x71ED, 0x71EE, 
	0x71CD, 0x69AD, 0x71EE, 0x69CD, 0x69CD, 0x71CD, 0x69CD, 0x720E, 0x82B3, 0x7A50, 0x69CD, 0x69CD, 0x69CD, 0x69CD, 0x69ED, 0x69CD, 
	0x69CD, 0x69CD, 0x61AD, 0x61CD, 0x61AC, 0x61AC, 0x61AC, 0x61AD, 0x61AC, 0x61AC, 0x61CD, 0x61AC, 0x61CD, 0x61AC, 0x598C, 0x61AC, 
	0x61AC, 0x59AC, 0x598C, 0x598B, 0x59AC, 0x59AC, 0x598B, 0x598B, 0x598C, 0x598C, 0x598C, 0x598B, 0x598B, 0x598B, 0x598B, 0x59AC, 
	0x598C, 0x59AC, 0x518B, 0x518B, 0x518B, 0x518B, 0x51AB, 0x518B, 0x518B, 0x518B, 0x518B, 0x516B, 0x518B, 0x518B, 0x516B, 0x518B, 
	0x516B, 0x518B, 0x518B, 0x518B, 0x516A, 0x496A, 0x496A, 0x496A, 0x496A, 0x496A, 0x518A, 0x59ED, 0x59CD, 0x496A, 0x496A, 0x494A, 
	0x4129, 0x4129, 0x4149, 0x4129, 0x4129, 0x4149, 0x4129, 0x3949, 0x4149, 0x4149, 0x4149, 0x3929, 0x3929, 0x414A, 0x4129, 0x4129, 
	0x4149, 0x3929, 0x4149, 0x4129, 0x414A, 0x4149, 0x4149, 0x4149, 0x414A, 0x4129, 0x3929, 0x4149, 0x414A, 0x414A, 0x4129, 0x414A, 
	0x4129, 0x392A, 0x414A, 0x4149, 0x4129, 0x4129, 0x4149, 0x414A, 0x4129, 0x4129, 0x412A, 0x412A, 0x412A, 0x414A, 0x412A, 0x412A, 
	0x414A, 0x414A, 0x414A, 0x414A, 0x414A, 0x414A, 0x414A, 0x414A, 0x414A, 0x414A, 0x496A, 0x416A, 0x416A, 0x416A, 0x416A, 0x414A, 
	0x496A, 0x496B, 0x498C, 0x498B, 0x498B, 0x498B, 0x494A, 0x496B, 0x498B, 0x498B, 0x496B, 0x496A, 0x498B, 0x518B, 0x496B, 0x496B, 
	0x496B, 0x496B, 0x496B, 0x496B, 0x496B, 0x496B, 0x496B, 0x498B, 0x496B, 0x496B, 0x518B, 0x496B, 0x518B, 0x498B, 0x518B, 0x496B, 
	0x496B, 0x518B, 0x516B, 0x516C, 0x496B, 0x518B, 0x518B, 0x518B, 0x51AC, 0x518B, 0x518B, 0x51AC, 0x51AC, 0x518C, 0x59CD, 0x59ED, 
	0x51AC, 0x51AC, 0x518C, 0x59AC, 0x518C, 0x518C, 0x518B, 0x518C, 0x518C, 0x518C, 0x518C, 0x518C, 0x518C, 0x518C, 0x518C, 0x518C, 
	0x59AC, 0x59AC, 0x59AC, 0x518C, 0x59AC, 0x598C, 0x59AC, 0x59CD, 0x9C77, 0xBDDB, 0x7AF2, 0x59AD, 0x59AD, 0x598C, 0x598C, 0x59AD, 
	0x59AD, 0x59AD, 0x59AC, 0x59AC, 0x59AC, 0x59AC, 0x59AC, 0x59AD, 0x59AC, 0x59AC, 0x59AC, 0x59AC, 0x61CD, 0x59AC, 0x61CD, 0x61CD, 
	0x61CD, 0x61CD, 0x61AD, 0x61AD, 0x61CD, 0x61CD, 0x61ED, 0x61ED, 0x61CD, 0x61CD, 0x61CD, 0x61CD, 0x61CD, 0x61CD, 0x61CD, 0x69CD, 
	0x69EE, 0x69CE, 0x69ED, 0x69EE, 0x69EE, 0x69CE, 0x720E, 0x71EE, 0x720E, 0x7A0E, 0x71EE, 0x79EE, 0x7A0F, 0x820F, 0x820F, 0x89EF, 
	0x8A0F, 0x8A0F, 0x8A0F, 0x8A0F, 0x8A0F, 0x9210, 0x920F, 0x920F, 0x9210, 0x9230, 0x9210, 0x920F, 0x9230, 0x9230, 0x9210, 0x8A0F, 
	0x89EF, 0x89EF, 0x8A0F, 0x8A0F, 0x89EF, 0x8A10, 0x8A30, 0x9250, 0x9230, 0x920F, 0x9210, 0x920F, 0x8A0F, 0x89EF, 0x89EF, 0x81CE, 
	0x81EF, 0x81EF, 0x81CE, 0x79CE, 0x79CE, 0x81EE, 0x81EE, 0x79CE, 0x79CE, 0x79EE, 0x79EE, 0x79EE, 0x71CE, 0x71CE, 0x71CE, 0x71CD, 
	0x71CE, 0x71CE, 0x71EE, 0x69CE, 0x69EE, 0x69ED, 0x69ED, 0x69EE, 0x720E, 0x69EE, 0x71EE, 0x69ED, 0x69CD, 0x69CD, 0x69CD, 0x69CD, 
	0x69CD, 0x69CD, 0x61AD, 0x69CD, 0x69CD, 0x69AD, 0x61AC, 0x61AC, 0x61AC, 0x61AC, 0x61AC, 0x598C, 0x61AC, 0x618C, 0x61AC, 0x61AC, 
	0x59AC, 0x598C, 0x598C, 0x598C, 0x59AC, 0x59AC, 0x598B, 0x598C, 0x598B, 0x598B, 0x598C, 0x598B, 0x598C, 0x598C, 0x598B, 0x59AC, 
	0x598C, 0x518B, 0x518C, 0x518B, 0x518B, 0x598B, 0x598B, 0x516B, 0x518B, 0x518B, 0x518B, 0x518B, 0x598C, 0x59AC, 0x518B, 0x518B, 
	0x518B, 0x518B, 0x518B, 0x518B, 0x516A, 0x518B, 0x518B, 0x518B, 0x496B, 0x518B, 0x498B, 0x5A0E, 0x622E, 0x496A, 0x496A, 0x496A, 
	0x4129, 0x3929, 0x4129, 0x4129, 0x3929, 0x3929, 0x4129, 0x4129, 0x3929, 0x3929, 0x4149, 0x3929, 0x3929, 0x414A, 0x4149, 0x3929, 
	0x4149, 0x4149, 0x4129, 0x3929, 0x414A, 0x414A, 0x414A, 0x414A, 0x4129, 0x4129, 0x414A, 0x414A, 0x412A, 0x412A, 0x4149, 0x414A, 
	0x416A, 0x414A, 0x414A, 0x412A, 0x414A, 0x414A, 0x412A, 0x4129, 0x4129, 0x412A, 0x414A, 0x4129, 0x414A, 0x414A, 0x494A, 0x414A, 
	0x414A, 0x416A, 0x414A, 0x414A, 0x414A, 0x414A, 0x414A, 0x496A, 0x414A, 0x494A, 0x496B, 0x414A, 0x414A, 0x414A, 0x414A, 0x496A, 
	0x414A, 0x496B, 0x496B, 0x496B, 0x496B, 0x496B, 0x496B, 0x496B, 0x496B, 0x496B, 0x498B, 0x496B, 0x496A, 0x498B, 0x496B, 0x496B, 
	0x496B, 0x496B, 0x496B, 0x496B, 0x496B, 0x498B, 0x498B, 0x498B, 0x498B, 0x496B, 0x518B, 0x516B, 0x516B, 0x516B, 0x496B, 0x496B, 
	0x516B, 0x516B, 0x516B, 0x518C, 0x496B, 0x518B, 0x518B, 0x518B, 0x518C, 0x518C, 0x518B, 0x518C, 0x518C, 0x51AC, 0x518C, 0x59AC, 
	0x518C, 0x59AC, 0x518C, 0x518C, 0x598C, 0x518C, 0x518C, 0x518C, 0x518C, 0x518C, 0x59AC, 0x59AC, 0x598C, 0x518C, 0x518C, 0x598C, 
	0x518C, 0x598C, 0x598C, 0x518C, 0x59AC, 0x59AC, 0x59CD, 0x59CD, 0x59CE, 0x59CE, 0x59AD, 0x61CE, 0x59CD, 0x59AD, 0x59AC, 0x59AD, 
	0x59AD, 0x59AD, 0x59AD, 0x59AD, 0x59AC, 0x59AC, 0x59AD, 0x61CD, 0x59AD, 0x59AC, 0x61CD, 0x59AC, 0x61CD, 0x61AD, 0x61CD, 0x61CD, 
	0x61CD, 0x61CD, 0x59AD, 0x61CD, 0x61ED, 0x61CD, 0x61ED, 0x61CD, 0x61CD, 0x61CD, 0x61CD, 0x69ED, 0x69ED, 0x69EE, 0x69EE, 0x69EE, 
	0x69ED, 0x69EE, 0x69EE, 0x720E, 0x71EE, 0x720E, 0x7A0F, 0x7A0E, 0x720E, 0x7A0E, 0x7A0E, 0x7A0E, 0x7A0F, 0x820F, 0x820F, 0x8A0F, 
	0x8A30, 0x8A0F, 0x8A0F, 0x8A0F, 0x8A0F, 0x9210, 0x8A0F, 0x9210, 0x9210, 0x9210, 0x9210, 0x89EF, 0x9210, 0x9210, 0x9210, 0x9210, 
	0x9210, 0x89EF, 0x89EF, 0x8A0F, 0x89EF, 0x8A0F, 0x8A0F, 0x9230, 0x9230, 0x9210, 0x9230, 0x920F, 0x8A0F, 0x89EF, 0x81EF, 0x81EF, 
	0x81EE, 0x81EE, 0x81CE, 0x79CE, 0x81EE, 0x81EE, 0x79EE, 0x79EE, 0x79CE, 0x79EE, 0x79EE, 0x7A0E, 0x71CE, 0x71CE, 0x71EE, 0x71CD, 
	0x71CE, 0x71CD, 0x71EE, 0x71EE, 0x69EE, 0x69CD, 0x69CD, 0x71ED, 0x69ED, 0x69CD, 0x69CE, 0x69CD, 0x69CD, 0x69CD, 0x69AD, 0x69CD, 
	0x69CD, 0x69CD, 0x69CD, 0x61CD, 0x61AC, 0x61AC, 0x69CD, 0x69CD, 0x61AC, 0x61AC, 0x61AC, 0x61AC, 0x61AC, 0x61AC, 0x61AC, 0x618C, 
	0x598C, 0x598C, 0x59AC, 0x59AC, 0x598C, 0x598C, 0x598C, 0x59AC, 0x598C, 0x59AC, 0x598C, 0x598C, 0x598C, 0x598C, 0x598C, 0x598C, 
	0x598C, 0x518B, 0x59AC, 0x59AC, 0x59AC, 0x518B, 0x518B, 0x598B, 0x59AC, 0x518B, 0x516B, 0x518B, 0x59AC, 0x59AC, 0x598B, 0x518B, 
	0x518B, 0x518B, 0x518B, 0x518B, 0x498A, 0x518B, 0x518B, 0x518B, 0x518B, 0x516B, 0x518B, 0x51AB, 0x518B, 0x498A, 0x496A, 0x494A, 
	0x4129, 0x4149, 0x4149, 0x4149, 0x3929, 0x4149, 0x4149, 0x3929, 0x3929, 0x3929, 0x3929, 0x3929, 0x3929, 0x3929, 0x4149, 0x414A, 
	0x4149, 0x3929, 0x3929, 0x4149, 0x4149, 0x4149, 0x4149, 0x4149, 0x4149, 0x414A, 0x414A, 0x414A, 0x414A, 0x414A, 0x4149, 0x6AD2, 
	0x6AB1, 0x4129, 0x412A, 0x412A, 0x414A, 0x414A, 0x412A, 0x414A, 0x414A, 0x414A, 0x416A, 0x412A, 0x414A, 0x414A, 0x414A, 0x414A, 
	0x414A, 0x414A, 0x414A, 0x414A, 0x494A, 0x414A, 0x494A, 0x494A, 0x496A, 0x496B, 0x496B, 0x414A, 0x414A, 0x496A, 0x496A, 0x496A, 
	0x496A, 0x498B, 0x496B, 0x496B, 0x496B, 0x494B, 0x496B, 0x496B, 0x498B, 0x496B, 0x498B, 0x496B, 0x496B, 0x498B, 0x498B, 0x51AC, 
	0x498B, 0x496B, 0x518B, 0x498B, 0x518B, 0x51AC, 0x498B, 0x518B, 0x498B, 0x496B, 0x518B, 0x496B, 0x518B, 0x518B, 0x516B, 0x518C, 
	0x518B, 0x518B, 0x518B, 0x518B, 0x51AC, 0x51CC, 0x518C, 0x51AC, 0x518B, 0x518C, 0x518C, 0x518C, 0x518C, 0x51AC, 0x518C, 0x518C, 
	0x59AC, 0x518C, 0x518C, 0x518C, 0x598C, 0x598C, 0x59AC, 0x598C, 0x59AC, 0x59AC, 0x598C, 0x59AC, 0x598C, 0x598C, 0x598C, 0x59AC, 
	0x598C, 0x59AC, 0x59CD, 0x51AC, 0x518C, 0x59AC, 0x59CD, 0x59AD, 0x59AD, 0x59AD, 0x59AD, 0x59AD, 0x59CD, 0x59AC, 0x59AC, 0x59AD, 
	0x59AD, 0x59AD, 0x59AD, 0x59AD, 0x61AD, 0x61AD, 0x61AD, 0x61CD, 0x61CD, 0x61CD, 0x61CD, 0x59AD, 0x61AD, 0x59AC, 0x61CD, 0x61CD, 
	0x61CD, 0x61ED, 0x61AD, 0x61CD, 0x61CD, 0x61AD, 0x61CD, 0x61AD, 0x61CD, 0x61CD, 0x61CD, 0x61CD, 0x69CD, 0x69EE, 0x69EE, 0x69EE, 
	0x69CD, 0x69EE, 0x71EE, 0x71EE, 0x720F, 0x720F, 0x720F, 0x7A0E, 0x71EE, 0x71EE, 0x7A0E, 0x79EF, 0x79EE, 0x79EF, 0x81EF, 0x8A30, 
	0x9251, 0x9230, 0x8A0F, 0x8A0F, 0x8A30, 0x9210, 0x9210, 0x9210, 0x9210, 0x9210, 0x9210, 0x91EF, 0x91F0, 0x91EF, 0x9210, 0x9230, 
	0x9210, 0x9210, 0x8A0F, 0x8A0F, 0x89EF, 0x8A0F, 0x920F, 0x920F, 0x9210, 0x9210, 0x920F, 0x920F, 0x8A0F, 0x81EF, 0x81EF, 0x8A0F, 
	0x89EF, 0x8A0F, 0x820F, 0x81EE, 0x820F, 0x81EE, 0x81EE, 0x820F, 0x81EE, 0x79EE, 0x79EE, 0x79EE, 0x71EE, 0x71EE, 0x79EE, 0x71EE, 
	0x71EE, 0x71EE, 0x71EE, 0x71EE, 0x69CE, 0x71EE, 0x71EE, 0x71EE, 0x69CD, 0x69CD, 0x69CD, 0x69CD, 0x69CD, 0x69CD, 0x69CD, 0x69CD, 
	0x69CD, 0x69ED, 0x69CD, 0x61CD, 0x61CD, 0x69ED, 0x69CD, 0x61CD, 0x61CD, 0x61CD, 0x61AC, 0x61AC, 0x61AC, 0x61CC, 0x61CC, 0x61AC, 
	0x59AC, 0x59AC, 0x59AC, 0x59AC, 0x59AC, 0x59AC, 0x59AC, 0x59AC, 0x59AC, 0x61AC, 0x61AC, 0x598C, 0x598B, 0x598C, 0x59AC, 0x598C, 
	0x59AC, 0x59AC, 0x59AC, 0x518B, 0x59AC, 0x518B, 0x518B, 0x518B, 0x59AC, 0x59AB, 0x516B, 0x518B, 0x518B, 0x518B, 0x518B, 0x518B, 
	0x518B, 0x518B, 0x516B, 0x518B, 0x496A, 0x496A, 0x518B, 0x518B, 0x518B, 0x518B, 0x496B, 0x496B, 0x496A, 0x496A, 0x496A, 0x496A, 
	0x4149, 0x4149, 0x4129, 0x4129, 0x4129, 0x4149, 0x4149, 0x4129, 0x414A, 0x4129, 0x414A, 0x3929, 0x3929, 0x3929, 0x4149, 0x4149, 
	0x3929, 0x3949, 0x4129, 0x4149, 0x4129, 0x414A, 0x414A, 0x414A, 0x414A, 0x414A, 0x414A, 0x414A, 0x412A, 0x414A, 0x416A, 0x51ED, 
	0x498B, 0x414A, 0x414A, 0x414A, 0x414A, 0x414A, 0x414A, 0x412A, 0x416A, 0x414A, 0x416A, 0x414A, 0x414A, 0x414A, 0x414A, 0x414A, 
	0x414A, 0x414A, 0x414A, 0x414A, 0x414A, 0x494A, 0x494A, 0x494A, 0x414A, 0x494A, 0x496B, 0x494B, 0x496B, 0x496B, 0x496A, 0x496A, 
	0x496B, 0x496A, 0x496B, 0x498B, 0x496B, 0x496B, 0x496B, 0x496B, 0x498B, 0x496B, 0x498B, 0x496B, 0x498B, 0x498B, 0x498B, 0x498B, 
	0x498B, 0x518B, 0x518B, 0x498B, 0x518B, 0x518B, 0x516B, 0x51AC, 0x518C, 0x498B, 0x518C, 0x518B, 0x518B, 0x518B, 0x518B, 0x518C, 
	0x518C, 0x51AC, 0x518C, 0x518C, 0x51AC, 0x51AC, 0x516B, 0x51AC, 0x518B, 0x518C, 0x51AC, 0x59AC, 0x59AC, 0x518C, 0x59AC, 0x59AC, 
	0x59AC, 0x598C, 0x598C, 0x598C, 0x518C, 0x598C, 0x59AC, 0x59AC, 0x59AC, 0x59AD, 0x598C, 0x598C, 0x59AC, 0x598C, 0x59AC, 0x598C, 
	0x598C, 0x61CD, 0x61EE, 0x59AC, 0x59AC, 0x59AD, 0x59AD, 0x59AD, 0x59AD, 0x59AD, 0x59AD, 0x61CD, 0x59AD, 0x59AD, 0x59AD, 0x59AD, 
	0x59AD, 0x59AD, 0x61CD, 0x61CD, 0x61CD, 0x61AD, 0x61CD, 0x61CD, 0x61CD, 0x61CD, 0x61AD, 0x61AD, 0x61CD, 0x61CD, 0x61CD, 0x61AD, 
	0x61ED, 0x61CD, 0x61CD, 0x69ED, 0x61AD, 0x61AD, 0x69CD, 0x61CD, 0x69ED, 0x69CD, 0x69CD, 0x69CD, 0x69EE, 0x69EE, 0x69EE, 0x69EE, 
	0x69EE, 0x71EE, 0x71EE, 0x71EE, 0x720F, 0x71EE, 0x71EE, 0x71EE, 0x7A0E, 0x79EE, 0x7A0E, 0x71EE, 0x79EF, 0x7A0F, 0x820F, 0x8A30, 
	0x9251, 0x8A30, 0x8A0F, 0x8A10, 0x8A10, 0x9210, 0x9230, 0x9210, 0x9A30, 0x9210, 0x9A30, 0x9210, 0x9210, 0x9210, 0x9A51, 0xA2B3, 
	0x9A51, 0x8A10, 0x9210, 0x8A10, 0x9210, 0x9230, 0x920F, 0x9210, 0x9210, 0x9210, 0x8A0F, 0x9230, 0x8A30, 0x8A0F, 0x8A0F, 0x89EF, 
	0x89EF, 0x8A2F, 0x8A0F, 0x81EF, 0x81EE, 0x820F, 0x820F, 0x820F, 0x820F, 0x79EE, 0x79EE, 0x79EE, 0x7A0E, 0x71EE, 0x71EE, 0x71CD, 
	0x71CD, 0x71EE, 0x7A2F, 0x71EE, 0x71EE, 0x720E, 0x71EE, 0x71EE, 0x69CD, 0x69CE, 0x71EE, 0x69CD, 0x69CD, 0x69EE, 0x71EE, 0x69ED, 
	0x69CD, 0x69CD, 0x69CD, 0x61CD, 0x69CD, 0x69ED, 0x69CD, 0x69CD, 0x69CD, 0x61CD, 0x61AC, 0x61AC, 0x59AC, 0x61AC, 0x61AC, 0x61AC, 
	0x61CC, 0x59AC, 0x59AC, 0x59AC, 0x61CC, 0x61AC, 0x59AC, 0x59AC, 0x61AC, 0x61AC, 0x59AC, 0x598C, 0x59AC, 0x59AC, 0x59AC, 0x598C, 
	0x59AC, 0x61CD, 0x59AD, 0x598C, 0x59AC, 0x59CD, 0x61ED, 0x59AB, 0x518B, 0x598C, 0x598B, 0x59AC, 0x59AB, 0x518B, 0x598B, 0x518B, 
	0x598B, 0x598B, 0x516A, 0x518B, 0x516B, 0x516A, 0x518B, 0x516A, 0x516B, 0x518B, 0x496A, 0x496A, 0x518A, 0x496A, 0x516B, 0x496B, 
	0x4129, 0x4149, 0x4149, 0x4149, 0x4149, 0x4129, 0x4129, 0x4149, 0x4149, 0x4129, 0x4129, 0x4149, 0x4129, 0x4149, 0x4149, 0x414A, 
	0x414A, 0x414A, 0x4149, 0x4149, 0x4129, 0x414A, 0x412A, 0x414A, 0x4129, 0x414A, 0x414A, 0x414A, 0x414A, 0x414A, 0x414A, 0x414A, 
	0x414A, 0x416A, 0x414A, 0x414A, 0x412A, 0x414A, 0x414A, 0x412A, 0x414A, 0x414A, 0x414A, 0x414A, 0x414A, 0x414A, 0x496A, 0x414A, 
	0x416A, 0x414A, 0x414A, 0x494A, 0x414A, 0x414A, 0x414A, 0x414A, 0x494A, 0x496B, 0x496B, 0x494A, 0x414A, 0x496B, 0x498B, 0x496B, 
	0x496B, 0x496A, 0x496B, 0x496B, 0x496B, 0x496B, 0x496B, 0x496B, 0x496B, 0x498B, 0x51CC, 0x498B, 0x498B, 0x498B, 0x496B, 0x496B, 
	0x498B, 0x518B, 0x498B, 0x518B, 0x518B, 0x518B, 0x518C, 0x51AC, 0x518C, 0x51AC, 0x51AC, 0x518C, 0x51AC, 0x518B, 0x51AC, 0x518C, 
	0x518C, 0x518C, 0x518C, 0x518C, 0x51AC, 0x51AC, 0x51AC, 0x51AC, 0x518C, 0x51AC, 0x518C, 0x518C, 0x598C, 0x59AC, 0x59AC, 0x598C, 
	0x598C, 0x598C, 0x598C, 0x59AC, 0x598C, 0x598C, 0x598C, 0x59AC, 0x59AC, 0x598C, 0x598C, 0x59AC, 0x598C, 0x598C, 0x598C, 0x59AC, 
	0x598C, 0x59AD, 0x59AD, 0x59AD, 0x59CD, 0x59AC, 0x59CD, 0x61CD, 0x59AC, 0x59AD, 0x59AD, 0x59CD, 0x61CD, 0x59AD, 0x59AD, 0x59AD, 
	0x61CD, 0x59AD, 0x61CD, 0x61CD, 0x61CD, 0x61AD, 0x61CD, 0x61ED, 0x61CD, 0x61CD, 0x61CD, 0x61CD, 0x61CD, 0x61CD, 0x61ED, 0x61CD, 
	0x61ED, 0x61CD, 0x61CD, 0x69ED, 0x61CD, 0x69CD, 0x69CD, 0x69CD, 0x69CD, 0x69CD, 0x69EE, 0x69EE, 0x69EE, 0x69EE, 0x69EE, 0x69EE, 
	0x69EE, 0x69EE, 0x71EE, 0x71EE, 0x720F, 0x720F, 0x71EE, 0x71EE, 0x7A0F, 0x71EE, 0x79EE, 0x79EF, 0x7A0E, 0x822F, 0x7A0F, 0x820F, 
	0x8A0F, 0x9230, 0x9230, 0x9230, 0x9210, 0x89F0, 0x9210, 0x91F0, 0x9210, 0x9210, 0x9210, 0x9210, 0x9210, 0x9210, 0x9A51, 0xA2B3, 
	0x9A71, 0x9210, 0x8A10, 0x8A0F, 0x9210, 0x9230, 0x9230, 0x9210, 0x9210, 0x8A0F, 0x89EF, 0x8A0F, 0x8A0F, 0x8A0F, 0x8A0F, 0x89EF, 
	0x8A10, 0x89EF, 0x820F, 0x81EF, 0x81EE, 0x820F, 0x79EE, 0x79EF, 0x820F, 0x79EF, 0x7A0E, 0x71EE, 0x71EE, 0x720E, 0x71EE, 0x71ED, 
	0x71ED, 0x7A0F, 0x8A91, 0x7A0E, 0x71EE, 0x71CE, 0x71EE, 0x71EE, 0x71EE, 0x720E, 0x71EE, 0x71EE, 0x69CD, 0x69ED, 0x69ED, 0x69CD, 
	0x71ED, 0x69CD, 0x69CD, 0x69CD, 0x61CD, 0x69CD, 0x69CD, 0x61AD, 0x61CD, 0x69CD, 0x61AC, 0x61AC, 0x61CD, 0x61CD, 0x61CD, 0x61AC, 
	0x61AC, 0x61AC, 0x61AC, 0x61AC, 0x61CC, 0x61AC, 0x61AC, 0x61AC, 0x61AC, 0x61AC, 0x61AC, 0x59AC, 0x59AC, 0x59AC, 0x59AC, 0x59AC, 
	0x596B, 0x59AC, 0x61CD, 0x59AC, 0x59AC, 0x61ED, 0x61ED, 0x598C, 0x518B, 0x598B, 0x59AC, 0x598B, 0x598B, 0x598B, 0x518B, 0x518B, 
	0x518B, 0x518B, 0x516B, 0x518B, 0x518B, 0x516B, 0x518B, 0x518B, 0x518B, 0x516B, 0x518B, 0x516A, 0x516A, 0x516B, 0x496A, 0x516A, 
	0x4149, 0x4129, 0x4129, 0x3929, 0x4149, 0x4129, 0x4129, 0x4129, 0x4129, 0x414A, 0x4149, 0x4149, 0x414A, 0x414A, 0x4129, 0x414A, 
	0x414A, 0x4149, 0x416A, 0x414A, 0x412A, 0x414A, 0x4129, 0x416A, 0x414A, 0x414A, 0x414A, 0x412A, 0x414A, 0x494A, 0x414A, 0x414A, 
	0x414A, 0x412A, 0x414A, 0x414A, 0x412A, 0x412A, 0x414A, 0x414A, 0x414A, 0x412A, 0x414A, 0x414A, 0x414A, 0x494A, 0x414A, 0x414A, 
	0x414A, 0x494A, 0x494A, 0x494A, 0x414A, 0x414A, 0x414A, 0x414A, 0x416A, 0x496B, 0x496B, 0x496B, 0x496B, 0x496B, 0x518B, 0x496A, 
	0x496B, 0x498B, 0x498B, 0x496B, 0x496B, 0x498B, 0x498B, 0x498B, 0x496B, 0x51AC, 0x620F, 0x498B, 0x498B, 0x498B, 0x496B, 0x496B, 
	0x518B, 0x518B, 0x498B, 0x498B, 0x518B, 0x518B, 0x51AC, 0x51AC, 0x518B, 0x518B, 0x51AC, 0x518B, 0x59CD, 0x6A70, 0x59AD, 0x518C, 
	0x51AC, 0x518C, 0x518C, 0x518C, 0x518C, 0x51AC, 0x51AC, 0x518B, 0x518C, 0x51AC, 0x51AC, 0x518C, 0x518C, 0x598C, 0x598C, 0x59AC, 
	0x598C, 0x59AC, 0x598C, 0x59AC, 0x59AC, 0x598C, 0x598C, 0x598C, 0x59AD, 0x598C, 0x59AD, 0x59AC, 0x598C, 0x598C, 0x598C, 0x59AD, 
	0x59AC, 0x59AC, 0x59AD, 0x59AD, 0x59AD, 0x59AD, 0x61CD, 0x61CD, 0x59CD, 0x61ED, 0x59AD, 0x59AD, 0x61CD, 0x61CD, 0x59AD, 0x61CD, 
	0x59AC, 0x61CD, 0x61CD, 0x61AD, 0x61CD, 0x61AD, 0x61AD, 0x61AD, 0x61CE, 0x61CD, 0x61CD, 0x61CD, 0x61CD, 0x61CD, 0x61AD, 0x69EE, 
	0x69EE, 0x61ED, 0x69ED, 0x61CD, 0x61CD, 0x69EE, 0x69EE, 0x69CE, 0x69EE, 0x69EE, 0x69CD, 0x69CD, 0x69EE, 0x6A0E, 0x69EE, 0x69EE, 
	0x69EE, 0x720E, 0x69EE, 0x69CE, 0x720F, 0x720F, 0x720F, 0x7A0F, 0x71EE, 0x71EF, 0x7A2F, 0x822F, 0x7A0E, 0x7A0E, 0x820F, 0x820F, 
	0x8A0F, 0x8A10, 0x9230, 0x9230, 0x9210, 0x9210, 0x9210, 0x9210, 0x9210, 0x9210, 0x920F, 0x9210, 0x9230, 0x9210, 0x9230, 0x9250, 
	0x9230, 0x9210, 0x8A0F, 0x8A0F, 0x8A0F, 0x9230, 0x9230, 0x9210, 0x89EF, 0x920F, 0x8A0F, 0x8A0F, 0x8A0F, 0x89EF, 0x89EF, 0x8A0F, 
	0x9230, 0x8A10, 0x8A0F, 0x820F, 0x81EE, 0x820F, 0x81EE, 0x820F, 0x820F, 0x79EE, 0x79EE, 0x71EE, 0x7A0E, 0x7A0E, 0x720E, 0x71EE, 
	0x71EE, 0x720E, 0x7A50, 0x720E, 0x71EE, 0x71EE, 0x71EE, 0x71CE, 0x71EE, 0x720E, 0x71EE, 0x720E, 0x69EE, 0x69EE, 0x69CE, 0x69CD, 
	0x69ED, 0x69CD, 0x69CD, 0x69CD, 0x69CD, 0x69CD, 0x69CD, 0x69CD, 0x69CD, 0x61AD, 0x61AC, 0x61AD, 0x61CD, 0x69CD, 0x69ED, 0x61AC, 
	0x61AC, 0x61AC, 0x61AC, 0x61AC, 0x61CD, 0x61AC, 0x61AC, 0x61AC, 0x61AC, 0x61AC, 0x61AC, 0x59AC, 0x59AC, 0x59AC, 0x59AB, 0x59AC, 
	0x59AC, 0x61CD, 0x61CD, 0x59AC, 0x598C, 0x59AC, 0x59AC, 0x59AC, 0x59AC, 0x59AC, 0x59AB, 0x518B, 0x518B, 0x598B, 0x598B, 0x59AC, 
	0x598B, 0x518B, 0x518B, 0x518B, 0x518B, 0x516A, 0x516A, 0x518B, 0x516B, 0x518B, 0x518B, 0x518B, 0x496A, 0x518B, 0x516A, 0x496A, 
	0x4129, 0x4129, 0x4129, 0x4129, 0x4129, 0x4129, 0x4129, 0x4149, 0x4129, 0x4149, 0x4149, 0x3929, 0x414A, 0x412A, 0x414A, 0x4149, 
	0x4129, 0x414A, 0x414A, 0x414A, 0x414A, 0x414A, 0x4129, 0x414A, 0x414A, 0x414A, 0x414A, 0x414A, 0x414A, 0x496A, 0x414A, 0x414A, 
	0x414A, 0x414A, 0x414A, 0x414A, 0x414A, 0x496A, 0x414A, 0x414A, 0x414A, 0x414A, 0x494A, 0x412A, 0x494B, 0x498B, 0x496A, 0x414A, 
	0x412A, 0x494A, 0x496A, 0x494A, 0x496A, 0x414A, 0x414A, 0x496A, 0x496A, 0x414A, 0x496B, 0x496B, 0x496B, 0x414A, 0x496B, 0x496B, 
	0x498B, 0x496B, 0x496B, 0x498B, 0x498B, 0x498B, 0x498B, 0x496B, 0x498B, 0x498B, 0x498B, 0x518B, 0x518B, 0x518B, 0x498B, 0x496B, 
	0x498B, 0x518B, 0x518B, 0x518B, 0x518B, 0x518B, 0x518C, 0x51AC, 0x51AC, 0x518C, 0x51AC, 0x51AC, 0x51AC, 0x59CD, 0x51AC, 0x51AC, 
	0x518C, 0x51AC, 0x51AC, 0x59CC, 0x59AC, 0x518C, 0x51AC, 0x518C, 0x518C, 0x518C, 0x598C, 0x59AC, 0x598C, 0x598C, 0x598C, 0x59AC, 
	0x59AC, 0x598C, 0x598C, 0x598C, 0x59AC, 0x598C, 0x598C, 0x59AD, 0x59AD, 0x59AD, 0x61AD, 0x59AD, 0x598C, 0x59AD, 0x59AD, 0x59AD, 
	0x598C, 0x59AC, 0x59AD, 0x59AD, 0x59AD, 0x61CD, 0x61CD, 0x61CD, 0x61CD, 0x59AD, 0x61AD, 0x61CD, 0x61CD, 0x61CD, 0x61AD, 0x61CD, 
	0x7A93, 0x6A50, 0x61CD, 0x61AD, 0x61AD, 0x61CD, 0x61AD, 0x61CD, 0x61CD, 0x61CD, 0x61CD, 0x61CD, 0x61CD, 0x69CE, 0x61CD, 0x69EE, 
	0x61CD, 0x61AD, 0x69CE, 0x61CE, 0x61CD, 0x69EE, 0x69EE, 0x69EE, 0x69EE, 0x69EE, 0x69CE, 0x69CE, 0x69EE, 0x69EE, 0x69EE, 0x69EE, 
	0x69EE, 0x69EE, 0x71EE, 0x69EE, 0x71EE, 0x71EE, 0x7A0F, 0x7A0F, 0x7A0F, 0x7A0F, 0x7A0F, 0x7A0F, 0x7A0F, 0x820F, 0x820F, 0x820F, 
	0x820F, 0x89EF, 0x8A10, 0x9230, 0x9230, 0x9210, 0x9230, 0x9A30, 0x89EF, 0x89EF, 0x9210, 0x9210, 0x9230, 0x9210, 0x9210, 0x9210, 
	0x91F0, 0x9210, 0x9210, 0x8A10, 0x8A10, 0x9230, 0x9210, 0x9210, 0x8A0F, 0x9210, 0x920F, 0x8A0F, 0x8A0F, 0x8A10, 0x9230, 0x9210, 
	0x89EF, 0x81EF, 0x8A0F, 0x81EF, 0x81EF, 0x81EF, 0x820F, 0x8A50, 0x822F, 0x79EF, 0x79EF, 0x7A0F, 0x79EE, 0x71EE, 0x7A0E, 0x720E, 
	0x79EE, 0x79EE, 0x720E, 0x720E, 0x720E, 0x71CE, 0x71CE, 0x71EE, 0x71EE, 0x71EE, 0x71CE, 0x69CD, 0x71EE, 0x71EE, 0x71EE, 0x71EE, 
	0x69AD, 0x69CD, 0x69CD, 0x69CD, 0x69ED, 0x69CD, 0x69CD, 0x69ED, 0x69ED, 0x61AD, 0x61CD, 0x69CD, 0x61AD, 0x61AC, 0x61CD, 0x61CC, 
	0x69CD, 0x61AC, 0x61AC, 0x61AC, 0x61AC, 0x61AC, 0x61AC, 0x61AC, 0x61AC, 0x61AC, 0x61AC, 0x59AC, 0x59AC, 0x61AC, 0x598C, 0x61AC, 
	0x61AD, 0x61AC, 0x59AC, 0x59AC, 0x59AC, 0x598C, 0x598C, 0x59AC, 0x598B, 0x518B, 0x598B, 0x598B, 0x598B, 0x518B, 0x598B, 0x598B, 
	0x59AC, 0x518B, 0x598B, 0x518B, 0x518B, 0x518B, 0x518B, 0x518B, 0x518B, 0x518B, 0x518B, 0x518B, 0x518A, 0x516A, 0x496A, 0x494A, 
	0x4149, 0x412A, 0x4129, 0x4129, 0x4129, 0x3929, 0x414A, 0x414A, 0x414A, 0x414A, 0x414A, 0x4129, 0x414A, 0x4149, 0x414A, 0x414A, 
	0x4129, 0x4149, 0x414A, 0x412A, 0x414A, 0x414A, 0x414A, 0x4149, 0x414A, 0x416A, 0x414A, 0x414A, 0x414A, 0x414A, 0x496B, 0x414A, 
	0x414A, 0x414A, 0x414A, 0x414A, 0x496B, 0x496A, 0x414A, 0x414A, 0x414A, 0x414A, 0x496B, 0x414A, 0x496B, 0x496B, 0x414A, 0x496A, 
	0x414A, 0x494A, 0x414A, 0x414A, 0x494A, 0x494A, 0x414A, 0x496B, 0x496B, 0x496A, 0x496B, 0x496B, 0x496B, 0x496B, 0x498B, 0x498B, 
	0x496B, 0x496B, 0x498B, 0x496B, 0x518B, 0x518B, 0x496B, 0x496B, 0x498B, 0x498B, 0x518B, 0x518B, 0x516B, 0x496B, 0x518B, 0x518B, 
	0x518B, 0x518B, 0x518C, 0x518C, 0x518C, 0x518C, 0x518C, 0x518B, 0x518C, 0x518B, 0x51AC, 0x51AC, 0x51AC, 0x51AC, 0x59AC, 0x59AC, 
	0x518C, 0x51AC, 0x518C, 0x59CC, 0x59AC, 0x518C, 0x598C, 0x59AC, 0x598C, 0x518C, 0x59AC, 0x59AC, 0x598C, 0x59AC, 0x598C, 0x59AC, 
	0x598C, 0x598C, 0x598C, 0x598C, 0x59AC, 0x598C, 0x59AD, 0x61CD, 0x59AD, 0x59AD, 0x59AD, 0x598C, 0x598C, 0x59AC, 0x61AD, 0x598C, 
	0x59AD, 0x59AD, 0x61CD, 0x59CD, 0x59AD, 0x598C, 0x59AD, 0x61CD, 0x61CD, 0x61CD, 0x61CD, 0x61CD, 0x61CD, 0x61CD, 0x61CD, 0x61CD, 
	0x7272, 0x6A50, 0x61CD, 0x61CD, 0x61CD, 0x61CE, 0x61CD, 0x61CD, 0x61CD, 0x61CD, 0x61EE, 0x61CE, 0x69EE, 0x69EE, 0x69CD, 0x69CD, 
	0x69CE, 0x69AD, 0x69CE, 0x69EE, 0x61CD, 0x69CD, 0x69EE, 0x69EE, 0x69EE, 0x69CE, 0x69CE, 0x69EE, 0x69CE, 0x69CE, 0x69CE, 0x69EE, 
	0x69EE, 0x69CE, 0x71EE, 0x720E, 0x71EE, 0x720F, 0x7A0F, 0x7A0F, 0x7A0F, 0x7A0F, 0x7A0F, 0x7A2F, 0x820F, 0x820F, 0x81EF, 0x820F, 
	0x8A0F, 0x8A10, 0x9210, 0x9230, 0x9210, 0x9210, 0x9210, 0x9230, 0x9210, 0x920F, 0x9230, 0x9230, 0x9230, 0x9230, 0x9210, 0x9230, 
	0x9230, 0x9230, 0x9230, 0x9230, 0x9230, 0x9210, 0x9210, 0x9210, 0x89EF, 0x9210, 0x9230, 0x920F, 0x920F, 0x9A51, 0xA292, 0x9230, 
	0x89EF, 0x89EF, 0x8A0F, 0x820F, 0x81EF, 0x81EF, 0x820F, 0x8A50, 0x820F, 0x79EE, 0x79EE, 0x820F, 0x7A0E, 0x79EE, 0x71EE, 0x71EE, 
	0x7A0E, 0x79EE, 0x71EE, 0x71EE, 0x71EE, 0x71EE, 0x71EE, 0x7A0E, 0x71EE, 0x71EE, 0x71EE, 0x71CE, 0x720E, 0x71EE, 0x69CD, 0x69CE, 
	0x69CD, 0x69CD, 0x69CD, 0x69CD, 0x69CD, 0x69CD, 0x69CD, 0x69CD, 0x69CD, 0x69AD, 0x69CD, 0x61CD, 0x61CD, 0x61AC, 0x61CD, 0x69ED, 
	0x69ED, 0x61AC, 0x61AC, 0x61CD, 0x61AC, 0x61AC, 0x61CD, 0x61CD, 0x61AC, 0x69CD, 0x61CC, 0x598C, 0x59AC, 0x61AD, 0x61AC, 0x61AD, 
	0x61CD, 0x59AC, 0x59AC, 0x59AC, 0x59AC, 0x59AC, 0x59AC, 0x59AC, 0x598C, 0x598B, 0x59AB, 0x59AB, 0x598B, 0x598B, 0x59AC, 0x598B, 
	0x598B, 0x518B, 0x516B, 0x518B, 0x518B, 0x518B, 0x598B, 0x518B, 0x518B, 0x518B, 0x516A, 0x516A, 0x518B, 0x516A, 0x496A, 0x496A, 
	0x414A, 0x414A, 0x4149, 0x4149, 0x4129, 0x412A, 0x4129, 0x4129, 0x414A, 0x414A, 0x414A, 0x414A, 0x4149, 0x4149, 0x414A, 0x4149, 
	0x414A, 0x414A, 0x4149, 0x416A, 0x4149, 0x4149, 0x414A, 0x414A, 0x416A, 0x416A, 0x414A, 0x414A, 0x414A, 0x496B, 0x51AC, 0x414A, 
	0x414A, 0x494A, 0x414A, 0x414A, 0x496A, 0x414A, 0x414A, 0x414A, 0x414A, 0x414A, 0x496A, 0x496B, 0x498B, 0x496B, 0x494A, 0x496A, 
	0x416A, 0x414A, 0x414A, 0x496A, 0x414A, 0x494A, 0x494A, 0x494A, 0x496B, 0x496B, 0x496B, 0x494B, 0x494A, 0x496B, 0x498B, 0x496B, 
	0x496B, 0x498B, 0x498B, 0x496B, 0x498B, 0x498B, 0x518B, 0x518B, 0x498B, 0x498B, 0x518B, 0x518B, 0x518B, 0x518C, 0x518C, 0x518B, 
	0x518B, 0x518B, 0x518C, 0x51AC, 0x518B, 0x51AC, 0x518C, 0x518C, 0x51AC, 0x51AC, 0x51AC, 0x59AC, 0x51AC, 0x59AC, 0x518C, 0x59AC, 
	0x518C, 0x59AC, 0x598C, 0x598C, 0x59AC, 0x59AC, 0x59AC, 0x59AC, 0x598C, 0x59AC, 0x59AC, 0x59AC, 0x598C, 0x59AC, 0x59AC, 0x598C, 
	0x59AC, 0x59AC, 0x59AC, 0x59AC, 0x59AC, 0x598D, 0x598D, 0x59AC, 0x61AD, 0x59AD, 0x59AD, 0x59AD, 0x59AC, 0x59AC, 0x61AD, 0x61AD, 
	0x61AD, 0x598C, 0x59AD, 0x61CD, 0x59AD, 0x61AD, 0x61AD, 0x61AD, 0x61AD, 0x59AD, 0x61CD, 0x61CD, 0x61CD, 0x61CD, 0x61CD, 0x61CD, 
	0x61ED, 0x61CD, 0x61EE, 0x61EE, 0x61CD, 0x61CE, 0x61EE, 0x61CD, 0x61CD, 0x61CE, 0x61CE, 0x61CE, 0x69CE, 0x69EE, 0x69CE, 0x69CE, 
	0x69EE, 0x61CD, 0x69EE, 0x69EE, 0x69CD, 0x69CD, 0x69EE, 0x69CE, 0x69CE, 0x69CD, 0x69CE, 0x69CE, 0x71EE, 0x71EE, 0x71EE, 0x71EE, 
	0x71EE, 0x69CE, 0x71EE, 0x71EE, 0x71EE, 0x7A0F, 0x7A0F, 0x7A0F, 0x7A0F, 0x7A0F, 0x7A2F, 0x7A0F, 0x7A0F, 0x820F, 0x820F, 0x820F, 
	0x8A0F, 0x8A30, 0x8A10, 0x9230, 0x89F0, 0x9210, 0x9230, 0x9230, 0x9210, 0x9210, 0x9210, 0x9210, 0x9210, 0x9210, 0x920F, 0x9210, 
	0x9210, 0x9210, 0x9210, 0x9230, 0x9230, 0x9230, 0x9230, 0x9230, 0x9210, 0x9210, 0x9230, 0x9210, 0x9230, 0x9A72, 0x9A72, 0x9230, 
	0x89EF, 0x81EF, 0x8A0F, 0x820F, 0x820F, 0x820F, 0x820F, 0x820F, 0x820F, 0x820F, 0x7A0F, 0x7A0E, 0x7A0E, 0x7A0E, 0x71EE, 0x79EE, 
	0x7A0E, 0x79EE, 0x71EE, 0x71EE, 0x71EE, 0x720E, 0x71EE, 0x71EE, 0x71EE, 0x71CE, 0x71EE, 0x71EE, 0x71EE, 0x69CE, 0x71EE, 0x69CD, 
	0x69CD, 0x69ED, 0x69CD, 0x71EE, 0x69CD, 0x69CD, 0x69CD, 0x69CD, 0x69CD, 0x69AD, 0x69CD, 0x61AC, 0x61AD, 0x61CD, 0x61AD, 0x61CD, 
	0x69CD, 0x61AC, 0x61AD, 0x61CD, 0x61AD, 0x61CD, 0x61AC, 0x61CD, 0x61AD, 0x61AC, 0x61CD, 0x61AC, 0x61AC, 0x61CD, 0x61CD, 0x61AC, 
	0x61AC, 0x59AC, 0x59AC, 0x59AC, 0x59AC, 0x59AC, 0x61CC, 0x59AC, 0x598C, 0x59AC, 0x598B, 0x598B, 0x598B, 0x598B, 0x59AB, 0x598B, 
	0x518B, 0x598B, 0x518B, 0x518B, 0x518B, 0x516B, 0x518B, 0x516A, 0x518B, 0x516B, 0x516B, 0x516B, 0x518B, 0x516A, 0x518A, 0x516A, 
	0x412A, 0x412A, 0x414A, 0x416A, 0x4129, 0x414A, 0x416A, 0x414A, 0x414A, 0x4149, 0x4129, 0x4129, 0x414A, 0x496A, 0x414A, 0x4149, 
	0x414A, 0x414A, 0x414A, 0x414A, 0x414A, 0x414A, 0x414A, 0x4129, 0x414A, 0x414A, 0x414A, 0x414A, 0x414A, 0x496A, 0x498B, 0x414A, 
	0x414A, 0x414A, 0x414A, 0x414A, 0x414A, 0x414A, 0x414A, 0x416A, 0x414A, 0x414A, 0x414A, 0x494A, 0x414A, 0x496B, 0x496B, 0x414A, 
	0x414A, 0x494A, 0x414A, 0x496B, 0x494A, 0x496B, 0x496B, 0x414A, 0x496B, 0x494A, 0x496B, 0x496B, 0x496B, 0x496B, 0x496B, 0x496B, 
	0x496B, 0x498B, 0x496B, 0x49AB, 0x498B, 0x498B, 0x518B, 0x496B, 0x516B, 0x518C, 0x516B, 0x518B, 0x518B, 0x51AC, 0x518C, 0x518C, 
	0x518B, 0x516B, 0x518C, 0x51AC, 0x516B, 0x518C, 0x51AC, 0x59AC, 0x51AC, 0x59AC, 0x59AC, 0x59AC, 0x59AC, 0x59CD, 0x59AC, 0x59CD, 
	0x59AD, 0x59AC, 0x59AC, 0x598C, 0x59AC, 0x59AC, 0x59AC, 0x59AC, 0x59AC, 0x59AC, 0x598C, 0x59CD, 0x59AC, 0x59AC, 0x59AD, 0x59AC, 
	0x59AD, 0x59AC, 0x59AC, 0x59AD, 0x59AC, 0x61AD, 0x59AD, 0x59AD, 0x61AD, 0x59AC, 0x61AD, 0x61AD, 0x61AD, 0x59AC, 0x61AD, 0x61AD, 
	0x61AD, 0x61AD, 0x59AD, 0x61CD, 0x61CD, 0x61CD, 0x61CD, 0x61CD, 0x61AD, 0x61CD, 0x61CD, 0x61CD, 0x59AD, 0x61CD, 0x61CE, 0x61CE, 
	0x61CD, 0x61ED, 0x61CE, 0x61CD, 0x61CD, 0x61CD, 0x61CD, 0x61CD, 0x61EE, 0x69EE, 0x61CE, 0x69EE, 0x61CE, 0x69CD, 0x69EE, 0x69ED, 
	0x69CD, 0x69EE, 0x69EE, 0x69EE, 0x69CE, 0x69EE, 0x69CE, 0x71EE, 0x71EE, 0x69CE, 0x69CE, 0x71EE, 0x71EE, 0x71CE, 0x69CE, 0x71EE, 
	0x71EE, 0x71EE, 0x71EE, 0x71EE, 0x71CE, 0x79EE, 0x7A0F, 0x79EF, 0x79EF, 0x7A0F, 0x7A0F, 0x7A0F, 0x79EF, 0x820F, 0x820F, 0x820F, 
	0x8A0F, 0x8A30, 0x8A10, 0x9251, 0x9210, 0x9230, 0x9230, 0x9230, 0x9210, 0x9210, 0x9210, 0x9230, 0x9210, 0x9210, 0x9210, 0x9210, 
	0x9A30, 0x9210, 0x91F0, 0x9210, 0x9230, 0x9230, 0x922F, 0x9210, 0x9210, 0x8A10, 0x9210, 0x9230, 0x9230, 0x9230, 0x9230, 0x8A30, 
	0x8A0F, 0x8A0F, 0x820F, 0x81EF, 0x820F, 0x822F, 0x820F, 0x81EF, 0x820F, 0x820F, 0x820E, 0x820F, 0x7A0E, 0x7A0E, 0x7A0E, 0x7A0F, 
	0x71EE, 0x7A0E, 0x720F, 0x71EE, 0x720E, 0x720E, 0x71EE, 0x71CE, 0x71EE, 0x71EE, 0x71EE, 0x71EE, 0x71EE, 0x71CE, 0x71EE, 0x71EE, 
	0x69CD, 0x71EE, 0x71EE, 0x71EE, 0x69CD, 0x69CE, 0x71EE, 0x71EE, 0x69CD, 0x69CD, 0x69CD, 0x61AD, 0x61CD, 0x69CD, 0x61AD, 0x69CD, 
	0x69ED, 0x69CD, 0x61CD, 0x61AC, 0x61AC, 0x61CD, 0x61AC, 0x61AC, 0x61AD, 0x61AC, 0x61AC, 0x61AC, 0x61AC, 0x61AC, 0x61AD, 0x59AC, 
	0x59AC, 0x61AC, 0x61CD, 0x61AC, 0x61AC, 0x59AC, 0x59AC, 0x598C, 0x598C, 0x59AC, 0x598B, 0x59AC, 0x598B, 0x598B, 0x598B, 0x598B, 
	0x518B, 0x518B, 0x518B, 0x59AB, 0x518B, 0x518B, 0x518B, 0x516B, 0x518B, 0x518B, 0x518B, 0x518B, 0x518B, 0x516A, 0x518A, 0x518A, 
	0x414A, 0x414A, 0x414A, 0x414A, 0x4129, 0x4149, 0x416A, 0x414A, 0x4129, 0x4129, 0x414A, 0x4149, 0x416A, 0x51AC, 0x414A, 0x414A, 
	0x414A, 0x414A, 0x4149, 0x414A, 0x414A, 0x496A, 0x416A, 0x414A, 0x414A, 0x414A, 0x414A, 0x414A, 0x414A, 0x414A, 0x414A, 0x414A, 
	0x414A, 0x414A, 0x414A, 0x414A, 0x414A, 0x494A, 0x494A, 0x494B, 0x494A, 0x496A, 0x414A, 0x496B, 0x414A, 0x494A, 0x496A, 0x414A, 
	0x416A, 0x494A, 0x414A, 0x496A, 0x496B, 0x496B, 0x496B, 0x496B, 0x494B, 0x496B, 0x498B, 0x496B, 0x496B, 0x498B, 0x518C, 0x518C, 
	0x498C, 0x518C, 0x498B, 0x518B, 0x518B, 0x496B, 0x518C, 0x518B, 0x518B, 0x518C, 0x518C, 0x518B, 0x518B, 0x518B, 0x518C, 0x518C, 
	0x518C, 0x518C, 0x518C, 0x518C, 0x518C, 0x518C, 0x518C, 0x59AC, 0x59AC, 0x59AD, 0x59AC, 0x59CD, 0x59AC, 0x59AC, 0x59AD, 0x59AC, 
	0x59AC, 0x59AC, 0x59AC, 0x59AC, 0x59AC, 0x59AC, 0x59AC, 0x59AD, 0x59AD, 0x59AD, 0x59AC, 0x59AC, 0x59AC, 0x59AC, 0x59AD, 0x59AD, 
	0x59AD, 0x59AC, 0x59AC, 0x59AD, 0x61CD, 0x61CD, 0x61CD, 0x61CD, 0x61AD, 0x61AD, 0x61AD, 0x61AD, 0x61AD, 0x61AD, 0x61AD, 0x61AD, 
	0x61AD, 0x61EE, 0x61AD, 0x61AD, 0x59AD, 0x61CD, 0x61CD, 0x61CD, 0x61CD, 0x61EE, 0x61CE, 0x61CD, 0x61CD, 0x61EE, 0x61EE, 0x61CE, 
	0x61CD, 0x61EE, 0x61CE, 0x61CD, 0x61CD, 0x61CD, 0x69EE, 0x69EE, 0x69EE, 0x69EE, 0x69CD, 0x69EE, 0x69EE, 0x69EE, 0x69EE, 0x69EE, 
	0x69EE, 0x71EE, 0x69EE, 0x69CE, 0x69CE, 0x71EE, 0x69CE, 0x69EE, 0x69CE, 0x69CE, 0x71EE, 0x69CE, 0x69CE, 0x71CE, 0x71CE, 0x71CE, 
	0x71EF, 0x71CE, 0x71EE, 0x71EE, 0x7A0F, 0x7A0F, 0x822F, 0x7A2F, 0x7A0F, 0x7A0F, 0x7A30, 0x7A0F, 0x79EF, 0x820F, 0x820F, 0x820F, 
	0x8A30, 0x9230, 0x8A10, 0x8A10, 0x9230, 0x9230, 0x9230, 0x9230, 0x9230, 0x9210, 0x9210, 0x9210, 0x9210, 0x9230, 0x9210, 0x9A30, 
	0x9A51, 0x9230, 0x9210, 0x9210, 0x9230, 0x9210, 0x9230, 0x9230, 0x9230, 0x8A10, 0x8A10, 0x9230, 0x8A0F, 0x8A0F, 0x8A0F, 0x8A10, 
	0x8A10, 0x8A0F, 0x8A0F, 0x81EF, 0x820F, 0x820F, 0x81EF, 0x820F, 0x81EF, 0x81EF, 0x820F, 0x7A0E, 0x7A0E, 0x7A0F, 0x79EE, 0x7A0E, 
	0x7A0E, 0x7A2F, 0x720F, 0x71EE, 0x71EE, 0x71EE, 0x720E, 0x71EE, 0x71EE, 0x71CE, 0x71EE, 0x71EE, 0x71EE, 0x71EE, 0x71EE, 0x71EE, 
	0x71CD, 0x71CD, 0x71EE, 0x71CE, 0x71EE, 0x71EE, 0x71EE, 0x71ED, 0x71EE, 0x720E, 0x69CD, 0x69CD, 0x69CD, 0x69CD, 0x69CD, 0x69CD, 
	0x69CD, 0x61AD, 0x61CD, 0x61AD, 0x61AC, 0x61AC, 0x61AC, 0x61CD, 0x61CD, 0x61CD, 0x61CD, 0x61CC, 0x61AC, 0x61AC, 0x61AC, 0x61AC, 
	0x61AC, 0x61CD, 0x7250, 0x7230, 0x61CC, 0x61AC, 0x598C, 0x59AC, 0x598C, 0x598C, 0x59AC, 0x598B, 0x59AC, 0x59AC, 0x598B, 0x59AC, 
	0x598B, 0x518B, 0x598B, 0x518B, 0x598B, 0x59AB, 0x598B, 0x59AB, 0x518B, 0x516B, 0x516B, 0x518B, 0x518B, 0x516B, 0x518B, 0x518B, 
	0x414A, 0x414A, 0x412A, 0x414A, 0x412A, 0x414A, 0x412A, 0x412A, 0x414A, 0x4129, 0x414A, 0x414A, 0x4149, 0x414A, 0x414A, 0x414A, 
	0x414A, 0x414A, 0x414A, 0x414A, 0x414A, 0x414A, 0x414A, 0x414A, 0x414A, 0x414A, 0x414A, 0x414A, 0x414A, 0x494A, 0x416A, 0x416A, 
	0x414A, 0x496B, 0x496A, 0x414A, 0x414A, 0x414A, 0x518C, 0x518C, 0x496B, 0x494A, 0x414A, 0x496B, 0x494A, 0x496A, 0x416A, 0x496A, 
	0x414A, 0x494A, 0x496B, 0x496B, 0x496B, 0x496A, 0x494A, 0x496B, 0x496B, 0x496B, 0x498B, 0x496B, 0x498B, 0x496B, 0x496B, 0x51AC, 
	0x518C, 0x518C, 0x518B, 0x518B, 0x518C, 0x518C, 0x51AC, 0x518C, 0x518B, 0x518B, 0x518B, 0x518B, 0x518C, 0x518C, 0x518C, 0x518C, 
	0x518C, 0x518C, 0x518C, 0x518C, 0x518C, 0x51AC, 0x59AC, 0x598C, 0x598C, 0x59AC, 0x59AC, 0x59AC, 0x59AC, 0x59AC, 0x59AC, 0x59AC, 
	0x59CD, 0x59AC, 0x59CD, 0x59CD, 0x59AC, 0x59AD, 0x59AD, 0x59CD, 0x59AD, 0x59AD, 0x59AC, 0x59AC, 0x59AD, 0x59AD, 0x59AD, 0x59AD, 
	0x59AD, 0x59AD, 0x61AD, 0x61CD, 0x61CD, 0x61CD, 0x59AD, 0x59AD, 0x61CD, 0x61CD, 0x61CD, 0x61AD, 0x61CD, 0x61CE, 0x69CE, 0x61CE, 
	0x61EE, 0x61CD, 0x61AD, 0x61AD, 0x61CD, 0x61CD, 0x61CE, 0x61CD, 0x61CE, 0x61EE, 0x61CD, 0x61CD, 0x61CD, 0x69EE, 0x69EE, 0x69EE, 
	0x69EE, 0x69EE, 0x69EE, 0x61EE, 0x61CD, 0x61CD, 0x69EE, 0x69EE, 0x69CE, 0x69EE, 0x69EE, 0x69EE, 0x69EE, 0x69EE, 0x69CE, 0x69CE, 
	0x69EE, 0x69CE, 0x71CE, 0x69CE, 0x69CE, 0x69CE, 0x71EE, 0x71EE, 0x69EE, 0x71EE, 0x71EE, 0x69CE, 0x71CE, 0x71CE, 0x79EE, 0x71EE, 
	0x71EF, 0x71EF, 0x71EE, 0x71EE, 0x79EF, 0x8A71, 0x9B34, 0x8270, 0x8230, 0x7A0F, 0x7A0F, 0x7A0F, 0x7A0F, 0x820F, 0x820F, 0x822F, 
	0x8A30, 0x8A30, 0x8A30, 0x8A10, 0x9230, 0x9230, 0x9230, 0x9230, 0x9210, 0x9230, 0x9A51, 0x9A30, 0x9A51, 0xA271, 0x9A51, 0x9A31, 
	0x9A51, 0x9230, 0x9230, 0x9231, 0x9230, 0x9210, 0x9230, 0x9230, 0x9230, 0x8A10, 0x8A30, 0x9230, 0x8A30, 0x8A30, 0x8A30, 0x8A30, 
	0x8A0F, 0x820F, 0x8A2F, 0x81EF, 0x820F, 0x820F, 0x820F, 0x820F, 0x81EF, 0x81EF, 0x820F, 0x820F, 0x7A0F, 0x7A0E, 0x7A0E, 0x7A0E, 
	0x7A0E, 0x720E, 0x71EE, 0x720F, 0x71EE, 0x71CE, 0x71EE, 0x71EE, 0x71EE, 0x71EE, 0x71EE, 0x71EE, 0x71EE, 0x79EE, 0x71EE, 0x71CE, 
	0x71CE, 0x71CE, 0x71EE, 0x71CE, 0x71CE, 0x71EE, 0x71CE, 0x71CE, 0x71EE, 0x71EE, 0x69CD, 0x69CD, 0x69CD, 0x69CD, 0x69CD, 0x69CD, 
	0x69CD, 0x61AD, 0x61CD, 0x61CD, 0x61AC, 0x61AD, 0x61CD, 0x69CD, 0x61CD, 0x61CD, 0x61CD, 0x61AC, 0x61AC, 0x61AC, 0x61CD, 0x61CD, 
	0x61AC, 0x61CD, 0x7A92, 0x7A71, 0x61AD, 0x59AC, 0x59AC, 0x59AC, 0x59AC, 0x61AC, 0x59AC, 0x59AC, 0x59AC, 0x59AC, 0x598B, 0x598B, 
	0x518B, 0x59AC, 0x598B, 0x598B, 0x59AB, 0x598B, 0x516A, 0x518B, 0x518B, 0x516B, 0x518B, 0x516B, 0x516B, 0x516B, 0x516B, 0x516B, 
	0x414A, 0x414A, 0x414A, 0x414A, 0x414A, 0x414A, 0x414A, 0x414A, 0x414A, 0x4129, 0x4149, 0x414A, 0x4129, 0x414A, 0x414A, 0x414A, 
	0x412A, 0x414A, 0x414A, 0x414A, 0x414A, 0x414A, 0x414A, 0x414A, 0x416A, 0x414A, 0x414A, 0x414A, 0x414A, 0x496A, 0x496A, 0x414A, 
	0x414A, 0x496B, 0x496B, 0x414A, 0x496A, 0x496B, 0x51AC, 0x518C, 0x496B, 0x496B, 0x496B, 0x496B, 0x496B, 0x494A, 0x494A, 0x496B, 
	0x414A, 0x414A, 0x496B, 0x496A, 0x496B, 0x496B, 0x496A, 0x496A, 0x496A, 0x498B, 0x498B, 0x51AC, 0x51AC, 0x518C, 0x518C, 0x516C, 
	0x518C, 0x518C, 0x518C, 0x496B, 0x518C, 0x51AC, 0x51AC, 0x518C, 0x518C, 0x518B, 0x518C, 0x518C, 0x518C, 0x518C, 0x518B, 0x518C, 
	0x518C, 0x518C, 0x518C, 0x518C, 0x518C, 0x598C, 0x59AD, 0x598C, 0x598C, 0x59AD, 0x59AC, 0x59AC, 0x59AD, 0x59AC, 0x59AC, 0x59AC, 
	0x59AD, 0x598D, 0x59CD, 0x59AD, 0x59AD, 0x59AD, 0x59AD, 0x59AD, 0x59AD, 0x59CD, 0x59AC, 0x59AD, 0x59AD, 0x59AD, 0x61CD, 0x61AD, 
	0x61AD, 0x61AD, 0x61AD, 0x61CD, 0x61CD, 0x61CD, 0x61AD, 0x61AD, 0x61CD, 0x61CD, 0x61AD, 0x61AD, 0x61AD, 0x69CD, 0x61CE, 0x61CE, 
	0x61CE, 0x61AD, 0x61AD, 0x61CD, 0x61CD, 0x61AD, 0x61AD, 0x61CE, 0x61CE, 0x61CE, 0x61CD, 0x61CD, 0x61CD, 0x61CD, 0x69EE, 0x69EE, 
	0x69EE, 0x61CD, 0x69EE, 0x69EE, 0x61CD, 0x69EE, 0x69CD, 0x69EE, 0x69EE, 0x69EE, 0x69EE, 0x69CE, 0x69EE, 0x69CE, 0x69CE, 0x71EE, 
	0x69CE, 0x69CE, 0x71EE, 0x71CE, 0x69CE, 0x71CE, 0x71EE, 0x69EE, 0x69EE, 0x71EE, 0x71EF, 0x71EE, 0x7A0F, 0x9B75, 0x8250, 0x720F, 
	0x71EF, 0x71EF, 0x7A0F, 0x71EE, 0x79EF, 0x8AB2, 0xC4BA, 0x92F3, 0x7A0F, 0x7A10, 0x8230, 0x8230, 0x820F, 0x820F, 0x820F, 0x8230, 
	0x8A30, 0x8A30, 0x8A10, 0x8A10, 0x9250, 0x9230, 0x9230, 0x9230, 0x9230, 0x9A30, 0x9230, 0x9A71, 0xA271, 0x9A51, 0x9A51, 0x9A31, 
	0x9A31, 0x9A31, 0x9A51, 0x9A30, 0x9230, 0x9230, 0x9230, 0x9250, 0x9210, 0x8A10, 0x9230, 0x8A30, 0x9230, 0x9230, 0x8A0F, 0x8A0F, 
	0x8A30, 0x8A50, 0x8A30, 0x81EF, 0x820F, 0x822F, 0x8A2F, 0x8A2F, 0x81EF, 0x81EF, 0x81EF, 0x7A0F, 0x79EE, 0x7A0F, 0x7A0F, 0x7A0E, 
	0x7A0F, 0x720E, 0x7A0E, 0x7A0E, 0x720F, 0x79EE, 0x7A0F, 0x79EE, 0x79EE, 0x71EE, 0x71EE, 0x7A0E, 0x7A0E, 0x79EE, 0x79EE, 0x71CE, 
	0x71CE, 0x71EE, 0x71EE, 0x79EE, 0x71EE, 0x71CE, 0x71EE, 0x71CE, 0x71EE, 0x69CD, 0x69CE, 0x69CD, 0x69CD, 0x69CD, 0x69CD, 0x69AD, 
	0x69CD, 0x69CD, 0x69CD, 0x69CD, 0x61AD, 0x61CD, 0x61AC, 0x69CD, 0x61AD, 0x61AD, 0x61CD, 0x61CD, 0x61AC, 0x61AC, 0x61CD, 0x61AC, 
	0x61CD, 0x61CD, 0x61CD, 0x61CD, 0x61CD, 0x61CD, 0x61AC, 0x598C, 0x59AC, 0x59AC, 0x598C, 0x59AC, 0x59AC, 0x598B, 0x598B, 0x598B, 
	0x59AB, 0x518B, 0x518B, 0x598B, 0x59AB, 0x598B, 0x518B, 0x518B, 0x516B, 0x516B, 0x518B, 0x518B, 0x516B, 0x518B, 0x518B, 0x516B, 
	0x414A, 0x414A, 0x416A, 0x414A, 0x414A, 0x414A, 0x414A, 0x414A, 0x416A, 0x414A, 0x414A, 0x414A, 0x414A, 0x414A, 0x414A, 0x414A, 
	0x414A, 0x414A, 0x414A, 0x414A, 0x414A, 0x414A, 0x414A, 0x414A, 0x414A, 0x414A, 0x414A, 0x496A, 0x414A, 0x414A, 0x496A, 0x416A, 
	0x414A, 0x414A, 0x414A, 0x414A, 0x496A, 0x498B, 0x496B, 0x496B, 0x494A, 0x496B, 0x494A, 0x414A, 0x496B, 0x496B, 0x494A, 0x496B, 
	0x496B, 0x496B, 0x494B, 0x494A, 0x494A, 0x496A, 0x496B, 0x496B, 0x496B, 0x518B, 0x518C, 0x59ED, 0x620E, 0x59AD, 0x518C, 0x494B, 
	0x51AC, 0x51AC, 0x516B, 0x518B, 0x51AC, 0x518C, 0x61EE, 0x59CD, 0x518B, 0x518C, 0x518B, 0x518C, 0x59AC, 0x59AC, 0x518C, 0x59AC, 
	0x598C, 0x598C, 0x59AC, 0x59AC, 0x59AC, 0x598D, 0x59AD, 0x59AD, 0x59AC, 0x61AD, 0x59AD, 0x59AD, 0x59AD, 0x59AD, 0x59AD, 0x59AD, 
	0x61AD, 0x61CD, 0x59AD, 0x59AC, 0x59AD, 0x61CD, 0x61AD, 0x61CD, 0x59AD, 0x59AD, 0x61AD, 0x61CD, 0x61CD, 0x59AD, 0x61CD, 0x61AD, 
	0x61CD, 0x61CD, 0x61AD, 0x61AD, 0x61AD, 0x61AD, 0x61AD, 0x61AD, 0x61CD, 0x61CE, 0x61CE, 0x61CE, 0x61AD, 0x61CD, 0x69CD, 0x69EE, 
	0x69EE, 0x61CD, 0x69CE, 0x61CD, 0x61CD, 0x61CE, 0x61AD, 0x61CE, 0x61CE, 0x61CE, 0x69CE, 0x61CD, 0x61CD, 0x69EE, 0x6A0E, 0x69EE, 
	0x69CD, 0x69EE, 0x69EE, 0x69EE, 0x69EE, 0x69EE, 0x69CE, 0x69EE, 0x69CE, 0x69CE, 0x69EE, 0x69CE, 0x69EE, 0x69EE, 0x69EE, 0x71EE, 
	0x71EE, 0x71EE, 0x71EE, 0x71EE, 0x71CE, 0x69CE, 0x69EE, 0x69EE, 0x69EE, 0x71EE, 0x720F, 0x71EE, 0x92F3, 0xCD5D, 0x8271, 0x71EF, 
	0x71EF, 0x71EF, 0x7A0F, 0x7A0F, 0x7A0F, 0x7A30, 0x8271, 0x8230, 0x7A30, 0x7A10, 0x7A30, 0x8230, 0x822F, 0x820F, 0x8210, 0x8A30, 
	0x8A10, 0x8A30, 0x9230, 0x9231, 0x9230, 0x9230, 0x9230, 0x9A51, 0x9230, 0x9230, 0x9210, 0x9A51, 0x9A51, 0x9A31, 0x9A51, 0x9A31, 
	0x9230, 0x9A51, 0xA271, 0x9A30, 0x9A30, 0x9210, 0x9230, 0x9A51, 0x9250, 0x9230, 0x9230, 0x8A0F, 0x9230, 0x9230, 0x8A10, 0x8A10, 
	0x8A30, 0x8A30, 0x8A0F, 0x8A30, 0x8A30, 0x8A2F, 0x822F, 0x822F, 0x820F, 0x820F, 0x79EE, 0x822F, 0x7A0E, 0x79EE, 0x7A0F, 0x71EE, 
	0x7A0F, 0x7A0F, 0x7A0F, 0x7A0E, 0x7A0F, 0x7A0F, 0x7A0F, 0x7A0F, 0x7A0F, 0x79EE, 0x71CE, 0x79EF, 0x71EE, 0x79EE, 0x79EE, 0x79EE, 
	0x71CE, 0x71CE, 0x71CE, 0x7A0E, 0x79EE, 0x71CE, 0x71CE, 0x71CE, 0x71EE, 0x69EE, 0x71EE, 0x69CD, 0x69CD, 0x69CD, 0x69CD, 0x69AD, 
	0x69CD, 0x69CD, 0x69CD, 0x69EE, 0x69CD, 0x61AD, 0x61CD, 0x69EE, 0x61CD, 0x61CD, 0x69CD, 0x61CD, 0x61CD, 0x61AD, 0x61AC, 0x61CD, 
	0x61AC, 0x61CD, 0x61CC, 0x61CC, 0x61AD, 0x61CD, 0x61AD, 0x618C, 0x61AC, 0x59AC, 0x598B, 0x598C, 0x59AC, 0x59AC, 0x59AC, 0x59AB, 
	0x59AB, 0x59AC, 0x518B, 0x598B, 0x59AB, 0x59AB, 0x598B, 0x518B, 0x518B, 0x518B, 0x51AB, 0x518B, 0x516B, 0x518B, 0x518B, 0x598B, 
	0x414A, 0x414A, 0x414A, 0x4149, 0x414A, 0x414A, 0x414A, 0x414A, 0x496A, 0x416A, 0x416A, 0x414A, 0x414A, 0x416A, 0x414A, 0x414A, 
	0x414A, 0x414A, 0x414A, 0x416A, 0x414A, 0x414A, 0x494A, 0x414A, 0x496A, 0x496A, 0x414A, 0x496B, 0x414A, 0x414A, 0x414A, 0x414A, 
	0x414A, 0x494A, 0x498B, 0x496A, 0x414A, 0x496B, 0x494A, 0x494A, 0x494A, 0x414A, 0x414A, 0x494A, 0x496B, 0x496B, 0x494A, 0x496A, 
	0x496B, 0x496A, 0x496B, 0x496B, 0x496A, 0x494A, 0x496B, 0x496B, 0x496B, 0x518B, 0x518B, 0x6A90, 0x8B95, 0x59CD, 0x516C, 0x518C, 
	0x516B, 0x518C, 0x518B, 0x518C, 0x59AC, 0x518C, 0x61EE, 0x6A2F, 0x518C, 0x59AC, 0x59AC, 0x59AC, 0x59AD, 0x59AD, 0x59AC, 0x59AC, 
	0x59AC, 0x598C, 0x59AC, 0x59AC, 0x59AC, 0x59AD, 0x59AD, 0x61CD, 0x61AD, 0x59AC, 0x61AD, 0x61CD, 0x61CD, 0x61CE, 0x61CE, 0x61CD, 
	0x61CD, 0x61CD, 0x61CD, 0x59AD, 0x61CD, 0x61AD, 0x61CD, 0x61CD, 0x61AD, 0x61AD, 0x61AD, 0x61AD, 0x61CD, 0x61CD, 0x61CD, 0x61CD, 
	0x61AD, 0x61AD, 0x61CD, 0x61AD, 0x61AD, 0x61AD, 0x61AD, 0x61AD, 0x61CD, 0x61CD, 0x61CE, 0x69EE, 0x69CD, 0x69CE, 0x69CE, 0x61CD, 
	0x61CD, 0x61CD, 0x69EE, 0x61CE, 0x61EE, 0x61EE, 0x61CE, 0x69EE, 0x61CD, 0x61CD, 0x69EE, 0x69EE, 0x69EE, 0x6A0E, 0x6A0E, 0x69EE, 
	0x69EE, 0x69EE, 0x69EE, 0x69EE, 0x69EE, 0x69EE, 0x69EE, 0x720E, 0x6A0E, 0x720F, 0x69EE, 0x69EE, 0x69EE, 0x69EE, 0x71EE, 0x71EE, 
	0x71EF, 0x71EF, 0x71EE, 0x720F, 0x71EE, 0x71EE, 0x69EE, 0x69EE, 0x69EE, 0x71EE, 0x720F, 0x7A0F, 0x8A91, 0x9B34, 0x7A30, 0x720F, 
	0x71EF, 0x71EF, 0x71EF, 0x71EE, 0x7A0F, 0x8230, 0x7A10, 0x7A10, 0x7A10, 0x79EF, 0x7A30, 0x7A30, 0x8230, 0x822F, 0x8230, 0x8A30, 
	0x8A30, 0x8A30, 0x9231, 0x8A10, 0x9230, 0x9231, 0x9231, 0x9A30, 0x9A31, 0x9A51, 0x9A51, 0x9A51, 0x9A10, 0x9A31, 0x9A31, 0x9A31, 
	0x9A51, 0xA271, 0xA271, 0x9A51, 0x9A51, 0x9A31, 0x9230, 0x9230, 0x9250, 0x9A70, 0x9250, 0x8A0F, 0x8A0F, 0x8A0F, 0x8A30, 0x8A2F, 
	0x9250, 0x9250, 0x8A10, 0x8A10, 0x8A0F, 0x8A30, 0x820F, 0x820F, 0x81EF, 0x820F, 0x822F, 0x822F, 0x820F, 0x822F, 0x7A0F, 0x7A0F, 
	0x7A0F, 0x7A0F, 0x7A0F, 0x7A0E, 0x7A0F, 0x7A0F, 0x7A0F, 0x7A2F, 0x7A0F, 0x79EE, 0x71EE, 0x7A2F, 0x71EE, 0x79EE, 0x71EE, 0x79EE, 
	0x79EE, 0x71EE, 0x71EE, 0x71EE, 0x71EE, 0x71CE, 0x71CD, 0x71CE, 0x71EE, 0x69CE, 0x69EE, 0x69EE, 0x69CD, 0x69CD, 0x69CD, 0x69CE, 
	0x69CD, 0x69CD, 0x69CD, 0x69CD, 0x69CD, 0x69CD, 0x61CD, 0x69CD, 0x61CD, 0x61CD, 0x69CD, 0x61CD, 0x61CD, 0x61CD, 0x61CD, 0x61CD, 
	0x61AD, 0x61CD, 0x61AC, 0x61CD, 0x61AC, 0x61AC, 0x61CD, 0x61AC, 0x61CC, 0x61CC, 0x61AC, 0x59AC, 0x59AC, 0x59AC, 0x59AC, 0x59AB, 
	0x59AC, 0x59AC, 0x598B, 0x59AC, 0x598B, 0x598B, 0x598B, 0x518B, 0x598B, 0x518B, 0x59AB, 0x518B, 0x516B, 0x516B, 0x516B, 0x598B, 
	0x414A, 0x414A, 0x414A, 0x414A, 0x414A, 0x414A, 0x414A, 0x414A, 0x416A, 0x414A, 0x414A, 0x414A, 0x414A, 0x496B, 0x414A, 0x414A, 
	0x414A, 0x412A, 0x414A, 0x414A, 0x414A, 0x414A, 0x414A, 0x416A, 0x416A, 0x494A, 0x414A, 0x414A, 0x414A, 0x414A, 0x494A, 0x414A, 
	0x414A, 0x496B, 0x498B, 0x496B, 0x496A, 0x494A, 0x496A, 0x496B, 0x496B, 0x414A, 0x496A, 0x496A, 0x494A, 0x494A, 0x496A, 0x496B, 
	0x496B, 0x494A, 0x496A, 0x496A, 0x496A, 0x496A, 0x496B, 0x496B, 0x496B, 0x496B, 0x518B, 0x51AD, 0x59EE, 0x51AC, 0x518C, 0x518C, 
	0x518B, 0x518C, 0x518C, 0x518B, 0x51AC, 0x59AC, 0x518C, 0x59AD, 0x59AD, 0x598C, 0x598C, 0x59AC, 0x59AC, 0x59AC, 0x598C, 0x59AC, 
	0x59AC, 0x59AC, 0x59CD, 0x59CD, 0x59AD, 0x61CD, 0x59AD, 0x59AD, 0x59AD, 0x61AD, 0x61CD, 0x61CD, 0x61AD, 0x61CE, 0x69EE, 0x69EF, 
	0x61CE, 0x61AD, 0x61CD, 0x61CD, 0x61CD, 0x61AD, 0x61CE, 0x61CD, 0x61CD, 0x61AD, 0x61CD, 0x61CD, 0x61CD, 0x61CD, 0x61AD, 0x61CD, 
	0x61AD, 0x61CD, 0x69CE, 0x61AD, 0x61AD, 0x61AD, 0x61CE, 0x69CE, 0x69CE, 0x61AD, 0x61CD, 0x69CE, 0x69CD, 0x69CE, 0x69CE, 0x61CD, 
	0x69CE, 0x61CE, 0x61CD, 0x61CE, 0x61CD, 0x61AD, 0x69CD, 0x69EE, 0x61CE, 0x61CE, 0x6A0E, 0x69EE, 0x69EE, 0x69EE, 0x7250, 0x722F, 
	0x6A0E, 0x69EE, 0x69EE, 0x69EE, 0x69EE, 0x6A0E, 0x69EE, 0x69EE, 0x720E, 0x720E, 0x69EE, 0x69EE, 0x6A0E, 0x71EE, 0x720F, 0x71EE, 
	0x720F, 0x720F, 0x71EE, 0x71EE, 0x71EE, 0x71EE, 0x71EE, 0x71EE, 0x69EE, 0x71EE, 0x71CE, 0x7A0F, 0x71CE, 0x79EF, 0x7A30, 0x7A0F, 
	0x7A0F, 0x7A0F, 0x71EF, 0x71EF, 0x720F, 0x7A0F, 0x7A30, 0x7A10, 0x8230, 0x8210, 0x7A10, 0x7A10, 0x8210, 0x8230, 0x8230, 0x8A50, 
	0x8A30, 0x9250, 0x9231, 0x8A10, 0x9230, 0x9A51, 0x9A51, 0x9A31, 0xA272, 0x9A51, 0x9A31, 0x9A31, 0x9A51, 0x9A51, 0x9A10, 0x9A10, 
	0x9A51, 0x9A51, 0x9A71, 0x9A71, 0x9A71, 0x9231, 0x9230, 0x9250, 0x9250, 0x9250, 0x8A10, 0x9230, 0x9230, 0x8A10, 0x9230, 0x9230, 
	0x9250, 0x8A30, 0x8A10, 0x8A10, 0x8A30, 0x8A30, 0x820F, 0x820F, 0x820F, 0x822F, 0x820F, 0x820F, 0x820F, 0x822F, 0x820F, 0x7A0F, 
	0x7A0F, 0x7A0F, 0x7A2F, 0x7A0F, 0x7A0F, 0x7A0F, 0x7A0E, 0x71EE, 0x7A0F, 0x7A0F, 0x7A2F, 0x7A4F, 0x7A0F, 0x7A2F, 0x7A0F, 0x79EE, 
	0x7A0F, 0x71EE, 0x71EE, 0x71EE, 0x79EE, 0x71CE, 0x71EE, 0x71CE, 0x69CE, 0x69EE, 0x69EE, 0x69EE, 0x69EE, 0x69CE, 0x69EE, 0x69CE, 
	0x69CE, 0x69CE, 0x69CE, 0x69CD, 0x69EE, 0x69CD, 0x69CD, 0x69CD, 0x69ED, 0x69CD, 0x69ED, 0x61CD, 0x69CD, 0x69CD, 0x61CD, 0x61AC, 
	0x61CD, 0x61CD, 0x61CD, 0x69ED, 0x61CD, 0x61AC, 0x61CC, 0x61CC, 0x61AC, 0x61AC, 0x61AC, 0x59AC, 0x59AC, 0x59AC, 0x59AC, 0x59AC, 
	0x59AC, 0x598B, 0x598B, 0x598B, 0x598B, 0x598B, 0x598B, 0x598B, 0x598B, 0x598B, 0x518B, 0x516B, 0x518B, 0x516B, 0x518B, 0x59AB, 
	0x414A, 0x414A, 0x414A, 0x414A, 0x414A, 0x414A, 0x414A, 0x414A, 0x416A, 0x414A, 0x416A, 0x416A, 0x414A, 0x414A, 0x494A, 0x414A, 
	0x414A, 0x414A, 0x414A, 0x414A, 0x414A, 0x414A, 0x414A, 0x416A, 0x414A, 0x414A, 0x414A, 0x414A, 0x496A, 0x414A, 0x414A, 0x496A, 
	0x414A, 0x494A, 0x496A, 0x494A, 0x494A, 0x496A, 0x494A, 0x494A, 0x496B, 0x496B, 0x496A, 0x496B, 0x494A, 0x494A, 0x496B, 0x496B, 
	0x496B, 0x496B, 0x496B, 0x496B, 0x496A, 0x496A, 0x496B, 0x498B, 0x496B, 0x498B, 0x518C, 0x518C, 0x518B, 0x518C, 0x518C, 0x516B, 
	0x51AC, 0x51AC, 0x51AC, 0x518B, 0x51AC, 0x59AC, 0x518C, 0x59AC, 0x59CD, 0x59CD, 0x59AC, 0x598C, 0x59AC, 0x59AC, 0x59AC, 0x59AC, 
	0x59AC, 0x59AC, 0x59AD, 0x61AD, 0x61AD, 0x61CD, 0x61AD, 0x61AD, 0x61AD, 0x61AD, 0x61CD, 0x61AD, 0x61CD, 0x61CD, 0x61CD, 0x61CE, 
	0x61CE, 0x61CE, 0x61CE, 0x61AD, 0x61CD, 0x61CD, 0x61CD, 0x61AD, 0x61CD, 0x61CD, 0x61CE, 0x69CE, 0x69CE, 0x69CE, 0x69CD, 0x61CD, 
	0x61CD, 0x61CD, 0x69AD, 0x69AD, 0x61AD, 0x69CE, 0x69CE, 0x69CE, 0x69CE, 0x69CE, 0x69CE, 0x69CE, 0x69CE, 0x69CE, 0x69CE, 0x69CE, 
	0x69CD, 0x69CD, 0x69CE, 0x69EE, 0x61CD, 0x69CE, 0x69EE, 0x69EE, 0x69EE, 0x69CE, 0x69EE, 0x69EE, 0x69EE, 0x6A0E, 0x722F, 0x722F, 
	0x6A0E, 0x6A0F, 0x69EE, 0x69EE, 0x720F, 0x720F, 0x71EF, 0x71EE, 0x720F, 0x71EE, 0x720E, 0x720E, 0x69EE, 0x71EE, 0x71EE, 0x720F, 
	0x71EE, 0x71EF, 0x71EF, 0x71EF, 0x71EE, 0x71EE, 0x720F, 0x720F, 0x720F, 0x71EF, 0x71EF, 0x8270, 0x7A0F, 0x7A0F, 0x720F, 0x71EF, 
	0x7A0F, 0x7A0F, 0x7A0F, 0x7A0F, 0x71EF, 0x7A0F, 0x7A0F, 0x7A0F, 0x820F, 0x8230, 0x820F, 0x8210, 0x8230, 0x8A50, 0x8A50, 0x8A30, 
	0x8A50, 0x8A30, 0x9230, 0x9231, 0x9231, 0x9251, 0x9A51, 0x9A31, 0x9A51, 0x9A51, 0xA272, 0x9A51, 0x9A31, 0x9A31, 0x9A31, 0x9A31, 
	0x9A51, 0x9A51, 0x9A31, 0x9A31, 0x9A51, 0x9A31, 0x9A51, 0x9A51, 0x9251, 0x9230, 0x9230, 0x9250, 0x9230, 0x9230, 0x8A10, 0x8A10, 
	0x9250, 0x8A30, 0x8A30, 0x8A30, 0x8A30, 0x8A30, 0x820F, 0x8230, 0x822F, 0x822F, 0x820F, 0x81EF, 0x822F, 0x820F, 0x820F, 0x820F, 
	0x7A0F, 0x7A0F, 0x7A0F, 0x7A0F, 0x8230, 0x8250, 0x7A0F, 0x7A0F, 0x7A0F, 0x7A0F, 0x7A2F, 0x7A0F, 0x824F, 0x822F, 0x7A0F, 0x7A0F, 
	0x820F, 0x7A0F, 0x7A0F, 0x79EE, 0x79EE, 0x71CE, 0x7A0E, 0x71EE, 0x71EE, 0x71EE, 0x69CE, 0x69EE, 0x69EE, 0x69CD, 0x69EE, 0x69CD, 
	0x69EE, 0x71EE, 0x71EE, 0x71EE, 0x71EE, 0x69CD, 0x69CD, 0x69ED, 0x69ED, 0x69CD, 0x69CD, 0x69CD, 0x69CD, 0x69CD, 0x69CD, 0x69CD, 
	0x69CD, 0x61AC, 0x61CD, 0x69CD, 0x61CD, 0x61AD, 0x61CC, 0x61CC, 0x61AC, 0x61AC, 0x61AC, 0x598C, 0x61AC, 0x61AC, 0x61AC, 0x59AC, 
	0x598C, 0x598C, 0x598C, 0x59AC, 0x598B, 0x598B, 0x516B, 0x598B, 0x598B, 0x598B, 0x518B, 0x518B, 0x518B, 0x516B, 0x598B, 0x59AB, 
	0x414A, 0x414A, 0x414A, 0x416A, 0x414A, 0x414A, 0x414A, 0x414A, 0x416A, 0x498B, 0x622D, 0x51AB, 0x414A, 0x414A, 0x412A, 0x412A, 
	0x414A, 0x496A, 0x414A, 0x414A, 0x416A, 0x416A, 0x414A, 0x496B, 0x414A, 0x414A, 0x496A, 0x414A, 0x414A, 0x494A, 0x494A, 0x496B, 
	0x496B, 0x496B, 0x496B, 0x414A, 0x496A, 0x496A, 0x496A, 0x494A, 0x496B, 0x496B, 0x494A, 0x494B, 0x496B, 0x496B, 0x498B, 0x496B, 
	0x496B, 0x496B, 0x496B, 0x498B, 0x496B, 0x496A, 0x494A, 0x496B, 0x496B, 0x496B, 0x518B, 0x516B, 0x496B, 0x496B, 0x516B, 0x516B, 
	0x518C, 0x518C, 0x51AC, 0x518C, 0x518B, 0x518C, 0x518C, 0x59AD, 0x59AC, 0x59AD, 0x59AD, 0x59AC, 0x59CD, 0x59AD, 0x59AC, 0x59AC, 
	0x59AD, 0x59AD, 0x598C, 0x618D, 0x59AD, 0x61AD, 0x61AD, 0x61CD, 0x61AD, 0x61CD, 0x61AD, 0x61CD, 0x61CD, 0x61CD, 0x61CD, 0x61CE, 
	0x61CE, 0x69EE, 0x69EE, 0x69CE, 0x61AD, 0x61CD, 0x61CD, 0x61AD, 0x69CE, 0x61CD, 0x61AD, 0x69AE, 0x69CE, 0x69CE, 0x69CE, 0x61CD, 
	0x61CD, 0x61CD, 0x69CE, 0x69CE, 0x69CE, 0x69CE, 0x61AD, 0x61AD, 0x69CE, 0x69CE, 0x69CE, 0x69CE, 0x69CE, 0x69CE, 0x69CE, 0x69EE, 
	0x69CE, 0x69CE, 0x69EE, 0x69EE, 0x69CE, 0x69EE, 0x69EE, 0x69EE, 0x69CE, 0x69EE, 0x69EE, 0x6A0F, 0x69EE, 0x6A0F, 0x69EE, 0x69EE, 
	0x720F, 0x6A0F, 0x69EE, 0x69EE, 0x720E, 0x71EE, 0x69EE, 0x71EE, 0x720F, 0x71EF, 0x71EE, 0x71EE, 0x71EE, 0x720F, 0x71EF, 0x7A0F, 
	0x71EE, 0x71EE, 0x720F, 0x720F, 0x71EE, 0x71EE, 0x71EE, 0x71EF, 0x71EF, 0x71EE, 0x720F, 0x8250, 0x7A30, 0x71EE, 0x71CF, 0x71EF, 
	0x7A0F, 0x7A0F, 0x79EF, 0x71EF, 0x7A0F, 0x7A30, 0x79EF, 0x79EF, 0x8230, 0x8230, 0x8230, 0x8230, 0x8230, 0x8250, 0x8A50, 0x8230, 
	0x9251, 0x8A30, 0x9230, 0x9231, 0x9251, 0x9251, 0x9231, 0x9A31, 0x9A31, 0xA272, 0xA272, 0x9A31, 0x9A31, 0x9A31, 0x9A51, 0x9A51, 
	0x9A51, 0x9A71, 0x9A51, 0x9A31, 0x9A51, 0x9A51, 0x9A71, 0x9A51, 0x9230, 0x9230, 0x9230, 0x9230, 0x8A2F, 0x9250, 0x9250, 0x8A30, 
	0x9270, 0x9250, 0x8A50, 0x8A0F, 0x8A30, 0x8A30, 0x820F, 0x820F, 0x822F, 0x822F, 0x820F, 0x81EF, 0x820F, 0x820F, 0x820F, 0x8230, 
	0x820F, 0x7A0F, 0x822F, 0x820F, 0x8251, 0x9B15, 0x8271, 0x7A0E, 0x7A0F, 0x7A2F, 0x7A0F, 0x79EE, 0x820F, 0x7A0F, 0x79EF, 0x8A50, 
	0x8A50, 0x7A0F, 0x7A0F, 0x79EF, 0x7A0F, 0x7A2F, 0x71EE, 0x71EE, 0x720E, 0x720E, 0x71EE, 0x71EE, 0x71EE, 0x69CD, 0x69EE, 0x69CD, 
	0x71EE, 0x71EE, 0x71EE, 0x71EE, 0x71EE, 0x69CD, 0x69CD, 0x69CD, 0x69CE, 0x69CD, 0x69CD, 0x69CD, 0x69CD, 0x69ED, 0x69ED, 0x69CD, 
	0x69AD, 0x61AD, 0x61CC, 0x61CD, 0x61CD, 0x61CD, 0x61CD, 0x61CC, 0x61AC, 0x618C, 0x61AC, 0x61AC, 0x61AC, 0x61AC, 0x61AC, 0x598C, 
	0x598C, 0x598C, 0x59AC, 0x598C, 0x598B, 0x598C, 0x598B, 0x598B, 0x598C, 0x518B, 0x598B, 0x598B, 0x518B, 0x516B, 0x516B, 0x518B, 
	0x414A, 0x414A, 0x414A, 0x414A, 0x414A, 0x414A, 0x414A, 0x414A, 0x416A, 0x59ED, 0xBD7A, 0x93F5, 0x412A, 0x414A, 0x414A, 0x414A, 
	0x414A, 0x414A, 0x414A, 0x414A, 0x414A, 0x414A, 0x414A, 0x496A, 0x414A, 0x414A, 0x414A, 0x414A, 0x496A, 0x496B, 0x494A, 0x496B, 
	0x496A, 0x496B, 0x496B, 0x496A, 0x494A, 0x494A, 0x496A, 0x496B, 0x496B, 0x496B, 0x494A, 0x496B, 0x496B, 0x496B, 0x496B, 0x496A, 
	0x496B, 0x496B, 0x496B, 0x496B, 0x496B, 0x496B, 0x496B, 0x518B, 0x518B, 0x496B, 0x496B, 0x516B, 0x516B, 0x516B, 0x518B, 0x518B, 
	0x518C, 0x518C, 0x51AC, 0x518C, 0x518C, 0x518C, 0x518C, 0x59AD, 0x59AC, 0x59AD, 0x59AC, 0x598C, 0x59AD, 0x59AC, 0x59AD, 0x59AC, 
	0x61CD, 0x61CD, 0x61AD, 0x61CD, 0x598D, 0x61AD, 0x61CD, 0x61AD, 0x61CD, 0x61EE, 0x61CD, 0x61CD, 0x61CD, 0x61CD, 0x61CD, 0x61CD, 
	0x61CE, 0x69CE, 0x69CE, 0x69CE, 0x69CE, 0x61CE, 0x61CE, 0x69CE, 0x69EE, 0x69CE, 0x61AD, 0x69CE, 0x69AD, 0x61AD, 0x69CE, 0x69CE, 
	0x69EE, 0x69CE, 0x69CE, 0x69CE, 0x69CE, 0x69EE, 0x69CE, 0x69CE, 0x69CE, 0x69CE, 0x69CE, 0x69CE, 0x69EE, 0x69EE, 0x69CE, 0x69CE, 
	0x71EE, 0x69EE, 0x69EE, 0x69CE, 0x69CE, 0x69EE, 0x69EE, 0x69EE, 0x69EE, 0x720F, 0x69EF, 0x720F, 0x69EE, 0x720F, 0x71EF, 0x720F, 
	0x69EF, 0x69EF, 0x720F, 0x69EF, 0x71EE, 0x69EE, 0x71EE, 0x720F, 0x71EF, 0x71EF, 0x720F, 0x71EF, 0x720F, 0x720F, 0x720F, 0x71EF, 
	0x71EF, 0x7A0F, 0x720F, 0x71EE, 0x720E, 0x71EE, 0x720F, 0x71EF, 0x71EF, 0x71EF, 0x71EE, 0x71EF, 0x7A10, 0x71EF, 0x71EF, 0x7A0F, 
	0x7A0F, 0x7A0F, 0x720F, 0x7A0F, 0x7A2F, 0x7A0F, 0x7A0F, 0x7A10, 0x8250, 0x8230, 0x8250, 0x8250, 0x8230, 0x8230, 0x8230, 0x8A30, 
	0x8A30, 0x8A30, 0x9231, 0x9230, 0x9251, 0x9251, 0x9231, 0x9A71, 0x9A51, 0x9A31, 0x9A51, 0x9A51, 0x9A51, 0x9A31, 0xA271, 0x9A71, 
	0x9A51, 0x9A51, 0xA271, 0x9A51, 0x9A51, 0x9A71, 0x9A51, 0x9A51, 0x9A51, 0x9A30, 0x9230, 0x9230, 0x8A30, 0x9270, 0x9250, 0x9250, 
	0x9230, 0x8A30, 0x9250, 0x8A30, 0x8A30, 0x8A30, 0x8A30, 0x8230, 0x8230, 0x8230, 0x820F, 0x81EF, 0x820F, 0x8A30, 0x820F, 0x820F, 
	0x820F, 0x820F, 0x820F, 0x820F, 0x8250, 0x92B3, 0x8251, 0x7A0F, 0x7A0F, 0x7A0F, 0x8230, 0x822F, 0x7A0F, 0x820F, 0x820F, 0x8A30, 
	0x8A50, 0x79EF, 0x79EF, 0x79EF, 0x7A30, 0x8250, 0x720F, 0x71EE, 0x71EE, 0x71EE, 0x720F, 0x71EE, 0x69EE, 0x71EE, 0x69EE, 0x71ED, 
	0x71EE, 0x69CD, 0x69EE, 0x71EE, 0x71CE, 0x71EE, 0x71EE, 0x69CD, 0x69CD, 0x69CD, 0x69CD, 0x69CD, 0x69CD, 0x69ED, 0x69ED, 0x69CD, 
	0x69CD, 0x69CD, 0x61CD, 0x69CD, 0x61CD, 0x61AC, 0x61CD, 0x61AD, 0x61CD, 0x61AC, 0x61AC, 0x61AC, 0x61AC, 0x61AC, 0x61AC, 0x618C, 
	0x618C, 0x61AC, 0x61AC, 0x598C, 0x59AC, 0x59AC, 0x598B, 0x598B, 0x598C, 0x598B, 0x59AC, 0x598B, 0x598B, 0x59AC, 0x598B, 0x598B, 
	0x414A, 0x414A, 0x414A, 0x414A, 0x414A, 0x414A, 0x496A, 0x414A, 0x414A, 0x51CC, 0x8B94, 0x72D0, 0x414A, 0x496B, 0x414A, 0x494A, 
	0x494A, 0x414A, 0x414A, 0x414A, 0x414A, 0x414A, 0x496B, 0x414A, 0x496B, 0x496B, 0x494A, 0x494A, 0x494A, 0x494A, 0x494A, 0x496B, 
	0x414A, 0x494A, 0x496A, 0x496B, 0x496B, 0x496A, 0x498B, 0x496B, 0x496B, 0x494A, 0x496B, 0x496B, 0x496B, 0x496B, 0x496B, 0x496B, 
	0x498B, 0x518C, 0x496B, 0x496B, 0x496B, 0x496B, 0x496B, 0x496B, 0x518B, 0x496B, 0x516B, 0x518C, 0x518C, 0x518C, 0x518B, 0x518C, 
	0x51AC, 0x518B, 0x518B, 0x518C, 0x518C, 0x518C, 0x59AC, 0x59AC, 0x59AC, 0x61CD, 0x59AD, 0x598C, 0x59AD, 0x59AC, 0x61CD, 0x61AD, 
	0x61AD, 0x59AD, 0x598D, 0x61AD, 0x59AD, 0x61CD, 0x61CD, 0x61CD, 0x61CD, 0x61CE, 0x61AD, 0x61AD, 0x61CD, 0x61CD, 0x61CE, 0x61CD, 
	0x69EE, 0x69EF, 0x69EE, 0x69CE, 0x69CE, 0x69CE, 0x6A0E, 0x71EF, 0x69CE, 0x69CE, 0x69CE, 0x69CE, 0x61AD, 0x69CE, 0x69EE, 0x69CE, 
	0x69CE, 0x69CE, 0x69EE, 0x720F, 0x71EF, 0x69CE, 0x69CE, 0x69EE, 0x69CE, 0x69CE, 0x69EE, 0x71EE, 0x71EE, 0x71EF, 0x69EE, 0x69CE, 
	0x71EE, 0x69EE, 0x69EE, 0x69EE, 0x69EE, 0x69CE, 0x71EE, 0x720F, 0x71EF, 0x720F, 0x69EE, 0x71EF, 0x720F, 0x720F, 0x720F, 0x720F, 
	0x69EE, 0x720F, 0x720F, 0x720F, 0x69EE, 0x71EE, 0x722F, 0x7A2F, 0x71EF, 0x71EF, 0x720F, 0x720F, 0x720F, 0x720F, 0x7A2F, 0x71EF, 
	0x7A0F, 0x7A30, 0x7A0F, 0x71EF, 0x720F, 0x71EF, 0x720F, 0x720F, 0x71EF, 0x7A0F, 0x71CF, 0x71EF, 0x8230, 0x7A30, 0x7A0F, 0x7A0F, 
	0x7A0F, 0x7A0F, 0x7A0F, 0x7A30, 0x7A0F, 0x7A30, 0x7A30, 0x8230, 0x8250, 0x8230, 0x8250, 0x8230, 0x8230, 0x8A51, 0x8A51, 0x8A50, 
	0x8A30, 0x8A51, 0x9251, 0x9231, 0x9251, 0x9251, 0x9A71, 0x9A51, 0x9A51, 0x9A31, 0x9A51, 0x9A52, 0x9A31, 0x9A10, 0xA271, 0x9A51, 
	0x9A51, 0x9A51, 0x9A51, 0x9A31, 0x9A31, 0x9A71, 0x9A71, 0x9A51, 0x9A51, 0x9230, 0x9230, 0x9230, 0x9250, 0x8A50, 0x8A2F, 0x8A30, 
	0x8A10, 0x8A10, 0x9250, 0x8A30, 0x8A10, 0x8A0F, 0x8A50, 0x8A50, 0x822F, 0x8230, 0x8230, 0x8A30, 0x8A30, 0x8230, 0x820F, 0x820F, 
	0x8230, 0x820F, 0x7A0F, 0x820F, 0x820F, 0x820F, 0x8230, 0x8230, 0x7A0F, 0x7A0F, 0x822F, 0x8270, 0x820F, 0x820F, 0x822F, 0x820F, 
	0x7A0F, 0x7A0F, 0x7A0F, 0x79EF, 0x79EE, 0x7A0F, 0x7A0F, 0x7A0F, 0x71EE, 0x71EE, 0x71EE, 0x69EE, 0x71EE, 0x720E, 0x8AB2, 0x7A50, 
	0x71EE, 0x71EE, 0x71EE, 0x720E, 0x71EE, 0x69ED, 0x71EE, 0x71EE, 0x69CE, 0x69EE, 0x69EE, 0x69CD, 0x69CD, 0x69ED, 0x69CD, 0x69CD, 
	0x69EE, 0x69CD, 0x61CD, 0x61CD, 0x61AD, 0x61AD, 0x61CD, 0x61CD, 0x61AC, 0x61CD, 0x61CD, 0x61AC, 0x61AC, 0x61AC, 0x61AC, 0x618C, 
	0x598C, 0x59AC, 0x59AC, 0x59AC, 0x59AB, 0x59AB, 0x59AC, 0x598B, 0x59AC, 0x598B, 0x598C, 0x598C, 0x59AC, 0x59AB, 0x516B, 0x598B, 
	0x496A, 0x414A, 0x414A, 0x414A, 0x416A, 0x496B, 0x496B, 0x496B, 0x496A, 0x496B, 0x414A, 0x414A, 0x496B, 0x496B, 0x414A, 0x414A, 
	0x496B, 0x496B, 0x414A, 0x416A, 0x414A, 0x494A, 0x494A, 0x494A, 0x496A, 0x494A, 0x496B, 0x494A, 0x496A, 0x496A, 0x494A, 0x494B, 
	0x496B, 0x496B, 0x496A, 0x496B, 0x496B, 0x496B, 0x496B, 0x496B, 0x496B, 0x496B, 0x496B, 0x496B, 0x496B, 0x496B, 0x496B, 0x494A, 
	0x498B, 0x518C, 0x496B, 0x496B, 0x496B, 0x518B, 0x518C, 0x518B, 0x516B, 0x516B, 0x518C, 0x518B, 0x516B, 0x518C, 0x518B, 0x518B, 
	0x59AC, 0x518C, 0x518C, 0x51AC, 0x59AC, 0x59AC, 0x59CC, 0x59AC, 0x598C, 0x598C, 0x598C, 0x598D, 0x61AD, 0x61AD, 0x61AD, 0x61AD, 
	0x598D, 0x59AD, 0x61AD, 0x61AD, 0x61AD, 0x61AD, 0x61CD, 0x61CE, 0x61CE, 0x61AD, 0x61CD, 0x61CE, 0x61CD, 0x61CE, 0x61CD, 0x61CE, 
	0x69CE, 0x69EE, 0x69EE, 0x69EE, 0x69EE, 0x69EE, 0x7230, 0x720F, 0x69CE, 0x69CE, 0x69CE, 0x69EE, 0x69CE, 0x61CE, 0x69CE, 0x71EF, 
	0x71EE, 0x69CE, 0x69EE, 0x720F, 0x71EF, 0x69CE, 0x69CE, 0x69EE, 0x69CE, 0x69CE, 0x69CE, 0x71CE, 0x69CE, 0x71EE, 0x71EE, 0x69EE, 
	0x69EE, 0x69EE, 0x71EF, 0x69CE, 0x69EE, 0x69EE, 0x69EE, 0x71EF, 0x71EF, 0x71EF, 0x720F, 0x71EF, 0x720F, 0x71EE, 0x720F, 0x720F, 
	0x720F, 0x720F, 0x720F, 0x722F, 0x720F, 0x720F, 0x7A2F, 0x7A2F, 0x720F, 0x720F, 0x71EF, 0x720F, 0x7A0F, 0x7A0F, 0x7A10, 0x7A0F, 
	0x7A0F, 0x7A0F, 0x7A10, 0x720F, 0x71EF, 0x71EF, 0x71EF, 0x7A0F, 0x7A0F, 0x7A0F, 0x7A0F, 0x7A0F, 0x7A30, 0x8230, 0x7A10, 0x79EF, 
	0x7A0F, 0x7A0F, 0x7A0F, 0x7A10, 0x7A30, 0x7A30, 0x8230, 0x8230, 0x8250, 0x8230, 0x8250, 0x8230, 0x8251, 0x8A71, 0x8A51, 0x8A51, 
	0x8A51, 0x8A51, 0x9271, 0x9251, 0x9251, 0xA292, 0xA2B2, 0x9A51, 0x9A51, 0x9A31, 0x9A52, 0xA272, 0xA251, 0x9A31, 0xA251, 0xA251, 
	0x9A51, 0x9A51, 0x9A51, 0x9A31, 0x9A51, 0xA271, 0x9A51, 0x9A31, 0x9231, 0x9251, 0x9230, 0x8A30, 0x8A30, 0x8A50, 0x8A50, 0x8A30, 
	0x8A30, 0x8A30, 0x8A30, 0x8A50, 0x8A50, 0x8A30, 0x8A30, 0x8A50, 0x8A30, 0x8A50, 0x8A30, 0x8A10, 0x8A30, 0x820F, 0x8A30, 0x8210, 
	0x8230, 0x8210, 0x8230, 0x820F, 0x7A0F, 0x8230, 0x820F, 0x7A0F, 0x7A0F, 0x8230, 0x820F, 0x822F, 0x7A0F, 0x820F, 0x822F, 0x822F, 
	0x79EF, 0x7A0F, 0x7A0F, 0x7A0F, 0x79EE, 0x7A0F, 0x7A0F, 0x720E, 0x71EE, 0x720F, 0x7A0F, 0x71EE, 0x720E, 0x720F, 0x9B56, 0x8AB2, 
	0x71EE, 0x720E, 0x720F, 0x720F, 0x71EE, 0x69CD, 0x69EE, 0x71EE, 0x71EE, 0x71EE, 0x720E, 0x69CE, 0x69EE, 0x71EE, 0x720E, 0x69EE, 
	0x69EE, 0x69CE, 0x61CD, 0x61CD, 0x61AD, 0x61AD, 0x61AD, 0x69CD, 0x61AC, 0x61AD, 0x61CD, 0x61AC, 0x61AC, 0x61AC, 0x61CD, 0x61AC, 
	0x598C, 0x59AC, 0x59AC, 0x598C, 0x59AC, 0x59AC, 0x598B, 0x598B, 0x61EC, 0x59CC, 0x598C, 0x598C, 0x59AC, 0x598B, 0x598B, 0x598B, 
	0x414A, 0x414A, 0x414A, 0x414A, 0x416A, 0x416A, 0x414A, 0x414A, 0x414A, 0x494A, 0x414A, 0x414A, 0x416A, 0x416B, 0x414A, 0x414A, 
	0x494A, 0x496B, 0x496A, 0x496A, 0x494A, 0x494B, 0x494A, 0x496B, 0x496A, 0x414A, 0x496A, 0x494A, 0x496B, 0x496B, 0x494A, 0x494A, 
	0x496B, 0x496B, 0x496B, 0x496B, 0x496B, 0x496B, 0x496B, 0x496B, 0x496B, 0x496B, 0x496B, 0x496B, 0x496B, 0x496B, 0x496B, 0x496B, 
	0x496B, 0x496B, 0x518B, 0x516B, 0x498B, 0x518C, 0x51AC, 0x518C, 0x518C, 0x518C, 0x518C, 0x518C, 0x518C, 0x518C, 0x516B, 0x518C, 
	0x518B, 0x518B, 0x51AC, 0x518C, 0x518C, 0x598C, 0x59AC, 0x59AD, 0x59AD, 0x598C, 0x598D, 0x61AD, 0x59AD, 0x61AD, 0x598D, 0x61AD, 
	0x61AD, 0x61AD, 0x61CD, 0x61AD, 0x61AD, 0x61CD, 0x59AD, 0x61CD, 0x61CE, 0x61EE, 0x61EE, 0x61CD, 0x61CD, 0x61CD, 0x61CD, 0x69EE, 
	0x69CE, 0x61CE, 0x69EE, 0x69EE, 0x61CE, 0x69EE, 0x6A0F, 0x69EE, 0x69CE, 0x69CE, 0x69EE, 0x69EE, 0x69CE, 0x69EE, 0x69EE, 0x720F, 
	0x71EE, 0x69CE, 0x69CE, 0x69EF, 0x69CF, 0x71EF, 0x71EE, 0x69CE, 0x69CE, 0x71EF, 0x71CE, 0x71EF, 0x71CE, 0x69CE, 0x69EE, 0x71EE, 
	0x69EF, 0x71EF, 0x720F, 0x71EF, 0x720F, 0x71EF, 0x69CE, 0x71EF, 0x71EF, 0x720F, 0x720F, 0x720F, 0x71EF, 0x720F, 0x720F, 0x720F, 
	0x720F, 0x720F, 0x720F, 0x722F, 0x722F, 0x720F, 0x720F, 0x7A0F, 0x7A30, 0x7A0F, 0x7A0F, 0x71EF, 0x7A0F, 0x7A0F, 0x7A0F, 0x79EF, 
	0x7A0F, 0x7A10, 0x7A10, 0x7A0F, 0x720F, 0x720F, 0x720F, 0x7A30, 0x7A0F, 0x7A10, 0x7A30, 0x7A30, 0x79EF, 0x8250, 0x8251, 0x7A10, 
	0x8250, 0x7A30, 0x7A2F, 0x7A30, 0x8250, 0x7A30, 0x8231, 0x8230, 0x8271, 0x8250, 0x8250, 0x8230, 0x8A51, 0x8A71, 0x8A71, 0x8A51, 
	0x8A51, 0x8A51, 0x8A31, 0x9271, 0x9A72, 0xA2B3, 0xA2B3, 0x9A71, 0x9A52, 0xA272, 0xA272, 0xA272, 0xA292, 0xA272, 0xA251, 0xA251, 
	0xA231, 0x9A31, 0x9A51, 0x9A51, 0x9A51, 0xA271, 0x9A51, 0x9A31, 0x9251, 0x9251, 0x9230, 0x8A10, 0x8A30, 0x8A50, 0x8A50, 0x8A2F, 
	0x8A50, 0x8A30, 0x8A50, 0x9270, 0x8A50, 0x8A30, 0x8A10, 0x8A30, 0x8A30, 0x8A30, 0x8A50, 0x8A30, 0x820F, 0x8A30, 0x9272, 0x9A92, 
	0x8A30, 0x820F, 0x8230, 0x820F, 0x8230, 0x8230, 0x820F, 0x8230, 0x822F, 0x8250, 0x8230, 0x820F, 0x79EE, 0x7A0F, 0x7A0F, 0x7A0F, 
	0x79EF, 0x79EF, 0x71EF, 0x7A0F, 0x7A0F, 0x7A0F, 0x7A2F, 0x720E, 0x71EE, 0x720F, 0x7A0F, 0x720F, 0x7A0F, 0x7A2F, 0x722F, 0x722E, 
	0x720F, 0x720F, 0x720F, 0x720E, 0x71EE, 0x71EE, 0x71EE, 0x720E, 0x71EE, 0x69CE, 0x71EE, 0x69EE, 0x71EE, 0x82B1, 0x82B2, 0x720F, 
	0x71EE, 0x69CE, 0x69CD, 0x69AD, 0x69CD, 0x69CD, 0x69CD, 0x69CD, 0x69CD, 0x61AD, 0x61AD, 0x69CD, 0x720F, 0x69CD, 0x61AC, 0x618C, 
	0x61AC, 0x61AC, 0x598C, 0x598C, 0x59AC, 0x59AC, 0x59AC, 0x59AC, 0x620D, 0x61EC, 0x59AC, 0x598C, 0x59AC, 0x598B, 0x59AB, 0x598B, 
};
