
build/141PF.elf:     file format elf32-littlearm


Disassembly of section .boot2:

10000000 <__boot2_start__>:
10000000:	4b32b500 	.word	0x4b32b500
10000004:	60582021 	.word	0x60582021
10000008:	21026898 	.word	0x21026898
1000000c:	60984388 	.word	0x60984388
10000010:	611860d8 	.word	0x611860d8
10000014:	4b2e6158 	.word	0x4b2e6158
10000018:	60992100 	.word	0x60992100
1000001c:	61592102 	.word	0x61592102
10000020:	22f02101 	.word	0x22f02101
10000024:	492b5099 	.word	0x492b5099
10000028:	21016019 	.word	0x21016019
1000002c:	20356099 	.word	0x20356099
10000030:	f844f000 	.word	0xf844f000
10000034:	42902202 	.word	0x42902202
10000038:	2106d014 	.word	0x2106d014
1000003c:	f0006619 	.word	0xf0006619
10000040:	6e19f834 	.word	0x6e19f834
10000044:	66192101 	.word	0x66192101
10000048:	66182000 	.word	0x66182000
1000004c:	f000661a 	.word	0xf000661a
10000050:	6e19f82c 	.word	0x6e19f82c
10000054:	6e196e19 	.word	0x6e196e19
10000058:	f0002005 	.word	0xf0002005
1000005c:	2101f82f 	.word	0x2101f82f
10000060:	d1f94208 	.word	0xd1f94208
10000064:	60992100 	.word	0x60992100
10000068:	6019491b 	.word	0x6019491b
1000006c:	60592100 	.word	0x60592100
10000070:	481b491a 	.word	0x481b491a
10000074:	21016001 	.word	0x21016001
10000078:	21eb6099 	.word	0x21eb6099
1000007c:	21a06619 	.word	0x21a06619
10000080:	f0006619 	.word	0xf0006619
10000084:	2100f812 	.word	0x2100f812
10000088:	49166099 	.word	0x49166099
1000008c:	60014814 	.word	0x60014814
10000090:	60992101 	.word	0x60992101
10000094:	2800bc01 	.word	0x2800bc01
10000098:	4700d000 	.word	0x4700d000
1000009c:	49134812 	.word	0x49134812
100000a0:	c8036008 	.word	0xc8036008
100000a4:	8808f380 	.word	0x8808f380
100000a8:	b5034708 	.word	0xb5034708
100000ac:	20046a99 	.word	0x20046a99
100000b0:	d0fb4201 	.word	0xd0fb4201
100000b4:	42012001 	.word	0x42012001
100000b8:	bd03d1f8 	.word	0xbd03d1f8
100000bc:	6618b502 	.word	0x6618b502
100000c0:	f7ff6618 	.word	0xf7ff6618
100000c4:	6e18fff2 	.word	0x6e18fff2
100000c8:	bd026e18 	.word	0xbd026e18
100000cc:	40020000 	.word	0x40020000
100000d0:	18000000 	.word	0x18000000
100000d4:	00070000 	.word	0x00070000
100000d8:	005f0300 	.word	0x005f0300
100000dc:	00002221 	.word	0x00002221
100000e0:	180000f4 	.word	0x180000f4
100000e4:	a0002022 	.word	0xa0002022
100000e8:	10000100 	.word	0x10000100
100000ec:	e000ed08 	.word	0xe000ed08
	...
100000fc:	7a4eb274 	.word	0x7a4eb274
10000100:	20041000 	.word	0x20041000
10000104:	10000289 	.word	0x10000289
10000108:	10000211 	.word	0x10000211
1000010c:	10000211 	.word	0x10000211
10000110:	10000211 	.word	0x10000211
10000114:	10000211 	.word	0x10000211
10000118:	10000211 	.word	0x10000211
1000011c:	10000211 	.word	0x10000211
10000120:	10000211 	.word	0x10000211
10000124:	10000211 	.word	0x10000211
10000128:	10000211 	.word	0x10000211
1000012c:	10000211 	.word	0x10000211
10000130:	10000211 	.word	0x10000211
10000134:	10000211 	.word	0x10000211
10000138:	10000211 	.word	0x10000211
1000013c:	10000211 	.word	0x10000211
10000140:	10000211 	.word	0x10000211
10000144:	10000211 	.word	0x10000211
10000148:	10000211 	.word	0x10000211
1000014c:	10000211 	.word	0x10000211
10000150:	10000211 	.word	0x10000211
10000154:	10000211 	.word	0x10000211
10000158:	10000211 	.word	0x10000211
1000015c:	10000211 	.word	0x10000211
10000160:	10000211 	.word	0x10000211
10000164:	10000211 	.word	0x10000211
10000168:	10000211 	.word	0x10000211
1000016c:	10000211 	.word	0x10000211
10000170:	10000211 	.word	0x10000211
10000174:	10000211 	.word	0x10000211
10000178:	10000211 	.word	0x10000211
1000017c:	10000211 	.word	0x10000211
10000180:	10000211 	.word	0x10000211
10000184:	10000211 	.word	0x10000211
10000188:	10000211 	.word	0x10000211
1000018c:	10000211 	.word	0x10000211
10000190:	10000211 	.word	0x10000211
10000194:	10000211 	.word	0x10000211
10000198:	10000211 	.word	0x10000211
1000019c:	10000211 	.word	0x10000211
100001a0:	10000211 	.word	0x10000211
100001a4:	10000211 	.word	0x10000211
100001a8:	10000211 	.word	0x10000211
100001ac:	10000211 	.word	0x10000211
100001b0:	10000211 	.word	0x10000211
100001b4:	10000211 	.word	0x10000211
100001b8:	10000211 	.word	0x10000211
100001bc:	10000211 	.word	0x10000211
100001c0:	44415050 	.word	0x44415050
100001c4:	01234567 	.word	0x01234567
100001c8:	89abcdef 	.word	0x89abcdef
100001cc:	20041000 	.word	0x20041000
100001d0:	10000289 	.word	0x10000289
100001d4:	64617070 	.word	0x64617070
100001d8:	7188ebf2 	.word	0x7188ebf2
100001dc:	1000709c 	.word	0x1000709c
100001e0:	1000709c 	.word	0x1000709c
100001e4:	100002d4 	.word	0x100002d4
100001e8:	e71aa390 	.word	0xe71aa390
100001ec:	ffffded3 	.word	0xffffded3
100001f0:	00110142 	.word	0x00110142
100001f4:	00000248 	.word	0x00000248
100001f8:	00010000 	.word	0x00010000
100001fc:	00000203 	.word	0x00000203
10000200:	10000100 	.word	0x10000100
10000204:	000005ff 	.word	0x000005ff
10000208:	00000000 	.word	0x00000000
1000020c:	ab123579 	.word	0xab123579
10000210:	b671b672 	.word	0xb671b672
10000214:	8f6ff3bf 	.word	0x8f6ff3bf
10000218:	f3efb08c 	.word	0xf3efb08c
1000021c:	b2c08005 	.word	0xb2c08005
10000220:	90003810 	.word	0x90003810
10000224:	95029401 	.word	0x95029401
10000228:	97049603 	.word	0x97049603
1000022c:	90054640 	.word	0x90054640
10000230:	90064648 	.word	0x90064648
10000234:	90074650 	.word	0x90074650
10000238:	90084658 	.word	0x90084658
1000023c:	30604668 	.word	0x30604668
10000240:	f3ef9009 	.word	0xf3ef9009
10000244:	900a8014 	.word	0x900a8014
10000248:	4b0a4668 	.word	0x4b0a4668
1000024c:	4b0a4798 	.word	0x4b0a4798
10000250:	601a2256 	.word	0x601a2256
10000254:	4b0960da 	.word	0x4b0960da
10000258:	601a2205 	.word	0x601a2205
1000025c:	4b08619a 	.word	0x4b08619a
10000260:	00d22201 	.word	0x00d22201
10000264:	05923201 	.word	0x05923201
10000268:	601a609a 	.word	0x601a609a
1000026c:	39014905 	.word	0x39014905
10000270:	e7fad1fd 	.word	0xe7fad1fd
10000274:	10000c55 	.word	0x10000c55
10000278:	4001c05c 	.word	0x4001c05c
1000027c:	400140b4 	.word	0x400140b4
10000280:	d000001c 	.word	0xd000001c
10000284:	002dc6c0 	.word	0x002dc6c0
10000288:	f380481b 	.word	0xf380481b
1000028c:	481b8808 	.word	0x481b8808
10000290:	6008491b 	.word	0x6008491b
10000294:	6800481b 	.word	0x6800481b
10000298:	d1132800 	.word	0xd1132800
1000029c:	4a1b491a 	.word	0x4a1b491a
100002a0:	e0014b1b 	.word	0xe0014b1b
100002a4:	c201c901 	.word	0xc201c901
100002a8:	d3fb429a 	.word	0xd3fb429a
100002ac:	4a1a4919 	.word	0x4a1a4919
100002b0:	e0002000 	.word	0xe0002000
100002b4:	4291c101 	.word	0x4291c101
100002b8:	4918d1fc 	.word	0x4918d1fc
100002bc:	49184788 	.word	0x49184788
100002c0:	e7fe4788 	.word	0xe7fe4788
100002c4:	490eb672 	.word	0x490eb672
100002c8:	60082000 	.word	0x60082000
100002cc:	f381c806 	.word	0xf381c806
100002d0:	47108808 	.word	0x47108808
100002d4:	1000709c 	.word	0x1000709c
100002d8:	20000000 	.word	0x20000000
100002dc:	2000029c 	.word	0x2000029c
100002e0:	00000000 	.word	0x00000000
100002e4:	4906480f 	.word	0x4906480f
100002e8:	c8036008 	.word	0xc8036008
100002ec:	8808f380 	.word	0x8808f380
100002f0:	480d4708 	.word	0x480d4708
100002f4:	47003001 	.word	0x47003001
100002f8:	20041000 	.word	0x20041000
100002fc:	10000100 	.word	0x10000100
10000300:	e000ed08 	.word	0xe000ed08
10000304:	d0000000 	.word	0xd0000000
10000308:	1000709c 	.word	0x1000709c
1000030c:	20000000 	.word	0x20000000
10000310:	2000029c 	.word	0x2000029c
10000314:	20000600 	.word	0x20000600
10000318:	20039344 	.word	0x20039344
1000031c:	100015d5 	.word	0x100015d5
10000320:	10004f0d 	.word	0x10004f0d
10000324:	10008000 	.word	0x10008000
10000328:	20000000 	.word	0x20000000
1000032c:	00000000 	.word	0x00000000
10000330:	f3ef4a07 	.word	0xf3ef4a07
10000334:	b6728c10 	.word	0xb6728c10
10000338:	66d16690 	.word	0x66d16690
1000033c:	e7ffe7ff 	.word	0xe7ffe7ff
10000340:	e7ffe7ff 	.word	0xe7ffe7ff
10000344:	6f106f51 	.word	0x6f106f51
10000348:	8810f38c 	.word	0x8810f38c
1000034c:	00004770 	.word	0x00004770
10000350:	d0000000 	.word	0xd0000000
10000354:	f3ef4a07 	.word	0xf3ef4a07
10000358:	b6728c10 	.word	0xb6728c10
1000035c:	66516610 	.word	0x66516610
10000360:	e7ffe7ff 	.word	0xe7ffe7ff
10000364:	e7ffe7ff 	.word	0xe7ffe7ff
10000368:	6f106f51 	.word	0x6f106f51
1000036c:	8810f38c 	.word	0x8810f38c
10000370:	00004770 	.word	0x00004770
10000374:	d0000000 	.word	0xd0000000
10000378:	d1182900 	.word	0xd1182900
1000037c:	d1112b00 	.word	0xd1112b00
10000380:	f3efb410 	.word	0xf3efb410
10000384:	b6728c10 	.word	0xb6728c10
10000388:	66204c2c 	.word	0x66204c2c
1000038c:	21006662 	.word	0x21006662
10000390:	e7ff2300 	.word	0xe7ff2300
10000394:	e7ffe7ff 	.word	0xe7ffe7ff
10000398:	6f206f62 	.word	0x6f206f62
1000039c:	8810f38c 	.word	0x8810f38c
100003a0:	4770bc10 	.word	0x4770bc10
100003a4:	460b4602 	.word	0x460b4602
100003a8:	21002000 	.word	0x21002000
100003ac:	2b004770 	.word	0x2b004770
100003b0:	0c13d129 	.word	0x0c13d129
100003b4:	f3efd126 	.word	0xf3efd126
100003b8:	b6728c10 	.word	0xb6728c10
100003bc:	66194b1f 	.word	0x66194b1f
100003c0:	e7ff665a 	.word	0xe7ff665a
100003c4:	b430e7ff 	.word	0xb430e7ff
100003c8:	6f5a0c04 	.word	0x6f5a0c04
100003cc:	04126f19 	.word	0x04126f19
100003d0:	661a4322 	.word	0x661a4322
100003d4:	e7ffe7ff 	.word	0xe7ffe7ff
100003d8:	46c0e7ff 	.word	0x46c0e7ff
100003dc:	6f5ab284 	.word	0x6f5ab284
100003e0:	04126f1d 	.word	0x04126f1d
100003e4:	661a4322 	.word	0x661a4322
100003e8:	e7ffe7ff 	.word	0xe7ffe7ff
100003ec:	042ce7ff 	.word	0x042ce7ff
100003f0:	6f5a0c2d 	.word	0x6f5a0c2d
100003f4:	19006f18 	.word	0x19006f18
100003f8:	23004169 	.word	0x23004169
100003fc:	8810f38c 	.word	0x8810f38c
10000400:	4770bc30 	.word	0x4770bc30
10000404:	b4702300 	.word	0xb4702300
10000408:	25002400 	.word	0x25002400
1000040c:	42762601 	.word	0x42762601
10000410:	264046b4 	.word	0x264046b4
10000414:	41491800 	.word	0x41491800
10000418:	416d4164 	.word	0x416d4164
1000041c:	419d1aa4 	.word	0x419d1aa4
10000420:	18a4d202 	.word	0x18a4d202
10000424:	3500415d 	.word	0x3500415d
10000428:	41494140 	.word	0x41494140
1000042c:	42364466 	.word	0x42364466
10000430:	0022d1f2 	.word	0x0022d1f2
10000434:	bc70002b 	.word	0xbc70002b
10000438:	00004770 	.word	0x00004770
1000043c:	d0000000 	.word	0xd0000000
10000440:	40414048 	.word	0x40414048
10000444:	4b014048 	.word	0x4b014048
10000448:	4718681b 	.word	0x4718681b
1000044c:	200364f8 	.word	0x200364f8
10000450:	681b4b01 	.word	0x681b4b01
10000454:	00004718 	.word	0x00004718
10000458:	200364e0 	.word	0x200364e0
1000045c:	f000b510 	.word	0xf000b510
10000460:	201dfe3b 	.word	0x201dfe3b
10000464:	fc92f000 	.word	0xfc92f000
10000468:	0000bd10 	.word	0x0000bd10
1000046c:	24d0b570 	.word	0x24d0b570
10000470:	21052580 	.word	0x21052580
10000474:	062404ad 	.word	0x062404ad
10000478:	f0002019 	.word	0xf0002019
1000047c:	6265fc6f 	.word	0x6265fc6f
10000480:	61652014 	.word	0x61652014
10000484:	f804f001 	.word	0xf804f001
10000488:	681a4b09 	.word	0x681a4b09
1000048c:	019b23c0 	.word	0x019b23c0
10000490:	22e04053 	.word	0x22e04053
10000494:	401301d2 	.word	0x401301d2
10000498:	60134a06 	.word	0x60134a06
1000049c:	f9a8f000 	.word	0xf9a8f000
100004a0:	4a052303 	.word	0x4a052303
100004a4:	89104343 	.word	0x89104343
100004a8:	181861a5 	.word	0x181861a5
100004ac:	46c0bd70 	.word	0x46c0bd70
100004b0:	4004c000 	.word	0x4004c000
100004b4:	4004d000 	.word	0x4004d000
100004b8:	20000634 	.word	0x20000634
100004bc:	201db510 	.word	0x201db510
100004c0:	fcd6f000 	.word	0xfcd6f000
100004c4:	4b012201 	.word	0x4b012201
100004c8:	bd10601a 	.word	0xbd10601a
100004cc:	4004f000 	.word	0x4004f000
100004d0:	2780b5f8 	.word	0x2780b5f8
100004d4:	26082500 	.word	0x26082500
100004d8:	4b0d017f 	.word	0x4b0d017f
100004dc:	00205d5c 	.word	0x00205d5c
100004e0:	fccaf000 	.word	0xfccaf000
100004e4:	4b0b220c 	.word	0x4b0b220c
100004e8:	00a418e4 	.word	0x00a418e4
100004ec:	433c6823 	.word	0x433c6823
100004f0:	40134073 	.word	0x40134073
100004f4:	23006023 	.word	0x23006023
100004f8:	55534a07 	.word	0x55534a07
100004fc:	2d083501 	.word	0x2d083501
10000500:	4a06d1eb 	.word	0x4a06d1eb
10000504:	4a067013 	.word	0x4a067013
10000508:	4a067013 	.word	0x4a067013
1000050c:	bdf87013 	.word	0xbdf87013
10000510:	10005688 	.word	0x10005688
10000514:	10007001 	.word	0x10007001
10000518:	20038e39 	.word	0x20038e39
1000051c:	20038e42 	.word	0x20038e42
10000520:	20038e43 	.word	0x20038e43
10000524:	20038e41 	.word	0x20038e41
10000528:	2400b510 	.word	0x2400b510
1000052c:	5d184b03 	.word	0x5d184b03
10000530:	f0003401 	.word	0xf0003401
10000534:	2c08fc6d 	.word	0x2c08fc6d
10000538:	bd10d1f8 	.word	0xbd10d1f8
1000053c:	10005688 	.word	0x10005688
10000540:	4a09b510 	.word	0x4a09b510
10000544:	b2d97813 	.word	0xb2d97813
10000548:	b2db3301 	.word	0xb2db3301
1000054c:	d9002b0f 	.word	0xd9002b0f
10000550:	f3bf2300 	.word	0xf3bf2300
10000554:	4c058f5f 	.word	0x4c058f5f
10000558:	429c7824 	.word	0x429c7824
1000055c:	4c04d002 	.word	0x4c04d002
10000560:	54607013 	.word	0x54607013
10000564:	46c0bd10 	.word	0x46c0bd10
10000568:	20038e43 	.word	0x20038e43
1000056c:	20038e41 	.word	0x20038e41
10000570:	20038e29 	.word	0x20038e29
10000574:	4b1fb5f7 	.word	0x4b1fb5f7
10000578:	6a9b2401 	.word	0x6a9b2401
1000057c:	0a9b4e1e 	.word	0x0a9b4e1e
10000580:	466b9301 	.word	0x466b9301
10000584:	889f4d1d 	.word	0x889f4d1d
10000588:	491d23d0 	.word	0x491d23d0
1000058c:	5d09061b 	.word	0x5d09061b
10000590:	2001685b 	.word	0x2001685b
10000594:	1e6240cb 	.word	0x1e6240cb
10000598:	4203491a 	.word	0x4203491a
1000059c:	5c8bd119 	.word	0x5c8bd119
100005a0:	d10e2b00 	.word	0xd10e2b00
100005a4:	332d003b 	.word	0x332d003b
100005a8:	802b33ff 	.word	0x802b33ff
100005ac:	b2e05488 	.word	0xb2e05488
100005b0:	ffc6f7ff 	.word	0xffc6f7ff
100005b4:	34018037 	.word	0x34018037
100005b8:	35023602 	.word	0x35023602
100005bc:	d1e32c09 	.word	0xd1e32c09
100005c0:	466bbdf7 	.word	0x466bbdf7
100005c4:	889b882a 	.word	0x889b882a
100005c8:	2b631a9b 	.word	0x2b631a9b
100005cc:	802fddf2 	.word	0x802fddf2
100005d0:	5c8be7ed 	.word	0x5c8be7ed
100005d4:	d0ee2b00 	.word	0xd0ee2b00
100005d8:	1afb8833 	.word	0x1afb8833
100005dc:	2b31b21b 	.word	0x2b31b21b
100005e0:	2080dde9 	.word	0x2080dde9
100005e4:	42402300 	.word	0x42402300
100005e8:	b2c04320 	.word	0xb2c04320
100005ec:	f7ff548b 	.word	0xf7ff548b
100005f0:	e7e0ffa7 	.word	0xe7e0ffa7
100005f4:	40054000 	.word	0x40054000
100005f8:	200365e6 	.word	0x200365e6
100005fc:	200365d6 	.word	0x200365d6
10000600:	10005687 	.word	0x10005687
10000604:	20038e39 	.word	0x20038e39
10000608:	78184b0c 	.word	0x78184b0c
1000060c:	d0022800 	.word	0xd0022800
10000610:	701a2200 	.word	0x701a2200
10000614:	4a0a4770 	.word	0x4a0a4770
10000618:	b2db7813 	.word	0xb2db7813
1000061c:	8f5ff3bf 	.word	0x8f5ff3bf
10000620:	78094908 	.word	0x78094908
10000624:	d0f5428b 	.word	0xd0f5428b
10000628:	5cc94907 	.word	0x5cc94907
1000062c:	b2db3301 	.word	0xb2db3301
10000630:	d8002b0f 	.word	0xd8002b0f
10000634:	70100018 	.word	0x70100018
10000638:	e7eb0008 	.word	0xe7eb0008
1000063c:	20038e42 	.word	0x20038e42
10000640:	20038e41 	.word	0x20038e41
10000644:	20038e43 	.word	0x20038e43
10000648:	20038e29 	.word	0x20038e29
1000064c:	f7ffb510 	.word	0xf7ffb510
10000650:	b243ffdb 	.word	0xb243ffdb
10000654:	dbfa2b00 	.word	0xdbfa2b00
10000658:	0000bd10 	.word	0x0000bd10
1000065c:	4a054b04 	.word	0x4a054b04
10000660:	b2db781b 	.word	0xb2db781b
10000664:	22007013 	.word	0x22007013
10000668:	701a4b03 	.word	0x701a4b03
1000066c:	46c04770 	.word	0x46c04770
10000670:	20038e43 	.word	0x20038e43
10000674:	20038e41 	.word	0x20038e41
10000678:	20038e42 	.word	0x20038e42
1000067c:	4a052300 	.word	0x4a052300
10000680:	29005cd1 	.word	0x29005cd1
10000684:	3301d104 	.word	0x3301d104
10000688:	d1f92b08 	.word	0xd1f92b08
1000068c:	47702001 	.word	0x47702001
10000690:	e7fc2000 	.word	0xe7fc2000
10000694:	20038e39 	.word	0x20038e39
10000698:	f7ffb510 	.word	0xf7ffb510
1000069c:	2800ffef 	.word	0x2800ffef
100006a0:	bd10d0fb 	.word	0xbd10d0fb
100006a4:	27d0b5f8 	.word	0x27d0b5f8
100006a8:	26012400 	.word	0x26012400
100006ac:	063f4d11 	.word	0x063f4d11
100006b0:	f0007828 	.word	0xf0007828
100006b4:	0032fbe1 	.word	0x0032fbe1
100006b8:	409a782b 	.word	0x409a782b
100006bc:	4a0e627a 	.word	0x4a0e627a
100006c0:	2a005d12 	.word	0x2a005d12
100006c4:	4a0dd00d 	.word	0x4a0dd00d
100006c8:	189b00db 	.word	0x189b00db
100006cc:	01522280 	.word	0x01522280
100006d0:	431a6819 	.word	0x431a6819
100006d4:	005b2380 	.word	0x005b2380
100006d8:	21c0404b 	.word	0x21c0404b
100006dc:	400b0089 	.word	0x400b0089
100006e0:	b2e06013 	.word	0xb2e06013
100006e4:	ffa8f004 	.word	0xffa8f004
100006e8:	35011c63 	.word	0x35011c63
100006ec:	2b020034 	.word	0x2b020034
100006f0:	bdf8d1de 	.word	0xbdf8d1de
100006f4:	2000026a 	.word	0x2000026a
100006f8:	20000268 	.word	0x20000268
100006fc:	40014004 	.word	0x40014004
10000700:	4c04b510 	.word	0x4c04b510
10000704:	f0007820 	.word	0xf0007820
10000708:	7860fb83 	.word	0x7860fb83
1000070c:	fb80f000 	.word	0xfb80f000
10000710:	46c0bd10 	.word	0x46c0bd10
10000714:	2000026a 	.word	0x2000026a
10000718:	f7ffb510 	.word	0xf7ffb510
1000071c:	2001ffc3 	.word	0x2001ffc3
10000720:	fa0af003 	.word	0xfa0af003
10000724:	fed4f7ff 	.word	0xfed4f7ff
10000728:	fe98f7ff 	.word	0xfe98f7ff
1000072c:	f80ef003 	.word	0xf80ef003
10000730:	b510bd10 	.word	0xb510bd10
10000734:	ffe4f7ff 	.word	0xffe4f7ff
10000738:	fa8af003 	.word	0xfa8af003
1000073c:	fef4f7ff 	.word	0xfef4f7ff
10000740:	febcf7ff 	.word	0xfebcf7ff
10000744:	f84cf003 	.word	0xf84cf003
10000748:	0000bd10 	.word	0x0000bd10
1000074c:	f3efb510 	.word	0xf3efb510
10000750:	b6728410 	.word	0xb6728410
10000754:	061b23d0 	.word	0x061b23d0
10000758:	2b00681b 	.word	0x2b00681b
1000075c:	20fad119 	.word	0x20fad119
10000760:	49104a0f 	.word	0x49104a0f
10000764:	00806813 	.word	0x00806813
10000768:	60133305 	.word	0x60133305
1000076c:	4a0f4b0e 	.word	0x4a0f4b0e
10000770:	b29b6a9b 	.word	0xb29b6a9b
10000774:	880a8013 	.word	0x880a8013
10000778:	b29b1d53 	.word	0xb29b1d53
1000077c:	d3064283 	.word	0xd3064283
10000780:	480c4b0b 	.word	0x480c4b0b
10000784:	b29318d2 	.word	0xb29318d2
10000788:	32016802 	.word	0x32016802
1000078c:	b21b6002 	.word	0xb21b6002
10000790:	f000800b 	.word	0xf000800b
10000794:	f384ff75 	.word	0xf384ff75
10000798:	f7ff8810 	.word	0xf7ff8810
1000079c:	bd10feeb 	.word	0xbd10feeb
100007a0:	200365ac 	.word	0x200365ac
100007a4:	200365d2 	.word	0x200365d2
100007a8:	40054000 	.word	0x40054000
100007ac:	200365f6 	.word	0x200365f6
100007b0:	fffffc1d 	.word	0xfffffc1d
100007b4:	200365b8 	.word	0x200365b8
100007b8:	4b052204 	.word	0x4b052204
100007bc:	4b05601a 	.word	0x4b05601a
100007c0:	681932fc 	.word	0x681932fc
100007c4:	d0fc4211 	.word	0xd0fc4211
100007c8:	05006858 	.word	0x05006858
100007cc:	47700d00 	.word	0x47700d00
100007d0:	4004e000 	.word	0x4004e000
100007d4:	4004c000 	.word	0x4004c000
100007d8:	2510b570 	.word	0x2510b570
100007dc:	f7ff2400 	.word	0xf7ff2400
100007e0:	3d01ffeb 	.word	0x3d01ffeb
100007e4:	b2a41904 	.word	0xb2a41904
100007e8:	d1f82d00 	.word	0xd1f82d00
100007ec:	bd700020 	.word	0xbd700020
100007f0:	f7ffb510 	.word	0xf7ffb510
100007f4:	4b02fff1 	.word	0x4b02fff1
100007f8:	4358895b 	.word	0x4358895b
100007fc:	bd101400 	.word	0xbd101400
10000800:	20000634 	.word	0x20000634
10000804:	b5102314 	.word	0xb5102314
10000808:	88180001 	.word	0x88180001
1000080c:	881b3304 	.word	0x881b3304
10000810:	bd104798 	.word	0xbd104798
10000814:	b5102316 	.word	0xb5102316
10000818:	88180001 	.word	0x88180001
1000081c:	881b3302 	.word	0x881b3302
10000820:	bd104798 	.word	0xbd104798
10000824:	4828b510 	.word	0x4828b510
10000828:	ffecf7ff 	.word	0xffecf7ff
1000082c:	60184b27 	.word	0x60184b27
10000830:	f7ff4827 	.word	0xf7ff4827
10000834:	4b27ffe7 	.word	0x4b27ffe7
10000838:	48276018 	.word	0x48276018
1000083c:	ffe2f7ff 	.word	0xffe2f7ff
10000840:	60184b26 	.word	0x60184b26
10000844:	f7ff4826 	.word	0xf7ff4826
10000848:	4b26ffdd 	.word	0x4b26ffdd
1000084c:	48266018 	.word	0x48266018
10000850:	ffd8f7ff 	.word	0xffd8f7ff
10000854:	60184b25 	.word	0x60184b25
10000858:	f7ff4825 	.word	0xf7ff4825
1000085c:	4b25ffd3 	.word	0x4b25ffd3
10000860:	48256018 	.word	0x48256018
10000864:	ffcef7ff 	.word	0xffcef7ff
10000868:	60184b24 	.word	0x60184b24
1000086c:	f7ff4824 	.word	0xf7ff4824
10000870:	4b24ffc9 	.word	0x4b24ffc9
10000874:	48246018 	.word	0x48246018
10000878:	ffc4f7ff 	.word	0xffc4f7ff
1000087c:	60184b23 	.word	0x60184b23
10000880:	f7ff4823 	.word	0xf7ff4823
10000884:	4b23ffbf 	.word	0x4b23ffbf
10000888:	48236018 	.word	0x48236018
1000088c:	ffbaf7ff 	.word	0xffbaf7ff
10000890:	60184b22 	.word	0x60184b22
10000894:	f7ff4822 	.word	0xf7ff4822
10000898:	4b22ffb5 	.word	0x4b22ffb5
1000089c:	48226018 	.word	0x48226018
100008a0:	ffb0f7ff 	.word	0xffb0f7ff
100008a4:	60184b21 	.word	0x60184b21
100008a8:	f7ff4821 	.word	0xf7ff4821
100008ac:	4b21ffab 	.word	0x4b21ffab
100008b0:	48216018 	.word	0x48216018
100008b4:	ffa6f7ff 	.word	0xffa6f7ff
100008b8:	60184b20 	.word	0x60184b20
100008bc:	f7ff4820 	.word	0xf7ff4820
100008c0:	4b20ffa1 	.word	0x4b20ffa1
100008c4:	bd106018 	.word	0xbd106018
100008c8:	00003350 	.word	0x00003350
100008cc:	200365c8 	.word	0x200365c8
100008d0:	00003352 	.word	0x00003352
100008d4:	200365cc 	.word	0x200365cc
100008d8:	0000334c 	.word	0x0000334c
100008dc:	200365c0 	.word	0x200365c0
100008e0:	00003354 	.word	0x00003354
100008e4:	200365c4 	.word	0x200365c4
100008e8:	0000534d 	.word	0x0000534d
100008ec:	200364f8 	.word	0x200364f8
100008f0:	00003453 	.word	0x00003453
100008f4:	200364fc 	.word	0x200364fc
100008f8:	0000434d 	.word	0x0000434d
100008fc:	200364e0 	.word	0x200364e0
10000900:	00003443 	.word	0x00003443
10000904:	200364e4 	.word	0x200364e4
10000908:	00004255 	.word	0x00004255
1000090c:	20036550 	.word	0x20036550
10000910:	00005657 	.word	0x00005657
10000914:	200365bc 	.word	0x200365bc
10000918:	00004649 	.word	0x00004649
1000091c:	20000970 	.word	0x20000970
10000920:	00005845 	.word	0x00005845
10000924:	20000968 	.word	0x20000968
10000928:	00004552 	.word	0x00004552
1000092c:	20036548 	.word	0x20036548
10000930:	00005052 	.word	0x00005052
10000934:	2003654c 	.word	0x2003654c
10000938:	00004346 	.word	0x00004346
1000093c:	2000096c 	.word	0x2000096c
10000940:	00005843 	.word	0x00005843
10000944:	20000964 	.word	0x20000964
10000948:	0005b5f0 	.word	0x0005b5f0
1000094c:	2000b085 	.word	0x2000b085
10000950:	d8682d09 	.word	0xd8682d09
10000954:	d1024283 	.word	0xd1024283
10000958:	00884b46 	.word	0x00884b46
1000095c:	2a0058c3 	.word	0x2a0058c3
10000960:	2000d063 	.word	0x2000d063
10000964:	d35e4293 	.word	0xd35e4293
10000968:	20001f0e 	.word	0x20001f0e
1000096c:	d85a2e0b 	.word	0xd85a2e0b
10000970:	4c411ee8 	.word	0x4c411ee8
10000974:	dd5a2804 	.word	0xdd5a2804
10000978:	270c2004 	.word	0x270c2004
1000097c:	18204378 	.word	0x18204378
10000980:	20005784 	.word	0x20005784
10000984:	db4e4284 	.word	0xdb4e4284
10000988:	5541483c 	.word	0x5541483c
1000098c:	4021211f 	.word	0x4021211f
10000990:	21009102 	.word	0x21009102
10000994:	06649103 	.word	0x06649103
10000998:	9902d403 	.word	0x9902d403
1000099c:	21019103 	.word	0x21019103
100009a0:	240c9102 	.word	0x240c9102
100009a4:	436c2700 	.word	0x436c2700
100009a8:	08564935 	.word	0x08564935
100009ac:	0e191864 	.word	0x0e191864
100009b0:	9300021b 	.word	0x9300021b
100009b4:	003b9101 	.word	0x003b9101
100009b8:	99019800 	.word	0x99019800
100009bc:	41791980 	.word	0x41791980
100009c0:	fcdaf7ff 	.word	0xfcdaf7ff
100009c4:	00066863 	.word	0x00066863
100009c8:	d2004283 	.word	0xd2004283
100009cc:	23c06060 	.word	0x23c06060
100009d0:	019b1f2f 	.word	0x019b1f2f
100009d4:	2f014323 	.word	0x2f014323
100009d8:	9a02d82d 	.word	0x9a02d82d
100009dc:	d12a2a01 	.word	0xd12a2a01
100009e0:	601a3202 	.word	0x601a3202
100009e4:	68a29b02 	.word	0x68a29b02
100009e8:	d0fc421a 	.word	0xd0fc421a
100009ec:	68219b03 	.word	0x68219b03
100009f0:	404b015b 	.word	0x404b015b
100009f4:	21f02280 	.word	0x21f02280
100009f8:	00490152 	.word	0x00490152
100009fc:	400b4322 	.word	0x400b4322
10000a00:	2f016013 	.word	0x2f016013
10000a04:	9800d928 	.word	0x9800d928
10000a08:	23809901 	.word	0x23809901
10000a0c:	019b2280 	.word	0x019b2280
10000a10:	01124323 	.word	0x01124323
10000a14:	601a6066 	.word	0x601a6066
10000a18:	00322300 	.word	0x00322300
10000a1c:	fcacf7ff 	.word	0xfcacf7ff
10000a20:	00ad4b14 	.word	0x00ad4b14
10000a24:	b00550e8 	.word	0xb00550e8
10000a28:	001abdf0 	.word	0x001abdf0
10000a2c:	43c7e79c 	.word	0x43c7e79c
10000a30:	403817ff 	.word	0x403817ff
10000a34:	2280e7a1 	.word	0x2280e7a1
10000a38:	601a0112 	.word	0x601a0112
10000a3c:	00aa4b0d 	.word	0x00aa4b0d
10000a40:	290058d1 	.word	0x290058d1
10000a44:	6958d0d2 	.word	0x6958d0d2
10000a48:	43582303 	.word	0x43582303
10000a4c:	fc82f7ff 	.word	0xfc82f7ff
10000a50:	38033001 	.word	0x38033001
10000a54:	e7c9d2fd 	.word	0xe7c9d2fd
10000a58:	99026823 	.word	0x99026823
10000a5c:	2103404b 	.word	0x2103404b
10000a60:	6013400b 	.word	0x6013400b
10000a64:	9a022301 	.word	0x9a022301
10000a68:	68a24093 	.word	0x68a24093
10000a6c:	d0fc4213 	.word	0xd0fc4213
10000a70:	46c0e7c9 	.word	0x46c0e7c9
10000a74:	20000658 	.word	0x20000658
10000a78:	10005690 	.word	0x10005690
10000a7c:	200365fb 	.word	0x200365fb
10000a80:	40008000 	.word	0x40008000
10000a84:	b5f023a0 	.word	0xb5f023a0
10000a88:	01812701 	.word	0x01812701
10000a8c:	18cb05db 	.word	0x18cb05db
10000a90:	b085691a 	.word	0xb085691a
10000a94:	9201403a 	.word	0x9201403a
10000a98:	00064a2b 	.word	0x00064a2b
10000a9c:	22c01889 	.word	0x22c01889
10000aa0:	430a0192 	.word	0x430a0192
10000aa4:	691a6017 	.word	0x691a6017
10000aa8:	92006918 	.word	0x92006918
10000aac:	404202f2 	.word	0x404202f2
10000ab0:	20f02580 	.word	0x20f02580
10000ab4:	01c024a0 	.word	0x01c024a0
10000ab8:	4002016d 	.word	0x4002016d
10000abc:	602a430d 	.word	0x602a430d
10000ac0:	05e44a22 	.word	0x05e44a22
10000ac4:	482258a2 	.word	0x482258a2
10000ac8:	403a40f2 	.word	0x403a40f2
10000acc:	003a9202 	.word	0x003a9202
10000ad0:	600240b2 	.word	0x600240b2
10000ad4:	5820481f 	.word	0x5820481f
10000ad8:	4e1f40f0 	.word	0x4e1f40f0
10000adc:	90034038 	.word	0x90034038
10000ae0:	f3ef6032 	.word	0xf3ef6032
10000ae4:	b6728610 	.word	0xb6728610
10000ae8:	8f5ff3bf 	.word	0x8f5ff3bf
10000aec:	51e24f1b 	.word	0x51e24f1b
10000af0:	691f2080 	.word	0x691f2080
10000af4:	42070440 	.word	0x42070440
10000af8:	4f19d1fa 	.word	0x4f19d1fa
10000afc:	4f1951e2 	.word	0x4f1951e2
10000b00:	691c51e2 	.word	0x691c51e2
10000b04:	f3bf611c 	.word	0xf3bf611c
10000b08:	f3868f5f 	.word	0xf3868f5f
10000b0c:	9c028810 	.word	0x9c028810
10000b10:	d0012c00 	.word	0xd0012c00
10000b14:	60224c14 	.word	0x60224c14
10000b18:	28009803 	.word	0x28009803
10000b1c:	4813d001 	.word	0x4813d001
10000b20:	22f06002 	.word	0x22f06002
10000b24:	9b006918 	.word	0x9b006918
10000b28:	401301d2 	.word	0x401301d2
10000b2c:	40134043 	.word	0x40134043
10000b30:	9b01602b 	.word	0x9b01602b
10000b34:	d0042b00 	.word	0xd0042b00
10000b38:	22012380 	.word	0x22012380
10000b3c:	430b019b 	.word	0x430b019b
10000b40:	b005601a 	.word	0xb005601a
10000b44:	46c0bdf0 	.word	0x46c0bdf0
10000b48:	50000010 	.word	0x50000010
10000b4c:	00000404 	.word	0x00000404
10000b50:	50003404 	.word	0x50003404
10000b54:	00000414 	.word	0x00000414
10000b58:	50003414 	.word	0x50003414
10000b5c:	00000444 	.word	0x00000444
10000b60:	0000040c 	.word	0x0000040c
10000b64:	0000041c 	.word	0x0000041c
10000b68:	50002404 	.word	0x50002404
10000b6c:	50002414 	.word	0x50002414
10000b70:	b085b5f0 	.word	0xb085b5f0
10000b74:	23009300 	.word	0x23009300
10000b78:	23a09303 	.word	0x23a09303
10000b7c:	05db0194 	.word	0x05db0194
10000b80:	00100007 	.word	0x00100007
10000b84:	9d0a0016 	.word	0x9d0a0016
10000b88:	18e49101 	.word	0x18e49101
10000b8c:	ff7af7ff 	.word	0xff7af7ff
10000b90:	017b22f0 	.word	0x017b22f0
10000b94:	40130052 	.word	0x40130052
10000b98:	43130072 	.word	0x43130072
10000b9c:	d44c06fa 	.word	0xd44c06fa
10000ba0:	43132201 	.word	0x43132201
10000ba4:	d50206bf 	.word	0xd50206bf
10000ba8:	00d22280 	.word	0x00d22280
10000bac:	4a244313 	.word	0x4a244313
10000bb0:	60134924 	.word	0x60134924
10000bb4:	02f79b01 	.word	0x02f79b01
10000bb8:	9b00600b 	.word	0x9b00600b
10000bbc:	60234694 	.word	0x60234694
10000bc0:	6063ab03 	.word	0x6063ab03
10000bc4:	48202303 	.word	0x48202303
10000bc8:	9a009e00 	.word	0x9a009e00
10000bcc:	401e4338 	.word	0x401e4338
10000bd0:	d00e421a 	.word	0xd00e421a
10000bd4:	dd182d00 	.word	0xdd182d00
10000bd8:	1b9b3301 	.word	0x1b9b3301
10000bdc:	dd0042ab 	.word	0xdd0042ab
10000be0:	1aed002b 	.word	0x1aed002b
10000be4:	60e060a3 	.word	0x60e060a3
10000be8:	045b2380 	.word	0x045b2380
10000bec:	421e6926 	.word	0x421e6926
10000bf0:	10abd1fc 	.word	0x10abd1fc
10000bf4:	dd082d03 	.word	0xdd082d03
10000bf8:	4e1460a3 	.word	0x4e1460a3
10000bfc:	60e6433e 	.word	0x60e6433e
10000c00:	045b2380 	.word	0x045b2380
10000c04:	421e6926 	.word	0x421e6926
10000c08:	2303d1fc 	.word	0x2303d1fc
10000c0c:	401e002e 	.word	0x401e002e
10000c10:	d006421d 	.word	0xd006421d
10000c14:	60e060a6 	.word	0x60e060a6
10000c18:	045b2380 	.word	0x045b2380
10000c1c:	42186920 	.word	0x42186920
10000c20:	23c0d1fc 	.word	0x23c0d1fc
10000c24:	34102001 	.word	0x34102001
10000c28:	4323019b 	.word	0x4323019b
10000c2c:	46626018 	.word	0x46626018
10000c30:	68082300 	.word	0x68082300
10000c34:	b0056013 	.word	0xb0056013
10000c38:	4a05bdf0 	.word	0x4a05bdf0
10000c3c:	46c0e7b1 	.word	0x46c0e7b1
10000c40:	50000434 	.word	0x50000434
10000c44:	50000438 	.word	0x50000438
10000c48:	009f8011 	.word	0x009f8011
10000c4c:	009f8019 	.word	0x009f8019
10000c50:	00000801 	.word	0x00000801
10000c54:	00004770 	.word	0x00004770
10000c58:	b5102080 	.word	0xb5102080
10000c5c:	054021fc 	.word	0x054021fc
10000c60:	fde6f000 	.word	0xfde6f000
10000c64:	681b4b03 	.word	0x681b4b03
10000c68:	42421a18 	.word	0x42421a18
10000c6c:	b2c04150 	.word	0xb2c04150
10000c70:	46c0bd10 	.word	0x46c0bd10
10000c74:	100000fc 	.word	0x100000fc
10000c78:	2400b5f0 	.word	0x2400b5f0
10000c7c:	ab02b08b 	.word	0xab02b08b
10000c80:	220c1c58 	.word	0x220c1c58
10000c84:	f7ff2100 	.word	0xf7ff2100
10000c88:	220dfbde 	.word	0x220dfbde
10000c8c:	a8062100 	.word	0xa8062100
10000c90:	fbd9f7ff 	.word	0xfbd9f7ff
10000c94:	0026234b 	.word	0x0026234b
10000c98:	7013aa02 	.word	0x7013aa02
10000c9c:	220da906 	.word	0x220da906
10000ca0:	f004a802 	.word	0xf004a802
10000ca4:	4f1ffcb9 	.word	0x4f1ffcb9
10000ca8:	ad069401 	.word	0xad069401
10000cac:	795b1973 	.word	0x795b1973
10000cb0:	9a009300 	.word	0x9a009300
10000cb4:	09104b1c 	.word	0x09104b1c
10000cb8:	f000559a 	.word	0xf000559a
10000cbc:	7038feb4 	.word	0x7038feb4
10000cc0:	f0009800 	.word	0xf0009800
10000cc4:	9b01feb0 	.word	0x9b01feb0
10000cc8:	99000e22 	.word	0x99000e22
10000ccc:	0224021b 	.word	0x0224021b
10000cd0:	3601431a 	.word	0x3601431a
10000cd4:	430c7078 	.word	0x430c7078
10000cd8:	37029201 	.word	0x37029201
10000cdc:	d1e42e08 	.word	0xd1e42e08
10000ce0:	601c4b12 	.word	0x601c4b12
10000ce4:	605a2400 	.word	0x605a2400
10000ce8:	00214b0e 	.word	0x00214b0e
10000cec:	ab02741c 	.word	0xab02741c
10000cf0:	1c582203 	.word	0x1c582203
10000cf4:	fba7f7ff 	.word	0xfba7f7ff
10000cf8:	aa02239f 	.word	0xaa02239f
10000cfc:	70130029 	.word	0x70130029
10000d00:	2204a802 	.word	0x2204a802
10000d04:	f0049406 	.word	0xf0049406
10000d08:	786afc87 	.word	0x786afc87
10000d0c:	701a4b08 	.word	0x701a4b08
10000d10:	4b0878aa 	.word	0x4b0878aa
10000d14:	2301701a 	.word	0x2301701a
10000d18:	4a0778e9 	.word	0x4a0778e9
10000d1c:	6013408b 	.word	0x6013408b
10000d20:	bdf0b00b 	.word	0xbdf0b00b
10000d24:	20038e16 	.word	0x20038e16
10000d28:	20038e0e 	.word	0x20038e0e
10000d2c:	20000600 	.word	0x20000600
10000d30:	20038e27 	.word	0x20038e27
10000d34:	20038e28 	.word	0x20038e28
10000d38:	20000974 	.word	0x20000974
10000d3c:	4805b510 	.word	0x4805b510
10000d40:	fd68f7ff 	.word	0xfd68f7ff
10000d44:	00014b04 	.word	0x00014b04
10000d48:	00182254 	.word	0x00182254
10000d4c:	fb80f7ff 	.word	0xfb80f7ff
10000d50:	46c0bd10 	.word	0x46c0bd10
10000d54:	00004653 	.word	0x00004653
10000d58:	20036554 	.word	0x20036554
10000d5c:	00834a09 	.word	0x00834a09
10000d60:	22c0189b 	.word	0x22c0189b
10000d64:	2480b510 	.word	0x2480b510
10000d68:	431a0192 	.word	0x431a0192
10000d6c:	22806014 	.word	0x22806014
10000d70:	43130192 	.word	0x43130192
10000d74:	601a2240 	.word	0x601a2240
10000d78:	18c04b03 	.word	0x18c04b03
10000d7c:	604100c0 	.word	0x604100c0
10000d80:	46c0bd10 	.word	0x46c0bd10
10000d84:	4001c004 	.word	0x4001c004
10000d88:	08002800 	.word	0x08002800
10000d8c:	0004b510 	.word	0x0004b510
10000d90:	f7ff211f 	.word	0xf7ff211f
10000d94:	4b05ffe3 	.word	0x4b05ffe3
10000d98:	18e4220c 	.word	0x18e4220c
10000d9c:	00a423c0 	.word	0x00a423c0
10000da0:	4323019b 	.word	0x4323019b
10000da4:	3234601a 	.word	0x3234601a
10000da8:	bd10601a 	.word	0xbd10601a
10000dac:	10007001 	.word	0x10007001
10000db0:	10c34a04 	.word	0x10c34a04
10000db4:	189b009b 	.word	0x189b009b
10000db8:	40102207 	.word	0x40102207
10000dbc:	40810080 	.word	0x40810080
10000dc0:	47706019 	.word	0x47706019
10000dc4:	400140f0 	.word	0x400140f0
10000dc8:	400b2307 	.word	0x400b2307
10000dcc:	409a009b 	.word	0x409a009b
10000dd0:	43432330 	.word	0x43432330
10000dd4:	008910c9 	.word	0x008910c9
10000dd8:	4b0318c9 	.word	0x4b0318c9
10000ddc:	23c018c9 	.word	0x23c018c9
10000de0:	430b019b 	.word	0x430b019b
10000de4:	4770601a 	.word	0x4770601a
10000de8:	40014100 	.word	0x40014100
10000dec:	400b2307 	.word	0x400b2307
10000df0:	409a009b 	.word	0x409a009b
10000df4:	43432330 	.word	0x43432330
10000df8:	008910c9 	.word	0x008910c9
10000dfc:	4b0318c9 	.word	0x4b0318c9
10000e00:	23c018c9 	.word	0x23c018c9
10000e04:	430b019b 	.word	0x430b019b
10000e08:	4770601a 	.word	0x4770601a
10000e0c:	40014110 	.word	0x40014110
10000e10:	0004b510 	.word	0x0004b510
10000e14:	220f0001 	.word	0x220f0001
10000e18:	f7ff2000 	.word	0xf7ff2000
10000e1c:	0021ffd5 	.word	0x0021ffd5
10000e20:	2001220f 	.word	0x2001220f
10000e24:	ffd0f7ff 	.word	0xffd0f7ff
10000e28:	220f0021 	.word	0x220f0021
10000e2c:	f7ff2000 	.word	0xf7ff2000
10000e30:	220fffdd 	.word	0x220fffdd
10000e34:	20010021 	.word	0x20010021
10000e38:	ffd8f7ff 	.word	0xffd8f7ff
10000e3c:	210f0020 	.word	0x210f0020
10000e40:	ffb6f7ff 	.word	0xffb6f7ff
10000e44:	22d02301 	.word	0x22d02301
10000e48:	061240a3 	.word	0x061240a3
10000e4c:	61936293 	.word	0x61936293
10000e50:	4b052256 	.word	0x4b052256
10000e54:	009b18e3 	.word	0x009b18e3
10000e58:	4b04601a 	.word	0x4b04601a
10000e5c:	231f18e4 	.word	0x231f18e4
10000e60:	606300e4 	.word	0x606300e4
10000e64:	46c0bd10 	.word	0x46c0bd10
10000e68:	10007001 	.word	0x10007001
10000e6c:	08002800 	.word	0x08002800
10000e70:	f7ffb510 	.word	0xf7ffb510
10000e74:	bd10ffcd 	.word	0xbd10ffcd
10000e78:	0004b510 	.word	0x0004b510
10000e7c:	ffc8f7ff 	.word	0xffc8f7ff
10000e80:	22d02301 	.word	0x22d02301
10000e84:	061240a3 	.word	0x061240a3
10000e88:	21056293 	.word	0x21056293
10000e8c:	61930020 	.word	0x61930020
10000e90:	ff64f7ff 	.word	0xff64f7ff
10000e94:	0000bd10 	.word	0x0000bd10
10000e98:	10834a08 	.word	0x10834a08
10000e9c:	189b009b 	.word	0x189b009b
10000ea0:	40102203 	.word	0x40102203
10000ea4:	b5104090 	.word	0xb5104090
10000ea8:	300624ff 	.word	0x300624ff
10000eac:	40814084 	.word	0x40814084
10000eb0:	43a2681a 	.word	0x43a2681a
10000eb4:	601a430a 	.word	0x601a430a
10000eb8:	46c0bd10 	.word	0x46c0bd10
10000ebc:	e000e400 	.word	0xe000e400
10000ec0:	2400b510 	.word	0x2400b510
10000ec4:	21020020 	.word	0x21020020
10000ec8:	f7ff3401 	.word	0xf7ff3401
10000ecc:	2c20ffe5 	.word	0x2c20ffe5
10000ed0:	2280d1f8 	.word	0x2280d1f8
10000ed4:	0612490a 	.word	0x0612490a
10000ed8:	009b680b 	.word	0x009b680b
10000edc:	4313089b 	.word	0x4313089b
10000ee0:	23c0600b 	.word	0x23c0600b
10000ee4:	041b4a07 	.word	0x041b4a07
10000ee8:	430b6811 	.word	0x430b6811
10000eec:	60132180 	.word	0x60132180
10000ef0:	05c96813 	.word	0x05c96813
10000ef4:	089b009b 	.word	0x089b009b
10000ef8:	6013430b 	.word	0x6013430b
10000efc:	46c0bd10 	.word	0x46c0bd10
10000f00:	e000ed1c 	.word	0xe000ed1c
10000f04:	e000ed20 	.word	0xe000ed20
10000f08:	b089b5f0 	.word	0xb089b5f0
10000f0c:	ab0e9307 	.word	0xab0e9307
10000f10:	9206781b 	.word	0x9206781b
10000f14:	23009303 	.word	0x23009303
10000f18:	26109a0f 	.word	0x26109a0f
10000f1c:	9b036013 	.word	0x9b036013
10000f20:	91059001 	.word	0x91059001
10000f24:	d1012b00 	.word	0xd1012b00
10000f28:	007626a0 	.word	0x007626a0
10000f2c:	93024b2a 	.word	0x93024b2a
10000f30:	9b069f05 	.word	0x9b069f05
10000f34:	429f4377 	.word	0x429f4377
10000f38:	9b07d32b 	.word	0x9b07d32b
10000f3c:	d828429f 	.word	0xd828429f
10000f40:	b2e32407 	.word	0xb2e32407
10000f44:	00239304 	.word	0x00239304
10000f48:	b2e54363 	.word	0xb2e54363
10000f4c:	00389300 	.word	0x00389300
10000f50:	f7ff9900 	.word	0xf7ff9900
10000f54:	9b01f9ff 	.word	0x9b01f9ff
10000f58:	17da1ac3 	.word	0x17da1ac3
10000f5c:	4053189b 	.word	0x4053189b
10000f60:	42939a02 	.word	0x42939a02
10000f64:	9a0fda0b 	.word	0x9a0fda0b
10000f68:	60109904 	.word	0x60109904
10000f6c:	93029a10 	.word	0x93029a10
10000f70:	9a116017 	.word	0x9a116017
10000f74:	9a128016 	.word	0x9a128016
10000f78:	9a137011 	.word	0x9a137011
10000f7c:	9b007015 	.word	0x9b007015
10000f80:	1b1b3d01 	.word	0x1b1b3d01
10000f84:	9300b2ed 	.word	0x9300b2ed
10000f88:	d1e02d00 	.word	0xd1e02d00
10000f8c:	2c003c01 	.word	0x2c003c01
10000f90:	9b03d1d7 	.word	0x9b03d1d7
10000f94:	d01a2b00 	.word	0xd01a2b00
10000f98:	360123a0 	.word	0x360123a0
10000f9c:	005bb2b6 	.word	0x005bb2b6
10000fa0:	d9c5429e 	.word	0xd9c5429e
10000fa4:	9a019b0f 	.word	0x9a019b0f
10000fa8:	2000681b 	.word	0x2000681b
10000fac:	d10b4293 	.word	0xd10b4293
10000fb0:	98019b12 	.word	0x98019b12
10000fb4:	9b13781a 	.word	0x9b13781a
10000fb8:	4353781b 	.word	0x4353781b
10000fbc:	9b104358 	.word	0x9b104358
10000fc0:	1ac0681b 	.word	0x1ac0681b
10000fc4:	41584243 	.word	0x41584243
10000fc8:	b009b2c0 	.word	0xb009b2c0
10000fcc:	3e01bdf0 	.word	0x3e01bdf0
10000fd0:	2e0fb2b6 	.word	0x2e0fb2b6
10000fd4:	e7e5d8ac 	.word	0xe7e5d8ac
10000fd8:	000186a0 	.word	0x000186a0
10000fdc:	000db5f0 	.word	0x000db5f0
10000fe0:	001f21fa 	.word	0x001f21fa
10000fe4:	00044b0d 	.word	0x00044b0d
10000fe8:	b0876ad8 	.word	0xb0876ad8
10000fec:	008930f5 	.word	0x008930f5
10000ff0:	001630ff 	.word	0x001630ff
10000ff4:	f9aef7ff 	.word	0xf9aef7ff
10000ff8:	00019b0d 	.word	0x00019b0d
10000ffc:	9b0c9305 	.word	0x9b0c9305
10001000:	93040020 	.word	0x93040020
10001004:	4a062300 	.word	0x4a062300
10001008:	97039300 	.word	0x97039300
1000100c:	96024b05 	.word	0x96024b05
10001010:	f7ff9501 	.word	0xf7ff9501
10001014:	b007ff79 	.word	0xb007ff79
10001018:	46c0bdf0 	.word	0x46c0bdf0
1000101c:	20000658 	.word	0x20000658
10001020:	00061a80 	.word	0x00061a80
10001024:	00186a00 	.word	0x00186a00
10001028:	40832301 	.word	0x40832301
1000102c:	20140002 	.word	0x20140002
10001030:	4a074350 	.word	0x4a074350
10001034:	18804907 	.word	0x18804907
10001038:	600b2200 	.word	0x600b2200
1000103c:	60024906 	.word	0x60024906
10001040:	2310600b 	.word	0x2310600b
10001044:	4b056043 	.word	0x4b056043
10001048:	60c26082 	.word	0x60c26082
1000104c:	47706103 	.word	0x47706103
10001050:	40050000 	.word	0x40050000
10001054:	400530a8 	.word	0x400530a8
10001058:	400500a4 	.word	0x400500a4
1000105c:	0000ffff 	.word	0x0000ffff
10001060:	b5104b0d 	.word	0xb5104b0d
10001064:	69580004 	.word	0x69580004
10001068:	42880002 	.word	0x42880002
1000106c:	000ad900 	.word	0x000ad900
10001070:	089300c0 	.word	0x089300c0
10001074:	085118c0 	.word	0x085118c0
10001078:	f96cf7ff 	.word	0xf96cf7ff
1000107c:	d2002810 	.word	0xd2002810
10001080:	23802010 	.word	0x23802010
10001084:	4298015b 	.word	0x4298015b
10001088:	4804d300 	.word	0x4804d300
1000108c:	43632314 	.word	0x43632314
10001090:	189b4a03 	.word	0x189b4a03
10001094:	bd106018 	.word	0xbd106018
10001098:	20000658 	.word	0x20000658
1000109c:	00000fff 	.word	0x00000fff
100010a0:	40050004 	.word	0x40050004
100010a4:	4a044b03 	.word	0x4a044b03
100010a8:	00016018 	.word	0x00016018
100010ac:	43996813 	.word	0x43996813
100010b0:	4770d1fb 	.word	0x4770d1fb
100010b4:	4000f000 	.word	0x4000f000
100010b8:	4000c008 	.word	0x4000c008
100010bc:	4b02b510 	.word	0x4b02b510
100010c0:	f7ff6018 	.word	0xf7ff6018
100010c4:	bd10ffef 	.word	0xbd10ffef
100010c8:	4000e000 	.word	0x4000e000
100010cc:	2001b510 	.word	0x2001b510
100010d0:	fff4f7ff 	.word	0xfff4f7ff
100010d4:	0000bd10 	.word	0x0000bd10
100010d8:	f7ffb510 	.word	0xf7ffb510
100010dc:	2300fff7 	.word	0x2300fff7
100010e0:	60134a06 	.word	0x60134a06
100010e4:	60134a06 	.word	0x60134a06
100010e8:	60134a06 	.word	0x60134a06
100010ec:	4b062201 	.word	0x4b062201
100010f0:	32ff601a 	.word	0x32ff601a
100010f4:	42116819 	.word	0x42116819
100010f8:	bd10d0fc 	.word	0xbd10d0fc
100010fc:	20000610 	.word	0x20000610
10001100:	2000060c 	.word	0x2000060c
10001104:	20000608 	.word	0x20000608
10001108:	4004c000 	.word	0x4004c000
1000110c:	b085b5f0 	.word	0xb085b5f0
10001110:	00049e0a 	.word	0x00049e0a
10001114:	9102001d 	.word	0x9102001d
10001118:	42b39203 	.word	0x42b39203
1000111c:	0033db02 	.word	0x0033db02
10001120:	001d002e 	.word	0x001d002e
10001124:	99024f16 	.word	0x99024f16
10001128:	f7ff6af8 	.word	0xf7ff6af8
1000112c:	0029f913 	.word	0x0029f913
10001130:	43719b03 	.word	0x43719b03
10001134:	f7ff4358 	.word	0xf7ff4358
10001138:	0023f90d 	.word	0x0023f90d
1000113c:	009a330c 	.word	0x009a330c
10001140:	900151d0 	.word	0x900151d0
10001144:	40982001 	.word	0x40982001
10001148:	ffb8f7ff 	.word	0xffb8f7ff
1000114c:	4b0d22c0 	.word	0x4b0d22c0
10001150:	18e40192 	.word	0x18e40192
10001154:	03a49b02 	.word	0x03a49b02
10001158:	9b036023 	.word	0x9b036023
1000115c:	1d2360a3 	.word	0x1d2360a3
10001160:	2321431a 	.word	0x2321431a
10001164:	68236013 	.word	0x68236013
10001168:	dafc2b00 	.word	0xdafc2b00
1000116c:	032d0433 	.word	0x032d0433
10001170:	2308431d 	.word	0x2308431d
10001174:	60e59801 	.word	0x60e59801
10001178:	b0056013 	.word	0xb0056013
1000117c:	46c0bdf0 	.word	0x46c0bdf0
10001180:	20000658 	.word	0x20000658
10001184:	0001000a 	.word	0x0001000a
10001188:	260eb5f0 	.word	0x260eb5f0
1000118c:	b087250d 	.word	0xb087250d
10001190:	446d446e 	.word	0x446d446e
10001194:	0004af03 	.word	0x0004af03
10001198:	00080033 	.word	0x00080033
1000119c:	97009501 	.word	0x97009501
100011a0:	a904aa05 	.word	0xa904aa05
100011a4:	ff1af7ff 	.word	0xff1af7ff
100011a8:	28009804 	.word	0x28009804
100011ac:	7829d00b 	.word	0x7829d00b
100011b0:	8832783b 	.word	0x8832783b
100011b4:	91000020 	.word	0x91000020
100011b8:	f7ff2101 	.word	0xf7ff2101
100011bc:	21faffa7 	.word	0x21faffa7
100011c0:	f7ff0089 	.word	0xf7ff0089
100011c4:	b007f8c7 	.word	0xb007f8c7
100011c8:	0000bdf0 	.word	0x0000bdf0
100011cc:	4b0f4a0e 	.word	0x4b0f4a0e
100011d0:	480f6811 	.word	0x480f6811
100011d4:	051b404b 	.word	0x051b404b
100011d8:	0d1b490e 	.word	0x0d1b490e
100011dc:	4b0e600b 	.word	0x4b0e600b
100011e0:	480e6003 	.word	0x480e6003
100011e4:	23ab6003 	.word	0x23ab6003
100011e8:	6113011b 	.word	0x6113011b
100011ec:	4b0c6810 	.word	0x4b0c6810
100011f0:	480c4043 	.word	0x480c4043
100011f4:	600b4003 	.word	0x600b4003
100011f8:	490c4b0b 	.word	0x490c4b0b
100011fc:	69936299 	.word	0x69936299
10001200:	dafc2b00 	.word	0xdafc2b00
10001204:	46c04770 	.word	0x46c04770
10001208:	40060000 	.word	0x40060000
1000120c:	00000fa4 	.word	0x00000fa4
10001210:	40060004 	.word	0x40060004
10001214:	40061000 	.word	0x40061000
10001218:	96960000 	.word	0x96960000
1000121c:	40060008 	.word	0x40060008
10001220:	00fab000 	.word	0x00fab000
10001224:	00fff000 	.word	0x00fff000
10001228:	20000658 	.word	0x20000658
1000122c:	005b8d80 	.word	0x005b8d80
10001230:	f7ffb510 	.word	0xf7ffb510
10001234:	2019fa7e 	.word	0x2019fa7e
10001238:	fdeaf7ff 	.word	0xfdeaf7ff
1000123c:	4b012202 	.word	0x4b012202
10001240:	bd10601a 	.word	0xbd10601a
10001244:	e000e010 	.word	0xe000e010
10001248:	b5104b05 	.word	0xb5104b05
1000124c:	1e5a18c3 	.word	0x1e5a18c3
10001250:	20014193 	.word	0x20014193
10001254:	40983310 	.word	0x40983310
10001258:	ff30f7ff 	.word	0xff30f7ff
1000125c:	46c0bd10 	.word	0x46c0bd10
10001260:	bffc4000 	.word	0xbffc4000
10001264:	210223c0 	.word	0x210223c0
10001268:	019b1d02 	.word	0x019b1d02
1000126c:	b510431a 	.word	0xb510431a
10001270:	00026011 	.word	0x00026011
10001274:	43133224 	.word	0x43133224
10001278:	60192201 	.word	0x60192201
1000127c:	f7ff601a 	.word	0xf7ff601a
10001280:	bd10ffe3 	.word	0xbd10ffe3
10001284:	b5f02202 	.word	0xb5f02202
10001288:	b0876843 	.word	0xb0876843
1000128c:	93054013 	.word	0x93054013
10001290:	93041d03 	.word	0x93041d03
10001294:	000423c0 	.word	0x000423c0
10001298:	019b9804 	.word	0x019b9804
1000129c:	601a4303 	.word	0x601a4303
100012a0:	699b4b2b 	.word	0x699b4b2b
100012a4:	93021c5d 	.word	0x93021c5d
100012a8:	428d086d 	.word	0x428d086d
100012ac:	000dd900 	.word	0x000dd900
100012b0:	0de92602 	.word	0x0de92602
100012b4:	0dab0268 	.word	0x0dab0268
100012b8:	960102aa 	.word	0x960102aa
100012bc:	2b003602 	.word	0x2b003602
100012c0:	9f02d107 	.word	0x9f02d107
100012c4:	d80442ba 	.word	0xd80442ba
100012c8:	414b1812 	.word	0x414b1812
100012cc:	d1f42efe 	.word	0xd1f42efe
100012d0:	27ff9601 	.word	0x27ff9601
100012d4:	9b012680 	.word	0x9b012680
100012d8:	435f0076 	.word	0x435f0076
100012dc:	98020039 	.word	0x98020039
100012e0:	3e019603 	.word	0x3e019603
100012e4:	f836f7ff 	.word	0xf836f7ff
100012e8:	d91842a8 	.word	0xd91842a8
100012ec:	99019b03 	.word	0x99019b03
100012f0:	43711e5e 	.word	0x43711e5e
100012f4:	f7ff9802 	.word	0xf7ff9802
100012f8:	1b40f82d 	.word	0x1b40f82d
100012fc:	18c717c3 	.word	0x18c717c3
10001300:	405f9901 	.word	0x405f9901
10001304:	98029b03 	.word	0x98029b03
10001308:	f7ff4359 	.word	0xf7ff4359
1000130c:	1b40f823 	.word	0x1b40f823
10001310:	18c017c3 	.word	0x18c017c3
10001314:	42874058 	.word	0x42874058
10001318:	9e03db05 	.word	0x9e03db05
1000131c:	9b01e003 	.word	0x9b01e003
10001320:	2e011aff 	.word	0x2e011aff
10001324:	9b01d1da 	.word	0x9b01d1da
10001328:	61233e01 	.word	0x61233e01
1000132c:	02366822 	.word	0x02366822
10001330:	23804056 	.word	0x23804056
10001334:	015b22ff 	.word	0x015b22ff
10001338:	43230212 	.word	0x43230212
1000133c:	601e4016 	.word	0x601e4016
10001340:	9a042380 	.word	0x9a042380
10001344:	4313019b 	.word	0x4313019b
10001348:	601a9a05 	.word	0x601a9a05
1000134c:	bdf0b007 	.word	0xbdf0b007
10001350:	20000658 	.word	0x20000658
10001354:	0004b570 	.word	0x0004b570
10001358:	f7ff000d 	.word	0xf7ff000d
1000135c:	0029ff75 	.word	0x0029ff75
10001360:	f7ff0020 	.word	0xf7ff0020
10001364:	2207ff8f 	.word	0x2207ff8f
10001368:	23806821 	.word	0x23806821
1000136c:	210f404a 	.word	0x210f404a
10001370:	4323015b 	.word	0x4323015b
10001374:	601a400a 	.word	0x601a400a
10001378:	31316822 	.word	0x31316822
1000137c:	601a400a 	.word	0x601a400a
10001380:	31406822 	.word	0x31406822
10001384:	601a400a 	.word	0x601a400a
10001388:	23800022 	.word	0x23800022
1000138c:	019b2001 	.word	0x019b2001
10001390:	32243404 	.word	0x32243404
10001394:	397e431a 	.word	0x397e431a
10001398:	60114323 	.word	0x60114323
1000139c:	60196010 	.word	0x60196010
100013a0:	b530bd70 	.word	0xb530bd70
100013a4:	25042402 	.word	0x25042402
100013a8:	1a53188a 	.word	0x1a53188a
100013ac:	dc0b2b00 	.word	0xdc0b2b00
100013b0:	21042310 	.word	0x21042310
100013b4:	421a68c2 	.word	0x421a68c2
100013b8:	2304d113 	.word	0x2304d113
100013bc:	421a68c2 	.word	0x421a68c2
100013c0:	2301d113 	.word	0x2301d113
100013c4:	bd306203 	.word	0xbd306203
100013c8:	422368c3 	.word	0x422368c3
100013cc:	780bd0fc 	.word	0x780bd0fc
100013d0:	68c36083 	.word	0x68c36083
100013d4:	d101422b 	.word	0xd101422b
100013d8:	e7e63101 	.word	0xe7e63101
100013dc:	e7f86883 	.word	0xe7f86883
100013e0:	68c26882 	.word	0x68c26882
100013e4:	d1fb420a 	.word	0xd1fb420a
100013e8:	6882e7e4 	.word	0x6882e7e4
100013ec:	0000e7e6 	.word	0x0000e7e6
100013f0:	4b062200 	.word	0x4b062200
100013f4:	f3bf601a 	.word	0xf3bf601a
100013f8:	4b058f5f 	.word	0x4b058f5f
100013fc:	f3bf4905 	.word	0xf3bf4905
10001400:	c3048f5f 	.word	0xc3048f5f
10001404:	d1fa428b 	.word	0xd1fa428b
10001408:	46c04770 	.word	0x46c04770
1000140c:	200365a8 	.word	0x200365a8
10001410:	d0000100 	.word	0xd0000100
10001414:	d0000180 	.word	0xd0000180
10001418:	061b23d0 	.word	0x061b23d0
1000141c:	2b00681b 	.word	0x2b00681b
10001420:	4a11d10a 	.word	0x4a11d10a
10001424:	4a116013 	.word	0x4a116013
10001428:	4a116013 	.word	0x4a116013
1000142c:	4b118013 	.word	0x4b118013
10001430:	6a9b4a11 	.word	0x6a9b4a11
10001434:	8013b29b 	.word	0x8013b29b
10001438:	4a102302 	.word	0x4a102302
1000143c:	4b106013 	.word	0x4b106013
10001440:	681b4910 	.word	0x681b4910
10001444:	f3bf63d9 	.word	0xf3bf63d9
10001448:	21808f5f 	.word	0x21808f5f
1000144c:	480f4b0e 	.word	0x480f4b0e
10001450:	68036053 	.word	0x68036053
10001454:	009b05c9 	.word	0x009b05c9
10001458:	430b089b 	.word	0x430b089b
1000145c:	23006003 	.word	0x23006003
10001460:	33036093 	.word	0x33036093
10001464:	47706013 	.word	0x47706013
10001468:	200365ac 	.word	0x200365ac
1000146c:	200365b8 	.word	0x200365b8
10001470:	200365d2 	.word	0x200365d2
10001474:	40054000 	.word	0x40054000
10001478:	200365f6 	.word	0x200365f6
1000147c:	e000e010 	.word	0xe000e010
10001480:	e000ed08 	.word	0xe000ed08
10001484:	1000074d 	.word	0x1000074d
10001488:	00001387 	.word	0x00001387
1000148c:	e000ed20 	.word	0xe000ed20
10001490:	6a914a03 	.word	0x6a914a03
10001494:	1a5b6a93 	.word	0x1a5b6a93
10001498:	d3fb4283 	.word	0xd3fb4283
1000149c:	46c04770 	.word	0x46c04770
100014a0:	40054000 	.word	0x40054000
100014a4:	b51023fa 	.word	0xb51023fa
100014a8:	4358009b 	.word	0x4358009b
100014ac:	fff0f7ff 	.word	0xfff0f7ff
100014b0:	0000bd10 	.word	0x0000bd10
100014b4:	4b044a03 	.word	0x4b044a03
100014b8:	4a04601a 	.word	0x4a04601a
100014bc:	2b006853 	.word	0x2b006853
100014c0:	4770dafc 	.word	0x4770dafc
100014c4:	00fab000 	.word	0x00fab000
100014c8:	40026000 	.word	0x40026000
100014cc:	40024000 	.word	0x40024000
100014d0:	4b0622aa 	.word	0x4b0622aa
100014d4:	b5100112 	.word	0xb5100112
100014d8:	222f601a 	.word	0x222f601a
100014dc:	601a4b04 	.word	0x601a4b04
100014e0:	4a054b04 	.word	0x4a054b04
100014e4:	f7ff62da 	.word	0xf7ff62da
100014e8:	bd10ffe5 	.word	0xbd10ffe5
100014ec:	40024000 	.word	0x40024000
100014f0:	4002400c 	.word	0x4002400c
100014f4:	20000658 	.word	0x20000658
100014f8:	00b71b00 	.word	0x00b71b00
100014fc:	2240b510 	.word	0x2240b510
10001500:	48282100 	.word	0x48282100
10001504:	ff9ff7fe 	.word	0xff9ff7fe
10001508:	22102100 	.word	0x22102100
1000150c:	f7fe4826 	.word	0xf7fe4826
10001510:	2200ff9a 	.word	0x2200ff9a
10001514:	601a4b25 	.word	0x601a4b25
10001518:	fe58f7ff 	.word	0xfe58f7ff
1000151c:	ffd8f7ff 	.word	0xffd8f7ff
10001520:	4b232283 	.word	0x4b232283
10001524:	62da0092 	.word	0x62da0092
10001528:	4b222203 	.word	0x4b222203
1000152c:	601a4922 	.word	0x601a4922
10001530:	680a2301 	.word	0x680a2301
10001534:	d0fc421a 	.word	0xd0fc421a
10001538:	4b202203 	.word	0x4b202203
1000153c:	601a4920 	.word	0x601a4920
10001540:	680a2301 	.word	0x680a2301
10001544:	d0fc421a 	.word	0xd0fc421a
10001548:	2000491e 	.word	0x2000491e
1000154c:	fe1cf7ff 	.word	0xfe1cf7ff
10001550:	2001491d 	.word	0x2001491d
10001554:	fe18f7ff 	.word	0xfe18f7ff
10001558:	210b2300 	.word	0x210b2300
1000155c:	2004001a 	.word	0x2004001a
10001560:	f9f2f7ff 	.word	0xf9f2f7ff
10001564:	210c2300 	.word	0x210c2300
10001568:	2005001a 	.word	0x2005001a
1000156c:	f9ecf7ff 	.word	0xf9ecf7ff
10001570:	210d2300 	.word	0x210d2300
10001574:	20074a15 	.word	0x20074a15
10001578:	f9e6f7ff 	.word	0xf9e6f7ff
1000157c:	210d2300 	.word	0x210d2300
10001580:	20084a12 	.word	0x20084a12
10001584:	f9e0f7ff 	.word	0xf9e0f7ff
10001588:	210d2300 	.word	0x210d2300
1000158c:	20094a10 	.word	0x20094a10
10001590:	f9daf7ff 	.word	0xf9daf7ff
10001594:	210d2300 	.word	0x210d2300
10001598:	2006001a 	.word	0x2006001a
1000159c:	f9d4f7ff 	.word	0xf9d4f7ff
100015a0:	46c0bd10 	.word	0x46c0bd10
100015a4:	20000658 	.word	0x20000658
100015a8:	200365fb 	.word	0x200365fb
100015ac:	40008078 	.word	0x40008078
100015b0:	40058000 	.word	0x40058000
100015b4:	4000b03c 	.word	0x4000b03c
100015b8:	40008044 	.word	0x40008044
100015bc:	4000b030 	.word	0x4000b030
100015c0:	40008038 	.word	0x40008038
100015c4:	0001e848 	.word	0x0001e848
100015c8:	00017700 	.word	0x00017700
100015cc:	02dc6c00 	.word	0x02dc6c00
100015d0:	0000b71b 	.word	0x0000b71b
100015d4:	4a214b20 	.word	0x4a214b20
100015d8:	4821b570 	.word	0x4821b570
100015dc:	f7ff601a 	.word	0xf7ff601a
100015e0:	4c20fd61 	.word	0x4c20fd61
100015e4:	429c4b20 	.word	0x429c4b20
100015e8:	f7ffd32f 	.word	0xf7ffd32f
100015ec:	f7fff91b 	.word	0xf7fff91b
100015f0:	f7fffba5 	.word	0xf7fffba5
100015f4:	f7fffc65 	.word	0xf7fffc65
100015f8:	481cff81 	.word	0x481cff81
100015fc:	fd52f7ff 	.word	0xfd52f7ff
10001600:	4c1b22c0 	.word	0x4c1b22c0
10001604:	00204d1b 	.word	0x00204d1b
10001608:	00926829 	.word	0x00926829
1000160c:	ff20f7fe 	.word	0xff20f7fe
10001610:	f7ff602c 	.word	0xf7ff602c
10001614:	f7fffeed 	.word	0xf7fffeed
10001618:	f000fb2f 	.word	0xf000fb2f
1000161c:	f000f943 	.word	0xf000f943
10001620:	f7fff84d 	.word	0xf7fff84d
10001624:	f000fef9 	.word	0xf000fef9
10001628:	4c13ffa5 	.word	0x4c13ffa5
1000162c:	429c4b13 	.word	0x429c4b13
10001630:	2019d30e 	.word	0x2019d30e
10001634:	fc20f7ff 	.word	0xfc20f7ff
10001638:	228023d0 	.word	0x228023d0
1000163c:	0492061b 	.word	0x0492061b
10001640:	619a625a 	.word	0x619a625a
10001644:	f868f7ff 	.word	0xf868f7ff
10001648:	cc08bd70 	.word	0xcc08bd70
1000164c:	e7c94798 	.word	0xe7c94798
10001650:	4798cc08 	.word	0x4798cc08
10001654:	46c0e7ea 	.word	0x46c0e7ea
10001658:	4000e000 	.word	0x4000e000
1000165c:	00fbcdbf 	.word	0x00fbcdbf
10001660:	003c7ffe 	.word	0x003c7ffe
10001664:	10005688 	.word	0x10005688
10001668:	10005688 	.word	0x10005688
1000166c:	01ffffff 	.word	0x01ffffff
10001670:	20000300 	.word	0x20000300
10001674:	e000ed08 	.word	0xe000ed08
10001678:	10005688 	.word	0x10005688
1000167c:	10005688 	.word	0x10005688
10001680:	061b23d0 	.word	0x061b23d0
10001684:	4b0b681a 	.word	0x4b0b681a
10001688:	681cb570 	.word	0x681cb570
1000168c:	00d24b0a 	.word	0x00d24b0a
10001690:	18d658d0 	.word	0x18d658d0
10001694:	42b06805 	.word	0x42b06805
10001698:	bd70d100 	.word	0xbd70d100
1000169c:	1aa36882 	.word	0x1aa36882
100016a0:	d8042b0f 	.word	0xd8042b0f
100016a4:	189b68c3 	.word	0x189b68c3
100016a8:	69036083 	.word	0x69036083
100016ac:	00284798 	.word	0x00284798
100016b0:	e7f0682d 	.word	0xe7f0682d
100016b4:	200365ac 	.word	0x200365ac
100016b8:	20000614 	.word	0x20000614
100016bc:	4a044b03 	.word	0x4a044b03
100016c0:	605b601b 	.word	0x605b601b
100016c4:	60da609a 	.word	0x60da609a
100016c8:	46c04770 	.word	0x46c04770
100016cc:	20000614 	.word	0x20000614
100016d0:	2000061c 	.word	0x2000061c
100016d4:	2220b510 	.word	0x2220b510
100016d8:	000421ff 	.word	0x000421ff
100016dc:	feb3f7fe 	.word	0xfeb3f7fe
100016e0:	70a32364 	.word	0x70a32364
100016e4:	60634b05 	.word	0x60634b05
100016e8:	60a34b05 	.word	0x60a34b05
100016ec:	60e34b05 	.word	0x60e34b05
100016f0:	61234b05 	.word	0x61234b05
100016f4:	61634b05 	.word	0x61634b05
100016f8:	46c0bd10 	.word	0x46c0bd10
100016fc:	0c1c1068 	.word	0x0c1c1068
10001700:	0ce40137 	.word	0x0ce40137
10001704:	3f34bc6a 	.word	0x3f34bc6a
10001708:	3ae1932d 	.word	0x3ae1932d
1000170c:	00b71b00 	.word	0x00b71b00
10001710:	b5102180 	.word	0xb5102180
10001714:	01494802 	.word	0x01494802
10001718:	ffaef003 	.word	0xffaef003
1000171c:	46c0bd10 	.word	0x46c0bd10
10001720:	001ff000 	.word	0x001ff000
10001724:	4358230a 	.word	0x4358230a
10001728:	28ff4a04 	.word	0x28ff4a04
1000172c:	20ffdd02 	.word	0x20ffdd02
10001730:	47707090 	.word	0x47707090
10001734:	17db43c3 	.word	0x17db43c3
10001738:	e7f94018 	.word	0xe7f94018
1000173c:	20000634 	.word	0x20000634
10001740:	4b05b510 	.word	0x4b05b510
10001744:	7898210a 	.word	0x7898210a
10001748:	fe04f7fe 	.word	0xfe04f7fe
1000174c:	b2c03001 	.word	0xb2c03001
10001750:	ffe8f7ff 	.word	0xffe8f7ff
10001754:	46c0bd10 	.word	0x46c0bd10
10001758:	20000634 	.word	0x20000634
1000175c:	4b05b510 	.word	0x4b05b510
10001760:	7898210a 	.word	0x7898210a
10001764:	fdf6f7fe 	.word	0xfdf6f7fe
10001768:	3801b2c0 	.word	0x3801b2c0
1000176c:	ffdaf7ff 	.word	0xffdaf7ff
10001770:	46c0bd10 	.word	0x46c0bd10
10001774:	20000634 	.word	0x20000634
10001778:	2808b510 	.word	0x2808b510
1000177c:	2008dd08 	.word	0x2008dd08
10001780:	40832301 	.word	0x40832301
10001784:	3b014a04 	.word	0x3b014a04
10001788:	f00270d3 	.word	0xf00270d3
1000178c:	bd10f9cd 	.word	0xbd10f9cd
10001790:	17db43c3 	.word	0x17db43c3
10001794:	e7f34018 	.word	0xe7f34018
10001798:	20000634 	.word	0x20000634
1000179c:	4b06b510 	.word	0x4b06b510
100017a0:	4b0678d8 	.word	0x4b0678d8
100017a4:	4798681b 	.word	0x4798681b
100017a8:	1a182320 	.word	0x1a182320
100017ac:	3001b2c0 	.word	0x3001b2c0
100017b0:	ffe2f7ff 	.word	0xffe2f7ff
100017b4:	46c0bd10 	.word	0x46c0bd10
100017b8:	20000634 	.word	0x20000634
100017bc:	200365c0 	.word	0x200365c0
100017c0:	4b06b510 	.word	0x4b06b510
100017c4:	4b0678d8 	.word	0x4b0678d8
100017c8:	4798681b 	.word	0x4798681b
100017cc:	1a182320 	.word	0x1a182320
100017d0:	3801b2c0 	.word	0x3801b2c0
100017d4:	ffd0f7ff 	.word	0xffd0f7ff
100017d8:	46c0bd10 	.word	0x46c0bd10
100017dc:	20000634 	.word	0x20000634
100017e0:	200365c0 	.word	0x200365c0
100017e4:	4c0ab530 	.word	0x4c0ab530
100017e8:	1a53188a 	.word	0x1a53188a
100017ec:	dc002b00 	.word	0xdc002b00
100017f0:	780bbd30 	.word	0x780bbd30
100017f4:	4058061b 	.word	0x4058061b
100017f8:	00052308 	.word	0x00052308
100017fc:	2d000040 	.word	0x2d000040
10001800:	4060da00 	.word	0x4060da00
10001804:	2b003b01 	.word	0x2b003b01
10001808:	3101d1f7 	.word	0x3101d1f7
1000180c:	46c0e7ed 	.word	0x46c0e7ed
10001810:	04c11db7 	.word	0x04c11db7
10001814:	000bb513 	.word	0x000bb513
10001818:	22d00011 	.word	0x22d00011
1000181c:	0612240b 	.word	0x0612240b
10001820:	91006812 	.word	0x91006812
10001824:	00011aa2 	.word	0x00011aa2
10001828:	f7ff2000 	.word	0xf7ff2000
1000182c:	bd16f9a1 	.word	0xbd16f9a1
10001830:	b5102301 	.word	0xb5102301
10001834:	0001000a 	.word	0x0001000a
10001838:	f7ff4258 	.word	0xf7ff4258
1000183c:	bd10ffd3 	.word	0xbd10ffd3
10001840:	b5102301 	.word	0xb5102301
10001844:	0001000a 	.word	0x0001000a
10001848:	f7ff4258 	.word	0xf7ff4258
1000184c:	bd10ffe3 	.word	0xbd10ffe3
10001850:	25ffb530 	.word	0x25ffb530
10001854:	188a240f 	.word	0x188a240f
10001858:	1a53016d 	.word	0x1a53016d
1000185c:	dc002b00 	.word	0xdc002b00
10001860:	780bbd30 	.word	0x780bbd30
10001864:	b280ba40 	.word	0xb280ba40
10001868:	11034058 	.word	0x11034058
1000186c:	40434023 	.word	0x40434023
10001870:	0318b21b 	.word	0x0318b21b
10001874:	b21b4043 	.word	0xb21b4043
10001878:	40280158 	.word	0x40280158
1000187c:	b2804058 	.word	0xb2804058
10001880:	e7ea3101 	.word	0xe7ea3101
10001884:	000ab510 	.word	0x000ab510
10001888:	48020001 	.word	0x48020001
1000188c:	ffe0f7ff 	.word	0xffe0f7ff
10001890:	46c0bd10 	.word	0x46c0bd10
10001894:	0000ffff 	.word	0x0000ffff
10001898:	211eb510 	.word	0x211eb510
1000189c:	f7ff3002 	.word	0xf7ff3002
100018a0:	bd10fff1 	.word	0xbd10fff1
100018a4:	4c11b570 	.word	0x4c11b570
100018a8:	0020257f 	.word	0x0020257f
100018ac:	ff12f7ff 	.word	0xff12f7ff
100018b0:	016e4b0f 	.word	0x016e4b0f
100018b4:	697318f6 	.word	0x697318f6
100018b8:	d0143301 	.word	0xd0143301
100018bc:	f7ff0030 	.word	0xf7ff0030
100018c0:	8833ffeb 	.word	0x8833ffeb
100018c4:	d10e4283 	.word	0xd10e4283
100018c8:	00230030 	.word	0x00230030
100018cc:	c346c846 	.word	0xc346c846
100018d0:	c346c846 	.word	0xc346c846
100018d4:	c306c806 	.word	0xc306c806
100018d8:	2b0078e3 	.word	0x2b0078e3
100018dc:	3301d101 	.word	0x3301d101
100018e0:	002870e3 	.word	0x002870e3
100018e4:	3d01bd70 	.word	0x3d01bd70
100018e8:	e7fad2e2 	.word	0xe7fad2e2
100018ec:	20000634 	.word	0x20000634
100018f0:	101ff000 	.word	0x101ff000
100018f4:	4c24b5f0 	.word	0x4c24b5f0
100018f8:	6963b0c1 	.word	0x6963b0c1
100018fc:	d1023301 	.word	0xd1023301
10001900:	425b2302 	.word	0x425b2302
10001904:	00206163 	.word	0x00206163
10001908:	ffc6f7ff 	.word	0xffc6f7ff
1000190c:	217f2501 	.word	0x217f2501
10001910:	4f1f4b1e 	.word	0x4f1f4b1e
10001914:	426d8020 	.word	0x426d8020
10001918:	001a001e 	.word	0x001a001e
1000191c:	68103620 	.word	0x68103620
10001920:	d1093001 	.word	0xd1093001
10001924:	42b23204 	.word	0x42b23204
10001928:	3b20d1f9 	.word	0x3b20d1f9
1000192c:	1e4a000d 	.word	0x1e4a000d
10001930:	d00542bb 	.word	0xd00542bb
10001934:	e7ef0011 	.word	0xe7ef0011
10001938:	d1021c6b 	.word	0xd1021c6b
1000193c:	fee8f7ff 	.word	0xfee8f7ff
10001940:	23072500 	.word	0x23072500
10001944:	2280002f 	.word	0x2280002f
10001948:	1bed439f 	.word	0x1bed439f
1000194c:	3501016d 	.word	0x3501016d
10001950:	4b1035ff 	.word	0x4b1035ff
10001954:	017e446d 	.word	0x017e446d
10001958:	18f13d01 	.word	0x18f13d01
1000195c:	46680052 	.word	0x46680052
10001960:	f7fe3dff 	.word	0xf7fe3dff
10001964:	002bfd75 	.word	0x002bfd75
10001968:	c307cc07 	.word	0xc307cc07
1000196c:	c307cc07 	.word	0xc307cc07
10001970:	c306cc06 	.word	0xc306cc06
10001974:	4b082280 	.word	0x4b082280
10001978:	18f04669 	.word	0x18f04669
1000197c:	f0030052 	.word	0xf0030052
10001980:	b041fe63 	.word	0xb041fe63
10001984:	46c0bdf0 	.word	0x46c0bdf0
10001988:	20000634 	.word	0x20000634
1000198c:	101fffe0 	.word	0x101fffe0
10001990:	101fefe0 	.word	0x101fefe0
10001994:	101ff000 	.word	0x101ff000
10001998:	001ff000 	.word	0x001ff000
1000199c:	2400b5f0 	.word	0x2400b5f0
100019a0:	ab06b08b 	.word	0xab06b08b
100019a4:	230d735c 	.word	0x230d735c
100019a8:	0026000f 	.word	0x0026000f
100019ac:	aa069203 	.word	0xaa069203
100019b0:	9005189b 	.word	0x9005189b
100019b4:	210a9301 	.word	0x210a9301
100019b8:	f7fe0038 	.word	0xf7fe0038
100019bc:	9b01fccb 	.word	0x9b01fccb
100019c0:	210a9004 	.word	0x210a9004
100019c4:	1e5d0038 	.word	0x1e5d0038
100019c8:	fcc4f7fe 	.word	0xfcc4f7fe
100019cc:	31301c73 	.word	0x31301c73
100019d0:	93027029 	.word	0x93027029
100019d4:	2f093401 	.word	0x2f093401
100019d8:	0029d807 	.word	0x0029d807
100019dc:	1cb29805 	.word	0x1cb29805
100019e0:	fd36f7fe 	.word	0xfd36f7fe
100019e4:	b00b9802 	.word	0xb00b9802
100019e8:	2c03bdf0 	.word	0x2c03bdf0
100019ec:	9b03d109 	.word	0x9b03d109
100019f0:	d0062b00 	.word	0xd0062b00
100019f4:	1cb32400 	.word	0x1cb32400
100019f8:	93029d01 	.word	0x93029d01
100019fc:	3d029b03 	.word	0x3d029b03
10001a00:	9f04702b 	.word	0x9f04702b
10001a04:	95019e02 	.word	0x95019e02
10001a08:	b510e7d5 	.word	0xb510e7d5
10001a0c:	db022900 	.word	0xdb022900
10001a10:	ffc4f7ff 	.word	0xffc4f7ff
10001a14:	232dbd10 	.word	0x232dbd10
10001a18:	70034249 	.word	0x70034249
10001a1c:	f7ff3001 	.word	0xf7ff3001
10001a20:	3001ffbd 	.word	0x3001ffbd
10001a24:	230fe7f6 	.word	0x230fe7f6
10001a28:	00184003 	.word	0x00184003
10001a2c:	28393030 	.word	0x28393030
10001a30:	3337d901 	.word	0x3337d901
10001a34:	47700018 	.word	0x47700018
10001a38:	4b0820a0 	.word	0x4b0820a0
10001a3c:	6819b510 	.word	0x6819b510
10001a40:	f7fe0040 	.word	0xf7fe0040
10001a44:	4c06fc75 	.word	0x4c06fc75
10001a48:	70204b06 	.word	0x70204b06
10001a4c:	20f06819 	.word	0x20f06819
10001a50:	fc6ef7fe 	.word	0xfc6ef7fe
10001a54:	70204c04 	.word	0x70204c04
10001a58:	46c0bd10 	.word	0x46c0bd10
10001a5c:	20000278 	.word	0x20000278
10001a60:	20000275 	.word	0x20000275
10001a64:	2000027c 	.word	0x2000027c
10001a68:	20000274 	.word	0x20000274
10001a6c:	4a074b06 	.word	0x4a074b06
10001a70:	601ab510 	.word	0x601ab510
10001a74:	4b062210 	.word	0x4b062210
10001a78:	4b06601a 	.word	0x4b06601a
10001a7c:	601a3a08 	.word	0x601a3a08
10001a80:	ffdaf7ff 	.word	0xffdaf7ff
10001a84:	46c0bd10 	.word	0x46c0bd10
10001a88:	20000280 	.word	0x20000280
10001a8c:	10005efc 	.word	0x10005efc
10001a90:	2000027c 	.word	0x2000027c
10001a94:	20000278 	.word	0x20000278
10001a98:	4a074b06 	.word	0x4a074b06
10001a9c:	601ab510 	.word	0x601ab510
10001aa0:	4b062208 	.word	0x4b062208
10001aa4:	4b06601a 	.word	0x4b06601a
10001aa8:	601a3a02 	.word	0x601a3a02
10001aac:	ffc4f7ff 	.word	0xffc4f7ff
10001ab0:	46c0bd10 	.word	0x46c0bd10
10001ab4:	20000280 	.word	0x20000280
10001ab8:	100056fc 	.word	0x100056fc
10001abc:	2000027c 	.word	0x2000027c
10001ac0:	20000278 	.word	0x20000278
10001ac4:	001db5f7 	.word	0x001db5f7
10001ac8:	881bab08 	.word	0x881bab08
10001acc:	000c0007 	.word	0x000c0007
10001ad0:	93011e16 	.word	0x93011e16
10001ad4:	1887da01 	.word	0x1887da01
10001ad8:	2d004256 	.word	0x2d004256
10001adc:	1964da01 	.word	0x1964da01
10001ae0:	2f00426d 	.word	0x2f00426d
10001ae4:	19f6da01 	.word	0x19f6da01
10001ae8:	22a02700 	.word	0x22a02700
10001aec:	005219bb 	.word	0x005219bb
10001af0:	dd004293 	.word	0xdd004293
10001af4:	2e001bd6 	.word	0x2e001bd6
10001af8:	2c00dd24 	.word	0x2c00dd24
10001afc:	192dda01 	.word	0x192dda01
10001b00:	19632400 	.word	0x19632400
10001b04:	dd012bf0 	.word	0xdd012bf0
10001b08:	1b2d25f0 	.word	0x1b2d25f0
10001b0c:	dd192d00 	.word	0xdd192d00
10001b10:	002b0032 	.word	0x002b0032
10001b14:	00380021 	.word	0x00380021
10001b18:	ff4cf001 	.word	0xff4cf001
10001b1c:	005b23a0 	.word	0x005b23a0
10001b20:	4a09435c 	.word	0x4a09435c
10001b24:	1b9b19e4 	.word	0x1b9b19e4
10001b28:	18a40064 	.word	0x18a40064
10001b2c:	0076005b 	.word	0x0076005b
10001b30:	990119a2 	.word	0x990119a2
10001b34:	34028021 	.word	0x34028021
10001b38:	d1fa4294 	.word	0xd1fa4294
10001b3c:	18e43d01 	.word	0x18e43d01
10001b40:	d1f52d00 	.word	0xd1f52d00
10001b44:	46c0bdf7 	.word	0x46c0bdf7
10001b48:	20000978 	.word	0x20000978
10001b4c:	b087b5f0 	.word	0xb087b5f0
10001b50:	ab0c001c 	.word	0xab0c001c
10001b54:	0007881b 	.word	0x0007881b
10001b58:	9e0d1e15 	.word	0x9e0d1e15
10001b5c:	93039102 	.word	0x93039102
10001b60:	1887da30 	.word	0x1887da30
10001b64:	2c004255 	.word	0x2c004255
10001b68:	9b02da34 	.word	0x9b02da34
10001b6c:	9302191b 	.word	0x9302191b
10001b70:	1bab4264 	.word	0x1bab4264
10001b74:	9b039304 	.word	0x9b039304
10001b78:	99020038 	.word	0x99020038
10001b7c:	1baa9300 	.word	0x1baa9300
10001b80:	f7ff0033 	.word	0xf7ff0033
10001b84:	1ba3ff9f 	.word	0x1ba3ff9f
10001b88:	9b039305 	.word	0x9b039305
10001b8c:	00321978 	.word	0x00321978
10001b90:	1b809902 	.word	0x1b809902
10001b94:	1ba39300 	.word	0x1ba39300
10001b98:	ff94f7ff 	.word	0xff94f7ff
10001b9c:	9a049b02 	.word	0x9a049b02
10001ba0:	9b031919 	.word	0x9b031919
10001ba4:	19f01b89 	.word	0x19f01b89
10001ba8:	00339300 	.word	0x00339300
10001bac:	ff8af7ff 	.word	0xff8af7ff
10001bb0:	00329b02 	.word	0x00329b02
10001bb4:	9b0318f1 	.word	0x9b0318f1
10001bb8:	93000038 	.word	0x93000038
10001bbc:	f7ff9b05 	.word	0xf7ff9b05
10001bc0:	e003ff81 	.word	0xe003ff81
10001bc4:	da032c00 	.word	0xda032c00
10001bc8:	d1ce2a00 	.word	0xd1ce2a00
10001bcc:	bdf0b007 	.word	0xbdf0b007
10001bd0:	d0fb2a00 	.word	0xd0fb2a00
10001bd4:	d0f92c00 	.word	0xd0f92c00
10001bd8:	b537e7cb 	.word	0xb537e7cb
10001bdc:	ac062501 	.word	0xac062501
10001be0:	95018824 	.word	0x95018824
10001be4:	f7ff9400 	.word	0xf7ff9400
10001be8:	bd37ffb1 	.word	0xbd37ffb1
10001bec:	2100b507 	.word	0x2100b507
10001bf0:	900022a0 	.word	0x900022a0
10001bf4:	000823f0 	.word	0x000823f0
10001bf8:	f7ff0052 	.word	0xf7ff0052
10001bfc:	bd07ff63 	.word	0xbd07ff63
10001c00:	2000b510 	.word	0x2000b510
10001c04:	fff2f7ff 	.word	0xfff2f7ff
10001c08:	0000bd10 	.word	0x0000bd10
10001c0c:	b51023a0 	.word	0xb51023a0
10001c10:	4298005b 	.word	0x4298005b
10001c14:	29efd208 	.word	0x29efd208
10001c18:	434bd806 	.word	0x434bd806
10001c1c:	181b4c03 	.word	0x181b4c03
10001c20:	531a005b 	.word	0x531a005b
10001c24:	fefef001 	.word	0xfefef001
10001c28:	46c0bd10 	.word	0x46c0bd10
10001c2c:	20000978 	.word	0x20000978
10001c30:	b087b5f0 	.word	0xb087b5f0
10001c34:	4b369304 	.word	0x4b369304
10001c38:	681b4f36 	.word	0x681b4f36
10001c3c:	181b9102 	.word	0x181b9102
10001c40:	683b9300 	.word	0x683b9300
10001c44:	93019203 	.word	0x93019203
10001c48:	4313000b 	.word	0x4313000b
10001c4c:	25a0d45e 	.word	0x25a0d45e
10001c50:	006d4e31 	.word	0x006d4e31
10001c54:	18536832 	.word	0x18536832
10001c58:	dc5742ab 	.word	0xdc5742ab
10001c5c:	9b039901 	.word	0x9b039901
10001c60:	185b000c 	.word	0x185b000c
10001c64:	dc3b2bf0 	.word	0xdc3b2bf0
10001c68:	9802000b 	.word	0x9802000b
10001c6c:	f0019903 	.word	0xf0019903
10001c70:	9b03fea1 	.word	0x9b03fea1
10001c74:	436b9a02 	.word	0x436b9a02
10001c78:	189b6830 	.word	0x189b6830
10001c7c:	005b4a27 	.word	0x005b4a27
10001c80:	189b1a2d 	.word	0x189b1a2d
10001c84:	4694006a 	.word	0x4694006a
10001c88:	17d243c2 	.word	0x17d243c2
10001c8c:	683c4002 	.word	0x683c4002
10001c90:	2c000052 	.word	0x2c000052
10001c94:	b007dc01 	.word	0xb007dc01
10001c98:	9d00bdf0 	.word	0x9d00bdf0
10001c9c:	35019900 	.word	0x35019900
10001ca0:	950035ff 	.word	0x950035ff
10001ca4:	0005001e 	.word	0x0005001e
10001ca8:	2d007809 	.word	0x2d007809
10001cac:	189bdc03 	.word	0x189bdc03
10001cb0:	3c014463 	.word	0x3c014463
10001cb4:	b24fe7ed 	.word	0xb24fe7ed
10001cb8:	da012f00 	.word	0xda012f00
10001cbc:	80379f04 	.word	0x80379f04
10001cc0:	36020049 	.word	0x36020049
10001cc4:	3d01b2c9 	.word	0x3d01b2c9
10001cc8:	9b00e7ef 	.word	0x9b00e7ef
10001ccc:	3301781d 	.word	0x3301781d
10001cd0:	930033ff 	.word	0x930033ff
10001cd4:	681f4b10 	.word	0x681f4b10
10001cd8:	2e00003e 	.word	0x2e00003e
10001cdc:	3c01dc08 	.word	0x3c01dc08
10001ce0:	9a019b03 	.word	0x9a019b03
10001ce4:	1b1b189b 	.word	0x1b1b189b
10001ce8:	2c009305 	.word	0x2c009305
10001cec:	e7d2dced 	.word	0xe7d2dced
10001cf0:	2b00b26b 	.word	0x2b00b26b
10001cf4:	9b02da06 	.word	0x9b02da06
10001cf8:	18f89a04 	.word	0x18f89a04
10001cfc:	1b809905 	.word	0x1b809905
10001d00:	ff84f7ff 	.word	0xff84f7ff
10001d04:	b2ed006d 	.word	0xb2ed006d
10001d08:	e7e63e01 	.word	0xe7e63e01
10001d0c:	e7e79c01 	.word	0xe7e79c01
10001d10:	20000280 	.word	0x20000280
10001d14:	2000027c 	.word	0x2000027c
10001d18:	20000278 	.word	0x20000278
10001d1c:	20000978 	.word	0x20000978
10001d20:	b087b5f0 	.word	0xb087b5f0
10001d24:	4b479300 	.word	0x4b479300
10001d28:	681b4f47 	.word	0x681b4f47
10001d2c:	181b0014 	.word	0x181b0014
10001d30:	683b9301 	.word	0x683b9301
10001d34:	93039102 	.word	0x93039102
10001d38:	4313000b 	.word	0x4313000b
10001d3c:	25a0d459 	.word	0x25a0d459
10001d40:	006d4e42 	.word	0x006d4e42
10001d44:	00526832 	.word	0x00526832
10001d48:	42ab1853 	.word	0x42ab1853
10001d4c:	9b03dc51 	.word	0x9b03dc51
10001d50:	1919005b 	.word	0x1919005b
10001d54:	dc4c29f0 	.word	0xdc4c29f0
10001d58:	436c0021 	.word	0x436c0021
10001d5c:	f0019802 	.word	0xf0019802
10001d60:	9b02fe29 	.word	0x9b02fe29
10001d64:	18e46831 	.word	0x18e46831
10001d68:	00644b39 	.word	0x00644b39
10001d6c:	18e41a6d 	.word	0x18e41a6d
10001d70:	930200ab 	.word	0x930200ab
10001d74:	17db43cb 	.word	0x17db43cb
10001d78:	009b400b 	.word	0x009b400b
10001d7c:	23a09303 	.word	0x23a09303
10001d80:	469c009b 	.word	0x469c009b
10001d84:	28006838 	.word	0x28006838
10001d88:	b007dc01 	.word	0xb007dc01
10001d8c:	9b01bdf0 	.word	0x9b01bdf0
10001d90:	781a000d 	.word	0x781a000d
10001d94:	33ff3301 	.word	0x33ff3301
10001d98:	00239301 	.word	0x00239301
10001d9c:	dc052d00 	.word	0xdc052d00
10001da0:	38019b03 	.word	0x38019b03
10001da4:	9b0218e4 	.word	0x9b0218e4
10001da8:	e7ec18e4 	.word	0xe7ec18e4
10001dac:	2e00b256 	.word	0x2e00b256
10001db0:	9e00da08 	.word	0x9e00da08
10001db4:	801e9f00 	.word	0x801e9f00
10001db8:	4666805e 	.word	0x4666805e
10001dbc:	003e539f 	.word	0x003e539f
10001dc0:	53de4f24 	.word	0x53de4f24
10001dc4:	33040052 	.word	0x33040052
10001dc8:	3d01b2d2 	.word	0x3d01b2d2
10001dcc:	9b01e7e6 	.word	0x9b01e7e6
10001dd0:	781b9d02 	.word	0x781b9d02
10001dd4:	9b019304 	.word	0x9b019304
10001dd8:	33ff3301 	.word	0x33ff3301
10001ddc:	4b1b9301 	.word	0x4b1b9301
10001de0:	9305681b 	.word	0x9305681b
10001de4:	2b009b05 	.word	0x2b009b05
10001de8:	9b03dc07 	.word	0x9b03dc07
10001dec:	3b013402 	.word	0x3b013402
10001df0:	9b039303 	.word	0x9b039303
10001df4:	dcea2b00 	.word	0xdcea2b00
10001df8:	466be7c7 	.word	0x466be7c7
10001dfc:	b25b7c1b 	.word	0xb25b7c1b
10001e00:	da152b00 	.word	0xda152b00
10001e04:	00280021 	.word	0x00280021
10001e08:	1c6e9a00 	.word	0x1c6e9a00
10001e0c:	fefef7ff 	.word	0xfefef7ff
10001e10:	00211c67 	.word	0x00211c67
10001e14:	9a000030 	.word	0x9a000030
10001e18:	fef8f7ff 	.word	0xfef8f7ff
10001e1c:	00280039 	.word	0x00280039
10001e20:	f7ff9a00 	.word	0xf7ff9a00
10001e24:	0039fef3 	.word	0x0039fef3
10001e28:	9a000030 	.word	0x9a000030
10001e2c:	feeef7ff 	.word	0xfeeef7ff
10001e30:	35029b04 	.word	0x35029b04
10001e34:	b2db005b 	.word	0xb2db005b
10001e38:	9b059304 	.word	0x9b059304
10001e3c:	93053b01 	.word	0x93053b01
10001e40:	46c0e7d0 	.word	0x46c0e7d0
10001e44:	20000280 	.word	0x20000280
10001e48:	2000027c 	.word	0x2000027c
10001e4c:	20000278 	.word	0x20000278
10001e50:	20000978 	.word	0x20000978
10001e54:	00000282 	.word	0x00000282
10001e58:	b089b5f0 	.word	0xb089b5f0
10001e5c:	ab0e9305 	.word	0xab0e9305
10001e60:	4f39881b 	.word	0x4f39881b
10001e64:	4b399306 	.word	0x4b399306
10001e68:	681b9103 	.word	0x681b9103
10001e6c:	181b9204 	.word	0x181b9204
10001e70:	683b9301 	.word	0x683b9301
10001e74:	000b9302 	.word	0x000b9302
10001e78:	d4624313 	.word	0xd4624313
10001e7c:	4e3425a0 	.word	0x4e3425a0
10001e80:	6832006d 	.word	0x6832006d
10001e84:	42ab1853 	.word	0x42ab1853
10001e88:	9902dc5b 	.word	0x9902dc5b
10001e8c:	000c9b04 	.word	0x000c9b04
10001e90:	2bf0185b 	.word	0x2bf0185b
10001e94:	000bdc41 	.word	0x000bdc41
10001e98:	99049803 	.word	0x99049803
10001e9c:	fd8af001 	.word	0xfd8af001
10001ea0:	9a039b04 	.word	0x9a039b04
10001ea4:	6831436b 	.word	0x6831436b
10001ea8:	4a2a189b 	.word	0x4a2a189b
10001eac:	1a6d005b 	.word	0x1a6d005b
10001eb0:	006a189b 	.word	0x006a189b
10001eb4:	43ca9202 	.word	0x43ca9202
10001eb8:	400a17d2 	.word	0x400a17d2
10001ebc:	46940052 	.word	0x46940052
10001ec0:	28006838 	.word	0x28006838
10001ec4:	b009dc01 	.word	0xb009dc01
10001ec8:	9c01bdf0 	.word	0x9c01bdf0
10001ecc:	34019a01 	.word	0x34019a01
10001ed0:	940134ff 	.word	0x940134ff
10001ed4:	000c001d 	.word	0x000c001d
10001ed8:	2c007812 	.word	0x2c007812
10001edc:	9a02dc04 	.word	0x9a02dc04
10001ee0:	189b4463 	.word	0x189b4463
10001ee4:	e7ec3801 	.word	0xe7ec3801
10001ee8:	9f06b256 	.word	0x9f06b256
10001eec:	da002e00 	.word	0xda002e00
10001ef0:	00529f05 	.word	0x00529f05
10001ef4:	b2d2802f 	.word	0xb2d2802f
10001ef8:	35023c01 	.word	0x35023c01
10001efc:	9b01e7ed 	.word	0x9b01e7ed
10001f00:	3301781d 	.word	0x3301781d
10001f04:	930133ff 	.word	0x930133ff
10001f08:	681f4b11 	.word	0x681f4b11
10001f0c:	9b03003e 	.word	0x9b03003e
10001f10:	1b8019d8 	.word	0x1b8019d8
10001f14:	dc082e00 	.word	0xdc082e00
10001f18:	9b043c01 	.word	0x9b043c01
10001f1c:	189b9a02 	.word	0x189b9a02
10001f20:	93071b1b 	.word	0x93071b1b
10001f24:	dcea2c00 	.word	0xdcea2c00
10001f28:	b26be7cd 	.word	0xb26be7cd
10001f2c:	2b009a06 	.word	0x2b009a06
10001f30:	9a05da00 	.word	0x9a05da00
10001f34:	006d9907 	.word	0x006d9907
10001f38:	fe68f7ff 	.word	0xfe68f7ff
10001f3c:	3e01b2ed 	.word	0x3e01b2ed
10001f40:	9c02e7e5 	.word	0x9c02e7e5
10001f44:	46c0e7e9 	.word	0x46c0e7e9
10001f48:	2000027c 	.word	0x2000027c
10001f4c:	20000280 	.word	0x20000280
10001f50:	20000278 	.word	0x20000278
10001f54:	20000978 	.word	0x20000978
10001f58:	b089b5f0 	.word	0xb089b5f0
10001f5c:	ab0e9306 	.word	0xab0e9306
10001f60:	4f49881b 	.word	0x4f49881b
10001f64:	4b499307 	.word	0x4b499307
10001f68:	681b0014 	.word	0x681b0014
10001f6c:	181b9102 	.word	0x181b9102
10001f70:	683b9301 	.word	0x683b9301
10001f74:	000b9303 	.word	0x000b9303
10001f78:	d45b4313 	.word	0xd45b4313
10001f7c:	4e4425a0 	.word	0x4e4425a0
10001f80:	6832006d 	.word	0x6832006d
10001f84:	18530052 	.word	0x18530052
10001f88:	dc5342ab 	.word	0xdc5342ab
10001f8c:	005b9b03 	.word	0x005b9b03
10001f90:	29f01919 	.word	0x29f01919
10001f94:	0021dc4e 	.word	0x0021dc4e
10001f98:	9802436c 	.word	0x9802436c
10001f9c:	fd0af001 	.word	0xfd0af001
10001fa0:	68319b02 	.word	0x68319b02
10001fa4:	4b3b18e4 	.word	0x4b3b18e4
10001fa8:	1a6d0064 	.word	0x1a6d0064
10001fac:	00ab18e4 	.word	0x00ab18e4
10001fb0:	43cb9302 	.word	0x43cb9302
10001fb4:	400b17db 	.word	0x400b17db
10001fb8:	683f009b 	.word	0x683f009b
10001fbc:	2f009303 	.word	0x2f009303
10001fc0:	b009dc01 	.word	0xb009dc01
10001fc4:	9a01bdf0 	.word	0x9a01bdf0
10001fc8:	32019b01 	.word	0x32019b01
10001fcc:	920132ff 	.word	0x920132ff
10001fd0:	002022a0 	.word	0x002022a0
10001fd4:	0092468c 	.word	0x0092468c
10001fd8:	18a5781b 	.word	0x18a5781b
10001fdc:	2a004662 	.word	0x2a004662
10001fe0:	9b03dc05 	.word	0x9b03dc05
10001fe4:	18e43f01 	.word	0x18e43f01
10001fe8:	18e49b02 	.word	0x18e49b02
10001fec:	b25ee7e7 	.word	0xb25ee7e7
10001ff0:	2e009a07 	.word	0x2e009a07
10001ff4:	9a06da00 	.word	0x9a06da00
10001ff8:	80428002 	.word	0x80428002
10001ffc:	806a802a 	.word	0x806a802a
10002000:	005b2201 	.word	0x005b2201
10002004:	30044252 	.word	0x30044252
10002008:	4494b2db 	.word	0x4494b2db
1000200c:	e7e53504 	.word	0xe7e53504
10002010:	9f029b01 	.word	0x9f029b01
10002014:	9304781b 	.word	0x9304781b
10002018:	33019b01 	.word	0x33019b01
1000201c:	930133ff 	.word	0x930133ff
10002020:	681b4b1b 	.word	0x681b4b1b
10002024:	9b059305 	.word	0x9b059305
10002028:	dc072b00 	.word	0xdc072b00
1000202c:	34029b03 	.word	0x34029b03
10002030:	93033b01 	.word	0x93033b01
10002034:	2b009b03 	.word	0x2b009b03
10002038:	e7c2dcea 	.word	0xe7c2dcea
1000203c:	7c1b466b 	.word	0x7c1b466b
10002040:	b25b9d07 	.word	0xb25b9d07
10002044:	da002b00 	.word	0xda002b00
10002048:	00389d06 	.word	0x00389d06
1000204c:	0021002a 	.word	0x0021002a
10002050:	fddcf7ff 	.word	0xfddcf7ff
10002054:	1c781c66 	.word	0x1c781c66
10002058:	0021002a 	.word	0x0021002a
1000205c:	fdd6f7ff 	.word	0xfdd6f7ff
10002060:	002a0038 	.word	0x002a0038
10002064:	f7ff0031 	.word	0xf7ff0031
10002068:	1c78fdd1 	.word	0x1c78fdd1
1000206c:	0031002a 	.word	0x0031002a
10002070:	fdccf7ff 	.word	0xfdccf7ff
10002074:	37029b04 	.word	0x37029b04
10002078:	b2db005b 	.word	0xb2db005b
1000207c:	9b059304 	.word	0x9b059304
10002080:	93053b01 	.word	0x93053b01
10002084:	46c0e7cf 	.word	0x46c0e7cf
10002088:	2000027c 	.word	0x2000027c
1000208c:	20000280 	.word	0x20000280
10002090:	20000278 	.word	0x20000278
10002094:	20000978 	.word	0x20000978
10002098:	000cb5f8 	.word	0x000cb5f8
1000209c:	001f0016 	.word	0x001f0016
100020a0:	35010005 	.word	0x35010005
100020a4:	78181e6b 	.word	0x78181e6b
100020a8:	d0082800 	.word	0xd0082800
100020ac:	0021003b 	.word	0x0021003b
100020b0:	f7ff0032 	.word	0xf7ff0032
100020b4:	4b02fdbd 	.word	0x4b02fdbd
100020b8:	18e4681b 	.word	0x18e4681b
100020bc:	bdf8e7f1 	.word	0xbdf8e7f1
100020c0:	20000278 	.word	0x20000278
100020c4:	000cb5f8 	.word	0x000cb5f8
100020c8:	001f0016 	.word	0x001f0016
100020cc:	35010005 	.word	0x35010005
100020d0:	78181e6b 	.word	0x78181e6b
100020d4:	d0092800 	.word	0xd0092800
100020d8:	0021003b 	.word	0x0021003b
100020dc:	f7ff0032 	.word	0xf7ff0032
100020e0:	4b03fe1f 	.word	0x4b03fe1f
100020e4:	005b681b 	.word	0x005b681b
100020e8:	e7f018e4 	.word	0xe7f018e4
100020ec:	46c0bdf8 	.word	0x46c0bdf8
100020f0:	20000278 	.word	0x20000278
100020f4:	000cb5f0 	.word	0x000cb5f0
100020f8:	b0850005 	.word	0xb0850005
100020fc:	ab0a001e 	.word	0xab0a001e
10002100:	9203881f 	.word	0x9203881f
10002104:	1e6b3501 	.word	0x1e6b3501
10002108:	28007818 	.word	0x28007818
1000210c:	0033d009 	.word	0x0033d009
10002110:	9a030021 	.word	0x9a030021
10002114:	f7ff9700 	.word	0xf7ff9700
10002118:	4b03fe9f 	.word	0x4b03fe9f
1000211c:	18e4681b 	.word	0x18e4681b
10002120:	b005e7f0 	.word	0xb005e7f0
10002124:	46c0bdf0 	.word	0x46c0bdf0
10002128:	20000278 	.word	0x20000278
1000212c:	000cb5f0 	.word	0x000cb5f0
10002130:	b0850005 	.word	0xb0850005
10002134:	ab0a001e 	.word	0xab0a001e
10002138:	9203881f 	.word	0x9203881f
1000213c:	1e6b3501 	.word	0x1e6b3501
10002140:	28007818 	.word	0x28007818
10002144:	0033d00a 	.word	0x0033d00a
10002148:	9a030021 	.word	0x9a030021
1000214c:	f7ff9700 	.word	0xf7ff9700
10002150:	4b03ff03 	.word	0x4b03ff03
10002154:	005b681b 	.word	0x005b681b
10002158:	e7ef18e4 	.word	0xe7ef18e4
1000215c:	bdf0b005 	.word	0xbdf0b005
10002160:	20000278 	.word	0x20000278
10002164:	28012300 	.word	0x28012300
10002168:	4b03d904 	.word	0x4b03d904
1000216c:	4298681b 	.word	0x4298681b
10002170:	425b419b 	.word	0x425b419b
10002174:	4770b2d8 	.word	0x4770b2d8
10002178:	200008f4 	.word	0x200008f4
1000217c:	00894b08 	.word	0x00894b08
10002180:	230058c9 	.word	0x230058c9
10002184:	5ccab510 	.word	0x5ccab510
10002188:	d0052a00 	.word	0xd0052a00
1000218c:	42945cc4 	.word	0x42945cc4
10002190:	3301d104 	.word	0x3301d104
10002194:	d1f62b05 	.word	0xd1f62b05
10002198:	bd102001 	.word	0xbd102001
1000219c:	e7fc2000 	.word	0xe7fc2000
100021a0:	100056cc 	.word	0x100056cc
100021a4:	0004b510 	.word	0x0004b510
100021a8:	ffdcf7ff 	.word	0xffdcf7ff
100021ac:	d0062800 	.word	0xd0062800
100021b0:	3c024b03 	.word	0x3c024b03
100021b4:	435c781b 	.word	0x435c781b
100021b8:	68184b02 	.word	0x68184b02
100021bc:	bd101820 	.word	0xbd101820
100021c0:	200365fa 	.word	0x200365fa
100021c4:	20000698 	.word	0x20000698
100021c8:	7e814b07 	.word	0x7e814b07
100021cc:	7ec00002 	.word	0x7ec00002
100021d0:	0200781b 	.word	0x0200781b
100021d4:	2b034308 	.word	0x2b034308
100021d8:	7d53d105 	.word	0x7d53d105
100021dc:	021b7d11 	.word	0x021b7d11
100021e0:	041b430b 	.word	0x041b430b
100021e4:	47704318 	.word	0x47704318
100021e8:	2003660c 	.word	0x2003660c
100021ec:	0a1bb28b 	.word	0x0a1bb28b
100021f0:	4b0576c3 	.word	0x4b0576c3
100021f4:	781b7681 	.word	0x781b7681
100021f8:	d1032b03 	.word	0xd1032b03
100021fc:	75010c09 	.word	0x75010c09
10002200:	75410a09 	.word	0x75410a09
10002204:	46c04770 	.word	0x46c04770
10002208:	2003660c 	.word	0x2003660c
1000220c:	b5302300 	.word	0xb5302300
10002210:	754b720b 	.word	0x754b720b
10002214:	00026a84 	.word	0x00026a84
10002218:	429c0020 	.word	0x429c0020
1000221c:	0018d03e 	.word	0x0018d03e
10002220:	68d2001c 	.word	0x68d2001c
10002224:	5d100003 	.word	0x5d100003
10002228:	d0032820 	.word	0xd0032820
1000222c:	18cb1c5d 	.word	0x18cb1c5d
10002230:	b2eb7218 	.word	0xb2eb7218
10002234:	2807b2e0 	.word	0x2807b2e0
10002238:	242ed106 	.word	0x242ed106
1000223c:	18cb1c58 	.word	0x18cb1c58
10002240:	b2c0721c 	.word	0xb2c0721c
10002244:	e7ed3c26 	.word	0xe7ed3c26
10002248:	b2e03401 	.word	0xb2e03401
1000224c:	d1ea280b 	.word	0xd1ea280b
10002250:	d0052b00 	.word	0xd0052b00
10002254:	79c018c8 	.word	0x79c018c8
10002258:	d101282e 	.word	0xd101282e
1000225c:	b2db3b01 	.word	0xb2db3b01
10002260:	18c82400 	.word	0x18c82400
10002264:	754b7204 	.word	0x754b7204
10002268:	7f107f53 	.word	0x7f107f53
1000226c:	4303021b 	.word	0x4303021b
10002270:	04007f90 	.word	0x04007f90
10002274:	7fd34318 	.word	0x7fd34318
10002278:	4303061b 	.word	0x4303061b
1000227c:	7dd3600b 	.word	0x7dd3600b
10002280:	021b7d90 	.word	0x021b7d90
10002284:	808b4303 	.word	0x808b4303
10002288:	7e107e53 	.word	0x7e107e53
1000228c:	4303021b 	.word	0x4303021b
10002290:	7ad380cb 	.word	0x7ad380cb
10002294:	2001223f 	.word	0x2001223f
10002298:	758b4013 	.word	0x758b4013
1000229c:	0003bd30 	.word	0x0003bd30
100022a0:	2b193b61 	.word	0x2b193b61
100022a4:	3820d801 	.word	0x3820d801
100022a8:	4770b2c0 	.word	0x4770b2c0
100022ac:	68020003 	.word	0x68020003
100022b0:	32017810 	.word	0x32017810
100022b4:	0003601a 	.word	0x0003601a
100022b8:	2b193b61 	.word	0x2b193b61
100022bc:	3820d801 	.word	0x3820d801
100022c0:	4770b2c0 	.word	0x4770b2c0
100022c4:	7802b5f7 	.word	0x7802b5f7
100022c8:	9001000f 	.word	0x9001000f
100022cc:	d0122a2e 	.word	0xd0122a2e
100022d0:	002c2500 	.word	0x002c2500
100022d4:	f7ffa801 	.word	0xf7ffa801
100022d8:	0006ffe9 	.word	0x0006ffe9
100022dc:	2e005d38 	.word	0x2e005d38
100022e0:	2301d11f 	.word	0x2301d11f
100022e4:	d0042820 	.word	0xd0042820
100022e8:	2c080033 	.word	0x2c080033
100022ec:	3301d101 	.word	0x3301d101
100022f0:	b2d8406b 	.word	0xb2d8406b
100022f4:	2500e00e 	.word	0x2500e00e
100022f8:	002c780a 	.word	0x002c780a
100022fc:	d1e92a2e 	.word	0xd1e92a2e
10002300:	2c2e7844 	.word	0x2c2e7844
10002304:	7884d107 	.word	0x7884d107
10002308:	d1e242ac 	.word	0xd1e242ac
1000230c:	2b2e784b 	.word	0x2b2e784b
10002310:	2001d1e0 	.word	0x2001d1e0
10002314:	2c00bdfe 	.word	0x2c00bdfe
10002318:	784bd1db 	.word	0x784bd1db
1000231c:	d1d92b20 	.word	0xd1d92b20
10002320:	f7ffe7f7 	.word	0xf7ffe7f7
10002324:	2e3fffbc 	.word	0x2e3fffbc
10002328:	4286d001 	.word	0x4286d001
1000232c:	2c07d10b 	.word	0x2c07d10b
10002330:	3401d802 	.word	0x3401d802
10002334:	e7cdb2e4 	.word	0xe7cdb2e4
10002338:	d0cb2d00 	.word	0xd0cb2d00
1000233c:	b2e43401 	.word	0xb2e43401
10002340:	d1c72c0b 	.word	0xd1c72c0b
10002344:	2e2ee7e5 	.word	0x2e2ee7e5
10002348:	2e2ad005 	.word	0x2e2ad005
1000234c:	2d00d106 	.word	0x2d00d106
10002350:	2408d1df 	.word	0x2408d1df
10002354:	2408e7be 	.word	0x2408e7be
10002358:	e7bb2501 	.word	0xe7bb2501
1000235c:	e7d92000 	.word	0xe7d92000
10002360:	d81b287a 	.word	0xd81b287a
10002364:	d81c2860 	.word	0xd81c2860
10002368:	d80f283c 	.word	0xd80f283c
1000236c:	d8032829 	.word	0xd8032829
10002370:	d80a281f 	.word	0xd80a281f
10002374:	e0082000 	.word	0xe0082000
10002378:	4b0b0002 	.word	0x4b0b0002
1000237c:	b2d23a2a 	.word	0xb2d23a2a
10002380:	220140d3 	.word	0x220140d3
10002384:	3b014013 	.word	0x3b014013
10002388:	47704018 	.word	0x47704018
1000238c:	d802283f 	.word	0xd802283f
10002390:	d1ef283d 	.word	0xd1ef283d
10002394:	285ce7f9 	.word	0x285ce7f9
10002398:	e7f6d0ec 	.word	0xe7f6d0ec
1000239c:	d1f4287c 	.word	0xd1f4287c
100023a0:	3820e7e8 	.word	0x3820e7e8
100023a4:	e7f0b2c0 	.word	0xe7f0b2c0
100023a8:	00050021 	.word	0x00050021
100023ac:	000eb5f7 	.word	0x000eb5f7
100023b0:	2120220b 	.word	0x2120220b
100023b4:	f7fe9001 	.word	0xf7fe9001
100023b8:	6834f846 	.word	0x6834f846
100023bc:	2b227823 	.word	0x2b227823
100023c0:	2b2ed013 	.word	0x2b2ed013
100023c4:	2700d013 	.word	0x2700d013
100023c8:	7820003d 	.word	0x7820003d
100023cc:	d909281f 	.word	0xd909281f
100023d0:	282f3401 	.word	0x282f3401
100023d4:	285cd001 	.word	0x285cd001
100023d8:	7823d121 	.word	0x7823d121
100023dc:	d01c2b2f 	.word	0xd01c2b2f
100023e0:	d01a2b5c 	.word	0xd01a2b5c
100023e4:	60342001 	.word	0x60342001
100023e8:	3401e016 	.word	0x3401e016
100023ec:	2200e7e6 	.word	0x2200e7e6
100023f0:	2b1f7823 	.word	0x2b1f7823
100023f4:	3401d9f6 	.word	0x3401d9f6
100023f8:	d0f92b22 	.word	0xd0f92b22
100023fc:	d1062b2e 	.word	0xd1062b2e
10002400:	d0082a02 	.word	0xd0082a02
10002404:	1c519801 	.word	0x1c519801
10002408:	b2ca5483 	.word	0xb2ca5483
1000240c:	2b2fe7f0 	.word	0x2b2fe7f0
10002410:	2b5cd0e8 	.word	0x2b5cd0e8
10002414:	2000d0e6 	.word	0x2000d0e6
10002418:	3401bdfe 	.word	0x3401bdfe
1000241c:	282ee7dd 	.word	0x282ee7dd
10002420:	2f00d104 	.word	0x2f00d104
10002424:	2508d1f7 	.word	0x2508d1f7
10002428:	e7ce3701 	.word	0xe7ce3701
1000242c:	d0cc2822 	.word	0xd0cc2822
10002430:	ff96f7ff 	.word	0xff96f7ff
10002434:	d0ee2800 	.word	0xd0ee2800
10002438:	d9032d07 	.word	0xd9032d07
1000243c:	d0c42f00 	.word	0xd0c42f00
10002440:	d8c22d0a 	.word	0xd8c22d0a
10002444:	1c6b9a01 	.word	0x1c6b9a01
10002448:	b2dd5550 	.word	0xb2dd5550
1000244c:	0000e7bd 	.word	0x0000e7bd
10002450:	4b172201 	.word	0x4b172201
10002454:	601a4252 	.word	0x601a4252
10002458:	20022300 	.word	0x20022300
1000245c:	700b4915 	.word	0x700b4915
10002460:	700b4915 	.word	0x700b4915
10002464:	70084915 	.word	0x70084915
10002468:	700b4915 	.word	0x700b4915
1000246c:	700b4915 	.word	0x700b4915
10002470:	800b4915 	.word	0x800b4915
10002474:	600b4915 	.word	0x600b4915
10002478:	600b4915 	.word	0x600b4915
1000247c:	600a4915 	.word	0x600a4915
10002480:	600a4915 	.word	0x600a4915
10002484:	60134a15 	.word	0x60134a15
10002488:	60134a15 	.word	0x60134a15
1000248c:	60134a15 	.word	0x60134a15
10002490:	60134a15 	.word	0x60134a15
10002494:	60134a15 	.word	0x60134a15
10002498:	60134a15 	.word	0x60134a15
1000249c:	60134a15 	.word	0x60134a15
100024a0:	60134a15 	.word	0x60134a15
100024a4:	60134a15 	.word	0x60134a15
100024a8:	61d34a15 	.word	0x61d34a15
100024ac:	47706293 	.word	0x47706293
100024b0:	20000270 	.word	0x20000270
100024b4:	2003660b 	.word	0x2003660b
100024b8:	2003660c 	.word	0x2003660c
100024bc:	2000026c 	.word	0x2000026c
100024c0:	2003660d 	.word	0x2003660d
100024c4:	200365fa 	.word	0x200365fa
100024c8:	200365f8 	.word	0x200365f8
100024cc:	200008d4 	.word	0x200008d4
100024d0:	20000630 	.word	0x20000630
100024d4:	20000628 	.word	0x20000628
100024d8:	20000624 	.word	0x20000624
100024dc:	2000062c 	.word	0x2000062c
100024e0:	200008f4 	.word	0x200008f4
100024e4:	200008f8 	.word	0x200008f8
100024e8:	200006cc 	.word	0x200006cc
100024ec:	200008f0 	.word	0x200008f0
100024f0:	2000069c 	.word	0x2000069c
100024f4:	20000698 	.word	0x20000698
100024f8:	20000654 	.word	0x20000654
100024fc:	200008d0 	.word	0x200008d0
10002500:	200006a0 	.word	0x200006a0
10002504:	70032300 	.word	0x70032300
10002508:	1e034770 	.word	0x1e034770
1000250c:	7803d002 	.word	0x7803d002
10002510:	41931e5a 	.word	0x41931e5a
10002514:	4770b2d8 	.word	0x4770b2d8
10002518:	4d11b5f8 	.word	0x4d11b5f8
1000251c:	0014000b 	.word	0x0014000b
10002520:	4a106829 	.word	0x4a106829
10002524:	20000006 	.word	0x20000006
10002528:	d1174291 	.word	0xd1174291
1000252c:	4a0e6869 	.word	0x4a0e6869
10002530:	42971f0f 	.word	0x42971f0f
10002534:	4286d812 	.word	0x4286d812
10002538:	6031d000 	.word	0x6031d000
1000253c:	d0022b00 	.word	0xd0022b00
10002540:	188a4a0a 	.word	0x188a4a0a
10002544:	480a601a 	.word	0x480a601a
10002548:	f97af7ff 	.word	0xf97af7ff
1000254c:	d0002c00 	.word	0xd0002c00
10002550:	68ab6020 	.word	0x68ab6020
10002554:	42431a18 	.word	0x42431a18
10002558:	b2c04158 	.word	0xb2c04158
1000255c:	46c0bdf8 	.word	0x46c0bdf8
10002560:	100080c0 	.word	0x100080c0
10002564:	44415050 	.word	0x44415050
10002568:	00ff7ffc 	.word	0x00ff7ffc
1000256c:	000080cc 	.word	0x000080cc
10002570:	100080cc 	.word	0x100080cc
10002574:	4a154b14 	.word	0x4a154b14
10002578:	1ad24915 	.word	0x1ad24915
1000257c:	38180010 	.word	0x38180010
10002580:	6008b530 	.word	0x6008b530
10002584:	49132000 	.word	0x49132000
10002588:	60082508 	.word	0x60082508
1000258c:	70184912 	.word	0x70184912
10002590:	00196008 	.word	0x00196008
10002594:	70987058 	.word	0x70987058
10002598:	310870d8 	.word	0x310870d8
1000259c:	3801426d 	.word	0x3801426d
100025a0:	711d3a10 	.word	0x711d3a10
100025a4:	71987158 	.word	0x71987158
100025a8:	609b71d8 	.word	0x609b71d8
100025ac:	604a188c 	.word	0x604a188c
100025b0:	4b0a000a 	.word	0x4b0a000a
100025b4:	605a3208 	.word	0x605a3208
100025b8:	2201601a 	.word	0x2201601a
100025bc:	60cb608b 	.word	0x60cb608b
100025c0:	c422609a 	.word	0xc422609a
100025c4:	46c0bd30 	.word	0x46c0bd30
100025c8:	20039450 	.word	0x20039450
100025cc:	20040000 	.word	0x20040000
100025d0:	200364f4 	.word	0x200364f4
100025d4:	20036504 	.word	0x20036504
100025d8:	20036500 	.word	0x20036500
100025dc:	200364e8 	.word	0x200364e8
100025e0:	4a062302 	.word	0x4a062302
100025e4:	42196811 	.word	0x42196811
100025e8:	2104d0fc 	.word	0x2104d0fc
100025ec:	60184b04 	.word	0x60184b04
100025f0:	42086810 	.word	0x42086810
100025f4:	6818d0fc 	.word	0x6818d0fc
100025f8:	4770b2c0 	.word	0x4770b2c0
100025fc:	4004000c 	.word	0x4004000c
10002600:	40040008 	.word	0x40040008
10002604:	228023d0 	.word	0x228023d0
10002608:	061bb510 	.word	0x061bb510
1000260c:	615a0192 	.word	0x615a0192
10002610:	f7ff20ff 	.word	0xf7ff20ff
10002614:	20ffffe5 	.word	0x20ffffe5
10002618:	ffe2f7ff 	.word	0xffe2f7ff
1000261c:	f7ff20ff 	.word	0xf7ff20ff
10002620:	bd10ffdf 	.word	0xbd10ffdf
10002624:	b570b243 	.word	0xb570b243
10002628:	000d0004 	.word	0x000d0004
1000262c:	da072b00 	.word	0xda072b00
10002630:	20372100 	.word	0x20372100
10002634:	fff6f7ff 	.word	0xfff6f7ff
10002638:	d8302801 	.word	0xd8302801
1000263c:	401c237f 	.word	0x401c237f
10002640:	f7ff20ff 	.word	0xf7ff20ff
10002644:	20ffffcd 	.word	0x20ffffcd
10002648:	ffcaf7ff 	.word	0xffcaf7ff
1000264c:	f7ff20ff 	.word	0xf7ff20ff
10002650:	2040ffc7 	.word	0x2040ffc7
10002654:	f7ff4320 	.word	0xf7ff4320
10002658:	0e28ffc3 	.word	0x0e28ffc3
1000265c:	ffc0f7ff 	.word	0xffc0f7ff
10002660:	b2c00c28 	.word	0xb2c00c28
10002664:	ffbcf7ff 	.word	0xffbcf7ff
10002668:	b2c00a28 	.word	0xb2c00a28
1000266c:	ffb8f7ff 	.word	0xffb8f7ff
10002670:	f7ffb2e8 	.word	0xf7ffb2e8
10002674:	2095ffb5 	.word	0x2095ffb5
10002678:	d0032c00 	.word	0xd0032c00
1000267c:	2c08380e 	.word	0x2c08380e
10002680:	3078d000 	.word	0x3078d000
10002684:	ffacf7ff 	.word	0xffacf7ff
10002688:	20ff240a 	.word	0x20ff240a
1000268c:	ffa8f7ff 	.word	0xffa8f7ff
10002690:	2b00b243 	.word	0x2b00b243
10002694:	3c01da03 	.word	0x3c01da03
10002698:	2c00b2e4 	.word	0x2c00b2e4
1000269c:	bd70d1f5 	.word	0xbd70d1f5
100026a0:	2300b5f8 	.word	0x2300b5f8
100026a4:	494b4c4a 	.word	0x494b4c4a
100026a8:	7023484b 	.word	0x7023484b
100026ac:	fdeaf7fe 	.word	0xfdeaf7fe
100026b0:	494a2304 	.word	0x494a2304
100026b4:	680a484a 	.word	0x680a484a
100026b8:	d120421a 	.word	0xd120421a
100026bc:	ffa2f7ff 	.word	0xffa2f7ff
100026c0:	3d012514 	.word	0x3d012514
100026c4:	b2ed20ff 	.word	0xb2ed20ff
100026c8:	ff8af7ff 	.word	0xff8af7ff
100026cc:	d1f82d00 	.word	0xd1f82d00
100026d0:	228023d0 	.word	0x228023d0
100026d4:	0192061b 	.word	0x0192061b
100026d8:	619a20ff 	.word	0x619a20ff
100026dc:	ff80f7ff 	.word	0xff80f7ff
100026e0:	21002664 	.word	0x21002664
100026e4:	f7ff0008 	.word	0xf7ff0008
100026e8:	0007ff9d 	.word	0x0007ff9d
100026ec:	d0422801 	.word	0xd0422801
100026f0:	b2f63e01 	.word	0xb2f63e01
100026f4:	d1f42e00 	.word	0xd1f42e00
100026f8:	ff84f7ff 	.word	0xff84f7ff
100026fc:	6802e039 	.word	0x6802e039
10002700:	2100e7d9 	.word	0x2100e7d9
10002704:	2b022001 	.word	0x2b022001
10002708:	f7ffd060 	.word	0xf7ffd060
1000270c:	2101ff8b 	.word	0x2101ff8b
10002710:	40012301 	.word	0x40012301
10002714:	d0084218 	.word	0xd0084218
10002718:	200a3e01 	.word	0x200a3e01
1000271c:	f7feb2f6 	.word	0xf7feb2f6
10002720:	2e00fec1 	.word	0x2e00fec1
10002724:	7026d14d 	.word	0x7026d14d
10002728:	7823e7e6 	.word	0x7823e7e6
1000272c:	d1142b03 	.word	0xd1142b03
10002730:	f7ff203a 	.word	0xf7ff203a
10002734:	2801ff77 	.word	0x2801ff77
10002738:	20ffd80f 	.word	0x20ffd80f
1000273c:	ff50f7ff 	.word	0xff50f7ff
10002740:	d5010640 	.word	0xd5010640
10002744:	70232304 	.word	0x70232304
10002748:	f7ff20ff 	.word	0xf7ff20ff
1000274c:	20ffff49 	.word	0x20ffff49
10002750:	ff46f7ff 	.word	0xff46f7ff
10002754:	f7ff20ff 	.word	0xf7ff20ff
10002758:	2180ff43 	.word	0x2180ff43
1000275c:	00892010 	.word	0x00892010
10002760:	ff60f7ff 	.word	0xff60f7ff
10002764:	ff4ef7ff 	.word	0xff4ef7ff
10002768:	481b491e 	.word	0x481b491e
1000276c:	fd8af7fe 	.word	0xfd8af7fe
10002770:	0028003d 	.word	0x0028003d
10002774:	21d5bdf8 	.word	0x21d5bdf8
10002778:	00497020 	.word	0x00497020
1000277c:	f7ff2008 	.word	0xf7ff2008
10002780:	0740ff51 	.word	0x0740ff51
10002784:	20ffd411 	.word	0x20ffd411
10002788:	ff2af7ff 	.word	0xff2af7ff
1000278c:	f7ff20ff 	.word	0xf7ff20ff
10002790:	20ffff27 	.word	0x20ffff27
10002794:	ff24f7ff 	.word	0xff24f7ff
10002798:	20ff0006 	.word	0x20ff0006
1000279c:	ff20f7ff 	.word	0xff20f7ff
100027a0:	d1022e01 	.word	0xd1022e01
100027a4:	28aa2303 	.word	0x28aa2303
100027a8:	7823d009 	.word	0x7823d009
100027ac:	d1072b01 	.word	0xd1072b01
100027b0:	20a92100 	.word	0x20a92100
100027b4:	ff36f7ff 	.word	0xff36f7ff
100027b8:	d4010740 	.word	0xd4010740
100027bc:	70232302 	.word	0x70232302
100027c0:	7823261e 	.word	0x7823261e
100027c4:	d19c2b03 	.word	0xd19c2b03
100027c8:	05c92180 	.word	0x05c92180
100027cc:	e79c20a9 	.word	0xe79c20a9
100027d0:	20038f40 	.word	0x20038f40
100027d4:	0003d090 	.word	0x0003d090
100027d8:	40040000 	.word	0x40040000
100027dc:	4004000c 	.word	0x4004000c
100027e0:	40040008 	.word	0x40040008
100027e4:	000f4240 	.word	0x000f4240
100027e8:	0006b570 	.word	0x0006b570
100027ec:	4c0e000d 	.word	0x4c0e000d
100027f0:	f7ff20ff 	.word	0xf7ff20ff
100027f4:	28fffef5 	.word	0x28fffef5
100027f8:	3c01d104 	.word	0x3c01d104
100027fc:	d1f72c00 	.word	0xd1f72c00
10002800:	bd700020 	.word	0xbd700020
10002804:	28fe2400 	.word	0x28fe2400
10002808:	20ffd1fa 	.word	0x20ffd1fa
1000280c:	dc0642a5 	.word	0xdc0642a5
10002810:	fee6f7ff 	.word	0xfee6f7ff
10002814:	f7ff20ff 	.word	0xf7ff20ff
10002818:	2401fee3 	.word	0x2401fee3
1000281c:	f7ffe7f0 	.word	0xf7ffe7f0
10002820:	5530fedf 	.word	0x5530fedf
10002824:	e7f03401 	.word	0xe7f03401
10002828:	0000ea60 	.word	0x0000ea60
1000282c:	490bb510 	.word	0x490bb510
10002830:	f7fe480b 	.word	0xf7fe480b
10002834:	23d0fd27 	.word	0x23d0fd27
10002838:	061b2280 	.word	0x061b2280
1000283c:	619a0192 	.word	0x619a0192
10002840:	f7ff20ff 	.word	0xf7ff20ff
10002844:	20fffecd 	.word	0x20fffecd
10002848:	fecaf7ff 	.word	0xfecaf7ff
1000284c:	f7ff20ff 	.word	0xf7ff20ff
10002850:	20fffec7 	.word	0x20fffec7
10002854:	fec4f7ff 	.word	0xfec4f7ff
10002858:	46c0bd10 	.word	0x46c0bd10
1000285c:	000f4240 	.word	0x000f4240
10002860:	40040000 	.word	0x40040000
10002864:	f7ffb510 	.word	0xf7ffb510
10002868:	20fffecd 	.word	0x20fffecd
1000286c:	feb8f7ff 	.word	0xfeb8f7ff
10002870:	f7ff20ff 	.word	0xf7ff20ff
10002874:	20fffeb5 	.word	0x20fffeb5
10002878:	feb2f7ff 	.word	0xfeb2f7ff
1000287c:	f7ff20ff 	.word	0xf7ff20ff
10002880:	bd10feaf 	.word	0xbd10feaf
10002884:	4e12b570 	.word	0x4e12b570
10002888:	78330004 	.word	0x78330004
1000288c:	2b00000d 	.word	0x2b00000d
10002890:	f7ffd011 	.word	0xf7ffd011
10002894:	490fffcb 	.word	0x490fffcb
10002898:	f7fe480f 	.word	0xf7fe480f
1000289c:	7833fcf3 	.word	0x7833fcf3
100028a0:	d0002b04 	.word	0xd0002b04
100028a4:	00210264 	.word	0x00210264
100028a8:	f7ff2011 	.word	0xf7ff2011
100028ac:	2800febb 	.word	0x2800febb
100028b0:	f7ffd004 	.word	0xf7ffd004
100028b4:	2400fea7 	.word	0x2400fea7
100028b8:	bd700020 	.word	0xbd700020
100028bc:	00282180 	.word	0x00282180
100028c0:	f7ff0089 	.word	0xf7ff0089
100028c4:	0004ff91 	.word	0x0004ff91
100028c8:	ffccf7ff 	.word	0xffccf7ff
100028cc:	46c0e7f4 	.word	0x46c0e7f4
100028d0:	20038f40 	.word	0x20038f40
100028d4:	003d0900 	.word	0x003d0900
100028d8:	40040000 	.word	0x40040000
100028dc:	4e23b570 	.word	0x4e23b570
100028e0:	78330005 	.word	0x78330005
100028e4:	2b00000c 	.word	0x2b00000c
100028e8:	f7ffd011 	.word	0xf7ffd011
100028ec:	4920ff9f 	.word	0x4920ff9f
100028f0:	f7fe4820 	.word	0xf7fe4820
100028f4:	7833fcc7 	.word	0x7833fcc7
100028f8:	d0002b04 	.word	0xd0002b04
100028fc:	0029026d 	.word	0x0029026d
10002900:	f7ff2018 	.word	0xf7ff2018
10002904:	2800fe8f 	.word	0x2800fe8f
10002908:	f7ffd003 	.word	0xf7ffd003
1000290c:	2000fe7b 	.word	0x2000fe7b
10002910:	4d19bd70 	.word	0x4d19bd70
10002914:	f7ff20ff 	.word	0xf7ff20ff
10002918:	28fffe63 	.word	0x28fffe63
1000291c:	3d01d003 	.word	0x3d01d003
10002920:	d1f72d00 	.word	0xd1f72d00
10002924:	20fee7f1 	.word	0x20fee7f1
10002928:	fe5af7ff 	.word	0xfe5af7ff
1000292c:	009b2380 	.word	0x009b2380
10002930:	782018e5 	.word	0x782018e5
10002934:	f7ff3401 	.word	0xf7ff3401
10002938:	42acfe53 	.word	0x42acfe53
1000293c:	20ffd1f9 	.word	0x20ffd1f9
10002940:	fe4ef7ff 	.word	0xfe4ef7ff
10002944:	f7ff20ff 	.word	0xf7ff20ff
10002948:	4c0bfe4b 	.word	0x4c0bfe4b
1000294c:	f7ff20ff 	.word	0xf7ff20ff
10002950:	28fffe47 	.word	0x28fffe47
10002954:	3c01d002 	.word	0x3c01d002
10002958:	d1f72c00 	.word	0xd1f72c00
1000295c:	f7ff20ff 	.word	0xf7ff20ff
10002960:	f7fffe3f 	.word	0xf7fffe3f
10002964:	2001ff7f 	.word	0x2001ff7f
10002968:	46c0e7d2 	.word	0x46c0e7d2
1000296c:	20038f40 	.word	0x20038f40
10002970:	000f4240 	.word	0x000f4240
10002974:	40040000 	.word	0x40040000
10002978:	0000ea60 	.word	0x0000ea60
1000297c:	4b12b570 	.word	0x4b12b570
10002980:	2a00781a 	.word	0x2a00781a
10002984:	2001d101 	.word	0x2001d101
10002988:	2200bd70 	.word	0x2200bd70
1000298c:	4d104c0f 	.word	0x4d104c0f
10002990:	68280021 	.word	0x68280021
10002994:	f7ff701a 	.word	0xf7ff701a
10002998:	2800ffa1 	.word	0x2800ffa1
1000299c:	4b0dd0f4 	.word	0x4b0dd0f4
100029a0:	2b00781b 	.word	0x2b00781b
100029a4:	4b0cd0ef 	.word	0x4b0cd0ef
100029a8:	681a6828 	.word	0x681a6828
100029ac:	681b4b0b 	.word	0x681b4b0b
100029b0:	42931ac3 	.word	0x42931ac3
100029b4:	4b0ad2e7 	.word	0x4b0ad2e7
100029b8:	2b02781b 	.word	0x2b02781b
100029bc:	0021d1e3 	.word	0x0021d1e3
100029c0:	f7ff1880 	.word	0xf7ff1880
100029c4:	e7deff8b 	.word	0xe7deff8b
100029c8:	2003660b 	.word	0x2003660b
100029cc:	200006d0 	.word	0x200006d0
100029d0:	20000270 	.word	0x20000270
100029d4:	2003660c 	.word	0x2003660c
100029d8:	200008f8 	.word	0x200008f8
100029dc:	200008f0 	.word	0x200008f0
100029e0:	2003660d 	.word	0x2003660d
100029e4:	4d0cb570 	.word	0x4d0cb570
100029e8:	682b0004 	.word	0x682b0004
100029ec:	d1014283 	.word	0xd1014283
100029f0:	bd702001 	.word	0xbd702001
100029f4:	ffc2f7ff 	.word	0xffc2f7ff
100029f8:	d0082800 	.word	0xd0082800
100029fc:	49070020 	.word	0x49070020
10002a00:	ff40f7ff 	.word	0xff40f7ff
10002a04:	d1042800 	.word	0xd1042800
10002a08:	425b2301 	.word	0x425b2301
10002a0c:	2000602b 	.word	0x2000602b
10002a10:	602ce7ef 	.word	0x602ce7ef
10002a14:	46c0e7ec 	.word	0x46c0e7ec
10002a18:	20000270 	.word	0x20000270
10002a1c:	200006d0 	.word	0x200006d0
10002a20:	0004b5f7 	.word	0x0004b5f7
10002a24:	fb9ef7ff 	.word	0xfb9ef7ff
10002a28:	d0072800 	.word	0xd0072800
10002a2c:	781e4b27 	.word	0x781e4b27
10002a30:	d02d2e02 	.word	0xd02d2e02
10002a34:	d0392e03 	.word	0xd0392e03
10002a38:	d0022e01 	.word	0xd0022e01
10002a3c:	42402001 	.word	0x42402001
10002a40:	4f23bdfe 	.word	0x4f23bdfe
10002a44:	683b0865 	.word	0x683b0865
10002a48:	0a68192d 	.word	0x0a68192d
10002a4c:	f7ff18c0 	.word	0xf7ff18c0
10002a50:	2800ffc9 	.word	0x2800ffc9
10002a54:	4b1fd0f2 	.word	0x4b1fd0f2
10002a58:	9a009300 	.word	0x9a009300
10002a5c:	0ddb05eb 	.word	0x0ddb05eb
10002a60:	35015cd3 	.word	0x35015cd3
10002a64:	683b9301 	.word	0x683b9301
10002a68:	18c00a68 	.word	0x18c00a68
10002a6c:	ffbaf7ff 	.word	0xffbaf7ff
10002a70:	d0e32800 	.word	0xd0e32800
10002a74:	05ed9b00 	.word	0x05ed9b00
10002a78:	5d580ded 	.word	0x5d580ded
10002a7c:	02009b01 	.word	0x02009b01
10002a80:	42344318 	.word	0x42344318
10002a84:	0900d001 	.word	0x0900d001
10002a88:	0500e7da 	.word	0x0500e7da
10002a8c:	e7d70d00 	.word	0xe7d70d00
10002a90:	00604b0f 	.word	0x00604b0f
10002a94:	0a40681b 	.word	0x0a40681b
10002a98:	f7ff18c0 	.word	0xf7ff18c0
10002a9c:	2800ffa3 	.word	0x2800ffa3
10002aa0:	4b0cd0cc 	.word	0x4b0cd0cc
10002aa4:	0de40624 	.word	0x0de40624
10002aa8:	e7c95b18 	.word	0xe7c95b18
10002aac:	00a04b08 	.word	0x00a04b08
10002ab0:	0a40681b 	.word	0x0a40681b
10002ab4:	f7ff18c0 	.word	0xf7ff18c0
10002ab8:	2800ff95 	.word	0x2800ff95
10002abc:	4b05d0be 	.word	0x4b05d0be
10002ac0:	0de40664 	.word	0x0de40664
10002ac4:	01005918 	.word	0x01005918
10002ac8:	46c0e7dd 	.word	0x46c0e7dd
10002acc:	2003660c 	.word	0x2003660c
10002ad0:	200008f0 	.word	0x200008f0
10002ad4:	200006d0 	.word	0x200006d0
10002ad8:	2300b5f8 	.word	0x2300b5f8
10002adc:	000c0005 	.word	0x000c0005
10002ae0:	06cb6283 	.word	0x06cb6283
10002ae4:	2000d001 	.word	0x2000d001
10002ae8:	69c6bdf8 	.word	0x69c6bdf8
10002aec:	2e006201 	.word	0x2e006201
10002af0:	4f18d009 	.word	0x4f18d009
10002af4:	683b0030 	.word	0x683b0030
10002af8:	d92142a3 	.word	0xd92142a3
10002afc:	fb52f7ff 	.word	0xfb52f7ff
10002b00:	001ee010 	.word	0x001ee010
10002b04:	4b14e7f5 	.word	0x4b14e7f5
10002b08:	2b03781b 	.word	0x2b03781b
10002b0c:	4b13d103 	.word	0x4b13d103
10002b10:	2b00681b 	.word	0x2b00681b
10002b14:	4b12d1f5 	.word	0x4b12d1f5
10002b18:	015b881b 	.word	0x015b881b
10002b1c:	d9e242a3 	.word	0xd9e242a3
10002b20:	68184b0e 	.word	0x68184b0e
10002b24:	280062a8 	.word	0x280062a8
10002b28:	0a63d0dd 	.word	0x0a63d0dd
10002b2c:	62ab181b 	.word	0x62ab181b
10002b30:	4b0c05e4 	.word	0x4b0c05e4
10002b34:	18e40de4 	.word	0x18e40de4
10002b38:	626e2001 	.word	0x626e2001
10002b3c:	e7d360ec 	.word	0xe7d360ec
10002b40:	ff6ef7ff 	.word	0xff6ef7ff
10002b44:	f7ff0006 	.word	0xf7ff0006
10002b48:	2800fb0d 	.word	0x2800fb0d
10002b4c:	683bd0cb 	.word	0x683bd0cb
10002b50:	e7ce1ae4 	.word	0xe7ce1ae4
10002b54:	20000630 	.word	0x20000630
10002b58:	2003660c 	.word	0x2003660c
10002b5c:	2000069c 	.word	0x2000069c
10002b60:	200365f8 	.word	0x200365f8
10002b64:	200006d0 	.word	0x200006d0
10002b68:	1e04b5f8 	.word	0x1e04b5f8
10002b6c:	2000d101 	.word	0x2000d101
10002b70:	7803bdf8 	.word	0x7803bdf8
10002b74:	d0fa2b00 	.word	0xd0fa2b00
10002b78:	428e6986 	.word	0x428e6986
10002b7c:	000ed900 	.word	0x000ed900
10002b80:	42b26a22 	.word	0x42b26a22
10002b84:	2200d011 	.word	0x2200d011
10002b88:	62a26226 	.word	0x62a26226
10002b8c:	d00c4296 	.word	0xd00c4296
10002b90:	3e0169e5 	.word	0x3e0169e5
10002b94:	683b4f0b 	.word	0x683b4f0b
10002b98:	d90842b3 	.word	0xd90842b3
10002b9c:	62650028 	.word	0x62650028
10002ba0:	fb00f7ff 	.word	0xfb00f7ff
10002ba4:	181b0a73 	.word	0x181b0a73
10002ba8:	200162a3 	.word	0x200162a3
10002bac:	0028e7e0 	.word	0x0028e7e0
10002bb0:	ff36f7ff 	.word	0xff36f7ff
10002bb4:	f7ff0005 	.word	0xf7ff0005
10002bb8:	2800fad5 	.word	0x2800fad5
10002bbc:	683bd0d7 	.word	0x683bd0d7
10002bc0:	e7e71af6 	.word	0xe7e71af6
10002bc4:	20000630 	.word	0x20000630
10002bc8:	b085b5f0 	.word	0xb085b5f0
10002bcc:	000d0004 	.word	0x000d0004
10002bd0:	fac8f7ff 	.word	0xfac8f7ff
10002bd4:	28009002 	.word	0x28009002
10002bd8:	4b38d007 	.word	0x4b38d007
10002bdc:	2f02781f 	.word	0x2f02781f
10002be0:	2f03d046 	.word	0x2f03d046
10002be4:	2f01d055 	.word	0x2f01d055
10002be8:	2300d004 	.word	0x2300d004
10002bec:	98029302 	.word	0x98029302
10002bf0:	bdf0b005 	.word	0xbdf0b005
10002bf4:	08634e32 	.word	0x08634e32
10002bf8:	0a58191b 	.word	0x0a58191b
10002bfc:	68339301 	.word	0x68339301
10002c00:	f7ff18c0 	.word	0xf7ff18c0
10002c04:	2800feef 	.word	0x2800feef
10002c08:	9b01d0ef 	.word	0x9b01d0ef
10002c0c:	05d94a2d 	.word	0x05d94a2d
10002c10:	403b0023 	.word	0x403b0023
10002c14:	0dc99303 	.word	0x0dc99303
10002c18:	9200b2eb 	.word	0x9200b2eb
10002c1c:	d005423c 	.word	0xd005423c
10002c20:	5c52200f 	.word	0x5c52200f
10002c24:	4002011b 	.word	0x4002011b
10002c28:	b2db4313 	.word	0xb2db4313
10002c2c:	4f269a00 	.word	0x4f269a00
10002c30:	23015453 	.word	0x23015453
10002c34:	703b9c01 	.word	0x703b9c01
10002c38:	683318e4 	.word	0x683318e4
10002c3c:	18c00a60 	.word	0x18c00a60
10002c40:	fed0f7ff 	.word	0xfed0f7ff
10002c44:	d0d02800 	.word	0xd0d02800
10002c48:	05e49b03 	.word	0x05e49b03
10002c4c:	2b000de4 	.word	0x2b000de4
10002c50:	092dd006 	.word	0x092dd006
10002c54:	9b00b2ed 	.word	0x9b00b2ed
10002c58:	2301551d 	.word	0x2301551d
10002c5c:	e7c6703b 	.word	0xe7c6703b
10002c60:	9b00220f 	.word	0x9b00220f
10002c64:	5d1b0a2d 	.word	0x5d1b0a2d
10002c68:	43934015 	.word	0x43934015
10002c6c:	e7f2431d 	.word	0xe7f2431d
10002c70:	00604b13 	.word	0x00604b13
10002c74:	0a40681b 	.word	0x0a40681b
10002c78:	f7ff18c0 	.word	0xf7ff18c0
10002c7c:	2800feb3 	.word	0x2800feb3
10002c80:	4b10d0b3 	.word	0x4b10d0b3
10002c84:	0de40624 	.word	0x0de40624
10002c88:	2201531d 	.word	0x2201531d
10002c8c:	701a4b0e 	.word	0x701a4b0e
10002c90:	4b0be7ad 	.word	0x4b0be7ad
10002c94:	681b00a0 	.word	0x681b00a0
10002c98:	18c00a40 	.word	0x18c00a40
10002c9c:	fea2f7ff 	.word	0xfea2f7ff
10002ca0:	d0a22800 	.word	0xd0a22800
10002ca4:	06644b07 	.word	0x06644b07
10002ca8:	18e40de4 	.word	0x18e40de4
10002cac:	012d6823 	.word	0x012d6823
10002cb0:	071b0f1b 	.word	0x071b0f1b
10002cb4:	432b092d 	.word	0x432b092d
10002cb8:	e7e66023 	.word	0xe7e66023
10002cbc:	2003660c 	.word	0x2003660c
10002cc0:	200008f0 	.word	0x200008f0
10002cc4:	200006d0 	.word	0x200006d0
10002cc8:	2003660b 	.word	0x2003660b
10002ccc:	1e05b5f7 	.word	0x1e05b5f7
10002cd0:	4b39d10d 	.word	0x4b39d10d
10002cd4:	2e00681e 	.word	0x2e00681e
10002cd8:	4b38d019 	.word	0x4b38d019
10002cdc:	42b3681b 	.word	0x42b3681b
10002ce0:	4f37d915 	.word	0x4f37d915
10002ce4:	2b00683b 	.word	0x2b00683b
10002ce8:	2400d113 	.word	0x2400d113
10002cec:	f7ffe007 	.word	0xf7ffe007
10002cf0:	1e83fe97 	.word	0x1e83fe97
10002cf4:	33040004 	.word	0x33040004
10002cf8:	2401d903 	.word	0x2401d903
10002cfc:	00204264 	.word	0x00204264
10002d00:	4b2ebdfe 	.word	0x4b2ebdfe
10002d04:	681b002e 	.word	0x681b002e
10002d08:	d9ea4283 	.word	0xd9ea4283
10002d0c:	2601e7f7 	.word	0x2601e7f7
10002d10:	4b2ae7e7 	.word	0x4b2ae7e7
10002d14:	42ae9301 	.word	0x42ae9301
10002d18:	681bd113 	.word	0x681bd113
10002d1c:	42a31c74 	.word	0x42a31c74
10002d20:	2402d800 	.word	0x2402d800
10002d24:	f7ff0020 	.word	0xf7ff0020
10002d28:	1c43fe7b 	.word	0x1c43fe7b
10002d2c:	2800d0e5 	.word	0x2800d0e5
10002d30:	4b21d01d 	.word	0x4b21d01d
10002d34:	0018681b 	.word	0x0018681b
10002d38:	f7ff9300 	.word	0xf7ff9300
10002d3c:	2800fa13 	.word	0x2800fa13
10002d40:	9600d100 	.word	0x9600d100
10002d44:	9b019c00 	.word	0x9b019c00
10002d48:	681b3401 	.word	0x681b3401
10002d4c:	d80342a3 	.word	0xd80342a3
10002d50:	2b019b00 	.word	0x2b019b00
10002d54:	2402d9c9 	.word	0x2402d9c9
10002d58:	f7ff0020 	.word	0xf7ff0020
10002d5c:	2800fe61 	.word	0x2800fe61
10002d60:	3001d007 	.word	0x3001d007
10002d64:	9b00d0c9 	.word	0x9b00d0c9
10002d68:	d1ec429c 	.word	0xd1ec429c
10002d6c:	2c00e7bd 	.word	0x2c00e7bd
10002d70:	2101d0e7 	.word	0x2101d0e7
10002d74:	42490020 	.word	0x42490020
10002d78:	ff26f7ff 	.word	0xff26f7ff
10002d7c:	d0bc2800 	.word	0xd0bc2800
10002d80:	d10c2d00 	.word	0xd10c2d00
10002d84:	4a0f4b0c 	.word	0x4a0f4b0c
10002d88:	6812601c 	.word	0x6812601c
10002d8c:	4293683b 	.word	0x4293683b
10002d90:	2301d90c 	.word	0x2301d90c
10002d94:	78114a0c 	.word	0x78114a0c
10002d98:	7013430b 	.word	0x7013430b
10002d9c:	0021e7af 	.word	0x0021e7af
10002da0:	f7ff0028 	.word	0xf7ff0028
10002da4:	2800ff11 	.word	0x2800ff11
10002da8:	e7a6d1ec 	.word	0xe7a6d1ec
10002dac:	d0f02b00 	.word	0xd0f02b00
10002db0:	603b3b01 	.word	0x603b3b01
10002db4:	46c0e7ed 	.word	0x46c0e7ed
10002db8:	20000628 	.word	0x20000628
10002dbc:	200008f4 	.word	0x200008f4
10002dc0:	20000624 	.word	0x20000624
10002dc4:	2000062c 	.word	0x2000062c
10002dc8:	2000026c 	.word	0x2000026c
10002dcc:	f7ffb5f8 	.word	0xf7ffb5f8
10002dd0:	2104fe09 	.word	0x2104fe09
10002dd4:	d0511e04 	.word	0xd0511e04
10002dd8:	4d2a23ff 	.word	0x4d2a23ff
10002ddc:	5aea005b 	.word	0x5aea005b
10002de0:	429a4b29 	.word	0x429a4b29
10002de4:	4829d14a 	.word	0x4829d14a
10002de8:	f9c8f7ff 	.word	0xf9c8f7ff
10002dec:	d1052800 	.word	0xd1052800
10002df0:	48272103 	.word	0x48272103
10002df4:	f9c2f7ff 	.word	0xf9c2f7ff
10002df8:	d03f1e01 	.word	0xd03f1e01
10002dfc:	7b2b2280 	.word	0x7b2b2280
10002e00:	021b7ae9 	.word	0x021b7ae9
10002e04:	0092430b 	.word	0x0092430b
10002e08:	42932100 	.word	0x42932100
10002e0c:	8aead136 	.word	0x8aead136
10002e10:	d102428a 	.word	0xd102428a
10002e14:	428a6a6a 	.word	0x428a6a6a
10002e18:	7c2ed030 	.word	0x7c2ed030
10002e1c:	1e732100 	.word	0x1e732100
10002e20:	d82b2b01 	.word	0xd82b2b01
10002e24:	29007b69 	.word	0x29007b69
10002e28:	1e4bd028 	.word	0x1e4bd028
10002e2c:	d1274219 	.word	0xd1274219
10002e30:	021b692b 	.word	0x021b692b
10002e34:	071f0c1b 	.word	0x071f0c1b
10002e38:	7d28d122 	.word	0x7d28d122
10002e3c:	02007cef 	.word	0x02007cef
10002e40:	d1004338 	.word	0xd1004338
10002e44:	89ed6a28 	.word	0x89ed6a28
10002e48:	d0192d00 	.word	0xd0192d00
10002e4c:	091b4372 	.word	0x091b4372
10002e50:	189b195b 	.word	0x189b195b
10002e54:	d8134283 	.word	0xd8134283
10002e58:	42881ac0 	.word	0x42881ac0
10002e5c:	f7fdd310 	.word	0xf7fdd310
10002e60:	4b0cfa79 	.word	0x4b0cfa79
10002e64:	42982100 	.word	0x42982100
10002e68:	4b0bd808 	.word	0x4b0bd808
10002e6c:	42983103 	.word	0x42983103
10002e70:	4b0ad804 	.word	0x4b0ad804
10002e74:	42980021 	.word	0x42980021
10002e78:	2102d900 	.word	0x2102d900
10002e7c:	bdf80008 	.word	0xbdf80008
10002e80:	e7fb2100 	.word	0xe7fb2100
10002e84:	200006d0 	.word	0x200006d0
10002e88:	0000aa55 	.word	0x0000aa55
10002e8c:	20000706 	.word	0x20000706
10002e90:	20000722 	.word	0x20000722
10002e94:	0ffffff5 	.word	0x0ffffff5
10002e98:	0000fff8 	.word	0x0000fff8
10002e9c:	00000ff5 	.word	0x00000ff5
10002ea0:	b08bb5f0 	.word	0xb08bb5f0
10002ea4:	fad4f7ff 	.word	0xfad4f7ff
10002ea8:	fbfaf7ff 	.word	0xfbfaf7ff
10002eac:	28009003 	.word	0x28009003
10002eb0:	2300d104 	.word	0x2300d104
10002eb4:	98039303 	.word	0x98039303
10002eb8:	bdf0b00b 	.word	0xbdf0b00b
10002ebc:	f7ff2000 	.word	0xf7ff2000
10002ec0:	0006ff85 	.word	0x0006ff85
10002ec4:	d0f42804 	.word	0xd0f42804
10002ec8:	d0002800 	.word	0xd0002800
10002ecc:	0003e0b3 	.word	0x0003e0b3
10002ed0:	ad064965 	.word	0xad064965
10002ed4:	5c88011a 	.word	0x5c88011a
10002ed8:	42902200 	.word	0x42902200
10002edc:	0018d008 	.word	0x0018d008
10002ee0:	301c4a62 	.word	0x301c4a62
10002ee4:	18120100 	.word	0x18120100
10002ee8:	891288d0 	.word	0x891288d0
10002eec:	43020412 	.word	0x43020412
10002ef0:	33010098 	.word	0x33010098
10002ef4:	2b045142 	.word	0x2b045142
10002ef8:	2400d1ec 	.word	0x2400d1ec
10002efc:	58eb00a3 	.word	0x58eb00a3
10002f00:	2b009301 	.word	0x2b009301
10002f04:	0018d007 	.word	0x0018d007
10002f08:	ff60f7ff 	.word	0xff60f7ff
10002f0c:	b2db1e43 	.word	0xb2db1e43
10002f10:	2b020006 	.word	0x2b020006
10002f14:	3401d906 	.word	0x3401d906
10002f18:	d1ef2c04 	.word	0xd1ef2c04
10002f1c:	b2db1e73 	.word	0xb2db1e73
10002f20:	d8c62b02 	.word	0xd8c62b02
10002f24:	8add4b51 	.word	0x8add4b51
10002f28:	d1002d00 	.word	0xd1002d00
10002f2c:	4a506a5d 	.word	0x4a506a5d
10002f30:	60154950 	.word	0x60154950
10002f34:	700a7c1a 	.word	0x700a7c1a
10002f38:	9205436a 	.word	0x9205436a
10002f3c:	4a4e7b59 	.word	0x4a4e7b59
10002f40:	70110248 	.word	0x70110248
10002f44:	60104a4d 	.word	0x60104a4d
10002f48:	0212691a 	.word	0x0212691a
10002f4c:	4a4c0c10 	.word	0x4a4c0c10
10002f50:	80109002 	.word	0x80109002
10002f54:	7cda7d18 	.word	0x7cda7d18
10002f58:	43100200 	.word	0x43100200
10002f5c:	6a18d100 	.word	0x6a18d100
10002f60:	4c424b48 	.word	0x4c424b48
10002f64:	89e36018 	.word	0x89e36018
10002f68:	9b029304 	.word	0x9b029304
10002f6c:	091b9a04 	.word	0x091b9a04
10002f70:	9a05189b 	.word	0x9a05189b
10002f74:	1bc0189f 	.word	0x1bc0189f
10002f78:	f9ecf7fd 	.word	0xf9ecf7fd
10002f7c:	4b429a01 	.word	0x4b429a01
10002f80:	46614694 	.word	0x46614694
10002f84:	4b416018 	.word	0x4b416018
10002f88:	60183002 	.word	0x60183002
10002f8c:	187f4b40 	.word	0x187f4b40
10002f90:	9b04601a 	.word	0x9b04601a
10002f94:	44634a3f 	.word	0x44634a3f
10002f98:	4a3f6013 	.word	0x4a3f6013
10002f9c:	2e036017 	.word	0x2e036017
10002fa0:	9b02d14c 	.word	0x9b02d14c
10002fa4:	d0002b00 	.word	0xd0002b00
10002fa8:	4b3ce783 	.word	0x4b3ce783
10002fac:	00806ae2 	.word	0x00806ae2
10002fb0:	0023601a 	.word	0x0023601a
10002fb4:	781a3343 	.word	0x781a3343
10002fb8:	021b6c63 	.word	0x021b6c63
10002fbc:	4a384313 	.word	0x4a384313
10002fc0:	4b386013 	.word	0x4b386013
10002fc4:	0a4018c0 	.word	0x0a4018c0
10002fc8:	d90042a8 	.word	0xd90042a8
10002fcc:	2301e771 	.word	0x2301e771
10002fd0:	4d364f35 	.word	0x4d364f35
10002fd4:	603b425b 	.word	0x603b425b
10002fd8:	4b35602b 	.word	0x4b35602b
10002fdc:	23029302 	.word	0x23029302
10002fe0:	70139a02 	.word	0x70139a02
10002fe4:	d1232e03 	.word	0xd1232e03
10002fe8:	2b018e23 	.word	0x2b018e23
10002fec:	9801d120 	.word	0x9801d120
10002ff0:	f7ff3001 	.word	0xf7ff3001
10002ff4:	2800fcf7 	.word	0x2800fcf7
10002ff8:	2300d01a 	.word	0x2300d01a
10002ffc:	70139a02 	.word	0x70139a02
10003000:	68224b2c 	.word	0x68224b2c
10003004:	d113429a 	.word	0xd113429a
10003008:	005222f2 	.word	0x005222f2
1000300c:	58a24b2a 	.word	0x58a24b2a
10003010:	d10d429a 	.word	0xd10d429a
10003014:	005b23ff 	.word	0x005b23ff
10003018:	4b285ae2 	.word	0x4b285ae2
1000301c:	d107429a 	.word	0xd107429a
10003020:	005b23f4 	.word	0x005b23f4
10003024:	603b58e3 	.word	0x603b58e3
10003028:	005b23f6 	.word	0x005b23f6
1000302c:	602b58e3 	.word	0x602b58e3
10003030:	701e4b23 	.word	0x701e4b23
10003034:	2300e73f 	.word	0x2300e73f
10003038:	e7739301 	.word	0xe7739301
1000303c:	2a009a02 	.word	0x2a009a02
10003040:	e736d100 	.word	0xe736d100
10003044:	4a159905 	.word	0x4a159905
10003048:	6013185b 	.word	0x6013185b
1000304c:	d0052e01 	.word	0xd0052e01
10003050:	00230040 	.word	0x00230040
10003054:	7fda3308 	.word	0x7fda3308
10003058:	e7ae6aa3 	.word	0xe7ae6aa3
1000305c:	43432303 	.word	0x43432303
10003060:	085b4030 	.word	0x085b4030
10003064:	e7f41818 	.word	0xe7f41818
10003068:	20000892 	.word	0x20000892
1000306c:	200006d0 	.word	0x200006d0
10003070:	200008f8 	.word	0x200008f8
10003074:	2003660d 	.word	0x2003660d
10003078:	200365fa 	.word	0x200365fa
1000307c:	20000630 	.word	0x20000630
10003080:	200365f8 	.word	0x200365f8
10003084:	200008d4 	.word	0x200008d4
10003088:	2000062c 	.word	0x2000062c
1000308c:	200008f4 	.word	0x200008f4
10003090:	200006cc 	.word	0x200006cc
10003094:	200008f0 	.word	0x200008f0
10003098:	20000698 	.word	0x20000698
1000309c:	2000069c 	.word	0x2000069c
100030a0:	200008d0 	.word	0x200008d0
100030a4:	000001ff 	.word	0x000001ff
100030a8:	20000624 	.word	0x20000624
100030ac:	20000628 	.word	0x20000628
100030b0:	2000026c 	.word	0x2000026c
100030b4:	41615252 	.word	0x41615252
100030b8:	61417272 	.word	0x61417272
100030bc:	0000aa55 	.word	0x0000aa55
100030c0:	2003660c 	.word	0x2003660c
100030c4:	0004b5f7 	.word	0x0004b5f7
100030c8:	91001e05 	.word	0x91001e05
100030cc:	7803d00b 	.word	0x7803d00b
100030d0:	d0081e1d 	.word	0xd0081e1d
100030d4:	6a076981 	.word	0x6a076981
100030d8:	42971bcf 	.word	0x42971bcf
100030dc:	0017d900 	.word	0x0017d900
100030e0:	42af2500 	.word	0x42af2500
100030e4:	0028d801 	.word	0x0028d801
100030e8:	6a22bdfe 	.word	0x6a22bdfe
100030ec:	0dcb05d1 	.word	0x0dcb05d1
100030f0:	d1402900 	.word	0xd1402900
100030f4:	00080a51 	.word	0x00080a51
100030f8:	781b4b2a 	.word	0x781b4b2a
100030fc:	40183b01 	.word	0x40183b01
10003100:	42199001 	.word	0x42199001
10003104:	2a00d108 	.word	0x2a00d108
10003108:	69e6d125 	.word	0x69e6d125
1000310c:	f7ff0030 	.word	0xf7ff0030
10003110:	2800f829 	.word	0x2800f829
10003114:	6266d0e7 	.word	0x6266d0e7
10003118:	f7ff6a60 	.word	0xf7ff6a60
1000311c:	2800f843 	.word	0x2800f843
10003120:	9b01d0e1 	.word	0x9b01d0e1
10003124:	181b1b7e 	.word	0x181b1b7e
10003128:	23809301 	.word	0x23809301
1000312c:	429e009b 	.word	0x429e009b
10003130:	9900d316 	.word	0x9900d316
10003134:	f7ff9801 	.word	0xf7ff9801
10003138:	2800fba5 	.word	0x2800fba5
1000313c:	2680d0d3 	.word	0x2680d0d3
10003140:	9b0100b6 	.word	0x9b0100b6
10003144:	9b0062a3 	.word	0x9b0062a3
10003148:	199b19ad 	.word	0x199b19ad
1000314c:	6a239300 	.word	0x6a239300
10003150:	6223199b 	.word	0x6223199b
10003154:	6a60e7c5 	.word	0x6a60e7c5
10003158:	fc62f7ff 	.word	0xfc62f7ff
1000315c:	e7d50006 	.word	0xe7d50006
10003160:	f7ff9801 	.word	0xf7ff9801
10003164:	2800fc3f 	.word	0x2800fc3f
10003168:	0032d0bd 	.word	0x0032d0bd
1000316c:	9800490e 	.word	0x9800490e
10003170:	f96ef7fd 	.word	0xf96ef7fd
10003174:	2280e7e5 	.word	0x2280e7e5
10003178:	1ad30092 	.word	0x1ad30092
1000317c:	429e1b7e 	.word	0x429e1b7e
10003180:	001ed900 	.word	0x001ed900
10003184:	f7ff6aa0 	.word	0xf7ff6aa0
10003188:	2800fc2d 	.word	0x2800fc2d
1000318c:	6a21d0ab 	.word	0x6a21d0ab
10003190:	05c94b05 	.word	0x05c94b05
10003194:	00320dc9 	.word	0x00320dc9
10003198:	18c99800 	.word	0x18c99800
1000319c:	f958f7fd 	.word	0xf958f7fd
100031a0:	46c0e7d1 	.word	0x46c0e7d1
100031a4:	200365fa 	.word	0x200365fa
100031a8:	200006d0 	.word	0x200006d0
100031ac:	f7ffb570 	.word	0xf7ffb570
100031b0:	1e05fbe5 	.word	0x1e05fbe5
100031b4:	4b17d02b 	.word	0x4b17d02b
100031b8:	2b03781b 	.word	0x2b03781b
100031bc:	4e16d127 	.word	0x4e16d127
100031c0:	2b017833 	.word	0x2b017833
100031c4:	2280d123 	.word	0x2280d123
100031c8:	21004c14 	.word	0x21004c14
100031cc:	00200092 	.word	0x00200092
100031d0:	f939f7fd 	.word	0xf939f7fd
100031d4:	4a134b12 	.word	0x4a134b12
100031d8:	23f26023 	.word	0x23f26023
100031dc:	50e2005b 	.word	0x50e2005b
100031e0:	00214b11 	.word	0x00214b11
100031e4:	23f4681a 	.word	0x23f4681a
100031e8:	50e2005b 	.word	0x50e2005b
100031ec:	681a4b0f 	.word	0x681a4b0f
100031f0:	005b23f6 	.word	0x005b23f6
100031f4:	4a0e50e2 	.word	0x4a0e50e2
100031f8:	52e23312 	.word	0x52e23312
100031fc:	68184b0d 	.word	0x68184b0d
10003200:	30014b0d 	.word	0x30014b0d
10003204:	f7ff6018 	.word	0xf7ff6018
10003208:	2300fb69 	.word	0x2300fb69
1000320c:	00287033 	.word	0x00287033
10003210:	46c0bd70 	.word	0x46c0bd70
10003214:	2003660c 	.word	0x2003660c
10003218:	2000026c 	.word	0x2000026c
1000321c:	200006d0 	.word	0x200006d0
10003220:	41615252 	.word	0x41615252
10003224:	61417272 	.word	0x61417272
10003228:	20000624 	.word	0x20000624
1000322c:	20000628 	.word	0x20000628
10003230:	ffffaa55 	.word	0xffffaa55
10003234:	200006cc 	.word	0x200006cc
10003238:	20000270 	.word	0x20000270
1000323c:	1e05b570 	.word	0x1e05b570
10003240:	2000d101 	.word	0x2000d101
10003244:	7803bd70 	.word	0x7803bd70
10003248:	d0fa2b00 	.word	0xd0fa2b00
1000324c:	065b7ac3 	.word	0x065b7ac3
10003250:	6900d529 	.word	0x6900d529
10003254:	fbc6f7ff 	.word	0xfbc6f7ff
10003258:	d0f22800 	.word	0xd0f22800
1000325c:	22212100 	.word	0x22212100
10003260:	20602328 	.word	0x20602328
10003264:	736168ec 	.word	0x736168ec
10003268:	73e073a1 	.word	0x73e073a1
1000326c:	74e37463 	.word	0x74e37463
10003270:	75e075a1 	.word	0x75e075a1
10003274:	74227663 	.word	0x74227663
10003278:	762274a2 	.word	0x762274a2
1000327c:	3b097aea 	.word	0x3b097aea
10003280:	3301401a 	.word	0x3301401a
10003284:	72e34313 	.word	0x72e34313
10003288:	69e90020 	.word	0x69e90020
1000328c:	ffaef7fe 	.word	0xffaef7fe
10003290:	7e2b2201 	.word	0x7e2b2201
10003294:	7e6b7723 	.word	0x7e6b7723
10003298:	7eab7763 	.word	0x7eab7763
1000329c:	7eeb77a3 	.word	0x7eeb77a3
100032a0:	4b0577e3 	.word	0x4b0577e3
100032a4:	f7ff701a 	.word	0xf7ff701a
100032a8:	2800ff81 	.word	0x2800ff81
100032ac:	2240d0c9 	.word	0x2240d0c9
100032b0:	43937aeb 	.word	0x43937aeb
100032b4:	e7c572eb 	.word	0xe7c572eb
100032b8:	2003660b 	.word	0x2003660b
100032bc:	1e04b510 	.word	0x1e04b510
100032c0:	2000d101 	.word	0x2000d101
100032c4:	7803bd10 	.word	0x7803bd10
100032c8:	d0fa2b00 	.word	0xd0fa2b00
100032cc:	ffb6f7ff 	.word	0xffb6f7ff
100032d0:	d0f62800 	.word	0xd0f62800
100032d4:	70232300 	.word	0x70232300
100032d8:	0000e7f4 	.word	0x0000e7f4
100032dc:	0004b5f8 	.word	0x0004b5f8
100032e0:	fb4cf7ff 	.word	0xfb4cf7ff
100032e4:	d1021e05 	.word	0xd1021e05
100032e8:	00282500 	.word	0x00282500
100032ec:	0020bdf8 	.word	0x0020bdf8
100032f0:	ff58f7fe 	.word	0xff58f7fe
100032f4:	d0f71e04 	.word	0xd0f71e04
100032f8:	4b0a2280 	.word	0x4b0a2280
100032fc:	60184f0a 	.word	0x60184f0a
10003300:	00382100 	.word	0x00382100
10003304:	f7fd0092 	.word	0xf7fd0092
10003308:	4b08f89e 	.word	0x4b08f89e
1000330c:	1936781e 	.word	0x1936781e
10003310:	d0ea42b4 	.word	0xd0ea42b4
10003314:	00200039 	.word	0x00200039
10003318:	fae0f7ff 	.word	0xfae0f7ff
1000331c:	d0e32800 	.word	0xd0e32800
10003320:	e7f53401 	.word	0xe7f53401
10003324:	20000270 	.word	0x20000270
10003328:	200006d0 	.word	0x200006d0
1000332c:	200365fa 	.word	0x200365fa
10003330:	6a06b5f7 	.word	0x6a06b5f7
10003334:	36200004 	.word	0x36200004
10003338:	910105f3 	.word	0x910105f3
1000333c:	2b000ddf 	.word	0x2b000ddf
10003340:	6a83d131 	.word	0x6a83d131
10003344:	62833301 	.word	0x62833301
10003348:	28006a40 	.word	0x28006a40
1000334c:	4b19d107 	.word	0x4b19d107
10003350:	015b881b 	.word	0x015b881b
10003354:	d82642b3 	.word	0xd82642b3
10003358:	200062a0 	.word	0x200062a0
1000335c:	4b16bdfe 	.word	0x4b16bdfe
10003360:	781b0a72 	.word	0x781b0a72
10003364:	421a3b01 	.word	0x421a3b01
10003368:	f7ffd11d 	.word	0xf7ffd11d
1000336c:	1e83fb59 	.word	0x1e83fb59
10003370:	33040005 	.word	0x33040005
10003374:	4b11d8f1 	.word	0x4b11d8f1
10003378:	4283681b 	.word	0x4283681b
1000337c:	9b01d80e 	.word	0x9b01d80e
10003380:	2b0062a7 	.word	0x2b0062a7
10003384:	6a60d0e9 	.word	0x6a60d0e9
10003388:	fca0f7ff 	.word	0xfca0f7ff
1000338c:	00051e43 	.word	0x00051e43
10003390:	d8e23303 	.word	0xd8e23303
10003394:	ffa2f7ff 	.word	0xffa2f7ff
10003398:	d0de2800 	.word	0xd0de2800
1000339c:	62650028 	.word	0x62650028
100033a0:	ff00f7fe 	.word	0xff00f7fe
100033a4:	4b0662a0 	.word	0x4b0662a0
100033a8:	18ff2001 	.word	0x18ff2001
100033ac:	60e76226 	.word	0x60e76226
100033b0:	46c0e7d4 	.word	0x46c0e7d4
100033b4:	200365f8 	.word	0x200365f8
100033b8:	200365fa 	.word	0x200365fa
100033bc:	200008f4 	.word	0x200008f4
100033c0:	200006d0 	.word	0x200006d0
100033c4:	0004b570 	.word	0x0004b570
100033c8:	263f000d 	.word	0x263f000d
100033cc:	28006aa0 	.word	0x28006aa0
100033d0:	f7ffd007 	.word	0xf7ffd007
100033d4:	2800fb07 	.word	0x2800fb07
100033d8:	68e3d005 	.word	0x68e3d005
100033dc:	2a00781a 	.word	0x2a00781a
100033e0:	2300d103 	.word	0x2300d103
100033e4:	200062a3 	.word	0x200062a3
100033e8:	7adbbd70 	.word	0x7adbbd70
100033ec:	2ae54033 	.word	0x2ae54033
100033f0:	43abd001 	.word	0x43abd001
100033f4:	2100d0f8 	.word	0x2100d0f8
100033f8:	f7ff0020 	.word	0xf7ff0020
100033fc:	2800ff99 	.word	0x2800ff99
10003400:	e7f0d1e4 	.word	0xe7f0d1e4
10003404:	2100b5f8 	.word	0x2100b5f8
10003408:	f7ff0004 	.word	0xf7ff0004
1000340c:	2800fb65 	.word	0x2800fb65
10003410:	263fd00e 	.word	0x263fd00e
10003414:	6aa02708 	.word	0x6aa02708
10003418:	d0072800 	.word	0xd0072800
1000341c:	fae2f7ff 	.word	0xfae2f7ff
10003420:	d0051e05 	.word	0xd0051e05
10003424:	780b68e1 	.word	0x780b68e1
10003428:	d1042b00 	.word	0xd1042b00
1000342c:	62a32300 	.word	0x62a32300
10003430:	00282500 	.word	0x00282500
10003434:	7acbbdf8 	.word	0x7acbbdf8
10003438:	4032001a 	.word	0x4032001a
1000343c:	423b72e2 	.word	0x423b72e2
10003440:	220bd105 	.word	0x220bd105
10003444:	f0020020 	.word	0xf0020020
10003448:	2800f85f 	.word	0x2800f85f
1000344c:	2100d0f1 	.word	0x2100d0f1
10003450:	f7ff0020 	.word	0xf7ff0020
10003454:	2800ff6d 	.word	0x2800ff6d
10003458:	e7e9d1dd 	.word	0xe7e9d1dd
1000345c:	000bb573 	.word	0x000bb573
10003460:	26010005 	.word	0x26010005
10003464:	91012000 	.word	0x91012000
10003468:	3301001c 	.word	0x3301001c
1000346c:	78121e5a 	.word	0x78121e5a
10003470:	d0212a22 	.word	0xd0212a22
10003474:	d0012800 	.word	0xd0012800
10003478:	94010021 	.word	0x94010021
1000347c:	d11d2a2f 	.word	0xd11d2a2f
10003480:	2200000b 	.word	0x2200000b
10003484:	78182401 	.word	0x78182401
10003488:	d01c282f 	.word	0xd01c282f
1000348c:	d01a285c 	.word	0xd01a285c
10003490:	d0012a00 	.word	0xd0012a00
10003494:	93010019 	.word	0x93010019
10003498:	61eb2300 	.word	0x61eb2300
1000349c:	2464780b 	.word	0x2464780b
100034a0:	2b1f2610 	.word	0x2b1f2610
100034a4:	2100d812 	.word	0x2100d812
100034a8:	f7ff0028 	.word	0xf7ff0028
100034ac:	2390fb15 	.word	0x2390fb15
100034b0:	d11e2800 	.word	0xd11e2800
100034b4:	bd762000 	.word	0xbd762000
100034b8:	e7d50030 	.word	0xe7d50030
100034bc:	d0df2a5c 	.word	0xd0df2a5c
100034c0:	681b4b16 	.word	0x681b4b16
100034c4:	0022e7e9 	.word	0x0022e7e9
100034c8:	e7dc3301 	.word	0xe7dc3301
100034cc:	a9010028 	.word	0xa9010028
100034d0:	ff6cf7fe 	.word	0xff6cf7fe
100034d4:	d0ed2800 	.word	0xd0ed2800
100034d8:	f7ff0028 	.word	0xf7ff0028
100034dc:	9b01ff93 	.word	0x9b01ff93
100034e0:	2800781b 	.word	0x2800781b
100034e4:	2b1fd108 	.word	0x2b1fd108
100034e8:	782bd8e4 	.word	0x782bd8e4
100034ec:	d0e12b2e 	.word	0xd0e12b2e
100034f0:	200123ff 	.word	0x200123ff
100034f4:	e7de72eb 	.word	0xe7de72eb
100034f8:	d90a2b1f 	.word	0xd90a2b1f
100034fc:	42337aeb 	.word	0x42337aeb
10003500:	68e8d0d8 	.word	0x68e8d0d8
10003504:	fe60f7fe 	.word	0xfe60f7fe
10003508:	b2e43c01 	.word	0xb2e43c01
1000350c:	2c0061e8 	.word	0x2c0061e8
10003510:	1e63d1dc 	.word	0x1e63d1dc
10003514:	b2e0419c 	.word	0xb2e0419c
10003518:	46c0e7cd 	.word	0x46c0e7cd
1000351c:	20000654 	.word	0x20000654
10003520:	4b16b5f8 	.word	0x4b16b5f8
10003524:	781b0004 	.word	0x781b0004
10003528:	d1032b00 	.word	0xd1032b00
1000352c:	70252500 	.word	0x70252500
10003530:	bdf80028 	.word	0xbdf80028
10003534:	d0f92800 	.word	0xd0f92800
10003538:	ff90f7ff 	.word	0xff90f7ff
1000353c:	d0f51e05 	.word	0xd0f51e05
10003540:	2bff7ae3 	.word	0x2bff7ae3
10003544:	2210d0f2 	.word	0x2210d0f2
10003548:	4016001e 	.word	0x4016001e
1000354c:	d1ed4213 	.word	0xd1ed4213
10003550:	68e74b0b 	.word	0x68e74b0b
10003554:	0038681b 	.word	0x0038681b
10003558:	f7fe6123 	.word	0xf7fe6123
1000355c:	61e0fe35 	.word	0x61e0fe35
10003560:	7f3a7f7b 	.word	0x7f3a7f7b
10003564:	4313021b 	.word	0x4313021b
10003568:	04127fba 	.word	0x04127fba
1000356c:	7ffb431a 	.word	0x7ffb431a
10003570:	061b62a6 	.word	0x061b62a6
10003574:	61a34313 	.word	0x61a34313
10003578:	e7d96226 	.word	0xe7d96226
1000357c:	2003660c 	.word	0x2003660c
10003580:	20000270 	.word	0x20000270
10003584:	4b0fb570 	.word	0x4b0fb570
10003588:	781b0001 	.word	0x781b0001
1000358c:	d1022b00 	.word	0xd1022b00
10003590:	00202400 	.word	0x00202400
10003594:	4d0cbd70 	.word	0x4d0cbd70
10003598:	f7ff0028 	.word	0xf7ff0028
1000359c:	1e04ff5f 	.word	0x1e04ff5f
100035a0:	7aebd0f6 	.word	0x7aebd0f6
100035a4:	d0f32bff 	.word	0xd0f32bff
100035a8:	d5f106da 	.word	0xd5f106da
100035ac:	2b904e07 	.word	0x2b904e07
100035b0:	69ebd102 	.word	0x69ebd102
100035b4:	e7ec6033 	.word	0xe7ec6033
100035b8:	f7fe68e8 	.word	0xf7fe68e8
100035bc:	6030fe05 	.word	0x6030fe05
100035c0:	46c0e7e7 	.word	0x46c0e7e7
100035c4:	2003660c 	.word	0x2003660c
100035c8:	200006a0 	.word	0x200006a0
100035cc:	20000654 	.word	0x20000654
100035d0:	4b11b510 	.word	0x4b11b510
100035d4:	781b0004 	.word	0x781b0004
100035d8:	d1022b00 	.word	0xd1022b00
100035dc:	70202000 	.word	0x70202000
100035e0:	2800bd10 	.word	0x2800bd10
100035e4:	f7ffd0fa 	.word	0xf7ffd0fa
100035e8:	2800ff39 	.word	0x2800ff39
100035ec:	7ae3d0f6 	.word	0x7ae3d0f6
100035f0:	d0f32bff 	.word	0xd0f32bff
100035f4:	d5f106da 	.word	0xd5f106da
100035f8:	d00a2b90 	.word	0xd00a2b90
100035fc:	f7fe68e0 	.word	0xf7fe68e0
10003600:	61e0fde3 	.word	0x61e0fde3
10003604:	00202100 	.word	0x00202100
10003608:	fa66f7ff 	.word	0xfa66f7ff
1000360c:	d1e72800 	.word	0xd1e72800
10003610:	232ee7e4 	.word	0x232ee7e4
10003614:	e7f57023 	.word	0xe7f57023
10003618:	2003660c 	.word	0x2003660c
1000361c:	4b32b5f7 	.word	0x4b32b5f7
10003620:	93010006 	.word	0x93010006
10003624:	9100781b 	.word	0x9100781b
10003628:	d1012b00 	.word	0xd1012b00
1000362c:	bdfe2000 	.word	0xbdfe2000
10003630:	2b009b00 	.word	0x2b009b00
10003634:	2800d0fa 	.word	0x2800d0fa
10003638:	4b2cd0f8 	.word	0x4b2cd0f8
1000363c:	681b4c2c 	.word	0x681b4c2c
10003640:	61e39d00 	.word	0x61e39d00
10003644:	2f0069e7 	.word	0x2f0069e7
10003648:	9b00d121 	.word	0x9b00d121
1000364c:	1b5c0030 	.word	0x1b5c0030
10003650:	19710022 	.word	0x19710022
10003654:	ff7cf001 	.word	0xff7cf001
10003658:	b2a02300 	.word	0xb2a02300
1000365c:	e7e65433 	.word	0xe7e65433
10003660:	00204f24 	.word	0x00204f24
10003664:	f7fe0039 	.word	0xf7fe0039
10003668:	2800fdd1 	.word	0x2800fdd1
1000366c:	7d7ad0de 	.word	0x7d7ad0de
10003670:	42ab1c53 	.word	0x42ab1c53
10003674:	1aa8dada 	.word	0x1aa8dada
10003678:	1830491f 	.word	0x1830491f
1000367c:	fee8f7fc 	.word	0xfee8f7fc
10003680:	1aeb7d7b 	.word	0x1aeb7d7b
10003684:	b29d3b01 	.word	0xb29d3b01
10003688:	5573232f 	.word	0x5573232f
1000368c:	9b01e7da 	.word	0x9b01e7da
10003690:	2b03781b 	.word	0x2b03781b
10003694:	4b19d103 	.word	0x4b19d103
10003698:	429f681b 	.word	0x429f681b
1000369c:	2120d0d5 	.word	0x2120d0d5
100036a0:	f7ff0020 	.word	0xf7ff0020
100036a4:	2800fa19 	.word	0x2800fa19
100036a8:	6aa0d0c0 	.word	0x6aa0d0c0
100036ac:	f99af7ff 	.word	0xf99af7ff
100036b0:	d0bb2800 	.word	0xd0bb2800
100036b4:	f7fe68e0 	.word	0xf7fe68e0
100036b8:	2100fd87 	.word	0x2100fd87
100036bc:	002061e0 	.word	0x002061e0
100036c0:	fa0af7ff 	.word	0xfa0af7ff
100036c4:	d0b12800 	.word	0xd0b12800
100036c8:	00202137 	.word	0x00202137
100036cc:	fe7af7ff 	.word	0xfe7af7ff
100036d0:	d0ab2800 	.word	0xd0ab2800
100036d4:	f7fe68e0 	.word	0xf7fe68e0
100036d8:	42b8fd77 	.word	0x42b8fd77
100036dc:	2100d0c0 	.word	0x2100d0c0
100036e0:	f7ff0020 	.word	0xf7ff0020
100036e4:	e7edfe25 	.word	0xe7edfe25
100036e8:	2003660c 	.word	0x2003660c
100036ec:	20000654 	.word	0x20000654
100036f0:	200006a0 	.word	0x200006a0
100036f4:	20000944 	.word	0x20000944
100036f8:	2000094c 	.word	0x2000094c
100036fc:	2000069c 	.word	0x2000069c
10003700:	0004b5f8 	.word	0x0004b5f8
10003704:	0016000d 	.word	0x0016000d
10003708:	6aa3001f 	.word	0x6aa3001f
1000370c:	d01b2b00 	.word	0xd01b2b00
10003710:	00200031 	.word	0x00200031
10003714:	fe56f7ff 	.word	0xfe56f7ff
10003718:	d0152800 	.word	0xd0152800
1000371c:	003868e1 	.word	0x003868e1
10003720:	fdd0f7fe 	.word	0xfdd0f7fe
10003724:	d00b1e01 	.word	0xd00b1e01
10003728:	00200029 	.word	0x00200029
1000372c:	fd6ef7fe 	.word	0xfd6ef7fe
10003730:	d0091e05 	.word	0xd0091e05
10003734:	00202100 	.word	0x00202100
10003738:	fdfaf7ff 	.word	0xfdfaf7ff
1000373c:	bdf80028 	.word	0xbdf80028
10003740:	f7ff0020 	.word	0xf7ff0020
10003744:	e7e0fdf5 	.word	0xe7e0fdf5
10003748:	e7f72500 	.word	0xe7f72500
1000374c:	2408b570 	.word	0x2408b570
10003750:	4919250c 	.word	0x4919250c
10003754:	f7fd4819 	.word	0xf7fd4819
10003758:	2101fdfd 	.word	0x2101fdfd
1000375c:	f7fd200c 	.word	0xf7fd200c
10003760:	4b17fafd 	.word	0x4b17fafd
10003764:	681b4a17 	.word	0x681b4a17
10003768:	40632101 	.word	0x40632101
1000376c:	6013402b 	.word	0x6013402b
10003770:	f7fd200a 	.word	0xf7fd200a
10003774:	4b14faf3 	.word	0x4b14faf3
10003778:	681b4a14 	.word	0x681b4a14
1000377c:	40632101 	.word	0x40632101
10003780:	6013402b 	.word	0x6013402b
10003784:	f7fd200b 	.word	0xf7fd200b
10003788:	4b11fae9 	.word	0x4b11fae9
1000378c:	681b4a11 	.word	0x681b4a11
10003790:	4063200d 	.word	0x4063200d
10003794:	6013402b 	.word	0x6013402b
10003798:	fb6ef7fd 	.word	0xfb6ef7fd
1000379c:	22804b0e 	.word	0x22804b0e
100037a0:	0192681b 	.word	0x0192681b
100037a4:	4b0d405c 	.word	0x4b0d405c
100037a8:	601c402c 	.word	0x601c402c
100037ac:	061b23d0 	.word	0x061b23d0
100037b0:	625a615a 	.word	0x625a615a
100037b4:	46c0bd70 	.word	0x46c0bd70
100037b8:	0003d090 	.word	0x0003d090
100037bc:	40040000 	.word	0x40040000
100037c0:	4001c034 	.word	0x4001c034
100037c4:	4001d034 	.word	0x4001d034
100037c8:	4001c02c 	.word	0x4001c02c
100037cc:	4001d02c 	.word	0x4001d02c
100037d0:	4001c030 	.word	0x4001c030
100037d4:	4001d030 	.word	0x4001d030
100037d8:	4001c038 	.word	0x4001c038
100037dc:	4001d038 	.word	0x4001d038
100037e0:	228023d0 	.word	0x228023d0
100037e4:	0192061b 	.word	0x0192061b
100037e8:	4808b510 	.word	0x4808b510
100037ec:	f7fd615a 	.word	0xf7fd615a
100037f0:	200cfd39 	.word	0x200cfd39
100037f4:	fb0cf7fd 	.word	0xfb0cf7fd
100037f8:	f7fd200a 	.word	0xf7fd200a
100037fc:	200bfb09 	.word	0x200bfb09
10003800:	fb06f7fd 	.word	0xfb06f7fd
10003804:	f7fd200d 	.word	0xf7fd200d
10003808:	bd10fb03 	.word	0xbd10fb03
1000380c:	40040000 	.word	0x40040000
10003810:	d0061e02 	.word	0xd0061e02
10003814:	1e413001 	.word	0x1e413001
10003818:	29007809 	.word	0x29007809
1000381c:	1a80d1fa 	.word	0x1a80d1fa
10003820:	47703801 	.word	0x47703801
10003824:	24d0b537 	.word	0x24d0b537
10003828:	2580466b 	.word	0x2580466b
1000382c:	03ad0624 	.word	0x03ad0624
10003830:	70081dd9 	.word	0x70081dd9
10003834:	238061a5 	.word	0x238061a5
10003838:	61a3029b 	.word	0x61a3029b
1000383c:	48022201 	.word	0x48022201
10003840:	fdaff7fd 	.word	0xfdaff7fd
10003844:	bd376165 	.word	0xbd376165
10003848:	4003c000 	.word	0x4003c000
1000384c:	24d0b570 	.word	0x24d0b570
10003850:	06242580 	.word	0x06242580
10003854:	000a03ad 	.word	0x000a03ad
10003858:	238061a5 	.word	0x238061a5
1000385c:	6163029b 	.word	0x6163029b
10003860:	48020001 	.word	0x48020001
10003864:	fd9df7fd 	.word	0xfd9df7fd
10003868:	bd706165 	.word	0xbd706165
1000386c:	4003c000 	.word	0x4003c000
10003870:	24d0b5f7 	.word	0x24d0b5f7
10003874:	2680466b 	.word	0x2680466b
10003878:	06249100 	.word	0x06249100
1000387c:	1dd903b6 	.word	0x1dd903b6
10003880:	00157008 	.word	0x00157008
10003884:	278061a6 	.word	0x278061a6
10003888:	61a702bf 	.word	0x61a702bf
1000388c:	48052201 	.word	0x48052201
10003890:	fd87f7fd 	.word	0xfd87f7fd
10003894:	48036167 	.word	0x48036167
10003898:	9900002a 	.word	0x9900002a
1000389c:	fd81f7fd 	.word	0xfd81f7fd
100038a0:	bdf76166 	.word	0xbdf76166
100038a4:	4003c000 	.word	0x4003c000
100038a8:	24d0b570 	.word	0x24d0b570
100038ac:	06242680 	.word	0x06242680
100038b0:	61a603b6 	.word	0x61a603b6
100038b4:	036d2580 	.word	0x036d2580
100038b8:	61652032 	.word	0x61652032
100038bc:	fdf2f7fd 	.word	0xfdf2f7fd
100038c0:	203261a5 	.word	0x203261a5
100038c4:	fdeef7fd 	.word	0xfdeef7fd
100038c8:	61652096 	.word	0x61652096
100038cc:	fdeaf7fd 	.word	0xfdeaf7fd
100038d0:	bd706166 	.word	0xbd706166
100038d4:	2001b510 	.word	0x2001b510
100038d8:	ffa4f7ff 	.word	0xffa4f7ff
100038dc:	f7fd2096 	.word	0xf7fd2096
100038e0:	bd10fde1 	.word	0xbd10fde1
100038e4:	2011b510 	.word	0x2011b510
100038e8:	ff9cf7ff 	.word	0xff9cf7ff
100038ec:	b510bd10 	.word	0xb510bd10
100038f0:	f7ff2021 	.word	0xf7ff2021
100038f4:	bd10ff97 	.word	0xbd10ff97
100038f8:	466bb507 	.word	0x466bb507
100038fc:	70081dd9 	.word	0x70081dd9
10003900:	203a2201 	.word	0x203a2201
10003904:	ffb4f7ff 	.word	0xffb4f7ff
10003908:	0000bd07 	.word	0x0000bd07
1000390c:	4903b510 	.word	0x4903b510
10003910:	18092201 	.word	0x18092201
10003914:	f7ff2036 	.word	0xf7ff2036
10003918:	bd10ffab 	.word	0xbd10ffab
1000391c:	10006efc 	.word	0x10006efc
10003920:	001cb537 	.word	0x001cb537
10003924:	3901466b 	.word	0x3901466b
10003928:	ba49ba40 	.word	0xba49ba40
1000392c:	80d98098 	.word	0x80d98098
10003930:	a9010015 	.word	0xa9010015
10003934:	202a2204 	.word	0x202a2204
10003938:	ff9af7ff 	.word	0xff9af7ff
1000393c:	3c01466b 	.word	0x3c01466b
10003940:	ba6d2204 	.word	0xba6d2204
10003944:	202ba901 	.word	0x202ba901
10003948:	809dba64 	.word	0x809dba64
1000394c:	f7ff80dc 	.word	0xf7ff80dc
10003950:	202cff8f 	.word	0x202cff8f
10003954:	ff66f7ff 	.word	0xff66f7ff
10003958:	0000bd37 	.word	0x0000bd37
1000395c:	21a02200 	.word	0x21a02200
10003960:	00494b05 	.word	0x00494b05
10003964:	4b05601a 	.word	0x4b05601a
10003968:	4b056019 	.word	0x4b056019
1000396c:	4b05601a 	.word	0x4b05601a
10003970:	601a32f0 	.word	0x601a32f0
10003974:	46c04770 	.word	0x46c04770
10003978:	200008d8 	.word	0x200008d8
1000397c:	200008dc 	.word	0x200008dc
10003980:	200008e0 	.word	0x200008e0
10003984:	200008e4 	.word	0x200008e4
10003988:	4b0622a0 	.word	0x4b0622a0
1000398c:	601a0052 	.word	0x601a0052
10003990:	21f02200 	.word	0x21f02200
10003994:	601a4b04 	.word	0x601a4b04
10003998:	60194b04 	.word	0x60194b04
1000399c:	601a4b04 	.word	0x601a4b04
100039a0:	46c04770 	.word	0x46c04770
100039a4:	200008d8 	.word	0x200008d8
100039a8:	200008dc 	.word	0x200008dc
100039ac:	200008e0 	.word	0x200008e0
100039b0:	200008e4 	.word	0x200008e4
100039b4:	2800b530 	.word	0x2800b530
100039b8:	1812da01 	.word	0x1812da01
100039bc:	25a02000 	.word	0x25a02000
100039c0:	006d1884 	.word	0x006d1884
100039c4:	dd0042ac 	.word	0xdd0042ac
100039c8:	2a001a2a 	.word	0x2a001a2a
100039cc:	2900dd20 	.word	0x2900dd20
100039d0:	185bda01 	.word	0x185bda01
100039d4:	18cc2100 	.word	0x18cc2100
100039d8:	dd012cf0 	.word	0xdd012cf0
100039dc:	1a5b23f0 	.word	0x1a5b23f0
100039e0:	dd152b00 	.word	0xdd152b00
100039e4:	68254c0b 	.word	0x68254c0b
100039e8:	dd004285 	.word	0xdd004285
100039ec:	18806020 	.word	0x18806020
100039f0:	68144a09 	.word	0x68144a09
100039f4:	dd0042a0 	.word	0xdd0042a0
100039f8:	4a086010 	.word	0x4a086010
100039fc:	42886810 	.word	0x42886810
10003a00:	6011dd00 	.word	0x6011dd00
10003a04:	4b0618c9 	.word	0x4b0618c9
10003a08:	4291681a 	.word	0x4291681a
10003a0c:	6019dd00 	.word	0x6019dd00
10003a10:	46c0bd30 	.word	0x46c0bd30
10003a14:	200008d8 	.word	0x200008d8
10003a18:	200008dc 	.word	0x200008dc
10003a1c:	200008e0 	.word	0x200008e0
10003a20:	200008e4 	.word	0x200008e4
10003a24:	005b23a0 	.word	0x005b23a0
10003a28:	d2174298 	.word	0xd2174298
10003a2c:	d81529ef 	.word	0xd81529ef
10003a30:	681a4b0b 	.word	0x681a4b0b
10003a34:	dd004282 	.word	0xdd004282
10003a38:	4b0a6018 	.word	0x4b0a6018
10003a3c:	4282681a 	.word	0x4282681a
10003a40:	3001dc01 	.word	0x3001dc01
10003a44:	4b086018 	.word	0x4b086018
10003a48:	428a681a 	.word	0x428a681a
10003a4c:	6019dd00 	.word	0x6019dd00
10003a50:	681a4b06 	.word	0x681a4b06
10003a54:	dc01428a 	.word	0xdc01428a
10003a58:	60193101 	.word	0x60193101
10003a5c:	46c04770 	.word	0x46c04770
10003a60:	200008d8 	.word	0x200008d8
10003a64:	200008dc 	.word	0x200008dc
10003a68:	200008e0 	.word	0x200008e0
10003a6c:	200008e4 	.word	0x200008e4
10003a70:	4d21b5f7 	.word	0x4d21b5f7
10003a74:	682a4e21 	.word	0x682a4e21
10003a78:	429a6833 	.word	0x429a6833
10003a7c:	4c20da2f 	.word	0x4c20da2f
10003a80:	68224f20 	.word	0x68224f20
10003a84:	429a683b 	.word	0x429a683b
10003a88:	23ffda29 	.word	0x23ffda29
10003a8c:	71d3466a 	.word	0x71d3466a
10003a90:	228023d0 	.word	0x228023d0
10003a94:	0392061b 	.word	0x0392061b
10003a98:	2280615a 	.word	0x2280615a
10003a9c:	619a0292 	.word	0x619a0292
10003aa0:	2201466b 	.word	0x2201466b
10003aa4:	48181dd9 	.word	0x48181dd9
10003aa8:	fc7bf7fd 	.word	0xfc7bf7fd
10003aac:	6822683b 	.word	0x6822683b
10003ab0:	68286831 	.word	0x68286831
10003ab4:	b292b29b 	.word	0xb292b29b
10003ab8:	b280b289 	.word	0xb280b289
10003abc:	ff30f7ff 	.word	0xff30f7ff
10003ac0:	24a06823 	.word	0x24a06823
10003ac4:	435c0064 	.word	0x435c0064
10003ac8:	683f682a 	.word	0x683f682a
10003acc:	4a0f18a4 	.word	0x4a0f18a4
10003ad0:	18a40064 	.word	0x18a40064
10003ad4:	2f001aff 	.word	0x2f001aff
10003ad8:	f7ffdc02 	.word	0xf7ffdc02
10003adc:	bdf7ff55 	.word	0xbdf7ff55
10003ae0:	6831682b 	.word	0x6831682b
10003ae4:	1ac90020 	.word	0x1ac90020
10003ae8:	f7ff0049 	.word	0xf7ff0049
10003aec:	23a0feaf 	.word	0x23a0feaf
10003af0:	18e4009b 	.word	0x18e4009b
10003af4:	e7ee3f01 	.word	0xe7ee3f01
10003af8:	200008d8 	.word	0x200008d8
10003afc:	200008dc 	.word	0x200008dc
10003b00:	200008e0 	.word	0x200008e0
10003b04:	200008e4 	.word	0x200008e4
10003b08:	4003c000 	.word	0x4003c000
10003b0c:	20000978 	.word	0x20000978
10003b10:	681b4b03 	.word	0x681b4b03
10003b14:	4b034058 	.word	0x4b034058
10003b18:	6018b280 	.word	0x6018b280
10003b1c:	46c04770 	.word	0x46c04770
10003b20:	4005000c 	.word	0x4005000c
10003b24:	4005100c 	.word	0x4005100c
10003b28:	4b02b510 	.word	0x4b02b510
10003b2c:	f7ff78d8 	.word	0xf7ff78d8
10003b30:	bd10ffef 	.word	0xbd10ffef
10003b34:	20000634 	.word	0x20000634
10003b38:	4c3cb573 	.word	0x4c3cb573
10003b3c:	00200005 	.word	0x00200005
10003b40:	f7fd493b 	.word	0xf7fd493b
10003b44:	2340fc07 	.word	0x2340fc07
10003b48:	20006822 	.word	0x20006822
10003b4c:	4a394393 	.word	0x4a394393
10003b50:	60132601 	.word	0x60132601
10003b54:	68212380 	.word	0x68212380
10003b58:	438b24d0 	.word	0x438b24d0
10003b5c:	f7fd6013 	.word	0xf7fd6013
10003b60:	2104fa63 	.word	0x2104fa63
10003b64:	f7fd2010 	.word	0xf7fd2010
10003b68:	4933f8f9 	.word	0x4933f8f9
10003b6c:	f7fd2000 	.word	0xf7fd2000
10003b70:	22fffa77 	.word	0x22fffa77
10003b74:	20004b31 	.word	0x20004b31
10003b78:	f7ff601a 	.word	0xf7ff601a
10003b7c:	4b30ffc9 	.word	0x4b30ffc9
10003b80:	601e0624 	.word	0x601e0624
10003b84:	029b2380 	.word	0x029b2380
10003b88:	21056163 	.word	0x21056163
10003b8c:	20116263 	.word	0x20116263
10003b90:	f8e4f7fd 	.word	0xf8e4f7fd
10003b94:	02db2380 	.word	0x02db2380
10003b98:	61630031 	.word	0x61630031
10003b9c:	62632012 	.word	0x62632012
10003ba0:	f8dcf7fd 	.word	0xf8dcf7fd
10003ba4:	00314b27 	.word	0x00314b27
10003ba8:	2320681a 	.word	0x2320681a
10003bac:	22304053 	.word	0x22304053
10003bb0:	4a254013 	.word	0x4a254013
10003bb4:	60132013 	.word	0x60132013
10003bb8:	031b2380 	.word	0x031b2380
10003bbc:	62636163 	.word	0x62636163
10003bc0:	f8ccf7fd 	.word	0xf8ccf7fd
10003bc4:	035b2380 	.word	0x035b2380
10003bc8:	21056163 	.word	0x21056163
10003bcc:	20146263 	.word	0x20146263
10003bd0:	f8c4f7fd 	.word	0xf8c4f7fd
10003bd4:	039b2380 	.word	0x039b2380
10003bd8:	21056163 	.word	0x21056163
10003bdc:	20156263 	.word	0x20156263
10003be0:	f8bcf7fd 	.word	0xf8bcf7fd
10003be4:	fe60f7ff 	.word	0xfe60f7ff
10003be8:	fe74f7ff 	.word	0xfe74f7ff
10003bec:	fe7af7ff 	.word	0xfe7af7ff
10003bf0:	4b16466a 	.word	0x4b16466a
10003bf4:	8093a901 	.word	0x8093a901
10003bf8:	220220b0 	.word	0x220220b0
10003bfc:	fe38f7ff 	.word	0xfe38f7ff
10003c00:	f7ff2055 	.word	0xf7ff2055
10003c04:	2032fe79 	.word	0x2032fe79
10003c08:	fc4cf7fd 	.word	0xfc4cf7fd
10003c0c:	f7ff0028 	.word	0xf7ff0028
10003c10:	f7fffe7d 	.word	0xf7fffe7d
10003c14:	200afe6c 	.word	0x200afe6c
10003c18:	fc44f7fd 	.word	0xfc44f7fd
10003c1c:	ff84f7ff 	.word	0xff84f7ff
10003c20:	feb2f7ff 	.word	0xfeb2f7ff
10003c24:	f7ff2029 	.word	0xf7ff2029
10003c28:	bd73fdfd 	.word	0xbd73fdfd
10003c2c:	4003c000 	.word	0x4003c000
10003c30:	016e3600 	.word	0x016e3600
10003c34:	4003d000 	.word	0x4003d000
10003c38:	00562200 	.word	0x00562200
10003c3c:	40050010 	.word	0x40050010
10003c40:	40052000 	.word	0x40052000
10003c44:	4001c04c 	.word	0x4001c04c
10003c48:	4001d04c 	.word	0x4001d04c
10003c4c:	ffffe800 	.word	0xffffe800
10003c50:	2028b510 	.word	0x2028b510
10003c54:	fde6f7ff 	.word	0xfde6f7ff
10003c58:	4b0c2201 	.word	0x4b0c2201
10003c5c:	601a2000 	.word	0x601a2000
10003c60:	f9e2f7fd 	.word	0xf9e2f7fd
10003c64:	f7fd2010 	.word	0xf7fd2010
10003c68:	2011f8d3 	.word	0x2011f8d3
10003c6c:	f8d0f7fd 	.word	0xf8d0f7fd
10003c70:	f7fd2012 	.word	0xf7fd2012
10003c74:	2013f8cd 	.word	0x2013f8cd
10003c78:	f8caf7fd 	.word	0xf8caf7fd
10003c7c:	f7fd2014 	.word	0xf7fd2014
10003c80:	2015f8c7 	.word	0x2015f8c7
10003c84:	f8c4f7fd 	.word	0xf8c4f7fd
10003c88:	46c0bd10 	.word	0x46c0bd10
10003c8c:	40053000 	.word	0x40053000
10003c90:	4b022200 	.word	0x4b022200
10003c94:	4b02601a 	.word	0x4b02601a
10003c98:	4770601a 	.word	0x4770601a
10003c9c:	200008e8 	.word	0x200008e8
10003ca0:	200008ec 	.word	0x200008ec
10003ca4:	0004b537 	.word	0x0004b537
10003ca8:	fee0f7fd 	.word	0xfee0f7fd
10003cac:	4a0b4d0a 	.word	0x4a0b4d0a
10003cb0:	6829480b 	.word	0x6829480b
10003cb4:	88006812 	.word	0x88006812
10003cb8:	01124b0a 	.word	0x01124b0a
10003cbc:	00c9881b 	.word	0x00c9881b
10003cc0:	00209000 	.word	0x00209000
10003cc4:	fa16f7fe 	.word	0xfa16f7fe
10003cc8:	f7ff0020 	.word	0xf7ff0020
10003ccc:	682bfda1 	.word	0x682bfda1
10003cd0:	602b181b 	.word	0x602b181b
10003cd4:	46c0bd37 	.word	0x46c0bd37
10003cd8:	200008e8 	.word	0x200008e8
10003cdc:	200008ec 	.word	0x200008ec
10003ce0:	200365d0 	.word	0x200365d0
10003ce4:	200365d4 	.word	0x200365d4
10003ce8:	0004b537 	.word	0x0004b537
10003cec:	fed4f7fd 	.word	0xfed4f7fd
10003cf0:	4d0a2006 	.word	0x4d0a2006
10003cf4:	68294a0a 	.word	0x68294a0a
10003cf8:	43416812 	.word	0x43416812
10003cfc:	4b0a4809 	.word	0x4b0a4809
10003d00:	881b8800 	.word	0x881b8800
10003d04:	900000d2 	.word	0x900000d2
10003d08:	f7fe0020 	.word	0xf7fe0020
10003d0c:	0020f9f3 	.word	0x0020f9f3
10003d10:	fd7ef7ff 	.word	0xfd7ef7ff
10003d14:	181b682b 	.word	0x181b682b
10003d18:	bd37602b 	.word	0xbd37602b
10003d1c:	200008e8 	.word	0x200008e8
10003d20:	200008ec 	.word	0x200008ec
10003d24:	200365d0 	.word	0x200365d0
10003d28:	200365d4 	.word	0x200365d4
10003d2c:	2200b507 	.word	0x2200b507
10003d30:	7018ab01 	.word	0x7018ab01
10003d34:	705a0018 	.word	0x705a0018
10003d38:	ffb4f7ff 	.word	0xffb4f7ff
10003d3c:	b507bd07 	.word	0xb507bd07
10003d40:	ab012200 	.word	0xab012200
10003d44:	00187018 	.word	0x00187018
10003d48:	f7ff705a 	.word	0xf7ff705a
10003d4c:	bd07ffcd 	.word	0xbd07ffcd
10003d50:	2020b510 	.word	0x2020b510
10003d54:	ffeaf7ff 	.word	0xffeaf7ff
10003d58:	b570bd10 	.word	0xb570bd10
10003d5c:	000c0005 	.word	0x000c0005
10003d60:	dc002c00 	.word	0xdc002c00
10003d64:	0028bd70 	.word	0x0028bd70
10003d68:	ffe0f7ff 	.word	0xffe0f7ff
10003d6c:	e7f73c01 	.word	0xe7f73c01
10003d70:	0004b510 	.word	0x0004b510
10003d74:	dc002c00 	.word	0xdc002c00
10003d78:	f7ffbd10 	.word	0xf7ffbd10
10003d7c:	3c01ffe9 	.word	0x3c01ffe9
10003d80:	0000e7f8 	.word	0x0000e7f8
10003d84:	b5104b1d 	.word	0xb5104b1d
10003d88:	4b1d6819 	.word	0x4b1d6819
10003d8c:	4299681b 	.word	0x4299681b
10003d90:	220ad232 	.word	0x220ad232
10003d94:	4b1b434a 	.word	0x4b1b434a
10003d98:	18994c1b 	.word	0x18994c1b
10003d9c:	22105cd3 	.word	0x22105cd3
10003da0:	40137848 	.word	0x40137848
10003da4:	3a083102 	.word	0x3a083102
10003da8:	1ca07020 	.word	0x1ca07020
10003dac:	f7fc7063 	.word	0xf7fc7063
10003db0:	2300fb4f 	.word	0x2300fb4f
10003db4:	72a34815 	.word	0x72a34815
10003db8:	f7ff72e3 	.word	0xf7ff72e3
10003dbc:	4b14fbe3 	.word	0x4b14fbe3
10003dc0:	781a2114 	.word	0x781a2114
10003dc4:	73220020 	.word	0x73220020
10003dc8:	7362785a 	.word	0x7362785a
10003dcc:	78db789a 	.word	0x78db789a
10003dd0:	73e373a2 	.word	0x73e373a2
10003dd4:	781a4b0f 	.word	0x781a4b0f
10003dd8:	785a7422 	.word	0x785a7422
10003ddc:	789a7462 	.word	0x789a7462
10003de0:	74a278db 	.word	0x74a278db
10003de4:	f7fd74e3 	.word	0xf7fd74e3
10003de8:	0a03fd2b 	.word	0x0a03fd2b
10003dec:	75637520 	.word	0x75637520
10003df0:	0e000c03 	.word	0x0e000c03
10003df4:	75e075a3 	.word	0x75e075a3
10003df8:	46c0bd10 	.word	0x46c0bd10
10003dfc:	200008fc 	.word	0x200008fc
10003e00:	2000095c 	.word	0x2000095c
10003e04:	2003660e 	.word	0x2003660e
10003e08:	20041000 	.word	0x20041000
10003e0c:	20038e4d 	.word	0x20038e4d
10003e10:	20000654 	.word	0x20000654
10003e14:	20000960 	.word	0x20000960
10003e18:	4c1eb570 	.word	0x4c1eb570
10003e1c:	7d622114 	.word	0x7d622114
10003e20:	02127d23 	.word	0x02127d23
10003e24:	7da3431a 	.word	0x7da3431a
10003e28:	041b7de5 	.word	0x041b7de5
10003e2c:	062d4313 	.word	0x062d4313
10003e30:	431d0020 	.word	0x431d0020
10003e34:	fd04f7fd 	.word	0xfd04f7fd
10003e38:	d1284285 	.word	0xd1284285
10003e3c:	78224b16 	.word	0x78224b16
10003e40:	601a1ca1 	.word	0x601a1ca1
10003e44:	4b157862 	.word	0x4b157862
10003e48:	701a4815 	.word	0x701a4815
10003e4c:	f7fc2208 	.word	0xf7fc2208
10003e50:	7b63faff 	.word	0x7b63faff
10003e54:	021b7b22 	.word	0x021b7b22
10003e58:	7ba24313 	.word	0x7ba24313
10003e5c:	04124911 	.word	0x04124911
10003e60:	7be3431a 	.word	0x7be3431a
10003e64:	061b4810 	.word	0x061b4810
10003e68:	600b4313 	.word	0x600b4313
10003e6c:	7c227c63 	.word	0x7c227c63
10003e70:	4313021b 	.word	0x4313021b
10003e74:	490d7ca2 	.word	0x490d7ca2
10003e78:	431a0412 	.word	0x431a0412
10003e7c:	061b7ce3 	.word	0x061b7ce3
10003e80:	600b4313 	.word	0x600b4313
10003e84:	f7ff21f0 	.word	0xf7ff21f0
10003e88:	4b09fbc9 	.word	0x4b09fbc9
10003e8c:	23006018 	.word	0x23006018
10003e90:	bd707023 	.word	0xbd707023
10003e94:	20041000 	.word	0x20041000
10003e98:	200364dc 	.word	0x200364dc
10003e9c:	20038e4c 	.word	0x20038e4c
10003ea0:	20038e44 	.word	0x20038e44
10003ea4:	20000654 	.word	0x20000654
10003ea8:	20038e4d 	.word	0x20038e4d
10003eac:	20000960 	.word	0x20000960
10003eb0:	20036508 	.word	0x20036508
10003eb4:	f7ffb5f8 	.word	0xf7ffb5f8
10003eb8:	231ffeeb 	.word	0x231ffeeb
10003ebc:	4c1c4e1b 	.word	0x4c1c4e1b
10003ec0:	209c4d1c 	.word	0x209c4d1c
10003ec4:	80258033 	.word	0x80258033
10003ec8:	ff30f7ff 	.word	0xff30f7ff
10003ecc:	20952112 	.word	0x20952112
10003ed0:	ff43f7ff 	.word	0xff43f7ff
10003ed4:	f7ff2099 	.word	0xf7ff2099
10003ed8:	4a17ff29 	.word	0x4a17ff29
10003edc:	68134f17 	.word	0x68134f17
10003ee0:	60133301 	.word	0x60133301
10003ee4:	209a2300 	.word	0x209a2300
10003ee8:	f7ff603b 	.word	0xf7ff603b
10003eec:	231fff1f 	.word	0x231fff1f
10003ef0:	80232012 	.word	0x80232012
10003ef4:	f7ff8035 	.word	0xf7ff8035
10003ef8:	231fff3b 	.word	0x231fff3b
10003efc:	8033209a 	.word	0x8033209a
10003f00:	f7ff8025 	.word	0xf7ff8025
10003f04:	4a0cff13 	.word	0x4a0cff13
10003f08:	33016813 	.word	0x33016813
10003f0c:	2b0e6013 	.word	0x2b0e6013
10003f10:	2300d1e8 	.word	0x2300d1e8
10003f14:	603b2096 	.word	0x603b2096
10003f18:	ff08f7ff 	.word	0xff08f7ff
10003f1c:	20952112 	.word	0x20952112
10003f20:	ff1bf7ff 	.word	0xff1bf7ff
10003f24:	f7ff2093 	.word	0xf7ff2093
10003f28:	bdf8ff01 	.word	0xbdf8ff01
10003f2c:	200365d4 	.word	0x200365d4
10003f30:	200365d0 	.word	0x200365d0
10003f34:	000007ff 	.word	0x000007ff
10003f38:	200008ec 	.word	0x200008ec
10003f3c:	200008e8 	.word	0x200008e8
10003f40:	2700b5f8 	.word	0x2700b5f8
10003f44:	4b1f2201 	.word	0x4b1f2201
10003f48:	681c4e1f 	.word	0x681c4e1f
10003f4c:	4d204b1f 	.word	0x4d204b1f
10003f50:	4b20601f 	.word	0x4b20601f
10003f54:	2c10601a 	.word	0x2c10601a
10003f58:	231fdc0f 	.word	0x231fdc0f
10003f5c:	80332110 	.word	0x80332110
10003f60:	4b1d1b09 	.word	0x4b1d1b09
10003f64:	20954111 	.word	0x20954111
10003f68:	f7ff802b 	.word	0xf7ff802b
10003f6c:	2301fef6 	.word	0x2301fef6
10003f70:	8037425b 	.word	0x8037425b
10003f74:	f7ff802b 	.word	0xf7ff802b
10003f78:	2300feeb 	.word	0x2300feeb
10003f7c:	3b018033 	.word	0x3b018033
10003f80:	802b4f16 	.word	0x802b4f16
10003f84:	dc052c12 	.word	0xdc052c12
10003f88:	f7ff0038 	.word	0xf7ff0038
10003f8c:	2c12fe8b 	.word	0x2c12fe8b
10003f90:	bdf8d109 	.word	0xbdf8d109
10003f94:	202e2103 	.word	0x202e2103
10003f98:	f7ff3c0f 	.word	0xf7ff3c0f
10003f9c:	1938fede 	.word	0x1938fede
10003fa0:	fe80f7ff 	.word	0xfe80f7ff
10003fa4:	f7ffe7f5 	.word	0xf7ffe7f5
10003fa8:	2c11fed3 	.word	0x2c11fed3
10003fac:	231fd0f1 	.word	0x231fd0f1
10003fb0:	80332111 	.word	0x80332111
10003fb4:	4b081b09 	.word	0x4b081b09
10003fb8:	10492095 	.word	0x10492095
10003fbc:	f7ff802b 	.word	0xf7ff802b
10003fc0:	e7e6fecc 	.word	0xe7e6fecc
10003fc4:	20036508 	.word	0x20036508
10003fc8:	200365d4 	.word	0x200365d4
10003fcc:	200008ec 	.word	0x200008ec
10003fd0:	200365d0 	.word	0x200365d0
10003fd4:	200008e8 	.word	0x200008e8
10003fd8:	000007ff 	.word	0x000007ff
10003fdc:	20038e4d 	.word	0x20038e4d
10003fe0:	4d21b5f7 	.word	0x4d21b5f7
10003fe4:	2b00682b 	.word	0x2b00682b
10003fe8:	4b20d03d 	.word	0x4b20d03d
10003fec:	68194c20 	.word	0x68194c20
10003ff0:	31012200 	.word	0x31012200
10003ff4:	f7fd0020 	.word	0xf7fd0020
10003ff8:	232ffd08 	.word	0x232ffd08
10003ffc:	68291c46 	.word	0x68291c46
10004000:	22005423 	.word	0x22005423
10004004:	f7fd1930 	.word	0xf7fd1930
10004008:	220efd00 	.word	0x220efd00
1000400c:	93011833 	.word	0x93011833
10004010:	4e194b18 	.word	0x4e194b18
10004014:	4b19601a 	.word	0x4b19601a
10004018:	601a3a0d 	.word	0x601a3a0d
1000401c:	271f4b18 	.word	0x271f4b18
10004020:	801e9300 	.word	0x801e9300
10004024:	9a012310 	.word	0x9a012310
10004028:	1a9b4d16 	.word	0x1a9b4d16
1000402c:	18c90fd9 	.word	0x18c90fd9
10004030:	20951049 	.word	0x20951049
10004034:	f7ff802f 	.word	0xf7ff802f
10004038:	9b00fe90 	.word	0x9b00fe90
1000403c:	801f802e 	.word	0x801f802e
10004040:	fe86f7ff 	.word	0xfe86f7ff
10004044:	f7ff0020 	.word	0xf7ff0020
10004048:	f7fffe2d 	.word	0xf7fffe2d
1000404c:	9b00fe81 	.word	0x9b00fe81
10004050:	801e9a01 	.word	0x801e9a01
10004054:	1a9b2311 	.word	0x1a9b2311
10004058:	18c90fd9 	.word	0x18c90fd9
1000405c:	10492095 	.word	0x10492095
10004060:	f7ff802f 	.word	0xf7ff802f
10004064:	bdf7fe7a 	.word	0xbdf7fe7a
10004068:	2000095c 	.word	0x2000095c
1000406c:	200008fc 	.word	0x200008fc
10004070:	20038f41 	.word	0x20038f41
10004074:	200008ec 	.word	0x200008ec
10004078:	000007ff 	.word	0x000007ff
1000407c:	200008e8 	.word	0x200008e8
10004080:	200365d0 	.word	0x200365d0
10004084:	200365d4 	.word	0x200365d4
10004088:	b5f02301 	.word	0xb5f02301
1000408c:	4e3a4f39 	.word	0x4e3a4f39
10004090:	b085683c 	.word	0xb085683c
10004094:	33096033 	.word	0x33096033
10004098:	4b38435c 	.word	0x4b38435c
1000409c:	230018e4 	.word	0x230018e4
100040a0:	4b379301 	.word	0x4b379301
100040a4:	22019303 	.word	0x22019303
100040a8:	9b03211f 	.word	0x9b03211f
100040ac:	601a4835 	.word	0x601a4835
100040b0:	4a364b35 	.word	0x4a364b35
100040b4:	80136800 	.word	0x80136800
100040b8:	80194b35 	.word	0x80194b35
100040bc:	9901469c 	.word	0x9901469c
100040c0:	18cb683b 	.word	0x18cb683b
100040c4:	dd514298 	.word	0xdd514298
100040c8:	20107825 	.word	0x20107825
100040cc:	40010029 	.word	0x40010029
100040d0:	42059102 	.word	0x42059102
100040d4:	3811d001 	.word	0x3811d001
100040d8:	482e8010 	.word	0x482e8010
100040dc:	42986800 	.word	0x42986800
100040e0:	2300d104 	.word	0x2300d104
100040e4:	46638013 	.word	0x46638013
100040e8:	801a4a27 	.word	0x801a4a27
100040ec:	20209b02 	.word	0x20209b02
100040f0:	d0002b00 	.word	0xd0002b00
100040f4:	f7ff303b 	.word	0xf7ff303b
100040f8:	0025fe19 	.word	0x0025fe19
100040fc:	1b2b7862 	.word	0x1b2b7862
10004100:	dc2a429a 	.word	0xdc2a429a
10004104:	20209b02 	.word	0x20209b02
10004108:	d0002b00 	.word	0xd0002b00
1000410c:	f7ff303d 	.word	0xf7ff303d
10004110:	2009fe0d 	.word	0x2009fe0d
10004114:	1ac07863 	.word	0x1ac07863
10004118:	fe2af7ff 	.word	0xfe2af7ff
1000411c:	065b7823 	.word	0x065b7823
10004120:	481dd520 	.word	0x481dd520
10004124:	fdbef7ff 	.word	0xfdbef7ff
10004128:	fe12f7ff 	.word	0xfe12f7ff
1000412c:	20037823 	.word	0x20037823
10004130:	d91c2b7f 	.word	0xd91c2b7f
10004134:	f7ff4819 	.word	0xf7ff4819
10004138:	6833fdb5 	.word	0x6833fdb5
1000413c:	3301340a 	.word	0x3301340a
10004140:	9b016033 	.word	0x9b016033
10004144:	93013301 	.word	0x93013301
10004148:	d1ac2b0d 	.word	0xd1ac2b0d
1000414c:	ff48f7ff 	.word	0xff48f7ff
10004150:	4b132200 	.word	0x4b132200
10004154:	b005701a 	.word	0xb005701a
10004158:	78a8bdf0 	.word	0x78a8bdf0
1000415c:	fde6f7ff 	.word	0xfde6f7ff
10004160:	e7cb3501 	.word	0xe7cb3501
10004164:	f7ff2003 	.word	0xf7ff2003
10004168:	e7ddfe03 	.word	0xe7ddfe03
1000416c:	f7ff2012 	.word	0xf7ff2012
10004170:	e7e2fdff 	.word	0xe7e2fdff
10004174:	20000960 	.word	0x20000960
10004178:	200008ec 	.word	0x200008ec
1000417c:	2003660e 	.word	0x2003660e
10004180:	200008e8 	.word	0x200008e8
10004184:	2000095c 	.word	0x2000095c
10004188:	000007ff 	.word	0x000007ff
1000418c:	200365d4 	.word	0x200365d4
10004190:	200365d0 	.word	0x200365d0
10004194:	200008fc 	.word	0x200008fc
10004198:	10006f05 	.word	0x10006f05
1000419c:	10006f0a 	.word	0x10006f0a
100041a0:	20038f3e 	.word	0x20038f3e
100041a4:	b5f02300 	.word	0xb5f02300
100041a8:	4ca34aa2 	.word	0x4ca34aa2
100041ac:	48a3b085 	.word	0x48a3b085
100041b0:	60136023 	.word	0x60136023
100041b4:	f9e6f7ff 	.word	0xf9e6f7ff
100041b8:	d1002800 	.word	0xd1002800
100041bc:	4ba0e112 	.word	0x4ba0e112
100041c0:	001948a0 	.word	0x001948a0
100041c4:	f7ff9301 	.word	0xf7ff9301
100041c8:	2800fa03 	.word	0x2800fa03
100041cc:	e109d100 	.word	0xe109d100
100041d0:	4d9d2780 	.word	0x4d9d2780
100041d4:	4a9b00ff 	.word	0x4a9b00ff
100041d8:	92004e9c 	.word	0x92004e9c
100041dc:	22370031 	.word	0x22370031
100041e0:	98004b9b 	.word	0x98004b9b
100041e4:	fa8cf7ff 	.word	0xfa8cf7ff
100041e8:	d1142800 	.word	0xd1142800
100041ec:	98009901 	.word	0x98009901
100041f0:	f9eef7ff 	.word	0xf9eef7ff
100041f4:	d0082800 	.word	0xd0082800
100041f8:	22374e94 	.word	0x22374e94
100041fc:	4b940031 	.word	0x4b940031
10004200:	f7ff9800 	.word	0xf7ff9800
10004204:	2800fa7d 	.word	0x2800fa7d
10004208:	6823d15a 	.word	0x6823d15a
1000420c:	3b012100 	.word	0x3b012100
10004210:	4b8d9303 	.word	0x4b8d9303
10004214:	2010e0e3 	.word	0x2010e0e3
10004218:	7db12310 	.word	0x7db12310
1000421c:	40087d72 	.word	0x40087d72
10004220:	d0044219 	.word	0xd0044219
10004224:	d1022a01 	.word	0xd1022a01
10004228:	2b2e7a33 	.word	0x2b2e7a33
1000422c:	233fd014 	.word	0x233fd014
10004230:	702b400b 	.word	0x702b400b
10004234:	d0132800 	.word	0xd0132800
10004238:	d1112a02 	.word	0xd1112a02
1000423c:	7a1e4b83 	.word	0x7a1e4b83
10004240:	d10d2e2e 	.word	0xd10d2e2e
10004244:	2b2e7a5b 	.word	0x2b2e7a5b
10004248:	706ad10a 	.word	0x706ad10a
1000424c:	70eb70ab 	.word	0x70eb70ab
10004250:	350a6823 	.word	0x350a6823
10004254:	60233301 	.word	0x60233301
10004258:	2f003f01 	.word	0x2f003f01
1000425c:	e7c5d1bb 	.word	0xe7c5d1bb
10004260:	000b2602 	.word	0x000b2602
10004264:	42314033 	.word	0x42314033
10004268:	2800d1f6 	.word	0x2800d1f6
1000426c:	4879d00f 	.word	0x4879d00f
10004270:	e0041cae 	.word	0xe0041cae
10004274:	292e5cc1 	.word	0x292e5cc1
10004278:	54f1d0ee 	.word	0x54f1d0ee
1000427c:	429a3301 	.word	0x429a3301
10004280:	2b08dd01 	.word	0x2b08dd01
10004284:	429ad1f6 	.word	0x429ad1f6
10004288:	706ad1e6 	.word	0x706ad1e6
1000428c:	2a04e7e0 	.word	0x2a04e7e0
10004290:	4b71dde2 	.word	0x4b71dde2
10004294:	2b2e5c9b 	.word	0x2b2e5c9b
10004298:	4b70d1de 	.word	0x4b70d1de
1000429c:	2b555c9b 	.word	0x2b555c9b
100042a0:	4b6fd1da 	.word	0x4b6fd1da
100042a4:	2b465c9b 	.word	0x2b465c9b
100042a8:	4b6ed1d6 	.word	0x4b6ed1d6
100042ac:	2b325c9b 	.word	0x2b325c9b
100042b0:	3a04d1d2 	.word	0x3a04d1d2
100042b4:	706a4967 	.word	0x706a4967
100042b8:	f7fc1ca8 	.word	0xf7fc1ca8
100042bc:	e7c7f8c9 	.word	0xe7c7f8c9
100042c0:	22102510 	.word	0x22102510
100042c4:	401d7db3 	.word	0x401d7db3
100042c8:	d1954213 	.word	0xd1954213
100042cc:	2b047d73 	.word	0x2b047d73
100042d0:	4a60dd92 	.word	0x4a60dd92
100042d4:	92011f1f 	.word	0x92011f1f
100042d8:	2a2e5dd2 	.word	0x2a2e5dd2
100042dc:	4a5fd18c 	.word	0x4a5fd18c
100042e0:	2a545cd2 	.word	0x2a545cd2
100042e4:	4a5ed11f 	.word	0x4a5ed11f
100042e8:	2a585cd2 	.word	0x2a585cd2
100042ec:	4a5dd184 	.word	0x4a5dd184
100042f0:	2b545cd3 	.word	0x2b545cd3
100042f4:	6823d180 	.word	0x6823d180
100042f8:	93024e53 	.word	0x93024e53
100042fc:	429d9b02 	.word	0x429d9b02
10004300:	e779db00 	.word	0xe779db00
10004304:	429f7873 	.word	0x429f7873
10004308:	003ad10a 	.word	0x003ad10a
1000430c:	1cb09901 	.word	0x1cb09901
10004310:	f8faf001 	.word	0xf8faf001
10004314:	d1032800 	.word	0xd1032800
10004318:	78332240 	.word	0x78332240
1000431c:	70334313 	.word	0x70334313
10004320:	3501360a 	.word	0x3501360a
10004324:	2a42e7ea 	.word	0x2a42e7ea
10004328:	e765d000 	.word	0xe765d000
1000432c:	5cd24a4c 	.word	0x5cd24a4c
10004330:	d0002a4d 	.word	0xd0002a4d
10004334:	4a4be760 	.word	0x4a4be760
10004338:	2b505cd3 	.word	0x2b505cd3
1000433c:	e75bd000 	.word	0xe75bd000
10004340:	4e416823 	.word	0x4e416823
10004344:	9b029302 	.word	0x9b029302
10004348:	db00429d 	.word	0xdb00429d
1000434c:	7873e754 	.word	0x7873e754
10004350:	d10b429f 	.word	0xd10b429f
10004354:	9901003a 	.word	0x9901003a
10004358:	f0011cb0 	.word	0xf0011cb0
1000435c:	2800f8d5 	.word	0x2800f8d5
10004360:	2280d104 	.word	0x2280d104
10004364:	42527833 	.word	0x42527833
10004368:	70334313 	.word	0x70334313
1000436c:	3501360a 	.word	0x3501360a
10004370:	001ae7e9 	.word	0x001ae7e9
10004374:	26017ad8 	.word	0x26017ad8
10004378:	2802320a 	.word	0x2802320a
1000437c:	7894d107 	.word	0x7894d107
10004380:	d1042c2e 	.word	0xd1042c2e
10004384:	3c2e78d4 	.word	0x3c2e78d4
10004388:	41ac1e65 	.word	0x41ac1e65
1000438c:	7812b2e6 	.word	0x7812b2e6
10004390:	4694781f 	.word	0x4694781f
10004394:	42172210 	.word	0x42172210
10004398:	4662d106 	.word	0x4662d106
1000439c:	06d22401 	.word	0x06d22401
100043a0:	40620fd2 	.word	0x40620fd2
100043a4:	b2f64016 	.word	0xb2f64016
100043a8:	24104662 	.word	0x24104662
100043ac:	4222407a 	.word	0x4222407a
100043b0:	785ad111 	.word	0x785ad111
100043b4:	92011c04 	.word	0x92011c04
100043b8:	d9014290 	.word	0xd9014290
100043bc:	7914466a 	.word	0x7914466a
100043c0:	9202b2e2 	.word	0x9202b2e2
100043c4:	92001c9a 	.word	0x92001c9a
100043c8:	9c022200 	.word	0x9c022200
100043cc:	dc0b4294 	.word	0xdc0b4294
100043d0:	42909a01 	.word	0x42909a01
100043d4:	2e00d319 	.word	0x2e00d319
100043d8:	3101d017 	.word	0x3101d017
100043dc:	9a03330a 	.word	0x9a03330a
100043e0:	dbc64291 	.word	0xdbc64291
100043e4:	bdf0b005 	.word	0xbdf0b005
100043e8:	78249c00 	.word	0x78249c00
100043ec:	9c000025 	.word	0x9c000025
100043f0:	94003401 	.word	0x94003401
100043f4:	42ac7a64 	.word	0x42ac7a64
100043f8:	3201d101 	.word	0x3201d101
100043fc:	189ce7e5 	.word	0x189ce7e5
10004400:	78a40022 	.word	0x78a40022
10004404:	42947b12 	.word	0x42947b12
10004408:	4662d9e5 	.word	0x4662d9e5
1000440c:	701a001c 	.word	0x701a001c
10004410:	340a785a 	.word	0x340a785a
10004414:	7058729f 	.word	0x7058729f
10004418:	1c9a7062 	.word	0x1c9a7062
1000441c:	7a957810 	.word	0x7a957810
10004420:	70157290 	.word	0x70157290
10004424:	42943201 	.word	0x42943201
10004428:	2900d1f8 	.word	0x2900d1f8
1000442c:	3902ddd5 	.word	0x3902ddd5
10004430:	e7d23b14 	.word	0xe7d23b14
10004434:	200008fc 	.word	0x200008fc
10004438:	2000095c 	.word	0x2000095c
1000443c:	20038e4d 	.word	0x20038e4d
10004440:	10006f1c 	.word	0x10006f1c
10004444:	20000900 	.word	0x20000900
10004448:	2003660e 	.word	0x2003660e
1000444c:	2000092c 	.word	0x2000092c
10004450:	10006f00 	.word	0x10006f00
10004454:	20000934 	.word	0x20000934
10004458:	20000930 	.word	0x20000930
1000445c:	20000931 	.word	0x20000931
10004460:	20000932 	.word	0x20000932
10004464:	20000933 	.word	0x20000933
10004468:	4a092300 	.word	0x4a092300
1000446c:	6013b510 	.word	0x6013b510
10004470:	60134a08 	.word	0x60134a08
10004474:	60134a08 	.word	0x60134a08
10004478:	4b082204 	.word	0x4b082204
1000447c:	f7ff701a 	.word	0xf7ff701a
10004480:	f7fffd19 	.word	0xf7fffd19
10004484:	2201fd5d 	.word	0x2201fd5d
10004488:	701a4b05 	.word	0x701a4b05
1000448c:	46c0bd10 	.word	0x46c0bd10
10004490:	2000095c 	.word	0x2000095c
10004494:	200008fc 	.word	0x200008fc
10004498:	20000960 	.word	0x20000960
1000449c:	20038f3e 	.word	0x20038f3e
100044a0:	20038f3f 	.word	0x20038f3f
100044a4:	4b05222f 	.word	0x4b05222f
100044a8:	701ab510 	.word	0x701ab510
100044ac:	705a2200 	.word	0x705a2200
100044b0:	32014b03 	.word	0x32014b03
100044b4:	f7ff601a 	.word	0xf7ff601a
100044b8:	bd10ffd7 	.word	0xbd10ffd7
100044bc:	20038e4d 	.word	0x20038e4d
100044c0:	20036508 	.word	0x20036508
100044c4:	4e1eb5f0 	.word	0x4e1eb5f0
100044c8:	6833b085 	.word	0x6833b085
100044cc:	2b009301 	.word	0x2b009301
100044d0:	250ad01e 	.word	0x250ad01e
100044d4:	4a1c4b1b 	.word	0x4a1c4b1b
100044d8:	4f1c681b 	.word	0x4f1c681b
100044dc:	1e5c435d 	.word	0x1e5c435d
100044e0:	78124b1b 	.word	0x78124b1b
100044e4:	4b1b18ed 	.word	0x4b1b18ed
100044e8:	9202603c 	.word	0x9202603c
100044ec:	2c009303 	.word	0x2c009303
100044f0:	4b19dc10 	.word	0x4b19dc10
100044f4:	42a2681a 	.word	0x42a2681a
100044f8:	0022dd01 	.word	0x0022dd01
100044fc:	3c0c601c 	.word	0x3c0c601c
10004500:	17c943e1 	.word	0x17c943e1
10004504:	4294400c 	.word	0x4294400c
10004508:	601cdd00 	.word	0x601cdd00
1000450c:	60332300 	.word	0x60332300
10004510:	bdf0b005 	.word	0xbdf0b005
10004514:	9a01786b 	.word	0x9a01786b
10004518:	d10c429a 	.word	0xd10c429a
1000451c:	782b2210 	.word	0x782b2210
10004520:	9a024013 	.word	0x9a024013
10004524:	d106429a 	.word	0xd106429a
10004528:	98039a01 	.word	0x98039a01
1000452c:	f0001ca9 	.word	0xf0001ca9
10004530:	2800ffeb 	.word	0x2800ffeb
10004534:	3c01d0dd 	.word	0x3c01d0dd
10004538:	3d0a603c 	.word	0x3d0a603c
1000453c:	46c0e7d7 	.word	0x46c0e7d7
10004540:	200364dc 	.word	0x200364dc
10004544:	2000095c 	.word	0x2000095c
10004548:	20038e4c 	.word	0x20038e4c
1000454c:	200008fc 	.word	0x200008fc
10004550:	20036604 	.word	0x20036604
10004554:	20038e44 	.word	0x20038e44
10004558:	20000960 	.word	0x20000960
1000455c:	0004b510 	.word	0x0004b510
10004560:	f956f7ff 	.word	0xf956f7ff
10004564:	4b0a22fc 	.word	0x4b0a22fc
10004568:	801a00d2 	.word	0x801a00d2
1000456c:	4b09221f 	.word	0x4b09221f
10004570:	4b09801a 	.word	0x4b09801a
10004574:	601a3a1d 	.word	0x601a3a1d
10004578:	1a182314 	.word	0x1a182314
1000457c:	4a070fc3 	.word	0x4a070fc3
10004580:	105b181b 	.word	0x105b181b
10004584:	60130020 	.word	0x60130020
10004588:	fb8cf7ff 	.word	0xfb8cf7ff
1000458c:	46c0bd10 	.word	0x46c0bd10
10004590:	200365d4 	.word	0x200365d4
10004594:	200365d0 	.word	0x200365d0
10004598:	200008ec 	.word	0x200008ec
1000459c:	200008e8 	.word	0x200008e8
100045a0:	4c13b5f8 	.word	0x4c13b5f8
100045a4:	68224d13 	.word	0x68224d13
100045a8:	429a682b 	.word	0x429a682b
100045ac:	6823da05 	.word	0x6823da05
100045b0:	60221c5a 	.word	0x60221c5a
100045b4:	5cd04a10 	.word	0x5cd04a10
100045b8:	4e10bdf8 	.word	0x4e10bdf8
100045bc:	f7fd0030 	.word	0xf7fd0030
100045c0:	2800ffa4 	.word	0x2800ffa4
100045c4:	2000d101 	.word	0x2000d101
100045c8:	2780e7f6 	.word	0x2780e7f6
100045cc:	00ff2300 	.word	0x00ff2300
100045d0:	0030003a 	.word	0x0030003a
100045d4:	60234908 	.word	0x60234908
100045d8:	fd74f7fe 	.word	0xfd74f7fe
100045dc:	42b86028 	.word	0x42b86028
100045e0:	0030dae5 	.word	0x0030dae5
100045e4:	fe6af7fe 	.word	0xfe6af7fe
100045e8:	2b00682b 	.word	0x2b00682b
100045ec:	e7ded0eb 	.word	0xe7ded0eb
100045f0:	200365b0 	.word	0x200365b0
100045f4:	200365b4 	.word	0x200365b4
100045f8:	20038f41 	.word	0x20038f41
100045fc:	20036510 	.word	0x20036510
10004600:	f7ffb510 	.word	0xf7ffb510
10004604:	280dffcd 	.word	0x280dffcd
10004608:	bd10d0fb 	.word	0xbd10d0fb
1000460c:	2100b507 	.word	0x2100b507
10004610:	23f022a0 	.word	0x23f022a0
10004614:	91000010 	.word	0x91000010
10004618:	fa54f7fd 	.word	0xfa54f7fd
1000461c:	0000bd07 	.word	0x0000bd07
10004620:	4eacb5f0 	.word	0x4eacb5f0
10004624:	7830b085 	.word	0x7830b085
10004628:	d83d2803 	.word	0xd83d2803
1000462c:	fffcf000 	.word	0xfffcf000
10004630:	003e0004 	.word	0x003e0004
10004634:	018600be 	.word	0x018600be
10004638:	00284da7 	.word	0x00284da7
1000463c:	fe3ef7fe 	.word	0xfe3ef7fe
10004640:	ffe4f7ff 	.word	0xffe4f7ff
10004644:	681a4ba5 	.word	0x681a4ba5
10004648:	681b4ba5 	.word	0x681b4ba5
1000464c:	d301429a 	.word	0xd301429a
10004650:	e0282304 	.word	0xe0282304
10004654:	4353230a 	.word	0x4353230a
10004658:	49a34aa2 	.word	0x49a34aa2
1000465c:	60081898 	.word	0x60081898
10004660:	06495c99 	.word	0x06495c99
10004664:	2302d401 	.word	0x2302d401
10004668:	7844e01d 	.word	0x7844e01d
1000466c:	3302489f 	.word	0x3302489f
10004670:	18990007 	.word	0x18990007
10004674:	f7fb0022 	.word	0xf7fb0022
10004678:	499dfeeb 	.word	0x499dfeeb
1000467c:	19e02205 	.word	0x19e02205
10004680:	fee6f7fb 	.word	0xfee6f7fb
10004684:	f7fe489b 	.word	0xf7fe489b
10004688:	0039ff7d 	.word	0x0039ff7d
1000468c:	f7fe0028 	.word	0xf7fe0028
10004690:	2800ff47 	.word	0x2800ff47
10004694:	2300d0e7 	.word	0x2300d0e7
10004698:	60134a97 	.word	0x60134a97
1000469c:	60134a97 	.word	0x60134a97
100046a0:	60134a97 	.word	0x60134a97
100046a4:	70333301 	.word	0x70333301
100046a8:	bdf0b005 	.word	0xbdf0b005
100046ac:	4b952500 	.word	0x4b952500
100046b0:	9301002c 	.word	0x9301002c
100046b4:	4b949a01 	.word	0x4b949a01
100046b8:	80134f91 	.word	0x80134f91
100046bc:	4b93221b 	.word	0x4b93221b
100046c0:	9302801d 	.word	0x9302801d
100046c4:	601a4b92 	.word	0x601a4b92
100046c8:	683a4b92 	.word	0x683a4b92
100046cc:	f7ff601a 	.word	0xf7ff601a
100046d0:	280aff97 	.word	0x280aff97
100046d4:	2800d02f 	.word	0x2800d02f
100046d8:	2809d02d 	.word	0x2809d02d
100046dc:	2320d10c 	.word	0x2320d10c
100046e0:	9303432b 	.word	0x9303432b
100046e4:	34019803 	.word	0x34019803
100046e8:	fb29f7ff 	.word	0xfb29f7ff
100046ec:	d01c2c1a 	.word	0xd01c2c1a
100046f0:	421c2307 	.word	0x421c2307
100046f4:	e7ead1f6 	.word	0xe7ead1f6
100046f8:	d152285e 	.word	0xd152285e
100046fc:	ff80f7ff 	.word	0xff80f7ff
10004700:	285d0003 	.word	0x285d0003
10004704:	2856d80a 	.word	0x2856d80a
10004708:	2839d825 	.word	0x2839d825
1000470c:	2830d836 	.word	0x2830d836
10004710:	d03cd845 	.word	0xd03cd845
10004714:	d00e2800 	.word	0xd00e2800
10004718:	d00c280a 	.word	0xd00c280a
1000471c:	b2d8406b 	.word	0xb2d8406b
10004720:	f7ff3401 	.word	0xf7ff3401
10004724:	2c1afb0c 	.word	0x2c1afb0c
10004728:	f7ffd1d1 	.word	0xf7ffd1d1
1000472c:	280aff69 	.word	0x280aff69
10004730:	2800d001 	.word	0x2800d001
10004734:	4b6cd1f9 	.word	0x4b6cd1f9
10004738:	681b220f 	.word	0x681b220f
1000473c:	2b7f781b 	.word	0x2b7f781b
10004740:	1892d800 	.word	0x1892d800
10004744:	3301683b 	.word	0x3301683b
10004748:	4293603b 	.word	0x4293603b
1000474c:	4862dbac 	.word	0x4862dbac
10004750:	fdb4f7fe 	.word	0xfdb4f7fe
10004754:	3857e787 	.word	0x3857e787
10004758:	d8df2806 	.word	0xd8df2806
1000475c:	ff84f000 	.word	0xff84f000
10004760:	00190007 	.word	0x00190007
10004764:	001c0015 	.word	0x001c0015
10004768:	ffde0125 	.word	0xffde0125
1000476c:	4b6a0024 	.word	0x4b6a0024
10004770:	80139a01 	.word	0x80139a01
10004774:	9a022300 	.word	0x9a022300
10004778:	e7a88013 	.word	0xe7a88013
1000477c:	3a410002 	.word	0x3a410002
10004780:	2a15b2d2 	.word	0x2a15b2d2
10004784:	3b37d8ca 	.word	0x3b37d8ca
10004788:	4b64e7c8 	.word	0x4b64e7c8
1000478c:	4b64e7f0 	.word	0x4b64e7f0
10004790:	23fce7ee 	.word	0x23fce7ee
10004794:	e7eb00db 	.word	0xe7eb00db
10004798:	021b23f8 	.word	0x021b23f8
1000479c:	3b30e7e8 	.word	0x3b30e7e8
100047a0:	4068e7bc 	.word	0x4068e7bc
100047a4:	e7bbb2c0 	.word	0xe7bbb2c0
100047a8:	e7902500 	.word	0xe7902500
100047ac:	683d4f4e 	.word	0x683d4f4e
100047b0:	2b7f782b 	.word	0x2b7f782b
100047b4:	e74bd800 	.word	0xe74bd800
100047b8:	786a4c4c 	.word	0x786a4c4c
100047bc:	00201ca9 	.word	0x00201ca9
100047c0:	fe46f7fb 	.word	0xfe46f7fb
100047c4:	49577868 	.word	0x49577868
100047c8:	19002205 	.word	0x19002205
100047cc:	fe40f7fb 	.word	0xfe40f7fb
100047d0:	f7fe4848 	.word	0xf7fe4848
100047d4:	4d40fed7 	.word	0x4d40fed7
100047d8:	00280021 	.word	0x00280021
100047dc:	fea0f7fe 	.word	0xfea0f7fe
100047e0:	d1002800 	.word	0xd1002800
100047e4:	2200e734 	.word	0x2200e734
100047e8:	00214b43 	.word	0x00214b43
100047ec:	4b43601a 	.word	0x4b43601a
100047f0:	601a0028 	.word	0x601a0028
100047f4:	f7fe3246 	.word	0xf7fe3246
100047f8:	7ce3fc65 	.word	0x7ce3fc65
100047fc:	021b7ca2 	.word	0x021b7ca2
10004800:	7d224313 	.word	0x7d224313
10004804:	431a0412 	.word	0x431a0412
10004808:	061b7d63 	.word	0x061b7d63
1000480c:	22014313 	.word	0x22014313
10004810:	43933301 	.word	0x43933301
10004814:	60134a44 	.word	0x60134a44
10004818:	92014a44 	.word	0x92014a44
1000481c:	46947da2 	.word	0x46947da2
10004820:	7de24661 	.word	0x7de24661
10004824:	430a0212 	.word	0x430a0212
10004828:	04097e21 	.word	0x04097e21
1000482c:	7e624311 	.word	0x7e624311
10004830:	430a0612 	.word	0x430a0612
10004834:	185217d1 	.word	0x185217d1
10004838:	9901404a 	.word	0x9901404a
1000483c:	2846600a 	.word	0x2846600a
10004840:	4825d003 	.word	0x4825d003
10004844:	fd3af7fe 	.word	0xfd3af7fe
10004848:	21ffe702 	.word	0x21ffe702
1000484c:	00c93b08 	.word	0x00c93b08
10004850:	d8f6428b 	.word	0xd8f6428b
10004854:	428a3a08 	.word	0x428a3a08
10004858:	7863d8f3 	.word	0x7863d8f3
1000485c:	4a347821 	.word	0x4a347821
10004860:	430b021b 	.word	0x430b021b
10004864:	d1ec4293 	.word	0xd1ec4293
10004868:	78a278e3 	.word	0x78a278e3
1000486c:	4313021b 	.word	0x4313021b
10004870:	04127922 	.word	0x04127922
10004874:	7963431a 	.word	0x7963431a
10004878:	4313061b 	.word	0x4313061b
1000487c:	3b644a2d 	.word	0x3b644a2d
10004880:	d8de4293 	.word	0xd8de4293
10004884:	7aa37ae2 	.word	0x7aa37ae2
10004888:	431a0212 	.word	0x431a0212
1000488c:	7b617b23 	.word	0x7b617b23
10004890:	4313041b 	.word	0x4313041b
10004894:	43190609 	.word	0x43190609
10004898:	4b27000a 	.word	0x4b27000a
1000489c:	429a3a36 	.word	0x429a3a36
100048a0:	7ee3d8cf 	.word	0x7ee3d8cf
100048a4:	021b7ea2 	.word	0x021b7ea2
100048a8:	2b014313 	.word	0x2b014313
100048ac:	7f63d1c9 	.word	0x7f63d1c9
100048b0:	021b7f22 	.word	0x021b7f22
100048b4:	2b104313 	.word	0x2b104313
100048b8:	0028d1c3 	.word	0x0028d1c3
100048bc:	f954f7fe 	.word	0xf954f7fe
100048c0:	683b2278 	.word	0x683b2278
100048c4:	065b781b 	.word	0x065b781b
100048c8:	401a17db 	.word	0x401a17db
100048cc:	601a4b0c 	.word	0x601a4b0c
100048d0:	e6e82303 	.word	0xe6e82303
100048d4:	20038f3e 	.word	0x20038f3e
100048d8:	20036510 	.word	0x20036510
100048dc:	200008fc 	.word	0x200008fc
100048e0:	2000095c 	.word	0x2000095c
100048e4:	2003660e 	.word	0x2003660e
100048e8:	2003650c 	.word	0x2003650c
100048ec:	20038f41 	.word	0x20038f41
100048f0:	10006f04 	.word	0x10006f04
100048f4:	20038e4d 	.word	0x20038e4d
100048f8:	200365b4 	.word	0x200365b4
100048fc:	200365b0 	.word	0x200365b0
10004900:	20036540 	.word	0x20036540
10004904:	200365d4 	.word	0x200365d4
10004908:	ffff8410 	.word	0xffff8410
1000490c:	200365d0 	.word	0x200365d0
10004910:	200008e8 	.word	0x200008e8
10004914:	200008ec 	.word	0x200008ec
10004918:	0000ffff 	.word	0x0000ffff
1000491c:	0000ffe0 	.word	0x0000ffe0
10004920:	00008410 	.word	0x00008410
10004924:	10006f09 	.word	0x10006f09
10004928:	20036544 	.word	0x20036544
1000492c:	2003653c 	.word	0x2003653c
10004930:	00004d42 	.word	0x00004d42
10004934:	004c4adc 	.word	0x004c4adc
10004938:	0000079a 	.word	0x0000079a
1000493c:	68234c1c 	.word	0x68234c1c
10004940:	dd002ba0 	.word	0xdd002ba0
10004944:	011b23a0 	.word	0x011b23a0
10004948:	17da1dd9 	.word	0x17da1dd9
1000494c:	401a2307 	.word	0x401a2307
10004950:	21a01852 	.word	0x21a01852
10004954:	00494d17 	.word	0x00494d17
10004958:	4f17682b 	.word	0x4f17682b
1000495c:	4b174359 	.word	0x4b174359
10004960:	004931a0 	.word	0x004931a0
10004964:	10d218c9 	.word	0x10d218c9
10004968:	f7fe0038 	.word	0xf7fe0038
1000496c:	22a0fbab 	.word	0x22a0fbab
10004970:	23016829 	.word	0x23016829
10004974:	f7ff0010 	.word	0xf7ff0010
10004978:	6821f81d 	.word	0x6821f81d
1000497c:	dd0629a0 	.word	0xdd0629a0
10004980:	39a06a3b 	.word	0x39a06a3b
10004984:	00380049 	.word	0x00380049
10004988:	f7fe18c9 	.word	0xf7fe18c9
1000498c:	490cf8ed 	.word	0x490cf8ed
10004990:	680b682a 	.word	0x680b682a
10004994:	3b013201 	.word	0x3b013201
10004998:	600b602a 	.word	0x600b602a
1000499c:	dd002aef 	.word	0xdd002aef
100049a0:	2b00e74f 	.word	0x2b00e74f
100049a4:	e67fdd00 	.word	0xe67fdd00
100049a8:	2580e74b 	.word	0x2580e74b
100049ac:	46c0e68f 	.word	0x46c0e68f
100049b0:	20036544 	.word	0x20036544
100049b4:	20036540 	.word	0x20036540
100049b8:	20036510 	.word	0x20036510
100049bc:	20000978 	.word	0x20000978
100049c0:	2003653c 	.word	0x2003653c
100049c4:	f7fbb510 	.word	0xf7fbb510
100049c8:	f7fcfe67 	.word	0xf7fcfe67
100049cc:	f7fbfc31 	.word	0xf7fbfc31
100049d0:	0000fc89 	.word	0x0000fc89
100049d4:	b085b5f0 	.word	0xb085b5f0
100049d8:	91030014 	.word	0x91030014
100049dc:	22821e91 	.word	0x22821e91
100049e0:	00052680 	.word	0x00052680
100049e4:	4b11001f 	.word	0x4b11001f
100049e8:	9300201e 	.word	0x9300201e
100049ec:	23140052 	.word	0x23140052
100049f0:	f8f3f7fd 	.word	0xf8f3f7fd
100049f4:	00764b0e 	.word	0x00764b0e
100049f8:	00210032 	.word	0x00210032
100049fc:	93002020 	.word	0x93002020
10004a00:	f7fd2310 	.word	0xf7fd2310
10004a04:	9903f85f 	.word	0x9903f85f
10004a08:	f7fb0228 	.word	0xf7fb0228
10004a0c:	0002fc91 	.word	0x0002fc91
10004a10:	dd0042b0 	.word	0xdd0042b0
10004a14:	23100032 	.word	0x23100032
10004a18:	20200021 	.word	0x20200021
10004a1c:	f7fd9700 	.word	0xf7fd9700
10004a20:	f7fff851 	.word	0xf7fff851
10004a24:	b005f825 	.word	0xb005f825
10004a28:	46c0bdf0 	.word	0x46c0bdf0
10004a2c:	0000ffff 	.word	0x0000ffff
10004a30:	00008410 	.word	0x00008410
10004a34:	0004b537 	.word	0x0004b537
10004a38:	f8e2f7fd 	.word	0xf8e2f7fd
10004a3c:	f7fe0020 	.word	0xf7fe0020
10004a40:	0005fee7 	.word	0x0005fee7
10004a44:	f812f7fd 	.word	0xf812f7fd
10004a48:	23002114 	.word	0x23002114
10004a4c:	22581b49 	.word	0x22581b49
10004a50:	00c90020 	.word	0x00c90020
10004a54:	4b039300 	.word	0x4b039300
10004a58:	fb68f7fd 	.word	0xfb68f7fd
10004a5c:	f808f7ff 	.word	0xf808f7ff
10004a60:	46c0bd37 	.word	0x46c0bd37
10004a64:	0000ffe0 	.word	0x0000ffe0
10004a68:	4c20b5f8 	.word	0x4c20b5f8
10004a6c:	f7ff4820 	.word	0xf7ff4820
10004a70:	0022ffe1 	.word	0x0022ffe1
10004a74:	18e34b1f 	.word	0x18e34b1f
10004a78:	3301681b 	.word	0x3301681b
10004a7c:	3c04d102 	.word	0x3c04d102
10004a80:	d1f72c00 	.word	0xd1f72c00
10004a84:	18e44b1c 	.word	0x18e44b1c
10004a88:	03e40be4 	.word	0x03e40be4
10004a8c:	d9004294 	.word	0xd9004294
10004a90:	00264c16 	.word	0x00264c16
10004a94:	23804f19 	.word	0x23804f19
10004a98:	429e015b 	.word	0x429e015b
10004a9c:	227ad209 	.word	0x227ad209
10004aa0:	00200021 	.word	0x00200021
10004aa4:	f7ff4b16 	.word	0xf7ff4b16
10004aa8:	2032ff95 	.word	0x2032ff95
10004aac:	fcfaf7fc 	.word	0xfcfaf7fc
10004ab0:	4b13bdf8 	.word	0x4b13bdf8
10004ab4:	0021227a 	.word	0x0021227a
10004ab8:	f7ff1ba0 	.word	0xf7ff1ba0
10004abc:	2380ff8b 	.word	0x2380ff8b
10004ac0:	021bb2bd 	.word	0x021bb2bd
10004ac4:	d101429d 	.word	0xd101429d
10004ac8:	d20542ae 	.word	0xd20542ae
10004acc:	00352380 	.word	0x00352380
10004ad0:	429e025b 	.word	0x429e025b
10004ad4:	001ddd00 	.word	0x001ddd00
10004ad8:	061b23f0 	.word	0x061b23f0
10004adc:	002918f8 	.word	0x002918f8
10004ae0:	fdcaf000 	.word	0xfdcaf000
10004ae4:	1b76197f 	.word	0x1b76197f
10004ae8:	46c0e7d5 	.word	0x46c0e7d5
10004aec:	001f7000 	.word	0x001f7000
10004af0:	10006f0e 	.word	0x10006f0e
10004af4:	10007ffc 	.word	0x10007ffc
10004af8:	00007ffc 	.word	0x00007ffc
10004afc:	10008000 	.word	0x10008000
10004b00:	0000fbe0 	.word	0x0000fbe0
10004b04:	0004b537 	.word	0x0004b537
10004b08:	f7fe4813 	.word	0xf7fe4813
10004b0c:	f7fdfbd7 	.word	0xf7fdfbd7
10004b10:	0020f877 	.word	0x0020f877
10004b14:	fe7cf7fe 	.word	0xfe7cf7fe
10004b18:	f7fc0005 	.word	0xf7fc0005
10004b1c:	2114ffa7 	.word	0x2114ffa7
10004b20:	1b4923f8 	.word	0x1b4923f8
10004b24:	2268021b 	.word	0x2268021b
10004b28:	00c90020 	.word	0x00c90020
10004b2c:	4b0b9300 	.word	0x4b0b9300
10004b30:	fafcf7fd 	.word	0xfafcf7fd
10004b34:	ff9cf7fe 	.word	0xff9cf7fe
10004b38:	fd90f7fb 	.word	0xfd90f7fb
10004b3c:	fd86f7fb 	.word	0xfd86f7fb
10004b40:	d0fb2800 	.word	0xd0fb2800
10004b44:	fd62f7ff 	.word	0xfd62f7ff
10004b48:	f9b4f7ff 	.word	0xf9b4f7ff
10004b4c:	fa9cf7ff 	.word	0xfa9cf7ff
10004b50:	ff8ef7fe 	.word	0xff8ef7fe
10004b54:	46c0bd37 	.word	0x46c0bd37
10004b58:	20036510 	.word	0x20036510
10004b5c:	0000ffe0 	.word	0x0000ffe0
10004b60:	0007b5f0 	.word	0x0007b5f0
10004b64:	482bb085 	.word	0x482bb085
10004b68:	9202000e 	.word	0x9202000e
10004b6c:	f7fe9303 	.word	0xf7fe9303
10004b70:	f7fdfba5 	.word	0xf7fdfba5
10004b74:	f7fcf845 	.word	0xf7fcf845
10004b78:	0038ff79 	.word	0x0038ff79
10004b7c:	fe48f7fe 	.word	0xfe48f7fe
10004b80:	25f82414 	.word	0x25f82414
10004b84:	022d1a21 	.word	0x022d1a21
10004b88:	4b232228 	.word	0x4b232228
10004b8c:	003800c9 	.word	0x003800c9
10004b90:	f7fd9500 	.word	0xf7fd9500
10004b94:	0030facb 	.word	0x0030facb
10004b98:	fe3af7fe 	.word	0xfe3af7fe
10004b9c:	22481a21 	.word	0x22481a21
10004ba0:	00c94b1d 	.word	0x00c94b1d
10004ba4:	95000030 	.word	0x95000030
10004ba8:	fac0f7fd 	.word	0xfac0f7fd
10004bac:	f7fe9802 	.word	0xf7fe9802
10004bb0:	1a21fe2f 	.word	0x1a21fe2f
10004bb4:	4b182268 	.word	0x4b182268
10004bb8:	980200c9 	.word	0x980200c9
10004bbc:	f7fd9500 	.word	0xf7fd9500
10004bc0:	9803fab5 	.word	0x9803fab5
10004bc4:	fe24f7fe 	.word	0xfe24f7fe
10004bc8:	22881a21 	.word	0x22881a21
10004bcc:	00c94b12 	.word	0x00c94b12
10004bd0:	95009803 	.word	0x95009803
10004bd4:	faaaf7fd 	.word	0xfaaaf7fd
10004bd8:	f7fe980a 	.word	0xf7fe980a
10004bdc:	1a21fe19 	.word	0x1a21fe19
10004be0:	4b0d22a8 	.word	0x4b0d22a8
10004be4:	00c9980a 	.word	0x00c9980a
10004be8:	f7fd9500 	.word	0xf7fd9500
10004bec:	f7fefa9f 	.word	0xf7fefa9f
10004bf0:	f7fbff3f 	.word	0xf7fbff3f
10004bf4:	f7fbfd33 	.word	0xf7fbfd33
10004bf8:	2800fd29 	.word	0x2800fd29
10004bfc:	f7ffd0fb 	.word	0xf7ffd0fb
10004c00:	f7fffd05 	.word	0xf7fffd05
10004c04:	f7fff957 	.word	0xf7fff957
10004c08:	f7fefa3f 	.word	0xf7fefa3f
10004c0c:	b005ff31 	.word	0xb005ff31
10004c10:	46c0bdf0 	.word	0x46c0bdf0
10004c14:	20036510 	.word	0x20036510
10004c18:	0000ffe0 	.word	0x0000ffe0
10004c1c:	b085b5f0 	.word	0xb085b5f0
10004c20:	f7fb9003 	.word	0xf7fb9003
10004c24:	1d47fc23 	.word	0x1d47fc23
10004c28:	00382164 	.word	0x00382164
10004c2c:	fb80f7fb 	.word	0xfb80f7fb
10004c30:	b2c6250a 	.word	0xb2c6250a
10004c34:	426d210a 	.word	0x426d210a
10004c38:	f7fb0038 	.word	0xf7fb0038
10004c3c:	002bfb79 	.word	0x002bfb79
10004c40:	437321fa 	.word	0x437321fa
10004c44:	30304c16 	.word	0x30304c16
10004c48:	008918c0 	.word	0x008918c0
10004c4c:	003872e0 	.word	0x003872e0
10004c50:	fb6ef7fb 	.word	0xfb6ef7fb
10004c54:	4345b2c0 	.word	0x4345b2c0
10004c58:	30303630 	.word	0x30303630
10004c5c:	722019ad 	.word	0x722019ad
10004c60:	f7fc72a5 	.word	0xf7fc72a5
10004c64:	2300ff03 	.word	0x2300ff03
10004c68:	9a032138 	.word	0x9a032138
10004c6c:	93000020 	.word	0x93000020
10004c70:	f7fd4b0c 	.word	0xf7fd4b0c
10004c74:	f7fbfa5b 	.word	0xf7fbfa5b
10004c78:	4a0bfbf9 	.word	0x4a0bfbf9
10004c7c:	889188d3 	.word	0x889188d3
10004c80:	1ac91ac0 	.word	0x1ac91ac0
10004c84:	9a0343c3 	.word	0x9a0343c3
10004c88:	322217db 	.word	0x322217db
10004c8c:	42884018 	.word	0x42884018
10004c90:	0008dd00 	.word	0x0008dd00
10004c94:	00db23fc 	.word	0x00db23fc
10004c98:	fe9cf7ff 	.word	0xfe9cf7ff
10004c9c:	bdf0b005 	.word	0xbdf0b005
10004ca0:	2000028e 	.word	0x2000028e
10004ca4:	0000ffe0 	.word	0x0000ffe0
10004ca8:	20000634 	.word	0x20000634
10004cac:	f7fcb5f7 	.word	0xf7fcb5f7
10004cb0:	2500ffa7 	.word	0x2500ffa7
10004cb4:	fcd2f7fb 	.word	0xfcd2f7fb
10004cb8:	f7fc26b3 	.word	0xf7fc26b3
10004cbc:	2313fed7 	.word	0x2313fed7
10004cc0:	4850781b 	.word	0x4850781b
10004cc4:	2200332f 	.word	0x2200332f
10004cc8:	7203217c 	.word	0x7203217c
10004ccc:	f7fd4b4e 	.word	0xf7fd4b4e
10004cd0:	2017f9e3 	.word	0x2017f9e3
10004cd4:	ffa2f7ff 	.word	0xffa2f7ff
10004cd8:	4b4b484c 	.word	0x4b4b484c
10004cdc:	211c224d 	.word	0x211c224d
10004ce0:	f9daf7fd 	.word	0xf9daf7fd
10004ce4:	484b4c4a 	.word	0x484b4c4a
10004ce8:	2b007e23 	.word	0x2b007e23
10004cec:	484ad000 	.word	0x484ad000
10004cf0:	21862300 	.word	0x21862300
10004cf4:	9300224d 	.word	0x9300224d
10004cf8:	4b430049 	.word	0x4b430049
10004cfc:	f9faf7fd 	.word	0xf9faf7fd
10004d00:	21202266 	.word	0x21202266
10004d04:	4b404845 	.word	0x4b404845
10004d08:	f9c6f7fd 	.word	0xf9c6f7fd
10004d0c:	210a78a7 	.word	0x210a78a7
10004d10:	f7fb0038 	.word	0xf7fb0038
10004d14:	b2c0fb1f 	.word	0xb2c0fb1f
10004d18:	d93f2f6d 	.word	0xd93f2f6d
10004d1c:	419b42be 	.word	0x419b42be
10004d20:	40134a3f 	.word	0x40134a3f
10004d24:	189b4a3f 	.word	0x189b4a3f
10004d28:	21192276 	.word	0x21192276
10004d2c:	fe52f7ff 	.word	0xfe52f7ff
10004d30:	211a228a 	.word	0x211a228a
10004d34:	4b34483c 	.word	0x4b34483c
10004d38:	f9aef7fd 	.word	0xf9aef7fd
10004d3c:	212022a3 	.word	0x212022a3
10004d40:	4b31483a 	.word	0x4b31483a
10004d44:	f9a8f7fd 	.word	0xf9a8f7fd
10004d48:	78e04b39 	.word	0x78e04b39
10004d4c:	4798681b 	.word	0x4798681b
10004d50:	1a182320 	.word	0x1a182320
10004d54:	003223fc 	.word	0x003223fc
10004d58:	b2c02108 	.word	0xb2c02108
10004d5c:	f7ff00db 	.word	0xf7ff00db
10004d60:	22c7fe39 	.word	0x22c7fe39
10004d64:	4833211a 	.word	0x4833211a
10004d68:	f7fd4b27 	.word	0xf7fd4b27
10004d6c:	4b26f995 	.word	0x4b26f995
10004d70:	213822e0 	.word	0x213822e0
10004d74:	f7fd4830 	.word	0xf7fd4830
10004d78:	f7fef98f 	.word	0xf7fef98f
10004d7c:	2064fe79 	.word	0x2064fe79
10004d80:	fb90f7fc 	.word	0xfb90f7fc
10004d84:	fc62f7fb 	.word	0xfc62f7fb
10004d88:	38010003 	.word	0x38010003
10004d8c:	d8292807 	.word	0xd8292807
10004d90:	fc62f000 	.word	0xfc62f000
10004d94:	1c251f19 	.word	0x1c251f19
10004d98:	10072828 	.word	0x10072828
10004d9c:	00db23fc 	.word	0x00db23fc
10004da0:	7e23e7c2 	.word	0x7e23e7c2
10004da4:	4153425a 	.word	0x4153425a
10004da8:	7623425b 	.word	0x7623425b
10004dac:	fc56f7fb 	.word	0xfc56f7fb
10004db0:	e7842501 	.word	0xe7842501
10004db4:	d0012d00 	.word	0xd0012d00
10004db8:	fd9cf7fc 	.word	0xfd9cf7fc
10004dbc:	4b1f2100 	.word	0x4b1f2100
10004dc0:	681b0008 	.word	0x681b0008
10004dc4:	f7fc4798 	.word	0xf7fc4798
10004dc8:	e7effcbb 	.word	0xe7effcbb
10004dcc:	fcc6f7fc 	.word	0xfcc6f7fc
10004dd0:	78e3e7ec 	.word	0x78e3e7ec
10004dd4:	d9e92b01 	.word	0xd9e92b01
10004dd8:	fcf2f7fc 	.word	0xfcf2f7fc
10004ddc:	f7fce7e6 	.word	0xf7fce7e6
10004de0:	e7e3fcdd 	.word	0xe7e3fcdd
10004de4:	d0002b06 	.word	0xd0002b06
10004de8:	2d00e769 	.word	0x2d00e769
10004dec:	f7fcd001 	.word	0xf7fcd001
10004df0:	f7fffd81 	.word	0xf7fffd81
10004df4:	f7fffc0b 	.word	0xf7fffc0b
10004df8:	f7fff85d 	.word	0xf7fff85d
10004dfc:	f7fef945 	.word	0xf7fef945
10004e00:	bdf7fe37 	.word	0xbdf7fe37
10004e04:	20000284 	.word	0x20000284
10004e08:	0000ffff 	.word	0x0000ffff
10004e0c:	10006f21 	.word	0x10006f21
10004e10:	20000634 	.word	0x20000634
10004e14:	10006f1d 	.word	0x10006f1d
10004e18:	10006f19 	.word	0x10006f19
10004e1c:	10006f3f 	.word	0x10006f3f
10004e20:	fffff820 	.word	0xfffff820
10004e24:	0000ffe0 	.word	0x0000ffe0
10004e28:	10006f4f 	.word	0x10006f4f
10004e2c:	10006f72 	.word	0x10006f72
10004e30:	200365c0 	.word	0x200365c0
10004e34:	10006f88 	.word	0x10006f88
10004e38:	10006faa 	.word	0x10006faa
10004e3c:	20036550 	.word	0x20036550
10004e40:	0004b510 	.word	0x0004b510
10004e44:	fc28f7fb 	.word	0xfc28f7fb
10004e48:	f9f2f7fc 	.word	0xf9f2f7fc
10004e4c:	00202280 	.word	0x00202280
10004e50:	4b060592 	.word	0x4b060592
10004e54:	1a0a18a1 	.word	0x1a0a18a1
10004e58:	dc012800 	.word	0xdc012800
10004e5c:	fa49f7fb 	.word	0xfa49f7fb
10004e60:	3801781c 	.word	0x3801781c
10004e64:	33017014 	.word	0x33017014
10004e68:	46c0e7f5 	.word	0x46c0e7f5
10004e6c:	20000978 	.word	0x20000978
10004e70:	b570200a 	.word	0xb570200a
10004e74:	fb16f7fc 	.word	0xfb16f7fc
10004e78:	faf8f7fb 	.word	0xfaf8f7fb
10004e7c:	42984b1e 	.word	0x42984b1e
10004e80:	f7fbdd39 	.word	0xf7fbdd39
10004e84:	2635fbeb 	.word	0x2635fbeb
10004e88:	f7fc0034 	.word	0xf7fc0034
10004e8c:	f7fcfeb9 	.word	0xf7fcfeb9
10004e90:	2232fded 	.word	0x2232fded
10004e94:	48192120 	.word	0x48192120
10004e98:	f7fd4b19 	.word	0xf7fd4b19
10004e9c:	2188f913 	.word	0x2188f913
10004ea0:	00202232 	.word	0x00202232
10004ea4:	00494b16 	.word	0x00494b16
10004ea8:	ff3af7fc 	.word	0xff3af7fc
10004eac:	213c22be 	.word	0x213c22be
10004eb0:	4b154814 	.word	0x4b154814
10004eb4:	f8f0f7fd 	.word	0xf8f0f7fd
10004eb8:	f7fe2564 	.word	0xf7fe2564
10004ebc:	f7fbfdd9 	.word	0xf7fbfdd9
10004ec0:	2800fbc5 	.word	0x2800fbc5
10004ec4:	300ad117 	.word	0x300ad117
10004ec8:	f7fc3d01 	.word	0xf7fc3d01
10004ecc:	2d00faeb 	.word	0x2d00faeb
10004ed0:	3c01d1f5 	.word	0x3c01d1f5
10004ed4:	2c30b2e4 	.word	0x2c30b2e4
10004ed8:	f7fcd1d7 	.word	0xf7fcd1d7
10004edc:	f7fefe91 	.word	0xf7fefe91
10004ee0:	0028fdc7 	.word	0x0028fdc7
10004ee4:	fe14f7fe 	.word	0xfe14f7fe
10004ee8:	fbb0f7fb 	.word	0xfbb0f7fb
10004eec:	d0fb2800 	.word	0xd0fb2800
10004ef0:	fe1af7fe 	.word	0xfe1af7fe
10004ef4:	bd70e7c8 	.word	0xbd70e7c8
10004ef8:	000011f8 	.word	0x000011f8
10004efc:	10006fc5 	.word	0x10006fc5
10004f00:	0000ffe0 	.word	0x0000ffe0
10004f04:	10006fd5 	.word	0x10006fd5
10004f08:	0000ffff 	.word	0x0000ffff
10004f0c:	b5f02200 	.word	0xb5f02200
10004f10:	4ec54bc4 	.word	0x4ec54bc4
10004f14:	b087681f 	.word	0xb087681f
10004f18:	42b7601a 	.word	0x42b7601a
10004f1c:	4bc3d005 	.word	0x4bc3d005
10004f20:	42937e1b 	.word	0x42937e1b
10004f24:	f7ffd001 	.word	0xf7ffd001
10004f28:	2400ffa3 	.word	0x2400ffa3
10004f2c:	21004bc0 	.word	0x21004bc0
10004f30:	00184ac0 	.word	0x00184ac0
10004f34:	f7fb9305 	.word	0xf7fb9305
10004f38:	f7fefa86 	.word	0xf7fefa86
10004f3c:	4bbefd0f 	.word	0x4bbefd0f
10004f40:	601c48be 	.word	0x601c48be
10004f44:	fadef7fd 	.word	0xfadef7fd
10004f48:	faacf7ff 	.word	0xfaacf7ff
10004f4c:	ffb2f7fe 	.word	0xffb2f7fe
10004f50:	f7ff48bb 	.word	0xf7ff48bb
10004f54:	4bbbfb03 	.word	0x4bbbfb03
10004f58:	6a9b49bb 	.word	0x6a9b49bb
10004f5c:	185b4abb 	.word	0x185b4abb
10004f60:	23016013 	.word	0x23016013
10004f64:	702b4dba 	.word	0x702b4dba
10004f68:	ff9af7fd 	.word	0xff9af7fd
10004f6c:	d10942a0 	.word	0xd10942a0
10004f70:	d01542b7 	.word	0xd01542b7
10004f74:	00010002 	.word	0x00010002
10004f78:	facef7fd 	.word	0xfacef7fd
10004f7c:	d00f42a0 	.word	0xd00f42a0
10004f80:	fd20f7ff 	.word	0xfd20f7ff
10004f84:	601c4bb3 	.word	0x601c4bb3
10004f88:	ff46f7fe 	.word	0xff46f7fe
10004f8c:	f7ff48b2 	.word	0xf7ff48b2
10004f90:	702cfae5 	.word	0x702cfae5
10004f94:	f906f7ff 	.word	0xf906f7ff
10004f98:	fa94f7ff 	.word	0xfa94f7ff
10004f9c:	f874f7ff 	.word	0xf874f7ff
10004fa0:	fd66f7fe 	.word	0xfd66f7fe
10004fa4:	4aa94ba7 	.word	0x4aa94ba7
10004fa8:	48ac6a99 	.word	0x48ac6a99
10004fac:	1acb6813 	.word	0x1acb6813
10004fb0:	dd0f4283 	.word	0xdd0f4283
10004fb4:	f7fd6011 	.word	0xf7fd6011
10004fb8:	4ca5ff73 	.word	0x4ca5ff73
10004fbc:	28007823 	.word	0x28007823
10004fc0:	2b00d11a 	.word	0x2b00d11a
10004fc4:	f7ffd106 	.word	0xf7ffd106
10004fc8:	f7fffb21 	.word	0xf7fffb21
10004fcc:	489cfa6b 	.word	0x489cfa6b
10004fd0:	fac4f7ff 	.word	0xfac4f7ff
10004fd4:	fb3af7fb 	.word	0xfb3af7fb
10004fd8:	d1002800 	.word	0xd1002800
10004fdc:	3801e26c 	.word	0x3801e26c
10004fe0:	d8f72807 	.word	0xd8f72807
10004fe4:	fb20f000 	.word	0xfb20f000
10004fe8:	00520047 	.word	0x00520047
10004fec:	0018002b 	.word	0x0018002b
10004ff0:	025c0265 	.word	0x025c0265
10004ff4:	02390067 	.word	0x02390067
10004ff8:	d0eb2b00 	.word	0xd0eb2b00
10004ffc:	fb06f7ff 	.word	0xfb06f7ff
10005000:	f7ff4895 	.word	0xf7ff4895
10005004:	2300faab 	.word	0x2300faab
10005008:	f7ff7023 	.word	0xf7ff7023
1000500c:	f7fff8cb 	.word	0xf7fff8cb
10005010:	f7fffa59 	.word	0xf7fffa59
10005014:	e7ddf839 	.word	0xe7ddf839
10005018:	49924a91 	.word	0x49924a91
1000501c:	680b6812 	.word	0x680b6812
10005020:	429a3a01 	.word	0x429a3a01
10005024:	1c5addd6 	.word	0x1c5addd6
10005028:	600a3b0b 	.word	0x600a3b0b
1000502c:	17d243da 	.word	0x17d243da
10005030:	4a884013 	.word	0x4a884013
10005034:	42996811 	.word	0x42996811
10005038:	6013daeb 	.word	0x6013daeb
1000503c:	4b88e7e9 	.word	0x4b88e7e9
10005040:	681b4888 	.word	0x681b4888
10005044:	1e5d6801 	.word	0x1e5d6801
10005048:	ddc3428d 	.word	0xddc3428d
1000504c:	43da3b0d 	.word	0x43da3b0d
10005050:	17d24c80 	.word	0x17d24c80
10005054:	68224013 	.word	0x68224013
10005058:	da0a429a 	.word	0xda0a429a
1000505c:	250c320c 	.word	0x250c320c
10005060:	dd02429a 	.word	0xdd02429a
10005064:	1aad1ad2 	.word	0x1aad1ad2
10005068:	1949001a 	.word	0x1949001a
1000506c:	60016022 	.word	0x60016022
10005070:	6005e7cf 	.word	0x6005e7cf
10005074:	4a7be7cd 	.word	0x4a7be7cd
10005078:	2b006813 	.word	0x2b006813
1000507c:	3b01ddaa 	.word	0x3b01ddaa
10005080:	4a746013 	.word	0x4a746013
10005084:	428b6811 	.word	0x428b6811
10005088:	e7d6dac3 	.word	0xe7d6dac3
1000508c:	680a4975 	.word	0x680a4975
10005090:	dd9f2a00 	.word	0xdd9f2a00
10005094:	6803486f 	.word	0x6803486f
10005098:	dd092b00 	.word	0xdd092b00
1000509c:	3c0c001c 	.word	0x3c0c001c
100050a0:	230cd404 	.word	0x230cd404
100050a4:	60041ad2 	.word	0x60041ad2
100050a8:	e7b2600a 	.word	0xe7b2600a
100050ac:	e7f92400 	.word	0xe7f92400
100050b0:	600b2300 	.word	0x600b2300
100050b4:	4b6be7ad 	.word	0x4b6be7ad
100050b8:	681b4a69 	.word	0x681b4a69
100050bc:	42936812 	.word	0x42936812
100050c0:	260ad288 	.word	0x260ad288
100050c4:	435e4a68 	.word	0x435e4a68
100050c8:	99049204 	.word	0x99049204
100050cc:	198c5cb2 	.word	0x198c5cb2
100050d0:	91034966 	.word	0x91034966
100050d4:	420a2110 	.word	0x420a2110
100050d8:	4e65d04c 	.word	0x4e65d04c
100050dc:	68357867 	.word	0x68357867
100050e0:	d1302f02 	.word	0xd1302f02
100050e4:	2a2e78a2 	.word	0x2a2e78a2
100050e8:	78e2d12d 	.word	0x78e2d12d
100050ec:	d12a2a2e 	.word	0xd12a2a2e
100050f0:	2300002c 	.word	0x2300002c
100050f4:	9a03390f 	.word	0x9a03390f
100050f8:	3c010027 	.word	0x3c010027
100050fc:	2a2f5d12 	.word	0x2a2f5d12
10005100:	2b00d11f 	.word	0x2b00d11f
10005104:	6037d000 	.word	0x6037d000
10005108:	1bea4b4b 	.word	0x1bea4b4b
1000510c:	9b03601a 	.word	0x9b03601a
10005110:	19d94858 	.word	0x19d94858
10005114:	f99cf7fb 	.word	0xf99cf7fb
10005118:	4b572210 	.word	0x4b572210
1000511c:	2f01701a 	.word	0x2f01701a
10005120:	6034dd00 	.word	0x6034dd00
10005124:	68322300 	.word	0x68322300
10005128:	548b9903 	.word	0x548b9903
1000512c:	60134a49 	.word	0x60134a49
10005130:	f99af7ff 	.word	0xf99af7ff
10005134:	49444b43 	.word	0x49444b43
10005138:	4a446a9b 	.word	0x4a446a9b
1000513c:	6013185b 	.word	0x6013185b
10005140:	000be748 	.word	0x000be748
10005144:	1c6ae7d7 	.word	0x1c6ae7d7
10005148:	29f019d1 	.word	0x29f019d1
1000514c:	2d01dcea 	.word	0x2d01dcea
10005150:	212fd003 	.word	0x212fd003
10005154:	55419803 	.word	0x55419803
10005158:	210a0015 	.word	0x210a0015
1000515c:	9a034359 	.word	0x9a034359
10005160:	31029b04 	.word	0x31029b04
10005164:	18591950 	.word	0x18591950
10005168:	197f003a 	.word	0x197f003a
1000516c:	f970f7fb 	.word	0xf970f7fb
10005170:	e7d76037 	.word	0xe7d76037
10005174:	36024d31 	.word	0x36024d31
10005178:	f7fe0028 	.word	0xf7fe0028
1000517c:	7867f89f 	.word	0x7867f89f
10005180:	4c3e9b04 	.word	0x4c3e9b04
10005184:	003a18f1 	.word	0x003a18f1
10005188:	f7fb0020 	.word	0xf7fb0020
1000518c:	493cf961 	.word	0x493cf961
10005190:	19382205 	.word	0x19382205
10005194:	f95cf7fb 	.word	0xf95cf7fb
10005198:	00384f3a 	.word	0x00384f3a
1000519c:	fc4af7ff 	.word	0xfc4af7ff
100051a0:	f7fe9803 	.word	0xf7fe9803
100051a4:	0021f9ef 	.word	0x0021f9ef
100051a8:	f7fe0028 	.word	0xf7fe0028
100051ac:	2800f9b9 	.word	0x2800f9b9
100051b0:	4835d103 	.word	0x4835d103
100051b4:	fca6f7ff 	.word	0xfca6f7ff
100051b8:	2220e70c 	.word	0x2220e70c
100051bc:	00280021 	.word	0x00280021
100051c0:	ff80f7fd 	.word	0xff80f7fd
100051c4:	60184b31 	.word	0x60184b31
100051c8:	7b639303 	.word	0x7b639303
100051cc:	021b7b22 	.word	0x021b7b22
100051d0:	7ba24313 	.word	0x7ba24313
100051d4:	0412482e 	.word	0x0412482e
100051d8:	7be3431a 	.word	0x7be3431a
100051dc:	4313061b 	.word	0x4313061b
100051e0:	061222f0 	.word	0x061222f0
100051e4:	000e1899 	.word	0x000e1899
100051e8:	40164a2a 	.word	0x40164a2a
100051ec:	d0004211 	.word	0xd0004211
100051f0:	7f62e0b9 	.word	0x7f62e0b9
100051f4:	02127f21 	.word	0x02127f21
100051f8:	7fa1430a 	.word	0x7fa1430a
100051fc:	43110409 	.word	0x43110409
10005200:	06127fe2 	.word	0x06127fe2
10005204:	4924430a 	.word	0x4924430a
10005208:	d04f428a 	.word	0xd04f428a
1000520c:	4b244823 	.word	0x4b244823
10005210:	49254a24 	.word	0x49254a24
10005214:	f7ff9000 	.word	0xf7ff9000
10005218:	0028fca3 	.word	0x0028fca3
1000521c:	f84ef7fe 	.word	0xf84ef7fe
10005220:	46c0e6d8 	.word	0x46c0e6d8
10005224:	4005801c 	.word	0x4005801c
10005228:	64616f4c 	.word	0x64616f4c
1000522c:	20000634 	.word	0x20000634
10005230:	20000978 	.word	0x20000978
10005234:	00035b60 	.word	0x00035b60
10005238:	200364dc 	.word	0x200364dc
1000523c:	20036510 	.word	0x20036510
10005240:	10006fef 	.word	0x10006fef
10005244:	40054000 	.word	0x40054000
10005248:	ffe17b80 	.word	0xffe17b80
1000524c:	200364d8 	.word	0x200364d8
10005250:	20038f3f 	.word	0x20038f3f
10005254:	20000960 	.word	0x20000960
10005258:	10006ffe 	.word	0x10006ffe
1000525c:	000f4240 	.word	0x000f4240
10005260:	2000095c 	.word	0x2000095c
10005264:	200008fc 	.word	0x200008fc
10005268:	2003660e 	.word	0x2003660e
1000526c:	20038e4d 	.word	0x20038e4d
10005270:	20036508 	.word	0x20036508
10005274:	20038e44 	.word	0x20038e44
10005278:	20038e4c 	.word	0x20038e4c
1000527c:	20038f41 	.word	0x20038f41
10005280:	1000700f 	.word	0x1000700f
10005284:	10007014 	.word	0x10007014
10005288:	1000701f 	.word	0x1000701f
1000528c:	200365b4 	.word	0x200365b4
10005290:	10007030 	.word	0x10007030
10005294:	efffffff 	.word	0xefffffff
10005298:	e48bff56 	.word	0xe48bff56
1000529c:	10006f1c 	.word	0x10006f1c
100052a0:	10007044 	.word	0x10007044
100052a4:	10007055 	.word	0x10007055
100052a8:	10007067 	.word	0x10007067
100052ac:	05922280 	.word	0x05922280
100052b0:	d1234293 	.word	0xd1234293
100052b4:	f7ff4882 	.word	0xf7ff4882
100052b8:	0034fbbd 	.word	0x0034fbbd
100052bc:	00392720 	.word	0x00392720
100052c0:	f7fd0028 	.word	0xf7fd0028
100052c4:	2280fc51 	.word	0x2280fc51
100052c8:	00289b05 	.word	0x00289b05
100052cc:	00521999 	.word	0x00521999
100052d0:	fef8f7fd 	.word	0xfef8f7fd
100052d4:	60184b7b 	.word	0x60184b7b
100052d8:	dd072800 	.word	0xdd072800
100052dc:	009b2380 	.word	0x009b2380
100052e0:	4b7918ff 	.word	0x4b7918ff
100052e4:	00261824 	.word	0x00261824
100052e8:	dde8429c 	.word	0xdde8429c
100052ec:	f7fd0028 	.word	0xf7fd0028
100052f0:	f7feffe5 	.word	0xf7feffe5
100052f4:	0020fd47 	.word	0x0020fd47
100052f8:	fda2f7ff 	.word	0xfda2f7ff
100052fc:	fbb4f7ff 	.word	0xfbb4f7ff
10005300:	27800038 	.word	0x27800038
10005304:	fb96f7ff 	.word	0xfb96f7ff
10005308:	4970007f 	.word	0x4970007f
1000530c:	f7fd0028 	.word	0xf7fd0028
10005310:	003afc2b 	.word	0x003afc2b
10005314:	00280021 	.word	0x00280021
10005318:	fed4f7fd 	.word	0xfed4f7fd
1000531c:	00069b03 	.word	0x00069b03
10005320:	42b86018 	.word	0x42b86018
10005324:	0021d11e 	.word	0x0021d11e
10005328:	784b31c0 	.word	0x784b31c0
1000532c:	021b780a 	.word	0x021b780a
10005330:	788a4313 	.word	0x788a4313
10005334:	431a0412 	.word	0x431a0412
10005338:	061b78cb 	.word	0x061b78cb
1000533c:	4a644313 	.word	0x4a644313
10005340:	d10f4293 	.word	0xd10f4293
10005344:	786234c4 	.word	0x786234c4
10005348:	02127823 	.word	0x02127823
1000534c:	78a3431a 	.word	0x78a3431a
10005350:	041b78e4 	.word	0x041b78e4
10005354:	06244313 	.word	0x06244313
10005358:	0022431c 	.word	0x0022431c
1000535c:	3a0a4b5d 	.word	0x3a0a4b5d
10005360:	d903429a 	.word	0xd903429a
10005364:	f7ff485c 	.word	0xf7ff485c
10005368:	e756fbcd 	.word	0xe756fbcd
1000536c:	25800023 	.word	0x25800023
10005370:	930433cc 	.word	0x930433cc
10005374:	3c344b55 	.word	0x3c344b55
10005378:	9303022d 	.word	0x9303022d
1000537c:	dd1f2c00 	.word	0xdd1f2c00
10005380:	00922280 	.word	0x00922280
10005384:	9b034694 	.word	0x9b034694
10005388:	44634f54 	.word	0x44634f54
1000538c:	00380019 	.word	0x00380019
10005390:	f7fd9303 	.word	0xf7fd9303
10005394:	2280fbe9 	.word	0x2280fbe9
10005398:	00384951 	.word	0x00384951
1000539c:	00521871 	.word	0x00521871
100053a0:	fe90f7fd 	.word	0xfe90f7fd
100053a4:	60184b47 	.word	0x60184b47
100053a8:	d0092800 	.word	0xd0092800
100053ac:	360123c0 	.word	0x360123c0
100053b0:	36ff3c01 	.word	0x36ff3c01
100053b4:	009b3cff 	.word	0x009b3cff
100053b8:	dddf429e 	.word	0xdddf429e
100053bc:	00f62680 	.word	0x00f62680
100053c0:	484823fc 	.word	0x484823fc
100053c4:	9904227a 	.word	0x9904227a
100053c8:	182800db 	.word	0x182800db
100053cc:	fb02f7ff 	.word	0xfb02f7ff
100053d0:	d0042e00 	.word	0xd0042e00
100053d4:	00280032 	.word	0x00280032
100053d8:	f0004941 	.word	0xf0004941
100053dc:	19adf935 	.word	0x19adf935
100053e0:	dd042c00 	.word	0xdd042c00
100053e4:	4b372600 	.word	0x4b372600
100053e8:	42b3681b 	.word	0x42b3681b
100053ec:	483bdcc8 	.word	0x483bdcc8
100053f0:	ff64f7fd 	.word	0xff64f7fd
100053f4:	429d4b3c 	.word	0x429d4b3c
100053f8:	4b3cdc23 	.word	0x4b3cdc23
100053fc:	2ef7681e 	.word	0x2ef7681e
10005400:	2280dc1f 	.word	0x2280dc1f
10005404:	21ff4c36 	.word	0x21ff4c36
10005408:	00200052 	.word	0x00200052
1000540c:	f81bf7fb 	.word	0xf81bf7fb
10005410:	1c722350 	.word	0x1c722350
10005414:	48374936 	.word	0x48374936
10005418:	71667123 	.word	0x71667123
1000541c:	f818f7fb 	.word	0xf818f7fb
10005420:	48351d71 	.word	0x48351d71
10005424:	fa0cf7fc 	.word	0xfa0cf7fc
10005428:	0a032280 	.word	0x0a032280
1000542c:	70637020 	.word	0x70637020
10005430:	0e000c03 	.word	0x0e000c03
10005434:	002170e0 	.word	0x002170e0
10005438:	00520028 	.word	0x00520028
1000543c:	f00070a3 	.word	0xf00070a3
10005440:	2200f903 	.word	0x2200f903
10005444:	00100011 	.word	0x00100011
10005448:	f866f7fd 	.word	0xf866f7fd
1000544c:	d0022800 	.word	0xd0022800
10005450:	fc98f7fe 	.word	0xfc98f7fe
10005454:	4820e594 	.word	0x4820e594
10005458:	4d24e6ac 	.word	0x4d24e6ac
1000545c:	2a01682a 	.word	0x2a01682a
10005460:	e5b7dc00 	.word	0xe5b7dc00
10005464:	23000014 	.word	0x23000014
10005468:	00264f21 	.word	0x00264f21
1000546c:	5d393c01 	.word	0x5d393c01
10005470:	d113292f 	.word	0xd113292f
10005474:	d0002b00 	.word	0xd0002b00
10005478:	4b20602e 	.word	0x4b20602e
1000547c:	48201b92 	.word	0x48201b92
10005480:	601a19b9 	.word	0x601a19b9
10005484:	ffe4f7fa 	.word	0xffe4f7fa
10005488:	4b1e2210 	.word	0x4b1e2210
1000548c:	2e01701a 	.word	0x2e01701a
10005490:	602cdd00 	.word	0x602cdd00
10005494:	682a2300 	.word	0x682a2300
10005498:	e64754bb 	.word	0xe64754bb
1000549c:	e7e42301 	.word	0xe7e42301
100054a0:	00112200 	.word	0x00112200
100054a4:	f7fd0010 	.word	0xf7fd0010
100054a8:	2800f837 	.word	0x2800f837
100054ac:	e591d100 	.word	0xe591d100
100054b0:	f7ffe7ce 	.word	0xf7ffe7ce
100054b4:	e58dfbfb 	.word	0xe58dfbfb
100054b8:	f8b2f7ff 	.word	0xf8b2f7ff
100054bc:	46c0e570 	.word	0x46c0e570
100054c0:	10007079 	.word	0x10007079
100054c4:	200365b4 	.word	0x200365b4
100054c8:	00035a60 	.word	0x00035a60
100054cc:	00010020 	.word	0x00010020
100054d0:	44415050 	.word	0x44415050
100054d4:	001f6f2a 	.word	0x001f6f2a
100054d8:	1000708d 	.word	0x1000708d
100054dc:	20036510 	.word	0x20036510
100054e0:	20038f41 	.word	0x20038f41
100054e4:	ffff8000 	.word	0xffff8000
100054e8:	001fef00 	.word	0x001fef00
100054ec:	20036508 	.word	0x20036508
100054f0:	20038e4d 	.word	0x20038e4d
100054f4:	20038f49 	.word	0x20038f49
100054f8:	20038f45 	.word	0x20038f45
100054fc:	200364dc 	.word	0x200364dc
10005500:	20038e44 	.word	0x20038e44
10005504:	20038e4c 	.word	0x20038e4c
10005508:	2a03b530 	.word	0x2a03b530
1000550c:	000bd90c 	.word	0x000bd90c
10005510:	079b4303 	.word	0x079b4303
10005514:	6804d119 	.word	0x6804d119
10005518:	429c680b 	.word	0x429c680b
1000551c:	3a04d115 	.word	0x3a04d115
10005520:	31043004 	.word	0x31043004
10005524:	d8f62a03 	.word	0xd8f62a03
10005528:	2a001e55 	.word	0x2a001e55
1000552c:	2300d00b 	.word	0x2300d00b
10005530:	1c5ae003 	.word	0x1c5ae003
10005534:	d006429d 	.word	0xd006429d
10005538:	5cc20013 	.word	0x5cc20013
1000553c:	42a25ccc 	.word	0x42a25ccc
10005540:	1b10d0f7 	.word	0x1b10d0f7
10005544:	2000e000 	.word	0x2000e000
10005548:	1e55bd30 	.word	0x1e55bd30
1000554c:	46c0e7ef 	.word	0x46c0e7ef
10005550:	46ceb5f0 	.word	0x46ceb5f0
10005554:	b5804647 	.word	0xb5804647
10005558:	d90d4288 	.word	0xd90d4288
1000555c:	4298188b 	.word	0x4298188b
10005560:	1e53d20a 	.word	0x1e53d20a
10005564:	d0032a00 	.word	0xd0032a00
10005568:	54c25cca 	.word	0x54c25cca
1000556c:	d2fb3b01 	.word	0xd2fb3b01
10005570:	46b9bcc0 	.word	0x46b9bcc0
10005574:	bdf046b0 	.word	0xbdf046b0
10005578:	d80b2a0f 	.word	0xd80b2a0f
1000557c:	1e560005 	.word	0x1e560005
10005580:	d0f52a00 	.word	0xd0f52a00
10005584:	5ccc2300 	.word	0x5ccc2300
10005588:	54ec001a 	.word	0x54ec001a
1000558c:	42963301 	.word	0x42963301
10005590:	e7edd1f9 	.word	0xe7edd1f9
10005594:	430b0003 	.word	0x430b0003
10005598:	079b4688 	.word	0x079b4688
1000559c:	2610d134 	.word	0x2610d134
100055a0:	46b10017 	.word	0x46b10017
100055a4:	0003000c 	.word	0x0003000c
100055a8:	093f3f10 	.word	0x093f3f10
100055ac:	19c5013f 	.word	0x19c5013f
100055b0:	682644a9 	.word	0x682644a9
100055b4:	6866601e 	.word	0x6866601e
100055b8:	68a6605e 	.word	0x68a6605e
100055bc:	68e6609e 	.word	0x68e6609e
100055c0:	60de3410 	.word	0x60de3410
100055c4:	3310001e 	.word	0x3310001e
100055c8:	d1f242ae 	.word	0xd1f242ae
100055cc:	003919cf 	.word	0x003919cf
100055d0:	260c230f 	.word	0x260c230f
100055d4:	468c3110 	.word	0x468c3110
100055d8:	42164013 	.word	0x42164013
100055dc:	4644d017 	.word	0x4644d017
100055e0:	089b3b04 	.word	0x089b3b04
100055e4:	18ff009b 	.word	0x18ff009b
100055e8:	1b063714 	.word	0x1b063714
100055ec:	198d680c 	.word	0x198d680c
100055f0:	602c3104 	.word	0x602c3104
100055f4:	d1f942b9 	.word	0xd1f942b9
100055f8:	33044661 	.word	0x33044661
100055fc:	444b1859 	.word	0x444b1859
10005600:	2303001d 	.word	0x2303001d
10005604:	e7ba401a 	.word	0xe7ba401a
10005608:	1e560005 	.word	0x1e560005
1000560c:	464de7ba 	.word	0x464de7ba
10005610:	e7b4001a 	.word	0xe7b4001a
10005614:	00000000 	.word	0x00000000
10005618:	4802b401 	.word	0x4802b401
1000561c:	bc014684 	.word	0xbc014684
10005620:	bf004760 	.word	0xbf004760
10005624:	20000139 	.word	0x20000139
10005628:	4802b401 	.word	0x4802b401
1000562c:	bc014684 	.word	0xbc014684
10005630:	bf004760 	.word	0xbf004760
10005634:	20000235 	.word	0x20000235
10005638:	4802b401 	.word	0x4802b401
1000563c:	bc014684 	.word	0xbc014684
10005640:	bf004760 	.word	0xbf004760
10005644:	20000001 	.word	0x20000001
10005648:	4802b401 	.word	0x4802b401
1000564c:	bc014684 	.word	0xbc014684
10005650:	bf004760 	.word	0xbf004760
10005654:	200000c1 	.word	0x200000c1
10005658:	4802b401 	.word	0x4802b401
1000565c:	bc014684 	.word	0xbc014684
10005660:	bf004760 	.word	0xbf004760
10005664:	2000020d 	.word	0x2000020d
10005668:	4802b401 	.word	0x4802b401
1000566c:	bc014684 	.word	0xbc014684
10005670:	bf004760 	.word	0xbf004760
10005674:	20000221 	.word	0x20000221
10005678:	4802b401 	.word	0x4802b401
1000567c:	bc014684 	.word	0xbc014684
10005680:	bf004760 	.word	0xbf004760
10005684:	20000019 	.word	0x20000019
10005688:	05020304 	.word	0x05020304
1000568c:	06070809 	.word	0x06070809
10005690:	07ff060a 	.word	0x07ff060a
10005694:	05040908 	.word	0x05040908
10005698:	02010300 	.word	0x02010300
1000569c:	ffffffff 	.word	0xffffffff
100056a0:	4240ffff 	.word	0x4240ffff
100056a4:	020100ff 	.word	0x020100ff
100056a8:	ffffff40 	.word	0xffffff40
100056ac:	0302ffff 	.word	0x0302ffff
100056b0:	05040100 	.word	0x05040100
100056b4:	ffff00ff 	.word	0xffff00ff
100056b8:	0403ffff 	.word	0x0403ffff
100056bc:	06050201 	.word	0x06050201
100056c0:	ffffffff 	.word	0xffffffff
100056c4:	0302ffff 	.word	0x0302ffff
100056c8:	05040001 	.word	0x05040001
100056cc:	100056f6 	.word	0x100056f6
100056d0:	100056f0 	.word	0x100056f0
100056d4:	100056ea 	.word	0x100056ea
100056d8:	100056e4 	.word	0x100056e4
100056dc:	100056e0 	.word	0x100056e0
100056e0:	00544146 	.word	0x00544146
100056e4:	33544146 	.word	0x33544146
100056e8:	41460032 	.word	0x41460032
100056ec:	00363154 	.word	0x00363154
100056f0:	31544146 	.word	0x31544146
100056f4:	6f6e0032 	.word	0x6f6e0032
100056f8:	0000656e 	.word	0x0000656e
100056fc:	0000a800 	.word	0x0000a800
10005700:	00000000 	.word	0x00000000
10005704:	70607070 	.word	0x70607070
10005708:	00000000 	.word	0x00000000
1000570c:	20200000 	.word	0x20200000
10005710:	20200000 	.word	0x20200000
10005714:	20200000 	.word	0x20200000
10005718:	20200000 	.word	0x20200000
	...
1000575c:	00000060 	.word	0x00000060
	...
10005778:	08000000 	.word	0x08000000
1000577c:	fce01c00 	.word	0xfce01c00
10005780:	fce01c00 	.word	0xfce01c00
10005784:	fce01c00 	.word	0xfce01c00
10005788:	fce01c00 	.word	0xfce01c00
1000578c:	afafffff 	.word	0xafafffff
10005790:	afafffff 	.word	0xafafffff
10005794:	afafffff 	.word	0xafafffff
10005798:	afafffff 	.word	0xafafffff
1000579c:	ffffffff 	.word	0xffffffff
100057a0:	ffffffff 	.word	0xffffffff
100057a4:	ffffffff 	.word	0xffffffff
100057a8:	ffffffff 	.word	0xffffffff
100057ac:	ffffffff 	.word	0xffffffff
100057b0:	ffffffff 	.word	0xffffffff
100057b4:	ffffffff 	.word	0xffffffff
100057b8:	ffffffff 	.word	0xffffffff
100057bc:	ffffffff 	.word	0xffffffff
100057c0:	ffffffff 	.word	0xffffffff
100057c4:	ffffffff 	.word	0xffffffff
100057c8:	ffffffff 	.word	0xffffffff
100057cc:	ffffffff 	.word	0xffffffff
100057d0:	ffffffff 	.word	0xffffffff
100057d4:	ffffffff 	.word	0xffffffff
100057d8:	ffffffff 	.word	0xffffffff
100057dc:	ffffff9f 	.word	0xffffff9f
100057e0:	ffffffff 	.word	0xffffffff
100057e4:	ffffffff 	.word	0xffffffff
100057e8:	ffffffff 	.word	0xffffffff
100057ec:	ffffffff 	.word	0xffffffff
100057f0:	ffffffff 	.word	0xffffffff
100057f4:	ffffffff 	.word	0xffffffff
100057f8:	f7ffffff 	.word	0xf7ffffff
100057fc:	30305400 	.word	0x30305400
10005800:	20702050 	.word	0x20702050
10005804:	7050f888 	.word	0x7050f888
10005808:	20202010 	.word	0x20202010
1000580c:	20200000 	.word	0x20200000
10005810:	20200000 	.word	0x20200000
10005814:	20200000 	.word	0x20200000
10005818:	20200000 	.word	0x20200000
1000581c:	50482000 	.word	0x50482000
10005820:	10400020 	.word	0x10400020
10005824:	00002010 	.word	0x00002010
10005828:	00000000 	.word	0x00000000
1000582c:	70706070 	.word	0x70706070
10005830:	f870f810 	.word	0xf870f810
10005834:	00007070 	.word	0x00007070
10005838:	70000000 	.word	0x70000000
1000583c:	70f07070 	.word	0x70f07070
10005840:	70f8f8e0 	.word	0x70f8f8e0
10005844:	9008f888 	.word	0x9008f888
10005848:	70888880 	.word	0x70888880
1000584c:	70f070f0 	.word	0x70f070f0
10005850:	888888f8 	.word	0x888888f8
10005854:	38f88888 	.word	0x38f88888
10005858:	00207000 	.word	0x00207000
1000585c:	00800090 	.word	0x00800090
10005860:	00300008 	.word	0x00300008
10005864:	40082080 	.word	0x40082080
10005868:	00000040 	.word	0x00000040
1000586c:	00000000 	.word	0x00000000
10005870:	00000020 	.word	0x00000020
10005874:	38000000 	.word	0x38000000
10005878:	0828e020 	.word	0x0828e020
1000587c:	fce01c00 	.word	0xfce01c00
10005880:	fce01c00 	.word	0xfce01c00
10005884:	fce01c00 	.word	0xfce01c00
10005888:	fce01c00 	.word	0xfce01c00
1000588c:	afafffff 	.word	0xafafffff
10005890:	afafffff 	.word	0xafafffff
10005894:	afafffff 	.word	0xafafffff
10005898:	afafffff 	.word	0xafafffff
1000589c:	afb7dfff 	.word	0xafb7dfff
100058a0:	efbfffdf 	.word	0xefbfffdf
100058a4:	ffffdfef 	.word	0xffffdfef
100058a8:	ffffffff 	.word	0xffffffff
100058ac:	8f8f9f8f 	.word	0x8f8f9f8f
100058b0:	078f07ef 	.word	0x078f07ef
100058b4:	ffff8f8f 	.word	0xffff8f8f
100058b8:	8fffffff 	.word	0x8fffffff
100058bc:	8f0f8f8f 	.word	0x8f0f8f8f
100058c0:	8f07071f 	.word	0x8f07071f
100058c4:	6ff70777 	.word	0x6ff70777
100058c8:	8f77777f 	.word	0x8f77777f
100058cc:	8f0f8f0f 	.word	0x8f0f8f0f
100058d0:	77777707 	.word	0x77777707
100058d4:	c7077777 	.word	0xc7077777
100058d8:	ffdf8fff 	.word	0xffdf8fff
100058dc:	ff7fff6f 	.word	0xff7fff6f
100058e0:	ffcffff7 	.word	0xffcffff7
100058e4:	bff7df7f 	.word	0xbff7df7f
100058e8:	ffffffbf 	.word	0xffffffbf
100058ec:	ffffffff 	.word	0xffffffff
100058f0:	ffffffdf 	.word	0xffffffdf
100058f4:	c7ffffff 	.word	0xc7ffffff
100058f8:	f7d71fdf 	.word	0xf7d71fdf
100058fc:	7848a800 	.word	0x7848a800
10005900:	70a870f8 	.word	0x70a870f8
10005904:	2048a8d8 	.word	0x2048a8d8
10005908:	20607018 	.word	0x20607018
1000590c:	20200030 	.word	0x20200030
10005910:	20200000 	.word	0x20200000
10005914:	20200000 	.word	0x20200000
10005918:	20200000 	.word	0x20200000
1000591c:	f8482000 	.word	0xf8482000
10005920:	20a0c8f8 	.word	0x20a0c8f8
10005924:	20501020 	.word	0x20501020
10005928:	08000000 	.word	0x08000000
1000592c:	8888a098 	.word	0x8888a098
10005930:	08808030 	.word	0x08808030
10005934:	20008888 	.word	0x20008888
10005938:	88400010 	.word	0x88400010
1000593c:	88888898 	.word	0x88888898
10005940:	88808090 	.word	0x88808090
10005944:	a0082088 	.word	0xa0082088
10005948:	88c8d880 	.word	0x88c8d880
1000594c:	80888888 	.word	0x80888888
10005950:	88888820 	.word	0x88888820
10005954:	20088850 	.word	0x20088850
10005958:	00501080 	.word	0x00501080
1000595c:	38807060 	.word	0x38807060
10005960:	78407008 	.word	0x78407008
10005964:	50000080 	.word	0x50000080
10005968:	70f0d040 	.word	0x70f0d040
1000596c:	703878f0 	.word	0x703878f0
10005970:	88888870 	.word	0x88888870
10005974:	20f88888 	.word	0x20f88888
10005978:	08502020 	.word	0x08502020
1000597c:	fce01c00 	.word	0xfce01c00
10005980:	fce01c00 	.word	0xfce01c00
10005984:	fce01c00 	.word	0xfce01c00
10005988:	fce01c00 	.word	0xfce01c00
1000598c:	2faf1fcf 	.word	0x2faf1fcf
10005990:	23a303c3 	.word	0x23a303c3
10005994:	2faf0fff 	.word	0x2faf0fff
10005998:	23a30383 	.word	0x23a30383
1000599c:	07b7dfff 	.word	0x07b7dfff
100059a0:	df5f3707 	.word	0xdf5f3707
100059a4:	dfafefdf 	.word	0xdfafefdf
100059a8:	f7ffffff 	.word	0xf7ffffff
100059ac:	77775f67 	.word	0x77775f67
100059b0:	f77f7fcf 	.word	0xf77f7fcf
100059b4:	dfff7777 	.word	0xdfff7777
100059b8:	77bfffef 	.word	0x77bfffef
100059bc:	77777767 	.word	0x77777767
100059c0:	777f7f6f 	.word	0x777f7f6f
100059c4:	5ff7df77 	.word	0x5ff7df77
100059c8:	7737277f 	.word	0x7737277f
100059cc:	7f777777 	.word	0x7f777777
100059d0:	777777df 	.word	0x777777df
100059d4:	dff777af 	.word	0xdff777af
100059d8:	ffafef7f 	.word	0xffafef7f
100059dc:	c77f8f9f 	.word	0xc77f8f9f
100059e0:	87bf8ff7 	.word	0x87bf8ff7
100059e4:	afffff7f 	.word	0xafffff7f
100059e8:	8f0f2fbf 	.word	0x8f0f2fbf
100059ec:	8fc7870f 	.word	0x8fc7870f
100059f0:	7777778f 	.word	0x7777778f
100059f4:	df077777 	.word	0xdf077777
100059f8:	f7afdfdf 	.word	0xf7afdfdf
100059fc:	fc845400 	.word	0xfc845400
10005a00:	f8f8f8f8 	.word	0xf8f8f8f8
10005a04:	f848f888 	.word	0xf848f888
10005a08:	20fcf8fc 	.word	0x20fcf8fc
10005a0c:	e020e078 	.word	0xe020e078
10005a10:	fc3cfc3c 	.word	0xfc3cfc3c
10005a14:	e020e020 	.word	0xe020e020
10005a18:	fc3cfc3c 	.word	0xfc3cfc3c
10005a1c:	50002000 	.word	0x50002000
10005a20:	0040d0a0 	.word	0x0040d0a0
10005a24:	20201020 	.word	0x20201020
10005a28:	10000000 	.word	0x10000000
10005a2c:	300820a8 	.word	0x300820a8
10005a30:	10f0f050 	.word	0x10f0f050
10005a34:	00208870 	.word	0x00208870
10005a38:	1020f820 	.word	0x1020f820
10005a3c:	80f088a8 	.word	0x80f088a8
10005a40:	80f0f088 	.word	0x80f0f088
10005a44:	c00820f8 	.word	0xc00820f8
10005a48:	88a8a880 	.word	0x88a8a880
10005a4c:	70888888 	.word	0x70888888
10005a50:	88888820 	.word	0x88888820
10005a54:	20105020 	.word	0x20105020
10005a58:	00881040 	.word	0x00881040
10005a5c:	40f00800 	.word	0x40f00800
10005a60:	88e08878 	.word	0x88e08878
10005a64:	600860f0 	.word	0x600860f0
10005a68:	8888a840 	.word	0x8888a840
10005a6c:	80408888 	.word	0x80408888
10005a70:	a8888820 	.word	0xa8888820
10005a74:	c0108850 	.word	0xc0108850
10005a78:	10001820 	.word	0x10001820
10005a7c:	fce01c00 	.word	0xfce01c00
10005a80:	fce01c00 	.word	0xfce01c00
10005a84:	fce01c00 	.word	0xfce01c00
10005a88:	fce01c00 	.word	0xfce01c00
10005a8c:	efafff87 	.word	0xefafff87
10005a90:	ffbfffff 	.word	0xffbfffff
10005a94:	efafefaf 	.word	0xefafefaf
10005a98:	ffbfffbf 	.word	0xffbfffbf
10005a9c:	afffdfff 	.word	0xafffdfff
10005aa0:	ffbf2f5f 	.word	0xffbf2f5f
10005aa4:	dfdfefdf 	.word	0xdfdfefdf
10005aa8:	efffffff 	.word	0xefffffff
10005aac:	cff7df57 	.word	0xcff7df57
10005ab0:	ef0f0faf 	.word	0xef0f0faf
10005ab4:	ffdf778f 	.word	0xffdf778f
10005ab8:	efdf07df 	.word	0xefdf07df
10005abc:	7f0f7757 	.word	0x7f0f7757
10005ac0:	7f0f0f77 	.word	0x7f0f0f77
10005ac4:	3ff7df07 	.word	0x3ff7df07
10005ac8:	7757577f 	.word	0x7757577f
10005acc:	8f777777 	.word	0x8f777777
10005ad0:	777777df 	.word	0x777777df
10005ad4:	dfefafdf 	.word	0xdfefafdf
10005ad8:	ff77efbf 	.word	0xff77efbf
10005adc:	bf0ff7ff 	.word	0xbf0ff7ff
10005ae0:	771f7787 	.word	0x771f7787
10005ae4:	9ff79f0f 	.word	0x9ff79f0f
10005ae8:	777757bf 	.word	0x777757bf
10005aec:	7fbf7777 	.word	0x7fbf7777
10005af0:	577777df 	.word	0x577777df
10005af4:	3fef77af 	.word	0x3fef77af
10005af8:	efffe7df 	.word	0xefffe7df
10005afc:	fc84a800 	.word	0xfc84a800
10005b00:	f8a8f8f8 	.word	0xf8a8f8f8
10005b04:	2050f888 	.word	0x2050f888
10005b08:	f8602018 	.word	0xf8602018
10005b0c:	00000078 	.word	0x00000078
10005b10:	00000000 	.word	0x00000000
10005b14:	20202020 	.word	0x20202020
10005b18:	20202020 	.word	0x20202020
10005b1c:	50002000 	.word	0x50002000
10005b20:	006820f8 	.word	0x006820f8
10005b24:	f8f81020 	.word	0xf8f81020
10005b28:	2000f800 	.word	0x2000f800
10005b2c:	087020a8 	.word	0x087020a8
10005b30:	20880890 	.word	0x20880890
10005b34:	00007888 	.word	0x00007888
10005b38:	20100040 	.word	0x20100040
10005b3c:	8088f8b8 	.word	0x8088f8b8
10005b40:	98808088 	.word	0x98808088
10005b44:	a0882088 	.word	0xa0882088
10005b48:	88a88880 	.word	0x88a88880
10005b4c:	08f0a8f0 	.word	0x08f0a8f0
10005b50:	88888820 	.word	0x88888820
10005b54:	20202020 	.word	0x20202020
10005b58:	00001020 	.word	0x00001020
10005b5c:	40887800 	.word	0x40887800
10005b60:	8840f088 	.word	0x8840f088
10005b64:	60082088 	.word	0x60082088
10005b68:	8888a840 	.word	0x8888a840
10005b6c:	70408888 	.word	0x70408888
10005b70:	a8508820 	.word	0xa8508820
10005b74:	20208820 	.word	0x20208820
10005b78:	90002020 	.word	0x90002020
10005b7c:	00000000 	.word	0x00000000
10005b80:	1c1c1c1c 	.word	0x1c1c1c1c
10005b84:	e0e0e0e0 	.word	0xe0e0e0e0
10005b88:	fcfcfcfc 	.word	0xfcfcfcfc
10005b8c:	0fff1f87 	.word	0x0fff1f87
10005b90:	038303c3 	.word	0x038303c3
10005b94:	2faf2faf 	.word	0x2faf2faf
10005b98:	23a323a3 	.word	0x23a323a3
10005b9c:	afffdfff 	.word	0xafffdfff
10005ba0:	ff97df07 	.word	0xff97df07
10005ba4:	0707efdf 	.word	0x0707efdf
10005ba8:	dfff07ff 	.word	0xdfff07ff
10005bac:	f78fdf57 	.word	0xf78fdf57
10005bb0:	df77f76f 	.word	0xdf77f76f
10005bb4:	ffff8777 	.word	0xffff8777
10005bb8:	dfefffbf 	.word	0xdfefffbf
10005bbc:	7f770747 	.word	0x7f770747
10005bc0:	677f7f77 	.word	0x677f7f77
10005bc4:	5f77df77 	.word	0x5f77df77
10005bc8:	7757777f 	.word	0x7757777f
10005bcc:	f70f570f 	.word	0xf70f570f
10005bd0:	777777df 	.word	0x777777df
10005bd4:	dfdfdfdf 	.word	0xdfdfdfdf
10005bd8:	ffffefdf 	.word	0xffffefdf
10005bdc:	bf7787ff 	.word	0xbf7787ff
10005be0:	77bf0f77 	.word	0x77bf0f77
10005be4:	9ff7df77 	.word	0x9ff7df77
10005be8:	777757bf 	.word	0x777757bf
10005bec:	8fbf7777 	.word	0x8fbf7777
10005bf0:	57af77df 	.word	0x57af77df
10005bf4:	dfdf77df 	.word	0xdfdf77df
10005bf8:	6fffdfdf 	.word	0x6fffdfdf
10005bfc:	78485400 	.word	0x78485400
10005c00:	20207070 	.word	0x20207070
10005c04:	50c0d8a8 	.word	0x50c0d8a8
10005c08:	70202010 	.word	0x70202010
10005c0c:	00000030 	.word	0x00000030
10005c10:	00000000 	.word	0x00000000
10005c14:	20202020 	.word	0x20202020
10005c18:	20202020 	.word	0x20202020
10005c1c:	f8000000 	.word	0xf8000000
10005c20:	00905828 	.word	0x00905828
10005c24:	20201020 	.word	0x20201020
10005c28:	40300010 	.word	0x40300010
10005c2c:	888020c8 	.word	0x888020c8
10005c30:	408888f8 	.word	0x408888f8
10005c34:	20000888 	.word	0x20000888
10005c38:	0020f820 	.word	0x0020f820
10005c3c:	88888880 	.word	0x88888880
10005c40:	88808090 	.word	0x88808090
10005c44:	90882088 	.word	0x90882088
10005c48:	88988880 	.word	0x88988880
10005c4c:	88909880 	.word	0x88909880
10005c50:	a8508820 	.word	0xa8508820
10005c54:	20402050 	.word	0x20402050
10005c58:	00001010 	.word	0x00001010
10005c5c:	40888800 	.word	0x40888800
10005c60:	78408088 	.word	0x78408088
10005c64:	50082088 	.word	0x50082088
10005c68:	8888a840 	.word	0x8888a840
10005c6c:	084078f0 	.word	0x084078f0
10005c70:	a8508820 	.word	0xa8508820
10005c74:	20407850 	.word	0x20407850
10005c78:	a0002020 	.word	0xa0002020
10005c7c:	00000000 	.word	0x00000000
10005c80:	1c1c1c1c 	.word	0x1c1c1c1c
10005c84:	e0e0e0e0 	.word	0xe0e0e0e0
10005c88:	fcfcfcfc 	.word	0xfcfcfcfc
10005c8c:	ffffffcf 	.word	0xffffffcf
10005c90:	ffffffff 	.word	0xffffffff
10005c94:	afafafaf 	.word	0xafafafaf
10005c98:	afafafaf 	.word	0xafafafaf
10005c9c:	07ffffff 	.word	0x07ffffff
10005ca0:	ff6fa7d7 	.word	0xff6fa7d7
10005ca4:	dfdfefdf 	.word	0xdfdfefdf
10005ca8:	bfcfffef 	.word	0xbfcfffef
10005cac:	777fdf37 	.word	0x777fdf37
10005cb0:	bf777707 	.word	0xbf777707
10005cb4:	dffff777 	.word	0xdffff777
10005cb8:	ffdf07df 	.word	0xffdf07df
10005cbc:	7777777f 	.word	0x7777777f
10005cc0:	777f7f6f 	.word	0x777f7f6f
10005cc4:	6f77df77 	.word	0x6f77df77
10005cc8:	7767777f 	.word	0x7767777f
10005ccc:	776f677f 	.word	0x776f677f
10005cd0:	57af77df 	.word	0x57af77df
10005cd4:	dfbfdfaf 	.word	0xdfbfdfaf
10005cd8:	ffffefef 	.word	0xffffefef
10005cdc:	bf7777ff 	.word	0xbf7777ff
10005ce0:	87bf7f77 	.word	0x87bf7f77
10005ce4:	aff7df77 	.word	0xaff7df77
10005ce8:	777757bf 	.word	0x777757bf
10005cec:	f7bf870f 	.word	0xf7bf870f
10005cf0:	57af77df 	.word	0x57af77df
10005cf4:	dfbf87af 	.word	0xdfbf87af
10005cf8:	5fffdfdf 	.word	0x5fffdfdf
10005cfc:	3030a800 	.word	0x3030a800
10005d00:	70702020 	.word	0x70702020
10005d04:	88c0f888 	.word	0x88c0f888
10005d08:	20002000 	.word	0x20002000
	...
10005d14:	20202020 	.word	0x20202020
10005d18:	20202020 	.word	0x20202020
10005d1c:	50002000 	.word	0x50002000
10005d20:	006898f8 	.word	0x006898f8
10005d24:	20502010 	.word	0x20502010
10005d28:	80300010 	.word	0x80300010
10005d2c:	70f8f870 	.word	0x70f8f870
10005d30:	40707010 	.word	0x40707010
10005d34:	20207070 	.word	0x20207070
10005d38:	20400010 	.word	0x20400010
10005d3c:	70f08870 	.word	0x70f08870
10005d40:	7080f8e0 	.word	0x7080f8e0
10005d44:	8870f888 	.word	0x8870f888
10005d48:	708888f8 	.word	0x708888f8
10005d4c:	70887080 	.word	0x70887080
10005d50:	50207020 	.word	0x50207020
10005d54:	38f82088 	.word	0x38f82088
10005d58:	00007008 	.word	0x00007008
10005d5c:	38f07800 	.word	0x38f07800
10005d60:	08407878 	.word	0x08407878
10005d64:	48487088 	.word	0x48487088
10005d68:	7088a830 	.word	0x7088a830
10005d6c:	f0400880 	.word	0xf0400880
10005d70:	50207818 	.word	0x50207818
10005d74:	38f80888 	.word	0x38f80888
10005d78:	4000e020 	.word	0x4000e020
10005d7c:	00000000 	.word	0x00000000
10005d80:	1c1c1c1c 	.word	0x1c1c1c1c
10005d84:	e0e0e0e0 	.word	0xe0e0e0e0
10005d88:	fcfcfcfc 	.word	0xfcfcfcfc
10005d8c:	ffffffff 	.word	0xffffffff
10005d90:	ffffffff 	.word	0xffffffff
10005d94:	afafafaf 	.word	0xafafafaf
10005d98:	afafafaf 	.word	0xafafafaf
10005d9c:	afffdfff 	.word	0xafffdfff
10005da0:	ff976707 	.word	0xff976707
10005da4:	dfafdfef 	.word	0xdfafdfef
10005da8:	7fcfffef 	.word	0x7fcfffef
10005dac:	8f07078f 	.word	0x8f07078f
10005db0:	bf8f8fef 	.word	0xbf8f8fef
10005db4:	dfdf8f8f 	.word	0xdfdf8f8f
10005db8:	dfbfffef 	.word	0xdfbfffef
10005dbc:	8f0f778f 	.word	0x8f0f778f
10005dc0:	8f7f071f 	.word	0x8f7f071f
10005dc4:	778f0777 	.word	0x778f0777
10005dc8:	8f777707 	.word	0x8f777707
10005dcc:	8f778f7f 	.word	0x8f778f7f
10005dd0:	afdf8fdf 	.word	0xafdf8fdf
10005dd4:	c707df77 	.word	0xc707df77
10005dd8:	ffff8ff7 	.word	0xffff8ff7
10005ddc:	c70f87ff 	.word	0xc70f87ff
10005de0:	f7bf8787 	.word	0xf7bf8787
10005de4:	b7b78f77 	.word	0xb7b78f77
10005de8:	8f7757cf 	.word	0x8f7757cf
10005dec:	0fbff77f 	.word	0x0fbff77f
10005df0:	afdf87e7 	.word	0xafdf87e7
10005df4:	c707f777 	.word	0xc707f777
10005df8:	bfff1fdf 	.word	0xbfff1fdf
10005dfc:	00005400 	.word	0x00005400
10005e00:	00000000 	.word	0x00000000
10005e04:	00007070 	.word	0x00007070
	...
10005e14:	20202020 	.word	0x20202020
10005e18:	20202020 	.word	0x20202020
10005e1c:	00000000 	.word	0x00000000
10005e20:	00000020 	.word	0x00000020
10005e24:	00000000 	.word	0x00000000
10005e28:	00000020 	.word	0x00000020
	...
10005e34:	40000000 	.word	0x40000000
	...
10005e58:	fc000000 	.word	0xfc000000
10005e5c:	00000000 	.word	0x00000000
10005e60:	70000000 	.word	0x70000000
10005e64:	00300000 	.word	0x00300000
10005e68:	00000000 	.word	0x00000000
10005e6c:	00000880 	.word	0x00000880
10005e70:	00000000 	.word	0x00000000
10005e74:	00007000 	.word	0x00007000
	...
10005e80:	1c1c1c1c 	.word	0x1c1c1c1c
10005e84:	e0e0e0e0 	.word	0xe0e0e0e0
10005e88:	fcfcfcfc 	.word	0xfcfcfcfc
10005e8c:	ffffffff 	.word	0xffffffff
10005e90:	ffffffff 	.word	0xffffffff
10005e94:	afafafaf 	.word	0xafafafaf
10005e98:	afafafaf 	.word	0xafafafaf
10005e9c:	ffffffff 	.word	0xffffffff
10005ea0:	ffffffdf 	.word	0xffffffdf
10005ea4:	ffffffff 	.word	0xffffffff
10005ea8:	ffffffdf 	.word	0xffffffdf
10005eac:	ffffffff 	.word	0xffffffff
10005eb0:	ffffffff 	.word	0xffffffff
10005eb4:	bfffffff 	.word	0xbfffffff
10005eb8:	ffffffff 	.word	0xffffffff
10005ebc:	ffffffff 	.word	0xffffffff
10005ec0:	ffffffff 	.word	0xffffffff
10005ec4:	ffffffff 	.word	0xffffffff
10005ec8:	ffffffff 	.word	0xffffffff
10005ecc:	ffffffff 	.word	0xffffffff
10005ed0:	ffffffff 	.word	0xffffffff
10005ed4:	ffffffff 	.word	0xffffffff
10005ed8:	03ffffff 	.word	0x03ffffff
10005edc:	ffffffff 	.word	0xffffffff
10005ee0:	8fffffff 	.word	0x8fffffff
10005ee4:	ffcfffff 	.word	0xffcfffff
10005ee8:	ffffffff 	.word	0xffffffff
10005eec:	fffff77f 	.word	0xfffff77f
10005ef0:	ffffffff 	.word	0xffffffff
10005ef4:	ffff8fff 	.word	0xffff8fff
10005ef8:	ffffffff 	.word	0xffffffff
10005efc:	00005500 	.word	0x00005500
	...
10005f0c:	10100000 	.word	0x10100000
10005f10:	10100000 	.word	0x10100000
10005f14:	10100000 	.word	0x10100000
10005f18:	10100000 	.word	0x10100000
	...
10005f7c:	fff00f00 	.word	0xfff00f00
10005f80:	fff00f00 	.word	0xfff00f00
10005f84:	fff00f00 	.word	0xfff00f00
10005f88:	fff00f00 	.word	0xfff00f00
10005f8c:	d7d7ffff 	.word	0xd7d7ffff
10005f90:	d7d7ffff 	.word	0xd7d7ffff
10005f94:	d7d7ffff 	.word	0xd7d7ffff
10005f98:	d7d7ffff 	.word	0xd7d7ffff
10005f9c:	ffffffff 	.word	0xffffffff
10005fa0:	ffffffff 	.word	0xffffffff
10005fa4:	ffffffff 	.word	0xffffffff
10005fa8:	ffffffff 	.word	0xffffffff
10005fac:	ffffffff 	.word	0xffffffff
10005fb0:	ffffffff 	.word	0xffffffff
10005fb4:	ffffffff 	.word	0xffffffff
10005fb8:	ffffffff 	.word	0xffffffff
10005fbc:	ffffffff 	.word	0xffffffff
10005fc0:	ffffffff 	.word	0xffffffff
10005fc4:	ffffffff 	.word	0xffffffff
10005fc8:	ffffffff 	.word	0xffffffff
10005fcc:	ffffffff 	.word	0xffffffff
10005fd0:	ffffffff 	.word	0xffffffff
10005fd4:	ffffffff 	.word	0xffffffff
10005fd8:	ffffffff 	.word	0xffffffff
10005fdc:	ffffffff 	.word	0xffffffff
10005fe0:	ffffffff 	.word	0xffffffff
10005fe4:	ffffffff 	.word	0xffffffff
10005fe8:	ffffffff 	.word	0xffffffff
10005fec:	ffffffff 	.word	0xffffffff
10005ff0:	ffffffff 	.word	0xffffffff
10005ff4:	ffffffff 	.word	0xffffffff
10005ff8:	ffffffff 	.word	0xffffffff
10005ffc:	0000aa00 	.word	0x0000aa00
	...
1000600c:	10100000 	.word	0x10100000
10006010:	10100000 	.word	0x10100000
10006014:	10100000 	.word	0x10100000
10006018:	10100000 	.word	0x10100000
	...
1000607c:	fff00f00 	.word	0xfff00f00
10006080:	fff00f00 	.word	0xfff00f00
10006084:	fff00f00 	.word	0xfff00f00
10006088:	fff00f00 	.word	0xfff00f00
1000608c:	d7d7ffff 	.word	0xd7d7ffff
10006090:	d7d7ffff 	.word	0xd7d7ffff
10006094:	d7d7ffff 	.word	0xd7d7ffff
10006098:	d7d7ffff 	.word	0xd7d7ffff
1000609c:	ffffffff 	.word	0xffffffff
100060a0:	ffffffff 	.word	0xffffffff
100060a4:	ffffffff 	.word	0xffffffff
100060a8:	ffffffff 	.word	0xffffffff
100060ac:	ffffffff 	.word	0xffffffff
100060b0:	ffffffff 	.word	0xffffffff
100060b4:	ffffffff 	.word	0xffffffff
100060b8:	ffffffff 	.word	0xffffffff
100060bc:	ffffffff 	.word	0xffffffff
100060c0:	ffffffff 	.word	0xffffffff
100060c4:	ffffffff 	.word	0xffffffff
100060c8:	ffffffff 	.word	0xffffffff
100060cc:	ffffffff 	.word	0xffffffff
100060d0:	ffffffff 	.word	0xffffffff
100060d4:	ffffffff 	.word	0xffffffff
100060d8:	ffffffff 	.word	0xffffffff
100060dc:	ffffffff 	.word	0xffffffff
100060e0:	ffffffff 	.word	0xffffffff
100060e4:	ffffffff 	.word	0xffffffff
100060e8:	ffffffff 	.word	0xffffffff
100060ec:	ffffffff 	.word	0xffffffff
100060f0:	ffffffff 	.word	0xffffffff
100060f4:	ffffffff 	.word	0xffffffff
100060f8:	ffffffff 	.word	0xffffffff
100060fc:	00005500 	.word	0x00005500
	...
1000610c:	10100000 	.word	0x10100000
10006110:	10100000 	.word	0x10100000
10006114:	10100000 	.word	0x10100000
10006118:	10100000 	.word	0x10100000
	...
1000617c:	fff00f00 	.word	0xfff00f00
10006180:	fff00f00 	.word	0xfff00f00
10006184:	fff00f00 	.word	0xfff00f00
10006188:	fff00f00 	.word	0xfff00f00
1000618c:	d7d7ffff 	.word	0xd7d7ffff
10006190:	d7d7ffff 	.word	0xd7d7ffff
10006194:	d7d7ffff 	.word	0xd7d7ffff
10006198:	d7d7ffff 	.word	0xd7d7ffff
1000619c:	ffffffff 	.word	0xffffffff
100061a0:	ffffffff 	.word	0xffffffff
100061a4:	ffffffff 	.word	0xffffffff
100061a8:	ffffffff 	.word	0xffffffff
100061ac:	ffffffff 	.word	0xffffffff
100061b0:	ffffffff 	.word	0xffffffff
100061b4:	ffffffff 	.word	0xffffffff
100061b8:	ffffffff 	.word	0xffffffff
100061bc:	ffffffff 	.word	0xffffffff
100061c0:	ffffffff 	.word	0xffffffff
100061c4:	ffffffff 	.word	0xffffffff
100061c8:	ffffffff 	.word	0xffffffff
100061cc:	ffffffff 	.word	0xffffffff
100061d0:	ffffffff 	.word	0xffffffff
100061d4:	ffffffff 	.word	0xffffffff
100061d8:	ffffffff 	.word	0xffffffff
100061dc:	ffffffff 	.word	0xffffffff
100061e0:	ffffffff 	.word	0xffffffff
100061e4:	ffffffff 	.word	0xffffffff
100061e8:	ffffffff 	.word	0xffffffff
100061ec:	ffffffff 	.word	0xffffffff
100061f0:	ffffffff 	.word	0xffffffff
100061f4:	ffffffff 	.word	0xffffffff
100061f8:	ffffffff 	.word	0xffffffff
100061fc:	0000aa00 	.word	0x0000aa00
10006200:	00000000 	.word	0x00000000
10006204:	38303c3c 	.word	0x38303c3c
10006208:	10000000 	.word	0x10000000
1000620c:	10100000 	.word	0x10100000
10006210:	10100000 	.word	0x10100000
10006214:	10100000 	.word	0x10100000
10006218:	10100000 	.word	0x10100000
1000621c:	6c6c1800 	.word	0x6c6c1800
10006220:	00380018 	.word	0x00380018
10006224:	0000300c 	.word	0x0000300c
10006228:	02000000 	.word	0x02000000
1000622c:	3c3c183c 	.word	0x3c3c183c
10006230:	7e1c7e0c 	.word	0x7e1c7e0c
10006234:	00003c3c 	.word	0x00003c3c
10006238:	3c600006 	.word	0x3c600006
1000623c:	3c7c183c 	.word	0x3c7c183c
10006240:	3c7e7e78 	.word	0x3c7e7e78
10006244:	66067e66 	.word	0x66067e66
10006248:	3cc6c660 	.word	0x3cc6c660
1000624c:	3c7c3c7c 	.word	0x3c7c3c7c
10006250:	c666667e 	.word	0xc666667e
10006254:	3c7e6666 	.word	0x3c7e6666
10006258:	00183c80 	.word	0x00183c80
1000625c:	00600038 	.word	0x00600038
10006260:	001c0006 	.word	0x001c0006
10006264:	600c1860 	.word	0x600c1860
10006268:	00000038 	.word	0x00000038
1000626c:	00000000 	.word	0x00000000
10006270:	00000030 	.word	0x00000030
10006274:	1c000000 	.word	0x1c000000
10006278:	00763818 	.word	0x00763818
1000627c:	fff00f00 	.word	0xfff00f00
10006280:	fff00f00 	.word	0xfff00f00
10006284:	fff00f00 	.word	0xfff00f00
10006288:	fff00f00 	.word	0xfff00f00
1000628c:	d7d7ffff 	.word	0xd7d7ffff
10006290:	d7d7ffff 	.word	0xd7d7ffff
10006294:	d7d7ffff 	.word	0xd7d7ffff
10006298:	d7d7ffff 	.word	0xd7d7ffff
1000629c:	9393e7ff 	.word	0x9393e7ff
100062a0:	ffc7ffe7 	.word	0xffc7ffe7
100062a4:	ffffcff3 	.word	0xffffcff3
100062a8:	fdffffff 	.word	0xfdffffff
100062ac:	c3c3e7c3 	.word	0xc3c3e7c3
100062b0:	81e381f3 	.word	0x81e381f3
100062b4:	ffffc3c3 	.word	0xffffc3c3
100062b8:	c39ffff9 	.word	0xc39ffff9
100062bc:	c383e7c3 	.word	0xc383e7c3
100062c0:	c3818187 	.word	0xc3818187
100062c4:	99f98199 	.word	0x99f98199
100062c8:	c339399f 	.word	0xc339399f
100062cc:	c383c383 	.word	0xc383c383
100062d0:	39999981 	.word	0x39999981
100062d4:	c3819999 	.word	0xc3819999
100062d8:	ffe7c37f 	.word	0xffe7c37f
100062dc:	ff9fffc7 	.word	0xff9fffc7
100062e0:	ffe3fff9 	.word	0xffe3fff9
100062e4:	9ff3e79f 	.word	0x9ff3e79f
100062e8:	ffffffc7 	.word	0xffffffc7
100062ec:	ffffffff 	.word	0xffffffff
100062f0:	ffffffcf 	.word	0xffffffcf
100062f4:	e3ffffff 	.word	0xe3ffffff
100062f8:	ff89c7e7 	.word	0xff89c7e7
100062fc:	18185500 	.word	0x18185500
10006300:	1010106c 	.word	0x1010106c
10006304:	38287e42 	.word	0x38287e42
10006308:	10101008 	.word	0x10101008
1000630c:	10100000 	.word	0x10100000
10006310:	10100000 	.word	0x10100000
10006314:	10100000 	.word	0x10100000
10006318:	10100000 	.word	0x10100000
1000631c:	6c6c1800 	.word	0x6c6c1800
10006320:	186c627e 	.word	0x186c627e
10006324:	18441818 	.word	0x18441818
10006328:	06000000 	.word	0x06000000
1000632c:	66663866 	.word	0x66663866
10006330:	0630601c 	.word	0x0630601c
10006334:	00006666 	.word	0x00006666
10006338:	6630000c 	.word	0x6630000c
1000633c:	66663c66 	.word	0x66663c66
10006340:	6660606c 	.word	0x6660606c
10006344:	66061866 	.word	0x66061866
10006348:	66c6c660 	.word	0x66c6c660
1000634c:	66666666 	.word	0x66666666
10006350:	c6666618 	.word	0xc6666618
10006354:	30066666 	.word	0x30066666
10006358:	003c0cc0 	.word	0x003c0cc0
1000635c:	0060006c 	.word	0x0060006c
10006360:	00300006 	.word	0x00300006
10006364:	60000060 	.word	0x60000060
10006368:	00000018 	.word	0x00000018
1000636c:	00000000 	.word	0x00000000
10006370:	00000030 	.word	0x00000030
10006374:	30000000 	.word	0x30000000
10006378:	06dc0c18 	.word	0x06dc0c18
1000637c:	fff00f00 	.word	0xfff00f00
10006380:	fff00f00 	.word	0xfff00f00
10006384:	fff00f00 	.word	0xfff00f00
10006388:	fff00f00 	.word	0xfff00f00
1000638c:	d7d7ffff 	.word	0xd7d7ffff
10006390:	d7d7ffff 	.word	0xd7d7ffff
10006394:	d7d7ffff 	.word	0xd7d7ffff
10006398:	d7d7ffff 	.word	0xd7d7ffff
1000639c:	9393e7ff 	.word	0x9393e7ff
100063a0:	e7939d81 	.word	0xe7939d81
100063a4:	e7bbe7e7 	.word	0xe7bbe7e7
100063a8:	f9ffffff 	.word	0xf9ffffff
100063ac:	9999c799 	.word	0x9999c799
100063b0:	f9cf9fe3 	.word	0xf9cf9fe3
100063b4:	ffff9999 	.word	0xffff9999
100063b8:	99cffff3 	.word	0x99cffff3
100063bc:	9999c399 	.word	0x9999c399
100063c0:	999f9f93 	.word	0x999f9f93
100063c4:	99f9e799 	.word	0x99f9e799
100063c8:	9939399f 	.word	0x9939399f
100063cc:	99999999 	.word	0x99999999
100063d0:	399999e7 	.word	0x399999e7
100063d4:	cff99999 	.word	0xcff99999
100063d8:	ffc3f33f 	.word	0xffc3f33f
100063dc:	ff9fff93 	.word	0xff9fff93
100063e0:	ffcffff9 	.word	0xffcffff9
100063e4:	9fffff9f 	.word	0x9fffff9f
100063e8:	ffffffe7 	.word	0xffffffe7
100063ec:	ffffffff 	.word	0xffffffff
100063f0:	ffffffcf 	.word	0xffffffcf
100063f4:	cfffffff 	.word	0xcfffffff
100063f8:	f923f3e7 	.word	0xf923f3e7
100063fc:	3c24aa00 	.word	0x3c24aa00
10006400:	383838fe 	.word	0x383838fe
10006404:	3824ff81 	.word	0x3824ff81
10006408:	1030380c 	.word	0x1030380c
1000640c:	10100000 	.word	0x10100000
10006410:	10100000 	.word	0x10100000
10006414:	10100000 	.word	0x10100000
10006418:	10100000 	.word	0x10100000
1000641c:	fe6c1800 	.word	0xfe6c1800
10006420:	186c66d8 	.word	0x186c66d8
10006424:	186c0c30 	.word	0x186c0c30
10006428:	0c000000 	.word	0x0c000000
1000642c:	06067866 	.word	0x06067866
10006430:	0660603c 	.word	0x0660603c
10006434:	00006666 	.word	0x00006666
10006438:	66180018 	.word	0x66180018
1000643c:	6066666e 	.word	0x6066666e
10006440:	60606066 	.word	0x60606066
10006444:	6c061866 	.word	0x6c061866
10006448:	66e6ee60 	.word	0x66e6ee60
1000644c:	60666666 	.word	0x60666666
10006450:	c6666618 	.word	0xc6666618
10006454:	3006663c 	.word	0x3006663c
10006458:	00660c60 	.word	0x00660c60
1000645c:	0060006c 	.word	0x0060006c
10006460:	00300006 	.word	0x00300006
10006464:	60000060 	.word	0x60000060
10006468:	00000018 	.word	0x00000018
1000646c:	00000000 	.word	0x00000000
10006470:	00000030 	.word	0x00000030
10006474:	30000000 	.word	0x30000000
10006478:	06000c18 	.word	0x06000c18
1000647c:	fff00f00 	.word	0xfff00f00
10006480:	fff00f00 	.word	0xfff00f00
10006484:	fff00f00 	.word	0xfff00f00
10006488:	fff00f00 	.word	0xfff00f00
1000648c:	d7d7ffff 	.word	0xd7d7ffff
10006490:	d7d7ffff 	.word	0xd7d7ffff
10006494:	d7d7ffff 	.word	0xd7d7ffff
10006498:	d7d7ffff 	.word	0xd7d7ffff
1000649c:	0193e7ff 	.word	0x0193e7ff
100064a0:	e7939927 	.word	0xe7939927
100064a4:	e793f3cf 	.word	0xe793f3cf
100064a8:	f3ffffff 	.word	0xf3ffffff
100064ac:	f9f98799 	.word	0xf9f98799
100064b0:	f99f9fc3 	.word	0xf99f9fc3
100064b4:	ffff9999 	.word	0xffff9999
100064b8:	99e7ffe7 	.word	0x99e7ffe7
100064bc:	9f999991 	.word	0x9f999991
100064c0:	9f9f9f99 	.word	0x9f9f9f99
100064c4:	93f9e799 	.word	0x93f9e799
100064c8:	9919119f 	.word	0x9919119f
100064cc:	9f999999 	.word	0x9f999999
100064d0:	399999e7 	.word	0x399999e7
100064d4:	cff999c3 	.word	0xcff999c3
100064d8:	ff99f39f 	.word	0xff99f39f
100064dc:	ff9fff93 	.word	0xff9fff93
100064e0:	ffcffff9 	.word	0xffcffff9
100064e4:	9fffff9f 	.word	0x9fffff9f
100064e8:	ffffffe7 	.word	0xffffffe7
100064ec:	ffffffff 	.word	0xffffffff
100064f0:	ffffffcf 	.word	0xffffffcf
100064f4:	cfffffff 	.word	0xcfffffff
100064f8:	f9fff3e7 	.word	0xf9fff3e7
100064fc:	7e425500 	.word	0x7e425500
10006500:	7c387cfe 	.word	0x7c387cfe
10006504:	1024dba5 	.word	0x1024dba5
10006508:	10707c0e 	.word	0x10707c0e
1000650c:	10100018 	.word	0x10100018
10006510:	10100000 	.word	0x10100000
10006514:	10100000 	.word	0x10100000
10006518:	10100000 	.word	0x10100000
1000651c:	6c6c1800 	.word	0x6c6c1800
10006520:	30380cd8 	.word	0x30380cd8
10006524:	18380c30 	.word	0x18380c30
10006528:	18000000 	.word	0x18000000
1000652c:	0606186e 	.word	0x0606186e
10006530:	06607c6c 	.word	0x06607c6c
10006534:	18186666 	.word	0x18186666
10006538:	060c7e30 	.word	0x060c7e30
1000653c:	6066666e 	.word	0x6066666e
10006540:	60606066 	.word	0x60606066
10006544:	6c061866 	.word	0x6c061866
10006548:	66f6fe60 	.word	0x66f6fe60
1000654c:	60666666 	.word	0x60666666
10006550:	c6666618 	.word	0xc6666618
10006554:	300c663c 	.word	0x300c663c
10006558:	00000c30 	.word	0x00000c30
1000655c:	3c7c3c38 	.word	0x3c7c3c38
10006560:	3e7c3c3e 	.word	0x3e7c3c3e
10006564:	661c387c 	.word	0x661c387c
10006568:	3c7ccc18 	.word	0x3c7ccc18
1000656c:	3e7c3e7c 	.word	0x3e7c3e7c
10006570:	c666667e 	.word	0xc666667e
10006574:	307e66c6 	.word	0x307e66c6
10006578:	06000c18 	.word	0x06000c18
1000657c:	fff00f00 	.word	0xfff00f00
10006580:	fff00f00 	.word	0xfff00f00
10006584:	fff00f00 	.word	0xfff00f00
10006588:	fff00f00 	.word	0xfff00f00
1000658c:	17d70fe7 	.word	0x17d70fe7
10006590:	10d000e0 	.word	0x10d000e0
10006594:	17d707ff 	.word	0x17d707ff
10006598:	10d000c0 	.word	0x10d000c0
1000659c:	9393e7ff 	.word	0x9393e7ff
100065a0:	cfc7f327 	.word	0xcfc7f327
100065a4:	e7c7f3cf 	.word	0xe7c7f3cf
100065a8:	e7ffffff 	.word	0xe7ffffff
100065ac:	f9f9e791 	.word	0xf9f9e791
100065b0:	f99f8393 	.word	0xf99f8393
100065b4:	e7e79999 	.word	0xe7e79999
100065b8:	f9f381cf 	.word	0xf9f381cf
100065bc:	9f999991 	.word	0x9f999991
100065c0:	9f9f9f99 	.word	0x9f9f9f99
100065c4:	93f9e799 	.word	0x93f9e799
100065c8:	9909019f 	.word	0x9909019f
100065cc:	9f999999 	.word	0x9f999999
100065d0:	399999e7 	.word	0x399999e7
100065d4:	cff399c3 	.word	0xcff399c3
100065d8:	fffff3cf 	.word	0xfffff3cf
100065dc:	c383c3c7 	.word	0xc383c3c7
100065e0:	c183c3c1 	.word	0xc183c3c1
100065e4:	99e3c783 	.word	0x99e3c783
100065e8:	c38333e7 	.word	0xc38333e7
100065ec:	c183c183 	.word	0xc183c183
100065f0:	39999981 	.word	0x39999981
100065f4:	cf819939 	.word	0xcf819939
100065f8:	f9fff3e7 	.word	0xf9fff3e7
100065fc:	7e42aa00 	.word	0x7e42aa00
10006600:	fe54fefe 	.word	0xfe54fefe
10006604:	7c24ff81 	.word	0x7c24ff81
10006608:	10fffeff 	.word	0x10fffeff
1000660c:	f010f03c 	.word	0xf010f03c
10006610:	ff1fff1f 	.word	0xff1fff1f
10006614:	f010f010 	.word	0xf010f010
10006618:	ff1fff1f 	.word	0xff1fff1f
1000661c:	6c001800 	.word	0x6c001800
10006620:	0076187c 	.word	0x0076187c
10006624:	7efe0c30 	.word	0x7efe0c30
10006628:	30007e00 	.word	0x30007e00
1000662c:	1c0c187e 	.word	0x1c0c187e
10006630:	0c7c06cc 	.word	0x0c7c06cc
10006634:	18183e3c 	.word	0x18183e3c
10006638:	0c060060 	.word	0x0c060060
1000663c:	607c666c 	.word	0x607c666c
10006640:	607c7c66 	.word	0x607c7c66
10006644:	7806187e 	.word	0x7806187e
10006648:	66fed660 	.word	0x66fed660
1000664c:	3c7c667c 	.word	0x3c7c667c
10006650:	d6666618 	.word	0xd6666618
10006654:	30183c18 	.word	0x30183c18
10006658:	00000c18 	.word	0x00000c18
1000665c:	60660600 	.word	0x60660600
10006660:	66306666 	.word	0x66306666
10006664:	6c0c1866 	.word	0x6c0c1866
10006668:	6666fe18 	.word	0x6666fe18
1000666c:	60666666 	.word	0x60666666
10006670:	c6666630 	.word	0xc6666630
10006674:	600c666c 	.word	0x600c666c
10006678:	0e000618 	.word	0x0e000618
1000667c:	fff00f00 	.word	0xfff00f00
10006680:	fff00f00 	.word	0xfff00f00
10006684:	fff00f00 	.word	0xfff00f00
10006688:	fff00f00 	.word	0xfff00f00
1000668c:	f7d7ffc3 	.word	0xf7d7ffc3
10006690:	ffdfffff 	.word	0xffdfffff
10006694:	f7d7f7d7 	.word	0xf7d7f7d7
10006698:	ffdfffdf 	.word	0xffdfffdf
1000669c:	93ffe7ff 	.word	0x93ffe7ff
100066a0:	ff89e783 	.word	0xff89e783
100066a4:	8101f3cf 	.word	0x8101f3cf
100066a8:	cfff81ff 	.word	0xcfff81ff
100066ac:	e3f3e781 	.word	0xe3f3e781
100066b0:	f383f933 	.word	0xf383f933
100066b4:	e7e7c1c3 	.word	0xe7e7c1c3
100066b8:	f3f9ff9f 	.word	0xf3f9ff9f
100066bc:	9f839993 	.word	0x9f839993
100066c0:	9f838399 	.word	0x9f838399
100066c4:	87f9e781 	.word	0x87f9e781
100066c8:	9901299f 	.word	0x9901299f
100066cc:	c3839983 	.word	0xc3839983
100066d0:	299999e7 	.word	0x299999e7
100066d4:	cfe7c3e7 	.word	0xcfe7c3e7
100066d8:	fffff3e7 	.word	0xfffff3e7
100066dc:	9f99f9ff 	.word	0x9f99f9ff
100066e0:	99cf9999 	.word	0x99cf9999
100066e4:	93f3e799 	.word	0x93f3e799
100066e8:	999901e7 	.word	0x999901e7
100066ec:	9f999999 	.word	0x9f999999
100066f0:	399999cf 	.word	0x399999cf
100066f4:	9ff39993 	.word	0x9ff39993
100066f8:	f1fff9e7 	.word	0xf1fff9e7
100066fc:	7e425500 	.word	0x7e425500
10006700:	fefefe7c 	.word	0xfefefe7c
10006704:	1028dba5 	.word	0x1028dba5
10006708:	fe70100e 	.word	0xfe70100e
1000670c:	0000003c 	.word	0x0000003c
10006710:	00000000 	.word	0x00000000
10006714:	10101010 	.word	0x10101010
10006718:	10101010 	.word	0x10101010
1000671c:	6c001800 	.word	0x6c001800
10006720:	00dc3036 	.word	0x00dc3036
10006724:	18380c30 	.word	0x18380c30
10006728:	60000000 	.word	0x60000000
1000672c:	06181876 	.word	0x06181876
10006730:	186606cc 	.word	0x186606cc
10006734:	00000666 	.word	0x00000666
10006738:	180c7e30 	.word	0x180c7e30
1000673c:	60667e60 	.word	0x60667e60
10006740:	6e606066 	.word	0x6e606066
10006744:	6c061866 	.word	0x6c061866
10006748:	66dec660 	.word	0x66dec660
1000674c:	066c6660 	.word	0x066c6660
10006750:	d6666618 	.word	0xd6666618
10006754:	3030183c 	.word	0x3030183c
10006758:	00000c0c 	.word	0x00000c0c
1000675c:	60663e00 	.word	0x60663e00
10006760:	66307e66 	.word	0x66307e66
10006764:	780c1866 	.word	0x780c1866
10006768:	6666d618 	.word	0x6666d618
1000676c:	3c606666 	.word	0x3c606666
10006770:	d6666630 	.word	0xd6666630
10006774:	30186638 	.word	0x30186638
10006778:	cc000c18 	.word	0xcc000c18
1000677c:	00000000 	.word	0x00000000
10006780:	0f0f0f0f 	.word	0x0f0f0f0f
10006784:	f0f0f0f0 	.word	0xf0f0f0f0
10006788:	ffffffff 	.word	0xffffffff
1000678c:	07ff0fc3 	.word	0x07ff0fc3
10006790:	00c000e0 	.word	0x00c000e0
10006794:	17d717d7 	.word	0x17d717d7
10006798:	10d010d0 	.word	0x10d010d0
1000679c:	93ffe7ff 	.word	0x93ffe7ff
100067a0:	ff23cfc9 	.word	0xff23cfc9
100067a4:	e7c7f3cf 	.word	0xe7c7f3cf
100067a8:	9fffffff 	.word	0x9fffffff
100067ac:	f9e7e789 	.word	0xf9e7e789
100067b0:	e799f933 	.word	0xe799f933
100067b4:	fffff999 	.word	0xfffff999
100067b8:	e7f381cf 	.word	0xe7f381cf
100067bc:	9f99819f 	.word	0x9f99819f
100067c0:	919f9f99 	.word	0x919f9f99
100067c4:	93f9e799 	.word	0x93f9e799
100067c8:	9921399f 	.word	0x9921399f
100067cc:	f993999f 	.word	0xf993999f
100067d0:	299999e7 	.word	0x299999e7
100067d4:	cfcfe7c3 	.word	0xcfcfe7c3
100067d8:	fffff3f3 	.word	0xfffff3f3
100067dc:	9f99c1ff 	.word	0x9f99c1ff
100067e0:	99cf8199 	.word	0x99cf8199
100067e4:	87f3e799 	.word	0x87f3e799
100067e8:	999929e7 	.word	0x999929e7
100067ec:	c39f9999 	.word	0xc39f9999
100067f0:	299999cf 	.word	0x299999cf
100067f4:	cfe799c7 	.word	0xcfe799c7
100067f8:	33fff3e7 	.word	0x33fff3e7
100067fc:	3c24aa00 	.word	0x3c24aa00
10006800:	d6547c7c 	.word	0xd6547c7c
10006804:	1060e799 	.word	0x1060e799
10006808:	7c30100c 	.word	0x7c30100c
1000680c:	00000018 	.word	0x00000018
10006810:	00000000 	.word	0x00000000
10006814:	10101010 	.word	0x10101010
10006818:	10101010 	.word	0x10101010
1000681c:	fe001800 	.word	0xfe001800
10006820:	00cc6636 	.word	0x00cc6636
10006824:	186c0c30 	.word	0x186c0c30
10006828:	c0000000 	.word	0xc0000000
1000682c:	06301866 	.word	0x06301866
10006830:	186606fe 	.word	0x186606fe
10006834:	00000666 	.word	0x00000666
10006838:	18180018 	.word	0x18180018
1000683c:	60666660 	.word	0x60666660
10006840:	66606066 	.word	0x66606066
10006844:	6c061866 	.word	0x6c061866
10006848:	66cec660 	.word	0x66cec660
1000684c:	066c6660 	.word	0x066c6660
10006850:	fe666618 	.word	0xfe666618
10006854:	3060183c 	.word	0x3060183c
10006858:	00000c06 	.word	0x00000c06
1000685c:	60666600 	.word	0x60666600
10006860:	66306066 	.word	0x66306066
10006864:	780c1866 	.word	0x780c1866
10006868:	6666d618 	.word	0x6666d618
1000686c:	06606666 	.word	0x06606666
10006870:	d6666630 	.word	0xd6666630
10006874:	30186638 	.word	0x30186638
10006878:	dc000c18 	.word	0xdc000c18
1000687c:	00000000 	.word	0x00000000
10006880:	0f0f0f0f 	.word	0x0f0f0f0f
10006884:	f0f0f0f0 	.word	0xf0f0f0f0
10006888:	ffffffff 	.word	0xffffffff
1000688c:	ffffffe7 	.word	0xffffffe7
10006890:	ffffffff 	.word	0xffffffff
10006894:	d7d7d7d7 	.word	0xd7d7d7d7
10006898:	d7d7d7d7 	.word	0xd7d7d7d7
1000689c:	01ffe7ff 	.word	0x01ffe7ff
100068a0:	ff3399c9 	.word	0xff3399c9
100068a4:	e793f3cf 	.word	0xe793f3cf
100068a8:	3fffffff 	.word	0x3fffffff
100068ac:	f9cfe799 	.word	0xf9cfe799
100068b0:	e799f901 	.word	0xe799f901
100068b4:	fffff999 	.word	0xfffff999
100068b8:	e7e7ffe7 	.word	0xe7e7ffe7
100068bc:	9f99999f 	.word	0x9f99999f
100068c0:	999f9f99 	.word	0x999f9f99
100068c4:	93f9e799 	.word	0x93f9e799
100068c8:	9931399f 	.word	0x9931399f
100068cc:	f993999f 	.word	0xf993999f
100068d0:	019999e7 	.word	0x019999e7
100068d4:	cf9fe7c3 	.word	0xcf9fe7c3
100068d8:	fffff3f9 	.word	0xfffff3f9
100068dc:	9f9999ff 	.word	0x9f9999ff
100068e0:	99cf9f99 	.word	0x99cf9f99
100068e4:	87f3e799 	.word	0x87f3e799
100068e8:	999929e7 	.word	0x999929e7
100068ec:	f99f9999 	.word	0xf99f9999
100068f0:	299999cf 	.word	0x299999cf
100068f4:	cfe799c7 	.word	0xcfe799c7
100068f8:	23fff3e7 	.word	0x23fff3e7
100068fc:	18185500 	.word	0x18185500
10006900:	10103838 	.word	0x10103838
10006904:	28e07e42 	.word	0x28e07e42
10006908:	38101008 	.word	0x38101008
	...
10006914:	10101010 	.word	0x10101010
10006918:	10101010 	.word	0x10101010
1000691c:	6c000000 	.word	0x6c000000
10006920:	00cc46fc 	.word	0x00cc46fc
10006924:	18441818 	.word	0x18441818
10006928:	80180018 	.word	0x80180018
1000692c:	66601866 	.word	0x66601866
10006930:	1866660c 	.word	0x1866660c
10006934:	18180c66 	.word	0x18180c66
10006938:	0030000c 	.word	0x0030000c
1000693c:	66666666 	.word	0x66666666
10006940:	6660606c 	.word	0x6660606c
10006944:	66661866 	.word	0x66661866
10006948:	66c6c660 	.word	0x66c6c660
1000694c:	66666c60 	.word	0x66666c60
10006950:	fe3c6618 	.word	0xfe3c6618
10006954:	30601866 	.word	0x30601866
10006958:	00000c02 	.word	0x00000c02
1000695c:	60666600 	.word	0x60666600
10006960:	3e306066 	.word	0x3e306066
10006964:	6c0c1866 	.word	0x6c0c1866
10006968:	6666d618 	.word	0x6666d618
1000696c:	06603e7c 	.word	0x06603e7c
10006970:	7c3c6630 	.word	0x7c3c6630
10006974:	30303e6c 	.word	0x30303e6c
10006978:	f8000c18 	.word	0xf8000c18
1000697c:	00000000 	.word	0x00000000
10006980:	0f0f0f0f 	.word	0x0f0f0f0f
10006984:	f0f0f0f0 	.word	0xf0f0f0f0
10006988:	ffffffff 	.word	0xffffffff
1000698c:	ffffffff 	.word	0xffffffff
10006990:	ffffffff 	.word	0xffffffff
10006994:	d7d7d7d7 	.word	0xd7d7d7d7
10006998:	d7d7d7d7 	.word	0xd7d7d7d7
1000699c:	93ffffff 	.word	0x93ffffff
100069a0:	ff33b903 	.word	0xff33b903
100069a4:	e7bbe7e7 	.word	0xe7bbe7e7
100069a8:	7fe7ffe7 	.word	0x7fe7ffe7
100069ac:	999fe799 	.word	0x999fe799
100069b0:	e79999f3 	.word	0xe79999f3
100069b4:	e7e7f399 	.word	0xe7e7f399
100069b8:	ffcffff3 	.word	0xffcffff3
100069bc:	99999999 	.word	0x99999999
100069c0:	999f9f93 	.word	0x999f9f93
100069c4:	9999e799 	.word	0x9999e799
100069c8:	9939399f 	.word	0x9939399f
100069cc:	9999939f 	.word	0x9999939f
100069d0:	01c399e7 	.word	0x01c399e7
100069d4:	cf9fe799 	.word	0xcf9fe799
100069d8:	fffff3fd 	.word	0xfffff3fd
100069dc:	9f9999ff 	.word	0x9f9999ff
100069e0:	c1cf9f99 	.word	0xc1cf9f99
100069e4:	93f3e799 	.word	0x93f3e799
100069e8:	999929e7 	.word	0x999929e7
100069ec:	f99fc183 	.word	0xf99fc183
100069f0:	83c399cf 	.word	0x83c399cf
100069f4:	cfcfc193 	.word	0xcfcfc193
100069f8:	07fff3e7 	.word	0x07fff3e7
100069fc:	0000aa00 	.word	0x0000aa00
10006a00:	38381010 	.word	0x38381010
10006a04:	44c03c3c 	.word	0x44c03c3c
10006a08:	10001000 	.word	0x10001000
	...
10006a14:	10101010 	.word	0x10101010
10006a18:	10101010 	.word	0x10101010
10006a1c:	6c001800 	.word	0x6c001800
10006a20:	00760030 	.word	0x00760030
10006a24:	0000300c 	.word	0x0000300c
10006a28:	00180018 	.word	0x00180018
10006a2c:	3c7e7e3c 	.word	0x3c7e7e3c
10006a30:	183c3c0c 	.word	0x183c3c0c
10006a34:	1818383c 	.word	0x1818383c
10006a38:	18600006 	.word	0x18600006
10006a3c:	3c7c663c 	.word	0x3c7c663c
10006a40:	3c607e78 	.word	0x3c607e78
10006a44:	663c7e66 	.word	0x663c7e66
10006a48:	3cc6c67e 	.word	0x3cc6c67e
10006a4c:	3c663660 	.word	0x3c663660
10006a50:	6c183c18 	.word	0x6c183c18
10006a54:	3c7e1866 	.word	0x3c7e1866
10006a58:	00003c00 	.word	0x00003c00
10006a5c:	3c7c3e00 	.word	0x3c7c3e00
10006a60:	06303c3e 	.word	0x06303c3e
10006a64:	666c3c66 	.word	0x666c3c66
10006a68:	3c66c63c 	.word	0x3c66c63c
10006a6c:	7c600660 	.word	0x7c600660
10006a70:	6c183e1e 	.word	0x6c183e1e
10006a74:	1c7e06c6 	.word	0x1c7e06c6
10006a78:	70003818 	.word	0x70003818
10006a7c:	00000000 	.word	0x00000000
10006a80:	0f0f0f0f 	.word	0x0f0f0f0f
10006a84:	f0f0f0f0 	.word	0xf0f0f0f0
10006a88:	ffffffff 	.word	0xffffffff
10006a8c:	ffffffff 	.word	0xffffffff
10006a90:	ffffffff 	.word	0xffffffff
10006a94:	d7d7d7d7 	.word	0xd7d7d7d7
10006a98:	d7d7d7d7 	.word	0xd7d7d7d7
10006a9c:	93ffe7ff 	.word	0x93ffe7ff
10006aa0:	ff89ffcf 	.word	0xff89ffcf
10006aa4:	ffffcff3 	.word	0xffffcff3
10006aa8:	ffe7ffe7 	.word	0xffe7ffe7
10006aac:	c38181c3 	.word	0xc38181c3
10006ab0:	e7c3c3f3 	.word	0xe7c3c3f3
10006ab4:	e7e7c7c3 	.word	0xe7e7c7c3
10006ab8:	e79ffff9 	.word	0xe79ffff9
10006abc:	c38399c3 	.word	0xc38399c3
10006ac0:	c39f8187 	.word	0xc39f8187
10006ac4:	99c38199 	.word	0x99c38199
10006ac8:	c3393981 	.word	0xc3393981
10006acc:	c399c99f 	.word	0xc399c99f
10006ad0:	93e7c3e7 	.word	0x93e7c3e7
10006ad4:	c381e799 	.word	0xc381e799
10006ad8:	ffffc3ff 	.word	0xffffc3ff
10006adc:	c383c1ff 	.word	0xc383c1ff
10006ae0:	f9cfc3c1 	.word	0xf9cfc3c1
10006ae4:	9993c399 	.word	0x9993c399
10006ae8:	c39939c3 	.word	0xc39939c3
10006aec:	839ff99f 	.word	0x839ff99f
10006af0:	93e7c1e1 	.word	0x93e7c1e1
10006af4:	e381f939 	.word	0xe381f939
10006af8:	8fffc7e7 	.word	0x8fffc7e7
10006afc:	00005500 	.word	0x00005500
	...
10006b08:	00001000 	.word	0x00001000
	...
10006b14:	10101010 	.word	0x10101010
10006b18:	10101010 	.word	0x10101010
	...
10006b28:	00000030 	.word	0x00000030
	...
10006b34:	30000000 	.word	0x30000000
	...
10006b58:	ff000000 	.word	0xff000000
10006b5c:	00000000 	.word	0x00000000
10006b60:	3c000000 	.word	0x3c000000
10006b64:	00380000 	.word	0x00380000
10006b68:	00000000 	.word	0x00000000
10006b6c:	00000660 	.word	0x00000660
10006b70:	00000000 	.word	0x00000000
10006b74:	00003c00 	.word	0x00003c00
	...
10006b80:	0f0f0f0f 	.word	0x0f0f0f0f
10006b84:	f0f0f0f0 	.word	0xf0f0f0f0
10006b88:	ffffffff 	.word	0xffffffff
10006b8c:	ffffffff 	.word	0xffffffff
10006b90:	ffffffff 	.word	0xffffffff
10006b94:	d7d7d7d7 	.word	0xd7d7d7d7
10006b98:	d7d7d7d7 	.word	0xd7d7d7d7
10006b9c:	ffffffff 	.word	0xffffffff
10006ba0:	ffffffff 	.word	0xffffffff
10006ba4:	ffffffff 	.word	0xffffffff
10006ba8:	ffffffcf 	.word	0xffffffcf
10006bac:	ffffffff 	.word	0xffffffff
10006bb0:	ffffffff 	.word	0xffffffff
10006bb4:	cfffffff 	.word	0xcfffffff
10006bb8:	ffffffff 	.word	0xffffffff
10006bbc:	ffffffff 	.word	0xffffffff
10006bc0:	ffffffff 	.word	0xffffffff
10006bc4:	ffffffff 	.word	0xffffffff
10006bc8:	ffffffff 	.word	0xffffffff
10006bcc:	ffffffff 	.word	0xffffffff
10006bd0:	ffffffff 	.word	0xffffffff
10006bd4:	ffffffff 	.word	0xffffffff
10006bd8:	00ffffff 	.word	0x00ffffff
10006bdc:	ffffffff 	.word	0xffffffff
10006be0:	c3ffffff 	.word	0xc3ffffff
10006be4:	ffc7ffff 	.word	0xffc7ffff
10006be8:	ffffffff 	.word	0xffffffff
10006bec:	fffff99f 	.word	0xfffff99f
10006bf0:	ffffffff 	.word	0xffffffff
10006bf4:	ffffc3ff 	.word	0xffffc3ff
10006bf8:	ffffffff 	.word	0xffffffff
10006bfc:	0000aa00 	.word	0x0000aa00
	...
10006c14:	10101010 	.word	0x10101010
10006c18:	10101010 	.word	0x10101010
	...
10006c80:	0f0f0f0f 	.word	0x0f0f0f0f
10006c84:	f0f0f0f0 	.word	0xf0f0f0f0
10006c88:	ffffffff 	.word	0xffffffff
10006c8c:	ffffffff 	.word	0xffffffff
10006c90:	ffffffff 	.word	0xffffffff
10006c94:	d7d7d7d7 	.word	0xd7d7d7d7
10006c98:	d7d7d7d7 	.word	0xd7d7d7d7
10006c9c:	ffffffff 	.word	0xffffffff
10006ca0:	ffffffff 	.word	0xffffffff
10006ca4:	ffffffff 	.word	0xffffffff
10006ca8:	ffffffff 	.word	0xffffffff
10006cac:	ffffffff 	.word	0xffffffff
10006cb0:	ffffffff 	.word	0xffffffff
10006cb4:	ffffffff 	.word	0xffffffff
10006cb8:	ffffffff 	.word	0xffffffff
10006cbc:	ffffffff 	.word	0xffffffff
10006cc0:	ffffffff 	.word	0xffffffff
10006cc4:	ffffffff 	.word	0xffffffff
10006cc8:	ffffffff 	.word	0xffffffff
10006ccc:	ffffffff 	.word	0xffffffff
10006cd0:	ffffffff 	.word	0xffffffff
10006cd4:	ffffffff 	.word	0xffffffff
10006cd8:	ffffffff 	.word	0xffffffff
10006cdc:	ffffffff 	.word	0xffffffff
10006ce0:	ffffffff 	.word	0xffffffff
10006ce4:	ffffffff 	.word	0xffffffff
10006ce8:	ffffffff 	.word	0xffffffff
10006cec:	ffffffff 	.word	0xffffffff
10006cf0:	ffffffff 	.word	0xffffffff
10006cf4:	ffffffff 	.word	0xffffffff
10006cf8:	ffffffff 	.word	0xffffffff
10006cfc:	00005500 	.word	0x00005500
	...
10006d14:	10101010 	.word	0x10101010
10006d18:	10101010 	.word	0x10101010
	...
10006d80:	0f0f0f0f 	.word	0x0f0f0f0f
10006d84:	f0f0f0f0 	.word	0xf0f0f0f0
10006d88:	ffffffff 	.word	0xffffffff
10006d8c:	ffffffff 	.word	0xffffffff
10006d90:	ffffffff 	.word	0xffffffff
10006d94:	d7d7d7d7 	.word	0xd7d7d7d7
10006d98:	d7d7d7d7 	.word	0xd7d7d7d7
10006d9c:	ffffffff 	.word	0xffffffff
10006da0:	ffffffff 	.word	0xffffffff
10006da4:	ffffffff 	.word	0xffffffff
10006da8:	ffffffff 	.word	0xffffffff
10006dac:	ffffffff 	.word	0xffffffff
10006db0:	ffffffff 	.word	0xffffffff
10006db4:	ffffffff 	.word	0xffffffff
10006db8:	ffffffff 	.word	0xffffffff
10006dbc:	ffffffff 	.word	0xffffffff
10006dc0:	ffffffff 	.word	0xffffffff
10006dc4:	ffffffff 	.word	0xffffffff
10006dc8:	ffffffff 	.word	0xffffffff
10006dcc:	ffffffff 	.word	0xffffffff
10006dd0:	ffffffff 	.word	0xffffffff
10006dd4:	ffffffff 	.word	0xffffffff
10006dd8:	ffffffff 	.word	0xffffffff
10006ddc:	ffffffff 	.word	0xffffffff
10006de0:	ffffffff 	.word	0xffffffff
10006de4:	ffffffff 	.word	0xffffffff
10006de8:	ffffffff 	.word	0xffffffff
10006dec:	ffffffff 	.word	0xffffffff
10006df0:	ffffffff 	.word	0xffffffff
10006df4:	ffffffff 	.word	0xffffffff
10006df8:	ffffffff 	.word	0xffffffff
10006dfc:	0000aa00 	.word	0x0000aa00
	...
10006e14:	10101010 	.word	0x10101010
10006e18:	10101010 	.word	0x10101010
	...
10006e80:	0f0f0f0f 	.word	0x0f0f0f0f
10006e84:	f0f0f0f0 	.word	0xf0f0f0f0
10006e88:	ffffffff 	.word	0xffffffff
10006e8c:	ffffffff 	.word	0xffffffff
10006e90:	ffffffff 	.word	0xffffffff
10006e94:	d7d7d7d7 	.word	0xd7d7d7d7
10006e98:	d7d7d7d7 	.word	0xd7d7d7d7
10006e9c:	ffffffff 	.word	0xffffffff
10006ea0:	ffffffff 	.word	0xffffffff
10006ea4:	ffffffff 	.word	0xffffffff
10006ea8:	ffffffff 	.word	0xffffffff
10006eac:	ffffffff 	.word	0xffffffff
10006eb0:	ffffffff 	.word	0xffffffff
10006eb4:	ffffffff 	.word	0xffffffff
10006eb8:	ffffffff 	.word	0xffffffff
10006ebc:	ffffffff 	.word	0xffffffff
10006ec0:	ffffffff 	.word	0xffffffff
10006ec4:	ffffffff 	.word	0xffffffff
10006ec8:	ffffffff 	.word	0xffffffff
10006ecc:	ffffffff 	.word	0xffffffff
10006ed0:	ffffffff 	.word	0xffffffff
10006ed4:	ffffffff 	.word	0xffffffff
10006ed8:	ffffffff 	.word	0xffffffff
10006edc:	ffffffff 	.word	0xffffffff
10006ee0:	ffffffff 	.word	0xffffffff
10006ee4:	ffffffff 	.word	0xffffffff
10006ee8:	ffffffff 	.word	0xffffffff
10006eec:	ffffffff 	.word	0xffffffff
10006ef0:	ffffffff 	.word	0xffffffff
10006ef4:	ffffffff 	.word	0xffffffff
10006ef8:	ffffffff 	.word	0xffffffff
10006efc:	a0c06000 	.word	0xa0c06000
10006f00:	002a2e2a 	.word	0x002a2e2a
10006f04:	5458542e 	.word	0x5458542e
10006f08:	4d422e00 	.word	0x4d422e00
10006f0c:	72450050 	.word	0x72450050
10006f10:	6e697361 	.word	0x6e697361
10006f14:	2e2e2e67 	.word	0x2e2e2e67
10006f18:	204e4f00 	.word	0x204e4f00
10006f1c:	66666f00 	.word	0x66666f00
10006f20:	533d4100 	.word	0x533d4100
10006f24:	65657263 	.word	0x65657263
10006f28:	7661536e 	.word	0x7661536e
10006f2c:	77207265 	.word	0x77207265
10006f30:	656c6968 	.word	0x656c6968
10006f34:	61684320 	.word	0x61684320
10006f38:	6e696772 	.word	0x6e696772
10006f3c:	56003a67 	.word	0x56003a67
10006f40:	6d756c6f 	.word	0x6d756c6f
10006f44:	50552065 	.word	0x50552065
10006f48:	574f442f 	.word	0x574f442f
10006f4c:	30003a4e 	.word	0x30003a4e
10006f50:	20202025 	.word	0x20202025
10006f54:	25303520 	.word	0x25303520
10006f58:	31202020 	.word	0x31202020
10006f5c:	20253030 	.word	0x20253030
10006f60:	30353120 	.word	0x30353120
10006f64:	32202025 	.word	0x32202025
10006f68:	20253030 	.word	0x20253030
10006f6c:	30353220 	.word	0x30353220
10006f70:	61420025 	.word	0x61420025
10006f74:	696c6b63 	.word	0x696c6b63
10006f78:	20746867 	.word	0x20746867
10006f7c:	5446454c 	.word	0x5446454c
10006f80:	4749522f 	.word	0x4749522f
10006f84:	003a5448 	.word	0x003a5448
10006f88:	20202030 	.word	0x20202030
10006f8c:	20202031 	.word	0x20202031
10006f90:	20202032 	.word	0x20202032
10006f94:	20202033 	.word	0x20202033
10006f98:	20202034 	.word	0x20202034
10006f9c:	20202035 	.word	0x20202035
10006fa0:	20202036 	.word	0x20202036
10006fa4:	20202037 	.word	0x20202037
10006fa8:	72500038 	.word	0x72500038
10006fac:	20737365 	.word	0x20737365
10006fb0:	4f423d42 	.word	0x4f423d42
10006fb4:	4553544f 	.word	0x4553544f
10006fb8:	59202c4c 	.word	0x59202c4c
10006fbc:	6361623d 	.word	0x6361623d
10006fc0:	2e2e2e6b 	.word	0x2e2e2e6b
10006fc4:	696f4700 	.word	0x696f4700
10006fc8:	5420676e 	.word	0x5420676e
10006fcc:	6c53206f 	.word	0x6c53206f
10006fd0:	3a706565 	.word	0x3a706565
10006fd4:	65725000 	.word	0x65725000
10006fd8:	61207373 	.word	0x61207373
10006fdc:	6b20796e 	.word	0x6b20796e
10006fe0:	74207965 	.word	0x74207965
10006fe4:	7473206f 	.word	0x7473206f
10006fe8:	2e747261 	.word	0x2e747261
10006fec:	49002e2e 	.word	0x49002e2e
10006ff0:	7265736e 	.word	0x7265736e
10006ff4:	44532074 	.word	0x44532074
10006ff8:	72616320 	.word	0x72616320
10006ffc:	6f4c0064 	.word	0x6f4c0064
10007000:	6e696461 	.word	0x6e696461
10007004:	69662067 	.word	0x69662067
10007008:	2e73656c 	.word	0x2e73656c
1000700c:	2e002e2e 	.word	0x2e002e2e
10007010:	00324655 	.word	0x00324655
10007014:	64616f4c 	.word	0x64616f4c
10007018:	2e676e69 	.word	0x2e676e69
1000701c:	43002e2e 	.word	0x43002e2e
10007020:	6f6e6e61 	.word	0x6f6e6e61
10007024:	706f2074 	.word	0x706f2074
10007028:	66206e65 	.word	0x66206e65
1000702c:	00656c69 	.word	0x00656c69
10007030:	75736e55 	.word	0x75736e55
10007034:	726f7070 	.word	0x726f7070
10007038:	20646574 	.word	0x20646574
1000703c:	72646461 	.word	0x72646461
10007040:	00737365 	.word	0x00737365
10007044:	50206e6f 	.word	0x50206e6f
10007048:	316f6369 	.word	0x316f6369
1000704c:	76656420 	.word	0x76656420
10007050:	2e656369 	.word	0x2e656369
10007054:	6e757200 	.word	0x6e757200
10007058:	63695020 	.word	0x63695020
1000705c:	7020326f 	.word	0x7020326f
10007060:	72676f72 	.word	0x72676f72
10007064:	59006d61 	.word	0x59006d61
10007068:	6120756f 	.word	0x6120756f
1000706c:	74206572 	.word	0x74206572
10007070:	6e697972 	.word	0x6e697972
10007074:	6f742067 	.word	0x6f742067
10007078:	616f4c00 	.word	0x616f4c00
1000707c:	676e6964 	.word	0x676e6964
10007080:	746e6920 	.word	0x746e6920
10007084:	4152206f 	.word	0x4152206f
10007088:	2e2e2e4d 	.word	0x2e2e2e4d
1000708c:	616f4c00 	.word	0x616f4c00
10007090:	676e6964 	.word	0x676e6964
10007094:	72724520 	.word	0x72724520
10007098:	0000726f 	.word	0x0000726f
1000709c:	d8062801 	.word	0xd8062801
100070a0:	5c1a4b03 	.word	0x5c1a4b03
100070a4:	40932301 	.word	0x40932301
100070a8:	061222d0 	.word	0x061222d0
100070ac:	47706193 	.word	0x47706193
100070b0:	2000026a 	.word	0x2000026a
100070b4:	b0c3b5f0 	.word	0xb0c3b5f0
100070b8:	000d0004 	.word	0x000d0004
100070bc:	f912f000 	.word	0xf912f000
100070c0:	28009001 	.word	0x28009001
100070c4:	2180d005 	.word	0x2180d005
100070c8:	054922fc 	.word	0x054922fc
100070cc:	f000a803 	.word	0xf000a803
100070d0:	f3eff911 	.word	0xf3eff911
100070d4:	b6728610 	.word	0xb6728610
100070d8:	681b4b1a 	.word	0x681b4b1a
100070dc:	4b1a4798 	.word	0x4b1a4798
100070e0:	4798681b 	.word	0x4798681b
100070e4:	b2a12380 	.word	0xb2a12380
100070e8:	4299021b 	.word	0x4299021b
100070ec:	428dd10c 	.word	0x428dd10c
100070f0:	4b16d30a 	.word	0x4b16d30a
100070f4:	681f0020 	.word	0x681f0020
100070f8:	2352000a 	.word	0x2352000a
100070fc:	238047b8 	.word	0x238047b8
10007100:	18e4021b 	.word	0x18e4021b
10007104:	18ed4b12 	.word	0x18ed4b12
10007108:	d0072d00 	.word	0xd0072d00
1000710c:	4b0f2280 	.word	0x4b0f2280
10007110:	681f0029 	.word	0x681f0029
10007114:	23d80020 	.word	0x23d80020
10007118:	47b80252 	.word	0x47b80252
1000711c:	681b4b0d 	.word	0x681b4b0d
10007120:	9b014798 	.word	0x9b014798
10007124:	d00a2b00 	.word	0xd00a2b00
10007128:	3b019b03 	.word	0x3b019b03
1000712c:	d8063303 	.word	0xd8063303
10007130:	3305ab02 	.word	0x3305ab02
10007134:	f3864798 	.word	0xf3864798
10007138:	b0438810 	.word	0xb0438810
1000713c:	4b06bdf0 	.word	0x4b06bdf0
10007140:	e7f7681b 	.word	0xe7f7681b
10007144:	20000970 	.word	0x20000970
10007148:	20000968 	.word	0x20000968
1000714c:	20036548 	.word	0x20036548
10007150:	ffff8000 	.word	0xffff8000
10007154:	2000096c 	.word	0x2000096c
10007158:	20000964 	.word	0x20000964
1000715c:	b0c3b5f0 	.word	0xb0c3b5f0
10007160:	0016000d 	.word	0x0016000d
10007164:	f0009001 	.word	0xf0009001
10007168:	1e04f8bd 	.word	0x1e04f8bd
1000716c:	2180d005 	.word	0x2180d005
10007170:	054922fc 	.word	0x054922fc
10007174:	f000a803 	.word	0xf000a803
10007178:	f3eff8bd 	.word	0xf3eff8bd
1000717c:	b6728710 	.word	0xb6728710
10007180:	681b4b0f 	.word	0x681b4b0f
10007184:	4b0f4798 	.word	0x4b0f4798
10007188:	4798681b 	.word	0x4798681b
1000718c:	00324b0e 	.word	0x00324b0e
10007190:	0029681b 	.word	0x0029681b
10007194:	47989801 	.word	0x47989801
10007198:	681b4b0c 	.word	0x681b4b0c
1000719c:	2c004798 	.word	0x2c004798
100071a0:	9b03d00a 	.word	0x9b03d00a
100071a4:	33033b01 	.word	0x33033b01
100071a8:	ab02d806 	.word	0xab02d806
100071ac:	47983305 	.word	0x47983305
100071b0:	8810f387 	.word	0x8810f387
100071b4:	bdf0b043 	.word	0xbdf0b043
100071b8:	681b4b05 	.word	0x681b4b05
100071bc:	46c0e7f7 	.word	0x46c0e7f7
100071c0:	20000970 	.word	0x20000970
100071c4:	20000968 	.word	0x20000968
100071c8:	2003654c 	.word	0x2003654c
100071cc:	2000096c 	.word	0x2000096c
100071d0:	20000964 	.word	0x20000964
100071d4:	b0c3b5f0 	.word	0xb0c3b5f0
100071d8:	000e0005 	.word	0x000e0005
100071dc:	f0000014 	.word	0xf0000014
100071e0:	9001f881 	.word	0x9001f881
100071e4:	d0052800 	.word	0xd0052800
100071e8:	22fc2180 	.word	0x22fc2180
100071ec:	a8030549 	.word	0xa8030549
100071f0:	f880f000 	.word	0xf880f000
100071f4:	8710f3ef 	.word	0x8710f3ef
100071f8:	4b24b672 	.word	0x4b24b672
100071fc:	4798681b 	.word	0x4798681b
10007200:	681b4b23 	.word	0x681b4b23
10007204:	4b234798 	.word	0x4b234798
10007208:	2380681a 	.word	0x2380681a
1000720c:	4053009b 	.word	0x4053009b
10007210:	009222c0 	.word	0x009222c0
10007214:	4a204013 	.word	0x4a204013
10007218:	22c06013 	.word	0x22c06013
1000721c:	05520023 	.word	0x05520023
10007220:	43190021 	.word	0x43190021
10007224:	22c0d114 	.word	0x22c0d114
10007228:	00924b1c 	.word	0x00924b1c
1000722c:	4b1c601a 	.word	0x4b1c601a
10007230:	4798681b 	.word	0x4798681b
10007234:	2b009b01 	.word	0x2b009b01
10007238:	9b03d024 	.word	0x9b03d024
1000723c:	33033b01 	.word	0x33033b01
10007240:	ab02d820 	.word	0xab02d820
10007244:	47983305 	.word	0x47983305
10007248:	8810f387 	.word	0x8810f387
1000724c:	bdf0b043 	.word	0xbdf0b043
10007250:	6a912008 	.word	0x6a912008
10007254:	46844008 	.word	0x46844008
10007258:	42012002 	.word	0x42012002
1000725c:	2c00d008 	.word	0x2c00d008
10007260:	1b19d006 	.word	0x1b19d006
10007264:	d803290d 	.word	0xd803290d
10007268:	3c017829 	.word	0x3c017829
1000726c:	35016611 	.word	0x35016611
10007270:	29004661 	.word	0x29004661
10007274:	2b00d0d4 	.word	0x2b00d0d4
10007278:	6e11d0d2 	.word	0x6e11d0d2
1000727c:	70313b01 	.word	0x70313b01
10007280:	e7cd3601 	.word	0xe7cd3601
10007284:	681b4b07 	.word	0x681b4b07
10007288:	46c0e7dd 	.word	0x46c0e7dd
1000728c:	20000970 	.word	0x20000970
10007290:	20000968 	.word	0x20000968
10007294:	4001800c 	.word	0x4001800c
10007298:	4001900c 	.word	0x4001900c
1000729c:	4001a00c 	.word	0x4001a00c
100072a0:	2000096c 	.word	0x2000096c
100072a4:	20000964 	.word	0x20000964
100072a8:	4671b402 	.word	0x4671b402
100072ac:	00490849 	.word	0x00490849
100072b0:	00495c09 	.word	0x00495c09
100072b4:	bc02448e 	.word	0xbc02448e
100072b8:	46c04770 	.word	0x46c04770
100072bc:	4671b403 	.word	0x4671b403
100072c0:	00400849 	.word	0x00400849
100072c4:	5e090049 	.word	0x5e090049
100072c8:	448e0049 	.word	0x448e0049
100072cc:	4770bc03 	.word	0x4770bc03
100072d0:	4671b403 	.word	0x4671b403
100072d4:	00400849 	.word	0x00400849
100072d8:	5a090049 	.word	0x5a090049
100072dc:	448e0049 	.word	0x448e0049
100072e0:	4770bc03 	.word	0x4770bc03
100072e4:	4802b401 	.word	0x4802b401
100072e8:	bc014684 	.word	0xbc014684
100072ec:	bf004760 	.word	0xbf004760
100072f0:	10000c59 	.word	0x10000c59
100072f4:	4802b401 	.word	0x4802b401
100072f8:	bc014684 	.word	0xbc014684
100072fc:	bf004760 	.word	0xbf004760
10007300:	10000451 	.word	0x10000451
10007304:	19160001 	.word	0x19160001
10007308:	00000002 	.word	0x00000002
1000730c:	ffffffff 	.word	0xffffffff
10007310:	0000280f 	.word	0x0000280f
10007314:	00000008 	.word	0x00000008
10007318:	00000010 	.word	0x00000010
1000731c:	10005efc 	.word	0x10005efc
10007320:	30325052 	.word	0x30325052
10007324:	422d3034 	.word	0x422d3034
10007328:	61420030 	.word	0x61420030
1000732c:	72657474 	.word	0x72657474
10007330:	2e302079 	.word	0x2e302079
10007334:	00563030 	.word	0x00563030
10007338:	ffffffff 	.word	0xffffffff
1000733c:	ffffffff 	.word	0xffffffff
10007340:	ffffffff 	.word	0xffffffff
10007344:	ffffffff 	.word	0xffffffff
10007348:	ffffffff 	.word	0xffffffff
1000734c:	ffffffff 	.word	0xffffffff
10007350:	ffffffff 	.word	0xffffffff
10007354:	ffffffff 	.word	0xffffffff
10007358:	ffffffff 	.word	0xffffffff
1000735c:	ffffffff 	.word	0xffffffff
10007360:	ffffffff 	.word	0xffffffff
10007364:	ffffffff 	.word	0xffffffff
10007368:	ffffffff 	.word	0xffffffff
1000736c:	ffffffff 	.word	0xffffffff
10007370:	ffffffff 	.word	0xffffffff
10007374:	ffffffff 	.word	0xffffffff
10007378:	ffffffff 	.word	0xffffffff
1000737c:	ffffffff 	.word	0xffffffff
10007380:	ffffffff 	.word	0xffffffff
10007384:	ffffffff 	.word	0xffffffff
10007388:	ffffffff 	.word	0xffffffff
1000738c:	ffffffff 	.word	0xffffffff
10007390:	ffffffff 	.word	0xffffffff
10007394:	ffffffff 	.word	0xffffffff
10007398:	ffffffff 	.word	0xffffffff
1000739c:	ffffffff 	.word	0xffffffff
100073a0:	ffffffff 	.word	0xffffffff
100073a4:	ffffffff 	.word	0xffffffff
100073a8:	ffffffff 	.word	0xffffffff
100073ac:	ffffffff 	.word	0xffffffff
100073b0:	ffffffff 	.word	0xffffffff
100073b4:	ffffffff 	.word	0xffffffff
100073b8:	ffffffff 	.word	0xffffffff
100073bc:	ffffffff 	.word	0xffffffff
100073c0:	ffffffff 	.word	0xffffffff
100073c4:	ffffffff 	.word	0xffffffff
100073c8:	ffffffff 	.word	0xffffffff
100073cc:	ffffffff 	.word	0xffffffff
100073d0:	ffffffff 	.word	0xffffffff
100073d4:	ffffffff 	.word	0xffffffff
100073d8:	ffffffff 	.word	0xffffffff
100073dc:	ffffffff 	.word	0xffffffff
100073e0:	ffffffff 	.word	0xffffffff
100073e4:	ffffffff 	.word	0xffffffff
100073e8:	ffffffff 	.word	0xffffffff
100073ec:	ffffffff 	.word	0xffffffff
100073f0:	ffffffff 	.word	0xffffffff
100073f4:	ffffffff 	.word	0xffffffff
100073f8:	ffffffff 	.word	0xffffffff
100073fc:	ffffffff 	.word	0xffffffff
10007400:	ffffffff 	.word	0xffffffff
10007404:	ffffffff 	.word	0xffffffff
10007408:	ffffffff 	.word	0xffffffff
1000740c:	ffffffff 	.word	0xffffffff
10007410:	ffffffff 	.word	0xffffffff
10007414:	ffffffff 	.word	0xffffffff
10007418:	ffffffff 	.word	0xffffffff
1000741c:	ffffffff 	.word	0xffffffff
10007420:	ffffffff 	.word	0xffffffff
10007424:	ffffffff 	.word	0xffffffff
10007428:	ffffffff 	.word	0xffffffff
1000742c:	ffffffff 	.word	0xffffffff
10007430:	ffffffff 	.word	0xffffffff
10007434:	ffffffff 	.word	0xffffffff
10007438:	ffffffff 	.word	0xffffffff
1000743c:	ffffffff 	.word	0xffffffff
10007440:	ffffffff 	.word	0xffffffff
10007444:	ffffffff 	.word	0xffffffff
10007448:	ffffffff 	.word	0xffffffff
1000744c:	ffffffff 	.word	0xffffffff
10007450:	ffffffff 	.word	0xffffffff
10007454:	ffffffff 	.word	0xffffffff
10007458:	ffffffff 	.word	0xffffffff
1000745c:	ffffffff 	.word	0xffffffff
10007460:	ffffffff 	.word	0xffffffff
10007464:	ffffffff 	.word	0xffffffff
10007468:	ffffffff 	.word	0xffffffff
1000746c:	ffffffff 	.word	0xffffffff
10007470:	ffffffff 	.word	0xffffffff
10007474:	ffffffff 	.word	0xffffffff
10007478:	ffffffff 	.word	0xffffffff
1000747c:	ffffffff 	.word	0xffffffff
10007480:	ffffffff 	.word	0xffffffff
10007484:	ffffffff 	.word	0xffffffff
10007488:	ffffffff 	.word	0xffffffff
1000748c:	ffffffff 	.word	0xffffffff
10007490:	ffffffff 	.word	0xffffffff
10007494:	ffffffff 	.word	0xffffffff
10007498:	ffffffff 	.word	0xffffffff
1000749c:	ffffffff 	.word	0xffffffff
100074a0:	ffffffff 	.word	0xffffffff
100074a4:	ffffffff 	.word	0xffffffff
100074a8:	ffffffff 	.word	0xffffffff
100074ac:	ffffffff 	.word	0xffffffff
100074b0:	ffffffff 	.word	0xffffffff
100074b4:	ffffffff 	.word	0xffffffff
100074b8:	ffffffff 	.word	0xffffffff
100074bc:	ffffffff 	.word	0xffffffff
100074c0:	ffffffff 	.word	0xffffffff
100074c4:	ffffffff 	.word	0xffffffff
100074c8:	ffffffff 	.word	0xffffffff
100074cc:	ffffffff 	.word	0xffffffff
100074d0:	ffffffff 	.word	0xffffffff
100074d4:	ffffffff 	.word	0xffffffff
100074d8:	ffffffff 	.word	0xffffffff
100074dc:	ffffffff 	.word	0xffffffff
100074e0:	ffffffff 	.word	0xffffffff
100074e4:	ffffffff 	.word	0xffffffff
100074e8:	ffffffff 	.word	0xffffffff
100074ec:	ffffffff 	.word	0xffffffff
100074f0:	ffffffff 	.word	0xffffffff
100074f4:	ffffffff 	.word	0xffffffff
100074f8:	ffffffff 	.word	0xffffffff
100074fc:	ffffffff 	.word	0xffffffff
10007500:	ffffffff 	.word	0xffffffff
10007504:	ffffffff 	.word	0xffffffff
10007508:	ffffffff 	.word	0xffffffff
1000750c:	ffffffff 	.word	0xffffffff
10007510:	ffffffff 	.word	0xffffffff
10007514:	ffffffff 	.word	0xffffffff
10007518:	ffffffff 	.word	0xffffffff
1000751c:	ffffffff 	.word	0xffffffff
10007520:	ffffffff 	.word	0xffffffff
10007524:	ffffffff 	.word	0xffffffff
10007528:	ffffffff 	.word	0xffffffff
1000752c:	ffffffff 	.word	0xffffffff
10007530:	ffffffff 	.word	0xffffffff
10007534:	ffffffff 	.word	0xffffffff
10007538:	ffffffff 	.word	0xffffffff
1000753c:	ffffffff 	.word	0xffffffff
10007540:	ffffffff 	.word	0xffffffff
10007544:	ffffffff 	.word	0xffffffff
10007548:	ffffffff 	.word	0xffffffff
1000754c:	ffffffff 	.word	0xffffffff
10007550:	ffffffff 	.word	0xffffffff
10007554:	ffffffff 	.word	0xffffffff
10007558:	ffffffff 	.word	0xffffffff
1000755c:	ffffffff 	.word	0xffffffff
10007560:	ffffffff 	.word	0xffffffff
10007564:	ffffffff 	.word	0xffffffff
10007568:	ffffffff 	.word	0xffffffff
1000756c:	ffffffff 	.word	0xffffffff
10007570:	ffffffff 	.word	0xffffffff
10007574:	ffffffff 	.word	0xffffffff
10007578:	ffffffff 	.word	0xffffffff
1000757c:	ffffffff 	.word	0xffffffff
10007580:	ffffffff 	.word	0xffffffff
10007584:	ffffffff 	.word	0xffffffff
10007588:	ffffffff 	.word	0xffffffff
1000758c:	ffffffff 	.word	0xffffffff
10007590:	ffffffff 	.word	0xffffffff
10007594:	ffffffff 	.word	0xffffffff
10007598:	ffffffff 	.word	0xffffffff
1000759c:	ffffffff 	.word	0xffffffff
100075a0:	ffffffff 	.word	0xffffffff
100075a4:	ffffffff 	.word	0xffffffff
100075a8:	ffffffff 	.word	0xffffffff
100075ac:	ffffffff 	.word	0xffffffff
100075b0:	ffffffff 	.word	0xffffffff
100075b4:	ffffffff 	.word	0xffffffff
100075b8:	ffffffff 	.word	0xffffffff
100075bc:	ffffffff 	.word	0xffffffff
100075c0:	ffffffff 	.word	0xffffffff
100075c4:	ffffffff 	.word	0xffffffff
100075c8:	ffffffff 	.word	0xffffffff
100075cc:	ffffffff 	.word	0xffffffff
100075d0:	ffffffff 	.word	0xffffffff
100075d4:	ffffffff 	.word	0xffffffff
100075d8:	ffffffff 	.word	0xffffffff
100075dc:	ffffffff 	.word	0xffffffff
100075e0:	ffffffff 	.word	0xffffffff
100075e4:	ffffffff 	.word	0xffffffff
100075e8:	ffffffff 	.word	0xffffffff
100075ec:	ffffffff 	.word	0xffffffff
100075f0:	ffffffff 	.word	0xffffffff
100075f4:	ffffffff 	.word	0xffffffff
100075f8:	ffffffff 	.word	0xffffffff
100075fc:	ffffffff 	.word	0xffffffff
10007600:	ffffffff 	.word	0xffffffff
10007604:	ffffffff 	.word	0xffffffff
10007608:	ffffffff 	.word	0xffffffff
1000760c:	ffffffff 	.word	0xffffffff
10007610:	ffffffff 	.word	0xffffffff
10007614:	ffffffff 	.word	0xffffffff
10007618:	ffffffff 	.word	0xffffffff
1000761c:	ffffffff 	.word	0xffffffff
10007620:	ffffffff 	.word	0xffffffff
10007624:	ffffffff 	.word	0xffffffff
10007628:	ffffffff 	.word	0xffffffff
1000762c:	ffffffff 	.word	0xffffffff
10007630:	ffffffff 	.word	0xffffffff
10007634:	ffffffff 	.word	0xffffffff
10007638:	ffffffff 	.word	0xffffffff
1000763c:	ffffffff 	.word	0xffffffff
10007640:	ffffffff 	.word	0xffffffff
10007644:	ffffffff 	.word	0xffffffff
10007648:	ffffffff 	.word	0xffffffff
1000764c:	ffffffff 	.word	0xffffffff
10007650:	ffffffff 	.word	0xffffffff
10007654:	ffffffff 	.word	0xffffffff
10007658:	ffffffff 	.word	0xffffffff
1000765c:	ffffffff 	.word	0xffffffff
10007660:	ffffffff 	.word	0xffffffff
10007664:	ffffffff 	.word	0xffffffff
10007668:	ffffffff 	.word	0xffffffff
1000766c:	ffffffff 	.word	0xffffffff
10007670:	ffffffff 	.word	0xffffffff
10007674:	ffffffff 	.word	0xffffffff
10007678:	ffffffff 	.word	0xffffffff
1000767c:	ffffffff 	.word	0xffffffff
10007680:	ffffffff 	.word	0xffffffff
10007684:	ffffffff 	.word	0xffffffff
10007688:	ffffffff 	.word	0xffffffff
1000768c:	ffffffff 	.word	0xffffffff
10007690:	ffffffff 	.word	0xffffffff
10007694:	ffffffff 	.word	0xffffffff
10007698:	ffffffff 	.word	0xffffffff
1000769c:	ffffffff 	.word	0xffffffff
100076a0:	ffffffff 	.word	0xffffffff
100076a4:	ffffffff 	.word	0xffffffff
100076a8:	ffffffff 	.word	0xffffffff
100076ac:	ffffffff 	.word	0xffffffff
100076b0:	ffffffff 	.word	0xffffffff
100076b4:	ffffffff 	.word	0xffffffff
100076b8:	ffffffff 	.word	0xffffffff
100076bc:	ffffffff 	.word	0xffffffff
100076c0:	ffffffff 	.word	0xffffffff
100076c4:	ffffffff 	.word	0xffffffff
100076c8:	ffffffff 	.word	0xffffffff
100076cc:	ffffffff 	.word	0xffffffff
100076d0:	ffffffff 	.word	0xffffffff
100076d4:	ffffffff 	.word	0xffffffff
100076d8:	ffffffff 	.word	0xffffffff
100076dc:	ffffffff 	.word	0xffffffff
100076e0:	ffffffff 	.word	0xffffffff
100076e4:	ffffffff 	.word	0xffffffff
100076e8:	ffffffff 	.word	0xffffffff
100076ec:	ffffffff 	.word	0xffffffff
100076f0:	ffffffff 	.word	0xffffffff
100076f4:	ffffffff 	.word	0xffffffff
100076f8:	ffffffff 	.word	0xffffffff
100076fc:	ffffffff 	.word	0xffffffff
10007700:	ffffffff 	.word	0xffffffff
10007704:	ffffffff 	.word	0xffffffff
10007708:	ffffffff 	.word	0xffffffff
1000770c:	ffffffff 	.word	0xffffffff
10007710:	ffffffff 	.word	0xffffffff
10007714:	ffffffff 	.word	0xffffffff
10007718:	ffffffff 	.word	0xffffffff
1000771c:	ffffffff 	.word	0xffffffff
10007720:	ffffffff 	.word	0xffffffff
10007724:	ffffffff 	.word	0xffffffff
10007728:	ffffffff 	.word	0xffffffff
1000772c:	ffffffff 	.word	0xffffffff
10007730:	ffffffff 	.word	0xffffffff
10007734:	ffffffff 	.word	0xffffffff
10007738:	ffffffff 	.word	0xffffffff
1000773c:	ffffffff 	.word	0xffffffff
10007740:	ffffffff 	.word	0xffffffff
10007744:	ffffffff 	.word	0xffffffff
10007748:	ffffffff 	.word	0xffffffff
1000774c:	ffffffff 	.word	0xffffffff
10007750:	ffffffff 	.word	0xffffffff
10007754:	ffffffff 	.word	0xffffffff
10007758:	ffffffff 	.word	0xffffffff
1000775c:	ffffffff 	.word	0xffffffff
10007760:	ffffffff 	.word	0xffffffff
10007764:	ffffffff 	.word	0xffffffff
10007768:	ffffffff 	.word	0xffffffff
1000776c:	ffffffff 	.word	0xffffffff
10007770:	ffffffff 	.word	0xffffffff
10007774:	ffffffff 	.word	0xffffffff
10007778:	ffffffff 	.word	0xffffffff
1000777c:	ffffffff 	.word	0xffffffff
10007780:	ffffffff 	.word	0xffffffff
10007784:	ffffffff 	.word	0xffffffff
10007788:	ffffffff 	.word	0xffffffff
1000778c:	ffffffff 	.word	0xffffffff
10007790:	ffffffff 	.word	0xffffffff
10007794:	ffffffff 	.word	0xffffffff
10007798:	ffffffff 	.word	0xffffffff
1000779c:	ffffffff 	.word	0xffffffff
100077a0:	ffffffff 	.word	0xffffffff
100077a4:	ffffffff 	.word	0xffffffff
100077a8:	ffffffff 	.word	0xffffffff
100077ac:	ffffffff 	.word	0xffffffff
100077b0:	ffffffff 	.word	0xffffffff
100077b4:	ffffffff 	.word	0xffffffff
100077b8:	ffffffff 	.word	0xffffffff
100077bc:	ffffffff 	.word	0xffffffff
100077c0:	ffffffff 	.word	0xffffffff
100077c4:	ffffffff 	.word	0xffffffff
100077c8:	ffffffff 	.word	0xffffffff
100077cc:	ffffffff 	.word	0xffffffff
100077d0:	ffffffff 	.word	0xffffffff
100077d4:	ffffffff 	.word	0xffffffff
100077d8:	ffffffff 	.word	0xffffffff
100077dc:	ffffffff 	.word	0xffffffff
100077e0:	ffffffff 	.word	0xffffffff
100077e4:	ffffffff 	.word	0xffffffff
100077e8:	ffffffff 	.word	0xffffffff
100077ec:	ffffffff 	.word	0xffffffff
100077f0:	ffffffff 	.word	0xffffffff
100077f4:	ffffffff 	.word	0xffffffff
100077f8:	ffffffff 	.word	0xffffffff
100077fc:	ffffffff 	.word	0xffffffff
10007800:	ffffffff 	.word	0xffffffff
10007804:	ffffffff 	.word	0xffffffff
10007808:	ffffffff 	.word	0xffffffff
1000780c:	ffffffff 	.word	0xffffffff
10007810:	ffffffff 	.word	0xffffffff
10007814:	ffffffff 	.word	0xffffffff
10007818:	ffffffff 	.word	0xffffffff
1000781c:	ffffffff 	.word	0xffffffff
10007820:	ffffffff 	.word	0xffffffff
10007824:	ffffffff 	.word	0xffffffff
10007828:	ffffffff 	.word	0xffffffff
1000782c:	ffffffff 	.word	0xffffffff
10007830:	ffffffff 	.word	0xffffffff
10007834:	ffffffff 	.word	0xffffffff
10007838:	ffffffff 	.word	0xffffffff
1000783c:	ffffffff 	.word	0xffffffff
10007840:	ffffffff 	.word	0xffffffff
10007844:	ffffffff 	.word	0xffffffff
10007848:	ffffffff 	.word	0xffffffff
1000784c:	ffffffff 	.word	0xffffffff
10007850:	ffffffff 	.word	0xffffffff
10007854:	ffffffff 	.word	0xffffffff
10007858:	ffffffff 	.word	0xffffffff
1000785c:	ffffffff 	.word	0xffffffff
10007860:	ffffffff 	.word	0xffffffff
10007864:	ffffffff 	.word	0xffffffff
10007868:	ffffffff 	.word	0xffffffff
1000786c:	ffffffff 	.word	0xffffffff
10007870:	ffffffff 	.word	0xffffffff
10007874:	ffffffff 	.word	0xffffffff
10007878:	ffffffff 	.word	0xffffffff
1000787c:	ffffffff 	.word	0xffffffff
10007880:	ffffffff 	.word	0xffffffff
10007884:	ffffffff 	.word	0xffffffff
10007888:	ffffffff 	.word	0xffffffff
1000788c:	ffffffff 	.word	0xffffffff
10007890:	ffffffff 	.word	0xffffffff
10007894:	ffffffff 	.word	0xffffffff
10007898:	ffffffff 	.word	0xffffffff
1000789c:	ffffffff 	.word	0xffffffff
100078a0:	ffffffff 	.word	0xffffffff
100078a4:	ffffffff 	.word	0xffffffff
100078a8:	ffffffff 	.word	0xffffffff
100078ac:	ffffffff 	.word	0xffffffff
100078b0:	ffffffff 	.word	0xffffffff
100078b4:	ffffffff 	.word	0xffffffff
100078b8:	ffffffff 	.word	0xffffffff
100078bc:	ffffffff 	.word	0xffffffff
100078c0:	ffffffff 	.word	0xffffffff
100078c4:	ffffffff 	.word	0xffffffff
100078c8:	ffffffff 	.word	0xffffffff
100078cc:	ffffffff 	.word	0xffffffff
100078d0:	ffffffff 	.word	0xffffffff
100078d4:	ffffffff 	.word	0xffffffff
100078d8:	ffffffff 	.word	0xffffffff
100078dc:	ffffffff 	.word	0xffffffff
100078e0:	ffffffff 	.word	0xffffffff
100078e4:	ffffffff 	.word	0xffffffff
100078e8:	ffffffff 	.word	0xffffffff
100078ec:	ffffffff 	.word	0xffffffff
100078f0:	ffffffff 	.word	0xffffffff
100078f4:	ffffffff 	.word	0xffffffff
100078f8:	ffffffff 	.word	0xffffffff
100078fc:	ffffffff 	.word	0xffffffff
10007900:	ffffffff 	.word	0xffffffff
10007904:	ffffffff 	.word	0xffffffff
10007908:	ffffffff 	.word	0xffffffff
1000790c:	ffffffff 	.word	0xffffffff
10007910:	ffffffff 	.word	0xffffffff
10007914:	ffffffff 	.word	0xffffffff
10007918:	ffffffff 	.word	0xffffffff
1000791c:	ffffffff 	.word	0xffffffff
10007920:	ffffffff 	.word	0xffffffff
10007924:	ffffffff 	.word	0xffffffff
10007928:	ffffffff 	.word	0xffffffff
1000792c:	ffffffff 	.word	0xffffffff
10007930:	ffffffff 	.word	0xffffffff
10007934:	ffffffff 	.word	0xffffffff
10007938:	ffffffff 	.word	0xffffffff
1000793c:	ffffffff 	.word	0xffffffff
10007940:	ffffffff 	.word	0xffffffff
10007944:	ffffffff 	.word	0xffffffff
10007948:	ffffffff 	.word	0xffffffff
1000794c:	ffffffff 	.word	0xffffffff
10007950:	ffffffff 	.word	0xffffffff
10007954:	ffffffff 	.word	0xffffffff
10007958:	ffffffff 	.word	0xffffffff
1000795c:	ffffffff 	.word	0xffffffff
10007960:	ffffffff 	.word	0xffffffff
10007964:	ffffffff 	.word	0xffffffff
10007968:	ffffffff 	.word	0xffffffff
1000796c:	ffffffff 	.word	0xffffffff
10007970:	ffffffff 	.word	0xffffffff
10007974:	ffffffff 	.word	0xffffffff
10007978:	ffffffff 	.word	0xffffffff
1000797c:	ffffffff 	.word	0xffffffff
10007980:	ffffffff 	.word	0xffffffff
10007984:	ffffffff 	.word	0xffffffff
10007988:	ffffffff 	.word	0xffffffff
1000798c:	ffffffff 	.word	0xffffffff
10007990:	ffffffff 	.word	0xffffffff
10007994:	ffffffff 	.word	0xffffffff
10007998:	ffffffff 	.word	0xffffffff
1000799c:	ffffffff 	.word	0xffffffff
100079a0:	ffffffff 	.word	0xffffffff
100079a4:	ffffffff 	.word	0xffffffff
100079a8:	ffffffff 	.word	0xffffffff
100079ac:	ffffffff 	.word	0xffffffff
100079b0:	ffffffff 	.word	0xffffffff
100079b4:	ffffffff 	.word	0xffffffff
100079b8:	ffffffff 	.word	0xffffffff
100079bc:	ffffffff 	.word	0xffffffff
100079c0:	ffffffff 	.word	0xffffffff
100079c4:	ffffffff 	.word	0xffffffff
100079c8:	ffffffff 	.word	0xffffffff
100079cc:	ffffffff 	.word	0xffffffff
100079d0:	ffffffff 	.word	0xffffffff
100079d4:	ffffffff 	.word	0xffffffff
100079d8:	ffffffff 	.word	0xffffffff
100079dc:	ffffffff 	.word	0xffffffff
100079e0:	ffffffff 	.word	0xffffffff
100079e4:	ffffffff 	.word	0xffffffff
100079e8:	ffffffff 	.word	0xffffffff
100079ec:	ffffffff 	.word	0xffffffff
100079f0:	ffffffff 	.word	0xffffffff
100079f4:	ffffffff 	.word	0xffffffff
100079f8:	ffffffff 	.word	0xffffffff
100079fc:	ffffffff 	.word	0xffffffff
10007a00:	ffffffff 	.word	0xffffffff
10007a04:	ffffffff 	.word	0xffffffff
10007a08:	ffffffff 	.word	0xffffffff
10007a0c:	ffffffff 	.word	0xffffffff
10007a10:	ffffffff 	.word	0xffffffff
10007a14:	ffffffff 	.word	0xffffffff
10007a18:	ffffffff 	.word	0xffffffff
10007a1c:	ffffffff 	.word	0xffffffff
10007a20:	ffffffff 	.word	0xffffffff
10007a24:	ffffffff 	.word	0xffffffff
10007a28:	ffffffff 	.word	0xffffffff
10007a2c:	ffffffff 	.word	0xffffffff
10007a30:	ffffffff 	.word	0xffffffff
10007a34:	ffffffff 	.word	0xffffffff
10007a38:	ffffffff 	.word	0xffffffff
10007a3c:	ffffffff 	.word	0xffffffff
10007a40:	ffffffff 	.word	0xffffffff
10007a44:	ffffffff 	.word	0xffffffff
10007a48:	ffffffff 	.word	0xffffffff
10007a4c:	ffffffff 	.word	0xffffffff
10007a50:	ffffffff 	.word	0xffffffff
10007a54:	ffffffff 	.word	0xffffffff
10007a58:	ffffffff 	.word	0xffffffff
10007a5c:	ffffffff 	.word	0xffffffff
10007a60:	ffffffff 	.word	0xffffffff
10007a64:	ffffffff 	.word	0xffffffff
10007a68:	ffffffff 	.word	0xffffffff
10007a6c:	ffffffff 	.word	0xffffffff
10007a70:	ffffffff 	.word	0xffffffff
10007a74:	ffffffff 	.word	0xffffffff
10007a78:	ffffffff 	.word	0xffffffff
10007a7c:	ffffffff 	.word	0xffffffff
10007a80:	ffffffff 	.word	0xffffffff
10007a84:	ffffffff 	.word	0xffffffff
10007a88:	ffffffff 	.word	0xffffffff
10007a8c:	ffffffff 	.word	0xffffffff
10007a90:	ffffffff 	.word	0xffffffff
10007a94:	ffffffff 	.word	0xffffffff
10007a98:	ffffffff 	.word	0xffffffff
10007a9c:	ffffffff 	.word	0xffffffff
10007aa0:	ffffffff 	.word	0xffffffff
10007aa4:	ffffffff 	.word	0xffffffff
10007aa8:	ffffffff 	.word	0xffffffff
10007aac:	ffffffff 	.word	0xffffffff
10007ab0:	ffffffff 	.word	0xffffffff
10007ab4:	ffffffff 	.word	0xffffffff
10007ab8:	ffffffff 	.word	0xffffffff
10007abc:	ffffffff 	.word	0xffffffff
10007ac0:	ffffffff 	.word	0xffffffff
10007ac4:	ffffffff 	.word	0xffffffff
10007ac8:	ffffffff 	.word	0xffffffff
10007acc:	ffffffff 	.word	0xffffffff
10007ad0:	ffffffff 	.word	0xffffffff
10007ad4:	ffffffff 	.word	0xffffffff
10007ad8:	ffffffff 	.word	0xffffffff
10007adc:	ffffffff 	.word	0xffffffff
10007ae0:	ffffffff 	.word	0xffffffff
10007ae4:	ffffffff 	.word	0xffffffff
10007ae8:	ffffffff 	.word	0xffffffff
10007aec:	ffffffff 	.word	0xffffffff
10007af0:	ffffffff 	.word	0xffffffff
10007af4:	ffffffff 	.word	0xffffffff
10007af8:	ffffffff 	.word	0xffffffff
10007afc:	ffffffff 	.word	0xffffffff
10007b00:	ffffffff 	.word	0xffffffff
10007b04:	ffffffff 	.word	0xffffffff
10007b08:	ffffffff 	.word	0xffffffff
10007b0c:	ffffffff 	.word	0xffffffff
10007b10:	ffffffff 	.word	0xffffffff
10007b14:	ffffffff 	.word	0xffffffff
10007b18:	ffffffff 	.word	0xffffffff
10007b1c:	ffffffff 	.word	0xffffffff
10007b20:	ffffffff 	.word	0xffffffff
10007b24:	ffffffff 	.word	0xffffffff
10007b28:	ffffffff 	.word	0xffffffff
10007b2c:	ffffffff 	.word	0xffffffff
10007b30:	ffffffff 	.word	0xffffffff
10007b34:	ffffffff 	.word	0xffffffff
10007b38:	ffffffff 	.word	0xffffffff
10007b3c:	ffffffff 	.word	0xffffffff
10007b40:	ffffffff 	.word	0xffffffff
10007b44:	ffffffff 	.word	0xffffffff
10007b48:	ffffffff 	.word	0xffffffff
10007b4c:	ffffffff 	.word	0xffffffff
10007b50:	ffffffff 	.word	0xffffffff
10007b54:	ffffffff 	.word	0xffffffff
10007b58:	ffffffff 	.word	0xffffffff
10007b5c:	ffffffff 	.word	0xffffffff
10007b60:	ffffffff 	.word	0xffffffff
10007b64:	ffffffff 	.word	0xffffffff
10007b68:	ffffffff 	.word	0xffffffff
10007b6c:	ffffffff 	.word	0xffffffff
10007b70:	ffffffff 	.word	0xffffffff
10007b74:	ffffffff 	.word	0xffffffff
10007b78:	ffffffff 	.word	0xffffffff
10007b7c:	ffffffff 	.word	0xffffffff
10007b80:	ffffffff 	.word	0xffffffff
10007b84:	ffffffff 	.word	0xffffffff
10007b88:	ffffffff 	.word	0xffffffff
10007b8c:	ffffffff 	.word	0xffffffff
10007b90:	ffffffff 	.word	0xffffffff
10007b94:	ffffffff 	.word	0xffffffff
10007b98:	ffffffff 	.word	0xffffffff
10007b9c:	ffffffff 	.word	0xffffffff
10007ba0:	ffffffff 	.word	0xffffffff
10007ba4:	ffffffff 	.word	0xffffffff
10007ba8:	ffffffff 	.word	0xffffffff
10007bac:	ffffffff 	.word	0xffffffff
10007bb0:	ffffffff 	.word	0xffffffff
10007bb4:	ffffffff 	.word	0xffffffff
10007bb8:	ffffffff 	.word	0xffffffff
10007bbc:	ffffffff 	.word	0xffffffff
10007bc0:	ffffffff 	.word	0xffffffff
10007bc4:	ffffffff 	.word	0xffffffff
10007bc8:	ffffffff 	.word	0xffffffff
10007bcc:	ffffffff 	.word	0xffffffff
10007bd0:	ffffffff 	.word	0xffffffff
10007bd4:	ffffffff 	.word	0xffffffff
10007bd8:	ffffffff 	.word	0xffffffff
10007bdc:	ffffffff 	.word	0xffffffff
10007be0:	ffffffff 	.word	0xffffffff
10007be4:	ffffffff 	.word	0xffffffff
10007be8:	ffffffff 	.word	0xffffffff
10007bec:	ffffffff 	.word	0xffffffff
10007bf0:	ffffffff 	.word	0xffffffff
10007bf4:	ffffffff 	.word	0xffffffff
10007bf8:	ffffffff 	.word	0xffffffff
10007bfc:	ffffffff 	.word	0xffffffff
10007c00:	ffffffff 	.word	0xffffffff
10007c04:	ffffffff 	.word	0xffffffff
10007c08:	ffffffff 	.word	0xffffffff
10007c0c:	ffffffff 	.word	0xffffffff
10007c10:	ffffffff 	.word	0xffffffff
10007c14:	ffffffff 	.word	0xffffffff
10007c18:	ffffffff 	.word	0xffffffff
10007c1c:	ffffffff 	.word	0xffffffff
10007c20:	ffffffff 	.word	0xffffffff
10007c24:	ffffffff 	.word	0xffffffff
10007c28:	ffffffff 	.word	0xffffffff
10007c2c:	ffffffff 	.word	0xffffffff
10007c30:	ffffffff 	.word	0xffffffff
10007c34:	ffffffff 	.word	0xffffffff
10007c38:	ffffffff 	.word	0xffffffff
10007c3c:	ffffffff 	.word	0xffffffff
10007c40:	ffffffff 	.word	0xffffffff
10007c44:	ffffffff 	.word	0xffffffff
10007c48:	ffffffff 	.word	0xffffffff
10007c4c:	ffffffff 	.word	0xffffffff
10007c50:	ffffffff 	.word	0xffffffff
10007c54:	ffffffff 	.word	0xffffffff
10007c58:	ffffffff 	.word	0xffffffff
10007c5c:	ffffffff 	.word	0xffffffff
10007c60:	ffffffff 	.word	0xffffffff
10007c64:	ffffffff 	.word	0xffffffff
10007c68:	ffffffff 	.word	0xffffffff
10007c6c:	ffffffff 	.word	0xffffffff
10007c70:	ffffffff 	.word	0xffffffff
10007c74:	ffffffff 	.word	0xffffffff
10007c78:	ffffffff 	.word	0xffffffff
10007c7c:	ffffffff 	.word	0xffffffff
10007c80:	ffffffff 	.word	0xffffffff
10007c84:	ffffffff 	.word	0xffffffff
10007c88:	ffffffff 	.word	0xffffffff
10007c8c:	ffffffff 	.word	0xffffffff
10007c90:	ffffffff 	.word	0xffffffff
10007c94:	ffffffff 	.word	0xffffffff
10007c98:	ffffffff 	.word	0xffffffff
10007c9c:	ffffffff 	.word	0xffffffff
10007ca0:	ffffffff 	.word	0xffffffff
10007ca4:	ffffffff 	.word	0xffffffff
10007ca8:	ffffffff 	.word	0xffffffff
10007cac:	ffffffff 	.word	0xffffffff
10007cb0:	ffffffff 	.word	0xffffffff
10007cb4:	ffffffff 	.word	0xffffffff
10007cb8:	ffffffff 	.word	0xffffffff
10007cbc:	ffffffff 	.word	0xffffffff
10007cc0:	ffffffff 	.word	0xffffffff
10007cc4:	ffffffff 	.word	0xffffffff
10007cc8:	ffffffff 	.word	0xffffffff
10007ccc:	ffffffff 	.word	0xffffffff
10007cd0:	ffffffff 	.word	0xffffffff
10007cd4:	ffffffff 	.word	0xffffffff
10007cd8:	ffffffff 	.word	0xffffffff
10007cdc:	ffffffff 	.word	0xffffffff
10007ce0:	ffffffff 	.word	0xffffffff
10007ce4:	ffffffff 	.word	0xffffffff
10007ce8:	ffffffff 	.word	0xffffffff
10007cec:	ffffffff 	.word	0xffffffff
10007cf0:	ffffffff 	.word	0xffffffff
10007cf4:	ffffffff 	.word	0xffffffff
10007cf8:	ffffffff 	.word	0xffffffff
10007cfc:	ffffffff 	.word	0xffffffff
10007d00:	ffffffff 	.word	0xffffffff
10007d04:	ffffffff 	.word	0xffffffff
10007d08:	ffffffff 	.word	0xffffffff
10007d0c:	ffffffff 	.word	0xffffffff
10007d10:	ffffffff 	.word	0xffffffff
10007d14:	ffffffff 	.word	0xffffffff
10007d18:	ffffffff 	.word	0xffffffff
10007d1c:	ffffffff 	.word	0xffffffff
10007d20:	ffffffff 	.word	0xffffffff
10007d24:	ffffffff 	.word	0xffffffff
10007d28:	ffffffff 	.word	0xffffffff
10007d2c:	ffffffff 	.word	0xffffffff
10007d30:	ffffffff 	.word	0xffffffff
10007d34:	ffffffff 	.word	0xffffffff
10007d38:	ffffffff 	.word	0xffffffff
10007d3c:	ffffffff 	.word	0xffffffff
10007d40:	ffffffff 	.word	0xffffffff
10007d44:	ffffffff 	.word	0xffffffff
10007d48:	ffffffff 	.word	0xffffffff
10007d4c:	ffffffff 	.word	0xffffffff
10007d50:	ffffffff 	.word	0xffffffff
10007d54:	ffffffff 	.word	0xffffffff
10007d58:	ffffffff 	.word	0xffffffff
10007d5c:	ffffffff 	.word	0xffffffff
10007d60:	ffffffff 	.word	0xffffffff
10007d64:	ffffffff 	.word	0xffffffff
10007d68:	ffffffff 	.word	0xffffffff
10007d6c:	ffffffff 	.word	0xffffffff
10007d70:	ffffffff 	.word	0xffffffff
10007d74:	ffffffff 	.word	0xffffffff
10007d78:	ffffffff 	.word	0xffffffff
10007d7c:	ffffffff 	.word	0xffffffff
10007d80:	ffffffff 	.word	0xffffffff
10007d84:	ffffffff 	.word	0xffffffff
10007d88:	ffffffff 	.word	0xffffffff
10007d8c:	ffffffff 	.word	0xffffffff
10007d90:	ffffffff 	.word	0xffffffff
10007d94:	ffffffff 	.word	0xffffffff
10007d98:	ffffffff 	.word	0xffffffff
10007d9c:	ffffffff 	.word	0xffffffff
10007da0:	ffffffff 	.word	0xffffffff
10007da4:	ffffffff 	.word	0xffffffff
10007da8:	ffffffff 	.word	0xffffffff
10007dac:	ffffffff 	.word	0xffffffff
10007db0:	ffffffff 	.word	0xffffffff
10007db4:	ffffffff 	.word	0xffffffff
10007db8:	ffffffff 	.word	0xffffffff
10007dbc:	ffffffff 	.word	0xffffffff
10007dc0:	ffffffff 	.word	0xffffffff
10007dc4:	ffffffff 	.word	0xffffffff
10007dc8:	ffffffff 	.word	0xffffffff
10007dcc:	ffffffff 	.word	0xffffffff
10007dd0:	ffffffff 	.word	0xffffffff
10007dd4:	ffffffff 	.word	0xffffffff
10007dd8:	ffffffff 	.word	0xffffffff
10007ddc:	ffffffff 	.word	0xffffffff
10007de0:	ffffffff 	.word	0xffffffff
10007de4:	ffffffff 	.word	0xffffffff
10007de8:	ffffffff 	.word	0xffffffff
10007dec:	ffffffff 	.word	0xffffffff
10007df0:	ffffffff 	.word	0xffffffff
10007df4:	ffffffff 	.word	0xffffffff
10007df8:	ffffffff 	.word	0xffffffff
10007dfc:	ffffffff 	.word	0xffffffff
10007e00:	ffffffff 	.word	0xffffffff
10007e04:	ffffffff 	.word	0xffffffff
10007e08:	ffffffff 	.word	0xffffffff
10007e0c:	ffffffff 	.word	0xffffffff
10007e10:	ffffffff 	.word	0xffffffff
10007e14:	ffffffff 	.word	0xffffffff
10007e18:	ffffffff 	.word	0xffffffff
10007e1c:	ffffffff 	.word	0xffffffff
10007e20:	ffffffff 	.word	0xffffffff
10007e24:	ffffffff 	.word	0xffffffff
10007e28:	ffffffff 	.word	0xffffffff
10007e2c:	ffffffff 	.word	0xffffffff
10007e30:	ffffffff 	.word	0xffffffff
10007e34:	ffffffff 	.word	0xffffffff
10007e38:	ffffffff 	.word	0xffffffff
10007e3c:	ffffffff 	.word	0xffffffff
10007e40:	ffffffff 	.word	0xffffffff
10007e44:	ffffffff 	.word	0xffffffff
10007e48:	ffffffff 	.word	0xffffffff
10007e4c:	ffffffff 	.word	0xffffffff
10007e50:	ffffffff 	.word	0xffffffff
10007e54:	ffffffff 	.word	0xffffffff
10007e58:	ffffffff 	.word	0xffffffff
10007e5c:	ffffffff 	.word	0xffffffff
10007e60:	ffffffff 	.word	0xffffffff
10007e64:	ffffffff 	.word	0xffffffff
10007e68:	ffffffff 	.word	0xffffffff
10007e6c:	ffffffff 	.word	0xffffffff
10007e70:	ffffffff 	.word	0xffffffff
10007e74:	ffffffff 	.word	0xffffffff
10007e78:	ffffffff 	.word	0xffffffff
10007e7c:	ffffffff 	.word	0xffffffff
10007e80:	ffffffff 	.word	0xffffffff
10007e84:	ffffffff 	.word	0xffffffff
10007e88:	ffffffff 	.word	0xffffffff
10007e8c:	ffffffff 	.word	0xffffffff
10007e90:	ffffffff 	.word	0xffffffff
10007e94:	ffffffff 	.word	0xffffffff
10007e98:	ffffffff 	.word	0xffffffff
10007e9c:	ffffffff 	.word	0xffffffff
10007ea0:	ffffffff 	.word	0xffffffff
10007ea4:	ffffffff 	.word	0xffffffff
10007ea8:	ffffffff 	.word	0xffffffff
10007eac:	ffffffff 	.word	0xffffffff
10007eb0:	ffffffff 	.word	0xffffffff
10007eb4:	ffffffff 	.word	0xffffffff
10007eb8:	ffffffff 	.word	0xffffffff
10007ebc:	ffffffff 	.word	0xffffffff
10007ec0:	ffffffff 	.word	0xffffffff
10007ec4:	ffffffff 	.word	0xffffffff
10007ec8:	ffffffff 	.word	0xffffffff
10007ecc:	ffffffff 	.word	0xffffffff
10007ed0:	ffffffff 	.word	0xffffffff
10007ed4:	ffffffff 	.word	0xffffffff
10007ed8:	ffffffff 	.word	0xffffffff
10007edc:	ffffffff 	.word	0xffffffff
10007ee0:	ffffffff 	.word	0xffffffff
10007ee4:	ffffffff 	.word	0xffffffff
10007ee8:	ffffffff 	.word	0xffffffff
10007eec:	ffffffff 	.word	0xffffffff
10007ef0:	ffffffff 	.word	0xffffffff
10007ef4:	ffffffff 	.word	0xffffffff
10007ef8:	ffffffff 	.word	0xffffffff
10007efc:	ffffffff 	.word	0xffffffff
10007f00:	ffffffff 	.word	0xffffffff
10007f04:	ffffffff 	.word	0xffffffff
10007f08:	ffffffff 	.word	0xffffffff
10007f0c:	ffffffff 	.word	0xffffffff
10007f10:	ffffffff 	.word	0xffffffff
10007f14:	ffffffff 	.word	0xffffffff
10007f18:	ffffffff 	.word	0xffffffff
10007f1c:	ffffffff 	.word	0xffffffff
10007f20:	ffffffff 	.word	0xffffffff
10007f24:	ffffffff 	.word	0xffffffff
10007f28:	ffffffff 	.word	0xffffffff
10007f2c:	ffffffff 	.word	0xffffffff
10007f30:	ffffffff 	.word	0xffffffff
10007f34:	ffffffff 	.word	0xffffffff
10007f38:	ffffffff 	.word	0xffffffff
10007f3c:	ffffffff 	.word	0xffffffff
10007f40:	ffffffff 	.word	0xffffffff
10007f44:	ffffffff 	.word	0xffffffff
10007f48:	ffffffff 	.word	0xffffffff
10007f4c:	ffffffff 	.word	0xffffffff
10007f50:	ffffffff 	.word	0xffffffff
10007f54:	ffffffff 	.word	0xffffffff
10007f58:	ffffffff 	.word	0xffffffff
10007f5c:	ffffffff 	.word	0xffffffff
10007f60:	ffffffff 	.word	0xffffffff
10007f64:	ffffffff 	.word	0xffffffff
10007f68:	ffffffff 	.word	0xffffffff
10007f6c:	ffffffff 	.word	0xffffffff
10007f70:	ffffffff 	.word	0xffffffff
10007f74:	ffffffff 	.word	0xffffffff
10007f78:	ffffffff 	.word	0xffffffff
10007f7c:	ffffffff 	.word	0xffffffff
10007f80:	ffffffff 	.word	0xffffffff
10007f84:	ffffffff 	.word	0xffffffff
10007f88:	ffffffff 	.word	0xffffffff
10007f8c:	ffffffff 	.word	0xffffffff
10007f90:	ffffffff 	.word	0xffffffff
10007f94:	ffffffff 	.word	0xffffffff
10007f98:	ffffffff 	.word	0xffffffff
10007f9c:	ffffffff 	.word	0xffffffff
10007fa0:	ffffffff 	.word	0xffffffff
10007fa4:	ffffffff 	.word	0xffffffff
10007fa8:	ffffffff 	.word	0xffffffff
10007fac:	ffffffff 	.word	0xffffffff
10007fb0:	ffffffff 	.word	0xffffffff
10007fb4:	ffffffff 	.word	0xffffffff
10007fb8:	ffffffff 	.word	0xffffffff
10007fbc:	ffffffff 	.word	0xffffffff
10007fc0:	ffffffff 	.word	0xffffffff
10007fc4:	ffffffff 	.word	0xffffffff
10007fc8:	ffffffff 	.word	0xffffffff
10007fcc:	ffffffff 	.word	0xffffffff
10007fd0:	ffffffff 	.word	0xffffffff
10007fd4:	ffffffff 	.word	0xffffffff
10007fd8:	ffffffff 	.word	0xffffffff
10007fdc:	ffffffff 	.word	0xffffffff
10007fe0:	ffffffff 	.word	0xffffffff
10007fe4:	ffffffff 	.word	0xffffffff
10007fe8:	ffffffff 	.word	0xffffffff
10007fec:	ffffffff 	.word	0xffffffff
10007ff0:	ffffffff 	.word	0xffffffff
10007ff4:	ffffffff 	.word	0xffffffff
10007ff8:	ffffffff 	.word	0xffffffff
10007ffc:	ffffffff 	.word	0xffffffff

Disassembly of section .boot3:

10008000 <__logical_binary_start>:
10008000:	20041000 	.word	0x20041000
10008004:	10008189 	.word	0x10008189
10008008:	10008111 	.word	0x10008111
1000800c:	10008111 	.word	0x10008111
10008010:	10008111 	.word	0x10008111
10008014:	10008111 	.word	0x10008111
10008018:	10008111 	.word	0x10008111
1000801c:	10008111 	.word	0x10008111
10008020:	10008111 	.word	0x10008111
10008024:	10008111 	.word	0x10008111
10008028:	10008111 	.word	0x10008111
1000802c:	10008111 	.word	0x10008111
10008030:	10008111 	.word	0x10008111
10008034:	10008111 	.word	0x10008111
10008038:	10008111 	.word	0x10008111
1000803c:	10008111 	.word	0x10008111
10008040:	10008111 	.word	0x10008111
10008044:	10008111 	.word	0x10008111
10008048:	10008111 	.word	0x10008111
1000804c:	10008111 	.word	0x10008111
10008050:	10008111 	.word	0x10008111
10008054:	10008111 	.word	0x10008111
10008058:	10008111 	.word	0x10008111
1000805c:	10008111 	.word	0x10008111
10008060:	10008111 	.word	0x10008111
10008064:	10008111 	.word	0x10008111
10008068:	10008111 	.word	0x10008111
1000806c:	10008111 	.word	0x10008111
10008070:	10008111 	.word	0x10008111
10008074:	10008111 	.word	0x10008111
10008078:	10008111 	.word	0x10008111
1000807c:	10008111 	.word	0x10008111
10008080:	10008111 	.word	0x10008111
10008084:	10008111 	.word	0x10008111
10008088:	10008111 	.word	0x10008111
1000808c:	10008111 	.word	0x10008111
10008090:	10008111 	.word	0x10008111
10008094:	10008111 	.word	0x10008111
10008098:	10008111 	.word	0x10008111
1000809c:	10008111 	.word	0x10008111
100080a0:	10008111 	.word	0x10008111
100080a4:	10008111 	.word	0x10008111
100080a8:	10008111 	.word	0x10008111
100080ac:	10008111 	.word	0x10008111
100080b0:	10008111 	.word	0x10008111
100080b4:	10008111 	.word	0x10008111
100080b8:	10008111 	.word	0x10008111
100080bc:	10008111 	.word	0x10008111

100080c0 <picopad_info_header>:
100080c0:	44415050 	.word	0x44415050
100080c4:	01234567 	.word	0x01234567
100080c8:	89abcdef 	.word	0x89abcdef
100080cc:	20041000 	.word	0x20041000
100080d0:	10008189 	.word	0x10008189
100080d4:	64617070 	.word	0x64617070

100080d8 <binary_info_header>:
100080d8:	7188ebf2 	.word	0x7188ebf2
100080dc:	100413f0 	.word	0x100413f0
100080e0:	100413f0 	.word	0x100413f0
100080e4:	100081d4 	.word	0x100081d4
100080e8:	e71aa390 	.word	0xe71aa390

100080ec <__binary_info_header_end>:
100080ec:	ffffded3 	.word	0xffffded3
100080f0:	00110142 	.word	0x00110142
100080f4:	00000248 	.word	0x00000248
100080f8:	00010000 	.word	0x00010000
100080fc:	00000203 	.word	0x00000203
10008100:	10008000 	.word	0x10008000
10008104:	000005ff 	.word	0x000005ff
10008108:	00000000 	.word	0x00000000
1000810c:	ab123579 	.word	0xab123579

10008110 <isr_hardfault>:
10008110:	b672      	cpsid	i
10008112:	b671      	cpsid	f
10008114:	f3bf 8f6f 	isb	sy
10008118:	b08c      	sub	sp, #48	@ 0x30
1000811a:	f3ef 8005 	mrs	r0, IPSR
1000811e:	b2c0      	uxtb	r0, r0
10008120:	3810      	subs	r0, #16
10008122:	9000      	str	r0, [sp, #0]
10008124:	9401      	str	r4, [sp, #4]
10008126:	9502      	str	r5, [sp, #8]
10008128:	9603      	str	r6, [sp, #12]
1000812a:	9704      	str	r7, [sp, #16]
1000812c:	4640      	mov	r0, r8
1000812e:	9005      	str	r0, [sp, #20]
10008130:	4648      	mov	r0, r9
10008132:	9006      	str	r0, [sp, #24]
10008134:	4650      	mov	r0, sl
10008136:	9007      	str	r0, [sp, #28]
10008138:	4658      	mov	r0, fp
1000813a:	9008      	str	r0, [sp, #32]
1000813c:	4668      	mov	r0, sp
1000813e:	3060      	adds	r0, #96	@ 0x60
10008140:	9009      	str	r0, [sp, #36]	@ 0x24
10008142:	f3ef 8014 	mrs	r0, CONTROL
10008146:	900a      	str	r0, [sp, #40]	@ 0x28
10008148:	4668      	mov	r0, sp
1000814a:	4b0a      	ldr	r3, [pc, #40]	@ (10008174 <unhandled_irq_3+0x6>)
1000814c:	4798      	blx	r3

1000814e <FatalErrorStop>:
1000814e:	4b0a      	ldr	r3, [pc, #40]	@ (10008178 <unhandled_irq_3+0xa>)
10008150:	2256      	movs	r2, #86	@ 0x56
10008152:	601a      	str	r2, [r3, #0]
10008154:	60da      	str	r2, [r3, #12]
10008156:	4b09      	ldr	r3, [pc, #36]	@ (1000817c <unhandled_irq_3+0xe>)
10008158:	2205      	movs	r2, #5
1000815a:	601a      	str	r2, [r3, #0]
1000815c:	619a      	str	r2, [r3, #24]
1000815e:	4b08      	ldr	r3, [pc, #32]	@ (10008180 <unhandled_irq_3+0x12>)
10008160:	2201      	movs	r2, #1
10008162:	00d2      	lsls	r2, r2, #3
10008164:	3201      	adds	r2, #1
10008166:	0592      	lsls	r2, r2, #22
10008168:	609a      	str	r2, [r3, #8]

1000816a <unhandled_irq_2>:
1000816a:	601a      	str	r2, [r3, #0]
1000816c:	4905      	ldr	r1, [pc, #20]	@ (10008184 <unhandled_irq_3+0x16>)

1000816e <unhandled_irq_3>:
1000816e:	3901      	subs	r1, #1
10008170:	d1fd      	bne.n	1000816e <unhandled_irq_3>
10008172:	e7fa      	b.n	1000816a <unhandled_irq_2>
10008174:	10008b91 	.word	0x10008b91
10008178:	4001c05c 	.word	0x4001c05c
1000817c:	400140b4 	.word	0x400140b4
10008180:	d000001c 	.word	0xd000001c
10008184:	002dc6c0 	.word	0x002dc6c0

10008188 <_reset_handler>:
10008188:	481b      	ldr	r0, [pc, #108]	@ (100081f8 <GoToAppRam+0x6>)
1000818a:	f380 8808 	msr	MSP, r0
1000818e:	481b      	ldr	r0, [pc, #108]	@ (100081fc <GoToAppRam+0xa>)
10008190:	491b      	ldr	r1, [pc, #108]	@ (10008200 <GoToAppRam+0xe>)
10008192:	6008      	str	r0, [r1, #0]
10008194:	481b      	ldr	r0, [pc, #108]	@ (10008204 <GoToAppRam+0x12>)
10008196:	6800      	ldr	r0, [r0, #0]
10008198:	2800      	cmp	r0, #0
1000819a:	d113      	bne.n	100081c4 <Core1ExitBootrom>
1000819c:	491a      	ldr	r1, [pc, #104]	@ (10008208 <GoToAppRam+0x16>)
1000819e:	4a1b      	ldr	r2, [pc, #108]	@ (1000820c <GoToAppRam+0x1a>)
100081a0:	4b1b      	ldr	r3, [pc, #108]	@ (10008210 <GoToAppRam+0x1e>)
100081a2:	e001      	b.n	100081a8 <data_cpy>

100081a4 <data_cpy_loop>:
100081a4:	c901      	ldmia	r1!, {r0}
100081a6:	c201      	stmia	r2!, {r0}

100081a8 <data_cpy>:
100081a8:	429a      	cmp	r2, r3
100081aa:	d3fb      	bcc.n	100081a4 <data_cpy_loop>
100081ac:	4919      	ldr	r1, [pc, #100]	@ (10008214 <GoToAppRam+0x22>)
100081ae:	4a1a      	ldr	r2, [pc, #104]	@ (10008218 <GoToAppRam+0x26>)
100081b0:	2000      	movs	r0, #0
100081b2:	e000      	b.n	100081b6 <bss_fill_test>

100081b4 <bss_fill_loop>:
100081b4:	c101      	stmia	r1!, {r0}

100081b6 <bss_fill_test>:
100081b6:	4291      	cmp	r1, r2
100081b8:	d1fc      	bne.n	100081b4 <bss_fill_loop>
100081ba:	4918      	ldr	r1, [pc, #96]	@ (1000821c <GoToAppRam+0x2a>)
100081bc:	4788      	blx	r1
100081be:	4918      	ldr	r1, [pc, #96]	@ (10008220 <GoToAppRam+0x2e>)
100081c0:	4788      	blx	r1
100081c2:	e7fe      	b.n	100081c2 <bss_fill_test+0xc>

100081c4 <Core1ExitBootrom>:
100081c4:	b672      	cpsid	i
100081c6:	490e      	ldr	r1, [pc, #56]	@ (10008200 <GoToAppRam+0xe>)
100081c8:	2000      	movs	r0, #0
100081ca:	6008      	str	r0, [r1, #0]
100081cc:	c806      	ldmia	r0!, {r1, r2}
100081ce:	f381 8808 	msr	MSP, r1
100081d2:	4710      	bx	r2

100081d4 <data_cpy_table>:
100081d4:	100413f0 	.word	0x100413f0
100081d8:	20000000 	.word	0x20000000
100081dc:	20001008 	.word	0x20001008
100081e0:	00000000 	.word	0x00000000

100081e4 <GoToApp>:
100081e4:	480f      	ldr	r0, [pc, #60]	@ (10008224 <GoToAppRam+0x32>)
100081e6:	4906      	ldr	r1, [pc, #24]	@ (10008200 <GoToAppRam+0xe>)
100081e8:	6008      	str	r0, [r1, #0]
100081ea:	c803      	ldmia	r0, {r0, r1}
100081ec:	f380 8808 	msr	MSP, r0
100081f0:	4708      	bx	r1

100081f2 <GoToAppRam>:
100081f2:	480d      	ldr	r0, [pc, #52]	@ (10008228 <GoToAppRam+0x36>)
100081f4:	3001      	adds	r0, #1
100081f6:	4700      	bx	r0
100081f8:	20041000 	.word	0x20041000
100081fc:	10008000 	.word	0x10008000
10008200:	e000ed08 	.word	0xe000ed08
10008204:	d0000000 	.word	0xd0000000
10008208:	100413f0 	.word	0x100413f0
1000820c:	20000000 	.word	0x20000000
10008210:	20001008 	.word	0x20001008
10008214:	20001400 	.word	0x20001400
10008218:	200285c0 	.word	0x200285c0
1000821c:	10009601 	.word	0x10009601
10008220:	1000f101 	.word	0x1000f101
10008224:	10008000 	.word	0x10008000
10008228:	20000000 	.word	0x20000000

Disassembly of section .text:

10008230 <DivS32>:
10008230:	4a07      	ldr	r2, [pc, #28]	@ (10008250 <nop2_18+0xc>)
10008232:	f3ef 8c10 	mrs	ip, PRIMASK
10008236:	b672      	cpsid	i
10008238:	6690      	str	r0, [r2, #104]	@ 0x68
1000823a:	66d1      	str	r1, [r2, #108]	@ 0x6c
1000823c:	e7ff      	b.n	1000823e <nop2_15>

1000823e <nop2_15>:
1000823e:	e7ff      	b.n	10008240 <nop2_16>

10008240 <nop2_16>:
10008240:	e7ff      	b.n	10008242 <nop2_17>

10008242 <nop2_17>:
10008242:	e7ff      	b.n	10008244 <nop2_18>

10008244 <nop2_18>:
10008244:	6f51      	ldr	r1, [r2, #116]	@ 0x74
10008246:	6f10      	ldr	r0, [r2, #112]	@ 0x70
10008248:	f38c 8810 	msr	PRIMASK, ip
1000824c:	4770      	bx	lr
1000824e:	0000      	.short	0x0000
10008250:	d0000000 	.word	0xd0000000

10008254 <DivU32>:
10008254:	4a07      	ldr	r2, [pc, #28]	@ (10008274 <nop2_32+0xc>)
10008256:	f3ef 8c10 	mrs	ip, PRIMASK
1000825a:	b672      	cpsid	i
1000825c:	6610      	str	r0, [r2, #96]	@ 0x60
1000825e:	6651      	str	r1, [r2, #100]	@ 0x64
10008260:	e7ff      	b.n	10008262 <nop2_29>

10008262 <nop2_29>:
10008262:	e7ff      	b.n	10008264 <nop2_30>

10008264 <nop2_30>:
10008264:	e7ff      	b.n	10008266 <nop2_31>

10008266 <nop2_31>:
10008266:	e7ff      	b.n	10008268 <nop2_32>

10008268 <nop2_32>:
10008268:	6f51      	ldr	r1, [r2, #116]	@ 0x74
1000826a:	6f10      	ldr	r0, [r2, #112]	@ 0x70
1000826c:	f38c 8810 	msr	PRIMASK, ip
10008270:	4770      	bx	lr
10008272:	0000      	.short	0x0000
10008274:	d0000000 	.word	0xd0000000

10008278 <DivU64>:
10008278:	2900      	cmp	r1, #0
1000827a:	d118      	bne.n	100082ae <nop2_86+0x16>
1000827c:	2b00      	cmp	r3, #0
1000827e:	d111      	bne.n	100082a4 <nop2_86+0xc>
10008280:	b410      	push	{r4}
10008282:	f3ef 8c10 	mrs	ip, PRIMASK
10008286:	b672      	cpsid	i
10008288:	4c2c      	ldr	r4, [pc, #176]	@ (1000833c <DivU64_2+0x36>)
1000828a:	6620      	str	r0, [r4, #96]	@ 0x60
1000828c:	6662      	str	r2, [r4, #100]	@ 0x64
1000828e:	2100      	movs	r1, #0
10008290:	2300      	movs	r3, #0
10008292:	e7ff      	b.n	10008294 <nop2_84>

10008294 <nop2_84>:
10008294:	e7ff      	b.n	10008296 <nop2_85>

10008296 <nop2_85>:
10008296:	e7ff      	b.n	10008298 <nop2_86>

10008298 <nop2_86>:
10008298:	6f62      	ldr	r2, [r4, #116]	@ 0x74
1000829a:	6f20      	ldr	r0, [r4, #112]	@ 0x70
1000829c:	f38c 8810 	msr	PRIMASK, ip
100082a0:	bc10      	pop	{r4}
100082a2:	4770      	bx	lr
100082a4:	4602      	mov	r2, r0
100082a6:	460b      	mov	r3, r1
100082a8:	2000      	movs	r0, #0
100082aa:	2100      	movs	r1, #0
100082ac:	4770      	bx	lr
100082ae:	2b00      	cmp	r3, #0
100082b0:	d129      	bne.n	10008306 <DivU64_2>
100082b2:	0c13      	lsrs	r3, r2, #16
100082b4:	d126      	bne.n	10008304 <DivU64_1>
100082b6:	f3ef 8c10 	mrs	ip, PRIMASK
100082ba:	b672      	cpsid	i
100082bc:	4b1f      	ldr	r3, [pc, #124]	@ (1000833c <DivU64_2+0x36>)
100082be:	6619      	str	r1, [r3, #96]	@ 0x60
100082c0:	665a      	str	r2, [r3, #100]	@ 0x64
100082c2:	e7ff      	b.n	100082c4 <nop2_90>

100082c4 <nop2_90>:
100082c4:	e7ff      	b.n	100082c6 <nop2_91>

100082c6 <nop2_91>:
100082c6:	b430      	push	{r4, r5}
100082c8:	0c04      	lsrs	r4, r0, #16
100082ca:	6f5a      	ldr	r2, [r3, #116]	@ 0x74
100082cc:	6f19      	ldr	r1, [r3, #112]	@ 0x70
100082ce:	0412      	lsls	r2, r2, #16
100082d0:	4322      	orrs	r2, r4
100082d2:	661a      	str	r2, [r3, #96]	@ 0x60
100082d4:	e7ff      	b.n	100082d6 <nop2_93>

100082d6 <nop2_93>:
100082d6:	e7ff      	b.n	100082d8 <nop2_94>

100082d8 <nop2_94>:
100082d8:	e7ff      	b.n	100082da <nop2_95>

100082da <nop2_95>:
100082da:	46c0      	nop			@ (mov r8, r8)
100082dc:	b284      	uxth	r4, r0
100082de:	6f5a      	ldr	r2, [r3, #116]	@ 0x74
100082e0:	6f1d      	ldr	r5, [r3, #112]	@ 0x70
100082e2:	0412      	lsls	r2, r2, #16
100082e4:	4322      	orrs	r2, r4
100082e6:	661a      	str	r2, [r3, #96]	@ 0x60
100082e8:	e7ff      	b.n	100082ea <nop2_97>

100082ea <nop2_97>:
100082ea:	e7ff      	b.n	100082ec <nop2_98>

100082ec <nop2_98>:
100082ec:	e7ff      	b.n	100082ee <nop2_99>

100082ee <nop2_99>:
100082ee:	042c      	lsls	r4, r5, #16
100082f0:	0c2d      	lsrs	r5, r5, #16
100082f2:	6f5a      	ldr	r2, [r3, #116]	@ 0x74
100082f4:	6f18      	ldr	r0, [r3, #112]	@ 0x70
100082f6:	1900      	adds	r0, r0, r4
100082f8:	4169      	adcs	r1, r5
100082fa:	2300      	movs	r3, #0
100082fc:	f38c 8810 	msr	PRIMASK, ip
10008300:	bc30      	pop	{r4, r5}
10008302:	4770      	bx	lr

10008304 <DivU64_1>:
10008304:	2300      	movs	r3, #0

10008306 <DivU64_2>:
10008306:	b470      	push	{r4, r5, r6}
10008308:	2400      	movs	r4, #0
1000830a:	2500      	movs	r5, #0
1000830c:	2601      	movs	r6, #1
1000830e:	4276      	negs	r6, r6
10008310:	46b4      	mov	ip, r6
10008312:	2640      	movs	r6, #64	@ 0x40
10008314:	1800      	adds	r0, r0, r0
10008316:	4149      	adcs	r1, r1
10008318:	4164      	adcs	r4, r4
1000831a:	416d      	adcs	r5, r5
1000831c:	1aa4      	subs	r4, r4, r2
1000831e:	419d      	sbcs	r5, r3
10008320:	d202      	bcs.n	10008328 <DivU64_2+0x22>
10008322:	18a4      	adds	r4, r4, r2
10008324:	415d      	adcs	r5, r3
10008326:	3500      	adds	r5, #0
10008328:	4140      	adcs	r0, r0
1000832a:	4149      	adcs	r1, r1
1000832c:	4466      	add	r6, ip
1000832e:	4236      	tst	r6, r6
10008330:	d1f2      	bne.n	10008318 <DivU64_2+0x12>
10008332:	0022      	movs	r2, r4
10008334:	002b      	movs	r3, r5
10008336:	bc70      	pop	{r4, r5, r6}
10008338:	4770      	bx	lr
1000833a:	0000      	.short	0x0000
1000833c:	d0000000 	.word	0xd0000000

10008340 <SMul64>:
10008340:	4351      	muls	r1, r2
10008342:	4343      	muls	r3, r0
10008344:	18c9      	adds	r1, r1, r3
10008346:	468c      	mov	ip, r1
10008348:	0c11      	lsrs	r1, r2, #16
1000834a:	b283      	uxth	r3, r0
1000834c:	434b      	muls	r3, r1
1000834e:	b410      	push	{r4}
10008350:	0c04      	lsrs	r4, r0, #16
10008352:	4361      	muls	r1, r4
10008354:	b292      	uxth	r2, r2
10008356:	b280      	uxth	r0, r0
10008358:	4350      	muls	r0, r2
1000835a:	4362      	muls	r2, r4
1000835c:	041c      	lsls	r4, r3, #16
1000835e:	0c1b      	lsrs	r3, r3, #16
10008360:	1900      	adds	r0, r0, r4
10008362:	bc10      	pop	{r4}
10008364:	4159      	adcs	r1, r3
10008366:	0413      	lsls	r3, r2, #16
10008368:	0c12      	lsrs	r2, r2, #16
1000836a:	18c0      	adds	r0, r0, r3
1000836c:	4151      	adcs	r1, r2
1000836e:	4461      	add	r1, ip
10008370:	4770      	bx	lr
10008372:	46c0      	nop			@ (mov r8, r8)

10008374 <__wrap___aeabi_memset>:
10008374:	4048      	eors	r0, r1
10008376:	4041      	eors	r1, r0
10008378:	4048      	eors	r0, r1

1000837a <__wrap_memset>:
1000837a:	4b01      	ldr	r3, [pc, #4]	@ (10008380 <__wrap_memset+0x6>)
1000837c:	681b      	ldr	r3, [r3, #0]
1000837e:	4718      	bx	r3
10008380:	20026ce4 	.word	0x20026ce4

10008384 <__wrap___aeabi_memcpy>:
10008384:	4b01      	ldr	r3, [pc, #4]	@ (1000838c <__wrap___aeabi_memcpy+0x8>)
10008386:	681b      	ldr	r3, [r3, #0]
10008388:	4718      	bx	r3
1000838a:	0000      	.short	0x0000
1000838c:	20026ccc 	.word	0x20026ccc

10008390 <BatInit>:
10008390:	b510      	push	{r4, lr}
10008392:	f000 f953 	bl	1000863c <ADC_Init>
10008396:	201d      	movs	r0, #29
10008398:	f000 f96a 	bl	10008670 <ADC_PinInit>
1000839c:	bd10      	pop	{r4, pc}
	...

100083a0 <BatTerm>:
100083a0:	b510      	push	{r4, lr}
100083a2:	201d      	movs	r0, #29
100083a4:	f000 f976 	bl	10008694 <ADC_PinTerm>
100083a8:	2201      	movs	r2, #1
100083aa:	4b01      	ldr	r3, [pc, #4]	@ (100083b0 <BatTerm+0x10>)
100083ac:	601a      	str	r2, [r3, #0]
100083ae:	bd10      	pop	{r4, pc}
100083b0:	4004f000 	.word	0x4004f000

100083b4 <KeyInit>:
100083b4:	b5f8      	push	{r3, r4, r5, r6, r7, lr}
100083b6:	2780      	movs	r7, #128	@ 0x80
100083b8:	2500      	movs	r5, #0
100083ba:	2608      	movs	r6, #8
100083bc:	017f      	lsls	r7, r7, #5
100083be:	4b0d      	ldr	r3, [pc, #52]	@ (100083f4 <KeyInit+0x40>)
100083c0:	5d5c      	ldrb	r4, [r3, r5]
100083c2:	0020      	movs	r0, r4
100083c4:	f000 fdb8 	bl	10008f38 <GPIO_Init>
100083c8:	220c      	movs	r2, #12
100083ca:	4b0b      	ldr	r3, [pc, #44]	@ (100083f8 <KeyInit+0x44>)
100083cc:	18e4      	adds	r4, r4, r3
100083ce:	00a4      	lsls	r4, r4, #2
100083d0:	6823      	ldr	r3, [r4, #0]
100083d2:	433c      	orrs	r4, r7
100083d4:	4073      	eors	r3, r6
100083d6:	4013      	ands	r3, r2
100083d8:	6023      	str	r3, [r4, #0]
100083da:	2300      	movs	r3, #0
100083dc:	4a07      	ldr	r2, [pc, #28]	@ (100083fc <KeyInit+0x48>)
100083de:	5553      	strb	r3, [r2, r5]
100083e0:	3501      	adds	r5, #1
100083e2:	2d08      	cmp	r5, #8
100083e4:	d1eb      	bne.n	100083be <KeyInit+0xa>
100083e6:	4a06      	ldr	r2, [pc, #24]	@ (10008400 <KeyInit+0x4c>)
100083e8:	7013      	strb	r3, [r2, #0]
100083ea:	4a06      	ldr	r2, [pc, #24]	@ (10008404 <KeyInit+0x50>)
100083ec:	7013      	strb	r3, [r2, #0]
100083ee:	4a06      	ldr	r2, [pc, #24]	@ (10008408 <KeyInit+0x54>)
100083f0:	7013      	strb	r3, [r2, #0]
100083f2:	bdf8      	pop	{r3, r4, r5, r6, r7, pc}
100083f4:	10010180 	.word	0x10010180
100083f8:	10007001 	.word	0x10007001
100083fc:	2002849a 	.word	0x2002849a
10008400:	200284a3 	.word	0x200284a3
10008404:	200284a4 	.word	0x200284a4
10008408:	200284a2 	.word	0x200284a2

1000840c <KeyTerm>:
1000840c:	b510      	push	{r4, lr}
1000840e:	2400      	movs	r4, #0
10008410:	4b03      	ldr	r3, [pc, #12]	@ (10008420 <KeyTerm+0x14>)
10008412:	5d18      	ldrb	r0, [r3, r4]
10008414:	3401      	adds	r4, #1
10008416:	f000 fd5f 	bl	10008ed8 <GPIO_Reset>
1000841a:	2c08      	cmp	r4, #8
1000841c:	d1f8      	bne.n	10008410 <KeyTerm+0x4>
1000841e:	bd10      	pop	{r4, pc}
10008420:	10010180 	.word	0x10010180

10008424 <KeyWriteKey>:
10008424:	b510      	push	{r4, lr}
10008426:	4a09      	ldr	r2, [pc, #36]	@ (1000844c <KeyWriteKey+0x28>)
10008428:	7813      	ldrb	r3, [r2, #0]
1000842a:	b2d9      	uxtb	r1, r3
1000842c:	3301      	adds	r3, #1
1000842e:	b2db      	uxtb	r3, r3
10008430:	2b0f      	cmp	r3, #15
10008432:	d900      	bls.n	10008436 <KeyWriteKey+0x12>
10008434:	2300      	movs	r3, #0
10008436:	f3bf 8f5f 	dmb	sy
1000843a:	4c05      	ldr	r4, [pc, #20]	@ (10008450 <KeyWriteKey+0x2c>)
1000843c:	7824      	ldrb	r4, [r4, #0]
1000843e:	429c      	cmp	r4, r3
10008440:	d002      	beq.n	10008448 <KeyWriteKey+0x24>
10008442:	4c04      	ldr	r4, [pc, #16]	@ (10008454 <KeyWriteKey+0x30>)
10008444:	7013      	strb	r3, [r2, #0]
10008446:	5460      	strb	r0, [r4, r1]
10008448:	bd10      	pop	{r4, pc}
1000844a:	46c0      	nop			@ (mov r8, r8)
1000844c:	200284a4 	.word	0x200284a4
10008450:	200284a2 	.word	0x200284a2
10008454:	20028461 	.word	0x20028461

10008458 <KeyScan>:
10008458:	b5f7      	push	{r0, r1, r2, r4, r5, r6, r7, lr}
1000845a:	4b1f      	ldr	r3, [pc, #124]	@ (100084d8 <KeyScan+0x80>)
1000845c:	2401      	movs	r4, #1
1000845e:	6a9b      	ldr	r3, [r3, #40]	@ 0x28
10008460:	4e1e      	ldr	r6, [pc, #120]	@ (100084dc <KeyScan+0x84>)
10008462:	0a9b      	lsrs	r3, r3, #10
10008464:	9301      	str	r3, [sp, #4]
10008466:	466b      	mov	r3, sp
10008468:	4d1d      	ldr	r5, [pc, #116]	@ (100084e0 <KeyScan+0x88>)
1000846a:	889f      	ldrh	r7, [r3, #4]
1000846c:	23d0      	movs	r3, #208	@ 0xd0
1000846e:	491d      	ldr	r1, [pc, #116]	@ (100084e4 <KeyScan+0x8c>)
10008470:	061b      	lsls	r3, r3, #24
10008472:	5d09      	ldrb	r1, [r1, r4]
10008474:	685b      	ldr	r3, [r3, #4]
10008476:	2001      	movs	r0, #1
10008478:	40cb      	lsrs	r3, r1
1000847a:	1e62      	subs	r2, r4, #1
1000847c:	491a      	ldr	r1, [pc, #104]	@ (100084e8 <KeyScan+0x90>)
1000847e:	4203      	tst	r3, r0
10008480:	d119      	bne.n	100084b6 <KeyScan+0x5e>
10008482:	5c8b      	ldrb	r3, [r1, r2]
10008484:	2b00      	cmp	r3, #0
10008486:	d10e      	bne.n	100084a6 <KeyScan+0x4e>
10008488:	003b      	movs	r3, r7
1000848a:	332d      	adds	r3, #45	@ 0x2d
1000848c:	33ff      	adds	r3, #255	@ 0xff
1000848e:	802b      	strh	r3, [r5, #0]
10008490:	5488      	strb	r0, [r1, r2]
10008492:	b2e0      	uxtb	r0, r4
10008494:	f7ff ffc6 	bl	10008424 <KeyWriteKey>
10008498:	8037      	strh	r7, [r6, #0]
1000849a:	3401      	adds	r4, #1
1000849c:	3602      	adds	r6, #2
1000849e:	3502      	adds	r5, #2
100084a0:	2c09      	cmp	r4, #9
100084a2:	d1e3      	bne.n	1000846c <KeyScan+0x14>
100084a4:	bdf7      	pop	{r0, r1, r2, r4, r5, r6, r7, pc}
100084a6:	466b      	mov	r3, sp
100084a8:	882a      	ldrh	r2, [r5, #0]
100084aa:	889b      	ldrh	r3, [r3, #4]
100084ac:	1a9b      	subs	r3, r3, r2
100084ae:	2b63      	cmp	r3, #99	@ 0x63
100084b0:	ddf2      	ble.n	10008498 <KeyScan+0x40>
100084b2:	802f      	strh	r7, [r5, #0]
100084b4:	e7ed      	b.n	10008492 <KeyScan+0x3a>
100084b6:	5c8b      	ldrb	r3, [r1, r2]
100084b8:	2b00      	cmp	r3, #0
100084ba:	d0ee      	beq.n	1000849a <KeyScan+0x42>
100084bc:	8833      	ldrh	r3, [r6, #0]
100084be:	1afb      	subs	r3, r7, r3
100084c0:	b21b      	sxth	r3, r3
100084c2:	2b31      	cmp	r3, #49	@ 0x31
100084c4:	dde9      	ble.n	1000849a <KeyScan+0x42>
100084c6:	2080      	movs	r0, #128	@ 0x80
100084c8:	2300      	movs	r3, #0
100084ca:	4240      	negs	r0, r0
100084cc:	4320      	orrs	r0, r4
100084ce:	b2c0      	uxtb	r0, r0
100084d0:	548b      	strb	r3, [r1, r2]
100084d2:	f7ff ffa7 	bl	10008424 <KeyWriteKey>
100084d6:	e7e0      	b.n	1000849a <KeyScan+0x42>
100084d8:	40054000 	.word	0x40054000
100084dc:	200282ca 	.word	0x200282ca
100084e0:	200282ba 	.word	0x200282ba
100084e4:	1001017f 	.word	0x1001017f
100084e8:	2002849a 	.word	0x2002849a

100084ec <KeyPressed>:
100084ec:	237f      	movs	r3, #127	@ 0x7f
100084ee:	4003      	ands	r3, r0
100084f0:	3b01      	subs	r3, #1
100084f2:	b2da      	uxtb	r2, r3
100084f4:	2000      	movs	r0, #0
100084f6:	2a07      	cmp	r2, #7
100084f8:	d802      	bhi.n	10008500 <KeyPressed+0x14>
100084fa:	4a02      	ldr	r2, [pc, #8]	@ (10008504 <KeyPressed+0x18>)
100084fc:	5cd0      	ldrb	r0, [r2, r3]
100084fe:	b2c0      	uxtb	r0, r0
10008500:	4770      	bx	lr
10008502:	46c0      	nop			@ (mov r8, r8)
10008504:	2002849a 	.word	0x2002849a

10008508 <KeyGetRel>:
10008508:	4b0c      	ldr	r3, [pc, #48]	@ (1000853c <KeyGetRel+0x34>)
1000850a:	7818      	ldrb	r0, [r3, #0]
1000850c:	2800      	cmp	r0, #0
1000850e:	d002      	beq.n	10008516 <KeyGetRel+0xe>
10008510:	2200      	movs	r2, #0
10008512:	701a      	strb	r2, [r3, #0]
10008514:	4770      	bx	lr
10008516:	4a0a      	ldr	r2, [pc, #40]	@ (10008540 <KeyGetRel+0x38>)
10008518:	7813      	ldrb	r3, [r2, #0]
1000851a:	b2db      	uxtb	r3, r3
1000851c:	f3bf 8f5f 	dmb	sy
10008520:	4908      	ldr	r1, [pc, #32]	@ (10008544 <KeyGetRel+0x3c>)
10008522:	7809      	ldrb	r1, [r1, #0]
10008524:	428b      	cmp	r3, r1
10008526:	d0f5      	beq.n	10008514 <KeyGetRel+0xc>
10008528:	4907      	ldr	r1, [pc, #28]	@ (10008548 <KeyGetRel+0x40>)
1000852a:	5cc9      	ldrb	r1, [r1, r3]
1000852c:	3301      	adds	r3, #1
1000852e:	b2db      	uxtb	r3, r3
10008530:	2b0f      	cmp	r3, #15
10008532:	d800      	bhi.n	10008536 <KeyGetRel+0x2e>
10008534:	0018      	movs	r0, r3
10008536:	7010      	strb	r0, [r2, #0]
10008538:	0008      	movs	r0, r1
1000853a:	e7eb      	b.n	10008514 <KeyGetRel+0xc>
1000853c:	200284a3 	.word	0x200284a3
10008540:	200284a2 	.word	0x200284a2
10008544:	200284a4 	.word	0x200284a4
10008548:	20028461 	.word	0x20028461

1000854c <KeyGet>:
1000854c:	b510      	push	{r4, lr}
1000854e:	f7ff ffdb 	bl	10008508 <KeyGetRel>
10008552:	b243      	sxtb	r3, r0
10008554:	2b00      	cmp	r3, #0
10008556:	dbfa      	blt.n	1000854e <KeyGet+0x2>
10008558:	bd10      	pop	{r4, pc}
	...

1000855c <KeyNoPressed>:
1000855c:	2300      	movs	r3, #0
1000855e:	4a05      	ldr	r2, [pc, #20]	@ (10008574 <KeyNoPressed+0x18>)
10008560:	5cd1      	ldrb	r1, [r2, r3]
10008562:	2900      	cmp	r1, #0
10008564:	d104      	bne.n	10008570 <KeyNoPressed+0x14>
10008566:	3301      	adds	r3, #1
10008568:	2b08      	cmp	r3, #8
1000856a:	d1f9      	bne.n	10008560 <KeyNoPressed+0x4>
1000856c:	2001      	movs	r0, #1
1000856e:	4770      	bx	lr
10008570:	2000      	movs	r0, #0
10008572:	e7fc      	b.n	1000856e <KeyNoPressed+0x12>
10008574:	2002849a 	.word	0x2002849a

10008578 <KeyWaitNoPressed>:
10008578:	b510      	push	{r4, lr}
1000857a:	f7ff ffef 	bl	1000855c <KeyNoPressed>
1000857e:	2800      	cmp	r0, #0
10008580:	d0fb      	beq.n	1000857a <KeyWaitNoPressed+0x2>
10008582:	bd10      	pop	{r4, pc}

10008584 <LedInit>:
10008584:	b5f8      	push	{r3, r4, r5, r6, r7, lr}
10008586:	27d0      	movs	r7, #208	@ 0xd0
10008588:	2400      	movs	r4, #0
1000858a:	2601      	movs	r6, #1
1000858c:	4d11      	ldr	r5, [pc, #68]	@ (100085d4 <LedInit+0x50>)
1000858e:	063f      	lsls	r7, r7, #24
10008590:	7828      	ldrb	r0, [r5, #0]
10008592:	f000 fcd1 	bl	10008f38 <GPIO_Init>
10008596:	0032      	movs	r2, r6
10008598:	782b      	ldrb	r3, [r5, #0]
1000859a:	409a      	lsls	r2, r3
1000859c:	627a      	str	r2, [r7, #36]	@ 0x24
1000859e:	4a0e      	ldr	r2, [pc, #56]	@ (100085d8 <LedInit+0x54>)
100085a0:	5d12      	ldrb	r2, [r2, r4]
100085a2:	2a00      	cmp	r2, #0
100085a4:	d00d      	beq.n	100085c2 <LedInit+0x3e>
100085a6:	4a0d      	ldr	r2, [pc, #52]	@ (100085dc <LedInit+0x58>)
100085a8:	00db      	lsls	r3, r3, #3
100085aa:	189b      	adds	r3, r3, r2
100085ac:	2280      	movs	r2, #128	@ 0x80
100085ae:	0152      	lsls	r2, r2, #5
100085b0:	6819      	ldr	r1, [r3, #0]
100085b2:	431a      	orrs	r2, r3
100085b4:	2380      	movs	r3, #128	@ 0x80
100085b6:	005b      	lsls	r3, r3, #1
100085b8:	404b      	eors	r3, r1
100085ba:	21c0      	movs	r1, #192	@ 0xc0
100085bc:	0089      	lsls	r1, r1, #2
100085be:	400b      	ands	r3, r1
100085c0:	6013      	str	r3, [r2, #0]
100085c2:	b2e0      	uxtb	r0, r4
100085c4:	f006 ff04 	bl	1000f3d0 <__LedOff_veneer>
100085c8:	1c63      	adds	r3, r4, #1
100085ca:	3501      	adds	r5, #1
100085cc:	0034      	movs	r4, r6
100085ce:	2b02      	cmp	r3, #2
100085d0:	d1de      	bne.n	10008590 <LedInit+0xc>
100085d2:	bdf8      	pop	{r3, r4, r5, r6, r7, pc}
100085d4:	20000faa 	.word	0x20000faa
100085d8:	20000fa8 	.word	0x20000fa8
100085dc:	40014004 	.word	0x40014004

100085e0 <LedTerm>:
100085e0:	b510      	push	{r4, lr}
100085e2:	4c04      	ldr	r4, [pc, #16]	@ (100085f4 <LedTerm+0x14>)
100085e4:	7820      	ldrb	r0, [r4, #0]
100085e6:	f000 fc77 	bl	10008ed8 <GPIO_Reset>
100085ea:	7860      	ldrb	r0, [r4, #1]
100085ec:	f000 fc74 	bl	10008ed8 <GPIO_Reset>
100085f0:	bd10      	pop	{r4, pc}
100085f2:	46c0      	nop			@ (mov r8, r8)
100085f4:	20000faa 	.word	0x20000faa

100085f8 <DeviceInit>:
100085f8:	b510      	push	{r4, lr}
100085fa:	f7ff ffc3 	bl	10008584 <LedInit>
100085fe:	2001      	movs	r0, #1
10008600:	f005 ffcc 	bl	1000e59c <DispInit>
10008604:	f7ff fed6 	bl	100083b4 <KeyInit>
10008608:	f7ff fec2 	bl	10008390 <BatInit>
1000860c:	f005 f9c8 	bl	1000d9a0 <PWMSndInit>
10008610:	f005 fc40 	bl	1000de94 <SDInit>
10008614:	bd10      	pop	{r4, pc}

10008616 <DeviceTerm>:
10008616:	b510      	push	{r4, lr}
10008618:	f7ff ffe2 	bl	100085e0 <LedTerm>
1000861c:	f006 f854 	bl	1000e6c8 <DispTerm>
10008620:	f7ff fef4 	bl	1000840c <KeyTerm>
10008624:	f7ff febc 	bl	100083a0 <BatTerm>
10008628:	f005 fa4a 	bl	1000dac0 <PWMSndTerm>
1000862c:	f005 fc7c 	bl	1000df28 <SDTerm>
10008630:	bd10      	pop	{r4, pc}

10008632 <ADC_Term>:
10008632:	b510      	push	{r4, lr}
10008634:	2001      	movs	r0, #1
10008636:	f000 ff41 	bl	100094bc <ResetPeripheryMask>
1000863a:	bd10      	pop	{r4, pc}

1000863c <ADC_Init>:
1000863c:	b510      	push	{r4, lr}
1000863e:	f7ff fff8 	bl	10008632 <ADC_Term>
10008642:	2300      	movs	r3, #0
10008644:	4a06      	ldr	r2, [pc, #24]	@ (10008660 <ADC_Init+0x24>)
10008646:	6013      	str	r3, [r2, #0]
10008648:	4a06      	ldr	r2, [pc, #24]	@ (10008664 <ADC_Init+0x28>)
1000864a:	6013      	str	r3, [r2, #0]
1000864c:	4a06      	ldr	r2, [pc, #24]	@ (10008668 <ADC_Init+0x2c>)
1000864e:	6013      	str	r3, [r2, #0]
10008650:	2201      	movs	r2, #1
10008652:	4b06      	ldr	r3, [pc, #24]	@ (1000866c <ADC_Init+0x30>)
10008654:	601a      	str	r2, [r3, #0]
10008656:	32ff      	adds	r2, #255	@ 0xff
10008658:	6819      	ldr	r1, [r3, #0]
1000865a:	4211      	tst	r1, r2
1000865c:	d0fc      	beq.n	10008658 <ADC_Init+0x1c>
1000865e:	bd10      	pop	{r4, pc}
10008660:	20001418 	.word	0x20001418
10008664:	20001414 	.word	0x20001414
10008668:	20001410 	.word	0x20001410
1000866c:	4004c000 	.word	0x4004c000

10008670 <ADC_PinInit>:
10008670:	b510      	push	{r4, lr}
10008672:	0004      	movs	r4, r0
10008674:	211f      	movs	r1, #31
10008676:	f000 fbe7 	bl	10008e48 <GPIO_Fnc>
1000867a:	4b05      	ldr	r3, [pc, #20]	@ (10008690 <ADC_PinInit+0x20>)
1000867c:	220c      	movs	r2, #12
1000867e:	18e4      	adds	r4, r4, r3
10008680:	23c0      	movs	r3, #192	@ 0xc0
10008682:	00a4      	lsls	r4, r4, #2
10008684:	019b      	lsls	r3, r3, #6
10008686:	4323      	orrs	r3, r4
10008688:	601a      	str	r2, [r3, #0]
1000868a:	3234      	adds	r2, #52	@ 0x34
1000868c:	601a      	str	r2, [r3, #0]
1000868e:	bd10      	pop	{r4, pc}
10008690:	10007001 	.word	0x10007001

10008694 <ADC_PinTerm>:
10008694:	b510      	push	{r4, lr}
10008696:	f000 fc1f 	bl	10008ed8 <GPIO_Reset>
1000869a:	bd10      	pop	{r4, pc}

1000869c <RomFunc>:
1000869c:	2314      	movs	r3, #20
1000869e:	b510      	push	{r4, lr}
100086a0:	0001      	movs	r1, r0
100086a2:	8818      	ldrh	r0, [r3, #0]
100086a4:	3304      	adds	r3, #4
100086a6:	881b      	ldrh	r3, [r3, #0]
100086a8:	4798      	blx	r3
100086aa:	bd10      	pop	{r4, pc}

100086ac <RomData>:
100086ac:	2316      	movs	r3, #22
100086ae:	b510      	push	{r4, lr}
100086b0:	0001      	movs	r1, r0
100086b2:	8818      	ldrh	r0, [r3, #0]
100086b4:	3302      	adds	r3, #2
100086b6:	881b      	ldrh	r3, [r3, #0]
100086b8:	4798      	blx	r3
100086ba:	bd10      	pop	{r4, pc}

100086bc <RomFncInit>:
100086bc:	b510      	push	{r4, lr}
100086be:	4828      	ldr	r0, [pc, #160]	@ (10008760 <RomFncInit+0xa4>)
100086c0:	f7ff ffec 	bl	1000869c <RomFunc>
100086c4:	4b27      	ldr	r3, [pc, #156]	@ (10008764 <RomFncInit+0xa8>)
100086c6:	6018      	str	r0, [r3, #0]
100086c8:	4827      	ldr	r0, [pc, #156]	@ (10008768 <RomFncInit+0xac>)
100086ca:	f7ff ffe7 	bl	1000869c <RomFunc>
100086ce:	4b27      	ldr	r3, [pc, #156]	@ (1000876c <RomFncInit+0xb0>)
100086d0:	6018      	str	r0, [r3, #0]
100086d2:	4827      	ldr	r0, [pc, #156]	@ (10008770 <RomFncInit+0xb4>)
100086d4:	f7ff ffe2 	bl	1000869c <RomFunc>
100086d8:	4b26      	ldr	r3, [pc, #152]	@ (10008774 <RomFncInit+0xb8>)
100086da:	6018      	str	r0, [r3, #0]
100086dc:	4826      	ldr	r0, [pc, #152]	@ (10008778 <RomFncInit+0xbc>)
100086de:	f7ff ffdd 	bl	1000869c <RomFunc>
100086e2:	4b26      	ldr	r3, [pc, #152]	@ (1000877c <RomFncInit+0xc0>)
100086e4:	6018      	str	r0, [r3, #0]
100086e6:	4826      	ldr	r0, [pc, #152]	@ (10008780 <RomFncInit+0xc4>)
100086e8:	f7ff ffd8 	bl	1000869c <RomFunc>
100086ec:	4b25      	ldr	r3, [pc, #148]	@ (10008784 <RomFncInit+0xc8>)
100086ee:	6018      	str	r0, [r3, #0]
100086f0:	4825      	ldr	r0, [pc, #148]	@ (10008788 <RomFncInit+0xcc>)
100086f2:	f7ff ffd3 	bl	1000869c <RomFunc>
100086f6:	4b25      	ldr	r3, [pc, #148]	@ (1000878c <RomFncInit+0xd0>)
100086f8:	6018      	str	r0, [r3, #0]
100086fa:	4825      	ldr	r0, [pc, #148]	@ (10008790 <RomFncInit+0xd4>)
100086fc:	f7ff ffce 	bl	1000869c <RomFunc>
10008700:	4b24      	ldr	r3, [pc, #144]	@ (10008794 <RomFncInit+0xd8>)
10008702:	6018      	str	r0, [r3, #0]
10008704:	4824      	ldr	r0, [pc, #144]	@ (10008798 <RomFncInit+0xdc>)
10008706:	f7ff ffc9 	bl	1000869c <RomFunc>
1000870a:	4b24      	ldr	r3, [pc, #144]	@ (1000879c <RomFncInit+0xe0>)
1000870c:	6018      	str	r0, [r3, #0]
1000870e:	4824      	ldr	r0, [pc, #144]	@ (100087a0 <RomFncInit+0xe4>)
10008710:	f7ff ffc4 	bl	1000869c <RomFunc>
10008714:	4b23      	ldr	r3, [pc, #140]	@ (100087a4 <RomFncInit+0xe8>)
10008716:	6018      	str	r0, [r3, #0]
10008718:	4823      	ldr	r0, [pc, #140]	@ (100087a8 <RomFncInit+0xec>)
1000871a:	f7ff ffbf 	bl	1000869c <RomFunc>
1000871e:	4b23      	ldr	r3, [pc, #140]	@ (100087ac <RomFncInit+0xf0>)
10008720:	6018      	str	r0, [r3, #0]
10008722:	4823      	ldr	r0, [pc, #140]	@ (100087b0 <RomFncInit+0xf4>)
10008724:	f7ff ffba 	bl	1000869c <RomFunc>
10008728:	4b22      	ldr	r3, [pc, #136]	@ (100087b4 <RomFncInit+0xf8>)
1000872a:	6018      	str	r0, [r3, #0]
1000872c:	4822      	ldr	r0, [pc, #136]	@ (100087b8 <RomFncInit+0xfc>)
1000872e:	f7ff ffb5 	bl	1000869c <RomFunc>
10008732:	4b22      	ldr	r3, [pc, #136]	@ (100087bc <RomFncInit+0x100>)
10008734:	6018      	str	r0, [r3, #0]
10008736:	4822      	ldr	r0, [pc, #136]	@ (100087c0 <RomFncInit+0x104>)
10008738:	f7ff ffb0 	bl	1000869c <RomFunc>
1000873c:	4b21      	ldr	r3, [pc, #132]	@ (100087c4 <RomFncInit+0x108>)
1000873e:	6018      	str	r0, [r3, #0]
10008740:	4821      	ldr	r0, [pc, #132]	@ (100087c8 <RomFncInit+0x10c>)
10008742:	f7ff ffab 	bl	1000869c <RomFunc>
10008746:	4b21      	ldr	r3, [pc, #132]	@ (100087cc <RomFncInit+0x110>)
10008748:	6018      	str	r0, [r3, #0]
1000874a:	4821      	ldr	r0, [pc, #132]	@ (100087d0 <RomFncInit+0x114>)
1000874c:	f7ff ffa6 	bl	1000869c <RomFunc>
10008750:	4b20      	ldr	r3, [pc, #128]	@ (100087d4 <RomFncInit+0x118>)
10008752:	6018      	str	r0, [r3, #0]
10008754:	4820      	ldr	r0, [pc, #128]	@ (100087d8 <RomFncInit+0x11c>)
10008756:	f7ff ffa1 	bl	1000869c <RomFunc>
1000875a:	4b20      	ldr	r3, [pc, #128]	@ (100087dc <RomFncInit+0x120>)
1000875c:	6018      	str	r0, [r3, #0]
1000875e:	bd10      	pop	{r4, pc}
10008760:	00003350 	.word	0x00003350
10008764:	200282b0 	.word	0x200282b0
10008768:	00003352 	.word	0x00003352
1000876c:	200282b4 	.word	0x200282b4
10008770:	0000334c 	.word	0x0000334c
10008774:	20027864 	.word	0x20027864
10008778:	00003354 	.word	0x00003354
1000877c:	20027868 	.word	0x20027868
10008780:	0000534d 	.word	0x0000534d
10008784:	20026ce4 	.word	0x20026ce4
10008788:	00003453 	.word	0x00003453
1000878c:	20026ce8 	.word	0x20026ce8
10008790:	0000434d 	.word	0x0000434d
10008794:	20026ccc 	.word	0x20026ccc
10008798:	00003443 	.word	0x00003443
1000879c:	20026cd0 	.word	0x20026cd0
100087a0:	00004255 	.word	0x00004255
100087a4:	20026df0 	.word	0x20026df0
100087a8:	00005657 	.word	0x00005657
100087ac:	2002785c 	.word	0x2002785c
100087b0:	00004649 	.word	0x00004649
100087b4:	200014ac 	.word	0x200014ac
100087b8:	00005845 	.word	0x00005845
100087bc:	200014a4 	.word	0x200014a4
100087c0:	00004552 	.word	0x00004552
100087c4:	20026de8 	.word	0x20026de8
100087c8:	00005052 	.word	0x00005052
100087cc:	20026dec 	.word	0x20026dec
100087d0:	00004346 	.word	0x00004346
100087d4:	200014a8 	.word	0x200014a8
100087d8:	00005843 	.word	0x00005843
100087dc:	200014a0 	.word	0x200014a0

100087e0 <ClockSetup>:
100087e0:	b5f0      	push	{r4, r5, r6, r7, lr}
100087e2:	0005      	movs	r5, r0
100087e4:	b085      	sub	sp, #20
100087e6:	2000      	movs	r0, #0
100087e8:	2d09      	cmp	r5, #9
100087ea:	d868      	bhi.n	100088be <ClockSetup+0xde>
100087ec:	4283      	cmp	r3, r0
100087ee:	d102      	bne.n	100087f6 <ClockSetup+0x16>
100087f0:	4b46      	ldr	r3, [pc, #280]	@ (1000890c <ClockSetup+0x12c>)
100087f2:	0088      	lsls	r0, r1, #2
100087f4:	58c3      	ldr	r3, [r0, r3]
100087f6:	2a00      	cmp	r2, #0
100087f8:	d063      	beq.n	100088c2 <ClockSetup+0xe2>
100087fa:	2000      	movs	r0, #0
100087fc:	4293      	cmp	r3, r2
100087fe:	d35e      	bcc.n	100088be <ClockSetup+0xde>
10008800:	1f0e      	subs	r6, r1, #4
10008802:	2000      	movs	r0, #0
10008804:	2e0b      	cmp	r6, #11
10008806:	d85a      	bhi.n	100088be <ClockSetup+0xde>
10008808:	1ee8      	subs	r0, r5, #3
1000880a:	4c41      	ldr	r4, [pc, #260]	@ (10008910 <ClockSetup+0x130>)
1000880c:	2804      	cmp	r0, #4
1000880e:	dd5a      	ble.n	100088c6 <ClockSetup+0xe6>
10008810:	2004      	movs	r0, #4
10008812:	270c      	movs	r7, #12
10008814:	4378      	muls	r0, r7
10008816:	1820      	adds	r0, r4, r0
10008818:	5784      	ldrsb	r4, [r0, r6]
1000881a:	2000      	movs	r0, #0
1000881c:	4284      	cmp	r4, r0
1000881e:	db4e      	blt.n	100088be <ClockSetup+0xde>
10008820:	483c      	ldr	r0, [pc, #240]	@ (10008914 <ClockSetup+0x134>)
10008822:	5541      	strb	r1, [r0, r5]
10008824:	211f      	movs	r1, #31
10008826:	4021      	ands	r1, r4
10008828:	9102      	str	r1, [sp, #8]
1000882a:	2100      	movs	r1, #0
1000882c:	9103      	str	r1, [sp, #12]
1000882e:	0664      	lsls	r4, r4, #25
10008830:	d403      	bmi.n	1000883a <ClockSetup+0x5a>
10008832:	9902      	ldr	r1, [sp, #8]
10008834:	9103      	str	r1, [sp, #12]
10008836:	2101      	movs	r1, #1
10008838:	9102      	str	r1, [sp, #8]
1000883a:	240c      	movs	r4, #12
1000883c:	2700      	movs	r7, #0
1000883e:	436c      	muls	r4, r5
10008840:	4935      	ldr	r1, [pc, #212]	@ (10008918 <ClockSetup+0x138>)
10008842:	0856      	lsrs	r6, r2, #1
10008844:	1864      	adds	r4, r4, r1
10008846:	0e19      	lsrs	r1, r3, #24
10008848:	021b      	lsls	r3, r3, #8
1000884a:	9300      	str	r3, [sp, #0]
1000884c:	9101      	str	r1, [sp, #4]
1000884e:	003b      	movs	r3, r7
10008850:	9800      	ldr	r0, [sp, #0]
10008852:	9901      	ldr	r1, [sp, #4]
10008854:	1980      	adds	r0, r0, r6
10008856:	4179      	adcs	r1, r7
10008858:	f7ff fd0e 	bl	10008278 <DivU64>
1000885c:	6863      	ldr	r3, [r4, #4]
1000885e:	0006      	movs	r6, r0
10008860:	4283      	cmp	r3, r0
10008862:	d200      	bcs.n	10008866 <ClockSetup+0x86>
10008864:	6060      	str	r0, [r4, #4]
10008866:	23c0      	movs	r3, #192	@ 0xc0
10008868:	1f2f      	subs	r7, r5, #4
1000886a:	019b      	lsls	r3, r3, #6
1000886c:	4323      	orrs	r3, r4
1000886e:	2f01      	cmp	r7, #1
10008870:	d82d      	bhi.n	100088ce <ClockSetup+0xee>
10008872:	9a02      	ldr	r2, [sp, #8]
10008874:	2a01      	cmp	r2, #1
10008876:	d12a      	bne.n	100088ce <ClockSetup+0xee>
10008878:	3202      	adds	r2, #2
1000887a:	601a      	str	r2, [r3, #0]
1000887c:	9b02      	ldr	r3, [sp, #8]
1000887e:	68a2      	ldr	r2, [r4, #8]
10008880:	421a      	tst	r2, r3
10008882:	d0fc      	beq.n	1000887e <ClockSetup+0x9e>
10008884:	9b03      	ldr	r3, [sp, #12]
10008886:	6821      	ldr	r1, [r4, #0]
10008888:	015b      	lsls	r3, r3, #5
1000888a:	404b      	eors	r3, r1
1000888c:	2280      	movs	r2, #128	@ 0x80
1000888e:	21f0      	movs	r1, #240	@ 0xf0
10008890:	0152      	lsls	r2, r2, #5
10008892:	0049      	lsls	r1, r1, #1
10008894:	4322      	orrs	r2, r4
10008896:	400b      	ands	r3, r1
10008898:	6013      	str	r3, [r2, #0]
1000889a:	2f01      	cmp	r7, #1
1000889c:	d928      	bls.n	100088f0 <ClockSetup+0x110>
1000889e:	9800      	ldr	r0, [sp, #0]
100088a0:	9901      	ldr	r1, [sp, #4]
100088a2:	2380      	movs	r3, #128	@ 0x80
100088a4:	2280      	movs	r2, #128	@ 0x80
100088a6:	019b      	lsls	r3, r3, #6
100088a8:	4323      	orrs	r3, r4
100088aa:	0112      	lsls	r2, r2, #4
100088ac:	6066      	str	r6, [r4, #4]
100088ae:	601a      	str	r2, [r3, #0]
100088b0:	2300      	movs	r3, #0
100088b2:	0032      	movs	r2, r6
100088b4:	f7ff fce0 	bl	10008278 <DivU64>
100088b8:	4b14      	ldr	r3, [pc, #80]	@ (1000890c <ClockSetup+0x12c>)
100088ba:	00ad      	lsls	r5, r5, #2
100088bc:	50e8      	str	r0, [r5, r3]
100088be:	b005      	add	sp, #20
100088c0:	bdf0      	pop	{r4, r5, r6, r7, pc}
100088c2:	001a      	movs	r2, r3
100088c4:	e79c      	b.n	10008800 <ClockSetup+0x20>
100088c6:	43c7      	mvns	r7, r0
100088c8:	17ff      	asrs	r7, r7, #31
100088ca:	4038      	ands	r0, r7
100088cc:	e7a1      	b.n	10008812 <ClockSetup+0x32>
100088ce:	2280      	movs	r2, #128	@ 0x80
100088d0:	0112      	lsls	r2, r2, #4
100088d2:	601a      	str	r2, [r3, #0]
100088d4:	4b0d      	ldr	r3, [pc, #52]	@ (1000890c <ClockSetup+0x12c>)
100088d6:	00aa      	lsls	r2, r5, #2
100088d8:	58d1      	ldr	r1, [r2, r3]
100088da:	2900      	cmp	r1, #0
100088dc:	d0d2      	beq.n	10008884 <ClockSetup+0xa4>
100088de:	6958      	ldr	r0, [r3, #20]
100088e0:	2303      	movs	r3, #3
100088e2:	4358      	muls	r0, r3
100088e4:	f7ff fcb6 	bl	10008254 <DivU32>
100088e8:	3001      	adds	r0, #1
100088ea:	3803      	subs	r0, #3
100088ec:	d2fd      	bcs.n	100088ea <ClockSetup+0x10a>
100088ee:	e7c9      	b.n	10008884 <ClockSetup+0xa4>
100088f0:	6823      	ldr	r3, [r4, #0]
100088f2:	9902      	ldr	r1, [sp, #8]
100088f4:	404b      	eors	r3, r1
100088f6:	2103      	movs	r1, #3
100088f8:	400b      	ands	r3, r1
100088fa:	6013      	str	r3, [r2, #0]
100088fc:	2301      	movs	r3, #1
100088fe:	9a02      	ldr	r2, [sp, #8]
10008900:	4093      	lsls	r3, r2
10008902:	68a2      	ldr	r2, [r4, #8]
10008904:	4213      	tst	r3, r2
10008906:	d0fc      	beq.n	10008902 <ClockSetup+0x122>
10008908:	e7c9      	b.n	1000889e <ClockSetup+0xbe>
1000890a:	46c0      	nop			@ (mov r8, r8)
1000890c:	2000144c 	.word	0x2000144c
10008910:	10010188 	.word	0x10010188
10008914:	20028415 	.word	0x20028415
10008918:	40008000 	.word	0x40008000

1000891c <ClockInit>:
1000891c:	b510      	push	{r4, lr}
1000891e:	2240      	movs	r2, #64	@ 0x40
10008920:	2100      	movs	r1, #0
10008922:	4827      	ldr	r0, [pc, #156]	@ (100089c0 <ClockInit+0xa4>)
10008924:	f7ff fd29 	bl	1000837a <__wrap_memset>
10008928:	2100      	movs	r1, #0
1000892a:	2210      	movs	r2, #16
1000892c:	4825      	ldr	r0, [pc, #148]	@ (100089c4 <ClockInit+0xa8>)
1000892e:	f7ff fd24 	bl	1000837a <__wrap_memset>
10008932:	2200      	movs	r2, #0
10008934:	4b24      	ldr	r3, [pc, #144]	@ (100089c8 <ClockInit+0xac>)
10008936:	601a      	str	r2, [r3, #0]
10008938:	f000 fdd4 	bl	100094e4 <RoscInit>
1000893c:	f001 f8ee 	bl	10009b1c <XoscInit>
10008940:	200c      	movs	r0, #12
10008942:	f001 f891 	bl	10009a68 <WatchdogStart>
10008946:	2203      	movs	r2, #3
10008948:	4b20      	ldr	r3, [pc, #128]	@ (100089cc <ClockInit+0xb0>)
1000894a:	4921      	ldr	r1, [pc, #132]	@ (100089d0 <ClockInit+0xb4>)
1000894c:	601a      	str	r2, [r3, #0]
1000894e:	2301      	movs	r3, #1
10008950:	680a      	ldr	r2, [r1, #0]
10008952:	421a      	tst	r2, r3
10008954:	d0fc      	beq.n	10008950 <ClockInit+0x34>
10008956:	2203      	movs	r2, #3
10008958:	4b1e      	ldr	r3, [pc, #120]	@ (100089d4 <ClockInit+0xb8>)
1000895a:	491f      	ldr	r1, [pc, #124]	@ (100089d8 <ClockInit+0xbc>)
1000895c:	601a      	str	r2, [r3, #0]
1000895e:	2301      	movs	r3, #1
10008960:	680a      	ldr	r2, [r1, #0]
10008962:	421a      	tst	r2, r3
10008964:	d0fc      	beq.n	10008960 <ClockInit+0x44>
10008966:	491d      	ldr	r1, [pc, #116]	@ (100089dc <ClockInit+0xc0>)
10008968:	2000      	movs	r0, #0
1000896a:	f000 fcad 	bl	100092c8 <PllSetFreq>
1000896e:	491c      	ldr	r1, [pc, #112]	@ (100089e0 <ClockInit+0xc4>)
10008970:	2001      	movs	r0, #1
10008972:	f000 fca9 	bl	100092c8 <PllSetFreq>
10008976:	2300      	movs	r3, #0
10008978:	210b      	movs	r1, #11
1000897a:	001a      	movs	r2, r3
1000897c:	2004      	movs	r0, #4
1000897e:	f7ff ff2f 	bl	100087e0 <ClockSetup>
10008982:	2300      	movs	r3, #0
10008984:	210c      	movs	r1, #12
10008986:	001a      	movs	r2, r3
10008988:	2005      	movs	r0, #5
1000898a:	f7ff ff29 	bl	100087e0 <ClockSetup>
1000898e:	2300      	movs	r3, #0
10008990:	210d      	movs	r1, #13
10008992:	4a14      	ldr	r2, [pc, #80]	@ (100089e4 <ClockInit+0xc8>)
10008994:	2007      	movs	r0, #7
10008996:	f7ff ff23 	bl	100087e0 <ClockSetup>
1000899a:	2300      	movs	r3, #0
1000899c:	210d      	movs	r1, #13
1000899e:	4a11      	ldr	r2, [pc, #68]	@ (100089e4 <ClockInit+0xc8>)
100089a0:	2008      	movs	r0, #8
100089a2:	f7ff ff1d 	bl	100087e0 <ClockSetup>
100089a6:	2300      	movs	r3, #0
100089a8:	210d      	movs	r1, #13
100089aa:	4a0f      	ldr	r2, [pc, #60]	@ (100089e8 <ClockInit+0xcc>)
100089ac:	2009      	movs	r0, #9
100089ae:	f7ff ff17 	bl	100087e0 <ClockSetup>
100089b2:	2300      	movs	r3, #0
100089b4:	210d      	movs	r1, #13
100089b6:	001a      	movs	r2, r3
100089b8:	2006      	movs	r0, #6
100089ba:	f7ff ff11 	bl	100087e0 <ClockSetup>
100089be:	bd10      	pop	{r4, pc}
100089c0:	2000144c 	.word	0x2000144c
100089c4:	20028415 	.word	0x20028415
100089c8:	40008078 	.word	0x40008078
100089cc:	4000b03c 	.word	0x4000b03c
100089d0:	40008044 	.word	0x40008044
100089d4:	4000b030 	.word	0x4000b030
100089d8:	40008038 	.word	0x40008038
100089dc:	0001e848 	.word	0x0001e848
100089e0:	00017700 	.word	0x00017700
100089e4:	02dc6c00 	.word	0x02dc6c00
100089e8:	0000b71b 	.word	0x0000b71b

100089ec <ClockPllSysFreq>:
100089ec:	21fa      	movs	r1, #250	@ 0xfa
100089ee:	4b0d      	ldr	r3, [pc, #52]	@ (10008a24 <ClockPllSysFreq+0x38>)
100089f0:	b510      	push	{r4, lr}
100089f2:	0089      	lsls	r1, r1, #2
100089f4:	0004      	movs	r4, r0
100089f6:	6b18      	ldr	r0, [r3, #48]	@ 0x30
100089f8:	f7ff fc2c 	bl	10008254 <DivU32>
100089fc:	42a0      	cmp	r0, r4
100089fe:	d00f      	beq.n	10008a20 <ClockPllSysFreq+0x34>
10008a00:	2300      	movs	r3, #0
10008a02:	210d      	movs	r1, #13
10008a04:	001a      	movs	r2, r3
10008a06:	2005      	movs	r0, #5
10008a08:	f7ff feea 	bl	100087e0 <ClockSetup>
10008a0c:	0021      	movs	r1, r4
10008a0e:	2000      	movs	r0, #0
10008a10:	f000 fc5a 	bl	100092c8 <PllSetFreq>
10008a14:	2300      	movs	r3, #0
10008a16:	210c      	movs	r1, #12
10008a18:	001a      	movs	r2, r3
10008a1a:	2005      	movs	r0, #5
10008a1c:	f7ff fee0 	bl	100087e0 <ClockSetup>
10008a20:	bd10      	pop	{r4, pc}
10008a22:	46c0      	nop			@ (mov r8, r8)
10008a24:	2000144c 	.word	0x2000144c

10008a28 <StackFeed>:
10008a28:	22d0      	movs	r2, #208	@ 0xd0
10008a2a:	0612      	lsls	r2, r2, #24
10008a2c:	6811      	ldr	r1, [r2, #0]
10008a2e:	b510      	push	{r4, lr}
10008a30:	4b0e      	ldr	r3, [pc, #56]	@ (10008a6c <StackFeed+0x44>)
10008a32:	2900      	cmp	r1, #0
10008a34:	d000      	beq.n	10008a38 <StackFeed+0x10>
10008a36:	4b0e      	ldr	r3, [pc, #56]	@ (10008a70 <StackFeed+0x48>)
10008a38:	2403      	movs	r4, #3
10008a3a:	6811      	ldr	r1, [r2, #0]
10008a3c:	3303      	adds	r3, #3
10008a3e:	4a0d      	ldr	r2, [pc, #52]	@ (10008a74 <StackFeed+0x4c>)
10008a40:	43a3      	bics	r3, r4
10008a42:	2900      	cmp	r1, #0
10008a44:	d000      	beq.n	10008a48 <StackFeed+0x20>
10008a46:	4a0c      	ldr	r2, [pc, #48]	@ (10008a78 <StackFeed+0x50>)
10008a48:	4669      	mov	r1, sp
10008a4a:	2000      	movs	r0, #0
10008a4c:	428b      	cmp	r3, r1
10008a4e:	d809      	bhi.n	10008a64 <StackFeed+0x3c>
10008a50:	43a2      	bics	r2, r4
10008a52:	428a      	cmp	r2, r1
10008a54:	d306      	bcc.n	10008a64 <StackFeed+0x3c>
10008a56:	1ac8      	subs	r0, r1, r3
10008a58:	0882      	lsrs	r2, r0, #2
10008a5a:	0092      	lsls	r2, r2, #2
10008a5c:	4907      	ldr	r1, [pc, #28]	@ (10008a7c <StackFeed+0x54>)
10008a5e:	18d2      	adds	r2, r2, r3
10008a60:	4293      	cmp	r3, r2
10008a62:	d100      	bne.n	10008a66 <StackFeed+0x3e>
10008a64:	bd10      	pop	{r4, pc}
10008a66:	c302      	stmia	r3!, {r1}
10008a68:	e7fa      	b.n	10008a60 <StackFeed+0x38>
10008a6a:	46c0      	nop			@ (mov r8, r8)
10008a6c:	20040000 	.word	0x20040000
10008a70:	20041020 	.word	0x20041020
10008a74:	20041000 	.word	0x20041000
10008a78:	20042000 	.word	0x20042000
10008a7c:	600df00d 	.word	0x600df00d

10008a80 <DMA_Abort>:
10008a80:	23a0      	movs	r3, #160	@ 0xa0
10008a82:	b5f0      	push	{r4, r5, r6, r7, lr}
10008a84:	2701      	movs	r7, #1
10008a86:	0181      	lsls	r1, r0, #6
10008a88:	05db      	lsls	r3, r3, #23
10008a8a:	18cb      	adds	r3, r1, r3
10008a8c:	691a      	ldr	r2, [r3, #16]
10008a8e:	b085      	sub	sp, #20
10008a90:	403a      	ands	r2, r7
10008a92:	9201      	str	r2, [sp, #4]
10008a94:	4a2b      	ldr	r2, [pc, #172]	@ (10008b44 <DMA_Abort+0xc4>)
10008a96:	0006      	movs	r6, r0
10008a98:	1889      	adds	r1, r1, r2
10008a9a:	22c0      	movs	r2, #192	@ 0xc0
10008a9c:	0192      	lsls	r2, r2, #6
10008a9e:	430a      	orrs	r2, r1
10008aa0:	6017      	str	r7, [r2, #0]
10008aa2:	691a      	ldr	r2, [r3, #16]
10008aa4:	6918      	ldr	r0, [r3, #16]
10008aa6:	9200      	str	r2, [sp, #0]
10008aa8:	02f2      	lsls	r2, r6, #11
10008aaa:	4042      	eors	r2, r0
10008aac:	2580      	movs	r5, #128	@ 0x80
10008aae:	20f0      	movs	r0, #240	@ 0xf0
10008ab0:	24a0      	movs	r4, #160	@ 0xa0
10008ab2:	01c0      	lsls	r0, r0, #7
10008ab4:	016d      	lsls	r5, r5, #5
10008ab6:	4002      	ands	r2, r0
10008ab8:	430d      	orrs	r5, r1
10008aba:	602a      	str	r2, [r5, #0]
10008abc:	4a22      	ldr	r2, [pc, #136]	@ (10008b48 <DMA_Abort+0xc8>)
10008abe:	05e4      	lsls	r4, r4, #23
10008ac0:	58a2      	ldr	r2, [r4, r2]
10008ac2:	4822      	ldr	r0, [pc, #136]	@ (10008b4c <DMA_Abort+0xcc>)
10008ac4:	40f2      	lsrs	r2, r6
10008ac6:	403a      	ands	r2, r7
10008ac8:	9202      	str	r2, [sp, #8]
10008aca:	003a      	movs	r2, r7
10008acc:	40b2      	lsls	r2, r6
10008ace:	6002      	str	r2, [r0, #0]
10008ad0:	481f      	ldr	r0, [pc, #124]	@ (10008b50 <DMA_Abort+0xd0>)
10008ad2:	5820      	ldr	r0, [r4, r0]
10008ad4:	40f0      	lsrs	r0, r6
10008ad6:	4e1f      	ldr	r6, [pc, #124]	@ (10008b54 <DMA_Abort+0xd4>)
10008ad8:	4038      	ands	r0, r7
10008ada:	9003      	str	r0, [sp, #12]
10008adc:	6032      	str	r2, [r6, #0]
10008ade:	f3ef 8610 	mrs	r6, PRIMASK
10008ae2:	b672      	cpsid	i
10008ae4:	f3bf 8f5f 	dmb	sy
10008ae8:	4f1b      	ldr	r7, [pc, #108]	@ (10008b58 <DMA_Abort+0xd8>)
10008aea:	51e2      	str	r2, [r4, r7]
10008aec:	2080      	movs	r0, #128	@ 0x80
10008aee:	691f      	ldr	r7, [r3, #16]
10008af0:	0440      	lsls	r0, r0, #17
10008af2:	4207      	tst	r7, r0
10008af4:	d1fa      	bne.n	10008aec <DMA_Abort+0x6c>
10008af6:	4f19      	ldr	r7, [pc, #100]	@ (10008b5c <DMA_Abort+0xdc>)
10008af8:	51e2      	str	r2, [r4, r7]
10008afa:	4f19      	ldr	r7, [pc, #100]	@ (10008b60 <DMA_Abort+0xe0>)
10008afc:	51e2      	str	r2, [r4, r7]
10008afe:	691c      	ldr	r4, [r3, #16]
10008b00:	611c      	str	r4, [r3, #16]
10008b02:	f3bf 8f5f 	dmb	sy
10008b06:	f386 8810 	msr	PRIMASK, r6
10008b0a:	9c02      	ldr	r4, [sp, #8]
10008b0c:	2c00      	cmp	r4, #0
10008b0e:	d001      	beq.n	10008b14 <DMA_Abort+0x94>
10008b10:	4c14      	ldr	r4, [pc, #80]	@ (10008b64 <DMA_Abort+0xe4>)
10008b12:	6022      	str	r2, [r4, #0]
10008b14:	9803      	ldr	r0, [sp, #12]
10008b16:	2800      	cmp	r0, #0
10008b18:	d001      	beq.n	10008b1e <DMA_Abort+0x9e>
10008b1a:	4813      	ldr	r0, [pc, #76]	@ (10008b68 <DMA_Abort+0xe8>)
10008b1c:	6002      	str	r2, [r0, #0]
10008b1e:	22f0      	movs	r2, #240	@ 0xf0
10008b20:	6918      	ldr	r0, [r3, #16]
10008b22:	9b00      	ldr	r3, [sp, #0]
10008b24:	01d2      	lsls	r2, r2, #7
10008b26:	4013      	ands	r3, r2
10008b28:	4043      	eors	r3, r0
10008b2a:	4013      	ands	r3, r2
10008b2c:	602b      	str	r3, [r5, #0]
10008b2e:	9b01      	ldr	r3, [sp, #4]
10008b30:	2b00      	cmp	r3, #0
10008b32:	d004      	beq.n	10008b3e <DMA_Abort+0xbe>
10008b34:	2380      	movs	r3, #128	@ 0x80
10008b36:	2201      	movs	r2, #1
10008b38:	019b      	lsls	r3, r3, #6
10008b3a:	430b      	orrs	r3, r1
10008b3c:	601a      	str	r2, [r3, #0]
10008b3e:	b005      	add	sp, #20
10008b40:	bdf0      	pop	{r4, r5, r6, r7, pc}
10008b42:	46c0      	nop			@ (mov r8, r8)
10008b44:	50000010 	.word	0x50000010
10008b48:	00000404 	.word	0x00000404
10008b4c:	50003404 	.word	0x50003404
10008b50:	00000414 	.word	0x00000414
10008b54:	50003414 	.word	0x50003414
10008b58:	00000444 	.word	0x00000444
10008b5c:	0000040c 	.word	0x0000040c
10008b60:	0000041c 	.word	0x0000041c
10008b64:	50002404 	.word	0x50002404
10008b68:	50002414 	.word	0x50002414

10008b6c <FatalErrorMsgText>:
10008b6c:	231f      	movs	r3, #31
10008b6e:	b513      	push	{r0, r1, r4, lr}
10008b70:	4c05      	ldr	r4, [pc, #20]	@ (10008b88 <FatalErrorMsgText+0x1c>)
10008b72:	9300      	str	r3, [sp, #0]
10008b74:	2100      	movs	r1, #0
10008b76:	4b05      	ldr	r3, [pc, #20]	@ (10008b8c <FatalErrorMsgText+0x20>)
10008b78:	6822      	ldr	r2, [r4, #0]
10008b7a:	f005 fe53 	bl	1000e824 <DispDrawTextRow>
10008b7e:	6823      	ldr	r3, [r4, #0]
10008b80:	3310      	adds	r3, #16
10008b82:	6023      	str	r3, [r4, #0]
10008b84:	bd13      	pop	{r0, r1, r4, pc}
10008b86:	46c0      	nop			@ (mov r8, r8)
10008b88:	2000149c 	.word	0x2000149c
10008b8c:	0000ffff 	.word	0x0000ffff

10008b90 <FatalErrorMsg>:
10008b90:	b570      	push	{r4, r5, r6, lr}
10008b92:	b08e      	sub	sp, #56	@ 0x38
10008b94:	0004      	movs	r4, r0
10008b96:	f002 fd9f 	bl	1000b6d8 <SelFont8x16>
10008b9a:	2200      	movs	r2, #0
10008b9c:	4b4d      	ldr	r3, [pc, #308]	@ (10008cd4 <FatalErrorMsg+0x144>)
10008b9e:	601a      	str	r2, [r3, #0]
10008ba0:	6823      	ldr	r3, [r4, #0]
10008ba2:	0018      	movs	r0, r3
10008ba4:	001a      	movs	r2, r3
10008ba6:	300e      	adds	r0, #14
10008ba8:	320e      	adds	r2, #14
10008baa:	d200      	bcs.n	10008bae <FatalErrorMsg+0x1e>
10008bac:	e089      	b.n	10008cc2 <FatalErrorMsg+0x132>
10008bae:	f006 fbdf 	bl	1000f370 <____gnu_thumb1_case_uqi_veneer>
10008bb2:	8f07      	.short	0x8f07
10008bb4:	88888888 	.word	0x88888888
10008bb8:	82888888 	.word	0x82888888
10008bbc:	86848888 	.word	0x86848888
10008bc0:	4d45      	ldr	r5, [pc, #276]	@ (10008cd8 <FatalErrorMsg+0x148>)
10008bc2:	0028      	movs	r0, r5
10008bc4:	f005 fa2c 	bl	1000e020 <StrLen>
10008bc8:	0028      	movs	r0, r5
10008bca:	f7ff ffcf 	bl	10008b6c <FatalErrorMsgText>
10008bce:	6ba3      	ldr	r3, [r4, #56]	@ 0x38
10008bd0:	2128      	movs	r1, #40	@ 0x28
10008bd2:	9301      	str	r3, [sp, #4]
10008bd4:	6b63      	ldr	r3, [r4, #52]	@ 0x34
10008bd6:	4a41      	ldr	r2, [pc, #260]	@ (10008cdc <FatalErrorMsg+0x14c>)
10008bd8:	9300      	str	r3, [sp, #0]
10008bda:	6b23      	ldr	r3, [r4, #48]	@ 0x30
10008bdc:	a804      	add	r0, sp, #16
10008bde:	f004 fb9d 	bl	1000d31c <MemPrint>
10008be2:	a804      	add	r0, sp, #16
10008be4:	f7ff ffc2 	bl	10008b6c <FatalErrorMsgText>
10008be8:	68a3      	ldr	r3, [r4, #8]
10008bea:	2128      	movs	r1, #40	@ 0x28
10008bec:	9301      	str	r3, [sp, #4]
10008bee:	6863      	ldr	r3, [r4, #4]
10008bf0:	4a3b      	ldr	r2, [pc, #236]	@ (10008ce0 <FatalErrorMsg+0x150>)
10008bf2:	9300      	str	r3, [sp, #0]
10008bf4:	6be3      	ldr	r3, [r4, #60]	@ 0x3c
10008bf6:	a804      	add	r0, sp, #16
10008bf8:	f004 fb90 	bl	1000d31c <MemPrint>
10008bfc:	a804      	add	r0, sp, #16
10008bfe:	f7ff ffb5 	bl	10008b6c <FatalErrorMsgText>
10008c02:	6963      	ldr	r3, [r4, #20]
10008c04:	2128      	movs	r1, #40	@ 0x28
10008c06:	9301      	str	r3, [sp, #4]
10008c08:	6923      	ldr	r3, [r4, #16]
10008c0a:	4a36      	ldr	r2, [pc, #216]	@ (10008ce4 <FatalErrorMsg+0x154>)
10008c0c:	9300      	str	r3, [sp, #0]
10008c0e:	68e3      	ldr	r3, [r4, #12]
10008c10:	a804      	add	r0, sp, #16
10008c12:	f004 fb83 	bl	1000d31c <MemPrint>
10008c16:	a804      	add	r0, sp, #16
10008c18:	f7ff ffa8 	bl	10008b6c <FatalErrorMsgText>
10008c1c:	6a23      	ldr	r3, [r4, #32]
10008c1e:	2128      	movs	r1, #40	@ 0x28
10008c20:	9301      	str	r3, [sp, #4]
10008c22:	69e3      	ldr	r3, [r4, #28]
10008c24:	4a30      	ldr	r2, [pc, #192]	@ (10008ce8 <FatalErrorMsg+0x158>)
10008c26:	9300      	str	r3, [sp, #0]
10008c28:	69a3      	ldr	r3, [r4, #24]
10008c2a:	a804      	add	r0, sp, #16
10008c2c:	f004 fb76 	bl	1000d31c <MemPrint>
10008c30:	a804      	add	r0, sp, #16
10008c32:	f7ff ff9b 	bl	10008b6c <FatalErrorMsgText>
10008c36:	6c63      	ldr	r3, [r4, #68]	@ 0x44
10008c38:	2128      	movs	r1, #40	@ 0x28
10008c3a:	9301      	str	r3, [sp, #4]
10008c3c:	6a63      	ldr	r3, [r4, #36]	@ 0x24
10008c3e:	4a2b      	ldr	r2, [pc, #172]	@ (10008cec <FatalErrorMsg+0x15c>)
10008c40:	9300      	str	r3, [sp, #0]
10008c42:	6c23      	ldr	r3, [r4, #64]	@ 0x40
10008c44:	a804      	add	r0, sp, #16
10008c46:	f004 fb69 	bl	1000d31c <MemPrint>
10008c4a:	a804      	add	r0, sp, #16
10008c4c:	f7ff ff8e 	bl	10008b6c <FatalErrorMsgText>
10008c50:	6aa3      	ldr	r3, [r4, #40]	@ 0x28
10008c52:	2128      	movs	r1, #40	@ 0x28
10008c54:	4a26      	ldr	r2, [pc, #152]	@ (10008cf0 <FatalErrorMsg+0x160>)
10008c56:	a804      	add	r0, sp, #16
10008c58:	f004 fb60 	bl	1000d31c <MemPrint>
10008c5c:	a804      	add	r0, sp, #16
10008c5e:	f7ff ff85 	bl	10008b6c <FatalErrorMsgText>
10008c62:	6ce3      	ldr	r3, [r4, #76]	@ 0x4c
10008c64:	2128      	movs	r1, #40	@ 0x28
10008c66:	9300      	str	r3, [sp, #0]
10008c68:	6ca3      	ldr	r3, [r4, #72]	@ 0x48
10008c6a:	4a22      	ldr	r2, [pc, #136]	@ (10008cf4 <FatalErrorMsg+0x164>)
10008c6c:	a804      	add	r0, sp, #16
10008c6e:	f004 fb55 	bl	1000d31c <MemPrint>
10008c72:	a804      	add	r0, sp, #16
10008c74:	f7ff ff7a 	bl	10008b6c <FatalErrorMsgText>
10008c78:	6a64      	ldr	r4, [r4, #36]	@ 0x24
10008c7a:	2603      	movs	r6, #3
10008c7c:	0025      	movs	r5, r4
10008c7e:	3570      	adds	r5, #112	@ 0x70
10008c80:	4b1d      	ldr	r3, [pc, #116]	@ (10008cf8 <FatalErrorMsg+0x168>)
10008c82:	4a1e      	ldr	r2, [pc, #120]	@ (10008cfc <FatalErrorMsg+0x16c>)
10008c84:	18e3      	adds	r3, r4, r3
10008c86:	4293      	cmp	r3, r2
10008c88:	d813      	bhi.n	10008cb2 <FatalErrorMsg+0x122>
10008c8a:	4234      	tst	r4, r6
10008c8c:	d111      	bne.n	10008cb2 <FatalErrorMsg+0x122>
10008c8e:	68e3      	ldr	r3, [r4, #12]
10008c90:	2128      	movs	r1, #40	@ 0x28
10008c92:	9302      	str	r3, [sp, #8]
10008c94:	68a3      	ldr	r3, [r4, #8]
10008c96:	4a1a      	ldr	r2, [pc, #104]	@ (10008d00 <FatalErrorMsg+0x170>)
10008c98:	9301      	str	r3, [sp, #4]
10008c9a:	6863      	ldr	r3, [r4, #4]
10008c9c:	a804      	add	r0, sp, #16
10008c9e:	9300      	str	r3, [sp, #0]
10008ca0:	6823      	ldr	r3, [r4, #0]
10008ca2:	f004 fb3b 	bl	1000d31c <MemPrint>
10008ca6:	3410      	adds	r4, #16
10008ca8:	a804      	add	r0, sp, #16
10008caa:	f7ff ff5f 	bl	10008b6c <FatalErrorMsgText>
10008cae:	42a5      	cmp	r5, r4
10008cb0:	d1e6      	bne.n	10008c80 <FatalErrorMsg+0xf0>
10008cb2:	b00e      	add	sp, #56	@ 0x38
10008cb4:	bd70      	pop	{r4, r5, r6, pc}
10008cb6:	4d13      	ldr	r5, [pc, #76]	@ (10008d04 <FatalErrorMsg+0x174>)
10008cb8:	e783      	b.n	10008bc2 <FatalErrorMsg+0x32>
10008cba:	4d13      	ldr	r5, [pc, #76]	@ (10008d08 <FatalErrorMsg+0x178>)
10008cbc:	e781      	b.n	10008bc2 <FatalErrorMsg+0x32>
10008cbe:	4d13      	ldr	r5, [pc, #76]	@ (10008d0c <FatalErrorMsg+0x17c>)
10008cc0:	e77f      	b.n	10008bc2 <FatalErrorMsg+0x32>
10008cc2:	2128      	movs	r1, #40	@ 0x28
10008cc4:	4a12      	ldr	r2, [pc, #72]	@ (10008d10 <FatalErrorMsg+0x180>)
10008cc6:	a804      	add	r0, sp, #16
10008cc8:	f004 fb28 	bl	1000d31c <MemPrint>
10008ccc:	ad04      	add	r5, sp, #16
10008cce:	e778      	b.n	10008bc2 <FatalErrorMsg+0x32>
10008cd0:	4d10      	ldr	r5, [pc, #64]	@ (10008d14 <FatalErrorMsg+0x184>)
10008cd2:	e776      	b.n	10008bc2 <FatalErrorMsg+0x32>
10008cd4:	2000149c 	.word	0x2000149c
10008cd8:	100101c4 	.word	0x100101c4
10008cdc:	1001024a 	.word	0x1001024a
10008ce0:	10010262 	.word	0x10010262
10008ce4:	1001027a 	.word	0x1001027a
10008ce8:	10010292 	.word	0x10010292
10008cec:	100102ac 	.word	0x100102ac
10008cf0:	100102c5 	.word	0x100102c5
10008cf4:	100102d2 	.word	0x100102d2
10008cf8:	dffffff0 	.word	0xdffffff0
10008cfc:	00041fe0 	.word	0x00041fe0
10008d00:	100102eb 	.word	0x100102eb
10008d04:	100101ed 	.word	0x100101ed
10008d08:	10010200 	.word	0x10010200
10008d0c:	10010216 	.word	0x10010216
10008d10:	10010232 	.word	0x10010232
10008d14:	100101dc 	.word	0x100101dc

10008d18 <FifoWrite>:
10008d18:	2202      	movs	r2, #2
10008d1a:	4b03      	ldr	r3, [pc, #12]	@ (10008d28 <FifoWrite+0x10>)
10008d1c:	6819      	ldr	r1, [r3, #0]
10008d1e:	4211      	tst	r1, r2
10008d20:	d0fc      	beq.n	10008d1c <FifoWrite+0x4>
10008d22:	6058      	str	r0, [r3, #4]
10008d24:	bf40      	sev
10008d26:	4770      	bx	lr
10008d28:	d0000050 	.word	0xd0000050

10008d2c <FifoRead>:
10008d2c:	2201      	movs	r2, #1
10008d2e:	4b04      	ldr	r3, [pc, #16]	@ (10008d40 <FifoRead+0x14>)
10008d30:	6819      	ldr	r1, [r3, #0]
10008d32:	4211      	tst	r1, r2
10008d34:	d001      	beq.n	10008d3a <FifoRead+0xe>
10008d36:	6898      	ldr	r0, [r3, #8]
10008d38:	4770      	bx	lr
10008d3a:	bf20      	wfe
10008d3c:	e7f8      	b.n	10008d30 <FifoRead+0x4>
10008d3e:	46c0      	nop			@ (mov r8, r8)
10008d40:	d0000050 	.word	0xd0000050

10008d44 <Boot2Check>:
10008d44:	2080      	movs	r0, #128	@ 0x80
10008d46:	b510      	push	{r4, lr}
10008d48:	21fc      	movs	r1, #252	@ 0xfc
10008d4a:	0540      	lsls	r0, r0, #21
10008d4c:	f002 fc3e 	bl	1000b5cc <Crc32ASlow>
10008d50:	4b03      	ldr	r3, [pc, #12]	@ (10008d60 <Boot2Check+0x1c>)
10008d52:	681b      	ldr	r3, [r3, #0]
10008d54:	1a18      	subs	r0, r3, r0
10008d56:	4242      	negs	r2, r0
10008d58:	4150      	adcs	r0, r2
10008d5a:	b2c0      	uxtb	r0, r0
10008d5c:	bd10      	pop	{r4, pc}
10008d5e:	46c0      	nop			@ (mov r8, r8)
10008d60:	100000fc 	.word	0x100000fc

10008d64 <FlashLoadInfo>:
10008d64:	b5f0      	push	{r4, r5, r6, r7, lr}
10008d66:	2400      	movs	r4, #0
10008d68:	b08b      	sub	sp, #44	@ 0x2c
10008d6a:	ab02      	add	r3, sp, #8
10008d6c:	1c58      	adds	r0, r3, #1
10008d6e:	220c      	movs	r2, #12
10008d70:	2100      	movs	r1, #0
10008d72:	f7ff fb02 	bl	1000837a <__wrap_memset>
10008d76:	220d      	movs	r2, #13
10008d78:	2100      	movs	r1, #0
10008d7a:	a806      	add	r0, sp, #24
10008d7c:	f7ff fafd 	bl	1000837a <__wrap_memset>
10008d80:	234b      	movs	r3, #75	@ 0x4b
10008d82:	0026      	movs	r6, r4
10008d84:	aa02      	add	r2, sp, #8
10008d86:	7013      	strb	r3, [r2, #0]
10008d88:	a906      	add	r1, sp, #24
10008d8a:	220d      	movs	r2, #13
10008d8c:	a802      	add	r0, sp, #8
10008d8e:	f006 fb0f 	bl	1000f3b0 <__FlashCmd_veneer>
10008d92:	4f1f      	ldr	r7, [pc, #124]	@ (10008e10 <FlashLoadInfo+0xac>)
10008d94:	9401      	str	r4, [sp, #4]
10008d96:	ad06      	add	r5, sp, #24
10008d98:	1973      	adds	r3, r6, r5
10008d9a:	795b      	ldrb	r3, [r3, #5]
10008d9c:	9300      	str	r3, [sp, #0]
10008d9e:	9a00      	ldr	r2, [sp, #0]
10008da0:	4b1c      	ldr	r3, [pc, #112]	@ (10008e14 <FlashLoadInfo+0xb0>)
10008da2:	0910      	lsrs	r0, r2, #4
10008da4:	559a      	strb	r2, [r3, r6]
10008da6:	f002 fc74 	bl	1000b692 <DecHexDig>
10008daa:	7038      	strb	r0, [r7, #0]
10008dac:	9800      	ldr	r0, [sp, #0]
10008dae:	f002 fc70 	bl	1000b692 <DecHexDig>
10008db2:	9b01      	ldr	r3, [sp, #4]
10008db4:	0e22      	lsrs	r2, r4, #24
10008db6:	9900      	ldr	r1, [sp, #0]
10008db8:	021b      	lsls	r3, r3, #8
10008dba:	0224      	lsls	r4, r4, #8
10008dbc:	431a      	orrs	r2, r3
10008dbe:	3601      	adds	r6, #1
10008dc0:	7078      	strb	r0, [r7, #1]
10008dc2:	430c      	orrs	r4, r1
10008dc4:	9201      	str	r2, [sp, #4]
10008dc6:	3702      	adds	r7, #2
10008dc8:	2e08      	cmp	r6, #8
10008dca:	d1e4      	bne.n	10008d96 <FlashLoadInfo+0x32>
10008dcc:	4b12      	ldr	r3, [pc, #72]	@ (10008e18 <FlashLoadInfo+0xb4>)
10008dce:	601c      	str	r4, [r3, #0]
10008dd0:	2400      	movs	r4, #0
10008dd2:	605a      	str	r2, [r3, #4]
10008dd4:	4b0e      	ldr	r3, [pc, #56]	@ (10008e10 <FlashLoadInfo+0xac>)
10008dd6:	0021      	movs	r1, r4
10008dd8:	741c      	strb	r4, [r3, #16]
10008dda:	ab02      	add	r3, sp, #8
10008ddc:	2203      	movs	r2, #3
10008dde:	1c58      	adds	r0, r3, #1
10008de0:	f7ff facb 	bl	1000837a <__wrap_memset>
10008de4:	239f      	movs	r3, #159	@ 0x9f
10008de6:	aa02      	add	r2, sp, #8
10008de8:	0029      	movs	r1, r5
10008dea:	7013      	strb	r3, [r2, #0]
10008dec:	a802      	add	r0, sp, #8
10008dee:	2204      	movs	r2, #4
10008df0:	9406      	str	r4, [sp, #24]
10008df2:	f006 fadd 	bl	1000f3b0 <__FlashCmd_veneer>
10008df6:	786a      	ldrb	r2, [r5, #1]
10008df8:	4b08      	ldr	r3, [pc, #32]	@ (10008e1c <FlashLoadInfo+0xb8>)
10008dfa:	701a      	strb	r2, [r3, #0]
10008dfc:	78aa      	ldrb	r2, [r5, #2]
10008dfe:	4b08      	ldr	r3, [pc, #32]	@ (10008e20 <FlashLoadInfo+0xbc>)
10008e00:	701a      	strb	r2, [r3, #0]
10008e02:	2301      	movs	r3, #1
10008e04:	78e9      	ldrb	r1, [r5, #3]
10008e06:	4a07      	ldr	r2, [pc, #28]	@ (10008e24 <FlashLoadInfo+0xc0>)
10008e08:	408b      	lsls	r3, r1
10008e0a:	6013      	str	r3, [r2, #0]
10008e0c:	b00b      	add	sp, #44	@ 0x2c
10008e0e:	bdf0      	pop	{r4, r5, r6, r7, pc}
10008e10:	2002842d 	.word	0x2002842d
10008e14:	20028425 	.word	0x20028425
10008e18:	20001400 	.word	0x20001400
10008e1c:	2002843e 	.word	0x2002843e
10008e20:	2002843f 	.word	0x2002843f
10008e24:	200014b0 	.word	0x200014b0

10008e28 <FloatInit>:
10008e28:	b510      	push	{r4, lr}
10008e2a:	4805      	ldr	r0, [pc, #20]	@ (10008e40 <FloatInit+0x18>)
10008e2c:	f7ff fc3e 	bl	100086ac <RomData>
10008e30:	4b04      	ldr	r3, [pc, #16]	@ (10008e44 <FloatInit+0x1c>)
10008e32:	0001      	movs	r1, r0
10008e34:	2254      	movs	r2, #84	@ 0x54
10008e36:	0018      	movs	r0, r3
10008e38:	f7ff faa4 	bl	10008384 <__wrap___aeabi_memcpy>
10008e3c:	bd10      	pop	{r4, pc}
10008e3e:	46c0      	nop			@ (mov r8, r8)
10008e40:	00004653 	.word	0x00004653
10008e44:	20026df4 	.word	0x20026df4

10008e48 <GPIO_Fnc>:
10008e48:	4a09      	ldr	r2, [pc, #36]	@ (10008e70 <GPIO_Fnc+0x28>)
10008e4a:	0083      	lsls	r3, r0, #2
10008e4c:	189b      	adds	r3, r3, r2
10008e4e:	22c0      	movs	r2, #192	@ 0xc0
10008e50:	b510      	push	{r4, lr}
10008e52:	2480      	movs	r4, #128	@ 0x80
10008e54:	0192      	lsls	r2, r2, #6
10008e56:	431a      	orrs	r2, r3
10008e58:	6014      	str	r4, [r2, #0]
10008e5a:	2280      	movs	r2, #128	@ 0x80
10008e5c:	0192      	lsls	r2, r2, #6
10008e5e:	4313      	orrs	r3, r2
10008e60:	2240      	movs	r2, #64	@ 0x40
10008e62:	601a      	str	r2, [r3, #0]
10008e64:	4b03      	ldr	r3, [pc, #12]	@ (10008e74 <GPIO_Fnc+0x2c>)
10008e66:	18c0      	adds	r0, r0, r3
10008e68:	00c0      	lsls	r0, r0, #3
10008e6a:	6041      	str	r1, [r0, #4]
10008e6c:	bd10      	pop	{r4, pc}
10008e6e:	46c0      	nop			@ (mov r8, r8)
10008e70:	4001c004 	.word	0x4001c004
10008e74:	08002800 	.word	0x08002800

10008e78 <GPIO_IRQAck>:
10008e78:	4a04      	ldr	r2, [pc, #16]	@ (10008e8c <GPIO_IRQAck+0x14>)
10008e7a:	10c3      	asrs	r3, r0, #3
10008e7c:	009b      	lsls	r3, r3, #2
10008e7e:	189b      	adds	r3, r3, r2
10008e80:	2207      	movs	r2, #7
10008e82:	4010      	ands	r0, r2
10008e84:	0080      	lsls	r0, r0, #2
10008e86:	4081      	lsls	r1, r0
10008e88:	6019      	str	r1, [r3, #0]
10008e8a:	4770      	bx	lr
10008e8c:	400140f0 	.word	0x400140f0

10008e90 <GPIO_IRQDisableCpu>:
10008e90:	2307      	movs	r3, #7
10008e92:	400b      	ands	r3, r1
10008e94:	009b      	lsls	r3, r3, #2
10008e96:	409a      	lsls	r2, r3
10008e98:	2330      	movs	r3, #48	@ 0x30
10008e9a:	4343      	muls	r3, r0
10008e9c:	10c9      	asrs	r1, r1, #3
10008e9e:	0089      	lsls	r1, r1, #2
10008ea0:	18c9      	adds	r1, r1, r3
10008ea2:	4b03      	ldr	r3, [pc, #12]	@ (10008eb0 <GPIO_IRQDisableCpu+0x20>)
10008ea4:	18c9      	adds	r1, r1, r3
10008ea6:	23c0      	movs	r3, #192	@ 0xc0
10008ea8:	019b      	lsls	r3, r3, #6
10008eaa:	430b      	orrs	r3, r1
10008eac:	601a      	str	r2, [r3, #0]
10008eae:	4770      	bx	lr
10008eb0:	40014100 	.word	0x40014100

10008eb4 <GPIO_IRQUnforceCpu>:
10008eb4:	2307      	movs	r3, #7
10008eb6:	400b      	ands	r3, r1
10008eb8:	009b      	lsls	r3, r3, #2
10008eba:	409a      	lsls	r2, r3
10008ebc:	2330      	movs	r3, #48	@ 0x30
10008ebe:	4343      	muls	r3, r0
10008ec0:	10c9      	asrs	r1, r1, #3
10008ec2:	0089      	lsls	r1, r1, #2
10008ec4:	18c9      	adds	r1, r1, r3
10008ec6:	4b03      	ldr	r3, [pc, #12]	@ (10008ed4 <GPIO_IRQUnforceCpu+0x20>)
10008ec8:	18c9      	adds	r1, r1, r3
10008eca:	23c0      	movs	r3, #192	@ 0xc0
10008ecc:	019b      	lsls	r3, r3, #6
10008ece:	430b      	orrs	r3, r1
10008ed0:	601a      	str	r2, [r3, #0]
10008ed2:	4770      	bx	lr
10008ed4:	40014110 	.word	0x40014110

10008ed8 <GPIO_Reset>:
10008ed8:	b510      	push	{r4, lr}
10008eda:	0004      	movs	r4, r0
10008edc:	0001      	movs	r1, r0
10008ede:	220f      	movs	r2, #15
10008ee0:	2000      	movs	r0, #0
10008ee2:	f7ff ffd5 	bl	10008e90 <GPIO_IRQDisableCpu>
10008ee6:	0021      	movs	r1, r4
10008ee8:	220f      	movs	r2, #15
10008eea:	2001      	movs	r0, #1
10008eec:	f7ff ffd0 	bl	10008e90 <GPIO_IRQDisableCpu>
10008ef0:	0021      	movs	r1, r4
10008ef2:	220f      	movs	r2, #15
10008ef4:	2000      	movs	r0, #0
10008ef6:	f7ff ffdd 	bl	10008eb4 <GPIO_IRQUnforceCpu>
10008efa:	220f      	movs	r2, #15
10008efc:	0021      	movs	r1, r4
10008efe:	2001      	movs	r0, #1
10008f00:	f7ff ffd8 	bl	10008eb4 <GPIO_IRQUnforceCpu>
10008f04:	0020      	movs	r0, r4
10008f06:	210f      	movs	r1, #15
10008f08:	f7ff ffb6 	bl	10008e78 <GPIO_IRQAck>
10008f0c:	2301      	movs	r3, #1
10008f0e:	22d0      	movs	r2, #208	@ 0xd0
10008f10:	40a3      	lsls	r3, r4
10008f12:	0612      	lsls	r2, r2, #24
10008f14:	6293      	str	r3, [r2, #40]	@ 0x28
10008f16:	6193      	str	r3, [r2, #24]
10008f18:	2256      	movs	r2, #86	@ 0x56
10008f1a:	4b05      	ldr	r3, [pc, #20]	@ (10008f30 <GPIO_Reset+0x58>)
10008f1c:	18e3      	adds	r3, r4, r3
10008f1e:	009b      	lsls	r3, r3, #2
10008f20:	601a      	str	r2, [r3, #0]
10008f22:	4b04      	ldr	r3, [pc, #16]	@ (10008f34 <GPIO_Reset+0x5c>)
10008f24:	18e4      	adds	r4, r4, r3
10008f26:	231f      	movs	r3, #31
10008f28:	00e4      	lsls	r4, r4, #3
10008f2a:	6063      	str	r3, [r4, #4]
10008f2c:	bd10      	pop	{r4, pc}
10008f2e:	46c0      	nop			@ (mov r8, r8)
10008f30:	10007001 	.word	0x10007001
10008f34:	08002800 	.word	0x08002800

10008f38 <GPIO_Init>:
10008f38:	b510      	push	{r4, lr}
10008f3a:	0004      	movs	r4, r0
10008f3c:	f7ff ffcc 	bl	10008ed8 <GPIO_Reset>
10008f40:	2301      	movs	r3, #1
10008f42:	22d0      	movs	r2, #208	@ 0xd0
10008f44:	40a3      	lsls	r3, r4
10008f46:	0612      	lsls	r2, r2, #24
10008f48:	6293      	str	r3, [r2, #40]	@ 0x28
10008f4a:	2105      	movs	r1, #5
10008f4c:	0020      	movs	r0, r4
10008f4e:	6193      	str	r3, [r2, #24]
10008f50:	f7ff ff7a 	bl	10008e48 <GPIO_Fnc>
10008f54:	bd10      	pop	{r4, pc}
	...

10008f58 <NVIC_IRQPrio>:
10008f58:	4a08      	ldr	r2, [pc, #32]	@ (10008f7c <NVIC_IRQPrio+0x24>)
10008f5a:	1083      	asrs	r3, r0, #2
10008f5c:	009b      	lsls	r3, r3, #2
10008f5e:	189b      	adds	r3, r3, r2
10008f60:	2203      	movs	r2, #3
10008f62:	4010      	ands	r0, r2
10008f64:	4090      	lsls	r0, r2
10008f66:	b510      	push	{r4, lr}
10008f68:	24ff      	movs	r4, #255	@ 0xff
10008f6a:	3006      	adds	r0, #6
10008f6c:	4084      	lsls	r4, r0
10008f6e:	4081      	lsls	r1, r0
10008f70:	681a      	ldr	r2, [r3, #0]
10008f72:	43a2      	bics	r2, r4
10008f74:	430a      	orrs	r2, r1
10008f76:	601a      	str	r2, [r3, #0]
10008f78:	bd10      	pop	{r4, pc}
10008f7a:	46c0      	nop			@ (mov r8, r8)
10008f7c:	e000e400 	.word	0xe000e400

10008f80 <NVIC_IRQPrioDef>:
10008f80:	b510      	push	{r4, lr}
10008f82:	2400      	movs	r4, #0
10008f84:	0020      	movs	r0, r4
10008f86:	2102      	movs	r1, #2
10008f88:	3401      	adds	r4, #1
10008f8a:	f7ff ffe5 	bl	10008f58 <NVIC_IRQPrio>
10008f8e:	2c20      	cmp	r4, #32
10008f90:	d1f8      	bne.n	10008f84 <NVIC_IRQPrioDef+0x4>
10008f92:	2280      	movs	r2, #128	@ 0x80
10008f94:	490a      	ldr	r1, [pc, #40]	@ (10008fc0 <NVIC_IRQPrioDef+0x40>)
10008f96:	0612      	lsls	r2, r2, #24
10008f98:	680b      	ldr	r3, [r1, #0]
10008f9a:	009b      	lsls	r3, r3, #2
10008f9c:	089b      	lsrs	r3, r3, #2
10008f9e:	4313      	orrs	r3, r2
10008fa0:	600b      	str	r3, [r1, #0]
10008fa2:	23c0      	movs	r3, #192	@ 0xc0
10008fa4:	4a07      	ldr	r2, [pc, #28]	@ (10008fc4 <NVIC_IRQPrioDef+0x44>)
10008fa6:	041b      	lsls	r3, r3, #16
10008fa8:	6811      	ldr	r1, [r2, #0]
10008faa:	430b      	orrs	r3, r1
10008fac:	2180      	movs	r1, #128	@ 0x80
10008fae:	6013      	str	r3, [r2, #0]
10008fb0:	6813      	ldr	r3, [r2, #0]
10008fb2:	05c9      	lsls	r1, r1, #23
10008fb4:	009b      	lsls	r3, r3, #2
10008fb6:	089b      	lsrs	r3, r3, #2
10008fb8:	430b      	orrs	r3, r1
10008fba:	6013      	str	r3, [r2, #0]
10008fbc:	bd10      	pop	{r4, pc}
10008fbe:	46c0      	nop			@ (mov r8, r8)
10008fc0:	e000ed1c 	.word	0xe000ed1c
10008fc4:	e000ed20 	.word	0xe000ed20

10008fc8 <Core1Trampoline>:
10008fc8:	bd01      	pop	{r0, pc}
	...

10008fcc <Core1Wrapper>:
10008fcc:	b570      	push	{r4, r5, r6, lr}
10008fce:	0005      	movs	r5, r0
10008fd0:	f7ff ffd6 	bl	10008f80 <NVIC_IRQPrioDef>
10008fd4:	2301      	movs	r3, #1
10008fd6:	4c05      	ldr	r4, [pc, #20]	@ (10008fec <Core1Wrapper+0x20>)
10008fd8:	7023      	strb	r3, [r4, #0]
10008fda:	f3bf 8f5f 	dmb	sy
10008fde:	47a8      	blx	r5
10008fe0:	b672      	cpsid	i
10008fe2:	2300      	movs	r3, #0
10008fe4:	7023      	strb	r3, [r4, #0]
10008fe6:	f3bf 8f5f 	dmb	sy
10008fea:	bd70      	pop	{r4, r5, r6, pc}
10008fec:	20028414 	.word	0x20028414

10008ff0 <Core1Reset>:
10008ff0:	2380      	movs	r3, #128	@ 0x80
10008ff2:	4a16      	ldr	r2, [pc, #88]	@ (1000904c <Core1Reset+0x5c>)
10008ff4:	025b      	lsls	r3, r3, #9
10008ff6:	4916      	ldr	r1, [pc, #88]	@ (10009050 <Core1Reset+0x60>)
10008ff8:	b570      	push	{r4, r5, r6, lr}
10008ffa:	6013      	str	r3, [r2, #0]
10008ffc:	680a      	ldr	r2, [r1, #0]
10008ffe:	421a      	tst	r2, r3
10009000:	d0fc      	beq.n	10008ffc <Core1Reset+0xc>
10009002:	4c14      	ldr	r4, [pc, #80]	@ (10009054 <Core1Reset+0x64>)
10009004:	6825      	ldr	r5, [r4, #0]
10009006:	2180      	movs	r1, #128	@ 0x80
10009008:	4a13      	ldr	r2, [pc, #76]	@ (10009058 <Core1Reset+0x68>)
1000900a:	0209      	lsls	r1, r1, #8
1000900c:	67d1      	str	r1, [r2, #124]	@ 0x7c
1000900e:	f3bf 8f4f 	dsb	sy
10009012:	f3bf 8f6f 	isb	sy
10009016:	4a11      	ldr	r2, [pc, #68]	@ (1000905c <Core1Reset+0x6c>)
10009018:	2014      	movs	r0, #20
1000901a:	6013      	str	r3, [r2, #0]
1000901c:	f000 fd02 	bl	10009a24 <WaitUs>
10009020:	2301      	movs	r3, #1
10009022:	490f      	ldr	r1, [pc, #60]	@ (10009060 <Core1Reset+0x70>)
10009024:	680a      	ldr	r2, [r1, #0]
10009026:	0010      	movs	r0, r2
10009028:	4018      	ands	r0, r3
1000902a:	421a      	tst	r2, r3
1000902c:	d10c      	bne.n	10009048 <Core1Reset+0x58>
1000902e:	4b0d      	ldr	r3, [pc, #52]	@ (10009064 <Core1Reset+0x74>)
10009030:	7018      	strb	r0, [r3, #0]
10009032:	f3bf 8f5f 	dmb	sy
10009036:	2380      	movs	r3, #128	@ 0x80
10009038:	021b      	lsls	r3, r3, #8
1000903a:	421d      	tst	r5, r3
1000903c:	d003      	beq.n	10009046 <Core1Reset+0x56>
1000903e:	22c0      	movs	r2, #192	@ 0xc0
10009040:	0052      	lsls	r2, r2, #1
10009042:	50a3      	str	r3, [r4, r2]
10009044:	6023      	str	r3, [r4, #0]
10009046:	bd70      	pop	{r4, r5, r6, pc}
10009048:	688a      	ldr	r2, [r1, #8]
1000904a:	e7eb      	b.n	10009024 <Core1Reset+0x34>
1000904c:	40012004 	.word	0x40012004
10009050:	40010004 	.word	0x40010004
10009054:	e000e100 	.word	0xe000e100
10009058:	e000e104 	.word	0xe000e104
1000905c:	40013004 	.word	0x40013004
10009060:	d0000050 	.word	0xd0000050
10009064:	20028414 	.word	0x20028414

10009068 <Core1Exec>:
10009068:	b5f0      	push	{r4, r5, r6, r7, lr}
1000906a:	4d26      	ldr	r5, [pc, #152]	@ (10009104 <Core1Exec+0x9c>)
1000906c:	b089      	sub	sp, #36	@ 0x24
1000906e:	0004      	movs	r4, r0
10009070:	f7ff ffbe 	bl	10008ff0 <Core1Reset>
10009074:	682b      	ldr	r3, [r5, #0]
10009076:	9301      	str	r3, [sp, #4]
10009078:	2280      	movs	r2, #128	@ 0x80
1000907a:	4b23      	ldr	r3, [pc, #140]	@ (10009108 <Core1Exec+0xa0>)
1000907c:	0212      	lsls	r2, r2, #8
1000907e:	67da      	str	r2, [r3, #124]	@ 0x7c
10009080:	f3bf 8f4f 	dsb	sy
10009084:	f3bf 8f6f 	isb	sy
10009088:	f3ef 8710 	mrs	r7, PRIMASK
1000908c:	b672      	cpsid	i
1000908e:	4b1f      	ldr	r3, [pc, #124]	@ (1000910c <Core1Exec+0xa4>)
10009090:	4a1f      	ldr	r2, [pc, #124]	@ (10009110 <Core1Exec+0xa8>)
10009092:	4920      	ldr	r1, [pc, #128]	@ (10009114 <Core1Exec+0xac>)
10009094:	509c      	str	r4, [r3, r2]
10009096:	4a20      	ldr	r2, [pc, #128]	@ (10009118 <Core1Exec+0xb0>)
10009098:	ac02      	add	r4, sp, #8
1000909a:	505a      	str	r2, [r3, r1]
1000909c:	2201      	movs	r2, #1
1000909e:	2300      	movs	r3, #0
100090a0:	60a2      	str	r2, [r4, #8]
100090a2:	4a1e      	ldr	r2, [pc, #120]	@ (1000911c <Core1Exec+0xb4>)
100090a4:	9302      	str	r3, [sp, #8]
100090a6:	6063      	str	r3, [r4, #4]
100090a8:	6812      	ldr	r2, [r2, #0]
100090aa:	60e2      	str	r2, [r4, #12]
100090ac:	4a1c      	ldr	r2, [pc, #112]	@ (10009120 <Core1Exec+0xb8>)
100090ae:	6122      	str	r2, [r4, #16]
100090b0:	4a1c      	ldr	r2, [pc, #112]	@ (10009124 <Core1Exec+0xbc>)
100090b2:	6162      	str	r2, [r4, #20]
100090b4:	001e      	movs	r6, r3
100090b6:	2b01      	cmp	r3, #1
100090b8:	dc06      	bgt.n	100090c8 <Core1Exec+0x60>
100090ba:	4a1b      	ldr	r2, [pc, #108]	@ (10009128 <Core1Exec+0xc0>)
100090bc:	2001      	movs	r0, #1
100090be:	6811      	ldr	r1, [r2, #0]
100090c0:	4201      	tst	r1, r0
100090c2:	d11d      	bne.n	10009100 <Core1Exec+0x98>
100090c4:	bf40      	sev
100090c6:	001e      	movs	r6, r3
100090c8:	009b      	lsls	r3, r3, #2
100090ca:	58e3      	ldr	r3, [r4, r3]
100090cc:	0018      	movs	r0, r3
100090ce:	9300      	str	r3, [sp, #0]
100090d0:	f7ff fe22 	bl	10008d18 <FifoWrite>
100090d4:	f7ff fe2a 	bl	10008d2c <FifoRead>
100090d8:	9a00      	ldr	r2, [sp, #0]
100090da:	2300      	movs	r3, #0
100090dc:	4282      	cmp	r2, r0
100090de:	d1ec      	bne.n	100090ba <Core1Exec+0x52>
100090e0:	1c73      	adds	r3, r6, #1
100090e2:	2e05      	cmp	r6, #5
100090e4:	d1e6      	bne.n	100090b4 <Core1Exec+0x4c>
100090e6:	f387 8810 	msr	PRIMASK, r7
100090ea:	2380      	movs	r3, #128	@ 0x80
100090ec:	9a01      	ldr	r2, [sp, #4]
100090ee:	021b      	lsls	r3, r3, #8
100090f0:	421a      	tst	r2, r3
100090f2:	d003      	beq.n	100090fc <Core1Exec+0x94>
100090f4:	22c0      	movs	r2, #192	@ 0xc0
100090f6:	0052      	lsls	r2, r2, #1
100090f8:	50ab      	str	r3, [r5, r2]
100090fa:	602b      	str	r3, [r5, #0]
100090fc:	b009      	add	sp, #36	@ 0x24
100090fe:	bdf0      	pop	{r4, r5, r6, r7, pc}
10009100:	6891      	ldr	r1, [r2, #8]
10009102:	e7db      	b.n	100090bc <Core1Exec+0x54>
10009104:	e000e100 	.word	0xe000e100
10009108:	e000e104 	.word	0xe000e104
1000910c:	20041020 	.word	0x20041020
10009110:	00000fd8 	.word	0x00000fd8
10009114:	00000fdc 	.word	0x00000fdc
10009118:	10008fcd 	.word	0x10008fcd
1000911c:	e000ed08 	.word	0xe000ed08
10009120:	20041ff8 	.word	0x20041ff8
10009124:	10008fc9 	.word	0x10008fc9
10009128:	d0000050 	.word	0xd0000050

1000912c <PllSetup>:
1000912c:	b5f0      	push	{r4, r5, r6, r7, lr}
1000912e:	b085      	sub	sp, #20
10009130:	9e0a      	ldr	r6, [sp, #40]	@ 0x28
10009132:	0004      	movs	r4, r0
10009134:	001d      	movs	r5, r3
10009136:	9102      	str	r1, [sp, #8]
10009138:	9203      	str	r2, [sp, #12]
1000913a:	42b3      	cmp	r3, r6
1000913c:	db02      	blt.n	10009144 <PllSetup+0x18>
1000913e:	0033      	movs	r3, r6
10009140:	002e      	movs	r6, r5
10009142:	001d      	movs	r5, r3
10009144:	4f16      	ldr	r7, [pc, #88]	@ (100091a0 <PllSetup+0x74>)
10009146:	9902      	ldr	r1, [sp, #8]
10009148:	6af8      	ldr	r0, [r7, #44]	@ 0x2c
1000914a:	f7ff f883 	bl	10008254 <DivU32>
1000914e:	0029      	movs	r1, r5
10009150:	9b03      	ldr	r3, [sp, #12]
10009152:	4371      	muls	r1, r6
10009154:	4358      	muls	r0, r3
10009156:	f7ff f87d 	bl	10008254 <DivU32>
1000915a:	0023      	movs	r3, r4
1000915c:	330c      	adds	r3, #12
1000915e:	009a      	lsls	r2, r3, #2
10009160:	51d0      	str	r0, [r2, r7]
10009162:	9001      	str	r0, [sp, #4]
10009164:	2001      	movs	r0, #1
10009166:	4098      	lsls	r0, r3
10009168:	f000 f9a8 	bl	100094bc <ResetPeripheryMask>
1000916c:	22c0      	movs	r2, #192	@ 0xc0
1000916e:	4b0d      	ldr	r3, [pc, #52]	@ (100091a4 <PllSetup+0x78>)
10009170:	0192      	lsls	r2, r2, #6
10009172:	18e4      	adds	r4, r4, r3
10009174:	9b02      	ldr	r3, [sp, #8]
10009176:	03a4      	lsls	r4, r4, #14
10009178:	6023      	str	r3, [r4, #0]
1000917a:	9b03      	ldr	r3, [sp, #12]
1000917c:	60a3      	str	r3, [r4, #8]
1000917e:	1d23      	adds	r3, r4, #4
10009180:	431a      	orrs	r2, r3
10009182:	2321      	movs	r3, #33	@ 0x21
10009184:	6013      	str	r3, [r2, #0]
10009186:	6823      	ldr	r3, [r4, #0]
10009188:	2b00      	cmp	r3, #0
1000918a:	dafc      	bge.n	10009186 <PllSetup+0x5a>
1000918c:	0433      	lsls	r3, r6, #16
1000918e:	032d      	lsls	r5, r5, #12
10009190:	431d      	orrs	r5, r3
10009192:	2308      	movs	r3, #8
10009194:	9801      	ldr	r0, [sp, #4]
10009196:	60e5      	str	r5, [r4, #12]
10009198:	6013      	str	r3, [r2, #0]
1000919a:	b005      	add	sp, #20
1000919c:	bdf0      	pop	{r4, r5, r6, r7, pc}
1000919e:	46c0      	nop			@ (mov r8, r8)
100091a0:	2000144c 	.word	0x2000144c
100091a4:	0001000a 	.word	0x0001000a

100091a8 <PllCalc>:
100091a8:	b5f0      	push	{r4, r5, r6, r7, lr}
100091aa:	b089      	sub	sp, #36	@ 0x24
100091ac:	9307      	str	r3, [sp, #28]
100091ae:	ab0e      	add	r3, sp, #56	@ 0x38
100091b0:	781b      	ldrb	r3, [r3, #0]
100091b2:	9206      	str	r2, [sp, #24]
100091b4:	9303      	str	r3, [sp, #12]
100091b6:	2300      	movs	r3, #0
100091b8:	9a0f      	ldr	r2, [sp, #60]	@ 0x3c
100091ba:	2610      	movs	r6, #16
100091bc:	6013      	str	r3, [r2, #0]
100091be:	9b03      	ldr	r3, [sp, #12]
100091c0:	9001      	str	r0, [sp, #4]
100091c2:	9105      	str	r1, [sp, #20]
100091c4:	2b00      	cmp	r3, #0
100091c6:	d101      	bne.n	100091cc <PllCalc+0x24>
100091c8:	26a0      	movs	r6, #160	@ 0xa0
100091ca:	0076      	lsls	r6, r6, #1
100091cc:	4b2a      	ldr	r3, [pc, #168]	@ (10009278 <PllCalc+0xd0>)
100091ce:	9302      	str	r3, [sp, #8]
100091d0:	9f05      	ldr	r7, [sp, #20]
100091d2:	9b06      	ldr	r3, [sp, #24]
100091d4:	4377      	muls	r7, r6
100091d6:	429f      	cmp	r7, r3
100091d8:	d32b      	bcc.n	10009232 <PllCalc+0x8a>
100091da:	9b07      	ldr	r3, [sp, #28]
100091dc:	429f      	cmp	r7, r3
100091de:	d828      	bhi.n	10009232 <PllCalc+0x8a>
100091e0:	2407      	movs	r4, #7
100091e2:	b2e3      	uxtb	r3, r4
100091e4:	9304      	str	r3, [sp, #16]
100091e6:	0023      	movs	r3, r4
100091e8:	4363      	muls	r3, r4
100091ea:	b2e5      	uxtb	r5, r4
100091ec:	9300      	str	r3, [sp, #0]
100091ee:	0038      	movs	r0, r7
100091f0:	9900      	ldr	r1, [sp, #0]
100091f2:	f7ff f82f 	bl	10008254 <DivU32>
100091f6:	9b01      	ldr	r3, [sp, #4]
100091f8:	1ac3      	subs	r3, r0, r3
100091fa:	17da      	asrs	r2, r3, #31
100091fc:	189b      	adds	r3, r3, r2
100091fe:	4053      	eors	r3, r2
10009200:	9a02      	ldr	r2, [sp, #8]
10009202:	4293      	cmp	r3, r2
10009204:	da0b      	bge.n	1000921e <PllCalc+0x76>
10009206:	9a0f      	ldr	r2, [sp, #60]	@ 0x3c
10009208:	9904      	ldr	r1, [sp, #16]
1000920a:	6010      	str	r0, [r2, #0]
1000920c:	9a10      	ldr	r2, [sp, #64]	@ 0x40
1000920e:	9302      	str	r3, [sp, #8]
10009210:	6017      	str	r7, [r2, #0]
10009212:	9a11      	ldr	r2, [sp, #68]	@ 0x44
10009214:	8016      	strh	r6, [r2, #0]
10009216:	9a12      	ldr	r2, [sp, #72]	@ 0x48
10009218:	7011      	strb	r1, [r2, #0]
1000921a:	9a13      	ldr	r2, [sp, #76]	@ 0x4c
1000921c:	7015      	strb	r5, [r2, #0]
1000921e:	9b00      	ldr	r3, [sp, #0]
10009220:	3d01      	subs	r5, #1
10009222:	1b1b      	subs	r3, r3, r4
10009224:	b2ed      	uxtb	r5, r5
10009226:	9300      	str	r3, [sp, #0]
10009228:	2d00      	cmp	r5, #0
1000922a:	d1e0      	bne.n	100091ee <PllCalc+0x46>
1000922c:	3c01      	subs	r4, #1
1000922e:	2c00      	cmp	r4, #0
10009230:	d1d7      	bne.n	100091e2 <PllCalc+0x3a>
10009232:	9b03      	ldr	r3, [sp, #12]
10009234:	2b00      	cmp	r3, #0
10009236:	d01a      	beq.n	1000926e <PllCalc+0xc6>
10009238:	23a0      	movs	r3, #160	@ 0xa0
1000923a:	3601      	adds	r6, #1
1000923c:	b2b6      	uxth	r6, r6
1000923e:	005b      	lsls	r3, r3, #1
10009240:	429e      	cmp	r6, r3
10009242:	d9c5      	bls.n	100091d0 <PllCalc+0x28>
10009244:	9b0f      	ldr	r3, [sp, #60]	@ 0x3c
10009246:	9a01      	ldr	r2, [sp, #4]
10009248:	681b      	ldr	r3, [r3, #0]
1000924a:	2000      	movs	r0, #0
1000924c:	4293      	cmp	r3, r2
1000924e:	d10b      	bne.n	10009268 <PllCalc+0xc0>
10009250:	9b12      	ldr	r3, [sp, #72]	@ 0x48
10009252:	9801      	ldr	r0, [sp, #4]
10009254:	781a      	ldrb	r2, [r3, #0]
10009256:	9b13      	ldr	r3, [sp, #76]	@ 0x4c
10009258:	781b      	ldrb	r3, [r3, #0]
1000925a:	4353      	muls	r3, r2
1000925c:	4358      	muls	r0, r3
1000925e:	9b10      	ldr	r3, [sp, #64]	@ 0x40
10009260:	681b      	ldr	r3, [r3, #0]
10009262:	1ac0      	subs	r0, r0, r3
10009264:	4243      	negs	r3, r0
10009266:	4158      	adcs	r0, r3
10009268:	b2c0      	uxtb	r0, r0
1000926a:	b009      	add	sp, #36	@ 0x24
1000926c:	bdf0      	pop	{r4, r5, r6, r7, pc}
1000926e:	3e01      	subs	r6, #1
10009270:	b2b6      	uxth	r6, r6
10009272:	2e0f      	cmp	r6, #15
10009274:	d8ac      	bhi.n	100091d0 <PllCalc+0x28>
10009276:	e7e5      	b.n	10009244 <PllCalc+0x9c>
10009278:	000186a0 	.word	0x000186a0

1000927c <PllCalcDef>:
1000927c:	b5f0      	push	{r4, r5, r6, r7, lr}
1000927e:	000d      	movs	r5, r1
10009280:	21fa      	movs	r1, #250	@ 0xfa
10009282:	001f      	movs	r7, r3
10009284:	4b0d      	ldr	r3, [pc, #52]	@ (100092bc <PllCalcDef+0x40>)
10009286:	0004      	movs	r4, r0
10009288:	6ad8      	ldr	r0, [r3, #44]	@ 0x2c
1000928a:	b087      	sub	sp, #28
1000928c:	30f5      	adds	r0, #245	@ 0xf5
1000928e:	0089      	lsls	r1, r1, #2
10009290:	30ff      	adds	r0, #255	@ 0xff
10009292:	0016      	movs	r6, r2
10009294:	f7fe ffde 	bl	10008254 <DivU32>
10009298:	9b0d      	ldr	r3, [sp, #52]	@ 0x34
1000929a:	0001      	movs	r1, r0
1000929c:	9305      	str	r3, [sp, #20]
1000929e:	9b0c      	ldr	r3, [sp, #48]	@ 0x30
100092a0:	0020      	movs	r0, r4
100092a2:	9304      	str	r3, [sp, #16]
100092a4:	2300      	movs	r3, #0
100092a6:	4a06      	ldr	r2, [pc, #24]	@ (100092c0 <PllCalcDef+0x44>)
100092a8:	9300      	str	r3, [sp, #0]
100092aa:	9703      	str	r7, [sp, #12]
100092ac:	4b05      	ldr	r3, [pc, #20]	@ (100092c4 <PllCalcDef+0x48>)
100092ae:	9602      	str	r6, [sp, #8]
100092b0:	9501      	str	r5, [sp, #4]
100092b2:	f7ff ff79 	bl	100091a8 <PllCalc>
100092b6:	b007      	add	sp, #28
100092b8:	bdf0      	pop	{r4, r5, r6, r7, pc}
100092ba:	46c0      	nop			@ (mov r8, r8)
100092bc:	2000144c 	.word	0x2000144c
100092c0:	00061a80 	.word	0x00061a80
100092c4:	00186a00 	.word	0x00186a00

100092c8 <PllSetFreq>:
100092c8:	b5f0      	push	{r4, r5, r6, r7, lr}
100092ca:	260e      	movs	r6, #14
100092cc:	250d      	movs	r5, #13
100092ce:	b087      	sub	sp, #28
100092d0:	446e      	add	r6, sp
100092d2:	446d      	add	r5, sp
100092d4:	af03      	add	r7, sp, #12
100092d6:	0004      	movs	r4, r0
100092d8:	0033      	movs	r3, r6
100092da:	0008      	movs	r0, r1
100092dc:	9501      	str	r5, [sp, #4]
100092de:	9700      	str	r7, [sp, #0]
100092e0:	aa05      	add	r2, sp, #20
100092e2:	a904      	add	r1, sp, #16
100092e4:	f7ff ffca 	bl	1000927c <PllCalcDef>
100092e8:	9804      	ldr	r0, [sp, #16]
100092ea:	2800      	cmp	r0, #0
100092ec:	d00b      	beq.n	10009306 <PllSetFreq+0x3e>
100092ee:	7829      	ldrb	r1, [r5, #0]
100092f0:	783b      	ldrb	r3, [r7, #0]
100092f2:	8832      	ldrh	r2, [r6, #0]
100092f4:	0020      	movs	r0, r4
100092f6:	9100      	str	r1, [sp, #0]
100092f8:	2101      	movs	r1, #1
100092fa:	f7ff ff17 	bl	1000912c <PllSetup>
100092fe:	21fa      	movs	r1, #250	@ 0xfa
10009300:	0089      	lsls	r1, r1, #2
10009302:	f7fe ffa7 	bl	10008254 <DivU32>
10009306:	b007      	add	sp, #28
10009308:	bdf0      	pop	{r4, r5, r6, r7, pc}
	...

1000930c <PWM_Reset>:
1000930c:	2301      	movs	r3, #1
1000930e:	4083      	lsls	r3, r0
10009310:	0002      	movs	r2, r0
10009312:	2014      	movs	r0, #20
10009314:	4350      	muls	r0, r2
10009316:	4a07      	ldr	r2, [pc, #28]	@ (10009334 <PWM_Reset+0x28>)
10009318:	4907      	ldr	r1, [pc, #28]	@ (10009338 <PWM_Reset+0x2c>)
1000931a:	1880      	adds	r0, r0, r2
1000931c:	2200      	movs	r2, #0
1000931e:	600b      	str	r3, [r1, #0]
10009320:	4906      	ldr	r1, [pc, #24]	@ (1000933c <PWM_Reset+0x30>)
10009322:	6002      	str	r2, [r0, #0]
10009324:	600b      	str	r3, [r1, #0]
10009326:	2310      	movs	r3, #16
10009328:	6043      	str	r3, [r0, #4]
1000932a:	4b05      	ldr	r3, [pc, #20]	@ (10009340 <PWM_Reset+0x34>)
1000932c:	6082      	str	r2, [r0, #8]
1000932e:	60c2      	str	r2, [r0, #12]
10009330:	6103      	str	r3, [r0, #16]
10009332:	4770      	bx	lr
10009334:	40050000 	.word	0x40050000
10009338:	400530a8 	.word	0x400530a8
1000933c:	400500a4 	.word	0x400500a4
10009340:	0000ffff 	.word	0x0000ffff

10009344 <PWM_Clock>:
10009344:	4b0d      	ldr	r3, [pc, #52]	@ (1000937c <PWM_Clock+0x38>)
10009346:	b510      	push	{r4, lr}
10009348:	0004      	movs	r4, r0
1000934a:	6958      	ldr	r0, [r3, #20]
1000934c:	0002      	movs	r2, r0
1000934e:	4288      	cmp	r0, r1
10009350:	d900      	bls.n	10009354 <PWM_Clock+0x10>
10009352:	000a      	movs	r2, r1
10009354:	00c0      	lsls	r0, r0, #3
10009356:	0893      	lsrs	r3, r2, #2
10009358:	18c0      	adds	r0, r0, r3
1000935a:	0851      	lsrs	r1, r2, #1
1000935c:	f7fe ff7a 	bl	10008254 <DivU32>
10009360:	2810      	cmp	r0, #16
10009362:	d200      	bcs.n	10009366 <PWM_Clock+0x22>
10009364:	2010      	movs	r0, #16
10009366:	2380      	movs	r3, #128	@ 0x80
10009368:	015b      	lsls	r3, r3, #5
1000936a:	4298      	cmp	r0, r3
1000936c:	d300      	bcc.n	10009370 <PWM_Clock+0x2c>
1000936e:	4804      	ldr	r0, [pc, #16]	@ (10009380 <PWM_Clock+0x3c>)
10009370:	2314      	movs	r3, #20
10009372:	4363      	muls	r3, r4
10009374:	4a03      	ldr	r2, [pc, #12]	@ (10009384 <PWM_Clock+0x40>)
10009376:	189b      	adds	r3, r3, r2
10009378:	6018      	str	r0, [r3, #0]
1000937a:	bd10      	pop	{r4, pc}
1000937c:	2000144c 	.word	0x2000144c
10009380:	00000fff 	.word	0x00000fff
10009384:	40050004 	.word	0x40050004

10009388 <PWM_GetClock>:
10009388:	2314      	movs	r3, #20
1000938a:	4343      	muls	r3, r0
1000938c:	20ff      	movs	r0, #255	@ 0xff
1000938e:	4a0a      	ldr	r2, [pc, #40]	@ (100093b8 <PWM_GetClock+0x30>)
10009390:	0100      	lsls	r0, r0, #4
10009392:	189b      	adds	r3, r3, r2
10009394:	681a      	ldr	r2, [r3, #0]
10009396:	2110      	movs	r1, #16
10009398:	b510      	push	{r4, lr}
1000939a:	b293      	uxth	r3, r2
1000939c:	4202      	tst	r2, r0
1000939e:	d001      	beq.n	100093a4 <PWM_GetClock+0x1c>
100093a0:	051b      	lsls	r3, r3, #20
100093a2:	0d19      	lsrs	r1, r3, #20
100093a4:	4b05      	ldr	r3, [pc, #20]	@ (100093bc <PWM_GetClock+0x34>)
100093a6:	6958      	ldr	r0, [r3, #20]
100093a8:	084b      	lsrs	r3, r1, #1
100093aa:	00c0      	lsls	r0, r0, #3
100093ac:	18c0      	adds	r0, r0, r3
100093ae:	f7fe ff51 	bl	10008254 <DivU32>
100093b2:	0040      	lsls	r0, r0, #1
100093b4:	bd10      	pop	{r4, pc}
100093b6:	46c0      	nop			@ (mov r8, r8)
100093b8:	40050004 	.word	0x40050004
100093bc:	2000144c 	.word	0x2000144c

100093c0 <PWM_FindSysClk>:
100093c0:	b5f0      	push	{r4, r5, r6, r7, lr}
100093c2:	4b33      	ldr	r3, [pc, #204]	@ (10009490 <PWM_FindSysClk+0xd0>)
100093c4:	b08b      	sub	sp, #44	@ 0x2c
100093c6:	6adb      	ldr	r3, [r3, #44]	@ 0x2c
100093c8:	0006      	movs	r6, r0
100093ca:	9306      	str	r3, [sp, #24]
100093cc:	011f      	lsls	r7, r3, #4
100093ce:	2332      	movs	r3, #50	@ 0x32
100093d0:	33ff      	adds	r3, #255	@ 0xff
100093d2:	9303      	str	r3, [sp, #12]
100093d4:	4b2f      	ldr	r3, [pc, #188]	@ (10009494 <PWM_FindSysClk+0xd4>)
100093d6:	9007      	str	r0, [sp, #28]
100093d8:	9108      	str	r1, [sp, #32]
100093da:	9205      	str	r2, [sp, #20]
100093dc:	9302      	str	r3, [sp, #8]
100093de:	4b2e      	ldr	r3, [pc, #184]	@ (10009498 <PWM_FindSysClk+0xd8>)
100093e0:	4a2e      	ldr	r2, [pc, #184]	@ (1000949c <PWM_FindSysClk+0xdc>)
100093e2:	18fb      	adds	r3, r7, r3
100093e4:	4293      	cmp	r3, r2
100093e6:	d844      	bhi.n	10009472 <PWM_FindSysClk+0xb2>
100093e8:	2507      	movs	r5, #7
100093ea:	b2eb      	uxtb	r3, r5
100093ec:	9304      	str	r3, [sp, #16]
100093ee:	002b      	movs	r3, r5
100093f0:	436b      	muls	r3, r5
100093f2:	9301      	str	r3, [sp, #4]
100093f4:	0038      	movs	r0, r7
100093f6:	9901      	ldr	r1, [sp, #4]
100093f8:	f7fe ff2c 	bl	10008254 <DivU32>
100093fc:	9b07      	ldr	r3, [sp, #28]
100093fe:	0004      	movs	r4, r0
10009400:	4283      	cmp	r3, r0
10009402:	d829      	bhi.n	10009458 <PWM_FindSysClk+0x98>
10009404:	9b08      	ldr	r3, [sp, #32]
10009406:	4298      	cmp	r0, r3
10009408:	d826      	bhi.n	10009458 <PWM_FindSysClk+0x98>
1000940a:	9b05      	ldr	r3, [sp, #20]
1000940c:	0001      	movs	r1, r0
1000940e:	4298      	cmp	r0, r3
10009410:	d900      	bls.n	10009414 <PWM_FindSysClk+0x54>
10009412:	0019      	movs	r1, r3
10009414:	00e3      	lsls	r3, r4, #3
10009416:	0888      	lsrs	r0, r1, #2
10009418:	18c0      	adds	r0, r0, r3
1000941a:	0849      	lsrs	r1, r1, #1
1000941c:	9309      	str	r3, [sp, #36]	@ 0x24
1000941e:	f7fe ff19 	bl	10008254 <DivU32>
10009422:	0001      	movs	r1, r0
10009424:	2810      	cmp	r0, #16
10009426:	d200      	bcs.n	1000942a <PWM_FindSysClk+0x6a>
10009428:	2110      	movs	r1, #16
1000942a:	2380      	movs	r3, #128	@ 0x80
1000942c:	015b      	lsls	r3, r3, #5
1000942e:	4299      	cmp	r1, r3
10009430:	d300      	bcc.n	10009434 <PWM_FindSysClk+0x74>
10009432:	491b      	ldr	r1, [pc, #108]	@ (100094a0 <PWM_FindSysClk+0xe0>)
10009434:	00e3      	lsls	r3, r4, #3
10009436:	0848      	lsrs	r0, r1, #1
10009438:	18c0      	adds	r0, r0, r3
1000943a:	f7fe ff0b 	bl	10008254 <DivU32>
1000943e:	9b05      	ldr	r3, [sp, #20]
10009440:	0040      	lsls	r0, r0, #1
10009442:	1ac0      	subs	r0, r0, r3
10009444:	17c3      	asrs	r3, r0, #31
10009446:	18c0      	adds	r0, r0, r3
10009448:	4058      	eors	r0, r3
1000944a:	9b02      	ldr	r3, [sp, #8]
1000944c:	4298      	cmp	r0, r3
1000944e:	db1c      	blt.n	1000948a <PWM_FindSysClk+0xca>
10009450:	d102      	bne.n	10009458 <PWM_FindSysClk+0x98>
10009452:	42a6      	cmp	r6, r4
10009454:	d900      	bls.n	10009458 <PWM_FindSysClk+0x98>
10009456:	0026      	movs	r6, r4
10009458:	9b04      	ldr	r3, [sp, #16]
1000945a:	3b01      	subs	r3, #1
1000945c:	b2db      	uxtb	r3, r3
1000945e:	9304      	str	r3, [sp, #16]
10009460:	9b01      	ldr	r3, [sp, #4]
10009462:	1b5b      	subs	r3, r3, r5
10009464:	9301      	str	r3, [sp, #4]
10009466:	9b04      	ldr	r3, [sp, #16]
10009468:	2b00      	cmp	r3, #0
1000946a:	d1c3      	bne.n	100093f4 <PWM_FindSysClk+0x34>
1000946c:	3d01      	subs	r5, #1
1000946e:	2d00      	cmp	r5, #0
10009470:	d1bb      	bne.n	100093ea <PWM_FindSysClk+0x2a>
10009472:	9b03      	ldr	r3, [sp, #12]
10009474:	3b01      	subs	r3, #1
10009476:	b29b      	uxth	r3, r3
10009478:	9303      	str	r3, [sp, #12]
1000947a:	9b06      	ldr	r3, [sp, #24]
1000947c:	18ff      	adds	r7, r7, r3
1000947e:	9b03      	ldr	r3, [sp, #12]
10009480:	2b00      	cmp	r3, #0
10009482:	d1ac      	bne.n	100093de <PWM_FindSysClk+0x1e>
10009484:	0030      	movs	r0, r6
10009486:	b00b      	add	sp, #44	@ 0x2c
10009488:	bdf0      	pop	{r4, r5, r6, r7, pc}
1000948a:	0026      	movs	r6, r4
1000948c:	9002      	str	r0, [sp, #8]
1000948e:	e7e3      	b.n	10009458 <PWM_FindSysClk+0x98>
10009490:	2000144c 	.word	0x2000144c
10009494:	3b9aca00 	.word	0x3b9aca00
10009498:	e8287c00 	.word	0xe8287c00
1000949c:	47868c00 	.word	0x47868c00
100094a0:	00000fff 	.word	0x00000fff

100094a4 <ResetPeripheryOffWaitMask>:
100094a4:	4b03      	ldr	r3, [pc, #12]	@ (100094b4 <ResetPeripheryOffWaitMask+0x10>)
100094a6:	4a04      	ldr	r2, [pc, #16]	@ (100094b8 <ResetPeripheryOffWaitMask+0x14>)
100094a8:	6018      	str	r0, [r3, #0]
100094aa:	0001      	movs	r1, r0
100094ac:	6813      	ldr	r3, [r2, #0]
100094ae:	4399      	bics	r1, r3
100094b0:	d1fb      	bne.n	100094aa <ResetPeripheryOffWaitMask+0x6>
100094b2:	4770      	bx	lr
100094b4:	4000f000 	.word	0x4000f000
100094b8:	4000c008 	.word	0x4000c008

100094bc <ResetPeripheryMask>:
100094bc:	b510      	push	{r4, lr}
100094be:	4b02      	ldr	r3, [pc, #8]	@ (100094c8 <ResetPeripheryMask+0xc>)
100094c0:	6018      	str	r0, [r3, #0]
100094c2:	f7ff ffef 	bl	100094a4 <ResetPeripheryOffWaitMask>
100094c6:	bd10      	pop	{r4, pc}
100094c8:	4000e000 	.word	0x4000e000

100094cc <RoscGetDiv>:
100094cc:	4b04      	ldr	r3, [pc, #16]	@ (100094e0 <RoscGetDiv+0x14>)
100094ce:	681a      	ldr	r2, [r3, #0]
100094d0:	231f      	movs	r3, #31
100094d2:	0010      	movs	r0, r2
100094d4:	4018      	ands	r0, r3
100094d6:	421a      	tst	r2, r3
100094d8:	d100      	bne.n	100094dc <RoscGetDiv+0x10>
100094da:	2020      	movs	r0, #32
100094dc:	4770      	bx	lr
100094de:	46c0      	nop			@ (mov r8, r8)
100094e0:	40060010 	.word	0x40060010

100094e4 <RoscInit>:
100094e4:	4a0e      	ldr	r2, [pc, #56]	@ (10009520 <RoscInit+0x3c>)
100094e6:	4b0f      	ldr	r3, [pc, #60]	@ (10009524 <RoscInit+0x40>)
100094e8:	6811      	ldr	r1, [r2, #0]
100094ea:	480f      	ldr	r0, [pc, #60]	@ (10009528 <RoscInit+0x44>)
100094ec:	404b      	eors	r3, r1
100094ee:	051b      	lsls	r3, r3, #20
100094f0:	490e      	ldr	r1, [pc, #56]	@ (1000952c <RoscInit+0x48>)
100094f2:	0d1b      	lsrs	r3, r3, #20
100094f4:	600b      	str	r3, [r1, #0]
100094f6:	4b0e      	ldr	r3, [pc, #56]	@ (10009530 <RoscInit+0x4c>)
100094f8:	6003      	str	r3, [r0, #0]
100094fa:	480e      	ldr	r0, [pc, #56]	@ (10009534 <RoscInit+0x50>)
100094fc:	6003      	str	r3, [r0, #0]
100094fe:	23ab      	movs	r3, #171	@ 0xab
10009500:	011b      	lsls	r3, r3, #4
10009502:	6113      	str	r3, [r2, #16]
10009504:	6810      	ldr	r0, [r2, #0]
10009506:	4b0c      	ldr	r3, [pc, #48]	@ (10009538 <RoscInit+0x54>)
10009508:	4043      	eors	r3, r0
1000950a:	480c      	ldr	r0, [pc, #48]	@ (1000953c <RoscInit+0x58>)
1000950c:	4003      	ands	r3, r0
1000950e:	600b      	str	r3, [r1, #0]
10009510:	4b0b      	ldr	r3, [pc, #44]	@ (10009540 <RoscInit+0x5c>)
10009512:	490c      	ldr	r1, [pc, #48]	@ (10009544 <RoscInit+0x60>)
10009514:	6299      	str	r1, [r3, #40]	@ 0x28
10009516:	6993      	ldr	r3, [r2, #24]
10009518:	2b00      	cmp	r3, #0
1000951a:	dafc      	bge.n	10009516 <RoscInit+0x32>
1000951c:	4770      	bx	lr
1000951e:	46c0      	nop			@ (mov r8, r8)
10009520:	40060000 	.word	0x40060000
10009524:	00000fa4 	.word	0x00000fa4
10009528:	40060004 	.word	0x40060004
1000952c:	40061000 	.word	0x40061000
10009530:	96960000 	.word	0x96960000
10009534:	40060008 	.word	0x40060008
10009538:	00fab000 	.word	0x00fab000
1000953c:	00fff000 	.word	0x00fff000
10009540:	2000144c 	.word	0x2000144c
10009544:	005b8d80 	.word	0x005b8d80

10009548 <RoscRand>:
10009548:	b5f0      	push	{r4, r5, r6, r7, lr}
1000954a:	4b20      	ldr	r3, [pc, #128]	@ (100095cc <RoscRand+0x84>)
1000954c:	b085      	sub	sp, #20
1000954e:	6a9c      	ldr	r4, [r3, #40]	@ 0x28
10009550:	695d      	ldr	r5, [r3, #20]
10009552:	f7ff ffbb 	bl	100094cc <RoscGetDiv>
10009556:	0021      	movs	r1, r4
10009558:	4341      	muls	r1, r0
1000955a:	0028      	movs	r0, r5
1000955c:	f7fe fe7a 	bl	10008254 <DivU32>
10009560:	4c1b      	ldr	r4, [pc, #108]	@ (100095d0 <RoscRand+0x88>)
10009562:	1c43      	adds	r3, r0, #1
10009564:	9303      	str	r3, [sp, #12]
10009566:	6863      	ldr	r3, [r4, #4]
10009568:	2232      	movs	r2, #50	@ 0x32
1000956a:	9302      	str	r3, [sp, #8]
1000956c:	4b19      	ldr	r3, [pc, #100]	@ (100095d4 <RoscRand+0x8c>)
1000956e:	2501      	movs	r5, #1
10009570:	469c      	mov	ip, r3
10009572:	6820      	ldr	r0, [r4, #0]
10009574:	4663      	mov	r3, ip
10009576:	210f      	movs	r1, #15
10009578:	69db      	ldr	r3, [r3, #28]
1000957a:	402b      	ands	r3, r5
1000957c:	4043      	eors	r3, r0
1000957e:	4019      	ands	r1, r3
10009580:	9100      	str	r1, [sp, #0]
10009582:	2100      	movs	r1, #0
10009584:	2003      	movs	r0, #3
10009586:	9101      	str	r1, [sp, #4]
10009588:	2100      	movs	r1, #0
1000958a:	9e00      	ldr	r6, [sp, #0]
1000958c:	9f01      	ldr	r7, [sp, #4]
1000958e:	1836      	adds	r6, r6, r0
10009590:	414f      	adcs	r7, r1
10009592:	9903      	ldr	r1, [sp, #12]
10009594:	434e      	muls	r6, r1
10009596:	3e03      	subs	r6, #3
10009598:	d2fd      	bcs.n	10009596 <RoscRand+0x4e>
1000959a:	9902      	ldr	r1, [sp, #8]
1000959c:	085e      	lsrs	r6, r3, #1
1000959e:	07c8      	lsls	r0, r1, #31
100095a0:	07db      	lsls	r3, r3, #31
100095a2:	0849      	lsrs	r1, r1, #1
100095a4:	4319      	orrs	r1, r3
100095a6:	3a01      	subs	r2, #1
100095a8:	4330      	orrs	r0, r6
100095aa:	9102      	str	r1, [sp, #8]
100095ac:	2a00      	cmp	r2, #0
100095ae:	d1e1      	bne.n	10009574 <RoscRand+0x2c>
100095b0:	2300      	movs	r3, #0
100095b2:	4a09      	ldr	r2, [pc, #36]	@ (100095d8 <RoscRand+0x90>)
100095b4:	f7fe fec4 	bl	10008340 <SMul64>
100095b8:	2300      	movs	r3, #0
100095ba:	4a08      	ldr	r2, [pc, #32]	@ (100095dc <RoscRand+0x94>)
100095bc:	1880      	adds	r0, r0, r2
100095be:	4159      	adcs	r1, r3
100095c0:	6020      	str	r0, [r4, #0]
100095c2:	6061      	str	r1, [r4, #4]
100095c4:	0008      	movs	r0, r1
100095c6:	b005      	add	sp, #20
100095c8:	bdf0      	pop	{r4, r5, r6, r7, pc}
100095ca:	46c0      	nop			@ (mov r8, r8)
100095cc:	2000144c 	.word	0x2000144c
100095d0:	20000fb0 	.word	0x20000fb0
100095d4:	40060000 	.word	0x40060000
100095d8:	000343fd 	.word	0x000343fd
100095dc:	00269ec3 	.word	0x00269ec3

100095e0 <RtcInit>:
100095e0:	2080      	movs	r0, #128	@ 0x80
100095e2:	b510      	push	{r4, lr}
100095e4:	4b04      	ldr	r3, [pc, #16]	@ (100095f8 <RtcInit+0x18>)
100095e6:	0200      	lsls	r0, r0, #8
100095e8:	6a5c      	ldr	r4, [r3, #36]	@ 0x24
100095ea:	f7ff ff67 	bl	100094bc <ResetPeripheryMask>
100095ee:	4b03      	ldr	r3, [pc, #12]	@ (100095fc <RtcInit+0x1c>)
100095f0:	3c01      	subs	r4, #1
100095f2:	601c      	str	r4, [r3, #0]
100095f4:	bd10      	pop	{r4, pc}
100095f6:	46c0      	nop			@ (mov r8, r8)
100095f8:	2000144c 	.word	0x2000144c
100095fc:	4005c000 	.word	0x4005c000

10009600 <RuntimeInit>:
10009600:	b5f8      	push	{r3, r4, r5, r6, r7, lr}
10009602:	4a2c      	ldr	r2, [pc, #176]	@ (100096b4 <RuntimeInit+0xb4>)
10009604:	4b2c      	ldr	r3, [pc, #176]	@ (100096b8 <RuntimeInit+0xb8>)
10009606:	482d      	ldr	r0, [pc, #180]	@ (100096bc <RuntimeInit+0xbc>)
10009608:	601a      	str	r2, [r3, #0]
1000960a:	f7ff ff4b 	bl	100094a4 <ResetPeripheryOffWaitMask>
1000960e:	4c2c      	ldr	r4, [pc, #176]	@ (100096c0 <RuntimeInit+0xc0>)
10009610:	4b2c      	ldr	r3, [pc, #176]	@ (100096c4 <RuntimeInit+0xc4>)
10009612:	429c      	cmp	r4, r3
10009614:	d348      	bcc.n	100096a8 <RuntimeInit+0xa8>
10009616:	f7ff f851 	bl	100086bc <RomFncInit>
1000961a:	f7ff fc05 	bl	10008e28 <FloatInit>
1000961e:	f7ff fcaf 	bl	10008f80 <NVIC_IRQPrioDef>
10009622:	f7ff f97b 	bl	1000891c <ClockInit>
10009626:	4828      	ldr	r0, [pc, #160]	@ (100096c8 <RuntimeInit+0xc8>)
10009628:	f7ff ff3c 	bl	100094a4 <ResetPeripheryOffWaitMask>
1000962c:	22c0      	movs	r2, #192	@ 0xc0
1000962e:	4c27      	ldr	r4, [pc, #156]	@ (100096cc <RuntimeInit+0xcc>)
10009630:	4d27      	ldr	r5, [pc, #156]	@ (100096d0 <RuntimeInit+0xd0>)
10009632:	0020      	movs	r0, r4
10009634:	6829      	ldr	r1, [r5, #0]
10009636:	0092      	lsls	r2, r2, #2
10009638:	f7fe fea4 	bl	10008384 <__wrap___aeabi_memcpy>
1000963c:	602c      	str	r4, [r5, #0]
1000963e:	f7ff f9f3 	bl	10008a28 <StackFeed>
10009642:	f000 f961 	bl	10009908 <SpinResetAll>
10009646:	f7ff fb8d 	bl	10008d64 <FlashLoadInfo>
1000964a:	f001 ff7f 	bl	1000b54c <ConfigLoad>
1000964e:	f004 fb4f 	bl	1000dcf0 <RandInit>
10009652:	4c20      	ldr	r4, [pc, #128]	@ (100096d4 <RuntimeInit+0xd4>)
10009654:	2700      	movs	r7, #0
10009656:	6820      	ldr	r0, [r4, #0]
10009658:	6861      	ldr	r1, [r4, #4]
1000965a:	68a2      	ldr	r2, [r4, #8]
1000965c:	68e3      	ldr	r3, [r4, #12]
1000965e:	1812      	adds	r2, r2, r0
10009660:	414b      	adcs	r3, r1
10009662:	60a2      	str	r2, [r4, #8]
10009664:	60e3      	str	r3, [r4, #12]
10009666:	f7ff ff6f 	bl	10009548 <RoscRand>
1000966a:	6822      	ldr	r2, [r4, #0]
1000966c:	6863      	ldr	r3, [r4, #4]
1000966e:	0006      	movs	r6, r0
10009670:	1992      	adds	r2, r2, r6
10009672:	417b      	adcs	r3, r7
10009674:	6022      	str	r2, [r4, #0]
10009676:	6063      	str	r3, [r4, #4]
10009678:	f001 ff38 	bl	1000b4ec <AlarmInit>
1000967c:	f000 f996 	bl	100099ac <SysTickInit>
10009680:	f7ff ffae 	bl	100095e0 <RtcInit>
10009684:	f002 fb82 	bl	1000bd8c <MemInit>
10009688:	4c13      	ldr	r4, [pc, #76]	@ (100096d8 <RuntimeInit+0xd8>)
1000968a:	4b14      	ldr	r3, [pc, #80]	@ (100096dc <RuntimeInit+0xdc>)
1000968c:	429c      	cmp	r4, r3
1000968e:	d30e      	bcc.n	100096ae <RuntimeInit+0xae>
10009690:	2019      	movs	r0, #25
10009692:	f7ff fc51 	bl	10008f38 <GPIO_Init>
10009696:	23d0      	movs	r3, #208	@ 0xd0
10009698:	2280      	movs	r2, #128	@ 0x80
1000969a:	061b      	lsls	r3, r3, #24
1000969c:	0492      	lsls	r2, r2, #18
1000969e:	625a      	str	r2, [r3, #36]	@ 0x24
100096a0:	619a      	str	r2, [r3, #24]
100096a2:	f7fe ffa9 	bl	100085f8 <DeviceInit>
100096a6:	bdf8      	pop	{r3, r4, r5, r6, r7, pc}
100096a8:	cc08      	ldmia	r4!, {r3}
100096aa:	4798      	blx	r3
100096ac:	e7b0      	b.n	10009610 <RuntimeInit+0x10>
100096ae:	cc08      	ldmia	r4!, {r3}
100096b0:	4798      	blx	r3
100096b2:	e7ea      	b.n	1000968a <RuntimeInit+0x8a>
100096b4:	00fbcdbf 	.word	0x00fbcdbf
100096b8:	4000e000 	.word	0x4000e000
100096bc:	003c7ffe 	.word	0x003c7ffe
100096c0:	1000f480 	.word	0x1000f480
100096c4:	1000f480 	.word	0x1000f480
100096c8:	01ffffff 	.word	0x01ffffff
100096cc:	20001100 	.word	0x20001100
100096d0:	e000ed08 	.word	0xe000ed08
100096d4:	20000fe0 	.word	0x20000fe0
100096d8:	1000f480 	.word	0x1000f480
100096dc:	1000f480 	.word	0x1000f480

100096e0 <SPI_Reset_hw>:
100096e0:	4b05      	ldr	r3, [pc, #20]	@ (100096f8 <SPI_Reset_hw+0x18>)
100096e2:	b510      	push	{r4, lr}
100096e4:	18c3      	adds	r3, r0, r3
100096e6:	1e5a      	subs	r2, r3, #1
100096e8:	4193      	sbcs	r3, r2
100096ea:	2001      	movs	r0, #1
100096ec:	3310      	adds	r3, #16
100096ee:	4098      	lsls	r0, r3
100096f0:	f7ff fee4 	bl	100094bc <ResetPeripheryMask>
100096f4:	bd10      	pop	{r4, pc}
100096f6:	46c0      	nop			@ (mov r8, r8)
100096f8:	bffc4000 	.word	0xbffc4000

100096fc <SPI_Term_hw>:
100096fc:	23c0      	movs	r3, #192	@ 0xc0
100096fe:	2102      	movs	r1, #2
10009700:	1d02      	adds	r2, r0, #4
10009702:	019b      	lsls	r3, r3, #6
10009704:	431a      	orrs	r2, r3
10009706:	b510      	push	{r4, lr}
10009708:	6011      	str	r1, [r2, #0]
1000970a:	0002      	movs	r2, r0
1000970c:	3224      	adds	r2, #36	@ 0x24
1000970e:	4313      	orrs	r3, r2
10009710:	2201      	movs	r2, #1
10009712:	6019      	str	r1, [r3, #0]
10009714:	601a      	str	r2, [r3, #0]
10009716:	f7ff ffe3 	bl	100096e0 <SPI_Reset_hw>
1000971a:	bd10      	pop	{r4, pc}

1000971c <SPI_Baudrate_hw>:
1000971c:	2202      	movs	r2, #2
1000971e:	b5f0      	push	{r4, r5, r6, r7, lr}
10009720:	6843      	ldr	r3, [r0, #4]
10009722:	b087      	sub	sp, #28
10009724:	4013      	ands	r3, r2
10009726:	9305      	str	r3, [sp, #20]
10009728:	1d03      	adds	r3, r0, #4
1000972a:	9304      	str	r3, [sp, #16]
1000972c:	23c0      	movs	r3, #192	@ 0xc0
1000972e:	0004      	movs	r4, r0
10009730:	9804      	ldr	r0, [sp, #16]
10009732:	019b      	lsls	r3, r3, #6
10009734:	4303      	orrs	r3, r0
10009736:	601a      	str	r2, [r3, #0]
10009738:	4b2b      	ldr	r3, [pc, #172]	@ (100097e8 <SPI_Baudrate_hw+0xcc>)
1000973a:	699b      	ldr	r3, [r3, #24]
1000973c:	1c5d      	adds	r5, r3, #1
1000973e:	9302      	str	r3, [sp, #8]
10009740:	086d      	lsrs	r5, r5, #1
10009742:	428d      	cmp	r5, r1
10009744:	d900      	bls.n	10009748 <SPI_Baudrate_hw+0x2c>
10009746:	000d      	movs	r5, r1
10009748:	2602      	movs	r6, #2
1000974a:	0de9      	lsrs	r1, r5, #23
1000974c:	0268      	lsls	r0, r5, #9
1000974e:	0dab      	lsrs	r3, r5, #22
10009750:	02aa      	lsls	r2, r5, #10
10009752:	9601      	str	r6, [sp, #4]
10009754:	3602      	adds	r6, #2
10009756:	2b00      	cmp	r3, #0
10009758:	d107      	bne.n	1000976a <SPI_Baudrate_hw+0x4e>
1000975a:	9f02      	ldr	r7, [sp, #8]
1000975c:	42ba      	cmp	r2, r7
1000975e:	d804      	bhi.n	1000976a <SPI_Baudrate_hw+0x4e>
10009760:	1812      	adds	r2, r2, r0
10009762:	414b      	adcs	r3, r1
10009764:	2efe      	cmp	r6, #254	@ 0xfe
10009766:	d1f4      	bne.n	10009752 <SPI_Baudrate_hw+0x36>
10009768:	9601      	str	r6, [sp, #4]
1000976a:	27ff      	movs	r7, #255	@ 0xff
1000976c:	2680      	movs	r6, #128	@ 0x80
1000976e:	9b01      	ldr	r3, [sp, #4]
10009770:	0076      	lsls	r6, r6, #1
10009772:	435f      	muls	r7, r3
10009774:	0039      	movs	r1, r7
10009776:	9802      	ldr	r0, [sp, #8]
10009778:	9603      	str	r6, [sp, #12]
1000977a:	3e01      	subs	r6, #1
1000977c:	f7fe fd6a 	bl	10008254 <DivU32>
10009780:	42a8      	cmp	r0, r5
10009782:	d918      	bls.n	100097b6 <SPI_Baudrate_hw+0x9a>
10009784:	9b03      	ldr	r3, [sp, #12]
10009786:	9901      	ldr	r1, [sp, #4]
10009788:	1e5e      	subs	r6, r3, #1
1000978a:	4371      	muls	r1, r6
1000978c:	9802      	ldr	r0, [sp, #8]
1000978e:	f7fe fd61 	bl	10008254 <DivU32>
10009792:	1b40      	subs	r0, r0, r5
10009794:	17c3      	asrs	r3, r0, #31
10009796:	18c7      	adds	r7, r0, r3
10009798:	9901      	ldr	r1, [sp, #4]
1000979a:	405f      	eors	r7, r3
1000979c:	9b03      	ldr	r3, [sp, #12]
1000979e:	9802      	ldr	r0, [sp, #8]
100097a0:	4359      	muls	r1, r3
100097a2:	f7fe fd57 	bl	10008254 <DivU32>
100097a6:	1b40      	subs	r0, r0, r5
100097a8:	17c3      	asrs	r3, r0, #31
100097aa:	18c0      	adds	r0, r0, r3
100097ac:	4058      	eors	r0, r3
100097ae:	4287      	cmp	r7, r0
100097b0:	db05      	blt.n	100097be <SPI_Baudrate_hw+0xa2>
100097b2:	9e03      	ldr	r6, [sp, #12]
100097b4:	e003      	b.n	100097be <SPI_Baudrate_hw+0xa2>
100097b6:	9b01      	ldr	r3, [sp, #4]
100097b8:	1aff      	subs	r7, r7, r3
100097ba:	2e01      	cmp	r6, #1
100097bc:	d1da      	bne.n	10009774 <SPI_Baudrate_hw+0x58>
100097be:	9b01      	ldr	r3, [sp, #4]
100097c0:	3e01      	subs	r6, #1
100097c2:	6123      	str	r3, [r4, #16]
100097c4:	6822      	ldr	r2, [r4, #0]
100097c6:	0236      	lsls	r6, r6, #8
100097c8:	4056      	eors	r6, r2
100097ca:	2380      	movs	r3, #128	@ 0x80
100097cc:	22ff      	movs	r2, #255	@ 0xff
100097ce:	015b      	lsls	r3, r3, #5
100097d0:	0212      	lsls	r2, r2, #8
100097d2:	4323      	orrs	r3, r4
100097d4:	4016      	ands	r6, r2
100097d6:	601e      	str	r6, [r3, #0]
100097d8:	2380      	movs	r3, #128	@ 0x80
100097da:	9a04      	ldr	r2, [sp, #16]
100097dc:	019b      	lsls	r3, r3, #6
100097de:	4313      	orrs	r3, r2
100097e0:	9a05      	ldr	r2, [sp, #20]
100097e2:	601a      	str	r2, [r3, #0]
100097e4:	b007      	add	sp, #28
100097e6:	bdf0      	pop	{r4, r5, r6, r7, pc}
100097e8:	2000144c 	.word	0x2000144c

100097ec <SPI_Init_hw>:
100097ec:	b570      	push	{r4, r5, r6, lr}
100097ee:	0004      	movs	r4, r0
100097f0:	000d      	movs	r5, r1
100097f2:	f7ff ff75 	bl	100096e0 <SPI_Reset_hw>
100097f6:	0029      	movs	r1, r5
100097f8:	0020      	movs	r0, r4
100097fa:	f7ff ff8f 	bl	1000971c <SPI_Baudrate_hw>
100097fe:	2207      	movs	r2, #7
10009800:	6821      	ldr	r1, [r4, #0]
10009802:	2380      	movs	r3, #128	@ 0x80
10009804:	404a      	eors	r2, r1
10009806:	210f      	movs	r1, #15
10009808:	015b      	lsls	r3, r3, #5
1000980a:	4323      	orrs	r3, r4
1000980c:	400a      	ands	r2, r1
1000980e:	601a      	str	r2, [r3, #0]
10009810:	6822      	ldr	r2, [r4, #0]
10009812:	3131      	adds	r1, #49	@ 0x31
10009814:	400a      	ands	r2, r1
10009816:	601a      	str	r2, [r3, #0]
10009818:	6822      	ldr	r2, [r4, #0]
1000981a:	3140      	adds	r1, #64	@ 0x40
1000981c:	400a      	ands	r2, r1
1000981e:	601a      	str	r2, [r3, #0]
10009820:	0022      	movs	r2, r4
10009822:	2380      	movs	r3, #128	@ 0x80
10009824:	2001      	movs	r0, #1
10009826:	019b      	lsls	r3, r3, #6
10009828:	3404      	adds	r4, #4
1000982a:	3224      	adds	r2, #36	@ 0x24
1000982c:	431a      	orrs	r2, r3
1000982e:	397e      	subs	r1, #126	@ 0x7e
10009830:	4323      	orrs	r3, r4
10009832:	6011      	str	r1, [r2, #0]
10009834:	6010      	str	r0, [r2, #0]
10009836:	6019      	str	r1, [r3, #0]
10009838:	bd70      	pop	{r4, r5, r6, pc}

1000983a <SPI_Send8_hw>:
1000983a:	b530      	push	{r4, r5, lr}
1000983c:	2402      	movs	r4, #2
1000983e:	2504      	movs	r5, #4
10009840:	188a      	adds	r2, r1, r2
10009842:	1a53      	subs	r3, r2, r1
10009844:	2b00      	cmp	r3, #0
10009846:	dc0b      	bgt.n	10009860 <SPI_Send8_hw+0x26>
10009848:	2310      	movs	r3, #16
1000984a:	2104      	movs	r1, #4
1000984c:	68c2      	ldr	r2, [r0, #12]
1000984e:	421a      	tst	r2, r3
10009850:	d113      	bne.n	1000987a <SPI_Send8_hw+0x40>
10009852:	2304      	movs	r3, #4
10009854:	68c2      	ldr	r2, [r0, #12]
10009856:	421a      	tst	r2, r3
10009858:	d113      	bne.n	10009882 <SPI_Send8_hw+0x48>
1000985a:	2301      	movs	r3, #1
1000985c:	6203      	str	r3, [r0, #32]
1000985e:	bd30      	pop	{r4, r5, pc}
10009860:	68c3      	ldr	r3, [r0, #12]
10009862:	4223      	tst	r3, r4
10009864:	d0fc      	beq.n	10009860 <SPI_Send8_hw+0x26>
10009866:	780b      	ldrb	r3, [r1, #0]
10009868:	6083      	str	r3, [r0, #8]
1000986a:	68c3      	ldr	r3, [r0, #12]
1000986c:	422b      	tst	r3, r5
1000986e:	d101      	bne.n	10009874 <SPI_Send8_hw+0x3a>
10009870:	3101      	adds	r1, #1
10009872:	e7e6      	b.n	10009842 <SPI_Send8_hw+0x8>
10009874:	6883      	ldr	r3, [r0, #8]
10009876:	e7f8      	b.n	1000986a <SPI_Send8_hw+0x30>
10009878:	6882      	ldr	r2, [r0, #8]
1000987a:	68c2      	ldr	r2, [r0, #12]
1000987c:	420a      	tst	r2, r1
1000987e:	d1fb      	bne.n	10009878 <SPI_Send8_hw+0x3e>
10009880:	e7e4      	b.n	1000984c <SPI_Send8_hw+0x12>
10009882:	6882      	ldr	r2, [r0, #8]
10009884:	e7e6      	b.n	10009854 <SPI_Send8_hw+0x1a>
	...

10009888 <SPI_Send8DMA_hw>:
10009888:	b5f7      	push	{r0, r1, r2, r4, r5, r6, r7, lr}
1000988a:	9301      	str	r3, [sp, #4]
1000988c:	23a0      	movs	r3, #160	@ 0xa0
1000988e:	018c      	lsls	r4, r1, #6
10009890:	05db      	lsls	r3, r3, #23
10009892:	18e4      	adds	r4, r4, r3
10009894:	0005      	movs	r5, r0
10009896:	0008      	movs	r0, r1
10009898:	000e      	movs	r6, r1
1000989a:	0017      	movs	r7, r2
1000989c:	f7ff f8f0 	bl	10008a80 <DMA_Abort>
100098a0:	6923      	ldr	r3, [r4, #16]
100098a2:	6123      	str	r3, [r4, #16]
100098a4:	002b      	movs	r3, r5
100098a6:	3308      	adds	r3, #8
100098a8:	6027      	str	r7, [r4, #0]
100098aa:	6063      	str	r3, [r4, #4]
100098ac:	9b01      	ldr	r3, [sp, #4]
100098ae:	60a3      	str	r3, [r4, #8]
100098b0:	4a14      	ldr	r2, [pc, #80]	@ (10009904 <SPI_Send8DMA_hw+0x7c>)
100098b2:	2312      	movs	r3, #18
100098b4:	4295      	cmp	r5, r2
100098b6:	d100      	bne.n	100098ba <SPI_Send8DMA_hw+0x32>
100098b8:	3b02      	subs	r3, #2
100098ba:	2211      	movs	r2, #17
100098bc:	02f6      	lsls	r6, r6, #11
100098be:	03db      	lsls	r3, r3, #15
100098c0:	4333      	orrs	r3, r6
100098c2:	4313      	orrs	r3, r2
100098c4:	60e3      	str	r3, [r4, #12]
100098c6:	2380      	movs	r3, #128	@ 0x80
100098c8:	045b      	lsls	r3, r3, #17
100098ca:	6922      	ldr	r2, [r4, #16]
100098cc:	421a      	tst	r2, r3
100098ce:	d1fc      	bne.n	100098ca <SPI_Send8DMA_hw+0x42>
100098d0:	23c0      	movs	r3, #192	@ 0xc0
100098d2:	2201      	movs	r2, #1
100098d4:	3410      	adds	r4, #16
100098d6:	019b      	lsls	r3, r3, #6
100098d8:	4323      	orrs	r3, r4
100098da:	601a      	str	r2, [r3, #0]
100098dc:	2104      	movs	r1, #4
100098de:	2310      	movs	r3, #16
100098e0:	68ea      	ldr	r2, [r5, #12]
100098e2:	421a      	tst	r2, r3
100098e4:	d107      	bne.n	100098f6 <SPI_Send8DMA_hw+0x6e>
100098e6:	2304      	movs	r3, #4
100098e8:	68ea      	ldr	r2, [r5, #12]
100098ea:	421a      	tst	r2, r3
100098ec:	d107      	bne.n	100098fe <SPI_Send8DMA_hw+0x76>
100098ee:	2301      	movs	r3, #1
100098f0:	622b      	str	r3, [r5, #32]
100098f2:	bdf7      	pop	{r0, r1, r2, r4, r5, r6, r7, pc}
100098f4:	68aa      	ldr	r2, [r5, #8]
100098f6:	68ea      	ldr	r2, [r5, #12]
100098f8:	420a      	tst	r2, r1
100098fa:	d1fb      	bne.n	100098f4 <SPI_Send8DMA_hw+0x6c>
100098fc:	e7f0      	b.n	100098e0 <SPI_Send8DMA_hw+0x58>
100098fe:	68aa      	ldr	r2, [r5, #8]
10009900:	e7f2      	b.n	100098e8 <SPI_Send8DMA_hw+0x60>
10009902:	46c0      	nop			@ (mov r8, r8)
10009904:	4003c000 	.word	0x4003c000

10009908 <SpinResetAll>:
10009908:	2200      	movs	r2, #0
1000990a:	4b06      	ldr	r3, [pc, #24]	@ (10009924 <SpinResetAll+0x1c>)
1000990c:	601a      	str	r2, [r3, #0]
1000990e:	f3bf 8f5f 	dmb	sy
10009912:	4b05      	ldr	r3, [pc, #20]	@ (10009928 <SpinResetAll+0x20>)
10009914:	4905      	ldr	r1, [pc, #20]	@ (1000992c <SpinResetAll+0x24>)
10009916:	f3bf 8f5f 	dmb	sy
1000991a:	c304      	stmia	r3!, {r2}
1000991c:	428b      	cmp	r3, r1
1000991e:	d1fa      	bne.n	10009916 <SpinResetAll+0xe>
10009920:	4770      	bx	lr
10009922:	46c0      	nop			@ (mov r8, r8)
10009924:	20026e48 	.word	0x20026e48
10009928:	d0000100 	.word	0xd0000100
1000992c:	d0000180 	.word	0xd0000180

10009930 <SysTick_Handler>:
10009930:	b510      	push	{r4, lr}
10009932:	f3ef 8410 	mrs	r4, PRIMASK
10009936:	b672      	cpsid	i
10009938:	23d0      	movs	r3, #208	@ 0xd0
1000993a:	061b      	lsls	r3, r3, #24
1000993c:	681b      	ldr	r3, [r3, #0]
1000993e:	2b00      	cmp	r3, #0
10009940:	d119      	bne.n	10009976 <SysTick_Handler+0x46>
10009942:	20fa      	movs	r0, #250	@ 0xfa
10009944:	4a12      	ldr	r2, [pc, #72]	@ (10009990 <SysTick_Handler+0x60>)
10009946:	4913      	ldr	r1, [pc, #76]	@ (10009994 <SysTick_Handler+0x64>)
10009948:	6813      	ldr	r3, [r2, #0]
1000994a:	0080      	lsls	r0, r0, #2
1000994c:	3305      	adds	r3, #5
1000994e:	6013      	str	r3, [r2, #0]
10009950:	4b11      	ldr	r3, [pc, #68]	@ (10009998 <SysTick_Handler+0x68>)
10009952:	4a12      	ldr	r2, [pc, #72]	@ (1000999c <SysTick_Handler+0x6c>)
10009954:	6a9b      	ldr	r3, [r3, #40]	@ 0x28
10009956:	b29b      	uxth	r3, r3
10009958:	8013      	strh	r3, [r2, #0]
1000995a:	880a      	ldrh	r2, [r1, #0]
1000995c:	1d53      	adds	r3, r2, #5
1000995e:	b29b      	uxth	r3, r3
10009960:	4283      	cmp	r3, r0
10009962:	d306      	bcc.n	10009972 <SysTick_Handler+0x42>
10009964:	4b0e      	ldr	r3, [pc, #56]	@ (100099a0 <SysTick_Handler+0x70>)
10009966:	480f      	ldr	r0, [pc, #60]	@ (100099a4 <SysTick_Handler+0x74>)
10009968:	18d2      	adds	r2, r2, r3
1000996a:	b293      	uxth	r3, r2
1000996c:	6802      	ldr	r2, [r0, #0]
1000996e:	3201      	adds	r2, #1
10009970:	6002      	str	r2, [r0, #0]
10009972:	b21b      	sxth	r3, r3
10009974:	800b      	strh	r3, [r1, #0]
10009976:	f001 fd99 	bl	1000b4ac <AlarmUpdate>
1000997a:	f384 8810 	msr	PRIMASK, r4
1000997e:	4b0a      	ldr	r3, [pc, #40]	@ (100099a8 <SysTick_Handler+0x78>)
10009980:	781b      	ldrb	r3, [r3, #0]
10009982:	2b00      	cmp	r3, #0
10009984:	d001      	beq.n	1000998a <SysTick_Handler+0x5a>
10009986:	f000 f9a9 	bl	10009cdc <UsbHostOnTime>
1000998a:	f7fe fd65 	bl	10008458 <KeyScan>
1000998e:	bd10      	pop	{r4, pc}
10009990:	20026e4c 	.word	0x20026e4c
10009994:	200282b8 	.word	0x200282b8
10009998:	40054000 	.word	0x40054000
1000999c:	200282da 	.word	0x200282da
100099a0:	fffffc1d 	.word	0xfffffc1d
100099a4:	20026e50 	.word	0x20026e50
100099a8:	200284ba 	.word	0x200284ba

100099ac <SysTickInit>:
100099ac:	23d0      	movs	r3, #208	@ 0xd0
100099ae:	061b      	lsls	r3, r3, #24
100099b0:	681b      	ldr	r3, [r3, #0]
100099b2:	2b00      	cmp	r3, #0
100099b4:	d10a      	bne.n	100099cc <SysTickInit+0x20>
100099b6:	4a11      	ldr	r2, [pc, #68]	@ (100099fc <SysTickInit+0x50>)
100099b8:	6013      	str	r3, [r2, #0]
100099ba:	4a11      	ldr	r2, [pc, #68]	@ (10009a00 <SysTickInit+0x54>)
100099bc:	6013      	str	r3, [r2, #0]
100099be:	4a11      	ldr	r2, [pc, #68]	@ (10009a04 <SysTickInit+0x58>)
100099c0:	8013      	strh	r3, [r2, #0]
100099c2:	4b11      	ldr	r3, [pc, #68]	@ (10009a08 <SysTickInit+0x5c>)
100099c4:	4a11      	ldr	r2, [pc, #68]	@ (10009a0c <SysTickInit+0x60>)
100099c6:	6a9b      	ldr	r3, [r3, #40]	@ 0x28
100099c8:	b29b      	uxth	r3, r3
100099ca:	8013      	strh	r3, [r2, #0]
100099cc:	2302      	movs	r3, #2
100099ce:	4a10      	ldr	r2, [pc, #64]	@ (10009a10 <SysTickInit+0x64>)
100099d0:	6013      	str	r3, [r2, #0]
100099d2:	4b10      	ldr	r3, [pc, #64]	@ (10009a14 <SysTickInit+0x68>)
100099d4:	4910      	ldr	r1, [pc, #64]	@ (10009a18 <SysTickInit+0x6c>)
100099d6:	681b      	ldr	r3, [r3, #0]
100099d8:	63d9      	str	r1, [r3, #60]	@ 0x3c
100099da:	f3bf 8f5f 	dmb	sy
100099de:	2180      	movs	r1, #128	@ 0x80
100099e0:	4b0e      	ldr	r3, [pc, #56]	@ (10009a1c <SysTickInit+0x70>)
100099e2:	480f      	ldr	r0, [pc, #60]	@ (10009a20 <SysTickInit+0x74>)
100099e4:	6053      	str	r3, [r2, #4]
100099e6:	6803      	ldr	r3, [r0, #0]
100099e8:	05c9      	lsls	r1, r1, #23
100099ea:	009b      	lsls	r3, r3, #2
100099ec:	089b      	lsrs	r3, r3, #2
100099ee:	430b      	orrs	r3, r1
100099f0:	6003      	str	r3, [r0, #0]
100099f2:	2300      	movs	r3, #0
100099f4:	6093      	str	r3, [r2, #8]
100099f6:	3303      	adds	r3, #3
100099f8:	6013      	str	r3, [r2, #0]
100099fa:	4770      	bx	lr
100099fc:	20026e4c 	.word	0x20026e4c
10009a00:	20026e50 	.word	0x20026e50
10009a04:	200282b8 	.word	0x200282b8
10009a08:	40054000 	.word	0x40054000
10009a0c:	200282da 	.word	0x200282da
10009a10:	e000e010 	.word	0xe000e010
10009a14:	e000ed08 	.word	0xe000ed08
10009a18:	10009931 	.word	0x10009931
10009a1c:	00001387 	.word	0x00001387
10009a20:	e000ed20 	.word	0xe000ed20

10009a24 <WaitUs>:
10009a24:	4a03      	ldr	r2, [pc, #12]	@ (10009a34 <WaitUs+0x10>)
10009a26:	6a91      	ldr	r1, [r2, #40]	@ 0x28
10009a28:	6a93      	ldr	r3, [r2, #40]	@ 0x28
10009a2a:	1a5b      	subs	r3, r3, r1
10009a2c:	4283      	cmp	r3, r0
10009a2e:	d3fb      	bcc.n	10009a28 <WaitUs+0x4>
10009a30:	4770      	bx	lr
10009a32:	46c0      	nop			@ (mov r8, r8)
10009a34:	40054000 	.word	0x40054000

10009a38 <WaitMs>:
10009a38:	23fa      	movs	r3, #250	@ 0xfa
10009a3a:	b510      	push	{r4, lr}
10009a3c:	009b      	lsls	r3, r3, #2
10009a3e:	4358      	muls	r0, r3
10009a40:	f7ff fff0 	bl	10009a24 <WaitUs>
10009a44:	bd10      	pop	{r4, pc}
	...

10009a48 <VregSetVoltage>:
10009a48:	22ff      	movs	r2, #255	@ 0xff
10009a4a:	4b05      	ldr	r3, [pc, #20]	@ (10009a60 <VregSetVoltage+0x18>)
10009a4c:	0100      	lsls	r0, r0, #4
10009a4e:	681b      	ldr	r3, [r3, #0]
10009a50:	4010      	ands	r0, r2
10009a52:	4058      	eors	r0, r3
10009a54:	23f0      	movs	r3, #240	@ 0xf0
10009a56:	4018      	ands	r0, r3
10009a58:	4b02      	ldr	r3, [pc, #8]	@ (10009a64 <VregSetVoltage+0x1c>)
10009a5a:	6018      	str	r0, [r3, #0]
10009a5c:	4770      	bx	lr
10009a5e:	46c0      	nop			@ (mov r8, r8)
10009a60:	40064000 	.word	0x40064000
10009a64:	40065000 	.word	0x40065000

10009a68 <WatchdogStart>:
10009a68:	2380      	movs	r3, #128	@ 0x80
10009a6a:	4a02      	ldr	r2, [pc, #8]	@ (10009a74 <WatchdogStart+0xc>)
10009a6c:	009b      	lsls	r3, r3, #2
10009a6e:	4303      	orrs	r3, r0
10009a70:	62d3      	str	r3, [r2, #44]	@ 0x2c
10009a72:	4770      	bx	lr
10009a74:	40058000 	.word	0x40058000

10009a78 <WatchdogSetup>:
10009a78:	2380      	movs	r3, #128	@ 0x80
10009a7a:	4a11      	ldr	r2, [pc, #68]	@ (10009ac0 <WatchdogSetup+0x48>)
10009a7c:	05db      	lsls	r3, r3, #23
10009a7e:	b510      	push	{r4, lr}
10009a80:	4c10      	ldr	r4, [pc, #64]	@ (10009ac4 <WatchdogSetup+0x4c>)
10009a82:	6013      	str	r3, [r2, #0]
10009a84:	4b10      	ldr	r3, [pc, #64]	@ (10009ac8 <WatchdogSetup+0x50>)
10009a86:	601c      	str	r4, [r3, #0]
10009a88:	24e0      	movs	r4, #224	@ 0xe0
10009a8a:	4b10      	ldr	r3, [pc, #64]	@ (10009acc <WatchdogSetup+0x54>)
10009a8c:	04e4      	lsls	r4, r4, #19
10009a8e:	2900      	cmp	r1, #0
10009a90:	d006      	beq.n	10009aa0 <WatchdogSetup+0x28>
10009a92:	601c      	str	r4, [r3, #0]
10009a94:	2800      	cmp	r0, #0
10009a96:	d105      	bne.n	10009aa4 <WatchdogSetup+0x2c>
10009a98:	2280      	movs	r2, #128	@ 0x80
10009a9a:	0612      	lsls	r2, r2, #24
10009a9c:	601a      	str	r2, [r3, #0]
10009a9e:	bd10      	pop	{r4, pc}
10009aa0:	6014      	str	r4, [r2, #0]
10009aa2:	e7f7      	b.n	10009a94 <WatchdogSetup+0x1c>
10009aa4:	2280      	movs	r2, #128	@ 0x80
10009aa6:	0040      	lsls	r0, r0, #1
10009aa8:	0452      	lsls	r2, r2, #17
10009aaa:	4290      	cmp	r0, r2
10009aac:	d300      	bcc.n	10009ab0 <WatchdogSetup+0x38>
10009aae:	4808      	ldr	r0, [pc, #32]	@ (10009ad0 <WatchdogSetup+0x58>)
10009ab0:	4a08      	ldr	r2, [pc, #32]	@ (10009ad4 <WatchdogSetup+0x5c>)
10009ab2:	6010      	str	r0, [r2, #0]
10009ab4:	4a08      	ldr	r2, [pc, #32]	@ (10009ad8 <WatchdogSetup+0x60>)
10009ab6:	6050      	str	r0, [r2, #4]
10009ab8:	2280      	movs	r2, #128	@ 0x80
10009aba:	05d2      	lsls	r2, r2, #23
10009abc:	e7ee      	b.n	10009a9c <WatchdogSetup+0x24>
10009abe:	46c0      	nop			@ (mov r8, r8)
10009ac0:	4005b000 	.word	0x4005b000
10009ac4:	0001fffc 	.word	0x0001fffc
10009ac8:	40012008 	.word	0x40012008
10009acc:	4005a000 	.word	0x4005a000
10009ad0:	00ffffff 	.word	0x00ffffff
10009ad4:	20027860 	.word	0x20027860
10009ad8:	40058000 	.word	0x40058000

10009adc <ResetToBootLoader>:
10009adc:	b510      	push	{r4, lr}
10009ade:	f7fe fd4b 	bl	10008578 <KeyWaitNoPressed>
10009ae2:	f7fe fd98 	bl	10008616 <DeviceTerm>
10009ae6:	2100      	movs	r1, #0
10009ae8:	4b03      	ldr	r3, [pc, #12]	@ (10009af8 <ResetToBootLoader+0x1c>)
10009aea:	4a04      	ldr	r2, [pc, #16]	@ (10009afc <ResetToBootLoader+0x20>)
10009aec:	0008      	movs	r0, r1
10009aee:	61da      	str	r2, [r3, #28]
10009af0:	f7ff ffc2 	bl	10009a78 <WatchdogSetup>
10009af4:	bd10      	pop	{r4, pc}
10009af6:	46c0      	nop			@ (mov r8, r8)
10009af8:	40058000 	.word	0x40058000
10009afc:	64616f4c 	.word	0x64616f4c

10009b00 <XoscEnable>:
10009b00:	4a03      	ldr	r2, [pc, #12]	@ (10009b10 <XoscEnable+0x10>)
10009b02:	4b04      	ldr	r3, [pc, #16]	@ (10009b14 <XoscEnable+0x14>)
10009b04:	601a      	str	r2, [r3, #0]
10009b06:	4a04      	ldr	r2, [pc, #16]	@ (10009b18 <XoscEnable+0x18>)
10009b08:	6853      	ldr	r3, [r2, #4]
10009b0a:	2b00      	cmp	r3, #0
10009b0c:	dafc      	bge.n	10009b08 <XoscEnable+0x8>
10009b0e:	4770      	bx	lr
10009b10:	00fab000 	.word	0x00fab000
10009b14:	40026000 	.word	0x40026000
10009b18:	40024000 	.word	0x40024000

10009b1c <XoscInit>:
10009b1c:	22aa      	movs	r2, #170	@ 0xaa
10009b1e:	4b06      	ldr	r3, [pc, #24]	@ (10009b38 <XoscInit+0x1c>)
10009b20:	0112      	lsls	r2, r2, #4
10009b22:	b510      	push	{r4, lr}
10009b24:	601a      	str	r2, [r3, #0]
10009b26:	222f      	movs	r2, #47	@ 0x2f
10009b28:	4b04      	ldr	r3, [pc, #16]	@ (10009b3c <XoscInit+0x20>)
10009b2a:	601a      	str	r2, [r3, #0]
10009b2c:	4b04      	ldr	r3, [pc, #16]	@ (10009b40 <XoscInit+0x24>)
10009b2e:	4a05      	ldr	r2, [pc, #20]	@ (10009b44 <XoscInit+0x28>)
10009b30:	62da      	str	r2, [r3, #44]	@ 0x2c
10009b32:	f7ff ffe5 	bl	10009b00 <XoscEnable>
10009b36:	bd10      	pop	{r4, pc}
10009b38:	40024000 	.word	0x40024000
10009b3c:	4002400c 	.word	0x4002400c
10009b40:	2000144c 	.word	0x2000144c
10009b44:	00b71b00 	.word	0x00b71b00

10009b48 <UsbHostDevEp>:
10009b48:	b530      	push	{r4, r5, lr}
10009b4a:	0004      	movs	r4, r0
10009b4c:	2000      	movs	r0, #0
10009b4e:	2901      	cmp	r1, #1
10009b50:	d921      	bls.n	10009b96 <UsbHostDevEp+0x4e>
10009b52:	4a11      	ldr	r2, [pc, #68]	@ (10009b98 <UsbHostDevEp+0x50>)
10009b54:	3001      	adds	r0, #1
10009b56:	0013      	movs	r3, r2
10009b58:	7815      	ldrb	r5, [r2, #0]
10009b5a:	2d00      	cmp	r5, #0
10009b5c:	d005      	beq.n	10009b6a <UsbHostDevEp+0x22>
10009b5e:	7995      	ldrb	r5, [r2, #6]
10009b60:	42a5      	cmp	r5, r4
10009b62:	d102      	bne.n	10009b6a <UsbHostDevEp+0x22>
10009b64:	79d5      	ldrb	r5, [r2, #7]
10009b66:	428d      	cmp	r5, r1
10009b68:	d015      	beq.n	10009b96 <UsbHostDevEp+0x4e>
10009b6a:	3001      	adds	r0, #1
10009b6c:	b2c0      	uxtb	r0, r0
10009b6e:	3224      	adds	r2, #36	@ 0x24
10009b70:	2810      	cmp	r0, #16
10009b72:	d1f1      	bne.n	10009b58 <UsbHostDevEp+0x10>
10009b74:	380f      	subs	r0, #15
10009b76:	4041      	eors	r1, r0
10009b78:	781a      	ldrb	r2, [r3, #0]
10009b7a:	2a00      	cmp	r2, #0
10009b7c:	d005      	beq.n	10009b8a <UsbHostDevEp+0x42>
10009b7e:	799a      	ldrb	r2, [r3, #6]
10009b80:	42a2      	cmp	r2, r4
10009b82:	d102      	bne.n	10009b8a <UsbHostDevEp+0x42>
10009b84:	79da      	ldrb	r2, [r3, #7]
10009b86:	428a      	cmp	r2, r1
10009b88:	d005      	beq.n	10009b96 <UsbHostDevEp+0x4e>
10009b8a:	3001      	adds	r0, #1
10009b8c:	b2c0      	uxtb	r0, r0
10009b8e:	3324      	adds	r3, #36	@ 0x24
10009b90:	2810      	cmp	r0, #16
10009b92:	d1f1      	bne.n	10009b78 <UsbHostDevEp+0x30>
10009b94:	30ef      	adds	r0, #239	@ 0xef
10009b96:	bd30      	pop	{r4, r5, pc}
10009b98:	20026e78 	.word	0x20026e78

10009b9c <UsbHostIsBusy>:
10009b9c:	b510      	push	{r4, lr}
10009b9e:	f7ff ffd3 	bl	10009b48 <UsbHostDevEp>
10009ba2:	0002      	movs	r2, r0
10009ba4:	2000      	movs	r0, #0
10009ba6:	2aff      	cmp	r2, #255	@ 0xff
10009ba8:	d005      	beq.n	10009bb6 <UsbHostIsBusy+0x1a>
10009baa:	2124      	movs	r1, #36	@ 0x24
10009bac:	434a      	muls	r2, r1
10009bae:	4b02      	ldr	r3, [pc, #8]	@ (10009bb8 <UsbHostIsBusy+0x1c>)
10009bb0:	189b      	adds	r3, r3, r2
10009bb2:	7858      	ldrb	r0, [r3, #1]
10009bb4:	b2c0      	uxtb	r0, r0
10009bb6:	bd10      	pop	{r4, pc}
10009bb8:	20026e54 	.word	0x20026e54

10009bbc <UsbHostSetupIdle>:
10009bbc:	2200      	movs	r2, #0
10009bbe:	4b04      	ldr	r3, [pc, #16]	@ (10009bd0 <UsbHostSetupIdle+0x14>)
10009bc0:	b510      	push	{r4, lr}
10009bc2:	701a      	strb	r2, [r3, #0]
10009bc4:	4b03      	ldr	r3, [pc, #12]	@ (10009bd4 <UsbHostSetupIdle+0x18>)
10009bc6:	681b      	ldr	r3, [r3, #0]
10009bc8:	4293      	cmp	r3, r2
10009bca:	d000      	beq.n	10009bce <UsbHostSetupIdle+0x12>
10009bcc:	4798      	blx	r3
10009bce:	bd10      	pop	{r4, pc}
10009bd0:	200285bc 	.word	0x200285bc
10009bd4:	20027854 	.word	0x20027854

10009bd8 <UsbHostParseCfg>:
10009bd8:	b5f7      	push	{r0, r1, r2, r4, r5, r6, r7, lr}
10009bda:	9001      	str	r0, [sp, #4]
10009bdc:	78cb      	ldrb	r3, [r1, #3]
10009bde:	788a      	ldrb	r2, [r1, #2]
10009be0:	021b      	lsls	r3, r3, #8
10009be2:	780c      	ldrb	r4, [r1, #0]
10009be4:	4313      	orrs	r3, r2
10009be6:	18cb      	adds	r3, r1, r3
10009be8:	9300      	str	r3, [sp, #0]
10009bea:	190c      	adds	r4, r1, r4
10009bec:	9b00      	ldr	r3, [sp, #0]
10009bee:	429c      	cmp	r4, r3
10009bf0:	d301      	bcc.n	10009bf6 <UsbHostParseCfg+0x1e>
10009bf2:	2001      	movs	r0, #1
10009bf4:	e00c      	b.n	10009c10 <UsbHostParseCfg+0x38>
10009bf6:	7863      	ldrb	r3, [r4, #1]
10009bf8:	2601      	movs	r6, #1
10009bfa:	2b0b      	cmp	r3, #11
10009bfc:	d102      	bne.n	10009c04 <UsbHostParseCfg+0x2c>
10009bfe:	7823      	ldrb	r3, [r4, #0]
10009c00:	78e6      	ldrb	r6, [r4, #3]
10009c02:	18e4      	adds	r4, r4, r3
10009c04:	7823      	ldrb	r3, [r4, #0]
10009c06:	9a00      	ldr	r2, [sp, #0]
10009c08:	18e3      	adds	r3, r4, r3
10009c0a:	429a      	cmp	r2, r3
10009c0c:	d201      	bcs.n	10009c12 <UsbHostParseCfg+0x3a>
10009c0e:	2000      	movs	r0, #0
10009c10:	bdfe      	pop	{r1, r2, r3, r4, r5, r6, r7, pc}
10009c12:	7863      	ldrb	r3, [r4, #1]
10009c14:	2b04      	cmp	r3, #4
10009c16:	d1fa      	bne.n	10009c0e <UsbHostParseCfg+0x36>
10009c18:	2e01      	cmp	r6, #1
10009c1a:	d106      	bne.n	10009c2a <UsbHostParseCfg+0x52>
10009c1c:	7963      	ldrb	r3, [r4, #5]
10009c1e:	2b02      	cmp	r3, #2
10009c20:	d103      	bne.n	10009c2a <UsbHostParseCfg+0x52>
10009c22:	79a3      	ldrb	r3, [r4, #6]
10009c24:	2b02      	cmp	r3, #2
10009c26:	d100      	bne.n	10009c2a <UsbHostParseCfg+0x52>
10009c28:	001e      	movs	r6, r3
10009c2a:	9b00      	ldr	r3, [sp, #0]
10009c2c:	0021      	movs	r1, r4
10009c2e:	1b1f      	subs	r7, r3, r4
10009c30:	b2bf      	uxth	r7, r7
10009c32:	003a      	movs	r2, r7
10009c34:	9801      	ldr	r0, [sp, #4]
10009c36:	f000 fefd 	bl	1000aa34 <UsbHostHidOpen>
10009c3a:	0005      	movs	r5, r0
10009c3c:	2808      	cmp	r0, #8
10009c3e:	d920      	bls.n	10009c82 <UsbHostParseCfg+0xaa>
10009c40:	4287      	cmp	r7, r0
10009c42:	d31e      	bcc.n	10009c82 <UsbHostParseCfg+0xaa>
10009c44:	233c      	movs	r3, #60	@ 0x3c
10009c46:	9801      	ldr	r0, [sp, #4]
10009c48:	4911      	ldr	r1, [pc, #68]	@ (10009c90 <UsbHostParseCfg+0xb8>)
10009c4a:	4343      	muls	r3, r0
10009c4c:	2200      	movs	r2, #0
10009c4e:	18c9      	adds	r1, r1, r3
10009c50:	e009      	b.n	10009c66 <UsbHostParseCfg+0x8e>
10009c52:	78a3      	ldrb	r3, [r4, #2]
10009c54:	18d3      	adds	r3, r2, r3
10009c56:	b2db      	uxtb	r3, r3
10009c58:	2b0f      	cmp	r3, #15
10009c5a:	d8d8      	bhi.n	10009c0e <UsbHostParseCfg+0x36>
10009c5c:	2000      	movs	r0, #0
10009c5e:	18cb      	adds	r3, r1, r3
10009c60:	3201      	adds	r2, #1
10009c62:	7318      	strb	r0, [r3, #12]
10009c64:	b2d2      	uxtb	r2, r2
10009c66:	4296      	cmp	r6, r2
10009c68:	d1f3      	bne.n	10009c52 <UsbHostParseCfg+0x7a>
10009c6a:	203c      	movs	r0, #60	@ 0x3c
10009c6c:	9b01      	ldr	r3, [sp, #4]
10009c6e:	0021      	movs	r1, r4
10009c70:	4358      	muls	r0, r3
10009c72:	4b08      	ldr	r3, [pc, #32]	@ (10009c94 <UsbHostParseCfg+0xbc>)
10009c74:	002a      	movs	r2, r5
10009c76:	18c0      	adds	r0, r0, r3
10009c78:	2300      	movs	r3, #0
10009c7a:	f001 fb8b 	bl	1000b394 <UsbEpBindDrv>
10009c7e:	1964      	adds	r4, r4, r5
10009c80:	e7b4      	b.n	10009bec <UsbHostParseCfg+0x14>
10009c82:	7823      	ldrb	r3, [r4, #0]
10009c84:	18e4      	adds	r4, r4, r3
10009c86:	7863      	ldrb	r3, [r4, #1]
10009c88:	2b05      	cmp	r3, #5
10009c8a:	d0fa      	beq.n	10009c82 <UsbHostParseCfg+0xaa>
10009c8c:	e7ae      	b.n	10009bec <UsbHostParseCfg+0x14>
10009c8e:	46c0      	nop			@ (mov r8, r8)
10009c90:	200282dc 	.word	0x200282dc
10009c94:	200282f8 	.word	0x200282f8

10009c98 <UsbHostCfgComp>:
10009c98:	233c      	movs	r3, #60	@ 0x3c
10009c9a:	4343      	muls	r3, r0
10009c9c:	b510      	push	{r4, lr}
10009c9e:	3101      	adds	r1, #1
10009ca0:	4a0b      	ldr	r2, [pc, #44]	@ (10009cd0 <UsbHostCfgComp+0x38>)
10009ca2:	b2c9      	uxtb	r1, r1
10009ca4:	185b      	adds	r3, r3, r1
10009ca6:	189b      	adds	r3, r3, r2
10009ca8:	290f      	cmp	r1, #15
10009caa:	d906      	bls.n	10009cba <UsbHostCfgComp+0x22>
10009cac:	2200      	movs	r2, #0
10009cae:	4b09      	ldr	r3, [pc, #36]	@ (10009cd4 <UsbHostCfgComp+0x3c>)
10009cb0:	701a      	strb	r2, [r3, #0]
10009cb2:	4b09      	ldr	r3, [pc, #36]	@ (10009cd8 <UsbHostCfgComp+0x40>)
10009cb4:	3201      	adds	r2, #1
10009cb6:	701a      	strb	r2, [r3, #0]
10009cb8:	e005      	b.n	10009cc6 <UsbHostCfgComp+0x2e>
10009cba:	7b1a      	ldrb	r2, [r3, #12]
10009cbc:	3301      	adds	r3, #1
10009cbe:	2a00      	cmp	r2, #0
10009cc0:	d102      	bne.n	10009cc8 <UsbHostCfgComp+0x30>
10009cc2:	f000 ffc5 	bl	1000ac50 <UsbHostHidCfg>
10009cc6:	bd10      	pop	{r4, pc}
10009cc8:	3101      	adds	r1, #1
10009cca:	b2c9      	uxtb	r1, r1
10009ccc:	e7ec      	b.n	10009ca8 <UsbHostCfgComp+0x10>
10009cce:	46c0      	nop			@ (mov r8, r8)
10009cd0:	200282dc 	.word	0x200282dc
10009cd4:	200284b7 	.word	0x200284b7
10009cd8:	200284a6 	.word	0x200284a6

10009cdc <UsbHostOnTime>:
10009cdc:	4b03      	ldr	r3, [pc, #12]	@ (10009cec <UsbHostOnTime+0x10>)
10009cde:	781b      	ldrb	r3, [r3, #0]
10009ce0:	2b00      	cmp	r3, #0
10009ce2:	d002      	beq.n	10009cea <UsbHostOnTime+0xe>
10009ce4:	2208      	movs	r2, #8
10009ce6:	4b02      	ldr	r3, [pc, #8]	@ (10009cf0 <UsbHostOnTime+0x14>)
10009ce8:	601a      	str	r2, [r3, #0]
10009cea:	4770      	bx	lr
10009cec:	200284b7 	.word	0x200284b7
10009cf0:	50112094 	.word	0x50112094

10009cf4 <UsbHostEpInit>:
10009cf4:	b5f0      	push	{r4, r5, r6, r7, lr}
10009cf6:	b087      	sub	sp, #28
10009cf8:	0017      	movs	r7, r2
10009cfa:	aa0c      	add	r2, sp, #48	@ 0x30
10009cfc:	7816      	ldrb	r6, [r2, #0]
10009cfe:	aa0d      	add	r2, sp, #52	@ 0x34
10009d00:	7812      	ldrb	r2, [r2, #0]
10009d02:	0004      	movs	r4, r0
10009d04:	9204      	str	r2, [sp, #16]
10009d06:	2201      	movs	r2, #1
10009d08:	403a      	ands	r2, r7
10009d0a:	9201      	str	r2, [sp, #4]
10009d0c:	087a      	lsrs	r2, r7, #1
10009d0e:	9202      	str	r2, [sp, #8]
10009d10:	2280      	movs	r2, #128	@ 0x80
10009d12:	9103      	str	r1, [sp, #12]
10009d14:	1c1d      	adds	r5, r3, #0
10009d16:	00d2      	lsls	r2, r2, #3
10009d18:	4293      	cmp	r3, r2
10009d1a:	d301      	bcc.n	10009d20 <UsbHostEpInit+0x2c>
10009d1c:	4b33      	ldr	r3, [pc, #204]	@ (10009dec <UsbHostEpInit+0xf8>)
10009d1e:	881d      	ldrh	r5, [r3, #0]
10009d20:	2224      	movs	r2, #36	@ 0x24
10009d22:	4362      	muls	r2, r4
10009d24:	4b32      	ldr	r3, [pc, #200]	@ (10009df0 <UsbHostEpInit+0xfc>)
10009d26:	b2ad      	uxth	r5, r5
10009d28:	5cd1      	ldrb	r1, [r2, r3]
10009d2a:	2900      	cmp	r1, #0
10009d2c:	d006      	beq.n	10009d3c <UsbHostEpInit+0x48>
10009d2e:	189b      	adds	r3, r3, r2
10009d30:	8959      	ldrh	r1, [r3, #10]
10009d32:	42a9      	cmp	r1, r5
10009d34:	d00a      	beq.n	10009d4c <UsbHostEpInit+0x58>
10009d36:	6958      	ldr	r0, [r3, #20]
10009d38:	f001 fb0a 	bl	1000b350 <UsbRamFree>
10009d3c:	0028      	movs	r0, r5
10009d3e:	f001 fab7 	bl	1000b2b0 <UsbRamAlloc>
10009d42:	2224      	movs	r2, #36	@ 0x24
10009d44:	4362      	muls	r2, r4
10009d46:	4b2a      	ldr	r3, [pc, #168]	@ (10009df0 <UsbHostEpInit+0xfc>)
10009d48:	189b      	adds	r3, r3, r2
10009d4a:	6158      	str	r0, [r3, #20]
10009d4c:	2324      	movs	r3, #36	@ 0x24
10009d4e:	2101      	movs	r1, #1
10009d50:	4363      	muls	r3, r4
10009d52:	4a27      	ldr	r2, [pc, #156]	@ (10009df0 <UsbHostEpInit+0xfc>)
10009d54:	9803      	ldr	r0, [sp, #12]
10009d56:	5499      	strb	r1, [r3, r2]
10009d58:	18d3      	adds	r3, r2, r3
10009d5a:	7198      	strb	r0, [r3, #6]
10009d5c:	9801      	ldr	r0, [sp, #4]
10009d5e:	815d      	strh	r5, [r3, #10]
10009d60:	4041      	eors	r1, r0
10009d62:	9802      	ldr	r0, [sp, #8]
10009d64:	7159      	strb	r1, [r3, #5]
10009d66:	4241      	negs	r1, r0
10009d68:	4141      	adcs	r1, r0
10009d6a:	725e      	strb	r6, [r3, #9]
10009d6c:	7219      	strb	r1, [r3, #8]
10009d6e:	71df      	strb	r7, [r3, #7]
10009d70:	4920      	ldr	r1, [pc, #128]	@ (10009df4 <UsbHostEpInit+0x100>)
10009d72:	695b      	ldr	r3, [r3, #20]
10009d74:	185b      	adds	r3, r3, r1
10009d76:	06b1      	lsls	r1, r6, #26
10009d78:	430b      	orrs	r3, r1
10009d7a:	21a0      	movs	r1, #160	@ 0xa0
10009d7c:	0609      	lsls	r1, r1, #24
10009d7e:	4319      	orrs	r1, r3
10009d80:	9b04      	ldr	r3, [sp, #16]
10009d82:	2b00      	cmp	r3, #0
10009d84:	d002      	beq.n	10009d8c <UsbHostEpInit+0x98>
10009d86:	3b01      	subs	r3, #1
10009d88:	041b      	lsls	r3, r3, #16
10009d8a:	4319      	orrs	r1, r3
10009d8c:	2324      	movs	r3, #36	@ 0x24
10009d8e:	4363      	muls	r3, r4
10009d90:	18d2      	adds	r2, r2, r3
10009d92:	69d3      	ldr	r3, [r2, #28]
10009d94:	6019      	str	r1, [r3, #0]
10009d96:	2302      	movs	r3, #2
10009d98:	439e      	bics	r6, r3
10009d9a:	33fe      	adds	r3, #254	@ 0xfe
10009d9c:	2e01      	cmp	r6, #1
10009d9e:	d123      	bne.n	10009de8 <UsbHostEpInit+0xf4>
10009da0:	4a15      	ldr	r2, [pc, #84]	@ (10009df8 <UsbHostEpInit+0x104>)
10009da2:	6013      	str	r3, [r2, #0]
10009da4:	2c00      	cmp	r4, #0
10009da6:	d01d      	beq.n	10009de4 <UsbHostEpInit+0xf0>
10009da8:	9b02      	ldr	r3, [sp, #8]
10009daa:	9d03      	ldr	r5, [sp, #12]
10009dac:	041e      	lsls	r6, r3, #16
10009dae:	9b01      	ldr	r3, [sp, #4]
10009db0:	065b      	lsls	r3, r3, #25
10009db2:	431e      	orrs	r6, r3
10009db4:	432e      	orrs	r6, r5
10009db6:	f001 f953 	bl	1000b060 <UsbGetDevSpeed>
10009dba:	2d04      	cmp	r5, #4
10009dbc:	d900      	bls.n	10009dc0 <UsbHostEpInit+0xcc>
10009dbe:	2500      	movs	r5, #0
10009dc0:	223c      	movs	r2, #60	@ 0x3c
10009dc2:	436a      	muls	r2, r5
10009dc4:	4b0d      	ldr	r3, [pc, #52]	@ (10009dfc <UsbHostEpInit+0x108>)
10009dc6:	189b      	adds	r3, r3, r2
10009dc8:	789b      	ldrb	r3, [r3, #2]
10009dca:	4283      	cmp	r3, r0
10009dcc:	d002      	beq.n	10009dd4 <UsbHostEpInit+0xe0>
10009dce:	2380      	movs	r3, #128	@ 0x80
10009dd0:	04db      	lsls	r3, r3, #19
10009dd2:	431e      	orrs	r6, r3
10009dd4:	4b0a      	ldr	r3, [pc, #40]	@ (10009e00 <UsbHostEpInit+0x10c>)
10009dd6:	4a0b      	ldr	r2, [pc, #44]	@ (10009e04 <UsbHostEpInit+0x110>)
10009dd8:	18e3      	adds	r3, r4, r3
10009dda:	009b      	lsls	r3, r3, #2
10009ddc:	601e      	str	r6, [r3, #0]
10009dde:	2301      	movs	r3, #1
10009de0:	40a3      	lsls	r3, r4
10009de2:	6013      	str	r3, [r2, #0]
10009de4:	b007      	add	sp, #28
10009de6:	bdf0      	pop	{r4, r5, r6, r7, pc}
10009de8:	4a07      	ldr	r2, [pc, #28]	@ (10009e08 <UsbHostEpInit+0x114>)
10009dea:	e7da      	b.n	10009da2 <UsbHostEpInit+0xae>
10009dec:	10010362 	.word	0x10010362
10009df0:	20026e54 	.word	0x20026e54
10009df4:	aff00000 	.word	0xaff00000
10009df8:	5011204c 	.word	0x5011204c
10009dfc:	200282dc 	.word	0x200282dc
10009e00:	14044000 	.word	0x14044000
10009e04:	50112054 	.word	0x50112054
10009e08:	5011304c 	.word	0x5011304c

10009e0c <UsbHostEpAlloc>:
10009e0c:	2800      	cmp	r0, #0
10009e0e:	d009      	beq.n	10009e24 <UsbHostEpAlloc+0x18>
10009e10:	2001      	movs	r0, #1
10009e12:	4b05      	ldr	r3, [pc, #20]	@ (10009e28 <UsbHostEpAlloc+0x1c>)
10009e14:	781a      	ldrb	r2, [r3, #0]
10009e16:	2a00      	cmp	r2, #0
10009e18:	d004      	beq.n	10009e24 <UsbHostEpAlloc+0x18>
10009e1a:	3001      	adds	r0, #1
10009e1c:	b2c0      	uxtb	r0, r0
10009e1e:	3324      	adds	r3, #36	@ 0x24
10009e20:	280f      	cmp	r0, #15
10009e22:	d1f7      	bne.n	10009e14 <UsbHostEpAlloc+0x8>
10009e24:	4770      	bx	lr
10009e26:	46c0      	nop			@ (mov r8, r8)
10009e28:	20026e78 	.word	0x20026e78

10009e2c <UsbHostEpOpen>:
10009e2c:	2303      	movs	r3, #3
10009e2e:	b5f7      	push	{r0, r1, r2, r4, r5, r6, r7, lr}
10009e30:	000c      	movs	r4, r1
10009e32:	78ce      	ldrb	r6, [r1, #3]
10009e34:	0007      	movs	r7, r0
10009e36:	401e      	ands	r6, r3
10009e38:	0030      	movs	r0, r6
10009e3a:	f7ff ffe7 	bl	10009e0c <UsbHostEpAlloc>
10009e3e:	7963      	ldrb	r3, [r4, #5]
10009e40:	7922      	ldrb	r2, [r4, #4]
10009e42:	021b      	lsls	r3, r3, #8
10009e44:	4313      	orrs	r3, r2
10009e46:	2201      	movs	r2, #1
10009e48:	78a1      	ldrb	r1, [r4, #2]
10009e4a:	0005      	movs	r5, r0
10009e4c:	09c8      	lsrs	r0, r1, #7
10009e4e:	4042      	eors	r2, r0
10009e50:	201e      	movs	r0, #30
10009e52:	0049      	lsls	r1, r1, #1
10009e54:	4001      	ands	r1, r0
10009e56:	430a      	orrs	r2, r1
10009e58:	79a1      	ldrb	r1, [r4, #6]
10009e5a:	055b      	lsls	r3, r3, #21
10009e5c:	0028      	movs	r0, r5
10009e5e:	9101      	str	r1, [sp, #4]
10009e60:	9600      	str	r6, [sp, #0]
10009e62:	0039      	movs	r1, r7
10009e64:	0d5b      	lsrs	r3, r3, #21
10009e66:	f7ff ff45 	bl	10009cf4 <UsbHostEpInit>
10009e6a:	0028      	movs	r0, r5
10009e6c:	bdfe      	pop	{r1, r2, r3, r4, r5, r6, r7, pc}

10009e6e <UsbHostEp0Open>:
10009e6e:	b513      	push	{r0, r1, r4, lr}
10009e70:	0004      	movs	r4, r0
10009e72:	2000      	movs	r0, #0
10009e74:	000b      	movs	r3, r1
10009e76:	0002      	movs	r2, r0
10009e78:	0021      	movs	r1, r4
10009e7a:	9001      	str	r0, [sp, #4]
10009e7c:	9000      	str	r0, [sp, #0]
10009e7e:	f7ff ff39 	bl	10009cf4 <UsbHostEpInit>
10009e82:	bd13      	pop	{r0, r1, r4, pc}

10009e84 <UsbHostDevClose>:
10009e84:	b5f7      	push	{r0, r1, r2, r4, r5, r6, r7, lr}
10009e86:	2501      	movs	r5, #1
10009e88:	2724      	movs	r7, #36	@ 0x24
10009e8a:	002e      	movs	r6, r5
10009e8c:	4c15      	ldr	r4, [pc, #84]	@ (10009ee4 <UsbHostDevClose+0x60>)
10009e8e:	9001      	str	r0, [sp, #4]
10009e90:	7823      	ldrb	r3, [r4, #0]
10009e92:	2b00      	cmp	r3, #0
10009e94:	d020      	beq.n	10009ed8 <UsbHostDevClose+0x54>
10009e96:	79a3      	ldrb	r3, [r4, #6]
10009e98:	9a01      	ldr	r2, [sp, #4]
10009e9a:	4293      	cmp	r3, r2
10009e9c:	d11c      	bne.n	10009ed8 <UsbHostDevClose+0x54>
10009e9e:	0033      	movs	r3, r6
10009ea0:	40ab      	lsls	r3, r5
10009ea2:	4a11      	ldr	r2, [pc, #68]	@ (10009ee8 <UsbHostDevClose+0x64>)
10009ea4:	0039      	movs	r1, r7
10009ea6:	6013      	str	r3, [r2, #0]
10009ea8:	4b10      	ldr	r3, [pc, #64]	@ (10009eec <UsbHostDevClose+0x68>)
10009eaa:	00aa      	lsls	r2, r5, #2
10009eac:	18d2      	adds	r2, r2, r3
10009eae:	2300      	movs	r3, #0
10009eb0:	4369      	muls	r1, r5
10009eb2:	6013      	str	r3, [r2, #0]
10009eb4:	4a0e      	ldr	r2, [pc, #56]	@ (10009ef0 <UsbHostDevClose+0x6c>)
10009eb6:	7023      	strb	r3, [r4, #0]
10009eb8:	1852      	adds	r2, r2, r1
10009eba:	7053      	strb	r3, [r2, #1]
10009ebc:	7093      	strb	r3, [r2, #2]
10009ebe:	69e2      	ldr	r2, [r4, #28]
10009ec0:	429a      	cmp	r2, r3
10009ec2:	d003      	beq.n	10009ecc <UsbHostDevClose+0x48>
10009ec4:	490b      	ldr	r1, [pc, #44]	@ (10009ef4 <UsbHostDevClose+0x70>)
10009ec6:	428a      	cmp	r2, r1
10009ec8:	d000      	beq.n	10009ecc <UsbHostDevClose+0x48>
10009eca:	6013      	str	r3, [r2, #0]
10009ecc:	6a22      	ldr	r2, [r4, #32]
10009ece:	8961      	ldrh	r1, [r4, #10]
10009ed0:	6960      	ldr	r0, [r4, #20]
10009ed2:	6013      	str	r3, [r2, #0]
10009ed4:	f001 fa3c 	bl	1000b350 <UsbRamFree>
10009ed8:	3501      	adds	r5, #1
10009eda:	3424      	adds	r4, #36	@ 0x24
10009edc:	2d10      	cmp	r5, #16
10009ede:	d1d7      	bne.n	10009e90 <UsbHostDevClose+0xc>
10009ee0:	bdf7      	pop	{r0, r1, r2, r4, r5, r6, r7, pc}
10009ee2:	46c0      	nop			@ (mov r8, r8)
10009ee4:	20026e78 	.word	0x20026e78
10009ee8:	50113054 	.word	0x50113054
10009eec:	50110000 	.word	0x50110000
10009ef0:	20026e54 	.word	0x20026e54
10009ef4:	5011004c 	.word	0x5011004c

10009ef8 <UsbHostEnumStop>:
10009ef8:	b570      	push	{r4, r5, r6, lr}
10009efa:	4c0c      	ldr	r4, [pc, #48]	@ (10009f2c <UsbHostEnumStop+0x34>)
10009efc:	7823      	ldrb	r3, [r4, #0]
10009efe:	2b00      	cmp	r3, #0
10009f00:	d013      	beq.n	10009f2a <UsbHostEnumStop+0x32>
10009f02:	7823      	ldrb	r3, [r4, #0]
10009f04:	2b04      	cmp	r3, #4
10009f06:	d90a      	bls.n	10009f1e <UsbHostEnumStop+0x26>
10009f08:	4b09      	ldr	r3, [pc, #36]	@ (10009f30 <UsbHostEnumStop+0x38>)
10009f0a:	781d      	ldrb	r5, [r3, #0]
10009f0c:	0028      	movs	r0, r5
10009f0e:	f7ff ffb9 	bl	10009e84 <UsbHostDevClose>
10009f12:	203c      	movs	r0, #60	@ 0x3c
10009f14:	2200      	movs	r2, #0
10009f16:	4368      	muls	r0, r5
10009f18:	4b06      	ldr	r3, [pc, #24]	@ (10009f34 <UsbHostEnumStop+0x3c>)
10009f1a:	181b      	adds	r3, r3, r0
10009f1c:	70da      	strb	r2, [r3, #3]
10009f1e:	2300      	movs	r3, #0
10009f20:	4a05      	ldr	r2, [pc, #20]	@ (10009f38 <UsbHostEnumStop+0x40>)
10009f22:	7023      	strb	r3, [r4, #0]
10009f24:	7013      	strb	r3, [r2, #0]
10009f26:	4a05      	ldr	r2, [pc, #20]	@ (10009f3c <UsbHostEnumStop+0x44>)
10009f28:	6013      	str	r3, [r2, #0]
10009f2a:	bd70      	pop	{r4, r5, r6, pc}
10009f2c:	200284b7 	.word	0x200284b7
10009f30:	200284b6 	.word	0x200284b6
10009f34:	200282dc 	.word	0x200282dc
10009f38:	200285bc 	.word	0x200285bc
10009f3c:	20027854 	.word	0x20027854

10009f40 <UsbHostOpenEpPair>:
10009f40:	b5f0      	push	{r4, r5, r6, r7, lr}
10009f42:	000c      	movs	r4, r1
10009f44:	2500      	movs	r5, #0
10009f46:	2603      	movs	r6, #3
10009f48:	2701      	movs	r7, #1
10009f4a:	b085      	sub	sp, #20
10009f4c:	9001      	str	r0, [sp, #4]
10009f4e:	9202      	str	r2, [sp, #8]
10009f50:	9303      	str	r3, [sp, #12]
10009f52:	9b02      	ldr	r3, [sp, #8]
10009f54:	42ab      	cmp	r3, r5
10009f56:	dc02      	bgt.n	10009f5e <UsbHostOpenEpPair+0x1e>
10009f58:	2001      	movs	r0, #1
10009f5a:	b005      	add	sp, #20
10009f5c:	bdf0      	pop	{r4, r5, r6, r7, pc}
10009f5e:	7863      	ldrb	r3, [r4, #1]
10009f60:	2b05      	cmp	r3, #5
10009f62:	d125      	bne.n	10009fb0 <UsbHostOpenEpPair+0x70>
10009f64:	78e3      	ldrb	r3, [r4, #3]
10009f66:	0018      	movs	r0, r3
10009f68:	4030      	ands	r0, r6
10009f6a:	4233      	tst	r3, r6
10009f6c:	d0f5      	beq.n	10009f5a <UsbHostOpenEpPair+0x1a>
10009f6e:	0021      	movs	r1, r4
10009f70:	9801      	ldr	r0, [sp, #4]
10009f72:	f7ff ff5b 	bl	10009e2c <UsbHostEpOpen>
10009f76:	211e      	movs	r1, #30
10009f78:	78a3      	ldrb	r3, [r4, #2]
10009f7a:	09da      	lsrs	r2, r3, #7
10009f7c:	005b      	lsls	r3, r3, #1
10009f7e:	400b      	ands	r3, r1
10009f80:	407a      	eors	r2, r7
10009f82:	431a      	orrs	r2, r3
10009f84:	7963      	ldrb	r3, [r4, #5]
10009f86:	7921      	ldrb	r1, [r4, #4]
10009f88:	021b      	lsls	r3, r3, #8
10009f8a:	430b      	orrs	r3, r1
10009f8c:	055b      	lsls	r3, r3, #21
10009f8e:	0d5b      	lsrs	r3, r3, #21
10009f90:	423a      	tst	r2, r7
10009f92:	d109      	bne.n	10009fa8 <UsbHostOpenEpPair+0x68>
10009f94:	990a      	ldr	r1, [sp, #40]	@ 0x28
10009f96:	700a      	strb	r2, [r1, #0]
10009f98:	9a0c      	ldr	r2, [sp, #48]	@ 0x30
10009f9a:	2a00      	cmp	r2, #0
10009f9c:	d000      	beq.n	10009fa0 <UsbHostOpenEpPair+0x60>
10009f9e:	8013      	strh	r3, [r2, #0]
10009fa0:	7823      	ldrb	r3, [r4, #0]
10009fa2:	3501      	adds	r5, #1
10009fa4:	18e4      	adds	r4, r4, r3
10009fa6:	e7d4      	b.n	10009f52 <UsbHostOpenEpPair+0x12>
10009fa8:	9903      	ldr	r1, [sp, #12]
10009faa:	700a      	strb	r2, [r1, #0]
10009fac:	9a0b      	ldr	r2, [sp, #44]	@ 0x2c
10009fae:	e7f4      	b.n	10009f9a <UsbHostOpenEpPair+0x5a>
10009fb0:	2000      	movs	r0, #0
10009fb2:	e7d2      	b.n	10009f5a <UsbHostOpenEpPair+0x1a>

10009fb4 <UsbHostClrDev>:
10009fb4:	223c      	movs	r2, #60	@ 0x3c
10009fb6:	4350      	muls	r0, r2
10009fb8:	b570      	push	{r4, r5, r6, lr}
10009fba:	0004      	movs	r4, r0
10009fbc:	4d09      	ldr	r5, [pc, #36]	@ (10009fe4 <UsbHostClrDev+0x30>)
10009fbe:	2100      	movs	r1, #0
10009fc0:	1940      	adds	r0, r0, r5
10009fc2:	f7fe f9da 	bl	1000837a <__wrap_memset>
10009fc6:	0020      	movs	r0, r4
10009fc8:	300c      	adds	r0, #12
10009fca:	1940      	adds	r0, r0, r5
10009fcc:	2210      	movs	r2, #16
10009fce:	21ff      	movs	r1, #255	@ 0xff
10009fd0:	341c      	adds	r4, #28
10009fd2:	f7fe f9d2 	bl	1000837a <__wrap_memset>
10009fd6:	1960      	adds	r0, r4, r5
10009fd8:	2220      	movs	r2, #32
10009fda:	21ff      	movs	r1, #255	@ 0xff
10009fdc:	f7fe f9cd 	bl	1000837a <__wrap_memset>
10009fe0:	bd70      	pop	{r4, r5, r6, pc}
10009fe2:	46c0      	nop			@ (mov r8, r8)
10009fe4:	200282dc 	.word	0x200282dc

10009fe8 <UsbHostDevRemove>:
10009fe8:	b5f7      	push	{r0, r1, r2, r4, r5, r6, r7, lr}
10009fea:	000e      	movs	r6, r1
10009fec:	2400      	movs	r4, #0
10009fee:	4d15      	ldr	r5, [pc, #84]	@ (1000a044 <UsbHostDevRemove+0x5c>)
10009ff0:	9001      	str	r0, [sp, #4]
10009ff2:	233c      	movs	r3, #60	@ 0x3c
10009ff4:	4363      	muls	r3, r4
10009ff6:	4a13      	ldr	r2, [pc, #76]	@ (1000a044 <UsbHostDevRemove+0x5c>)
10009ff8:	18d3      	adds	r3, r2, r3
10009ffa:	2201      	movs	r2, #1
10009ffc:	78db      	ldrb	r3, [r3, #3]
10009ffe:	4213      	tst	r3, r2
1000a000:	d01a      	beq.n	1000a038 <UsbHostDevRemove+0x50>
1000a002:	782b      	ldrb	r3, [r5, #0]
1000a004:	9a01      	ldr	r2, [sp, #4]
1000a006:	4293      	cmp	r3, r2
1000a008:	d116      	bne.n	1000a038 <UsbHostDevRemove+0x50>
1000a00a:	2e00      	cmp	r6, #0
1000a00c:	d111      	bne.n	1000a032 <UsbHostDevRemove+0x4a>
1000a00e:	b2e7      	uxtb	r7, r4
1000a010:	0038      	movs	r0, r7
1000a012:	f000 ff89 	bl	1000af28 <UsbHostHidClose>
1000a016:	0038      	movs	r0, r7
1000a018:	f7ff ff34 	bl	10009e84 <UsbHostDevClose>
1000a01c:	0038      	movs	r0, r7
1000a01e:	f7ff ffc9 	bl	10009fb4 <UsbHostClrDev>
1000a022:	4b09      	ldr	r3, [pc, #36]	@ (1000a048 <UsbHostDevRemove+0x60>)
1000a024:	781b      	ldrb	r3, [r3, #0]
1000a026:	42bb      	cmp	r3, r7
1000a028:	d106      	bne.n	1000a038 <UsbHostDevRemove+0x50>
1000a02a:	2200      	movs	r2, #0
1000a02c:	4b07      	ldr	r3, [pc, #28]	@ (1000a04c <UsbHostDevRemove+0x64>)
1000a02e:	701a      	strb	r2, [r3, #0]
1000a030:	e002      	b.n	1000a038 <UsbHostDevRemove+0x50>
1000a032:	786b      	ldrb	r3, [r5, #1]
1000a034:	42b3      	cmp	r3, r6
1000a036:	d0ea      	beq.n	1000a00e <UsbHostDevRemove+0x26>
1000a038:	3401      	adds	r4, #1
1000a03a:	353c      	adds	r5, #60	@ 0x3c
1000a03c:	2c05      	cmp	r4, #5
1000a03e:	d1d8      	bne.n	10009ff2 <UsbHostDevRemove+0xa>
1000a040:	bdf7      	pop	{r0, r1, r2, r4, r5, r6, r7, pc}
1000a042:	46c0      	nop			@ (mov r8, r8)
1000a044:	200282dc 	.word	0x200282dc
1000a048:	200284b6 	.word	0x200284b6
1000a04c:	200285bc 	.word	0x200285bc

1000a050 <UsbHostInit>:
1000a050:	2201      	movs	r2, #1
1000a052:	4b29      	ldr	r3, [pc, #164]	@ (1000a0f8 <UsbHostInit+0xa8>)
1000a054:	b570      	push	{r4, r5, r6, lr}
1000a056:	701a      	strb	r2, [r3, #0]
1000a058:	f001 f9fc 	bl	1000b454 <UsbPhyInit>
1000a05c:	4b27      	ldr	r3, [pc, #156]	@ (1000a0fc <UsbHostInit+0xac>)
1000a05e:	4a28      	ldr	r2, [pc, #160]	@ (1000a100 <UsbHostInit+0xb0>)
1000a060:	681b      	ldr	r3, [r3, #0]
1000a062:	655a      	str	r2, [r3, #84]	@ 0x54
1000a064:	f3bf 8f5f 	dmb	sy
1000a068:	2100      	movs	r1, #0
1000a06a:	4b26      	ldr	r3, [pc, #152]	@ (1000a104 <UsbHostInit+0xb4>)
1000a06c:	2440      	movs	r4, #64	@ 0x40
1000a06e:	7019      	strb	r1, [r3, #0]
1000a070:	4b25      	ldr	r3, [pc, #148]	@ (1000a108 <UsbHostInit+0xb8>)
1000a072:	4a26      	ldr	r2, [pc, #152]	@ (1000a10c <UsbHostInit+0xbc>)
1000a074:	7019      	strb	r1, [r3, #0]
1000a076:	4b26      	ldr	r3, [pc, #152]	@ (1000a110 <UsbHostInit+0xc0>)
1000a078:	4826      	ldr	r0, [pc, #152]	@ (1000a114 <UsbHostInit+0xc4>)
1000a07a:	7019      	strb	r1, [r3, #0]
1000a07c:	4b26      	ldr	r3, [pc, #152]	@ (1000a118 <UsbHostInit+0xc8>)
1000a07e:	6019      	str	r1, [r3, #0]
1000a080:	4b26      	ldr	r3, [pc, #152]	@ (1000a11c <UsbHostInit+0xcc>)
1000a082:	001d      	movs	r5, r3
1000a084:	0016      	movs	r6, r2
1000a086:	61da      	str	r2, [r3, #28]
1000a088:	3680      	adds	r6, #128	@ 0x80
1000a08a:	3208      	adds	r2, #8
1000a08c:	6159      	str	r1, [r3, #20]
1000a08e:	621e      	str	r6, [r3, #32]
1000a090:	815c      	strh	r4, [r3, #10]
1000a092:	3324      	adds	r3, #36	@ 0x24
1000a094:	4282      	cmp	r2, r0
1000a096:	d1f5      	bne.n	1000a084 <UsbHostInit+0x34>
1000a098:	4c21      	ldr	r4, [pc, #132]	@ (1000a120 <UsbHostInit+0xd0>)
1000a09a:	0020      	movs	r0, r4
1000a09c:	f001 f908 	bl	1000b2b0 <UsbRamAlloc>
1000a0a0:	816c      	strh	r4, [r5, #10]
1000a0a2:	2401      	movs	r4, #1
1000a0a4:	4b1f      	ldr	r3, [pc, #124]	@ (1000a124 <UsbHostInit+0xd4>)
1000a0a6:	702c      	strb	r4, [r5, #0]
1000a0a8:	61eb      	str	r3, [r5, #28]
1000a0aa:	6168      	str	r0, [r5, #20]
1000a0ac:	4d1e      	ldr	r5, [pc, #120]	@ (1000a128 <UsbHostInit+0xd8>)
1000a0ae:	2000      	movs	r0, #0
1000a0b0:	702c      	strb	r4, [r5, #0]
1000a0b2:	f7ff ff7f 	bl	10009fb4 <UsbHostClrDev>
1000a0b6:	0020      	movs	r0, r4
1000a0b8:	f7ff ff7c 	bl	10009fb4 <UsbHostClrDev>
1000a0bc:	2002      	movs	r0, #2
1000a0be:	f7ff ff79 	bl	10009fb4 <UsbHostClrDev>
1000a0c2:	2003      	movs	r0, #3
1000a0c4:	f7ff ff76 	bl	10009fb4 <UsbHostClrDev>
1000a0c8:	2004      	movs	r0, #4
1000a0ca:	f7ff ff73 	bl	10009fb4 <UsbHostClrDev>
1000a0ce:	2203      	movs	r2, #3
1000a0d0:	4b16      	ldr	r3, [pc, #88]	@ (1000a12c <UsbHostInit+0xdc>)
1000a0d2:	601a      	str	r2, [r3, #0]
1000a0d4:	4a16      	ldr	r2, [pc, #88]	@ (1000a130 <UsbHostInit+0xe0>)
1000a0d6:	4b17      	ldr	r3, [pc, #92]	@ (1000a134 <UsbHostInit+0xe4>)
1000a0d8:	601a      	str	r2, [r3, #0]
1000a0da:	782b      	ldrb	r3, [r5, #0]
1000a0dc:	1e5a      	subs	r2, r3, #1
1000a0de:	4193      	sbcs	r3, r2
1000a0e0:	4a15      	ldr	r2, [pc, #84]	@ (1000a138 <UsbHostInit+0xe8>)
1000a0e2:	009b      	lsls	r3, r3, #2
1000a0e4:	189b      	adds	r3, r3, r2
1000a0e6:	4a15      	ldr	r2, [pc, #84]	@ (1000a13c <UsbHostInit+0xec>)
1000a0e8:	6013      	str	r3, [r2, #0]
1000a0ea:	f000 fc61 	bl	1000a9b0 <UsbHostHidInit>
1000a0ee:	f000 ffa3 	bl	1000b038 <UsbIntEnable>
1000a0f2:	4b13      	ldr	r3, [pc, #76]	@ (1000a140 <UsbHostInit+0xf0>)
1000a0f4:	701c      	strb	r4, [r3, #0]
1000a0f6:	bd70      	pop	{r4, r5, r6, pc}
1000a0f8:	200284bb 	.word	0x200284bb
1000a0fc:	e000ed08 	.word	0xe000ed08
1000a100:	1000a5cd 	.word	0x1000a5cd
1000a104:	200284a6 	.word	0x200284a6
1000a108:	200285bc 	.word	0x200285bc
1000a10c:	50100000 	.word	0x50100000
1000a110:	200284b7 	.word	0x200284b7
1000a114:	50100080 	.word	0x50100080
1000a118:	20027854 	.word	0x20027854
1000a11c:	20026e54 	.word	0x20026e54
1000a120:	000003ff 	.word	0x000003ff
1000a124:	50100100 	.word	0x50100100
1000a128:	200285bd 	.word	0x200285bd
1000a12c:	50110040 	.word	0x50110040
1000a130:	20008600 	.word	0x20008600
1000a134:	5011004c 	.word	0x5011004c
1000a138:	0000047b 	.word	0x0000047b
1000a13c:	50110090 	.word	0x50110090
1000a140:	200284ba 	.word	0x200284ba

1000a144 <UsbHostXferStart>:
1000a144:	b5f0      	push	{r4, r5, r6, r7, lr}
1000a146:	b087      	sub	sp, #28
1000a148:	9304      	str	r3, [sp, #16]
1000a14a:	ab0c      	add	r3, sp, #48	@ 0x30
1000a14c:	781b      	ldrb	r3, [r3, #0]
1000a14e:	0005      	movs	r5, r0
1000a150:	000c      	movs	r4, r1
1000a152:	9203      	str	r2, [sp, #12]
1000a154:	9305      	str	r3, [sp, #20]
1000a156:	f7ff fcf7 	bl	10009b48 <UsbHostDevEp>
1000a15a:	0006      	movs	r6, r0
1000a15c:	28ff      	cmp	r0, #255	@ 0xff
1000a15e:	d046      	beq.n	1000a1ee <UsbHostXferStart+0xaa>
1000a160:	2224      	movs	r2, #36	@ 0x24
1000a162:	4342      	muls	r2, r0
1000a164:	4f24      	ldr	r7, [pc, #144]	@ (1000a1f8 <UsbHostXferStart+0xb4>)
1000a166:	18ba      	adds	r2, r7, r2
1000a168:	79d3      	ldrb	r3, [r2, #7]
1000a16a:	42a3      	cmp	r3, r4
1000a16c:	d008      	beq.n	1000a180 <UsbHostXferStart+0x3c>
1000a16e:	2100      	movs	r1, #0
1000a170:	8953      	ldrh	r3, [r2, #10]
1000a172:	9101      	str	r1, [sp, #4]
1000a174:	7a52      	ldrb	r2, [r2, #9]
1000a176:	0029      	movs	r1, r5
1000a178:	9200      	str	r2, [sp, #0]
1000a17a:	0022      	movs	r2, r4
1000a17c:	f7ff fdba 	bl	10009cf4 <UsbHostEpInit>
1000a180:	0030      	movs	r0, r6
1000a182:	9b05      	ldr	r3, [sp, #20]
1000a184:	9a04      	ldr	r2, [sp, #16]
1000a186:	9903      	ldr	r1, [sp, #12]
1000a188:	f001 f816 	bl	1000b1b8 <UsbXferStart>
1000a18c:	2e00      	cmp	r6, #0
1000a18e:	d12e      	bne.n	1000a1ee <UsbHostXferStart+0xaa>
1000a190:	22e0      	movs	r2, #224	@ 0xe0
1000a192:	0864      	lsrs	r4, r4, #1
1000a194:	4b19      	ldr	r3, [pc, #100]	@ (1000a1fc <UsbHostXferStart+0xb8>)
1000a196:	0424      	lsls	r4, r4, #16
1000a198:	432c      	orrs	r4, r5
1000a19a:	601c      	str	r4, [r3, #0]
1000a19c:	69fb      	ldr	r3, [r7, #28]
1000a19e:	05d2      	lsls	r2, r2, #23
1000a1a0:	681b      	ldr	r3, [r3, #0]
1000a1a2:	002e      	movs	r6, r5
1000a1a4:	4013      	ands	r3, r2
1000a1a6:	797a      	ldrb	r2, [r7, #5]
1000a1a8:	2704      	movs	r7, #4
1000a1aa:	2a00      	cmp	r2, #0
1000a1ac:	d000      	beq.n	1000a1b0 <UsbHostXferStart+0x6c>
1000a1ae:	19ff      	adds	r7, r7, r7
1000a1b0:	431f      	orrs	r7, r3
1000a1b2:	f000 ff55 	bl	1000b060 <UsbGetDevSpeed>
1000a1b6:	2d04      	cmp	r5, #4
1000a1b8:	d900      	bls.n	1000a1bc <UsbHostXferStart+0x78>
1000a1ba:	2600      	movs	r6, #0
1000a1bc:	223c      	movs	r2, #60	@ 0x3c
1000a1be:	4372      	muls	r2, r6
1000a1c0:	4b0f      	ldr	r3, [pc, #60]	@ (1000a200 <UsbHostXferStart+0xbc>)
1000a1c2:	189b      	adds	r3, r3, r2
1000a1c4:	789b      	ldrb	r3, [r3, #2]
1000a1c6:	4283      	cmp	r3, r0
1000a1c8:	d113      	bne.n	1000a1f2 <UsbHostXferStart+0xae>
1000a1ca:	2486      	movs	r4, #134	@ 0x86
1000a1cc:	0224      	lsls	r4, r4, #8
1000a1ce:	2202      	movs	r2, #2
1000a1d0:	4b09      	ldr	r3, [pc, #36]	@ (1000a1f8 <UsbHostXferStart+0xb4>)
1000a1d2:	433c      	orrs	r4, r7
1000a1d4:	7a5b      	ldrb	r3, [r3, #9]
1000a1d6:	4393      	bics	r3, r2
1000a1d8:	2b01      	cmp	r3, #1
1000a1da:	d101      	bne.n	1000a1e0 <UsbHostXferStart+0x9c>
1000a1dc:	33ff      	adds	r3, #255	@ 0xff
1000a1de:	431c      	orrs	r4, r3
1000a1e0:	4d08      	ldr	r5, [pc, #32]	@ (1000a204 <UsbHostXferStart+0xc0>)
1000a1e2:	602c      	str	r4, [r5, #0]
1000a1e4:	f000 ff44 	bl	1000b070 <UsbDelay12>
1000a1e8:	2301      	movs	r3, #1
1000a1ea:	4323      	orrs	r3, r4
1000a1ec:	602b      	str	r3, [r5, #0]
1000a1ee:	b007      	add	sp, #28
1000a1f0:	bdf0      	pop	{r4, r5, r6, r7, pc}
1000a1f2:	4c05      	ldr	r4, [pc, #20]	@ (1000a208 <UsbHostXferStart+0xc4>)
1000a1f4:	e7eb      	b.n	1000a1ce <UsbHostXferStart+0x8a>
1000a1f6:	46c0      	nop			@ (mov r8, r8)
1000a1f8:	20026e54 	.word	0x20026e54
1000a1fc:	50110000 	.word	0x50110000
1000a200:	200282dc 	.word	0x200282dc
1000a204:	5011004c 	.word	0x5011004c
1000a208:	00008640 	.word	0x00008640

1000a20c <UsbHostSetupComp>:
1000a20c:	b573      	push	{r0, r1, r4, r5, r6, lr}
1000a20e:	0011      	movs	r1, r2
1000a210:	001d      	movs	r5, r3
1000a212:	2a00      	cmp	r2, #0
1000a214:	d002      	beq.n	1000a21c <UsbHostSetupComp+0x10>
1000a216:	f7ff fcd1 	bl	10009bbc <UsbHostSetupIdle>
1000a21a:	e016      	b.n	1000a24a <UsbHostSetupComp+0x3e>
1000a21c:	4c11      	ldr	r4, [pc, #68]	@ (1000a264 <UsbHostSetupComp+0x58>)
1000a21e:	7822      	ldrb	r2, [r4, #0]
1000a220:	2a02      	cmp	r2, #2
1000a222:	d013      	beq.n	1000a24c <UsbHostSetupComp+0x40>
1000a224:	2a03      	cmp	r2, #3
1000a226:	d0f6      	beq.n	1000a216 <UsbHostSetupComp+0xa>
1000a228:	2a01      	cmp	r2, #1
1000a22a:	d10e      	bne.n	1000a24a <UsbHostSetupComp+0x3e>
1000a22c:	4e0e      	ldr	r6, [pc, #56]	@ (1000a268 <UsbHostSetupComp+0x5c>)
1000a22e:	88f3      	ldrh	r3, [r6, #6]
1000a230:	2b00      	cmp	r3, #0
1000a232:	d00b      	beq.n	1000a24c <UsbHostSetupComp+0x40>
1000a234:	2502      	movs	r5, #2
1000a236:	7836      	ldrb	r6, [r6, #0]
1000a238:	7025      	strb	r5, [r4, #0]
1000a23a:	09f4      	lsrs	r4, r6, #7
1000a23c:	4054      	eors	r4, r2
1000a23e:	9100      	str	r1, [sp, #0]
1000a240:	0021      	movs	r1, r4
1000a242:	4d0a      	ldr	r5, [pc, #40]	@ (1000a26c <UsbHostSetupComp+0x60>)
1000a244:	682a      	ldr	r2, [r5, #0]
1000a246:	f7ff ff7d 	bl	1000a144 <UsbHostXferStart>
1000a24a:	bd73      	pop	{r0, r1, r4, r5, r6, pc}
1000a24c:	4b08      	ldr	r3, [pc, #32]	@ (1000a270 <UsbHostSetupComp+0x64>)
1000a24e:	2200      	movs	r2, #0
1000a250:	801d      	strh	r5, [r3, #0]
1000a252:	2303      	movs	r3, #3
1000a254:	7023      	strb	r3, [r4, #0]
1000a256:	4b04      	ldr	r3, [pc, #16]	@ (1000a268 <UsbHostSetupComp+0x5c>)
1000a258:	7819      	ldrb	r1, [r3, #0]
1000a25a:	0013      	movs	r3, r2
1000a25c:	09c9      	lsrs	r1, r1, #7
1000a25e:	9200      	str	r2, [sp, #0]
1000a260:	e7f1      	b.n	1000a246 <UsbHostSetupComp+0x3a>
1000a262:	46c0      	nop			@ (mov r8, r8)
1000a264:	200285bc 	.word	0x200285bc
1000a268:	2002840c 	.word	0x2002840c
1000a26c:	20027858 	.word	0x20027858
1000a270:	2002840a 	.word	0x2002840a

1000a274 <UsbHostComp>:
1000a274:	2324      	movs	r3, #36	@ 0x24
1000a276:	000a      	movs	r2, r1
1000a278:	0019      	movs	r1, r3
1000a27a:	4341      	muls	r1, r0
1000a27c:	b570      	push	{r4, r5, r6, lr}
1000a27e:	4c0f      	ldr	r4, [pc, #60]	@ (1000a2bc <UsbHostComp+0x48>)
1000a280:	0006      	movs	r6, r0
1000a282:	1861      	adds	r1, r4, r1
1000a284:	7988      	ldrb	r0, [r1, #6]
1000a286:	2500      	movs	r5, #0
1000a288:	2804      	cmp	r0, #4
1000a28a:	d800      	bhi.n	1000a28e <UsbHostComp+0x1a>
1000a28c:	0005      	movs	r5, r0
1000a28e:	4373      	muls	r3, r6
1000a290:	2600      	movs	r6, #0
1000a292:	18e4      	adds	r4, r4, r3
1000a294:	79e1      	ldrb	r1, [r4, #7]
1000a296:	8a23      	ldrh	r3, [r4, #16]
1000a298:	7066      	strb	r6, [r4, #1]
1000a29a:	2901      	cmp	r1, #1
1000a29c:	d803      	bhi.n	1000a2a6 <UsbHostComp+0x32>
1000a29e:	70a6      	strb	r6, [r4, #2]
1000a2a0:	f7ff ffb4 	bl	1000a20c <UsbHostSetupComp>
1000a2a4:	bd70      	pop	{r4, r5, r6, pc}
1000a2a6:	263c      	movs	r6, #60	@ 0x3c
1000a2a8:	4375      	muls	r5, r6
1000a2aa:	4c05      	ldr	r4, [pc, #20]	@ (1000a2c0 <UsbHostComp+0x4c>)
1000a2ac:	1964      	adds	r4, r4, r5
1000a2ae:	1864      	adds	r4, r4, r1
1000a2b0:	7f24      	ldrb	r4, [r4, #28]
1000a2b2:	2c00      	cmp	r4, #0
1000a2b4:	d1f6      	bne.n	1000a2a4 <UsbHostComp+0x30>
1000a2b6:	f000 fd35 	bl	1000ad24 <UsbHostHidComp>
1000a2ba:	e7f3      	b.n	1000a2a4 <UsbHostComp+0x30>
1000a2bc:	20026e54 	.word	0x20026e54
1000a2c0:	200282dc 	.word	0x200282dc

1000a2c4 <UsbHostSetupSend>:
1000a2c4:	b573      	push	{r0, r1, r4, r5, r6, lr}
1000a2c6:	0004      	movs	r4, r0
1000a2c8:	2500      	movs	r5, #0
1000a2ca:	2208      	movs	r2, #8
1000a2cc:	4915      	ldr	r1, [pc, #84]	@ (1000a324 <UsbHostSetupSend+0x60>)
1000a2ce:	4816      	ldr	r0, [pc, #88]	@ (1000a328 <UsbHostSetupSend+0x64>)
1000a2d0:	f000 fea8 	bl	1000b024 <UsbMemcpy>
1000a2d4:	4e15      	ldr	r6, [pc, #84]	@ (1000a32c <UsbHostSetupSend+0x68>)
1000a2d6:	2201      	movs	r2, #1
1000a2d8:	8973      	ldrh	r3, [r6, #10]
1000a2da:	0021      	movs	r1, r4
1000a2dc:	0028      	movs	r0, r5
1000a2de:	9501      	str	r5, [sp, #4]
1000a2e0:	9500      	str	r5, [sp, #0]
1000a2e2:	f7ff fd07 	bl	10009cf4 <UsbHostEpInit>
1000a2e6:	4b12      	ldr	r3, [pc, #72]	@ (1000a330 <UsbHostSetupSend+0x6c>)
1000a2e8:	8235      	strh	r5, [r6, #16]
1000a2ea:	60f3      	str	r3, [r6, #12]
1000a2ec:	2301      	movs	r3, #1
1000a2ee:	7073      	strb	r3, [r6, #1]
1000a2f0:	4b10      	ldr	r3, [pc, #64]	@ (1000a334 <UsbHostSetupSend+0x70>)
1000a2f2:	601c      	str	r4, [r3, #0]
1000a2f4:	f000 feb4 	bl	1000b060 <UsbGetDevSpeed>
1000a2f8:	2c04      	cmp	r4, #4
1000a2fa:	d900      	bls.n	1000a2fe <UsbHostSetupSend+0x3a>
1000a2fc:	002c      	movs	r4, r5
1000a2fe:	223c      	movs	r2, #60	@ 0x3c
1000a300:	4362      	muls	r2, r4
1000a302:	4b0d      	ldr	r3, [pc, #52]	@ (1000a338 <UsbHostSetupSend+0x74>)
1000a304:	4d0d      	ldr	r5, [pc, #52]	@ (1000a33c <UsbHostSetupSend+0x78>)
1000a306:	189b      	adds	r3, r3, r2
1000a308:	789c      	ldrb	r4, [r3, #2]
1000a30a:	1a24      	subs	r4, r4, r0
1000a30c:	1e63      	subs	r3, r4, #1
1000a30e:	419c      	sbcs	r4, r3
1000a310:	4b0b      	ldr	r3, [pc, #44]	@ (1000a340 <UsbHostSetupSend+0x7c>)
1000a312:	01a4      	lsls	r4, r4, #6
1000a314:	18e4      	adds	r4, r4, r3
1000a316:	602c      	str	r4, [r5, #0]
1000a318:	f000 feaa 	bl	1000b070 <UsbDelay12>
1000a31c:	2301      	movs	r3, #1
1000a31e:	4323      	orrs	r3, r4
1000a320:	602b      	str	r3, [r5, #0]
1000a322:	bd73      	pop	{r0, r1, r4, r5, r6, pc}
1000a324:	2002840c 	.word	0x2002840c
1000a328:	50100000 	.word	0x50100000
1000a32c:	20026e54 	.word	0x20026e54
1000a330:	00080008 	.word	0x00080008
1000a334:	50110000 	.word	0x50110000
1000a338:	200282dc 	.word	0x200282dc
1000a33c:	5011004c 	.word	0x5011004c
1000a340:	20008602 	.word	0x20008602

1000a344 <UsbHostCtrlXfer>:
1000a344:	b510      	push	{r4, lr}
1000a346:	4b08      	ldr	r3, [pc, #32]	@ (1000a368 <UsbHostCtrlXfer+0x24>)
1000a348:	6019      	str	r1, [r3, #0]
1000a34a:	4908      	ldr	r1, [pc, #32]	@ (1000a36c <UsbHostCtrlXfer+0x28>)
1000a34c:	4b08      	ldr	r3, [pc, #32]	@ (1000a370 <UsbHostCtrlXfer+0x2c>)
1000a34e:	88c9      	ldrh	r1, [r1, #6]
1000a350:	8019      	strh	r1, [r3, #0]
1000a352:	2100      	movs	r1, #0
1000a354:	4b07      	ldr	r3, [pc, #28]	@ (1000a374 <UsbHostCtrlXfer+0x30>)
1000a356:	8019      	strh	r1, [r3, #0]
1000a358:	4b07      	ldr	r3, [pc, #28]	@ (1000a378 <UsbHostCtrlXfer+0x34>)
1000a35a:	601a      	str	r2, [r3, #0]
1000a35c:	2201      	movs	r2, #1
1000a35e:	4b07      	ldr	r3, [pc, #28]	@ (1000a37c <UsbHostCtrlXfer+0x38>)
1000a360:	701a      	strb	r2, [r3, #0]
1000a362:	f7ff ffaf 	bl	1000a2c4 <UsbHostSetupSend>
1000a366:	bd10      	pop	{r4, pc}
1000a368:	20027858 	.word	0x20027858
1000a36c:	2002840c 	.word	0x2002840c
1000a370:	20028408 	.word	0x20028408
1000a374:	2002840a 	.word	0x2002840a
1000a378:	20027854 	.word	0x20027854
1000a37c:	200285bc 	.word	0x200285bc

1000a380 <UsbHostGetDesc>:
1000a380:	b5f8      	push	{r3, r4, r5, r6, r7, lr}
1000a382:	25d0      	movs	r5, #208	@ 0xd0
1000a384:	ac06      	add	r4, sp, #24
1000a386:	cc40      	ldmia	r4!, {r6}
1000a388:	00ed      	lsls	r5, r5, #3
1000a38a:	8827      	ldrh	r7, [r4, #0]
1000a38c:	4c05      	ldr	r4, [pc, #20]	@ (1000a3a4 <UsbHostGetDesc+0x24>)
1000a38e:	8025      	strh	r5, [r4, #0]
1000a390:	020d      	lsls	r5, r1, #8
1000a392:	4315      	orrs	r5, r2
1000a394:	0031      	movs	r1, r6
1000a396:	9a08      	ldr	r2, [sp, #32]
1000a398:	8065      	strh	r5, [r4, #2]
1000a39a:	80e7      	strh	r7, [r4, #6]
1000a39c:	80a3      	strh	r3, [r4, #4]
1000a39e:	f7ff ffd1 	bl	1000a344 <UsbHostCtrlXfer>
1000a3a2:	bdf8      	pop	{r3, r4, r5, r6, r7, pc}
1000a3a4:	2002840c 	.word	0x2002840c

1000a3a8 <UsbHostEnum>:
1000a3a8:	b5f0      	push	{r4, r5, r6, r7, lr}
1000a3aa:	4c7b      	ldr	r4, [pc, #492]	@ (1000a598 <UsbHostEnum+0x1f0>)
1000a3ac:	000d      	movs	r5, r1
1000a3ae:	7823      	ldrb	r3, [r4, #0]
1000a3b0:	b087      	sub	sp, #28
1000a3b2:	2b00      	cmp	r3, #0
1000a3b4:	d008      	beq.n	1000a3c8 <UsbHostEnum+0x20>
1000a3b6:	f000 fe53 	bl	1000b060 <UsbGetDevSpeed>
1000a3ba:	2800      	cmp	r0, #0
1000a3bc:	d106      	bne.n	1000a3cc <UsbHostEnum+0x24>
1000a3be:	7823      	ldrb	r3, [r4, #0]
1000a3c0:	2b02      	cmp	r3, #2
1000a3c2:	d903      	bls.n	1000a3cc <UsbHostEnum+0x24>
1000a3c4:	f7ff fd98 	bl	10009ef8 <UsbHostEnumStop>
1000a3c8:	b007      	add	sp, #28
1000a3ca:	bdf0      	pop	{r4, r5, r6, r7, pc}
1000a3cc:	2d00      	cmp	r5, #0
1000a3ce:	d015      	beq.n	1000a3fc <UsbHostEnum+0x54>
1000a3d0:	4a72      	ldr	r2, [pc, #456]	@ (1000a59c <UsbHostEnum+0x1f4>)
1000a3d2:	7813      	ldrb	r3, [r2, #0]
1000a3d4:	2b00      	cmp	r3, #0
1000a3d6:	d003      	beq.n	1000a3e0 <UsbHostEnum+0x38>
1000a3d8:	7813      	ldrb	r3, [r2, #0]
1000a3da:	3b01      	subs	r3, #1
1000a3dc:	b2db      	uxtb	r3, r3
1000a3de:	7013      	strb	r3, [r2, #0]
1000a3e0:	7813      	ldrb	r3, [r2, #0]
1000a3e2:	2b00      	cmp	r3, #0
1000a3e4:	d0ee      	beq.n	1000a3c4 <UsbHostEnum+0x1c>
1000a3e6:	4b6e      	ldr	r3, [pc, #440]	@ (1000a5a0 <UsbHostEnum+0x1f8>)
1000a3e8:	4a6e      	ldr	r2, [pc, #440]	@ (1000a5a4 <UsbHostEnum+0x1fc>)
1000a3ea:	6a9b      	ldr	r3, [r3, #40]	@ 0x28
1000a3ec:	189b      	adds	r3, r3, r2
1000a3ee:	4a6e      	ldr	r2, [pc, #440]	@ (1000a5a8 <UsbHostEnum+0x200>)
1000a3f0:	6013      	str	r3, [r2, #0]
1000a3f2:	f3bf 8f5f 	dmb	sy
1000a3f6:	2301      	movs	r3, #1
1000a3f8:	7023      	strb	r3, [r4, #0]
1000a3fa:	e7e5      	b.n	1000a3c8 <UsbHostEnum+0x20>
1000a3fc:	7820      	ldrb	r0, [r4, #0]
1000a3fe:	3801      	subs	r0, #1
1000a400:	2809      	cmp	r0, #9
1000a402:	d810      	bhi.n	1000a426 <UsbHostEnum+0x7e>
1000a404:	f004 ffb4 	bl	1000f370 <____gnu_thumb1_case_uqi_veneer>
1000a408:	2e1a1305 	.word	0x2e1a1305
1000a40c:	957d6763 	.word	0x957d6763
1000a410:	b9a3      	.short	0xb9a3
1000a412:	4b63      	ldr	r3, [pc, #396]	@ (1000a5a0 <UsbHostEnum+0x1f8>)
1000a414:	4a65      	ldr	r2, [pc, #404]	@ (1000a5ac <UsbHostEnum+0x204>)
1000a416:	6a9b      	ldr	r3, [r3, #40]	@ 0x28
1000a418:	189b      	adds	r3, r3, r2
1000a41a:	4a63      	ldr	r2, [pc, #396]	@ (1000a5a8 <UsbHostEnum+0x200>)
1000a41c:	6013      	str	r3, [r2, #0]
1000a41e:	2280      	movs	r2, #128	@ 0x80
1000a420:	4b63      	ldr	r3, [pc, #396]	@ (1000a5b0 <UsbHostEnum+0x208>)
1000a422:	0192      	lsls	r2, r2, #6
1000a424:	601a      	str	r2, [r3, #0]
1000a426:	7823      	ldrb	r3, [r4, #0]
1000a428:	3301      	adds	r3, #1
1000a42a:	b2db      	uxtb	r3, r3
1000a42c:	e7e4      	b.n	1000a3f8 <UsbHostEnum+0x50>
1000a42e:	4b5c      	ldr	r3, [pc, #368]	@ (1000a5a0 <UsbHostEnum+0x1f8>)
1000a430:	4a60      	ldr	r2, [pc, #384]	@ (1000a5b4 <UsbHostEnum+0x20c>)
1000a432:	6a9b      	ldr	r3, [r3, #40]	@ 0x28
1000a434:	189b      	adds	r3, r3, r2
1000a436:	4a5c      	ldr	r2, [pc, #368]	@ (1000a5a8 <UsbHostEnum+0x200>)
1000a438:	6013      	str	r3, [r2, #0]
1000a43a:	e7f4      	b.n	1000a426 <UsbHostEnum+0x7e>
1000a43c:	2500      	movs	r5, #0
1000a43e:	4b5e      	ldr	r3, [pc, #376]	@ (1000a5b8 <UsbHostEnum+0x210>)
1000a440:	2108      	movs	r1, #8
1000a442:	0028      	movs	r0, r5
1000a444:	701d      	strb	r5, [r3, #0]
1000a446:	f7ff fd12 	bl	10009e6e <UsbHostEp0Open>
1000a44a:	4b5c      	ldr	r3, [pc, #368]	@ (1000a5bc <UsbHostEnum+0x214>)
1000a44c:	002a      	movs	r2, r5
1000a44e:	9302      	str	r3, [sp, #8]
1000a450:	2308      	movs	r3, #8
1000a452:	9301      	str	r3, [sp, #4]
1000a454:	4b5a      	ldr	r3, [pc, #360]	@ (1000a5c0 <UsbHostEnum+0x218>)
1000a456:	9300      	str	r3, [sp, #0]
1000a458:	002b      	movs	r3, r5
1000a45a:	2101      	movs	r1, #1
1000a45c:	0028      	movs	r0, r5
1000a45e:	f7ff ff8f 	bl	1000a380 <UsbHostGetDesc>
1000a462:	e7e0      	b.n	1000a426 <UsbHostEnum+0x7e>
1000a464:	4b56      	ldr	r3, [pc, #344]	@ (1000a5c0 <UsbHostEnum+0x218>)
1000a466:	791a      	ldrb	r2, [r3, #4]
1000a468:	2301      	movs	r3, #1
1000a46a:	2a09      	cmp	r2, #9
1000a46c:	d100      	bne.n	1000a470 <UsbHostEnum+0xc8>
1000a46e:	3304      	adds	r3, #4
1000a470:	213c      	movs	r1, #60	@ 0x3c
1000a472:	2601      	movs	r6, #1
1000a474:	4a53      	ldr	r2, [pc, #332]	@ (1000a5c4 <UsbHostEnum+0x21c>)
1000a476:	b2dd      	uxtb	r5, r3
1000a478:	2d05      	cmp	r5, #5
1000a47a:	d0a3      	beq.n	1000a3c4 <UsbHostEnum+0x1c>
1000a47c:	0008      	movs	r0, r1
1000a47e:	4358      	muls	r0, r3
1000a480:	1810      	adds	r0, r2, r0
1000a482:	78c7      	ldrb	r7, [r0, #3]
1000a484:	1c58      	adds	r0, r3, #1
1000a486:	4684      	mov	ip, r0
1000a488:	0038      	movs	r0, r7
1000a48a:	4030      	ands	r0, r6
1000a48c:	4237      	tst	r7, r6
1000a48e:	d001      	beq.n	1000a494 <UsbHostEnum+0xec>
1000a490:	4663      	mov	r3, ip
1000a492:	e7f0      	b.n	1000a476 <UsbHostEnum+0xce>
1000a494:	b2db      	uxtb	r3, r3
1000a496:	9305      	str	r3, [sp, #20]
1000a498:	8813      	ldrh	r3, [r2, #0]
1000a49a:	4f47      	ldr	r7, [pc, #284]	@ (1000a5b8 <UsbHostEnum+0x210>)
1000a49c:	469c      	mov	ip, r3
1000a49e:	9b05      	ldr	r3, [sp, #20]
1000a4a0:	703d      	strb	r5, [r7, #0]
1000a4a2:	4359      	muls	r1, r3
1000a4a4:	4663      	mov	r3, ip
1000a4a6:	7897      	ldrb	r7, [r2, #2]
1000a4a8:	1851      	adds	r1, r2, r1
1000a4aa:	4a45      	ldr	r2, [pc, #276]	@ (1000a5c0 <UsbHostEnum+0x218>)
1000a4ac:	800b      	strh	r3, [r1, #0]
1000a4ae:	708f      	strb	r7, [r1, #2]
1000a4b0:	70ce      	strb	r6, [r1, #3]
1000a4b2:	79d2      	ldrb	r2, [r2, #7]
1000a4b4:	4b44      	ldr	r3, [pc, #272]	@ (1000a5c8 <UsbHostEnum+0x220>)
1000a4b6:	72ca      	strb	r2, [r1, #11]
1000a4b8:	22a0      	movs	r2, #160	@ 0xa0
1000a4ba:	0001      	movs	r1, r0
1000a4bc:	00d2      	lsls	r2, r2, #3
1000a4be:	801a      	strh	r2, [r3, #0]
1000a4c0:	4a3e      	ldr	r2, [pc, #248]	@ (1000a5bc <UsbHostEnum+0x214>)
1000a4c2:	805d      	strh	r5, [r3, #2]
1000a4c4:	8098      	strh	r0, [r3, #4]
1000a4c6:	80d8      	strh	r0, [r3, #6]
1000a4c8:	f7ff ff3c 	bl	1000a344 <UsbHostCtrlXfer>
1000a4cc:	e7ab      	b.n	1000a426 <UsbHostEnum+0x7e>
1000a4ce:	4b34      	ldr	r3, [pc, #208]	@ (1000a5a0 <UsbHostEnum+0x1f8>)
1000a4d0:	4a36      	ldr	r2, [pc, #216]	@ (1000a5ac <UsbHostEnum+0x204>)
1000a4d2:	6a9b      	ldr	r3, [r3, #40]	@ 0x28
1000a4d4:	e7ae      	b.n	1000a434 <UsbHostEnum+0x8c>
1000a4d6:	4b38      	ldr	r3, [pc, #224]	@ (1000a5b8 <UsbHostEnum+0x210>)
1000a4d8:	2000      	movs	r0, #0
1000a4da:	781d      	ldrb	r5, [r3, #0]
1000a4dc:	f7ff fcd2 	bl	10009e84 <UsbHostDevClose>
1000a4e0:	223c      	movs	r2, #60	@ 0x3c
1000a4e2:	436a      	muls	r2, r5
1000a4e4:	4b37      	ldr	r3, [pc, #220]	@ (1000a5c4 <UsbHostEnum+0x21c>)
1000a4e6:	0028      	movs	r0, r5
1000a4e8:	189b      	adds	r3, r3, r2
1000a4ea:	7ad9      	ldrb	r1, [r3, #11]
1000a4ec:	f7ff fcbf 	bl	10009e6e <UsbHostEp0Open>
1000a4f0:	4b32      	ldr	r3, [pc, #200]	@ (1000a5bc <UsbHostEnum+0x214>)
1000a4f2:	9302      	str	r3, [sp, #8]
1000a4f4:	2312      	movs	r3, #18
1000a4f6:	9301      	str	r3, [sp, #4]
1000a4f8:	4b31      	ldr	r3, [pc, #196]	@ (1000a5c0 <UsbHostEnum+0x218>)
1000a4fa:	9300      	str	r3, [sp, #0]
1000a4fc:	2300      	movs	r3, #0
1000a4fe:	001a      	movs	r2, r3
1000a500:	e7ab      	b.n	1000a45a <UsbHostEnum+0xb2>
1000a502:	223c      	movs	r2, #60	@ 0x3c
1000a504:	4b2c      	ldr	r3, [pc, #176]	@ (1000a5b8 <UsbHostEnum+0x210>)
1000a506:	7818      	ldrb	r0, [r3, #0]
1000a508:	4b2e      	ldr	r3, [pc, #184]	@ (1000a5c4 <UsbHostEnum+0x21c>)
1000a50a:	4342      	muls	r2, r0
1000a50c:	189b      	adds	r3, r3, r2
1000a50e:	4a2c      	ldr	r2, [pc, #176]	@ (1000a5c0 <UsbHostEnum+0x218>)
1000a510:	8911      	ldrh	r1, [r2, #8]
1000a512:	89d5      	ldrh	r5, [r2, #14]
1000a514:	8099      	strh	r1, [r3, #4]
1000a516:	8951      	ldrh	r1, [r2, #10]
1000a518:	80d9      	strh	r1, [r3, #6]
1000a51a:	7c11      	ldrb	r1, [r2, #16]
1000a51c:	811d      	strh	r5, [r3, #8]
1000a51e:	7299      	strb	r1, [r3, #10]
1000a520:	4b26      	ldr	r3, [pc, #152]	@ (1000a5bc <UsbHostEnum+0x214>)
1000a522:	9200      	str	r2, [sp, #0]
1000a524:	9302      	str	r3, [sp, #8]
1000a526:	2309      	movs	r3, #9
1000a528:	9301      	str	r3, [sp, #4]
1000a52a:	2300      	movs	r3, #0
1000a52c:	2102      	movs	r1, #2
1000a52e:	001a      	movs	r2, r3
1000a530:	e795      	b.n	1000a45e <UsbHostEnum+0xb6>
1000a532:	21a0      	movs	r1, #160	@ 0xa0
1000a534:	4b22      	ldr	r3, [pc, #136]	@ (1000a5c0 <UsbHostEnum+0x218>)
1000a536:	0049      	lsls	r1, r1, #1
1000a538:	885a      	ldrh	r2, [r3, #2]
1000a53a:	428a      	cmp	r2, r1
1000a53c:	d900      	bls.n	1000a540 <UsbHostEnum+0x198>
1000a53e:	e741      	b.n	1000a3c4 <UsbHostEnum+0x1c>
1000a540:	491d      	ldr	r1, [pc, #116]	@ (1000a5b8 <UsbHostEnum+0x210>)
1000a542:	7808      	ldrb	r0, [r1, #0]
1000a544:	491d      	ldr	r1, [pc, #116]	@ (1000a5bc <UsbHostEnum+0x214>)
1000a546:	9201      	str	r2, [sp, #4]
1000a548:	9102      	str	r1, [sp, #8]
1000a54a:	9300      	str	r3, [sp, #0]
1000a54c:	e7ed      	b.n	1000a52a <UsbHostEnum+0x182>
1000a54e:	4b1a      	ldr	r3, [pc, #104]	@ (1000a5b8 <UsbHostEnum+0x210>)
1000a550:	4e1b      	ldr	r6, [pc, #108]	@ (1000a5c0 <UsbHostEnum+0x218>)
1000a552:	781d      	ldrb	r5, [r3, #0]
1000a554:	0031      	movs	r1, r6
1000a556:	0028      	movs	r0, r5
1000a558:	f7ff fb3e 	bl	10009bd8 <UsbHostParseCfg>
1000a55c:	2800      	cmp	r0, #0
1000a55e:	d100      	bne.n	1000a562 <UsbHostEnum+0x1ba>
1000a560:	e730      	b.n	1000a3c4 <UsbHostEnum+0x1c>
1000a562:	2190      	movs	r1, #144	@ 0x90
1000a564:	4b18      	ldr	r3, [pc, #96]	@ (1000a5c8 <UsbHostEnum+0x220>)
1000a566:	0109      	lsls	r1, r1, #4
1000a568:	7972      	ldrb	r2, [r6, #5]
1000a56a:	8019      	strh	r1, [r3, #0]
1000a56c:	2100      	movs	r1, #0
1000a56e:	805a      	strh	r2, [r3, #2]
1000a570:	0028      	movs	r0, r5
1000a572:	4a12      	ldr	r2, [pc, #72]	@ (1000a5bc <UsbHostEnum+0x214>)
1000a574:	8099      	strh	r1, [r3, #4]
1000a576:	80d9      	strh	r1, [r3, #6]
1000a578:	e7a6      	b.n	1000a4c8 <UsbHostEnum+0x120>
1000a57a:	223c      	movs	r2, #60	@ 0x3c
1000a57c:	4b0e      	ldr	r3, [pc, #56]	@ (1000a5b8 <UsbHostEnum+0x210>)
1000a57e:	7818      	ldrb	r0, [r3, #0]
1000a580:	4b10      	ldr	r3, [pc, #64]	@ (1000a5c4 <UsbHostEnum+0x21c>)
1000a582:	4342      	muls	r2, r0
1000a584:	189b      	adds	r3, r3, r2
1000a586:	2202      	movs	r2, #2
1000a588:	78d9      	ldrb	r1, [r3, #3]
1000a58a:	430a      	orrs	r2, r1
1000a58c:	21ff      	movs	r1, #255	@ 0xff
1000a58e:	70da      	strb	r2, [r3, #3]
1000a590:	f7ff fb82 	bl	10009c98 <UsbHostCfgComp>
1000a594:	e718      	b.n	1000a3c8 <UsbHostEnum+0x20>
1000a596:	46c0      	nop			@ (mov r8, r8)
1000a598:	200284b7 	.word	0x200284b7
1000a59c:	200284b8 	.word	0x200284b8
1000a5a0:	40054000 	.word	0x40054000
1000a5a4:	0000c350 	.word	0x0000c350
1000a5a8:	200272d8 	.word	0x200272d8
1000a5ac:	00002710 	.word	0x00002710
1000a5b0:	5011204c 	.word	0x5011204c
1000a5b4:	00061a80 	.word	0x00061a80
1000a5b8:	200284b6 	.word	0x200284b6
1000a5bc:	1000a3a9 	.word	0x1000a3a9
1000a5c0:	20027714 	.word	0x20027714
1000a5c4:	200282dc 	.word	0x200282dc
1000a5c8:	2002840c 	.word	0x2002840c

1000a5cc <UsbHostIrq>:
1000a5cc:	2310      	movs	r3, #16
1000a5ce:	b5f7      	push	{r0, r1, r2, r4, r5, r6, r7, lr}
1000a5d0:	4c5d      	ldr	r4, [pc, #372]	@ (1000a748 <UsbHostIrq+0x17c>)
1000a5d2:	6822      	ldr	r2, [r4, #0]
1000a5d4:	421a      	tst	r2, r3
1000a5d6:	d005      	beq.n	1000a5e4 <UsbHostIrq+0x18>
1000a5d8:	4a5c      	ldr	r2, [pc, #368]	@ (1000a74c <UsbHostIrq+0x180>)
1000a5da:	6013      	str	r3, [r2, #0]
1000a5dc:	f000 fcda 	bl	1000af94 <UsbHostHidSched>
1000a5e0:	f3bf 8f5f 	dmb	sy
1000a5e4:	2308      	movs	r3, #8
1000a5e6:	6822      	ldr	r2, [r4, #0]
1000a5e8:	421a      	tst	r2, r3
1000a5ea:	d016      	beq.n	1000a61a <UsbHostIrq+0x4e>
1000a5ec:	4a57      	ldr	r2, [pc, #348]	@ (1000a74c <UsbHostIrq+0x180>)
1000a5ee:	6013      	str	r3, [r2, #0]
1000a5f0:	4b57      	ldr	r3, [pc, #348]	@ (1000a750 <UsbHostIrq+0x184>)
1000a5f2:	781b      	ldrb	r3, [r3, #0]
1000a5f4:	b2da      	uxtb	r2, r3
1000a5f6:	3b01      	subs	r3, #1
1000a5f8:	2b02      	cmp	r3, #2
1000a5fa:	d901      	bls.n	1000a600 <UsbHostIrq+0x34>
1000a5fc:	2a06      	cmp	r2, #6
1000a5fe:	d10a      	bne.n	1000a616 <UsbHostIrq+0x4a>
1000a600:	4b54      	ldr	r3, [pc, #336]	@ (1000a754 <UsbHostIrq+0x188>)
1000a602:	4a55      	ldr	r2, [pc, #340]	@ (1000a758 <UsbHostIrq+0x18c>)
1000a604:	6a9b      	ldr	r3, [r3, #40]	@ 0x28
1000a606:	6812      	ldr	r2, [r2, #0]
1000a608:	1a9b      	subs	r3, r3, r2
1000a60a:	d404      	bmi.n	1000a616 <UsbHostIrq+0x4a>
1000a60c:	4b53      	ldr	r3, [pc, #332]	@ (1000a75c <UsbHostIrq+0x190>)
1000a60e:	2100      	movs	r1, #0
1000a610:	7818      	ldrb	r0, [r3, #0]
1000a612:	f7ff fec9 	bl	1000a3a8 <UsbHostEnum>
1000a616:	f3bf 8f5f 	dmb	sy
1000a61a:	4b51      	ldr	r3, [pc, #324]	@ (1000a760 <UsbHostIrq+0x194>)
1000a61c:	681c      	ldr	r4, [r3, #0]
1000a61e:	07e3      	lsls	r3, r4, #31
1000a620:	d50a      	bpl.n	1000a638 <UsbHostIrq+0x6c>
1000a622:	4e4b      	ldr	r6, [pc, #300]	@ (1000a750 <UsbHostIrq+0x184>)
1000a624:	4f4f      	ldr	r7, [pc, #316]	@ (1000a764 <UsbHostIrq+0x198>)
1000a626:	7833      	ldrb	r3, [r6, #0]
1000a628:	2b00      	cmp	r3, #0
1000a62a:	d067      	beq.n	1000a6fc <UsbHostIrq+0x130>
1000a62c:	7833      	ldrb	r3, [r6, #0]
1000a62e:	2b03      	cmp	r3, #3
1000a630:	d864      	bhi.n	1000a6fc <UsbHostIrq+0x130>
1000a632:	23c0      	movs	r3, #192	@ 0xc0
1000a634:	009b      	lsls	r3, r3, #2
1000a636:	603b      	str	r3, [r7, #0]
1000a638:	07a3      	lsls	r3, r4, #30
1000a63a:	d503      	bpl.n	1000a644 <UsbHostIrq+0x78>
1000a63c:	2280      	movs	r2, #128	@ 0x80
1000a63e:	4b49      	ldr	r3, [pc, #292]	@ (1000a764 <UsbHostIrq+0x198>)
1000a640:	0112      	lsls	r2, r2, #4
1000a642:	601a      	str	r2, [r3, #0]
1000a644:	2608      	movs	r6, #8
1000a646:	4234      	tst	r4, r6
1000a648:	d014      	beq.n	1000a674 <UsbHostIrq+0xa8>
1000a64a:	2280      	movs	r2, #128	@ 0x80
1000a64c:	4b45      	ldr	r3, [pc, #276]	@ (1000a764 <UsbHostIrq+0x198>)
1000a64e:	4d46      	ldr	r5, [pc, #280]	@ (1000a768 <UsbHostIrq+0x19c>)
1000a650:	02d2      	lsls	r2, r2, #11
1000a652:	601a      	str	r2, [r3, #0]
1000a654:	786b      	ldrb	r3, [r5, #1]
1000a656:	2b00      	cmp	r3, #0
1000a658:	d00c      	beq.n	1000a674 <UsbHostIrq+0xa8>
1000a65a:	4b44      	ldr	r3, [pc, #272]	@ (1000a76c <UsbHostIrq+0x1a0>)
1000a65c:	681b      	ldr	r3, [r3, #0]
1000a65e:	079b      	lsls	r3, r3, #30
1000a660:	d508      	bpl.n	1000a674 <UsbHostIrq+0xa8>
1000a662:	20c8      	movs	r0, #200	@ 0xc8
1000a664:	0040      	lsls	r0, r0, #1
1000a666:	f7ff f9dd 	bl	10009a24 <WaitUs>
1000a66a:	2100      	movs	r1, #0
1000a66c:	0008      	movs	r0, r1
1000a66e:	822e      	strh	r6, [r5, #16]
1000a670:	f7ff fe00 	bl	1000a274 <UsbHostComp>
1000a674:	06e3      	lsls	r3, r4, #27
1000a676:	d51e      	bpl.n	1000a6b6 <UsbHostIrq+0xea>
1000a678:	2500      	movs	r5, #0
1000a67a:	2603      	movs	r6, #3
1000a67c:	4b3c      	ldr	r3, [pc, #240]	@ (1000a770 <UsbHostIrq+0x1a4>)
1000a67e:	681b      	ldr	r3, [r3, #0]
1000a680:	9301      	str	r3, [sp, #4]
1000a682:	9b01      	ldr	r3, [sp, #4]
1000a684:	4233      	tst	r3, r6
1000a686:	d012      	beq.n	1000a6ae <UsbHostIrq+0xe2>
1000a688:	2224      	movs	r2, #36	@ 0x24
1000a68a:	4b3a      	ldr	r3, [pc, #232]	@ (1000a774 <UsbHostIrq+0x1a8>)
1000a68c:	436a      	muls	r2, r5
1000a68e:	601e      	str	r6, [r3, #0]
1000a690:	4b35      	ldr	r3, [pc, #212]	@ (1000a768 <UsbHostIrq+0x19c>)
1000a692:	189b      	adds	r3, r3, r2
1000a694:	785b      	ldrb	r3, [r3, #1]
1000a696:	2b00      	cmp	r3, #0
1000a698:	d009      	beq.n	1000a6ae <UsbHostIrq+0xe2>
1000a69a:	b2ef      	uxtb	r7, r5
1000a69c:	0038      	movs	r0, r7
1000a69e:	f000 fde3 	bl	1000b268 <UsbXferCont>
1000a6a2:	2800      	cmp	r0, #0
1000a6a4:	d003      	beq.n	1000a6ae <UsbHostIrq+0xe2>
1000a6a6:	2100      	movs	r1, #0
1000a6a8:	0038      	movs	r0, r7
1000a6aa:	f7ff fde3 	bl	1000a274 <UsbHostComp>
1000a6ae:	3501      	adds	r5, #1
1000a6b0:	00b6      	lsls	r6, r6, #2
1000a6b2:	2d10      	cmp	r5, #16
1000a6b4:	d1e5      	bne.n	1000a682 <UsbHostIrq+0xb6>
1000a6b6:	06a3      	lsls	r3, r4, #26
1000a6b8:	d503      	bpl.n	1000a6c2 <UsbHostIrq+0xf6>
1000a6ba:	2280      	movs	r2, #128	@ 0x80
1000a6bc:	4b29      	ldr	r3, [pc, #164]	@ (1000a764 <UsbHostIrq+0x198>)
1000a6be:	0612      	lsls	r2, r2, #24
1000a6c0:	601a      	str	r2, [r3, #0]
1000a6c2:	0663      	lsls	r3, r4, #25
1000a6c4:	d503      	bpl.n	1000a6ce <UsbHostIrq+0x102>
1000a6c6:	2280      	movs	r2, #128	@ 0x80
1000a6c8:	4b26      	ldr	r3, [pc, #152]	@ (1000a764 <UsbHostIrq+0x198>)
1000a6ca:	0512      	lsls	r2, r2, #20
1000a6cc:	601a      	str	r2, [r3, #0]
1000a6ce:	0563      	lsls	r3, r4, #21
1000a6d0:	d507      	bpl.n	1000a6e2 <UsbHostIrq+0x116>
1000a6d2:	2280      	movs	r2, #128	@ 0x80
1000a6d4:	4b23      	ldr	r3, [pc, #140]	@ (1000a764 <UsbHostIrq+0x198>)
1000a6d6:	0592      	lsls	r2, r2, #22
1000a6d8:	2102      	movs	r1, #2
1000a6da:	2000      	movs	r0, #0
1000a6dc:	601a      	str	r2, [r3, #0]
1000a6de:	f7ff fdc9 	bl	1000a274 <UsbHostComp>
1000a6e2:	0764      	lsls	r4, r4, #29
1000a6e4:	d509      	bpl.n	1000a6fa <UsbHostIrq+0x12e>
1000a6e6:	4b24      	ldr	r3, [pc, #144]	@ (1000a778 <UsbHostIrq+0x1ac>)
1000a6e8:	6818      	ldr	r0, [r3, #0]
1000a6ea:	4b24      	ldr	r3, [pc, #144]	@ (1000a77c <UsbHostIrq+0x1b0>)
1000a6ec:	781b      	ldrb	r3, [r3, #0]
1000a6ee:	2b00      	cmp	r3, #0
1000a6f0:	d003      	beq.n	1000a6fa <UsbHostIrq+0x12e>
1000a6f2:	0540      	lsls	r0, r0, #21
1000a6f4:	0d40      	lsrs	r0, r0, #21
1000a6f6:	f000 fc45 	bl	1000af84 <UsbHostHidSof>
1000a6fa:	bdf7      	pop	{r0, r1, r2, r4, r5, r6, r7, pc}
1000a6fc:	2200      	movs	r2, #0
1000a6fe:	4b20      	ldr	r3, [pc, #128]	@ (1000a780 <UsbHostIrq+0x1b4>)
1000a700:	701a      	strb	r2, [r3, #0]
1000a702:	f000 fcad 	bl	1000b060 <UsbGetDevSpeed>
1000a706:	0005      	movs	r5, r0
1000a708:	f3bf 8f5f 	dmb	sy
1000a70c:	23c0      	movs	r3, #192	@ 0xc0
1000a70e:	009b      	lsls	r3, r3, #2
1000a710:	603b      	str	r3, [r7, #0]
1000a712:	f7ff fbf1 	bl	10009ef8 <UsbHostEnumStop>
1000a716:	2d00      	cmp	r5, #0
1000a718:	d011      	beq.n	1000a73e <UsbHostIrq+0x172>
1000a71a:	2200      	movs	r2, #0
1000a71c:	4b19      	ldr	r3, [pc, #100]	@ (1000a784 <UsbHostIrq+0x1b8>)
1000a71e:	801a      	strh	r2, [r3, #0]
1000a720:	709d      	strb	r5, [r3, #2]
1000a722:	4b19      	ldr	r3, [pc, #100]	@ (1000a788 <UsbHostIrq+0x1bc>)
1000a724:	3203      	adds	r2, #3
1000a726:	701a      	strb	r2, [r3, #0]
1000a728:	4b0a      	ldr	r3, [pc, #40]	@ (1000a754 <UsbHostIrq+0x188>)
1000a72a:	4a18      	ldr	r2, [pc, #96]	@ (1000a78c <UsbHostIrq+0x1c0>)
1000a72c:	6a9b      	ldr	r3, [r3, #40]	@ 0x28
1000a72e:	189b      	adds	r3, r3, r2
1000a730:	4a09      	ldr	r2, [pc, #36]	@ (1000a758 <UsbHostIrq+0x18c>)
1000a732:	6013      	str	r3, [r2, #0]
1000a734:	f3bf 8f5f 	dmb	sy
1000a738:	2301      	movs	r3, #1
1000a73a:	7033      	strb	r3, [r6, #0]
1000a73c:	e77c      	b.n	1000a638 <UsbHostIrq+0x6c>
1000a73e:	0029      	movs	r1, r5
1000a740:	0028      	movs	r0, r5
1000a742:	f7ff fc51 	bl	10009fe8 <UsbHostDevRemove>
1000a746:	e777      	b.n	1000a638 <UsbHostIrq+0x6c>
1000a748:	50110094 	.word	0x50110094
1000a74c:	50113094 	.word	0x50113094
1000a750:	200284b7 	.word	0x200284b7
1000a754:	40054000 	.word	0x40054000
1000a758:	200272d8 	.word	0x200272d8
1000a75c:	200284b6 	.word	0x200284b6
1000a760:	50110098 	.word	0x50110098
1000a764:	50113050 	.word	0x50113050
1000a768:	20026e54 	.word	0x20026e54
1000a76c:	5011004c 	.word	0x5011004c
1000a770:	50110058 	.word	0x50110058
1000a774:	50113058 	.word	0x50113058
1000a778:	50110048 	.word	0x50110048
1000a77c:	200285bd 	.word	0x200285bd
1000a780:	200284a6 	.word	0x200284a6
1000a784:	200282dc 	.word	0x200282dc
1000a788:	200284b8 	.word	0x200284b8
1000a78c:	0000c350 	.word	0x0000c350

1000a790 <UsbHostHidInxIsMounted>:
1000a790:	2284      	movs	r2, #132	@ 0x84
1000a792:	4342      	muls	r2, r0
1000a794:	2000      	movs	r0, #0
1000a796:	4b05      	ldr	r3, [pc, #20]	@ (1000a7ac <UsbHostHidInxIsMounted+0x1c>)
1000a798:	5cd3      	ldrb	r3, [r2, r3]
1000a79a:	4283      	cmp	r3, r0
1000a79c:	d003      	beq.n	1000a7a6 <UsbHostHidInxIsMounted+0x16>
1000a79e:	4b04      	ldr	r3, [pc, #16]	@ (1000a7b0 <UsbHostHidInxIsMounted+0x20>)
1000a7a0:	7818      	ldrb	r0, [r3, #0]
1000a7a2:	1e43      	subs	r3, r0, #1
1000a7a4:	4198      	sbcs	r0, r3
1000a7a6:	b2c0      	uxtb	r0, r0
1000a7a8:	4770      	bx	lr
1000a7aa:	46c0      	nop			@ (mov r8, r8)
1000a7ac:	200272dc 	.word	0x200272dc
1000a7b0:	200284a6 	.word	0x200284a6

1000a7b4 <UsbHostHidFindItf>:
1000a7b4:	0002      	movs	r2, r0
1000a7b6:	2000      	movs	r0, #0
1000a7b8:	b510      	push	{r4, lr}
1000a7ba:	4b08      	ldr	r3, [pc, #32]	@ (1000a7dc <UsbHostHidFindItf+0x28>)
1000a7bc:	781c      	ldrb	r4, [r3, #0]
1000a7be:	2c00      	cmp	r4, #0
1000a7c0:	d005      	beq.n	1000a7ce <UsbHostHidFindItf+0x1a>
1000a7c2:	785c      	ldrb	r4, [r3, #1]
1000a7c4:	4294      	cmp	r4, r2
1000a7c6:	d102      	bne.n	1000a7ce <UsbHostHidFindItf+0x1a>
1000a7c8:	789c      	ldrb	r4, [r3, #2]
1000a7ca:	428c      	cmp	r4, r1
1000a7cc:	d005      	beq.n	1000a7da <UsbHostHidFindItf+0x26>
1000a7ce:	3001      	adds	r0, #1
1000a7d0:	b2c0      	uxtb	r0, r0
1000a7d2:	3384      	adds	r3, #132	@ 0x84
1000a7d4:	2804      	cmp	r0, #4
1000a7d6:	d1f1      	bne.n	1000a7bc <UsbHostHidFindItf+0x8>
1000a7d8:	30fb      	adds	r0, #251	@ 0xfb
1000a7da:	bd10      	pop	{r4, pc}
1000a7dc:	200272dc 	.word	0x200272dc

1000a7e0 <UsbHostHidCfgGetRepDesc>:
1000a7e0:	b570      	push	{r4, r5, r6, lr}
1000a7e2:	4b0c      	ldr	r3, [pc, #48]	@ (1000a814 <UsbHostHidCfgGetRepDesc+0x34>)
1000a7e4:	0004      	movs	r4, r0
1000a7e6:	781d      	ldrb	r5, [r3, #0]
1000a7e8:	0029      	movs	r1, r5
1000a7ea:	f7ff ffe3 	bl	1000a7b4 <UsbHostHidFindItf>
1000a7ee:	2184      	movs	r1, #132	@ 0x84
1000a7f0:	4b09      	ldr	r3, [pc, #36]	@ (1000a818 <UsbHostHidCfgGetRepDesc+0x38>)
1000a7f2:	4341      	muls	r1, r0
1000a7f4:	4a09      	ldr	r2, [pc, #36]	@ (1000a81c <UsbHostHidCfgGetRepDesc+0x3c>)
1000a7f6:	0020      	movs	r0, r4
1000a7f8:	801a      	strh	r2, [r3, #0]
1000a7fa:	4a09      	ldr	r2, [pc, #36]	@ (1000a820 <UsbHostHidCfgGetRepDesc+0x40>)
1000a7fc:	809d      	strh	r5, [r3, #4]
1000a7fe:	1852      	adds	r2, r2, r1
1000a800:	7b11      	ldrb	r1, [r2, #12]
1000a802:	89d2      	ldrh	r2, [r2, #14]
1000a804:	0209      	lsls	r1, r1, #8
1000a806:	8059      	strh	r1, [r3, #2]
1000a808:	80da      	strh	r2, [r3, #6]
1000a80a:	4906      	ldr	r1, [pc, #24]	@ (1000a824 <UsbHostHidCfgGetRepDesc+0x44>)
1000a80c:	4a06      	ldr	r2, [pc, #24]	@ (1000a828 <UsbHostHidCfgGetRepDesc+0x48>)
1000a80e:	f7ff fd99 	bl	1000a344 <UsbHostCtrlXfer>
1000a812:	bd70      	pop	{r4, r5, r6, pc}
1000a814:	200284b9 	.word	0x200284b9
1000a818:	2002840c 	.word	0x2002840c
1000a81c:	00000681 	.word	0x00000681
1000a820:	200272dc 	.word	0x200272dc
1000a824:	200284bc 	.word	0x200284bc
1000a828:	1000abd9 	.word	0x1000abd9

1000a82c <UsbHostHidCfgSetProt>:
1000a82c:	b570      	push	{r4, r5, r6, lr}
1000a82e:	4b10      	ldr	r3, [pc, #64]	@ (1000a870 <UsbHostHidCfgSetProt+0x44>)
1000a830:	0004      	movs	r4, r0
1000a832:	781d      	ldrb	r5, [r3, #0]
1000a834:	0029      	movs	r1, r5
1000a836:	f7ff ffbd 	bl	1000a7b4 <UsbHostHidFindItf>
1000a83a:	2284      	movs	r2, #132	@ 0x84
1000a83c:	490d      	ldr	r1, [pc, #52]	@ (1000a874 <UsbHostHidCfgSetProt+0x48>)
1000a83e:	4342      	muls	r2, r0
1000a840:	4b0d      	ldr	r3, [pc, #52]	@ (1000a878 <UsbHostHidCfgSetProt+0x4c>)
1000a842:	808d      	strh	r5, [r1, #4]
1000a844:	800b      	strh	r3, [r1, #0]
1000a846:	4b0d      	ldr	r3, [pc, #52]	@ (1000a87c <UsbHostHidCfgSetProt+0x50>)
1000a848:	189b      	adds	r3, r3, r2
1000a84a:	78da      	ldrb	r2, [r3, #3]
1000a84c:	4250      	negs	r0, r2
1000a84e:	4142      	adcs	r2, r0
1000a850:	804a      	strh	r2, [r1, #2]
1000a852:	2200      	movs	r2, #0
1000a854:	80ca      	strh	r2, [r1, #6]
1000a856:	3201      	adds	r2, #1
1000a858:	89d9      	ldrh	r1, [r3, #14]
1000a85a:	32ff      	adds	r2, #255	@ 0xff
1000a85c:	4291      	cmp	r1, r2
1000a85e:	d900      	bls.n	1000a862 <UsbHostHidCfgSetProt+0x36>
1000a860:	81da      	strh	r2, [r3, #14]
1000a862:	2100      	movs	r1, #0
1000a864:	0020      	movs	r0, r4
1000a866:	4a06      	ldr	r2, [pc, #24]	@ (1000a880 <UsbHostHidCfgSetProt+0x54>)
1000a868:	f7ff fd6c 	bl	1000a344 <UsbHostCtrlXfer>
1000a86c:	bd70      	pop	{r4, r5, r6, pc}
1000a86e:	46c0      	nop			@ (mov r8, r8)
1000a870:	200284b9 	.word	0x200284b9
1000a874:	2002840c 	.word	0x2002840c
1000a878:	00000b21 	.word	0x00000b21
1000a87c:	200272dc 	.word	0x200272dc
1000a880:	1000a7e1 	.word	0x1000a7e1

1000a884 <UsbHostHidFindAddr>:
1000a884:	0002      	movs	r2, r0
1000a886:	2000      	movs	r0, #0
1000a888:	b510      	push	{r4, lr}
1000a88a:	4b0a      	ldr	r3, [pc, #40]	@ (1000a8b4 <UsbHostHidFindAddr+0x30>)
1000a88c:	781c      	ldrb	r4, [r3, #0]
1000a88e:	2c00      	cmp	r4, #0
1000a890:	d008      	beq.n	1000a8a4 <UsbHostHidFindAddr+0x20>
1000a892:	785c      	ldrb	r4, [r3, #1]
1000a894:	4294      	cmp	r4, r2
1000a896:	d105      	bne.n	1000a8a4 <UsbHostHidFindAddr+0x20>
1000a898:	795c      	ldrb	r4, [r3, #5]
1000a89a:	428c      	cmp	r4, r1
1000a89c:	d008      	beq.n	1000a8b0 <UsbHostHidFindAddr+0x2c>
1000a89e:	799c      	ldrb	r4, [r3, #6]
1000a8a0:	428c      	cmp	r4, r1
1000a8a2:	d005      	beq.n	1000a8b0 <UsbHostHidFindAddr+0x2c>
1000a8a4:	3001      	adds	r0, #1
1000a8a6:	b2c0      	uxtb	r0, r0
1000a8a8:	3384      	adds	r3, #132	@ 0x84
1000a8aa:	2804      	cmp	r0, #4
1000a8ac:	d1ee      	bne.n	1000a88c <UsbHostHidFindAddr+0x8>
1000a8ae:	30fb      	adds	r0, #251	@ 0xfb
1000a8b0:	bd10      	pop	{r4, pc}
1000a8b2:	46c0      	nop			@ (mov r8, r8)
1000a8b4:	200272dc 	.word	0x200272dc

1000a8b8 <UsbHostHidNewItf>:
1000a8b8:	b5f0      	push	{r4, r5, r6, r7, lr}
1000a8ba:	2300      	movs	r3, #0
1000a8bc:	0004      	movs	r4, r0
1000a8be:	2084      	movs	r0, #132	@ 0x84
1000a8c0:	4d0b      	ldr	r5, [pc, #44]	@ (1000a8f0 <UsbHostHidNewItf+0x38>)
1000a8c2:	0007      	movs	r7, r0
1000a8c4:	435f      	muls	r7, r3
1000a8c6:	5dee      	ldrb	r6, [r5, r7]
1000a8c8:	197a      	adds	r2, r7, r5
1000a8ca:	2e00      	cmp	r6, #0
1000a8cc:	d10b      	bne.n	1000a8e6 <UsbHostHidNewItf+0x2e>
1000a8ce:	b2d8      	uxtb	r0, r3
1000a8d0:	2301      	movs	r3, #1
1000a8d2:	7054      	strb	r4, [r2, #1]
1000a8d4:	557b      	strb	r3, [r7, r5]
1000a8d6:	788c      	ldrb	r4, [r1, #2]
1000a8d8:	7094      	strb	r4, [r2, #2]
1000a8da:	79c9      	ldrb	r1, [r1, #7]
1000a8dc:	8093      	strh	r3, [r2, #4]
1000a8de:	70d1      	strb	r1, [r2, #3]
1000a8e0:	7196      	strb	r6, [r2, #6]
1000a8e2:	6096      	str	r6, [r2, #8]
1000a8e4:	bdf0      	pop	{r4, r5, r6, r7, pc}
1000a8e6:	3301      	adds	r3, #1
1000a8e8:	2b04      	cmp	r3, #4
1000a8ea:	d1ea      	bne.n	1000a8c2 <UsbHostHidNewItf+0xa>
1000a8ec:	20ff      	movs	r0, #255	@ 0xff
1000a8ee:	e7f9      	b.n	1000a8e4 <UsbHostHidNewItf+0x2c>
1000a8f0:	200272dc 	.word	0x200272dc

1000a8f4 <UsbHostHidInxSend>:
1000a8f4:	b5f7      	push	{r0, r1, r2, r4, r5, r6, r7, lr}
1000a8f6:	0005      	movs	r5, r0
1000a8f8:	f7ff ff4a 	bl	1000a790 <UsbHostHidInxIsMounted>
1000a8fc:	2800      	cmp	r0, #0
1000a8fe:	d019      	beq.n	1000a934 <UsbHostHidInxSend+0x40>
1000a900:	2484      	movs	r4, #132	@ 0x84
1000a902:	436c      	muls	r4, r5
1000a904:	4f0c      	ldr	r7, [pc, #48]	@ (1000a938 <UsbHostHidInxSend+0x44>)
1000a906:	193d      	adds	r5, r7, r4
1000a908:	79a9      	ldrb	r1, [r5, #6]
1000a90a:	2900      	cmp	r1, #0
1000a90c:	d012      	beq.n	1000a934 <UsbHostHidInxSend+0x40>
1000a90e:	002b      	movs	r3, r5
1000a910:	3353      	adds	r3, #83	@ 0x53
1000a912:	781b      	ldrb	r3, [r3, #0]
1000a914:	b2de      	uxtb	r6, r3
1000a916:	2b00      	cmp	r3, #0
1000a918:	d00c      	beq.n	1000a934 <UsbHostHidInxSend+0x40>
1000a91a:	7868      	ldrb	r0, [r5, #1]
1000a91c:	f7ff f93e 	bl	10009b9c <UsbHostIsBusy>
1000a920:	1e03      	subs	r3, r0, #0
1000a922:	d107      	bne.n	1000a934 <UsbHostHidInxSend+0x40>
1000a924:	3474      	adds	r4, #116	@ 0x74
1000a926:	79a9      	ldrb	r1, [r5, #6]
1000a928:	7868      	ldrb	r0, [r5, #1]
1000a92a:	19e2      	adds	r2, r4, r7
1000a92c:	9300      	str	r3, [sp, #0]
1000a92e:	0033      	movs	r3, r6
1000a930:	f7ff fc08 	bl	1000a144 <UsbHostXferStart>
1000a934:	bdf7      	pop	{r0, r1, r2, r4, r5, r6, r7, pc}
1000a936:	46c0      	nop			@ (mov r8, r8)
1000a938:	200272dc 	.word	0x200272dc

1000a93c <UsbHostHidAllSend>:
1000a93c:	b510      	push	{r4, lr}
1000a93e:	2000      	movs	r0, #0
1000a940:	f7ff ffd8 	bl	1000a8f4 <UsbHostHidInxSend>
1000a944:	2001      	movs	r0, #1
1000a946:	f7ff ffd5 	bl	1000a8f4 <UsbHostHidInxSend>
1000a94a:	2002      	movs	r0, #2
1000a94c:	f7ff ffd2 	bl	1000a8f4 <UsbHostHidInxSend>
1000a950:	2003      	movs	r0, #3
1000a952:	f7ff ffcf 	bl	1000a8f4 <UsbHostHidInxSend>
1000a956:	bd10      	pop	{r4, pc}

1000a958 <UsbHostHidInxRecv>:
1000a958:	b5f7      	push	{r0, r1, r2, r4, r5, r6, r7, lr}
1000a95a:	0005      	movs	r5, r0
1000a95c:	f7ff ff18 	bl	1000a790 <UsbHostHidInxIsMounted>
1000a960:	2800      	cmp	r0, #0
1000a962:	d013      	beq.n	1000a98c <UsbHostHidInxRecv+0x34>
1000a964:	2484      	movs	r4, #132	@ 0x84
1000a966:	436c      	muls	r4, r5
1000a968:	4e09      	ldr	r6, [pc, #36]	@ (1000a990 <UsbHostHidInxRecv+0x38>)
1000a96a:	1935      	adds	r5, r6, r4
1000a96c:	7969      	ldrb	r1, [r5, #5]
1000a96e:	2900      	cmp	r1, #0
1000a970:	d00c      	beq.n	1000a98c <UsbHostHidInxRecv+0x34>
1000a972:	7868      	ldrb	r0, [r5, #1]
1000a974:	f7ff f912 	bl	10009b9c <UsbHostIsBusy>
1000a978:	1e07      	subs	r7, r0, #0
1000a97a:	d107      	bne.n	1000a98c <UsbHostHidInxRecv+0x34>
1000a97c:	3454      	adds	r4, #84	@ 0x54
1000a97e:	892b      	ldrh	r3, [r5, #8]
1000a980:	7969      	ldrb	r1, [r5, #5]
1000a982:	7868      	ldrb	r0, [r5, #1]
1000a984:	19a2      	adds	r2, r4, r6
1000a986:	9700      	str	r7, [sp, #0]
1000a988:	f7ff fbdc 	bl	1000a144 <UsbHostXferStart>
1000a98c:	bdf7      	pop	{r0, r1, r2, r4, r5, r6, r7, pc}
1000a98e:	46c0      	nop			@ (mov r8, r8)
1000a990:	200272dc 	.word	0x200272dc

1000a994 <UsbHostHidAllRecv>:
1000a994:	b510      	push	{r4, lr}
1000a996:	2000      	movs	r0, #0
1000a998:	f7ff ffde 	bl	1000a958 <UsbHostHidInxRecv>
1000a99c:	2001      	movs	r0, #1
1000a99e:	f7ff ffdb 	bl	1000a958 <UsbHostHidInxRecv>
1000a9a2:	2002      	movs	r0, #2
1000a9a4:	f7ff ffd8 	bl	1000a958 <UsbHostHidInxRecv>
1000a9a8:	2003      	movs	r0, #3
1000a9aa:	f7ff ffd5 	bl	1000a958 <UsbHostHidInxRecv>
1000a9ae:	bd10      	pop	{r4, pc}

1000a9b0 <UsbHostHidInit>:
1000a9b0:	2284      	movs	r2, #132	@ 0x84
1000a9b2:	b510      	push	{r4, lr}
1000a9b4:	2100      	movs	r1, #0
1000a9b6:	0092      	lsls	r2, r2, #2
1000a9b8:	480e      	ldr	r0, [pc, #56]	@ (1000a9f4 <UsbHostHidInit+0x44>)
1000a9ba:	f7fd fcde 	bl	1000837a <__wrap_memset>
1000a9be:	231e      	movs	r3, #30
1000a9c0:	2210      	movs	r2, #16
1000a9c2:	490d      	ldr	r1, [pc, #52]	@ (1000a9f8 <UsbHostHidInit+0x48>)
1000a9c4:	480d      	ldr	r0, [pc, #52]	@ (1000a9fc <UsbHostHidInit+0x4c>)
1000a9c6:	f001 f935 	bl	1000bc34 <EventRingInit>
1000a9ca:	231e      	movs	r3, #30
1000a9cc:	2210      	movs	r2, #16
1000a9ce:	490c      	ldr	r1, [pc, #48]	@ (1000aa00 <UsbHostHidInit+0x50>)
1000a9d0:	480c      	ldr	r0, [pc, #48]	@ (1000aa04 <UsbHostHidInit+0x54>)
1000a9d2:	f001 f92f 	bl	1000bc34 <EventRingInit>
1000a9d6:	2208      	movs	r2, #8
1000a9d8:	2100      	movs	r1, #0
1000a9da:	480b      	ldr	r0, [pc, #44]	@ (1000aa08 <UsbHostHidInit+0x58>)
1000a9dc:	f7fd fccd 	bl	1000837a <__wrap_memset>
1000a9e0:	2205      	movs	r2, #5
1000a9e2:	2100      	movs	r1, #0
1000a9e4:	4809      	ldr	r0, [pc, #36]	@ (1000aa0c <UsbHostHidInit+0x5c>)
1000a9e6:	f7fd fcc8 	bl	1000837a <__wrap_memset>
1000a9ea:	2200      	movs	r2, #0
1000a9ec:	4b08      	ldr	r3, [pc, #32]	@ (1000aa10 <UsbHostHidInit+0x60>)
1000a9ee:	701a      	strb	r2, [r3, #0]
1000a9f0:	bd10      	pop	{r4, pc}
1000a9f2:	46c0      	nop			@ (mov r8, r8)
1000a9f4:	200272dc 	.word	0x200272dc
1000a9f8:	20027500 	.word	0x20027500
1000a9fc:	200274ec 	.word	0x200274ec
1000aa00:	20027614 	.word	0x20027614
1000aa04:	20027600 	.word	0x20027600
1000aa08:	200284a8 	.word	0x200284a8
1000aa0c:	200284b1 	.word	0x200284b1
1000aa10:	200284b0 	.word	0x200284b0

1000aa14 <UsbHostHidTerm>:
1000aa14:	b510      	push	{r4, lr}
1000aa16:	2208      	movs	r2, #8
1000aa18:	2100      	movs	r1, #0
1000aa1a:	4804      	ldr	r0, [pc, #16]	@ (1000aa2c <UsbHostHidTerm+0x18>)
1000aa1c:	f7fd fcad 	bl	1000837a <__wrap_memset>
1000aa20:	2205      	movs	r2, #5
1000aa22:	2100      	movs	r1, #0
1000aa24:	4802      	ldr	r0, [pc, #8]	@ (1000aa30 <UsbHostHidTerm+0x1c>)
1000aa26:	f7fd fca8 	bl	1000837a <__wrap_memset>
1000aa2a:	bd10      	pop	{r4, pc}
1000aa2c:	200284a8 	.word	0x200284a8
1000aa30:	200284b1 	.word	0x200284b1

1000aa34 <UsbHostHidOpen>:
1000aa34:	b5f0      	push	{r4, r5, r6, r7, lr}
1000aa36:	b089      	sub	sp, #36	@ 0x24
1000aa38:	9007      	str	r0, [sp, #28]
1000aa3a:	794b      	ldrb	r3, [r1, #5]
1000aa3c:	000d      	movs	r5, r1
1000aa3e:	0017      	movs	r7, r2
1000aa40:	2b03      	cmp	r3, #3
1000aa42:	d002      	beq.n	1000aa4a <UsbHostHidOpen+0x16>
1000aa44:	2000      	movs	r0, #0
1000aa46:	b009      	add	sp, #36	@ 0x24
1000aa48:	bdf0      	pop	{r4, r5, r6, r7, pc}
1000aa4a:	780c      	ldrb	r4, [r1, #0]
1000aa4c:	4294      	cmp	r4, r2
1000aa4e:	d8f9      	bhi.n	1000aa44 <UsbHostHidOpen+0x10>
1000aa50:	190e      	adds	r6, r1, r4
1000aa52:	7873      	ldrb	r3, [r6, #1]
1000aa54:	2b21      	cmp	r3, #33	@ 0x21
1000aa56:	d1f5      	bne.n	1000aa44 <UsbHostHidOpen+0x10>
1000aa58:	7833      	ldrb	r3, [r6, #0]
1000aa5a:	18e4      	adds	r4, r4, r3
1000aa5c:	9306      	str	r3, [sp, #24]
1000aa5e:	4294      	cmp	r4, r2
1000aa60:	dcf0      	bgt.n	1000aa44 <UsbHostHidOpen+0x10>
1000aa62:	9807      	ldr	r0, [sp, #28]
1000aa64:	f7ff ff28 	bl	1000a8b8 <UsbHostHidNewItf>
1000aa68:	0003      	movs	r3, r0
1000aa6a:	9005      	str	r0, [sp, #20]
1000aa6c:	28ff      	cmp	r0, #255	@ 0xff
1000aa6e:	d0e9      	beq.n	1000aa44 <UsbHostHidOpen+0x10>
1000aa70:	2084      	movs	r0, #132	@ 0x84
1000aa72:	4358      	muls	r0, r3
1000aa74:	4a1b      	ldr	r2, [pc, #108]	@ (1000aae4 <UsbHostHidOpen+0xb0>)
1000aa76:	79b3      	ldrb	r3, [r6, #6]
1000aa78:	1811      	adds	r1, r2, r0
1000aa7a:	730b      	strb	r3, [r1, #12]
1000aa7c:	79f3      	ldrb	r3, [r6, #7]
1000aa7e:	469c      	mov	ip, r3
1000aa80:	4661      	mov	r1, ip
1000aa82:	7a33      	ldrb	r3, [r6, #8]
1000aa84:	021b      	lsls	r3, r3, #8
1000aa86:	430b      	orrs	r3, r1
1000aa88:	1811      	adds	r1, r2, r0
1000aa8a:	81cb      	strh	r3, [r1, #14]
1000aa8c:	2307      	movs	r3, #7
1000aa8e:	7929      	ldrb	r1, [r5, #4]
1000aa90:	434b      	muls	r3, r1
1000aa92:	191c      	adds	r4, r3, r4
1000aa94:	42bc      	cmp	r4, r7
1000aa96:	d8d5      	bhi.n	1000aa44 <UsbHostHidOpen+0x10>
1000aa98:	9f06      	ldr	r7, [sp, #24]
1000aa9a:	1d83      	adds	r3, r0, #6
1000aa9c:	19f6      	adds	r6, r6, r7
1000aa9e:	0007      	movs	r7, r0
1000aaa0:	3708      	adds	r7, #8
1000aaa2:	18bf      	adds	r7, r7, r2
1000aaa4:	9702      	str	r7, [sp, #8]
1000aaa6:	0007      	movs	r7, r0
1000aaa8:	3005      	adds	r0, #5
1000aaaa:	370a      	adds	r7, #10
1000aaac:	1880      	adds	r0, r0, r2
1000aaae:	18bf      	adds	r7, r7, r2
1000aab0:	189b      	adds	r3, r3, r2
1000aab2:	9000      	str	r0, [sp, #0]
1000aab4:	000a      	movs	r2, r1
1000aab6:	9807      	ldr	r0, [sp, #28]
1000aab8:	0031      	movs	r1, r6
1000aaba:	9701      	str	r7, [sp, #4]
1000aabc:	f7ff fa40 	bl	10009f40 <UsbHostOpenEpPair>
1000aac0:	2800      	cmp	r0, #0
1000aac2:	d0bf      	beq.n	1000aa44 <UsbHostHidOpen+0x10>
1000aac4:	79ab      	ldrb	r3, [r5, #6]
1000aac6:	2200      	movs	r2, #0
1000aac8:	b2a0      	uxth	r0, r4
1000aaca:	2b01      	cmp	r3, #1
1000aacc:	d100      	bne.n	1000aad0 <UsbHostHidOpen+0x9c>
1000aace:	79ea      	ldrb	r2, [r5, #7]
1000aad0:	2184      	movs	r1, #132	@ 0x84
1000aad2:	9c05      	ldr	r4, [sp, #20]
1000aad4:	4b03      	ldr	r3, [pc, #12]	@ (1000aae4 <UsbHostHidOpen+0xb0>)
1000aad6:	4361      	muls	r1, r4
1000aad8:	185b      	adds	r3, r3, r1
1000aada:	70da      	strb	r2, [r3, #3]
1000aadc:	4251      	negs	r1, r2
1000aade:	414a      	adcs	r2, r1
1000aae0:	711a      	strb	r2, [r3, #4]
1000aae2:	e7b0      	b.n	1000aa46 <UsbHostHidOpen+0x12>
1000aae4:	200272dc 	.word	0x200272dc

1000aae8 <UsbHostHidParse>:
1000aae8:	b5f0      	push	{r4, r5, r6, r7, lr}
1000aaea:	2684      	movs	r6, #132	@ 0x84
1000aaec:	4346      	muls	r6, r0
1000aaee:	0035      	movs	r5, r6
1000aaf0:	4c37      	ldr	r4, [pc, #220]	@ (1000abd0 <UsbHostHidParse+0xe8>)
1000aaf2:	3512      	adds	r5, #18
1000aaf4:	b085      	sub	sp, #20
1000aaf6:	192d      	adds	r5, r5, r4
1000aaf8:	9001      	str	r0, [sp, #4]
1000aafa:	19a4      	adds	r4, r4, r6
1000aafc:	2240      	movs	r2, #64	@ 0x40
1000aafe:	2100      	movs	r1, #0
1000ab00:	0028      	movs	r0, r5
1000ab02:	f7fd fc3a 	bl	1000837a <__wrap_memset>
1000ab06:	89e7      	ldrh	r7, [r4, #14]
1000ab08:	2400      	movs	r4, #0
1000ab0a:	0026      	movs	r6, r4
1000ab0c:	4b31      	ldr	r3, [pc, #196]	@ (1000abd4 <UsbHostHidParse+0xec>)
1000ab0e:	9400      	str	r4, [sp, #0]
1000ab10:	2f00      	cmp	r7, #0
1000ab12:	dd02      	ble.n	1000ab1a <UsbHostHidParse+0x32>
1000ab14:	9a00      	ldr	r2, [sp, #0]
1000ab16:	2a08      	cmp	r2, #8
1000ab18:	d108      	bne.n	1000ab2c <UsbHostHidParse+0x44>
1000ab1a:	2284      	movs	r2, #132	@ 0x84
1000ab1c:	9901      	ldr	r1, [sp, #4]
1000ab1e:	4b2c      	ldr	r3, [pc, #176]	@ (1000abd0 <UsbHostHidParse+0xe8>)
1000ab20:	434a      	muls	r2, r1
1000ab22:	189b      	adds	r3, r3, r2
1000ab24:	9a00      	ldr	r2, [sp, #0]
1000ab26:	741a      	strb	r2, [r3, #16]
1000ab28:	b005      	add	sp, #20
1000ab2a:	bdf0      	pop	{r4, r5, r6, r7, pc}
1000ab2c:	1c5a      	adds	r2, r3, #1
1000ab2e:	9202      	str	r2, [sp, #8]
1000ab30:	1e7a      	subs	r2, r7, #1
1000ab32:	2703      	movs	r7, #3
1000ab34:	7818      	ldrb	r0, [r3, #0]
1000ab36:	9203      	str	r2, [sp, #12]
1000ab38:	4007      	ands	r7, r0
1000ab3a:	2f03      	cmp	r7, #3
1000ab3c:	d100      	bne.n	1000ab40 <UsbHostHidParse+0x58>
1000ab3e:	3701      	adds	r7, #1
1000ab40:	2103      	movs	r1, #3
1000ab42:	0882      	lsrs	r2, r0, #2
1000ab44:	400a      	ands	r2, r1
1000ab46:	0900      	lsrs	r0, r0, #4
1000ab48:	2a01      	cmp	r2, #1
1000ab4a:	d017      	beq.n	1000ab7c <UsbHostHidParse+0x94>
1000ab4c:	2a02      	cmp	r2, #2
1000ab4e:	d038      	beq.n	1000abc2 <UsbHostHidParse+0xda>
1000ab50:	2a00      	cmp	r2, #0
1000ab52:	d103      	bne.n	1000ab5c <UsbHostHidParse+0x74>
1000ab54:	280a      	cmp	r0, #10
1000ab56:	d006      	beq.n	1000ab66 <UsbHostHidParse+0x7e>
1000ab58:	280c      	cmp	r0, #12
1000ab5a:	d006      	beq.n	1000ab6a <UsbHostHidParse+0x82>
1000ab5c:	9b02      	ldr	r3, [sp, #8]
1000ab5e:	9a03      	ldr	r2, [sp, #12]
1000ab60:	19db      	adds	r3, r3, r7
1000ab62:	1bd7      	subs	r7, r2, r7
1000ab64:	e7d4      	b.n	1000ab10 <UsbHostHidParse+0x28>
1000ab66:	3601      	adds	r6, #1
1000ab68:	e7f8      	b.n	1000ab5c <UsbHostHidParse+0x74>
1000ab6a:	3e01      	subs	r6, #1
1000ab6c:	2e00      	cmp	r6, #0
1000ab6e:	d1f5      	bne.n	1000ab5c <UsbHostHidParse+0x74>
1000ab70:	9b00      	ldr	r3, [sp, #0]
1000ab72:	3508      	adds	r5, #8
1000ab74:	3301      	adds	r3, #1
1000ab76:	b2db      	uxtb	r3, r3
1000ab78:	9300      	str	r3, [sp, #0]
1000ab7a:	e7ef      	b.n	1000ab5c <UsbHostHidParse+0x74>
1000ab7c:	280b      	cmp	r0, #11
1000ab7e:	d8ed      	bhi.n	1000ab5c <UsbHostHidParse+0x74>
1000ab80:	f004 fbe6 	bl	1000f350 <____gnu_thumb1_case_sqi_veneer>
1000ab84:	ececec06 	.word	0xececec06
1000ab88:	ecececec 	.word	0xecececec
1000ab8c:	1813ec1c 	.word	0x1813ec1c
1000ab90:	2e00      	cmp	r6, #0
1000ab92:	d1e3      	bne.n	1000ab5c <UsbHostHidParse+0x74>
1000ab94:	806e      	strh	r6, [r5, #2]
1000ab96:	1c3a      	adds	r2, r7, #0
1000ab98:	2f02      	cmp	r7, #2
1000ab9a:	d900      	bls.n	1000ab9e <UsbHostHidParse+0xb6>
1000ab9c:	2202      	movs	r2, #2
1000ab9e:	9902      	ldr	r1, [sp, #8]
1000aba0:	b2d2      	uxtb	r2, r2
1000aba2:	1ca8      	adds	r0, r5, #2
1000aba4:	f000 fa3e 	bl	1000b024 <UsbMemcpy>
1000aba8:	e7d8      	b.n	1000ab5c <UsbHostHidParse+0x74>
1000abaa:	2c04      	cmp	r4, #4
1000abac:	d8d6      	bhi.n	1000ab5c <UsbHostHidParse+0x74>
1000abae:	3401      	adds	r4, #1
1000abb0:	b2e4      	uxtb	r4, r4
1000abb2:	e7d3      	b.n	1000ab5c <UsbHostHidParse+0x74>
1000abb4:	2c00      	cmp	r4, #0
1000abb6:	d0d1      	beq.n	1000ab5c <UsbHostHidParse+0x74>
1000abb8:	3c01      	subs	r4, #1
1000abba:	e7f9      	b.n	1000abb0 <UsbHostHidParse+0xc8>
1000abbc:	785b      	ldrb	r3, [r3, #1]
1000abbe:	702b      	strb	r3, [r5, #0]
1000abc0:	e7cc      	b.n	1000ab5c <UsbHostHidParse+0x74>
1000abc2:	2800      	cmp	r0, #0
1000abc4:	d1ca      	bne.n	1000ab5c <UsbHostHidParse+0x74>
1000abc6:	2e00      	cmp	r6, #0
1000abc8:	d1c8      	bne.n	1000ab5c <UsbHostHidParse+0x74>
1000abca:	785b      	ldrb	r3, [r3, #1]
1000abcc:	706b      	strb	r3, [r5, #1]
1000abce:	e7c5      	b.n	1000ab5c <UsbHostHidParse+0x74>
1000abd0:	200272dc 	.word	0x200272dc
1000abd4:	200284bc 	.word	0x200284bc

1000abd8 <UsbHostHidCfgComp>:
1000abd8:	b5f0      	push	{r4, r5, r6, r7, lr}
1000abda:	4b1a      	ldr	r3, [pc, #104]	@ (1000ac44 <UsbHostHidCfgComp+0x6c>)
1000abdc:	b085      	sub	sp, #20
1000abde:	781b      	ldrb	r3, [r3, #0]
1000abe0:	000c      	movs	r4, r1
1000abe2:	0019      	movs	r1, r3
1000abe4:	9302      	str	r3, [sp, #8]
1000abe6:	9003      	str	r0, [sp, #12]
1000abe8:	f7ff fde4 	bl	1000a7b4 <UsbHostHidFindItf>
1000abec:	2384      	movs	r3, #132	@ 0x84
1000abee:	0005      	movs	r5, r0
1000abf0:	4343      	muls	r3, r0
1000abf2:	4e15      	ldr	r6, [pc, #84]	@ (1000ac48 <UsbHostHidCfgComp+0x70>)
1000abf4:	2c00      	cmp	r4, #0
1000abf6:	d004      	beq.n	1000ac02 <UsbHostHidCfgComp+0x2a>
1000abf8:	2200      	movs	r2, #0
1000abfa:	18f3      	adds	r3, r6, r3
1000abfc:	81da      	strh	r2, [r3, #14]
1000abfe:	b005      	add	sp, #20
1000ac00:	bdf0      	pop	{r4, r5, r6, r7, pc}
1000ac02:	18f4      	adds	r4, r6, r3
1000ac04:	001f      	movs	r7, r3
1000ac06:	4b11      	ldr	r3, [pc, #68]	@ (1000ac4c <UsbHostHidCfgComp+0x74>)
1000ac08:	7961      	ldrb	r1, [r4, #5]
1000ac0a:	881b      	ldrh	r3, [r3, #0]
1000ac0c:	81e3      	strh	r3, [r4, #14]
1000ac0e:	2900      	cmp	r1, #0
1000ac10:	d00f      	beq.n	1000ac32 <UsbHostHidCfgComp+0x5a>
1000ac12:	7860      	ldrb	r0, [r4, #1]
1000ac14:	f7fe ffc2 	bl	10009b9c <UsbHostIsBusy>
1000ac18:	1e03      	subs	r3, r0, #0
1000ac1a:	d10a      	bne.n	1000ac32 <UsbHostHidCfgComp+0x5a>
1000ac1c:	8922      	ldrh	r2, [r4, #8]
1000ac1e:	7961      	ldrb	r1, [r4, #5]
1000ac20:	4694      	mov	ip, r2
1000ac22:	003a      	movs	r2, r7
1000ac24:	3254      	adds	r2, #84	@ 0x54
1000ac26:	7860      	ldrb	r0, [r4, #1]
1000ac28:	18b2      	adds	r2, r6, r2
1000ac2a:	9300      	str	r3, [sp, #0]
1000ac2c:	4663      	mov	r3, ip
1000ac2e:	f7ff fa89 	bl	1000a144 <UsbHostXferStart>
1000ac32:	0028      	movs	r0, r5
1000ac34:	f7ff ff58 	bl	1000aae8 <UsbHostHidParse>
1000ac38:	9902      	ldr	r1, [sp, #8]
1000ac3a:	9803      	ldr	r0, [sp, #12]
1000ac3c:	f7ff f82c 	bl	10009c98 <UsbHostCfgComp>
1000ac40:	e7dd      	b.n	1000abfe <UsbHostHidCfgComp+0x26>
1000ac42:	46c0      	nop			@ (mov r8, r8)
1000ac44:	200284b9 	.word	0x200284b9
1000ac48:	200272dc 	.word	0x200272dc
1000ac4c:	2002840a 	.word	0x2002840a

1000ac50 <UsbHostHidCfg>:
1000ac50:	b570      	push	{r4, r5, r6, lr}
1000ac52:	000c      	movs	r4, r1
1000ac54:	0005      	movs	r5, r0
1000ac56:	f7ff fdad 	bl	1000a7b4 <UsbHostHidFindItf>
1000ac5a:	2100      	movs	r1, #0
1000ac5c:	000b      	movs	r3, r1
1000ac5e:	28ff      	cmp	r0, #255	@ 0xff
1000ac60:	d00c      	beq.n	1000ac7c <UsbHostHidCfg+0x2c>
1000ac62:	4b07      	ldr	r3, [pc, #28]	@ (1000ac80 <UsbHostHidCfg+0x30>)
1000ac64:	4a07      	ldr	r2, [pc, #28]	@ (1000ac84 <UsbHostHidCfg+0x34>)
1000ac66:	8059      	strh	r1, [r3, #2]
1000ac68:	801a      	strh	r2, [r3, #0]
1000ac6a:	809c      	strh	r4, [r3, #4]
1000ac6c:	80d9      	strh	r1, [r3, #6]
1000ac6e:	4b06      	ldr	r3, [pc, #24]	@ (1000ac88 <UsbHostHidCfg+0x38>)
1000ac70:	0028      	movs	r0, r5
1000ac72:	4a06      	ldr	r2, [pc, #24]	@ (1000ac8c <UsbHostHidCfg+0x3c>)
1000ac74:	701c      	strb	r4, [r3, #0]
1000ac76:	f7ff fb65 	bl	1000a344 <UsbHostCtrlXfer>
1000ac7a:	2301      	movs	r3, #1
1000ac7c:	0018      	movs	r0, r3
1000ac7e:	bd70      	pop	{r4, r5, r6, pc}
1000ac80:	2002840c 	.word	0x2002840c
1000ac84:	00000a21 	.word	0x00000a21
1000ac88:	200284b9 	.word	0x200284b9
1000ac8c:	1000a82d 	.word	0x1000a82d

1000ac90 <UsbHostHidFindKey>:
1000ac90:	1c83      	adds	r3, r0, #2
1000ac92:	3008      	adds	r0, #8
1000ac94:	781a      	ldrb	r2, [r3, #0]
1000ac96:	428a      	cmp	r2, r1
1000ac98:	d004      	beq.n	1000aca4 <UsbHostHidFindKey+0x14>
1000ac9a:	3301      	adds	r3, #1
1000ac9c:	4283      	cmp	r3, r0
1000ac9e:	d1f9      	bne.n	1000ac94 <UsbHostHidFindKey+0x4>
1000aca0:	2000      	movs	r0, #0
1000aca2:	4770      	bx	lr
1000aca4:	2001      	movs	r0, #1
1000aca6:	e7fc      	b.n	1000aca2 <UsbHostHidFindKey+0x12>

1000aca8 <UsbHostHidRepKey>:
1000aca8:	b57f      	push	{r0, r1, r2, r3, r4, r5, r6, lr}
1000acaa:	4b17      	ldr	r3, [pc, #92]	@ (1000ad08 <UsbHostHidRepKey+0x60>)
1000acac:	7819      	ldrb	r1, [r3, #0]
1000acae:	2900      	cmp	r1, #0
1000acb0:	d028      	beq.n	1000ad04 <UsbHostHidRepKey+0x5c>
1000acb2:	4d16      	ldr	r5, [pc, #88]	@ (1000ad0c <UsbHostHidRepKey+0x64>)
1000acb4:	4c16      	ldr	r4, [pc, #88]	@ (1000ad10 <UsbHostHidRepKey+0x68>)
1000acb6:	6aab      	ldr	r3, [r5, #40]	@ 0x28
1000acb8:	6822      	ldr	r2, [r4, #0]
1000acba:	1a9b      	subs	r3, r3, r2
1000acbc:	d422      	bmi.n	1000ad04 <UsbHostHidRepKey+0x5c>
1000acbe:	2211      	movs	r2, #17
1000acc0:	4b14      	ldr	r3, [pc, #80]	@ (1000ad14 <UsbHostHidRepKey+0x6c>)
1000acc2:	781b      	ldrb	r3, [r3, #0]
1000acc4:	4213      	tst	r3, r2
1000acc6:	d005      	beq.n	1000acd4 <UsbHostHidRepKey+0x2c>
1000acc8:	2903      	cmp	r1, #3
1000acca:	d906      	bls.n	1000acda <UsbHostHidRepKey+0x32>
1000accc:	1eca      	subs	r2, r1, #3
1000acce:	b2d2      	uxtb	r2, r2
1000acd0:	291d      	cmp	r1, #29
1000acd2:	d90a      	bls.n	1000acea <UsbHostHidRepKey+0x42>
1000acd4:	2200      	movs	r2, #0
1000acd6:	2967      	cmp	r1, #103	@ 0x67
1000acd8:	d807      	bhi.n	1000acea <UsbHostHidRepKey+0x42>
1000acda:	2222      	movs	r2, #34	@ 0x22
1000acdc:	401a      	ands	r2, r3
1000acde:	1e56      	subs	r6, r2, #1
1000ace0:	41b2      	sbcs	r2, r6
1000ace2:	480d      	ldr	r0, [pc, #52]	@ (1000ad18 <UsbHostHidRepKey+0x70>)
1000ace4:	004e      	lsls	r6, r1, #1
1000ace6:	1980      	adds	r0, r0, r6
1000ace8:	5c82      	ldrb	r2, [r0, r2]
1000acea:	021b      	lsls	r3, r3, #8
1000acec:	0412      	lsls	r2, r2, #16
1000acee:	430b      	orrs	r3, r1
1000acf0:	4313      	orrs	r3, r2
1000acf2:	4669      	mov	r1, sp
1000acf4:	4809      	ldr	r0, [pc, #36]	@ (1000ad1c <UsbHostHidRepKey+0x74>)
1000acf6:	9300      	str	r3, [sp, #0]
1000acf8:	f000 ffaa 	bl	1000bc50 <EventRingWrite>
1000acfc:	6aab      	ldr	r3, [r5, #40]	@ 0x28
1000acfe:	4a08      	ldr	r2, [pc, #32]	@ (1000ad20 <UsbHostHidRepKey+0x78>)
1000ad00:	189b      	adds	r3, r3, r2
1000ad02:	6023      	str	r3, [r4, #0]
1000ad04:	bd7f      	pop	{r0, r1, r2, r3, r4, r5, r6, pc}
1000ad06:	46c0      	nop			@ (mov r8, r8)
1000ad08:	200284b0 	.word	0x200284b0
1000ad0c:	40054000 	.word	0x40054000
1000ad10:	200272d4 	.word	0x200272d4
1000ad14:	200284a8 	.word	0x200284a8
1000ad18:	10010388 	.word	0x10010388
1000ad1c:	200274ec 	.word	0x200274ec
1000ad20:	000186a0 	.word	0x000186a0

1000ad24 <UsbHostHidComp>:
1000ad24:	b5f0      	push	{r4, r5, r6, r7, lr}
1000ad26:	000d      	movs	r5, r1
1000ad28:	0016      	movs	r6, r2
1000ad2a:	001c      	movs	r4, r3
1000ad2c:	b089      	sub	sp, #36	@ 0x24
1000ad2e:	2a00      	cmp	r2, #0
1000ad30:	d000      	beq.n	1000ad34 <UsbHostHidComp+0x10>
1000ad32:	e0e1      	b.n	1000aef8 <UsbHostHidComp+0x1d4>
1000ad34:	f7ff fda6 	bl	1000a884 <UsbHostHidFindAddr>
1000ad38:	9001      	str	r0, [sp, #4]
1000ad3a:	28ff      	cmp	r0, #255	@ 0xff
1000ad3c:	d100      	bne.n	1000ad40 <UsbHostHidComp+0x1c>
1000ad3e:	e0a2      	b.n	1000ae86 <UsbHostHidComp+0x162>
1000ad40:	2084      	movs	r0, #132	@ 0x84
1000ad42:	4b6e      	ldr	r3, [pc, #440]	@ (1000aefc <UsbHostHidComp+0x1d8>)
1000ad44:	9300      	str	r3, [sp, #0]
1000ad46:	9b01      	ldr	r3, [sp, #4]
1000ad48:	4358      	muls	r0, r3
1000ad4a:	9b00      	ldr	r3, [sp, #0]
1000ad4c:	181b      	adds	r3, r3, r0
1000ad4e:	795a      	ldrb	r2, [r3, #5]
1000ad50:	42aa      	cmp	r2, r5
1000ad52:	d000      	beq.n	1000ad56 <UsbHostHidComp+0x32>
1000ad54:	e0cc      	b.n	1000aef0 <UsbHostHidComp+0x1cc>
1000ad56:	0019      	movs	r1, r3
1000ad58:	b2e2      	uxtb	r2, r4
1000ad5a:	3152      	adds	r1, #82	@ 0x52
1000ad5c:	700a      	strb	r2, [r1, #0]
1000ad5e:	78df      	ldrb	r7, [r3, #3]
1000ad60:	2f01      	cmp	r7, #1
1000ad62:	d000      	beq.n	1000ad66 <UsbHostHidComp+0x42>
1000ad64:	e0a2      	b.n	1000aeac <UsbHostHidComp+0x188>
1000ad66:	9b00      	ldr	r3, [sp, #0]
1000ad68:	3054      	adds	r0, #84	@ 0x54
1000ad6a:	18c5      	adds	r5, r0, r3
1000ad6c:	2308      	movs	r3, #8
1000ad6e:	001a      	movs	r2, r3
1000ad70:	9303      	str	r3, [sp, #12]
1000ad72:	2c07      	cmp	r4, #7
1000ad74:	d807      	bhi.n	1000ad86 <UsbHostHidComp+0x62>
1000ad76:	9b00      	ldr	r3, [sp, #0]
1000ad78:	1820      	adds	r0, r4, r0
1000ad7a:	0031      	movs	r1, r6
1000ad7c:	1b12      	subs	r2, r2, r4
1000ad7e:	18c0      	adds	r0, r0, r3
1000ad80:	9403      	str	r4, [sp, #12]
1000ad82:	f7fd fafa 	bl	1000837a <__wrap_memset>
1000ad86:	4b5e      	ldr	r3, [pc, #376]	@ (1000af00 <UsbHostHidComp+0x1dc>)
1000ad88:	0029      	movs	r1, r5
1000ad8a:	0018      	movs	r0, r3
1000ad8c:	9a03      	ldr	r2, [sp, #12]
1000ad8e:	9302      	str	r3, [sp, #8]
1000ad90:	f004 faaa 	bl	1000f2e8 <memcmp>
1000ad94:	2800      	cmp	r0, #0
1000ad96:	d06a      	beq.n	1000ae6e <UsbHostHidComp+0x14a>
1000ad98:	002a      	movs	r2, r5
1000ad9a:	1cab      	adds	r3, r5, #2
1000ad9c:	3208      	adds	r2, #8
1000ad9e:	781c      	ldrb	r4, [r3, #0]
1000ada0:	2c00      	cmp	r4, #0
1000ada2:	d100      	bne.n	1000ada6 <UsbHostHidComp+0x82>
1000ada4:	e07d      	b.n	1000aea2 <UsbHostHidComp+0x17e>
1000ada6:	0021      	movs	r1, r4
1000ada8:	9802      	ldr	r0, [sp, #8]
1000adaa:	f7ff ff71 	bl	1000ac90 <UsbHostHidFindKey>
1000adae:	2800      	cmp	r0, #0
1000adb0:	d11a      	bne.n	1000ade8 <UsbHostHidComp+0xc4>
1000adb2:	2211      	movs	r2, #17
1000adb4:	782b      	ldrb	r3, [r5, #0]
1000adb6:	4213      	tst	r3, r2
1000adb8:	d068      	beq.n	1000ae8c <UsbHostHidComp+0x168>
1000adba:	2c03      	cmp	r4, #3
1000adbc:	d968      	bls.n	1000ae90 <UsbHostHidComp+0x16c>
1000adbe:	2c1d      	cmp	r4, #29
1000adc0:	d864      	bhi.n	1000ae8c <UsbHostHidComp+0x168>
1000adc2:	1ee0      	subs	r0, r4, #3
1000adc4:	b2c0      	uxtb	r0, r0
1000adc6:	021b      	lsls	r3, r3, #8
1000adc8:	0400      	lsls	r0, r0, #16
1000adca:	4323      	orrs	r3, r4
1000adcc:	4303      	orrs	r3, r0
1000adce:	a904      	add	r1, sp, #16
1000add0:	484c      	ldr	r0, [pc, #304]	@ (1000af04 <UsbHostHidComp+0x1e0>)
1000add2:	9304      	str	r3, [sp, #16]
1000add4:	f000 ff3c 	bl	1000bc50 <EventRingWrite>
1000add8:	4b4b      	ldr	r3, [pc, #300]	@ (1000af08 <UsbHostHidComp+0x1e4>)
1000adda:	494c      	ldr	r1, [pc, #304]	@ (1000af0c <UsbHostHidComp+0x1e8>)
1000addc:	6a9b      	ldr	r3, [r3, #40]	@ 0x28
1000adde:	4a4c      	ldr	r2, [pc, #304]	@ (1000af10 <UsbHostHidComp+0x1ec>)
1000ade0:	185b      	adds	r3, r3, r1
1000ade2:	6013      	str	r3, [r2, #0]
1000ade4:	4b4b      	ldr	r3, [pc, #300]	@ (1000af14 <UsbHostHidComp+0x1f0>)
1000ade6:	701c      	strb	r4, [r3, #0]
1000ade8:	2400      	movs	r4, #0
1000adea:	4b4b      	ldr	r3, [pc, #300]	@ (1000af18 <UsbHostHidComp+0x1f4>)
1000adec:	5d1e      	ldrb	r6, [r3, r4]
1000adee:	2e00      	cmp	r6, #0
1000adf0:	d010      	beq.n	1000ae14 <UsbHostHidComp+0xf0>
1000adf2:	0031      	movs	r1, r6
1000adf4:	0028      	movs	r0, r5
1000adf6:	f7ff ff4b 	bl	1000ac90 <UsbHostHidFindKey>
1000adfa:	2800      	cmp	r0, #0
1000adfc:	d10a      	bne.n	1000ae14 <UsbHostHidComp+0xf0>
1000adfe:	2280      	movs	r2, #128	@ 0x80
1000ae00:	782b      	ldrb	r3, [r5, #0]
1000ae02:	0452      	lsls	r2, r2, #17
1000ae04:	021b      	lsls	r3, r3, #8
1000ae06:	4333      	orrs	r3, r6
1000ae08:	4313      	orrs	r3, r2
1000ae0a:	483e      	ldr	r0, [pc, #248]	@ (1000af04 <UsbHostHidComp+0x1e0>)
1000ae0c:	a904      	add	r1, sp, #16
1000ae0e:	9304      	str	r3, [sp, #16]
1000ae10:	f000 ff1e 	bl	1000bc50 <EventRingWrite>
1000ae14:	3401      	adds	r4, #1
1000ae16:	2c06      	cmp	r4, #6
1000ae18:	d1e7      	bne.n	1000adea <UsbHostHidComp+0xc6>
1000ae1a:	2680      	movs	r6, #128	@ 0x80
1000ae1c:	34da      	adds	r4, #218	@ 0xda
1000ae1e:	0476      	lsls	r6, r6, #17
1000ae20:	782b      	ldrb	r3, [r5, #0]
1000ae22:	421f      	tst	r7, r3
1000ae24:	d00a      	beq.n	1000ae3c <UsbHostHidComp+0x118>
1000ae26:	9a02      	ldr	r2, [sp, #8]
1000ae28:	7812      	ldrb	r2, [r2, #0]
1000ae2a:	423a      	tst	r2, r7
1000ae2c:	d106      	bne.n	1000ae3c <UsbHostHidComp+0x118>
1000ae2e:	021b      	lsls	r3, r3, #8
1000ae30:	4323      	orrs	r3, r4
1000ae32:	4834      	ldr	r0, [pc, #208]	@ (1000af04 <UsbHostHidComp+0x1e0>)
1000ae34:	a904      	add	r1, sp, #16
1000ae36:	9304      	str	r3, [sp, #16]
1000ae38:	f000 ff0a 	bl	1000bc50 <EventRingWrite>
1000ae3c:	782b      	ldrb	r3, [r5, #0]
1000ae3e:	421f      	tst	r7, r3
1000ae40:	d10b      	bne.n	1000ae5a <UsbHostHidComp+0x136>
1000ae42:	9a02      	ldr	r2, [sp, #8]
1000ae44:	7812      	ldrb	r2, [r2, #0]
1000ae46:	423a      	tst	r2, r7
1000ae48:	d007      	beq.n	1000ae5a <UsbHostHidComp+0x136>
1000ae4a:	021b      	lsls	r3, r3, #8
1000ae4c:	4323      	orrs	r3, r4
1000ae4e:	4333      	orrs	r3, r6
1000ae50:	482c      	ldr	r0, [pc, #176]	@ (1000af04 <UsbHostHidComp+0x1e0>)
1000ae52:	a904      	add	r1, sp, #16
1000ae54:	9304      	str	r3, [sp, #16]
1000ae56:	f000 fefb 	bl	1000bc50 <EventRingWrite>
1000ae5a:	007f      	lsls	r7, r7, #1
1000ae5c:	3401      	adds	r4, #1
1000ae5e:	b2ff      	uxtb	r7, r7
1000ae60:	2ce8      	cmp	r4, #232	@ 0xe8
1000ae62:	d1dd      	bne.n	1000ae20 <UsbHostHidComp+0xfc>
1000ae64:	2208      	movs	r2, #8
1000ae66:	0029      	movs	r1, r5
1000ae68:	9802      	ldr	r0, [sp, #8]
1000ae6a:	f000 f8db 	bl	1000b024 <UsbMemcpy>
1000ae6e:	2384      	movs	r3, #132	@ 0x84
1000ae70:	9a01      	ldr	r2, [sp, #4]
1000ae72:	4353      	muls	r3, r2
1000ae74:	9a00      	ldr	r2, [sp, #0]
1000ae76:	18d3      	adds	r3, r2, r3
1000ae78:	2200      	movs	r2, #0
1000ae7a:	3352      	adds	r3, #82	@ 0x52
1000ae7c:	701a      	strb	r2, [r3, #0]
1000ae7e:	9801      	ldr	r0, [sp, #4]
1000ae80:	f7ff fd6a 	bl	1000a958 <UsbHostHidInxRecv>
1000ae84:	2601      	movs	r6, #1
1000ae86:	0030      	movs	r0, r6
1000ae88:	b009      	add	sp, #36	@ 0x24
1000ae8a:	bdf0      	pop	{r4, r5, r6, r7, pc}
1000ae8c:	2c67      	cmp	r4, #103	@ 0x67
1000ae8e:	d89a      	bhi.n	1000adc6 <UsbHostHidComp+0xa2>
1000ae90:	2222      	movs	r2, #34	@ 0x22
1000ae92:	401a      	ands	r2, r3
1000ae94:	1e50      	subs	r0, r2, #1
1000ae96:	4182      	sbcs	r2, r0
1000ae98:	4920      	ldr	r1, [pc, #128]	@ (1000af1c <UsbHostHidComp+0x1f8>)
1000ae9a:	0060      	lsls	r0, r4, #1
1000ae9c:	1809      	adds	r1, r1, r0
1000ae9e:	5c88      	ldrb	r0, [r1, r2]
1000aea0:	e791      	b.n	1000adc6 <UsbHostHidComp+0xa2>
1000aea2:	3301      	adds	r3, #1
1000aea4:	429a      	cmp	r2, r3
1000aea6:	d000      	beq.n	1000aeaa <UsbHostHidComp+0x186>
1000aea8:	e779      	b.n	1000ad9e <UsbHostHidComp+0x7a>
1000aeaa:	e79b      	b.n	1000ade4 <UsbHostHidComp+0xc0>
1000aeac:	2f02      	cmp	r7, #2
1000aeae:	d1e6      	bne.n	1000ae7e <UsbHostHidComp+0x15a>
1000aeb0:	9b00      	ldr	r3, [sp, #0]
1000aeb2:	3054      	adds	r0, #84	@ 0x54
1000aeb4:	18c5      	adds	r5, r0, r3
1000aeb6:	2c04      	cmp	r4, #4
1000aeb8:	d806      	bhi.n	1000aec8 <UsbHostHidComp+0x1a4>
1000aeba:	2205      	movs	r2, #5
1000aebc:	1820      	adds	r0, r4, r0
1000aebe:	0031      	movs	r1, r6
1000aec0:	1b12      	subs	r2, r2, r4
1000aec2:	18c0      	adds	r0, r0, r3
1000aec4:	f7fd fa59 	bl	1000837a <__wrap_memset>
1000aec8:	4c15      	ldr	r4, [pc, #84]	@ (1000af20 <UsbHostHidComp+0x1fc>)
1000aeca:	2205      	movs	r2, #5
1000aecc:	0029      	movs	r1, r5
1000aece:	0020      	movs	r0, r4
1000aed0:	f004 fa0a 	bl	1000f2e8 <memcmp>
1000aed4:	2800      	cmp	r0, #0
1000aed6:	d0ca      	beq.n	1000ae6e <UsbHostHidComp+0x14a>
1000aed8:	2380      	movs	r3, #128	@ 0x80
1000aeda:	682a      	ldr	r2, [r5, #0]
1000aedc:	a904      	add	r1, sp, #16
1000aede:	4313      	orrs	r3, r2
1000aee0:	4810      	ldr	r0, [pc, #64]	@ (1000af24 <UsbHostHidComp+0x200>)
1000aee2:	9304      	str	r3, [sp, #16]
1000aee4:	f000 feb4 	bl	1000bc50 <EventRingWrite>
1000aee8:	2205      	movs	r2, #5
1000aeea:	0029      	movs	r1, r5
1000aeec:	0020      	movs	r0, r4
1000aeee:	e7bc      	b.n	1000ae6a <UsbHostHidComp+0x146>
1000aef0:	9801      	ldr	r0, [sp, #4]
1000aef2:	f7ff fcff 	bl	1000a8f4 <UsbHostHidInxSend>
1000aef6:	e7c5      	b.n	1000ae84 <UsbHostHidComp+0x160>
1000aef8:	2600      	movs	r6, #0
1000aefa:	e7c4      	b.n	1000ae86 <UsbHostHidComp+0x162>
1000aefc:	200272dc 	.word	0x200272dc
1000af00:	200284a8 	.word	0x200284a8
1000af04:	200274ec 	.word	0x200274ec
1000af08:	40054000 	.word	0x40054000
1000af0c:	00061a80 	.word	0x00061a80
1000af10:	200272d4 	.word	0x200272d4
1000af14:	200284b0 	.word	0x200284b0
1000af18:	200284aa 	.word	0x200284aa
1000af1c:	10010388 	.word	0x10010388
1000af20:	200284b1 	.word	0x200284b1
1000af24:	20027600 	.word	0x20027600

1000af28 <UsbHostHidClose>:
1000af28:	b570      	push	{r4, r5, r6, lr}
1000af2a:	0005      	movs	r5, r0
1000af2c:	4c10      	ldr	r4, [pc, #64]	@ (1000af70 <UsbHostHidClose+0x48>)
1000af2e:	4e11      	ldr	r6, [pc, #68]	@ (1000af74 <UsbHostHidClose+0x4c>)
1000af30:	7823      	ldrb	r3, [r4, #0]
1000af32:	2b00      	cmp	r3, #0
1000af34:	d018      	beq.n	1000af68 <UsbHostHidClose+0x40>
1000af36:	7863      	ldrb	r3, [r4, #1]
1000af38:	42ab      	cmp	r3, r5
1000af3a:	d115      	bne.n	1000af68 <UsbHostHidClose+0x40>
1000af3c:	78e3      	ldrb	r3, [r4, #3]
1000af3e:	2b01      	cmp	r3, #1
1000af40:	d107      	bne.n	1000af52 <UsbHostHidClose+0x2a>
1000af42:	480d      	ldr	r0, [pc, #52]	@ (1000af78 <UsbHostHidClose+0x50>)
1000af44:	f000 fe7d 	bl	1000bc42 <EventRingClear>
1000af48:	2208      	movs	r2, #8
1000af4a:	2100      	movs	r1, #0
1000af4c:	480b      	ldr	r0, [pc, #44]	@ (1000af7c <UsbHostHidClose+0x54>)
1000af4e:	f7fd fa14 	bl	1000837a <__wrap_memset>
1000af52:	78e3      	ldrb	r3, [r4, #3]
1000af54:	2b02      	cmp	r3, #2
1000af56:	d102      	bne.n	1000af5e <UsbHostHidClose+0x36>
1000af58:	4809      	ldr	r0, [pc, #36]	@ (1000af80 <UsbHostHidClose+0x58>)
1000af5a:	f000 fe72 	bl	1000bc42 <EventRingClear>
1000af5e:	2284      	movs	r2, #132	@ 0x84
1000af60:	2100      	movs	r1, #0
1000af62:	0020      	movs	r0, r4
1000af64:	f7fd fa09 	bl	1000837a <__wrap_memset>
1000af68:	3484      	adds	r4, #132	@ 0x84
1000af6a:	42b4      	cmp	r4, r6
1000af6c:	d1e0      	bne.n	1000af30 <UsbHostHidClose+0x8>
1000af6e:	bd70      	pop	{r4, r5, r6, pc}
1000af70:	200272dc 	.word	0x200272dc
1000af74:	200274ec 	.word	0x200274ec
1000af78:	200274ec 	.word	0x200274ec
1000af7c:	200284a8 	.word	0x200284a8
1000af80:	20027600 	.word	0x20027600

1000af84 <UsbHostHidSof>:
1000af84:	b510      	push	{r4, lr}
1000af86:	f7ff fd05 	bl	1000a994 <UsbHostHidAllRecv>
1000af8a:	f7ff fcd7 	bl	1000a93c <UsbHostHidAllSend>
1000af8e:	f7ff fe8b 	bl	1000aca8 <UsbHostHidRepKey>
1000af92:	bd10      	pop	{r4, pc}

1000af94 <UsbHostHidSched>:
1000af94:	b510      	push	{r4, lr}
1000af96:	f7ff fcd1 	bl	1000a93c <UsbHostHidAllSend>
1000af9a:	bd10      	pop	{r4, pc}

1000af9c <UsbGetKey>:
1000af9c:	b51f      	push	{r0, r1, r2, r3, r4, lr}
1000af9e:	2480      	movs	r4, #128	@ 0x80
1000afa0:	0464      	lsls	r4, r4, #17
1000afa2:	4669      	mov	r1, sp
1000afa4:	4804      	ldr	r0, [pc, #16]	@ (1000afb8 <UsbGetKey+0x1c>)
1000afa6:	f000 fe97 	bl	1000bcd8 <EventRingRead>
1000afaa:	2800      	cmp	r0, #0
1000afac:	d002      	beq.n	1000afb4 <UsbGetKey+0x18>
1000afae:	9800      	ldr	r0, [sp, #0]
1000afb0:	4220      	tst	r0, r4
1000afb2:	d1f6      	bne.n	1000afa2 <UsbGetKey+0x6>
1000afb4:	b004      	add	sp, #16
1000afb6:	bd10      	pop	{r4, pc}
1000afb8:	200274ec 	.word	0x200274ec

1000afbc <UsbKeyIsPressed>:
1000afbc:	b510      	push	{r4, lr}
1000afbe:	2800      	cmp	r0, #0
1000afc0:	d011      	beq.n	1000afe6 <UsbKeyIsPressed+0x2a>
1000afc2:	0002      	movs	r2, r0
1000afc4:	3220      	adds	r2, #32
1000afc6:	b2d2      	uxtb	r2, r2
1000afc8:	4b15      	ldr	r3, [pc, #84]	@ (1000b020 <UsbKeyIsPressed+0x64>)
1000afca:	2a07      	cmp	r2, #7
1000afcc:	d822      	bhi.n	1000b014 <UsbKeyIsPressed+0x58>
1000afce:	38e1      	subs	r0, #225	@ 0xe1
1000afd0:	2806      	cmp	r0, #6
1000afd2:	d805      	bhi.n	1000afe0 <UsbKeyIsPressed+0x24>
1000afd4:	f004 f9cc 	bl	1000f370 <____gnu_thumb1_case_uqi_veneer>
1000afd8:	120f0c08 	.word	0x120f0c08
1000afdc:	1815      	.short	0x1815
1000afde:	1b          	.byte	0x1b
1000afdf:	00          	.byte	0x00
1000afe0:	7818      	ldrb	r0, [r3, #0]
1000afe2:	2301      	movs	r3, #1
1000afe4:	4018      	ands	r0, r3
1000afe6:	bd10      	pop	{r4, pc}
1000afe8:	7818      	ldrb	r0, [r3, #0]
1000afea:	0780      	lsls	r0, r0, #30
1000afec:	0fc0      	lsrs	r0, r0, #31
1000afee:	e7fa      	b.n	1000afe6 <UsbKeyIsPressed+0x2a>
1000aff0:	7818      	ldrb	r0, [r3, #0]
1000aff2:	0740      	lsls	r0, r0, #29
1000aff4:	e7fa      	b.n	1000afec <UsbKeyIsPressed+0x30>
1000aff6:	7818      	ldrb	r0, [r3, #0]
1000aff8:	0700      	lsls	r0, r0, #28
1000affa:	e7f7      	b.n	1000afec <UsbKeyIsPressed+0x30>
1000affc:	7818      	ldrb	r0, [r3, #0]
1000affe:	06c0      	lsls	r0, r0, #27
1000b000:	e7f4      	b.n	1000afec <UsbKeyIsPressed+0x30>
1000b002:	7818      	ldrb	r0, [r3, #0]
1000b004:	0680      	lsls	r0, r0, #26
1000b006:	e7f1      	b.n	1000afec <UsbKeyIsPressed+0x30>
1000b008:	7818      	ldrb	r0, [r3, #0]
1000b00a:	0640      	lsls	r0, r0, #25
1000b00c:	e7ee      	b.n	1000afec <UsbKeyIsPressed+0x30>
1000b00e:	7818      	ldrb	r0, [r3, #0]
1000b010:	09c0      	lsrs	r0, r0, #7
1000b012:	e7e8      	b.n	1000afe6 <UsbKeyIsPressed+0x2a>
1000b014:	0001      	movs	r1, r0
1000b016:	0018      	movs	r0, r3
1000b018:	f7ff fe3a 	bl	1000ac90 <UsbHostHidFindKey>
1000b01c:	e7e3      	b.n	1000afe6 <UsbKeyIsPressed+0x2a>
1000b01e:	46c0      	nop			@ (mov r8, r8)
1000b020:	200284a8 	.word	0x200284a8

1000b024 <UsbMemcpy>:
1000b024:	2300      	movs	r3, #0
1000b026:	b510      	push	{r4, lr}
1000b028:	429a      	cmp	r2, r3
1000b02a:	d100      	bne.n	1000b02e <UsbMemcpy+0xa>
1000b02c:	bd10      	pop	{r4, pc}
1000b02e:	5ccc      	ldrb	r4, [r1, r3]
1000b030:	54c4      	strb	r4, [r0, r3]
1000b032:	3301      	adds	r3, #1
1000b034:	e7f8      	b.n	1000b028 <UsbMemcpy+0x4>
	...

1000b038 <UsbIntEnable>:
1000b038:	21c0      	movs	r1, #192	@ 0xc0
1000b03a:	2220      	movs	r2, #32
1000b03c:	4b02      	ldr	r3, [pc, #8]	@ (1000b048 <UsbIntEnable+0x10>)
1000b03e:	0049      	lsls	r1, r1, #1
1000b040:	505a      	str	r2, [r3, r1]
1000b042:	601a      	str	r2, [r3, #0]
1000b044:	4770      	bx	lr
1000b046:	46c0      	nop			@ (mov r8, r8)
1000b048:	e000e100 	.word	0xe000e100

1000b04c <UsbIntDisable>:
1000b04c:	2220      	movs	r2, #32
1000b04e:	4b03      	ldr	r3, [pc, #12]	@ (1000b05c <UsbIntDisable+0x10>)
1000b050:	67da      	str	r2, [r3, #124]	@ 0x7c
1000b052:	f3bf 8f4f 	dsb	sy
1000b056:	f3bf 8f6f 	isb	sy
1000b05a:	4770      	bx	lr
1000b05c:	e000e104 	.word	0xe000e104

1000b060 <UsbGetDevSpeed>:
1000b060:	4b02      	ldr	r3, [pc, #8]	@ (1000b06c <UsbGetDevSpeed+0xc>)
1000b062:	6818      	ldr	r0, [r3, #0]
1000b064:	0580      	lsls	r0, r0, #22
1000b066:	0f80      	lsrs	r0, r0, #30
1000b068:	4770      	bx	lr
1000b06a:	46c0      	nop			@ (mov r8, r8)
1000b06c:	50110050 	.word	0x50110050

1000b070 <UsbDelay12>:
1000b070:	e7ff      	b.n	1000b072 <UsbDelay12+0x2>
1000b072:	e7ff      	b.n	1000b074 <UsbDelay12+0x4>
1000b074:	e7ff      	b.n	1000b076 <UsbDelay12+0x6>
1000b076:	e7ff      	b.n	1000b078 <UsbDelay12+0x8>
1000b078:	e7ff      	b.n	1000b07a <UsbDelay12+0xa>
1000b07a:	e7ff      	b.n	1000b07c <UsbDelay12+0xc>
1000b07c:	4770      	bx	lr
	...

1000b080 <UsbNextPrep>:
1000b080:	b5f8      	push	{r3, r4, r5, r6, r7, lr}
1000b082:	2324      	movs	r3, #36	@ 0x24
1000b084:	4343      	muls	r3, r0
1000b086:	4d22      	ldr	r5, [pc, #136]	@ (1000b110 <UsbNextPrep+0x90>)
1000b088:	0006      	movs	r6, r0
1000b08a:	18eb      	adds	r3, r5, r3
1000b08c:	89da      	ldrh	r2, [r3, #14]
1000b08e:	895b      	ldrh	r3, [r3, #10]
1000b090:	1c1c      	adds	r4, r3, #0
1000b092:	4293      	cmp	r3, r2
1000b094:	d900      	bls.n	1000b098 <UsbNextPrep+0x18>
1000b096:	1c14      	adds	r4, r2, #0
1000b098:	2324      	movs	r3, #36	@ 0x24
1000b09a:	4373      	muls	r3, r6
1000b09c:	b2a4      	uxth	r4, r4
1000b09e:	18eb      	adds	r3, r5, r3
1000b0a0:	1b12      	subs	r2, r2, r4
1000b0a2:	81da      	strh	r2, [r3, #14]
1000b0a4:	795a      	ldrb	r2, [r3, #5]
1000b0a6:	0020      	movs	r0, r4
1000b0a8:	2a00      	cmp	r2, #0
1000b0aa:	d113      	bne.n	1000b0d4 <UsbNextPrep+0x54>
1000b0ac:	6998      	ldr	r0, [r3, #24]
1000b0ae:	2800      	cmp	r0, #0
1000b0b0:	d00d      	beq.n	1000b0ce <UsbNextPrep+0x4e>
1000b0b2:	695f      	ldr	r7, [r3, #20]
1000b0b4:	2f00      	cmp	r7, #0
1000b0b6:	d00a      	beq.n	1000b0ce <UsbNextPrep+0x4e>
1000b0b8:	2c00      	cmp	r4, #0
1000b0ba:	d008      	beq.n	1000b0ce <UsbNextPrep+0x4e>
1000b0bc:	791a      	ldrb	r2, [r3, #4]
1000b0be:	0189      	lsls	r1, r1, #6
1000b0c0:	187f      	adds	r7, r7, r1
1000b0c2:	2a00      	cmp	r2, #0
1000b0c4:	d01c      	beq.n	1000b100 <UsbNextPrep+0x80>
1000b0c6:	0022      	movs	r2, r4
1000b0c8:	0039      	movs	r1, r7
1000b0ca:	f002 fe97 	bl	1000ddfc <RingReadData>
1000b0ce:	2080      	movs	r0, #128	@ 0x80
1000b0d0:	0200      	lsls	r0, r0, #8
1000b0d2:	4320      	orrs	r0, r4
1000b0d4:	2324      	movs	r3, #36	@ 0x24
1000b0d6:	001a      	movs	r2, r3
1000b0d8:	4372      	muls	r2, r6
1000b0da:	18aa      	adds	r2, r5, r2
1000b0dc:	7a11      	ldrb	r1, [r2, #8]
1000b0de:	7a52      	ldrb	r2, [r2, #9]
1000b0e0:	2a01      	cmp	r2, #1
1000b0e2:	d001      	beq.n	1000b0e8 <UsbNextPrep+0x68>
1000b0e4:	034a      	lsls	r2, r1, #13
1000b0e6:	4310      	orrs	r0, r2
1000b0e8:	4373      	muls	r3, r6
1000b0ea:	18ed      	adds	r5, r5, r3
1000b0ec:	2301      	movs	r3, #1
1000b0ee:	404b      	eors	r3, r1
1000b0f0:	722b      	strb	r3, [r5, #8]
1000b0f2:	89eb      	ldrh	r3, [r5, #14]
1000b0f4:	2b00      	cmp	r3, #0
1000b0f6:	d102      	bne.n	1000b0fe <UsbNextPrep+0x7e>
1000b0f8:	2380      	movs	r3, #128	@ 0x80
1000b0fa:	01db      	lsls	r3, r3, #7
1000b0fc:	4318      	orrs	r0, r3
1000b0fe:	bdf8      	pop	{r3, r4, r5, r6, r7, pc}
1000b100:	8a19      	ldrh	r1, [r3, #16]
1000b102:	0022      	movs	r2, r4
1000b104:	1841      	adds	r1, r0, r1
1000b106:	0038      	movs	r0, r7
1000b108:	f7ff ff8c 	bl	1000b024 <UsbMemcpy>
1000b10c:	e7df      	b.n	1000b0ce <UsbNextPrep+0x4e>
1000b10e:	46c0      	nop			@ (mov r8, r8)
1000b110:	20026e54 	.word	0x20026e54

1000b114 <UsbNextBuf>:
1000b114:	2324      	movs	r3, #36	@ 0x24
1000b116:	b5f7      	push	{r0, r1, r2, r4, r5, r6, r7, lr}
1000b118:	2480      	movs	r4, #128	@ 0x80
1000b11a:	4343      	muls	r3, r0
1000b11c:	4e22      	ldr	r6, [pc, #136]	@ (1000b1a8 <UsbNextBuf+0x94>)
1000b11e:	0164      	lsls	r4, r4, #5
1000b120:	18f3      	adds	r3, r6, r3
1000b122:	6a1f      	ldr	r7, [r3, #32]
1000b124:	2100      	movs	r1, #0
1000b126:	603c      	str	r4, [r7, #0]
1000b128:	0005      	movs	r5, r0
1000b12a:	f7ff ffa9 	bl	1000b080 <UsbNextPrep>
1000b12e:	4b1f      	ldr	r3, [pc, #124]	@ (1000b1ac <UsbNextBuf+0x98>)
1000b130:	4304      	orrs	r4, r0
1000b132:	781b      	ldrb	r3, [r3, #0]
1000b134:	2b00      	cmp	r3, #0
1000b136:	d12a      	bne.n	1000b18e <UsbNextBuf+0x7a>
1000b138:	43eb      	mvns	r3, r5
1000b13a:	b2db      	uxtb	r3, r3
1000b13c:	09db      	lsrs	r3, r3, #7
1000b13e:	2224      	movs	r2, #36	@ 0x24
1000b140:	436a      	muls	r2, r5
1000b142:	18b2      	adds	r2, r6, r2
1000b144:	69d1      	ldr	r1, [r2, #28]
1000b146:	89d2      	ldrh	r2, [r2, #14]
1000b148:	6809      	ldr	r1, [r1, #0]
1000b14a:	9101      	str	r1, [sp, #4]
1000b14c:	2a00      	cmp	r2, #0
1000b14e:	d023      	beq.n	1000b198 <UsbNextBuf+0x84>
1000b150:	2b00      	cmp	r3, #0
1000b152:	d121      	bne.n	1000b198 <UsbNextBuf+0x84>
1000b154:	2101      	movs	r1, #1
1000b156:	0028      	movs	r0, r5
1000b158:	f7ff ff92 	bl	1000b080 <UsbNextPrep>
1000b15c:	4a14      	ldr	r2, [pc, #80]	@ (1000b1b0 <UsbNextBuf+0x9c>)
1000b15e:	9b01      	ldr	r3, [sp, #4]
1000b160:	0400      	lsls	r0, r0, #16
1000b162:	4320      	orrs	r0, r4
1000b164:	4013      	ands	r3, r2
1000b166:	2480      	movs	r4, #128	@ 0x80
1000b168:	001a      	movs	r2, r3
1000b16a:	23a0      	movs	r3, #160	@ 0xa0
1000b16c:	04e4      	lsls	r4, r4, #19
1000b16e:	4304      	orrs	r4, r0
1000b170:	05db      	lsls	r3, r3, #23
1000b172:	4313      	orrs	r3, r2
1000b174:	2224      	movs	r2, #36	@ 0x24
1000b176:	436a      	muls	r2, r5
1000b178:	18b6      	adds	r6, r6, r2
1000b17a:	69f2      	ldr	r2, [r6, #28]
1000b17c:	6013      	str	r3, [r2, #0]
1000b17e:	603c      	str	r4, [r7, #0]
1000b180:	f7ff ff76 	bl	1000b070 <UsbDelay12>
1000b184:	2380      	movs	r3, #128	@ 0x80
1000b186:	00db      	lsls	r3, r3, #3
1000b188:	4323      	orrs	r3, r4
1000b18a:	603b      	str	r3, [r7, #0]
1000b18c:	bdf7      	pop	{r0, r1, r2, r4, r5, r6, r7, pc}
1000b18e:	002b      	movs	r3, r5
1000b190:	1e5a      	subs	r2, r3, #1
1000b192:	4193      	sbcs	r3, r2
1000b194:	b2db      	uxtb	r3, r3
1000b196:	e7d2      	b.n	1000b13e <UsbNextBuf+0x2a>
1000b198:	4a06      	ldr	r2, [pc, #24]	@ (1000b1b4 <UsbNextBuf+0xa0>)
1000b19a:	9b01      	ldr	r3, [sp, #4]
1000b19c:	4013      	ands	r3, r2
1000b19e:	001a      	movs	r2, r3
1000b1a0:	2380      	movs	r3, #128	@ 0x80
1000b1a2:	059b      	lsls	r3, r3, #22
1000b1a4:	e7e5      	b.n	1000b172 <UsbNextBuf+0x5e>
1000b1a6:	46c0      	nop			@ (mov r8, r8)
1000b1a8:	20026e54 	.word	0x20026e54
1000b1ac:	200284bb 	.word	0x200284bb
1000b1b0:	dfffffff 	.word	0xdfffffff
1000b1b4:	afffffff 	.word	0xafffffff

1000b1b8 <UsbXferStart>:
1000b1b8:	b570      	push	{r4, r5, r6, lr}
1000b1ba:	2524      	movs	r5, #36	@ 0x24
1000b1bc:	4345      	muls	r5, r0
1000b1be:	4c08      	ldr	r4, [pc, #32]	@ (1000b1e0 <UsbXferStart+0x28>)
1000b1c0:	1964      	adds	r4, r4, r5
1000b1c2:	2500      	movs	r5, #0
1000b1c4:	6a26      	ldr	r6, [r4, #32]
1000b1c6:	6035      	str	r5, [r6, #0]
1000b1c8:	2601      	movs	r6, #1
1000b1ca:	7066      	strb	r6, [r4, #1]
1000b1cc:	f3bf 8f5f 	dmb	sy
1000b1d0:	8225      	strh	r5, [r4, #16]
1000b1d2:	81e2      	strh	r2, [r4, #14]
1000b1d4:	81a2      	strh	r2, [r4, #12]
1000b1d6:	61a1      	str	r1, [r4, #24]
1000b1d8:	7123      	strb	r3, [r4, #4]
1000b1da:	f7ff ff9b 	bl	1000b114 <UsbNextBuf>
1000b1de:	bd70      	pop	{r4, r5, r6, pc}
1000b1e0:	20026e54 	.word	0x20026e54

1000b1e4 <UsbXferSync>:
1000b1e4:	b5f8      	push	{r3, r4, r5, r6, r7, lr}
1000b1e6:	2324      	movs	r3, #36	@ 0x24
1000b1e8:	4343      	muls	r3, r0
1000b1ea:	4d1e      	ldr	r5, [pc, #120]	@ (1000b264 <UsbXferSync+0x80>)
1000b1ec:	0006      	movs	r6, r0
1000b1ee:	18eb      	adds	r3, r5, r3
1000b1f0:	6a1b      	ldr	r3, [r3, #32]
1000b1f2:	681c      	ldr	r4, [r3, #0]
1000b1f4:	2900      	cmp	r1, #0
1000b1f6:	d000      	beq.n	1000b1fa <UsbXferSync+0x16>
1000b1f8:	0c24      	lsrs	r4, r4, #16
1000b1fa:	2324      	movs	r3, #36	@ 0x24
1000b1fc:	001a      	movs	r2, r3
1000b1fe:	4372      	muls	r2, r6
1000b200:	18aa      	adds	r2, r5, r2
1000b202:	8a17      	ldrh	r7, [r2, #16]
1000b204:	05a4      	lsls	r4, r4, #22
1000b206:	0da4      	lsrs	r4, r4, #22
1000b208:	8992      	ldrh	r2, [r2, #12]
1000b20a:	1938      	adds	r0, r7, r4
1000b20c:	4290      	cmp	r0, r2
1000b20e:	dd00      	ble.n	1000b212 <UsbXferSync+0x2e>
1000b210:	1bd4      	subs	r4, r2, r7
1000b212:	4373      	muls	r3, r6
1000b214:	18eb      	adds	r3, r5, r3
1000b216:	795a      	ldrb	r2, [r3, #5]
1000b218:	2a00      	cmp	r2, #0
1000b21a:	d00f      	beq.n	1000b23c <UsbXferSync+0x58>
1000b21c:	2c00      	cmp	r4, #0
1000b21e:	dd0d      	ble.n	1000b23c <UsbXferSync+0x58>
1000b220:	6998      	ldr	r0, [r3, #24]
1000b222:	2800      	cmp	r0, #0
1000b224:	d00a      	beq.n	1000b23c <UsbXferSync+0x58>
1000b226:	695a      	ldr	r2, [r3, #20]
1000b228:	2a00      	cmp	r2, #0
1000b22a:	d007      	beq.n	1000b23c <UsbXferSync+0x58>
1000b22c:	791b      	ldrb	r3, [r3, #4]
1000b22e:	0189      	lsls	r1, r1, #6
1000b230:	1851      	adds	r1, r2, r1
1000b232:	2b00      	cmp	r3, #0
1000b234:	d011      	beq.n	1000b25a <UsbXferSync+0x76>
1000b236:	0022      	movs	r2, r4
1000b238:	f002 fd90 	bl	1000dd5c <RingWriteData>
1000b23c:	2324      	movs	r3, #36	@ 0x24
1000b23e:	4373      	muls	r3, r6
1000b240:	18eb      	adds	r3, r5, r3
1000b242:	8a1a      	ldrh	r2, [r3, #16]
1000b244:	b2a0      	uxth	r0, r4
1000b246:	1882      	adds	r2, r0, r2
1000b248:	8959      	ldrh	r1, [r3, #10]
1000b24a:	b292      	uxth	r2, r2
1000b24c:	821a      	strh	r2, [r3, #16]
1000b24e:	42a1      	cmp	r1, r4
1000b250:	dd02      	ble.n	1000b258 <UsbXferSync+0x74>
1000b252:	2100      	movs	r1, #0
1000b254:	819a      	strh	r2, [r3, #12]
1000b256:	81d9      	strh	r1, [r3, #14]
1000b258:	bdf8      	pop	{r3, r4, r5, r6, r7, pc}
1000b25a:	0022      	movs	r2, r4
1000b25c:	19c0      	adds	r0, r0, r7
1000b25e:	f7ff fee1 	bl	1000b024 <UsbMemcpy>
1000b262:	e7eb      	b.n	1000b23c <UsbXferSync+0x58>
1000b264:	20026e54 	.word	0x20026e54

1000b268 <UsbXferCont>:
1000b268:	b570      	push	{r4, r5, r6, lr}
1000b26a:	2100      	movs	r1, #0
1000b26c:	0004      	movs	r4, r0
1000b26e:	f7ff ffb9 	bl	1000b1e4 <UsbXferSync>
1000b272:	2324      	movs	r3, #36	@ 0x24
1000b274:	4363      	muls	r3, r4
1000b276:	4d0d      	ldr	r5, [pc, #52]	@ (1000b2ac <UsbXferCont+0x44>)
1000b278:	18eb      	adds	r3, r5, r3
1000b27a:	8a19      	ldrh	r1, [r3, #16]
1000b27c:	899a      	ldrh	r2, [r3, #12]
1000b27e:	4291      	cmp	r1, r2
1000b280:	d207      	bcs.n	1000b292 <UsbXferCont+0x2a>
1000b282:	69db      	ldr	r3, [r3, #28]
1000b284:	681b      	ldr	r3, [r3, #0]
1000b286:	005b      	lsls	r3, r3, #1
1000b288:	d503      	bpl.n	1000b292 <UsbXferCont+0x2a>
1000b28a:	2101      	movs	r1, #1
1000b28c:	0020      	movs	r0, r4
1000b28e:	f7ff ffa9 	bl	1000b1e4 <UsbXferSync>
1000b292:	2324      	movs	r3, #36	@ 0x24
1000b294:	4363      	muls	r3, r4
1000b296:	18ed      	adds	r5, r5, r3
1000b298:	89eb      	ldrh	r3, [r5, #14]
1000b29a:	2001      	movs	r0, #1
1000b29c:	2b00      	cmp	r3, #0
1000b29e:	d003      	beq.n	1000b2a8 <UsbXferCont+0x40>
1000b2a0:	0020      	movs	r0, r4
1000b2a2:	f7ff ff37 	bl	1000b114 <UsbNextBuf>
1000b2a6:	2000      	movs	r0, #0
1000b2a8:	bd70      	pop	{r4, r5, r6, pc}
1000b2aa:	46c0      	nop			@ (mov r8, r8)
1000b2ac:	20026e54 	.word	0x20026e54

1000b2b0 <UsbRamAlloc>:
1000b2b0:	0002      	movs	r2, r0
1000b2b2:	2000      	movs	r0, #0
1000b2b4:	b5f0      	push	{r4, r5, r6, r7, lr}
1000b2b6:	b085      	sub	sp, #20
1000b2b8:	4282      	cmp	r2, r0
1000b2ba:	dd3d      	ble.n	1000b338 <UsbRamAlloc+0x88>
1000b2bc:	4b22      	ldr	r3, [pc, #136]	@ (1000b348 <UsbRamAlloc+0x98>)
1000b2be:	323f      	adds	r2, #63	@ 0x3f
1000b2c0:	2440      	movs	r4, #64	@ 0x40
1000b2c2:	1190      	asrs	r0, r2, #6
1000b2c4:	6859      	ldr	r1, [r3, #4]
1000b2c6:	681a      	ldr	r2, [r3, #0]
1000b2c8:	2300      	movs	r3, #0
1000b2ca:	2601      	movs	r6, #1
1000b2cc:	2700      	movs	r7, #0
1000b2ce:	9201      	str	r2, [sp, #4]
1000b2d0:	1a22      	subs	r2, r4, r0
1000b2d2:	9300      	str	r3, [sp, #0]
1000b2d4:	9202      	str	r2, [sp, #8]
1000b2d6:	9b02      	ldr	r3, [sp, #8]
1000b2d8:	9a00      	ldr	r2, [sp, #0]
1000b2da:	4293      	cmp	r3, r2
1000b2dc:	da01      	bge.n	1000b2e2 <UsbRamAlloc+0x32>
1000b2de:	2000      	movs	r0, #0
1000b2e0:	e02a      	b.n	1000b338 <UsbRamAlloc+0x88>
1000b2e2:	2200      	movs	r2, #0
1000b2e4:	0034      	movs	r4, r6
1000b2e6:	003d      	movs	r5, r7
1000b2e8:	4694      	mov	ip, r2
1000b2ea:	000a      	movs	r2, r1
1000b2ec:	402a      	ands	r2, r5
1000b2ee:	9203      	str	r2, [sp, #12]
1000b2f0:	9a01      	ldr	r2, [sp, #4]
1000b2f2:	4022      	ands	r2, r4
1000b2f4:	0013      	movs	r3, r2
1000b2f6:	9a03      	ldr	r2, [sp, #12]
1000b2f8:	431a      	orrs	r2, r3
1000b2fa:	1e13      	subs	r3, r2, #0
1000b2fc:	d105      	bne.n	1000b30a <UsbRamAlloc+0x5a>
1000b2fe:	3301      	adds	r3, #1
1000b300:	449c      	add	ip, r3
1000b302:	1924      	adds	r4, r4, r4
1000b304:	416d      	adcs	r5, r5
1000b306:	4560      	cmp	r0, ip
1000b308:	d1ef      	bne.n	1000b2ea <UsbRamAlloc+0x3a>
1000b30a:	0034      	movs	r4, r6
1000b30c:	003d      	movs	r5, r7
1000b30e:	19a4      	adds	r4, r4, r6
1000b310:	417d      	adcs	r5, r7
1000b312:	4560      	cmp	r0, ip
1000b314:	d112      	bne.n	1000b33c <UsbRamAlloc+0x8c>
1000b316:	2400      	movs	r4, #0
1000b318:	9b01      	ldr	r3, [sp, #4]
1000b31a:	3401      	adds	r4, #1
1000b31c:	4333      	orrs	r3, r6
1000b31e:	4339      	orrs	r1, r7
1000b320:	9301      	str	r3, [sp, #4]
1000b322:	19b6      	adds	r6, r6, r6
1000b324:	417f      	adcs	r7, r7
1000b326:	42a0      	cmp	r0, r4
1000b328:	d1f6      	bne.n	1000b318 <UsbRamAlloc+0x68>
1000b32a:	4807      	ldr	r0, [pc, #28]	@ (1000b348 <UsbRamAlloc+0x98>)
1000b32c:	4a07      	ldr	r2, [pc, #28]	@ (1000b34c <UsbRamAlloc+0x9c>)
1000b32e:	6003      	str	r3, [r0, #0]
1000b330:	9b00      	ldr	r3, [sp, #0]
1000b332:	6041      	str	r1, [r0, #4]
1000b334:	019b      	lsls	r3, r3, #6
1000b336:	1898      	adds	r0, r3, r2
1000b338:	b005      	add	sp, #20
1000b33a:	bdf0      	pop	{r4, r5, r6, r7, pc}
1000b33c:	9b00      	ldr	r3, [sp, #0]
1000b33e:	0026      	movs	r6, r4
1000b340:	3301      	adds	r3, #1
1000b342:	002f      	movs	r7, r5
1000b344:	9300      	str	r3, [sp, #0]
1000b346:	e7c6      	b.n	1000b2d6 <UsbRamAlloc+0x26>
1000b348:	20001408 	.word	0x20001408
1000b34c:	50100000 	.word	0x50100000

1000b350 <UsbRamFree>:
1000b350:	b510      	push	{r4, lr}
1000b352:	2800      	cmp	r0, #0
1000b354:	d019      	beq.n	1000b38a <UsbRamFree+0x3a>
1000b356:	2900      	cmp	r1, #0
1000b358:	dd17      	ble.n	1000b38a <UsbRamFree+0x3a>
1000b35a:	4b0c      	ldr	r3, [pc, #48]	@ (1000b38c <UsbRamFree+0x3c>)
1000b35c:	313f      	adds	r1, #63	@ 0x3f
1000b35e:	18c0      	adds	r0, r0, r3
1000b360:	233f      	movs	r3, #63	@ 0x3f
1000b362:	17c2      	asrs	r2, r0, #31
1000b364:	401a      	ands	r2, r3
1000b366:	1812      	adds	r2, r2, r0
1000b368:	1192      	asrs	r2, r2, #6
1000b36a:	2001      	movs	r0, #1
1000b36c:	118c      	asrs	r4, r1, #6
1000b36e:	2100      	movs	r1, #0
1000b370:	f004 f866 	bl	1000f440 <____aeabi_llsl_veneer>
1000b374:	2100      	movs	r1, #0
1000b376:	4b06      	ldr	r3, [pc, #24]	@ (1000b390 <UsbRamFree+0x40>)
1000b378:	681a      	ldr	r2, [r3, #0]
1000b37a:	3101      	adds	r1, #1
1000b37c:	4382      	bics	r2, r0
1000b37e:	0040      	lsls	r0, r0, #1
1000b380:	428c      	cmp	r4, r1
1000b382:	d1fa      	bne.n	1000b37a <UsbRamFree+0x2a>
1000b384:	601a      	str	r2, [r3, #0]
1000b386:	2200      	movs	r2, #0
1000b388:	605a      	str	r2, [r3, #4]
1000b38a:	bd10      	pop	{r4, pc}
1000b38c:	aff00000 	.word	0xaff00000
1000b390:	20001408 	.word	0x20001408

1000b394 <UsbEpBindDrv>:
1000b394:	b5f0      	push	{r4, r5, r6, r7, lr}
1000b396:	2601      	movs	r6, #1
1000b398:	271e      	movs	r7, #30
1000b39a:	188a      	adds	r2, r1, r2
1000b39c:	4291      	cmp	r1, r2
1000b39e:	d300      	bcc.n	1000b3a2 <UsbEpBindDrv+0xe>
1000b3a0:	bdf0      	pop	{r4, r5, r6, r7, pc}
1000b3a2:	784c      	ldrb	r4, [r1, #1]
1000b3a4:	2c05      	cmp	r4, #5
1000b3a6:	d106      	bne.n	1000b3b6 <UsbEpBindDrv+0x22>
1000b3a8:	788c      	ldrb	r4, [r1, #2]
1000b3aa:	09e5      	lsrs	r5, r4, #7
1000b3ac:	0064      	lsls	r4, r4, #1
1000b3ae:	4075      	eors	r5, r6
1000b3b0:	403c      	ands	r4, r7
1000b3b2:	4325      	orrs	r5, r4
1000b3b4:	5543      	strb	r3, [r0, r5]
1000b3b6:	780c      	ldrb	r4, [r1, #0]
1000b3b8:	1909      	adds	r1, r1, r4
1000b3ba:	e7ef      	b.n	1000b39c <UsbEpBindDrv+0x8>

1000b3bc <UsbTerm>:
1000b3bc:	b570      	push	{r4, r5, r6, lr}
1000b3be:	2400      	movs	r4, #0
1000b3c0:	4b19      	ldr	r3, [pc, #100]	@ (1000b428 <UsbTerm+0x6c>)
1000b3c2:	601c      	str	r4, [r3, #0]
1000b3c4:	4b19      	ldr	r3, [pc, #100]	@ (1000b42c <UsbTerm+0x70>)
1000b3c6:	601c      	str	r4, [r3, #0]
1000b3c8:	f7ff fe40 	bl	1000b04c <UsbIntDisable>
1000b3cc:	2280      	movs	r2, #128	@ 0x80
1000b3ce:	4b18      	ldr	r3, [pc, #96]	@ (1000b430 <UsbTerm+0x74>)
1000b3d0:	0252      	lsls	r2, r2, #9
1000b3d2:	601a      	str	r2, [r3, #0]
1000b3d4:	4b17      	ldr	r3, [pc, #92]	@ (1000b434 <UsbTerm+0x78>)
1000b3d6:	4a18      	ldr	r2, [pc, #96]	@ (1000b438 <UsbTerm+0x7c>)
1000b3d8:	0019      	movs	r1, r3
1000b3da:	601c      	str	r4, [r3, #0]
1000b3dc:	3180      	adds	r1, #128	@ 0x80
1000b3de:	3304      	adds	r3, #4
1000b3e0:	600c      	str	r4, [r1, #0]
1000b3e2:	4293      	cmp	r3, r2
1000b3e4:	d1f8      	bne.n	1000b3d8 <UsbTerm+0x1c>
1000b3e6:	4b15      	ldr	r3, [pc, #84]	@ (1000b43c <UsbTerm+0x80>)
1000b3e8:	4d15      	ldr	r5, [pc, #84]	@ (1000b440 <UsbTerm+0x84>)
1000b3ea:	601c      	str	r4, [r3, #0]
1000b3ec:	782b      	ldrb	r3, [r5, #0]
1000b3ee:	2b00      	cmp	r3, #0
1000b3f0:	d115      	bne.n	1000b41e <UsbTerm+0x62>
1000b3f2:	2080      	movs	r0, #128	@ 0x80
1000b3f4:	2600      	movs	r6, #0
1000b3f6:	4c13      	ldr	r4, [pc, #76]	@ (1000b444 <UsbTerm+0x88>)
1000b3f8:	4b13      	ldr	r3, [pc, #76]	@ (1000b448 <UsbTerm+0x8c>)
1000b3fa:	0440      	lsls	r0, r0, #17
1000b3fc:	702e      	strb	r6, [r5, #0]
1000b3fe:	7026      	strb	r6, [r4, #0]
1000b400:	701e      	strb	r6, [r3, #0]
1000b402:	f7fe f85b 	bl	100094bc <ResetPeripheryMask>
1000b406:	7026      	strb	r6, [r4, #0]
1000b408:	bd70      	pop	{r4, r5, r6, pc}
1000b40a:	4b10      	ldr	r3, [pc, #64]	@ (1000b44c <UsbTerm+0x90>)
1000b40c:	0162      	lsls	r2, r4, #5
1000b40e:	189b      	adds	r3, r3, r2
1000b410:	685b      	ldr	r3, [r3, #4]
1000b412:	4798      	blx	r3
1000b414:	3401      	adds	r4, #1
1000b416:	b2e4      	uxtb	r4, r4
1000b418:	42a6      	cmp	r6, r4
1000b41a:	d8f6      	bhi.n	1000b40a <UsbTerm+0x4e>
1000b41c:	e7e9      	b.n	1000b3f2 <UsbTerm+0x36>
1000b41e:	4b0c      	ldr	r3, [pc, #48]	@ (1000b450 <UsbTerm+0x94>)
1000b420:	2400      	movs	r4, #0
1000b422:	781e      	ldrb	r6, [r3, #0]
1000b424:	e7f8      	b.n	1000b418 <UsbTerm+0x5c>
1000b426:	46c0      	nop			@ (mov r8, r8)
1000b428:	50110090 	.word	0x50110090
1000b42c:	50110054 	.word	0x50110054
1000b430:	5011304c 	.word	0x5011304c
1000b434:	50100000 	.word	0x50100000
1000b438:	50100080 	.word	0x50100080
1000b43c:	50100100 	.word	0x50100100
1000b440:	200284ba 	.word	0x200284ba
1000b444:	200284a6 	.word	0x200284a6
1000b448:	200284a7 	.word	0x200284a7
1000b44c:	10010368 	.word	0x10010368
1000b450:	10010364 	.word	0x10010364

1000b454 <UsbPhyInit>:
1000b454:	b510      	push	{r4, lr}
1000b456:	f7ff ffb1 	bl	1000b3bc <UsbTerm>
1000b45a:	229c      	movs	r2, #156	@ 0x9c
1000b45c:	2100      	movs	r1, #0
1000b45e:	480d      	ldr	r0, [pc, #52]	@ (1000b494 <UsbPhyInit+0x40>)
1000b460:	f7fc ff8b 	bl	1000837a <__wrap_memset>
1000b464:	22c0      	movs	r2, #192	@ 0xc0
1000b466:	2100      	movs	r1, #0
1000b468:	0052      	lsls	r2, r2, #1
1000b46a:	480b      	ldr	r0, [pc, #44]	@ (1000b498 <UsbPhyInit+0x44>)
1000b46c:	f7fc ff85 	bl	1000837a <__wrap_memset>
1000b470:	2290      	movs	r2, #144	@ 0x90
1000b472:	2100      	movs	r1, #0
1000b474:	00d2      	lsls	r2, r2, #3
1000b476:	4809      	ldr	r0, [pc, #36]	@ (1000b49c <UsbPhyInit+0x48>)
1000b478:	f7fc ff7f 	bl	1000837a <__wrap_memset>
1000b47c:	203f      	movs	r0, #63	@ 0x3f
1000b47e:	2100      	movs	r1, #0
1000b480:	2209      	movs	r2, #9
1000b482:	4b07      	ldr	r3, [pc, #28]	@ (1000b4a0 <UsbPhyInit+0x4c>)
1000b484:	6018      	str	r0, [r3, #0]
1000b486:	6059      	str	r1, [r3, #4]
1000b488:	4b06      	ldr	r3, [pc, #24]	@ (1000b4a4 <UsbPhyInit+0x50>)
1000b48a:	601a      	str	r2, [r3, #0]
1000b48c:	4b06      	ldr	r3, [pc, #24]	@ (1000b4a8 <UsbPhyInit+0x54>)
1000b48e:	3203      	adds	r2, #3
1000b490:	601a      	str	r2, [r3, #0]
1000b492:	bd10      	pop	{r4, pc}
1000b494:	50110000 	.word	0x50110000
1000b498:	50100000 	.word	0x50100000
1000b49c:	20026e54 	.word	0x20026e54
1000b4a0:	20001408 	.word	0x20001408
1000b4a4:	50110074 	.word	0x50110074
1000b4a8:	50110078 	.word	0x50110078

1000b4ac <AlarmUpdate>:
1000b4ac:	23d0      	movs	r3, #208	@ 0xd0
1000b4ae:	061b      	lsls	r3, r3, #24
1000b4b0:	b570      	push	{r4, r5, r6, lr}
1000b4b2:	681c      	ldr	r4, [r3, #0]
1000b4b4:	4b0b      	ldr	r3, [pc, #44]	@ (1000b4e4 <AlarmUpdate+0x38>)
1000b4b6:	00e4      	lsls	r4, r4, #3
1000b4b8:	18e4      	adds	r4, r4, r3
1000b4ba:	4b0b      	ldr	r3, [pc, #44]	@ (1000b4e8 <AlarmUpdate+0x3c>)
1000b4bc:	0020      	movs	r0, r4
1000b4be:	681d      	ldr	r5, [r3, #0]
1000b4c0:	f000 fc53 	bl	1000bd6a <ListGetFirst>
1000b4c4:	6806      	ldr	r6, [r0, #0]
1000b4c6:	42a0      	cmp	r0, r4
1000b4c8:	d100      	bne.n	1000b4cc <AlarmUpdate+0x20>
1000b4ca:	bd70      	pop	{r4, r5, r6, pc}
1000b4cc:	6882      	ldr	r2, [r0, #8]
1000b4ce:	1aab      	subs	r3, r5, r2
1000b4d0:	2b0f      	cmp	r3, #15
1000b4d2:	d804      	bhi.n	1000b4de <AlarmUpdate+0x32>
1000b4d4:	68c3      	ldr	r3, [r0, #12]
1000b4d6:	189b      	adds	r3, r3, r2
1000b4d8:	6083      	str	r3, [r0, #8]
1000b4da:	6903      	ldr	r3, [r0, #16]
1000b4dc:	4798      	blx	r3
1000b4de:	0030      	movs	r0, r6
1000b4e0:	6836      	ldr	r6, [r6, #0]
1000b4e2:	e7f0      	b.n	1000b4c6 <AlarmUpdate+0x1a>
1000b4e4:	2000141c 	.word	0x2000141c
1000b4e8:	20026e4c 	.word	0x20026e4c

1000b4ec <AlarmInit>:
1000b4ec:	b510      	push	{r4, lr}
1000b4ee:	4803      	ldr	r0, [pc, #12]	@ (1000b4fc <AlarmInit+0x10>)
1000b4f0:	f000 fc38 	bl	1000bd64 <ListInit>
1000b4f4:	4802      	ldr	r0, [pc, #8]	@ (1000b500 <AlarmInit+0x14>)
1000b4f6:	f000 fc35 	bl	1000bd64 <ListInit>
1000b4fa:	bd10      	pop	{r4, pc}
1000b4fc:	2000141c 	.word	0x2000141c
1000b500:	20001424 	.word	0x20001424

1000b504 <ConfigGetCRC>:
1000b504:	b510      	push	{r4, lr}
1000b506:	211e      	movs	r1, #30
1000b508:	3002      	adds	r0, #2
1000b50a:	f000 f881 	bl	1000b610 <Crc16AFast>
1000b50e:	bd10      	pop	{r4, pc}

1000b510 <ConfigSetDef>:
1000b510:	b510      	push	{r4, lr}
1000b512:	2220      	movs	r2, #32
1000b514:	21ff      	movs	r1, #255	@ 0xff
1000b516:	0004      	movs	r4, r0
1000b518:	f7fc ff2f 	bl	1000837a <__wrap_memset>
1000b51c:	2364      	movs	r3, #100	@ 0x64
1000b51e:	70a3      	strb	r3, [r4, #2]
1000b520:	4b05      	ldr	r3, [pc, #20]	@ (1000b538 <ConfigSetDef+0x28>)
1000b522:	6063      	str	r3, [r4, #4]
1000b524:	4b05      	ldr	r3, [pc, #20]	@ (1000b53c <ConfigSetDef+0x2c>)
1000b526:	60a3      	str	r3, [r4, #8]
1000b528:	4b05      	ldr	r3, [pc, #20]	@ (1000b540 <ConfigSetDef+0x30>)
1000b52a:	60e3      	str	r3, [r4, #12]
1000b52c:	4b05      	ldr	r3, [pc, #20]	@ (1000b544 <ConfigSetDef+0x34>)
1000b52e:	6123      	str	r3, [r4, #16]
1000b530:	4b05      	ldr	r3, [pc, #20]	@ (1000b548 <ConfigSetDef+0x38>)
1000b532:	6163      	str	r3, [r4, #20]
1000b534:	bd10      	pop	{r4, pc}
1000b536:	46c0      	nop			@ (mov r8, r8)
1000b538:	0c1c1068 	.word	0x0c1c1068
1000b53c:	0ce40137 	.word	0x0ce40137
1000b540:	3f34bc6a 	.word	0x3f34bc6a
1000b544:	3ae1932d 	.word	0x3ae1932d
1000b548:	00b71b00 	.word	0x00b71b00

1000b54c <ConfigLoad>:
1000b54c:	b570      	push	{r4, r5, r6, lr}
1000b54e:	4c11      	ldr	r4, [pc, #68]	@ (1000b594 <ConfigLoad+0x48>)
1000b550:	257f      	movs	r5, #127	@ 0x7f
1000b552:	0020      	movs	r0, r4
1000b554:	f7ff ffdc 	bl	1000b510 <ConfigSetDef>
1000b558:	4b0f      	ldr	r3, [pc, #60]	@ (1000b598 <ConfigLoad+0x4c>)
1000b55a:	016e      	lsls	r6, r5, #5
1000b55c:	18f6      	adds	r6, r6, r3
1000b55e:	6973      	ldr	r3, [r6, #20]
1000b560:	3301      	adds	r3, #1
1000b562:	d014      	beq.n	1000b58e <ConfigLoad+0x42>
1000b564:	0030      	movs	r0, r6
1000b566:	f7ff ffcd 	bl	1000b504 <ConfigGetCRC>
1000b56a:	8833      	ldrh	r3, [r6, #0]
1000b56c:	4283      	cmp	r3, r0
1000b56e:	d10e      	bne.n	1000b58e <ConfigLoad+0x42>
1000b570:	0030      	movs	r0, r6
1000b572:	0023      	movs	r3, r4
1000b574:	c846      	ldmia	r0!, {r1, r2, r6}
1000b576:	c346      	stmia	r3!, {r1, r2, r6}
1000b578:	c846      	ldmia	r0!, {r1, r2, r6}
1000b57a:	c346      	stmia	r3!, {r1, r2, r6}
1000b57c:	c806      	ldmia	r0!, {r1, r2}
1000b57e:	c306      	stmia	r3!, {r1, r2}
1000b580:	78e3      	ldrb	r3, [r4, #3]
1000b582:	2b00      	cmp	r3, #0
1000b584:	d101      	bne.n	1000b58a <ConfigLoad+0x3e>
1000b586:	3301      	adds	r3, #1
1000b588:	70e3      	strb	r3, [r4, #3]
1000b58a:	0028      	movs	r0, r5
1000b58c:	bd70      	pop	{r4, r5, r6, pc}
1000b58e:	3d01      	subs	r5, #1
1000b590:	d2e2      	bcs.n	1000b558 <ConfigLoad+0xc>
1000b592:	e7fa      	b.n	1000b58a <ConfigLoad+0x3e>
1000b594:	2000142c 	.word	0x2000142c
1000b598:	101ff000 	.word	0x101ff000

1000b59c <Crc32ABufSlow>:
1000b59c:	b530      	push	{r4, r5, lr}
1000b59e:	4c0a      	ldr	r4, [pc, #40]	@ (1000b5c8 <Crc32ABufSlow+0x2c>)
1000b5a0:	188a      	adds	r2, r1, r2
1000b5a2:	1a53      	subs	r3, r2, r1
1000b5a4:	2b00      	cmp	r3, #0
1000b5a6:	dc00      	bgt.n	1000b5aa <Crc32ABufSlow+0xe>
1000b5a8:	bd30      	pop	{r4, r5, pc}
1000b5aa:	780b      	ldrb	r3, [r1, #0]
1000b5ac:	061b      	lsls	r3, r3, #24
1000b5ae:	4058      	eors	r0, r3
1000b5b0:	2308      	movs	r3, #8
1000b5b2:	0005      	movs	r5, r0
1000b5b4:	0040      	lsls	r0, r0, #1
1000b5b6:	2d00      	cmp	r5, #0
1000b5b8:	da00      	bge.n	1000b5bc <Crc32ABufSlow+0x20>
1000b5ba:	4060      	eors	r0, r4
1000b5bc:	3b01      	subs	r3, #1
1000b5be:	2b00      	cmp	r3, #0
1000b5c0:	d1f7      	bne.n	1000b5b2 <Crc32ABufSlow+0x16>
1000b5c2:	3101      	adds	r1, #1
1000b5c4:	e7ed      	b.n	1000b5a2 <Crc32ABufSlow+0x6>
1000b5c6:	46c0      	nop			@ (mov r8, r8)
1000b5c8:	04c11db7 	.word	0x04c11db7

1000b5cc <Crc32ASlow>:
1000b5cc:	2301      	movs	r3, #1
1000b5ce:	b510      	push	{r4, lr}
1000b5d0:	000a      	movs	r2, r1
1000b5d2:	0001      	movs	r1, r0
1000b5d4:	4258      	negs	r0, r3
1000b5d6:	f7ff ffe1 	bl	1000b59c <Crc32ABufSlow>
1000b5da:	bd10      	pop	{r4, pc}

1000b5dc <Crc16ABufFast>:
1000b5dc:	b530      	push	{r4, r5, lr}
1000b5de:	25ff      	movs	r5, #255	@ 0xff
1000b5e0:	240f      	movs	r4, #15
1000b5e2:	188a      	adds	r2, r1, r2
1000b5e4:	016d      	lsls	r5, r5, #5
1000b5e6:	1a53      	subs	r3, r2, r1
1000b5e8:	2b00      	cmp	r3, #0
1000b5ea:	dc00      	bgt.n	1000b5ee <Crc16ABufFast+0x12>
1000b5ec:	bd30      	pop	{r4, r5, pc}
1000b5ee:	780b      	ldrb	r3, [r1, #0]
1000b5f0:	ba40      	rev16	r0, r0
1000b5f2:	b280      	uxth	r0, r0
1000b5f4:	4058      	eors	r0, r3
1000b5f6:	1103      	asrs	r3, r0, #4
1000b5f8:	4023      	ands	r3, r4
1000b5fa:	4043      	eors	r3, r0
1000b5fc:	b21b      	sxth	r3, r3
1000b5fe:	0318      	lsls	r0, r3, #12
1000b600:	4043      	eors	r3, r0
1000b602:	b21b      	sxth	r3, r3
1000b604:	0158      	lsls	r0, r3, #5
1000b606:	4028      	ands	r0, r5
1000b608:	4058      	eors	r0, r3
1000b60a:	b280      	uxth	r0, r0
1000b60c:	3101      	adds	r1, #1
1000b60e:	e7ea      	b.n	1000b5e6 <Crc16ABufFast+0xa>

1000b610 <Crc16AFast>:
1000b610:	b510      	push	{r4, lr}
1000b612:	000a      	movs	r2, r1
1000b614:	0001      	movs	r1, r0
1000b616:	4802      	ldr	r0, [pc, #8]	@ (1000b620 <Crc16AFast+0x10>)
1000b618:	f7ff ffe0 	bl	1000b5dc <Crc16ABufFast>
1000b61c:	bd10      	pop	{r4, pc}
1000b61e:	46c0      	nop			@ (mov r8, r8)
1000b620:	0000ffff 	.word	0x0000ffff

1000b624 <DecUNum>:
1000b624:	b5f0      	push	{r4, r5, r6, r7, lr}
1000b626:	2400      	movs	r4, #0
1000b628:	b08b      	sub	sp, #44	@ 0x2c
1000b62a:	ab06      	add	r3, sp, #24
1000b62c:	735c      	strb	r4, [r3, #13]
1000b62e:	230d      	movs	r3, #13
1000b630:	000f      	movs	r7, r1
1000b632:	0026      	movs	r6, r4
1000b634:	9203      	str	r2, [sp, #12]
1000b636:	aa06      	add	r2, sp, #24
1000b638:	189b      	adds	r3, r3, r2
1000b63a:	9005      	str	r0, [sp, #20]
1000b63c:	9301      	str	r3, [sp, #4]
1000b63e:	210a      	movs	r1, #10
1000b640:	0038      	movs	r0, r7
1000b642:	f7fc fe07 	bl	10008254 <DivU32>
1000b646:	9b01      	ldr	r3, [sp, #4]
1000b648:	9004      	str	r0, [sp, #16]
1000b64a:	210a      	movs	r1, #10
1000b64c:	0038      	movs	r0, r7
1000b64e:	1e5d      	subs	r5, r3, #1
1000b650:	f7fc fe00 	bl	10008254 <DivU32>
1000b654:	1c73      	adds	r3, r6, #1
1000b656:	3130      	adds	r1, #48	@ 0x30
1000b658:	7029      	strb	r1, [r5, #0]
1000b65a:	9302      	str	r3, [sp, #8]
1000b65c:	3401      	adds	r4, #1
1000b65e:	2f09      	cmp	r7, #9
1000b660:	d807      	bhi.n	1000b672 <DecUNum+0x4e>
1000b662:	0029      	movs	r1, r5
1000b664:	9805      	ldr	r0, [sp, #20]
1000b666:	1cb2      	adds	r2, r6, #2
1000b668:	f7fc fe8c 	bl	10008384 <__wrap___aeabi_memcpy>
1000b66c:	9802      	ldr	r0, [sp, #8]
1000b66e:	b00b      	add	sp, #44	@ 0x2c
1000b670:	bdf0      	pop	{r4, r5, r6, r7, pc}
1000b672:	2c03      	cmp	r4, #3
1000b674:	d109      	bne.n	1000b68a <DecUNum+0x66>
1000b676:	9b03      	ldr	r3, [sp, #12]
1000b678:	2b00      	cmp	r3, #0
1000b67a:	d006      	beq.n	1000b68a <DecUNum+0x66>
1000b67c:	2400      	movs	r4, #0
1000b67e:	1cb3      	adds	r3, r6, #2
1000b680:	9d01      	ldr	r5, [sp, #4]
1000b682:	9302      	str	r3, [sp, #8]
1000b684:	9b03      	ldr	r3, [sp, #12]
1000b686:	3d02      	subs	r5, #2
1000b688:	702b      	strb	r3, [r5, #0]
1000b68a:	9f04      	ldr	r7, [sp, #16]
1000b68c:	9e02      	ldr	r6, [sp, #8]
1000b68e:	9501      	str	r5, [sp, #4]
1000b690:	e7d5      	b.n	1000b63e <DecUNum+0x1a>

1000b692 <DecHexDig>:
1000b692:	230f      	movs	r3, #15
1000b694:	4003      	ands	r3, r0
1000b696:	0018      	movs	r0, r3
1000b698:	3030      	adds	r0, #48	@ 0x30
1000b69a:	2839      	cmp	r0, #57	@ 0x39
1000b69c:	d901      	bls.n	1000b6a2 <DecHexDig+0x10>
1000b69e:	3337      	adds	r3, #55	@ 0x37
1000b6a0:	0018      	movs	r0, r3
1000b6a2:	4770      	bx	lr

1000b6a4 <SelFontUpdate>:
1000b6a4:	20a0      	movs	r0, #160	@ 0xa0
1000b6a6:	4b08      	ldr	r3, [pc, #32]	@ (1000b6c8 <SelFontUpdate+0x24>)
1000b6a8:	b510      	push	{r4, lr}
1000b6aa:	6819      	ldr	r1, [r3, #0]
1000b6ac:	0040      	lsls	r0, r0, #1
1000b6ae:	f7fc fdbf 	bl	10008230 <DivS32>
1000b6b2:	4c06      	ldr	r4, [pc, #24]	@ (1000b6cc <SelFontUpdate+0x28>)
1000b6b4:	4b06      	ldr	r3, [pc, #24]	@ (1000b6d0 <SelFontUpdate+0x2c>)
1000b6b6:	7020      	strb	r0, [r4, #0]
1000b6b8:	6819      	ldr	r1, [r3, #0]
1000b6ba:	20f0      	movs	r0, #240	@ 0xf0
1000b6bc:	f7fc fdb8 	bl	10008230 <DivS32>
1000b6c0:	4c04      	ldr	r4, [pc, #16]	@ (1000b6d4 <SelFontUpdate+0x30>)
1000b6c2:	7020      	strb	r0, [r4, #0]
1000b6c4:	bd10      	pop	{r4, pc}
1000b6c6:	46c0      	nop			@ (mov r8, r8)
1000b6c8:	20000fbc 	.word	0x20000fbc
1000b6cc:	20000fb9 	.word	0x20000fb9
1000b6d0:	20000fc0 	.word	0x20000fc0
1000b6d4:	20000fb8 	.word	0x20000fb8

1000b6d8 <SelFont8x16>:
1000b6d8:	4b06      	ldr	r3, [pc, #24]	@ (1000b6f4 <SelFont8x16+0x1c>)
1000b6da:	4a07      	ldr	r2, [pc, #28]	@ (1000b6f8 <SelFont8x16+0x20>)
1000b6dc:	b510      	push	{r4, lr}
1000b6de:	601a      	str	r2, [r3, #0]
1000b6e0:	2210      	movs	r2, #16
1000b6e2:	4b06      	ldr	r3, [pc, #24]	@ (1000b6fc <SelFont8x16+0x24>)
1000b6e4:	601a      	str	r2, [r3, #0]
1000b6e6:	4b06      	ldr	r3, [pc, #24]	@ (1000b700 <SelFont8x16+0x28>)
1000b6e8:	3a08      	subs	r2, #8
1000b6ea:	601a      	str	r2, [r3, #0]
1000b6ec:	f7ff ffda 	bl	1000b6a4 <SelFontUpdate>
1000b6f0:	bd10      	pop	{r4, pc}
1000b6f2:	46c0      	nop			@ (mov r8, r8)
1000b6f4:	20000fc4 	.word	0x20000fc4
1000b6f8:	100105f0 	.word	0x100105f0
1000b6fc:	20000fc0 	.word	0x20000fc0
1000b700:	20000fbc 	.word	0x20000fbc

1000b704 <DrawRect>:
1000b704:	b5f7      	push	{r0, r1, r2, r4, r5, r6, r7, lr}
1000b706:	001d      	movs	r5, r3
1000b708:	ab08      	add	r3, sp, #32
1000b70a:	881b      	ldrh	r3, [r3, #0]
1000b70c:	0007      	movs	r7, r0
1000b70e:	000c      	movs	r4, r1
1000b710:	1e16      	subs	r6, r2, #0
1000b712:	9301      	str	r3, [sp, #4]
1000b714:	da01      	bge.n	1000b71a <DrawRect+0x16>
1000b716:	1887      	adds	r7, r0, r2
1000b718:	4256      	negs	r6, r2
1000b71a:	2d00      	cmp	r5, #0
1000b71c:	da01      	bge.n	1000b722 <DrawRect+0x1e>
1000b71e:	1964      	adds	r4, r4, r5
1000b720:	426d      	negs	r5, r5
1000b722:	2f00      	cmp	r7, #0
1000b724:	da01      	bge.n	1000b72a <DrawRect+0x26>
1000b726:	19f6      	adds	r6, r6, r7
1000b728:	2700      	movs	r7, #0
1000b72a:	22a0      	movs	r2, #160	@ 0xa0
1000b72c:	19bb      	adds	r3, r7, r6
1000b72e:	0052      	lsls	r2, r2, #1
1000b730:	4293      	cmp	r3, r2
1000b732:	dd00      	ble.n	1000b736 <DrawRect+0x32>
1000b734:	1bd6      	subs	r6, r2, r7
1000b736:	2e00      	cmp	r6, #0
1000b738:	dd24      	ble.n	1000b784 <DrawRect+0x80>
1000b73a:	2c00      	cmp	r4, #0
1000b73c:	da01      	bge.n	1000b742 <DrawRect+0x3e>
1000b73e:	192d      	adds	r5, r5, r4
1000b740:	2400      	movs	r4, #0
1000b742:	1963      	adds	r3, r4, r5
1000b744:	2bf0      	cmp	r3, #240	@ 0xf0
1000b746:	dd01      	ble.n	1000b74c <DrawRect+0x48>
1000b748:	25f0      	movs	r5, #240	@ 0xf0
1000b74a:	1b2d      	subs	r5, r5, r4
1000b74c:	2d00      	cmp	r5, #0
1000b74e:	dd19      	ble.n	1000b784 <DrawRect+0x80>
1000b750:	0032      	movs	r2, r6
1000b752:	002b      	movs	r3, r5
1000b754:	0021      	movs	r1, r4
1000b756:	0038      	movs	r0, r7
1000b758:	f002 fe44 	bl	1000e3e4 <DispDirtyRect>
1000b75c:	23a0      	movs	r3, #160	@ 0xa0
1000b75e:	005b      	lsls	r3, r3, #1
1000b760:	435c      	muls	r4, r3
1000b762:	4a09      	ldr	r2, [pc, #36]	@ (1000b788 <DrawRect+0x84>)
1000b764:	19e4      	adds	r4, r4, r7
1000b766:	1b9b      	subs	r3, r3, r6
1000b768:	0064      	lsls	r4, r4, #1
1000b76a:	18a4      	adds	r4, r4, r2
1000b76c:	005b      	lsls	r3, r3, #1
1000b76e:	0076      	lsls	r6, r6, #1
1000b770:	19a2      	adds	r2, r4, r6
1000b772:	9901      	ldr	r1, [sp, #4]
1000b774:	8021      	strh	r1, [r4, #0]
1000b776:	3402      	adds	r4, #2
1000b778:	4294      	cmp	r4, r2
1000b77a:	d1fa      	bne.n	1000b772 <DrawRect+0x6e>
1000b77c:	3d01      	subs	r5, #1
1000b77e:	18e4      	adds	r4, r4, r3
1000b780:	2d00      	cmp	r5, #0
1000b782:	d1f5      	bne.n	1000b770 <DrawRect+0x6c>
1000b784:	bdf7      	pop	{r0, r1, r2, r4, r5, r6, r7, pc}
1000b786:	46c0      	nop			@ (mov r8, r8)
1000b788:	200014b4 	.word	0x200014b4

1000b78c <DrawFrameW>:
1000b78c:	b5f0      	push	{r4, r5, r6, r7, lr}
1000b78e:	b087      	sub	sp, #28
1000b790:	001c      	movs	r4, r3
1000b792:	ab0c      	add	r3, sp, #48	@ 0x30
1000b794:	881b      	ldrh	r3, [r3, #0]
1000b796:	0007      	movs	r7, r0
1000b798:	1e15      	subs	r5, r2, #0
1000b79a:	9e0d      	ldr	r6, [sp, #52]	@ 0x34
1000b79c:	9102      	str	r1, [sp, #8]
1000b79e:	9303      	str	r3, [sp, #12]
1000b7a0:	da30      	bge.n	1000b804 <DrawFrameW+0x78>
1000b7a2:	1887      	adds	r7, r0, r2
1000b7a4:	4255      	negs	r5, r2
1000b7a6:	2c00      	cmp	r4, #0
1000b7a8:	da34      	bge.n	1000b814 <DrawFrameW+0x88>
1000b7aa:	9b02      	ldr	r3, [sp, #8]
1000b7ac:	191b      	adds	r3, r3, r4
1000b7ae:	9302      	str	r3, [sp, #8]
1000b7b0:	4264      	negs	r4, r4
1000b7b2:	1bab      	subs	r3, r5, r6
1000b7b4:	9304      	str	r3, [sp, #16]
1000b7b6:	9b03      	ldr	r3, [sp, #12]
1000b7b8:	0038      	movs	r0, r7
1000b7ba:	9902      	ldr	r1, [sp, #8]
1000b7bc:	9300      	str	r3, [sp, #0]
1000b7be:	1baa      	subs	r2, r5, r6
1000b7c0:	0033      	movs	r3, r6
1000b7c2:	f7ff ff9f 	bl	1000b704 <DrawRect>
1000b7c6:	1ba3      	subs	r3, r4, r6
1000b7c8:	9305      	str	r3, [sp, #20]
1000b7ca:	9b03      	ldr	r3, [sp, #12]
1000b7cc:	1978      	adds	r0, r7, r5
1000b7ce:	0032      	movs	r2, r6
1000b7d0:	9902      	ldr	r1, [sp, #8]
1000b7d2:	1b80      	subs	r0, r0, r6
1000b7d4:	9300      	str	r3, [sp, #0]
1000b7d6:	1ba3      	subs	r3, r4, r6
1000b7d8:	f7ff ff94 	bl	1000b704 <DrawRect>
1000b7dc:	9b02      	ldr	r3, [sp, #8]
1000b7de:	9a04      	ldr	r2, [sp, #16]
1000b7e0:	1919      	adds	r1, r3, r4
1000b7e2:	9b03      	ldr	r3, [sp, #12]
1000b7e4:	1b89      	subs	r1, r1, r6
1000b7e6:	19f0      	adds	r0, r6, r7
1000b7e8:	9300      	str	r3, [sp, #0]
1000b7ea:	0033      	movs	r3, r6
1000b7ec:	f7ff ff8a 	bl	1000b704 <DrawRect>
1000b7f0:	9b02      	ldr	r3, [sp, #8]
1000b7f2:	0032      	movs	r2, r6
1000b7f4:	18f1      	adds	r1, r6, r3
1000b7f6:	9b03      	ldr	r3, [sp, #12]
1000b7f8:	0038      	movs	r0, r7
1000b7fa:	9300      	str	r3, [sp, #0]
1000b7fc:	9b05      	ldr	r3, [sp, #20]
1000b7fe:	f7ff ff81 	bl	1000b704 <DrawRect>
1000b802:	e003      	b.n	1000b80c <DrawFrameW+0x80>
1000b804:	2c00      	cmp	r4, #0
1000b806:	da03      	bge.n	1000b810 <DrawFrameW+0x84>
1000b808:	2a00      	cmp	r2, #0
1000b80a:	d1ce      	bne.n	1000b7aa <DrawFrameW+0x1e>
1000b80c:	b007      	add	sp, #28
1000b80e:	bdf0      	pop	{r4, r5, r6, r7, pc}
1000b810:	2a00      	cmp	r2, #0
1000b812:	d0fb      	beq.n	1000b80c <DrawFrameW+0x80>
1000b814:	2c00      	cmp	r4, #0
1000b816:	d0f9      	beq.n	1000b80c <DrawFrameW+0x80>
1000b818:	e7cb      	b.n	1000b7b2 <DrawFrameW+0x26>

1000b81a <DrawClearCol>:
1000b81a:	b507      	push	{r0, r1, r2, lr}
1000b81c:	2100      	movs	r1, #0
1000b81e:	22a0      	movs	r2, #160	@ 0xa0
1000b820:	9000      	str	r0, [sp, #0]
1000b822:	23f0      	movs	r3, #240	@ 0xf0
1000b824:	0008      	movs	r0, r1
1000b826:	0052      	lsls	r2, r2, #1
1000b828:	f7ff ff6c 	bl	1000b704 <DrawRect>
1000b82c:	bd07      	pop	{r0, r1, r2, pc}

1000b82e <DrawClear>:
1000b82e:	b510      	push	{r4, lr}
1000b830:	2000      	movs	r0, #0
1000b832:	f7ff fff2 	bl	1000b81a <DrawClearCol>
1000b836:	bd10      	pop	{r4, pc}

1000b838 <DrawPoint>:
1000b838:	23a0      	movs	r3, #160	@ 0xa0
1000b83a:	b510      	push	{r4, lr}
1000b83c:	005b      	lsls	r3, r3, #1
1000b83e:	4298      	cmp	r0, r3
1000b840:	d208      	bcs.n	1000b854 <DrawPoint+0x1c>
1000b842:	29ef      	cmp	r1, #239	@ 0xef
1000b844:	d806      	bhi.n	1000b854 <DrawPoint+0x1c>
1000b846:	434b      	muls	r3, r1
1000b848:	4c03      	ldr	r4, [pc, #12]	@ (1000b858 <DrawPoint+0x20>)
1000b84a:	181b      	adds	r3, r3, r0
1000b84c:	005b      	lsls	r3, r3, #1
1000b84e:	531a      	strh	r2, [r3, r4]
1000b850:	f002 fe00 	bl	1000e454 <DispDirtyPoint>
1000b854:	bd10      	pop	{r4, pc}
1000b856:	46c0      	nop			@ (mov r8, r8)
1000b858:	200014b4 	.word	0x200014b4

1000b85c <DrawChar>:
1000b85c:	b5f0      	push	{r4, r5, r6, r7, lr}
1000b85e:	b087      	sub	sp, #28
1000b860:	9304      	str	r3, [sp, #16]
1000b862:	4b36      	ldr	r3, [pc, #216]	@ (1000b93c <DrawChar+0xe0>)
1000b864:	4f36      	ldr	r7, [pc, #216]	@ (1000b940 <DrawChar+0xe4>)
1000b866:	681b      	ldr	r3, [r3, #0]
1000b868:	9102      	str	r1, [sp, #8]
1000b86a:	181b      	adds	r3, r3, r0
1000b86c:	9300      	str	r3, [sp, #0]
1000b86e:	683b      	ldr	r3, [r7, #0]
1000b870:	9203      	str	r2, [sp, #12]
1000b872:	9301      	str	r3, [sp, #4]
1000b874:	000b      	movs	r3, r1
1000b876:	4313      	orrs	r3, r2
1000b878:	d45e      	bmi.n	1000b938 <DrawChar+0xdc>
1000b87a:	25a0      	movs	r5, #160	@ 0xa0
1000b87c:	4e31      	ldr	r6, [pc, #196]	@ (1000b944 <DrawChar+0xe8>)
1000b87e:	006d      	lsls	r5, r5, #1
1000b880:	6832      	ldr	r2, [r6, #0]
1000b882:	1853      	adds	r3, r2, r1
1000b884:	42ab      	cmp	r3, r5
1000b886:	dc57      	bgt.n	1000b938 <DrawChar+0xdc>
1000b888:	9901      	ldr	r1, [sp, #4]
1000b88a:	9b03      	ldr	r3, [sp, #12]
1000b88c:	000c      	movs	r4, r1
1000b88e:	185b      	adds	r3, r3, r1
1000b890:	2bf0      	cmp	r3, #240	@ 0xf0
1000b892:	dc3b      	bgt.n	1000b90c <DrawChar+0xb0>
1000b894:	000b      	movs	r3, r1
1000b896:	9802      	ldr	r0, [sp, #8]
1000b898:	9903      	ldr	r1, [sp, #12]
1000b89a:	f002 fda3 	bl	1000e3e4 <DispDirtyRect>
1000b89e:	9b03      	ldr	r3, [sp, #12]
1000b8a0:	9a02      	ldr	r2, [sp, #8]
1000b8a2:	436b      	muls	r3, r5
1000b8a4:	6830      	ldr	r0, [r6, #0]
1000b8a6:	189b      	adds	r3, r3, r2
1000b8a8:	4a27      	ldr	r2, [pc, #156]	@ (1000b948 <DrawChar+0xec>)
1000b8aa:	005b      	lsls	r3, r3, #1
1000b8ac:	1a2d      	subs	r5, r5, r0
1000b8ae:	189b      	adds	r3, r3, r2
1000b8b0:	006a      	lsls	r2, r5, #1
1000b8b2:	4694      	mov	ip, r2
1000b8b4:	43c2      	mvns	r2, r0
1000b8b6:	17d2      	asrs	r2, r2, #31
1000b8b8:	4002      	ands	r2, r0
1000b8ba:	683c      	ldr	r4, [r7, #0]
1000b8bc:	0052      	lsls	r2, r2, #1
1000b8be:	2c00      	cmp	r4, #0
1000b8c0:	dc01      	bgt.n	1000b8c6 <DrawChar+0x6a>
1000b8c2:	b007      	add	sp, #28
1000b8c4:	bdf0      	pop	{r4, r5, r6, r7, pc}
1000b8c6:	9d00      	ldr	r5, [sp, #0]
1000b8c8:	9900      	ldr	r1, [sp, #0]
1000b8ca:	3501      	adds	r5, #1
1000b8cc:	35ff      	adds	r5, #255	@ 0xff
1000b8ce:	9500      	str	r5, [sp, #0]
1000b8d0:	001e      	movs	r6, r3
1000b8d2:	0005      	movs	r5, r0
1000b8d4:	7809      	ldrb	r1, [r1, #0]
1000b8d6:	2d00      	cmp	r5, #0
1000b8d8:	dc03      	bgt.n	1000b8e2 <DrawChar+0x86>
1000b8da:	189b      	adds	r3, r3, r2
1000b8dc:	4463      	add	r3, ip
1000b8de:	3c01      	subs	r4, #1
1000b8e0:	e7ed      	b.n	1000b8be <DrawChar+0x62>
1000b8e2:	b24f      	sxtb	r7, r1
1000b8e4:	2f00      	cmp	r7, #0
1000b8e6:	da01      	bge.n	1000b8ec <DrawChar+0x90>
1000b8e8:	9f04      	ldr	r7, [sp, #16]
1000b8ea:	8037      	strh	r7, [r6, #0]
1000b8ec:	0049      	lsls	r1, r1, #1
1000b8ee:	3602      	adds	r6, #2
1000b8f0:	b2c9      	uxtb	r1, r1
1000b8f2:	3d01      	subs	r5, #1
1000b8f4:	e7ef      	b.n	1000b8d6 <DrawChar+0x7a>
1000b8f6:	9b00      	ldr	r3, [sp, #0]
1000b8f8:	781d      	ldrb	r5, [r3, #0]
1000b8fa:	3301      	adds	r3, #1
1000b8fc:	33ff      	adds	r3, #255	@ 0xff
1000b8fe:	9300      	str	r3, [sp, #0]
1000b900:	4b10      	ldr	r3, [pc, #64]	@ (1000b944 <DrawChar+0xe8>)
1000b902:	681f      	ldr	r7, [r3, #0]
1000b904:	003e      	movs	r6, r7
1000b906:	2e00      	cmp	r6, #0
1000b908:	dc08      	bgt.n	1000b91c <DrawChar+0xc0>
1000b90a:	3c01      	subs	r4, #1
1000b90c:	9b03      	ldr	r3, [sp, #12]
1000b90e:	9a01      	ldr	r2, [sp, #4]
1000b910:	189b      	adds	r3, r3, r2
1000b912:	1b1b      	subs	r3, r3, r4
1000b914:	9305      	str	r3, [sp, #20]
1000b916:	2c00      	cmp	r4, #0
1000b918:	dced      	bgt.n	1000b8f6 <DrawChar+0x9a>
1000b91a:	e7d2      	b.n	1000b8c2 <DrawChar+0x66>
1000b91c:	b26b      	sxtb	r3, r5
1000b91e:	2b00      	cmp	r3, #0
1000b920:	da06      	bge.n	1000b930 <DrawChar+0xd4>
1000b922:	9b02      	ldr	r3, [sp, #8]
1000b924:	9a04      	ldr	r2, [sp, #16]
1000b926:	18f8      	adds	r0, r7, r3
1000b928:	9905      	ldr	r1, [sp, #20]
1000b92a:	1b80      	subs	r0, r0, r6
1000b92c:	f7ff ff84 	bl	1000b838 <DrawPoint>
1000b930:	006d      	lsls	r5, r5, #1
1000b932:	b2ed      	uxtb	r5, r5
1000b934:	3e01      	subs	r6, #1
1000b936:	e7e6      	b.n	1000b906 <DrawChar+0xaa>
1000b938:	9c01      	ldr	r4, [sp, #4]
1000b93a:	e7e7      	b.n	1000b90c <DrawChar+0xb0>
1000b93c:	20000fc4 	.word	0x20000fc4
1000b940:	20000fc0 	.word	0x20000fc0
1000b944:	20000fbc 	.word	0x20000fbc
1000b948:	200014b4 	.word	0x200014b4

1000b94c <DrawText>:
1000b94c:	b5f8      	push	{r3, r4, r5, r6, r7, lr}
1000b94e:	000c      	movs	r4, r1
1000b950:	0016      	movs	r6, r2
1000b952:	001f      	movs	r7, r3
1000b954:	0005      	movs	r5, r0
1000b956:	3501      	adds	r5, #1
1000b958:	1e6b      	subs	r3, r5, #1
1000b95a:	7818      	ldrb	r0, [r3, #0]
1000b95c:	2800      	cmp	r0, #0
1000b95e:	d008      	beq.n	1000b972 <DrawText+0x26>
1000b960:	003b      	movs	r3, r7
1000b962:	0021      	movs	r1, r4
1000b964:	0032      	movs	r2, r6
1000b966:	f7ff ff79 	bl	1000b85c <DrawChar>
1000b96a:	4b02      	ldr	r3, [pc, #8]	@ (1000b974 <DrawText+0x28>)
1000b96c:	681b      	ldr	r3, [r3, #0]
1000b96e:	18e4      	adds	r4, r4, r3
1000b970:	e7f1      	b.n	1000b956 <DrawText+0xa>
1000b972:	bdf8      	pop	{r3, r4, r5, r6, r7, pc}
1000b974:	20000fbc 	.word	0x20000fbc

1000b978 <DrawImgPal>:
1000b978:	b5f7      	push	{r0, r1, r2, r4, r5, r6, r7, lr}
1000b97a:	9c09      	ldr	r4, [sp, #36]	@ 0x24
1000b97c:	0016      	movs	r6, r2
1000b97e:	001f      	movs	r7, r3
1000b980:	9d0a      	ldr	r5, [sp, #40]	@ 0x28
1000b982:	9000      	str	r0, [sp, #0]
1000b984:	9101      	str	r1, [sp, #4]
1000b986:	2a00      	cmp	r2, #0
1000b988:	da04      	bge.n	1000b994 <DrawImgPal+0x1c>
1000b98a:	2600      	movs	r6, #0
1000b98c:	9b08      	ldr	r3, [sp, #32]
1000b98e:	18ad      	adds	r5, r5, r2
1000b990:	1a9b      	subs	r3, r3, r2
1000b992:	9308      	str	r3, [sp, #32]
1000b994:	9b08      	ldr	r3, [sp, #32]
1000b996:	2b00      	cmp	r3, #0
1000b998:	da03      	bge.n	1000b9a2 <DrawImgPal+0x2a>
1000b99a:	18ed      	adds	r5, r5, r3
1000b99c:	1af6      	subs	r6, r6, r3
1000b99e:	2300      	movs	r3, #0
1000b9a0:	9308      	str	r3, [sp, #32]
1000b9a2:	22a0      	movs	r2, #160	@ 0xa0
1000b9a4:	9b08      	ldr	r3, [sp, #32]
1000b9a6:	0052      	lsls	r2, r2, #1
1000b9a8:	195b      	adds	r3, r3, r5
1000b9aa:	4293      	cmp	r3, r2
1000b9ac:	dd01      	ble.n	1000b9b2 <DrawImgPal+0x3a>
1000b9ae:	9b08      	ldr	r3, [sp, #32]
1000b9b0:	1ad5      	subs	r5, r2, r3
1000b9b2:	9a0c      	ldr	r2, [sp, #48]	@ 0x30
1000b9b4:	1973      	adds	r3, r6, r5
1000b9b6:	4293      	cmp	r3, r2
1000b9b8:	dd00      	ble.n	1000b9bc <DrawImgPal+0x44>
1000b9ba:	1b95      	subs	r5, r2, r6
1000b9bc:	2d00      	cmp	r5, #0
1000b9be:	dd42      	ble.n	1000ba46 <DrawImgPal+0xce>
1000b9c0:	2f00      	cmp	r7, #0
1000b9c2:	da04      	bge.n	1000b9ce <DrawImgPal+0x56>
1000b9c4:	9b0b      	ldr	r3, [sp, #44]	@ 0x2c
1000b9c6:	1be4      	subs	r4, r4, r7
1000b9c8:	19db      	adds	r3, r3, r7
1000b9ca:	2700      	movs	r7, #0
1000b9cc:	930b      	str	r3, [sp, #44]	@ 0x2c
1000b9ce:	2c00      	cmp	r4, #0
1000b9d0:	da04      	bge.n	1000b9dc <DrawImgPal+0x64>
1000b9d2:	9b0b      	ldr	r3, [sp, #44]	@ 0x2c
1000b9d4:	1b3f      	subs	r7, r7, r4
1000b9d6:	191b      	adds	r3, r3, r4
1000b9d8:	2400      	movs	r4, #0
1000b9da:	930b      	str	r3, [sp, #44]	@ 0x2c
1000b9dc:	9b0b      	ldr	r3, [sp, #44]	@ 0x2c
1000b9de:	18e3      	adds	r3, r4, r3
1000b9e0:	2bf0      	cmp	r3, #240	@ 0xf0
1000b9e2:	dd02      	ble.n	1000b9ea <DrawImgPal+0x72>
1000b9e4:	23f0      	movs	r3, #240	@ 0xf0
1000b9e6:	1b1b      	subs	r3, r3, r4
1000b9e8:	930b      	str	r3, [sp, #44]	@ 0x2c
1000b9ea:	9b0b      	ldr	r3, [sp, #44]	@ 0x2c
1000b9ec:	2b00      	cmp	r3, #0
1000b9ee:	dd2a      	ble.n	1000ba46 <DrawImgPal+0xce>
1000b9f0:	0021      	movs	r1, r4
1000b9f2:	002a      	movs	r2, r5
1000b9f4:	9808      	ldr	r0, [sp, #32]
1000b9f6:	f002 fcf5 	bl	1000e3e4 <DispDirtyRect>
1000b9fa:	21a0      	movs	r1, #160	@ 0xa0
1000b9fc:	0049      	lsls	r1, r1, #1
1000b9fe:	434c      	muls	r4, r1
1000ba00:	1b49      	subs	r1, r1, r5
1000ba02:	0049      	lsls	r1, r1, #1
1000ba04:	468c      	mov	ip, r1
1000ba06:	9b08      	ldr	r3, [sp, #32]
1000ba08:	9a00      	ldr	r2, [sp, #0]
1000ba0a:	18e4      	adds	r4, r4, r3
1000ba0c:	4b0e      	ldr	r3, [pc, #56]	@ (1000ba48 <DrawImgPal+0xd0>)
1000ba0e:	0064      	lsls	r4, r4, #1
1000ba10:	18e4      	adds	r4, r4, r3
1000ba12:	9b0c      	ldr	r3, [sp, #48]	@ 0x30
1000ba14:	0068      	lsls	r0, r5, #1
1000ba16:	437b      	muls	r3, r7
1000ba18:	199b      	adds	r3, r3, r6
1000ba1a:	18d3      	adds	r3, r2, r3
1000ba1c:	9a0c      	ldr	r2, [sp, #48]	@ 0x30
1000ba1e:	1b52      	subs	r2, r2, r5
1000ba20:	2100      	movs	r1, #0
1000ba22:	5c5e      	ldrb	r6, [r3, r1]
1000ba24:	9f01      	ldr	r7, [sp, #4]
1000ba26:	0076      	lsls	r6, r6, #1
1000ba28:	5bf7      	ldrh	r7, [r6, r7]
1000ba2a:	004e      	lsls	r6, r1, #1
1000ba2c:	3101      	adds	r1, #1
1000ba2e:	53a7      	strh	r7, [r4, r6]
1000ba30:	428d      	cmp	r5, r1
1000ba32:	d1f6      	bne.n	1000ba22 <DrawImgPal+0xaa>
1000ba34:	990b      	ldr	r1, [sp, #44]	@ 0x2c
1000ba36:	1824      	adds	r4, r4, r0
1000ba38:	195b      	adds	r3, r3, r5
1000ba3a:	3901      	subs	r1, #1
1000ba3c:	4464      	add	r4, ip
1000ba3e:	189b      	adds	r3, r3, r2
1000ba40:	910b      	str	r1, [sp, #44]	@ 0x2c
1000ba42:	2900      	cmp	r1, #0
1000ba44:	d1ec      	bne.n	1000ba20 <DrawImgPal+0xa8>
1000ba46:	bdf7      	pop	{r0, r1, r2, r4, r5, r6, r7, pc}
1000ba48:	200014b4 	.word	0x200014b4

1000ba4c <DrawImg4Pal>:
1000ba4c:	b5f0      	push	{r4, r5, r6, r7, lr}
1000ba4e:	b085      	sub	sp, #20
1000ba50:	0017      	movs	r7, r2
1000ba52:	001d      	movs	r5, r3
1000ba54:	9e0a      	ldr	r6, [sp, #40]	@ 0x28
1000ba56:	9c0c      	ldr	r4, [sp, #48]	@ 0x30
1000ba58:	9003      	str	r0, [sp, #12]
1000ba5a:	9102      	str	r1, [sp, #8]
1000ba5c:	2a00      	cmp	r2, #0
1000ba5e:	da02      	bge.n	1000ba66 <DrawImg4Pal+0x1a>
1000ba60:	2700      	movs	r7, #0
1000ba62:	18a4      	adds	r4, r4, r2
1000ba64:	1ab6      	subs	r6, r6, r2
1000ba66:	2e00      	cmp	r6, #0
1000ba68:	da02      	bge.n	1000ba70 <DrawImg4Pal+0x24>
1000ba6a:	19a4      	adds	r4, r4, r6
1000ba6c:	1bbf      	subs	r7, r7, r6
1000ba6e:	2600      	movs	r6, #0
1000ba70:	22a0      	movs	r2, #160	@ 0xa0
1000ba72:	1933      	adds	r3, r6, r4
1000ba74:	0052      	lsls	r2, r2, #1
1000ba76:	4293      	cmp	r3, r2
1000ba78:	dd00      	ble.n	1000ba7c <DrawImg4Pal+0x30>
1000ba7a:	1b94      	subs	r4, r2, r6
1000ba7c:	9a0e      	ldr	r2, [sp, #56]	@ 0x38
1000ba7e:	193b      	adds	r3, r7, r4
1000ba80:	4293      	cmp	r3, r2
1000ba82:	dd00      	ble.n	1000ba86 <DrawImg4Pal+0x3a>
1000ba84:	1bd4      	subs	r4, r2, r7
1000ba86:	2c00      	cmp	r4, #0
1000ba88:	dd58      	ble.n	1000bb3c <DrawImg4Pal+0xf0>
1000ba8a:	2d00      	cmp	r5, #0
1000ba8c:	da06      	bge.n	1000ba9c <DrawImg4Pal+0x50>
1000ba8e:	9b0d      	ldr	r3, [sp, #52]	@ 0x34
1000ba90:	195b      	adds	r3, r3, r5
1000ba92:	930d      	str	r3, [sp, #52]	@ 0x34
1000ba94:	9b0b      	ldr	r3, [sp, #44]	@ 0x2c
1000ba96:	1b5b      	subs	r3, r3, r5
1000ba98:	2500      	movs	r5, #0
1000ba9a:	930b      	str	r3, [sp, #44]	@ 0x2c
1000ba9c:	9b0b      	ldr	r3, [sp, #44]	@ 0x2c
1000ba9e:	2b00      	cmp	r3, #0
1000baa0:	da07      	bge.n	1000bab2 <DrawImg4Pal+0x66>
1000baa2:	9a0b      	ldr	r2, [sp, #44]	@ 0x2c
1000baa4:	9b0d      	ldr	r3, [sp, #52]	@ 0x34
1000baa6:	4694      	mov	ip, r2
1000baa8:	4463      	add	r3, ip
1000baaa:	930d      	str	r3, [sp, #52]	@ 0x34
1000baac:	2300      	movs	r3, #0
1000baae:	1aad      	subs	r5, r5, r2
1000bab0:	930b      	str	r3, [sp, #44]	@ 0x2c
1000bab2:	9b0b      	ldr	r3, [sp, #44]	@ 0x2c
1000bab4:	9a0d      	ldr	r2, [sp, #52]	@ 0x34
1000bab6:	189b      	adds	r3, r3, r2
1000bab8:	2bf0      	cmp	r3, #240	@ 0xf0
1000baba:	dd03      	ble.n	1000bac4 <DrawImg4Pal+0x78>
1000babc:	23f0      	movs	r3, #240	@ 0xf0
1000babe:	9a0b      	ldr	r2, [sp, #44]	@ 0x2c
1000bac0:	1a9b      	subs	r3, r3, r2
1000bac2:	930d      	str	r3, [sp, #52]	@ 0x34
1000bac4:	9b0d      	ldr	r3, [sp, #52]	@ 0x34
1000bac6:	2b00      	cmp	r3, #0
1000bac8:	dd38      	ble.n	1000bb3c <DrawImg4Pal+0xf0>
1000baca:	0022      	movs	r2, r4
1000bacc:	990b      	ldr	r1, [sp, #44]	@ 0x2c
1000bace:	0030      	movs	r0, r6
1000bad0:	f002 fc88 	bl	1000e3e4 <DispDirtyRect>
1000bad4:	9b0e      	ldr	r3, [sp, #56]	@ 0x38
1000bad6:	9a0b      	ldr	r2, [sp, #44]	@ 0x2c
1000bad8:	3301      	adds	r3, #1
1000bada:	0fd9      	lsrs	r1, r3, #31
1000badc:	18c9      	adds	r1, r1, r3
1000bade:	23a0      	movs	r3, #160	@ 0xa0
1000bae0:	005b      	lsls	r3, r3, #1
1000bae2:	4353      	muls	r3, r2
1000bae4:	1049      	asrs	r1, r1, #1
1000bae6:	434d      	muls	r5, r1
1000bae8:	4a17      	ldr	r2, [pc, #92]	@ (1000bb48 <DrawImg4Pal+0xfc>)
1000baea:	199b      	adds	r3, r3, r6
1000baec:	005b      	lsls	r3, r3, #1
1000baee:	189b      	adds	r3, r3, r2
1000baf0:	107a      	asrs	r2, r7, #1
1000baf2:	1955      	adds	r5, r2, r5
1000baf4:	9a03      	ldr	r2, [sp, #12]
1000baf6:	9301      	str	r3, [sp, #4]
1000baf8:	1955      	adds	r5, r2, r5
1000bafa:	19e2      	adds	r2, r4, r7
1000bafc:	9203      	str	r2, [sp, #12]
1000bafe:	2201      	movs	r2, #1
1000bb00:	4694      	mov	ip, r2
1000bb02:	002e      	movs	r6, r5
1000bb04:	0038      	movs	r0, r7
1000bb06:	9c01      	ldr	r4, [sp, #4]
1000bb08:	4663      	mov	r3, ip
1000bb0a:	7832      	ldrb	r2, [r6, #0]
1000bb0c:	4218      	tst	r0, r3
1000bb0e:	d117      	bne.n	1000bb40 <DrawImg4Pal+0xf4>
1000bb10:	0912      	lsrs	r2, r2, #4
1000bb12:	9b02      	ldr	r3, [sp, #8]
1000bb14:	0052      	lsls	r2, r2, #1
1000bb16:	5ad2      	ldrh	r2, [r2, r3]
1000bb18:	9b03      	ldr	r3, [sp, #12]
1000bb1a:	3001      	adds	r0, #1
1000bb1c:	8022      	strh	r2, [r4, #0]
1000bb1e:	3402      	adds	r4, #2
1000bb20:	4283      	cmp	r3, r0
1000bb22:	d1f1      	bne.n	1000bb08 <DrawImg4Pal+0xbc>
1000bb24:	23a0      	movs	r3, #160	@ 0xa0
1000bb26:	9a0d      	ldr	r2, [sp, #52]	@ 0x34
1000bb28:	009b      	lsls	r3, r3, #2
1000bb2a:	3a01      	subs	r2, #1
1000bb2c:	920d      	str	r2, [sp, #52]	@ 0x34
1000bb2e:	9a01      	ldr	r2, [sp, #4]
1000bb30:	186d      	adds	r5, r5, r1
1000bb32:	18d3      	adds	r3, r2, r3
1000bb34:	9301      	str	r3, [sp, #4]
1000bb36:	9b0d      	ldr	r3, [sp, #52]	@ 0x34
1000bb38:	2b00      	cmp	r3, #0
1000bb3a:	d1e2      	bne.n	1000bb02 <DrawImg4Pal+0xb6>
1000bb3c:	b005      	add	sp, #20
1000bb3e:	bdf0      	pop	{r4, r5, r6, r7, pc}
1000bb40:	230f      	movs	r3, #15
1000bb42:	3601      	adds	r6, #1
1000bb44:	401a      	ands	r2, r3
1000bb46:	e7e4      	b.n	1000bb12 <DrawImg4Pal+0xc6>
1000bb48:	200014b4 	.word	0x200014b4

1000bb4c <DrawScrollRect>:
1000bb4c:	b5f0      	push	{r4, r5, r6, r7, lr}
1000bb4e:	b087      	sub	sp, #28
1000bb50:	001c      	movs	r4, r3
1000bb52:	ab0c      	add	r3, sp, #48	@ 0x30
1000bb54:	0017      	movs	r7, r2
1000bb56:	cb04      	ldmia	r3!, {r2}
1000bb58:	0006      	movs	r6, r0
1000bb5a:	881b      	ldrh	r3, [r3, #0]
1000bb5c:	000d      	movs	r5, r1
1000bb5e:	9202      	str	r2, [sp, #8]
1000bb60:	9305      	str	r3, [sp, #20]
1000bb62:	2800      	cmp	r0, #0
1000bb64:	da01      	bge.n	1000bb6a <DrawScrollRect+0x1e>
1000bb66:	2600      	movs	r6, #0
1000bb68:	183f      	adds	r7, r7, r0
1000bb6a:	22a0      	movs	r2, #160	@ 0xa0
1000bb6c:	19f3      	adds	r3, r6, r7
1000bb6e:	0052      	lsls	r2, r2, #1
1000bb70:	4293      	cmp	r3, r2
1000bb72:	dd00      	ble.n	1000bb76 <DrawScrollRect+0x2a>
1000bb74:	1b97      	subs	r7, r2, r6
1000bb76:	2f00      	cmp	r7, #0
1000bb78:	dd4c      	ble.n	1000bc14 <DrawScrollRect+0xc8>
1000bb7a:	2d00      	cmp	r5, #0
1000bb7c:	da01      	bge.n	1000bb82 <DrawScrollRect+0x36>
1000bb7e:	1964      	adds	r4, r4, r5
1000bb80:	2500      	movs	r5, #0
1000bb82:	192b      	adds	r3, r5, r4
1000bb84:	2bf0      	cmp	r3, #240	@ 0xf0
1000bb86:	dd01      	ble.n	1000bb8c <DrawScrollRect+0x40>
1000bb88:	24f0      	movs	r4, #240	@ 0xf0
1000bb8a:	1b64      	subs	r4, r4, r5
1000bb8c:	2c00      	cmp	r4, #0
1000bb8e:	dd41      	ble.n	1000bc14 <DrawScrollRect+0xc8>
1000bb90:	0023      	movs	r3, r4
1000bb92:	003a      	movs	r2, r7
1000bb94:	0029      	movs	r1, r5
1000bb96:	0030      	movs	r0, r6
1000bb98:	f002 fc24 	bl	1000e3e4 <DispDirtyRect>
1000bb9c:	9b02      	ldr	r3, [sp, #8]
1000bb9e:	9401      	str	r4, [sp, #4]
1000bba0:	429c      	cmp	r4, r3
1000bba2:	dd00      	ble.n	1000bba6 <DrawScrollRect+0x5a>
1000bba4:	9301      	str	r3, [sp, #4]
1000bba6:	9b01      	ldr	r3, [sp, #4]
1000bba8:	2b00      	cmp	r3, #0
1000bbaa:	dd33      	ble.n	1000bc14 <DrawScrollRect+0xc8>
1000bbac:	1ae3      	subs	r3, r4, r3
1000bbae:	24a0      	movs	r4, #160	@ 0xa0
1000bbb0:	0064      	lsls	r4, r4, #1
1000bbb2:	0022      	movs	r2, r4
1000bbb4:	436a      	muls	r2, r5
1000bbb6:	9302      	str	r3, [sp, #8]
1000bbb8:	1992      	adds	r2, r2, r6
1000bbba:	4b1d      	ldr	r3, [pc, #116]	@ (1000bc30 <DrawScrollRect+0xe4>)
1000bbbc:	0052      	lsls	r2, r2, #1
1000bbbe:	18d2      	adds	r2, r2, r3
1000bbc0:	9204      	str	r2, [sp, #16]
1000bbc2:	9a01      	ldr	r2, [sp, #4]
1000bbc4:	1955      	adds	r5, r2, r5
1000bbc6:	436c      	muls	r4, r5
1000bbc8:	19a4      	adds	r4, r4, r6
1000bbca:	0064      	lsls	r4, r4, #1
1000bbcc:	18e4      	adds	r4, r4, r3
1000bbce:	9e04      	ldr	r6, [sp, #16]
1000bbd0:	007b      	lsls	r3, r7, #1
1000bbd2:	9d02      	ldr	r5, [sp, #8]
1000bbd4:	9303      	str	r3, [sp, #12]
1000bbd6:	2d00      	cmp	r5, #0
1000bbd8:	dc1e      	bgt.n	1000bc18 <DrawScrollRect+0xcc>
1000bbda:	9b02      	ldr	r3, [sp, #8]
1000bbdc:	9a02      	ldr	r2, [sp, #8]
1000bbde:	43db      	mvns	r3, r3
1000bbe0:	17db      	asrs	r3, r3, #31
1000bbe2:	4013      	ands	r3, r2
1000bbe4:	22a0      	movs	r2, #160	@ 0xa0
1000bbe6:	0092      	lsls	r2, r2, #2
1000bbe8:	4353      	muls	r3, r2
1000bbea:	9a04      	ldr	r2, [sp, #16]
1000bbec:	18d3      	adds	r3, r2, r3
1000bbee:	22a0      	movs	r2, #160	@ 0xa0
1000bbf0:	0052      	lsls	r2, r2, #1
1000bbf2:	1bd2      	subs	r2, r2, r7
1000bbf4:	0052      	lsls	r2, r2, #1
1000bbf6:	9903      	ldr	r1, [sp, #12]
1000bbf8:	1859      	adds	r1, r3, r1
1000bbfa:	9805      	ldr	r0, [sp, #20]
1000bbfc:	8018      	strh	r0, [r3, #0]
1000bbfe:	3302      	adds	r3, #2
1000bc00:	428b      	cmp	r3, r1
1000bc02:	d1fa      	bne.n	1000bbfa <DrawScrollRect+0xae>
1000bc04:	9901      	ldr	r1, [sp, #4]
1000bc06:	189b      	adds	r3, r3, r2
1000bc08:	3901      	subs	r1, #1
1000bc0a:	9101      	str	r1, [sp, #4]
1000bc0c:	2900      	cmp	r1, #0
1000bc0e:	d1f2      	bne.n	1000bbf6 <DrawScrollRect+0xaa>
1000bc10:	f002 fc46 	bl	1000e4a0 <DispUpdate>
1000bc14:	b007      	add	sp, #28
1000bc16:	bdf0      	pop	{r4, r5, r6, r7, pc}
1000bc18:	0021      	movs	r1, r4
1000bc1a:	0030      	movs	r0, r6
1000bc1c:	9a03      	ldr	r2, [sp, #12]
1000bc1e:	f7fc fbb1 	bl	10008384 <__wrap___aeabi_memcpy>
1000bc22:	23a0      	movs	r3, #160	@ 0xa0
1000bc24:	009b      	lsls	r3, r3, #2
1000bc26:	18e4      	adds	r4, r4, r3
1000bc28:	18f6      	adds	r6, r6, r3
1000bc2a:	3d01      	subs	r5, #1
1000bc2c:	e7d3      	b.n	1000bbd6 <DrawScrollRect+0x8a>
1000bc2e:	46c0      	nop			@ (mov r8, r8)
1000bc30:	200014b4 	.word	0x200014b4

1000bc34 <EventRingInit>:
1000bc34:	6042      	str	r2, [r0, #4]
1000bc36:	2200      	movs	r2, #0
1000bc38:	6082      	str	r2, [r0, #8]
1000bc3a:	6001      	str	r1, [r0, #0]
1000bc3c:	60c2      	str	r2, [r0, #12]
1000bc3e:	6103      	str	r3, [r0, #16]
1000bc40:	4770      	bx	lr

1000bc42 <EventRingClear>:
1000bc42:	2300      	movs	r3, #0
1000bc44:	6083      	str	r3, [r0, #8]
1000bc46:	60c3      	str	r3, [r0, #12]
1000bc48:	f3bf 8f5f 	dmb	sy
1000bc4c:	4770      	bx	lr
	...

1000bc50 <EventRingWrite>:
1000bc50:	b570      	push	{r4, r5, r6, lr}
1000bc52:	0004      	movs	r4, r0
1000bc54:	f3ef 8510 	mrs	r5, PRIMASK
1000bc58:	b672      	cpsid	i
1000bc5a:	6903      	ldr	r3, [r0, #16]
1000bc5c:	2b00      	cmp	r3, #0
1000bc5e:	db07      	blt.n	1000bc70 <EventRingWrite+0x20>
1000bc60:	4a1c      	ldr	r2, [pc, #112]	@ (1000bcd4 <EventRingWrite+0x84>)
1000bc62:	009b      	lsls	r3, r3, #2
1000bc64:	189b      	adds	r3, r3, r2
1000bc66:	681a      	ldr	r2, [r3, #0]
1000bc68:	2a00      	cmp	r2, #0
1000bc6a:	d0fc      	beq.n	1000bc66 <EventRingWrite+0x16>
1000bc6c:	f3bf 8f5f 	dmb	sy
1000bc70:	68a0      	ldr	r0, [r4, #8]
1000bc72:	6863      	ldr	r3, [r4, #4]
1000bc74:	1c46      	adds	r6, r0, #1
1000bc76:	429e      	cmp	r6, r3
1000bc78:	419b      	sbcs	r3, r3
1000bc7a:	401e      	ands	r6, r3
1000bc7c:	f3bf 8f5f 	dmb	sy
1000bc80:	68e3      	ldr	r3, [r4, #12]
1000bc82:	42b3      	cmp	r3, r6
1000bc84:	d018      	beq.n	1000bcb8 <EventRingWrite+0x68>
1000bc86:	6823      	ldr	r3, [r4, #0]
1000bc88:	0100      	lsls	r0, r0, #4
1000bc8a:	2210      	movs	r2, #16
1000bc8c:	1818      	adds	r0, r3, r0
1000bc8e:	f7fc fb79 	bl	10008384 <__wrap___aeabi_memcpy>
1000bc92:	f3bf 8f5f 	dmb	sy
1000bc96:	60a6      	str	r6, [r4, #8]
1000bc98:	f3bf 8f5f 	dmb	sy
1000bc9c:	6923      	ldr	r3, [r4, #16]
1000bc9e:	2b00      	cmp	r3, #0
1000bca0:	db06      	blt.n	1000bcb0 <EventRingWrite+0x60>
1000bca2:	f3bf 8f5f 	dmb	sy
1000bca6:	4a0b      	ldr	r2, [pc, #44]	@ (1000bcd4 <EventRingWrite+0x84>)
1000bca8:	009b      	lsls	r3, r3, #2
1000bcaa:	189b      	adds	r3, r3, r2
1000bcac:	2200      	movs	r2, #0
1000bcae:	601a      	str	r2, [r3, #0]
1000bcb0:	f385 8810 	msr	PRIMASK, r5
1000bcb4:	2001      	movs	r0, #1
1000bcb6:	bd70      	pop	{r4, r5, r6, pc}
1000bcb8:	6923      	ldr	r3, [r4, #16]
1000bcba:	2b00      	cmp	r3, #0
1000bcbc:	db06      	blt.n	1000bccc <EventRingWrite+0x7c>
1000bcbe:	f3bf 8f5f 	dmb	sy
1000bcc2:	4a04      	ldr	r2, [pc, #16]	@ (1000bcd4 <EventRingWrite+0x84>)
1000bcc4:	009b      	lsls	r3, r3, #2
1000bcc6:	189b      	adds	r3, r3, r2
1000bcc8:	2200      	movs	r2, #0
1000bcca:	601a      	str	r2, [r3, #0]
1000bccc:	f385 8810 	msr	PRIMASK, r5
1000bcd0:	2000      	movs	r0, #0
1000bcd2:	e7f0      	b.n	1000bcb6 <EventRingWrite+0x66>
1000bcd4:	d0000100 	.word	0xd0000100

1000bcd8 <EventRingRead>:
1000bcd8:	b570      	push	{r4, r5, r6, lr}
1000bcda:	0004      	movs	r4, r0
1000bcdc:	0008      	movs	r0, r1
1000bcde:	f3ef 8610 	mrs	r6, PRIMASK
1000bce2:	b672      	cpsid	i
1000bce4:	6923      	ldr	r3, [r4, #16]
1000bce6:	2b00      	cmp	r3, #0
1000bce8:	db07      	blt.n	1000bcfa <EventRingRead+0x22>
1000bcea:	4a1d      	ldr	r2, [pc, #116]	@ (1000bd60 <EventRingRead+0x88>)
1000bcec:	009b      	lsls	r3, r3, #2
1000bcee:	189b      	adds	r3, r3, r2
1000bcf0:	681a      	ldr	r2, [r3, #0]
1000bcf2:	2a00      	cmp	r2, #0
1000bcf4:	d0fc      	beq.n	1000bcf0 <EventRingRead+0x18>
1000bcf6:	f3bf 8f5f 	dmb	sy
1000bcfa:	f3bf 8f5f 	dmb	sy
1000bcfe:	68e5      	ldr	r5, [r4, #12]
1000bd00:	68a3      	ldr	r3, [r4, #8]
1000bd02:	42ab      	cmp	r3, r5
1000bd04:	d10d      	bne.n	1000bd22 <EventRingRead+0x4a>
1000bd06:	6923      	ldr	r3, [r4, #16]
1000bd08:	2b00      	cmp	r3, #0
1000bd0a:	db06      	blt.n	1000bd1a <EventRingRead+0x42>
1000bd0c:	f3bf 8f5f 	dmb	sy
1000bd10:	4a13      	ldr	r2, [pc, #76]	@ (1000bd60 <EventRingRead+0x88>)
1000bd12:	009b      	lsls	r3, r3, #2
1000bd14:	189b      	adds	r3, r3, r2
1000bd16:	2200      	movs	r2, #0
1000bd18:	601a      	str	r2, [r3, #0]
1000bd1a:	f386 8810 	msr	PRIMASK, r6
1000bd1e:	2000      	movs	r0, #0
1000bd20:	bd70      	pop	{r4, r5, r6, pc}
1000bd22:	6821      	ldr	r1, [r4, #0]
1000bd24:	012b      	lsls	r3, r5, #4
1000bd26:	2210      	movs	r2, #16
1000bd28:	18c9      	adds	r1, r1, r3
1000bd2a:	f7fc fb2b 	bl	10008384 <__wrap___aeabi_memcpy>
1000bd2e:	6862      	ldr	r2, [r4, #4]
1000bd30:	3501      	adds	r5, #1
1000bd32:	4295      	cmp	r5, r2
1000bd34:	4192      	sbcs	r2, r2
1000bd36:	4015      	ands	r5, r2
1000bd38:	f3bf 8f5f 	dmb	sy
1000bd3c:	60e5      	str	r5, [r4, #12]
1000bd3e:	f3bf 8f5f 	dmb	sy
1000bd42:	6923      	ldr	r3, [r4, #16]
1000bd44:	2b00      	cmp	r3, #0
1000bd46:	db06      	blt.n	1000bd56 <EventRingRead+0x7e>
1000bd48:	f3bf 8f5f 	dmb	sy
1000bd4c:	4a04      	ldr	r2, [pc, #16]	@ (1000bd60 <EventRingRead+0x88>)
1000bd4e:	009b      	lsls	r3, r3, #2
1000bd50:	189b      	adds	r3, r3, r2
1000bd52:	2200      	movs	r2, #0
1000bd54:	601a      	str	r2, [r3, #0]
1000bd56:	f386 8810 	msr	PRIMASK, r6
1000bd5a:	2001      	movs	r0, #1
1000bd5c:	e7e0      	b.n	1000bd20 <EventRingRead+0x48>
1000bd5e:	46c0      	nop			@ (mov r8, r8)
1000bd60:	d0000100 	.word	0xd0000100

1000bd64 <ListInit>:
1000bd64:	6000      	str	r0, [r0, #0]
1000bd66:	6040      	str	r0, [r0, #4]
1000bd68:	4770      	bx	lr

1000bd6a <ListGetFirst>:
1000bd6a:	6800      	ldr	r0, [r0, #0]
1000bd6c:	4770      	bx	lr

1000bd6e <NumListInit>:
1000bd6e:	2300      	movs	r3, #0
1000bd70:	6000      	str	r0, [r0, #0]
1000bd72:	6040      	str	r0, [r0, #4]
1000bd74:	6083      	str	r3, [r0, #8]
1000bd76:	4770      	bx	lr

1000bd78 <NumListAddFirst>:
1000bd78:	6803      	ldr	r3, [r0, #0]
1000bd7a:	6059      	str	r1, [r3, #4]
1000bd7c:	600b      	str	r3, [r1, #0]
1000bd7e:	6883      	ldr	r3, [r0, #8]
1000bd80:	6048      	str	r0, [r1, #4]
1000bd82:	3301      	adds	r3, #1
1000bd84:	6001      	str	r1, [r0, #0]
1000bd86:	6083      	str	r3, [r0, #8]
1000bd88:	4770      	bx	lr
	...

1000bd8c <MemInit>:
1000bd8c:	b5f8      	push	{r3, r4, r5, r6, r7, lr}
1000bd8e:	4f14      	ldr	r7, [pc, #80]	@ (1000bde0 <MemInit+0x54>)
1000bd90:	2608      	movs	r6, #8
1000bd92:	0038      	movs	r0, r7
1000bd94:	f7ff ffeb 	bl	1000bd6e <NumListInit>
1000bd98:	4b12      	ldr	r3, [pc, #72]	@ (1000bde4 <MemInit+0x58>)
1000bd9a:	4a13      	ldr	r2, [pc, #76]	@ (1000bde8 <MemInit+0x5c>)
1000bd9c:	4913      	ldr	r1, [pc, #76]	@ (1000bdec <MemInit+0x60>)
1000bd9e:	1ad2      	subs	r2, r2, r3
1000bda0:	0010      	movs	r0, r2
1000bda2:	3818      	subs	r0, #24
1000bda4:	6008      	str	r0, [r1, #0]
1000bda6:	2100      	movs	r1, #0
1000bda8:	001c      	movs	r4, r3
1000bdaa:	4811      	ldr	r0, [pc, #68]	@ (1000bdf0 <MemInit+0x64>)
1000bdac:	3408      	adds	r4, #8
1000bdae:	6001      	str	r1, [r0, #0]
1000bdb0:	4810      	ldr	r0, [pc, #64]	@ (1000bdf4 <MemInit+0x68>)
1000bdb2:	7019      	strb	r1, [r3, #0]
1000bdb4:	6001      	str	r1, [r0, #0]
1000bdb6:	7059      	strb	r1, [r3, #1]
1000bdb8:	7099      	strb	r1, [r3, #2]
1000bdba:	70d9      	strb	r1, [r3, #3]
1000bdbc:	3901      	subs	r1, #1
1000bdbe:	7159      	strb	r1, [r3, #5]
1000bdc0:	7199      	strb	r1, [r3, #6]
1000bdc2:	71d9      	strb	r1, [r3, #7]
1000bdc4:	0021      	movs	r1, r4
1000bdc6:	3a10      	subs	r2, #16
1000bdc8:	4276      	negs	r6, r6
1000bdca:	711e      	strb	r6, [r3, #4]
1000bdcc:	0038      	movs	r0, r7
1000bdce:	18a5      	adds	r5, r4, r2
1000bdd0:	609b      	str	r3, [r3, #8]
1000bdd2:	3108      	adds	r1, #8
1000bdd4:	6062      	str	r2, [r4, #4]
1000bdd6:	f7ff ffcf 	bl	1000bd78 <NumListAddFirst>
1000bdda:	c550      	stmia	r5!, {r4, r6}
1000bddc:	bdf8      	pop	{r3, r4, r5, r6, r7, pc}
1000bdde:	46c0      	nop			@ (mov r8, r8)
1000bde0:	20026cd4 	.word	0x20026cd4
1000bde4:	200286c0 	.word	0x200286c0
1000bde8:	20040000 	.word	0x20040000
1000bdec:	20026ce0 	.word	0x20026ce0
1000bdf0:	20026cf0 	.word	0x20026cf0
1000bdf4:	20026cec 	.word	0x20026cec

1000bdf8 <StreamPrintArg>:
1000bdf8:	b5f0      	push	{r4, r5, r6, r7, lr}
1000bdfa:	68cb      	ldr	r3, [r1, #12]
1000bdfc:	b0b1      	sub	sp, #196	@ 0xc4
1000bdfe:	9006      	str	r0, [sp, #24]
1000be00:	910d      	str	r1, [sp, #52]	@ 0x34
1000be02:	9209      	str	r2, [sp, #36]	@ 0x24
1000be04:	2b00      	cmp	r3, #0
1000be06:	d001      	beq.n	1000be0c <StreamPrintArg+0x14>
1000be08:	0008      	movs	r0, r1
1000be0a:	4798      	blx	r3
1000be0c:	9b06      	ldr	r3, [sp, #24]
1000be0e:	68db      	ldr	r3, [r3, #12]
1000be10:	2b00      	cmp	r3, #0
1000be12:	d001      	beq.n	1000be18 <StreamPrintArg+0x20>
1000be14:	9806      	ldr	r0, [sp, #24]
1000be16:	4798      	blx	r3
1000be18:	2300      	movs	r3, #0
1000be1a:	9313      	str	r3, [sp, #76]	@ 0x4c
1000be1c:	ab1b      	add	r3, sp, #108	@ 0x6c
1000be1e:	9302      	str	r3, [sp, #8]
1000be20:	2300      	movs	r3, #0
1000be22:	9308      	str	r3, [sp, #32]
1000be24:	930c      	str	r3, [sp, #48]	@ 0x30
1000be26:	2500      	movs	r5, #0
1000be28:	ab1a      	add	r3, sp, #104	@ 0x68
1000be2a:	1c9c      	adds	r4, r3, #2
1000be2c:	9b0d      	ldr	r3, [sp, #52]	@ 0x34
1000be2e:	2201      	movs	r2, #1
1000be30:	699b      	ldr	r3, [r3, #24]
1000be32:	0021      	movs	r1, r4
1000be34:	980d      	ldr	r0, [sp, #52]	@ 0x34
1000be36:	7025      	strb	r5, [r4, #0]
1000be38:	4798      	blx	r3
1000be3a:	7823      	ldrb	r3, [r4, #0]
1000be3c:	42ab      	cmp	r3, r5
1000be3e:	d101      	bne.n	1000be44 <StreamPrintArg+0x4c>
1000be40:	f001 fa2f 	bl	1000d2a2 <StreamPrintArg+0x14aa>
1000be44:	2b25      	cmp	r3, #37	@ 0x25
1000be46:	d00b      	beq.n	1000be60 <StreamPrintArg+0x68>
1000be48:	aa1a      	add	r2, sp, #104	@ 0x68
1000be4a:	70d3      	strb	r3, [r2, #3]
1000be4c:	9b06      	ldr	r3, [sp, #24]
1000be4e:	1cd1      	adds	r1, r2, #3
1000be50:	695b      	ldr	r3, [r3, #20]
1000be52:	2201      	movs	r2, #1
1000be54:	9806      	ldr	r0, [sp, #24]
1000be56:	4798      	blx	r3
1000be58:	9b08      	ldr	r3, [sp, #32]
1000be5a:	3301      	adds	r3, #1
1000be5c:	9308      	str	r3, [sp, #32]
1000be5e:	e7e2      	b.n	1000be26 <StreamPrintArg+0x2e>
1000be60:	2301      	movs	r3, #1
1000be62:	425b      	negs	r3, r3
1000be64:	950a      	str	r5, [sp, #40]	@ 0x28
1000be66:	9300      	str	r3, [sp, #0]
1000be68:	950b      	str	r5, [sp, #44]	@ 0x2c
1000be6a:	9501      	str	r5, [sp, #4]
1000be6c:	9507      	str	r5, [sp, #28]
1000be6e:	9b07      	ldr	r3, [sp, #28]
1000be70:	7023      	strb	r3, [r4, #0]
1000be72:	2b00      	cmp	r3, #0
1000be74:	d105      	bne.n	1000be82 <StreamPrintArg+0x8a>
1000be76:	9b0d      	ldr	r3, [sp, #52]	@ 0x34
1000be78:	2201      	movs	r2, #1
1000be7a:	0021      	movs	r1, r4
1000be7c:	699b      	ldr	r3, [r3, #24]
1000be7e:	980d      	ldr	r0, [sp, #52]	@ 0x34
1000be80:	4798      	blx	r3
1000be82:	7823      	ldrb	r3, [r4, #0]
1000be84:	9307      	str	r3, [sp, #28]
1000be86:	2b00      	cmp	r3, #0
1000be88:	d101      	bne.n	1000be8e <StreamPrintArg+0x96>
1000be8a:	f001 f98b 	bl	1000d1a4 <StreamPrintArg+0x13ac>
1000be8e:	0018      	movs	r0, r3
1000be90:	3820      	subs	r0, #32
1000be92:	b2c3      	uxtb	r3, r0
1000be94:	2b58      	cmp	r3, #88	@ 0x58
1000be96:	d901      	bls.n	1000be9c <StreamPrintArg+0xa4>
1000be98:	f001 f96b 	bl	1000d172 <StreamPrintArg+0x137a>
1000be9c:	2858      	cmp	r0, #88	@ 0x58
1000be9e:	d901      	bls.n	1000bea4 <StreamPrintArg+0xac>
1000bea0:	f001 f967 	bl	1000d172 <StreamPrintArg+0x137a>
1000bea4:	f003 fa7c 	bl	1000f3a0 <____gnu_thumb1_case_uhi_veneer>
1000bea8:	09650061 	.word	0x09650061
1000beac:	006b0965 	.word	0x006b0965
1000beb0:	09650965 	.word	0x09650965
1000beb4:	00590965 	.word	0x00590965
1000beb8:	09650965 	.word	0x09650965
1000bebc:	096e006d 	.word	0x096e006d
1000bec0:	00770965 	.word	0x00770965
1000bec4:	09650079 	.word	0x09650079
1000bec8:	00a900a7 	.word	0x00a900a7
1000becc:	00a900a9 	.word	0x00a900a9
1000bed0:	00a900a9 	.word	0x00a900a9
1000bed4:	00a900a9 	.word	0x00a900a9
1000bed8:	00a900a9 	.word	0x00a900a9
1000bedc:	09650965 	.word	0x09650965
1000bee0:	09650965 	.word	0x09650965
1000bee4:	09650965 	.word	0x09650965
1000bee8:	09650965 	.word	0x09650965
1000beec:	096502b8 	.word	0x096502b8
1000bef0:	02b80965 	.word	0x02b80965
1000bef4:	02b802b8 	.word	0x02b802b8
1000bef8:	09650965 	.word	0x09650965
1000befc:	09650965 	.word	0x09650965
1000bf00:	01b90965 	.word	0x01b90965
1000bf04:	09650965 	.word	0x09650965
1000bf08:	096507f8 	.word	0x096507f8
1000bf0c:	09650965 	.word	0x09650965
1000bf10:	096502b8 	.word	0x096502b8
1000bf14:	09650965 	.word	0x09650965
1000bf18:	09650888 	.word	0x09650888
1000bf1c:	09650965 	.word	0x09650965
1000bf20:	09650965 	.word	0x09650965
1000bf24:	09650965 	.word	0x09650965
1000bf28:	09650965 	.word	0x09650965
1000bf2c:	00d7077b 	.word	0x00d7077b
1000bf30:	02b80293 	.word	0x02b80293
1000bf34:	02b802b8 	.word	0x02b802b8
1000bf38:	02930965 	.word	0x02930965
1000bf3c:	09650965 	.word	0x09650965
1000bf40:	00f000c2 	.word	0x00f000c2
1000bf44:	07640965 	.word	0x07640965
1000bf48:	096507fc 	.word	0x096507fc
1000bf4c:	084e0965 	.word	0x084e0965
1000bf50:	087302b8 	.word	0x087302b8
1000bf54:	09650965 	.word	0x09650965
1000bf58:	088c      	.short	0x088c
1000bf5a:	2340      	movs	r3, #64	@ 0x40
1000bf5c:	9a01      	ldr	r2, [sp, #4]
1000bf5e:	431a      	orrs	r2, r3
1000bf60:	2300      	movs	r3, #0
1000bf62:	9201      	str	r2, [sp, #4]
1000bf64:	aa1a      	add	r2, sp, #104	@ 0x68
1000bf66:	7093      	strb	r3, [r2, #2]
1000bf68:	e785      	b.n	1000be76 <StreamPrintArg+0x7e>
1000bf6a:	9a0a      	ldr	r2, [sp, #40]	@ 0x28
1000bf6c:	ab1a      	add	r3, sp, #104	@ 0x68
1000bf6e:	3302      	adds	r3, #2
1000bf70:	2a00      	cmp	r2, #0
1000bf72:	d101      	bne.n	1000bf78 <StreamPrintArg+0x180>
1000bf74:	f001 f913 	bl	1000d19e <StreamPrintArg+0x13a6>
1000bf78:	2200      	movs	r2, #0
1000bf7a:	701a      	strb	r2, [r3, #0]
1000bf7c:	e77b      	b.n	1000be76 <StreamPrintArg+0x7e>
1000bf7e:	2301      	movs	r3, #1
1000bf80:	e7ec      	b.n	1000bf5c <StreamPrintArg+0x164>
1000bf82:	9b09      	ldr	r3, [sp, #36]	@ 0x24
1000bf84:	cb04      	ldmia	r3!, {r2}
1000bf86:	920b      	str	r2, [sp, #44]	@ 0x2c
1000bf88:	2a00      	cmp	r2, #0
1000bf8a:	db01      	blt.n	1000bf90 <StreamPrintArg+0x198>
1000bf8c:	f001 f901 	bl	1000d192 <StreamPrintArg+0x139a>
1000bf90:	4252      	negs	r2, r2
1000bf92:	920b      	str	r2, [sp, #44]	@ 0x2c
1000bf94:	9309      	str	r3, [sp, #36]	@ 0x24
1000bf96:	2304      	movs	r3, #4
1000bf98:	e7e0      	b.n	1000bf5c <StreamPrintArg+0x164>
1000bf9a:	2500      	movs	r5, #0
1000bf9c:	ab1a      	add	r3, sp, #104	@ 0x68
1000bf9e:	1c9e      	adds	r6, r3, #2
1000bfa0:	709d      	strb	r5, [r3, #2]
1000bfa2:	9b0d      	ldr	r3, [sp, #52]	@ 0x34
1000bfa4:	2201      	movs	r2, #1
1000bfa6:	699b      	ldr	r3, [r3, #24]
1000bfa8:	0031      	movs	r1, r6
1000bfaa:	980d      	ldr	r0, [sp, #52]	@ 0x34
1000bfac:	4798      	blx	r3
1000bfae:	7833      	ldrb	r3, [r6, #0]
1000bfb0:	2b2a      	cmp	r3, #42	@ 0x2a
1000bfb2:	d11d      	bne.n	1000bff0 <StreamPrintArg+0x1f8>
1000bfb4:	9b09      	ldr	r3, [sp, #36]	@ 0x24
1000bfb6:	9507      	str	r5, [sp, #28]
1000bfb8:	cb04      	ldmia	r3!, {r2}
1000bfba:	920c      	str	r2, [sp, #48]	@ 0x30
1000bfbc:	9309      	str	r3, [sp, #36]	@ 0x24
1000bfbe:	9a0c      	ldr	r2, [sp, #48]	@ 0x30
1000bfc0:	17d3      	asrs	r3, r2, #31
1000bfc2:	18d2      	adds	r2, r2, r3
1000bfc4:	405a      	eors	r2, r3
1000bfc6:	9200      	str	r2, [sp, #0]
1000bfc8:	e751      	b.n	1000be6e <StreamPrintArg+0x76>
1000bfca:	9a0c      	ldr	r2, [sp, #48]	@ 0x30
1000bfcc:	0021      	movs	r1, r4
1000bfce:	436a      	muls	r2, r5
1000bfd0:	189b      	adds	r3, r3, r2
1000bfd2:	930c      	str	r3, [sp, #48]	@ 0x30
1000bfd4:	2300      	movs	r3, #0
1000bfd6:	7023      	strb	r3, [r4, #0]
1000bfd8:	9b0d      	ldr	r3, [sp, #52]	@ 0x34
1000bfda:	2201      	movs	r2, #1
1000bfdc:	699b      	ldr	r3, [r3, #24]
1000bfde:	980d      	ldr	r0, [sp, #52]	@ 0x34
1000bfe0:	4798      	blx	r3
1000bfe2:	7823      	ldrb	r3, [r4, #0]
1000bfe4:	9307      	str	r3, [sp, #28]
1000bfe6:	3b30      	subs	r3, #48	@ 0x30
1000bfe8:	b2da      	uxtb	r2, r3
1000bfea:	2a09      	cmp	r2, #9
1000bfec:	d9ed      	bls.n	1000bfca <StreamPrintArg+0x1d2>
1000bfee:	e7e6      	b.n	1000bfbe <StreamPrintArg+0x1c6>
1000bff0:	950c      	str	r5, [sp, #48]	@ 0x30
1000bff2:	250a      	movs	r5, #10
1000bff4:	e7f5      	b.n	1000bfe2 <StreamPrintArg+0x1ea>
1000bff6:	2310      	movs	r3, #16
1000bff8:	e7b0      	b.n	1000bf5c <StreamPrintArg+0x164>
1000bffa:	2300      	movs	r3, #0
1000bffc:	250a      	movs	r5, #10
1000bffe:	930c      	str	r3, [sp, #48]	@ 0x30
1000c000:	9b0c      	ldr	r3, [sp, #48]	@ 0x30
1000c002:	9a07      	ldr	r2, [sp, #28]
1000c004:	436b      	muls	r3, r5
1000c006:	3a30      	subs	r2, #48	@ 0x30
1000c008:	18d3      	adds	r3, r2, r3
1000c00a:	930c      	str	r3, [sp, #48]	@ 0x30
1000c00c:	2300      	movs	r3, #0
1000c00e:	7023      	strb	r3, [r4, #0]
1000c010:	9b0d      	ldr	r3, [sp, #52]	@ 0x34
1000c012:	2201      	movs	r2, #1
1000c014:	699b      	ldr	r3, [r3, #24]
1000c016:	0021      	movs	r1, r4
1000c018:	980d      	ldr	r0, [sp, #52]	@ 0x34
1000c01a:	4798      	blx	r3
1000c01c:	7823      	ldrb	r3, [r4, #0]
1000c01e:	9307      	str	r3, [sp, #28]
1000c020:	3b30      	subs	r3, #48	@ 0x30
1000c022:	2b09      	cmp	r3, #9
1000c024:	d9ec      	bls.n	1000c000 <StreamPrintArg+0x208>
1000c026:	9b0c      	ldr	r3, [sp, #48]	@ 0x30
1000c028:	930b      	str	r3, [sp, #44]	@ 0x2c
1000c02a:	e720      	b.n	1000be6e <StreamPrintArg+0x76>
1000c02c:	2600      	movs	r6, #0
1000c02e:	ab1a      	add	r3, sp, #104	@ 0x68
1000c030:	1c9d      	adds	r5, r3, #2
1000c032:	709e      	strb	r6, [r3, #2]
1000c034:	9b0d      	ldr	r3, [sp, #52]	@ 0x34
1000c036:	2201      	movs	r2, #1
1000c038:	699b      	ldr	r3, [r3, #24]
1000c03a:	0029      	movs	r1, r5
1000c03c:	980d      	ldr	r0, [sp, #52]	@ 0x34
1000c03e:	4798      	blx	r3
1000c040:	782b      	ldrb	r3, [r5, #0]
1000c042:	9307      	str	r3, [sp, #28]
1000c044:	2b6c      	cmp	r3, #108	@ 0x6c
1000c046:	d000      	beq.n	1000c04a <StreamPrintArg+0x252>
1000c048:	e711      	b.n	1000be6e <StreamPrintArg+0x76>
1000c04a:	9a01      	ldr	r2, [sp, #4]
1000c04c:	3b64      	subs	r3, #100	@ 0x64
1000c04e:	431a      	orrs	r2, r3
1000c050:	9201      	str	r2, [sp, #4]
1000c052:	702e      	strb	r6, [r5, #0]
1000c054:	e70f      	b.n	1000be76 <StreamPrintArg+0x7e>
1000c056:	9b01      	ldr	r3, [sp, #4]
1000c058:	071b      	lsls	r3, r3, #28
1000c05a:	d510      	bpl.n	1000c07e <StreamPrintArg+0x286>
1000c05c:	2207      	movs	r2, #7
1000c05e:	9b09      	ldr	r3, [sp, #36]	@ 0x24
1000c060:	3307      	adds	r3, #7
1000c062:	4393      	bics	r3, r2
1000c064:	001a      	movs	r2, r3
1000c066:	681b      	ldr	r3, [r3, #0]
1000c068:	3208      	adds	r2, #8
1000c06a:	9209      	str	r2, [sp, #36]	@ 0x24
1000c06c:	b2db      	uxtb	r3, r3
1000c06e:	aa1b      	add	r2, sp, #108	@ 0x6c
1000c070:	7013      	strb	r3, [r2, #0]
1000c072:	2300      	movs	r3, #0
1000c074:	9202      	str	r2, [sp, #8]
1000c076:	9300      	str	r3, [sp, #0]
1000c078:	930a      	str	r3, [sp, #40]	@ 0x28
1000c07a:	2501      	movs	r5, #1
1000c07c:	e207      	b.n	1000c48e <StreamPrintArg+0x696>
1000c07e:	9a09      	ldr	r2, [sp, #36]	@ 0x24
1000c080:	ca08      	ldmia	r2!, {r3}
1000c082:	b2db      	uxtb	r3, r3
1000c084:	9209      	str	r2, [sp, #36]	@ 0x24
1000c086:	e7f2      	b.n	1000c06e <StreamPrintArg+0x276>
1000c088:	9f09      	ldr	r7, [sp, #36]	@ 0x24
1000c08a:	cf08      	ldmia	r7!, {r3}
1000c08c:	930a      	str	r3, [sp, #40]	@ 0x28
1000c08e:	2b00      	cmp	r3, #0
1000c090:	d101      	bne.n	1000c096 <StreamPrintArg+0x29e>
1000c092:	f000 ff69 	bl	1000cf68 <StreamPrintArg+0x1170>
1000c096:	9b00      	ldr	r3, [sp, #0]
1000c098:	3301      	adds	r3, #1
1000c09a:	d101      	bne.n	1000c0a0 <StreamPrintArg+0x2a8>
1000c09c:	2308      	movs	r3, #8
1000c09e:	9300      	str	r3, [sp, #0]
1000c0a0:	9b0b      	ldr	r3, [sp, #44]	@ 0x2c
1000c0a2:	2b00      	cmp	r3, #0
1000c0a4:	dc01      	bgt.n	1000c0aa <StreamPrintArg+0x2b2>
1000c0a6:	2310      	movs	r3, #16
1000c0a8:	930b      	str	r3, [sp, #44]	@ 0x2c
1000c0aa:	9b00      	ldr	r3, [sp, #0]
1000c0ac:	2401      	movs	r4, #1
1000c0ae:	9307      	str	r3, [sp, #28]
1000c0b0:	2300      	movs	r3, #0
1000c0b2:	9309      	str	r3, [sp, #36]	@ 0x24
1000c0b4:	9b07      	ldr	r3, [sp, #28]
1000c0b6:	2b00      	cmp	r3, #0
1000c0b8:	d106      	bne.n	1000c0c8 <StreamPrintArg+0x2d0>
1000c0ba:	2300      	movs	r3, #0
1000c0bc:	9709      	str	r7, [sp, #36]	@ 0x24
1000c0be:	930b      	str	r3, [sp, #44]	@ 0x2c
1000c0c0:	9300      	str	r3, [sp, #0]
1000c0c2:	930a      	str	r3, [sp, #40]	@ 0x28
1000c0c4:	f001 f870 	bl	1000d1a8 <StreamPrintArg+0x13b0>
1000c0c8:	9a00      	ldr	r2, [sp, #0]
1000c0ca:	9b0a      	ldr	r3, [sp, #40]	@ 0x28
1000c0cc:	189b      	adds	r3, r3, r2
1000c0ce:	9a07      	ldr	r2, [sp, #28]
1000c0d0:	4252      	negs	r2, r2
1000c0d2:	5c9d      	ldrb	r5, [r3, r2]
1000c0d4:	9b01      	ldr	r3, [sp, #4]
1000c0d6:	4223      	tst	r3, r4
1000c0d8:	d04b      	beq.n	1000c172 <StreamPrintArg+0x37a>
1000c0da:	0029      	movs	r1, r5
1000c0dc:	2200      	movs	r2, #0
1000c0de:	a81b      	add	r0, sp, #108	@ 0x6c
1000c0e0:	f7ff faa0 	bl	1000b624 <DecUNum>
1000c0e4:	2600      	movs	r6, #0
1000c0e6:	0005      	movs	r5, r0
1000c0e8:	42ae      	cmp	r6, r5
1000c0ea:	db36      	blt.n	1000c15a <StreamPrintArg+0x362>
1000c0ec:	43eb      	mvns	r3, r5
1000c0ee:	17db      	asrs	r3, r3, #31
1000c0f0:	401d      	ands	r5, r3
1000c0f2:	9b08      	ldr	r3, [sp, #32]
1000c0f4:	195b      	adds	r3, r3, r5
1000c0f6:	9308      	str	r3, [sp, #32]
1000c0f8:	9b09      	ldr	r3, [sp, #36]	@ 0x24
1000c0fa:	3301      	adds	r3, #1
1000c0fc:	9309      	str	r3, [sp, #36]	@ 0x24
1000c0fe:	9b07      	ldr	r3, [sp, #28]
1000c100:	2b01      	cmp	r3, #1
1000c102:	d07a      	beq.n	1000c1fa <StreamPrintArg+0x402>
1000c104:	2140      	movs	r1, #64	@ 0x40
1000c106:	9b06      	ldr	r3, [sp, #24]
1000c108:	9a01      	ldr	r2, [sp, #4]
1000c10a:	695b      	ldr	r3, [r3, #20]
1000c10c:	420a      	tst	r2, r1
1000c10e:	d166      	bne.n	1000c1de <StreamPrintArg+0x3e6>
1000c110:	222c      	movs	r2, #44	@ 0x2c
1000c112:	a91a      	add	r1, sp, #104	@ 0x68
1000c114:	70ca      	strb	r2, [r1, #3]
1000c116:	9806      	ldr	r0, [sp, #24]
1000c118:	0022      	movs	r2, r4
1000c11a:	3103      	adds	r1, #3
1000c11c:	4798      	blx	r3
1000c11e:	9b0b      	ldr	r3, [sp, #44]	@ 0x2c
1000c120:	9a09      	ldr	r2, [sp, #36]	@ 0x24
1000c122:	4293      	cmp	r3, r2
1000c124:	dc6d      	bgt.n	1000c202 <StreamPrintArg+0x40a>
1000c126:	230a      	movs	r3, #10
1000c128:	aa1a      	add	r2, sp, #104	@ 0x68
1000c12a:	70d3      	strb	r3, [r2, #3]
1000c12c:	9b06      	ldr	r3, [sp, #24]
1000c12e:	a91a      	add	r1, sp, #104	@ 0x68
1000c130:	0022      	movs	r2, r4
1000c132:	695b      	ldr	r3, [r3, #20]
1000c134:	3103      	adds	r1, #3
1000c136:	9806      	ldr	r0, [sp, #24]
1000c138:	4798      	blx	r3
1000c13a:	2309      	movs	r3, #9
1000c13c:	aa1a      	add	r2, sp, #104	@ 0x68
1000c13e:	70d3      	strb	r3, [r2, #3]
1000c140:	9b06      	ldr	r3, [sp, #24]
1000c142:	a91a      	add	r1, sp, #104	@ 0x68
1000c144:	695b      	ldr	r3, [r3, #20]
1000c146:	0022      	movs	r2, r4
1000c148:	9806      	ldr	r0, [sp, #24]
1000c14a:	3103      	adds	r1, #3
1000c14c:	4798      	blx	r3
1000c14e:	9b08      	ldr	r3, [sp, #32]
1000c150:	3303      	adds	r3, #3
1000c152:	9308      	str	r3, [sp, #32]
1000c154:	2300      	movs	r3, #0
1000c156:	9309      	str	r3, [sp, #36]	@ 0x24
1000c158:	e04f      	b.n	1000c1fa <StreamPrintArg+0x402>
1000c15a:	ab1a      	add	r3, sp, #104	@ 0x68
1000c15c:	1cd9      	adds	r1, r3, #3
1000c15e:	ab1b      	add	r3, sp, #108	@ 0x6c
1000c160:	5cf3      	ldrb	r3, [r6, r3]
1000c162:	0022      	movs	r2, r4
1000c164:	700b      	strb	r3, [r1, #0]
1000c166:	9b06      	ldr	r3, [sp, #24]
1000c168:	9806      	ldr	r0, [sp, #24]
1000c16a:	695b      	ldr	r3, [r3, #20]
1000c16c:	4798      	blx	r3
1000c16e:	3601      	adds	r6, #1
1000c170:	e7ba      	b.n	1000c0e8 <StreamPrintArg+0x2f0>
1000c172:	2240      	movs	r2, #64	@ 0x40
1000c174:	9b01      	ldr	r3, [sp, #4]
1000c176:	4213      	tst	r3, r2
1000c178:	d116      	bne.n	1000c1a8 <StreamPrintArg+0x3b0>
1000c17a:	2130      	movs	r1, #48	@ 0x30
1000c17c:	9a08      	ldr	r2, [sp, #32]
1000c17e:	9b06      	ldr	r3, [sp, #24]
1000c180:	3202      	adds	r2, #2
1000c182:	9208      	str	r2, [sp, #32]
1000c184:	aa1a      	add	r2, sp, #104	@ 0x68
1000c186:	70d1      	strb	r1, [r2, #3]
1000c188:	a91a      	add	r1, sp, #104	@ 0x68
1000c18a:	0022      	movs	r2, r4
1000c18c:	695b      	ldr	r3, [r3, #20]
1000c18e:	3103      	adds	r1, #3
1000c190:	9806      	ldr	r0, [sp, #24]
1000c192:	4798      	blx	r3
1000c194:	2378      	movs	r3, #120	@ 0x78
1000c196:	aa1a      	add	r2, sp, #104	@ 0x68
1000c198:	70d3      	strb	r3, [r2, #3]
1000c19a:	9b06      	ldr	r3, [sp, #24]
1000c19c:	a91a      	add	r1, sp, #104	@ 0x68
1000c19e:	0022      	movs	r2, r4
1000c1a0:	695b      	ldr	r3, [r3, #20]
1000c1a2:	9806      	ldr	r0, [sp, #24]
1000c1a4:	3103      	adds	r1, #3
1000c1a6:	4798      	blx	r3
1000c1a8:	4ae2      	ldr	r2, [pc, #904]	@ (1000c534 <StreamPrintArg+0x73c>)
1000c1aa:	ab1a      	add	r3, sp, #104	@ 0x68
1000c1ac:	1cde      	adds	r6, r3, #3
1000c1ae:	112b      	asrs	r3, r5, #4
1000c1b0:	5cd3      	ldrb	r3, [r2, r3]
1000c1b2:	0031      	movs	r1, r6
1000c1b4:	7033      	strb	r3, [r6, #0]
1000c1b6:	9b06      	ldr	r3, [sp, #24]
1000c1b8:	920c      	str	r2, [sp, #48]	@ 0x30
1000c1ba:	695b      	ldr	r3, [r3, #20]
1000c1bc:	0022      	movs	r2, r4
1000c1be:	9806      	ldr	r0, [sp, #24]
1000c1c0:	4798      	blx	r3
1000c1c2:	230f      	movs	r3, #15
1000c1c4:	401d      	ands	r5, r3
1000c1c6:	9b0c      	ldr	r3, [sp, #48]	@ 0x30
1000c1c8:	0022      	movs	r2, r4
1000c1ca:	5d5b      	ldrb	r3, [r3, r5]
1000c1cc:	0031      	movs	r1, r6
1000c1ce:	7033      	strb	r3, [r6, #0]
1000c1d0:	9b06      	ldr	r3, [sp, #24]
1000c1d2:	9806      	ldr	r0, [sp, #24]
1000c1d4:	695b      	ldr	r3, [r3, #20]
1000c1d6:	4798      	blx	r3
1000c1d8:	9b08      	ldr	r3, [sp, #32]
1000c1da:	3302      	adds	r3, #2
1000c1dc:	e78b      	b.n	1000c0f6 <StreamPrintArg+0x2fe>
1000c1de:	222d      	movs	r2, #45	@ 0x2d
1000c1e0:	a91a      	add	r1, sp, #104	@ 0x68
1000c1e2:	70ca      	strb	r2, [r1, #3]
1000c1e4:	9806      	ldr	r0, [sp, #24]
1000c1e6:	0022      	movs	r2, r4
1000c1e8:	3103      	adds	r1, #3
1000c1ea:	4798      	blx	r3
1000c1ec:	9b0b      	ldr	r3, [sp, #44]	@ 0x2c
1000c1ee:	9a09      	ldr	r2, [sp, #36]	@ 0x24
1000c1f0:	4293      	cmp	r3, r2
1000c1f2:	dd98      	ble.n	1000c126 <StreamPrintArg+0x32e>
1000c1f4:	9b08      	ldr	r3, [sp, #32]
1000c1f6:	3301      	adds	r3, #1
1000c1f8:	9308      	str	r3, [sp, #32]
1000c1fa:	9b07      	ldr	r3, [sp, #28]
1000c1fc:	3b01      	subs	r3, #1
1000c1fe:	9307      	str	r3, [sp, #28]
1000c200:	e758      	b.n	1000c0b4 <StreamPrintArg+0x2bc>
1000c202:	2220      	movs	r2, #32
1000c204:	9b06      	ldr	r3, [sp, #24]
1000c206:	a91a      	add	r1, sp, #104	@ 0x68
1000c208:	70ca      	strb	r2, [r1, #3]
1000c20a:	695b      	ldr	r3, [r3, #20]
1000c20c:	0022      	movs	r2, r4
1000c20e:	9806      	ldr	r0, [sp, #24]
1000c210:	3103      	adds	r1, #3
1000c212:	4798      	blx	r3
1000c214:	9b08      	ldr	r3, [sp, #32]
1000c216:	3302      	adds	r3, #2
1000c218:	e7ee      	b.n	1000c1f8 <StreamPrintArg+0x400>
1000c21a:	9f09      	ldr	r7, [sp, #36]	@ 0x24
1000c21c:	cf08      	ldmia	r7!, {r3}
1000c21e:	2b00      	cmp	r3, #0
1000c220:	d101      	bne.n	1000c226 <StreamPrintArg+0x42e>
1000c222:	f000 fea1 	bl	1000cf68 <StreamPrintArg+0x1170>
1000c226:	9a00      	ldr	r2, [sp, #0]
1000c228:	3201      	adds	r2, #1
1000c22a:	d101      	bne.n	1000c230 <StreamPrintArg+0x438>
1000c22c:	2208      	movs	r2, #8
1000c22e:	9200      	str	r2, [sp, #0]
1000c230:	9a0b      	ldr	r2, [sp, #44]	@ 0x2c
1000c232:	2a00      	cmp	r2, #0
1000c234:	dc01      	bgt.n	1000c23a <StreamPrintArg+0x442>
1000c236:	2208      	movs	r2, #8
1000c238:	920b      	str	r2, [sp, #44]	@ 0x2c
1000c23a:	930a      	str	r3, [sp, #40]	@ 0x28
1000c23c:	2300      	movs	r3, #0
1000c23e:	2601      	movs	r6, #1
1000c240:	9307      	str	r3, [sp, #28]
1000c242:	9b00      	ldr	r3, [sp, #0]
1000c244:	2b00      	cmp	r3, #0
1000c246:	d100      	bne.n	1000c24a <StreamPrintArg+0x452>
1000c248:	e737      	b.n	1000c0ba <StreamPrintArg+0x2c2>
1000c24a:	9b0a      	ldr	r3, [sp, #40]	@ 0x28
1000c24c:	881d      	ldrh	r5, [r3, #0]
1000c24e:	9b01      	ldr	r3, [sp, #4]
1000c250:	4233      	tst	r3, r6
1000c252:	d04d      	beq.n	1000c2f0 <StreamPrintArg+0x4f8>
1000c254:	0029      	movs	r1, r5
1000c256:	2200      	movs	r2, #0
1000c258:	a81b      	add	r0, sp, #108	@ 0x6c
1000c25a:	f7ff f9e3 	bl	1000b624 <DecUNum>
1000c25e:	2500      	movs	r5, #0
1000c260:	0004      	movs	r4, r0
1000c262:	42a5      	cmp	r5, r4
1000c264:	db38      	blt.n	1000c2d8 <StreamPrintArg+0x4e0>
1000c266:	43e3      	mvns	r3, r4
1000c268:	17db      	asrs	r3, r3, #31
1000c26a:	401c      	ands	r4, r3
1000c26c:	9b08      	ldr	r3, [sp, #32]
1000c26e:	191b      	adds	r3, r3, r4
1000c270:	9308      	str	r3, [sp, #32]
1000c272:	9b07      	ldr	r3, [sp, #28]
1000c274:	3301      	adds	r3, #1
1000c276:	9307      	str	r3, [sp, #28]
1000c278:	9b00      	ldr	r3, [sp, #0]
1000c27a:	2b01      	cmp	r3, #1
1000c27c:	d100      	bne.n	1000c280 <StreamPrintArg+0x488>
1000c27e:	e093      	b.n	1000c3a8 <StreamPrintArg+0x5b0>
1000c280:	2140      	movs	r1, #64	@ 0x40
1000c282:	9b06      	ldr	r3, [sp, #24]
1000c284:	9a01      	ldr	r2, [sp, #4]
1000c286:	695b      	ldr	r3, [r3, #20]
1000c288:	420a      	tst	r2, r1
1000c28a:	d17f      	bne.n	1000c38c <StreamPrintArg+0x594>
1000c28c:	222c      	movs	r2, #44	@ 0x2c
1000c28e:	a91a      	add	r1, sp, #104	@ 0x68
1000c290:	70ca      	strb	r2, [r1, #3]
1000c292:	9806      	ldr	r0, [sp, #24]
1000c294:	0032      	movs	r2, r6
1000c296:	3103      	adds	r1, #3
1000c298:	4798      	blx	r3
1000c29a:	9b0b      	ldr	r3, [sp, #44]	@ 0x2c
1000c29c:	9a07      	ldr	r2, [sp, #28]
1000c29e:	4293      	cmp	r3, r2
1000c2a0:	dd00      	ble.n	1000c2a4 <StreamPrintArg+0x4ac>
1000c2a2:	e088      	b.n	1000c3b6 <StreamPrintArg+0x5be>
1000c2a4:	230a      	movs	r3, #10
1000c2a6:	aa1a      	add	r2, sp, #104	@ 0x68
1000c2a8:	70d3      	strb	r3, [r2, #3]
1000c2aa:	9b06      	ldr	r3, [sp, #24]
1000c2ac:	a91a      	add	r1, sp, #104	@ 0x68
1000c2ae:	0032      	movs	r2, r6
1000c2b0:	695b      	ldr	r3, [r3, #20]
1000c2b2:	3103      	adds	r1, #3
1000c2b4:	9806      	ldr	r0, [sp, #24]
1000c2b6:	4798      	blx	r3
1000c2b8:	2309      	movs	r3, #9
1000c2ba:	aa1a      	add	r2, sp, #104	@ 0x68
1000c2bc:	70d3      	strb	r3, [r2, #3]
1000c2be:	9b06      	ldr	r3, [sp, #24]
1000c2c0:	a91a      	add	r1, sp, #104	@ 0x68
1000c2c2:	695b      	ldr	r3, [r3, #20]
1000c2c4:	0032      	movs	r2, r6
1000c2c6:	9806      	ldr	r0, [sp, #24]
1000c2c8:	3103      	adds	r1, #3
1000c2ca:	4798      	blx	r3
1000c2cc:	9b08      	ldr	r3, [sp, #32]
1000c2ce:	3303      	adds	r3, #3
1000c2d0:	9308      	str	r3, [sp, #32]
1000c2d2:	2300      	movs	r3, #0
1000c2d4:	9307      	str	r3, [sp, #28]
1000c2d6:	e067      	b.n	1000c3a8 <StreamPrintArg+0x5b0>
1000c2d8:	ab1a      	add	r3, sp, #104	@ 0x68
1000c2da:	1cd9      	adds	r1, r3, #3
1000c2dc:	ab1b      	add	r3, sp, #108	@ 0x6c
1000c2de:	5ceb      	ldrb	r3, [r5, r3]
1000c2e0:	0032      	movs	r2, r6
1000c2e2:	700b      	strb	r3, [r1, #0]
1000c2e4:	9b06      	ldr	r3, [sp, #24]
1000c2e6:	9806      	ldr	r0, [sp, #24]
1000c2e8:	695b      	ldr	r3, [r3, #20]
1000c2ea:	4798      	blx	r3
1000c2ec:	3501      	adds	r5, #1
1000c2ee:	e7b8      	b.n	1000c262 <StreamPrintArg+0x46a>
1000c2f0:	2240      	movs	r2, #64	@ 0x40
1000c2f2:	9b01      	ldr	r3, [sp, #4]
1000c2f4:	4213      	tst	r3, r2
1000c2f6:	d116      	bne.n	1000c326 <StreamPrintArg+0x52e>
1000c2f8:	2130      	movs	r1, #48	@ 0x30
1000c2fa:	9b06      	ldr	r3, [sp, #24]
1000c2fc:	aa1a      	add	r2, sp, #104	@ 0x68
1000c2fe:	70d1      	strb	r1, [r2, #3]
1000c300:	a91a      	add	r1, sp, #104	@ 0x68
1000c302:	0032      	movs	r2, r6
1000c304:	695b      	ldr	r3, [r3, #20]
1000c306:	3103      	adds	r1, #3
1000c308:	9806      	ldr	r0, [sp, #24]
1000c30a:	4798      	blx	r3
1000c30c:	2378      	movs	r3, #120	@ 0x78
1000c30e:	aa1a      	add	r2, sp, #104	@ 0x68
1000c310:	70d3      	strb	r3, [r2, #3]
1000c312:	9b06      	ldr	r3, [sp, #24]
1000c314:	a91a      	add	r1, sp, #104	@ 0x68
1000c316:	695b      	ldr	r3, [r3, #20]
1000c318:	0032      	movs	r2, r6
1000c31a:	9806      	ldr	r0, [sp, #24]
1000c31c:	3103      	adds	r1, #3
1000c31e:	4798      	blx	r3
1000c320:	9b08      	ldr	r3, [sp, #32]
1000c322:	3302      	adds	r3, #2
1000c324:	9308      	str	r3, [sp, #32]
1000c326:	ab1a      	add	r3, sp, #104	@ 0x68
1000c328:	4a82      	ldr	r2, [pc, #520]	@ (1000c534 <StreamPrintArg+0x73c>)
1000c32a:	1cdc      	adds	r4, r3, #3
1000c32c:	132b      	asrs	r3, r5, #12
1000c32e:	5cd3      	ldrb	r3, [r2, r3]
1000c330:	0021      	movs	r1, r4
1000c332:	7023      	strb	r3, [r4, #0]
1000c334:	9b06      	ldr	r3, [sp, #24]
1000c336:	9209      	str	r2, [sp, #36]	@ 0x24
1000c338:	695b      	ldr	r3, [r3, #20]
1000c33a:	0032      	movs	r2, r6
1000c33c:	9806      	ldr	r0, [sp, #24]
1000c33e:	4798      	blx	r3
1000c340:	220f      	movs	r2, #15
1000c342:	9909      	ldr	r1, [sp, #36]	@ 0x24
1000c344:	122b      	asrs	r3, r5, #8
1000c346:	4013      	ands	r3, r2
1000c348:	5ccb      	ldrb	r3, [r1, r3]
1000c34a:	0032      	movs	r2, r6
1000c34c:	7023      	strb	r3, [r4, #0]
1000c34e:	9b06      	ldr	r3, [sp, #24]
1000c350:	0021      	movs	r1, r4
1000c352:	695b      	ldr	r3, [r3, #20]
1000c354:	9806      	ldr	r0, [sp, #24]
1000c356:	4798      	blx	r3
1000c358:	220f      	movs	r2, #15
1000c35a:	9909      	ldr	r1, [sp, #36]	@ 0x24
1000c35c:	112b      	asrs	r3, r5, #4
1000c35e:	4013      	ands	r3, r2
1000c360:	5ccb      	ldrb	r3, [r1, r3]
1000c362:	0032      	movs	r2, r6
1000c364:	7023      	strb	r3, [r4, #0]
1000c366:	9b06      	ldr	r3, [sp, #24]
1000c368:	0021      	movs	r1, r4
1000c36a:	695b      	ldr	r3, [r3, #20]
1000c36c:	9806      	ldr	r0, [sp, #24]
1000c36e:	4798      	blx	r3
1000c370:	220f      	movs	r2, #15
1000c372:	9b09      	ldr	r3, [sp, #36]	@ 0x24
1000c374:	4015      	ands	r5, r2
1000c376:	5d5b      	ldrb	r3, [r3, r5]
1000c378:	0032      	movs	r2, r6
1000c37a:	7023      	strb	r3, [r4, #0]
1000c37c:	9b06      	ldr	r3, [sp, #24]
1000c37e:	0021      	movs	r1, r4
1000c380:	695b      	ldr	r3, [r3, #20]
1000c382:	9806      	ldr	r0, [sp, #24]
1000c384:	4798      	blx	r3
1000c386:	9b08      	ldr	r3, [sp, #32]
1000c388:	3304      	adds	r3, #4
1000c38a:	e771      	b.n	1000c270 <StreamPrintArg+0x478>
1000c38c:	222d      	movs	r2, #45	@ 0x2d
1000c38e:	a91a      	add	r1, sp, #104	@ 0x68
1000c390:	70ca      	strb	r2, [r1, #3]
1000c392:	9806      	ldr	r0, [sp, #24]
1000c394:	0032      	movs	r2, r6
1000c396:	3103      	adds	r1, #3
1000c398:	4798      	blx	r3
1000c39a:	9b0b      	ldr	r3, [sp, #44]	@ 0x2c
1000c39c:	9a07      	ldr	r2, [sp, #28]
1000c39e:	4293      	cmp	r3, r2
1000c3a0:	dd80      	ble.n	1000c2a4 <StreamPrintArg+0x4ac>
1000c3a2:	9b08      	ldr	r3, [sp, #32]
1000c3a4:	3301      	adds	r3, #1
1000c3a6:	9308      	str	r3, [sp, #32]
1000c3a8:	9b00      	ldr	r3, [sp, #0]
1000c3aa:	3b01      	subs	r3, #1
1000c3ac:	9300      	str	r3, [sp, #0]
1000c3ae:	9b0a      	ldr	r3, [sp, #40]	@ 0x28
1000c3b0:	3302      	adds	r3, #2
1000c3b2:	930a      	str	r3, [sp, #40]	@ 0x28
1000c3b4:	e745      	b.n	1000c242 <StreamPrintArg+0x44a>
1000c3b6:	2220      	movs	r2, #32
1000c3b8:	9b06      	ldr	r3, [sp, #24]
1000c3ba:	a91a      	add	r1, sp, #104	@ 0x68
1000c3bc:	70ca      	strb	r2, [r1, #3]
1000c3be:	695b      	ldr	r3, [r3, #20]
1000c3c0:	0032      	movs	r2, r6
1000c3c2:	9806      	ldr	r0, [sp, #24]
1000c3c4:	3103      	adds	r1, #3
1000c3c6:	4798      	blx	r3
1000c3c8:	9b08      	ldr	r3, [sp, #32]
1000c3ca:	3302      	adds	r3, #2
1000c3cc:	e7eb      	b.n	1000c3a6 <StreamPrintArg+0x5ae>
1000c3ce:	9b01      	ldr	r3, [sp, #4]
1000c3d0:	9c09      	ldr	r4, [sp, #36]	@ 0x24
1000c3d2:	071b      	lsls	r3, r3, #28
1000c3d4:	d51b      	bpl.n	1000c40e <StreamPrintArg+0x616>
1000c3d6:	2307      	movs	r3, #7
1000c3d8:	3407      	adds	r4, #7
1000c3da:	439c      	bics	r4, r3
1000c3dc:	cc0c      	ldmia	r4!, {r2, r3}
1000c3de:	9214      	str	r2, [sp, #80]	@ 0x50
1000c3e0:	9315      	str	r3, [sp, #84]	@ 0x54
1000c3e2:	9a14      	ldr	r2, [sp, #80]	@ 0x50
1000c3e4:	9b15      	ldr	r3, [sp, #84]	@ 0x54
1000c3e6:	9204      	str	r2, [sp, #16]
1000c3e8:	9305      	str	r3, [sp, #20]
1000c3ea:	9a15      	ldr	r2, [sp, #84]	@ 0x54
1000c3ec:	2302      	movs	r3, #2
1000c3ee:	2a00      	cmp	r2, #0
1000c3f0:	db01      	blt.n	1000c3f6 <StreamPrintArg+0x5fe>
1000c3f2:	f000 fce3 	bl	1000cdbc <StreamPrintArg+0xfc4>
1000c3f6:	9814      	ldr	r0, [sp, #80]	@ 0x50
1000c3f8:	9915      	ldr	r1, [sp, #84]	@ 0x54
1000c3fa:	2300      	movs	r3, #0
1000c3fc:	4242      	negs	r2, r0
1000c3fe:	418b      	sbcs	r3, r1
1000c400:	9204      	str	r2, [sp, #16]
1000c402:	9305      	str	r3, [sp, #20]
1000c404:	2302      	movs	r3, #2
1000c406:	222d      	movs	r2, #45	@ 0x2d
1000c408:	920a      	str	r2, [sp, #40]	@ 0x28
1000c40a:	f000 fcd7 	bl	1000cdbc <StreamPrintArg+0xfc4>
1000c40e:	cc08      	ldmia	r4!, {r3}
1000c410:	9314      	str	r3, [sp, #80]	@ 0x50
1000c412:	17db      	asrs	r3, r3, #31
1000c414:	9315      	str	r3, [sp, #84]	@ 0x54
1000c416:	e7e4      	b.n	1000c3e2 <StreamPrintArg+0x5ea>
1000c418:	2207      	movs	r2, #7
1000c41a:	9b09      	ldr	r3, [sp, #36]	@ 0x24
1000c41c:	3307      	adds	r3, #7
1000c41e:	4393      	bics	r3, r2
1000c420:	001a      	movs	r2, r3
1000c422:	ca18      	ldmia	r2!, {r3, r4}
1000c424:	9302      	str	r3, [sp, #8]
1000c426:	9403      	str	r4, [sp, #12]
1000c428:	9802      	ldr	r0, [sp, #8]
1000c42a:	9903      	ldr	r1, [sp, #12]
1000c42c:	9209      	str	r2, [sp, #36]	@ 0x24
1000c42e:	2300      	movs	r3, #0
1000c430:	2200      	movs	r2, #0
1000c432:	f002 ffe5 	bl	1000f400 <____wrap___aeabi_dcmplt_veneer>
1000c436:	2800      	cmp	r0, #0
1000c438:	d104      	bne.n	1000c444 <StreamPrintArg+0x64c>
1000c43a:	9b03      	ldr	r3, [sp, #12]
1000c43c:	4a3e      	ldr	r2, [pc, #248]	@ (1000c538 <StreamPrintArg+0x740>)
1000c43e:	0cdb      	lsrs	r3, r3, #19
1000c440:	4293      	cmp	r3, r2
1000c442:	d10d      	bne.n	1000c460 <StreamPrintArg+0x668>
1000c444:	2280      	movs	r2, #128	@ 0x80
1000c446:	0612      	lsls	r2, r2, #24
1000c448:	4694      	mov	ip, r2
1000c44a:	9b02      	ldr	r3, [sp, #8]
1000c44c:	9318      	str	r3, [sp, #96]	@ 0x60
1000c44e:	9b03      	ldr	r3, [sp, #12]
1000c450:	4463      	add	r3, ip
1000c452:	9319      	str	r3, [sp, #100]	@ 0x64
1000c454:	9b18      	ldr	r3, [sp, #96]	@ 0x60
1000c456:	9c19      	ldr	r4, [sp, #100]	@ 0x64
1000c458:	9302      	str	r3, [sp, #8]
1000c45a:	9403      	str	r4, [sp, #12]
1000c45c:	232d      	movs	r3, #45	@ 0x2d
1000c45e:	930a      	str	r3, [sp, #40]	@ 0x28
1000c460:	9b03      	ldr	r3, [sp, #12]
1000c462:	4a36      	ldr	r2, [pc, #216]	@ (1000c53c <StreamPrintArg+0x744>)
1000c464:	005b      	lsls	r3, r3, #1
1000c466:	0d1b      	lsrs	r3, r3, #20
1000c468:	4293      	cmp	r3, r2
1000c46a:	d16d      	bne.n	1000c548 <StreamPrintArg+0x750>
1000c46c:	4b34      	ldr	r3, [pc, #208]	@ (1000c540 <StreamPrintArg+0x748>)
1000c46e:	9302      	str	r3, [sp, #8]
1000c470:	9b07      	ldr	r3, [sp, #28]
1000c472:	2b5a      	cmp	r3, #90	@ 0x5a
1000c474:	d801      	bhi.n	1000c47a <StreamPrintArg+0x682>
1000c476:	4b33      	ldr	r3, [pc, #204]	@ (1000c544 <StreamPrintArg+0x74c>)
1000c478:	9302      	str	r3, [sp, #8]
1000c47a:	2310      	movs	r3, #16
1000c47c:	9a01      	ldr	r2, [sp, #4]
1000c47e:	2503      	movs	r5, #3
1000c480:	439a      	bics	r2, r3
1000c482:	0013      	movs	r3, r2
1000c484:	2220      	movs	r2, #32
1000c486:	431a      	orrs	r2, r3
1000c488:	2300      	movs	r3, #0
1000c48a:	9201      	str	r2, [sp, #4]
1000c48c:	9300      	str	r3, [sp, #0]
1000c48e:	ab1a      	add	r3, sp, #104	@ 0x68
1000c490:	3302      	adds	r3, #2
1000c492:	781b      	ldrb	r3, [r3, #0]
1000c494:	2b00      	cmp	r3, #0
1000c496:	d101      	bne.n	1000c49c <StreamPrintArg+0x6a4>
1000c498:	f000 ff03 	bl	1000d2a2 <StreamPrintArg+0x14aa>
1000c49c:	9b00      	ldr	r3, [sp, #0]
1000c49e:	9307      	str	r3, [sp, #28]
1000c4a0:	42ab      	cmp	r3, r5
1000c4a2:	da00      	bge.n	1000c4a6 <StreamPrintArg+0x6ae>
1000c4a4:	9507      	str	r5, [sp, #28]
1000c4a6:	9b0a      	ldr	r3, [sp, #40]	@ 0x28
1000c4a8:	1e5a      	subs	r2, r3, #1
1000c4aa:	4193      	sbcs	r3, r2
1000c4ac:	9a07      	ldr	r2, [sp, #28]
1000c4ae:	18d3      	adds	r3, r2, r3
1000c4b0:	2214      	movs	r2, #20
1000c4b2:	9307      	str	r3, [sp, #28]
1000c4b4:	9b01      	ldr	r3, [sp, #4]
1000c4b6:	4013      	ands	r3, r2
1000c4b8:	930c      	str	r3, [sp, #48]	@ 0x30
1000c4ba:	9b01      	ldr	r3, [sp, #4]
1000c4bc:	4213      	tst	r3, r2
1000c4be:	d001      	beq.n	1000c4c4 <StreamPrintArg+0x6cc>
1000c4c0:	f000 fe85 	bl	1000d1ce <StreamPrintArg+0x13d6>
1000c4c4:	9b0b      	ldr	r3, [sp, #44]	@ 0x2c
1000c4c6:	9a07      	ldr	r2, [sp, #28]
1000c4c8:	2720      	movs	r7, #32
1000c4ca:	1a9c      	subs	r4, r3, r2
1000c4cc:	0026      	movs	r6, r4
1000c4ce:	2e00      	cmp	r6, #0
1000c4d0:	dd01      	ble.n	1000c4d6 <StreamPrintArg+0x6de>
1000c4d2:	f000 fe70 	bl	1000d1b6 <StreamPrintArg+0x13be>
1000c4d6:	43e3      	mvns	r3, r4
1000c4d8:	17db      	asrs	r3, r3, #31
1000c4da:	401c      	ands	r4, r3
1000c4dc:	9b08      	ldr	r3, [sp, #32]
1000c4de:	191b      	adds	r3, r3, r4
1000c4e0:	9308      	str	r3, [sp, #32]
1000c4e2:	9b0a      	ldr	r3, [sp, #40]	@ 0x28
1000c4e4:	2b00      	cmp	r3, #0
1000c4e6:	d001      	beq.n	1000c4ec <StreamPrintArg+0x6f4>
1000c4e8:	f000 fe74 	bl	1000d1d4 <StreamPrintArg+0x13dc>
1000c4ec:	9b00      	ldr	r3, [sp, #0]
1000c4ee:	1b5e      	subs	r6, r3, r5
1000c4f0:	0034      	movs	r4, r6
1000c4f2:	2c00      	cmp	r4, #0
1000c4f4:	dd01      	ble.n	1000c4fa <StreamPrintArg+0x702>
1000c4f6:	f000 fe9f 	bl	1000d238 <StreamPrintArg+0x1440>
1000c4fa:	43f4      	mvns	r4, r6
1000c4fc:	9f02      	ldr	r7, [sp, #8]
1000c4fe:	17e4      	asrs	r4, r4, #31
1000c500:	4034      	ands	r4, r6
1000c502:	9b02      	ldr	r3, [sp, #8]
1000c504:	195b      	adds	r3, r3, r5
1000c506:	1bdb      	subs	r3, r3, r7
1000c508:	2b00      	cmp	r3, #0
1000c50a:	dd01      	ble.n	1000c510 <StreamPrintArg+0x718>
1000c50c:	f000 fea1 	bl	1000d252 <StreamPrintArg+0x145a>
1000c510:	43eb      	mvns	r3, r5
1000c512:	9a02      	ldr	r2, [sp, #8]
1000c514:	17db      	asrs	r3, r3, #31
1000c516:	402b      	ands	r3, r5
1000c518:	18d2      	adds	r2, r2, r3
1000c51a:	9202      	str	r2, [sp, #8]
1000c51c:	9a08      	ldr	r2, [sp, #32]
1000c51e:	191b      	adds	r3, r3, r4
1000c520:	18d3      	adds	r3, r2, r3
1000c522:	9308      	str	r3, [sp, #32]
1000c524:	9b01      	ldr	r3, [sp, #4]
1000c526:	075b      	lsls	r3, r3, #29
1000c528:	d501      	bpl.n	1000c52e <StreamPrintArg+0x736>
1000c52a:	f000 fe9e 	bl	1000d26a <StreamPrintArg+0x1472>
1000c52e:	3e01      	subs	r6, #1
1000c530:	1b33      	subs	r3, r6, r4
1000c532:	e477      	b.n	1000be24 <StreamPrintArg+0x2c>
1000c534:	1001046d 	.word	0x1001046d
1000c538:	00001fff 	.word	0x00001fff
1000c53c:	00000ffe 	.word	0x00000ffe
1000c540:	10010303 	.word	0x10010303
1000c544:	100102ff 	.word	0x100102ff
1000c548:	4a9b      	ldr	r2, [pc, #620]	@ (1000c7b8 <StreamPrintArg+0x9c0>)
1000c54a:	4293      	cmp	r3, r2
1000c54c:	d106      	bne.n	1000c55c <StreamPrintArg+0x764>
1000c54e:	4b9b      	ldr	r3, [pc, #620]	@ (1000c7bc <StreamPrintArg+0x9c4>)
1000c550:	9302      	str	r3, [sp, #8]
1000c552:	9b07      	ldr	r3, [sp, #28]
1000c554:	2b5a      	cmp	r3, #90	@ 0x5a
1000c556:	d890      	bhi.n	1000c47a <StreamPrintArg+0x682>
1000c558:	4b99      	ldr	r3, [pc, #612]	@ (1000c7c0 <StreamPrintArg+0x9c8>)
1000c55a:	e78d      	b.n	1000c478 <StreamPrintArg+0x680>
1000c55c:	9b00      	ldr	r3, [sp, #0]
1000c55e:	3301      	adds	r3, #1
1000c560:	d101      	bne.n	1000c566 <StreamPrintArg+0x76e>
1000c562:	2306      	movs	r3, #6
1000c564:	9300      	str	r3, [sp, #0]
1000c566:	9b07      	ldr	r3, [sp, #28]
1000c568:	2b54      	cmp	r3, #84	@ 0x54
1000c56a:	d900      	bls.n	1000c56e <StreamPrintArg+0x776>
1000c56c:	e0ec      	b.n	1000c748 <StreamPrintArg+0x950>
1000c56e:	001a      	movs	r2, r3
1000c570:	4b94      	ldr	r3, [pc, #592]	@ (1000c7c4 <StreamPrintArg+0x9cc>)
1000c572:	3a42      	subs	r2, #66	@ 0x42
1000c574:	b2d2      	uxtb	r2, r2
1000c576:	40d3      	lsrs	r3, r2
1000c578:	2201      	movs	r2, #1
1000c57a:	0019      	movs	r1, r3
1000c57c:	4011      	ands	r1, r2
1000c57e:	4213      	tst	r3, r2
1000c580:	d000      	beq.n	1000c584 <StreamPrintArg+0x78c>
1000c582:	e0f3      	b.n	1000c76c <StreamPrintArg+0x974>
1000c584:	9e02      	ldr	r6, [sp, #8]
1000c586:	9f03      	ldr	r7, [sp, #12]
1000c588:	000c      	movs	r4, r1
1000c58a:	9112      	str	r1, [sp, #72]	@ 0x48
1000c58c:	2200      	movs	r2, #0
1000c58e:	9802      	ldr	r0, [sp, #8]
1000c590:	9903      	ldr	r1, [sp, #12]
1000c592:	2300      	movs	r3, #0
1000c594:	f002 fefc 	bl	1000f390 <____wrap___aeabi_dcmpeq_veneer>
1000c598:	2800      	cmp	r0, #0
1000c59a:	d000      	beq.n	1000c59e <StreamPrintArg+0x7a6>
1000c59c:	e0a2      	b.n	1000c6e4 <StreamPrintArg+0x8ec>
1000c59e:	2200      	movs	r2, #0
1000c5a0:	0030      	movs	r0, r6
1000c5a2:	0039      	movs	r1, r7
1000c5a4:	4b88      	ldr	r3, [pc, #544]	@ (1000c7c8 <StreamPrintArg+0x9d0>)
1000c5a6:	f002 ff1b 	bl	1000f3e0 <____wrap___aeabi_dcmpge_veneer>
1000c5aa:	2800      	cmp	r0, #0
1000c5ac:	d100      	bne.n	1000c5b0 <StreamPrintArg+0x7b8>
1000c5ae:	e153      	b.n	1000c858 <StreamPrintArg+0xa60>
1000c5b0:	0030      	movs	r0, r6
1000c5b2:	0039      	movs	r1, r7
1000c5b4:	4a85      	ldr	r2, [pc, #532]	@ (1000c7cc <StreamPrintArg+0x9d4>)
1000c5b6:	4b86      	ldr	r3, [pc, #536]	@ (1000c7d0 <StreamPrintArg+0x9d8>)
1000c5b8:	f002 ff12 	bl	1000f3e0 <____wrap___aeabi_dcmpge_veneer>
1000c5bc:	2800      	cmp	r0, #0
1000c5be:	d009      	beq.n	1000c5d4 <StreamPrintArg+0x7dc>
1000c5c0:	0030      	movs	r0, r6
1000c5c2:	0039      	movs	r1, r7
1000c5c4:	4a83      	ldr	r2, [pc, #524]	@ (1000c7d4 <StreamPrintArg+0x9dc>)
1000c5c6:	4b84      	ldr	r3, [pc, #528]	@ (1000c7d8 <StreamPrintArg+0x9e0>)
1000c5c8:	f002 feca 	bl	1000f360 <____wrap___aeabi_dmul_veneer>
1000c5cc:	0006      	movs	r6, r0
1000c5ce:	000f      	movs	r7, r1
1000c5d0:	3401      	adds	r4, #1
1000c5d2:	34ff      	adds	r4, #255	@ 0xff
1000c5d4:	0030      	movs	r0, r6
1000c5d6:	0039      	movs	r1, r7
1000c5d8:	4a80      	ldr	r2, [pc, #512]	@ (1000c7dc <StreamPrintArg+0x9e4>)
1000c5da:	4b81      	ldr	r3, [pc, #516]	@ (1000c7e0 <StreamPrintArg+0x9e8>)
1000c5dc:	f002 ff00 	bl	1000f3e0 <____wrap___aeabi_dcmpge_veneer>
1000c5e0:	2800      	cmp	r0, #0
1000c5e2:	d008      	beq.n	1000c5f6 <StreamPrintArg+0x7fe>
1000c5e4:	0030      	movs	r0, r6
1000c5e6:	0039      	movs	r1, r7
1000c5e8:	4a7e      	ldr	r2, [pc, #504]	@ (1000c7e4 <StreamPrintArg+0x9ec>)
1000c5ea:	4b7f      	ldr	r3, [pc, #508]	@ (1000c7e8 <StreamPrintArg+0x9f0>)
1000c5ec:	f002 feb8 	bl	1000f360 <____wrap___aeabi_dmul_veneer>
1000c5f0:	0006      	movs	r6, r0
1000c5f2:	000f      	movs	r7, r1
1000c5f4:	3480      	adds	r4, #128	@ 0x80
1000c5f6:	0030      	movs	r0, r6
1000c5f8:	0039      	movs	r1, r7
1000c5fa:	4a7c      	ldr	r2, [pc, #496]	@ (1000c7ec <StreamPrintArg+0x9f4>)
1000c5fc:	4b7c      	ldr	r3, [pc, #496]	@ (1000c7f0 <StreamPrintArg+0x9f8>)
1000c5fe:	f002 feef 	bl	1000f3e0 <____wrap___aeabi_dcmpge_veneer>
1000c602:	2800      	cmp	r0, #0
1000c604:	d008      	beq.n	1000c618 <StreamPrintArg+0x820>
1000c606:	0030      	movs	r0, r6
1000c608:	0039      	movs	r1, r7
1000c60a:	4a7a      	ldr	r2, [pc, #488]	@ (1000c7f4 <StreamPrintArg+0x9fc>)
1000c60c:	4b7a      	ldr	r3, [pc, #488]	@ (1000c7f8 <StreamPrintArg+0xa00>)
1000c60e:	f002 fea7 	bl	1000f360 <____wrap___aeabi_dmul_veneer>
1000c612:	0006      	movs	r6, r0
1000c614:	000f      	movs	r7, r1
1000c616:	3440      	adds	r4, #64	@ 0x40
1000c618:	0030      	movs	r0, r6
1000c61a:	0039      	movs	r1, r7
1000c61c:	4a77      	ldr	r2, [pc, #476]	@ (1000c7fc <StreamPrintArg+0xa04>)
1000c61e:	4b78      	ldr	r3, [pc, #480]	@ (1000c800 <StreamPrintArg+0xa08>)
1000c620:	f002 fede 	bl	1000f3e0 <____wrap___aeabi_dcmpge_veneer>
1000c624:	2800      	cmp	r0, #0
1000c626:	d008      	beq.n	1000c63a <StreamPrintArg+0x842>
1000c628:	0030      	movs	r0, r6
1000c62a:	0039      	movs	r1, r7
1000c62c:	4a75      	ldr	r2, [pc, #468]	@ (1000c804 <StreamPrintArg+0xa0c>)
1000c62e:	4b76      	ldr	r3, [pc, #472]	@ (1000c808 <StreamPrintArg+0xa10>)
1000c630:	f002 fe96 	bl	1000f360 <____wrap___aeabi_dmul_veneer>
1000c634:	0006      	movs	r6, r0
1000c636:	000f      	movs	r7, r1
1000c638:	3420      	adds	r4, #32
1000c63a:	0030      	movs	r0, r6
1000c63c:	0039      	movs	r1, r7
1000c63e:	4a73      	ldr	r2, [pc, #460]	@ (1000c80c <StreamPrintArg+0xa14>)
1000c640:	4b73      	ldr	r3, [pc, #460]	@ (1000c810 <StreamPrintArg+0xa18>)
1000c642:	f002 fecd 	bl	1000f3e0 <____wrap___aeabi_dcmpge_veneer>
1000c646:	2800      	cmp	r0, #0
1000c648:	d008      	beq.n	1000c65c <StreamPrintArg+0x864>
1000c64a:	0030      	movs	r0, r6
1000c64c:	0039      	movs	r1, r7
1000c64e:	4a71      	ldr	r2, [pc, #452]	@ (1000c814 <StreamPrintArg+0xa1c>)
1000c650:	4b71      	ldr	r3, [pc, #452]	@ (1000c818 <StreamPrintArg+0xa20>)
1000c652:	f002 fe85 	bl	1000f360 <____wrap___aeabi_dmul_veneer>
1000c656:	0006      	movs	r6, r0
1000c658:	000f      	movs	r7, r1
1000c65a:	3410      	adds	r4, #16
1000c65c:	2200      	movs	r2, #0
1000c65e:	0030      	movs	r0, r6
1000c660:	0039      	movs	r1, r7
1000c662:	4b6e      	ldr	r3, [pc, #440]	@ (1000c81c <StreamPrintArg+0xa24>)
1000c664:	f002 febc 	bl	1000f3e0 <____wrap___aeabi_dcmpge_veneer>
1000c668:	2800      	cmp	r0, #0
1000c66a:	d008      	beq.n	1000c67e <StreamPrintArg+0x886>
1000c66c:	0030      	movs	r0, r6
1000c66e:	0039      	movs	r1, r7
1000c670:	4a6b      	ldr	r2, [pc, #428]	@ (1000c820 <StreamPrintArg+0xa28>)
1000c672:	4b6c      	ldr	r3, [pc, #432]	@ (1000c824 <StreamPrintArg+0xa2c>)
1000c674:	f002 fe74 	bl	1000f360 <____wrap___aeabi_dmul_veneer>
1000c678:	0006      	movs	r6, r0
1000c67a:	000f      	movs	r7, r1
1000c67c:	3408      	adds	r4, #8
1000c67e:	2200      	movs	r2, #0
1000c680:	0030      	movs	r0, r6
1000c682:	0039      	movs	r1, r7
1000c684:	4b68      	ldr	r3, [pc, #416]	@ (1000c828 <StreamPrintArg+0xa30>)
1000c686:	f002 feab 	bl	1000f3e0 <____wrap___aeabi_dcmpge_veneer>
1000c68a:	2800      	cmp	r0, #0
1000c68c:	d008      	beq.n	1000c6a0 <StreamPrintArg+0x8a8>
1000c68e:	0030      	movs	r0, r6
1000c690:	0039      	movs	r1, r7
1000c692:	4a66      	ldr	r2, [pc, #408]	@ (1000c82c <StreamPrintArg+0xa34>)
1000c694:	4b66      	ldr	r3, [pc, #408]	@ (1000c830 <StreamPrintArg+0xa38>)
1000c696:	f002 fe63 	bl	1000f360 <____wrap___aeabi_dmul_veneer>
1000c69a:	0006      	movs	r6, r0
1000c69c:	000f      	movs	r7, r1
1000c69e:	3404      	adds	r4, #4
1000c6a0:	2200      	movs	r2, #0
1000c6a2:	0030      	movs	r0, r6
1000c6a4:	0039      	movs	r1, r7
1000c6a6:	4b63      	ldr	r3, [pc, #396]	@ (1000c834 <StreamPrintArg+0xa3c>)
1000c6a8:	f002 fe9a 	bl	1000f3e0 <____wrap___aeabi_dcmpge_veneer>
1000c6ac:	2800      	cmp	r0, #0
1000c6ae:	d008      	beq.n	1000c6c2 <StreamPrintArg+0x8ca>
1000c6b0:	0030      	movs	r0, r6
1000c6b2:	0039      	movs	r1, r7
1000c6b4:	4a60      	ldr	r2, [pc, #384]	@ (1000c838 <StreamPrintArg+0xa40>)
1000c6b6:	4b61      	ldr	r3, [pc, #388]	@ (1000c83c <StreamPrintArg+0xa44>)
1000c6b8:	f002 fe52 	bl	1000f360 <____wrap___aeabi_dmul_veneer>
1000c6bc:	0006      	movs	r6, r0
1000c6be:	000f      	movs	r7, r1
1000c6c0:	3402      	adds	r4, #2
1000c6c2:	2200      	movs	r2, #0
1000c6c4:	0030      	movs	r0, r6
1000c6c6:	0039      	movs	r1, r7
1000c6c8:	4b5d      	ldr	r3, [pc, #372]	@ (1000c840 <StreamPrintArg+0xa48>)
1000c6ca:	f002 fe89 	bl	1000f3e0 <____wrap___aeabi_dcmpge_veneer>
1000c6ce:	2800      	cmp	r0, #0
1000c6d0:	d008      	beq.n	1000c6e4 <StreamPrintArg+0x8ec>
1000c6d2:	0030      	movs	r0, r6
1000c6d4:	0039      	movs	r1, r7
1000c6d6:	4a5b      	ldr	r2, [pc, #364]	@ (1000c844 <StreamPrintArg+0xa4c>)
1000c6d8:	4b5b      	ldr	r3, [pc, #364]	@ (1000c848 <StreamPrintArg+0xa50>)
1000c6da:	f002 fe41 	bl	1000f360 <____wrap___aeabi_dmul_veneer>
1000c6de:	0006      	movs	r6, r0
1000c6e0:	000f      	movs	r7, r1
1000c6e2:	3401      	adds	r4, #1
1000c6e4:	2302      	movs	r3, #2
1000c6e6:	9317      	str	r3, [sp, #92]	@ 0x5c
1000c6e8:	2300      	movs	r3, #0
1000c6ea:	9d07      	ldr	r5, [sp, #28]
1000c6ec:	9316      	str	r3, [sp, #88]	@ 0x58
1000c6ee:	002b      	movs	r3, r5
1000c6f0:	2220      	movs	r2, #32
1000c6f2:	4393      	bics	r3, r2
1000c6f4:	b2db      	uxtb	r3, r3
1000c6f6:	2b45      	cmp	r3, #69	@ 0x45
1000c6f8:	d100      	bne.n	1000c6fc <StreamPrintArg+0x904>
1000c6fa:	e16a      	b.n	1000c9d2 <StreamPrintArg+0xbda>
1000c6fc:	2d74      	cmp	r5, #116	@ 0x74
1000c6fe:	d100      	bne.n	1000c702 <StreamPrintArg+0x90a>
1000c700:	e18c      	b.n	1000ca1c <StreamPrintArg+0xc24>
1000c702:	2d47      	cmp	r5, #71	@ 0x47
1000c704:	d002      	beq.n	1000c70c <StreamPrintArg+0x914>
1000c706:	2d67      	cmp	r5, #103	@ 0x67
1000c708:	d000      	beq.n	1000c70c <StreamPrintArg+0x914>
1000c70a:	e152      	b.n	1000c9b2 <StreamPrintArg+0xbba>
1000c70c:	1ce3      	adds	r3, r4, #3
1000c70e:	da00      	bge.n	1000c712 <StreamPrintArg+0x91a>
1000c710:	e15c      	b.n	1000c9cc <StreamPrintArg+0xbd4>
1000c712:	9b00      	ldr	r3, [sp, #0]
1000c714:	42a3      	cmp	r3, r4
1000c716:	da03      	bge.n	1000c720 <StreamPrintArg+0x928>
1000c718:	9b0b      	ldr	r3, [sp, #44]	@ 0x2c
1000c71a:	429c      	cmp	r4, r3
1000c71c:	dd00      	ble.n	1000c720 <StreamPrintArg+0x928>
1000c71e:	e155      	b.n	1000c9cc <StreamPrintArg+0xbd4>
1000c720:	2c00      	cmp	r4, #0
1000c722:	da00      	bge.n	1000c726 <StreamPrintArg+0x92e>
1000c724:	e173      	b.n	1000ca0e <StreamPrintArg+0xc16>
1000c726:	1c63      	adds	r3, r4, #1
1000c728:	9302      	str	r3, [sp, #8]
1000c72a:	2300      	movs	r3, #0
1000c72c:	9a02      	ldr	r2, [sp, #8]
1000c72e:	9311      	str	r3, [sp, #68]	@ 0x44
1000c730:	9310      	str	r3, [sp, #64]	@ 0x40
1000c732:	9b00      	ldr	r3, [sp, #0]
1000c734:	4293      	cmp	r3, r2
1000c736:	da03      	bge.n	1000c740 <StreamPrintArg+0x948>
1000c738:	0013      	movs	r3, r2
1000c73a:	9a00      	ldr	r2, [sp, #0]
1000c73c:	1a9b      	subs	r3, r3, r2
1000c73e:	9311      	str	r3, [sp, #68]	@ 0x44
1000c740:	9b00      	ldr	r3, [sp, #0]
1000c742:	930f      	str	r3, [sp, #60]	@ 0x3c
1000c744:	2300      	movs	r3, #0
1000c746:	e14c      	b.n	1000c9e2 <StreamPrintArg+0xbea>
1000c748:	9b07      	ldr	r3, [sp, #28]
1000c74a:	2b67      	cmp	r3, #103	@ 0x67
1000c74c:	d105      	bne.n	1000c75a <StreamPrintArg+0x962>
1000c74e:	9b00      	ldr	r3, [sp, #0]
1000c750:	2b00      	cmp	r3, #0
1000c752:	dc05      	bgt.n	1000c760 <StreamPrintArg+0x968>
1000c754:	2301      	movs	r3, #1
1000c756:	9300      	str	r3, [sp, #0]
1000c758:	e002      	b.n	1000c760 <StreamPrintArg+0x968>
1000c75a:	9b07      	ldr	r3, [sp, #28]
1000c75c:	2b74      	cmp	r3, #116	@ 0x74
1000c75e:	d0f6      	beq.n	1000c74e <StreamPrintArg+0x956>
1000c760:	9e02      	ldr	r6, [sp, #8]
1000c762:	9f03      	ldr	r7, [sp, #12]
1000c764:	2300      	movs	r3, #0
1000c766:	001c      	movs	r4, r3
1000c768:	9312      	str	r3, [sp, #72]	@ 0x48
1000c76a:	e70f      	b.n	1000c58c <StreamPrintArg+0x794>
1000c76c:	9b00      	ldr	r3, [sp, #0]
1000c76e:	2b00      	cmp	r3, #0
1000c770:	dc00      	bgt.n	1000c774 <StreamPrintArg+0x97c>
1000c772:	9200      	str	r2, [sp, #0]
1000c774:	9b07      	ldr	r3, [sp, #28]
1000c776:	2400      	movs	r4, #0
1000c778:	9e02      	ldr	r6, [sp, #8]
1000c77a:	9f03      	ldr	r7, [sp, #12]
1000c77c:	2b42      	cmp	r3, #66	@ 0x42
1000c77e:	d009      	beq.n	1000c794 <StreamPrintArg+0x99c>
1000c780:	9412      	str	r4, [sp, #72]	@ 0x48
1000c782:	e703      	b.n	1000c58c <StreamPrintArg+0x794>
1000c784:	0030      	movs	r0, r6
1000c786:	0039      	movs	r1, r7
1000c788:	4b30      	ldr	r3, [pc, #192]	@ (1000c84c <StreamPrintArg+0xa54>)
1000c78a:	f002 fde9 	bl	1000f360 <____wrap___aeabi_dmul_veneer>
1000c78e:	0006      	movs	r6, r0
1000c790:	000f      	movs	r7, r1
1000c792:	3403      	adds	r4, #3
1000c794:	2200      	movs	r2, #0
1000c796:	0030      	movs	r0, r6
1000c798:	0039      	movs	r1, r7
1000c79a:	4b2d      	ldr	r3, [pc, #180]	@ (1000c850 <StreamPrintArg+0xa58>)
1000c79c:	f002 fe20 	bl	1000f3e0 <____wrap___aeabi_dcmpge_veneer>
1000c7a0:	2200      	movs	r2, #0
1000c7a2:	2800      	cmp	r0, #0
1000c7a4:	d1ee      	bne.n	1000c784 <StreamPrintArg+0x98c>
1000c7a6:	4b2b      	ldr	r3, [pc, #172]	@ (1000c854 <StreamPrintArg+0xa5c>)
1000c7a8:	0030      	movs	r0, r6
1000c7aa:	0039      	movs	r1, r7
1000c7ac:	f002 fe18 	bl	1000f3e0 <____wrap___aeabi_dcmpge_veneer>
1000c7b0:	1e43      	subs	r3, r0, #1
1000c7b2:	4198      	sbcs	r0, r3
1000c7b4:	9012      	str	r0, [sp, #72]	@ 0x48
1000c7b6:	e6e9      	b.n	1000c58c <StreamPrintArg+0x794>
1000c7b8:	00000fff 	.word	0x00000fff
1000c7bc:	1001030b 	.word	0x1001030b
1000c7c0:	10010307 	.word	0x10010307
1000c7c4:	00040021 	.word	0x00040021
1000c7c8:	3ff00000 	.word	0x3ff00000
1000c7cc:	7f73bf3c 	.word	0x7f73bf3c
1000c7d0:	75154fdd 	.word	0x75154fdd
1000c7d4:	64ac6f43 	.word	0x64ac6f43
1000c7d8:	0ac80628 	.word	0x0ac80628
1000c7dc:	f9301d32 	.word	0xf9301d32
1000c7e0:	5a827748 	.word	0x5a827748
1000c7e4:	cf8c979d 	.word	0xcf8c979d
1000c7e8:	255bba08 	.word	0x255bba08
1000c7ec:	e93ff9f5 	.word	0xe93ff9f5
1000c7f0:	4d384f03 	.word	0x4d384f03
1000c7f4:	44f4a73d 	.word	0x44f4a73d
1000c7f8:	32a50ffd 	.word	0x32a50ffd
1000c7fc:	b5056e17 	.word	0xb5056e17
1000c800:	4693b8b5 	.word	0x4693b8b5
1000c804:	d5a8a733 	.word	0xd5a8a733
1000c808:	3949f623 	.word	0x3949f623
1000c80c:	37e08000 	.word	0x37e08000
1000c810:	4341c379 	.word	0x4341c379
1000c814:	97d889bc 	.word	0x97d889bc
1000c818:	3c9cd2b2 	.word	0x3c9cd2b2
1000c81c:	4197d784 	.word	0x4197d784
1000c820:	e2308c3a 	.word	0xe2308c3a
1000c824:	3e45798e 	.word	0x3e45798e
1000c828:	40c38800 	.word	0x40c38800
1000c82c:	eb1c432d 	.word	0xeb1c432d
1000c830:	3f1a36e2 	.word	0x3f1a36e2
1000c834:	40590000 	.word	0x40590000
1000c838:	47ae147b 	.word	0x47ae147b
1000c83c:	3f847ae1 	.word	0x3f847ae1
1000c840:	40240000 	.word	0x40240000
1000c844:	9999999a 	.word	0x9999999a
1000c848:	3fb99999 	.word	0x3fb99999
1000c84c:	3f500000 	.word	0x3f500000
1000c850:	40900000 	.word	0x40900000
1000c854:	408f4000 	.word	0x408f4000
1000c858:	0030      	movs	r0, r6
1000c85a:	0039      	movs	r1, r7
1000c85c:	4aa4      	ldr	r2, [pc, #656]	@ (1000caf0 <StreamPrintArg+0xcf8>)
1000c85e:	4ba5      	ldr	r3, [pc, #660]	@ (1000caf4 <StreamPrintArg+0xcfc>)
1000c860:	f002 fdce 	bl	1000f400 <____wrap___aeabi_dcmplt_veneer>
1000c864:	2800      	cmp	r0, #0
1000c866:	d009      	beq.n	1000c87c <StreamPrintArg+0xa84>
1000c868:	0030      	movs	r0, r6
1000c86a:	0039      	movs	r1, r7
1000c86c:	4aa2      	ldr	r2, [pc, #648]	@ (1000caf8 <StreamPrintArg+0xd00>)
1000c86e:	4ba3      	ldr	r3, [pc, #652]	@ (1000cafc <StreamPrintArg+0xd04>)
1000c870:	f002 fd76 	bl	1000f360 <____wrap___aeabi_dmul_veneer>
1000c874:	0006      	movs	r6, r0
1000c876:	000f      	movs	r7, r1
1000c878:	3c02      	subs	r4, #2
1000c87a:	3cff      	subs	r4, #255	@ 0xff
1000c87c:	0030      	movs	r0, r6
1000c87e:	0039      	movs	r1, r7
1000c880:	4a9f      	ldr	r2, [pc, #636]	@ (1000cb00 <StreamPrintArg+0xd08>)
1000c882:	4ba0      	ldr	r3, [pc, #640]	@ (1000cb04 <StreamPrintArg+0xd0c>)
1000c884:	f002 fdbc 	bl	1000f400 <____wrap___aeabi_dcmplt_veneer>
1000c888:	2800      	cmp	r0, #0
1000c88a:	d008      	beq.n	1000c89e <StreamPrintArg+0xaa6>
1000c88c:	0030      	movs	r0, r6
1000c88e:	0039      	movs	r1, r7
1000c890:	4a9d      	ldr	r2, [pc, #628]	@ (1000cb08 <StreamPrintArg+0xd10>)
1000c892:	4b9e      	ldr	r3, [pc, #632]	@ (1000cb0c <StreamPrintArg+0xd14>)
1000c894:	f002 fd64 	bl	1000f360 <____wrap___aeabi_dmul_veneer>
1000c898:	0006      	movs	r6, r0
1000c89a:	000f      	movs	r7, r1
1000c89c:	3c81      	subs	r4, #129	@ 0x81
1000c89e:	0030      	movs	r0, r6
1000c8a0:	0039      	movs	r1, r7
1000c8a2:	4a9b      	ldr	r2, [pc, #620]	@ (1000cb10 <StreamPrintArg+0xd18>)
1000c8a4:	4b9b      	ldr	r3, [pc, #620]	@ (1000cb14 <StreamPrintArg+0xd1c>)
1000c8a6:	f002 fdab 	bl	1000f400 <____wrap___aeabi_dcmplt_veneer>
1000c8aa:	2800      	cmp	r0, #0
1000c8ac:	d008      	beq.n	1000c8c0 <StreamPrintArg+0xac8>
1000c8ae:	0030      	movs	r0, r6
1000c8b0:	0039      	movs	r1, r7
1000c8b2:	4a99      	ldr	r2, [pc, #612]	@ (1000cb18 <StreamPrintArg+0xd20>)
1000c8b4:	4b99      	ldr	r3, [pc, #612]	@ (1000cb1c <StreamPrintArg+0xd24>)
1000c8b6:	f002 fd53 	bl	1000f360 <____wrap___aeabi_dmul_veneer>
1000c8ba:	0006      	movs	r6, r0
1000c8bc:	000f      	movs	r7, r1
1000c8be:	3c41      	subs	r4, #65	@ 0x41
1000c8c0:	0030      	movs	r0, r6
1000c8c2:	0039      	movs	r1, r7
1000c8c4:	4a96      	ldr	r2, [pc, #600]	@ (1000cb20 <StreamPrintArg+0xd28>)
1000c8c6:	4b97      	ldr	r3, [pc, #604]	@ (1000cb24 <StreamPrintArg+0xd2c>)
1000c8c8:	f002 fd9a 	bl	1000f400 <____wrap___aeabi_dcmplt_veneer>
1000c8cc:	2800      	cmp	r0, #0
1000c8ce:	d008      	beq.n	1000c8e2 <StreamPrintArg+0xaea>
1000c8d0:	0030      	movs	r0, r6
1000c8d2:	0039      	movs	r1, r7
1000c8d4:	4a94      	ldr	r2, [pc, #592]	@ (1000cb28 <StreamPrintArg+0xd30>)
1000c8d6:	4b95      	ldr	r3, [pc, #596]	@ (1000cb2c <StreamPrintArg+0xd34>)
1000c8d8:	f002 fd42 	bl	1000f360 <____wrap___aeabi_dmul_veneer>
1000c8dc:	0006      	movs	r6, r0
1000c8de:	000f      	movs	r7, r1
1000c8e0:	3c21      	subs	r4, #33	@ 0x21
1000c8e2:	0030      	movs	r0, r6
1000c8e4:	0039      	movs	r1, r7
1000c8e6:	4a92      	ldr	r2, [pc, #584]	@ (1000cb30 <StreamPrintArg+0xd38>)
1000c8e8:	4b92      	ldr	r3, [pc, #584]	@ (1000cb34 <StreamPrintArg+0xd3c>)
1000c8ea:	f002 fd89 	bl	1000f400 <____wrap___aeabi_dcmplt_veneer>
1000c8ee:	2800      	cmp	r0, #0
1000c8f0:	d008      	beq.n	1000c904 <StreamPrintArg+0xb0c>
1000c8f2:	0030      	movs	r0, r6
1000c8f4:	0039      	movs	r1, r7
1000c8f6:	4a90      	ldr	r2, [pc, #576]	@ (1000cb38 <StreamPrintArg+0xd40>)
1000c8f8:	4b90      	ldr	r3, [pc, #576]	@ (1000cb3c <StreamPrintArg+0xd44>)
1000c8fa:	f002 fd31 	bl	1000f360 <____wrap___aeabi_dmul_veneer>
1000c8fe:	0006      	movs	r6, r0
1000c900:	000f      	movs	r7, r1
1000c902:	3c11      	subs	r4, #17
1000c904:	0030      	movs	r0, r6
1000c906:	0039      	movs	r1, r7
1000c908:	4a8d      	ldr	r2, [pc, #564]	@ (1000cb40 <StreamPrintArg+0xd48>)
1000c90a:	4b8e      	ldr	r3, [pc, #568]	@ (1000cb44 <StreamPrintArg+0xd4c>)
1000c90c:	f002 fd78 	bl	1000f400 <____wrap___aeabi_dcmplt_veneer>
1000c910:	2800      	cmp	r0, #0
1000c912:	d008      	beq.n	1000c926 <StreamPrintArg+0xb2e>
1000c914:	0030      	movs	r0, r6
1000c916:	0039      	movs	r1, r7
1000c918:	2200      	movs	r2, #0
1000c91a:	4b8b      	ldr	r3, [pc, #556]	@ (1000cb48 <StreamPrintArg+0xd50>)
1000c91c:	f002 fd20 	bl	1000f360 <____wrap___aeabi_dmul_veneer>
1000c920:	0006      	movs	r6, r0
1000c922:	000f      	movs	r7, r1
1000c924:	3c09      	subs	r4, #9
1000c926:	0030      	movs	r0, r6
1000c928:	0039      	movs	r1, r7
1000c92a:	4a88      	ldr	r2, [pc, #544]	@ (1000cb4c <StreamPrintArg+0xd54>)
1000c92c:	4b88      	ldr	r3, [pc, #544]	@ (1000cb50 <StreamPrintArg+0xd58>)
1000c92e:	f002 fd67 	bl	1000f400 <____wrap___aeabi_dcmplt_veneer>
1000c932:	2800      	cmp	r0, #0
1000c934:	d008      	beq.n	1000c948 <StreamPrintArg+0xb50>
1000c936:	0030      	movs	r0, r6
1000c938:	0039      	movs	r1, r7
1000c93a:	2200      	movs	r2, #0
1000c93c:	4b85      	ldr	r3, [pc, #532]	@ (1000cb54 <StreamPrintArg+0xd5c>)
1000c93e:	f002 fd0f 	bl	1000f360 <____wrap___aeabi_dmul_veneer>
1000c942:	0006      	movs	r6, r0
1000c944:	000f      	movs	r7, r1
1000c946:	3c05      	subs	r4, #5
1000c948:	0030      	movs	r0, r6
1000c94a:	0039      	movs	r1, r7
1000c94c:	4a82      	ldr	r2, [pc, #520]	@ (1000cb58 <StreamPrintArg+0xd60>)
1000c94e:	4b83      	ldr	r3, [pc, #524]	@ (1000cb5c <StreamPrintArg+0xd64>)
1000c950:	f002 fd56 	bl	1000f400 <____wrap___aeabi_dcmplt_veneer>
1000c954:	2800      	cmp	r0, #0
1000c956:	d008      	beq.n	1000c96a <StreamPrintArg+0xb72>
1000c958:	0030      	movs	r0, r6
1000c95a:	0039      	movs	r1, r7
1000c95c:	2200      	movs	r2, #0
1000c95e:	4b80      	ldr	r3, [pc, #512]	@ (1000cb60 <StreamPrintArg+0xd68>)
1000c960:	f002 fcfe 	bl	1000f360 <____wrap___aeabi_dmul_veneer>
1000c964:	0006      	movs	r6, r0
1000c966:	000f      	movs	r7, r1
1000c968:	3c03      	subs	r4, #3
1000c96a:	0030      	movs	r0, r6
1000c96c:	0039      	movs	r1, r7
1000c96e:	4a7d      	ldr	r2, [pc, #500]	@ (1000cb64 <StreamPrintArg+0xd6c>)
1000c970:	4b7d      	ldr	r3, [pc, #500]	@ (1000cb68 <StreamPrintArg+0xd70>)
1000c972:	f002 fd45 	bl	1000f400 <____wrap___aeabi_dcmplt_veneer>
1000c976:	2800      	cmp	r0, #0
1000c978:	d008      	beq.n	1000c98c <StreamPrintArg+0xb94>
1000c97a:	0030      	movs	r0, r6
1000c97c:	0039      	movs	r1, r7
1000c97e:	2200      	movs	r2, #0
1000c980:	4b7a      	ldr	r3, [pc, #488]	@ (1000cb6c <StreamPrintArg+0xd74>)
1000c982:	f002 fced 	bl	1000f360 <____wrap___aeabi_dmul_veneer>
1000c986:	0006      	movs	r6, r0
1000c988:	000f      	movs	r7, r1
1000c98a:	3c02      	subs	r4, #2
1000c98c:	2200      	movs	r2, #0
1000c98e:	0030      	movs	r0, r6
1000c990:	0039      	movs	r1, r7
1000c992:	4b77      	ldr	r3, [pc, #476]	@ (1000cb70 <StreamPrintArg+0xd78>)
1000c994:	f002 fd34 	bl	1000f400 <____wrap___aeabi_dcmplt_veneer>
1000c998:	2800      	cmp	r0, #0
1000c99a:	d100      	bne.n	1000c99e <StreamPrintArg+0xba6>
1000c99c:	e6a2      	b.n	1000c6e4 <StreamPrintArg+0x8ec>
1000c99e:	0030      	movs	r0, r6
1000c9a0:	0039      	movs	r1, r7
1000c9a2:	2200      	movs	r2, #0
1000c9a4:	4b73      	ldr	r3, [pc, #460]	@ (1000cb74 <StreamPrintArg+0xd7c>)
1000c9a6:	f002 fcdb 	bl	1000f360 <____wrap___aeabi_dmul_veneer>
1000c9aa:	3c01      	subs	r4, #1
1000c9ac:	0006      	movs	r6, r0
1000c9ae:	000f      	movs	r7, r1
1000c9b0:	e698      	b.n	1000c6e4 <StreamPrintArg+0x8ec>
1000c9b2:	9a00      	ldr	r2, [sp, #0]
1000c9b4:	3201      	adds	r2, #1
1000c9b6:	920f      	str	r2, [sp, #60]	@ 0x3c
1000c9b8:	2b46      	cmp	r3, #70	@ 0x46
1000c9ba:	d014      	beq.n	1000c9e6 <StreamPrintArg+0xbee>
1000c9bc:	2300      	movs	r3, #0
1000c9be:	9310      	str	r3, [sp, #64]	@ 0x40
1000c9c0:	930e      	str	r3, [sp, #56]	@ 0x38
1000c9c2:	2d42      	cmp	r5, #66	@ 0x42
1000c9c4:	d02e      	beq.n	1000ca24 <StreamPrintArg+0xc2c>
1000c9c6:	3301      	adds	r3, #1
1000c9c8:	9302      	str	r3, [sp, #8]
1000c9ca:	e015      	b.n	1000c9f8 <StreamPrintArg+0xc00>
1000c9cc:	9b00      	ldr	r3, [sp, #0]
1000c9ce:	3b01      	subs	r3, #1
1000c9d0:	9300      	str	r3, [sp, #0]
1000c9d2:	9b00      	ldr	r3, [sp, #0]
1000c9d4:	3301      	adds	r3, #1
1000c9d6:	930f      	str	r3, [sp, #60]	@ 0x3c
1000c9d8:	2300      	movs	r3, #0
1000c9da:	9310      	str	r3, [sp, #64]	@ 0x40
1000c9dc:	9311      	str	r3, [sp, #68]	@ 0x44
1000c9de:	3301      	adds	r3, #1
1000c9e0:	9302      	str	r3, [sp, #8]
1000c9e2:	930e      	str	r3, [sp, #56]	@ 0x38
1000c9e4:	e03e      	b.n	1000ca64 <StreamPrintArg+0xc6c>
1000c9e6:	2c00      	cmp	r4, #0
1000c9e8:	db0c      	blt.n	1000ca04 <StreamPrintArg+0xc0c>
1000c9ea:	1c63      	adds	r3, r4, #1
1000c9ec:	9302      	str	r3, [sp, #8]
1000c9ee:	2300      	movs	r3, #0
1000c9f0:	9310      	str	r3, [sp, #64]	@ 0x40
1000c9f2:	9b0f      	ldr	r3, [sp, #60]	@ 0x3c
1000c9f4:	191b      	adds	r3, r3, r4
1000c9f6:	930f      	str	r3, [sp, #60]	@ 0x3c
1000c9f8:	2300      	movs	r3, #0
1000c9fa:	930e      	str	r3, [sp, #56]	@ 0x38
1000c9fc:	2d54      	cmp	r5, #84	@ 0x54
1000c9fe:	d011      	beq.n	1000ca24 <StreamPrintArg+0xc2c>
1000ca00:	9311      	str	r3, [sp, #68]	@ 0x44
1000ca02:	e02f      	b.n	1000ca64 <StreamPrintArg+0xc6c>
1000ca04:	4263      	negs	r3, r4
1000ca06:	9310      	str	r3, [sp, #64]	@ 0x40
1000ca08:	2301      	movs	r3, #1
1000ca0a:	9302      	str	r3, [sp, #8]
1000ca0c:	e7f1      	b.n	1000c9f2 <StreamPrintArg+0xbfa>
1000ca0e:	4263      	negs	r3, r4
1000ca10:	9310      	str	r3, [sp, #64]	@ 0x40
1000ca12:	2300      	movs	r3, #0
1000ca14:	9311      	str	r3, [sp, #68]	@ 0x44
1000ca16:	3301      	adds	r3, #1
1000ca18:	9302      	str	r3, [sp, #8]
1000ca1a:	e691      	b.n	1000c740 <StreamPrintArg+0x948>
1000ca1c:	2300      	movs	r3, #0
1000ca1e:	9310      	str	r3, [sp, #64]	@ 0x40
1000ca20:	3301      	adds	r3, #1
1000ca22:	930e      	str	r3, [sp, #56]	@ 0x38
1000ca24:	2303      	movs	r3, #3
1000ca26:	930c      	str	r3, [sp, #48]	@ 0x30
1000ca28:	9b12      	ldr	r3, [sp, #72]	@ 0x48
1000ca2a:	2b00      	cmp	r3, #0
1000ca2c:	d106      	bne.n	1000ca3c <StreamPrintArg+0xc44>
1000ca2e:	0020      	movs	r0, r4
1000ca30:	304e      	adds	r0, #78	@ 0x4e
1000ca32:	2103      	movs	r1, #3
1000ca34:	30ff      	adds	r0, #255	@ 0xff
1000ca36:	f7fb fbfb 	bl	10008230 <DivS32>
1000ca3a:	910c      	str	r1, [sp, #48]	@ 0x30
1000ca3c:	9b0c      	ldr	r3, [sp, #48]	@ 0x30
1000ca3e:	1ae4      	subs	r4, r4, r3
1000ca40:	3301      	adds	r3, #1
1000ca42:	9302      	str	r3, [sp, #8]
1000ca44:	2300      	movs	r3, #0
1000ca46:	9a02      	ldr	r2, [sp, #8]
1000ca48:	9311      	str	r3, [sp, #68]	@ 0x44
1000ca4a:	9b00      	ldr	r3, [sp, #0]
1000ca4c:	4293      	cmp	r3, r2
1000ca4e:	da03      	bge.n	1000ca58 <StreamPrintArg+0xc60>
1000ca50:	0013      	movs	r3, r2
1000ca52:	9a00      	ldr	r2, [sp, #0]
1000ca54:	1a9b      	subs	r3, r3, r2
1000ca56:	9311      	str	r3, [sp, #68]	@ 0x44
1000ca58:	0023      	movs	r3, r4
1000ca5a:	331e      	adds	r3, #30
1000ca5c:	2b3e      	cmp	r3, #62	@ 0x3e
1000ca5e:	d810      	bhi.n	1000ca82 <StreamPrintArg+0xc8a>
1000ca60:	9b00      	ldr	r3, [sp, #0]
1000ca62:	930f      	str	r3, [sp, #60]	@ 0x3c
1000ca64:	9b17      	ldr	r3, [sp, #92]	@ 0x5c
1000ca66:	2b01      	cmp	r3, #1
1000ca68:	d111      	bne.n	1000ca8e <StreamPrintArg+0xc96>
1000ca6a:	9b16      	ldr	r3, [sp, #88]	@ 0x58
1000ca6c:	2b00      	cmp	r3, #0
1000ca6e:	d002      	beq.n	1000ca76 <StreamPrintArg+0xc7e>
1000ca70:	ab1a      	add	r3, sp, #104	@ 0x68
1000ca72:	709d      	strb	r5, [r3, #2]
1000ca74:	9507      	str	r5, [sp, #28]
1000ca76:	2340      	movs	r3, #64	@ 0x40
1000ca78:	9a01      	ldr	r2, [sp, #4]
1000ca7a:	ad1b      	add	r5, sp, #108	@ 0x6c
1000ca7c:	401a      	ands	r2, r3
1000ca7e:	920c      	str	r2, [sp, #48]	@ 0x30
1000ca80:	e0b4      	b.n	1000cbec <StreamPrintArg+0xdf4>
1000ca82:	9b00      	ldr	r3, [sp, #0]
1000ca84:	2574      	movs	r5, #116	@ 0x74
1000ca86:	930f      	str	r3, [sp, #60]	@ 0x3c
1000ca88:	2301      	movs	r3, #1
1000ca8a:	9316      	str	r3, [sp, #88]	@ 0x58
1000ca8c:	e7a9      	b.n	1000c9e2 <StreamPrintArg+0xbea>
1000ca8e:	9b0f      	ldr	r3, [sp, #60]	@ 0x3c
1000ca90:	2b12      	cmp	r3, #18
1000ca92:	dcea      	bgt.n	1000ca6a <StreamPrintArg+0xc72>
1000ca94:	9a0f      	ldr	r2, [sp, #60]	@ 0x3c
1000ca96:	4b38      	ldr	r3, [pc, #224]	@ (1000cb78 <StreamPrintArg+0xd80>)
1000ca98:	00d2      	lsls	r2, r2, #3
1000ca9a:	189b      	adds	r3, r3, r2
1000ca9c:	681a      	ldr	r2, [r3, #0]
1000ca9e:	685b      	ldr	r3, [r3, #4]
1000caa0:	0030      	movs	r0, r6
1000caa2:	0039      	movs	r1, r7
1000caa4:	f002 fcbc 	bl	1000f420 <____wrap___aeabi_dadd_veneer>
1000caa8:	2200      	movs	r2, #0
1000caaa:	4b32      	ldr	r3, [pc, #200]	@ (1000cb74 <StreamPrintArg+0xd7c>)
1000caac:	0006      	movs	r6, r0
1000caae:	000f      	movs	r7, r1
1000cab0:	f002 fc96 	bl	1000f3e0 <____wrap___aeabi_dcmpge_veneer>
1000cab4:	2800      	cmp	r0, #0
1000cab6:	d0d8      	beq.n	1000ca6a <StreamPrintArg+0xc72>
1000cab8:	0030      	movs	r0, r6
1000caba:	0039      	movs	r1, r7
1000cabc:	4a29      	ldr	r2, [pc, #164]	@ (1000cb64 <StreamPrintArg+0xd6c>)
1000cabe:	4b2a      	ldr	r3, [pc, #168]	@ (1000cb68 <StreamPrintArg+0xd70>)
1000cac0:	f002 fc4e 	bl	1000f360 <____wrap___aeabi_dmul_veneer>
1000cac4:	3401      	adds	r4, #1
1000cac6:	0006      	movs	r6, r0
1000cac8:	000f      	movs	r7, r1
1000caca:	2d42      	cmp	r5, #66	@ 0x42
1000cacc:	d003      	beq.n	1000cad6 <StreamPrintArg+0xcde>
1000cace:	23df      	movs	r3, #223	@ 0xdf
1000cad0:	402b      	ands	r3, r5
1000cad2:	2b54      	cmp	r3, #84	@ 0x54
1000cad4:	d101      	bne.n	1000cada <StreamPrintArg+0xce2>
1000cad6:	9b0c      	ldr	r3, [sp, #48]	@ 0x30
1000cad8:	18e4      	adds	r4, r4, r3
1000cada:	2301      	movs	r3, #1
1000cadc:	9317      	str	r3, [sp, #92]	@ 0x5c
1000cade:	e606      	b.n	1000c6ee <StreamPrintArg+0x8f6>
1000cae0:	9b10      	ldr	r3, [sp, #64]	@ 0x40
1000cae2:	2b00      	cmp	r3, #0
1000cae4:	dd4a      	ble.n	1000cb7c <StreamPrintArg+0xd84>
1000cae6:	3b01      	subs	r3, #1
1000cae8:	9310      	str	r3, [sp, #64]	@ 0x40
1000caea:	2330      	movs	r3, #48	@ 0x30
1000caec:	9313      	str	r3, [sp, #76]	@ 0x4c
1000caee:	e064      	b.n	1000cbba <StreamPrintArg+0xdc2>
1000caf0:	64ac6f43 	.word	0x64ac6f43
1000caf4:	0ac80628 	.word	0x0ac80628
1000caf8:	df50af0b 	.word	0xdf50af0b
1000cafc:	754aa3d4 	.word	0x754aa3d4
1000cb00:	cf8c979d 	.word	0xcf8c979d
1000cb04:	255bba08 	.word	0x255bba08
1000cb08:	377c247e 	.word	0x377c247e
1000cb0c:	5ab7151b 	.word	0x5ab7151b
1000cb10:	44f4a73d 	.word	0x44f4a73d
1000cb14:	32a50ffd 	.word	0x32a50ffd
1000cb18:	e38ff872 	.word	0xe38ff872
1000cb1c:	4d6e62c4 	.word	0x4d6e62c4
1000cb20:	d5a8a733 	.word	0xd5a8a733
1000cb24:	3949f623 	.word	0x3949f623
1000cb28:	2246c99c 	.word	0x2246c99c
1000cb2c:	46c8a6e3 	.word	0x46c8a6e3
1000cb30:	97d889bc 	.word	0x97d889bc
1000cb34:	3c9cd2b2 	.word	0x3c9cd2b2
1000cb38:	85d8a000 	.word	0x85d8a000
1000cb3c:	43763457 	.word	0x43763457
1000cb40:	e2308c3a 	.word	0xe2308c3a
1000cb44:	3e45798e 	.word	0x3e45798e
1000cb48:	41cdcd65 	.word	0x41cdcd65
1000cb4c:	eb1c432d 	.word	0xeb1c432d
1000cb50:	3f1a36e2 	.word	0x3f1a36e2
1000cb54:	40f86a00 	.word	0x40f86a00
1000cb58:	47ae147b 	.word	0x47ae147b
1000cb5c:	3f847ae1 	.word	0x3f847ae1
1000cb60:	408f4000 	.word	0x408f4000
1000cb64:	9999999a 	.word	0x9999999a
1000cb68:	3fb99999 	.word	0x3fb99999
1000cb6c:	40590000 	.word	0x40590000
1000cb70:	3ff00000 	.word	0x3ff00000
1000cb74:	40240000 	.word	0x40240000
1000cb78:	10010558 	.word	0x10010558
1000cb7c:	9b0f      	ldr	r3, [sp, #60]	@ 0x3c
1000cb7e:	2b00      	cmp	r3, #0
1000cb80:	dd72      	ble.n	1000cc68 <StreamPrintArg+0xe70>
1000cb82:	0039      	movs	r1, r7
1000cb84:	0030      	movs	r0, r6
1000cb86:	f002 fc6b 	bl	1000f460 <____wrap___aeabi_d2uiz_veneer>
1000cb8a:	b2c3      	uxtb	r3, r0
1000cb8c:	0018      	movs	r0, r3
1000cb8e:	9300      	str	r3, [sp, #0]
1000cb90:	f002 fc4e 	bl	1000f430 <____wrap___aeabi_i2d_veneer>
1000cb94:	0002      	movs	r2, r0
1000cb96:	000b      	movs	r3, r1
1000cb98:	0030      	movs	r0, r6
1000cb9a:	0039      	movs	r1, r7
1000cb9c:	f002 fbf0 	bl	1000f380 <____wrap___aeabi_dsub_veneer>
1000cba0:	4bb8      	ldr	r3, [pc, #736]	@ (1000ce84 <StreamPrintArg+0x108c>)
1000cba2:	2200      	movs	r2, #0
1000cba4:	f002 fbdc 	bl	1000f360 <____wrap___aeabi_dmul_veneer>
1000cba8:	0006      	movs	r6, r0
1000cbaa:	000f      	movs	r7, r1
1000cbac:	9b00      	ldr	r3, [sp, #0]
1000cbae:	3330      	adds	r3, #48	@ 0x30
1000cbb0:	b2db      	uxtb	r3, r3
1000cbb2:	9313      	str	r3, [sp, #76]	@ 0x4c
1000cbb4:	9b0f      	ldr	r3, [sp, #60]	@ 0x3c
1000cbb6:	3b01      	subs	r3, #1
1000cbb8:	930f      	str	r3, [sp, #60]	@ 0x3c
1000cbba:	9b13      	ldr	r3, [sp, #76]	@ 0x4c
1000cbbc:	702b      	strb	r3, [r5, #0]
1000cbbe:	9b02      	ldr	r3, [sp, #8]
1000cbc0:	3b01      	subs	r3, #1
1000cbc2:	9302      	str	r3, [sp, #8]
1000cbc4:	2b00      	cmp	r3, #0
1000cbc6:	d055      	beq.n	1000cc74 <StreamPrintArg+0xe7c>
1000cbc8:	3501      	adds	r5, #1
1000cbca:	9b0c      	ldr	r3, [sp, #48]	@ 0x30
1000cbcc:	2b00      	cmp	r3, #0
1000cbce:	d00d      	beq.n	1000cbec <StreamPrintArg+0xdf4>
1000cbd0:	9b02      	ldr	r3, [sp, #8]
1000cbd2:	2b00      	cmp	r3, #0
1000cbd4:	dd0a      	ble.n	1000cbec <StreamPrintArg+0xdf4>
1000cbd6:	9a02      	ldr	r2, [sp, #8]
1000cbd8:	4bab      	ldr	r3, [pc, #684]	@ (1000ce88 <StreamPrintArg+0x1090>)
1000cbda:	4353      	muls	r3, r2
1000cbdc:	4aab      	ldr	r2, [pc, #684]	@ (1000ce8c <StreamPrintArg+0x1094>)
1000cbde:	189b      	adds	r3, r3, r2
1000cbe0:	4aab      	ldr	r2, [pc, #684]	@ (1000ce90 <StreamPrintArg+0x1098>)
1000cbe2:	4293      	cmp	r3, r2
1000cbe4:	d802      	bhi.n	1000cbec <StreamPrintArg+0xdf4>
1000cbe6:	2327      	movs	r3, #39	@ 0x27
1000cbe8:	702b      	strb	r3, [r5, #0]
1000cbea:	3501      	adds	r5, #1
1000cbec:	9a10      	ldr	r2, [sp, #64]	@ 0x40
1000cbee:	9b0f      	ldr	r3, [sp, #60]	@ 0x3c
1000cbf0:	189b      	adds	r3, r3, r2
1000cbf2:	9a11      	ldr	r2, [sp, #68]	@ 0x44
1000cbf4:	189b      	adds	r3, r3, r2
1000cbf6:	2b00      	cmp	r3, #0
1000cbf8:	dd00      	ble.n	1000cbfc <StreamPrintArg+0xe04>
1000cbfa:	e771      	b.n	1000cae0 <StreamPrintArg+0xce8>
1000cbfc:	23df      	movs	r3, #223	@ 0xdf
1000cbfe:	9a07      	ldr	r2, [sp, #28]
1000cc00:	4013      	ands	r3, r2
1000cc02:	2b47      	cmp	r3, #71	@ 0x47
1000cc04:	d13a      	bne.n	1000cc7c <StreamPrintArg+0xe84>
1000cc06:	9b01      	ldr	r3, [sp, #4]
1000cc08:	07db      	lsls	r3, r3, #31
1000cc0a:	d45d      	bmi.n	1000ccc8 <StreamPrintArg+0xed0>
1000cc0c:	1e6b      	subs	r3, r5, #1
1000cc0e:	a91b      	add	r1, sp, #108	@ 0x6c
1000cc10:	1c5d      	adds	r5, r3, #1
1000cc12:	428d      	cmp	r5, r1
1000cc14:	d800      	bhi.n	1000cc18 <StreamPrintArg+0xe20>
1000cc16:	e35a      	b.n	1000d2ce <StreamPrintArg+0x14d6>
1000cc18:	781a      	ldrb	r2, [r3, #0]
1000cc1a:	3b01      	subs	r3, #1
1000cc1c:	2a30      	cmp	r2, #48	@ 0x30
1000cc1e:	d0f7      	beq.n	1000cc10 <StreamPrintArg+0xe18>
1000cc20:	1e6b      	subs	r3, r5, #1
1000cc22:	781a      	ldrb	r2, [r3, #0]
1000cc24:	2a2e      	cmp	r2, #46	@ 0x2e
1000cc26:	d100      	bne.n	1000cc2a <StreamPrintArg+0xe32>
1000cc28:	001d      	movs	r5, r3
1000cc2a:	9b07      	ldr	r3, [sp, #28]
1000cc2c:	2b74      	cmp	r3, #116	@ 0x74
1000cc2e:	d02d      	beq.n	1000cc8c <StreamPrintArg+0xe94>
1000cc30:	9b07      	ldr	r3, [sp, #28]
1000cc32:	2b42      	cmp	r3, #66	@ 0x42
1000cc34:	d148      	bne.n	1000ccc8 <StreamPrintArg+0xed0>
1000cc36:	9b01      	ldr	r3, [sp, #4]
1000cc38:	07db      	lsls	r3, r3, #31
1000cc3a:	d502      	bpl.n	1000cc42 <StreamPrintArg+0xe4a>
1000cc3c:	2320      	movs	r3, #32
1000cc3e:	702b      	strb	r3, [r5, #0]
1000cc40:	3501      	adds	r5, #1
1000cc42:	0020      	movs	r0, r4
1000cc44:	2103      	movs	r1, #3
1000cc46:	301e      	adds	r0, #30
1000cc48:	f7fb faf2 	bl	10008230 <DivS32>
1000cc4c:	4e91      	ldr	r6, [pc, #580]	@ (1000ce94 <StreamPrintArg+0x109c>)
1000cc4e:	5c33      	ldrb	r3, [r6, r0]
1000cc50:	9313      	str	r3, [sp, #76]	@ 0x4c
1000cc52:	2b6b      	cmp	r3, #107	@ 0x6b
1000cc54:	d175      	bne.n	1000cd42 <StreamPrintArg+0xf4a>
1000cc56:	9b07      	ldr	r3, [sp, #28]
1000cc58:	2b42      	cmp	r3, #66	@ 0x42
1000cc5a:	d101      	bne.n	1000cc60 <StreamPrintArg+0xe68>
1000cc5c:	3309      	adds	r3, #9
1000cc5e:	9313      	str	r3, [sp, #76]	@ 0x4c
1000cc60:	9b13      	ldr	r3, [sp, #76]	@ 0x4c
1000cc62:	702b      	strb	r3, [r5, #0]
1000cc64:	3501      	adds	r5, #1
1000cc66:	e06f      	b.n	1000cd48 <StreamPrintArg+0xf50>
1000cc68:	9b11      	ldr	r3, [sp, #68]	@ 0x44
1000cc6a:	2b00      	cmp	r3, #0
1000cc6c:	dda5      	ble.n	1000cbba <StreamPrintArg+0xdc2>
1000cc6e:	3b01      	subs	r3, #1
1000cc70:	9311      	str	r3, [sp, #68]	@ 0x44
1000cc72:	e73a      	b.n	1000caea <StreamPrintArg+0xcf2>
1000cc74:	232e      	movs	r3, #46	@ 0x2e
1000cc76:	706b      	strb	r3, [r5, #1]
1000cc78:	3502      	adds	r5, #2
1000cc7a:	e7a6      	b.n	1000cbca <StreamPrintArg+0xdd2>
1000cc7c:	9a07      	ldr	r2, [sp, #28]
1000cc7e:	2a42      	cmp	r2, #66	@ 0x42
1000cc80:	d0c4      	beq.n	1000cc0c <StreamPrintArg+0xe14>
1000cc82:	2a74      	cmp	r2, #116	@ 0x74
1000cc84:	d119      	bne.n	1000ccba <StreamPrintArg+0xec2>
1000cc86:	9b01      	ldr	r3, [sp, #4]
1000cc88:	07db      	lsls	r3, r3, #31
1000cc8a:	d4bf      	bmi.n	1000cc0c <StreamPrintArg+0xe14>
1000cc8c:	ab1b      	add	r3, sp, #108	@ 0x6c
1000cc8e:	429d      	cmp	r5, r3
1000cc90:	d908      	bls.n	1000cca4 <StreamPrintArg+0xeac>
1000cc92:	1e6b      	subs	r3, r5, #1
1000cc94:	781a      	ldrb	r2, [r3, #0]
1000cc96:	2a2e      	cmp	r2, #46	@ 0x2e
1000cc98:	d100      	bne.n	1000cc9c <StreamPrintArg+0xea4>
1000cc9a:	001d      	movs	r5, r3
1000cc9c:	9b07      	ldr	r3, [sp, #28]
1000cc9e:	2b54      	cmp	r3, #84	@ 0x54
1000cca0:	d100      	bne.n	1000cca4 <StreamPrintArg+0xeac>
1000cca2:	e311      	b.n	1000d2c8 <StreamPrintArg+0x14d0>
1000cca4:	2c00      	cmp	r4, #0
1000cca6:	d103      	bne.n	1000ccb0 <StreamPrintArg+0xeb8>
1000cca8:	9b0e      	ldr	r3, [sp, #56]	@ 0x38
1000ccaa:	9a01      	ldr	r2, [sp, #4]
1000ccac:	4393      	bics	r3, r2
1000ccae:	930e      	str	r3, [sp, #56]	@ 0x38
1000ccb0:	9a0e      	ldr	r2, [sp, #56]	@ 0x38
1000ccb2:	2365      	movs	r3, #101	@ 0x65
1000ccb4:	2a00      	cmp	r2, #0
1000ccb6:	d10f      	bne.n	1000ccd8 <StreamPrintArg+0xee0>
1000ccb8:	e033      	b.n	1000cd22 <StreamPrintArg+0xf2a>
1000ccba:	3b45      	subs	r3, #69	@ 0x45
1000ccbc:	2b01      	cmp	r3, #1
1000ccbe:	d93c      	bls.n	1000cd3a <StreamPrintArg+0xf42>
1000ccc0:	9b07      	ldr	r3, [sp, #28]
1000ccc2:	2b54      	cmp	r3, #84	@ 0x54
1000ccc4:	d100      	bne.n	1000ccc8 <StreamPrintArg+0xed0>
1000ccc6:	e2fb      	b.n	1000d2c0 <StreamPrintArg+0x14c8>
1000ccc8:	9b0e      	ldr	r3, [sp, #56]	@ 0x38
1000ccca:	2b00      	cmp	r3, #0
1000cccc:	d029      	beq.n	1000cd22 <StreamPrintArg+0xf2a>
1000ccce:	9a07      	ldr	r2, [sp, #28]
1000ccd0:	2365      	movs	r3, #101	@ 0x65
1000ccd2:	2a5a      	cmp	r2, #90	@ 0x5a
1000ccd4:	d800      	bhi.n	1000ccd8 <StreamPrintArg+0xee0>
1000ccd6:	2345      	movs	r3, #69	@ 0x45
1000ccd8:	702b      	strb	r3, [r5, #0]
1000ccda:	232b      	movs	r3, #43	@ 0x2b
1000ccdc:	2c00      	cmp	r4, #0
1000ccde:	da00      	bge.n	1000cce2 <StreamPrintArg+0xeea>
1000cce0:	3302      	adds	r3, #2
1000cce2:	706b      	strb	r3, [r5, #1]
1000cce4:	17e3      	asrs	r3, r4, #31
1000cce6:	18e4      	adds	r4, r4, r3
1000cce8:	405c      	eors	r4, r3
1000ccea:	2c63      	cmp	r4, #99	@ 0x63
1000ccec:	dd35      	ble.n	1000cd5a <StreamPrintArg+0xf62>
1000ccee:	2164      	movs	r1, #100	@ 0x64
1000ccf0:	0020      	movs	r0, r4
1000ccf2:	f7fb fa9d 	bl	10008230 <DivS32>
1000ccf6:	3030      	adds	r0, #48	@ 0x30
1000ccf8:	70a8      	strb	r0, [r5, #2]
1000ccfa:	2164      	movs	r1, #100	@ 0x64
1000ccfc:	0020      	movs	r0, r4
1000ccfe:	f7fb fa97 	bl	10008230 <DivS32>
1000cd02:	000c      	movs	r4, r1
1000cd04:	210a      	movs	r1, #10
1000cd06:	0020      	movs	r0, r4
1000cd08:	f7fb fa92 	bl	10008230 <DivS32>
1000cd0c:	3030      	adds	r0, #48	@ 0x30
1000cd0e:	1d2e      	adds	r6, r5, #4
1000cd10:	70e8      	strb	r0, [r5, #3]
1000cd12:	0020      	movs	r0, r4
1000cd14:	210a      	movs	r1, #10
1000cd16:	f7fb fa8b 	bl	10008230 <DivS32>
1000cd1a:	000c      	movs	r4, r1
1000cd1c:	3430      	adds	r4, #48	@ 0x30
1000cd1e:	1c75      	adds	r5, r6, #1
1000cd20:	7034      	strb	r4, [r6, #0]
1000cd22:	2320      	movs	r3, #32
1000cd24:	9a01      	ldr	r2, [sp, #4]
1000cd26:	431a      	orrs	r2, r3
1000cd28:	9201      	str	r2, [sp, #4]
1000cd2a:	2200      	movs	r2, #0
1000cd2c:	ab1b      	add	r3, sp, #108	@ 0x6c
1000cd2e:	702a      	strb	r2, [r5, #0]
1000cd30:	9200      	str	r2, [sp, #0]
1000cd32:	1aed      	subs	r5, r5, r3
1000cd34:	9302      	str	r3, [sp, #8]
1000cd36:	f7ff fbaa 	bl	1000c48e <StreamPrintArg+0x696>
1000cd3a:	9b01      	ldr	r3, [sp, #4]
1000cd3c:	07db      	lsls	r3, r3, #31
1000cd3e:	d5c3      	bpl.n	1000ccc8 <StreamPrintArg+0xed0>
1000cd40:	e764      	b.n	1000cc0c <StreamPrintArg+0xe14>
1000cd42:	9b13      	ldr	r3, [sp, #76]	@ 0x4c
1000cd44:	2b00      	cmp	r3, #0
1000cd46:	d18b      	bne.n	1000cc60 <StreamPrintArg+0xe68>
1000cd48:	9b07      	ldr	r3, [sp, #28]
1000cd4a:	2b42      	cmp	r3, #66	@ 0x42
1000cd4c:	d101      	bne.n	1000cd52 <StreamPrintArg+0xf5a>
1000cd4e:	702b      	strb	r3, [r5, #0]
1000cd50:	3501      	adds	r5, #1
1000cd52:	9b0e      	ldr	r3, [sp, #56]	@ 0x38
1000cd54:	2b00      	cmp	r3, #0
1000cd56:	d0e4      	beq.n	1000cd22 <StreamPrintArg+0xf2a>
1000cd58:	e7bd      	b.n	1000ccd6 <StreamPrintArg+0xede>
1000cd5a:	1cae      	adds	r6, r5, #2
1000cd5c:	2c09      	cmp	r4, #9
1000cd5e:	dddd      	ble.n	1000cd1c <StreamPrintArg+0xf24>
1000cd60:	210a      	movs	r1, #10
1000cd62:	0020      	movs	r0, r4
1000cd64:	f7fb fa64 	bl	10008230 <DivS32>
1000cd68:	3030      	adds	r0, #48	@ 0x30
1000cd6a:	1cee      	adds	r6, r5, #3
1000cd6c:	70a8      	strb	r0, [r5, #2]
1000cd6e:	e7d0      	b.n	1000cd12 <StreamPrintArg+0xf1a>
1000cd70:	2308      	movs	r3, #8
1000cd72:	9a01      	ldr	r2, [sp, #4]
1000cd74:	9901      	ldr	r1, [sp, #4]
1000cd76:	9c09      	ldr	r4, [sp, #36]	@ 0x24
1000cd78:	401a      	ands	r2, r3
1000cd7a:	4219      	tst	r1, r3
1000cd7c:	d009      	beq.n	1000cd92 <StreamPrintArg+0xf9a>
1000cd7e:	3b01      	subs	r3, #1
1000cd80:	3407      	adds	r4, #7
1000cd82:	439c      	bics	r4, r3
1000cd84:	cc0c      	ldmia	r4!, {r2, r3}
1000cd86:	9204      	str	r2, [sp, #16]
1000cd88:	9305      	str	r3, [sp, #20]
1000cd8a:	2301      	movs	r3, #1
1000cd8c:	2200      	movs	r2, #0
1000cd8e:	f7ff fb3b 	bl	1000c408 <StreamPrintArg+0x610>
1000cd92:	cc08      	ldmia	r4!, {r3}
1000cd94:	9205      	str	r2, [sp, #20]
1000cd96:	9304      	str	r3, [sp, #16]
1000cd98:	2301      	movs	r3, #1
1000cd9a:	f7ff fb35 	bl	1000c408 <StreamPrintArg+0x610>
1000cd9e:	2208      	movs	r2, #8
1000cda0:	9b01      	ldr	r3, [sp, #4]
1000cda2:	9901      	ldr	r1, [sp, #4]
1000cda4:	9c09      	ldr	r4, [sp, #36]	@ 0x24
1000cda6:	4013      	ands	r3, r2
1000cda8:	4211      	tst	r1, r2
1000cdaa:	d067      	beq.n	1000ce7c <StreamPrintArg+0x1084>
1000cdac:	2307      	movs	r3, #7
1000cdae:	3407      	adds	r4, #7
1000cdb0:	439c      	bics	r4, r3
1000cdb2:	cc0c      	ldmia	r4!, {r2, r3}
1000cdb4:	9204      	str	r2, [sp, #16]
1000cdb6:	9305      	str	r3, [sp, #20]
1000cdb8:	2300      	movs	r3, #0
1000cdba:	930a      	str	r3, [sp, #40]	@ 0x28
1000cdbc:	9a00      	ldr	r2, [sp, #0]
1000cdbe:	3201      	adds	r2, #1
1000cdc0:	d00f      	beq.n	1000cde2 <StreamPrintArg+0xfea>
1000cdc2:	2210      	movs	r2, #16
1000cdc4:	9901      	ldr	r1, [sp, #4]
1000cdc6:	4391      	bics	r1, r2
1000cdc8:	9101      	str	r1, [sp, #4]
1000cdca:	9a04      	ldr	r2, [sp, #16]
1000cdcc:	9905      	ldr	r1, [sp, #20]
1000cdce:	430a      	orrs	r2, r1
1000cdd0:	d107      	bne.n	1000cde2 <StreamPrintArg+0xfea>
1000cdd2:	3256      	adds	r2, #86	@ 0x56
1000cdd4:	a91a      	add	r1, sp, #104	@ 0x68
1000cdd6:	1852      	adds	r2, r2, r1
1000cdd8:	9202      	str	r2, [sp, #8]
1000cdda:	9a00      	ldr	r2, [sp, #0]
1000cddc:	2a00      	cmp	r2, #0
1000cdde:	d100      	bne.n	1000cde2 <StreamPrintArg+0xfea>
1000cde0:	e16c      	b.n	1000d0bc <StreamPrintArg+0x12c4>
1000cde2:	2b02      	cmp	r3, #2
1000cde4:	d100      	bne.n	1000cde8 <StreamPrintArg+0xff0>
1000cde6:	e176      	b.n	1000d0d6 <StreamPrintArg+0x12de>
1000cde8:	2b03      	cmp	r3, #3
1000cdea:	d06e      	beq.n	1000ceca <StreamPrintArg+0x10d2>
1000cdec:	2b01      	cmp	r3, #1
1000cdee:	d100      	bne.n	1000cdf2 <StreamPrintArg+0xffa>
1000cdf0:	e12b      	b.n	1000d04a <StreamPrintArg+0x1252>
1000cdf2:	2656      	movs	r6, #86	@ 0x56
1000cdf4:	ad1a      	add	r5, sp, #104	@ 0x68
1000cdf6:	1976      	adds	r6, r6, r5
1000cdf8:	2540      	movs	r5, #64	@ 0x40
1000cdfa:	9f01      	ldr	r7, [sp, #4]
1000cdfc:	2200      	movs	r2, #0
1000cdfe:	403d      	ands	r5, r7
1000ce00:	2727      	movs	r7, #39	@ 0x27
1000ce02:	0011      	movs	r1, r2
1000ce04:	46bc      	mov	ip, r7
1000ce06:	9b04      	ldr	r3, [sp, #16]
1000ce08:	9805      	ldr	r0, [sp, #20]
1000ce0a:	9507      	str	r5, [sp, #28]
1000ce0c:	1e77      	subs	r7, r6, #1
1000ce0e:	9702      	str	r7, [sp, #8]
1000ce10:	2701      	movs	r7, #1
1000ce12:	401f      	ands	r7, r3
1000ce14:	3730      	adds	r7, #48	@ 0x30
1000ce16:	1e75      	subs	r5, r6, #1
1000ce18:	702f      	strb	r7, [r5, #0]
1000ce1a:	085b      	lsrs	r3, r3, #1
1000ce1c:	07c7      	lsls	r7, r0, #31
1000ce1e:	433b      	orrs	r3, r7
1000ce20:	001f      	movs	r7, r3
1000ce22:	9d07      	ldr	r5, [sp, #28]
1000ce24:	0840      	lsrs	r0, r0, #1
1000ce26:	3201      	adds	r2, #1
1000ce28:	3101      	adds	r1, #1
1000ce2a:	4307      	orrs	r7, r0
1000ce2c:	2d00      	cmp	r5, #0
1000ce2e:	d00b      	beq.n	1000ce48 <StreamPrintArg+0x1050>
1000ce30:	2904      	cmp	r1, #4
1000ce32:	d109      	bne.n	1000ce48 <StreamPrintArg+0x1050>
1000ce34:	2f00      	cmp	r7, #0
1000ce36:	d102      	bne.n	1000ce3e <StreamPrintArg+0x1046>
1000ce38:	9900      	ldr	r1, [sp, #0]
1000ce3a:	428a      	cmp	r2, r1
1000ce3c:	da0b      	bge.n	1000ce56 <StreamPrintArg+0x105e>
1000ce3e:	4665      	mov	r5, ip
1000ce40:	1eb1      	subs	r1, r6, #2
1000ce42:	9102      	str	r1, [sp, #8]
1000ce44:	700d      	strb	r5, [r1, #0]
1000ce46:	2100      	movs	r1, #0
1000ce48:	2f00      	cmp	r7, #0
1000ce4a:	d000      	beq.n	1000ce4e <StreamPrintArg+0x1056>
1000ce4c:	e0cd      	b.n	1000cfea <StreamPrintArg+0x11f2>
1000ce4e:	9d00      	ldr	r5, [sp, #0]
1000ce50:	42aa      	cmp	r2, r5
1000ce52:	da00      	bge.n	1000ce56 <StreamPrintArg+0x105e>
1000ce54:	e0c9      	b.n	1000cfea <StreamPrintArg+0x11f2>
1000ce56:	9b01      	ldr	r3, [sp, #4]
1000ce58:	07db      	lsls	r3, r3, #31
1000ce5a:	d400      	bmi.n	1000ce5e <StreamPrintArg+0x1066>
1000ce5c:	e12e      	b.n	1000d0bc <StreamPrintArg+0x12c4>
1000ce5e:	9b04      	ldr	r3, [sp, #16]
1000ce60:	9a05      	ldr	r2, [sp, #20]
1000ce62:	4313      	orrs	r3, r2
1000ce64:	d100      	bne.n	1000ce68 <StreamPrintArg+0x1070>
1000ce66:	e129      	b.n	1000d0bc <StreamPrintArg+0x12c4>
1000ce68:	2262      	movs	r2, #98	@ 0x62
1000ce6a:	9b02      	ldr	r3, [sp, #8]
1000ce6c:	3b01      	subs	r3, #1
1000ce6e:	701a      	strb	r2, [r3, #0]
1000ce70:	9b02      	ldr	r3, [sp, #8]
1000ce72:	3b02      	subs	r3, #2
1000ce74:	2230      	movs	r2, #48	@ 0x30
1000ce76:	701a      	strb	r2, [r3, #0]
1000ce78:	9302      	str	r3, [sp, #8]
1000ce7a:	e11f      	b.n	1000d0bc <StreamPrintArg+0x12c4>
1000ce7c:	cc04      	ldmia	r4!, {r2}
1000ce7e:	9305      	str	r3, [sp, #20]
1000ce80:	9204      	str	r2, [sp, #16]
1000ce82:	e79a      	b.n	1000cdba <StreamPrintArg+0xfc2>
1000ce84:	40240000 	.word	0x40240000
1000ce88:	aaaaaaab 	.word	0xaaaaaaab
1000ce8c:	2aaaaaaa 	.word	0x2aaaaaaa
1000ce90:	55555554 	.word	0x55555554
1000ce94:	10010458 	.word	0x10010458
1000ce98:	2302      	movs	r3, #2
1000ce9a:	9a01      	ldr	r2, [sp, #4]
1000ce9c:	431a      	orrs	r2, r3
1000ce9e:	9201      	str	r2, [sp, #4]
1000cea0:	9c09      	ldr	r4, [sp, #36]	@ 0x24
1000cea2:	cc08      	ldmia	r4!, {r3}
1000cea4:	9304      	str	r3, [sp, #16]
1000cea6:	2300      	movs	r3, #0
1000cea8:	9305      	str	r3, [sp, #20]
1000ceaa:	9b04      	ldr	r3, [sp, #16]
1000ceac:	2b00      	cmp	r3, #0
1000ceae:	d05d      	beq.n	1000cf6c <StreamPrintArg+0x1174>
1000ceb0:	2301      	movs	r3, #1
1000ceb2:	9a01      	ldr	r2, [sp, #4]
1000ceb4:	a91a      	add	r1, sp, #104	@ 0x68
1000ceb6:	4053      	eors	r3, r2
1000ceb8:	2278      	movs	r2, #120	@ 0x78
1000ceba:	708a      	strb	r2, [r1, #2]
1000cebc:	3a68      	subs	r2, #104	@ 0x68
1000cebe:	4393      	bics	r3, r2
1000cec0:	9301      	str	r3, [sp, #4]
1000cec2:	2308      	movs	r3, #8
1000cec4:	9300      	str	r3, [sp, #0]
1000cec6:	2300      	movs	r3, #0
1000cec8:	930a      	str	r3, [sp, #40]	@ 0x28
1000ceca:	2202      	movs	r2, #2
1000cecc:	9b01      	ldr	r3, [sp, #4]
1000cece:	9901      	ldr	r1, [sp, #4]
1000ced0:	4013      	ands	r3, r2
1000ced2:	4211      	tst	r1, r2
1000ced4:	d000      	beq.n	1000ced8 <StreamPrintArg+0x10e0>
1000ced6:	e13c      	b.n	1000d152 <StreamPrintArg+0x135a>
1000ced8:	2656      	movs	r6, #86	@ 0x56
1000ceda:	ad1a      	add	r5, sp, #104	@ 0x68
1000cedc:	1976      	adds	r6, r6, r5
1000cede:	4dcd      	ldr	r5, [pc, #820]	@ (1000d214 <StreamPrintArg+0x141c>)
1000cee0:	9f01      	ldr	r7, [sp, #4]
1000cee2:	9507      	str	r5, [sp, #28]
1000cee4:	2540      	movs	r5, #64	@ 0x40
1000cee6:	403d      	ands	r5, r7
1000cee8:	2727      	movs	r7, #39	@ 0x27
1000ceea:	0019      	movs	r1, r3
1000ceec:	46bc      	mov	ip, r7
1000ceee:	9a04      	ldr	r2, [sp, #16]
1000cef0:	9805      	ldr	r0, [sp, #20]
1000cef2:	9509      	str	r5, [sp, #36]	@ 0x24
1000cef4:	1e77      	subs	r7, r6, #1
1000cef6:	9702      	str	r7, [sp, #8]
1000cef8:	270f      	movs	r7, #15
1000cefa:	9d07      	ldr	r5, [sp, #28]
1000cefc:	4017      	ands	r7, r2
1000cefe:	5def      	ldrb	r7, [r5, r7]
1000cf00:	1e75      	subs	r5, r6, #1
1000cf02:	702f      	strb	r7, [r5, #0]
1000cf04:	0912      	lsrs	r2, r2, #4
1000cf06:	0707      	lsls	r7, r0, #28
1000cf08:	433a      	orrs	r2, r7
1000cf0a:	0017      	movs	r7, r2
1000cf0c:	9d09      	ldr	r5, [sp, #36]	@ 0x24
1000cf0e:	0900      	lsrs	r0, r0, #4
1000cf10:	3301      	adds	r3, #1
1000cf12:	3101      	adds	r1, #1
1000cf14:	4307      	orrs	r7, r0
1000cf16:	2d00      	cmp	r5, #0
1000cf18:	d00c      	beq.n	1000cf34 <StreamPrintArg+0x113c>
1000cf1a:	2904      	cmp	r1, #4
1000cf1c:	d10a      	bne.n	1000cf34 <StreamPrintArg+0x113c>
1000cf1e:	2f00      	cmp	r7, #0
1000cf20:	d103      	bne.n	1000cf2a <StreamPrintArg+0x1132>
1000cf22:	9900      	ldr	r1, [sp, #0]
1000cf24:	428b      	cmp	r3, r1
1000cf26:	db00      	blt.n	1000cf2a <StreamPrintArg+0x1132>
1000cf28:	e104      	b.n	1000d134 <StreamPrintArg+0x133c>
1000cf2a:	4665      	mov	r5, ip
1000cf2c:	1eb1      	subs	r1, r6, #2
1000cf2e:	9102      	str	r1, [sp, #8]
1000cf30:	700d      	strb	r5, [r1, #0]
1000cf32:	2100      	movs	r1, #0
1000cf34:	2f00      	cmp	r7, #0
1000cf36:	d103      	bne.n	1000cf40 <StreamPrintArg+0x1148>
1000cf38:	9d00      	ldr	r5, [sp, #0]
1000cf3a:	42ab      	cmp	r3, r5
1000cf3c:	db00      	blt.n	1000cf40 <StreamPrintArg+0x1148>
1000cf3e:	e0f9      	b.n	1000d134 <StreamPrintArg+0x133c>
1000cf40:	9e02      	ldr	r6, [sp, #8]
1000cf42:	e7d7      	b.n	1000cef4 <StreamPrintArg+0x10fc>
1000cf44:	9b09      	ldr	r3, [sp, #36]	@ 0x24
1000cf46:	cb04      	ldmia	r3!, {r2}
1000cf48:	9202      	str	r2, [sp, #8]
1000cf4a:	9309      	str	r3, [sp, #36]	@ 0x24
1000cf4c:	9b02      	ldr	r3, [sp, #8]
1000cf4e:	2b00      	cmp	r3, #0
1000cf50:	d101      	bne.n	1000cf56 <StreamPrintArg+0x115e>
1000cf52:	4bb1      	ldr	r3, [pc, #708]	@ (1000d218 <StreamPrintArg+0x1420>)
1000cf54:	9302      	str	r3, [sp, #8]
1000cf56:	9b00      	ldr	r3, [sp, #0]
1000cf58:	2500      	movs	r5, #0
1000cf5a:	3301      	adds	r3, #1
1000cf5c:	d10f      	bne.n	1000cf7e <StreamPrintArg+0x1186>
1000cf5e:	9802      	ldr	r0, [sp, #8]
1000cf60:	f001 f85e 	bl	1000e020 <StrLen>
1000cf64:	0005      	movs	r5, r0
1000cf66:	e00d      	b.n	1000cf84 <StreamPrintArg+0x118c>
1000cf68:	9709      	str	r7, [sp, #36]	@ 0x24
1000cf6a:	e7ef      	b.n	1000cf4c <StreamPrintArg+0x1154>
1000cf6c:	9409      	str	r4, [sp, #36]	@ 0x24
1000cf6e:	e7f0      	b.n	1000cf52 <StreamPrintArg+0x115a>
1000cf70:	9b02      	ldr	r3, [sp, #8]
1000cf72:	5d5b      	ldrb	r3, [r3, r5]
1000cf74:	930a      	str	r3, [sp, #40]	@ 0x28
1000cf76:	2b00      	cmp	r3, #0
1000cf78:	d100      	bne.n	1000cf7c <StreamPrintArg+0x1184>
1000cf7a:	e118      	b.n	1000d1ae <StreamPrintArg+0x13b6>
1000cf7c:	3501      	adds	r5, #1
1000cf7e:	9b00      	ldr	r3, [sp, #0]
1000cf80:	429d      	cmp	r5, r3
1000cf82:	d1f5      	bne.n	1000cf70 <StreamPrintArg+0x1178>
1000cf84:	2300      	movs	r3, #0
1000cf86:	9300      	str	r3, [sp, #0]
1000cf88:	930a      	str	r3, [sp, #40]	@ 0x28
1000cf8a:	f7ff fa80 	bl	1000c48e <StreamPrintArg+0x696>
1000cf8e:	2308      	movs	r3, #8
1000cf90:	9a01      	ldr	r2, [sp, #4]
1000cf92:	9901      	ldr	r1, [sp, #4]
1000cf94:	9c09      	ldr	r4, [sp, #36]	@ 0x24
1000cf96:	401a      	ands	r2, r3
1000cf98:	4219      	tst	r1, r3
1000cf9a:	d007      	beq.n	1000cfac <StreamPrintArg+0x11b4>
1000cf9c:	3b01      	subs	r3, #1
1000cf9e:	3407      	adds	r4, #7
1000cfa0:	439c      	bics	r4, r3
1000cfa2:	cc0c      	ldmia	r4!, {r2, r3}
1000cfa4:	9204      	str	r2, [sp, #16]
1000cfa6:	9305      	str	r3, [sp, #20]
1000cfa8:	2302      	movs	r3, #2
1000cfaa:	e6ef      	b.n	1000cd8c <StreamPrintArg+0xf94>
1000cfac:	cc08      	ldmia	r4!, {r3}
1000cfae:	9205      	str	r2, [sp, #20]
1000cfb0:	9304      	str	r3, [sp, #16]
1000cfb2:	2302      	movs	r3, #2
1000cfb4:	f7ff fa28 	bl	1000c408 <StreamPrintArg+0x610>
1000cfb8:	2302      	movs	r3, #2
1000cfba:	9a01      	ldr	r2, [sp, #4]
1000cfbc:	431a      	orrs	r2, r3
1000cfbe:	9201      	str	r2, [sp, #4]
1000cfc0:	2308      	movs	r3, #8
1000cfc2:	9a01      	ldr	r2, [sp, #4]
1000cfc4:	9901      	ldr	r1, [sp, #4]
1000cfc6:	9c09      	ldr	r4, [sp, #36]	@ 0x24
1000cfc8:	401a      	ands	r2, r3
1000cfca:	4219      	tst	r1, r3
1000cfcc:	d007      	beq.n	1000cfde <StreamPrintArg+0x11e6>
1000cfce:	3b01      	subs	r3, #1
1000cfd0:	3407      	adds	r4, #7
1000cfd2:	439c      	bics	r4, r3
1000cfd4:	cc0c      	ldmia	r4!, {r2, r3}
1000cfd6:	9204      	str	r2, [sp, #16]
1000cfd8:	9305      	str	r3, [sp, #20]
1000cfda:	2303      	movs	r3, #3
1000cfdc:	e6d6      	b.n	1000cd8c <StreamPrintArg+0xf94>
1000cfde:	cc08      	ldmia	r4!, {r3}
1000cfe0:	9205      	str	r2, [sp, #20]
1000cfe2:	9304      	str	r3, [sp, #16]
1000cfe4:	2303      	movs	r3, #3
1000cfe6:	f7ff fa0f 	bl	1000c408 <StreamPrintArg+0x610>
1000cfea:	9e02      	ldr	r6, [sp, #8]
1000cfec:	e70e      	b.n	1000ce0c <StreamPrintArg+0x1014>
1000cfee:	9e02      	ldr	r6, [sp, #8]
1000cff0:	1e77      	subs	r7, r6, #1
1000cff2:	9702      	str	r7, [sp, #8]
1000cff4:	2707      	movs	r7, #7
1000cff6:	401f      	ands	r7, r3
1000cff8:	3730      	adds	r7, #48	@ 0x30
1000cffa:	1e75      	subs	r5, r6, #1
1000cffc:	702f      	strb	r7, [r5, #0]
1000cffe:	08db      	lsrs	r3, r3, #3
1000d000:	0747      	lsls	r7, r0, #29
1000d002:	433b      	orrs	r3, r7
1000d004:	001f      	movs	r7, r3
1000d006:	9d07      	ldr	r5, [sp, #28]
1000d008:	08c0      	lsrs	r0, r0, #3
1000d00a:	3201      	adds	r2, #1
1000d00c:	3101      	adds	r1, #1
1000d00e:	4307      	orrs	r7, r0
1000d010:	2d00      	cmp	r5, #0
1000d012:	d00b      	beq.n	1000d02c <StreamPrintArg+0x1234>
1000d014:	2903      	cmp	r1, #3
1000d016:	d109      	bne.n	1000d02c <StreamPrintArg+0x1234>
1000d018:	2f00      	cmp	r7, #0
1000d01a:	d102      	bne.n	1000d022 <StreamPrintArg+0x122a>
1000d01c:	9900      	ldr	r1, [sp, #0]
1000d01e:	428a      	cmp	r2, r1
1000d020:	da09      	bge.n	1000d036 <StreamPrintArg+0x123e>
1000d022:	4665      	mov	r5, ip
1000d024:	1eb1      	subs	r1, r6, #2
1000d026:	9102      	str	r1, [sp, #8]
1000d028:	700d      	strb	r5, [r1, #0]
1000d02a:	2100      	movs	r1, #0
1000d02c:	2f00      	cmp	r7, #0
1000d02e:	d1de      	bne.n	1000cfee <StreamPrintArg+0x11f6>
1000d030:	9d00      	ldr	r5, [sp, #0]
1000d032:	42aa      	cmp	r2, r5
1000d034:	dbdb      	blt.n	1000cfee <StreamPrintArg+0x11f6>
1000d036:	9b01      	ldr	r3, [sp, #4]
1000d038:	07db      	lsls	r3, r3, #31
1000d03a:	d53f      	bpl.n	1000d0bc <StreamPrintArg+0x12c4>
1000d03c:	9b04      	ldr	r3, [sp, #16]
1000d03e:	9a05      	ldr	r2, [sp, #20]
1000d040:	4313      	orrs	r3, r2
1000d042:	d03b      	beq.n	1000d0bc <StreamPrintArg+0x12c4>
1000d044:	9b02      	ldr	r3, [sp, #8]
1000d046:	3b01      	subs	r3, #1
1000d048:	e714      	b.n	1000ce74 <StreamPrintArg+0x107c>
1000d04a:	2656      	movs	r6, #86	@ 0x56
1000d04c:	ad1a      	add	r5, sp, #104	@ 0x68
1000d04e:	1976      	adds	r6, r6, r5
1000d050:	2540      	movs	r5, #64	@ 0x40
1000d052:	9f01      	ldr	r7, [sp, #4]
1000d054:	2200      	movs	r2, #0
1000d056:	403d      	ands	r5, r7
1000d058:	2727      	movs	r7, #39	@ 0x27
1000d05a:	0011      	movs	r1, r2
1000d05c:	46bc      	mov	ip, r7
1000d05e:	9b04      	ldr	r3, [sp, #16]
1000d060:	9805      	ldr	r0, [sp, #20]
1000d062:	9507      	str	r5, [sp, #28]
1000d064:	e7c4      	b.n	1000cff0 <StreamPrintArg+0x11f8>
1000d066:	9004      	str	r0, [sp, #16]
1000d068:	9105      	str	r1, [sp, #20]
1000d06a:	9f02      	ldr	r7, [sp, #8]
1000d06c:	220a      	movs	r2, #10
1000d06e:	9804      	ldr	r0, [sp, #16]
1000d070:	9905      	ldr	r1, [sp, #20]
1000d072:	2300      	movs	r3, #0
1000d074:	f7fb f900 	bl	10008278 <DivU64>
1000d078:	1e7b      	subs	r3, r7, #1
1000d07a:	3230      	adds	r2, #48	@ 0x30
1000d07c:	9302      	str	r3, [sp, #8]
1000d07e:	701a      	strb	r2, [r3, #0]
1000d080:	9b07      	ldr	r3, [sp, #28]
1000d082:	3501      	adds	r5, #1
1000d084:	3601      	adds	r6, #1
1000d086:	2b00      	cmp	r3, #0
1000d088:	d00f      	beq.n	1000d0aa <StreamPrintArg+0x12b2>
1000d08a:	2e03      	cmp	r6, #3
1000d08c:	d10d      	bne.n	1000d0aa <StreamPrintArg+0x12b2>
1000d08e:	9b05      	ldr	r3, [sp, #20]
1000d090:	2b00      	cmp	r3, #0
1000d092:	d105      	bne.n	1000d0a0 <StreamPrintArg+0x12a8>
1000d094:	9b04      	ldr	r3, [sp, #16]
1000d096:	2b09      	cmp	r3, #9
1000d098:	d802      	bhi.n	1000d0a0 <StreamPrintArg+0x12a8>
1000d09a:	9b00      	ldr	r3, [sp, #0]
1000d09c:	429d      	cmp	r5, r3
1000d09e:	da0d      	bge.n	1000d0bc <StreamPrintArg+0x12c4>
1000d0a0:	2227      	movs	r2, #39	@ 0x27
1000d0a2:	2600      	movs	r6, #0
1000d0a4:	1ebb      	subs	r3, r7, #2
1000d0a6:	9302      	str	r3, [sp, #8]
1000d0a8:	701a      	strb	r2, [r3, #0]
1000d0aa:	9b05      	ldr	r3, [sp, #20]
1000d0ac:	2b00      	cmp	r3, #0
1000d0ae:	d1da      	bne.n	1000d066 <StreamPrintArg+0x126e>
1000d0b0:	9b04      	ldr	r3, [sp, #16]
1000d0b2:	2b09      	cmp	r3, #9
1000d0b4:	d8d7      	bhi.n	1000d066 <StreamPrintArg+0x126e>
1000d0b6:	9b00      	ldr	r3, [sp, #0]
1000d0b8:	429d      	cmp	r5, r3
1000d0ba:	db07      	blt.n	1000d0cc <StreamPrintArg+0x12d4>
1000d0bc:	2556      	movs	r5, #86	@ 0x56
1000d0be:	ab1a      	add	r3, sp, #104	@ 0x68
1000d0c0:	18ed      	adds	r5, r5, r3
1000d0c2:	9b02      	ldr	r3, [sp, #8]
1000d0c4:	9409      	str	r4, [sp, #36]	@ 0x24
1000d0c6:	1aed      	subs	r5, r5, r3
1000d0c8:	f7ff f9e1 	bl	1000c48e <StreamPrintArg+0x696>
1000d0cc:	2200      	movs	r2, #0
1000d0ce:	2300      	movs	r3, #0
1000d0d0:	9204      	str	r2, [sp, #16]
1000d0d2:	9305      	str	r3, [sp, #20]
1000d0d4:	e7c9      	b.n	1000d06a <StreamPrintArg+0x1272>
1000d0d6:	2756      	movs	r7, #86	@ 0x56
1000d0d8:	ab1a      	add	r3, sp, #104	@ 0x68
1000d0da:	18ff      	adds	r7, r7, r3
1000d0dc:	2340      	movs	r3, #64	@ 0x40
1000d0de:	2500      	movs	r5, #0
1000d0e0:	9a01      	ldr	r2, [sp, #4]
1000d0e2:	002e      	movs	r6, r5
1000d0e4:	401a      	ands	r2, r3
1000d0e6:	9207      	str	r2, [sp, #28]
1000d0e8:	e7c0      	b.n	1000d06c <StreamPrintArg+0x1274>
1000d0ea:	9e02      	ldr	r6, [sp, #8]
1000d0ec:	1e77      	subs	r7, r6, #1
1000d0ee:	9702      	str	r7, [sp, #8]
1000d0f0:	270f      	movs	r7, #15
1000d0f2:	9d07      	ldr	r5, [sp, #28]
1000d0f4:	401f      	ands	r7, r3
1000d0f6:	5def      	ldrb	r7, [r5, r7]
1000d0f8:	1e75      	subs	r5, r6, #1
1000d0fa:	702f      	strb	r7, [r5, #0]
1000d0fc:	091b      	lsrs	r3, r3, #4
1000d0fe:	0707      	lsls	r7, r0, #28
1000d100:	433b      	orrs	r3, r7
1000d102:	001f      	movs	r7, r3
1000d104:	9d09      	ldr	r5, [sp, #36]	@ 0x24
1000d106:	0900      	lsrs	r0, r0, #4
1000d108:	3201      	adds	r2, #1
1000d10a:	3101      	adds	r1, #1
1000d10c:	4307      	orrs	r7, r0
1000d10e:	2d00      	cmp	r5, #0
1000d110:	d00b      	beq.n	1000d12a <StreamPrintArg+0x1332>
1000d112:	2904      	cmp	r1, #4
1000d114:	d109      	bne.n	1000d12a <StreamPrintArg+0x1332>
1000d116:	2f00      	cmp	r7, #0
1000d118:	d102      	bne.n	1000d120 <StreamPrintArg+0x1328>
1000d11a:	9900      	ldr	r1, [sp, #0]
1000d11c:	428a      	cmp	r2, r1
1000d11e:	da09      	bge.n	1000d134 <StreamPrintArg+0x133c>
1000d120:	4665      	mov	r5, ip
1000d122:	1eb1      	subs	r1, r6, #2
1000d124:	9102      	str	r1, [sp, #8]
1000d126:	700d      	strb	r5, [r1, #0]
1000d128:	2100      	movs	r1, #0
1000d12a:	2f00      	cmp	r7, #0
1000d12c:	d1dd      	bne.n	1000d0ea <StreamPrintArg+0x12f2>
1000d12e:	9d00      	ldr	r5, [sp, #0]
1000d130:	42aa      	cmp	r2, r5
1000d132:	dbda      	blt.n	1000d0ea <StreamPrintArg+0x12f2>
1000d134:	9b01      	ldr	r3, [sp, #4]
1000d136:	07db      	lsls	r3, r3, #31
1000d138:	d5c0      	bpl.n	1000d0bc <StreamPrintArg+0x12c4>
1000d13a:	9b04      	ldr	r3, [sp, #16]
1000d13c:	9a05      	ldr	r2, [sp, #20]
1000d13e:	4313      	orrs	r3, r2
1000d140:	d0bc      	beq.n	1000d0bc <StreamPrintArg+0x12c4>
1000d142:	2278      	movs	r2, #120	@ 0x78
1000d144:	9b02      	ldr	r3, [sp, #8]
1000d146:	3b01      	subs	r3, #1
1000d148:	701a      	strb	r2, [r3, #0]
1000d14a:	9b02      	ldr	r3, [sp, #8]
1000d14c:	3a48      	subs	r2, #72	@ 0x48
1000d14e:	3b02      	subs	r3, #2
1000d150:	e691      	b.n	1000ce76 <StreamPrintArg+0x107e>
1000d152:	2656      	movs	r6, #86	@ 0x56
1000d154:	ad1a      	add	r5, sp, #104	@ 0x68
1000d156:	1976      	adds	r6, r6, r5
1000d158:	4d30      	ldr	r5, [pc, #192]	@ (1000d21c <StreamPrintArg+0x1424>)
1000d15a:	9f01      	ldr	r7, [sp, #4]
1000d15c:	9507      	str	r5, [sp, #28]
1000d15e:	2540      	movs	r5, #64	@ 0x40
1000d160:	2200      	movs	r2, #0
1000d162:	403d      	ands	r5, r7
1000d164:	2727      	movs	r7, #39	@ 0x27
1000d166:	0011      	movs	r1, r2
1000d168:	46bc      	mov	ip, r7
1000d16a:	9b04      	ldr	r3, [sp, #16]
1000d16c:	9805      	ldr	r0, [sp, #20]
1000d16e:	9509      	str	r5, [sp, #36]	@ 0x24
1000d170:	e7bc      	b.n	1000d0ec <StreamPrintArg+0x12f4>
1000d172:	9a07      	ldr	r2, [sp, #28]
1000d174:	ab1b      	add	r3, sp, #108	@ 0x6c
1000d176:	701a      	strb	r2, [r3, #0]
1000d178:	2200      	movs	r2, #0
1000d17a:	9302      	str	r3, [sp, #8]
1000d17c:	9200      	str	r2, [sp, #0]
1000d17e:	920a      	str	r2, [sp, #40]	@ 0x28
1000d180:	f7fe ff7b 	bl	1000c07a <StreamPrintArg+0x282>
1000d184:	2300      	movs	r3, #0
1000d186:	aa1a      	add	r2, sp, #104	@ 0x68
1000d188:	7093      	strb	r3, [r2, #2]
1000d18a:	9b07      	ldr	r3, [sp, #28]
1000d18c:	930a      	str	r3, [sp, #40]	@ 0x28
1000d18e:	f7fe fe72 	bl	1000be76 <StreamPrintArg+0x7e>
1000d192:	2200      	movs	r2, #0
1000d194:	a91a      	add	r1, sp, #104	@ 0x68
1000d196:	708a      	strb	r2, [r1, #2]
1000d198:	9309      	str	r3, [sp, #36]	@ 0x24
1000d19a:	f7fe fe6c 	bl	1000be76 <StreamPrintArg+0x7e>
1000d19e:	9a0a      	ldr	r2, [sp, #40]	@ 0x28
1000d1a0:	701a      	strb	r2, [r3, #0]
1000d1a2:	e7f2      	b.n	1000d18a <StreamPrintArg+0x1392>
1000d1a4:	9b07      	ldr	r3, [sp, #28]
1000d1a6:	9300      	str	r3, [sp, #0]
1000d1a8:	001d      	movs	r5, r3
1000d1aa:	f7ff f970 	bl	1000c48e <StreamPrintArg+0x696>
1000d1ae:	9b0a      	ldr	r3, [sp, #40]	@ 0x28
1000d1b0:	9300      	str	r3, [sp, #0]
1000d1b2:	f7ff f96c 	bl	1000c48e <StreamPrintArg+0x696>
1000d1b6:	ab1a      	add	r3, sp, #104	@ 0x68
1000d1b8:	70df      	strb	r7, [r3, #3]
1000d1ba:	9b06      	ldr	r3, [sp, #24]
1000d1bc:	a91a      	add	r1, sp, #104	@ 0x68
1000d1be:	2201      	movs	r2, #1
1000d1c0:	695b      	ldr	r3, [r3, #20]
1000d1c2:	9806      	ldr	r0, [sp, #24]
1000d1c4:	3103      	adds	r1, #3
1000d1c6:	4798      	blx	r3
1000d1c8:	3e01      	subs	r6, #1
1000d1ca:	f7ff f980 	bl	1000c4ce <StreamPrintArg+0x6d6>
1000d1ce:	9b0a      	ldr	r3, [sp, #40]	@ 0x28
1000d1d0:	2b00      	cmp	r3, #0
1000d1d2:	d00b      	beq.n	1000d1ec <StreamPrintArg+0x13f4>
1000d1d4:	ab1a      	add	r3, sp, #104	@ 0x68
1000d1d6:	1cd9      	adds	r1, r3, #3
1000d1d8:	9b0a      	ldr	r3, [sp, #40]	@ 0x28
1000d1da:	2201      	movs	r2, #1
1000d1dc:	700b      	strb	r3, [r1, #0]
1000d1de:	9b06      	ldr	r3, [sp, #24]
1000d1e0:	9806      	ldr	r0, [sp, #24]
1000d1e2:	695b      	ldr	r3, [r3, #20]
1000d1e4:	4798      	blx	r3
1000d1e6:	9b08      	ldr	r3, [sp, #32]
1000d1e8:	3301      	adds	r3, #1
1000d1ea:	9308      	str	r3, [sp, #32]
1000d1ec:	9b0c      	ldr	r3, [sp, #48]	@ 0x30
1000d1ee:	2b10      	cmp	r3, #16
1000d1f0:	d001      	beq.n	1000d1f6 <StreamPrintArg+0x13fe>
1000d1f2:	f7ff f97b 	bl	1000c4ec <StreamPrintArg+0x6f4>
1000d1f6:	9b0b      	ldr	r3, [sp, #44]	@ 0x2c
1000d1f8:	9a07      	ldr	r2, [sp, #28]
1000d1fa:	1a9c      	subs	r4, r3, r2
1000d1fc:	0026      	movs	r6, r4
1000d1fe:	2e00      	cmp	r6, #0
1000d200:	dc0e      	bgt.n	1000d220 <StreamPrintArg+0x1428>
1000d202:	43e3      	mvns	r3, r4
1000d204:	17db      	asrs	r3, r3, #31
1000d206:	401c      	ands	r4, r3
1000d208:	9b08      	ldr	r3, [sp, #32]
1000d20a:	191b      	adds	r3, r3, r4
1000d20c:	9308      	str	r3, [sp, #32]
1000d20e:	f7ff f96d 	bl	1000c4ec <StreamPrintArg+0x6f4>
1000d212:	46c0      	nop			@ (mov r8, r8)
1000d214:	1001046d 	.word	0x1001046d
1000d218:	1001030f 	.word	0x1001030f
1000d21c:	1001047e 	.word	0x1001047e
1000d220:	2230      	movs	r2, #48	@ 0x30
1000d222:	ab1a      	add	r3, sp, #104	@ 0x68
1000d224:	70da      	strb	r2, [r3, #3]
1000d226:	9b06      	ldr	r3, [sp, #24]
1000d228:	a91a      	add	r1, sp, #104	@ 0x68
1000d22a:	695b      	ldr	r3, [r3, #20]
1000d22c:	9806      	ldr	r0, [sp, #24]
1000d22e:	3a2f      	subs	r2, #47	@ 0x2f
1000d230:	3103      	adds	r1, #3
1000d232:	4798      	blx	r3
1000d234:	3e01      	subs	r6, #1
1000d236:	e7e2      	b.n	1000d1fe <StreamPrintArg+0x1406>
1000d238:	2230      	movs	r2, #48	@ 0x30
1000d23a:	ab1a      	add	r3, sp, #104	@ 0x68
1000d23c:	70da      	strb	r2, [r3, #3]
1000d23e:	9b06      	ldr	r3, [sp, #24]
1000d240:	a91a      	add	r1, sp, #104	@ 0x68
1000d242:	695b      	ldr	r3, [r3, #20]
1000d244:	9806      	ldr	r0, [sp, #24]
1000d246:	3a2f      	subs	r2, #47	@ 0x2f
1000d248:	3103      	adds	r1, #3
1000d24a:	4798      	blx	r3
1000d24c:	3c01      	subs	r4, #1
1000d24e:	f7ff f950 	bl	1000c4f2 <StreamPrintArg+0x6fa>
1000d252:	783b      	ldrb	r3, [r7, #0]
1000d254:	aa1a      	add	r2, sp, #104	@ 0x68
1000d256:	70d3      	strb	r3, [r2, #3]
1000d258:	9b06      	ldr	r3, [sp, #24]
1000d25a:	1cd1      	adds	r1, r2, #3
1000d25c:	695b      	ldr	r3, [r3, #20]
1000d25e:	2201      	movs	r2, #1
1000d260:	9806      	ldr	r0, [sp, #24]
1000d262:	4798      	blx	r3
1000d264:	3701      	adds	r7, #1
1000d266:	f7ff f94c 	bl	1000c502 <StreamPrintArg+0x70a>
1000d26a:	9b0b      	ldr	r3, [sp, #44]	@ 0x2c
1000d26c:	9a07      	ldr	r2, [sp, #28]
1000d26e:	2620      	movs	r6, #32
1000d270:	1a9c      	subs	r4, r3, r2
1000d272:	0025      	movs	r5, r4
1000d274:	2d00      	cmp	r5, #0
1000d276:	dc09      	bgt.n	1000d28c <StreamPrintArg+0x1494>
1000d278:	43e3      	mvns	r3, r4
1000d27a:	9a08      	ldr	r2, [sp, #32]
1000d27c:	17db      	asrs	r3, r3, #31
1000d27e:	4023      	ands	r3, r4
1000d280:	18d2      	adds	r2, r2, r3
1000d282:	3c01      	subs	r4, #1
1000d284:	9208      	str	r2, [sp, #32]
1000d286:	1ae3      	subs	r3, r4, r3
1000d288:	f7fe fdcc 	bl	1000be24 <StreamPrintArg+0x2c>
1000d28c:	ab1a      	add	r3, sp, #104	@ 0x68
1000d28e:	70de      	strb	r6, [r3, #3]
1000d290:	9b06      	ldr	r3, [sp, #24]
1000d292:	a91a      	add	r1, sp, #104	@ 0x68
1000d294:	2201      	movs	r2, #1
1000d296:	695b      	ldr	r3, [r3, #20]
1000d298:	9806      	ldr	r0, [sp, #24]
1000d29a:	3103      	adds	r1, #3
1000d29c:	4798      	blx	r3
1000d29e:	3d01      	subs	r5, #1
1000d2a0:	e7e8      	b.n	1000d274 <StreamPrintArg+0x147c>
1000d2a2:	9b06      	ldr	r3, [sp, #24]
1000d2a4:	691b      	ldr	r3, [r3, #16]
1000d2a6:	2b00      	cmp	r3, #0
1000d2a8:	d001      	beq.n	1000d2ae <StreamPrintArg+0x14b6>
1000d2aa:	9806      	ldr	r0, [sp, #24]
1000d2ac:	4798      	blx	r3
1000d2ae:	9b0d      	ldr	r3, [sp, #52]	@ 0x34
1000d2b0:	691b      	ldr	r3, [r3, #16]
1000d2b2:	2b00      	cmp	r3, #0
1000d2b4:	d001      	beq.n	1000d2ba <StreamPrintArg+0x14c2>
1000d2b6:	980d      	ldr	r0, [sp, #52]	@ 0x34
1000d2b8:	4798      	blx	r3
1000d2ba:	9808      	ldr	r0, [sp, #32]
1000d2bc:	b031      	add	sp, #196	@ 0xc4
1000d2be:	bdf0      	pop	{r4, r5, r6, r7, pc}
1000d2c0:	ab1b      	add	r3, sp, #108	@ 0x6c
1000d2c2:	429d      	cmp	r5, r3
1000d2c4:	d900      	bls.n	1000d2c8 <StreamPrintArg+0x14d0>
1000d2c6:	e4e4      	b.n	1000cc92 <StreamPrintArg+0xe9a>
1000d2c8:	2300      	movs	r3, #0
1000d2ca:	930e      	str	r3, [sp, #56]	@ 0x38
1000d2cc:	e4b3      	b.n	1000cc36 <StreamPrintArg+0xe3e>
1000d2ce:	9b07      	ldr	r3, [sp, #28]
1000d2d0:	2b74      	cmp	r3, #116	@ 0x74
1000d2d2:	d000      	beq.n	1000d2d6 <StreamPrintArg+0x14de>
1000d2d4:	e4ac      	b.n	1000cc30 <StreamPrintArg+0xe38>
1000d2d6:	e4e5      	b.n	1000cca4 <StreamPrintArg+0xeac>

1000d2d8 <MemPrintArg>:
1000d2d8:	b5f0      	push	{r4, r5, r6, r7, lr}
1000d2da:	0005      	movs	r5, r0
1000d2dc:	b08f      	sub	sp, #60	@ 0x3c
1000d2de:	0010      	movs	r0, r2
1000d2e0:	0016      	movs	r6, r2
1000d2e2:	000c      	movs	r4, r1
1000d2e4:	001f      	movs	r7, r3
1000d2e6:	f000 fe9b 	bl	1000e020 <StrLen>
1000d2ea:	0031      	movs	r1, r6
1000d2ec:	0002      	movs	r2, r0
1000d2ee:	a807      	add	r0, sp, #28
1000d2f0:	f000 fe7a 	bl	1000dfe8 <StreamReadBufInit>
1000d2f4:	2200      	movs	r2, #0
1000d2f6:	4294      	cmp	r4, r2
1000d2f8:	d000      	beq.n	1000d2fc <MemPrintArg+0x24>
1000d2fa:	1e62      	subs	r2, r4, #1
1000d2fc:	0029      	movs	r1, r5
1000d2fe:	4668      	mov	r0, sp
1000d300:	f000 fe80 	bl	1000e004 <StreamWriteBufInit>
1000d304:	003a      	movs	r2, r7
1000d306:	4668      	mov	r0, sp
1000d308:	a907      	add	r1, sp, #28
1000d30a:	f7fe fd75 	bl	1000bdf8 <StreamPrintArg>
1000d30e:	2c00      	cmp	r4, #0
1000d310:	d002      	beq.n	1000d318 <MemPrintArg+0x40>
1000d312:	2200      	movs	r2, #0
1000d314:	9b00      	ldr	r3, [sp, #0]
1000d316:	54ea      	strb	r2, [r5, r3]
1000d318:	b00f      	add	sp, #60	@ 0x3c
1000d31a:	bdf0      	pop	{r4, r5, r6, r7, pc}

1000d31c <MemPrint>:
1000d31c:	b40c      	push	{r2, r3}
1000d31e:	b507      	push	{r0, r1, r2, lr}
1000d320:	ab04      	add	r3, sp, #16
1000d322:	cb04      	ldmia	r3!, {r2}
1000d324:	9301      	str	r3, [sp, #4]
1000d326:	f7ff ffd7 	bl	1000d2d8 <MemPrintArg>
1000d32a:	b003      	add	sp, #12
1000d32c:	bc08      	pop	{r3}
1000d32e:	b002      	add	sp, #8
1000d330:	4718      	bx	r3
	...

1000d334 <PWMSndIrq>:
1000d334:	4bd2      	ldr	r3, [pc, #840]	@ (1000d680 <PWMSndIrq+0x34c>)
1000d336:	b5f0      	push	{r4, r5, r6, r7, lr}
1000d338:	681a      	ldr	r2, [r3, #0]
1000d33a:	2301      	movs	r3, #1
1000d33c:	4093      	lsls	r3, r2
1000d33e:	4ad1      	ldr	r2, [pc, #836]	@ (1000d684 <PWMSndIrq+0x350>)
1000d340:	b08b      	sub	sp, #44	@ 0x2c
1000d342:	6013      	str	r3, [r2, #0]
1000d344:	2300      	movs	r3, #0
1000d346:	9307      	str	r3, [sp, #28]
1000d348:	4bcf      	ldr	r3, [pc, #828]	@ (1000d688 <PWMSndIrq+0x354>)
1000d34a:	4fd0      	ldr	r7, [pc, #832]	@ (1000d68c <PWMSndIrq+0x358>)
1000d34c:	4ad0      	ldr	r2, [pc, #832]	@ (1000d690 <PWMSndIrq+0x35c>)
1000d34e:	9302      	str	r3, [sp, #8]
1000d350:	9301      	str	r3, [sp, #4]
1000d352:	6853      	ldr	r3, [r2, #4]
1000d354:	9300      	str	r3, [sp, #0]
1000d356:	2b00      	cmp	r3, #0
1000d358:	dd54      	ble.n	1000d404 <PWMSndIrq+0xd0>
1000d35a:	6891      	ldr	r1, [r2, #8]
1000d35c:	6813      	ldr	r3, [r2, #0]
1000d35e:	468c      	mov	ip, r1
1000d360:	0011      	movs	r1, r2
1000d362:	3134      	adds	r1, #52	@ 0x34
1000d364:	780c      	ldrb	r4, [r1, #0]
1000d366:	2c00      	cmp	r4, #0
1000d368:	d000      	beq.n	1000d36c <PWMSndIrq+0x38>
1000d36a:	e08f      	b.n	1000d48c <PWMSndIrq+0x158>
1000d36c:	7818      	ldrb	r0, [r3, #0]
1000d36e:	9c00      	ldr	r4, [sp, #0]
1000d370:	3880      	subs	r0, #128	@ 0x80
1000d372:	0001      	movs	r1, r0
1000d374:	2c01      	cmp	r4, #1
1000d376:	d001      	beq.n	1000d37c <PWMSndIrq+0x48>
1000d378:	7859      	ldrb	r1, [r3, #1]
1000d37a:	3980      	subs	r1, #128	@ 0x80
1000d37c:	2480      	movs	r4, #128	@ 0x80
1000d37e:	4665      	mov	r5, ip
1000d380:	00e4      	lsls	r4, r4, #3
1000d382:	1b64      	subs	r4, r4, r5
1000d384:	4344      	muls	r4, r0
1000d386:	4369      	muls	r1, r5
1000d388:	6a10      	ldr	r0, [r2, #32]
1000d38a:	1909      	adds	r1, r1, r4
1000d38c:	4348      	muls	r0, r1
1000d38e:	9901      	ldr	r1, [sp, #4]
1000d390:	11c0      	asrs	r0, r0, #7
1000d392:	1809      	adds	r1, r1, r0
1000d394:	68d4      	ldr	r4, [r2, #12]
1000d396:	9101      	str	r1, [sp, #4]
1000d398:	9902      	ldr	r1, [sp, #8]
1000d39a:	4464      	add	r4, ip
1000d39c:	1809      	adds	r1, r1, r0
1000d39e:	12a0      	asrs	r0, r4, #10
1000d3a0:	05a4      	lsls	r4, r4, #22
1000d3a2:	0da4      	lsrs	r4, r4, #22
1000d3a4:	46a4      	mov	ip, r4
1000d3a6:	9102      	str	r1, [sp, #8]
1000d3a8:	9c00      	ldr	r4, [sp, #0]
1000d3aa:	9900      	ldr	r1, [sp, #0]
1000d3ac:	181b      	adds	r3, r3, r0
1000d3ae:	1a41      	subs	r1, r0, r1
1000d3b0:	1a20      	subs	r0, r4, r0
1000d3b2:	9000      	str	r0, [sp, #0]
1000d3b4:	9800      	ldr	r0, [sp, #0]
1000d3b6:	2800      	cmp	r0, #0
1000d3b8:	dc1f      	bgt.n	1000d3fa <PWMSndIrq+0xc6>
1000d3ba:	003b      	movs	r3, r7
1000d3bc:	2000      	movs	r0, #0
1000d3be:	330d      	adds	r3, #13
1000d3c0:	8018      	strh	r0, [r3, #0]
1000d3c2:	7638      	strb	r0, [r7, #24]
1000d3c4:	7678      	strb	r0, [r7, #25]
1000d3c6:	3304      	adds	r3, #4
1000d3c8:	8610      	strh	r0, [r2, #48]	@ 0x30
1000d3ca:	8098      	strh	r0, [r3, #4]
1000d3cc:	76b8      	strb	r0, [r7, #26]
1000d3ce:	8590      	strh	r0, [r2, #44]	@ 0x2c
1000d3d0:	8018      	strh	r0, [r3, #0]
1000d3d2:	6953      	ldr	r3, [r2, #20]
1000d3d4:	9c00      	ldr	r4, [sp, #0]
1000d3d6:	185b      	adds	r3, r3, r1
1000d3d8:	6991      	ldr	r1, [r2, #24]
1000d3da:	1861      	adds	r1, r4, r1
1000d3dc:	9100      	str	r1, [sp, #0]
1000d3de:	7f11      	ldrb	r1, [r2, #28]
1000d3e0:	4281      	cmp	r1, r0
1000d3e2:	d00a      	beq.n	1000d3fa <PWMSndIrq+0xc6>
1000d3e4:	6190      	str	r0, [r2, #24]
1000d3e6:	7839      	ldrb	r1, [r7, #0]
1000d3e8:	4281      	cmp	r1, r0
1000d3ea:	d006      	beq.n	1000d3fa <PWMSndIrq+0xc6>
1000d3ec:	f3bf 8f5f 	dmb	sy
1000d3f0:	2101      	movs	r1, #1
1000d3f2:	7878      	ldrb	r0, [r7, #1]
1000d3f4:	4081      	lsls	r1, r0
1000d3f6:	48a7      	ldr	r0, [pc, #668]	@ (1000d694 <PWMSndIrq+0x360>)
1000d3f8:	6041      	str	r1, [r0, #4]
1000d3fa:	9900      	ldr	r1, [sp, #0]
1000d3fc:	6013      	str	r3, [r2, #0]
1000d3fe:	6051      	str	r1, [r2, #4]
1000d400:	4661      	mov	r1, ip
1000d402:	6091      	str	r1, [r2, #8]
1000d404:	9b07      	ldr	r3, [sp, #28]
1000d406:	323c      	adds	r2, #60	@ 0x3c
1000d408:	3301      	adds	r3, #1
1000d40a:	9307      	str	r3, [sp, #28]
1000d40c:	373c      	adds	r7, #60	@ 0x3c
1000d40e:	2b04      	cmp	r3, #4
1000d410:	d19f      	bne.n	1000d352 <PWMSndIrq+0x1e>
1000d412:	2201      	movs	r2, #1
1000d414:	4ba0      	ldr	r3, [pc, #640]	@ (1000d698 <PWMSndIrq+0x364>)
1000d416:	6819      	ldr	r1, [r3, #0]
1000d418:	404a      	eors	r2, r1
1000d41a:	2180      	movs	r1, #128	@ 0x80
1000d41c:	601a      	str	r2, [r3, #0]
1000d41e:	0252      	lsls	r2, r2, #9
1000d420:	9b01      	ldr	r3, [sp, #4]
1000d422:	3201      	adds	r2, #1
1000d424:	32ff      	adds	r2, #255	@ 0xff
1000d426:	189b      	adds	r3, r3, r2
1000d428:	129b      	asrs	r3, r3, #10
1000d42a:	0109      	lsls	r1, r1, #4
1000d42c:	428b      	cmp	r3, r1
1000d42e:	da00      	bge.n	1000d432 <PWMSndIrq+0xfe>
1000d430:	e2a3      	b.n	1000d97a <PWMSndIrq+0x646>
1000d432:	4b9a      	ldr	r3, [pc, #616]	@ (1000d69c <PWMSndIrq+0x368>)
1000d434:	4992      	ldr	r1, [pc, #584]	@ (1000d680 <PWMSndIrq+0x34c>)
1000d436:	2080      	movs	r0, #128	@ 0x80
1000d438:	680c      	ldr	r4, [r1, #0]
1000d43a:	2114      	movs	r1, #20
1000d43c:	434c      	muls	r4, r1
1000d43e:	4998      	ldr	r1, [pc, #608]	@ (1000d6a0 <PWMSndIrq+0x36c>)
1000d440:	0140      	lsls	r0, r0, #5
1000d442:	1864      	adds	r4, r4, r1
1000d444:	4997      	ldr	r1, [pc, #604]	@ (1000d6a4 <PWMSndIrq+0x370>)
1000d446:	4320      	orrs	r0, r4
1000d448:	680d      	ldr	r5, [r1, #0]
1000d44a:	4997      	ldr	r1, [pc, #604]	@ (1000d6a8 <PWMSndIrq+0x374>)
1000d44c:	2d00      	cmp	r5, #0
1000d44e:	db12      	blt.n	1000d476 <PWMSndIrq+0x142>
1000d450:	2780      	movs	r7, #128	@ 0x80
1000d452:	9d02      	ldr	r5, [sp, #8]
1000d454:	6826      	ldr	r6, [r4, #0]
1000d456:	18aa      	adds	r2, r5, r2
1000d458:	4d94      	ldr	r5, [pc, #592]	@ (1000d6ac <PWMSndIrq+0x378>)
1000d45a:	1292      	asrs	r2, r2, #10
1000d45c:	682d      	ldr	r5, [r5, #0]
1000d45e:	013f      	lsls	r7, r7, #4
1000d460:	012d      	lsls	r5, r5, #4
1000d462:	42ba      	cmp	r2, r7
1000d464:	da00      	bge.n	1000d468 <PWMSndIrq+0x134>
1000d466:	e28c      	b.n	1000d982 <PWMSndIrq+0x64e>
1000d468:	4a8c      	ldr	r2, [pc, #560]	@ (1000d69c <PWMSndIrq+0x368>)
1000d46a:	40aa      	lsls	r2, r5
1000d46c:	4072      	eors	r2, r6
1000d46e:	000e      	movs	r6, r1
1000d470:	40ae      	lsls	r6, r5
1000d472:	4032      	ands	r2, r6
1000d474:	6002      	str	r2, [r0, #0]
1000d476:	4a8e      	ldr	r2, [pc, #568]	@ (1000d6b0 <PWMSndIrq+0x37c>)
1000d478:	6824      	ldr	r4, [r4, #0]
1000d47a:	6812      	ldr	r2, [r2, #0]
1000d47c:	0112      	lsls	r2, r2, #4
1000d47e:	4093      	lsls	r3, r2
1000d480:	4091      	lsls	r1, r2
1000d482:	4063      	eors	r3, r4
1000d484:	4019      	ands	r1, r3
1000d486:	6001      	str	r1, [r0, #0]
1000d488:	b00b      	add	sp, #44	@ 0x2c
1000d48a:	bdf0      	pop	{r4, r5, r6, r7, pc}
1000d48c:	2c40      	cmp	r4, #64	@ 0x40
1000d48e:	d141      	bne.n	1000d514 <PWMSndIrq+0x1e0>
1000d490:	7818      	ldrb	r0, [r3, #0]
1000d492:	9c00      	ldr	r4, [sp, #0]
1000d494:	3880      	subs	r0, #128	@ 0x80
1000d496:	0001      	movs	r1, r0
1000d498:	2c01      	cmp	r4, #1
1000d49a:	d001      	beq.n	1000d4a0 <PWMSndIrq+0x16c>
1000d49c:	7899      	ldrb	r1, [r3, #2]
1000d49e:	3980      	subs	r1, #128	@ 0x80
1000d4a0:	2480      	movs	r4, #128	@ 0x80
1000d4a2:	4665      	mov	r5, ip
1000d4a4:	00e4      	lsls	r4, r4, #3
1000d4a6:	1b64      	subs	r4, r4, r5
1000d4a8:	4360      	muls	r0, r4
1000d4aa:	4369      	muls	r1, r5
1000d4ac:	1809      	adds	r1, r1, r0
1000d4ae:	6a10      	ldr	r0, [r2, #32]
1000d4b0:	785d      	ldrb	r5, [r3, #1]
1000d4b2:	4341      	muls	r1, r0
1000d4b4:	3d80      	subs	r5, #128	@ 0x80
1000d4b6:	9503      	str	r5, [sp, #12]
1000d4b8:	9d00      	ldr	r5, [sp, #0]
1000d4ba:	11c9      	asrs	r1, r1, #7
1000d4bc:	0006      	movs	r6, r0
1000d4be:	0008      	movs	r0, r1
1000d4c0:	2d01      	cmp	r5, #1
1000d4c2:	d001      	beq.n	1000d4c8 <PWMSndIrq+0x194>
1000d4c4:	78d8      	ldrb	r0, [r3, #3]
1000d4c6:	3880      	subs	r0, #128	@ 0x80
1000d4c8:	9d03      	ldr	r5, [sp, #12]
1000d4ca:	4365      	muls	r5, r4
1000d4cc:	002c      	movs	r4, r5
1000d4ce:	4665      	mov	r5, ip
1000d4d0:	4368      	muls	r0, r5
1000d4d2:	1900      	adds	r0, r0, r4
1000d4d4:	4370      	muls	r0, r6
1000d4d6:	4c73      	ldr	r4, [pc, #460]	@ (1000d6a4 <PWMSndIrq+0x370>)
1000d4d8:	11c0      	asrs	r0, r0, #7
1000d4da:	6824      	ldr	r4, [r4, #0]
1000d4dc:	2c00      	cmp	r4, #0
1000d4de:	db06      	blt.n	1000d4ee <PWMSndIrq+0x1ba>
1000d4e0:	9c01      	ldr	r4, [sp, #4]
1000d4e2:	1861      	adds	r1, r4, r1
1000d4e4:	9101      	str	r1, [sp, #4]
1000d4e6:	9902      	ldr	r1, [sp, #8]
1000d4e8:	1809      	adds	r1, r1, r0
1000d4ea:	9102      	str	r1, [sp, #8]
1000d4ec:	e004      	b.n	1000d4f8 <PWMSndIrq+0x1c4>
1000d4ee:	1809      	adds	r1, r1, r0
1000d4f0:	9801      	ldr	r0, [sp, #4]
1000d4f2:	1049      	asrs	r1, r1, #1
1000d4f4:	1841      	adds	r1, r0, r1
1000d4f6:	9101      	str	r1, [sp, #4]
1000d4f8:	68d0      	ldr	r0, [r2, #12]
1000d4fa:	4460      	add	r0, ip
1000d4fc:	1281      	asrs	r1, r0, #10
1000d4fe:	004c      	lsls	r4, r1, #1
1000d500:	191b      	adds	r3, r3, r4
1000d502:	9c00      	ldr	r4, [sp, #0]
1000d504:	1a61      	subs	r1, r4, r1
1000d506:	9100      	str	r1, [sp, #0]
1000d508:	0049      	lsls	r1, r1, #1
1000d50a:	0580      	lsls	r0, r0, #22
1000d50c:	0d80      	lsrs	r0, r0, #22
1000d50e:	4684      	mov	ip, r0
1000d510:	4249      	negs	r1, r1
1000d512:	e74f      	b.n	1000d3b4 <PWMSndIrq+0x80>
1000d514:	2c02      	cmp	r4, #2
1000d516:	d11b      	bne.n	1000d550 <PWMSndIrq+0x21c>
1000d518:	2001      	movs	r0, #1
1000d51a:	5618      	ldrsb	r0, [r3, r0]
1000d51c:	7819      	ldrb	r1, [r3, #0]
1000d51e:	0200      	lsls	r0, r0, #8
1000d520:	9c00      	ldr	r4, [sp, #0]
1000d522:	1840      	adds	r0, r0, r1
1000d524:	0001      	movs	r1, r0
1000d526:	2c01      	cmp	r4, #1
1000d528:	d004      	beq.n	1000d534 <PWMSndIrq+0x200>
1000d52a:	2103      	movs	r1, #3
1000d52c:	5659      	ldrsb	r1, [r3, r1]
1000d52e:	789c      	ldrb	r4, [r3, #2]
1000d530:	0209      	lsls	r1, r1, #8
1000d532:	1909      	adds	r1, r1, r4
1000d534:	2480      	movs	r4, #128	@ 0x80
1000d536:	4665      	mov	r5, ip
1000d538:	00e4      	lsls	r4, r4, #3
1000d53a:	1b64      	subs	r4, r4, r5
1000d53c:	4344      	muls	r4, r0
1000d53e:	4369      	muls	r1, r5
1000d540:	6a10      	ldr	r0, [r2, #32]
1000d542:	1909      	adds	r1, r1, r4
1000d544:	1289      	asrs	r1, r1, #10
1000d546:	4348      	muls	r0, r1
1000d548:	9901      	ldr	r1, [sp, #4]
1000d54a:	1140      	asrs	r0, r0, #5
1000d54c:	1809      	adds	r1, r1, r0
1000d54e:	e7c9      	b.n	1000d4e4 <PWMSndIrq+0x1b0>
1000d550:	2c42      	cmp	r4, #66	@ 0x42
1000d552:	d149      	bne.n	1000d5e8 <PWMSndIrq+0x2b4>
1000d554:	2001      	movs	r0, #1
1000d556:	5618      	ldrsb	r0, [r3, r0]
1000d558:	7819      	ldrb	r1, [r3, #0]
1000d55a:	0200      	lsls	r0, r0, #8
1000d55c:	9c00      	ldr	r4, [sp, #0]
1000d55e:	1840      	adds	r0, r0, r1
1000d560:	0001      	movs	r1, r0
1000d562:	2c01      	cmp	r4, #1
1000d564:	d004      	beq.n	1000d570 <PWMSndIrq+0x23c>
1000d566:	2105      	movs	r1, #5
1000d568:	5659      	ldrsb	r1, [r3, r1]
1000d56a:	791c      	ldrb	r4, [r3, #4]
1000d56c:	0209      	lsls	r1, r1, #8
1000d56e:	1909      	adds	r1, r1, r4
1000d570:	2480      	movs	r4, #128	@ 0x80
1000d572:	4665      	mov	r5, ip
1000d574:	00e4      	lsls	r4, r4, #3
1000d576:	4369      	muls	r1, r5
1000d578:	1b64      	subs	r4, r4, r5
1000d57a:	2503      	movs	r5, #3
1000d57c:	4360      	muls	r0, r4
1000d57e:	1809      	adds	r1, r1, r0
1000d580:	6a10      	ldr	r0, [r2, #32]
1000d582:	1289      	asrs	r1, r1, #10
1000d584:	9003      	str	r0, [sp, #12]
1000d586:	4341      	muls	r1, r0
1000d588:	575d      	ldrsb	r5, [r3, r5]
1000d58a:	7898      	ldrb	r0, [r3, #2]
1000d58c:	022d      	lsls	r5, r5, #8
1000d58e:	9e00      	ldr	r6, [sp, #0]
1000d590:	182d      	adds	r5, r5, r0
1000d592:	0028      	movs	r0, r5
1000d594:	1149      	asrs	r1, r1, #5
1000d596:	2e01      	cmp	r6, #1
1000d598:	d004      	beq.n	1000d5a4 <PWMSndIrq+0x270>
1000d59a:	2007      	movs	r0, #7
1000d59c:	5618      	ldrsb	r0, [r3, r0]
1000d59e:	799e      	ldrb	r6, [r3, #6]
1000d5a0:	0200      	lsls	r0, r0, #8
1000d5a2:	1980      	adds	r0, r0, r6
1000d5a4:	436c      	muls	r4, r5
1000d5a6:	4665      	mov	r5, ip
1000d5a8:	4368      	muls	r0, r5
1000d5aa:	1900      	adds	r0, r0, r4
1000d5ac:	9c03      	ldr	r4, [sp, #12]
1000d5ae:	1280      	asrs	r0, r0, #10
1000d5b0:	4360      	muls	r0, r4
1000d5b2:	4c3c      	ldr	r4, [pc, #240]	@ (1000d6a4 <PWMSndIrq+0x370>)
1000d5b4:	1140      	asrs	r0, r0, #5
1000d5b6:	6824      	ldr	r4, [r4, #0]
1000d5b8:	2c00      	cmp	r4, #0
1000d5ba:	db0f      	blt.n	1000d5dc <PWMSndIrq+0x2a8>
1000d5bc:	9c01      	ldr	r4, [sp, #4]
1000d5be:	1861      	adds	r1, r4, r1
1000d5c0:	9101      	str	r1, [sp, #4]
1000d5c2:	9902      	ldr	r1, [sp, #8]
1000d5c4:	1809      	adds	r1, r1, r0
1000d5c6:	9102      	str	r1, [sp, #8]
1000d5c8:	68d0      	ldr	r0, [r2, #12]
1000d5ca:	4460      	add	r0, ip
1000d5cc:	1281      	asrs	r1, r0, #10
1000d5ce:	008c      	lsls	r4, r1, #2
1000d5d0:	191b      	adds	r3, r3, r4
1000d5d2:	9c00      	ldr	r4, [sp, #0]
1000d5d4:	1a61      	subs	r1, r4, r1
1000d5d6:	9100      	str	r1, [sp, #0]
1000d5d8:	0089      	lsls	r1, r1, #2
1000d5da:	e796      	b.n	1000d50a <PWMSndIrq+0x1d6>
1000d5dc:	1809      	adds	r1, r1, r0
1000d5de:	9801      	ldr	r0, [sp, #4]
1000d5e0:	1049      	asrs	r1, r1, #1
1000d5e2:	1841      	adds	r1, r0, r1
1000d5e4:	9101      	str	r1, [sp, #4]
1000d5e6:	e7ef      	b.n	1000d5c8 <PWMSndIrq+0x294>
1000d5e8:	2c01      	cmp	r4, #1
1000d5ea:	d000      	beq.n	1000d5ee <PWMSndIrq+0x2ba>
1000d5ec:	e0ac      	b.n	1000d748 <PWMSndIrq+0x414>
1000d5ee:	68d1      	ldr	r1, [r2, #12]
1000d5f0:	4461      	add	r1, ip
1000d5f2:	1288      	asrs	r0, r1, #10
1000d5f4:	0589      	lsls	r1, r1, #22
1000d5f6:	0d89      	lsrs	r1, r1, #22
1000d5f8:	468c      	mov	ip, r1
1000d5fa:	9003      	str	r0, [sp, #12]
1000d5fc:	2800      	cmp	r0, #0
1000d5fe:	dd04      	ble.n	1000d60a <PWMSndIrq+0x2d6>
1000d600:	8e11      	ldrh	r1, [r2, #48]	@ 0x30
1000d602:	8591      	strh	r1, [r2, #44]	@ 0x2c
1000d604:	9903      	ldr	r1, [sp, #12]
1000d606:	2900      	cmp	r1, #0
1000d608:	d117      	bne.n	1000d63a <PWMSndIrq+0x306>
1000d60a:	202c      	movs	r0, #44	@ 0x2c
1000d60c:	5e11      	ldrsh	r1, [r2, r0]
1000d60e:	2080      	movs	r0, #128	@ 0x80
1000d610:	4664      	mov	r4, ip
1000d612:	00c0      	lsls	r0, r0, #3
1000d614:	1b00      	subs	r0, r0, r4
1000d616:	4348      	muls	r0, r1
1000d618:	2430      	movs	r4, #48	@ 0x30
1000d61a:	5f11      	ldrsh	r1, [r2, r4]
1000d61c:	4664      	mov	r4, ip
1000d61e:	4361      	muls	r1, r4
1000d620:	1840      	adds	r0, r0, r1
1000d622:	6a11      	ldr	r1, [r2, #32]
1000d624:	1280      	asrs	r0, r0, #10
1000d626:	4341      	muls	r1, r0
1000d628:	9801      	ldr	r0, [sp, #4]
1000d62a:	1149      	asrs	r1, r1, #5
1000d62c:	1840      	adds	r0, r0, r1
1000d62e:	9001      	str	r0, [sp, #4]
1000d630:	9802      	ldr	r0, [sp, #8]
1000d632:	1809      	adds	r1, r1, r0
1000d634:	9102      	str	r1, [sp, #8]
1000d636:	2100      	movs	r1, #0
1000d638:	e6bc      	b.n	1000d3b4 <PWMSndIrq+0x80>
1000d63a:	0039      	movs	r1, r7
1000d63c:	310d      	adds	r1, #13
1000d63e:	2000      	movs	r0, #0
1000d640:	5e09      	ldrsh	r1, [r1, r0]
1000d642:	9104      	str	r1, [sp, #16]
1000d644:	2900      	cmp	r1, #0
1000d646:	dc35      	bgt.n	1000d6b4 <PWMSndIrq+0x380>
1000d648:	7858      	ldrb	r0, [r3, #1]
1000d64a:	7819      	ldrb	r1, [r3, #0]
1000d64c:	0200      	lsls	r0, r0, #8
1000d64e:	1809      	adds	r1, r1, r0
1000d650:	8611      	strh	r1, [r2, #48]	@ 0x30
1000d652:	7899      	ldrb	r1, [r3, #2]
1000d654:	3304      	adds	r3, #4
1000d656:	7639      	strb	r1, [r7, #24]
1000d658:	2028      	movs	r0, #40	@ 0x28
1000d65a:	5e11      	ldrsh	r1, [r2, r0]
1000d65c:	9104      	str	r1, [sp, #16]
1000d65e:	2100      	movs	r1, #0
1000d660:	76b9      	strb	r1, [r7, #26]
1000d662:	9900      	ldr	r1, [sp, #0]
1000d664:	3908      	subs	r1, #8
1000d666:	9100      	str	r1, [sp, #0]
1000d668:	0039      	movs	r1, r7
1000d66a:	9804      	ldr	r0, [sp, #16]
1000d66c:	310d      	adds	r1, #13
1000d66e:	3801      	subs	r0, #1
1000d670:	8008      	strh	r0, [r1, #0]
1000d672:	9900      	ldr	r1, [sp, #0]
1000d674:	2900      	cmp	r1, #0
1000d676:	dd64      	ble.n	1000d742 <PWMSndIrq+0x40e>
1000d678:	9903      	ldr	r1, [sp, #12]
1000d67a:	3901      	subs	r1, #1
1000d67c:	9103      	str	r1, [sp, #12]
1000d67e:	e7c1      	b.n	1000d604 <PWMSndIrq+0x2d0>
1000d680:	20000fc8 	.word	0x20000fc8
1000d684:	400500a4 	.word	0x400500a4
1000d688:	000ffe00 	.word	0x000ffe00
1000d68c:	20026d11 	.word	0x20026d11
1000d690:	20026cf4 	.word	0x20026cf4
1000d694:	e000e1fc 	.word	0xe000e1fc
1000d698:	20026de4 	.word	0x20026de4
1000d69c:	000007ff 	.word	0x000007ff
1000d6a0:	4005000c 	.word	0x4005000c
1000d6a4:	20000fd4 	.word	0x20000fd4
1000d6a8:	0000ffff 	.word	0x0000ffff
1000d6ac:	20000fcc 	.word	0x20000fcc
1000d6b0:	20000fd0 	.word	0x20000fd0
1000d6b4:	7eb9      	ldrb	r1, [r7, #26]
1000d6b6:	2900      	cmp	r1, #0
1000d6b8:	d03b      	beq.n	1000d732 <PWMSndIrq+0x3fe>
1000d6ba:	7f38      	ldrb	r0, [r7, #28]
1000d6bc:	0900      	lsrs	r0, r0, #4
1000d6be:	9d00      	ldr	r5, [sp, #0]
1000d6c0:	3d01      	subs	r5, #1
1000d6c2:	9500      	str	r5, [sp, #0]
1000d6c4:	424d      	negs	r5, r1
1000d6c6:	4169      	adcs	r1, r5
1000d6c8:	76b9      	strb	r1, [r7, #26]
1000d6ca:	2118      	movs	r1, #24
1000d6cc:	5679      	ldrsb	r1, [r7, r1]
1000d6ce:	000e      	movs	r6, r1
1000d6d0:	49ae      	ldr	r1, [pc, #696]	@ (1000d98c <PWMSndIrq+0x658>)
1000d6d2:	0075      	lsls	r5, r6, #1
1000d6d4:	5e6d      	ldrsh	r5, [r5, r1]
1000d6d6:	49ae      	ldr	r1, [pc, #696]	@ (1000d990 <PWMSndIrq+0x65c>)
1000d6d8:	5c09      	ldrb	r1, [r1, r0]
1000d6da:	1989      	adds	r1, r1, r6
1000d6dc:	b2ce      	uxtb	r6, r1
1000d6de:	b249      	sxtb	r1, r1
1000d6e0:	2e58      	cmp	r6, #88	@ 0x58
1000d6e2:	d902      	bls.n	1000d6ea <PWMSndIrq+0x3b6>
1000d6e4:	2900      	cmp	r1, #0
1000d6e6:	da2a      	bge.n	1000d73e <PWMSndIrq+0x40a>
1000d6e8:	2100      	movs	r1, #0
1000d6ea:	7639      	strb	r1, [r7, #24]
1000d6ec:	10e9      	asrs	r1, r5, #3
1000d6ee:	4220      	tst	r0, r4
1000d6f0:	d001      	beq.n	1000d6f6 <PWMSndIrq+0x3c2>
1000d6f2:	10ae      	asrs	r6, r5, #2
1000d6f4:	1871      	adds	r1, r6, r1
1000d6f6:	2602      	movs	r6, #2
1000d6f8:	4230      	tst	r0, r6
1000d6fa:	d002      	beq.n	1000d702 <PWMSndIrq+0x3ce>
1000d6fc:	106e      	asrs	r6, r5, #1
1000d6fe:	1871      	adds	r1, r6, r1
1000d700:	b209      	sxth	r1, r1
1000d702:	2604      	movs	r6, #4
1000d704:	4230      	tst	r0, r6
1000d706:	d001      	beq.n	1000d70c <PWMSndIrq+0x3d8>
1000d708:	1949      	adds	r1, r1, r5
1000d70a:	b209      	sxth	r1, r1
1000d70c:	2508      	movs	r5, #8
1000d70e:	4228      	tst	r0, r5
1000d710:	d001      	beq.n	1000d716 <PWMSndIrq+0x3e2>
1000d712:	4249      	negs	r1, r1
1000d714:	b209      	sxth	r1, r1
1000d716:	2530      	movs	r5, #48	@ 0x30
1000d718:	5f50      	ldrsh	r0, [r2, r5]
1000d71a:	1841      	adds	r1, r0, r1
1000d71c:	489d      	ldr	r0, [pc, #628]	@ (1000d994 <PWMSndIrq+0x660>)
1000d71e:	4281      	cmp	r1, r0
1000d720:	da00      	bge.n	1000d724 <PWMSndIrq+0x3f0>
1000d722:	0001      	movs	r1, r0
1000d724:	2080      	movs	r0, #128	@ 0x80
1000d726:	0200      	lsls	r0, r0, #8
1000d728:	4281      	cmp	r1, r0
1000d72a:	db00      	blt.n	1000d72e <PWMSndIrq+0x3fa>
1000d72c:	499a      	ldr	r1, [pc, #616]	@ (1000d998 <PWMSndIrq+0x664>)
1000d72e:	8611      	strh	r1, [r2, #48]	@ 0x30
1000d730:	e79a      	b.n	1000d668 <PWMSndIrq+0x334>
1000d732:	250f      	movs	r5, #15
1000d734:	7818      	ldrb	r0, [r3, #0]
1000d736:	3301      	adds	r3, #1
1000d738:	7738      	strb	r0, [r7, #28]
1000d73a:	4028      	ands	r0, r5
1000d73c:	e7bf      	b.n	1000d6be <PWMSndIrq+0x38a>
1000d73e:	2158      	movs	r1, #88	@ 0x58
1000d740:	e7d3      	b.n	1000d6ea <PWMSndIrq+0x3b6>
1000d742:	2100      	movs	r1, #0
1000d744:	9100      	str	r1, [sp, #0]
1000d746:	e760      	b.n	1000d60a <PWMSndIrq+0x2d6>
1000d748:	2c41      	cmp	r4, #65	@ 0x41
1000d74a:	d000      	beq.n	1000d74e <PWMSndIrq+0x41a>
1000d74c:	e655      	b.n	1000d3fa <PWMSndIrq+0xc6>
1000d74e:	68d1      	ldr	r1, [r2, #12]
1000d750:	4461      	add	r1, ip
1000d752:	1288      	asrs	r0, r1, #10
1000d754:	0589      	lsls	r1, r1, #22
1000d756:	0d89      	lsrs	r1, r1, #22
1000d758:	468c      	mov	ip, r1
1000d75a:	9004      	str	r0, [sp, #16]
1000d75c:	2800      	cmp	r0, #0
1000d75e:	dd09      	ble.n	1000d774 <PWMSndIrq+0x440>
1000d760:	8e11      	ldrh	r1, [r2, #48]	@ 0x30
1000d762:	8591      	strh	r1, [r2, #44]	@ 0x2c
1000d764:	0039      	movs	r1, r7
1000d766:	3115      	adds	r1, #21
1000d768:	8808      	ldrh	r0, [r1, #0]
1000d76a:	3904      	subs	r1, #4
1000d76c:	8008      	strh	r0, [r1, #0]
1000d76e:	9904      	ldr	r1, [sp, #16]
1000d770:	2900      	cmp	r1, #0
1000d772:	d12a      	bne.n	1000d7ca <PWMSndIrq+0x496>
1000d774:	2480      	movs	r4, #128	@ 0x80
1000d776:	4661      	mov	r1, ip
1000d778:	00e4      	lsls	r4, r4, #3
1000d77a:	1a64      	subs	r4, r4, r1
1000d77c:	2030      	movs	r0, #48	@ 0x30
1000d77e:	5e11      	ldrsh	r1, [r2, r0]
1000d780:	4660      	mov	r0, ip
1000d782:	4341      	muls	r1, r0
1000d784:	252c      	movs	r5, #44	@ 0x2c
1000d786:	5f50      	ldrsh	r0, [r2, r5]
1000d788:	6a15      	ldr	r5, [r2, #32]
1000d78a:	4360      	muls	r0, r4
1000d78c:	1809      	adds	r1, r1, r0
1000d78e:	0038      	movs	r0, r7
1000d790:	3015      	adds	r0, #21
1000d792:	2600      	movs	r6, #0
1000d794:	5f80      	ldrsh	r0, [r0, r6]
1000d796:	4666      	mov	r6, ip
1000d798:	4346      	muls	r6, r0
1000d79a:	9603      	str	r6, [sp, #12]
1000d79c:	003e      	movs	r6, r7
1000d79e:	3611      	adds	r6, #17
1000d7a0:	2000      	movs	r0, #0
1000d7a2:	5e36      	ldrsh	r6, [r6, r0]
1000d7a4:	9803      	ldr	r0, [sp, #12]
1000d7a6:	4374      	muls	r4, r6
1000d7a8:	1900      	adds	r0, r0, r4
1000d7aa:	1289      	asrs	r1, r1, #10
1000d7ac:	1280      	asrs	r0, r0, #10
1000d7ae:	4369      	muls	r1, r5
1000d7b0:	4368      	muls	r0, r5
1000d7b2:	4c7a      	ldr	r4, [pc, #488]	@ (1000d99c <PWMSndIrq+0x668>)
1000d7b4:	1149      	asrs	r1, r1, #5
1000d7b6:	6824      	ldr	r4, [r4, #0]
1000d7b8:	1140      	asrs	r0, r0, #5
1000d7ba:	2c00      	cmp	r4, #0
1000d7bc:	da00      	bge.n	1000d7c0 <PWMSndIrq+0x48c>
1000d7be:	e0d6      	b.n	1000d96e <PWMSndIrq+0x63a>
1000d7c0:	9c01      	ldr	r4, [sp, #4]
1000d7c2:	1861      	adds	r1, r4, r1
1000d7c4:	9101      	str	r1, [sp, #4]
1000d7c6:	9902      	ldr	r1, [sp, #8]
1000d7c8:	e733      	b.n	1000d632 <PWMSndIrq+0x2fe>
1000d7ca:	0039      	movs	r1, r7
1000d7cc:	310d      	adds	r1, #13
1000d7ce:	2000      	movs	r0, #0
1000d7d0:	5e09      	ldrsh	r1, [r1, r0]
1000d7d2:	9106      	str	r1, [sp, #24]
1000d7d4:	2900      	cmp	r1, #0
1000d7d6:	dc28      	bgt.n	1000d82a <PWMSndIrq+0x4f6>
1000d7d8:	7858      	ldrb	r0, [r3, #1]
1000d7da:	7819      	ldrb	r1, [r3, #0]
1000d7dc:	0200      	lsls	r0, r0, #8
1000d7de:	1809      	adds	r1, r1, r0
1000d7e0:	8611      	strh	r1, [r2, #48]	@ 0x30
1000d7e2:	7959      	ldrb	r1, [r3, #5]
1000d7e4:	7918      	ldrb	r0, [r3, #4]
1000d7e6:	0209      	lsls	r1, r1, #8
1000d7e8:	1841      	adds	r1, r0, r1
1000d7ea:	0038      	movs	r0, r7
1000d7ec:	3015      	adds	r0, #21
1000d7ee:	8001      	strh	r1, [r0, #0]
1000d7f0:	7899      	ldrb	r1, [r3, #2]
1000d7f2:	7639      	strb	r1, [r7, #24]
1000d7f4:	7999      	ldrb	r1, [r3, #6]
1000d7f6:	3308      	adds	r3, #8
1000d7f8:	7679      	strb	r1, [r7, #25]
1000d7fa:	2028      	movs	r0, #40	@ 0x28
1000d7fc:	5e11      	ldrsh	r1, [r2, r0]
1000d7fe:	0010      	movs	r0, r2
1000d800:	9106      	str	r1, [sp, #24]
1000d802:	2100      	movs	r1, #0
1000d804:	3038      	adds	r0, #56	@ 0x38
1000d806:	76b9      	strb	r1, [r7, #26]
1000d808:	7001      	strb	r1, [r0, #0]
1000d80a:	9900      	ldr	r1, [sp, #0]
1000d80c:	3908      	subs	r1, #8
1000d80e:	9100      	str	r1, [sp, #0]
1000d810:	0038      	movs	r0, r7
1000d812:	9906      	ldr	r1, [sp, #24]
1000d814:	300d      	adds	r0, #13
1000d816:	3901      	subs	r1, #1
1000d818:	8001      	strh	r1, [r0, #0]
1000d81a:	9900      	ldr	r1, [sp, #0]
1000d81c:	2900      	cmp	r1, #0
1000d81e:	dc00      	bgt.n	1000d822 <PWMSndIrq+0x4ee>
1000d820:	e0a2      	b.n	1000d968 <PWMSndIrq+0x634>
1000d822:	9904      	ldr	r1, [sp, #16]
1000d824:	3901      	subs	r1, #1
1000d826:	9104      	str	r1, [sp, #16]
1000d828:	e7a1      	b.n	1000d76e <PWMSndIrq+0x43a>
1000d82a:	7ebc      	ldrb	r4, [r7, #26]
1000d82c:	2c00      	cmp	r4, #0
1000d82e:	d100      	bne.n	1000d832 <PWMSndIrq+0x4fe>
1000d830:	e081      	b.n	1000d936 <PWMSndIrq+0x602>
1000d832:	7f78      	ldrb	r0, [r7, #29]
1000d834:	7f39      	ldrb	r1, [r7, #28]
1000d836:	0900      	lsrs	r0, r0, #4
1000d838:	0909      	lsrs	r1, r1, #4
1000d83a:	9003      	str	r0, [sp, #12]
1000d83c:	9800      	ldr	r0, [sp, #0]
1000d83e:	3801      	subs	r0, #1
1000d840:	9000      	str	r0, [sp, #0]
1000d842:	4260      	negs	r0, r4
1000d844:	4144      	adcs	r4, r0
1000d846:	2018      	movs	r0, #24
1000d848:	76bc      	strb	r4, [r7, #26]
1000d84a:	5638      	ldrsb	r0, [r7, r0]
1000d84c:	0006      	movs	r6, r0
1000d84e:	484f      	ldr	r0, [pc, #316]	@ (1000d98c <PWMSndIrq+0x658>)
1000d850:	0074      	lsls	r4, r6, #1
1000d852:	5e24      	ldrsh	r4, [r4, r0]
1000d854:	9405      	str	r4, [sp, #20]
1000d856:	2419      	movs	r4, #25
1000d858:	573c      	ldrsb	r4, [r7, r4]
1000d85a:	9408      	str	r4, [sp, #32]
1000d85c:	0064      	lsls	r4, r4, #1
1000d85e:	5e25      	ldrsh	r5, [r4, r0]
1000d860:	484b      	ldr	r0, [pc, #300]	@ (1000d990 <PWMSndIrq+0x65c>)
1000d862:	5c44      	ldrb	r4, [r0, r1]
1000d864:	19a4      	adds	r4, r4, r6
1000d866:	b2e6      	uxtb	r6, r4
1000d868:	9609      	str	r6, [sp, #36]	@ 0x24
1000d86a:	9e03      	ldr	r6, [sp, #12]
1000d86c:	b264      	sxtb	r4, r4
1000d86e:	5d80      	ldrb	r0, [r0, r6]
1000d870:	9e08      	ldr	r6, [sp, #32]
1000d872:	1980      	adds	r0, r0, r6
1000d874:	b2c6      	uxtb	r6, r0
1000d876:	9608      	str	r6, [sp, #32]
1000d878:	9e09      	ldr	r6, [sp, #36]	@ 0x24
1000d87a:	b240      	sxtb	r0, r0
1000d87c:	2e58      	cmp	r6, #88	@ 0x58
1000d87e:	d902      	bls.n	1000d886 <PWMSndIrq+0x552>
1000d880:	2c00      	cmp	r4, #0
1000d882:	da6d      	bge.n	1000d960 <PWMSndIrq+0x62c>
1000d884:	2400      	movs	r4, #0
1000d886:	763c      	strb	r4, [r7, #24]
1000d888:	9c08      	ldr	r4, [sp, #32]
1000d88a:	2c58      	cmp	r4, #88	@ 0x58
1000d88c:	d902      	bls.n	1000d894 <PWMSndIrq+0x560>
1000d88e:	2800      	cmp	r0, #0
1000d890:	da68      	bge.n	1000d964 <PWMSndIrq+0x630>
1000d892:	2000      	movs	r0, #0
1000d894:	2401      	movs	r4, #1
1000d896:	7678      	strb	r0, [r7, #25]
1000d898:	9805      	ldr	r0, [sp, #20]
1000d89a:	10c0      	asrs	r0, r0, #3
1000d89c:	4221      	tst	r1, r4
1000d89e:	d002      	beq.n	1000d8a6 <PWMSndIrq+0x572>
1000d8a0:	9c05      	ldr	r4, [sp, #20]
1000d8a2:	10a4      	asrs	r4, r4, #2
1000d8a4:	1820      	adds	r0, r4, r0
1000d8a6:	2402      	movs	r4, #2
1000d8a8:	4221      	tst	r1, r4
1000d8aa:	d003      	beq.n	1000d8b4 <PWMSndIrq+0x580>
1000d8ac:	9c05      	ldr	r4, [sp, #20]
1000d8ae:	1064      	asrs	r4, r4, #1
1000d8b0:	1820      	adds	r0, r4, r0
1000d8b2:	b200      	sxth	r0, r0
1000d8b4:	2404      	movs	r4, #4
1000d8b6:	4221      	tst	r1, r4
1000d8b8:	d002      	beq.n	1000d8c0 <PWMSndIrq+0x58c>
1000d8ba:	9c05      	ldr	r4, [sp, #20]
1000d8bc:	1900      	adds	r0, r0, r4
1000d8be:	b200      	sxth	r0, r0
1000d8c0:	2408      	movs	r4, #8
1000d8c2:	4221      	tst	r1, r4
1000d8c4:	d001      	beq.n	1000d8ca <PWMSndIrq+0x596>
1000d8c6:	4240      	negs	r0, r0
1000d8c8:	b200      	sxth	r0, r0
1000d8ca:	2601      	movs	r6, #1
1000d8cc:	9c03      	ldr	r4, [sp, #12]
1000d8ce:	10e9      	asrs	r1, r5, #3
1000d8d0:	4234      	tst	r4, r6
1000d8d2:	d001      	beq.n	1000d8d8 <PWMSndIrq+0x5a4>
1000d8d4:	10ac      	asrs	r4, r5, #2
1000d8d6:	1861      	adds	r1, r4, r1
1000d8d8:	2602      	movs	r6, #2
1000d8da:	9c03      	ldr	r4, [sp, #12]
1000d8dc:	4234      	tst	r4, r6
1000d8de:	d002      	beq.n	1000d8e6 <PWMSndIrq+0x5b2>
1000d8e0:	106c      	asrs	r4, r5, #1
1000d8e2:	1861      	adds	r1, r4, r1
1000d8e4:	b209      	sxth	r1, r1
1000d8e6:	2604      	movs	r6, #4
1000d8e8:	9c03      	ldr	r4, [sp, #12]
1000d8ea:	4234      	tst	r4, r6
1000d8ec:	d001      	beq.n	1000d8f2 <PWMSndIrq+0x5be>
1000d8ee:	1949      	adds	r1, r1, r5
1000d8f0:	b209      	sxth	r1, r1
1000d8f2:	2508      	movs	r5, #8
1000d8f4:	9c03      	ldr	r4, [sp, #12]
1000d8f6:	422c      	tst	r4, r5
1000d8f8:	d001      	beq.n	1000d8fe <PWMSndIrq+0x5ca>
1000d8fa:	4249      	negs	r1, r1
1000d8fc:	b209      	sxth	r1, r1
1000d8fe:	2530      	movs	r5, #48	@ 0x30
1000d900:	5f54      	ldrsh	r4, [r2, r5]
1000d902:	1820      	adds	r0, r4, r0
1000d904:	4c23      	ldr	r4, [pc, #140]	@ (1000d994 <PWMSndIrq+0x660>)
1000d906:	42a0      	cmp	r0, r4
1000d908:	da00      	bge.n	1000d90c <PWMSndIrq+0x5d8>
1000d90a:	0020      	movs	r0, r4
1000d90c:	2580      	movs	r5, #128	@ 0x80
1000d90e:	022d      	lsls	r5, r5, #8
1000d910:	42a8      	cmp	r0, r5
1000d912:	db00      	blt.n	1000d916 <PWMSndIrq+0x5e2>
1000d914:	4820      	ldr	r0, [pc, #128]	@ (1000d998 <PWMSndIrq+0x664>)
1000d916:	003d      	movs	r5, r7
1000d918:	8610      	strh	r0, [r2, #48]	@ 0x30
1000d91a:	3515      	adds	r5, #21
1000d91c:	2600      	movs	r6, #0
1000d91e:	5fa8      	ldrsh	r0, [r5, r6]
1000d920:	1840      	adds	r0, r0, r1
1000d922:	42a0      	cmp	r0, r4
1000d924:	da00      	bge.n	1000d928 <PWMSndIrq+0x5f4>
1000d926:	481b      	ldr	r0, [pc, #108]	@ (1000d994 <PWMSndIrq+0x660>)
1000d928:	2180      	movs	r1, #128	@ 0x80
1000d92a:	0209      	lsls	r1, r1, #8
1000d92c:	4288      	cmp	r0, r1
1000d92e:	db00      	blt.n	1000d932 <PWMSndIrq+0x5fe>
1000d930:	4819      	ldr	r0, [pc, #100]	@ (1000d998 <PWMSndIrq+0x664>)
1000d932:	8028      	strh	r0, [r5, #0]
1000d934:	e76c      	b.n	1000d810 <PWMSndIrq+0x4dc>
1000d936:	200f      	movs	r0, #15
1000d938:	7819      	ldrb	r1, [r3, #0]
1000d93a:	7739      	strb	r1, [r7, #28]
1000d93c:	791d      	ldrb	r5, [r3, #4]
1000d93e:	4001      	ands	r1, r0
1000d940:	777d      	strb	r5, [r7, #29]
1000d942:	4005      	ands	r5, r0
1000d944:	9503      	str	r5, [sp, #12]
1000d946:	0015      	movs	r5, r2
1000d948:	3538      	adds	r5, #56	@ 0x38
1000d94a:	7828      	ldrb	r0, [r5, #0]
1000d94c:	3001      	adds	r0, #1
1000d94e:	b2c0      	uxtb	r0, r0
1000d950:	2803      	cmp	r0, #3
1000d952:	d802      	bhi.n	1000d95a <PWMSndIrq+0x626>
1000d954:	3301      	adds	r3, #1
1000d956:	7028      	strb	r0, [r5, #0]
1000d958:	e770      	b.n	1000d83c <PWMSndIrq+0x508>
1000d95a:	702c      	strb	r4, [r5, #0]
1000d95c:	3305      	adds	r3, #5
1000d95e:	e76d      	b.n	1000d83c <PWMSndIrq+0x508>
1000d960:	2458      	movs	r4, #88	@ 0x58
1000d962:	e790      	b.n	1000d886 <PWMSndIrq+0x552>
1000d964:	2058      	movs	r0, #88	@ 0x58
1000d966:	e795      	b.n	1000d894 <PWMSndIrq+0x560>
1000d968:	2100      	movs	r1, #0
1000d96a:	9100      	str	r1, [sp, #0]
1000d96c:	e702      	b.n	1000d774 <PWMSndIrq+0x440>
1000d96e:	1809      	adds	r1, r1, r0
1000d970:	9801      	ldr	r0, [sp, #4]
1000d972:	1049      	asrs	r1, r1, #1
1000d974:	1841      	adds	r1, r0, r1
1000d976:	9101      	str	r1, [sp, #4]
1000d978:	e65d      	b.n	1000d636 <PWMSndIrq+0x302>
1000d97a:	43d9      	mvns	r1, r3
1000d97c:	17c9      	asrs	r1, r1, #31
1000d97e:	400b      	ands	r3, r1
1000d980:	e558      	b.n	1000d434 <PWMSndIrq+0x100>
1000d982:	43d7      	mvns	r7, r2
1000d984:	17ff      	asrs	r7, r7, #31
1000d986:	403a      	ands	r2, r7
1000d988:	e56f      	b.n	1000d46a <PWMSndIrq+0x136>
1000d98a:	46c0      	nop			@ (mov r8, r8)
1000d98c:	10010490 	.word	0x10010490
1000d990:	10010542 	.word	0x10010542
1000d994:	ffff8000 	.word	0xffff8000
1000d998:	00007fff 	.word	0x00007fff
1000d99c:	20000fd4 	.word	0x20000fd4

1000d9a0 <PWMSndInit>:
1000d9a0:	b5f7      	push	{r0, r1, r2, r4, r5, r6, r7, lr}
1000d9a2:	4b34      	ldr	r3, [pc, #208]	@ (1000da74 <PWMSndInit+0xd4>)
1000d9a4:	781b      	ldrb	r3, [r3, #0]
1000d9a6:	2b00      	cmp	r3, #0
1000d9a8:	d163      	bne.n	1000da72 <PWMSndInit+0xd2>
1000d9aa:	4f33      	ldr	r7, [pc, #204]	@ (1000da78 <PWMSndInit+0xd8>)
1000d9ac:	4b33      	ldr	r3, [pc, #204]	@ (1000da7c <PWMSndInit+0xdc>)
1000d9ae:	6838      	ldr	r0, [r7, #0]
1000d9b0:	2201      	movs	r2, #1
1000d9b2:	9301      	str	r3, [sp, #4]
1000d9b4:	0003      	movs	r3, r0
1000d9b6:	4c32      	ldr	r4, [pc, #200]	@ (1000da80 <PWMSndInit+0xe0>)
1000d9b8:	9901      	ldr	r1, [sp, #4]
1000d9ba:	4013      	ands	r3, r2
1000d9bc:	600b      	str	r3, [r1, #0]
1000d9be:	6823      	ldr	r3, [r4, #0]
1000d9c0:	4d30      	ldr	r5, [pc, #192]	@ (1000da84 <PWMSndInit+0xe4>)
1000d9c2:	4e31      	ldr	r6, [pc, #196]	@ (1000da88 <PWMSndInit+0xe8>)
1000d9c4:	0700      	lsls	r0, r0, #28
1000d9c6:	0f40      	lsrs	r0, r0, #29
1000d9c8:	4013      	ands	r3, r2
1000d9ca:	6030      	str	r0, [r6, #0]
1000d9cc:	602b      	str	r3, [r5, #0]
1000d9ce:	f7fb fc9d 	bl	1000930c <PWM_Reset>
1000d9d2:	6820      	ldr	r0, [r4, #0]
1000d9d4:	2800      	cmp	r0, #0
1000d9d6:	db02      	blt.n	1000d9de <PWMSndInit+0x3e>
1000d9d8:	2104      	movs	r1, #4
1000d9da:	f7fb fa35 	bl	10008e48 <GPIO_Fnc>
1000d9de:	2104      	movs	r1, #4
1000d9e0:	6838      	ldr	r0, [r7, #0]
1000d9e2:	f7fb fa31 	bl	10008e48 <GPIO_Fnc>
1000d9e6:	2200      	movs	r2, #0
1000d9e8:	4b28      	ldr	r3, [pc, #160]	@ (1000da8c <PWMSndInit+0xec>)
1000d9ea:	605a      	str	r2, [r3, #4]
1000d9ec:	641a      	str	r2, [r3, #64]	@ 0x40
1000d9ee:	67da      	str	r2, [r3, #124]	@ 0x7c
1000d9f0:	33b8      	adds	r3, #184	@ 0xb8
1000d9f2:	601a      	str	r2, [r3, #0]
1000d9f4:	4b26      	ldr	r3, [pc, #152]	@ (1000da90 <PWMSndInit+0xf0>)
1000d9f6:	4a27      	ldr	r2, [pc, #156]	@ (1000da94 <PWMSndInit+0xf4>)
1000d9f8:	681b      	ldr	r3, [r3, #0]
1000d9fa:	651a      	str	r2, [r3, #80]	@ 0x50
1000d9fc:	f3bf 8f5f 	dmb	sy
1000da00:	21c0      	movs	r1, #192	@ 0xc0
1000da02:	2210      	movs	r2, #16
1000da04:	4b24      	ldr	r3, [pc, #144]	@ (1000da98 <PWMSndInit+0xf8>)
1000da06:	0049      	lsls	r1, r1, #1
1000da08:	505a      	str	r2, [r3, r1]
1000da0a:	601a      	str	r2, [r3, #0]
1000da0c:	2314      	movs	r3, #20
1000da0e:	6830      	ldr	r0, [r6, #0]
1000da10:	4922      	ldr	r1, [pc, #136]	@ (1000da9c <PWMSndInit+0xfc>)
1000da12:	4343      	muls	r3, r0
1000da14:	1859      	adds	r1, r3, r1
1000da16:	600a      	str	r2, [r1, #0]
1000da18:	4a21      	ldr	r2, [pc, #132]	@ (1000daa0 <PWMSndInit+0x100>)
1000da1a:	4922      	ldr	r1, [pc, #136]	@ (1000daa4 <PWMSndInit+0x104>)
1000da1c:	189a      	adds	r2, r3, r2
1000da1e:	6011      	str	r1, [r2, #0]
1000da20:	2180      	movs	r1, #128	@ 0x80
1000da22:	4a21      	ldr	r2, [pc, #132]	@ (1000daa8 <PWMSndInit+0x108>)
1000da24:	6826      	ldr	r6, [r4, #0]
1000da26:	189b      	adds	r3, r3, r2
1000da28:	0149      	lsls	r1, r1, #5
1000da2a:	4a20      	ldr	r2, [pc, #128]	@ (1000daac <PWMSndInit+0x10c>)
1000da2c:	4c20      	ldr	r4, [pc, #128]	@ (1000dab0 <PWMSndInit+0x110>)
1000da2e:	4319      	orrs	r1, r3
1000da30:	2e00      	cmp	r6, #0
1000da32:	db0a      	blt.n	1000da4a <PWMSndInit+0xaa>
1000da34:	0016      	movs	r6, r2
1000da36:	682d      	ldr	r5, [r5, #0]
1000da38:	681f      	ldr	r7, [r3, #0]
1000da3a:	012d      	lsls	r5, r5, #4
1000da3c:	40ae      	lsls	r6, r5
1000da3e:	407e      	eors	r6, r7
1000da40:	0027      	movs	r7, r4
1000da42:	40af      	lsls	r7, r5
1000da44:	003d      	movs	r5, r7
1000da46:	4035      	ands	r5, r6
1000da48:	600d      	str	r5, [r1, #0]
1000da4a:	681d      	ldr	r5, [r3, #0]
1000da4c:	9b01      	ldr	r3, [sp, #4]
1000da4e:	681b      	ldr	r3, [r3, #0]
1000da50:	011b      	lsls	r3, r3, #4
1000da52:	409c      	lsls	r4, r3
1000da54:	409a      	lsls	r2, r3
1000da56:	0023      	movs	r3, r4
1000da58:	406a      	eors	r2, r5
1000da5a:	4013      	ands	r3, r2
1000da5c:	2200      	movs	r2, #0
1000da5e:	600b      	str	r3, [r1, #0]
1000da60:	4b14      	ldr	r3, [pc, #80]	@ (1000dab4 <PWMSndInit+0x114>)
1000da62:	601a      	str	r2, [r3, #0]
1000da64:	2301      	movs	r3, #1
1000da66:	0019      	movs	r1, r3
1000da68:	4081      	lsls	r1, r0
1000da6a:	4a13      	ldr	r2, [pc, #76]	@ (1000dab8 <PWMSndInit+0x118>)
1000da6c:	6011      	str	r1, [r2, #0]
1000da6e:	4a13      	ldr	r2, [pc, #76]	@ (1000dabc <PWMSndInit+0x11c>)
1000da70:	7013      	strb	r3, [r2, #0]
1000da72:	bdf7      	pop	{r0, r1, r2, r4, r5, r6, r7, pc}
1000da74:	20028440 	.word	0x20028440
1000da78:	20000fd8 	.word	0x20000fd8
1000da7c:	20000fd0 	.word	0x20000fd0
1000da80:	20000fd4 	.word	0x20000fd4
1000da84:	20000fcc 	.word	0x20000fcc
1000da88:	20000fc8 	.word	0x20000fc8
1000da8c:	20026cf4 	.word	0x20026cf4
1000da90:	e000ed08 	.word	0xe000ed08
1000da94:	1000d335 	.word	0x1000d335
1000da98:	e000e100 	.word	0xe000e100
1000da9c:	40050004 	.word	0x40050004
1000daa0:	40050010 	.word	0x40050010
1000daa4:	000007ff 	.word	0x000007ff
1000daa8:	4005000c 	.word	0x4005000c
1000daac:	000003ff 	.word	0x000003ff
1000dab0:	0000ffff 	.word	0x0000ffff
1000dab4:	20026de4 	.word	0x20026de4
1000dab8:	400520a8 	.word	0x400520a8
1000dabc:	200284a5 	.word	0x200284a5

1000dac0 <PWMSndTerm>:
1000dac0:	b510      	push	{r4, lr}
1000dac2:	4b11      	ldr	r3, [pc, #68]	@ (1000db08 <PWMSndTerm+0x48>)
1000dac4:	781a      	ldrb	r2, [r3, #0]
1000dac6:	2a00      	cmp	r2, #0
1000dac8:	d01d      	beq.n	1000db06 <PWMSndTerm+0x46>
1000daca:	2200      	movs	r2, #0
1000dacc:	701a      	strb	r2, [r3, #0]
1000dace:	4b0f      	ldr	r3, [pc, #60]	@ (1000db0c <PWMSndTerm+0x4c>)
1000dad0:	4a0f      	ldr	r2, [pc, #60]	@ (1000db10 <PWMSndTerm+0x50>)
1000dad2:	6818      	ldr	r0, [r3, #0]
1000dad4:	2314      	movs	r3, #20
1000dad6:	4343      	muls	r3, r0
1000dad8:	189b      	adds	r3, r3, r2
1000dada:	22c0      	movs	r2, #192	@ 0xc0
1000dadc:	0192      	lsls	r2, r2, #6
1000dade:	431a      	orrs	r2, r3
1000dae0:	2301      	movs	r3, #1
1000dae2:	6013      	str	r3, [r2, #0]
1000dae4:	4083      	lsls	r3, r0
1000dae6:	4a0b      	ldr	r2, [pc, #44]	@ (1000db14 <PWMSndTerm+0x54>)
1000dae8:	6013      	str	r3, [r2, #0]
1000daea:	4a0b      	ldr	r2, [pc, #44]	@ (1000db18 <PWMSndTerm+0x58>)
1000daec:	6013      	str	r3, [r2, #0]
1000daee:	f7fb fc0d 	bl	1000930c <PWM_Reset>
1000daf2:	4b0a      	ldr	r3, [pc, #40]	@ (1000db1c <PWMSndTerm+0x5c>)
1000daf4:	6818      	ldr	r0, [r3, #0]
1000daf6:	f7fb f9ef 	bl	10008ed8 <GPIO_Reset>
1000dafa:	4b09      	ldr	r3, [pc, #36]	@ (1000db20 <PWMSndTerm+0x60>)
1000dafc:	6818      	ldr	r0, [r3, #0]
1000dafe:	2800      	cmp	r0, #0
1000db00:	db01      	blt.n	1000db06 <PWMSndTerm+0x46>
1000db02:	f7fb f9e9 	bl	10008ed8 <GPIO_Reset>
1000db06:	bd10      	pop	{r4, pc}
1000db08:	200284a5 	.word	0x200284a5
1000db0c:	20000fc8 	.word	0x20000fc8
1000db10:	40050000 	.word	0x40050000
1000db14:	400530a8 	.word	0x400530a8
1000db18:	400500a4 	.word	0x400500a4
1000db1c:	20000fd8 	.word	0x20000fd8
1000db20:	20000fd4 	.word	0x20000fd4

1000db24 <StopSoundChan>:
1000db24:	0002      	movs	r2, r0
1000db26:	f3bf 8f5f 	dmb	sy
1000db2a:	203c      	movs	r0, #60	@ 0x3c
1000db2c:	4350      	muls	r0, r2
1000db2e:	2200      	movs	r2, #0
1000db30:	4b02      	ldr	r3, [pc, #8]	@ (1000db3c <StopSoundChan+0x18>)
1000db32:	181b      	adds	r3, r3, r0
1000db34:	605a      	str	r2, [r3, #4]
1000db36:	f3bf 8f5f 	dmb	sy
1000db3a:	4770      	bx	lr
1000db3c:	20026cf4 	.word	0x20026cf4

1000db40 <SoundByteToLen>:
1000db40:	2940      	cmp	r1, #64	@ 0x40
1000db42:	d00d      	beq.n	1000db60 <SoundByteToLen+0x20>
1000db44:	dc04      	bgt.n	1000db50 <SoundByteToLen+0x10>
1000db46:	2901      	cmp	r1, #1
1000db48:	d00e      	beq.n	1000db68 <SoundByteToLen+0x28>
1000db4a:	2902      	cmp	r1, #2
1000db4c:	d008      	beq.n	1000db60 <SoundByteToLen+0x20>
1000db4e:	4770      	bx	lr
1000db50:	2942      	cmp	r1, #66	@ 0x42
1000db52:	d1fc      	bne.n	1000db4e <SoundByteToLen+0xe>
1000db54:	2203      	movs	r2, #3
1000db56:	17c3      	asrs	r3, r0, #31
1000db58:	4013      	ands	r3, r2
1000db5a:	1818      	adds	r0, r3, r0
1000db5c:	1080      	asrs	r0, r0, #2
1000db5e:	e7f6      	b.n	1000db4e <SoundByteToLen+0xe>
1000db60:	0fc3      	lsrs	r3, r0, #31
1000db62:	1818      	adds	r0, r3, r0
1000db64:	1040      	asrs	r0, r0, #1
1000db66:	e7f2      	b.n	1000db4e <SoundByteToLen+0xe>
1000db68:	0040      	lsls	r0, r0, #1
1000db6a:	e7f0      	b.n	1000db4e <SoundByteToLen+0xe>

1000db6c <PlaySoundChan>:
1000db6c:	b5f0      	push	{r4, r5, r6, r7, lr}
1000db6e:	b087      	sub	sp, #28
1000db70:	9302      	str	r3, [sp, #8]
1000db72:	4b3f      	ldr	r3, [pc, #252]	@ (1000dc70 <PlaySoundChan+0x104>)
1000db74:	0004      	movs	r4, r0
1000db76:	781b      	ldrb	r3, [r3, #0]
1000db78:	0010      	movs	r0, r2
1000db7a:	b2da      	uxtb	r2, r3
1000db7c:	9101      	str	r1, [sp, #4]
1000db7e:	9203      	str	r2, [sp, #12]
1000db80:	2b00      	cmp	r3, #0
1000db82:	d172      	bne.n	1000dc6a <PlaySoundChan+0xfe>
1000db84:	990e      	ldr	r1, [sp, #56]	@ 0x38
1000db86:	f7ff ffdb 	bl	1000db40 <SoundByteToLen>
1000db8a:	4b3a      	ldr	r3, [pc, #232]	@ (1000dc74 <PlaySoundChan+0x108>)
1000db8c:	0007      	movs	r7, r0
1000db8e:	7898      	ldrb	r0, [r3, #2]
1000db90:	f001 fc5e 	bl	1000f450 <____wrap___aeabi_i2f_veneer>
1000db94:	2189      	movs	r1, #137	@ 0x89
1000db96:	1c05      	adds	r5, r0, #0
1000db98:	05c9      	lsls	r1, r1, #23
1000db9a:	980d      	ldr	r0, [sp, #52]	@ 0x34
1000db9c:	f001 fc10 	bl	1000f3c0 <____wrap___aeabi_fmul_veneer>
1000dba0:	1c01      	adds	r1, r0, #0
1000dba2:	1c28      	adds	r0, r5, #0
1000dba4:	f001 fc0c 	bl	1000f3c0 <____wrap___aeabi_fmul_veneer>
1000dba8:	4933      	ldr	r1, [pc, #204]	@ (1000dc78 <PlaySoundChan+0x10c>)
1000dbaa:	f001 fbc1 	bl	1000f330 <____wrap___aeabi_fdiv_veneer>
1000dbae:	21fc      	movs	r1, #252	@ 0xfc
1000dbb0:	0589      	lsls	r1, r1, #22
1000dbb2:	f001 fbc5 	bl	1000f340 <____wrap___aeabi_fadd_veneer>
1000dbb6:	f001 fc2b 	bl	1000f410 <____wrap___aeabi_f2iz_veneer>
1000dbba:	9004      	str	r0, [sp, #16]
1000dbbc:	0020      	movs	r0, r4
1000dbbe:	f7ff ffb1 	bl	1000db24 <StopSoundChan>
1000dbc2:	4b2e      	ldr	r3, [pc, #184]	@ (1000dc7c <PlaySoundChan+0x110>)
1000dbc4:	253c      	movs	r5, #60	@ 0x3c
1000dbc6:	6958      	ldr	r0, [r3, #20]
1000dbc8:	f001 fc52 	bl	1000f470 <____wrap___aeabi_ui2f_veneer>
1000dbcc:	1c01      	adds	r1, r0, #0
1000dbce:	482c      	ldr	r0, [pc, #176]	@ (1000dc80 <PlaySoundChan+0x114>)
1000dbd0:	f001 fbae 	bl	1000f330 <____wrap___aeabi_fdiv_veneer>
1000dbd4:	2189      	movs	r1, #137	@ 0x89
1000dbd6:	4365      	muls	r5, r4
1000dbd8:	4e2a      	ldr	r6, [pc, #168]	@ (1000dc84 <PlaySoundChan+0x118>)
1000dbda:	9b0c      	ldr	r3, [sp, #48]	@ 0x30
1000dbdc:	1975      	adds	r5, r6, r5
1000dbde:	612b      	str	r3, [r5, #16]
1000dbe0:	9005      	str	r0, [sp, #20]
1000dbe2:	05c9      	lsls	r1, r1, #23
1000dbe4:	1c18      	adds	r0, r3, #0
1000dbe6:	f001 fbeb 	bl	1000f3c0 <____wrap___aeabi_fmul_veneer>
1000dbea:	9905      	ldr	r1, [sp, #20]
1000dbec:	f001 fbe8 	bl	1000f3c0 <____wrap___aeabi_fmul_veneer>
1000dbf0:	21fc      	movs	r1, #252	@ 0xfc
1000dbf2:	0589      	lsls	r1, r1, #22
1000dbf4:	f001 fba4 	bl	1000f340 <____wrap___aeabi_fadd_veneer>
1000dbf8:	f001 fc0a 	bl	1000f410 <____wrap___aeabi_f2iz_veneer>
1000dbfc:	9b03      	ldr	r3, [sp, #12]
1000dbfe:	9a02      	ldr	r2, [sp, #8]
1000dc00:	61ab      	str	r3, [r5, #24]
1000dc02:	2302      	movs	r3, #2
1000dc04:	439a      	bics	r2, r3
1000dc06:	d002      	beq.n	1000dc0e <PlaySoundChan+0xa2>
1000dc08:	9b01      	ldr	r3, [sp, #4]
1000dc0a:	61af      	str	r7, [r5, #24]
1000dc0c:	616b      	str	r3, [r5, #20]
1000dc0e:	233c      	movs	r3, #60	@ 0x3c
1000dc10:	9a02      	ldr	r2, [sp, #8]
1000dc12:	435c      	muls	r4, r3
1000dc14:	3a02      	subs	r2, #2
1000dc16:	4251      	negs	r1, r2
1000dc18:	414a      	adcs	r2, r1
1000dc1a:	990d      	ldr	r1, [sp, #52]	@ 0x34
1000dc1c:	1933      	adds	r3, r6, r4
1000dc1e:	6259      	str	r1, [r3, #36]	@ 0x24
1000dc20:	9904      	ldr	r1, [sp, #16]
1000dc22:	771a      	strb	r2, [r3, #28]
1000dc24:	6219      	str	r1, [r3, #32]
1000dc26:	990f      	ldr	r1, [sp, #60]	@ 0x3c
1000dc28:	2200      	movs	r2, #0
1000dc2a:	8519      	strh	r1, [r3, #40]	@ 0x28
1000dc2c:	0019      	movs	r1, r3
1000dc2e:	60d8      	str	r0, [r3, #12]
1000dc30:	980e      	ldr	r0, [sp, #56]	@ 0x38
1000dc32:	3134      	adds	r1, #52	@ 0x34
1000dc34:	704a      	strb	r2, [r1, #1]
1000dc36:	7008      	strb	r0, [r1, #0]
1000dc38:	775a      	strb	r2, [r3, #29]
1000dc3a:	86da      	strh	r2, [r3, #54]	@ 0x36
1000dc3c:	62da      	str	r2, [r3, #44]	@ 0x2c
1000dc3e:	631a      	str	r2, [r3, #48]	@ 0x30
1000dc40:	779a      	strb	r2, [r3, #30]
1000dc42:	609a      	str	r2, [r3, #8]
1000dc44:	855a      	strh	r2, [r3, #42]	@ 0x2a
1000dc46:	9a01      	ldr	r2, [sp, #4]
1000dc48:	5132      	str	r2, [r6, r4]
1000dc4a:	f3bf 8f5f 	dmb	sy
1000dc4e:	605f      	str	r7, [r3, #4]
1000dc50:	f3bf 8f5f 	dmb	sy
1000dc54:	2214      	movs	r2, #20
1000dc56:	4b0c      	ldr	r3, [pc, #48]	@ (1000dc88 <PlaySoundChan+0x11c>)
1000dc58:	681b      	ldr	r3, [r3, #0]
1000dc5a:	4353      	muls	r3, r2
1000dc5c:	4a0b      	ldr	r2, [pc, #44]	@ (1000dc8c <PlaySoundChan+0x120>)
1000dc5e:	189b      	adds	r3, r3, r2
1000dc60:	2280      	movs	r2, #128	@ 0x80
1000dc62:	0192      	lsls	r2, r2, #6
1000dc64:	4313      	orrs	r3, r2
1000dc66:	2201      	movs	r2, #1
1000dc68:	601a      	str	r2, [r3, #0]
1000dc6a:	b007      	add	sp, #28
1000dc6c:	bdf0      	pop	{r4, r5, r6, r7, pc}
1000dc6e:	46c0      	nop			@ (mov r8, r8)
1000dc70:	20028440 	.word	0x20028440
1000dc74:	2000142c 	.word	0x2000142c
1000dc78:	42c80000 	.word	0x42c80000
1000dc7c:	2000144c 	.word	0x2000144c
1000dc80:	4c2c4400 	.word	0x4c2c4400
1000dc84:	20026cf4 	.word	0x20026cf4
1000dc88:	20000fc8 	.word	0x20000fc8
1000dc8c:	40050000 	.word	0x40050000

1000dc90 <PlaySound>:
1000dc90:	b51f      	push	{r0, r1, r2, r3, r4, lr}
1000dc92:	23fe      	movs	r3, #254	@ 0xfe
1000dc94:	0004      	movs	r4, r0
1000dc96:	2000      	movs	r0, #0
1000dc98:	059b      	lsls	r3, r3, #22
1000dc9a:	000a      	movs	r2, r1
1000dc9c:	9301      	str	r3, [sp, #4]
1000dc9e:	9300      	str	r3, [sp, #0]
1000dca0:	0021      	movs	r1, r4
1000dca2:	0003      	movs	r3, r0
1000dca4:	9003      	str	r0, [sp, #12]
1000dca6:	9002      	str	r0, [sp, #8]
1000dca8:	f7ff ff60 	bl	1000db6c <PlaySoundChan>
1000dcac:	bd1f      	pop	{r0, r1, r2, r3, r4, pc}
	...

1000dcb0 <RandShift>:
1000dcb0:	b570      	push	{r4, r5, r6, lr}
1000dcb2:	f3ef 8510 	mrs	r5, PRIMASK
1000dcb6:	b672      	cpsid	i
1000dcb8:	23d0      	movs	r3, #208	@ 0xd0
1000dcba:	061b      	lsls	r3, r3, #24
1000dcbc:	681b      	ldr	r3, [r3, #0]
1000dcbe:	4c09      	ldr	r4, [pc, #36]	@ (1000dce4 <RandShift+0x34>)
1000dcc0:	00db      	lsls	r3, r3, #3
1000dcc2:	18e4      	adds	r4, r4, r3
1000dcc4:	6820      	ldr	r0, [r4, #0]
1000dcc6:	6861      	ldr	r1, [r4, #4]
1000dcc8:	2300      	movs	r3, #0
1000dcca:	4a07      	ldr	r2, [pc, #28]	@ (1000dce8 <RandShift+0x38>)
1000dccc:	f7fa fb38 	bl	10008340 <SMul64>
1000dcd0:	2300      	movs	r3, #0
1000dcd2:	4a06      	ldr	r2, [pc, #24]	@ (1000dcec <RandShift+0x3c>)
1000dcd4:	1880      	adds	r0, r0, r2
1000dcd6:	4159      	adcs	r1, r3
1000dcd8:	6020      	str	r0, [r4, #0]
1000dcda:	6061      	str	r1, [r4, #4]
1000dcdc:	f385 8810 	msr	PRIMASK, r5
1000dce0:	0008      	movs	r0, r1
1000dce2:	bd70      	pop	{r4, r5, r6, pc}
1000dce4:	20000fe0 	.word	0x20000fe0
1000dce8:	000343fd 	.word	0x000343fd
1000dcec:	00269ec3 	.word	0x00269ec3

1000dcf0 <RandInit>:
1000dcf0:	b570      	push	{r4, r5, r6, lr}
1000dcf2:	f7fb fc29 	bl	10009548 <RoscRand>
1000dcf6:	0006      	movs	r6, r0
1000dcf8:	f3ef 8410 	mrs	r4, PRIMASK
1000dcfc:	b672      	cpsid	i
1000dcfe:	23d0      	movs	r3, #208	@ 0xd0
1000dd00:	2201      	movs	r2, #1
1000dd02:	061b      	lsls	r3, r3, #24
1000dd04:	6819      	ldr	r1, [r3, #0]
1000dd06:	681d      	ldr	r5, [r3, #0]
1000dd08:	404a      	eors	r2, r1
1000dd0a:	4b0d      	ldr	r3, [pc, #52]	@ (1000dd40 <RandInit+0x50>)
1000dd0c:	00d2      	lsls	r2, r2, #3
1000dd0e:	00ed      	lsls	r5, r5, #3
1000dd10:	195d      	adds	r5, r3, r5
1000dd12:	189b      	adds	r3, r3, r2
1000dd14:	6818      	ldr	r0, [r3, #0]
1000dd16:	6859      	ldr	r1, [r3, #4]
1000dd18:	682a      	ldr	r2, [r5, #0]
1000dd1a:	686b      	ldr	r3, [r5, #4]
1000dd1c:	1812      	adds	r2, r2, r0
1000dd1e:	414b      	adcs	r3, r1
1000dd20:	2100      	movs	r1, #0
1000dd22:	0030      	movs	r0, r6
1000dd24:	1812      	adds	r2, r2, r0
1000dd26:	414b      	adcs	r3, r1
1000dd28:	602a      	str	r2, [r5, #0]
1000dd2a:	606b      	str	r3, [r5, #4]
1000dd2c:	f7ff ffc0 	bl	1000dcb0 <RandShift>
1000dd30:	f7ff ffbe 	bl	1000dcb0 <RandShift>
1000dd34:	f7ff ffbc 	bl	1000dcb0 <RandShift>
1000dd38:	f384 8810 	msr	PRIMASK, r4
1000dd3c:	bd70      	pop	{r4, r5, r6, pc}
1000dd3e:	46c0      	nop			@ (mov r8, r8)
1000dd40:	20000fe0 	.word	0x20000fe0

1000dd44 <RingWriteUpdate>:
1000dd44:	6943      	ldr	r3, [r0, #20]
1000dd46:	b510      	push	{r4, lr}
1000dd48:	2b00      	cmp	r3, #0
1000dd4a:	d000      	beq.n	1000dd4e <RingWriteUpdate+0xa>
1000dd4c:	4798      	blx	r3
1000dd4e:	bd10      	pop	{r4, pc}

1000dd50 <RingReadUpdate>:
1000dd50:	6983      	ldr	r3, [r0, #24]
1000dd52:	b510      	push	{r4, lr}
1000dd54:	2b00      	cmp	r3, #0
1000dd56:	d000      	beq.n	1000dd5a <RingReadUpdate+0xa>
1000dd58:	4798      	blx	r3
1000dd5a:	bd10      	pop	{r4, pc}

1000dd5c <RingWriteData>:
1000dd5c:	b5f8      	push	{r3, r4, r5, r6, r7, lr}
1000dd5e:	f3bf 8f5f 	dmb	sy
1000dd62:	6884      	ldr	r4, [r0, #8]
1000dd64:	68c3      	ldr	r3, [r0, #12]
1000dd66:	429c      	cmp	r4, r3
1000dd68:	d301      	bcc.n	1000dd6e <RingWriteData+0x12>
1000dd6a:	6845      	ldr	r5, [r0, #4]
1000dd6c:	195b      	adds	r3, r3, r5
1000dd6e:	1b1b      	subs	r3, r3, r4
1000dd70:	2b01      	cmp	r3, #1
1000dd72:	d104      	bne.n	1000dd7e <RingWriteData+0x22>
1000dd74:	f7ff ffe6 	bl	1000dd44 <RingWriteUpdate>
1000dd78:	2400      	movs	r4, #0
1000dd7a:	0020      	movs	r0, r4
1000dd7c:	bdf8      	pop	{r3, r4, r5, r6, r7, pc}
1000dd7e:	f3ef 8510 	mrs	r5, PRIMASK
1000dd82:	b672      	cpsid	i
1000dd84:	6903      	ldr	r3, [r0, #16]
1000dd86:	2b00      	cmp	r3, #0
1000dd88:	db07      	blt.n	1000dd9a <RingWriteData+0x3e>
1000dd8a:	4c1b      	ldr	r4, [pc, #108]	@ (1000ddf8 <RingWriteData+0x9c>)
1000dd8c:	009b      	lsls	r3, r3, #2
1000dd8e:	191b      	adds	r3, r3, r4
1000dd90:	681c      	ldr	r4, [r3, #0]
1000dd92:	2c00      	cmp	r4, #0
1000dd94:	d0fc      	beq.n	1000dd90 <RingWriteData+0x34>
1000dd96:	f3bf 8f5f 	dmb	sy
1000dd9a:	f3bf 8f5f 	dmb	sy
1000dd9e:	6883      	ldr	r3, [r0, #8]
1000dda0:	68c4      	ldr	r4, [r0, #12]
1000dda2:	42a3      	cmp	r3, r4
1000dda4:	d301      	bcc.n	1000ddaa <RingWriteData+0x4e>
1000dda6:	6846      	ldr	r6, [r0, #4]
1000dda8:	19a4      	adds	r4, r4, r6
1000ddaa:	1ae4      	subs	r4, r4, r3
1000ddac:	3c01      	subs	r4, #1
1000ddae:	4294      	cmp	r4, r2
1000ddb0:	d900      	bls.n	1000ddb4 <RingWriteData+0x58>
1000ddb2:	0014      	movs	r4, r2
1000ddb4:	2c00      	cmp	r4, #0
1000ddb6:	d010      	beq.n	1000ddda <RingWriteData+0x7e>
1000ddb8:	190e      	adds	r6, r1, r4
1000ddba:	6802      	ldr	r2, [r0, #0]
1000ddbc:	780f      	ldrb	r7, [r1, #0]
1000ddbe:	54d7      	strb	r7, [r2, r3]
1000ddc0:	6842      	ldr	r2, [r0, #4]
1000ddc2:	3301      	adds	r3, #1
1000ddc4:	429a      	cmp	r2, r3
1000ddc6:	d800      	bhi.n	1000ddca <RingWriteData+0x6e>
1000ddc8:	1a9b      	subs	r3, r3, r2
1000ddca:	3101      	adds	r1, #1
1000ddcc:	42b1      	cmp	r1, r6
1000ddce:	d1f4      	bne.n	1000ddba <RingWriteData+0x5e>
1000ddd0:	f3bf 8f5f 	dmb	sy
1000ddd4:	6083      	str	r3, [r0, #8]
1000ddd6:	f3bf 8f5f 	dmb	sy
1000ddda:	6903      	ldr	r3, [r0, #16]
1000dddc:	2b00      	cmp	r3, #0
1000ddde:	db06      	blt.n	1000ddee <RingWriteData+0x92>
1000dde0:	f3bf 8f5f 	dmb	sy
1000dde4:	4a04      	ldr	r2, [pc, #16]	@ (1000ddf8 <RingWriteData+0x9c>)
1000dde6:	009b      	lsls	r3, r3, #2
1000dde8:	189b      	adds	r3, r3, r2
1000ddea:	2200      	movs	r2, #0
1000ddec:	601a      	str	r2, [r3, #0]
1000ddee:	f385 8810 	msr	PRIMASK, r5
1000ddf2:	f7ff ffa7 	bl	1000dd44 <RingWriteUpdate>
1000ddf6:	e7c0      	b.n	1000dd7a <RingWriteData+0x1e>
1000ddf8:	d0000100 	.word	0xd0000100

1000ddfc <RingReadData>:
1000ddfc:	b5f8      	push	{r3, r4, r5, r6, r7, lr}
1000ddfe:	0004      	movs	r4, r0
1000de00:	000d      	movs	r5, r1
1000de02:	0016      	movs	r6, r2
1000de04:	f7ff ffa4 	bl	1000dd50 <RingReadUpdate>
1000de08:	f3bf 8f5f 	dmb	sy
1000de0c:	68a3      	ldr	r3, [r4, #8]
1000de0e:	68e2      	ldr	r2, [r4, #12]
1000de10:	6861      	ldr	r1, [r4, #4]
1000de12:	4293      	cmp	r3, r2
1000de14:	d200      	bcs.n	1000de18 <RingReadData+0x1c>
1000de16:	185b      	adds	r3, r3, r1
1000de18:	2000      	movs	r0, #0
1000de1a:	4293      	cmp	r3, r2
1000de1c:	d036      	beq.n	1000de8c <RingReadData+0x90>
1000de1e:	f3ef 8210 	mrs	r2, PRIMASK
1000de22:	b672      	cpsid	i
1000de24:	6923      	ldr	r3, [r4, #16]
1000de26:	4283      	cmp	r3, r0
1000de28:	db07      	blt.n	1000de3a <RingReadData+0x3e>
1000de2a:	4819      	ldr	r0, [pc, #100]	@ (1000de90 <RingReadData+0x94>)
1000de2c:	009b      	lsls	r3, r3, #2
1000de2e:	181b      	adds	r3, r3, r0
1000de30:	6818      	ldr	r0, [r3, #0]
1000de32:	2800      	cmp	r0, #0
1000de34:	d0fc      	beq.n	1000de30 <RingReadData+0x34>
1000de36:	f3bf 8f5f 	dmb	sy
1000de3a:	f3bf 8f5f 	dmb	sy
1000de3e:	68a0      	ldr	r0, [r4, #8]
1000de40:	68e3      	ldr	r3, [r4, #12]
1000de42:	4298      	cmp	r0, r3
1000de44:	d200      	bcs.n	1000de48 <RingReadData+0x4c>
1000de46:	1840      	adds	r0, r0, r1
1000de48:	1ac0      	subs	r0, r0, r3
1000de4a:	42b0      	cmp	r0, r6
1000de4c:	d900      	bls.n	1000de50 <RingReadData+0x54>
1000de4e:	0030      	movs	r0, r6
1000de50:	2800      	cmp	r0, #0
1000de52:	d00f      	beq.n	1000de74 <RingReadData+0x78>
1000de54:	182e      	adds	r6, r5, r0
1000de56:	6827      	ldr	r7, [r4, #0]
1000de58:	5cff      	ldrb	r7, [r7, r3]
1000de5a:	3301      	adds	r3, #1
1000de5c:	702f      	strb	r7, [r5, #0]
1000de5e:	4299      	cmp	r1, r3
1000de60:	d800      	bhi.n	1000de64 <RingReadData+0x68>
1000de62:	1a5b      	subs	r3, r3, r1
1000de64:	3501      	adds	r5, #1
1000de66:	42b5      	cmp	r5, r6
1000de68:	d1f5      	bne.n	1000de56 <RingReadData+0x5a>
1000de6a:	f3bf 8f5f 	dmb	sy
1000de6e:	60e3      	str	r3, [r4, #12]
1000de70:	f3bf 8f5f 	dmb	sy
1000de74:	6923      	ldr	r3, [r4, #16]
1000de76:	2b00      	cmp	r3, #0
1000de78:	db06      	blt.n	1000de88 <RingReadData+0x8c>
1000de7a:	f3bf 8f5f 	dmb	sy
1000de7e:	4904      	ldr	r1, [pc, #16]	@ (1000de90 <RingReadData+0x94>)
1000de80:	009b      	lsls	r3, r3, #2
1000de82:	185b      	adds	r3, r3, r1
1000de84:	2100      	movs	r1, #0
1000de86:	6019      	str	r1, [r3, #0]
1000de88:	f382 8810 	msr	PRIMASK, r2
1000de8c:	bdf8      	pop	{r3, r4, r5, r6, r7, pc}
1000de8e:	46c0      	nop			@ (mov r8, r8)
1000de90:	d0000100 	.word	0xd0000100

1000de94 <SDInit>:
1000de94:	b570      	push	{r4, r5, r6, lr}
1000de96:	2408      	movs	r4, #8
1000de98:	250c      	movs	r5, #12
1000de9a:	4919      	ldr	r1, [pc, #100]	@ (1000df00 <SDInit+0x6c>)
1000de9c:	4819      	ldr	r0, [pc, #100]	@ (1000df04 <SDInit+0x70>)
1000de9e:	f7fb fca5 	bl	100097ec <SPI_Init_hw>
1000dea2:	2101      	movs	r1, #1
1000dea4:	200c      	movs	r0, #12
1000dea6:	f7fa ffcf 	bl	10008e48 <GPIO_Fnc>
1000deaa:	4b17      	ldr	r3, [pc, #92]	@ (1000df08 <SDInit+0x74>)
1000deac:	4a17      	ldr	r2, [pc, #92]	@ (1000df0c <SDInit+0x78>)
1000deae:	681b      	ldr	r3, [r3, #0]
1000deb0:	2101      	movs	r1, #1
1000deb2:	4063      	eors	r3, r4
1000deb4:	402b      	ands	r3, r5
1000deb6:	6013      	str	r3, [r2, #0]
1000deb8:	200a      	movs	r0, #10
1000deba:	f7fa ffc5 	bl	10008e48 <GPIO_Fnc>
1000debe:	4b14      	ldr	r3, [pc, #80]	@ (1000df10 <SDInit+0x7c>)
1000dec0:	4a14      	ldr	r2, [pc, #80]	@ (1000df14 <SDInit+0x80>)
1000dec2:	681b      	ldr	r3, [r3, #0]
1000dec4:	2101      	movs	r1, #1
1000dec6:	4063      	eors	r3, r4
1000dec8:	402b      	ands	r3, r5
1000deca:	6013      	str	r3, [r2, #0]
1000decc:	200b      	movs	r0, #11
1000dece:	f7fa ffbb 	bl	10008e48 <GPIO_Fnc>
1000ded2:	4b11      	ldr	r3, [pc, #68]	@ (1000df18 <SDInit+0x84>)
1000ded4:	4a11      	ldr	r2, [pc, #68]	@ (1000df1c <SDInit+0x88>)
1000ded6:	681b      	ldr	r3, [r3, #0]
1000ded8:	200d      	movs	r0, #13
1000deda:	4063      	eors	r3, r4
1000dedc:	402b      	ands	r3, r5
1000dede:	6013      	str	r3, [r2, #0]
1000dee0:	f7fb f82a 	bl	10008f38 <GPIO_Init>
1000dee4:	4b0e      	ldr	r3, [pc, #56]	@ (1000df20 <SDInit+0x8c>)
1000dee6:	2280      	movs	r2, #128	@ 0x80
1000dee8:	681b      	ldr	r3, [r3, #0]
1000deea:	0192      	lsls	r2, r2, #6
1000deec:	405c      	eors	r4, r3
1000deee:	4b0d      	ldr	r3, [pc, #52]	@ (1000df24 <SDInit+0x90>)
1000def0:	402c      	ands	r4, r5
1000def2:	601c      	str	r4, [r3, #0]
1000def4:	23d0      	movs	r3, #208	@ 0xd0
1000def6:	061b      	lsls	r3, r3, #24
1000def8:	615a      	str	r2, [r3, #20]
1000defa:	625a      	str	r2, [r3, #36]	@ 0x24
1000defc:	bd70      	pop	{r4, r5, r6, pc}
1000defe:	46c0      	nop			@ (mov r8, r8)
1000df00:	0003d090 	.word	0x0003d090
1000df04:	40040000 	.word	0x40040000
1000df08:	4001c034 	.word	0x4001c034
1000df0c:	4001d034 	.word	0x4001d034
1000df10:	4001c02c 	.word	0x4001c02c
1000df14:	4001d02c 	.word	0x4001d02c
1000df18:	4001c030 	.word	0x4001c030
1000df1c:	4001d030 	.word	0x4001d030
1000df20:	4001c038 	.word	0x4001c038
1000df24:	4001d038 	.word	0x4001d038

1000df28 <SDTerm>:
1000df28:	23d0      	movs	r3, #208	@ 0xd0
1000df2a:	2280      	movs	r2, #128	@ 0x80
1000df2c:	061b      	lsls	r3, r3, #24
1000df2e:	0192      	lsls	r2, r2, #6
1000df30:	b510      	push	{r4, lr}
1000df32:	4808      	ldr	r0, [pc, #32]	@ (1000df54 <SDTerm+0x2c>)
1000df34:	615a      	str	r2, [r3, #20]
1000df36:	f7fb fbe1 	bl	100096fc <SPI_Term_hw>
1000df3a:	200c      	movs	r0, #12
1000df3c:	f7fa ffcc 	bl	10008ed8 <GPIO_Reset>
1000df40:	200a      	movs	r0, #10
1000df42:	f7fa ffc9 	bl	10008ed8 <GPIO_Reset>
1000df46:	200b      	movs	r0, #11
1000df48:	f7fa ffc6 	bl	10008ed8 <GPIO_Reset>
1000df4c:	200d      	movs	r0, #13
1000df4e:	f7fa ffc3 	bl	10008ed8 <GPIO_Reset>
1000df52:	bd10      	pop	{r4, pc}
1000df54:	40040000 	.word	0x40040000

1000df58 <StreamWrite0>:
1000df58:	0010      	movs	r0, r2
1000df5a:	4770      	bx	lr

1000df5c <StreamRead0>:
1000df5c:	2000      	movs	r0, #0
1000df5e:	4770      	bx	lr

1000df60 <StreamWriteBuf>:
1000df60:	b570      	push	{r4, r5, r6, lr}
1000df62:	6803      	ldr	r3, [r0, #0]
1000df64:	0014      	movs	r4, r2
1000df66:	6842      	ldr	r2, [r0, #4]
1000df68:	4293      	cmp	r3, r2
1000df6a:	d900      	bls.n	1000df6e <StreamWriteBuf+0xe>
1000df6c:	0013      	movs	r3, r2
1000df6e:	191d      	adds	r5, r3, r4
1000df70:	4295      	cmp	r5, r2
1000df72:	d801      	bhi.n	1000df78 <StreamWriteBuf+0x18>
1000df74:	429d      	cmp	r5, r3
1000df76:	d201      	bcs.n	1000df7c <StreamWriteBuf+0x1c>
1000df78:	0015      	movs	r5, r2
1000df7a:	1ad4      	subs	r4, r2, r3
1000df7c:	6005      	str	r5, [r0, #0]
1000df7e:	2c00      	cmp	r4, #0
1000df80:	d006      	beq.n	1000df90 <StreamWriteBuf+0x30>
1000df82:	6880      	ldr	r0, [r0, #8]
1000df84:	2800      	cmp	r0, #0
1000df86:	d003      	beq.n	1000df90 <StreamWriteBuf+0x30>
1000df88:	0022      	movs	r2, r4
1000df8a:	18c0      	adds	r0, r0, r3
1000df8c:	f7fa f9fa 	bl	10008384 <__wrap___aeabi_memcpy>
1000df90:	0020      	movs	r0, r4
1000df92:	bd70      	pop	{r4, r5, r6, pc}

1000df94 <StreamReadBuf>:
1000df94:	b570      	push	{r4, r5, r6, lr}
1000df96:	0005      	movs	r5, r0
1000df98:	0014      	movs	r4, r2
1000df9a:	682b      	ldr	r3, [r5, #0]
1000df9c:	686a      	ldr	r2, [r5, #4]
1000df9e:	0008      	movs	r0, r1
1000dfa0:	4293      	cmp	r3, r2
1000dfa2:	d900      	bls.n	1000dfa6 <StreamReadBuf+0x12>
1000dfa4:	0013      	movs	r3, r2
1000dfa6:	191e      	adds	r6, r3, r4
1000dfa8:	4296      	cmp	r6, r2
1000dfaa:	d801      	bhi.n	1000dfb0 <StreamReadBuf+0x1c>
1000dfac:	429e      	cmp	r6, r3
1000dfae:	d201      	bcs.n	1000dfb4 <StreamReadBuf+0x20>
1000dfb0:	0016      	movs	r6, r2
1000dfb2:	1ad4      	subs	r4, r2, r3
1000dfb4:	602e      	str	r6, [r5, #0]
1000dfb6:	2c00      	cmp	r4, #0
1000dfb8:	d004      	beq.n	1000dfc4 <StreamReadBuf+0x30>
1000dfba:	68a9      	ldr	r1, [r5, #8]
1000dfbc:	0022      	movs	r2, r4
1000dfbe:	1859      	adds	r1, r3, r1
1000dfc0:	f7fa f9e0 	bl	10008384 <__wrap___aeabi_memcpy>
1000dfc4:	0020      	movs	r0, r4
1000dfc6:	bd70      	pop	{r4, r5, r6, pc}

1000dfc8 <Stream0Init>:
1000dfc8:	2300      	movs	r3, #0
1000dfca:	6003      	str	r3, [r0, #0]
1000dfcc:	6043      	str	r3, [r0, #4]
1000dfce:	6083      	str	r3, [r0, #8]
1000dfd0:	60c3      	str	r3, [r0, #12]
1000dfd2:	6103      	str	r3, [r0, #16]
1000dfd4:	4b02      	ldr	r3, [pc, #8]	@ (1000dfe0 <Stream0Init+0x18>)
1000dfd6:	6143      	str	r3, [r0, #20]
1000dfd8:	4b02      	ldr	r3, [pc, #8]	@ (1000dfe4 <Stream0Init+0x1c>)
1000dfda:	6183      	str	r3, [r0, #24]
1000dfdc:	4770      	bx	lr
1000dfde:	46c0      	nop			@ (mov r8, r8)
1000dfe0:	1000df59 	.word	0x1000df59
1000dfe4:	1000df5d 	.word	0x1000df5d

1000dfe8 <StreamReadBufInit>:
1000dfe8:	b570      	push	{r4, r5, r6, lr}
1000dfea:	0004      	movs	r4, r0
1000dfec:	000d      	movs	r5, r1
1000dfee:	0016      	movs	r6, r2
1000dff0:	f7ff ffea 	bl	1000dfc8 <Stream0Init>
1000dff4:	4b02      	ldr	r3, [pc, #8]	@ (1000e000 <StreamReadBufInit+0x18>)
1000dff6:	6066      	str	r6, [r4, #4]
1000dff8:	60a5      	str	r5, [r4, #8]
1000dffa:	61a3      	str	r3, [r4, #24]
1000dffc:	bd70      	pop	{r4, r5, r6, pc}
1000dffe:	46c0      	nop			@ (mov r8, r8)
1000e000:	1000df95 	.word	0x1000df95

1000e004 <StreamWriteBufInit>:
1000e004:	b570      	push	{r4, r5, r6, lr}
1000e006:	0004      	movs	r4, r0
1000e008:	000d      	movs	r5, r1
1000e00a:	0016      	movs	r6, r2
1000e00c:	f7ff ffdc 	bl	1000dfc8 <Stream0Init>
1000e010:	4b02      	ldr	r3, [pc, #8]	@ (1000e01c <StreamWriteBufInit+0x18>)
1000e012:	6066      	str	r6, [r4, #4]
1000e014:	60a5      	str	r5, [r4, #8]
1000e016:	6163      	str	r3, [r4, #20]
1000e018:	bd70      	pop	{r4, r5, r6, pc}
1000e01a:	46c0      	nop			@ (mov r8, r8)
1000e01c:	1000df61 	.word	0x1000df61

1000e020 <StrLen>:
1000e020:	1e02      	subs	r2, r0, #0
1000e022:	d006      	beq.n	1000e032 <StrLen+0x12>
1000e024:	3001      	adds	r0, #1
1000e026:	1e41      	subs	r1, r0, #1
1000e028:	7809      	ldrb	r1, [r1, #0]
1000e02a:	2900      	cmp	r1, #0
1000e02c:	d1fa      	bne.n	1000e024 <StrLen+0x4>
1000e02e:	1a80      	subs	r0, r0, r2
1000e030:	3801      	subs	r0, #1
1000e032:	4770      	bx	lr

1000e034 <EmuSyncInit>:
1000e034:	b570      	push	{r4, r5, r6, lr}
1000e036:	000c      	movs	r4, r1
1000e038:	0016      	movs	r6, r2
1000e03a:	0005      	movs	r5, r0
1000e03c:	0008      	movs	r0, r1
1000e03e:	f7fb f965 	bl	1000930c <PWM_Reset>
1000e042:	0031      	movs	r1, r6
1000e044:	0020      	movs	r0, r4
1000e046:	f7fb f97d 	bl	10009344 <PWM_Clock>
1000e04a:	2314      	movs	r3, #20
1000e04c:	4363      	muls	r3, r4
1000e04e:	4a0b      	ldr	r2, [pc, #44]	@ (1000e07c <EmuSyncInit+0x48>)
1000e050:	490b      	ldr	r1, [pc, #44]	@ (1000e080 <EmuSyncInit+0x4c>)
1000e052:	189a      	adds	r2, r3, r2
1000e054:	6011      	str	r1, [r2, #0]
1000e056:	4a0b      	ldr	r2, [pc, #44]	@ (1000e084 <EmuSyncInit+0x50>)
1000e058:	0020      	movs	r0, r4
1000e05a:	1899      	adds	r1, r3, r2
1000e05c:	2280      	movs	r2, #128	@ 0x80
1000e05e:	0192      	lsls	r2, r2, #6
1000e060:	430a      	orrs	r2, r1
1000e062:	2101      	movs	r1, #1
1000e064:	6011      	str	r1, [r2, #0]
1000e066:	4a08      	ldr	r2, [pc, #32]	@ (1000e088 <EmuSyncInit+0x54>)
1000e068:	189b      	adds	r3, r3, r2
1000e06a:	2200      	movs	r2, #0
1000e06c:	606b      	str	r3, [r5, #4]
1000e06e:	605a      	str	r2, [r3, #4]
1000e070:	681b      	ldr	r3, [r3, #0]
1000e072:	602b      	str	r3, [r5, #0]
1000e074:	f7fb f988 	bl	10009388 <PWM_GetClock>
1000e078:	bd70      	pop	{r4, r5, r6, pc}
1000e07a:	46c0      	nop			@ (mov r8, r8)
1000e07c:	40050010 	.word	0x40050010
1000e080:	0000ffff 	.word	0x0000ffff
1000e084:	40050000 	.word	0x40050000
1000e088:	40050008 	.word	0x40050008

1000e08c <I4004_Reset>:
1000e08c:	b570      	push	{r4, r5, r6, lr}
1000e08e:	2500      	movs	r5, #0
1000e090:	0004      	movs	r4, r0
1000e092:	0029      	movs	r1, r5
1000e094:	6085      	str	r5, [r0, #8]
1000e096:	81c5      	strh	r5, [r0, #14]
1000e098:	8205      	strh	r5, [r0, #16]
1000e09a:	7485      	strb	r5, [r0, #18]
1000e09c:	6245      	str	r5, [r0, #36]	@ 0x24
1000e09e:	6285      	str	r5, [r0, #40]	@ 0x28
1000e0a0:	2210      	movs	r2, #16
1000e0a2:	3014      	adds	r0, #20
1000e0a4:	f7fa f969 	bl	1000837a <__wrap_memset>
1000e0a8:	0020      	movs	r0, r4
1000e0aa:	2280      	movs	r2, #128	@ 0x80
1000e0ac:	0029      	movs	r1, r5
1000e0ae:	0112      	lsls	r2, r2, #4
1000e0b0:	3044      	adds	r0, #68	@ 0x44
1000e0b2:	f7fa f962 	bl	1000837a <__wrap_memset>
1000e0b6:	2280      	movs	r2, #128	@ 0x80
1000e0b8:	4b03      	ldr	r3, [pc, #12]	@ (1000e0c8 <I4004_Reset+0x3c>)
1000e0ba:	0029      	movs	r1, r5
1000e0bc:	18e0      	adds	r0, r4, r3
1000e0be:	0092      	lsls	r2, r2, #2
1000e0c0:	f7fa f95b 	bl	1000837a <__wrap_memset>
1000e0c4:	bd70      	pop	{r4, r5, r6, pc}
1000e0c6:	46c0      	nop			@ (mov r8, r8)
1000e0c8:	00000844 	.word	0x00000844

1000e0cc <I4004_ExecCore1>:
1000e0cc:	b510      	push	{r4, lr}
1000e0ce:	4c06      	ldr	r4, [pc, #24]	@ (1000e0e8 <I4004_ExecCore1+0x1c>)
1000e0d0:	6820      	ldr	r0, [r4, #0]
1000e0d2:	6843      	ldr	r3, [r0, #4]
1000e0d4:	681b      	ldr	r3, [r3, #0]
1000e0d6:	6003      	str	r3, [r0, #0]
1000e0d8:	f001 f98a 	bl	1000f3f0 <__I4004_Exec_veneer>
1000e0dc:	2300      	movs	r3, #0
1000e0de:	6023      	str	r3, [r4, #0]
1000e0e0:	f3bf 8f4f 	dsb	sy
1000e0e4:	bd10      	pop	{r4, pc}
1000e0e6:	46c0      	nop			@ (mov r8, r8)
1000e0e8:	20026cb4 	.word	0x20026cb4

1000e0ec <I4004_Stop>:
1000e0ec:	4b08      	ldr	r3, [pc, #32]	@ (1000e110 <I4004_Stop+0x24>)
1000e0ee:	b510      	push	{r4, lr}
1000e0f0:	681a      	ldr	r2, [r3, #0]
1000e0f2:	2a00      	cmp	r2, #0
1000e0f4:	d008      	beq.n	1000e108 <I4004_Stop+0x1c>
1000e0f6:	2101      	movs	r1, #1
1000e0f8:	7491      	strb	r1, [r2, #18]
1000e0fa:	681a      	ldr	r2, [r3, #0]
1000e0fc:	2a00      	cmp	r2, #0
1000e0fe:	d104      	bne.n	1000e10a <I4004_Stop+0x1e>
1000e100:	f7fb f904 	bl	1000930c <PWM_Reset>
1000e104:	f7fa ff74 	bl	10008ff0 <Core1Reset>
1000e108:	bd10      	pop	{r4, pc}
1000e10a:	f3bf 8f4f 	dsb	sy
1000e10e:	e7f4      	b.n	1000e0fa <I4004_Stop+0xe>
1000e110:	20026cb4 	.word	0x20026cb4

1000e114 <I4004_Start>:
1000e114:	b5f8      	push	{r3, r4, r5, r6, r7, lr}
1000e116:	4e0e      	ldr	r6, [pc, #56]	@ (1000e150 <I4004_Start+0x3c>)
1000e118:	0005      	movs	r5, r0
1000e11a:	6833      	ldr	r3, [r6, #0]
1000e11c:	000f      	movs	r7, r1
1000e11e:	0014      	movs	r4, r2
1000e120:	2b00      	cmp	r3, #0
1000e122:	d002      	beq.n	1000e12a <I4004_Start+0x16>
1000e124:	0008      	movs	r0, r1
1000e126:	f7ff ffe1 	bl	1000e0ec <I4004_Stop>
1000e12a:	00a2      	lsls	r2, r4, #2
1000e12c:	0039      	movs	r1, r7
1000e12e:	0028      	movs	r0, r5
1000e130:	f7ff ff80 	bl	1000e034 <EmuSyncInit>
1000e134:	0004      	movs	r4, r0
1000e136:	0028      	movs	r0, r5
1000e138:	f7ff ffa8 	bl	1000e08c <I4004_Reset>
1000e13c:	6035      	str	r5, [r6, #0]
1000e13e:	f3bf 8f4f 	dsb	sy
1000e142:	4804      	ldr	r0, [pc, #16]	@ (1000e154 <I4004_Start+0x40>)
1000e144:	3402      	adds	r4, #2
1000e146:	f7fa ff8f 	bl	10009068 <Core1Exec>
1000e14a:	08a0      	lsrs	r0, r4, #2
1000e14c:	bdf8      	pop	{r3, r4, r5, r6, r7, pc}
1000e14e:	46c0      	nop			@ (mov r8, r8)
1000e150:	20026cb4 	.word	0x20026cb4
1000e154:	1000e0cd 	.word	0x1000e0cd

1000e158 <DispWriteCmd>:
1000e158:	b537      	push	{r0, r1, r2, r4, r5, lr}
1000e15a:	24d0      	movs	r4, #208	@ 0xd0
1000e15c:	466b      	mov	r3, sp
1000e15e:	2580      	movs	r5, #128	@ 0x80
1000e160:	0624      	lsls	r4, r4, #24
1000e162:	03ad      	lsls	r5, r5, #14
1000e164:	1dd9      	adds	r1, r3, #7
1000e166:	7008      	strb	r0, [r1, #0]
1000e168:	61a5      	str	r5, [r4, #24]
1000e16a:	2380      	movs	r3, #128	@ 0x80
1000e16c:	029b      	lsls	r3, r3, #10
1000e16e:	61a3      	str	r3, [r4, #24]
1000e170:	2201      	movs	r2, #1
1000e172:	4802      	ldr	r0, [pc, #8]	@ (1000e17c <DispWriteCmd+0x24>)
1000e174:	f7fb fb61 	bl	1000983a <SPI_Send8_hw>
1000e178:	6165      	str	r5, [r4, #20]
1000e17a:	bd37      	pop	{r0, r1, r2, r4, r5, pc}
1000e17c:	4003c000 	.word	0x4003c000

1000e180 <DispWriteData>:
1000e180:	b570      	push	{r4, r5, r6, lr}
1000e182:	24d0      	movs	r4, #208	@ 0xd0
1000e184:	2580      	movs	r5, #128	@ 0x80
1000e186:	0624      	lsls	r4, r4, #24
1000e188:	03ad      	lsls	r5, r5, #14
1000e18a:	000a      	movs	r2, r1
1000e18c:	61a5      	str	r5, [r4, #24]
1000e18e:	2380      	movs	r3, #128	@ 0x80
1000e190:	029b      	lsls	r3, r3, #10
1000e192:	6163      	str	r3, [r4, #20]
1000e194:	0001      	movs	r1, r0
1000e196:	4802      	ldr	r0, [pc, #8]	@ (1000e1a0 <DispWriteData+0x20>)
1000e198:	f7fb fb4f 	bl	1000983a <SPI_Send8_hw>
1000e19c:	6165      	str	r5, [r4, #20]
1000e19e:	bd70      	pop	{r4, r5, r6, pc}
1000e1a0:	4003c000 	.word	0x4003c000

1000e1a4 <DispWriteDataDMA>:
1000e1a4:	b570      	push	{r4, r5, r6, lr}
1000e1a6:	24d0      	movs	r4, #208	@ 0xd0
1000e1a8:	2680      	movs	r6, #128	@ 0x80
1000e1aa:	0624      	lsls	r4, r4, #24
1000e1ac:	03b6      	lsls	r6, r6, #14
1000e1ae:	0002      	movs	r2, r0
1000e1b0:	000b      	movs	r3, r1
1000e1b2:	61a6      	str	r6, [r4, #24]
1000e1b4:	2180      	movs	r1, #128	@ 0x80
1000e1b6:	0289      	lsls	r1, r1, #10
1000e1b8:	6161      	str	r1, [r4, #20]
1000e1ba:	250b      	movs	r5, #11
1000e1bc:	6821      	ldr	r1, [r4, #0]
1000e1be:	4803      	ldr	r0, [pc, #12]	@ (1000e1cc <DispWriteDataDMA+0x28>)
1000e1c0:	1a69      	subs	r1, r5, r1
1000e1c2:	f7fb fb61 	bl	10009888 <SPI_Send8DMA_hw>
1000e1c6:	6166      	str	r6, [r4, #20]
1000e1c8:	bd70      	pop	{r4, r5, r6, pc}
1000e1ca:	46c0      	nop			@ (mov r8, r8)
1000e1cc:	4003c000 	.word	0x4003c000

1000e1d0 <DispWriteCmdData>:
1000e1d0:	b5f7      	push	{r0, r1, r2, r4, r5, r6, r7, lr}
1000e1d2:	24d0      	movs	r4, #208	@ 0xd0
1000e1d4:	466b      	mov	r3, sp
1000e1d6:	2680      	movs	r6, #128	@ 0x80
1000e1d8:	9100      	str	r1, [sp, #0]
1000e1da:	0624      	lsls	r4, r4, #24
1000e1dc:	03b6      	lsls	r6, r6, #14
1000e1de:	1dd9      	adds	r1, r3, #7
1000e1e0:	7008      	strb	r0, [r1, #0]
1000e1e2:	0015      	movs	r5, r2
1000e1e4:	61a6      	str	r6, [r4, #24]
1000e1e6:	2780      	movs	r7, #128	@ 0x80
1000e1e8:	02bf      	lsls	r7, r7, #10
1000e1ea:	61a7      	str	r7, [r4, #24]
1000e1ec:	2201      	movs	r2, #1
1000e1ee:	4805      	ldr	r0, [pc, #20]	@ (1000e204 <DispWriteCmdData+0x34>)
1000e1f0:	f7fb fb23 	bl	1000983a <SPI_Send8_hw>
1000e1f4:	6167      	str	r7, [r4, #20]
1000e1f6:	4803      	ldr	r0, [pc, #12]	@ (1000e204 <DispWriteCmdData+0x34>)
1000e1f8:	002a      	movs	r2, r5
1000e1fa:	9900      	ldr	r1, [sp, #0]
1000e1fc:	f7fb fb1d 	bl	1000983a <SPI_Send8_hw>
1000e200:	6166      	str	r6, [r4, #20]
1000e202:	bdf7      	pop	{r0, r1, r2, r4, r5, r6, r7, pc}
1000e204:	4003c000 	.word	0x4003c000

1000e208 <DispHardReset>:
1000e208:	b570      	push	{r4, r5, r6, lr}
1000e20a:	24d0      	movs	r4, #208	@ 0xd0
1000e20c:	2680      	movs	r6, #128	@ 0x80
1000e20e:	0624      	lsls	r4, r4, #24
1000e210:	03b6      	lsls	r6, r6, #14
1000e212:	61a6      	str	r6, [r4, #24]
1000e214:	2580      	movs	r5, #128	@ 0x80
1000e216:	036d      	lsls	r5, r5, #13
1000e218:	2032      	movs	r0, #50	@ 0x32
1000e21a:	6165      	str	r5, [r4, #20]
1000e21c:	f7fb fc0c 	bl	10009a38 <WaitMs>
1000e220:	61a5      	str	r5, [r4, #24]
1000e222:	2032      	movs	r0, #50	@ 0x32
1000e224:	f7fb fc08 	bl	10009a38 <WaitMs>
1000e228:	2096      	movs	r0, #150	@ 0x96
1000e22a:	6165      	str	r5, [r4, #20]
1000e22c:	f7fb fc04 	bl	10009a38 <WaitMs>
1000e230:	6166      	str	r6, [r4, #20]
1000e232:	bd70      	pop	{r4, r5, r6, pc}

1000e234 <DispSoftReset>:
1000e234:	b510      	push	{r4, lr}
1000e236:	2001      	movs	r0, #1
1000e238:	f7ff ff8e 	bl	1000e158 <DispWriteCmd>
1000e23c:	2096      	movs	r0, #150	@ 0x96
1000e23e:	f7fb fbfb 	bl	10009a38 <WaitMs>
1000e242:	bd10      	pop	{r4, pc}

1000e244 <DispSleepDisable>:
1000e244:	b510      	push	{r4, lr}
1000e246:	2011      	movs	r0, #17
1000e248:	f7ff ff86 	bl	1000e158 <DispWriteCmd>
1000e24c:	bd10      	pop	{r4, pc}

1000e24e <DispInvEnable>:
1000e24e:	b510      	push	{r4, lr}
1000e250:	2021      	movs	r0, #33	@ 0x21
1000e252:	f7ff ff81 	bl	1000e158 <DispWriteCmd>
1000e256:	bd10      	pop	{r4, pc}

1000e258 <DispColorMode>:
1000e258:	b507      	push	{r0, r1, r2, lr}
1000e25a:	466b      	mov	r3, sp
1000e25c:	1dd9      	adds	r1, r3, #7
1000e25e:	7008      	strb	r0, [r1, #0]
1000e260:	2201      	movs	r2, #1
1000e262:	203a      	movs	r0, #58	@ 0x3a
1000e264:	f7ff ffb4 	bl	1000e1d0 <DispWriteCmdData>
1000e268:	bd07      	pop	{r0, r1, r2, pc}
	...

1000e26c <DispRotation>:
1000e26c:	b510      	push	{r4, lr}
1000e26e:	4903      	ldr	r1, [pc, #12]	@ (1000e27c <DispRotation+0x10>)
1000e270:	2201      	movs	r2, #1
1000e272:	1809      	adds	r1, r1, r0
1000e274:	2036      	movs	r0, #54	@ 0x36
1000e276:	f7ff ffab 	bl	1000e1d0 <DispWriteCmdData>
1000e27a:	bd10      	pop	{r4, pc}
1000e27c:	100115f0 	.word	0x100115f0

1000e280 <DispWindow>:
1000e280:	b537      	push	{r0, r1, r2, r4, r5, lr}
1000e282:	001c      	movs	r4, r3
1000e284:	466b      	mov	r3, sp
1000e286:	3901      	subs	r1, #1
1000e288:	ba40      	rev16	r0, r0
1000e28a:	ba49      	rev16	r1, r1
1000e28c:	8098      	strh	r0, [r3, #4]
1000e28e:	80d9      	strh	r1, [r3, #6]
1000e290:	0015      	movs	r5, r2
1000e292:	a901      	add	r1, sp, #4
1000e294:	2204      	movs	r2, #4
1000e296:	202a      	movs	r0, #42	@ 0x2a
1000e298:	f7ff ff9a 	bl	1000e1d0 <DispWriteCmdData>
1000e29c:	466b      	mov	r3, sp
1000e29e:	3c01      	subs	r4, #1
1000e2a0:	2204      	movs	r2, #4
1000e2a2:	ba6d      	rev16	r5, r5
1000e2a4:	a901      	add	r1, sp, #4
1000e2a6:	202b      	movs	r0, #43	@ 0x2b
1000e2a8:	ba64      	rev16	r4, r4
1000e2aa:	809d      	strh	r5, [r3, #4]
1000e2ac:	80dc      	strh	r4, [r3, #6]
1000e2ae:	f7ff ff8f 	bl	1000e1d0 <DispWriteCmdData>
1000e2b2:	202c      	movs	r0, #44	@ 0x2c
1000e2b4:	f7ff ff50 	bl	1000e158 <DispWriteCmd>
1000e2b8:	bd37      	pop	{r0, r1, r2, r4, r5, pc}
	...

1000e2bc <DispStartImg>:
1000e2bc:	b5f0      	push	{r4, r5, r6, r7, lr}
1000e2be:	b087      	sub	sp, #28
1000e2c0:	9303      	str	r3, [sp, #12]
1000e2c2:	23ff      	movs	r3, #255	@ 0xff
1000e2c4:	0015      	movs	r5, r2
1000e2c6:	aa04      	add	r2, sp, #16
1000e2c8:	9001      	str	r0, [sp, #4]
1000e2ca:	9102      	str	r1, [sp, #8]
1000e2cc:	71d3      	strb	r3, [r2, #7]
1000e2ce:	24d0      	movs	r4, #208	@ 0xd0
1000e2d0:	2780      	movs	r7, #128	@ 0x80
1000e2d2:	2680      	movs	r6, #128	@ 0x80
1000e2d4:	0624      	lsls	r4, r4, #24
1000e2d6:	03bf      	lsls	r7, r7, #14
1000e2d8:	02b6      	lsls	r6, r6, #10
1000e2da:	6167      	str	r7, [r4, #20]
1000e2dc:	61a6      	str	r6, [r4, #24]
1000e2de:	ab04      	add	r3, sp, #16
1000e2e0:	1dd9      	adds	r1, r3, #7
1000e2e2:	2201      	movs	r2, #1
1000e2e4:	4806      	ldr	r0, [pc, #24]	@ (1000e300 <DispStartImg+0x44>)
1000e2e6:	f7fb faa8 	bl	1000983a <SPI_Send8_hw>
1000e2ea:	002a      	movs	r2, r5
1000e2ec:	9b03      	ldr	r3, [sp, #12]
1000e2ee:	9902      	ldr	r1, [sp, #8]
1000e2f0:	9801      	ldr	r0, [sp, #4]
1000e2f2:	f7ff ffc5 	bl	1000e280 <DispWindow>
1000e2f6:	61a7      	str	r7, [r4, #24]
1000e2f8:	6166      	str	r6, [r4, #20]
1000e2fa:	b007      	add	sp, #28
1000e2fc:	bdf0      	pop	{r4, r5, r6, r7, pc}
1000e2fe:	46c0      	nop			@ (mov r8, r8)
1000e300:	4003c000 	.word	0x4003c000

1000e304 <DispSendImg2>:
1000e304:	2202      	movs	r2, #2
1000e306:	b510      	push	{r4, lr}
1000e308:	4b0c      	ldr	r3, [pc, #48]	@ (1000e33c <DispSendImg2+0x38>)
1000e30a:	6819      	ldr	r1, [r3, #0]
1000e30c:	4211      	tst	r1, r2
1000e30e:	d0fc      	beq.n	1000e30a <DispSendImg2+0x6>
1000e310:	4a0b      	ldr	r2, [pc, #44]	@ (1000e340 <DispSendImg2+0x3c>)
1000e312:	b2c1      	uxtb	r1, r0
1000e314:	6011      	str	r1, [r2, #0]
1000e316:	2104      	movs	r1, #4
1000e318:	681c      	ldr	r4, [r3, #0]
1000e31a:	420c      	tst	r4, r1
1000e31c:	d10a      	bne.n	1000e334 <DispSendImg2+0x30>
1000e31e:	2102      	movs	r1, #2
1000e320:	681c      	ldr	r4, [r3, #0]
1000e322:	420c      	tst	r4, r1
1000e324:	d0fc      	beq.n	1000e320 <DispSendImg2+0x1c>
1000e326:	2104      	movs	r1, #4
1000e328:	0a00      	lsrs	r0, r0, #8
1000e32a:	6010      	str	r0, [r2, #0]
1000e32c:	6818      	ldr	r0, [r3, #0]
1000e32e:	4208      	tst	r0, r1
1000e330:	d102      	bne.n	1000e338 <DispSendImg2+0x34>
1000e332:	bd10      	pop	{r4, pc}
1000e334:	6814      	ldr	r4, [r2, #0]
1000e336:	e7ef      	b.n	1000e318 <DispSendImg2+0x14>
1000e338:	6810      	ldr	r0, [r2, #0]
1000e33a:	e7f7      	b.n	1000e32c <DispSendImg2+0x28>
1000e33c:	4003c00c 	.word	0x4003c00c
1000e340:	4003c008 	.word	0x4003c008

1000e344 <DispStopImg>:
1000e344:	2210      	movs	r2, #16
1000e346:	2004      	movs	r0, #4
1000e348:	b510      	push	{r4, lr}
1000e34a:	4c0d      	ldr	r4, [pc, #52]	@ (1000e380 <DispStopImg+0x3c>)
1000e34c:	4b0d      	ldr	r3, [pc, #52]	@ (1000e384 <DispStopImg+0x40>)
1000e34e:	6819      	ldr	r1, [r3, #0]
1000e350:	4211      	tst	r1, r2
1000e352:	d10e      	bne.n	1000e372 <DispStopImg+0x2e>
1000e354:	2204      	movs	r2, #4
1000e356:	480a      	ldr	r0, [pc, #40]	@ (1000e380 <DispStopImg+0x3c>)
1000e358:	6819      	ldr	r1, [r3, #0]
1000e35a:	4211      	tst	r1, r2
1000e35c:	d10d      	bne.n	1000e37a <DispStopImg+0x36>
1000e35e:	2201      	movs	r2, #1
1000e360:	4b09      	ldr	r3, [pc, #36]	@ (1000e388 <DispStopImg+0x44>)
1000e362:	601a      	str	r2, [r3, #0]
1000e364:	23d0      	movs	r3, #208	@ 0xd0
1000e366:	2280      	movs	r2, #128	@ 0x80
1000e368:	061b      	lsls	r3, r3, #24
1000e36a:	0392      	lsls	r2, r2, #14
1000e36c:	615a      	str	r2, [r3, #20]
1000e36e:	bd10      	pop	{r4, pc}
1000e370:	6821      	ldr	r1, [r4, #0]
1000e372:	6819      	ldr	r1, [r3, #0]
1000e374:	4201      	tst	r1, r0
1000e376:	d1fb      	bne.n	1000e370 <DispStopImg+0x2c>
1000e378:	e7e8      	b.n	1000e34c <DispStopImg+0x8>
1000e37a:	6801      	ldr	r1, [r0, #0]
1000e37c:	e7ec      	b.n	1000e358 <DispStopImg+0x14>
1000e37e:	46c0      	nop			@ (mov r8, r8)
1000e380:	4003c008 	.word	0x4003c008
1000e384:	4003c00c 	.word	0x4003c00c
1000e388:	4003c020 	.word	0x4003c020

1000e38c <DispDirtyAll>:
1000e38c:	2200      	movs	r2, #0
1000e38e:	21a0      	movs	r1, #160	@ 0xa0
1000e390:	4b05      	ldr	r3, [pc, #20]	@ (1000e3a8 <DispDirtyAll+0x1c>)
1000e392:	0049      	lsls	r1, r1, #1
1000e394:	601a      	str	r2, [r3, #0]
1000e396:	4b05      	ldr	r3, [pc, #20]	@ (1000e3ac <DispDirtyAll+0x20>)
1000e398:	6019      	str	r1, [r3, #0]
1000e39a:	4b05      	ldr	r3, [pc, #20]	@ (1000e3b0 <DispDirtyAll+0x24>)
1000e39c:	601a      	str	r2, [r3, #0]
1000e39e:	4b05      	ldr	r3, [pc, #20]	@ (1000e3b4 <DispDirtyAll+0x28>)
1000e3a0:	32f0      	adds	r2, #240	@ 0xf0
1000e3a2:	601a      	str	r2, [r3, #0]
1000e3a4:	4770      	bx	lr
1000e3a6:	46c0      	nop			@ (mov r8, r8)
1000e3a8:	2000148c 	.word	0x2000148c
1000e3ac:	20001490 	.word	0x20001490
1000e3b0:	20001494 	.word	0x20001494
1000e3b4:	20001498 	.word	0x20001498

1000e3b8 <DispDirtyNone>:
1000e3b8:	22a0      	movs	r2, #160	@ 0xa0
1000e3ba:	4b06      	ldr	r3, [pc, #24]	@ (1000e3d4 <DispDirtyNone+0x1c>)
1000e3bc:	0052      	lsls	r2, r2, #1
1000e3be:	601a      	str	r2, [r3, #0]
1000e3c0:	2200      	movs	r2, #0
1000e3c2:	21f0      	movs	r1, #240	@ 0xf0
1000e3c4:	4b04      	ldr	r3, [pc, #16]	@ (1000e3d8 <DispDirtyNone+0x20>)
1000e3c6:	601a      	str	r2, [r3, #0]
1000e3c8:	4b04      	ldr	r3, [pc, #16]	@ (1000e3dc <DispDirtyNone+0x24>)
1000e3ca:	6019      	str	r1, [r3, #0]
1000e3cc:	4b04      	ldr	r3, [pc, #16]	@ (1000e3e0 <DispDirtyNone+0x28>)
1000e3ce:	601a      	str	r2, [r3, #0]
1000e3d0:	4770      	bx	lr
1000e3d2:	46c0      	nop			@ (mov r8, r8)
1000e3d4:	2000148c 	.word	0x2000148c
1000e3d8:	20001490 	.word	0x20001490
1000e3dc:	20001494 	.word	0x20001494
1000e3e0:	20001498 	.word	0x20001498

1000e3e4 <DispDirtyRect>:
1000e3e4:	b530      	push	{r4, r5, lr}
1000e3e6:	2800      	cmp	r0, #0
1000e3e8:	da01      	bge.n	1000e3ee <DispDirtyRect+0xa>
1000e3ea:	1812      	adds	r2, r2, r0
1000e3ec:	2000      	movs	r0, #0
1000e3ee:	25a0      	movs	r5, #160	@ 0xa0
1000e3f0:	1884      	adds	r4, r0, r2
1000e3f2:	006d      	lsls	r5, r5, #1
1000e3f4:	42ac      	cmp	r4, r5
1000e3f6:	dd00      	ble.n	1000e3fa <DispDirtyRect+0x16>
1000e3f8:	1a2a      	subs	r2, r5, r0
1000e3fa:	2a00      	cmp	r2, #0
1000e3fc:	dd20      	ble.n	1000e440 <DispDirtyRect+0x5c>
1000e3fe:	2900      	cmp	r1, #0
1000e400:	da01      	bge.n	1000e406 <DispDirtyRect+0x22>
1000e402:	185b      	adds	r3, r3, r1
1000e404:	2100      	movs	r1, #0
1000e406:	18cc      	adds	r4, r1, r3
1000e408:	2cf0      	cmp	r4, #240	@ 0xf0
1000e40a:	dd01      	ble.n	1000e410 <DispDirtyRect+0x2c>
1000e40c:	23f0      	movs	r3, #240	@ 0xf0
1000e40e:	1a5b      	subs	r3, r3, r1
1000e410:	2b00      	cmp	r3, #0
1000e412:	dd15      	ble.n	1000e440 <DispDirtyRect+0x5c>
1000e414:	4c0b      	ldr	r4, [pc, #44]	@ (1000e444 <DispDirtyRect+0x60>)
1000e416:	6825      	ldr	r5, [r4, #0]
1000e418:	4285      	cmp	r5, r0
1000e41a:	dd00      	ble.n	1000e41e <DispDirtyRect+0x3a>
1000e41c:	6020      	str	r0, [r4, #0]
1000e41e:	1880      	adds	r0, r0, r2
1000e420:	4a09      	ldr	r2, [pc, #36]	@ (1000e448 <DispDirtyRect+0x64>)
1000e422:	6814      	ldr	r4, [r2, #0]
1000e424:	42a0      	cmp	r0, r4
1000e426:	dd00      	ble.n	1000e42a <DispDirtyRect+0x46>
1000e428:	6010      	str	r0, [r2, #0]
1000e42a:	4a08      	ldr	r2, [pc, #32]	@ (1000e44c <DispDirtyRect+0x68>)
1000e42c:	6810      	ldr	r0, [r2, #0]
1000e42e:	4288      	cmp	r0, r1
1000e430:	dd00      	ble.n	1000e434 <DispDirtyRect+0x50>
1000e432:	6011      	str	r1, [r2, #0]
1000e434:	18c9      	adds	r1, r1, r3
1000e436:	4b06      	ldr	r3, [pc, #24]	@ (1000e450 <DispDirtyRect+0x6c>)
1000e438:	681a      	ldr	r2, [r3, #0]
1000e43a:	4291      	cmp	r1, r2
1000e43c:	dd00      	ble.n	1000e440 <DispDirtyRect+0x5c>
1000e43e:	6019      	str	r1, [r3, #0]
1000e440:	bd30      	pop	{r4, r5, pc}
1000e442:	46c0      	nop			@ (mov r8, r8)
1000e444:	2000148c 	.word	0x2000148c
1000e448:	20001490 	.word	0x20001490
1000e44c:	20001494 	.word	0x20001494
1000e450:	20001498 	.word	0x20001498

1000e454 <DispDirtyPoint>:
1000e454:	23a0      	movs	r3, #160	@ 0xa0
1000e456:	005b      	lsls	r3, r3, #1
1000e458:	4298      	cmp	r0, r3
1000e45a:	d217      	bcs.n	1000e48c <DispDirtyPoint+0x38>
1000e45c:	29ef      	cmp	r1, #239	@ 0xef
1000e45e:	d815      	bhi.n	1000e48c <DispDirtyPoint+0x38>
1000e460:	4b0b      	ldr	r3, [pc, #44]	@ (1000e490 <DispDirtyPoint+0x3c>)
1000e462:	681a      	ldr	r2, [r3, #0]
1000e464:	4282      	cmp	r2, r0
1000e466:	dd00      	ble.n	1000e46a <DispDirtyPoint+0x16>
1000e468:	6018      	str	r0, [r3, #0]
1000e46a:	4b0a      	ldr	r3, [pc, #40]	@ (1000e494 <DispDirtyPoint+0x40>)
1000e46c:	681a      	ldr	r2, [r3, #0]
1000e46e:	4282      	cmp	r2, r0
1000e470:	dc01      	bgt.n	1000e476 <DispDirtyPoint+0x22>
1000e472:	3001      	adds	r0, #1
1000e474:	6018      	str	r0, [r3, #0]
1000e476:	4b08      	ldr	r3, [pc, #32]	@ (1000e498 <DispDirtyPoint+0x44>)
1000e478:	681a      	ldr	r2, [r3, #0]
1000e47a:	428a      	cmp	r2, r1
1000e47c:	dd00      	ble.n	1000e480 <DispDirtyPoint+0x2c>
1000e47e:	6019      	str	r1, [r3, #0]
1000e480:	4b06      	ldr	r3, [pc, #24]	@ (1000e49c <DispDirtyPoint+0x48>)
1000e482:	681a      	ldr	r2, [r3, #0]
1000e484:	428a      	cmp	r2, r1
1000e486:	dc01      	bgt.n	1000e48c <DispDirtyPoint+0x38>
1000e488:	3101      	adds	r1, #1
1000e48a:	6019      	str	r1, [r3, #0]
1000e48c:	4770      	bx	lr
1000e48e:	46c0      	nop			@ (mov r8, r8)
1000e490:	2000148c 	.word	0x2000148c
1000e494:	20001490 	.word	0x20001490
1000e498:	20001494 	.word	0x20001494
1000e49c:	20001498 	.word	0x20001498

1000e4a0 <DispUpdate>:
1000e4a0:	b5f7      	push	{r0, r1, r2, r4, r5, r6, r7, lr}
1000e4a2:	4e2b      	ldr	r6, [pc, #172]	@ (1000e550 <DispUpdate+0xb0>)
1000e4a4:	4f2b      	ldr	r7, [pc, #172]	@ (1000e554 <DispUpdate+0xb4>)
1000e4a6:	6832      	ldr	r2, [r6, #0]
1000e4a8:	683b      	ldr	r3, [r7, #0]
1000e4aa:	429a      	cmp	r2, r3
1000e4ac:	da4e      	bge.n	1000e54c <DispUpdate+0xac>
1000e4ae:	4c2a      	ldr	r4, [pc, #168]	@ (1000e558 <DispUpdate+0xb8>)
1000e4b0:	4d2a      	ldr	r5, [pc, #168]	@ (1000e55c <DispUpdate+0xbc>)
1000e4b2:	6822      	ldr	r2, [r4, #0]
1000e4b4:	682b      	ldr	r3, [r5, #0]
1000e4b6:	429a      	cmp	r2, r3
1000e4b8:	da48      	bge.n	1000e54c <DispUpdate+0xac>
1000e4ba:	23ff      	movs	r3, #255	@ 0xff
1000e4bc:	466a      	mov	r2, sp
1000e4be:	71d3      	strb	r3, [r2, #7]
1000e4c0:	23d0      	movs	r3, #208	@ 0xd0
1000e4c2:	2280      	movs	r2, #128	@ 0x80
1000e4c4:	061b      	lsls	r3, r3, #24
1000e4c6:	0392      	lsls	r2, r2, #14
1000e4c8:	615a      	str	r2, [r3, #20]
1000e4ca:	2280      	movs	r2, #128	@ 0x80
1000e4cc:	0292      	lsls	r2, r2, #10
1000e4ce:	619a      	str	r2, [r3, #24]
1000e4d0:	466b      	mov	r3, sp
1000e4d2:	2201      	movs	r2, #1
1000e4d4:	1dd9      	adds	r1, r3, #7
1000e4d6:	4822      	ldr	r0, [pc, #136]	@ (1000e560 <DispUpdate+0xc0>)
1000e4d8:	f7fb f9af 	bl	1000983a <SPI_Send8_hw>
1000e4dc:	682b      	ldr	r3, [r5, #0]
1000e4de:	6822      	ldr	r2, [r4, #0]
1000e4e0:	6839      	ldr	r1, [r7, #0]
1000e4e2:	6830      	ldr	r0, [r6, #0]
1000e4e4:	b29b      	uxth	r3, r3
1000e4e6:	b292      	uxth	r2, r2
1000e4e8:	b289      	uxth	r1, r1
1000e4ea:	b280      	uxth	r0, r0
1000e4ec:	f7ff fec8 	bl	1000e280 <DispWindow>
1000e4f0:	6822      	ldr	r2, [r4, #0]
1000e4f2:	24a0      	movs	r4, #160	@ 0xa0
1000e4f4:	0064      	lsls	r4, r4, #1
1000e4f6:	4354      	muls	r4, r2
1000e4f8:	6833      	ldr	r3, [r6, #0]
1000e4fa:	682d      	ldr	r5, [r5, #0]
1000e4fc:	18e4      	adds	r4, r4, r3
1000e4fe:	4919      	ldr	r1, [pc, #100]	@ (1000e564 <DispUpdate+0xc4>)
1000e500:	1aad      	subs	r5, r5, r2
1000e502:	683a      	ldr	r2, [r7, #0]
1000e504:	0064      	lsls	r4, r4, #1
1000e506:	1864      	adds	r4, r4, r1
1000e508:	1ad3      	subs	r3, r2, r3
1000e50a:	2b14      	cmp	r3, #20
1000e50c:	dc1a      	bgt.n	1000e544 <DispUpdate+0xa4>
1000e50e:	2d00      	cmp	r5, #0
1000e510:	dd1a      	ble.n	1000e548 <DispUpdate+0xa8>
1000e512:	4b10      	ldr	r3, [pc, #64]	@ (1000e554 <DispUpdate+0xb4>)
1000e514:	0020      	movs	r0, r4
1000e516:	6819      	ldr	r1, [r3, #0]
1000e518:	6833      	ldr	r3, [r6, #0]
1000e51a:	3d01      	subs	r5, #1
1000e51c:	1ac9      	subs	r1, r1, r3
1000e51e:	0049      	lsls	r1, r1, #1
1000e520:	f7ff fe2e 	bl	1000e180 <DispWriteData>
1000e524:	23a0      	movs	r3, #160	@ 0xa0
1000e526:	009b      	lsls	r3, r3, #2
1000e528:	18e4      	adds	r4, r4, r3
1000e52a:	e7f0      	b.n	1000e50e <DispUpdate+0x6e>
1000e52c:	4b09      	ldr	r3, [pc, #36]	@ (1000e554 <DispUpdate+0xb4>)
1000e52e:	0020      	movs	r0, r4
1000e530:	6819      	ldr	r1, [r3, #0]
1000e532:	6833      	ldr	r3, [r6, #0]
1000e534:	3d01      	subs	r5, #1
1000e536:	1ac9      	subs	r1, r1, r3
1000e538:	0049      	lsls	r1, r1, #1
1000e53a:	f7ff fe33 	bl	1000e1a4 <DispWriteDataDMA>
1000e53e:	23a0      	movs	r3, #160	@ 0xa0
1000e540:	009b      	lsls	r3, r3, #2
1000e542:	18e4      	adds	r4, r4, r3
1000e544:	2d00      	cmp	r5, #0
1000e546:	dcf1      	bgt.n	1000e52c <DispUpdate+0x8c>
1000e548:	f7ff ff36 	bl	1000e3b8 <DispDirtyNone>
1000e54c:	bdf7      	pop	{r0, r1, r2, r4, r5, r6, r7, pc}
1000e54e:	46c0      	nop			@ (mov r8, r8)
1000e550:	2000148c 	.word	0x2000148c
1000e554:	20001490 	.word	0x20001490
1000e558:	20001494 	.word	0x20001494
1000e55c:	20001498 	.word	0x20001498
1000e560:	4003c000 	.word	0x4003c000
1000e564:	200014b4 	.word	0x200014b4

1000e568 <DispUpdateAll>:
1000e568:	b510      	push	{r4, lr}
1000e56a:	f7ff ff0f 	bl	1000e38c <DispDirtyAll>
1000e56e:	f7ff ff97 	bl	1000e4a0 <DispUpdate>
1000e572:	bd10      	pop	{r4, pc}

1000e574 <DispBacklight>:
1000e574:	4b03      	ldr	r3, [pc, #12]	@ (1000e584 <DispBacklight+0x10>)
1000e576:	681b      	ldr	r3, [r3, #0]
1000e578:	4058      	eors	r0, r3
1000e57a:	4b03      	ldr	r3, [pc, #12]	@ (1000e588 <DispBacklight+0x14>)
1000e57c:	b280      	uxth	r0, r0
1000e57e:	6018      	str	r0, [r3, #0]
1000e580:	4770      	bx	lr
1000e582:	46c0      	nop			@ (mov r8, r8)
1000e584:	4005000c 	.word	0x4005000c
1000e588:	4005100c 	.word	0x4005100c

1000e58c <DispBacklightUpdate>:
1000e58c:	b510      	push	{r4, lr}
1000e58e:	4b02      	ldr	r3, [pc, #8]	@ (1000e598 <DispBacklightUpdate+0xc>)
1000e590:	78d8      	ldrb	r0, [r3, #3]
1000e592:	f7ff ffef 	bl	1000e574 <DispBacklight>
1000e596:	bd10      	pop	{r4, pc}
1000e598:	2000142c 	.word	0x2000142c

1000e59c <DispInit>:
1000e59c:	b573      	push	{r0, r1, r4, r5, r6, lr}
1000e59e:	4c40      	ldr	r4, [pc, #256]	@ (1000e6a0 <DispInit+0x104>)
1000e5a0:	0005      	movs	r5, r0
1000e5a2:	0020      	movs	r0, r4
1000e5a4:	493f      	ldr	r1, [pc, #252]	@ (1000e6a4 <DispInit+0x108>)
1000e5a6:	f7fb f921 	bl	100097ec <SPI_Init_hw>
1000e5aa:	2340      	movs	r3, #64	@ 0x40
1000e5ac:	6822      	ldr	r2, [r4, #0]
1000e5ae:	2000      	movs	r0, #0
1000e5b0:	4393      	bics	r3, r2
1000e5b2:	4a3d      	ldr	r2, [pc, #244]	@ (1000e6a8 <DispInit+0x10c>)
1000e5b4:	2601      	movs	r6, #1
1000e5b6:	6013      	str	r3, [r2, #0]
1000e5b8:	2380      	movs	r3, #128	@ 0x80
1000e5ba:	6821      	ldr	r1, [r4, #0]
1000e5bc:	24d0      	movs	r4, #208	@ 0xd0
1000e5be:	438b      	bics	r3, r1
1000e5c0:	6013      	str	r3, [r2, #0]
1000e5c2:	f7fa fea3 	bl	1000930c <PWM_Reset>
1000e5c6:	2104      	movs	r1, #4
1000e5c8:	2010      	movs	r0, #16
1000e5ca:	f7fa fc3d 	bl	10008e48 <GPIO_Fnc>
1000e5ce:	4937      	ldr	r1, [pc, #220]	@ (1000e6ac <DispInit+0x110>)
1000e5d0:	2000      	movs	r0, #0
1000e5d2:	f7fa feb7 	bl	10009344 <PWM_Clock>
1000e5d6:	22ff      	movs	r2, #255	@ 0xff
1000e5d8:	4b35      	ldr	r3, [pc, #212]	@ (1000e6b0 <DispInit+0x114>)
1000e5da:	2000      	movs	r0, #0
1000e5dc:	601a      	str	r2, [r3, #0]
1000e5de:	f7ff ffc9 	bl	1000e574 <DispBacklight>
1000e5e2:	4b34      	ldr	r3, [pc, #208]	@ (1000e6b4 <DispInit+0x118>)
1000e5e4:	0624      	lsls	r4, r4, #24
1000e5e6:	601e      	str	r6, [r3, #0]
1000e5e8:	2380      	movs	r3, #128	@ 0x80
1000e5ea:	029b      	lsls	r3, r3, #10
1000e5ec:	6163      	str	r3, [r4, #20]
1000e5ee:	2105      	movs	r1, #5
1000e5f0:	6263      	str	r3, [r4, #36]	@ 0x24
1000e5f2:	2011      	movs	r0, #17
1000e5f4:	f7fa fc28 	bl	10008e48 <GPIO_Fnc>
1000e5f8:	2380      	movs	r3, #128	@ 0x80
1000e5fa:	02db      	lsls	r3, r3, #11
1000e5fc:	0031      	movs	r1, r6
1000e5fe:	6163      	str	r3, [r4, #20]
1000e600:	2012      	movs	r0, #18
1000e602:	6263      	str	r3, [r4, #36]	@ 0x24
1000e604:	f7fa fc20 	bl	10008e48 <GPIO_Fnc>
1000e608:	4b2b      	ldr	r3, [pc, #172]	@ (1000e6b8 <DispInit+0x11c>)
1000e60a:	0031      	movs	r1, r6
1000e60c:	681a      	ldr	r2, [r3, #0]
1000e60e:	2320      	movs	r3, #32
1000e610:	4053      	eors	r3, r2
1000e612:	2230      	movs	r2, #48	@ 0x30
1000e614:	4013      	ands	r3, r2
1000e616:	4a29      	ldr	r2, [pc, #164]	@ (1000e6bc <DispInit+0x120>)
1000e618:	2013      	movs	r0, #19
1000e61a:	6013      	str	r3, [r2, #0]
1000e61c:	2380      	movs	r3, #128	@ 0x80
1000e61e:	031b      	lsls	r3, r3, #12
1000e620:	6163      	str	r3, [r4, #20]
1000e622:	6263      	str	r3, [r4, #36]	@ 0x24
1000e624:	f7fa fc10 	bl	10008e48 <GPIO_Fnc>
1000e628:	2380      	movs	r3, #128	@ 0x80
1000e62a:	035b      	lsls	r3, r3, #13
1000e62c:	6163      	str	r3, [r4, #20]
1000e62e:	2105      	movs	r1, #5
1000e630:	6263      	str	r3, [r4, #36]	@ 0x24
1000e632:	2014      	movs	r0, #20
1000e634:	f7fa fc08 	bl	10008e48 <GPIO_Fnc>
1000e638:	2380      	movs	r3, #128	@ 0x80
1000e63a:	039b      	lsls	r3, r3, #14
1000e63c:	6163      	str	r3, [r4, #20]
1000e63e:	2105      	movs	r1, #5
1000e640:	6263      	str	r3, [r4, #36]	@ 0x24
1000e642:	2015      	movs	r0, #21
1000e644:	f7fa fc00 	bl	10008e48 <GPIO_Fnc>
1000e648:	f7ff fdde 	bl	1000e208 <DispHardReset>
1000e64c:	f7ff fdf2 	bl	1000e234 <DispSoftReset>
1000e650:	f7ff fdf8 	bl	1000e244 <DispSleepDisable>
1000e654:	466a      	mov	r2, sp
1000e656:	4b1a      	ldr	r3, [pc, #104]	@ (1000e6c0 <DispInit+0x124>)
1000e658:	a901      	add	r1, sp, #4
1000e65a:	8093      	strh	r3, [r2, #4]
1000e65c:	20b0      	movs	r0, #176	@ 0xb0
1000e65e:	2202      	movs	r2, #2
1000e660:	f7ff fdb6 	bl	1000e1d0 <DispWriteCmdData>
1000e664:	2055      	movs	r0, #85	@ 0x55
1000e666:	f7ff fdf7 	bl	1000e258 <DispColorMode>
1000e66a:	2032      	movs	r0, #50	@ 0x32
1000e66c:	f7fb f9e4 	bl	10009a38 <WaitMs>
1000e670:	0028      	movs	r0, r5
1000e672:	f7ff fdfb 	bl	1000e26c <DispRotation>
1000e676:	f7ff fdea 	bl	1000e24e <DispInvEnable>
1000e67a:	200a      	movs	r0, #10
1000e67c:	f7fb f9dc 	bl	10009a38 <WaitMs>
1000e680:	f7ff ff84 	bl	1000e58c <DispBacklightUpdate>
1000e684:	2296      	movs	r2, #150	@ 0x96
1000e686:	2100      	movs	r1, #0
1000e688:	0292      	lsls	r2, r2, #10
1000e68a:	480e      	ldr	r0, [pc, #56]	@ (1000e6c4 <DispInit+0x128>)
1000e68c:	f7f9 fe75 	bl	1000837a <__wrap_memset>
1000e690:	f7ff ff6a 	bl	1000e568 <DispUpdateAll>
1000e694:	2029      	movs	r0, #41	@ 0x29
1000e696:	f7ff fd5f 	bl	1000e158 <DispWriteCmd>
1000e69a:	f7ff ff65 	bl	1000e568 <DispUpdateAll>
1000e69e:	bd73      	pop	{r0, r1, r4, r5, r6, pc}
1000e6a0:	4003c000 	.word	0x4003c000
1000e6a4:	016e3600 	.word	0x016e3600
1000e6a8:	4003d000 	.word	0x4003d000
1000e6ac:	00562200 	.word	0x00562200
1000e6b0:	40050010 	.word	0x40050010
1000e6b4:	40052000 	.word	0x40052000
1000e6b8:	4001c04c 	.word	0x4001c04c
1000e6bc:	4001d04c 	.word	0x4001d04c
1000e6c0:	ffffe800 	.word	0xffffe800
1000e6c4:	200014b4 	.word	0x200014b4

1000e6c8 <DispTerm>:
1000e6c8:	2296      	movs	r2, #150	@ 0x96
1000e6ca:	b510      	push	{r4, lr}
1000e6cc:	2100      	movs	r1, #0
1000e6ce:	0292      	lsls	r2, r2, #10
1000e6d0:	4810      	ldr	r0, [pc, #64]	@ (1000e714 <DispTerm+0x4c>)
1000e6d2:	f7f9 fe52 	bl	1000837a <__wrap_memset>
1000e6d6:	f7ff ff47 	bl	1000e568 <DispUpdateAll>
1000e6da:	2028      	movs	r0, #40	@ 0x28
1000e6dc:	f7ff fd3c 	bl	1000e158 <DispWriteCmd>
1000e6e0:	2201      	movs	r2, #1
1000e6e2:	4b0d      	ldr	r3, [pc, #52]	@ (1000e718 <DispTerm+0x50>)
1000e6e4:	2000      	movs	r0, #0
1000e6e6:	601a      	str	r2, [r3, #0]
1000e6e8:	f7fa fe10 	bl	1000930c <PWM_Reset>
1000e6ec:	2010      	movs	r0, #16
1000e6ee:	f7fa fbf3 	bl	10008ed8 <GPIO_Reset>
1000e6f2:	2011      	movs	r0, #17
1000e6f4:	f7fa fbf0 	bl	10008ed8 <GPIO_Reset>
1000e6f8:	2012      	movs	r0, #18
1000e6fa:	f7fa fbed 	bl	10008ed8 <GPIO_Reset>
1000e6fe:	2013      	movs	r0, #19
1000e700:	f7fa fbea 	bl	10008ed8 <GPIO_Reset>
1000e704:	2014      	movs	r0, #20
1000e706:	f7fa fbe7 	bl	10008ed8 <GPIO_Reset>
1000e70a:	2015      	movs	r0, #21
1000e70c:	f7fa fbe4 	bl	10008ed8 <GPIO_Reset>
1000e710:	bd10      	pop	{r4, pc}
1000e712:	46c0      	nop			@ (mov r8, r8)
1000e714:	200014b4 	.word	0x200014b4
1000e718:	40053000 	.word	0x40053000

1000e71c <DispDrawText>:
1000e71c:	b5f0      	push	{r4, r5, r6, r7, lr}
1000e71e:	b089      	sub	sp, #36	@ 0x24
1000e720:	001f      	movs	r7, r3
1000e722:	ab0e      	add	r3, sp, #56	@ 0x38
1000e724:	cb40      	ldmia	r3!, {r6}
1000e726:	9202      	str	r2, [sp, #8]
1000e728:	881b      	ldrh	r3, [r3, #0]
1000e72a:	000c      	movs	r4, r1
1000e72c:	9307      	str	r3, [sp, #28]
1000e72e:	ab10      	add	r3, sp, #64	@ 0x40
1000e730:	881b      	ldrh	r3, [r3, #0]
1000e732:	9005      	str	r0, [sp, #20]
1000e734:	9306      	str	r3, [sp, #24]
1000e736:	f7ff fc73 	bl	1000e020 <StrLen>
1000e73a:	4b37      	ldr	r3, [pc, #220]	@ (1000e818 <DispDrawText+0xfc>)
1000e73c:	25a0      	movs	r5, #160	@ 0xa0
1000e73e:	681b      	ldr	r3, [r3, #0]
1000e740:	9000      	str	r0, [sp, #0]
1000e742:	9301      	str	r3, [sp, #4]
1000e744:	0003      	movs	r3, r0
1000e746:	9a01      	ldr	r2, [sp, #4]
1000e748:	006d      	lsls	r5, r5, #1
1000e74a:	4353      	muls	r3, r2
1000e74c:	42ab      	cmp	r3, r5
1000e74e:	dd04      	ble.n	1000e75a <DispDrawText+0x3e>
1000e750:	0011      	movs	r1, r2
1000e752:	0028      	movs	r0, r5
1000e754:	f7f9 fd6c 	bl	10008230 <DivS32>
1000e758:	9000      	str	r0, [sp, #0]
1000e75a:	9b00      	ldr	r3, [sp, #0]
1000e75c:	9901      	ldr	r1, [sp, #4]
1000e75e:	4359      	muls	r1, r3
1000e760:	43fb      	mvns	r3, r7
1000e762:	17db      	asrs	r3, r3, #31
1000e764:	1a6d      	subs	r5, r5, r1
1000e766:	401f      	ands	r7, r3
1000e768:	42af      	cmp	r7, r5
1000e76a:	dd00      	ble.n	1000e76e <DispDrawText+0x52>
1000e76c:	002f      	movs	r7, r5
1000e76e:	43f3      	mvns	r3, r6
1000e770:	17db      	asrs	r3, r3, #31
1000e772:	401e      	ands	r6, r3
1000e774:	1bed      	subs	r5, r5, r7
1000e776:	42b5      	cmp	r5, r6
1000e778:	dd00      	ble.n	1000e77c <DispDrawText+0x60>
1000e77a:	0035      	movs	r5, r6
1000e77c:	4b27      	ldr	r3, [pc, #156]	@ (1000e81c <DispDrawText+0x100>)
1000e77e:	19c9      	adds	r1, r1, r7
1000e780:	681e      	ldr	r6, [r3, #0]
1000e782:	466b      	mov	r3, sp
1000e784:	891a      	ldrh	r2, [r3, #8]
1000e786:	b2a0      	uxth	r0, r4
1000e788:	1949      	adds	r1, r1, r5
1000e78a:	1993      	adds	r3, r2, r6
1000e78c:	1841      	adds	r1, r0, r1
1000e78e:	b29b      	uxth	r3, r3
1000e790:	b289      	uxth	r1, r1
1000e792:	f7ff fd93 	bl	1000e2bc <DispStartImg>
1000e796:	4b22      	ldr	r3, [pc, #136]	@ (1000e820 <DispDrawText+0x104>)
1000e798:	681b      	ldr	r3, [r3, #0]
1000e79a:	9304      	str	r3, [sp, #16]
1000e79c:	2e00      	cmp	r6, #0
1000e79e:	dc1b      	bgt.n	1000e7d8 <DispDrawText+0xbc>
1000e7a0:	f7ff fdd0 	bl	1000e344 <DispStopImg>
1000e7a4:	b009      	add	sp, #36	@ 0x24
1000e7a6:	bdf0      	pop	{r4, r5, r6, r7, pc}
1000e7a8:	9806      	ldr	r0, [sp, #24]
1000e7aa:	f7ff fdab 	bl	1000e304 <DispSendImg2>
1000e7ae:	3c01      	subs	r4, #1
1000e7b0:	2c00      	cmp	r4, #0
1000e7b2:	dcf9      	bgt.n	1000e7a8 <DispDrawText+0x8c>
1000e7b4:	9b05      	ldr	r3, [sp, #20]
1000e7b6:	9a00      	ldr	r2, [sp, #0]
1000e7b8:	9302      	str	r3, [sp, #8]
1000e7ba:	9b05      	ldr	r3, [sp, #20]
1000e7bc:	189b      	adds	r3, r3, r2
1000e7be:	9a02      	ldr	r2, [sp, #8]
1000e7c0:	1a9b      	subs	r3, r3, r2
1000e7c2:	2b00      	cmp	r3, #0
1000e7c4:	dc0a      	bgt.n	1000e7dc <DispDrawText+0xc0>
1000e7c6:	002c      	movs	r4, r5
1000e7c8:	2c00      	cmp	r4, #0
1000e7ca:	dc1f      	bgt.n	1000e80c <DispDrawText+0xf0>
1000e7cc:	9b04      	ldr	r3, [sp, #16]
1000e7ce:	3e01      	subs	r6, #1
1000e7d0:	3301      	adds	r3, #1
1000e7d2:	33ff      	adds	r3, #255	@ 0xff
1000e7d4:	9304      	str	r3, [sp, #16]
1000e7d6:	e7e1      	b.n	1000e79c <DispDrawText+0x80>
1000e7d8:	003c      	movs	r4, r7
1000e7da:	e7e9      	b.n	1000e7b0 <DispDrawText+0x94>
1000e7dc:	9b02      	ldr	r3, [sp, #8]
1000e7de:	9a04      	ldr	r2, [sp, #16]
1000e7e0:	781b      	ldrb	r3, [r3, #0]
1000e7e2:	5cd4      	ldrb	r4, [r2, r3]
1000e7e4:	9b01      	ldr	r3, [sp, #4]
1000e7e6:	9303      	str	r3, [sp, #12]
1000e7e8:	9b03      	ldr	r3, [sp, #12]
1000e7ea:	2b00      	cmp	r3, #0
1000e7ec:	dc02      	bgt.n	1000e7f4 <DispDrawText+0xd8>
1000e7ee:	9b02      	ldr	r3, [sp, #8]
1000e7f0:	3301      	adds	r3, #1
1000e7f2:	e7e0      	b.n	1000e7b6 <DispDrawText+0x9a>
1000e7f4:	b263      	sxtb	r3, r4
1000e7f6:	9806      	ldr	r0, [sp, #24]
1000e7f8:	2b00      	cmp	r3, #0
1000e7fa:	da00      	bge.n	1000e7fe <DispDrawText+0xe2>
1000e7fc:	9807      	ldr	r0, [sp, #28]
1000e7fe:	f7ff fd81 	bl	1000e304 <DispSendImg2>
1000e802:	9b03      	ldr	r3, [sp, #12]
1000e804:	0064      	lsls	r4, r4, #1
1000e806:	b2e4      	uxtb	r4, r4
1000e808:	3b01      	subs	r3, #1
1000e80a:	e7ec      	b.n	1000e7e6 <DispDrawText+0xca>
1000e80c:	9806      	ldr	r0, [sp, #24]
1000e80e:	f7ff fd79 	bl	1000e304 <DispSendImg2>
1000e812:	3c01      	subs	r4, #1
1000e814:	e7d8      	b.n	1000e7c8 <DispDrawText+0xac>
1000e816:	46c0      	nop			@ (mov r8, r8)
1000e818:	20000fbc 	.word	0x20000fbc
1000e81c:	20000fc0 	.word	0x20000fc0
1000e820:	20000fc4 	.word	0x20000fc4

1000e824 <DispDrawTextRow>:
1000e824:	b5f0      	push	{r4, r5, r6, r7, lr}
1000e826:	001e      	movs	r6, r3
1000e828:	b087      	sub	sp, #28
1000e82a:	ab0c      	add	r3, sp, #48	@ 0x30
1000e82c:	000d      	movs	r5, r1
1000e82e:	881f      	ldrh	r7, [r3, #0]
1000e830:	0004      	movs	r4, r0
1000e832:	9205      	str	r2, [sp, #20]
1000e834:	f7ff fbf4 	bl	1000e020 <StrLen>
1000e838:	23a0      	movs	r3, #160	@ 0xa0
1000e83a:	4a08      	ldr	r2, [pc, #32]	@ (1000e85c <DispDrawTextRow+0x38>)
1000e83c:	9702      	str	r7, [sp, #8]
1000e83e:	9601      	str	r6, [sp, #4]
1000e840:	6812      	ldr	r2, [r2, #0]
1000e842:	005b      	lsls	r3, r3, #1
1000e844:	4342      	muls	r2, r0
1000e846:	1b5b      	subs	r3, r3, r5
1000e848:	1a9b      	subs	r3, r3, r2
1000e84a:	9300      	str	r3, [sp, #0]
1000e84c:	2100      	movs	r1, #0
1000e84e:	002b      	movs	r3, r5
1000e850:	0020      	movs	r0, r4
1000e852:	9a05      	ldr	r2, [sp, #20]
1000e854:	f7ff ff62 	bl	1000e71c <DispDrawText>
1000e858:	b007      	add	sp, #28
1000e85a:	bdf0      	pop	{r4, r5, r6, r7, pc}
1000e85c:	20000fbc 	.word	0x20000fbc

1000e860 <_Z13DPSwitch141PFv>:
1000e860:	b5f0      	push	{r4, r5, r6, r7, lr}
1000e862:	27a0      	movs	r7, #160	@ 0xa0
1000e864:	2230      	movs	r2, #48	@ 0x30
1000e866:	2610      	movs	r6, #16
1000e868:	2358      	movs	r3, #88	@ 0x58
1000e86a:	2544      	movs	r5, #68	@ 0x44
1000e86c:	b087      	sub	sp, #28
1000e86e:	007f      	lsls	r7, r7, #1
1000e870:	4916      	ldr	r1, [pc, #88]	@ (1000e8cc <_Z13DPSwitch141PFv+0x6c>)
1000e872:	4817      	ldr	r0, [pc, #92]	@ (1000e8d0 <_Z13DPSwitch141PFv+0x70>)
1000e874:	9302      	str	r3, [sp, #8]
1000e876:	9200      	str	r2, [sp, #0]
1000e878:	3b54      	subs	r3, #84	@ 0x54
1000e87a:	9704      	str	r7, [sp, #16]
1000e87c:	9603      	str	r6, [sp, #12]
1000e87e:	9501      	str	r5, [sp, #4]
1000e880:	f7fd f87a 	bl	1000b978 <DrawImgPal>
1000e884:	220c      	movs	r2, #12
1000e886:	4c13      	ldr	r4, [pc, #76]	@ (1000e8d4 <_Z13DPSwitch141PFv+0x74>)
1000e888:	4913      	ldr	r1, [pc, #76]	@ (1000e8d8 <_Z13DPSwitch141PFv+0x78>)
1000e88a:	7823      	ldrb	r3, [r4, #0]
1000e88c:	4813      	ldr	r0, [pc, #76]	@ (1000e8dc <_Z13DPSwitch141PFv+0x7c>)
1000e88e:	9704      	str	r7, [sp, #16]
1000e890:	9203      	str	r2, [sp, #12]
1000e892:	9602      	str	r6, [sp, #8]
1000e894:	9501      	str	r5, [sp, #4]
1000e896:	2b07      	cmp	r3, #7
1000e898:	dd00      	ble.n	1000e89c <_Z13DPSwitch141PFv+0x3c>
1000e89a:	2307      	movs	r3, #7
1000e89c:	3307      	adds	r3, #7
1000e89e:	00db      	lsls	r3, r3, #3
1000e8a0:	9300      	str	r3, [sp, #0]
1000e8a2:	2238      	movs	r2, #56	@ 0x38
1000e8a4:	2304      	movs	r3, #4
1000e8a6:	f7fd f867 	bl	1000b978 <DrawImgPal>
1000e8aa:	4b0d      	ldr	r3, [pc, #52]	@ (1000e8e0 <_Z13DPSwitch141PFv+0x80>)
1000e8ac:	781b      	ldrb	r3, [r3, #0]
1000e8ae:	2b00      	cmp	r3, #0
1000e8b0:	d00a      	beq.n	1000e8c8 <_Z13DPSwitch141PFv+0x68>
1000e8b2:	7823      	ldrb	r3, [r4, #0]
1000e8b4:	2180      	movs	r1, #128	@ 0x80
1000e8b6:	2b03      	cmp	r3, #3
1000e8b8:	d900      	bls.n	1000e8bc <_Z13DPSwitch141PFv+0x5c>
1000e8ba:	3950      	subs	r1, #80	@ 0x50
1000e8bc:	23fc      	movs	r3, #252	@ 0xfc
1000e8be:	2244      	movs	r2, #68	@ 0x44
1000e8c0:	00db      	lsls	r3, r3, #3
1000e8c2:	0010      	movs	r0, r2
1000e8c4:	f7fc ffca 	bl	1000b85c <DrawChar>
1000e8c8:	b007      	add	sp, #28
1000e8ca:	bdf0      	pop	{r4, r5, r6, r7, pc}
1000e8cc:	10029840 	.word	0x10029840
1000e8d0:	10025c40 	.word	0x10025c40
1000e8d4:	20028442 	.word	0x20028442
1000e8d8:	1002d640 	.word	0x1002d640
1000e8dc:	10029a40 	.word	0x10029a40
1000e8e0:	20028443 	.word	0x20028443

1000e8e4 <_Z16RoundSwitch141PFv>:
1000e8e4:	2310      	movs	r3, #16
1000e8e6:	b530      	push	{r4, r5, lr}
1000e8e8:	25a0      	movs	r5, #160	@ 0xa0
1000e8ea:	2298      	movs	r2, #152	@ 0x98
1000e8ec:	b087      	sub	sp, #28
1000e8ee:	9303      	str	r3, [sp, #12]
1000e8f0:	3330      	adds	r3, #48	@ 0x30
1000e8f2:	9302      	str	r3, [sp, #8]
1000e8f4:	006d      	lsls	r5, r5, #1
1000e8f6:	3304      	adds	r3, #4
1000e8f8:	9301      	str	r3, [sp, #4]
1000e8fa:	9200      	str	r2, [sp, #0]
1000e8fc:	3b40      	subs	r3, #64	@ 0x40
1000e8fe:	4918      	ldr	r1, [pc, #96]	@ (1000e960 <_Z16RoundSwitch141PFv+0x7c>)
1000e900:	4818      	ldr	r0, [pc, #96]	@ (1000e964 <_Z16RoundSwitch141PFv+0x80>)
1000e902:	9504      	str	r5, [sp, #16]
1000e904:	f7fd f838 	bl	1000b978 <DrawImgPal>
1000e908:	4c17      	ldr	r4, [pc, #92]	@ (1000e968 <_Z16RoundSwitch141PFv+0x84>)
1000e90a:	2301      	movs	r3, #1
1000e90c:	7822      	ldrb	r2, [r4, #0]
1000e90e:	2a00      	cmp	r2, #0
1000e910:	d004      	beq.n	1000e91c <_Z16RoundSwitch141PFv+0x38>
1000e912:	7823      	ldrb	r3, [r4, #0]
1000e914:	3b01      	subs	r3, #1
1000e916:	425a      	negs	r2, r3
1000e918:	4153      	adcs	r3, r2
1000e91a:	005b      	lsls	r3, r3, #1
1000e91c:	220c      	movs	r2, #12
1000e91e:	330a      	adds	r3, #10
1000e920:	9203      	str	r2, [sp, #12]
1000e922:	3204      	adds	r2, #4
1000e924:	9202      	str	r2, [sp, #8]
1000e926:	011b      	lsls	r3, r3, #4
1000e928:	3234      	adds	r2, #52	@ 0x34
1000e92a:	9201      	str	r2, [sp, #4]
1000e92c:	9300      	str	r3, [sp, #0]
1000e92e:	490f      	ldr	r1, [pc, #60]	@ (1000e96c <_Z16RoundSwitch141PFv+0x88>)
1000e930:	2304      	movs	r3, #4
1000e932:	480f      	ldr	r0, [pc, #60]	@ (1000e970 <_Z16RoundSwitch141PFv+0x8c>)
1000e934:	9504      	str	r5, [sp, #16]
1000e936:	3a0c      	subs	r2, #12
1000e938:	f7fd f81e 	bl	1000b978 <DrawImgPal>
1000e93c:	4b0d      	ldr	r3, [pc, #52]	@ (1000e974 <_Z16RoundSwitch141PFv+0x90>)
1000e93e:	781b      	ldrb	r3, [r3, #0]
1000e940:	2b00      	cmp	r3, #0
1000e942:	d00a      	beq.n	1000e95a <_Z16RoundSwitch141PFv+0x76>
1000e944:	7823      	ldrb	r3, [r4, #0]
1000e946:	21d0      	movs	r1, #208	@ 0xd0
1000e948:	2b01      	cmp	r3, #1
1000e94a:	d100      	bne.n	1000e94e <_Z16RoundSwitch141PFv+0x6a>
1000e94c:	3938      	subs	r1, #56	@ 0x38
1000e94e:	23fc      	movs	r3, #252	@ 0xfc
1000e950:	2244      	movs	r2, #68	@ 0x44
1000e952:	2057      	movs	r0, #87	@ 0x57
1000e954:	00db      	lsls	r3, r3, #3
1000e956:	f7fc ff81 	bl	1000b85c <DrawChar>
1000e95a:	b007      	add	sp, #28
1000e95c:	bd30      	pop	{r4, r5, pc}
1000e95e:	46c0      	nop			@ (mov r8, r8)
1000e960:	10029840 	.word	0x10029840
1000e964:	10025c40 	.word	0x10025c40
1000e968:	2002845d 	.word	0x2002845d
1000e96c:	1002d640 	.word	0x1002d640
1000e970:	10029a40 	.word	0x10029a40
1000e974:	20028443 	.word	0x20028443

1000e978 <_Z10PressedBtni>:
1000e978:	4b16      	ldr	r3, [pc, #88]	@ (1000e9d4 <_Z10PressedBtni+0x5c>)
1000e97a:	b570      	push	{r4, r5, r6, lr}
1000e97c:	681b      	ldr	r3, [r3, #0]
1000e97e:	0005      	movs	r5, r0
1000e980:	2400      	movs	r4, #0
1000e982:	4283      	cmp	r3, r0
1000e984:	d10f      	bne.n	1000e9a6 <_Z10PressedBtni+0x2e>
1000e986:	4b14      	ldr	r3, [pc, #80]	@ (1000e9d8 <_Z10PressedBtni+0x60>)
1000e988:	781b      	ldrb	r3, [r3, #0]
1000e98a:	42a3      	cmp	r3, r4
1000e98c:	d10b      	bne.n	1000e9a6 <_Z10PressedBtni+0x2e>
1000e98e:	2007      	movs	r0, #7
1000e990:	f7f9 fdac 	bl	100084ec <KeyPressed>
1000e994:	3401      	adds	r4, #1
1000e996:	2800      	cmp	r0, #0
1000e998:	d105      	bne.n	1000e9a6 <_Z10PressedBtni+0x2e>
1000e99a:	3004      	adds	r0, #4
1000e99c:	f7fc fb0e 	bl	1000afbc <UsbKeyIsPressed>
1000e9a0:	1e43      	subs	r3, r0, #1
1000e9a2:	4198      	sbcs	r0, r3
1000e9a4:	b2c4      	uxtb	r4, r0
1000e9a6:	230c      	movs	r3, #12
1000e9a8:	436b      	muls	r3, r5
1000e9aa:	4e0c      	ldr	r6, [pc, #48]	@ (1000e9dc <_Z10PressedBtni+0x64>)
1000e9ac:	18f3      	adds	r3, r6, r3
1000e9ae:	7898      	ldrb	r0, [r3, #2]
1000e9b0:	2800      	cmp	r0, #0
1000e9b2:	d003      	beq.n	1000e9bc <_Z10PressedBtni+0x44>
1000e9b4:	f7fc fb02 	bl	1000afbc <UsbKeyIsPressed>
1000e9b8:	4304      	orrs	r4, r0
1000e9ba:	b2e4      	uxtb	r4, r4
1000e9bc:	230c      	movs	r3, #12
1000e9be:	436b      	muls	r3, r5
1000e9c0:	18f6      	adds	r6, r6, r3
1000e9c2:	78f0      	ldrb	r0, [r6, #3]
1000e9c4:	2800      	cmp	r0, #0
1000e9c6:	d003      	beq.n	1000e9d0 <_Z10PressedBtni+0x58>
1000e9c8:	f7fc faf8 	bl	1000afbc <UsbKeyIsPressed>
1000e9cc:	4304      	orrs	r4, r0
1000e9ce:	b2e4      	uxtb	r4, r4
1000e9d0:	0020      	movs	r0, r4
1000e9d2:	bd70      	pop	{r4, r5, r6, pc}
1000e9d4:	20001004 	.word	0x20001004
1000e9d8:	20028443 	.word	0x20028443
1000e9dc:	100115f4 	.word	0x100115f4

1000e9e0 <_Z7DispBtnih>:
1000e9e0:	b5f0      	push	{r4, r5, r6, r7, lr}
1000e9e2:	0004      	movs	r4, r0
1000e9e4:	000d      	movs	r5, r1
1000e9e6:	b089      	sub	sp, #36	@ 0x24
1000e9e8:	281f      	cmp	r0, #31
1000e9ea:	dc07      	bgt.n	1000e9fc <_Z7DispBtnih+0x1c>
1000e9ec:	2301      	movs	r3, #1
1000e9ee:	4951      	ldr	r1, [pc, #324]	@ (1000eb34 <_Z7DispBtnih+0x154>)
1000e9f0:	4083      	lsls	r3, r0
1000e9f2:	680a      	ldr	r2, [r1, #0]
1000e9f4:	2d00      	cmp	r5, #0
1000e9f6:	d041      	beq.n	1000ea7c <_Z7DispBtnih+0x9c>
1000e9f8:	4313      	orrs	r3, r2
1000e9fa:	600b      	str	r3, [r1, #0]
1000e9fc:	4b4e      	ldr	r3, [pc, #312]	@ (1000eb38 <_Z7DispBtnih+0x158>)
1000e9fe:	5d1e      	ldrb	r6, [r3, r4]
1000ea00:	551d      	strb	r5, [r3, r4]
1000ea02:	2d00      	cmp	r5, #0
1000ea04:	d005      	beq.n	1000ea12 <_Z7DispBtnih+0x32>
1000ea06:	2e00      	cmp	r6, #0
1000ea08:	d103      	bne.n	1000ea12 <_Z7DispBtnih+0x32>
1000ea0a:	484c      	ldr	r0, [pc, #304]	@ (1000eb3c <_Z7DispBtnih+0x15c>)
1000ea0c:	494c      	ldr	r1, [pc, #304]	@ (1000eb40 <_Z7DispBtnih+0x160>)
1000ea0e:	f7ff f93f 	bl	1000dc90 <PlaySound>
1000ea12:	2c28      	cmp	r4, #40	@ 0x28
1000ea14:	d135      	bne.n	1000ea82 <_Z7DispBtnih+0xa2>
1000ea16:	4b4b      	ldr	r3, [pc, #300]	@ (1000eb44 <_Z7DispBtnih+0x164>)
1000ea18:	701d      	strb	r5, [r3, #0]
1000ea1a:	210c      	movs	r1, #12
1000ea1c:	4361      	muls	r1, r4
1000ea1e:	4b4a      	ldr	r3, [pc, #296]	@ (1000eb48 <_Z7DispBtnih+0x168>)
1000ea20:	5cca      	ldrb	r2, [r1, r3]
1000ea22:	2a00      	cmp	r2, #0
1000ea24:	d03f      	beq.n	1000eaa6 <_Z7DispBtnih+0xc6>
1000ea26:	185b      	adds	r3, r3, r1
1000ea28:	785b      	ldrb	r3, [r3, #1]
1000ea2a:	9307      	str	r3, [sp, #28]
1000ea2c:	2c28      	cmp	r4, #40	@ 0x28
1000ea2e:	d15d      	bne.n	1000eaec <_Z7DispBtnih+0x10c>
1000ea30:	23a0      	movs	r3, #160	@ 0xa0
1000ea32:	005b      	lsls	r3, r3, #1
1000ea34:	2d00      	cmp	r5, #0
1000ea36:	d04d      	beq.n	1000ead4 <_Z7DispBtnih+0xf4>
1000ea38:	9304      	str	r3, [sp, #16]
1000ea3a:	9b07      	ldr	r3, [sp, #28]
1000ea3c:	9202      	str	r2, [sp, #8]
1000ea3e:	9303      	str	r3, [sp, #12]
1000ea40:	2200      	movs	r2, #0
1000ea42:	2340      	movs	r3, #64	@ 0x40
1000ea44:	9301      	str	r3, [sp, #4]
1000ea46:	0013      	movs	r3, r2
1000ea48:	4940      	ldr	r1, [pc, #256]	@ (1000eb4c <_Z7DispBtnih+0x16c>)
1000ea4a:	4841      	ldr	r0, [pc, #260]	@ (1000eb50 <_Z7DispBtnih+0x170>)
1000ea4c:	9200      	str	r2, [sp, #0]
1000ea4e:	f7fc ff93 	bl	1000b978 <DrawImgPal>
1000ea52:	2740      	movs	r7, #64	@ 0x40
1000ea54:	2600      	movs	r6, #0
1000ea56:	4b3f      	ldr	r3, [pc, #252]	@ (1000eb54 <_Z7DispBtnih+0x174>)
1000ea58:	781b      	ldrb	r3, [r3, #0]
1000ea5a:	2b00      	cmp	r3, #0
1000ea5c:	d023      	beq.n	1000eaa6 <_Z7DispBtnih+0xc6>
1000ea5e:	220c      	movs	r2, #12
1000ea60:	4362      	muls	r2, r4
1000ea62:	4b39      	ldr	r3, [pc, #228]	@ (1000eb48 <_Z7DispBtnih+0x168>)
1000ea64:	189b      	adds	r3, r3, r2
1000ea66:	6858      	ldr	r0, [r3, #4]
1000ea68:	2800      	cmp	r0, #0
1000ea6a:	d01c      	beq.n	1000eaa6 <_Z7DispBtnih+0xc6>
1000ea6c:	9a07      	ldr	r2, [sp, #28]
1000ea6e:	891b      	ldrh	r3, [r3, #8]
1000ea70:	18ba      	adds	r2, r7, r2
1000ea72:	3a0d      	subs	r2, #13
1000ea74:	1c71      	adds	r1, r6, #1
1000ea76:	f7fc ff69 	bl	1000b94c <DrawText>
1000ea7a:	e014      	b.n	1000eaa6 <_Z7DispBtnih+0xc6>
1000ea7c:	439a      	bics	r2, r3
1000ea7e:	600a      	str	r2, [r1, #0]
1000ea80:	e7bc      	b.n	1000e9fc <_Z7DispBtnih+0x1c>
1000ea82:	2c20      	cmp	r4, #32
1000ea84:	d113      	bne.n	1000eaae <_Z7DispBtnih+0xce>
1000ea86:	2d00      	cmp	r5, #0
1000ea88:	d00b      	beq.n	1000eaa2 <_Z7DispBtnih+0xc2>
1000ea8a:	2e00      	cmp	r6, #0
1000ea8c:	d109      	bne.n	1000eaa2 <_Z7DispBtnih+0xc2>
1000ea8e:	4a32      	ldr	r2, [pc, #200]	@ (1000eb58 <_Z7DispBtnih+0x178>)
1000ea90:	7813      	ldrb	r3, [r2, #0]
1000ea92:	3301      	adds	r3, #1
1000ea94:	b2db      	uxtb	r3, r3
1000ea96:	2b07      	cmp	r3, #7
1000ea98:	d007      	beq.n	1000eaaa <_Z7DispBtnih+0xca>
1000ea9a:	2b08      	cmp	r3, #8
1000ea9c:	d800      	bhi.n	1000eaa0 <_Z7DispBtnih+0xc0>
1000ea9e:	001e      	movs	r6, r3
1000eaa0:	7016      	strb	r6, [r2, #0]
1000eaa2:	f7ff fedd 	bl	1000e860 <_Z13DPSwitch141PFv>
1000eaa6:	b009      	add	sp, #36	@ 0x24
1000eaa8:	bdf0      	pop	{r4, r5, r6, r7, pc}
1000eaaa:	2608      	movs	r6, #8
1000eaac:	e7f8      	b.n	1000eaa0 <_Z7DispBtnih+0xc0>
1000eaae:	2c24      	cmp	r4, #36	@ 0x24
1000eab0:	d1b3      	bne.n	1000ea1a <_Z7DispBtnih+0x3a>
1000eab2:	2d00      	cmp	r5, #0
1000eab4:	d00b      	beq.n	1000eace <_Z7DispBtnih+0xee>
1000eab6:	2e00      	cmp	r6, #0
1000eab8:	d109      	bne.n	1000eace <_Z7DispBtnih+0xee>
1000eaba:	4b28      	ldr	r3, [pc, #160]	@ (1000eb5c <_Z7DispBtnih+0x17c>)
1000eabc:	781a      	ldrb	r2, [r3, #0]
1000eabe:	b2d1      	uxtb	r1, r2
1000eac0:	2a08      	cmp	r2, #8
1000eac2:	d003      	beq.n	1000eacc <_Z7DispBtnih+0xec>
1000eac4:	3608      	adds	r6, #8
1000eac6:	2900      	cmp	r1, #0
1000eac8:	d100      	bne.n	1000eacc <_Z7DispBtnih+0xec>
1000eaca:	3e07      	subs	r6, #7
1000eacc:	701e      	strb	r6, [r3, #0]
1000eace:	f7ff ff09 	bl	1000e8e4 <_Z16RoundSwitch141PFv>
1000ead2:	e7e8      	b.n	1000eaa6 <_Z7DispBtnih+0xc6>
1000ead4:	9304      	str	r3, [sp, #16]
1000ead6:	9b07      	ldr	r3, [sp, #28]
1000ead8:	9202      	str	r2, [sp, #8]
1000eada:	9303      	str	r3, [sp, #12]
1000eadc:	2340      	movs	r3, #64	@ 0x40
1000eade:	002a      	movs	r2, r5
1000eae0:	9301      	str	r3, [sp, #4]
1000eae2:	491f      	ldr	r1, [pc, #124]	@ (1000eb60 <_Z7DispBtnih+0x180>)
1000eae4:	002b      	movs	r3, r5
1000eae6:	481f      	ldr	r0, [pc, #124]	@ (1000eb64 <_Z7DispBtnih+0x184>)
1000eae8:	9500      	str	r5, [sp, #0]
1000eaea:	e7b0      	b.n	1000ea4e <_Z7DispBtnih+0x6e>
1000eaec:	4b1e      	ldr	r3, [pc, #120]	@ (1000eb68 <_Z7DispBtnih+0x188>)
1000eaee:	10a1      	asrs	r1, r4, #2
1000eaf0:	0089      	lsls	r1, r1, #2
1000eaf2:	58ce      	ldr	r6, [r1, r3]
1000eaf4:	2303      	movs	r3, #3
1000eaf6:	491d      	ldr	r1, [pc, #116]	@ (1000eb6c <_Z7DispBtnih+0x18c>)
1000eaf8:	4023      	ands	r3, r4
1000eafa:	009b      	lsls	r3, r3, #2
1000eafc:	585f      	ldr	r7, [r3, r1]
1000eafe:	2c0b      	cmp	r4, #11
1000eb00:	d100      	bne.n	1000eb04 <_Z7DispBtnih+0x124>
1000eb02:	3e20      	subs	r6, #32
1000eb04:	21a0      	movs	r1, #160	@ 0xa0
1000eb06:	003b      	movs	r3, r7
1000eb08:	0049      	lsls	r1, r1, #1
1000eb0a:	468c      	mov	ip, r1
1000eb0c:	3b70      	subs	r3, #112	@ 0x70
1000eb0e:	2d00      	cmp	r5, #0
1000eb10:	d00c      	beq.n	1000eb2c <_Z7DispBtnih+0x14c>
1000eb12:	4917      	ldr	r1, [pc, #92]	@ (1000eb70 <_Z7DispBtnih+0x190>)
1000eb14:	4817      	ldr	r0, [pc, #92]	@ (1000eb74 <_Z7DispBtnih+0x194>)
1000eb16:	4665      	mov	r5, ip
1000eb18:	9504      	str	r5, [sp, #16]
1000eb1a:	9d07      	ldr	r5, [sp, #28]
1000eb1c:	9202      	str	r2, [sp, #8]
1000eb1e:	9503      	str	r5, [sp, #12]
1000eb20:	0032      	movs	r2, r6
1000eb22:	9701      	str	r7, [sp, #4]
1000eb24:	9600      	str	r6, [sp, #0]
1000eb26:	f7fc ff27 	bl	1000b978 <DrawImgPal>
1000eb2a:	e794      	b.n	1000ea56 <_Z7DispBtnih+0x76>
1000eb2c:	4912      	ldr	r1, [pc, #72]	@ (1000eb78 <_Z7DispBtnih+0x198>)
1000eb2e:	4813      	ldr	r0, [pc, #76]	@ (1000eb7c <_Z7DispBtnih+0x19c>)
1000eb30:	e7f1      	b.n	1000eb16 <_Z7DispBtnih+0x136>
1000eb32:	46c0      	nop			@ (mov r8, r8)
1000eb34:	20026cc8 	.word	0x20026cc8
1000eb38:	20028471 	.word	0x20028471
1000eb3c:	1004107e 	.word	0x1004107e
1000eb40:	00000372 	.word	0x00000372
1000eb44:	20028441 	.word	0x20028441
1000eb48:	100115f4 	.word	0x100115f4
1000eb4c:	1002d640 	.word	0x1002d640
1000eb50:	10029a40 	.word	0x10029a40
1000eb54:	20028443 	.word	0x20028443
1000eb58:	20028442 	.word	0x20028442
1000eb5c:	2002845d 	.word	0x2002845d
1000eb60:	10029840 	.word	0x10029840
1000eb64:	10025c40 	.word	0x10025c40
1000eb68:	100117f0 	.word	0x100117f0
1000eb6c:	100117e0 	.word	0x100117e0
1000eb70:	10025a40 	.word	0x10025a40
1000eb74:	1001ba40 	.word	0x1001ba40
1000eb78:	1001b840 	.word	0x1001b840
1000eb7c:	10011840 	.word	0x10011840

1000eb80 <_Z10DispKeySeli>:
1000eb80:	b537      	push	{r0, r1, r2, r4, r5, lr}
1000eb82:	0004      	movs	r4, r0
1000eb84:	2820      	cmp	r0, #32
1000eb86:	d026      	beq.n	1000ebd6 <_Z10DispKeySeli+0x56>
1000eb88:	2824      	cmp	r0, #36	@ 0x24
1000eb8a:	d029      	beq.n	1000ebe0 <_Z10DispKeySeli+0x60>
1000eb8c:	210c      	movs	r1, #12
1000eb8e:	4341      	muls	r1, r0
1000eb90:	4b17      	ldr	r3, [pc, #92]	@ (1000ebf0 <_Z10DispKeySeli+0x70>)
1000eb92:	5cca      	ldrb	r2, [r1, r3]
1000eb94:	185b      	adds	r3, r3, r1
1000eb96:	785b      	ldrb	r3, [r3, #1]
1000eb98:	2a00      	cmp	r2, #0
1000eb9a:	d01b      	beq.n	1000ebd4 <_Z10DispKeySeli+0x54>
1000eb9c:	2828      	cmp	r0, #40	@ 0x28
1000eb9e:	d024      	beq.n	1000ebea <_Z10DispKeySeli+0x6a>
1000eba0:	4914      	ldr	r1, [pc, #80]	@ (1000ebf4 <_Z10DispKeySeli+0x74>)
1000eba2:	1080      	asrs	r0, r0, #2
1000eba4:	0080      	lsls	r0, r0, #2
1000eba6:	5840      	ldr	r0, [r0, r1]
1000eba8:	2103      	movs	r1, #3
1000ebaa:	4d13      	ldr	r5, [pc, #76]	@ (1000ebf8 <_Z10DispKeySeli+0x78>)
1000ebac:	4021      	ands	r1, r4
1000ebae:	0089      	lsls	r1, r1, #2
1000ebb0:	5949      	ldr	r1, [r1, r5]
1000ebb2:	2c0b      	cmp	r4, #11
1000ebb4:	d100      	bne.n	1000ebb8 <_Z10DispKeySeli+0x38>
1000ebb6:	3820      	subs	r0, #32
1000ebb8:	2403      	movs	r4, #3
1000ebba:	9401      	str	r4, [sp, #4]
1000ebbc:	24fc      	movs	r4, #252	@ 0xfc
1000ebbe:	00e4      	lsls	r4, r4, #3
1000ebc0:	9400      	str	r4, [sp, #0]
1000ebc2:	f7fc fde3 	bl	1000b78c <DrawFrameW>
1000ebc6:	2201      	movs	r2, #1
1000ebc8:	4b0c      	ldr	r3, [pc, #48]	@ (1000ebfc <_Z10DispKeySeli+0x7c>)
1000ebca:	701a      	strb	r2, [r3, #0]
1000ebcc:	4b0c      	ldr	r3, [pc, #48]	@ (1000ec00 <_Z10DispKeySeli+0x80>)
1000ebce:	6a9a      	ldr	r2, [r3, #40]	@ 0x28
1000ebd0:	4b0c      	ldr	r3, [pc, #48]	@ (1000ec04 <_Z10DispKeySeli+0x84>)
1000ebd2:	601a      	str	r2, [r3, #0]
1000ebd4:	bd37      	pop	{r0, r1, r2, r4, r5, pc}
1000ebd6:	2310      	movs	r3, #16
1000ebd8:	2258      	movs	r2, #88	@ 0x58
1000ebda:	2144      	movs	r1, #68	@ 0x44
1000ebdc:	2030      	movs	r0, #48	@ 0x30
1000ebde:	e7eb      	b.n	1000ebb8 <_Z10DispKeySeli+0x38>
1000ebe0:	2310      	movs	r3, #16
1000ebe2:	2240      	movs	r2, #64	@ 0x40
1000ebe4:	2144      	movs	r1, #68	@ 0x44
1000ebe6:	2098      	movs	r0, #152	@ 0x98
1000ebe8:	e7e6      	b.n	1000ebb8 <_Z10DispKeySeli+0x38>
1000ebea:	2140      	movs	r1, #64	@ 0x40
1000ebec:	2000      	movs	r0, #0
1000ebee:	e7e3      	b.n	1000ebb8 <_Z10DispKeySeli+0x38>
1000ebf0:	100115f4 	.word	0x100115f4
1000ebf4:	100117f0 	.word	0x100117f0
1000ebf8:	100117e0 	.word	0x100117e0
1000ebfc:	20028444 	.word	0x20028444
1000ec00:	40054000 	.word	0x40054000
1000ec04:	20026cb8 	.word	0x20026cb8

1000ec08 <_Z10CtrlKeySelh>:
1000ec08:	b5f7      	push	{r0, r1, r2, r4, r5, r6, r7, lr}
1000ec0a:	4b7c      	ldr	r3, [pc, #496]	@ (1000edfc <_Z10CtrlKeySelh+0x1f4>)
1000ec0c:	9001      	str	r0, [sp, #4]
1000ec0e:	781b      	ldrb	r3, [r3, #0]
1000ec10:	2b00      	cmp	r3, #0
1000ec12:	d15d      	bne.n	1000ecd0 <_Z10CtrlKeySelh+0xc8>
1000ec14:	220c      	movs	r2, #12
1000ec16:	4f7a      	ldr	r7, [pc, #488]	@ (1000ee00 <_Z10CtrlKeySelh+0x1f8>)
1000ec18:	4b7a      	ldr	r3, [pc, #488]	@ (1000ee04 <_Z10CtrlKeySelh+0x1fc>)
1000ec1a:	683c      	ldr	r4, [r7, #0]
1000ec1c:	497a      	ldr	r1, [pc, #488]	@ (1000ee08 <_Z10CtrlKeySelh+0x200>)
1000ec1e:	4362      	muls	r2, r4
1000ec20:	5ad3      	ldrh	r3, [r2, r3]
1000ec22:	428b      	cmp	r3, r1
1000ec24:	d101      	bne.n	1000ec2a <_Z10CtrlKeySelh+0x22>
1000ec26:	4b79      	ldr	r3, [pc, #484]	@ (1000ee0c <_Z10CtrlKeySelh+0x204>)
1000ec28:	601c      	str	r4, [r3, #0]
1000ec2a:	0020      	movs	r0, r4
1000ec2c:	f7ff fea4 	bl	1000e978 <_Z10PressedBtni>
1000ec30:	4b77      	ldr	r3, [pc, #476]	@ (1000ee10 <_Z10CtrlKeySelh+0x208>)
1000ec32:	4a78      	ldr	r2, [pc, #480]	@ (1000ee14 <_Z10CtrlKeySelh+0x20c>)
1000ec34:	6a9b      	ldr	r3, [r3, #40]	@ 0x28
1000ec36:	6812      	ldr	r2, [r2, #0]
1000ec38:	2101      	movs	r1, #1
1000ec3a:	1a9b      	subs	r3, r3, r2
1000ec3c:	2280      	movs	r2, #128	@ 0x80
1000ec3e:	02d2      	lsls	r2, r2, #11
1000ec40:	4013      	ands	r3, r2
1000ec42:	4d75      	ldr	r5, [pc, #468]	@ (1000ee18 <_Z10CtrlKeySelh+0x210>)
1000ec44:	035a      	lsls	r2, r3, #13
1000ec46:	0fd2      	lsrs	r2, r2, #31
1000ec48:	404a      	eors	r2, r1
1000ec4a:	7829      	ldrb	r1, [r5, #0]
1000ec4c:	0006      	movs	r6, r0
1000ec4e:	4291      	cmp	r1, r2
1000ec50:	d103      	bne.n	1000ec5a <_Z10CtrlKeySelh+0x52>
1000ec52:	4972      	ldr	r1, [pc, #456]	@ (1000ee1c <_Z10CtrlKeySelh+0x214>)
1000ec54:	5d09      	ldrb	r1, [r1, r4]
1000ec56:	4281      	cmp	r1, r0
1000ec58:	d00f      	beq.n	1000ec7a <_Z10CtrlKeySelh+0x72>
1000ec5a:	702a      	strb	r2, [r5, #0]
1000ec5c:	2b00      	cmp	r3, #0
1000ec5e:	d115      	bne.n	1000ec8c <_Z10CtrlKeySelh+0x84>
1000ec60:	4b6e      	ldr	r3, [pc, #440]	@ (1000ee1c <_Z10CtrlKeySelh+0x214>)
1000ec62:	5d1b      	ldrb	r3, [r3, r4]
1000ec64:	42b3      	cmp	r3, r6
1000ec66:	d003      	beq.n	1000ec70 <_Z10CtrlKeySelh+0x68>
1000ec68:	0031      	movs	r1, r6
1000ec6a:	0020      	movs	r0, r4
1000ec6c:	f7ff feb8 	bl	1000e9e0 <_Z7DispBtnih>
1000ec70:	0020      	movs	r0, r4
1000ec72:	f7ff ff85 	bl	1000eb80 <_Z10DispKeySeli>
1000ec76:	f7ff fc13 	bl	1000e4a0 <DispUpdate>
1000ec7a:	9801      	ldr	r0, [sp, #4]
1000ec7c:	3801      	subs	r0, #1
1000ec7e:	2803      	cmp	r0, #3
1000ec80:	d826      	bhi.n	1000ecd0 <_Z10CtrlKeySelh+0xc8>
1000ec82:	782b      	ldrb	r3, [r5, #0]
1000ec84:	f000 fb74 	bl	1000f370 <____gnu_thumb1_case_uqi_veneer>
1000ec88:	89300756 	.word	0x89300756
1000ec8c:	0031      	movs	r1, r6
1000ec8e:	0020      	movs	r0, r4
1000ec90:	f7ff fea6 	bl	1000e9e0 <_Z7DispBtnih>
1000ec94:	e7ef      	b.n	1000ec76 <_Z10CtrlKeySelh+0x6e>
1000ec96:	2b00      	cmp	r3, #0
1000ec98:	d005      	beq.n	1000eca6 <_Z10CtrlKeySelh+0x9e>
1000ec9a:	0031      	movs	r1, r6
1000ec9c:	0020      	movs	r0, r4
1000ec9e:	f7ff fe9f 	bl	1000e9e0 <_Z7DispBtnih>
1000eca2:	2300      	movs	r3, #0
1000eca4:	702b      	strb	r3, [r5, #0]
1000eca6:	2024      	movs	r0, #36	@ 0x24
1000eca8:	2c28      	cmp	r4, #40	@ 0x28
1000ecaa:	d00c      	beq.n	1000ecc6 <_Z10CtrlKeySelh+0xbe>
1000ecac:	3004      	adds	r0, #4
1000ecae:	2c20      	cmp	r4, #32
1000ecb0:	d009      	beq.n	1000ecc6 <_Z10CtrlKeySelh+0xbe>
1000ecb2:	3808      	subs	r0, #8
1000ecb4:	2c24      	cmp	r4, #36	@ 0x24
1000ecb6:	d006      	beq.n	1000ecc6 <_Z10CtrlKeySelh+0xbe>
1000ecb8:	2c0d      	cmp	r4, #13
1000ecba:	d10a      	bne.n	1000ecd2 <_Z10CtrlKeySelh+0xca>
1000ecbc:	4b53      	ldr	r3, [pc, #332]	@ (1000ee0c <_Z10CtrlKeySelh+0x204>)
1000ecbe:	6818      	ldr	r0, [r3, #0]
1000ecc0:	0780      	lsls	r0, r0, #30
1000ecc2:	0fc0      	lsrs	r0, r0, #31
1000ecc4:	3011      	adds	r0, #17
1000ecc6:	6038      	str	r0, [r7, #0]
1000ecc8:	f7ff ff5a 	bl	1000eb80 <_Z10DispKeySeli>
1000eccc:	f7ff fbe8 	bl	1000e4a0 <DispUpdate>
1000ecd0:	bdf7      	pop	{r0, r1, r2, r4, r5, r6, r7, pc}
1000ecd2:	1d20      	adds	r0, r4, #4
1000ecd4:	2c0a      	cmp	r4, #10
1000ecd6:	d029      	beq.n	1000ed2c <_Z10CtrlKeySelh+0x124>
1000ecd8:	280f      	cmp	r0, #15
1000ecda:	d003      	beq.n	1000ece4 <_Z10CtrlKeySelh+0xdc>
1000ecdc:	281f      	cmp	r0, #31
1000ecde:	ddf2      	ble.n	1000ecc6 <_Z10CtrlKeySelh+0xbe>
1000ece0:	3820      	subs	r0, #32
1000ece2:	e7f0      	b.n	1000ecc6 <_Z10CtrlKeySelh+0xbe>
1000ece4:	2013      	movs	r0, #19
1000ece6:	e7ee      	b.n	1000ecc6 <_Z10CtrlKeySelh+0xbe>
1000ece8:	2b00      	cmp	r3, #0
1000ecea:	d005      	beq.n	1000ecf8 <_Z10CtrlKeySelh+0xf0>
1000ecec:	0031      	movs	r1, r6
1000ecee:	0020      	movs	r0, r4
1000ecf0:	f7ff fe76 	bl	1000e9e0 <_Z7DispBtnih>
1000ecf4:	2300      	movs	r3, #0
1000ecf6:	702b      	strb	r3, [r5, #0]
1000ecf8:	2020      	movs	r0, #32
1000ecfa:	2c28      	cmp	r4, #40	@ 0x28
1000ecfc:	d0e3      	beq.n	1000ecc6 <_Z10CtrlKeySelh+0xbe>
1000ecfe:	3004      	adds	r0, #4
1000ed00:	2c20      	cmp	r4, #32
1000ed02:	d0e0      	beq.n	1000ecc6 <_Z10CtrlKeySelh+0xbe>
1000ed04:	3004      	adds	r0, #4
1000ed06:	2c24      	cmp	r4, #36	@ 0x24
1000ed08:	d0dd      	beq.n	1000ecc6 <_Z10CtrlKeySelh+0xbe>
1000ed0a:	2c0d      	cmp	r4, #13
1000ed0c:	d105      	bne.n	1000ed1a <_Z10CtrlKeySelh+0x112>
1000ed0e:	4b3f      	ldr	r3, [pc, #252]	@ (1000ee0c <_Z10CtrlKeySelh+0x204>)
1000ed10:	6818      	ldr	r0, [r3, #0]
1000ed12:	0780      	lsls	r0, r0, #30
1000ed14:	0fc0      	lsrs	r0, r0, #31
1000ed16:	3009      	adds	r0, #9
1000ed18:	e7d5      	b.n	1000ecc6 <_Z10CtrlKeySelh+0xbe>
1000ed1a:	1f20      	subs	r0, r4, #4
1000ed1c:	2c12      	cmp	r4, #18
1000ed1e:	d005      	beq.n	1000ed2c <_Z10CtrlKeySelh+0x124>
1000ed20:	280f      	cmp	r0, #15
1000ed22:	d005      	beq.n	1000ed30 <_Z10CtrlKeySelh+0x128>
1000ed24:	2800      	cmp	r0, #0
1000ed26:	dace      	bge.n	1000ecc6 <_Z10CtrlKeySelh+0xbe>
1000ed28:	3020      	adds	r0, #32
1000ed2a:	e7cc      	b.n	1000ecc6 <_Z10CtrlKeySelh+0xbe>
1000ed2c:	200d      	movs	r0, #13
1000ed2e:	e7ca      	b.n	1000ecc6 <_Z10CtrlKeySelh+0xbe>
1000ed30:	200b      	movs	r0, #11
1000ed32:	e7c8      	b.n	1000ecc6 <_Z10CtrlKeySelh+0xbe>
1000ed34:	2b00      	cmp	r3, #0
1000ed36:	d005      	beq.n	1000ed44 <_Z10CtrlKeySelh+0x13c>
1000ed38:	0031      	movs	r1, r6
1000ed3a:	0020      	movs	r0, r4
1000ed3c:	f7ff fe50 	bl	1000e9e0 <_Z7DispBtnih>
1000ed40:	2300      	movs	r3, #0
1000ed42:	702b      	strb	r3, [r5, #0]
1000ed44:	201f      	movs	r0, #31
1000ed46:	2c28      	cmp	r4, #40	@ 0x28
1000ed48:	d0bd      	beq.n	1000ecc6 <_Z10CtrlKeySelh+0xbe>
1000ed4a:	2c20      	cmp	r4, #32
1000ed4c:	d109      	bne.n	1000ed62 <_Z10CtrlKeySelh+0x15a>
1000ed4e:	4b2f      	ldr	r3, [pc, #188]	@ (1000ee0c <_Z10CtrlKeySelh+0x204>)
1000ed50:	3804      	subs	r0, #4
1000ed52:	681b      	ldr	r3, [r3, #0]
1000ed54:	2b17      	cmp	r3, #23
1000ed56:	dcb6      	bgt.n	1000ecc6 <_Z10CtrlKeySelh+0xbe>
1000ed58:	3804      	subs	r0, #4
1000ed5a:	2b13      	cmp	r3, #19
1000ed5c:	dcb3      	bgt.n	1000ecc6 <_Z10CtrlKeySelh+0xbe>
1000ed5e:	3804      	subs	r0, #4
1000ed60:	e7b1      	b.n	1000ecc6 <_Z10CtrlKeySelh+0xbe>
1000ed62:	200b      	movs	r0, #11
1000ed64:	2c24      	cmp	r4, #36	@ 0x24
1000ed66:	d0ae      	beq.n	1000ecc6 <_Z10CtrlKeySelh+0xbe>
1000ed68:	2303      	movs	r3, #3
1000ed6a:	421c      	tst	r4, r3
1000ed6c:	d10b      	bne.n	1000ed86 <_Z10CtrlKeySelh+0x17e>
1000ed6e:	301d      	adds	r0, #29
1000ed70:	2c1b      	cmp	r4, #27
1000ed72:	dca8      	bgt.n	1000ecc6 <_Z10CtrlKeySelh+0xbe>
1000ed74:	3808      	subs	r0, #8
1000ed76:	2c0f      	cmp	r4, #15
1000ed78:	dca5      	bgt.n	1000ecc6 <_Z10CtrlKeySelh+0xbe>
1000ed7a:	3004      	adds	r0, #4
1000ed7c:	2c07      	cmp	r4, #7
1000ed7e:	dca2      	bgt.n	1000ecc6 <_Z10CtrlKeySelh+0xbe>
1000ed80:	4323      	orrs	r3, r4
1000ed82:	0018      	movs	r0, r3
1000ed84:	e79f      	b.n	1000ecc6 <_Z10CtrlKeySelh+0xbe>
1000ed86:	1e60      	subs	r0, r4, #1
1000ed88:	2c0b      	cmp	r4, #11
1000ed8a:	d19c      	bne.n	1000ecc6 <_Z10CtrlKeySelh+0xbe>
1000ed8c:	4b1f      	ldr	r3, [pc, #124]	@ (1000ee0c <_Z10CtrlKeySelh+0x204>)
1000ed8e:	200a      	movs	r0, #10
1000ed90:	681b      	ldr	r3, [r3, #0]
1000ed92:	2b0b      	cmp	r3, #11
1000ed94:	dd97      	ble.n	1000ecc6 <_Z10CtrlKeySelh+0xbe>
1000ed96:	3003      	adds	r0, #3
1000ed98:	e795      	b.n	1000ecc6 <_Z10CtrlKeySelh+0xbe>
1000ed9a:	2b00      	cmp	r3, #0
1000ed9c:	d005      	beq.n	1000edaa <_Z10CtrlKeySelh+0x1a2>
1000ed9e:	0031      	movs	r1, r6
1000eda0:	0020      	movs	r0, r4
1000eda2:	f7ff fe1d 	bl	1000e9e0 <_Z7DispBtnih>
1000eda6:	2300      	movs	r3, #0
1000eda8:	702b      	strb	r3, [r5, #0]
1000edaa:	201c      	movs	r0, #28
1000edac:	2c28      	cmp	r4, #40	@ 0x28
1000edae:	d100      	bne.n	1000edb2 <_Z10CtrlKeySelh+0x1aa>
1000edb0:	e789      	b.n	1000ecc6 <_Z10CtrlKeySelh+0xbe>
1000edb2:	2c20      	cmp	r4, #32
1000edb4:	d0cb      	beq.n	1000ed4e <_Z10CtrlKeySelh+0x146>
1000edb6:	2c24      	cmp	r4, #36	@ 0x24
1000edb8:	d107      	bne.n	1000edca <_Z10CtrlKeySelh+0x1c2>
1000edba:	4b14      	ldr	r3, [pc, #80]	@ (1000ee0c <_Z10CtrlKeySelh+0x204>)
1000edbc:	2008      	movs	r0, #8
1000edbe:	681b      	ldr	r3, [r3, #0]
1000edc0:	2b0b      	cmp	r3, #11
1000edc2:	dc00      	bgt.n	1000edc6 <_Z10CtrlKeySelh+0x1be>
1000edc4:	e77f      	b.n	1000ecc6 <_Z10CtrlKeySelh+0xbe>
1000edc6:	3004      	adds	r0, #4
1000edc8:	e77d      	b.n	1000ecc6 <_Z10CtrlKeySelh+0xbe>
1000edca:	200b      	movs	r0, #11
1000edcc:	2c0d      	cmp	r4, #13
1000edce:	d100      	bne.n	1000edd2 <_Z10CtrlKeySelh+0x1ca>
1000edd0:	e779      	b.n	1000ecc6 <_Z10CtrlKeySelh+0xbe>
1000edd2:	2303      	movs	r3, #3
1000edd4:	1c60      	adds	r0, r4, #1
1000edd6:	4023      	ands	r3, r4
1000edd8:	2b03      	cmp	r3, #3
1000edda:	d000      	beq.n	1000edde <_Z10CtrlKeySelh+0x1d6>
1000eddc:	e773      	b.n	1000ecc6 <_Z10CtrlKeySelh+0xbe>
1000edde:	2028      	movs	r0, #40	@ 0x28
1000ede0:	2c1b      	cmp	r4, #27
1000ede2:	dd00      	ble.n	1000ede6 <_Z10CtrlKeySelh+0x1de>
1000ede4:	e76f      	b.n	1000ecc6 <_Z10CtrlKeySelh+0xbe>
1000ede6:	3808      	subs	r0, #8
1000ede8:	2c0f      	cmp	r4, #15
1000edea:	dd00      	ble.n	1000edee <_Z10CtrlKeySelh+0x1e6>
1000edec:	e76b      	b.n	1000ecc6 <_Z10CtrlKeySelh+0xbe>
1000edee:	3004      	adds	r0, #4
1000edf0:	2c07      	cmp	r4, #7
1000edf2:	dd00      	ble.n	1000edf6 <_Z10CtrlKeySelh+0x1ee>
1000edf4:	e767      	b.n	1000ecc6 <_Z10CtrlKeySelh+0xbe>
1000edf6:	0020      	movs	r0, r4
1000edf8:	4398      	bics	r0, r3
1000edfa:	e764      	b.n	1000ecc6 <_Z10CtrlKeySelh+0xbe>
1000edfc:	20028443 	.word	0x20028443
1000ee00:	20001004 	.word	0x20001004
1000ee04:	100115f4 	.word	0x100115f4
1000ee08:	00002020 	.word	0x00002020
1000ee0c:	20001000 	.word	0x20001000
1000ee10:	40054000 	.word	0x40054000
1000ee14:	20026cb8 	.word	0x20026cb8
1000ee18:	20028444 	.word	0x20028444
1000ee1c:	20028471 	.word	0x20028471

1000ee20 <_Z10Print141PFv>:
1000ee20:	b570      	push	{r4, r5, r6, lr}
1000ee22:	25f8      	movs	r5, #248	@ 0xf8
1000ee24:	2400      	movs	r4, #0
1000ee26:	022d      	lsls	r5, r5, #8
1000ee28:	4b10      	ldr	r3, [pc, #64]	@ (1000ee6c <_Z10Print141PFv+0x4c>)
1000ee2a:	5d1a      	ldrb	r2, [r3, r4]
1000ee2c:	b2d0      	uxtb	r0, r2
1000ee2e:	2a00      	cmp	r2, #0
1000ee30:	d015      	beq.n	1000ee5e <_Z10Print141PFv+0x3e>
1000ee32:	2200      	movs	r2, #0
1000ee34:	551a      	strb	r2, [r3, r4]
1000ee36:	b243      	sxtb	r3, r0
1000ee38:	327f      	adds	r2, #127	@ 0x7f
1000ee3a:	17db      	asrs	r3, r3, #31
1000ee3c:	00e1      	lsls	r1, r4, #3
1000ee3e:	402b      	ands	r3, r5
1000ee40:	4010      	ands	r0, r2
1000ee42:	3158      	adds	r1, #88	@ 0x58
1000ee44:	3a4c      	subs	r2, #76	@ 0x4c
1000ee46:	f7fc fd09 	bl	1000b85c <DrawChar>
1000ee4a:	4b09      	ldr	r3, [pc, #36]	@ (1000ee70 <_Z10Print141PFv+0x50>)
1000ee4c:	781a      	ldrb	r2, [r3, #0]
1000ee4e:	2a00      	cmp	r2, #0
1000ee50:	d105      	bne.n	1000ee5e <_Z10Print141PFv+0x3e>
1000ee52:	3201      	adds	r2, #1
1000ee54:	4807      	ldr	r0, [pc, #28]	@ (1000ee74 <_Z10Print141PFv+0x54>)
1000ee56:	4908      	ldr	r1, [pc, #32]	@ (1000ee78 <_Z10Print141PFv+0x58>)
1000ee58:	701a      	strb	r2, [r3, #0]
1000ee5a:	f7fe ff19 	bl	1000dc90 <PlaySound>
1000ee5e:	3401      	adds	r4, #1
1000ee60:	2c12      	cmp	r4, #18
1000ee62:	d1e1      	bne.n	1000ee28 <_Z10Print141PFv+0x8>
1000ee64:	f7ff fb1c 	bl	1000e4a0 <DispUpdate>
1000ee68:	bd70      	pop	{r4, r5, r6, pc}
1000ee6a:	46c0      	nop			@ (mov r8, r8)
1000ee6c:	2002844a 	.word	0x2002844a
1000ee70:	2002845f 	.word	0x2002845f
1000ee74:	1002ed2b 	.word	0x1002ed2b
1000ee78:	000012ba 	.word	0x000012ba

1000ee7c <_Z9Lamp141PFv>:
1000ee7c:	2101      	movs	r1, #1
1000ee7e:	b530      	push	{r4, r5, lr}
1000ee80:	4b29      	ldr	r3, [pc, #164]	@ (1000ef28 <_Z9Lamp141PFv+0xac>)
1000ee82:	b087      	sub	sp, #28
1000ee84:	781c      	ldrb	r4, [r3, #0]
1000ee86:	4b29      	ldr	r3, [pc, #164]	@ (1000ef2c <_Z9Lamp141PFv+0xb0>)
1000ee88:	b2e5      	uxtb	r5, r4
1000ee8a:	781a      	ldrb	r2, [r3, #0]
1000ee8c:	701d      	strb	r5, [r3, #0]
1000ee8e:	4054      	eors	r4, r2
1000ee90:	420c      	tst	r4, r1
1000ee92:	d012      	beq.n	1000eeba <_Z9Lamp141PFv+0x3e>
1000ee94:	228c      	movs	r2, #140	@ 0x8c
1000ee96:	23a0      	movs	r3, #160	@ 0xa0
1000ee98:	0052      	lsls	r2, r2, #1
1000ee9a:	005b      	lsls	r3, r3, #1
1000ee9c:	420d      	tst	r5, r1
1000ee9e:	d13a      	bne.n	1000ef16 <_Z9Lamp141PFv+0x9a>
1000eea0:	4923      	ldr	r1, [pc, #140]	@ (1000ef30 <_Z9Lamp141PFv+0xb4>)
1000eea2:	4824      	ldr	r0, [pc, #144]	@ (1000ef34 <_Z9Lamp141PFv+0xb8>)
1000eea4:	9304      	str	r3, [sp, #16]
1000eea6:	231c      	movs	r3, #28
1000eea8:	9303      	str	r3, [sp, #12]
1000eeaa:	3b0c      	subs	r3, #12
1000eeac:	9302      	str	r3, [sp, #8]
1000eeae:	3334      	adds	r3, #52	@ 0x34
1000eeb0:	9301      	str	r3, [sp, #4]
1000eeb2:	9200      	str	r2, [sp, #0]
1000eeb4:	3b40      	subs	r3, #64	@ 0x40
1000eeb6:	f7fc fd5f 	bl	1000b978 <DrawImgPal>
1000eeba:	2202      	movs	r2, #2
1000eebc:	4214      	tst	r4, r2
1000eebe:	d011      	beq.n	1000eee4 <_Z9Lamp141PFv+0x68>
1000eec0:	23a0      	movs	r3, #160	@ 0xa0
1000eec2:	005b      	lsls	r3, r3, #1
1000eec4:	4215      	tst	r5, r2
1000eec6:	d129      	bne.n	1000ef1c <_Z9Lamp141PFv+0xa0>
1000eec8:	4919      	ldr	r1, [pc, #100]	@ (1000ef30 <_Z9Lamp141PFv+0xb4>)
1000eeca:	481a      	ldr	r0, [pc, #104]	@ (1000ef34 <_Z9Lamp141PFv+0xb8>)
1000eecc:	9304      	str	r3, [sp, #16]
1000eece:	231c      	movs	r3, #28
1000eed0:	22e8      	movs	r2, #232	@ 0xe8
1000eed2:	9303      	str	r3, [sp, #12]
1000eed4:	3b0c      	subs	r3, #12
1000eed6:	9302      	str	r3, [sp, #8]
1000eed8:	3334      	adds	r3, #52	@ 0x34
1000eeda:	9301      	str	r3, [sp, #4]
1000eedc:	9200      	str	r2, [sp, #0]
1000eede:	3b40      	subs	r3, #64	@ 0x40
1000eee0:	f7fc fd4a 	bl	1000b978 <DrawImgPal>
1000eee4:	2304      	movs	r3, #4
1000eee6:	421c      	tst	r4, r3
1000eee8:	d011      	beq.n	1000ef0e <_Z9Lamp141PFv+0x92>
1000eeea:	24a0      	movs	r4, #160	@ 0xa0
1000eeec:	2280      	movs	r2, #128	@ 0x80
1000eeee:	0064      	lsls	r4, r4, #1
1000eef0:	0052      	lsls	r2, r2, #1
1000eef2:	421d      	tst	r5, r3
1000eef4:	d115      	bne.n	1000ef22 <_Z9Lamp141PFv+0xa6>
1000eef6:	490e      	ldr	r1, [pc, #56]	@ (1000ef30 <_Z9Lamp141PFv+0xb4>)
1000eef8:	480e      	ldr	r0, [pc, #56]	@ (1000ef34 <_Z9Lamp141PFv+0xb8>)
1000eefa:	9404      	str	r4, [sp, #16]
1000eefc:	241c      	movs	r4, #28
1000eefe:	9403      	str	r4, [sp, #12]
1000ef00:	3c0c      	subs	r4, #12
1000ef02:	9402      	str	r4, [sp, #8]
1000ef04:	3434      	adds	r4, #52	@ 0x34
1000ef06:	9401      	str	r4, [sp, #4]
1000ef08:	9200      	str	r2, [sp, #0]
1000ef0a:	f7fc fd35 	bl	1000b978 <DrawImgPal>
1000ef0e:	f7ff fac7 	bl	1000e4a0 <DispUpdate>
1000ef12:	b007      	add	sp, #28
1000ef14:	bd30      	pop	{r4, r5, pc}
1000ef16:	4908      	ldr	r1, [pc, #32]	@ (1000ef38 <_Z9Lamp141PFv+0xbc>)
1000ef18:	4808      	ldr	r0, [pc, #32]	@ (1000ef3c <_Z9Lamp141PFv+0xc0>)
1000ef1a:	e7c3      	b.n	1000eea4 <_Z9Lamp141PFv+0x28>
1000ef1c:	4906      	ldr	r1, [pc, #24]	@ (1000ef38 <_Z9Lamp141PFv+0xbc>)
1000ef1e:	4807      	ldr	r0, [pc, #28]	@ (1000ef3c <_Z9Lamp141PFv+0xc0>)
1000ef20:	e7d4      	b.n	1000eecc <_Z9Lamp141PFv+0x50>
1000ef22:	4905      	ldr	r1, [pc, #20]	@ (1000ef38 <_Z9Lamp141PFv+0xbc>)
1000ef24:	4805      	ldr	r0, [pc, #20]	@ (1000ef3c <_Z9Lamp141PFv+0xc0>)
1000ef26:	e7e8      	b.n	1000eefa <_Z9Lamp141PFv+0x7e>
1000ef28:	20028445 	.word	0x20028445
1000ef2c:	20028446 	.word	0x20028446
1000ef30:	10029840 	.word	0x10029840
1000ef34:	10025c40 	.word	0x10025c40
1000ef38:	1002d640 	.word	0x1002d640
1000ef3c:	10029a40 	.word	0x10029a40

1000ef40 <_Z8Adv141PFv>:
1000ef40:	b537      	push	{r0, r1, r2, r4, r5, lr}
1000ef42:	240d      	movs	r4, #13
1000ef44:	2504      	movs	r5, #4
1000ef46:	4b0c      	ldr	r3, [pc, #48]	@ (1000ef78 <_Z8Adv141PFv+0x38>)
1000ef48:	9301      	str	r3, [sp, #4]
1000ef4a:	0023      	movs	r3, r4
1000ef4c:	2c04      	cmp	r4, #4
1000ef4e:	dd00      	ble.n	1000ef52 <_Z8Adv141PFv+0x12>
1000ef50:	002b      	movs	r3, r5
1000ef52:	22b0      	movs	r2, #176	@ 0xb0
1000ef54:	2100      	movs	r1, #0
1000ef56:	2048      	movs	r0, #72	@ 0x48
1000ef58:	9300      	str	r3, [sp, #0]
1000ef5a:	2340      	movs	r3, #64	@ 0x40
1000ef5c:	f7fc fdf6 	bl	1000bb4c <DrawScrollRect>
1000ef60:	3c04      	subs	r4, #4
1000ef62:	f7ff fa9d 	bl	1000e4a0 <DispUpdate>
1000ef66:	200a      	movs	r0, #10
1000ef68:	f7fa fd66 	bl	10009a38 <WaitMs>
1000ef6c:	1ce3      	adds	r3, r4, #3
1000ef6e:	d1ea      	bne.n	1000ef46 <_Z8Adv141PFv+0x6>
1000ef70:	2200      	movs	r2, #0
1000ef72:	4b02      	ldr	r3, [pc, #8]	@ (1000ef7c <_Z8Adv141PFv+0x3c>)
1000ef74:	701a      	strb	r2, [r3, #0]
1000ef76:	bd37      	pop	{r0, r1, r2, r4, r5, pc}
1000ef78:	0000ffff 	.word	0x0000ffff
1000ef7c:	2002845f 	.word	0x2002845f

1000ef80 <_Z9UpdateBtnv>:
1000ef80:	b510      	push	{r4, lr}
1000ef82:	2400      	movs	r4, #0
1000ef84:	4b0b      	ldr	r3, [pc, #44]	@ (1000efb4 <_Z9UpdateBtnv+0x34>)
1000ef86:	681b      	ldr	r3, [r3, #0]
1000ef88:	42a3      	cmp	r3, r4
1000ef8a:	d103      	bne.n	1000ef94 <_Z9UpdateBtnv+0x14>
1000ef8c:	4b0a      	ldr	r3, [pc, #40]	@ (1000efb8 <_Z9UpdateBtnv+0x38>)
1000ef8e:	781b      	ldrb	r3, [r3, #0]
1000ef90:	2b00      	cmp	r3, #0
1000ef92:	d00a      	beq.n	1000efaa <_Z9UpdateBtnv+0x2a>
1000ef94:	0020      	movs	r0, r4
1000ef96:	f7ff fcef 	bl	1000e978 <_Z10PressedBtni>
1000ef9a:	4b08      	ldr	r3, [pc, #32]	@ (1000efbc <_Z9UpdateBtnv+0x3c>)
1000ef9c:	0001      	movs	r1, r0
1000ef9e:	5d1b      	ldrb	r3, [r3, r4]
1000efa0:	4283      	cmp	r3, r0
1000efa2:	d002      	beq.n	1000efaa <_Z9UpdateBtnv+0x2a>
1000efa4:	0020      	movs	r0, r4
1000efa6:	f7ff fd1b 	bl	1000e9e0 <_Z7DispBtnih>
1000efaa:	3401      	adds	r4, #1
1000efac:	2c29      	cmp	r4, #41	@ 0x29
1000efae:	d1e9      	bne.n	1000ef84 <_Z9UpdateBtnv+0x4>
1000efb0:	bd10      	pop	{r4, pc}
1000efb2:	46c0      	nop			@ (mov r8, r8)
1000efb4:	20001004 	.word	0x20001004
1000efb8:	20028443 	.word	0x20028443
1000efbc:	20028471 	.word	0x20028471

1000efc0 <_Z10DispKeyAllv>:
1000efc0:	b510      	push	{r4, lr}
1000efc2:	2400      	movs	r4, #0
1000efc4:	0020      	movs	r0, r4
1000efc6:	f7ff fcd7 	bl	1000e978 <_Z10PressedBtni>
1000efca:	0001      	movs	r1, r0
1000efcc:	0020      	movs	r0, r4
1000efce:	3401      	adds	r4, #1
1000efd0:	f7ff fd06 	bl	1000e9e0 <_Z7DispBtnih>
1000efd4:	2c29      	cmp	r4, #41	@ 0x29
1000efd6:	d1f5      	bne.n	1000efc4 <_Z10DispKeyAllv+0x4>
1000efd8:	4b0a      	ldr	r3, [pc, #40]	@ (1000f004 <_Z10DispKeyAllv+0x44>)
1000efda:	781a      	ldrb	r2, [r3, #0]
1000efdc:	4b0a      	ldr	r3, [pc, #40]	@ (1000f008 <_Z10DispKeyAllv+0x48>)
1000efde:	43d2      	mvns	r2, r2
1000efe0:	701a      	strb	r2, [r3, #0]
1000efe2:	f7ff ff4b 	bl	1000ee7c <_Z9Lamp141PFv>
1000efe6:	f7ff fc3b 	bl	1000e860 <_Z13DPSwitch141PFv>
1000efea:	f7ff fc7b 	bl	1000e8e4 <_Z16RoundSwitch141PFv>
1000efee:	f7ff fa57 	bl	1000e4a0 <DispUpdate>
1000eff2:	2200      	movs	r2, #0
1000eff4:	4b05      	ldr	r3, [pc, #20]	@ (1000f00c <_Z10DispKeyAllv+0x4c>)
1000eff6:	701a      	strb	r2, [r3, #0]
1000eff8:	4b05      	ldr	r3, [pc, #20]	@ (1000f010 <_Z10DispKeyAllv+0x50>)
1000effa:	6a9a      	ldr	r2, [r3, #40]	@ 0x28
1000effc:	4b05      	ldr	r3, [pc, #20]	@ (1000f014 <_Z10DispKeyAllv+0x54>)
1000effe:	601a      	str	r2, [r3, #0]
1000f000:	bd10      	pop	{r4, pc}
1000f002:	46c0      	nop			@ (mov r8, r8)
1000f004:	20028445 	.word	0x20028445
1000f008:	20028446 	.word	0x20028446
1000f00c:	20028444 	.word	0x20028444
1000f010:	40054000 	.word	0x40054000
1000f014:	20026cb8 	.word	0x20026cb8

1000f018 <_Z9Init141PFv>:
1000f018:	2201      	movs	r2, #1
1000f01a:	b510      	push	{r4, lr}
1000f01c:	2400      	movs	r4, #0
1000f01e:	4b1e      	ldr	r3, [pc, #120]	@ (1000f098 <_Z9Init141PFv+0x80>)
1000f020:	4252      	negs	r2, r2
1000f022:	601a      	str	r2, [r3, #0]
1000f024:	4b1d      	ldr	r3, [pc, #116]	@ (1000f09c <_Z9Init141PFv+0x84>)
1000f026:	3209      	adds	r2, #9
1000f028:	601c      	str	r4, [r3, #0]
1000f02a:	4b1d      	ldr	r3, [pc, #116]	@ (1000f0a0 <_Z9Init141PFv+0x88>)
1000f02c:	0021      	movs	r1, r4
1000f02e:	701a      	strb	r2, [r3, #0]
1000f030:	4b1c      	ldr	r3, [pc, #112]	@ (1000f0a4 <_Z9Init141PFv+0x8c>)
1000f032:	701c      	strb	r4, [r3, #0]
1000f034:	4b1c      	ldr	r3, [pc, #112]	@ (1000f0a8 <_Z9Init141PFv+0x90>)
1000f036:	701c      	strb	r4, [r3, #0]
1000f038:	4b1c      	ldr	r3, [pc, #112]	@ (1000f0ac <_Z9Init141PFv+0x94>)
1000f03a:	701c      	strb	r4, [r3, #0]
1000f03c:	4b1c      	ldr	r3, [pc, #112]	@ (1000f0b0 <_Z9Init141PFv+0x98>)
1000f03e:	701c      	strb	r4, [r3, #0]
1000f040:	4b1c      	ldr	r3, [pc, #112]	@ (1000f0b4 <_Z9Init141PFv+0x9c>)
1000f042:	701c      	strb	r4, [r3, #0]
1000f044:	4b1c      	ldr	r3, [pc, #112]	@ (1000f0b8 <_Z9Init141PFv+0xa0>)
1000f046:	701c      	strb	r4, [r3, #0]
1000f048:	4b1c      	ldr	r3, [pc, #112]	@ (1000f0bc <_Z9Init141PFv+0xa4>)
1000f04a:	701c      	strb	r4, [r3, #0]
1000f04c:	4b1c      	ldr	r3, [pc, #112]	@ (1000f0c0 <_Z9Init141PFv+0xa8>)
1000f04e:	701c      	strb	r4, [r3, #0]
1000f050:	4b1c      	ldr	r3, [pc, #112]	@ (1000f0c4 <_Z9Init141PFv+0xac>)
1000f052:	6a9a      	ldr	r2, [r3, #40]	@ 0x28
1000f054:	4b1c      	ldr	r3, [pc, #112]	@ (1000f0c8 <_Z9Init141PFv+0xb0>)
1000f056:	601a      	str	r2, [r3, #0]
1000f058:	2201      	movs	r2, #1
1000f05a:	4b1c      	ldr	r3, [pc, #112]	@ (1000f0cc <_Z9Init141PFv+0xb4>)
1000f05c:	701a      	strb	r2, [r3, #0]
1000f05e:	4b1c      	ldr	r3, [pc, #112]	@ (1000f0d0 <_Z9Init141PFv+0xb8>)
1000f060:	3228      	adds	r2, #40	@ 0x28
1000f062:	701c      	strb	r4, [r3, #0]
1000f064:	4b1b      	ldr	r3, [pc, #108]	@ (1000f0d4 <_Z9Init141PFv+0xbc>)
1000f066:	701c      	strb	r4, [r3, #0]
1000f068:	481b      	ldr	r0, [pc, #108]	@ (1000f0d8 <_Z9Init141PFv+0xc0>)
1000f06a:	f7f9 f986 	bl	1000837a <__wrap_memset>
1000f06e:	4b1b      	ldr	r3, [pc, #108]	@ (1000f0dc <_Z9Init141PFv+0xc4>)
1000f070:	2212      	movs	r2, #18
1000f072:	0021      	movs	r1, r4
1000f074:	481a      	ldr	r0, [pc, #104]	@ (1000f0e0 <_Z9Init141PFv+0xc8>)
1000f076:	601c      	str	r4, [r3, #0]
1000f078:	f7f9 f97f 	bl	1000837a <__wrap_memset>
1000f07c:	4b19      	ldr	r3, [pc, #100]	@ (1000f0e4 <_Z9Init141PFv+0xcc>)
1000f07e:	4a1a      	ldr	r2, [pc, #104]	@ (1000f0e8 <_Z9Init141PFv+0xd0>)
1000f080:	62da      	str	r2, [r3, #44]	@ 0x2c
1000f082:	4a1a      	ldr	r2, [pc, #104]	@ (1000f0ec <_Z9Init141PFv+0xd4>)
1000f084:	631a      	str	r2, [r3, #48]	@ 0x30
1000f086:	4a1a      	ldr	r2, [pc, #104]	@ (1000f0f0 <_Z9Init141PFv+0xd8>)
1000f088:	635a      	str	r2, [r3, #52]	@ 0x34
1000f08a:	4a1a      	ldr	r2, [pc, #104]	@ (1000f0f4 <_Z9Init141PFv+0xdc>)
1000f08c:	639a      	str	r2, [r3, #56]	@ 0x38
1000f08e:	4a1a      	ldr	r2, [pc, #104]	@ (1000f0f8 <_Z9Init141PFv+0xe0>)
1000f090:	63da      	str	r2, [r3, #60]	@ 0x3c
1000f092:	4a1a      	ldr	r2, [pc, #104]	@ (1000f0fc <_Z9Init141PFv+0xe4>)
1000f094:	641a      	str	r2, [r3, #64]	@ 0x40
1000f096:	bd10      	pop	{r4, pc}
1000f098:	20026cbc 	.word	0x20026cbc
1000f09c:	20026cc0 	.word	0x20026cc0
1000f0a0:	20028442 	.word	0x20028442
1000f0a4:	2002845d 	.word	0x2002845d
1000f0a8:	2002845e 	.word	0x2002845e
1000f0ac:	20028448 	.word	0x20028448
1000f0b0:	20028447 	.word	0x20028447
1000f0b4:	20028449 	.word	0x20028449
1000f0b8:	20028445 	.word	0x20028445
1000f0bc:	20028446 	.word	0x20028446
1000f0c0:	20028441 	.word	0x20028441
1000f0c4:	40054000 	.word	0x40054000
1000f0c8:	20026cc4 	.word	0x20026cc4
1000f0cc:	20028460 	.word	0x20028460
1000f0d0:	2002845c 	.word	0x2002845c
1000f0d4:	2002845f 	.word	0x2002845f
1000f0d8:	20028471 	.word	0x20028471
1000f0dc:	20026cc8 	.word	0x20026cc8
1000f0e0:	2002844a 	.word	0x2002844a
1000f0e4:	2002786c 	.word	0x2002786c
1000f0e8:	20000a41 	.word	0x20000a41
1000f0ec:	20000a4d 	.word	0x20000a4d
1000f0f0:	20000a51 	.word	0x20000a51
1000f0f4:	20000b71 	.word	0x20000b71
1000f0f8:	20000bbd 	.word	0x20000bbd
1000f0fc:	20000c69 	.word	0x20000c69

1000f100 <main>:
1000f100:	b530      	push	{r4, r5, lr}
1000f102:	4b62      	ldr	r3, [pc, #392]	@ (1000f28c <main+0x18c>)
1000f104:	4a62      	ldr	r2, [pc, #392]	@ (1000f290 <main+0x190>)
1000f106:	250d      	movs	r5, #13
1000f108:	b087      	sub	sp, #28
1000f10a:	601a      	str	r2, [r3, #0]
1000f10c:	2208      	movs	r2, #8
1000f10e:	4b61      	ldr	r3, [pc, #388]	@ (1000f294 <main+0x194>)
1000f110:	601d      	str	r5, [r3, #0]
1000f112:	4b61      	ldr	r3, [pc, #388]	@ (1000f298 <main+0x198>)
1000f114:	601a      	str	r2, [r3, #0]
1000f116:	f7fc fac5 	bl	1000b6a4 <SelFontUpdate>
1000f11a:	4a60      	ldr	r2, [pc, #384]	@ (1000f29c <main+0x19c>)
1000f11c:	4960      	ldr	r1, [pc, #384]	@ (1000f2a0 <main+0x1a0>)
1000f11e:	4861      	ldr	r0, [pc, #388]	@ (1000f2a4 <main+0x1a4>)
1000f120:	f7fa f94e 	bl	100093c0 <PWM_FindSysClk>
1000f124:	4b60      	ldr	r3, [pc, #384]	@ (1000f2a8 <main+0x1a8>)
1000f126:	0004      	movs	r4, r0
1000f128:	4298      	cmp	r0, r3
1000f12a:	d902      	bls.n	1000f132 <main+0x32>
1000f12c:	0028      	movs	r0, r5
1000f12e:	f7fa fc8b 	bl	10009a48 <VregSetVoltage>
1000f132:	0020      	movs	r0, r4
1000f134:	21fa      	movs	r1, #250	@ 0xfa
1000f136:	30f5      	adds	r0, #245	@ 0xf5
1000f138:	0089      	lsls	r1, r1, #2
1000f13a:	30ff      	adds	r0, #255	@ 0xff
1000f13c:	f7f9 f88a 	bl	10008254 <DivU32>
1000f140:	f7f9 fc54 	bl	100089ec <ClockPllSysFreq>
1000f144:	f7fa ff84 	bl	1000a050 <UsbHostInit>
1000f148:	f7ff ff66 	bl	1000f018 <_Z9Init141PFv>
1000f14c:	2102      	movs	r1, #2
1000f14e:	4a57      	ldr	r2, [pc, #348]	@ (1000f2ac <main+0x1ac>)
1000f150:	4857      	ldr	r0, [pc, #348]	@ (1000f2b0 <main+0x1b0>)
1000f152:	f7fe ffdf 	bl	1000e114 <I4004_Start>
1000f156:	23fe      	movs	r3, #254	@ 0xfe
1000f158:	059b      	lsls	r3, r3, #22
1000f15a:	2400      	movs	r4, #0
1000f15c:	9301      	str	r3, [sp, #4]
1000f15e:	9300      	str	r3, [sp, #0]
1000f160:	2301      	movs	r3, #1
1000f162:	4954      	ldr	r1, [pc, #336]	@ (1000f2b4 <main+0x1b4>)
1000f164:	0018      	movs	r0, r3
1000f166:	4a54      	ldr	r2, [pc, #336]	@ (1000f2b8 <main+0x1b8>)
1000f168:	9403      	str	r4, [sp, #12]
1000f16a:	9402      	str	r4, [sp, #8]
1000f16c:	f7fe fcfe 	bl	1000db6c <PlaySoundChan>
1000f170:	25a0      	movs	r5, #160	@ 0xa0
1000f172:	f7fc fb5c 	bl	1000b82e <DrawClear>
1000f176:	2380      	movs	r3, #128	@ 0x80
1000f178:	006d      	lsls	r5, r5, #1
1000f17a:	9303      	str	r3, [sp, #12]
1000f17c:	3b10      	subs	r3, #16
1000f17e:	0022      	movs	r2, r4
1000f180:	494e      	ldr	r1, [pc, #312]	@ (1000f2bc <main+0x1bc>)
1000f182:	484f      	ldr	r0, [pc, #316]	@ (1000f2c0 <main+0x1c0>)
1000f184:	9504      	str	r5, [sp, #16]
1000f186:	9502      	str	r5, [sp, #8]
1000f188:	9301      	str	r3, [sp, #4]
1000f18a:	9400      	str	r4, [sp, #0]
1000f18c:	0023      	movs	r3, r4
1000f18e:	f7fc fbf3 	bl	1000b978 <DrawImgPal>
1000f192:	2330      	movs	r3, #48	@ 0x30
1000f194:	9504      	str	r5, [sp, #16]
1000f196:	9502      	str	r5, [sp, #8]
1000f198:	3d01      	subs	r5, #1
1000f19a:	3dff      	subs	r5, #255	@ 0xff
1000f19c:	0022      	movs	r2, r4
1000f19e:	4949      	ldr	r1, [pc, #292]	@ (1000f2c4 <main+0x1c4>)
1000f1a0:	4849      	ldr	r0, [pc, #292]	@ (1000f2c8 <main+0x1c8>)
1000f1a2:	9303      	str	r3, [sp, #12]
1000f1a4:	9400      	str	r4, [sp, #0]
1000f1a6:	0023      	movs	r3, r4
1000f1a8:	9501      	str	r5, [sp, #4]
1000f1aa:	f7fc fbe5 	bl	1000b978 <DrawImgPal>
1000f1ae:	0023      	movs	r3, r4
1000f1b0:	0022      	movs	r2, r4
1000f1b2:	4946      	ldr	r1, [pc, #280]	@ (1000f2cc <main+0x1cc>)
1000f1b4:	4846      	ldr	r0, [pc, #280]	@ (1000f2d0 <main+0x1d0>)
1000f1b6:	9401      	str	r4, [sp, #4]
1000f1b8:	9400      	str	r4, [sp, #0]
1000f1ba:	9504      	str	r5, [sp, #16]
1000f1bc:	9503      	str	r5, [sp, #12]
1000f1be:	9502      	str	r5, [sp, #8]
1000f1c0:	f7fc fc44 	bl	1000ba4c <DrawImg4Pal>
1000f1c4:	2380      	movs	r3, #128	@ 0x80
1000f1c6:	005b      	lsls	r3, r3, #1
1000f1c8:	0022      	movs	r2, r4
1000f1ca:	4942      	ldr	r1, [pc, #264]	@ (1000f2d4 <main+0x1d4>)
1000f1cc:	4842      	ldr	r0, [pc, #264]	@ (1000f2d8 <main+0x1d8>)
1000f1ce:	9401      	str	r4, [sp, #4]
1000f1d0:	9300      	str	r3, [sp, #0]
1000f1d2:	9504      	str	r5, [sp, #16]
1000f1d4:	0023      	movs	r3, r4
1000f1d6:	9503      	str	r5, [sp, #12]
1000f1d8:	9502      	str	r5, [sp, #8]
1000f1da:	f7fc fc37 	bl	1000ba4c <DrawImg4Pal>
1000f1de:	4b3f      	ldr	r3, [pc, #252]	@ (1000f2dc <main+0x1dc>)
1000f1e0:	0021      	movs	r1, r4
1000f1e2:	22b0      	movs	r2, #176	@ 0xb0
1000f1e4:	2048      	movs	r0, #72	@ 0x48
1000f1e6:	9300      	str	r3, [sp, #0]
1000f1e8:	002b      	movs	r3, r5
1000f1ea:	f7fc fa8b 	bl	1000b704 <DrawRect>
1000f1ee:	f7ff fee7 	bl	1000efc0 <_Z10DispKeyAllv>
1000f1f2:	34ff      	adds	r4, #255	@ 0xff
1000f1f4:	f7ff fe14 	bl	1000ee20 <_Z10Print141PFv>
1000f1f8:	f7ff fe40 	bl	1000ee7c <_Z9Lamp141PFv>
1000f1fc:	4b38      	ldr	r3, [pc, #224]	@ (1000f2e0 <main+0x1e0>)
1000f1fe:	781a      	ldrb	r2, [r3, #0]
1000f200:	2a00      	cmp	r2, #0
1000f202:	d003      	beq.n	1000f20c <main+0x10c>
1000f204:	2200      	movs	r2, #0
1000f206:	701a      	strb	r2, [r3, #0]
1000f208:	f7ff fe9a 	bl	1000ef40 <_Z8Adv141PFv>
1000f20c:	f7ff feb8 	bl	1000ef80 <_Z9UpdateBtnv>
1000f210:	f7fb fec4 	bl	1000af9c <UsbGetKey>
1000f214:	4020      	ands	r0, r4
1000f216:	2852      	cmp	r0, #82	@ 0x52
1000f218:	d807      	bhi.n	1000f22a <main+0x12a>
1000f21a:	284e      	cmp	r0, #78	@ 0x4e
1000f21c:	d811      	bhi.n	1000f242 <main+0x142>
1000f21e:	281c      	cmp	r0, #28
1000f220:	d028      	beq.n	1000f274 <main+0x174>
1000f222:	2829      	cmp	r0, #41	@ 0x29
1000f224:	d026      	beq.n	1000f274 <main+0x174>
1000f226:	281b      	cmp	r0, #27
1000f228:	d01c      	beq.n	1000f264 <main+0x164>
1000f22a:	f7f9 f98f 	bl	1000854c <KeyGet>
1000f22e:	0005      	movs	r5, r0
1000f230:	f7ff fcea 	bl	1000ec08 <_Z10CtrlKeySelh>
1000f234:	2d05      	cmp	r5, #5
1000f236:	d020      	beq.n	1000f27a <main+0x17a>
1000f238:	2d06      	cmp	r5, #6
1000f23a:	d1db      	bne.n	1000f1f4 <main+0xf4>
1000f23c:	f7fa fc4e 	bl	10009adc <ResetToBootLoader>
1000f240:	e7d8      	b.n	1000f1f4 <main+0xf4>
1000f242:	3850      	subs	r0, #80	@ 0x50
1000f244:	2802      	cmp	r0, #2
1000f246:	d803      	bhi.n	1000f250 <main+0x150>
1000f248:	f000 f892 	bl	1000f370 <____gnu_thumb1_case_uqi_veneer>
1000f24c:	0a06      	.short	0x0a06
1000f24e:	08          	.byte	0x08
1000f24f:	00          	.byte	0x00
1000f250:	2003      	movs	r0, #3
1000f252:	f7ff fcd9 	bl	1000ec08 <_Z10CtrlKeySelh>
1000f256:	e7e8      	b.n	1000f22a <main+0x12a>
1000f258:	2002      	movs	r0, #2
1000f25a:	e7fa      	b.n	1000f252 <main+0x152>
1000f25c:	2001      	movs	r0, #1
1000f25e:	e7f8      	b.n	1000f252 <main+0x152>
1000f260:	2004      	movs	r0, #4
1000f262:	e7f6      	b.n	1000f252 <main+0x152>
1000f264:	4a1f      	ldr	r2, [pc, #124]	@ (1000f2e4 <main+0x1e4>)
1000f266:	7813      	ldrb	r3, [r2, #0]
1000f268:	4259      	negs	r1, r3
1000f26a:	414b      	adcs	r3, r1
1000f26c:	7013      	strb	r3, [r2, #0]
1000f26e:	f7ff fea7 	bl	1000efc0 <_Z10DispKeyAllv>
1000f272:	e7da      	b.n	1000f22a <main+0x12a>
1000f274:	f7fa fc32 	bl	10009adc <ResetToBootLoader>
1000f278:	e7d7      	b.n	1000f22a <main+0x12a>
1000f27a:	4a1a      	ldr	r2, [pc, #104]	@ (1000f2e4 <main+0x1e4>)
1000f27c:	7813      	ldrb	r3, [r2, #0]
1000f27e:	4259      	negs	r1, r3
1000f280:	414b      	adcs	r3, r1
1000f282:	7013      	strb	r3, [r2, #0]
1000f284:	f7ff fe9c 	bl	1000efc0 <_Z10DispKeyAllv>
1000f288:	e7b4      	b.n	1000f1f4 <main+0xf4>
1000f28a:	46c0      	nop			@ (mov r8, r8)
1000f28c:	20000fc4 	.word	0x20000fc4
1000f290:	1000f480 	.word	0x1000f480
1000f294:	20000fc0 	.word	0x20000fc0
1000f298:	20000fbc 	.word	0x20000fbc
1000f29c:	002d2a80 	.word	0x002d2a80
1000f2a0:	0aba9500 	.word	0x0aba9500
1000f2a4:	07270e00 	.word	0x07270e00
1000f2a8:	09896800 	.word	0x09896800
1000f2ac:	000b4aa0 	.word	0x000b4aa0
1000f2b0:	2002786c 	.word	0x2002786c
1000f2b4:	1002ffe5 	.word	0x1002ffe5
1000f2b8:	00011099 	.word	0x00011099
1000f2bc:	1001b840 	.word	0x1001b840
1000f2c0:	10011840 	.word	0x10011840
1000f2c4:	10029840 	.word	0x10029840
1000f2c8:	10025c40 	.word	0x10025c40
1000f2cc:	1002e040 	.word	0x1002e040
1000f2d0:	1002d840 	.word	0x1002d840
1000f2d4:	1002e860 	.word	0x1002e860
1000f2d8:	1002e060 	.word	0x1002e060
1000f2dc:	0000ffff 	.word	0x0000ffff
1000f2e0:	20028449 	.word	0x20028449
1000f2e4:	20028443 	.word	0x20028443

1000f2e8 <memcmp>:
1000f2e8:	b530      	push	{r4, r5, lr}
1000f2ea:	2a03      	cmp	r2, #3
1000f2ec:	d91a      	bls.n	1000f324 <memcmp+0x3c>
1000f2ee:	000b      	movs	r3, r1
1000f2f0:	4303      	orrs	r3, r0
1000f2f2:	079b      	lsls	r3, r3, #30
1000f2f4:	d011      	beq.n	1000f31a <memcmp+0x32>
1000f2f6:	1e55      	subs	r5, r2, #1
1000f2f8:	2300      	movs	r3, #0
1000f2fa:	e003      	b.n	1000f304 <memcmp+0x1c>
1000f2fc:	1c5a      	adds	r2, r3, #1
1000f2fe:	429d      	cmp	r5, r3
1000f300:	d013      	beq.n	1000f32a <memcmp+0x42>
1000f302:	0013      	movs	r3, r2
1000f304:	5cc2      	ldrb	r2, [r0, r3]
1000f306:	5ccc      	ldrb	r4, [r1, r3]
1000f308:	42a2      	cmp	r2, r4
1000f30a:	d0f7      	beq.n	1000f2fc <memcmp+0x14>
1000f30c:	1b10      	subs	r0, r2, r4
1000f30e:	e00d      	b.n	1000f32c <memcmp+0x44>
1000f310:	3a04      	subs	r2, #4
1000f312:	3004      	adds	r0, #4
1000f314:	3104      	adds	r1, #4
1000f316:	2a03      	cmp	r2, #3
1000f318:	d904      	bls.n	1000f324 <memcmp+0x3c>
1000f31a:	6804      	ldr	r4, [r0, #0]
1000f31c:	680b      	ldr	r3, [r1, #0]
1000f31e:	429c      	cmp	r4, r3
1000f320:	d0f6      	beq.n	1000f310 <memcmp+0x28>
1000f322:	e7e8      	b.n	1000f2f6 <memcmp+0xe>
1000f324:	1e55      	subs	r5, r2, #1
1000f326:	2a00      	cmp	r2, #0
1000f328:	d1e6      	bne.n	1000f2f8 <memcmp+0x10>
1000f32a:	2000      	movs	r0, #0
1000f32c:	bd30      	pop	{r4, r5, pc}
1000f32e:	46c0      	nop			@ (mov r8, r8)

1000f330 <____wrap___aeabi_fdiv_veneer>:
1000f330:	b401      	push	{r0}
1000f332:	4802      	ldr	r0, [pc, #8]	@ (1000f33c <____wrap___aeabi_fdiv_veneer+0xc>)
1000f334:	4684      	mov	ip, r0
1000f336:	bc01      	pop	{r0}
1000f338:	4760      	bx	ip
1000f33a:	bf00      	nop
1000f33c:	20000429 	.word	0x20000429

1000f340 <____wrap___aeabi_fadd_veneer>:
1000f340:	b401      	push	{r0}
1000f342:	4802      	ldr	r0, [pc, #8]	@ (1000f34c <____wrap___aeabi_fadd_veneer+0xc>)
1000f344:	4684      	mov	ip, r0
1000f346:	bc01      	pop	{r0}
1000f348:	4760      	bx	ip
1000f34a:	bf00      	nop
1000f34c:	2000040d 	.word	0x2000040d

1000f350 <____gnu_thumb1_case_sqi_veneer>:
1000f350:	b401      	push	{r0}
1000f352:	4802      	ldr	r0, [pc, #8]	@ (1000f35c <____gnu_thumb1_case_sqi_veneer+0xc>)
1000f354:	4684      	mov	ip, r0
1000f356:	bc01      	pop	{r0}
1000f358:	4760      	bx	ip
1000f35a:	bf00      	nop
1000f35c:	20000cbd 	.word	0x20000cbd

1000f360 <____wrap___aeabi_dmul_veneer>:
1000f360:	b401      	push	{r0}
1000f362:	4802      	ldr	r0, [pc, #8]	@ (1000f36c <____wrap___aeabi_dmul_veneer+0xc>)
1000f364:	4684      	mov	ip, r0
1000f366:	bc01      	pop	{r0}
1000f368:	4760      	bx	ip
1000f36a:	bf00      	nop
1000f36c:	20000179 	.word	0x20000179

1000f370 <____gnu_thumb1_case_uqi_veneer>:
1000f370:	b401      	push	{r0}
1000f372:	4802      	ldr	r0, [pc, #8]	@ (1000f37c <____gnu_thumb1_case_uqi_veneer+0xc>)
1000f374:	4684      	mov	ip, r0
1000f376:	bc01      	pop	{r0}
1000f378:	4760      	bx	ip
1000f37a:	bf00      	nop
1000f37c:	20000cd1 	.word	0x20000cd1

1000f380 <____wrap___aeabi_dsub_veneer>:
1000f380:	b401      	push	{r0}
1000f382:	4802      	ldr	r0, [pc, #8]	@ (1000f38c <____wrap___aeabi_dsub_veneer+0xc>)
1000f384:	4684      	mov	ip, r0
1000f386:	bc01      	pop	{r0}
1000f388:	4760      	bx	ip
1000f38a:	bf00      	nop
1000f38c:	2000000d 	.word	0x2000000d

1000f390 <____wrap___aeabi_dcmpeq_veneer>:
1000f390:	b401      	push	{r0}
1000f392:	4802      	ldr	r0, [pc, #8]	@ (1000f39c <____wrap___aeabi_dcmpeq_veneer+0xc>)
1000f394:	4684      	mov	ip, r0
1000f396:	bc01      	pop	{r0}
1000f398:	4760      	bx	ip
1000f39a:	bf00      	nop
1000f39c:	20000335 	.word	0x20000335

1000f3a0 <____gnu_thumb1_case_uhi_veneer>:
1000f3a0:	b401      	push	{r0}
1000f3a2:	4802      	ldr	r0, [pc, #8]	@ (1000f3ac <____gnu_thumb1_case_uhi_veneer+0xc>)
1000f3a4:	4684      	mov	ip, r0
1000f3a6:	bc01      	pop	{r0}
1000f3a8:	4760      	bx	ip
1000f3aa:	bf00      	nop
1000f3ac:	20000ce5 	.word	0x20000ce5

1000f3b0 <__FlashCmd_veneer>:
1000f3b0:	b401      	push	{r0}
1000f3b2:	4802      	ldr	r0, [pc, #8]	@ (1000f3bc <__FlashCmd_veneer+0xc>)
1000f3b4:	4684      	mov	ip, r0
1000f3b6:	bc01      	pop	{r0}
1000f3b8:	4760      	bx	ip
1000f3ba:	bf00      	nop
1000f3bc:	20000521 	.word	0x20000521

1000f3c0 <____wrap___aeabi_fmul_veneer>:
1000f3c0:	b401      	push	{r0}
1000f3c2:	4802      	ldr	r0, [pc, #8]	@ (1000f3cc <____wrap___aeabi_fmul_veneer+0xc>)
1000f3c4:	4684      	mov	ip, r0
1000f3c6:	bc01      	pop	{r0}
1000f3c8:	4760      	bx	ip
1000f3ca:	bf00      	nop
1000f3cc:	2000041b 	.word	0x2000041b

1000f3d0 <__LedOff_veneer>:
1000f3d0:	b401      	push	{r0}
1000f3d2:	4802      	ldr	r0, [pc, #8]	@ (1000f3dc <__LedOff_veneer+0xc>)
1000f3d4:	4684      	mov	ip, r0
1000f3d6:	bc01      	pop	{r0}
1000f3d8:	4760      	bx	ip
1000f3da:	bf00      	nop
1000f3dc:	20000509 	.word	0x20000509

1000f3e0 <____wrap___aeabi_dcmpge_veneer>:
1000f3e0:	b401      	push	{r0}
1000f3e2:	4802      	ldr	r0, [pc, #8]	@ (1000f3ec <____wrap___aeabi_dcmpge_veneer+0xc>)
1000f3e4:	4684      	mov	ip, r0
1000f3e6:	bc01      	pop	{r0}
1000f3e8:	4760      	bx	ip
1000f3ea:	bf00      	nop
1000f3ec:	20000351 	.word	0x20000351

1000f3f0 <__I4004_Exec_veneer>:
1000f3f0:	b401      	push	{r0}
1000f3f2:	4802      	ldr	r0, [pc, #8]	@ (1000f3fc <__I4004_Exec_veneer+0xc>)
1000f3f4:	4684      	mov	ip, r0
1000f3f6:	bc01      	pop	{r0}
1000f3f8:	4760      	bx	ip
1000f3fa:	bf00      	nop
1000f3fc:	20000611 	.word	0x20000611

1000f400 <____wrap___aeabi_dcmplt_veneer>:
1000f400:	b401      	push	{r0}
1000f402:	4802      	ldr	r0, [pc, #8]	@ (1000f40c <____wrap___aeabi_dcmplt_veneer+0xc>)
1000f404:	4684      	mov	ip, r0
1000f406:	bc01      	pop	{r0}
1000f408:	4760      	bx	ip
1000f40a:	bf00      	nop
1000f40c:	20000345 	.word	0x20000345

1000f410 <____wrap___aeabi_f2iz_veneer>:
1000f410:	b401      	push	{r0}
1000f412:	4802      	ldr	r0, [pc, #8]	@ (1000f41c <____wrap___aeabi_f2iz_veneer+0xc>)
1000f414:	4684      	mov	ip, r0
1000f416:	bc01      	pop	{r0}
1000f418:	4760      	bx	ip
1000f41a:	bf00      	nop
1000f41c:	2000048d 	.word	0x2000048d

1000f420 <____wrap___aeabi_dadd_veneer>:
1000f420:	b401      	push	{r0}
1000f422:	4802      	ldr	r0, [pc, #8]	@ (1000f42c <____wrap___aeabi_dadd_veneer+0xc>)
1000f424:	4684      	mov	ip, r0
1000f426:	bc01      	pop	{r0}
1000f428:	4760      	bx	ip
1000f42a:	bf00      	nop
1000f42c:	20000017 	.word	0x20000017

1000f430 <____wrap___aeabi_i2d_veneer>:
1000f430:	b401      	push	{r0}
1000f432:	4802      	ldr	r0, [pc, #8]	@ (1000f43c <____wrap___aeabi_i2d_veneer+0xc>)
1000f434:	4684      	mov	ip, r0
1000f436:	bc01      	pop	{r0}
1000f438:	4760      	bx	ip
1000f43a:	bf00      	nop
1000f43c:	20000369 	.word	0x20000369

1000f440 <____aeabi_llsl_veneer>:
1000f440:	b401      	push	{r0}
1000f442:	4802      	ldr	r0, [pc, #8]	@ (1000f44c <____aeabi_llsl_veneer+0xc>)
1000f444:	4684      	mov	ip, r0
1000f446:	bc01      	pop	{r0}
1000f448:	4760      	bx	ip
1000f44a:	bf00      	nop
1000f44c:	20000cf9 	.word	0x20000cf9

1000f450 <____wrap___aeabi_i2f_veneer>:
1000f450:	b401      	push	{r0}
1000f452:	4802      	ldr	r0, [pc, #8]	@ (1000f45c <____wrap___aeabi_i2f_veneer+0xc>)
1000f454:	4684      	mov	ip, r0
1000f456:	bc01      	pop	{r0}
1000f458:	4760      	bx	ip
1000f45a:	bf00      	nop
1000f45c:	2000044d 	.word	0x2000044d

1000f460 <____wrap___aeabi_d2uiz_veneer>:
1000f460:	b401      	push	{r0}
1000f462:	4802      	ldr	r0, [pc, #8]	@ (1000f46c <____wrap___aeabi_d2uiz_veneer+0xc>)
1000f464:	4684      	mov	ip, r0
1000f466:	bc01      	pop	{r0}
1000f468:	4760      	bx	ip
1000f46a:	bf00      	nop
1000f46c:	20000399 	.word	0x20000399

1000f470 <____wrap___aeabi_ui2f_veneer>:
1000f470:	b401      	push	{r0}
1000f472:	4802      	ldr	r0, [pc, #8]	@ (1000f47c <____wrap___aeabi_ui2f_veneer+0xc>)
1000f474:	4684      	mov	ip, r0
1000f476:	bc01      	pop	{r0}
1000f478:	4760      	bx	ip
1000f47a:	bf00      	nop
1000f47c:	20000445 	.word	0x20000445

Disassembly of section .data:

20000000 <__wrap___aeabi_drsub>:
20000000:	4050      	eors	r0, r2
20000002:	4042      	eors	r2, r0
20000004:	4050      	eors	r0, r2
20000006:	4059      	eors	r1, r3
20000008:	404b      	eors	r3, r1
2000000a:	4059      	eors	r1, r3

2000000c <__wrap___aeabi_dsub>:
2000000c:	b5f0      	push	{r4, r5, r6, r7, lr}
2000000e:	2401      	movs	r4, #1
20000010:	07e4      	lsls	r4, r4, #31
20000012:	4063      	eors	r3, r4
20000014:	e000      	b.n	20000018 <da_entry>

20000016 <__wrap___aeabi_dadd>:
20000016:	b5f0      	push	{r4, r5, r6, r7, lr}

20000018 <da_entry>:
20000018:	0d0c      	lsrs	r4, r1, #20
2000001a:	0fcf      	lsrs	r7, r1, #31
2000001c:	1e66      	subs	r6, r4, #1
2000001e:	0536      	lsls	r6, r6, #20
20000020:	1b89      	subs	r1, r1, r6
20000022:	0564      	lsls	r4, r4, #21
20000024:	d303      	bcc.n	2000002e <l9_1>
20000026:	43c9      	mvns	r1, r1
20000028:	4240      	negs	r0, r0
2000002a:	d300      	bcc.n	2000002e <l9_1>
2000002c:	3101      	adds	r1, #1

2000002e <l9_1>:
2000002e:	0d64      	lsrs	r4, r4, #21
20000030:	d003      	beq.n	2000003a <l9_2>
20000032:	1c66      	adds	r6, r4, #1
20000034:	0af6      	lsrs	r6, r6, #11
20000036:	d007      	beq.n	20000048 <l9_3>
20000038:	1be4      	subs	r4, r4, r7

2000003a <l9_2>:
2000003a:	2000      	movs	r0, #0
2000003c:	007f      	lsls	r7, r7, #1
2000003e:	1c79      	adds	r1, r7, #1
20000040:	0789      	lsls	r1, r1, #30
20000042:	1289      	asrs	r1, r1, #10
20000044:	3c80      	subs	r4, #128	@ 0x80
20000046:	0324      	lsls	r4, r4, #12

20000048 <l9_3>:
20000048:	0d1d      	lsrs	r5, r3, #20
2000004a:	0fdf      	lsrs	r7, r3, #31
2000004c:	1e6e      	subs	r6, r5, #1
2000004e:	0536      	lsls	r6, r6, #20
20000050:	1b9b      	subs	r3, r3, r6
20000052:	056d      	lsls	r5, r5, #21
20000054:	d303      	bcc.n	2000005e <l10_1>
20000056:	43db      	mvns	r3, r3
20000058:	4252      	negs	r2, r2
2000005a:	d300      	bcc.n	2000005e <l10_1>
2000005c:	3301      	adds	r3, #1

2000005e <l10_1>:
2000005e:	0d6d      	lsrs	r5, r5, #21
20000060:	d003      	beq.n	2000006a <l10_2>
20000062:	1c6e      	adds	r6, r5, #1
20000064:	0af6      	lsrs	r6, r6, #11
20000066:	d007      	beq.n	20000078 <l10_3>
20000068:	1bed      	subs	r5, r5, r7

2000006a <l10_2>:
2000006a:	2200      	movs	r2, #0
2000006c:	007f      	lsls	r7, r7, #1
2000006e:	1c7b      	adds	r3, r7, #1
20000070:	079b      	lsls	r3, r3, #30
20000072:	129b      	asrs	r3, r3, #10
20000074:	3d80      	subs	r5, #128	@ 0x80
20000076:	032d      	lsls	r5, r5, #12

20000078 <l10_3>:
20000078:	1b2f      	subs	r7, r5, r4
2000007a:	1b66      	subs	r6, r4, r5
2000007c:	d458      	bmi.n	20000130 <da_ygtx>
2000007e:	46a4      	mov	ip, r4
20000080:	2e20      	cmp	r6, #32
20000082:	da46      	bge.n	20000112 <da_xrgty>
20000084:	3720      	adds	r7, #32
20000086:	0014      	movs	r4, r2
20000088:	40bc      	lsls	r4, r7

2000008a <da_xgty0>:
2000008a:	001d      	movs	r5, r3
2000008c:	40bd      	lsls	r5, r7
2000008e:	40f2      	lsrs	r2, r6
20000090:	4133      	asrs	r3, r6
20000092:	432a      	orrs	r2, r5

20000094 <da_add>:
20000094:	1880      	adds	r0, r0, r2
20000096:	4159      	adcs	r1, r3

20000098 <da_pack>:
20000098:	0fcb      	lsrs	r3, r1, #31
2000009a:	d005      	beq.n	200000a8 <da_pack+0x10>
2000009c:	43c9      	mvns	r1, r1
2000009e:	43c0      	mvns	r0, r0
200000a0:	2200      	movs	r2, #0
200000a2:	4264      	negs	r4, r4
200000a4:	4150      	adcs	r0, r2
200000a6:	4151      	adcs	r1, r2
200000a8:	4662      	mov	r2, ip
200000aa:	0d4d      	lsrs	r5, r1, #21
200000ac:	d128      	bne.n	20000100 <da_0>
200000ae:	0d0d      	lsrs	r5, r1, #20
200000b0:	d107      	bne.n	200000c2 <da_1>
200000b2:	2800      	cmp	r0, #0
200000b4:	d01f      	beq.n	200000f6 <da_5>

200000b6 <da_2>:
200000b6:	1924      	adds	r4, r4, r4
200000b8:	4140      	adcs	r0, r0
200000ba:	4149      	adcs	r1, r1
200000bc:	3a01      	subs	r2, #1
200000be:	0d0d      	lsrs	r5, r1, #20
200000c0:	d0f9      	beq.n	200000b6 <da_2>

200000c2 <da_1>:
200000c2:	0064      	lsls	r4, r4, #1
200000c4:	d306      	bcc.n	200000d4 <da_3>

200000c6 <da_4>:
200000c6:	3001      	adds	r0, #1
200000c8:	d300      	bcc.n	200000cc <da_4+0x6>
200000ca:	3101      	adds	r1, #1
200000cc:	2c00      	cmp	r4, #0
200000ce:	d101      	bne.n	200000d4 <da_3>
200000d0:	0840      	lsrs	r0, r0, #1
200000d2:	0040      	lsls	r0, r0, #1

200000d4 <da_3>:
200000d4:	3a01      	subs	r2, #1
200000d6:	d40b      	bmi.n	200000f0 <da_6>
200000d8:	1c94      	adds	r4, r2, #2
200000da:	0ae4      	lsrs	r4, r4, #11
200000dc:	d104      	bne.n	200000e8 <da_7>
200000de:	0512      	lsls	r2, r2, #20
200000e0:	4411      	add	r1, r2
200000e2:	07db      	lsls	r3, r3, #31
200000e4:	4419      	add	r1, r3
200000e6:	bdf0      	pop	{r4, r5, r6, r7, pc}

200000e8 <da_7>:
200000e8:	07d9      	lsls	r1, r3, #31
200000ea:	4b21      	ldr	r3, [pc, #132]	@ (20000170 <da_xmgty+0x6>)
200000ec:	4319      	orrs	r1, r3
200000ee:	e000      	b.n	200000f2 <da_6+0x2>

200000f0 <da_6>:
200000f0:	07d9      	lsls	r1, r3, #31
200000f2:	2000      	movs	r0, #0
200000f4:	bdf0      	pop	{r4, r5, r6, r7, pc}

200000f6 <da_5>:
200000f6:	2900      	cmp	r1, #0
200000f8:	d1dd      	bne.n	200000b6 <da_2>
200000fa:	2c00      	cmp	r4, #0
200000fc:	d1db      	bne.n	200000b6 <da_2>
200000fe:	bdf0      	pop	{r4, r5, r6, r7, pc}

20000100 <da_0>:
20000100:	3201      	adds	r2, #1
20000102:	07c6      	lsls	r6, r0, #31
20000104:	0840      	lsrs	r0, r0, #1
20000106:	07cd      	lsls	r5, r1, #31
20000108:	4328      	orrs	r0, r5
2000010a:	0849      	lsrs	r1, r1, #1
2000010c:	2e00      	cmp	r6, #0
2000010e:	d0e1      	beq.n	200000d4 <da_3>
20000110:	e7d9      	b.n	200000c6 <da_4>

20000112 <da_xrgty>:
20000112:	2e3c      	cmp	r6, #60	@ 0x3c
20000114:	da29      	bge.n	2000016a <da_xmgty>
20000116:	3e20      	subs	r6, #32
20000118:	3740      	adds	r7, #64	@ 0x40
2000011a:	0014      	movs	r4, r2
2000011c:	40bc      	lsls	r4, r7
2000011e:	d000      	beq.n	20000122 <da_xrgty+0x10>
20000120:	2401      	movs	r4, #1
20000122:	40f2      	lsrs	r2, r6
20000124:	4314      	orrs	r4, r2
20000126:	001a      	movs	r2, r3
20000128:	40bb      	lsls	r3, r7
2000012a:	431c      	orrs	r4, r3
2000012c:	17d3      	asrs	r3, r2, #31
2000012e:	e7ac      	b.n	2000008a <da_xgty0>

20000130 <da_ygtx>:
20000130:	46ac      	mov	ip, r5
20000132:	2f20      	cmp	r7, #32
20000134:	da08      	bge.n	20000148 <da_yrgtx>
20000136:	3620      	adds	r6, #32
20000138:	0004      	movs	r4, r0
2000013a:	40b4      	lsls	r4, r6

2000013c <da_ygtx0>:
2000013c:	000d      	movs	r5, r1
2000013e:	40b5      	lsls	r5, r6
20000140:	40f8      	lsrs	r0, r7
20000142:	4139      	asrs	r1, r7
20000144:	4328      	orrs	r0, r5
20000146:	e7a5      	b.n	20000094 <da_add>

20000148 <da_yrgtx>:
20000148:	2f3c      	cmp	r7, #60	@ 0x3c
2000014a:	da0c      	bge.n	20000166 <da_ymgtx>
2000014c:	3f20      	subs	r7, #32
2000014e:	3640      	adds	r6, #64	@ 0x40
20000150:	0004      	movs	r4, r0
20000152:	40b4      	lsls	r4, r6
20000154:	d000      	beq.n	20000158 <da_yrgtx+0x10>
20000156:	2401      	movs	r4, #1
20000158:	40f8      	lsrs	r0, r7
2000015a:	4304      	orrs	r4, r0
2000015c:	0008      	movs	r0, r1
2000015e:	40b1      	lsls	r1, r6
20000160:	430c      	orrs	r4, r1
20000162:	17c1      	asrs	r1, r0, #31
20000164:	e7ea      	b.n	2000013c <da_ygtx0>

20000166 <da_ymgtx>:
20000166:	0010      	movs	r0, r2
20000168:	0019      	movs	r1, r3

2000016a <da_xmgty>:
2000016a:	2400      	movs	r4, #0
2000016c:	e794      	b.n	20000098 <da_pack>
2000016e:	0000      	.short	0x0000
20000170:	7ff00000 	.word	0x7ff00000

20000174 <dsqr>:
20000174:	0002      	movs	r2, r0
20000176:	000b      	movs	r3, r1

20000178 <__wrap___aeabi_dmul>:
20000178:	b5f0      	push	{r4, r5, r6, r7, lr}
2000017a:	0d0c      	lsrs	r4, r1, #20
2000017c:	1e66      	subs	r6, r4, #1
2000017e:	0536      	lsls	r6, r6, #20
20000180:	1b89      	subs	r1, r1, r6
20000182:	0ae6      	lsrs	r6, r4, #11
20000184:	0564      	lsls	r4, r4, #21
20000186:	0d64      	lsrs	r4, r4, #21
20000188:	d002      	beq.n	20000190 <l17_1>
2000018a:	1c65      	adds	r5, r4, #1
2000018c:	0aed      	lsrs	r5, r5, #11
2000018e:	d004      	beq.n	2000019a <l17_2>

20000190 <l17_1>:
20000190:	2000      	movs	r0, #0
20000192:	2101      	movs	r1, #1
20000194:	0509      	lsls	r1, r1, #20
20000196:	3c80      	subs	r4, #128	@ 0x80
20000198:	0324      	lsls	r4, r4, #12

2000019a <l17_2>:
2000019a:	46a4      	mov	ip, r4
2000019c:	0d1c      	lsrs	r4, r3, #20
2000019e:	1e67      	subs	r7, r4, #1
200001a0:	053f      	lsls	r7, r7, #20
200001a2:	1bdb      	subs	r3, r3, r7
200001a4:	0ae7      	lsrs	r7, r4, #11
200001a6:	0564      	lsls	r4, r4, #21
200001a8:	0d64      	lsrs	r4, r4, #21
200001aa:	d002      	beq.n	200001b2 <l18_1>
200001ac:	1c65      	adds	r5, r4, #1
200001ae:	0aed      	lsrs	r5, r5, #11
200001b0:	d004      	beq.n	200001bc <l18_2>

200001b2 <l18_1>:
200001b2:	2200      	movs	r2, #0
200001b4:	2301      	movs	r3, #1
200001b6:	051b      	lsls	r3, r3, #20
200001b8:	3c80      	subs	r4, #128	@ 0x80
200001ba:	0324      	lsls	r4, r4, #12

200001bc <l18_2>:
200001bc:	4077      	eors	r7, r6
200001be:	4464      	add	r4, ip
200001c0:	b497      	push	{r0, r1, r2, r4, r7}
200001c2:	b284      	uxth	r4, r0
200001c4:	b296      	uxth	r6, r2
200001c6:	4374      	muls	r4, r6
200001c8:	0c07      	lsrs	r7, r0, #16
200001ca:	437e      	muls	r6, r7
200001cc:	0c15      	lsrs	r5, r2, #16
200001ce:	436f      	muls	r7, r5
200001d0:	b280      	uxth	r0, r0
200001d2:	4368      	muls	r0, r5
200001d4:	1836      	adds	r6, r6, r0
200001d6:	d302      	bcc.n	200001de <l19_1>
200001d8:	2001      	movs	r0, #1
200001da:	0400      	lsls	r0, r0, #16
200001dc:	183f      	adds	r7, r7, r0

200001de <l19_1>:
200001de:	0430      	lsls	r0, r6, #16
200001e0:	0c35      	lsrs	r5, r6, #16
200001e2:	1900      	adds	r0, r0, r4
200001e4:	417d      	adcs	r5, r7
200001e6:	4684      	mov	ip, r0
200001e8:	b288      	uxth	r0, r1
200001ea:	b29a      	uxth	r2, r3
200001ec:	4350      	muls	r0, r2
200001ee:	0c0c      	lsrs	r4, r1, #16
200001f0:	4362      	muls	r2, r4
200001f2:	0c1f      	lsrs	r7, r3, #16
200001f4:	437c      	muls	r4, r7
200001f6:	b28e      	uxth	r6, r1
200001f8:	437e      	muls	r6, r7
200001fa:	1992      	adds	r2, r2, r6
200001fc:	d302      	bcc.n	20000204 <l20_1>
200001fe:	2601      	movs	r6, #1
20000200:	0436      	lsls	r6, r6, #16
20000202:	19a4      	adds	r4, r4, r6

20000204 <l20_1>:
20000204:	0416      	lsls	r6, r2, #16
20000206:	0c17      	lsrs	r7, r2, #16
20000208:	1836      	adds	r6, r6, r0
2000020a:	4167      	adcs	r7, r4
2000020c:	bc01      	pop	{r0}
2000020e:	b281      	uxth	r1, r0
20000210:	b29a      	uxth	r2, r3
20000212:	4351      	muls	r1, r2
20000214:	0c04      	lsrs	r4, r0, #16
20000216:	4362      	muls	r2, r4
20000218:	0c1b      	lsrs	r3, r3, #16
2000021a:	435c      	muls	r4, r3
2000021c:	b280      	uxth	r0, r0
2000021e:	4358      	muls	r0, r3
20000220:	1812      	adds	r2, r2, r0
20000222:	d302      	bcc.n	2000022a <l21_1>
20000224:	2001      	movs	r0, #1
20000226:	0400      	lsls	r0, r0, #16
20000228:	1824      	adds	r4, r4, r0

2000022a <l21_1>:
2000022a:	0410      	lsls	r0, r2, #16
2000022c:	0c13      	lsrs	r3, r2, #16
2000022e:	1840      	adds	r0, r0, r1
20000230:	4163      	adcs	r3, r4
20000232:	182d      	adds	r5, r5, r0
20000234:	415e      	adcs	r6, r3
20000236:	2000      	movs	r0, #0
20000238:	4147      	adcs	r7, r0
2000023a:	bc06      	pop	{r1, r2}
2000023c:	b288      	uxth	r0, r1
2000023e:	b293      	uxth	r3, r2
20000240:	4358      	muls	r0, r3
20000242:	0c0c      	lsrs	r4, r1, #16
20000244:	4363      	muls	r3, r4
20000246:	0c12      	lsrs	r2, r2, #16
20000248:	4354      	muls	r4, r2
2000024a:	b289      	uxth	r1, r1
2000024c:	4351      	muls	r1, r2
2000024e:	185b      	adds	r3, r3, r1
20000250:	d302      	bcc.n	20000258 <l22_1>
20000252:	2101      	movs	r1, #1
20000254:	0409      	lsls	r1, r1, #16
20000256:	1864      	adds	r4, r4, r1

20000258 <l22_1>:
20000258:	0419      	lsls	r1, r3, #16
2000025a:	0c1a      	lsrs	r2, r3, #16
2000025c:	1809      	adds	r1, r1, r0
2000025e:	4162      	adcs	r2, r4
20000260:	186d      	adds	r5, r5, r1
20000262:	4156      	adcs	r6, r2
20000264:	2000      	movs	r0, #0
20000266:	4147      	adcs	r7, r0
20000268:	bc18      	pop	{r3, r4}
2000026a:	02f9      	lsls	r1, r7, #11
2000026c:	0d72      	lsrs	r2, r6, #21
2000026e:	4311      	orrs	r1, r2
20000270:	02f0      	lsls	r0, r6, #11
20000272:	0d6a      	lsrs	r2, r5, #21
20000274:	4310      	orrs	r0, r2
20000276:	02ed      	lsls	r5, r5, #11
20000278:	0d0a      	lsrs	r2, r1, #20
2000027a:	d103      	bne.n	20000284 <l22_1+0x2c>
2000027c:	196d      	adds	r5, r5, r5
2000027e:	4140      	adcs	r0, r0
20000280:	4149      	adcs	r1, r1
20000282:	3b01      	subs	r3, #1
20000284:	4e12      	ldr	r6, [pc, #72]	@ (200002d0 <dm_1+0xa>)
20000286:	1b9b      	subs	r3, r3, r6
20000288:	0076      	lsls	r6, r6, #1
2000028a:	42b3      	cmp	r3, r6
2000028c:	d20e      	bcs.n	200002ac <dm_0>
2000028e:	006d      	lsls	r5, r5, #1
20000290:	d307      	bcc.n	200002a2 <l22_1+0x4a>
20000292:	3001      	adds	r0, #1
20000294:	2600      	movs	r6, #0
20000296:	4171      	adcs	r1, r6
20000298:	4666      	mov	r6, ip
2000029a:	4335      	orrs	r5, r6
2000029c:	d101      	bne.n	200002a2 <l22_1+0x4a>
2000029e:	0840      	lsrs	r0, r0, #1
200002a0:	0040      	lsls	r0, r0, #1
200002a2:	051b      	lsls	r3, r3, #20
200002a4:	18c9      	adds	r1, r1, r3

200002a6 <dm_2>:
200002a6:	07e4      	lsls	r4, r4, #31
200002a8:	4421      	add	r1, r4
200002aa:	bdf0      	pop	{r4, r5, r6, r7, pc}

200002ac <dm_0>:
200002ac:	da0b      	bge.n	200002c6 <dm_1>
200002ae:	3301      	adds	r3, #1
200002b0:	d106      	bne.n	200002c0 <dm_0+0x14>
200002b2:	3001      	adds	r0, #1
200002b4:	d104      	bne.n	200002c0 <dm_0+0x14>
200002b6:	3101      	adds	r1, #1
200002b8:	0d4f      	lsrs	r7, r1, #21
200002ba:	d001      	beq.n	200002c0 <dm_0+0x14>
200002bc:	0849      	lsrs	r1, r1, #1
200002be:	e7f2      	b.n	200002a6 <dm_2>
200002c0:	07e1      	lsls	r1, r4, #31
200002c2:	2000      	movs	r0, #0
200002c4:	bdf0      	pop	{r4, r5, r6, r7, pc}

200002c6 <dm_1>:
200002c6:	3601      	adds	r6, #1
200002c8:	0531      	lsls	r1, r6, #20
200002ca:	2000      	movs	r0, #0
200002cc:	e7eb      	b.n	200002a6 <dm_2>
200002ce:	0000      	.short	0x0000
200002d0:	000003ff 	.word	0x000003ff

200002d4 <__wrap___aeabi_cdrcmple>:
200002d4:	b53f      	push	{r0, r1, r2, r3, r4, r5, lr}
200002d6:	4050      	eors	r0, r2
200002d8:	4042      	eors	r2, r0
200002da:	4050      	eors	r0, r2
200002dc:	4059      	eors	r1, r3
200002de:	404b      	eors	r3, r1
200002e0:	4059      	eors	r1, r3
200002e2:	e000      	b.n	200002e6 <__aeabi_drcmp_2>

200002e4 <__wrap___aeabi_cdcmpeq>:
200002e4:	b53f      	push	{r0, r1, r2, r3, r4, r5, lr}

200002e6 <__aeabi_drcmp_2>:
200002e6:	4d12      	ldr	r5, [pc, #72]	@ (20000330 <__aeabi_drcmp_2+0x4a>)
200002e8:	004c      	lsls	r4, r1, #1
200002ea:	0d64      	lsrs	r4, r4, #21
200002ec:	d001      	beq.n	200002f2 <__aeabi_drcmp_2+0xc>
200002ee:	42ac      	cmp	r4, r5
200002f0:	d102      	bne.n	200002f8 <__aeabi_drcmp_2+0x12>
200002f2:	2000      	movs	r0, #0
200002f4:	0d09      	lsrs	r1, r1, #20
200002f6:	0509      	lsls	r1, r1, #20
200002f8:	005c      	lsls	r4, r3, #1
200002fa:	0d64      	lsrs	r4, r4, #21
200002fc:	d001      	beq.n	20000302 <__aeabi_drcmp_2+0x1c>
200002fe:	42ac      	cmp	r4, r5
20000300:	d102      	bne.n	20000308 <__aeabi_drcmp_2+0x22>
20000302:	2200      	movs	r2, #0
20000304:	0d1b      	lsrs	r3, r3, #20
20000306:	051b      	lsls	r3, r3, #20
20000308:	404b      	eors	r3, r1
2000030a:	d409      	bmi.n	20000320 <__aeabi_drcmp_2+0x3a>
2000030c:	404b      	eors	r3, r1
2000030e:	d503      	bpl.n	20000318 <__aeabi_drcmp_2+0x32>
20000310:	428b      	cmp	r3, r1
20000312:	d100      	bne.n	20000316 <__aeabi_drcmp_2+0x30>
20000314:	4282      	cmp	r2, r0
20000316:	bd3f      	pop	{r0, r1, r2, r3, r4, r5, pc}
20000318:	4299      	cmp	r1, r3
2000031a:	d1fc      	bne.n	20000316 <__aeabi_drcmp_2+0x30>
2000031c:	4290      	cmp	r0, r2
2000031e:	bd3f      	pop	{r0, r1, r2, r3, r4, r5, pc}
20000320:	430b      	orrs	r3, r1
20000322:	18db      	adds	r3, r3, r3
20000324:	4303      	orrs	r3, r0
20000326:	4313      	orrs	r3, r2
20000328:	d0f5      	beq.n	20000316 <__aeabi_drcmp_2+0x30>
2000032a:	43c9      	mvns	r1, r1
2000032c:	1849      	adds	r1, r1, r1
2000032e:	bd3f      	pop	{r0, r1, r2, r3, r4, r5, pc}
20000330:	000007ff 	.word	0x000007ff

20000334 <__wrap___aeabi_dcmpeq>:
20000334:	b500      	push	{lr}
20000336:	f7ff ffd5 	bl	200002e4 <__wrap___aeabi_cdcmpeq>
2000033a:	d001      	beq.n	20000340 <__wrap___aeabi_dcmpeq+0xc>
2000033c:	2000      	movs	r0, #0
2000033e:	bd00      	pop	{pc}
20000340:	2001      	movs	r0, #1
20000342:	bd00      	pop	{pc}

20000344 <__wrap___aeabi_dcmplt>:
20000344:	b500      	push	{lr}
20000346:	f7ff ffcd 	bl	200002e4 <__wrap___aeabi_cdcmpeq>
2000034a:	4180      	sbcs	r0, r0
2000034c:	4240      	negs	r0, r0
2000034e:	bd00      	pop	{pc}

20000350 <__wrap___aeabi_dcmpge>:
20000350:	b500      	push	{lr}
20000352:	f7ff ffbf 	bl	200002d4 <__wrap___aeabi_cdrcmple>
20000356:	d901      	bls.n	2000035c <__wrap___aeabi_dcmpge+0xc>
20000358:	2000      	movs	r0, #0
2000035a:	bd00      	pop	{pc}
2000035c:	2001      	movs	r0, #1
2000035e:	bd00      	pop	{pc}

20000360 <__wrap___aeabi_ui2d>:
20000360:	2100      	movs	r1, #0
20000362:	2800      	cmp	r0, #0
20000364:	d105      	bne.n	20000372 <i2d_2>

20000366 <ui2d_2>:
20000366:	4770      	bx	lr

20000368 <__wrap___aeabi_i2d>:
20000368:	17c1      	asrs	r1, r0, #31
2000036a:	4048      	eors	r0, r1
2000036c:	1a40      	subs	r0, r0, r1
2000036e:	d0fa      	beq.n	20000366 <ui2d_2>
20000370:	07c9      	lsls	r1, r1, #31

20000372 <i2d_2>:
20000372:	b513      	push	{r0, r1, r4, lr}
20000374:	4b06      	ldr	r3, [pc, #24]	@ (20000390 <i2d_2+0x1e>)
20000376:	681b      	ldr	r3, [r3, #0]
20000378:	4798      	blx	r3
2000037a:	bc0c      	pop	{r2, r3}
2000037c:	1c44      	adds	r4, r0, #1
2000037e:	40a2      	lsls	r2, r4
20000380:	0510      	lsls	r0, r2, #20
20000382:	0b12      	lsrs	r2, r2, #12
20000384:	4903      	ldr	r1, [pc, #12]	@ (20000394 <i2d_2+0x22>)
20000386:	1b09      	subs	r1, r1, r4
20000388:	0509      	lsls	r1, r1, #20
2000038a:	4319      	orrs	r1, r3
2000038c:	4311      	orrs	r1, r2
2000038e:	bd10      	pop	{r4, pc}
20000390:	20027864 	.word	0x20027864
20000394:	0000041f 	.word	0x0000041f

20000398 <__wrap___aeabi_d2uiz>:
20000398:	2200      	movs	r2, #0

2000039a <double2ufix>:
2000039a:	b500      	push	{lr}
2000039c:	3220      	adds	r2, #32
2000039e:	f000 f804 	bl	200003aa <double2ufix64>
200003a2:	0008      	movs	r0, r1
200003a4:	bd00      	pop	{pc}
	...

200003a8 <__wrap___aeabi_d2ulz>:
200003a8:	2200      	movs	r2, #0

200003aa <double2ufix64>:
200003aa:	150b      	asrs	r3, r1, #20
200003ac:	d40a      	bmi.n	200003c4 <ret_dzero>

200003ae <d2fix>:
200003ae:	b510      	push	{r4, lr}
200003b0:	4694      	mov	ip, r2
200003b2:	f000 f80d 	bl	200003d0 <dunpacks>
200003b6:	1414      	asrs	r4, r2, #16
200003b8:	3401      	adds	r4, #1
200003ba:	da00      	bge.n	200003be <d2fix+0x10>
200003bc:	2100      	movs	r1, #0
200003be:	17cb      	asrs	r3, r1, #31
200003c0:	4c02      	ldr	r4, [pc, #8]	@ (200003cc <ret_dzero+0x8>)
200003c2:	4720      	bx	r4

200003c4 <ret_dzero>:
200003c4:	2000      	movs	r0, #0
200003c6:	2100      	movs	r1, #0
200003c8:	4770      	bx	lr
200003ca:	0000      	.short	0x0000
200003cc:	200004bd 	.word	0x200004bd

200003d0 <dunpacks>:
200003d0:	0d0a      	lsrs	r2, r1, #20
200003d2:	0fcc      	lsrs	r4, r1, #31
200003d4:	1e53      	subs	r3, r2, #1
200003d6:	051b      	lsls	r3, r3, #20
200003d8:	1ac9      	subs	r1, r1, r3
200003da:	0552      	lsls	r2, r2, #21
200003dc:	d303      	bcc.n	200003e6 <l144_1>
200003de:	43c9      	mvns	r1, r1
200003e0:	4240      	negs	r0, r0
200003e2:	d300      	bcc.n	200003e6 <l144_1>
200003e4:	3101      	adds	r1, #1

200003e6 <l144_1>:
200003e6:	0d52      	lsrs	r2, r2, #21
200003e8:	d003      	beq.n	200003f2 <l144_2>
200003ea:	1c53      	adds	r3, r2, #1
200003ec:	0adb      	lsrs	r3, r3, #11
200003ee:	d007      	beq.n	20000400 <l144_3>
200003f0:	1b12      	subs	r2, r2, r4

200003f2 <l144_2>:
200003f2:	2000      	movs	r0, #0
200003f4:	0064      	lsls	r4, r4, #1
200003f6:	1c61      	adds	r1, r4, #1
200003f8:	0789      	lsls	r1, r1, #30
200003fa:	1289      	asrs	r1, r1, #10
200003fc:	3a80      	subs	r2, #128	@ 0x80
200003fe:	0312      	lsls	r2, r2, #12

20000400 <l144_3>:
20000400:	4b01      	ldr	r3, [pc, #4]	@ (20000408 <l144_3+0x8>)
20000402:	1ad2      	subs	r2, r2, r3
20000404:	4770      	bx	lr
20000406:	0000      	.short	0x0000
20000408:	000003ff 	.word	0x000003ff

2000040c <__wrap___aeabi_fadd>:
2000040c:	4b01      	ldr	r3, [pc, #4]	@ (20000414 <__wrap___aeabi_fadd+0x8>)
2000040e:	681b      	ldr	r3, [r3, #0]
20000410:	4718      	bx	r3
20000412:	0000      	.short	0x0000
20000414:	20026df4 	.word	0x20026df4

20000418 <fsqr>:
20000418:	0001      	movs	r1, r0

2000041a <__wrap___aeabi_fmul>:
2000041a:	4b01      	ldr	r3, [pc, #4]	@ (20000420 <__wrap___aeabi_fmul+0x6>)
2000041c:	689b      	ldr	r3, [r3, #8]
2000041e:	4718      	bx	r3
20000420:	20026df4 	.word	0x20026df4

20000424 <frec>:
20000424:	0001      	movs	r1, r0
20000426:	4805      	ldr	r0, [pc, #20]	@ (2000043c <__wrap___aeabi_fdiv+0x14>)

20000428 <__wrap___aeabi_fdiv>:
20000428:	b510      	push	{r4, lr}
2000042a:	f3ef 8410 	mrs	r4, PRIMASK
2000042e:	b672      	cpsid	i
20000430:	4b03      	ldr	r3, [pc, #12]	@ (20000440 <__wrap___aeabi_fdiv+0x18>)
20000432:	68db      	ldr	r3, [r3, #12]
20000434:	4798      	blx	r3
20000436:	f384 8810 	msr	PRIMASK, r4
2000043a:	bd10      	pop	{r4, pc}
2000043c:	3f800000 	.word	0x3f800000
20000440:	20026df4 	.word	0x20026df4

20000444 <__wrap___aeabi_ui2f>:
20000444:	1a49      	subs	r1, r1, r1
20000446:	2800      	cmp	r0, #0
20000448:	d106      	bne.n	20000458 <i2f_2>

2000044a <ui2f_2>:
2000044a:	4770      	bx	lr

2000044c <__wrap___aeabi_i2f>:
2000044c:	0fc1      	lsrs	r1, r0, #31
2000044e:	07c9      	lsls	r1, r1, #31
20000450:	d500      	bpl.n	20000454 <__wrap___aeabi_i2f+0x8>
20000452:	4240      	negs	r0, r0
20000454:	2800      	cmp	r0, #0
20000456:	d0f8      	beq.n	2000044a <ui2f_2>

20000458 <i2f_2>:
20000458:	b503      	push	{r0, r1, lr}
2000045a:	4b0b      	ldr	r3, [pc, #44]	@ (20000488 <i2f_2+0x30>)
2000045c:	681b      	ldr	r3, [r3, #0]
2000045e:	4798      	blx	r3
20000460:	bc0e      	pop	{r1, r2, r3}
20000462:	469e      	mov	lr, r3
20000464:	4081      	lsls	r1, r0
20000466:	389e      	subs	r0, #158	@ 0x9e
20000468:	4240      	negs	r0, r0
2000046a:	3180      	adds	r1, #128	@ 0x80
2000046c:	d207      	bcs.n	2000047e <i2f_2+0x26>
2000046e:	060b      	lsls	r3, r1, #24
20000470:	d007      	beq.n	20000482 <i2f_2+0x2a>
20000472:	0049      	lsls	r1, r1, #1
20000474:	0a49      	lsrs	r1, r1, #9
20000476:	05c0      	lsls	r0, r0, #23
20000478:	4310      	orrs	r0, r2
2000047a:	4308      	orrs	r0, r1
2000047c:	4770      	bx	lr
2000047e:	3001      	adds	r0, #1
20000480:	e7f8      	b.n	20000474 <i2f_2+0x1c>
20000482:	0a49      	lsrs	r1, r1, #9
20000484:	0289      	lsls	r1, r1, #10
20000486:	e7f5      	b.n	20000474 <i2f_2+0x1c>
20000488:	20027864 	.word	0x20027864

2000048c <__wrap___aeabi_f2iz>:
2000048c:	0041      	lsls	r1, r0, #1
2000048e:	0e0a      	lsrs	r2, r1, #24
20000490:	2380      	movs	r3, #128	@ 0x80
20000492:	061b      	lsls	r3, r3, #24
20000494:	2a7e      	cmp	r2, #126	@ 0x7e
20000496:	dd0b      	ble.n	200004b0 <__wrap___aeabi_f2iz+0x24>
20000498:	3a9e      	subs	r2, #158	@ 0x9e
2000049a:	da0b      	bge.n	200004b4 <__wrap___aeabi_f2iz+0x28>
2000049c:	17c1      	asrs	r1, r0, #31
2000049e:	0240      	lsls	r0, r0, #9
200004a0:	0840      	lsrs	r0, r0, #1
200004a2:	4318      	orrs	r0, r3
200004a4:	4252      	negs	r2, r2
200004a6:	40d0      	lsrs	r0, r2
200004a8:	0049      	lsls	r1, r1, #1
200004aa:	3101      	adds	r1, #1
200004ac:	4348      	muls	r0, r1
200004ae:	4770      	bx	lr
200004b0:	2000      	movs	r0, #0
200004b2:	4770      	bx	lr
200004b4:	0fc0      	lsrs	r0, r0, #31
200004b6:	18c0      	adds	r0, r0, r3
200004b8:	3801      	subs	r0, #1
200004ba:	4770      	bx	lr

200004bc <d2fix_a>:
200004bc:	4462      	add	r2, ip
200004be:	3a34      	subs	r2, #52	@ 0x34
200004c0:	d40c      	bmi.n	200004dc <d2fix_a+0x20>
200004c2:	2a0c      	cmp	r2, #12
200004c4:	da07      	bge.n	200004d6 <d2fix_a+0x1a>
200004c6:	0004      	movs	r4, r0
200004c8:	4091      	lsls	r1, r2
200004ca:	4090      	lsls	r0, r2
200004cc:	4252      	negs	r2, r2
200004ce:	3220      	adds	r2, #32
200004d0:	40d4      	lsrs	r4, r2
200004d2:	4321      	orrs	r1, r4
200004d4:	bd10      	pop	{r4, pc}
200004d6:	43d8      	mvns	r0, r3
200004d8:	43d9      	mvns	r1, r3
200004da:	bd10      	pop	{r4, pc}
200004dc:	3220      	adds	r2, #32
200004de:	d407      	bmi.n	200004f0 <d2fix_a+0x34>
200004e0:	460c      	mov	r4, r1
200004e2:	4094      	lsls	r4, r2
200004e4:	4252      	negs	r2, r2
200004e6:	3220      	adds	r2, #32
200004e8:	4111      	asrs	r1, r2
200004ea:	40d0      	lsrs	r0, r2
200004ec:	4320      	orrs	r0, r4
200004ee:	bd10      	pop	{r4, pc}
200004f0:	0008      	movs	r0, r1
200004f2:	17c9      	asrs	r1, r1, #31
200004f4:	3220      	adds	r2, #32
200004f6:	d403      	bmi.n	20000500 <d2fix_a+0x44>
200004f8:	4252      	negs	r2, r2
200004fa:	3220      	adds	r2, #32
200004fc:	4110      	asrs	r0, r2
200004fe:	bd10      	pop	{r4, pc}
20000500:	0018      	movs	r0, r3
20000502:	0019      	movs	r1, r3
20000504:	bd10      	pop	{r4, pc}
	...

20000508 <LedOff>:
20000508:	2801      	cmp	r0, #1
2000050a:	d806      	bhi.n	2000051a <LedOff+0x12>
2000050c:	4b03      	ldr	r3, [pc, #12]	@ (2000051c <LedOff+0x14>)
2000050e:	5c1a      	ldrb	r2, [r3, r0]
20000510:	2301      	movs	r3, #1
20000512:	4093      	lsls	r3, r2
20000514:	22d0      	movs	r2, #208	@ 0xd0
20000516:	0612      	lsls	r2, r2, #24
20000518:	6193      	str	r3, [r2, #24]
2000051a:	4770      	bx	lr
2000051c:	20000faa 	.word	0x20000faa

20000520 <FlashCmd>:
20000520:	b5f0      	push	{r4, r5, r6, r7, lr}
20000522:	b0c3      	sub	sp, #268	@ 0x10c
20000524:	0005      	movs	r5, r0
20000526:	000e      	movs	r6, r1
20000528:	0014      	movs	r4, r2
2000052a:	f000 fbf9 	bl	20000d20 <__Boot2Check_veneer>
2000052e:	9001      	str	r0, [sp, #4]
20000530:	2800      	cmp	r0, #0
20000532:	d005      	beq.n	20000540 <FlashCmd+0x20>
20000534:	2180      	movs	r1, #128	@ 0x80
20000536:	22fc      	movs	r2, #252	@ 0xfc
20000538:	0549      	lsls	r1, r1, #21
2000053a:	a803      	add	r0, sp, #12
2000053c:	f000 fbe8 	bl	20000d10 <____wrap_memcpy_veneer>
20000540:	f3ef 8710 	mrs	r7, PRIMASK
20000544:	b672      	cpsid	i
20000546:	4b24      	ldr	r3, [pc, #144]	@ (200005d8 <FlashCmd+0xb8>)
20000548:	681b      	ldr	r3, [r3, #0]
2000054a:	4798      	blx	r3
2000054c:	4b23      	ldr	r3, [pc, #140]	@ (200005dc <FlashCmd+0xbc>)
2000054e:	681b      	ldr	r3, [r3, #0]
20000550:	4798      	blx	r3
20000552:	4b23      	ldr	r3, [pc, #140]	@ (200005e0 <FlashCmd+0xc0>)
20000554:	681a      	ldr	r2, [r3, #0]
20000556:	2380      	movs	r3, #128	@ 0x80
20000558:	009b      	lsls	r3, r3, #2
2000055a:	4053      	eors	r3, r2
2000055c:	22c0      	movs	r2, #192	@ 0xc0
2000055e:	0092      	lsls	r2, r2, #2
20000560:	4013      	ands	r3, r2
20000562:	4a20      	ldr	r2, [pc, #128]	@ (200005e4 <FlashCmd+0xc4>)
20000564:	6013      	str	r3, [r2, #0]
20000566:	22c0      	movs	r2, #192	@ 0xc0
20000568:	0023      	movs	r3, r4
2000056a:	0552      	lsls	r2, r2, #21
2000056c:	0021      	movs	r1, r4
2000056e:	4319      	orrs	r1, r3
20000570:	d114      	bne.n	2000059c <FlashCmd+0x7c>
20000572:	22c0      	movs	r2, #192	@ 0xc0
20000574:	4b1c      	ldr	r3, [pc, #112]	@ (200005e8 <FlashCmd+0xc8>)
20000576:	0092      	lsls	r2, r2, #2
20000578:	601a      	str	r2, [r3, #0]
2000057a:	4b1c      	ldr	r3, [pc, #112]	@ (200005ec <FlashCmd+0xcc>)
2000057c:	681b      	ldr	r3, [r3, #0]
2000057e:	4798      	blx	r3
20000580:	9b01      	ldr	r3, [sp, #4]
20000582:	2b00      	cmp	r3, #0
20000584:	d024      	beq.n	200005d0 <FlashCmd+0xb0>
20000586:	9b03      	ldr	r3, [sp, #12]
20000588:	3b01      	subs	r3, #1
2000058a:	3303      	adds	r3, #3
2000058c:	d820      	bhi.n	200005d0 <FlashCmd+0xb0>
2000058e:	ab02      	add	r3, sp, #8
20000590:	3305      	adds	r3, #5
20000592:	4798      	blx	r3
20000594:	f387 8810 	msr	PRIMASK, r7
20000598:	b043      	add	sp, #268	@ 0x10c
2000059a:	bdf0      	pop	{r4, r5, r6, r7, pc}
2000059c:	2008      	movs	r0, #8
2000059e:	6a91      	ldr	r1, [r2, #40]	@ 0x28
200005a0:	4008      	ands	r0, r1
200005a2:	4684      	mov	ip, r0
200005a4:	2002      	movs	r0, #2
200005a6:	4201      	tst	r1, r0
200005a8:	d008      	beq.n	200005bc <FlashCmd+0x9c>
200005aa:	2c00      	cmp	r4, #0
200005ac:	d006      	beq.n	200005bc <FlashCmd+0x9c>
200005ae:	1b19      	subs	r1, r3, r4
200005b0:	290d      	cmp	r1, #13
200005b2:	d803      	bhi.n	200005bc <FlashCmd+0x9c>
200005b4:	7829      	ldrb	r1, [r5, #0]
200005b6:	3c01      	subs	r4, #1
200005b8:	6611      	str	r1, [r2, #96]	@ 0x60
200005ba:	3501      	adds	r5, #1
200005bc:	4661      	mov	r1, ip
200005be:	2900      	cmp	r1, #0
200005c0:	d0d4      	beq.n	2000056c <FlashCmd+0x4c>
200005c2:	2b00      	cmp	r3, #0
200005c4:	d0d2      	beq.n	2000056c <FlashCmd+0x4c>
200005c6:	6e11      	ldr	r1, [r2, #96]	@ 0x60
200005c8:	3b01      	subs	r3, #1
200005ca:	7031      	strb	r1, [r6, #0]
200005cc:	3601      	adds	r6, #1
200005ce:	e7cd      	b.n	2000056c <FlashCmd+0x4c>
200005d0:	4b07      	ldr	r3, [pc, #28]	@ (200005f0 <FlashCmd+0xd0>)
200005d2:	681b      	ldr	r3, [r3, #0]
200005d4:	e7dd      	b.n	20000592 <FlashCmd+0x72>
200005d6:	46c0      	nop			@ (mov r8, r8)
200005d8:	200014ac 	.word	0x200014ac
200005dc:	200014a4 	.word	0x200014a4
200005e0:	4001800c 	.word	0x4001800c
200005e4:	4001900c 	.word	0x4001900c
200005e8:	4001a00c 	.word	0x4001a00c
200005ec:	200014a8 	.word	0x200014a8
200005f0:	200014a0 	.word	0x200014a0

200005f4 <I4004_ProgByte>:
200005f4:	b510      	push	{r4, lr}
200005f6:	0004      	movs	r4, r0
200005f8:	6ae3      	ldr	r3, [r4, #44]	@ 0x2c
200005fa:	8900      	ldrh	r0, [r0, #8]
200005fc:	4798      	blx	r3
200005fe:	8923      	ldrh	r3, [r4, #8]
20000600:	3301      	adds	r3, #1
20000602:	051b      	lsls	r3, r3, #20
20000604:	0d1b      	lsrs	r3, r3, #20
20000606:	8123      	strh	r3, [r4, #8]
20000608:	6823      	ldr	r3, [r4, #0]
2000060a:	3320      	adds	r3, #32
2000060c:	6023      	str	r3, [r4, #0]
2000060e:	bd10      	pop	{r4, pc}

20000610 <I4004_Exec>:
20000610:	2300      	movs	r3, #0
20000612:	b5f0      	push	{r4, r5, r6, r7, lr}
20000614:	b083      	sub	sp, #12
20000616:	7483      	strb	r3, [r0, #18]
20000618:	7c83      	ldrb	r3, [r0, #18]
2000061a:	0005      	movs	r5, r0
2000061c:	2b00      	cmp	r3, #0
2000061e:	d131      	bne.n	20000684 <I4004_Exec+0x74>
20000620:	4ecb      	ldr	r6, [pc, #812]	@ (20000950 <I4004_Exec+0x340>)
20000622:	0028      	movs	r0, r5
20000624:	f7ff ffe6 	bl	200005f4 <I4004_ProgByte>
20000628:	0004      	movs	r4, r0
2000062a:	28fd      	cmp	r0, #253	@ 0xfd
2000062c:	d81c      	bhi.n	20000668 <I4004_Exec+0x58>
2000062e:	284f      	cmp	r0, #79	@ 0x4f
20000630:	d935      	bls.n	2000069e <I4004_Exec+0x8e>
20000632:	0002      	movs	r2, r0
20000634:	3a60      	subs	r2, #96	@ 0x60
20000636:	b2d3      	uxtb	r3, r2
20000638:	2b9d      	cmp	r3, #157	@ 0x9d
2000063a:	d900      	bls.n	2000063e <I4004_Exec+0x2e>
2000063c:	e1cd      	b.n	200009da <I4004_Exec+0x3ca>
2000063e:	009b      	lsls	r3, r3, #2
20000640:	58f3      	ldr	r3, [r6, r3]
20000642:	469f      	mov	pc, r3
20000644:	3470      	adds	r4, #112	@ 0x70
20000646:	b2e3      	uxtb	r3, r4
20000648:	18eb      	adds	r3, r5, r3
2000064a:	7d18      	ldrb	r0, [r3, #20]
2000064c:	230f      	movs	r3, #15
2000064e:	2101      	movs	r1, #1
20000650:	220f      	movs	r2, #15
20000652:	4058      	eors	r0, r3
20000654:	7c2b      	ldrb	r3, [r5, #16]
20000656:	404b      	eors	r3, r1
20000658:	7be9      	ldrb	r1, [r5, #15]
2000065a:	185b      	adds	r3, r3, r1
2000065c:	181b      	adds	r3, r3, r0
2000065e:	401a      	ands	r2, r3
20000660:	73ea      	strb	r2, [r5, #15]
20000662:	b2db      	uxtb	r3, r3
20000664:	091b      	lsrs	r3, r3, #4
20000666:	742b      	strb	r3, [r5, #16]
20000668:	682a      	ldr	r2, [r5, #0]
2000066a:	6869      	ldr	r1, [r5, #4]
2000066c:	b292      	uxth	r2, r2
2000066e:	680b      	ldr	r3, [r1, #0]
20000670:	48b8      	ldr	r0, [pc, #736]	@ (20000954 <I4004_Exec+0x344>)
20000672:	1ad3      	subs	r3, r2, r3
20000674:	b21b      	sxth	r3, r3
20000676:	4283      	cmp	r3, r0
20000678:	da06      	bge.n	20000688 <I4004_Exec+0x78>
2000067a:	680b      	ldr	r3, [r1, #0]
2000067c:	602b      	str	r3, [r5, #0]
2000067e:	7cab      	ldrb	r3, [r5, #18]
20000680:	2b00      	cmp	r3, #0
20000682:	d0ce      	beq.n	20000622 <I4004_Exec+0x12>
20000684:	b003      	add	sp, #12
20000686:	bdf0      	pop	{r4, r5, r6, r7, pc}
20000688:	680b      	ldr	r3, [r1, #0]
2000068a:	1ad3      	subs	r3, r2, r3
2000068c:	b21b      	sxth	r3, r3
2000068e:	2b00      	cmp	r3, #0
20000690:	ddf5      	ble.n	2000067e <I4004_Exec+0x6e>
20000692:	680b      	ldr	r3, [r1, #0]
20000694:	1ad3      	subs	r3, r2, r3
20000696:	b21b      	sxth	r3, r3
20000698:	2b00      	cmp	r3, #0
2000069a:	dcf5      	bgt.n	20000688 <I4004_Exec+0x78>
2000069c:	e7ef      	b.n	2000067e <I4004_Exec+0x6e>
2000069e:	2830      	cmp	r0, #48	@ 0x30
200006a0:	d826      	bhi.n	200006f0 <I4004_Exec+0xe0>
200006a2:	281f      	cmp	r0, #31
200006a4:	d800      	bhi.n	200006a8 <I4004_Exec+0x98>
200006a6:	e07e      	b.n	200007a6 <I4004_Exec+0x196>
200006a8:	0007      	movs	r7, r0
200006aa:	2301      	movs	r3, #1
200006ac:	3f20      	subs	r7, #32
200006ae:	b2ff      	uxtb	r7, r7
200006b0:	40bb      	lsls	r3, r7
200006b2:	4aa9      	ldr	r2, [pc, #676]	@ (20000958 <I4004_Exec+0x348>)
200006b4:	4213      	tst	r3, r2
200006b6:	d000      	beq.n	200006ba <I4004_Exec+0xaa>
200006b8:	e185      	b.n	200009c6 <I4004_Exec+0x3b6>
200006ba:	4aa8      	ldr	r2, [pc, #672]	@ (2000095c <I4004_Exec+0x34c>)
200006bc:	4213      	tst	r3, r2
200006be:	d000      	beq.n	200006c2 <I4004_Exec+0xb2>
200006c0:	e0bd      	b.n	2000083e <I4004_Exec+0x22e>
200006c2:	22f0      	movs	r2, #240	@ 0xf0
200006c4:	892b      	ldrh	r3, [r5, #8]
200006c6:	0112      	lsls	r2, r2, #4
200006c8:	4013      	ands	r3, r2
200006ca:	7d2a      	ldrb	r2, [r5, #20]
200006cc:	7d68      	ldrb	r0, [r5, #21]
200006ce:	0112      	lsls	r2, r2, #4
200006d0:	4313      	orrs	r3, r2
200006d2:	4318      	orrs	r0, r3
200006d4:	6aeb      	ldr	r3, [r5, #44]	@ 0x2c
200006d6:	4798      	blx	r3
200006d8:	210f      	movs	r1, #15
200006da:	682a      	ldr	r2, [r5, #0]
200006dc:	3c30      	subs	r4, #48	@ 0x30
200006de:	b2e4      	uxtb	r4, r4
200006e0:	192c      	adds	r4, r5, r4
200006e2:	4001      	ands	r1, r0
200006e4:	3220      	adds	r2, #32
200006e6:	0900      	lsrs	r0, r0, #4
200006e8:	602a      	str	r2, [r5, #0]
200006ea:	7520      	strb	r0, [r4, #20]
200006ec:	7561      	strb	r1, [r4, #21]
200006ee:	e7bc      	b.n	2000066a <I4004_Exec+0x5a>
200006f0:	0003      	movs	r3, r0
200006f2:	2201      	movs	r2, #1
200006f4:	3b31      	subs	r3, #49	@ 0x31
200006f6:	b2db      	uxtb	r3, r3
200006f8:	409a      	lsls	r2, r3
200006fa:	4999      	ldr	r1, [pc, #612]	@ (20000960 <I4004_Exec+0x350>)
200006fc:	420a      	tst	r2, r1
200006fe:	d17d      	bne.n	200007fc <I4004_Exec+0x1ec>
20000700:	4996      	ldr	r1, [pc, #600]	@ (2000095c <I4004_Exec+0x34c>)
20000702:	420a      	tst	r2, r1
20000704:	d100      	bne.n	20000708 <I4004_Exec+0xf8>
20000706:	e18f      	b.n	20000a28 <I4004_Exec+0x418>
20000708:	21f0      	movs	r1, #240	@ 0xf0
2000070a:	18eb      	adds	r3, r5, r3
2000070c:	7d1a      	ldrb	r2, [r3, #20]
2000070e:	7d5b      	ldrb	r3, [r3, #21]
20000710:	0112      	lsls	r2, r2, #4
20000712:	4313      	orrs	r3, r2
20000714:	892a      	ldrh	r2, [r5, #8]
20000716:	0109      	lsls	r1, r1, #4
20000718:	400a      	ands	r2, r1
2000071a:	4313      	orrs	r3, r2
2000071c:	812b      	strh	r3, [r5, #8]
2000071e:	682a      	ldr	r2, [r5, #0]
20000720:	e7a3      	b.n	2000066a <I4004_Exec+0x5a>
20000722:	3430      	adds	r4, #48	@ 0x30
20000724:	682a      	ldr	r2, [r5, #0]
20000726:	73ec      	strb	r4, [r5, #15]
20000728:	e79f      	b.n	2000066a <I4004_Exec+0x5a>
2000072a:	2303      	movs	r3, #3
2000072c:	7baa      	ldrb	r2, [r5, #14]
2000072e:	3440      	adds	r4, #64	@ 0x40
20000730:	3a01      	subs	r2, #1
20000732:	4013      	ands	r3, r2
20000734:	73ab      	strb	r3, [r5, #14]
20000736:	005b      	lsls	r3, r3, #1
20000738:	73ec      	strb	r4, [r5, #15]
2000073a:	18eb      	adds	r3, r5, r3
2000073c:	8c9b      	ldrh	r3, [r3, #36]	@ 0x24
2000073e:	812b      	strh	r3, [r5, #8]
20000740:	e792      	b.n	20000668 <I4004_Exec+0x58>
20000742:	3450      	adds	r4, #80	@ 0x50
20000744:	b2e3      	uxtb	r3, r4
20000746:	18eb      	adds	r3, r5, r3
20000748:	7bea      	ldrb	r2, [r5, #15]
2000074a:	7d19      	ldrb	r1, [r3, #20]
2000074c:	73e9      	strb	r1, [r5, #15]
2000074e:	751a      	strb	r2, [r3, #20]
20000750:	e78a      	b.n	20000668 <I4004_Exec+0x58>
20000752:	3460      	adds	r4, #96	@ 0x60
20000754:	b2e3      	uxtb	r3, r4
20000756:	18eb      	adds	r3, r5, r3
20000758:	7d1b      	ldrb	r3, [r3, #20]
2000075a:	682a      	ldr	r2, [r5, #0]
2000075c:	73eb      	strb	r3, [r5, #15]
2000075e:	e784      	b.n	2000066a <I4004_Exec+0x5a>
20000760:	3c80      	subs	r4, #128	@ 0x80
20000762:	b2e2      	uxtb	r2, r4
20000764:	18aa      	adds	r2, r5, r2
20000766:	7beb      	ldrb	r3, [r5, #15]
20000768:	7c28      	ldrb	r0, [r5, #16]
2000076a:	7d11      	ldrb	r1, [r2, #20]
2000076c:	181b      	adds	r3, r3, r0
2000076e:	220f      	movs	r2, #15
20000770:	185b      	adds	r3, r3, r1
20000772:	e774      	b.n	2000065e <I4004_Exec+0x4e>
20000774:	3c70      	subs	r4, #112	@ 0x70
20000776:	b2e3      	uxtb	r3, r4
20000778:	240f      	movs	r4, #15
2000077a:	18eb      	adds	r3, r5, r3
2000077c:	7d1a      	ldrb	r2, [r3, #20]
2000077e:	0028      	movs	r0, r5
20000780:	3201      	adds	r2, #1
20000782:	4014      	ands	r4, r2
20000784:	751c      	strb	r4, [r3, #20]
20000786:	f7ff ff35 	bl	200005f4 <I4004_ProgByte>
2000078a:	682a      	ldr	r2, [r5, #0]
2000078c:	2c00      	cmp	r4, #0
2000078e:	d100      	bne.n	20000792 <I4004_Exec+0x182>
20000790:	e76b      	b.n	2000066a <I4004_Exec+0x5a>
20000792:	7228      	strb	r0, [r5, #8]
20000794:	e769      	b.n	2000066a <I4004_Exec+0x5a>
20000796:	230f      	movs	r3, #15
20000798:	b2d2      	uxtb	r2, r2
2000079a:	18aa      	adds	r2, r5, r2
2000079c:	7d11      	ldrb	r1, [r2, #20]
2000079e:	3101      	adds	r1, #1
200007a0:	400b      	ands	r3, r1
200007a2:	7513      	strb	r3, [r2, #20]
200007a4:	e760      	b.n	20000668 <I4004_Exec+0x58>
200007a6:	0003      	movs	r3, r0
200007a8:	3b10      	subs	r3, #16
200007aa:	b2db      	uxtb	r3, r3
200007ac:	2b0f      	cmp	r3, #15
200007ae:	d900      	bls.n	200007b2 <I4004_Exec+0x1a2>
200007b0:	e75a      	b.n	20000668 <I4004_Exec+0x58>
200007b2:	2301      	movs	r3, #1
200007b4:	001f      	movs	r7, r3
200007b6:	4007      	ands	r7, r0
200007b8:	4203      	tst	r3, r0
200007ba:	d004      	beq.n	200007c6 <I4004_Exec+0x1b6>
200007bc:	6c2b      	ldr	r3, [r5, #64]	@ 0x40
200007be:	4798      	blx	r3
200007c0:	4243      	negs	r3, r0
200007c2:	4158      	adcs	r0, r3
200007c4:	b2c7      	uxtb	r7, r0
200007c6:	07a3      	lsls	r3, r4, #30
200007c8:	d503      	bpl.n	200007d2 <I4004_Exec+0x1c2>
200007ca:	7c2b      	ldrb	r3, [r5, #16]
200007cc:	1e5a      	subs	r2, r3, #1
200007ce:	4193      	sbcs	r3, r2
200007d0:	431f      	orrs	r7, r3
200007d2:	2308      	movs	r3, #8
200007d4:	4023      	ands	r3, r4
200007d6:	0028      	movs	r0, r5
200007d8:	9301      	str	r3, [sp, #4]
200007da:	0764      	lsls	r4, r4, #29
200007dc:	d400      	bmi.n	200007e0 <I4004_Exec+0x1d0>
200007de:	e10e      	b.n	200009fe <I4004_Exec+0x3ee>
200007e0:	7beb      	ldrb	r3, [r5, #15]
200007e2:	2b00      	cmp	r3, #0
200007e4:	d000      	beq.n	200007e8 <I4004_Exec+0x1d8>
200007e6:	e10a      	b.n	200009fe <I4004_Exec+0x3ee>
200007e8:	f7ff ff04 	bl	200005f4 <I4004_ProgByte>
200007ec:	9b01      	ldr	r3, [sp, #4]
200007ee:	2b00      	cmp	r3, #0
200007f0:	d000      	beq.n	200007f4 <I4004_Exec+0x1e4>
200007f2:	e739      	b.n	20000668 <I4004_Exec+0x58>
200007f4:	682b      	ldr	r3, [r5, #0]
200007f6:	001a      	movs	r2, r3
200007f8:	7228      	strb	r0, [r5, #8]
200007fa:	e736      	b.n	2000066a <I4004_Exec+0x5a>
200007fc:	0028      	movs	r0, r5
200007fe:	f7ff fef9 	bl	200005f4 <I4004_ProgByte>
20000802:	3c40      	subs	r4, #64	@ 0x40
20000804:	0224      	lsls	r4, r4, #8
20000806:	4304      	orrs	r4, r0
20000808:	682a      	ldr	r2, [r5, #0]
2000080a:	812c      	strh	r4, [r5, #8]
2000080c:	e72d      	b.n	2000066a <I4004_Exec+0x5a>
2000080e:	2203      	movs	r2, #3
20000810:	896b      	ldrh	r3, [r5, #10]
20000812:	089b      	lsrs	r3, r3, #2
20000814:	4393      	bics	r3, r2
20000816:	4002      	ands	r2, r0
20000818:	4313      	orrs	r3, r2
2000081a:	4a52      	ldr	r2, [pc, #328]	@ (20000964 <I4004_Exec+0x354>)
2000081c:	18eb      	adds	r3, r5, r3
2000081e:	189b      	adds	r3, r3, r2
20000820:	781b      	ldrb	r3, [r3, #0]
20000822:	682a      	ldr	r2, [r5, #0]
20000824:	e79a      	b.n	2000075c <I4004_Exec+0x14c>
20000826:	2203      	movs	r2, #3
20000828:	896b      	ldrh	r3, [r5, #10]
2000082a:	494e      	ldr	r1, [pc, #312]	@ (20000964 <I4004_Exec+0x354>)
2000082c:	089b      	lsrs	r3, r3, #2
2000082e:	4393      	bics	r3, r2
20000830:	4002      	ands	r2, r0
20000832:	4313      	orrs	r3, r2
20000834:	18eb      	adds	r3, r5, r3
20000836:	7bea      	ldrb	r2, [r5, #15]
20000838:	185b      	adds	r3, r3, r1
2000083a:	701a      	strb	r2, [r3, #0]
2000083c:	e714      	b.n	20000668 <I4004_Exec+0x58>
2000083e:	0028      	movs	r0, r5
20000840:	f7ff fed8 	bl	200005f4 <I4004_ProgByte>
20000844:	230f      	movs	r3, #15
20000846:	19ef      	adds	r7, r5, r7
20000848:	4003      	ands	r3, r0
2000084a:	0900      	lsrs	r0, r0, #4
2000084c:	757b      	strb	r3, [r7, #21]
2000084e:	7538      	strb	r0, [r7, #20]
20000850:	e70a      	b.n	20000668 <I4004_Exec+0x58>
20000852:	2300      	movs	r3, #0
20000854:	73eb      	strb	r3, [r5, #15]
20000856:	2300      	movs	r3, #0
20000858:	682a      	ldr	r2, [r5, #0]
2000085a:	742b      	strb	r3, [r5, #16]
2000085c:	e705      	b.n	2000066a <I4004_Exec+0x5a>
2000085e:	7c2a      	ldrb	r2, [r5, #16]
20000860:	7beb      	ldrb	r3, [r5, #15]
20000862:	2a00      	cmp	r2, #0
20000864:	d100      	bne.n	20000868 <I4004_Exec+0x258>
20000866:	e0db      	b.n	20000a20 <I4004_Exec+0x410>
20000868:	210f      	movs	r1, #15
2000086a:	3306      	adds	r3, #6
2000086c:	b2da      	uxtb	r2, r3
2000086e:	400b      	ands	r3, r1
20000870:	73eb      	strb	r3, [r5, #15]
20000872:	2a0f      	cmp	r2, #15
20000874:	d800      	bhi.n	20000878 <I4004_Exec+0x268>
20000876:	e6f7      	b.n	20000668 <I4004_Exec+0x58>
20000878:	2301      	movs	r3, #1
2000087a:	682a      	ldr	r2, [r5, #0]
2000087c:	e7ed      	b.n	2000085a <I4004_Exec+0x24a>
2000087e:	4a3a      	ldr	r2, [pc, #232]	@ (20000968 <I4004_Exec+0x358>)
20000880:	7beb      	ldrb	r3, [r5, #15]
20000882:	5cd3      	ldrb	r3, [r2, r3]
20000884:	682a      	ldr	r2, [r5, #0]
20000886:	e769      	b.n	2000075c <I4004_Exec+0x14c>
20000888:	2307      	movs	r3, #7
2000088a:	7bea      	ldrb	r2, [r5, #15]
2000088c:	4013      	ands	r3, r2
2000088e:	72eb      	strb	r3, [r5, #11]
20000890:	682a      	ldr	r2, [r5, #0]
20000892:	e6ea      	b.n	2000066a <I4004_Exec+0x5a>
20000894:	896b      	ldrh	r3, [r5, #10]
20000896:	7be9      	ldrb	r1, [r5, #15]
20000898:	18eb      	adds	r3, r5, r3
2000089a:	7c28      	ldrb	r0, [r5, #16]
2000089c:	3344      	adds	r3, #68	@ 0x44
2000089e:	781b      	ldrb	r3, [r3, #0]
200008a0:	1809      	adds	r1, r1, r0
200008a2:	220f      	movs	r2, #15
200008a4:	185b      	adds	r3, r3, r1
200008a6:	e6da      	b.n	2000065e <I4004_Exec+0x4e>
200008a8:	220f      	movs	r2, #15
200008aa:	2101      	movs	r1, #1
200008ac:	200f      	movs	r0, #15
200008ae:	896b      	ldrh	r3, [r5, #10]
200008b0:	18eb      	adds	r3, r5, r3
200008b2:	3344      	adds	r3, #68	@ 0x44
200008b4:	781b      	ldrb	r3, [r3, #0]
200008b6:	4053      	eors	r3, r2
200008b8:	7c2a      	ldrb	r2, [r5, #16]
200008ba:	404a      	eors	r2, r1
200008bc:	7be9      	ldrb	r1, [r5, #15]
200008be:	1852      	adds	r2, r2, r1
200008c0:	189b      	adds	r3, r3, r2
200008c2:	4018      	ands	r0, r3
200008c4:	73e8      	strb	r0, [r5, #15]
200008c6:	e6cc      	b.n	20000662 <I4004_Exec+0x52>
200008c8:	7aa8      	ldrb	r0, [r5, #10]
200008ca:	6beb      	ldr	r3, [r5, #60]	@ 0x3c
200008cc:	0900      	lsrs	r0, r0, #4
200008ce:	4798      	blx	r3
200008d0:	682a      	ldr	r2, [r5, #0]
200008d2:	73e8      	strb	r0, [r5, #15]
200008d4:	e6c9      	b.n	2000066a <I4004_Exec+0x5a>
200008d6:	896b      	ldrh	r3, [r5, #10]
200008d8:	682a      	ldr	r2, [r5, #0]
200008da:	18eb      	adds	r3, r5, r3
200008dc:	3344      	adds	r3, #68	@ 0x44
200008de:	781b      	ldrb	r3, [r3, #0]
200008e0:	73eb      	strb	r3, [r5, #15]
200008e2:	e6c2      	b.n	2000066a <I4004_Exec+0x5a>
200008e4:	22f0      	movs	r2, #240	@ 0xf0
200008e6:	7aa8      	ldrb	r0, [r5, #10]
200008e8:	0112      	lsls	r2, r2, #4
200008ea:	6aeb      	ldr	r3, [r5, #44]	@ 0x2c
200008ec:	1880      	adds	r0, r0, r2
200008ee:	4798      	blx	r3
200008f0:	7c6b      	ldrb	r3, [r5, #17]
200008f2:	7be9      	ldrb	r1, [r5, #15]
200008f4:	2b00      	cmp	r3, #0
200008f6:	d100      	bne.n	200008fa <I4004_Exec+0x2ea>
200008f8:	e08d      	b.n	20000a16 <I4004_Exec+0x406>
200008fa:	220f      	movs	r2, #15
200008fc:	4390      	bics	r0, r2
200008fe:	4301      	orrs	r1, r0
20000900:	2201      	movs	r2, #1
20000902:	4053      	eors	r3, r2
20000904:	746b      	strb	r3, [r5, #17]
20000906:	23f0      	movs	r3, #240	@ 0xf0
20000908:	7aa8      	ldrb	r0, [r5, #10]
2000090a:	011b      	lsls	r3, r3, #4
2000090c:	18c0      	adds	r0, r0, r3
2000090e:	b2c9      	uxtb	r1, r1
20000910:	6b2b      	ldr	r3, [r5, #48]	@ 0x30
20000912:	4798      	blx	r3
20000914:	e6a8      	b.n	20000668 <I4004_Exec+0x58>
20000916:	7aa8      	ldrb	r0, [r5, #10]
20000918:	7be9      	ldrb	r1, [r5, #15]
2000091a:	6bab      	ldr	r3, [r5, #56]	@ 0x38
2000091c:	0900      	lsrs	r0, r0, #4
2000091e:	4798      	blx	r3
20000920:	e6a2      	b.n	20000668 <I4004_Exec+0x58>
20000922:	7aa8      	ldrb	r0, [r5, #10]
20000924:	7aeb      	ldrb	r3, [r5, #11]
20000926:	0980      	lsrs	r0, r0, #6
20000928:	009b      	lsls	r3, r3, #2
2000092a:	4318      	orrs	r0, r3
2000092c:	7be9      	ldrb	r1, [r5, #15]
2000092e:	6b6b      	ldr	r3, [r5, #52]	@ 0x34
20000930:	b2c0      	uxtb	r0, r0
20000932:	4798      	blx	r3
20000934:	e698      	b.n	20000668 <I4004_Exec+0x58>
20000936:	896b      	ldrh	r3, [r5, #10]
20000938:	7bea      	ldrb	r2, [r5, #15]
2000093a:	18eb      	adds	r3, r5, r3
2000093c:	3344      	adds	r3, #68	@ 0x44
2000093e:	701a      	strb	r2, [r3, #0]
20000940:	e692      	b.n	20000668 <I4004_Exec+0x58>
20000942:	2100      	movs	r1, #0
20000944:	7c2b      	ldrb	r3, [r5, #16]
20000946:	682a      	ldr	r2, [r5, #0]
20000948:	3309      	adds	r3, #9
2000094a:	73eb      	strb	r3, [r5, #15]
2000094c:	7429      	strb	r1, [r5, #16]
2000094e:	e68c      	b.n	2000066a <I4004_Exec+0x5a>
20000950:	20000d30 	.word	0x20000d30
20000954:	ffffb1e0 	.word	0xffffb1e0
20000958:	0000aaaa 	.word	0x0000aaaa
2000095c:	00005555 	.word	0x00005555
20000960:	7fff8000 	.word	0x7fff8000
20000964:	00000844 	.word	0x00000844
20000968:	20000ff0 	.word	0x20000ff0
2000096c:	7beb      	ldrb	r3, [r5, #15]
2000096e:	330f      	adds	r3, #15
20000970:	210f      	movs	r1, #15
20000972:	b2da      	uxtb	r2, r3
20000974:	0912      	lsrs	r2, r2, #4
20000976:	400b      	ands	r3, r1
20000978:	742a      	strb	r2, [r5, #16]
2000097a:	73eb      	strb	r3, [r5, #15]
2000097c:	682a      	ldr	r2, [r5, #0]
2000097e:	e674      	b.n	2000066a <I4004_Exec+0x5a>
20000980:	7c2a      	ldrb	r2, [r5, #16]
20000982:	2300      	movs	r3, #0
20000984:	73ea      	strb	r2, [r5, #15]
20000986:	682a      	ldr	r2, [r5, #0]
20000988:	e767      	b.n	2000085a <I4004_Exec+0x24a>
2000098a:	2101      	movs	r1, #1
2000098c:	7c2a      	ldrb	r2, [r5, #16]
2000098e:	7beb      	ldrb	r3, [r5, #15]
20000990:	0112      	lsls	r2, r2, #4
20000992:	4313      	orrs	r3, r2
20000994:	b2da      	uxtb	r2, r3
20000996:	0852      	lsrs	r2, r2, #1
20000998:	400b      	ands	r3, r1
2000099a:	73ea      	strb	r2, [r5, #15]
2000099c:	742b      	strb	r3, [r5, #16]
2000099e:	682a      	ldr	r2, [r5, #0]
200009a0:	e663      	b.n	2000066a <I4004_Exec+0x5a>
200009a2:	7beb      	ldrb	r3, [r5, #15]
200009a4:	7c2a      	ldrb	r2, [r5, #16]
200009a6:	005b      	lsls	r3, r3, #1
200009a8:	4313      	orrs	r3, r2
200009aa:	e7e1      	b.n	20000970 <I4004_Exec+0x360>
200009ac:	220f      	movs	r2, #15
200009ae:	7beb      	ldrb	r3, [r5, #15]
200009b0:	4053      	eors	r3, r2
200009b2:	682a      	ldr	r2, [r5, #0]
200009b4:	e6d2      	b.n	2000075c <I4004_Exec+0x14c>
200009b6:	2201      	movs	r2, #1
200009b8:	7c2b      	ldrb	r3, [r5, #16]
200009ba:	4053      	eors	r3, r2
200009bc:	682a      	ldr	r2, [r5, #0]
200009be:	e74c      	b.n	2000085a <I4004_Exec+0x24a>
200009c0:	7beb      	ldrb	r3, [r5, #15]
200009c2:	3301      	adds	r3, #1
200009c4:	e7d4      	b.n	20000970 <I4004_Exec+0x360>
200009c6:	3c21      	subs	r4, #33	@ 0x21
200009c8:	b2e3      	uxtb	r3, r4
200009ca:	18eb      	adds	r3, r5, r3
200009cc:	7d1a      	ldrb	r2, [r3, #20]
200009ce:	7d5b      	ldrb	r3, [r3, #21]
200009d0:	0112      	lsls	r2, r2, #4
200009d2:	4313      	orrs	r3, r2
200009d4:	72ab      	strb	r3, [r5, #10]
200009d6:	682a      	ldr	r2, [r5, #0]
200009d8:	e647      	b.n	2000066a <I4004_Exec+0x5a>
200009da:	0028      	movs	r0, r5
200009dc:	f7ff fe0a 	bl	200005f4 <I4004_ProgByte>
200009e0:	2703      	movs	r7, #3
200009e2:	7ba9      	ldrb	r1, [r5, #14]
200009e4:	3c50      	subs	r4, #80	@ 0x50
200009e6:	0224      	lsls	r4, r4, #8
200009e8:	4320      	orrs	r0, r4
200009ea:	004b      	lsls	r3, r1, #1
200009ec:	892c      	ldrh	r4, [r5, #8]
200009ee:	3101      	adds	r1, #1
200009f0:	4039      	ands	r1, r7
200009f2:	18eb      	adds	r3, r5, r3
200009f4:	682a      	ldr	r2, [r5, #0]
200009f6:	849c      	strh	r4, [r3, #36]	@ 0x24
200009f8:	73a9      	strb	r1, [r5, #14]
200009fa:	8128      	strh	r0, [r5, #8]
200009fc:	e635      	b.n	2000066a <I4004_Exec+0x5a>
200009fe:	f7ff fdf9 	bl	200005f4 <I4004_ProgByte>
20000a02:	682a      	ldr	r2, [r5, #0]
20000a04:	9c01      	ldr	r4, [sp, #4]
20000a06:	0013      	movs	r3, r2
20000a08:	2c00      	cmp	r4, #0
20000a0a:	d112      	bne.n	20000a32 <I4004_Exec+0x422>
20000a0c:	2f00      	cmp	r7, #0
20000a0e:	d100      	bne.n	20000a12 <I4004_Exec+0x402>
20000a10:	e62b      	b.n	2000066a <I4004_Exec+0x5a>
20000a12:	001a      	movs	r2, r3
20000a14:	e6f0      	b.n	200007f8 <I4004_Exec+0x1e8>
20000a16:	220f      	movs	r2, #15
20000a18:	0109      	lsls	r1, r1, #4
20000a1a:	4002      	ands	r2, r0
20000a1c:	4311      	orrs	r1, r2
20000a1e:	e76f      	b.n	20000900 <I4004_Exec+0x2f0>
20000a20:	2b09      	cmp	r3, #9
20000a22:	d900      	bls.n	20000a26 <I4004_Exec+0x416>
20000a24:	e720      	b.n	20000868 <I4004_Exec+0x258>
20000a26:	e61f      	b.n	20000668 <I4004_Exec+0x58>
20000a28:	4b04      	ldr	r3, [pc, #16]	@ (20000a3c <I4004_Exec+0x42c>)
20000a2a:	421a      	tst	r2, r3
20000a2c:	d000      	beq.n	20000a30 <I4004_Exec+0x420>
20000a2e:	e648      	b.n	200006c2 <I4004_Exec+0xb2>
20000a30:	e61a      	b.n	20000668 <I4004_Exec+0x58>
20000a32:	2f00      	cmp	r7, #0
20000a34:	d000      	beq.n	20000a38 <I4004_Exec+0x428>
20000a36:	e618      	b.n	2000066a <I4004_Exec+0x5a>
20000a38:	7228      	strb	r0, [r5, #8]
20000a3a:	e616      	b.n	2000066a <I4004_Exec+0x5a>
20000a3c:	00002aaa 	.word	0x00002aaa

20000a40 <_Z9GetRomMemt>:
20000a40:	4b01      	ldr	r3, [pc, #4]	@ (20000a48 <_Z9GetRomMemt+0x8>)
20000a42:	5c18      	ldrb	r0, [r3, r0]
20000a44:	4770      	bx	lr
20000a46:	46c0      	nop			@ (mov r8, r8)
20000a48:	1002e880 	.word	0x1002e880

20000a4c <_Z9SetRomMemth>:
20000a4c:	4770      	bx	lr
20000a4e:	46c0      	nop			@ (mov r8, r8)

20000a50 <_Z10SetRamPorthh>:
20000a50:	b5f0      	push	{r4, r5, r6, r7, lr}
20000a52:	2800      	cmp	r0, #0
20000a54:	d165      	bne.n	20000b22 <_Z10SetRamPorthh+0xd2>
20000a56:	07cb      	lsls	r3, r1, #31
20000a58:	d468      	bmi.n	20000b2c <_Z10SetRamPorthh+0xdc>
20000a5a:	4c3b      	ldr	r4, [pc, #236]	@ (20000b48 <_Z10SetRamPorthh+0xf8>)
20000a5c:	7825      	ldrb	r5, [r4, #0]
20000a5e:	2002      	movs	r0, #2
20000a60:	4b3a      	ldr	r3, [pc, #232]	@ (20000b4c <_Z10SetRamPorthh+0xfc>)
20000a62:	781a      	ldrb	r2, [r3, #0]
20000a64:	7019      	strb	r1, [r3, #0]
20000a66:	4210      	tst	r0, r2
20000a68:	d14f      	bne.n	20000b0a <_Z10SetRamPorthh+0xba>
20000a6a:	4208      	tst	r0, r1
20000a6c:	d04d      	beq.n	20000b0a <_Z10SetRamPorthh+0xba>
20000a6e:	4b38      	ldr	r3, [pc, #224]	@ (20000b50 <_Z10SetRamPorthh+0x100>)
20000a70:	681b      	ldr	r3, [r3, #0]
20000a72:	07d8      	lsls	r0, r3, #31
20000a74:	d45f      	bmi.n	20000b36 <_Z10SetRamPorthh+0xe6>
20000a76:	4837      	ldr	r0, [pc, #220]	@ (20000b54 <_Z10SetRamPorthh+0x104>)
20000a78:	079e      	lsls	r6, r3, #30
20000a7a:	d505      	bpl.n	20000a88 <_Z10SetRamPorthh+0x38>
20000a7c:	7806      	ldrb	r6, [r0, #0]
20000a7e:	4f36      	ldr	r7, [pc, #216]	@ (20000b58 <_Z10SetRamPorthh+0x108>)
20000a80:	5dbe      	ldrb	r6, [r7, r6]
20000a82:	4f36      	ldr	r7, [pc, #216]	@ (20000b5c <_Z10SetRamPorthh+0x10c>)
20000a84:	432e      	orrs	r6, r5
20000a86:	747e      	strb	r6, [r7, #17]
20000a88:	7800      	ldrb	r0, [r0, #0]
20000a8a:	4e35      	ldr	r6, [pc, #212]	@ (20000b60 <_Z10SetRamPorthh+0x110>)
20000a8c:	5c30      	ldrb	r0, [r6, r0]
20000a8e:	4328      	orrs	r0, r5
20000a90:	071d      	lsls	r5, r3, #28
20000a92:	d501      	bpl.n	20000a98 <_Z10SetRamPorthh+0x48>
20000a94:	4d31      	ldr	r5, [pc, #196]	@ (20000b5c <_Z10SetRamPorthh+0x10c>)
20000a96:	7028      	strb	r0, [r5, #0]
20000a98:	06dd      	lsls	r5, r3, #27
20000a9a:	d501      	bpl.n	20000aa0 <_Z10SetRamPorthh+0x50>
20000a9c:	4d2f      	ldr	r5, [pc, #188]	@ (20000b5c <_Z10SetRamPorthh+0x10c>)
20000a9e:	7068      	strb	r0, [r5, #1]
20000aa0:	069d      	lsls	r5, r3, #26
20000aa2:	d501      	bpl.n	20000aa8 <_Z10SetRamPorthh+0x58>
20000aa4:	4d2d      	ldr	r5, [pc, #180]	@ (20000b5c <_Z10SetRamPorthh+0x10c>)
20000aa6:	70a8      	strb	r0, [r5, #2]
20000aa8:	065d      	lsls	r5, r3, #25
20000aaa:	d501      	bpl.n	20000ab0 <_Z10SetRamPorthh+0x60>
20000aac:	4d2b      	ldr	r5, [pc, #172]	@ (20000b5c <_Z10SetRamPorthh+0x10c>)
20000aae:	70e8      	strb	r0, [r5, #3]
20000ab0:	061d      	lsls	r5, r3, #24
20000ab2:	d501      	bpl.n	20000ab8 <_Z10SetRamPorthh+0x68>
20000ab4:	4d29      	ldr	r5, [pc, #164]	@ (20000b5c <_Z10SetRamPorthh+0x10c>)
20000ab6:	7128      	strb	r0, [r5, #4]
20000ab8:	05dd      	lsls	r5, r3, #23
20000aba:	d501      	bpl.n	20000ac0 <_Z10SetRamPorthh+0x70>
20000abc:	4d27      	ldr	r5, [pc, #156]	@ (20000b5c <_Z10SetRamPorthh+0x10c>)
20000abe:	7168      	strb	r0, [r5, #5]
20000ac0:	059d      	lsls	r5, r3, #22
20000ac2:	d501      	bpl.n	20000ac8 <_Z10SetRamPorthh+0x78>
20000ac4:	4d25      	ldr	r5, [pc, #148]	@ (20000b5c <_Z10SetRamPorthh+0x10c>)
20000ac6:	71a8      	strb	r0, [r5, #6]
20000ac8:	055d      	lsls	r5, r3, #21
20000aca:	d501      	bpl.n	20000ad0 <_Z10SetRamPorthh+0x80>
20000acc:	4d23      	ldr	r5, [pc, #140]	@ (20000b5c <_Z10SetRamPorthh+0x10c>)
20000ace:	71e8      	strb	r0, [r5, #7]
20000ad0:	051d      	lsls	r5, r3, #20
20000ad2:	d501      	bpl.n	20000ad8 <_Z10SetRamPorthh+0x88>
20000ad4:	4d21      	ldr	r5, [pc, #132]	@ (20000b5c <_Z10SetRamPorthh+0x10c>)
20000ad6:	7228      	strb	r0, [r5, #8]
20000ad8:	04dd      	lsls	r5, r3, #19
20000ada:	d501      	bpl.n	20000ae0 <_Z10SetRamPorthh+0x90>
20000adc:	4d1f      	ldr	r5, [pc, #124]	@ (20000b5c <_Z10SetRamPorthh+0x10c>)
20000ade:	7268      	strb	r0, [r5, #9]
20000ae0:	049d      	lsls	r5, r3, #18
20000ae2:	d501      	bpl.n	20000ae8 <_Z10SetRamPorthh+0x98>
20000ae4:	4d1d      	ldr	r5, [pc, #116]	@ (20000b5c <_Z10SetRamPorthh+0x10c>)
20000ae6:	72a8      	strb	r0, [r5, #10]
20000ae8:	045d      	lsls	r5, r3, #17
20000aea:	d501      	bpl.n	20000af0 <_Z10SetRamPorthh+0xa0>
20000aec:	4d1b      	ldr	r5, [pc, #108]	@ (20000b5c <_Z10SetRamPorthh+0x10c>)
20000aee:	72e8      	strb	r0, [r5, #11]
20000af0:	041d      	lsls	r5, r3, #16
20000af2:	d501      	bpl.n	20000af8 <_Z10SetRamPorthh+0xa8>
20000af4:	4d19      	ldr	r5, [pc, #100]	@ (20000b5c <_Z10SetRamPorthh+0x10c>)
20000af6:	7328      	strb	r0, [r5, #12]
20000af8:	141d      	asrs	r5, r3, #16
20000afa:	03db      	lsls	r3, r3, #15
20000afc:	d501      	bpl.n	20000b02 <_Z10SetRamPorthh+0xb2>
20000afe:	4b17      	ldr	r3, [pc, #92]	@ (20000b5c <_Z10SetRamPorthh+0x10c>)
20000b00:	7358      	strb	r0, [r3, #13]
20000b02:	07ad      	lsls	r5, r5, #30
20000b04:	d501      	bpl.n	20000b0a <_Z10SetRamPorthh+0xba>
20000b06:	4b15      	ldr	r3, [pc, #84]	@ (20000b5c <_Z10SetRamPorthh+0x10c>)
20000b08:	7398      	strb	r0, [r3, #14]
20000b0a:	2308      	movs	r3, #8
20000b0c:	0018      	movs	r0, r3
20000b0e:	4010      	ands	r0, r2
20000b10:	4213      	tst	r3, r2
20000b12:	d105      	bne.n	20000b20 <_Z10SetRamPorthh+0xd0>
20000b14:	420b      	tst	r3, r1
20000b16:	d003      	beq.n	20000b20 <_Z10SetRamPorthh+0xd0>
20000b18:	2201      	movs	r2, #1
20000b1a:	4b12      	ldr	r3, [pc, #72]	@ (20000b64 <_Z10SetRamPorthh+0x114>)
20000b1c:	7020      	strb	r0, [r4, #0]
20000b1e:	701a      	strb	r2, [r3, #0]
20000b20:	bdf0      	pop	{r4, r5, r6, r7, pc}
20000b22:	2801      	cmp	r0, #1
20000b24:	d1fc      	bne.n	20000b20 <_Z10SetRamPorthh+0xd0>
20000b26:	4b10      	ldr	r3, [pc, #64]	@ (20000b68 <_Z10SetRamPorthh+0x118>)
20000b28:	7019      	strb	r1, [r3, #0]
20000b2a:	e7f9      	b.n	20000b20 <_Z10SetRamPorthh+0xd0>
20000b2c:	2380      	movs	r3, #128	@ 0x80
20000b2e:	4c06      	ldr	r4, [pc, #24]	@ (20000b48 <_Z10SetRamPorthh+0xf8>)
20000b30:	2580      	movs	r5, #128	@ 0x80
20000b32:	7023      	strb	r3, [r4, #0]
20000b34:	e793      	b.n	20000a5e <_Z10SetRamPorthh+0xe>
20000b36:	4807      	ldr	r0, [pc, #28]	@ (20000b54 <_Z10SetRamPorthh+0x104>)
20000b38:	4e0c      	ldr	r6, [pc, #48]	@ (20000b6c <_Z10SetRamPorthh+0x11c>)
20000b3a:	7807      	ldrb	r7, [r0, #0]
20000b3c:	5df6      	ldrb	r6, [r6, r7]
20000b3e:	4f07      	ldr	r7, [pc, #28]	@ (20000b5c <_Z10SetRamPorthh+0x10c>)
20000b40:	432e      	orrs	r6, r5
20000b42:	743e      	strb	r6, [r7, #16]
20000b44:	e798      	b.n	20000a78 <_Z10SetRamPorthh+0x28>
20000b46:	46c0      	nop			@ (mov r8, r8)
20000b48:	2002845c 	.word	0x2002845c
20000b4c:	20028447 	.word	0x20028447
20000b50:	20026cc0 	.word	0x20026cc0
20000b54:	2002845e 	.word	0x2002845e
20000b58:	10011818 	.word	0x10011818
20000b5c:	2002844a 	.word	0x2002844a
20000b60:	10011832 	.word	0x10011832
20000b64:	20028449 	.word	0x20028449
20000b68:	20028445 	.word	0x20028445
20000b6c:	10011825 	.word	0x10011825

20000b70 <_Z10SetRomPorthh>:
20000b70:	b530      	push	{r4, r5, lr}
20000b72:	2800      	cmp	r0, #0
20000b74:	d11b      	bne.n	20000bae <_Z10SetRomPorthh+0x3e>
20000b76:	4a0e      	ldr	r2, [pc, #56]	@ (20000bb0 <_Z10SetRomPorthh+0x40>)
20000b78:	3001      	adds	r0, #1
20000b7a:	7813      	ldrb	r3, [r2, #0]
20000b7c:	7011      	strb	r1, [r2, #0]
20000b7e:	4218      	tst	r0, r3
20000b80:	d108      	bne.n	20000b94 <_Z10SetRomPorthh+0x24>
20000b82:	4208      	tst	r0, r1
20000b84:	d006      	beq.n	20000b94 <_Z10SetRomPorthh+0x24>
20000b86:	4c0b      	ldr	r4, [pc, #44]	@ (20000bb4 <_Z10SetRomPorthh+0x44>)
20000b88:	6822      	ldr	r2, [r4, #0]
20000b8a:	0052      	lsls	r2, r2, #1
20000b8c:	078d      	lsls	r5, r1, #30
20000b8e:	d500      	bpl.n	20000b92 <_Z10SetRomPorthh+0x22>
20000b90:	4302      	orrs	r2, r0
20000b92:	6022      	str	r2, [r4, #0]
20000b94:	2204      	movs	r2, #4
20000b96:	421a      	tst	r2, r3
20000b98:	d109      	bne.n	20000bae <_Z10SetRomPorthh+0x3e>
20000b9a:	420a      	tst	r2, r1
20000b9c:	d007      	beq.n	20000bae <_Z10SetRomPorthh+0x3e>
20000b9e:	4a06      	ldr	r2, [pc, #24]	@ (20000bb8 <_Z10SetRomPorthh+0x48>)
20000ba0:	6813      	ldr	r3, [r2, #0]
20000ba2:	005b      	lsls	r3, r3, #1
20000ba4:	0789      	lsls	r1, r1, #30
20000ba6:	d501      	bpl.n	20000bac <_Z10SetRomPorthh+0x3c>
20000ba8:	2101      	movs	r1, #1
20000baa:	430b      	orrs	r3, r1
20000bac:	6013      	str	r3, [r2, #0]
20000bae:	bd30      	pop	{r4, r5, pc}
20000bb0:	20028448 	.word	0x20028448
20000bb4:	20026cbc 	.word	0x20026cbc
20000bb8:	20026cc0 	.word	0x20026cc0

20000bbc <_Z10GetRomPorth>:
20000bbc:	0003      	movs	r3, r0
20000bbe:	2801      	cmp	r0, #1
20000bc0:	d003      	beq.n	20000bca <_Z10GetRomPorth+0xe>
20000bc2:	2000      	movs	r0, #0
20000bc4:	2b02      	cmp	r3, #2
20000bc6:	d037      	beq.n	20000c38 <_Z10GetRomPorth+0x7c>
20000bc8:	4770      	bx	lr
20000bca:	4a21      	ldr	r2, [pc, #132]	@ (20000c50 <_Z10GetRomPorth+0x94>)
20000bcc:	4921      	ldr	r1, [pc, #132]	@ (20000c54 <_Z10GetRomPorth+0x98>)
20000bce:	6812      	ldr	r2, [r2, #0]
20000bd0:	2000      	movs	r0, #0
20000bd2:	6809      	ldr	r1, [r1, #0]
20000bd4:	4213      	tst	r3, r2
20000bd6:	d101      	bne.n	20000bdc <_Z10GetRomPorth+0x20>
20000bd8:	300f      	adds	r0, #15
20000bda:	4008      	ands	r0, r1
20000bdc:	0793      	lsls	r3, r2, #30
20000bde:	d402      	bmi.n	20000be6 <_Z10GetRomPorth+0x2a>
20000be0:	060b      	lsls	r3, r1, #24
20000be2:	0f1b      	lsrs	r3, r3, #28
20000be4:	4318      	orrs	r0, r3
20000be6:	0753      	lsls	r3, r2, #29
20000be8:	d402      	bmi.n	20000bf0 <_Z10GetRomPorth+0x34>
20000bea:	050b      	lsls	r3, r1, #20
20000bec:	0f1b      	lsrs	r3, r3, #28
20000bee:	4318      	orrs	r0, r3
20000bf0:	0713      	lsls	r3, r2, #28
20000bf2:	d402      	bmi.n	20000bfa <_Z10GetRomPorth+0x3e>
20000bf4:	040b      	lsls	r3, r1, #16
20000bf6:	0f1b      	lsrs	r3, r3, #28
20000bf8:	4318      	orrs	r0, r3
20000bfa:	06d3      	lsls	r3, r2, #27
20000bfc:	d402      	bmi.n	20000c04 <_Z10GetRomPorth+0x48>
20000bfe:	030b      	lsls	r3, r1, #12
20000c00:	0f1b      	lsrs	r3, r3, #28
20000c02:	4318      	orrs	r0, r3
20000c04:	0693      	lsls	r3, r2, #26
20000c06:	d402      	bmi.n	20000c0e <_Z10GetRomPorth+0x52>
20000c08:	020b      	lsls	r3, r1, #8
20000c0a:	0f1b      	lsrs	r3, r3, #28
20000c0c:	4318      	orrs	r0, r3
20000c0e:	0653      	lsls	r3, r2, #25
20000c10:	d402      	bmi.n	20000c18 <_Z10GetRomPorth+0x5c>
20000c12:	010b      	lsls	r3, r1, #4
20000c14:	0f1b      	lsrs	r3, r3, #28
20000c16:	4318      	orrs	r0, r3
20000c18:	0613      	lsls	r3, r2, #24
20000c1a:	d401      	bmi.n	20000c20 <_Z10GetRomPorth+0x64>
20000c1c:	0f09      	lsrs	r1, r1, #28
20000c1e:	4308      	orrs	r0, r1
20000c20:	1213      	asrs	r3, r2, #8
20000c22:	05d2      	lsls	r2, r2, #23
20000c24:	d402      	bmi.n	20000c2c <_Z10GetRomPorth+0x70>
20000c26:	4a0c      	ldr	r2, [pc, #48]	@ (20000c58 <_Z10GetRomPorth+0x9c>)
20000c28:	7812      	ldrb	r2, [r2, #0]
20000c2a:	4310      	orrs	r0, r2
20000c2c:	079b      	lsls	r3, r3, #30
20000c2e:	d4cb      	bmi.n	20000bc8 <_Z10GetRomPorth+0xc>
20000c30:	4b0a      	ldr	r3, [pc, #40]	@ (20000c5c <_Z10GetRomPorth+0xa0>)
20000c32:	781b      	ldrb	r3, [r3, #0]
20000c34:	4318      	orrs	r0, r3
20000c36:	e7c7      	b.n	20000bc8 <_Z10GetRomPorth+0xc>
20000c38:	4a09      	ldr	r2, [pc, #36]	@ (20000c60 <_Z10GetRomPorth+0xa4>)
20000c3a:	4b0a      	ldr	r3, [pc, #40]	@ (20000c64 <_Z10GetRomPorth+0xa8>)
20000c3c:	7810      	ldrb	r0, [r2, #0]
20000c3e:	781b      	ldrb	r3, [r3, #0]
20000c40:	1e42      	subs	r2, r0, #1
20000c42:	4190      	sbcs	r0, r2
20000c44:	00c0      	lsls	r0, r0, #3
20000c46:	2b00      	cmp	r3, #0
20000c48:	d1be      	bne.n	20000bc8 <_Z10GetRomPorth+0xc>
20000c4a:	3301      	adds	r3, #1
20000c4c:	4318      	orrs	r0, r3
20000c4e:	e7bb      	b.n	20000bc8 <_Z10GetRomPorth+0xc>
20000c50:	20026cbc 	.word	0x20026cbc
20000c54:	20026cc8 	.word	0x20026cc8
20000c58:	20028442 	.word	0x20028442
20000c5c:	2002845d 	.word	0x2002845d
20000c60:	20028441 	.word	0x20028441
20000c64:	2002845e 	.word	0x2002845e

20000c68 <_Z7GetTestv>:
20000c68:	b530      	push	{r4, r5, lr}
20000c6a:	4b0f      	ldr	r3, [pc, #60]	@ (20000ca8 <_Z7GetTestv+0x40>)
20000c6c:	490f      	ldr	r1, [pc, #60]	@ (20000cac <_Z7GetTestv+0x44>)
20000c6e:	6a9c      	ldr	r4, [r3, #40]	@ 0x28
20000c70:	4a0f      	ldr	r2, [pc, #60]	@ (20000cb0 <_Z7GetTestv+0x48>)
20000c72:	680b      	ldr	r3, [r1, #0]
20000c74:	4d0f      	ldr	r5, [pc, #60]	@ (20000cb4 <_Z7GetTestv+0x4c>)
20000c76:	7810      	ldrb	r0, [r2, #0]
20000c78:	1ae3      	subs	r3, r4, r3
20000c7a:	42ab      	cmp	r3, r5
20000c7c:	dd11      	ble.n	20000ca2 <_Z7GetTestv+0x3a>
20000c7e:	2301      	movs	r3, #1
20000c80:	4043      	eors	r3, r0
20000c82:	600c      	str	r4, [r1, #0]
20000c84:	7013      	strb	r3, [r2, #0]
20000c86:	2801      	cmp	r0, #1
20000c88:	d00c      	beq.n	20000ca4 <_Z7GetTestv+0x3c>
20000c8a:	240c      	movs	r4, #12
20000c8c:	2200      	movs	r2, #0
20000c8e:	490a      	ldr	r1, [pc, #40]	@ (20000cb8 <_Z7GetTestv+0x50>)
20000c90:	0018      	movs	r0, r3
20000c92:	780b      	ldrb	r3, [r1, #0]
20000c94:	3301      	adds	r3, #1
20000c96:	b2db      	uxtb	r3, r3
20000c98:	429c      	cmp	r4, r3
20000c9a:	4152      	adcs	r2, r2
20000c9c:	4252      	negs	r2, r2
20000c9e:	4013      	ands	r3, r2
20000ca0:	700b      	strb	r3, [r1, #0]
20000ca2:	bd30      	pop	{r4, r5, pc}
20000ca4:	2000      	movs	r0, #0
20000ca6:	e7fc      	b.n	20000ca2 <_Z7GetTestv+0x3a>
20000ca8:	40054000 	.word	0x40054000
20000cac:	20026cc4 	.word	0x20026cc4
20000cb0:	20028460 	.word	0x20028460
20000cb4:	000036af 	.word	0x000036af
20000cb8:	2002845e 	.word	0x2002845e

20000cbc <__gnu_thumb1_case_sqi>:
20000cbc:	b402      	push	{r1}
20000cbe:	4671      	mov	r1, lr
20000cc0:	0849      	lsrs	r1, r1, #1
20000cc2:	0049      	lsls	r1, r1, #1
20000cc4:	5609      	ldrsb	r1, [r1, r0]
20000cc6:	0049      	lsls	r1, r1, #1
20000cc8:	448e      	add	lr, r1
20000cca:	bc02      	pop	{r1}
20000ccc:	4770      	bx	lr
20000cce:	46c0      	nop			@ (mov r8, r8)

20000cd0 <__gnu_thumb1_case_uqi>:
20000cd0:	b402      	push	{r1}
20000cd2:	4671      	mov	r1, lr
20000cd4:	0849      	lsrs	r1, r1, #1
20000cd6:	0049      	lsls	r1, r1, #1
20000cd8:	5c09      	ldrb	r1, [r1, r0]
20000cda:	0049      	lsls	r1, r1, #1
20000cdc:	448e      	add	lr, r1
20000cde:	bc02      	pop	{r1}
20000ce0:	4770      	bx	lr
20000ce2:	46c0      	nop			@ (mov r8, r8)

20000ce4 <__gnu_thumb1_case_uhi>:
20000ce4:	b403      	push	{r0, r1}
20000ce6:	4671      	mov	r1, lr
20000ce8:	0849      	lsrs	r1, r1, #1
20000cea:	0040      	lsls	r0, r0, #1
20000cec:	0049      	lsls	r1, r1, #1
20000cee:	5a09      	ldrh	r1, [r1, r0]
20000cf0:	0049      	lsls	r1, r1, #1
20000cf2:	448e      	add	lr, r1
20000cf4:	bc03      	pop	{r0, r1}
20000cf6:	4770      	bx	lr

20000cf8 <__aeabi_llsl>:
20000cf8:	4091      	lsls	r1, r2
20000cfa:	0003      	movs	r3, r0
20000cfc:	4090      	lsls	r0, r2
20000cfe:	469c      	mov	ip, r3
20000d00:	3a20      	subs	r2, #32
20000d02:	4093      	lsls	r3, r2
20000d04:	4319      	orrs	r1, r3
20000d06:	4252      	negs	r2, r2
20000d08:	4663      	mov	r3, ip
20000d0a:	40d3      	lsrs	r3, r2
20000d0c:	4319      	orrs	r1, r3
20000d0e:	4770      	bx	lr

20000d10 <____wrap_memcpy_veneer>:
20000d10:	b401      	push	{r0}
20000d12:	4802      	ldr	r0, [pc, #8]	@ (20000d1c <____wrap_memcpy_veneer+0xc>)
20000d14:	4684      	mov	ip, r0
20000d16:	bc01      	pop	{r0}
20000d18:	4760      	bx	ip
20000d1a:	bf00      	nop
20000d1c:	10008385 	.word	0x10008385

20000d20 <__Boot2Check_veneer>:
20000d20:	b401      	push	{r0}
20000d22:	4802      	ldr	r0, [pc, #8]	@ (20000d2c <__Boot2Check_veneer+0xc>)
20000d24:	4684      	mov	ip, r0
20000d26:	bc01      	pop	{r0}
20000d28:	4760      	bx	ip
20000d2a:	bf00      	nop
20000d2c:	10008d45 	.word	0x10008d45
20000d30:	20000796 	.word	0x20000796
20000d34:	20000796 	.word	0x20000796
20000d38:	20000796 	.word	0x20000796
20000d3c:	20000796 	.word	0x20000796
20000d40:	20000796 	.word	0x20000796
20000d44:	20000796 	.word	0x20000796
20000d48:	20000796 	.word	0x20000796
20000d4c:	20000796 	.word	0x20000796
20000d50:	20000796 	.word	0x20000796
20000d54:	20000796 	.word	0x20000796
20000d58:	20000796 	.word	0x20000796
20000d5c:	20000796 	.word	0x20000796
20000d60:	20000796 	.word	0x20000796
20000d64:	20000796 	.word	0x20000796
20000d68:	20000796 	.word	0x20000796
20000d6c:	20000796 	.word	0x20000796
20000d70:	20000774 	.word	0x20000774
20000d74:	20000774 	.word	0x20000774
20000d78:	20000774 	.word	0x20000774
20000d7c:	20000774 	.word	0x20000774
20000d80:	20000774 	.word	0x20000774
20000d84:	20000774 	.word	0x20000774
20000d88:	20000774 	.word	0x20000774
20000d8c:	20000774 	.word	0x20000774
20000d90:	20000774 	.word	0x20000774
20000d94:	20000774 	.word	0x20000774
20000d98:	20000774 	.word	0x20000774
20000d9c:	20000774 	.word	0x20000774
20000da0:	20000774 	.word	0x20000774
20000da4:	20000774 	.word	0x20000774
20000da8:	20000774 	.word	0x20000774
20000dac:	20000774 	.word	0x20000774
20000db0:	20000760 	.word	0x20000760
20000db4:	20000760 	.word	0x20000760
20000db8:	20000760 	.word	0x20000760
20000dbc:	20000760 	.word	0x20000760
20000dc0:	20000760 	.word	0x20000760
20000dc4:	20000760 	.word	0x20000760
20000dc8:	20000760 	.word	0x20000760
20000dcc:	20000760 	.word	0x20000760
20000dd0:	20000760 	.word	0x20000760
20000dd4:	20000760 	.word	0x20000760
20000dd8:	20000760 	.word	0x20000760
20000ddc:	20000760 	.word	0x20000760
20000de0:	20000760 	.word	0x20000760
20000de4:	20000760 	.word	0x20000760
20000de8:	20000760 	.word	0x20000760
20000dec:	20000760 	.word	0x20000760
20000df0:	20000644 	.word	0x20000644
20000df4:	20000644 	.word	0x20000644
20000df8:	20000644 	.word	0x20000644
20000dfc:	20000644 	.word	0x20000644
20000e00:	20000644 	.word	0x20000644
20000e04:	20000644 	.word	0x20000644
20000e08:	20000644 	.word	0x20000644
20000e0c:	20000644 	.word	0x20000644
20000e10:	20000644 	.word	0x20000644
20000e14:	20000644 	.word	0x20000644
20000e18:	20000644 	.word	0x20000644
20000e1c:	20000644 	.word	0x20000644
20000e20:	20000644 	.word	0x20000644
20000e24:	20000644 	.word	0x20000644
20000e28:	20000644 	.word	0x20000644
20000e2c:	20000644 	.word	0x20000644
20000e30:	20000752 	.word	0x20000752
20000e34:	20000752 	.word	0x20000752
20000e38:	20000752 	.word	0x20000752
20000e3c:	20000752 	.word	0x20000752
20000e40:	20000752 	.word	0x20000752
20000e44:	20000752 	.word	0x20000752
20000e48:	20000752 	.word	0x20000752
20000e4c:	20000752 	.word	0x20000752
20000e50:	20000752 	.word	0x20000752
20000e54:	20000752 	.word	0x20000752
20000e58:	20000752 	.word	0x20000752
20000e5c:	20000752 	.word	0x20000752
20000e60:	20000752 	.word	0x20000752
20000e64:	20000752 	.word	0x20000752
20000e68:	20000752 	.word	0x20000752
20000e6c:	20000752 	.word	0x20000752
20000e70:	20000742 	.word	0x20000742
20000e74:	20000742 	.word	0x20000742
20000e78:	20000742 	.word	0x20000742
20000e7c:	20000742 	.word	0x20000742
20000e80:	20000742 	.word	0x20000742
20000e84:	20000742 	.word	0x20000742
20000e88:	20000742 	.word	0x20000742
20000e8c:	20000742 	.word	0x20000742
20000e90:	20000742 	.word	0x20000742
20000e94:	20000742 	.word	0x20000742
20000e98:	20000742 	.word	0x20000742
20000e9c:	20000742 	.word	0x20000742
20000ea0:	20000742 	.word	0x20000742
20000ea4:	20000742 	.word	0x20000742
20000ea8:	20000742 	.word	0x20000742
20000eac:	20000742 	.word	0x20000742
20000eb0:	2000072a 	.word	0x2000072a
20000eb4:	2000072a 	.word	0x2000072a
20000eb8:	2000072a 	.word	0x2000072a
20000ebc:	2000072a 	.word	0x2000072a
20000ec0:	2000072a 	.word	0x2000072a
20000ec4:	2000072a 	.word	0x2000072a
20000ec8:	2000072a 	.word	0x2000072a
20000ecc:	2000072a 	.word	0x2000072a
20000ed0:	2000072a 	.word	0x2000072a
20000ed4:	2000072a 	.word	0x2000072a
20000ed8:	2000072a 	.word	0x2000072a
20000edc:	2000072a 	.word	0x2000072a
20000ee0:	2000072a 	.word	0x2000072a
20000ee4:	2000072a 	.word	0x2000072a
20000ee8:	2000072a 	.word	0x2000072a
20000eec:	2000072a 	.word	0x2000072a
20000ef0:	20000722 	.word	0x20000722
20000ef4:	20000722 	.word	0x20000722
20000ef8:	20000722 	.word	0x20000722
20000efc:	20000722 	.word	0x20000722
20000f00:	20000722 	.word	0x20000722
20000f04:	20000722 	.word	0x20000722
20000f08:	20000722 	.word	0x20000722
20000f0c:	20000722 	.word	0x20000722
20000f10:	20000722 	.word	0x20000722
20000f14:	20000722 	.word	0x20000722
20000f18:	20000722 	.word	0x20000722
20000f1c:	20000722 	.word	0x20000722
20000f20:	20000722 	.word	0x20000722
20000f24:	20000722 	.word	0x20000722
20000f28:	20000722 	.word	0x20000722
20000f2c:	20000722 	.word	0x20000722
20000f30:	20000936 	.word	0x20000936
20000f34:	20000922 	.word	0x20000922
20000f38:	20000916 	.word	0x20000916
20000f3c:	200008e4 	.word	0x200008e4
20000f40:	20000826 	.word	0x20000826
20000f44:	20000826 	.word	0x20000826
20000f48:	20000826 	.word	0x20000826
20000f4c:	20000826 	.word	0x20000826
20000f50:	200008a8 	.word	0x200008a8
20000f54:	200008d6 	.word	0x200008d6
20000f58:	200008c8 	.word	0x200008c8
20000f5c:	20000894 	.word	0x20000894
20000f60:	2000080e 	.word	0x2000080e
20000f64:	2000080e 	.word	0x2000080e
20000f68:	2000080e 	.word	0x2000080e
20000f6c:	2000080e 	.word	0x2000080e
20000f70:	20000852 	.word	0x20000852
20000f74:	20000856 	.word	0x20000856
20000f78:	200009c0 	.word	0x200009c0
20000f7c:	200009b6 	.word	0x200009b6
20000f80:	200009ac 	.word	0x200009ac
20000f84:	200009a2 	.word	0x200009a2
20000f88:	2000098a 	.word	0x2000098a
20000f8c:	20000980 	.word	0x20000980
20000f90:	2000096c 	.word	0x2000096c
20000f94:	20000942 	.word	0x20000942
20000f98:	20000878 	.word	0x20000878
20000f9c:	2000085e 	.word	0x2000085e
20000fa0:	2000087e 	.word	0x2000087e
20000fa4:	20000888 	.word	0x20000888

20000fa8 <LedGpioTabInv>:
20000fa8:	                                         ..

20000faa <LedGpioTab>:
20000faa:	00001916                                 ......

20000fb0 <RoscRandSeed>:
20000fb0:	acd05f15 01b69b4b                       ._..K...

20000fb8 <DrawPrintRowNum>:
20000fb8:	                                         .

20000fb9 <DrawPrintPosNum>:
20000fb9:	                                         (..

20000fbc <DrawFontWidth>:
20000fbc:	00000008                                ....

20000fc0 <DrawFontHeight>:
20000fc0:	00000010                                ....

20000fc4 <pDrawFont>:
20000fc4:	100105f0                                ....

20000fc8 <PWMSndSlice>:
20000fc8:	00000007                                ....

20000fcc <PWMSndChanR>:
20000fcc:	00000001                                ....

20000fd0 <PWMSndChan>:
20000fd0:	00000001                                ....

20000fd4 <PWMSndGpioR>:
20000fd4:	ffffffff                                ....

20000fd8 <PWMSndGpio>:
20000fd8:	0000000f 00000000                       ........

20000fe0 <RandSeed>:
20000fe0:	acd05f15 01b69b4b 83d59b78 02c2281b     ._..K...x....(..

20000ff0 <I4004_KBPTab>:
20000ff0:	0f020100 0f0f0f03 0f0f0f04 0f0f0f0f     ................

20001000 <I4_PrefKeySel>:
20001000:	00000015                                ....

20001004 <I4_KeySel>:
20001004:	00000015                                ....
