:020000041000EA
:1000000000B5324B212058609868022188439860DF
:10001000D860186158612E4B002199600221596106
:100020000121F02299502B49196001219960352056
:1000300000F044F80222904214D00621196600F024
:1000400034F8196E01211966002018661A6600F04E
:100050002CF8196E196E196E052000F02FF8012189
:100060000842F9D1002199601B49196000215960AB
:100070001A491B48016001219960EB211966A021F2
:10008000196600F012F800219960164914480160C1
:100090000121996001BC002800D000471248134993
:1000A000086003C880F30888084703B5996A0420EC
:1000B0000142FBD001200142F8D103BD02B5186610
:1000C0001866FFF7F2FF186E186E02BD00000240BE
:1000D000000000180000070000035F00212200005C
:1000E000F4000018222000A00001001008ED00E03C
:1000F00000000000000000000000000074B24E7A12
:1001000000100420890200101102001011020010DA
:100110001102001011020010110200101102001053
:100120001102001011020010110200101102001043
:100130001102001011020010110200101102001033
:100140001102001011020010110200101102001023
:100150001102001011020010110200101102001013
:100160001102001011020010110200101102001003
:1001700011020010110200101102001011020010F3
:1001800011020010110200101102001011020010E3
:1001900011020010110200101102001011020010D3
:1001A00011020010110200101102001011020010C3
:1001B00011020010110200101102001011020010B3
:1001C0005050414467452301EFCDAB890010042016
:1001D0008902001070706164F2EB88719C700010ED
:1001E0009C700010D402001090A31AE7D3DEFFFF2A
:1001F000420111004802000000000100030200005B
:1002000000010010FF05000000000000793512AB6E
:1002100072B671B6BFF36F8F8CB0EFF30580C0B2CA
:10022000103800900194029503960497404605907B
:1002300048460690504607905846089068466030F9
:100240000990EFF314800A9068460A4B98470A4BCE
:1002500056221A60DA60094B05221A609A61084B2F
:100260000122D200013292059A601A6005490139D3
:10027000FDD1FAE7550C00105CC00140B4400140CC
:100280001C0000D0C0C62D001B4880F308881B4806
:100290001B4908601B480068002813D11A491B4AF3
:1002A0001B4B01E001C901C29A42FBD319491A4A0A
:1002B000002000E001C19142FCD11849884718494B
:1002C0008847FEE772B60E490020086006C881F331
:1002D000088810479C700010000000209C0200203D
:1002E000000000000F480649086003C880F3088832
:1002F00008470D480130004700100420000100109D
:1003000008ED00E0000000D09C700010000000200C
:100310009C0200200006002044930320D515001005
:100320000D4F0010008000100000002000000000B1
:10033000074AEFF3108C72B69066D166FFE7FFE7CD
:10034000FFE7FFE7516F106F8CF3108870470000D4
:10035000000000D0074AEFF3108C72B610665166A9
:10036000FFE7FFE7FFE7FFE7516F106F8CF310889F
:1003700070470000000000D0002918D1002B11D1D7
:1003800010B4EFF3108C72B62C4C2066626600211C
:100390000023FFE7FFE7FFE7626F206F8CF3108811
:1003A00010BC704702460B46002000217047002B0E
:1003B00029D1130C26D1EFF3108C72B61F4B19669E
:1003C0005A66FFE7FFE730B4040C5A6F196F120446
:1003D00022431A66FFE7FFE7FFE7C04684B25A6F81
:1003E0001D6F120422431A66FFE7FFE7FFE72C04A4
:1003F0002D0C5A6F186F0019694100238CF3108877
:1004000030BC7047002370B40024002501267642DA
:10041000B44640260018494164416D41A41A9D41EB
:1004200002D2A4185D41003540414941664436423C
:10043000F2D122002B0070BC70470000000000D0F9
:10044000484041404840014B1B681847F86403206E
:10045000014B1B6818470000E064032010B500F052
:100460003BFE1D2000F092FC10BD000070B5D024B2
:1004700080250521AD042406192000F06FFC65627B
:100480001420656101F004F8094B1A68C0239B0130
:100490005340E022D2011340064A136000F0A8F94D
:1004A0000323054A43431089A561181870BDC0464F
:1004B00000C0044000D004403406002010B51D20C8
:1004C00000F0D6FC0122014B1A6010BD00F0044080
:1004D000F8B58027002508267F010D4B5C5D2000C4
:1004E00000F0CAFC0C220B4BE418A40023683C4328
:1004F0007340134023600023074A53550135082DEC
:10050000EBD1064A1370064A1370064A1370F8BD01
:100510008856001001700010398E0320428E03208F
:10052000438E0320418E032010B50024034B185D39
:10053000013400F06DFC082CF8D110BD8856001075
:1005400010B5094A1378D9B20133DBB20F2B00D9A9
:100550000023BFF35F8F054C24789C4202D0044CEB
:100560001370605410BDC046438E0320418E03209B
:10057000298E0320F7B51F4B01249B6A1E4E9B0A50
:1005800001936B461D4D9F88D0231D491B06095DB5
:100590005B680120CB40621E1A49034219D18B5C73
:1005A000002B0ED13B002D33FF332B808854E0B25B
:1005B000FFF7C6FF3780013402360235092CE3D13C
:1005C000F7BD6B462A889B889B1A632BF2DD2F8030
:1005D000EDE78B5C002BEED03388FB1A1BB2312B7E
:1005E000E9DD8020002340422043C0B28B54FFF756
:1005F000A7FFE0E700400540E6650320D66503203D
:1006000087560010398E03200C4B1878002802D032
:1006100000221A7070470A4A1378DBB2BFF35F8F6B
:10062000084909788B42F5D00749C95C0133DBB230
:100630000F2B00D8180010700800EBE7428E032043
:10064000418E0320438E0320298E032010B5FFF72F
:10065000DBFF43B2002BFADB10BD0000044B054A60
:100660001B78DBB213700022034B1A707047C04630
:10067000438E0320418E0320428E03200023054A2F
:10068000D15C002904D10133082BF9D10120704736
:100690000020FCE7398E032010B5FFF7EFFF00289C
:1006A000FBD010BDF8B5D02700240126114D3F0620
:1006B000287800F0E1FB32002B789A407A620E4AEB
:1006C000125D002A0DD00D4ADB009B1880225201DA
:1006D00019681A4380235B004B40C02189000B40FE
:1006E0001360E0B204F0A8FF631C01353400022B54
:1006F000DED1F8BD6A0200206802002004400140FB
:1007000010B5044C207800F083FB607800F080FB8B
:1007100010BDC0466A02002010B5FFF7C3FF0120DC
:1007200003F00AFAFFF7D4FEFFF798FE03F00EF885
:1007300010BD10B5FFF7E4FF03F08AFAFFF7F4FEEF
:10074000FFF7BCFE03F04CF810BD000010B5EFF34E
:10075000108472B6D0231B061B68002B19D1FA2017
:100760000F4A104913688000053313600E4B0F4A7F
:100770009B6A9BB213800A88531D9BB2834206D3A7
:100780000B4B0C48D21893B20268013202601BB2C4
:100790000B8000F075FF84F31088FFF7EBFE10BDAF
:1007A000AC650320D265032000400540F6650320B8
:1007B0001DFCFFFFB86503200422054B1A60054BA2
:1007C000FC3219681142FCD058680005000D7047D2
:1007D00000E0044000C0044070B510250024FFF77D
:1007E000EBFF013D0419A4B2002DF8D1200070BD2B
:1007F00010B5FFF7F1FF024B5B895843001410BDA1
:1008000034060020142310B50100188804331B8817
:10081000984710BD162310B50100188802331B88B5
:10082000984710BD10B52848FFF7ECFF274B18601C
:100830002748FFF7E7FF274B18602748FFF7E2FF3D
:10084000264B18602648FFF7DDFF264B1860264828
:10085000FFF7D8FF254B18602548FFF7D3FF254B3E
:1008600018602548FFF7CEFF244B18602448FFF797
:10087000C9FF244B18602448FFF7C4FF234B1860BE
:100880002348FFF7BFFF234B18602348FFF7BAFF49
:10089000224B18602248FFF7B5FF224B1860224810
:1008A000FFF7B0FF214B18602148FFF7ABFF214B4A
:1008B00018602148FFF7A6FF204B18602048FFF77B
:1008C000A1FF204B186010BD50330000C865032005
:1008D00052330000CC6503204C330000C065032078
:1008E00054330000C46503204D530000F864032016
:1008F00053340000FC6403204D430000E0640320F7
:1009000043340000E4640320554200005065032096
:1009100057560000BC6503204946000070090020BE
:100920004558000068090020524500004865032032
:10093000525000004C650320464300006C09002023
:100940004358000064090020F0B5050085B0002080
:10095000092D68D8834202D1464B8800C358002A2B
:1009600063D0002093425ED30E1F00200B2E5AD876
:10097000E81E414C04285ADD04200C277843201837
:100980008457002084424EDB3C4841551F212140C2
:10099000029100210391640603D40299039101217D
:1009A00002910C2400276C43354956086418190E2F
:1009B0001B02009301913B00009801998019794135
:1009C000FFF7DAFC63680600834200D26060C02350
:1009D0002F1F9B012343012F2DD8029A012A2AD1D0
:1009E00002321A60029BA2681A42FCD0039B216863
:1009F0005B014B408022F0215201490022430B4011
:100A00001360012F28D900980199802380229B012F
:100A10002343120166601A6000233200FFF7ACFC2A
:100A2000144BAD00E85005B0F0BD1A009CE7C74379
:100A3000FF173840A1E7802212011A600D4BAA006F
:100A4000D1580029D2D0586903235843FFF782FCBC
:100A500001300338FDD2C9E7236802994B400321D6
:100A60000B4013600123029A9340A2681342FCD00A
:100A7000C9E7C0465806002090560010FB650320C9
:100A800000800040A023F0B501278101DB05CB18D1
:100A90001A6985B03A4001922B4A06008918C02293
:100AA00092010A4317601A6918690092F2024240E3
:100AB0008025F020A024C0016D0102400D432A6072
:100AC000224AE405A2582248F2403A4002923A00F3
:100AD000B24002601F482058F0401F4E384003903B
:100AE0003260EFF3108672B6BFF35F8F1B4FE25197
:100AF00080201F6940040742FAD1194FE251194F73
:100B0000E2511C691C61BFF35F8F86F31088029C61
:100B1000002C01D0144C22600398002801D0134807
:100B20000260F0221869009BD20113404340134039
:100B30002B60019B002B04D0802301229B010B43DF
:100B40001A6005B0F0BDC04610000050040400005B
:100B50000434005014040000143400504404000015
:100B60000C0400001C040000042400501424005055
:100B7000F0B585B0009300230393A0239401DB0517
:100B80000700100016000A9D0191E418FFF77AFF94
:100B9000F0227B015200134072001343FA064CD43A
:100BA00001221343BF0602D58022D2001343244AF8
:100BB00024491360019BF7020B60009B944623605D
:100BC00003AB636003232048009E009A38431E4015
:100BD0001A420ED0002D18DD01339B1BAB4200DD05
:100BE0002B00ED1AA360E06080235B0426691E429F
:100BF000FCD1AB10032D08DDA360144E3E43E6602C
:100C000080235B0426691E42FCD103232E001E4074
:100C10001D4206D0A660E06080235B042069184274
:100C2000FCD1C023012010349B012343186062468D
:100C300000230868136005B0F0BD054AB1E7C0465F
:100C4000340400503804005011809F0019809F0028
:100C50000108000070470000802010B5FC2140050D
:100C600000F0E6FD034B1B68181A42425041C0B227
:100C700010BDC046FC000010F0B500248BB002ABE4
:100C8000581C0C220021FFF7DEFB0D22002106A8D4
:100C9000FFF7D9FB4B23260002AA137006A90D22E9
:100CA00002A804F0B9FC1F4F019406AD73195B79DB
:100CB0000093009A1C4B10099A5500F0B4FE38704E
:100CC000009800F0B0FE019B220E00991B02240246
:100CD0001A43013678700C4301920237082EE4D192
:100CE000124B1C6000245A600E4B21001C7402AB96
:100CF0000322581CFFF7A7FB9F2302AA29001370A9
:100D000002A80422069404F087FC6A78084B1A7043
:100D1000AA78084B1A700123E978074A8B401360C0
:100D20000BB0F0BD168E03200E8E032000060020AF
:100D3000278E0320288E03207409002010B5054853
:100D4000FFF768FD044B010054221800FFF780FBF9
:100D500010BDC0465346000054650320094A830075
:100D60009B18C02210B5802492011A43146080227F
:100D70009201134340221A60034BC018C000416027
:100D800010BDC04604C001400028000810B5040092
:100D90001F21FFF7E3FF054B0C22E418C023A4003A
:100DA0009B0123431A6034321A6010BD0170001099
:100DB000044AC3109B009B1807221040800081400A
:100DC00019607047F040014007230B409B009A4098
:100DD00030234343C9108900C918034BC918C023E5
:100DE0009B010B431A6070470041014007230B40F1
:100DF0009B009A4030234343C9108900C918034B14
:100E0000C918C0239B010B431A6070471041014071
:100E100010B5040001000F220020FFF7D5FF2100CC
:100E20000F220120FFF7D0FF21000F220020FFF743
:100E3000DDFF0F2221000120FFF7D8FF20000F2146
:100E4000FFF7B6FF0123D022A340120693629361FD
:100E50005622054BE3189B001A60044BE4181F232D
:100E6000E400636010BDC046017000100028000857
:100E700010B5FFF7CDFF10BD10B50400FFF7C8FF98
:100E80000123D022A3401206936205212000936122
:100E9000FFF764FF10BD0000084A83109B009B18F9
:100EA00003221040904010B5FF240630844081405A
:100EB0001A68A2430A431A6010BDC04600E400E06D
:100EC00010B50024200002210134FFF7E5FF202C9B
:100ED000F8D180220A4912060B689B009B08134335
:100EE0000B60C023074A1B0411680B438021136069
:100EF0001368C9059B009B080B43136010BDC046D7
:100F00001CED00E020ED00E0F0B589B007930EABDA
:100F10001B780692039300230F9A10261360039BFD
:100F200001900591002B01D1A02676002A4B029357
:100F3000059F069B77439F422BD3079B9F4228D850
:100F40000724E3B2049323006343E5B2009338001F
:100F50000099FFF7FFF9019BC31ADA179B1853405A
:100F6000029A93420BDA0F9A04991060109A029336
:100F70001760119A1680129A1170139A1570009BBF
:100F8000013D1B1BEDB20093002DE0D1013C002C74
:100F9000D7D1039B002B1AD0A0230136B6B25B0039
:100FA0009E42C5D90F9B019A1B68002093420BD12A
:100FB000129B01981A78139B1B7853435843109B3C
:100FC0001B68C01A43425841C0B209B0F0BD013E8F
:100FD000B6B20F2EACD8E5E7A0860100F0B50D0043
:100FE000FA211F000D4B0400D86A87B0F530890044
:100FF000FF301600FFF7AEF90D9B010005930C9B27
:10100000200004930023064A00930397054B0296A1
:101010000195FFF779FF07B0F0BDC04658060020E4
:10102000801A0600006A1800012383400200142081
:101030005043074A0749801800220B6006490260A6
:101040000B6010234360054B8260C26003617047F0
:1010500000000540A8300540A4000540FFFF000047
:101060000D4B10B5040058690200884200D90A00EF
:10107000C0009308C0185108FFF76CF9102800D27F
:10108000102080235B01984200D30448142363435B
:10109000034A9B18186010BD58060020FF0F00007F
:1010A00004000540034B044A18600100136899438B
:1010B000FBD1704700F0004008C0004010B5024B63
:1010C0001860FFF7EFFF10BD00E0004010B50120F1
:1010D000FFF7F4FF10BD000010B5FFF7F7FF002386
:1010E000064A1360064A1360064A13600122064B43
:1010F0001A60FF3219681142FCD010BD10060020A2
:101100000C0600200806002000C00440F0B585B0A1
:101110000A9E04001D0002910392B34202DB3300D9
:101120002E001D00164F0299F86AFFF713F92900E7
:10113000039B71435843FFF70DF923000C339A00CA
:10114000D051019001209840FFF7B8FFC0220D4B0D
:101150009201E418029BA4032360039BA360231D58
:101160001A43212313602368002BFCDA33042D0378
:101170001D4308230198E560136005B0F0BDC0462B
:10118000580600200A000100F0B50E260D2587B094
:101190006E446D4403AF04003300080001950097CE
:1011A00005AA04A9FFF71AFF049800280BD0297894
:1011B0003B783288200000910121FFF7A7FFFA2138
:1011C0008900FFF7C7F807B0F0BD00000E4A0F4BCB
:1011D00011680F484B401B050E491B0D0B600E4B51
:1011E00003600E480360AB231B01136110680C4BB6
:1011F00043400C4803400B600B4B0C4999629369C8
:10120000002BFCDA7047C04600000640A40F000027
:1012100004000640001006400000969608000640B4
:1012200000B0FA0000F0FF0058060020808D5B003F
:1012300010B5FFF77EFA1920FFF7EAFD0222014BF5
:101240001A6010BD10E000E0054B10B5C3185A1E1F
:101250009341012010339840FFF730FF10BDC04686
:101260000040FCBFC0230221021D9B011A4310B5A0
:101270001160020024321343012219601A60FFF743
:10128000E3FF10BD0222F0B5436887B01340059319
:10129000031D0493C023040004989B0103431A60B8
:1012A0002B4B9B695D1C02936D088D4200D90D008C
:1012B0000226E90D6802AB0DAA0201960236002B48
:1012C00007D1029FBA4204D812184B41FE2EF4D126
:1012D0000196FF278026019B76005F433900029824
:1012E0000396013EFFF736F8A84218D9039B0199EF
:1012F0005E1E71430298FFF72DF8401BC317C718F5
:1013000001995F40039B02985943FFF723F8401B64
:10131000C317C0185840874205DB039E03E0019BBA
:10132000FF1A012EDAD1019B013E236122683602A9
:1013300056408023FF225B011202234316401E60A9
:101340008023049A9B011343059A1A6007B0F0BDED
:101350005806002070B504000D00FFF775FF290046
:101360002000FFF78FFF0722216880234A400F21CA
:101370005B0123430A401A60226831310A401A6037
:10138000226840310A401A602200802301209B011C
:10139000043424321A437E392343116010601960EB
:1013A00070BD30B5022404258A18531A002B0BDCBB
:1013B00010230421C2681A4213D10423C2681A42BE
:1013C00013D10123036230BDC3682342FCD00B78E4
:1013D0008360C3682B4201D10131E6E78368F8E7F7
:1013E0008268C2680A42FBD1E4E78268E6E700004F
:1013F0000022064B1A60BFF35F8F054B0549BFF310
:101400005F8F04C38B42FAD17047C046A8650320A2
:10141000000100D0800100D0D0231B061B68002BE8
:101420000AD1114A1360114A1360114A1380114BFB
:10143000114A9B6A9BB213800223104A1360104B1F
:1014400010491B68D963BFF35F8F80210E4B0F4893
:1014500053600368C9059B009B080B43036000238E
:101460009360033313607047AC650320B8650320B5
:10147000D265032000400540F665032010E000E03F
:1014800008ED00E04D0700108713000020ED00E09C
:10149000034A916A936A5B1A8342FBD37047C04642
:1014A00000400540FA2310B59B005843FFF7F0FFBA
:1014B00010BD0000034A044B1A60044A5368002B15
:1014C000FCDA704700B0FA000060024000400240C1
:1014D000AA22064B120110B51A602F22044B1A6083
:1014E000044B054ADA62FFF7E5FF10BD00400240F9
:1014F0000C40024058060020001BB70010B54022E7
:1015000000212848FEF79FFF002110222648FEF701
:101510009AFF0022254B1A60FFF758FEFFF7D8FF0D
:101520008322234B9200DA620322224B22491A6063
:1015300001230A681A42FCD00322204B20491A607A
:1015400001230A681A42FCD01E490020FFF71CFE46
:101550001D490120FFF718FE00230B211A0004206B
:10156000FFF7F2F900230C211A000520FFF7ECF930
:1015700000230D21154A0720FFF7E6F900230D216E
:10158000124A0820FFF7E0F900230D21104A092034
:10159000FFF7DAF900230D211A000620FFF7D4F92E
:1015A00010BDC04658060020FB650320788000402F
:1015B000008005403CB000404480004030B0004016
:1015C0003880004048E8010000770100006CDC0230
:1015D0001BB70000204B214A70B521481A60FFF765
:1015E00061FD204C204B9C422FD3FFF71BF9FFF7E6
:1015F000A5FBFFF765FCFFF781FF1C48FFF752FDD5
:10160000C0221B4C1B4D200029689200FEF720FFD2
:101610002C60FFF7EDFEFFF72FFB00F043F900F021
:101620004DF8FFF7F9FE00F0A5FF134C134B9C4259
:101630000ED31920FFF720FCD02380221B06920432
:101640005A629A61FFF768F870BD08CC9847C9E7FD
:1016500008CC9847EAE7C04600E00040BFCDFB0059
:10166000FE7F3C008856001088560010FFFFFF01E7
:101670000003002008ED00E0885600108856001096
:10168000D0231B061A680B4B70B51C680A4BD2009E
:10169000D058D6180568B04200D170BD8268A31A30
:1016A0000F2B04D8C3689B188360036998472800F0
:1016B0002D68F0E7AC65032014060020034B044AB4
:1016C0001B605B609A60DA607047C04614060020B9
:1016D0001C06002010B52022FF210400FEF7B3FEF7
:1016E0006423A370054B6360054BA360054BE36067
:1016F000054B2361054B636110BDC04668101C0C8F
:101700003701E40C6ABC343F2D93E13A001BB7006B
:10171000802110B50248490103F0AEFF10BDC0465C
:1017200000F01F000A235843044AFF2802DDFF206F
:1017300090707047C343DB171840F9E73406002068
:1017400010B5054B0A219878FEF704FE0130C0B2AF
:10175000FFF7E8FF10BDC0463406002010B5054B6A
:101760000A219878FEF7F6FDC0B20138FFF7DAFFDC
:1017700010BDC0463406002010B5082808DD08203A
:1017800001238340044A013BD37002F0CDF910BD20
:10179000C343DB171840F3E73406002010B5064BAF
:1017A000D878064B1B6898472023181AC0B201301E
:1017B000FFF7E2FF10BDC04634060020C0650320DD
:1017C00010B5064BD878064B1B6898472023181A8B
:1017D000C0B20138FFF7D0FF10BDC046340600206C
:1017E000C065032030B50A4C8A18531A002B00DC60
:1017F00030BD0B781B065840082305004000002D23
:1018000000DA6040013B002BF7D10131EDE7C04623
:10181000B71DC10413B50B001100D0220B24120612
:1018200012680091A21A01000020FFF7A1F916BD6D
:10183000012310B50A0001005842FFF7D3FF10BD85
:10184000012310B50A0001005842FFF7E3FF10BD65
:1018500030B5FF250F248A186D01531A002B00DCC8
:1018600030BD0B7840BA80B258400311234043404A
:101870001BB2180343401BB258012840584080B2A5
:101880000131EAE710B50A0001000248FFF7E0FF66
:1018900010BDC046FFFF000010B51E210230FFF74B
:1018A000F1FF10BD70B5114C7F252000FFF712FF2E
:1018B0000F4B6E01F6187369013314D03000FFF737
:1018C000EBFF338883420ED13000230046C846C365
:1018D00046C846C306C806C3E378002B01D10133CE
:1018E000E370280070BD013DE2D2FAE73406002023
:1018F00000F01F10F0B5244CC1B06369013302D170
:1019000002235B4263612000FFF7C6FF01257F21B0
:101910001E4B1F4F20806D421E001A00203610689B
:10192000013009D10432B242F9D1203B0D004A1EE8
:10193000BB4205D01100EFE76B1C02D1FFF7E8FEB8
:10194000002507232F0080229F43ED1B6D010135E9
:10195000FF35104B6D447E01013DF1185200684681
:10196000FF3DFEF775FD2B0007CC07C307CC07C36F
:1019700006CC06C38022084B6946F018520003F0DB
:1019800063FE41B0F0BDC04634060020E0FF1F10EA
:10199000E0EF1F1000F01F1000F01F00F0B5002452
:1019A0008BB006AB5C730D230F002600039206AAD2
:1019B0009B18059001930A213800FEF7CBFC019B90
:1019C00004900A2138005D1EFEF7C4FC731C303100
:1019D000297002930134092F07D829000598B21CF9
:1019E000FEF736FD02980BB0F0BD032C09D1039B26
:1019F000002B06D00024B31C019D0293039B023DE3
:101A00002B70049F029E0195D5E710B5002902DBDB
:101A1000FFF7C4FF10BD2D23494203700130FFF7CB
:101A2000BDFF0130F6E70F2303401800303039289E
:101A300001D9373318007047A020084B10B519683A
:101A40004000FEF775FC064C064B20701968F0202C
:101A5000FEF76EFC044C207010BDC04678020020DA
:101A6000750200207C02002074020020064B074A09
:101A700010B51A601022064B1A60064B083A1A601D
:101A8000FFF7DAFF10BDC04680020020FC5E0010A8
:101A90007C02002078020020064B074A10B51A602D
:101AA0000822064B1A60064B023A1A60FFF7C4FF81
:101AB00010BDC04680020020FC5600107C020020B1
:101AC00078020020F7B51D0008AB1B8807000C004A
:101AD000161E019301DA87185642002D01DA6419A7
:101AE0006D42002F01DAF6190027A022BB1952001F
:101AF000934200DDD61B002E24DD002C01DA2D19C7
:101B000000246319F02B01DDF0252D1B002D19DDBC
:101B100032002B002100380001F04CFFA0235B00B5
:101B20005C43094AE4199B1B6400A4185B0076001F
:101B3000A2190199218002349442FAD1013DE4189E
:101B4000002DF5D1F7BDC04678090020F0B587B06B
:101B50001C000CAB1B880700151E0D9E0291039301
:101B600030DA87185542002C34DA029B1B19029395
:101B70006442AB1B0493039B380002990093AA1B99
:101B80003300FFF79FFFA31B0593039B78193200D7
:101B90000299801B0093A31BFFF794FF029B049AFA
:101BA0001919039B891BF01900933300FFF78AFF73
:101BB000029B3200F118039B38000093059BFFF74E
:101BC00081FF03E0002C03DA002ACED107B0F0BD7C
:101BD000002AFBD0002CF9D0CBE737B5012506ACA5
:101BE000248801950094FFF7B1FF37BD07B50021A8
:101BF000A0220090F02308005200FFF763FF07BD0A
:101C000010B50020FFF7F2FF10BD0000A02310B5B3
:101C10005B00984208D2EF2906D84B43034C1B18AF
:101C20005B001A5301F0FEFE10BDC046780900208B
:101C3000F0B587B00493364B364F1B6802911B18E2
:101C400000933B68039201930B0013435ED4A025DD
:101C5000314E6D0032685318AB4257DC0199039B3B
:101C60000C005B18F02B3BDC0B000298039901F091
:101C7000A1FE039B029A6B4330689B18274A5B00C6
:101C80002D1A9B186A009446C243D21702403C6842
:101C90005200002C01DC07B0F0BD009D0099013519
:101CA000FF3500951E0005000978002D03DC9B1808
:101CB0006344013CEDE74FB2002F01DA049F378007
:101CC00049000236C9B2013DEFE7009B1D780133A0
:101CD000FF330093104B1F683E00002E08DC013CD0
:101CE000039B019A9B181B1B0593002CEDDCD2E78C
:101CF0006BB2002B06DA029B049AF8180599801B38
:101D0000FFF784FF6D00EDB2013EE6E7019CE7E7D7
:101D1000800200207C020020780200207809002048
:101D2000F0B587B00093474B474F1B6814001B1852
:101D300001933B68029103930B00134359D4A025F0
:101D4000424E6D00326852005318AB4251DC039B87
:101D50005B001919F0294CDC21006C43029801F05A
:101D600029FE029B3168E418394B64006D1AE418AF
:101D7000AB000293CB43DB170B409B000393A023E4
:101D80009B009C463868002801DC07B0F0BD019B31
:101D90000D001A780133FF3301932300002D05DC79
:101DA000039B0138E418029BE418ECE756B2002EBE
:101DB00008DA009E009F1E805E8066469F533E00AC
:101DC000244FDE5352000433D2B2013DE6E7019BBB
:101DD000029D1B780493019B0133FF3301931B4B3E
:101DE0001B680593059B002B07DC039B0234013B1A
:101DF0000393039B002BEADCC7E76B461B7C5BB2BB
:101E0000002B15DA21002800009A6E1CFFF7FEFE59
:101E1000671C21003000009AFFF7F8FE3900280007
:101E2000009AFFF7F3FE39003000009AFFF7EEFE4C
:101E3000049B02355B00DBB20493059B013B0593D9
:101E4000D0E7C046800200207C02002078020020FB
:101E50007809002082020000F0B589B005930EAB2E
:101E60001B88394F0693394B03911B6804921B184A
:101E700001933B6802930B00134362D4A025344EB8
:101E80006D0032685318AB425BDC0299049B0C0076
:101E90005B18F02B41DC0B000398049901F08AFDDC
:101EA000049B039A6B4331689B182A4A5B006D1AA6
:101EB0009B186A000292CA43D2170A405200944605
:101EC0003868002801DC09B0F0BD019C019A01349A
:101ED000FF3401941D000C001278002C04DC029ADF
:101EE00063449B180138ECE756B2069F002E00DAD7
:101EF000059F52002F80D2B2013C0235EDE7019BD5
:101F00001D780133FF330193114B1F683E00039B83
:101F1000D819801B002E08DC013C049B029A9B18F8
:101F20001B1B0793002CEADCCDE76BB2069A002B53
:101F300000DA059A07996D00FFF768FEEDB2013EE1
:101F4000E5E7029CE9E7C0467C0200208002002011
:101F50007802002078090020F0B589B006930EAB16
:101F60001B88494F0793494B14001B6802911B18AB
:101F700001933B6803930B0013435BD4A025444EAD
:101F80006D00326852005318AB4253DC039B5B0078
:101F90001919F0294EDC21006C43029801F00AFD6A
:101FA000029B3168E4183B4B64006D1AE418AB00E7
:101FB0000293CB43DB170B409B003F680393002F3A
:101FC00001DC09B0F0BD019A019B0132FF320192A0
:101FD000A02220008C4692001B78A5186246002A99
:101FE00005DC039B013FE418029BE418E7E75EB2BF
:101FF000079A002E00DA069A028042802A806A80C0
:1020000001225B0052420430DBB294440435E5E720
:10201000019B029F1B780493019B0133FF330193C3
:102020001B4B1B680593059B002B07DC039B0234AD
:10203000013B0393039B002BEADCC2E76B461B7C4E
:10204000079D5BB2002B00DA069D38002A002100B4
:10205000FFF7DCFD661C781C2A002100FFF7D6FD87
:1020600038002A003100FFF7D1FD781C2A0031002A
:10207000FFF7CCFD049B02375B00DBB20493059BAA
:10208000013B0593CFE7C0467C0200208002002080
:102090007802002078090020F8B50C0016001F0017
:1020A000050001356B1E1878002808D03B00210080
:1020B0003200FFF7BDFD024B1B68E418F1E7F8BDE5
:1020C00078020020F8B50C0016001F00050001354D
:1020D0006B1E1878002809D03B0021003200FFF762
:1020E0001FFE034B1B685B00E418F0E7F8BDC04619
:1020F00078020020F0B50C00050085B01E000AAB88
:102100001F88039201356B1E1878002809D0330010
:102110002100039A0097FFF79FFE034B1B68E4180A
:10212000F0E705B0F0BDC04678020020F0B50C0025
:10213000050085B01E000AAB1F88039201356B1E97
:10214000187800280AD033002100039A0097FFF77F
:1021500003FF034B1B685B00E418EFE705B0F0BD1D
:10216000780200200023012804D9034B1B68984201
:102170009B415B42D8B27047F4080020084B8900AD
:10218000C958002310B5CA5C002A05D0C45C94422B
:1021900004D10133052BF6D1012010BD0020FCE74E
:1021A000CC56001010B50400FFF7DCFF002806D065
:1021B000034B023C1B785C43024B1868201810BD8F
:1021C000FA65032098060020074B817E0200C07E3E
:1021D0001B7800020843032B05D1537D117D1B02A0
:1021E0000B431B04184370470C6603208BB21B0A79
:1021F000C376054B81761B78032B03D1090C01753F
:10220000090A41757047C0460C660320002330B5AB
:102210000B724B75846A020020009C423ED018006D
:102220001C00D2680300105D202803D05D1CCB1871
:102230001872EBB2E0B2072806D12E24581CCB1836
:102240001C72C0B2263CEDE70134E0B20B28EAD1A3
:10225000002B05D0C818C0792E2801D1013BDBB274
:102260000024C81804724B75537F107F1B02034370
:10227000907F00041843D37F1B0603430B60D37D7C
:10228000907D1B0203438B80537E107E1B02034311
:10229000CB80D37A3F22012013408B7530BD0300E1
:1022A000613B192B01D82038C0B270470300026887
:1022B000107801321A600300613B192B01D82038D5
:1022C000C0B27047F7B502780F0001902E2A12D0E5
:1022D00000252C0001A8FFF7E9FF0600385D002E5D
:1022E0001FD10123202804D03300082C01D1013351
:1022F0006B40D8B20EE000250A782C002E2AE9D1D6
:1023000044782E2C07D18478AC42E2D14B782E2B26
:10231000E0D10120FEBD002CDBD14B78202BD9D1A0
:10232000F7E7FFF7BCFF3F2E01D086420BD1072C09
:1023300002D80134E4B2CDE7002DCBD00134E4B2B1
:102340000B2CC7D1E5E72E2E05D02A2E06D1002D65
:10235000DFD10824BEE708240125BBE70020D9E728
:102360007A281BD860281CD83C280FD8292803D8E5
:102370001F280AD8002008E002000B4B2A3AD2B2EC
:10238000D34001221340013B184070473F2802D838
:102390003D28EFD1F9E75C28ECD0F6E77C28F4D1B2
:1023A000E8E72038C0B2F0E721000500F7B50E00DD
:1023B0000B2220210190FEF746F834682378222B67
:1023C00013D02E2B13D000273D0020781F2809D9C9
:1023D00001342F2801D05C2821D123782F2B1CD049
:1023E0005C2B1AD00120346016E00134E6E70022AD
:1023F00023781F2BF6D90134222BF9D02E2B06D1AE
:10240000022A08D00198511C8354CAB2F0E72F2B3E
:10241000E8D05C2BE6D00020FEBD0134DDE72E289D
:1024200004D1002FF7D108250137CEE72228CCD0E0
:10243000FFF796FF0028EED0072D03D9002FC4D058
:102440000A2DC2D8019A6B1C5055DDB2BDE70000C1
:102450000122174B52421A600023022015490B70CB
:1024600015490B701549087015490B7015490B700B
:1024700015490B8015490B6015490B6015490A6019
:1024800015490A60154A1360154A1360154A13600E
:10249000154A1360154A1360154A1360154A1360F4
:1024A000154A1360154A1360154AD3619362704749
:1024B000700200200B6603200C6603206C020020D3
:1024C0000D660320FA650320F8650320D408002078
:1024D0003006002028060020240600202C060020BC
:1024E000F4080020F8080020CC060020F0080020A6
:1024F0009C0600209806002054060020D0080020EA
:10250000A0060020002303707047031E02D003784A
:102510005A1E9341D8B27047F8B5114D0B00140004
:102520002968104A06000020914217D169680E4AB6
:102530000F1F974212D8864200D03160002B02D084
:102540000A4A8A181A600A48FFF77AF9002C00D064
:102550002060AB68181A43425841C0B2F8BDC0466B
:10256000C080001050504144FC7FFF00CC80000030
:10257000CC800010144B154A1549D21A1000183897
:1025800030B508600020134908250860124918700A
:102590000860190058709870D87008316D42013881
:1025A000103A1D7158719871D8719B608C184A60EF
:1025B0000A000A4B08325A601A6001228B60CB6015
:1025C0009A6022C430BDC04650940320000004200D
:1025D000F46403200465032000650320E8640320FD
:1025E0000223064A11681942FCD00421044B1860EA
:1025F00010680842FCD01868C0B270470C00044054
:1026000008000440D023802210B51B0692015A61B5
:10261000FF20FFF7E5FFFF20FFF7E2FFFF20FFF7B6
:10262000DFFF10BD43B270B504000D00002B07DAC8
:1026300000213720FFF7F6FF012830D87F231C4008
:10264000FF20FFF7CDFFFF20FFF7CAFFFF20FFF7B6
:10265000C7FF40202043FFF7C3FF280EFFF7C0FF4E
:10266000280CC0B2FFF7BCFF280AC0B2FFF7B8FFC2
:10267000E8B2FFF7B5FF9520002C03D00E38082CE8
:1026800000D07830FFF7ACFF0A24FF20FFF7A8FF47
:1026900043B2002B03DA013CE4B2002CF5D170BD4B
:1026A000F8B500234A4C4B494B482370FEF7EAFD2E
:1026B00004234A494A480A681A4220D1FFF7A2FF78
:1026C0001425013DFF20EDB2FFF78AFF002DF8D160
:1026D000D02380221B069201FF209A61FFF780FF22
:1026E000642600210800FFF79DFF0700012842D063
:1026F000013EF6B2002EF4D1FFF784FF39E0026804
:10270000D9E700210120022B60D0FFF78BFF0121C8
:1027100001230140184208D0013E0A20F6B2FEF71C
:10272000C1FE002E4DD12670E6E72378032B14D18D
:102730003A20FFF777FF01280FD8FF20FFF750FF5F
:10274000400601D504232370FF20FFF749FFFF2037
:10275000FFF746FFFF20FFF743FF8021102089008D
:10276000FFF760FFFFF74EFF1E491B48FEF78AFD8B
:102770003D002800F8BDD521207049000820FFF752
:1027800051FF400711D4FF20FFF72AFFFF20FFF77A
:1027900027FFFF20FFF724FF0600FF20FFF720FFA1
:1027A000012E02D10323AA2809D02378012B07D1B7
:1027B0000021A920FFF736FF400701D40223237030
:1027C0001E262378032B9CD18021C905A9209CE7D4
:1027D000408F032090D00300000004400C00044010
:1027E0000800044040420F0070B506000D000E4C7A
:1027F000FF20FFF7F5FEFF2804D1013C002CF7D1A4
:10280000200070BD0024FE28FAD1FF20A54206DC7E
:10281000FFF7E6FEFF20FFF7E3FE0124F0E7FFF7F6
:10282000DFFE30550134F0E760EA000010B50B49D7
:102830000B48FEF727FDD02380221B0692019A61E8
:10284000FF20FFF7CDFEFF20FFF7CAFEFF20FFF7B6
:10285000C7FEFF20FFF7C4FE10BDC04640420F0078
:102860000000044010B5FFF7CDFEFF20FFF7B8FED3
:10287000FF20FFF7B5FEFF20FFF7B2FEFF20FFF7B6
:10288000AFFE10BD70B5124E040033780D00002B62
:1028900011D0FFF7CBFF0F490F48FEF7F3FC337859
:1028A000042B00D0640221001120FFF7BBFE00289A
:1028B00004D0FFF7A7FE0024200070BD802128006F
:1028C0008900FFF791FF0400FFF7CCFFF4E7C04653
:1028D000408F032000093D000000044070B5234EE6
:1028E000050033780C00002B11D0FFF79FFF204923
:1028F0002048FEF7C7FC3378042B00D06D02290076
:102900001820FFF78FFE002803D0FFF77BFE002082
:1029100070BD194DFF20FFF763FEFF2803D0013D76
:10292000002DF7D1F1E7FE20FFF75AFE80239B0030
:10293000E51820780134FFF753FEAC42F9D1FF20AF
:10294000FFF74EFEFF20FFF74BFE0B4CFF20FFF77B
:1029500047FEFF2802D0013C002CF7D1FF20FFF7F3
:102960003FFEFFF77FFF0120D2E7C046408F0320E4
:1029700040420F000000044060EA000070B5124BB6
:102980001A78002A01D1012070BD00220F4C104D91
:10299000210028681A70FFF7A1FF0028F4D00D4B22
:1029A0001B78002BEFD00C4B28681A680B4B1B6868
:1029B000C31A9342E7D20A4B1B78022BE3D12100C2
:1029C0008018FFF78BFFDEE70B660320D0060020A0
:1029D000700200200C660320F8080020F008002098
:1029E0000D66032070B50C4D04002B68834201D1A5
:1029F000012070BDFFF7C2FF002808D02000074962
:102A0000FFF740FF002804D101235B422B60002028
:102A1000EFE72C60ECE7C04670020020D0060020F3
:102A2000F7B50400FFF79EFB002807D0274B1E7860
:102A3000022E2DD0032E39D0012E02D0012040428B
:102A4000FEBD234F65083B682D19680AC018FFF7C3
:102A5000C9FF0028F2D01F4B0093009AEB05DB0D55
:102A6000D35C013501933B68680AC018FFF7BAFFD1
:102A70000028E3D0009BED05ED0D585D019B0002A1
:102A80001843344201D00009DAE70005000DD7E70A
:102A90000F4B60001B68400AC018FFF7A3FF002817
:102AA000CCD00C4B2406E40D185BC9E7084BA00002
:102AB0001B68400AC018FFF795FF0028BED0054BE1
:102AC0006406E40D18590001DDE7C0460C660320DA
:102AD000F0080020D0060020F8B5002305000C0007
:102AE0008362CB0601D00020F8BDC6690162002ECA
:102AF00009D0184F30003B68A34221D9FFF752FBA1
:102B000010E01E00F5E7144B1B78032B03D1134B89
:102B10001B68002BF5D1124B1B885B01A342E2D945
:102B20000E4B1868A8620028DDD0630A1B18AB6240
:102B3000E4050C4BE40DE41801206E62EC60D3E771
:102B4000FFF76EFF0600FFF70DFB0028CBD03B68B8
:102B5000E41ACEE7300600200C6603209C06002015
:102B6000F8650320D0060020F8B5041E01D100202E
:102B7000F8BD0378002BFAD086698E4200D90E008A
:102B8000226AB24211D000222662A26296420CD082
:102B9000E569013E0B4F3B68B34208D928006562E6
:102BA000FFF700FB730A1B18A3620120E0E728006F
:102BB000FFF736FF0500FFF7D5FA0028D7D03B68AE
:102BC000F61AE7E730060020F0B585B004000D00E6
:102BD000FFF7C8FA0290002807D0384B1F78022F61
:102BE00046D0032F55D0012F04D000230293029822
:102BF00005B0F0BD324E63081B19580A01933368C3
:102C0000C018FFF7EFFE0028EFD0019B2D4AD90531
:102C100023003B400393C90DEBB200923C4205D028
:102C20000F20525C1B0102401343DBB2009A264F77
:102C300053540123019C3B70E4183368600AC018A8
:102C4000FFF7D0FE0028D0D0039BE405E40D002B55
:102C500006D02D09EDB2009B1D5501233B70C6E740
:102C60000F22009B2D0A1B5D154093431D43F2E785
:102C7000134B60001B68400AC018FFF7B3FE002822
:102C8000B3D0104B2406E40D1D5301220E4B1A70D5
:102C9000ADE70B4BA0001B68400AC018FFF7A2FE6F
:102CA0000028A2D0074B6406E40DE41823682D0128
:102CB0001B0F1B072D092B432360E6E70C6603203F
:102CC000F0080020D00600200B660320F7B5051E93
:102CD0000DD1394B1E68002E19D0384B1B68B342FA
:102CE00015D9374F3B68002B13D1002407E0FFF7BD
:102CF00097FE831E0400043303D90124644220009C
:102D0000FEBD2E4B2E001B688342EAD9F7E7012651
:102D1000E7E72A4B0193AE4213D11B68741CA34210
:102D200000D802242000FFF77BFE431CE5D00028DA
:102D30001DD0214B1B6818000093FFF713FA0028E1
:102D400000D10096009C019B01341B68A34203D86C
:102D5000009B012BC9D902242000FFF761FE002847
:102D600007D00130C9D0009B9C42ECD1BDE7002CBC
:102D7000E7D0012120004942FFF726FF0028BCD000
:102D8000002D0CD10C4B0F4A1C6012683B6893421B
:102D90000CD901230C4A11780B431370AFE72100C3
:102DA0002800FFF711FF0028ECD1A6E7002BF0D098
:102DB000013B3B60EDE7C04628060020F4080020F8
:102DC000240600202C0600206C020020F8B5FFF736
:102DD00009FE0421041E51D0FF232A4D5B00EA5A4C
:102DE000294B9A424AD12948FFF7C8F9002805D152
:102DF00003212748FFF7C2F9011E3FD080222B7B19
:102E0000E97A1B020B4392000021934236D1EA8AF1
:102E10008A4202D16A6A8A4230D02E7C0021731E17
:102E2000012B2BD8697B002928D04B1E194227D1B2
:102E30002B691B021B0C1F0722D1287DEF7C00028F
:102E4000384300D1286AED89002D19D072431B093F
:102E50005B199B18834213D8C01A884210D3FDF720
:102E600079FA0C4B0021984208D80B4B0331984259
:102E700004D80A4B2100984200D902210800F8BD6D
:102E80000021FBE7D006002055AA0000060700201D
:102E900022070020F5FFFF0FF8FF0000F50F0000EC
:102EA000F0B58BB0FFF7D4FAFFF7FAFB03900028D8
:102EB00004D10023039303980BB0F0BD0020FFF76B
:102EC00085FF06000428F4D0002800D0B3E00300FA
:102ED000654906AD1A01885C0022904208D01800AE
:102EE000624A1C3000011218D08812891204024371
:102EF000980001334251042BECD10024A300EB587D
:102F00000193002B07D01800FFF760FF431EDBB2D0
:102F10000600022B06D90134042CEFD1731EDBB25C
:102F2000022BC6D8514BDD8A002D00D15D6A504A74
:102F3000504915601A7C0A706A430592597B4E4AC3
:102F4000480211704D4A10601A691202100C4C4A66
:102F500002901080187DDA7C0002104300D1186ABC
:102F6000484B424C1860E3890493029B049A1B0966
:102F70009B18059A9F18C01BFDF7ECF9019A424B6C
:102F8000944661461860414B02301860404B7F18F0
:102F90001A60049B3F4A634413603F4A1760032E44
:102FA0004CD1029B002B00D083E73C4BE26A8000AF
:102FB0001A60230043331A78636C1B021343384AA8
:102FC0001360384BC018400AA84200D971E70123AA
:102FD000354F364D5B423B602B60354B02930223ED
:102FE000029A1370032E23D1238E012B20D1019836
:102FF0000130FFF7F7FC00281AD00023029A137063
:103000002C4B22689A4213D1F22252002A4BA2582A
:103010009A420DD1FF235B00E25A284B9A4207D116
:10302000F4235B00E3583B60F6235B00E3582B601E
:10303000234B1E703FE70023019373E7029A002A97
:1030400000D136E70599154A5B181360012E05D0AB
:10305000400023000833DA7FA36AAEE7032343432B
:1030600030405B081818F4E792080020D0060020D2
:10307000F80800200D660320FA65032030060020C2
:10308000F8650320D40800202C060020F408002056
:10309000CC060020F0080020980600209C060020A6
:1030A000D0080020FF010000240600202806002090
:1030B0006C020020525261417272416155AA0000B7
:1030C0000C660320F7B50400051E00910BD00378B1
:1030D0001D1E08D08169076ACF1B974200D91700CF
:1030E0000025AF4201D82800FEBD226AD105CB0DD4
:1030F000002940D1510A08002A4B1B78013B184097
:103100000190194208D1002A25D1E6693000FFF765
:1031100029F80028E7D06662606AFFF743F80028C4
:10312000E1D0019B7E1B1B18019380239B009E42D4
:1031300016D300990198FFF7A5FB0028D3D080266D
:10314000B600019BA362009BAD199B190093236AF3
:103150009B192362C5E7606AFFF762FC0600D5E7AA
:103160000198FFF73FFC0028BDD032000E490098BF
:10317000FDF76EF9E5E780229200D31A7E1B9E428E
:1031800000D91E00A06AFFF72DFC0028ABD0216AF1
:10319000054BC905C90D32000098C918FDF758F94B
:1031A000D1E7C046FA650320D006002070B5FFF7CE
:1031B000E5FB051E2BD0174B1B78032B27D1164E92
:1031C0003378012B23D18022144C0021920020005F
:1031D000FDF739F9124B134A2360F2235B00E250EA
:1031E000114B21001A68F4235B00E2500F4B1A6860
:1031F000F6235B00E2500E4A1233E2520D4B186880
:103200000D4B01301860FFF769FB00233370280075
:1032100070BDC0460C6603206C020020D006002062
:10322000525261417272416124060020280600203A
:1032300055AAFFFFCC0600207002002070B5051EC5
:1032400001D1002070BD0378002BFAD0C37A5B0651
:1032500029D50069FFF7C6FB0028F2D00021212202
:1032600028236020EC686173A173E0736374E374D6
:10327000A175E07563762274A2742276EA7A093B1E
:103280001A4001331343E3722000E969FEF7AEFFF1
:1032900001222B7E23776B7E6377AB7EA377EB7E59
:1032A000E377054B1A70FFF781FF0028C9D0402251
:1032B000EB7A9343EB72C5E70B66032010B5041E4F
:1032C00001D1002010BD0378002BFAD0FFF7B6FF24
:1032D0000028F6D000232370F4E70000F8B50400BE
:1032E000FFF74CFB051E02D100252800F8BD200089
:1032F000FEF758FF041EF7D080220A4B0A4F1860D1
:10330000002138009200FDF79EF8084B1E78361910
:10331000B442EAD039002000FFF7E0FA0028E3D0F9
:103320000134F5E770020020D0060020FA65032082
:10333000F7B5066A04002036F3050191DF0D002B76
:1033400031D1836A01338362406A002807D1194B67
:103350001B885B01B34226D8A0620020FEBD164B3D
:10336000720A1B78013B1A421DD1FFF759FB831EDD
:1033700005000433F1D8114B1B6883420ED8019B22
:10338000A762002BE9D0606AFFF7A0FC431E05008E
:103390000333E2D8FFF7A2FF0028DED028006562E1
:1033A000FEF700FFA062064B0120FF182662E760CF
:1033B000D4E7C046F8650320FA650320F40800202E
:1033C000D006002070B504000D003F26A06A00283A
:1033D00007D0FFF707FB002805D0E3681A78002A1A
:1033E00003D10023A362002070BDDB7A3340E52ABD
:1033F00001D0AB43F8D000212000FFF799FF00284F
:10340000E4D1F0E7F8B500210400FFF765FB0028E0
:103410000ED03F260827A06A002807D0FFF7E2FA5F
:10342000051E05D0E1680B78002B04D10023A362B0
:1034300000252800F8BDCB7A1A003240E2723B42E8
:1034400005D10B22200002F05FF80028F1D0002106
:103450002000FFF76DFF0028DDD1E9E773B50B0011
:1034600005000126002001911C0001335A1E12782C
:10347000222A21D0002801D0210001942F2A1DD119
:103480000B000022012418782F281CD05C281AD0A9
:10349000002A01D0190001930023EB610B7864240A
:1034A00010261F2B12D800212800FFF715FB9023B0
:1034B00000281ED1002076BD3000D5E75C2ADFD081
:1034C000164B1B68E9E722000133DCE7280001A95D
:1034D000FEF76CFF0028EDD02800FFF793FF019B5B
:1034E0001B78002808D11F2BE4D82B782E2BE1D095
:1034F000FF230120EB72DEE71F2B0AD9EB7A334260
:10350000D8D0E868FEF760FE013CE4B2E861002C28
:10351000DCD1631E9C41E0B2CDE7C04654060020DA
:10352000F8B5164B04001B78002B03D1002525703D
:103530002800F8BD0028F9D0FFF790FF051EF5D050
:10354000E37AFF2BF2D010221E0016401342EDD179
:103550000B4BE7681B6838002361FEF735FEE0611E
:103560007B7F3A7F1B021343BA7F12041A43FB7F0F
:10357000A6621B061343A3612662D9E70C660320EB
:103580007002002070B50F4B01001B78002B02D198
:103590000024200070BD0C4D2800FFF75FFF041EC3
:1035A000F6D0EB7AFF2BF3D0DA06F1D5074E902B4D
:1035B00002D1EB693360ECE7E868FEF705FE3060A6
:1035C000E7E7C0460C660320A00600205406002052
:1035D00010B5114B04001B78002B02D10020207085
:1035E00010BD0028FAD0FFF739FF0028F6D0E37AA3
:1035F000FF2BF3D0DA06F1D5902B0AD0E068FEF766
:10360000E3FDE06100212000FFF766FA0028E7D122
:10361000E4E72E232370F5E70C660320F7B5324B61
:10362000060001931B780091002B01D10020FEBD04
:10363000009B002BFAD00028F8D02C4B2C4C1B6898
:10364000009DE361E769002F21D1009B30005C1BE6
:103650002200711901F07CFF0023A0B23354E6E789
:10366000244F20003900FEF7D1FD0028DED07A7DFE
:10367000531CAB42DADAA81A1F493018FCF7E8FEEF
:103680007B7DEB1A013B9DB22F237355DAE7019B3B
:103690001B78032B03D1194B1B689F42D5D02021E7
:1036A0002000FFF719FA0028C0D0A06AFFF79AF9A6
:1036B0000028BBD0E068FEF787FD0021E061200014
:1036C000FFF70AFA0028B1D037212000FFF77AFE71
:1036D0000028ABD0E068FEF777FDB842C0D00021EB
:1036E0002000FFF725FEEDE70C66032054060020BE
:1036F000A0060020440900204C0900209C06002060
:10370000F8B504000D0016001F00A36A002B1BD0A3
:1037100031002000FFF756FE002815D0E168380080
:10372000FEF7D0FD011E0BD029002000FEF76EFD34
:10373000051E09D000212000FFF7FAFD2800F8BD82
:103740002000FFF7F5FDE0E70025F7E770B5082456
:103750000C2519491948FDF7FDFD01210C20FDF745
:10376000FDFA174B174A1B68012163402B40136079
:103770000A20FDF7F3FA144B144A1B680121634039
:103780002B4013600B20FDF7E9FA114B114A1B681F
:103790000D2063402B401360FDF76EFB0E4B802223
:1037A0001B6892015C400D4B2C401C60D0231B0613
:1037B0005A615A6270BDC04690D0030000000440B8
:1037C00034C0014034D001402CC001402CD0014015
:1037D00030C0014030D0014038C0014038D00140F5
:1037E000D02380221B06920110B508485A61FDF7CC
:1037F00039FD0C20FDF70CFB0A20FDF709FB0B201F
:10380000FDF706FB0D20FDF703FB10BD0000044093
:10381000021E06D00130411E09780029FAD1801A13
:103820000138704737B5D0246B4680252406AD0398
:10383000D91D0870A56180239B02A3610122024863
:10384000FDF7AFFD656137BD00C0034070B5D02402
:1038500080252406AD030A00A56180239B026361D5
:1038600001000248FDF79DFD656170BD00C0034089
:10387000F7B5D0246B46802600912406B603D91DE7
:1038800008701500A6618027BF02A76101220548C4
:10389000FDF787FD676103482A000099FDF781FD68
:1038A0006661F7BD00C0034070B5D02480262406B1
:1038B000B603A66180256D0332206561FDF7F2FD38
:1038C000A5613220FDF7EEFD96206561FDF7EAFD6A
:1038D000666170BD10B50120FFF7A4FF9620FDF7CB
:1038E000E1FD10BD10B51120FFF79CFF10BD10B514
:1038F0002120FFF797FF10BD07B56B46D91D087053
:1039000001223A20FFF7B4FF07BD000010B50349BC
:10391000012209183620FFF7ABFF10BDFC6E001026
:1039200037B51C006B46013940BA49BA9880D98036
:10393000150001A904222A20FFF79AFF6B46013CDB
:1039400004226DBA01A92B2064BA9D80DC80FFF7A8
:103950008FFF2C20FFF766FF37BD00000022A0215B
:10396000054B49001A60054B1960054B1A60054B61
:10397000F0321A607047C046D8080020DC080020EA
:10398000E0080020E4080020A022064B52001A6044
:103990000022F021044B1A60044B1960044B1A609A
:1039A0007047C046D8080020DC080020E00800204E
:1039B000E408002030B5002801DA12180020A02504
:1039C00084186D00AC4200DD2A1A002A20DD00298F
:1039D00001DA5B180021CC18F02C01DDF0235B1A12
:1039E000002B15DD0B4C2568854200DD206080181A
:1039F000094A1468A04200DD1060084A1068884235
:103A000000DD1160C918064B1A68914200DD19608B
:103A100030BDC046D8080020DC080020E0080020A7
:103A2000E4080020A0235B00984217D2EF2915D8A4
:103A30000B4B1A68824200DD18600A4B1A688242FA
:103A400001DC01301860084B1A688A4200DD1960F9
:103A5000064B1A688A4201DC013119607047C04682
:103A6000D8080020DC080020E0080020E40800203E
:103A7000F7B5214D214E2A6833689A422FDA204C3F
:103A8000204F22683B689A4229DAFF236A46D371A5
:103A9000D02380221B0692035A61802292029A61EF
:103AA0006B460122D91D1848FDF77BFC3B68226854
:103AB000316828689BB292B289B280B2FFF730FFBA
:103AC0002368A02464005C432A683F68A4180F4A56
:103AD0006400A418FF1A002F02DCFFF755FFF7BDA2
:103AE0002B6831682000C91A4900FFF7AFFEA023F8
:103AF0009B00E418013FEEE7D8080020DC08002016
:103B0000E0080020E408002000C0034078090020FD
:103B1000034B1B685840034B80B218607047C04687
:103B20000C0005400C10054010B5024BD878FFF78B
:103B3000EFFF10BD3406002073B53C4C050020009B
:103B40003B49FDF707FC4023226800209343394A94
:103B50000126136080232168D0248B431360FDF776
:103B600063FA04211020FDF7F9F833490020FDF72E
:103B700077FAFF22314B00201A60FFF7C9FF304B64
:103B800024061E6080239B0263610521636211206D
:103B9000FDF7E4F88023DB023100636112206362E9
:103BA000FDF7DCF8274B31001A6820235340302200
:103BB0001340254A1320136080231B036361636253
:103BC000FDF7CCF880235B03636105216362142059
:103BD000FDF7C4F880239B03636105216362152010
:103BE000FDF7BCF8FFF760FEFFF774FEFFF77AFE03
:103BF0006A46164B01A99380B0200222FFF738FED7
:103C00005520FFF779FE3220FDF74CFC2800FFF726
:103C10007DFEFFF76CFE0A20FDF744FCFFF784FFF2
:103C2000FFF7B2FE2920FFF7FDFD73BD00C0034082
:103C300000366E0100D003400022560010000540FF
:103C4000002005404CC001404CD0014000E8FFFF7F
:103C500010B52820FFF7E6FD01220C4B00201A606A
:103C6000FDF7E2F91020FDF7D3F81120FDF7D0F8A9
:103C70001220FDF7CDF81320FDF7CAF81420FDF748
:103C8000C7F81520FDF7C4F810BDC0460030054048
:103C90000022024B1A60024B1A607047E8080020AD
:103CA000EC08002037B50400FDF7E0FE0A4D0B4A92
:103CB0000B482968126800880A4B12011B88C9004A
:103CC00000902000FEF716FA2000FFF7A1FD2B68F8
:103CD0001B182B6037BDC046E8080020EC08002008
:103CE000D0650320D465032037B50400FDF7D4FE6A
:103CF00006200A4D0A4A29681268414309480A4BBE
:103D000000881B88D20000902000FEF7F3F9200005
:103D1000FFF77EFD2B681B182B6037BDE8080020DD
:103D2000EC080020D0650320D465032007B50022ED
:103D300001AB187018005A70FFF7B4FF07BD07B544
:103D4000002201AB187018005A70FFF7CDFF07BDB5
:103D500010B52020FFF7EAFF10BD70B505000C007C
:103D6000002C00DC70BD2800FFF7E0FF013CF7E706
:103D700010B50400002C00DC10BDFFF7E9FF013C8A
:103D8000F8E700001D4B10B519681D4B1B689942E0
:103D900032D20A224A431B4B1B4C9918D35C102287
:103DA000487813400231083A2070A01C6370FCF779
:103DB0004FFB00231548A372E372FFF7E3FB144B9C
:103DC00014211A78200022735A7862739A78DB786B
:103DD000A273E3730F4B1A7822745A7862749A783C
:103DE000DB78A274E374FDF72BFD030A207563757D
:103DF000030C000EA375E07510BDC046FC08002042
:103E00005C0900200E660320001004204D8E032064
:103E1000540600206009002070B51E4C1421627DFC
:103E2000237D12021A43A37DE57D1B0413432D0657
:103E300020001D43FDF704FD854228D1164B227852
:103E4000A11C1A606278154B15481A700822FCF7FD
:103E5000FFFA637B227B1B021343A27B11491204EE
:103E60001A43E37B10481B0613430B60637C227CE0
:103E70001B021343A27C0D4912041A43E37C1B0668
:103E800013430B60F021FFF7C9FB094B18600023B7
:103E9000237070BD00100420DC6403204C8E0320CE
:103EA000448E0320540600204D8E0320600900201C
:103EB00008650320F8B5FFF7EBFE1F231B4E1C4CD3
:103EC0001C4D9C2033802580FFF730FF1221952068
:103ED000FFF743FF9920FFF729FF174A174F136891
:103EE0000133136000239A203B60FFF71FFF1F235D
:103EF000122023803580FFF73BFF1F239A20338059
:103F00002580FFF713FF0C4A1368013313600E2B53
:103F1000E8D1002396203B60FFF708FF122195208F
:103F2000FFF71BFF9320FFF701FFF8BDD4650320C7
:103F3000D0650320FF070000EC080020E8080020FF
:103F4000F8B5002701221F4B1F4E1C681F4B204D48
:103F50001F60204B1A60102C0FDC1F2310213380B0
:103F6000091B1D4B114195202B80FFF7F6FE012305
:103F70005B4237802B80FFF7EBFE00233380013B51
:103F8000164F2B80122C05DC3800FFF78BFE122C0D
:103F900009D1F8BD03212E200F3CFFF7DEFE3819B2
:103FA000FFF780FEF5E7FFF7D3FE112CF1D01F23BA
:103FB00011213380091B084B952049102B80FFF7F6
:103FC000CCFEE6E708650320D4650320EC0800205A
:103FD000D0650320E8080020FF0700004D8E032075
:103FE000F7B5214D2B68002B3DD0204B204C196894
:103FF000002201312000FDF708FD2F23461C29680F
:10400000235400223019FDF700FD0E2233180193CE
:10401000184B194E1A60194B0D3A1A60184B1F278E
:1040200000931E801023019A164D9B1AD90FC918B0
:10403000491095202F80FFF790FE009B2E801F8057
:10404000FFF786FE2000FFF72DFEFFF781FE009BA5
:10405000019A1E8011239B1AD90FC9189520491067
:104060002F80FFF77AFEF7BD5C090020FC080020D6
:10407000418F0320EC080020FF070000E808002023
:10408000D0650320D46503200123F0B5394F3A4EA3
:104090003C6885B0336009335C43384BE418002337
:1040A0000193374B039301221F21039B35481A606C
:1040B000354B364A00681380354B19809C46019970
:1040C0003B68CB18984251DD25781020290001402B
:1040D0000291054201D0113810802E4800689842A4
:1040E00004D1002313806346274A1A80029B2020B4
:1040F000002B00D03B30FFF719FE250062782B1B08
:104100009A422ADC029B2020002B00D03D30FFF792
:104110000DFE09206378C01AFFF72AFE23785B069C
:1041200020D51D48FFF7BEFDFFF712FE23780320C0
:104130007F2B1CD91948FFF7B5FD33680A340133CA
:104140003360019B013301930D2BACD1FFF748FF86
:104150000022134B1A7005B0F0BDA878FFF7E6FDFA
:104160000135CBE70320FFF703FEDDE71220FFF761
:10417000FFFDE2E760090020EC0800200E66032046
:10418000E80800205C090020FF070000D465032038
:10419000D0650320FC080020056F00100A6F001096
:1041A0003E8F03200023F0B5A24AA34C85B0A3485C
:1041B00023601360FFF7E6F9002800D112E1A04B5D
:1041C000A04819000193FFF703FA002800D109E184
:1041D00080279D4DFF009B4A9C4E00923100372264
:1041E0009B4B0098FFF78CFA002814D10199009896
:1041F000FFF7EEF9002808D0944E37223100944B97
:104200000098FFF77DFA00285AD123680021013B6E
:1042100003938D4BE3E010201023B17D727D0840A5
:10422000194204D0012A02D1337A2E2B14D03F2315
:104230000B402B70002813D0022A11D1834B1E7A19
:104240002E2E0DD15B7A2E2B0AD16A70AB70EB70DB
:1042500023680A3501332360013F002FBBD1C5E736
:1042600002260B0033403142F6D100280FD07948A6
:10427000AE1C04E0C15C2E29EED0F15401339A4209
:1042800001DD082BF6D19A42E6D16A70E0E7042AF4
:10429000E2DD714B9B5C2E2BDED1704B9B5C552B72
:1042A000DAD16F4B9B5C462BD6D16E4B9B5C322B8D
:1042B000D2D1043A67496A70A81CFCF7C9F8C7E76D
:1042C00010251022B37D1D40134295D1737D042B20
:1042D00092DD604A1F1F0192D25D2E2A8CD15F4A67
:1042E000D25C542A1FD15E4AD25C582A84D15D4ADE
:1042F000D35C542B80D12368534E0293029B9D4282
:1043000000DB79E773789F420AD13A000199B01C2B
:1043100001F0FAF8002803D14022337813433370B8
:104320000A360135EAE7422A00D065E74C4AD25CFA
:104330004D2A00D060E74B4AD35C502B00D05BE79E
:104340002368414E0293029B9D4200DB54E7737841
:104350009F420BD13A000199B01C01F0D5F800281A
:1043600004D1802233785242134333700A36013528
:10437000E9E71A00D87A01260A32022807D1947890
:104380002E2C04D1D4782E3C651EAC41E6B21278B6
:104390001F7894461022174206D162460124D206A5
:1043A000D20F62401640F6B2624610247A40224292
:1043B00011D15A78041C0192904201D96A461479AD
:1043C000E2B202929A1C00920022029C94420BDC00
:1043D000019A904219D3002E17D001310A33039A63
:1043E0009142C6DB05B0F0BD009C24782500009CFE
:1043F00001340094647AAC4201D10132E5E79C18A3
:104400002200A478127B9442E5D962461C001A70FF
:104410005A780A349F72587062709A1C1078957A94
:104420009072157001329442F8D10029D5DD02391D
:10443000143BD2E7FC0800205C0900204D8E0320CD
:104440001C6F0010000900200E6603202C090020BC
:10445000006F0010340900203009002031090020CD
:1044600032090020330900200023094A10B51360E7
:10447000084A1360084A13600422084B1A70FFF7B9
:1044800019FDFFF75DFD0122054B1A7010BDC046F6
:104490005C090020FC080020600900203E8F0320FA
:1044A0003F8F03202F22054B10B51A7000225A703F
:1044B000034B01321A60FFF7D7FF10BD4D8E03206A
:1044C00008650320F0B51E4E85B033680193002BBC
:1044D0001ED00A251B4B1C4A1B681C4F5D435C1EEB
:1044E0001B4B1278ED181B4B3C6002920393002C7F
:1044F00010DC194B1A68A24201DD22001C600C3C42
:10450000E143C9170C40944200DD1C600023336076
:1045100005B0F0BD6B78019A9A420CD110222B782D
:104520001340029A9A4206D1019A0398A91C00F0FE
:10453000EBFF0028DDD0013C3C600A3DD7E7C046D8
:10454000DC6403205C0900204C8E0320FC08002062
:1045500004660320448E03206009002010B5040087
:10456000FFF756F9FC220A4BD2001A801F22094B92
:104570001A80094B1D3A1A601423181AC30F074AF0
:104580001B185B1020001360FFF78CFB10BDC046AA
:10459000D4650320D0650320EC080020E808002043
:1045A000F8B5134C134D22682B689A4205DA23683C
:1045B0005A1C2260104AD05CF8BD104E3000FDF746
:1045C000A4FF002801D10020F6E780270023FF0088
:1045D0003A00300008492360FEF774FD2860B842B5
:1045E000E5DA3000FEF76AFE2B68002BEBD0DEE741
:1045F000B0650320B4650320418F032010650320BC
:1046000010B5FFF7CDFF0D28FBD010BD07B5002179
:10461000A022F02310000091FDF754FA07BD00001E
:10462000F0B5AC4E85B0307803283DD800F0FCFFE3
:1046300004003E00BE008601A74D2800FEF73EFEA6
:10464000FFF7E4FFA54B1A68A54B1B689A4201D3FC
:10465000042328E00A235343A24AA3499818086078
:10466000995C490601D402231DE044789F48023337
:10467000070099182200FBF7EBFE9D490522E0197F
:10468000FBF7E6FE9B48FEF77DFF39002800FEF7AA
:1046900047FF0028E7D00023974A1360974A13602A
:1046A000974A13600133337005B0F0BD0025954B78
:1046B0002C000193019A944B914F13801B22934B32
:1046C0001D800293924B1A60924B3A681A60FFF772
:1046D00097FF0A282FD000282DD009280CD120239D
:1046E0002B43039303980134FFF729FB1A2C1CD0AA
:1046F00007231C42F6D1EAE75E2852D1FFF780FF7C
:1047000003005D280AD8562825D8392836D83028FD
:1047100045D83CD000280ED00A280CD06B40D8B227
:104720000134FFF70CFB1A2CD1D1FFF769FF0A28DF
:1047300001D00028F9D16C4B0F221B681B787F2B0E
:1047400000D892183B6801333B609342ACDB62486F
:10475000FEF7B4FD87E757380628DFD800F084FF5E
:104760000700190015001C002501DEFF24006A4B1C
:10477000019A13800023029A1380A8E70200413AAD
:10478000D2B2152ACAD8373BC8E7644BF0E7644B6E
:10479000EEE7FC23DB00EBE7F8231B02E8E7303B06
:1047A000BCE76840C0B2BBE7002590E74E4F3D68CC
:1047B0002B787F2B00D84BE74C4C6A78A91C200043
:1047C000FBF746FE6878574905220019FBF740FEC3
:1047D0004848FEF7D7FE404D21002800FEF7A0FE16
:1047E000002800D134E70022434B21001A60434BDC
:1047F00028001A604632FEF765FCE37CA27C1B02AF
:104800001343227D12041A43637D1B0613430122C6
:1048100001339343444A1360444A0192A27D944673
:104820006146E27D12020A43217E09041143627E41
:1048300012060A43D11752184A4001990A604628C5
:1048400003D02548FEF73AFD02E7FF21083BC900E7
:104850008B42F6D8083A8A42F3D863782178344AF2
:104860001B020B439342ECD1E378A2781B02134363
:10487000227912041A4363791B0613432D4A643BC1
:104880009342DED8E27AA37A12021A43237B617B39
:104890001B041343090619430A00274B363A9A4270
:1048A000CFD8E37EA27E1B021343012BC9D1637FC5
:1048B000227F1B021343102BC3D12800FEF754F9AB
:1048C00078223B681B785B06DB171A400C4B1A609A
:1048D0000323E8E63E8F032010650320FC08002038
:1048E0005C0900200E6603200C650320418F032025
:1048F000046F00104D8E0320B4650320B0650320C3
:1049000040650320D46503201084FFFFD065032099
:10491000E8080020EC080020FFFF0000E0FF000096
:1049200010840000096F0010446503203C650320DB
:10493000424D0000DC4A4C009A0700001C4C2368E2
:10494000A02B00DDA0231B01D91DDA1707231A4075
:104950005218A021174D49002B68174F5943174B88
:10496000A0314900C918D2103800FEF7ABFBA022D5
:10497000296801231000FFF71DF82168A02906DD32
:104980003B6AA03949003800C918FEF7EDF80C4918
:104990002A680B680132013B2A600B60EF2A00DDB8
:1049A0004FE7002B00DD7FE64BE780258FE6C04612
:1049B000446503204065032010650320780900202A
:1049C0003C65032010B5FBF767FEFCF731FCFBF7F5
:1049D00089FC0000F0B585B014000391911E82227D
:1049E000802605001F00114B1E2000935200142347
:1049F000FDF7F3F80E4B76003200210020200093E3
:104A00001023FDF75FF803992802FBF791FC0200E1
:104A1000B04200DD32001023210020200097FDF776
:104A200051F8FFF725F805B0F0BDC046FFFF0000C4
:104A30001084000037B50400FDF7E2F82000FEF70F
:104A4000E7FE0500FDF712F814210023491B582248
:104A50002000C9000093034BFDF768FBFFF708F83F
:104A600037BDC046E0FF0000F8B5204C2048FFF7F6
:104A7000E1FF22001F4BE3181B68013302D1043C05
:104A8000002CF7D11C4BE418E40BE403944200D94A
:104A9000164C2600194F80235B019E4209D27A22D0
:104AA00021002000164BFFF795FF3220FCF7FAFC9F
:104AB000F8BD134B7A222100A01BFFF78BFF802348
:104AC000BDB21B029D4201D1AE4205D2802335000A
:104AD0005B029E4200DD1D00F0231B06F818290032
:104AE00000F0CAFD7F19761BD5E7C04600701F0095
:104AF0000E6F0010FC7F0010FC7F00000080001093
:104B0000E0FB000037B504001348FEF7D7FBFDF7C4
:104B100077F82000FEF77CFE0500FCF7A7FF1421C4
:104B2000F823491B1B0268222000C90000930B4B8D
:104B3000FDF7FCFAFEF79CFFFBF790FDFBF786FD07
:104B40000028FBD0FFF762FDFFF7B4F9FFF79CFAEE
:104B5000FEF78EFF37BDC04610650320E0FF000062
:104B6000F0B5070085B02B480E0002920393FEF7C4
:104B7000A5FBFDF745F8FCF779FF3800FEF748FE86
:104B80001424F825211A2D022822234BC9003800AD
:104B90000095FDF7CBFA3000FEF73AFE211A4822C5
:104BA0001D4BC90030000095FDF7C0FA0298FEF7D2
:104BB0002FFE211A6822184BC90002980095FDF7B4
:104BC000B5FA0398FEF724FE211A8822124BC90079
:104BD00003980095FDF7AAFA0A98FEF719FE211A24
:104BE000A8220D4B0A98C9000095FDF79FFAFEF721
:104BF0003FFFFBF733FDFBF729FD0028FBD0FFF754
:104C000005FDFFF757F9FFF73FFAFEF731FF05B053
:104C1000F0BDC04610650320E0FF0000F0B585B090
:104C20000390FBF723FC471D64213800FBF780FB52
:104C30000A25C6B20A216D423800FBF779FB2B002A
:104C4000FA217343164C3030C0188900E0723800E6
:104C5000FBF76EFBC0B2454330363030AD192072E1
:104C6000A572FCF703FF00233821039A200000936C
:104C70000C4BFDF75BFAFBF7F9FB0B4AD3889188E5
:104C8000C01AC91AC343039ADB172232184088425C
:104C900000DD0800FC23DB00FFF79CFE05B0F0BD43
:104CA0008E020020E0FF000034060020F7B5FCF77C
:104CB000A7FF0025FBF7D2FCB326FCF7D7FE132392
:104CC0001B7850482F3300227C2103724E4BFDF796
:104CD000E3F91720FFF7A2FF4C484B4B4D221C2154
:104CE000FDF7DAF94A4C4B48237E002B00D04A48A6
:104CF000002386214D2200934900434BFDF7FAF92A
:104D0000662220214548404BFDF7C6F9A7780A21C5
:104D10003800FBF71FFBC0B26D2F3FD9BE429B414D
:104D20003F4A13403F4A9B1876221921FFF752FE53
:104D30008A221A213C48344BFDF7AEF9A3222021E8
:104D40003A48314BFDF7A8F9394BE0781B68984792
:104D50002023181AFC2332000821C0B2DB00FFF721
:104D600039FEC7221A213348274BFDF795F9264B08
:104D7000E02238213048FDF78FF9FEF779FE6420F4
:104D8000FCF790FBFBF762FC03000138072829D8E9
:104D900000F062FC191F251C28280710FC23DB00EB
:104DA000C2E7237E5A4253415B422376FBF756FC0F
:104DB000012584E7002D01D0FCF79CFD00211F4B4D
:104DC00008001B689847FCF7BBFCEFE7FCF7C6FC44
:104DD000ECE7E378012BE9D9FCF7F2FCE6E7FCF716
:104DE000DDFCE3E7062B00D069E7002D01D0FCF7DE
:104DF00081FDFFF70BFCFFF75DF8FFF745F9FEF7C4
:104E000037FEF7BD84020020FFFF0000216F001075
:104E1000340600201D6F0010196F00103F6F001046
:104E200020F8FFFFE0FF00004F6F0010726F0010CE
:104E3000C0650320886F0010AA6F00105065032022
:104E400010B50400FBF728FCFCF7F2F980222000E3
:104E50009205064BA1180A1A002801DCFBF749FA53
:104E60001C78013814700133F5E7C046780900203A
:104E70000A2070B5FCF716FBFBF7F8FA1E4B9842B8
:104E800039DDFBF7EBFB35263400FCF7B9FEFCF708
:104E9000EDFD322220211948194BFDF713F9882125
:104EA00032222000164B4900FCF73AFFBE223C217B
:104EB0001448154BFDF7F0F86425FEF7D9FDFBF714
:104EC000C5FB002817D10A30013DFCF7EBFA002D95
:104ED000F5D1013CE4B2302CD7D1FCF791FEFEF7BE
:104EE000C7FD2800FEF714FEFBF7B0FB0028FBD03F
:104EF000FEF71AFEC8E770BDF8110000C56F00107C
:104F0000E0FF0000D56F0010FFFF00000022F0B5A9
:104F1000C44BC54E1F6887B01A60B74205D0C34B5B
:104F20001B7E934201D0FFF7A3FF0024C04B00215A
:104F3000C04A18000593FBF786FAFEF70FFDBE4B3B
:104F4000BE481C60FDF7DEFAFFF7ACFAFEF7B2FFD1
:104F5000BB48FFF703FBBB4BBB499B6ABB4A5B18D3
:104F600013600123BA4D2B70FDF79AFFA04209D1BF
:104F7000B74215D002000100FDF7CEFAA0420FD0D3
:104F8000FFF720FDB34B1C60FEF746FFB248FFF76A
:104F9000E5FA2C70FFF706F9FFF794FAFFF774F8BB
:104FA000FEF766FDA74BA94A996AAC481368CB1A6D
:104FB00083420FDD1160FDF773FFA54C23780028B5
:104FC0001AD1002B06D1FFF721FBFFF76BFA9C48A3
:104FD000FFF7C4FAFBF73AFB002800D16CE2013876
:104FE0000728F7D800F020FB470052002B001800DC
:104FF00065025C0267003902002BEBD0FFF706FB6D
:105000009548FFF7ABFA00232370FFF7CBF8FFF7C3
:1050100059FAFFF739F8DDE7914A924912680B68AF
:10502000013A9A42D6DD5A1C0B3B0A60DA43D2178A
:105030001340884A11689942EBDA1360E9E7884B1C
:1050400088481B6801685D1E8D42C3DD0D3BDA4355
:10505000804CD217134022689A420ADA0C320C258F
:105060009A4202DDD21AAD1A1A0049192260016073
:10507000CFE70560CDE77B4A1368002BAADD013B33
:105080001360744A11688B42C3DAD6E775490A681F
:10509000002A9FDD6F480368002B09DD1C000C3CD3
:1050A00004D40C23D21A04600A60B2E70024F9E7A2
:1050B00000230B60ADE76B4B694A1B681268934293
:1050C00088D20A26684A5E4304920499B25C8C191D
:1050D0006649039110210A424CD0654E67783568C5
:1050E000022F30D1A2782E2A2DD1E2782E2A2AD171
:1050F0002C0000230F39039A2700013C125D2F2A50
:105100001FD1002B00D037604B4BEA1B1A60039B6A
:105110005848D919FBF79CF91022574B1A70012FE8
:1051200000DD34600023326803998B54494A1360D0
:10513000FFF79AF9434B44499B6A444A5B18136052
:1051400048E70B00D7E76A1CD119F029EADC012DEA
:1051500003D02F210398415515000A215943039A82
:10516000049B0231501959183A007F19FBF770F966
:105170003760D7E7314D02362800FEF79FF8677891
:10518000049B3E4CF1183A002000FBF761F93C49C2
:1051900005223819FBF75CF93A4F3800FFF74AFC53
:1051A0000398FEF7EFF921002800FEF7B9F900286F
:1051B00003D13548FFF7A6FC0CE720222100280088
:1051C000FDF780FF314B18600393637B227B1B024A
:1051D0001343A27B2E4812041A43E37B1B0613439E
:1051E000F022120699180E002A4A1640114200D0E9
:1051F000B9E0627F217F12020A43A17F09041143B3
:10520000E27F12060A4324498A424FD02348244BA6
:10521000244A25490090FFF7A3FC2800FEF74EF82A
:10522000D8E6C0461C8005404C6F616434060020FF
:1052300078090020605B0300DC6403201065032014
:10524000EF6F001000400540807BE1FFD864032031
:105250003F8F032060090020FE6F001040420F00C6
:105260005C090020FC0800200E6603204D8E032000
:1052700008650320448E03204C8E0320418F0320B9
:105280000F700010147000101F700010B465032020
:1052900030700010FFFFFFEF56FF8BE41C6F001013
:1052A0004470001055700010677000108022920545
:1052B000934223D18248FFF7BDFB340020273900F9
:1052C0002800FDF751FC8022059B28009919520007
:1052D000FDF7F8FE7B4B1860002807DD80239B005C
:1052E000FF18794B241826009C42E8DD2800FDF7C2
:1052F000E5FFFEF747FD2000FFF7A2FDFFF7B4FB37
:1053000038008027FFF796FB7F0070492800FDF7E3
:105310002BFC3A0021002800FDF7D4FE039B060079
:105320001860B8421ED12100C0314B780A781B02A8
:1053300013438A7812041A43CB781B061343644A3A
:1053400093420FD1C4346278237812021A43A378AF
:10535000E4781B04134324061C4322005D4B0A3AE5
:105360009A4203D95C48FFF7CDFB56E7230080251E
:10537000CC330493554B343C2D020393002C1FDD9A
:10538000802292009446039B544F634419003800D6
:105390000393FDF7E9FB8022514938007118520050
:1053A000FDF790FE474B1860002809D0C023013656
:1053B000013CFF36FF3C9B009E42DFDD8026F6006D
:1053C000FC2348487A220499DB002818FFF702FBE7
:1053D000002E04D032002800414900F035F9AD1903
:1053E000002C04DD0026374B1B68B342C8DC3B4869
:1053F000FDF764FF3C4B9D4223DC3C4B1E68F72EBF
:105400001FDC8022364CFF2152002000FBF71BF8E6
:105410005023721C3649374823716671FBF718F820
:10542000711D3548FCF70CFA8022030A2070637066
:10543000030C000EE070210028005200A37000F061
:1054400003F9002211001000FDF766F8002802D0D1
:10545000FEF798FC94E52048ACE6244D2A68012A22
:1054600000DCB7E514000023214F2600013C395D24
:105470002F2913D1002B00D02E60204B921B2048E7
:10548000B9191A60FAF7E4FF10221E4B1A70012EA8
:1054900000DD2C6000232A68BB5447E60123E4E7C3
:1054A000002211001000FDF737F8002800D191E527
:1054B000CEE7FFF7FBFB8DE5FFF7B2F870E5C046DE
:1054C00079700010B4650320605A030020000100C9
:1054D000505041442A6F1F008D700010106503204A
:1054E000418F03200080FFFF00EF1F0008650320AD
:1054F0004D8E0320498F0320458F0320DC64032059
:10550000448E03204C8E032030B5032A0CD90B00A7
:1055100003439B0719D104680B689C4215D1043AD8
:1055200004300431032AF6D8551E002A0BD000237C
:1055300003E05A1C9D4206D01300C25CCC5CA24220
:10554000F7D0101B00E0002030BD551EEFE7C0462D
:10555000F0B5CE46474680B588420DD98B189842A3
:105560000AD2531E002A03D0CA5CC254013BFBD2AC
:10557000C0BCB946B046F0BD0F2A0BD80500561E78
:10558000002AF5D00023CC5C1A00EC54013396427B
:10559000F9D1EDE703000B4388469B0734D1102671
:1055A0001700B1460C000300103F3F093F01C51929
:1055B000A94426681E6066685E60A6689E60E6680C
:1055C0001034DE601E001033AE42F2D1CF19390024
:1055D0000F230C2610318C461340164217D0444638
:1055E000043B9B089B00FF181437061B0C688D19A1
:1055F00004312C60B942F9D16146043359184B4447
:105600001D0003231A40BAE70500561EBAE74D46AF
:105610001A00B4E70000000001B40248844601BC4F
:10562000604700BF3901002001B40248844601BC34
:10563000604700BF3502002001B40248844601BC27
:10564000604700BF0100002001B40248844601BC4D
:10565000604700BFC100002001B40248844601BC7D
:10566000604700BF0D02002001B40248844601BC1F
:10567000604700BF2102002001B40248844601BCFB
:10568000604700BF1900002004030205090807064F
:105690000A06FF070809040500030102FFFFFFFFD8
:1056A000FFFF4042FF00010240FFFFFFFFFF020338
:1056B00000010405FF00FFFFFFFF030401020506D0
:1056C000FFFFFFFFFFFF020301000405F656001075
:1056D000F0560010EA560010E4560010E056001094
:1056E000464154004641543332004641543136005D
:1056F0004641543132006E6F6E65000000A8000014
:1057000000000000707060700000000000002020A9
:1057100000002020000020200000202000000000C9
:105720000000000000000000000000000000000079
:105730000000000000000000000000000000000069
:105740000000000000000000000000000000000059
:1057500000000000000000000000000060000000E9
:105760000000000000000000000000000000000039
:10577000000000000000000000000008001CE0FC29
:10578000001CE0FC001CE0FC001CE0FCFFFFAFAFD5
:10579000FFFFAFAFFFFFAFAFFFFFAFAFFFFFFFFFF9
:1057A000FFFFFFFFFFFFFFFFFFFFFFFFFFFFFFFF09
:1057B000FFFFFFFFFFFFFFFFFFFFFFFFFFFFFFFFF9
:1057C000FFFFFFFFFFFFFFFFFFFFFFFFFFFFFFFFE9
:1057D000FFFFFFFFFFFFFFFFFFFFFFFF9FFFFFFF39
:1057E000FFFFFFFFFFFFFFFFFFFFFFFFFFFFFFFFC9
:1057F000FFFFFFFFFFFFFFFFFFFFFFF70054303009
:105800005020702088F850701020202000002020A8
:105810000000202000002020000020200020485010
:105820002000401010200000000000007060707028
:1058300010F870F870700000000000707070F07068
:10584000E0F8F87088F8089080888870F070F07040
:10585000F88888888888F8380070200090008000D8
:1058600008003000802008404000000000000000D8
:10587000200000000000003820E02808001CE0FCA8
:10588000001CE0FC001CE0FC001CE0FCFFFFAFAFD4
:10589000FFFFAFAFFFFFAFAFFFFFAFAFFFDFB7AFB0
:1058A000DFFFBFEFEFDFFFFFFFFFFFFF8F9F8F8F58
:1058B000EF078F078F8FFFFFFFFFFF8F8F8F0F8FF8
:1058C0001F07078F7707F76F7F77778F0F8F0F8F00
:1058D00007777777777707C7FF8FDFFF6FFF7FFF48
:1058E000F7FFCFFF7FDFF7BFBFFFFFFFFFFFFFFF28
:1058F000DFFFFFFFFFFFFFC7DF1FD7F700A84878D4
:10590000F870A870D8A848201870602030002020B7
:10591000000020200000202000002020002048F867
:10592000F8C8A020201050200000000898A0888807
:1059300030808008888800201000408898888888F7
:1059400090808088882008A080D8C888888888802F
:105950002088888850880820801050006070803827
:10596000087040788000005040D0F070F0783870B7
:10597000708888888888F82020205008001CE0FC67
:10598000001CE0FC001CE0FC001CE0FCCF1FAF2F63
:10599000C303A323FF0FAF2F8303A323FFDFB707A7
:1059A00007375FDFDFEFAFDFFFFFFFF7675F777777
:1059B000CF7F7FF77777FFDFEFFFBF776777777767
:1059C0006F7F7F7777DFF75F7F2737777777777F0F
:1059D000DF777777AF77F7DF7FEFAFFF9F8F7FC7F7
:1059E000F78FBF877FFFFFAFBF2F0F8F0F87C78F47
:1059F0008F777777777707DFDFDFAFF7005484FCA7
:105A0000F8F8F8F888F848F8FCF8FC2078E020E08E
:105A10003CFC3CFC20E020E03CFC3CFC0020005036
:105A2000A0D040002010202000000010A820083046
:105A300050F0F0107088200020F82010A888F08026
:105A400088F0F080F82008C080A8A888888888702E
:105A50002088888820501020401088000008F040DE
:105A60007888E088F060086040A88888888840804E
:105A7000208888A8508810C020180010001CE0FC66
:105A8000001CE0FC001CE0FC001CE0FC87FFAFEF0A
:105A9000FFFFBFFFAFEFAFEFBFFFBFFFFFDFFFAF06
:105AA0005F2FBFFFDFEFDFDFFFFFFFEF57DFF7CF36
:105AB000AF0F0FEF8F77DFFFDF07DFEF57770F7F36
:105AC000770F0F7F07DFF73F7F5757777777778F0E
:105AD000DF777777DFAFEFDFBFEF77FFFFF70FBF3E
:105AE00087771F770F9FF79FBF5777777777BF7FAE
:105AF000DF777757AF77EF3FDFE7FFEF00A884FC52
:105B0000F8F8A8F888F85020182060F8780000000D
:105B10000000000020202020202020200020005015
:105B2000F82068002010F8F800F80020A82070087D
:105B3000900888208878000040001020B8F88880FD
:105B400088808098882088A08088A888F0A8F0089D
:105B5000208888882020202020100000007888409D
:105B600088F040888820086040A88888888840702D
:105B7000208850A8208820202020009000000000CD
:105B80001C1C1C1CE0E0E0E0FCFCFCFC871FFF0F81
:105B9000C3038303AF2FAF2FA323A323FFDFFFAFE5
:105BA00007DF97FFDFEF0707FF07FFDF57DF8FF7FD
:105BB0006FF777DF7787FFFFBFFFEFDF4707777F5D
:105BC000777F7F6777DF775F7F7757770F570FF79D
:105BD000DF777777DFDFDFDFDFEFFFFFFF8777BF7D
:105BE000770FBF7777DFF79FBF5777777777BF8FCD
:105BF000DF77AF57DF77DFDFDFDFFF6F00544878F5
:105C000070702020A8D8C0501020207030000000F4
:105C1000000000002020202020202020000000F88C
:105C2000285890002010202010003040C820808884
:105C3000F88888408808002020F82000808888881C
:105C40009080808888208890808898888098908824
:105C5000208850A850204020101000000088884064
:105C6000888040788820085040A88888F0784008CC
:105C7000208850A850784020202000A0000000007C
:105C80001C1C1C1CE0E0E0E0FCFCFCFCCFFFFFFF68
:105C9000FFFFFFFFAFAFAFAFAFAFAFAFFFFFFF078C
:105CA000D7A76FFFDFEFDFDFEFFFCFBF37DF7F77F4
:105CB000077777BF77F7FFDFDF07DFFF7F7777773C
:105CC0006F7F7F7777DF776F7F7767777F676F7714
:105CD000DF77AF57AFDFBFDFEFEFFFFFFF7777BFB4
:105CE000777FBF8777DFF7AFBF5777770F87BFF72C
:105CF000DF77AF57AF87BFDFDFDFFF5F00A8303050
:105D00002020707088F8C08800200020000000006B
:105D10000000000020202020202020200020005013
:105D2000F8986800102050201000308070F8F8704B
:105D30001070704070702020100040207088F0704B
:105D4000E0F8807088F87088F888887080708870B3
:105D5000207020508820F838087000000078F03853
:105D6000787840088870484830A88870800840F0EB
:105D7000187820508808F83820E000400000000023
:105D80001C1C1C1CE0E0E0E0FCFCFCFCFFFFFFFF37
:105D9000FFFFFFFFAFAFAFAFAFAFAFAFFFDFFFAF03
:105DA000076797FFEFDFAFDFEFFFCF7F8F07078F2B
:105DB000EF8F8FBF8F8FDFDFEFFFBFDF8F770F8F0B
:105DC0001F077F8F77078F770777778F7F8F778F83
:105DD000DF8FDFAF77DF07C7F78FFFFFFF870FC7C3
:105DE0008787BFF7778FB7B7CF57778F7FF7BF0F0B
:105DF000E787DFAF77F707C7DF1FFFBF005400005B
:105E000000000000707000000000000000000000B2
:105E10000000000020202020202020200000000082
:105E20002000000000000000200000000000000032
:105E30000000000000000040000000000000000022
:105E40000000000000000000000000000000000052
:105E50000000000000000000000000FC0000000046
:105E6000000000700000300000000000800800000A
:105E700000000000007000000000000000000000B2
:105E80001C1C1C1CE0E0E0E0FCFCFCFCFFFFFFFF36
:105E9000FFFFFFFFAFAFAFAFAFAFAFAFFFFFFFFF92
:105EA000DFFFFFFFFFFFFFFFDFFFFFFFFFFFFFFF42
:105EB000FFFFFFFFFFFFFFBFFFFFFFFFFFFFFFFF32
:105EC000FFFFFFFFFFFFFFFFFFFFFFFFFFFFFFFFE2
:105ED000FFFFFFFFFFFFFFFFFFFFFF03FFFFFFFFCE
:105EE000FFFFFF8FFFFFCFFFFFFFFFFF7FF7FFFFEA
:105EF000FFFFFFFFFF8FFFFFFFFFFFFF00550000C9
:105F00000000000000000000000000000000101071
:105F10000000101000001010000010100000000021
:105F20000000000000000000000000000000000071
:105F30000000000000000000000000000000000061
:105F40000000000000000000000000000000000051
:105F50000000000000000000000000000000000041
:105F60000000000000000000000000000000000031
:105F7000000000000000000000000000000FF0FF23
:105F8000000FF0FF000FF0FF000FF0FFFFFFD7D76B
:105F9000FFFFD7D7FFFFD7D7FFFFD7D7FFFFFFFF01
:105FA000FFFFFFFFFFFFFFFFFFFFFFFFFFFFFFFF01
:105FB000FFFFFFFFFFFFFFFFFFFFFFFFFFFFFFFFF1
:105FC000FFFFFFFFFFFFFFFFFFFFFFFFFFFFFFFFE1
:105FD000FFFFFFFFFFFFFFFFFFFFFFFFFFFFFFFFD1
:105FE000FFFFFFFFFFFFFFFFFFFFFFFFFFFFFFFFC1
:105FF000FFFFFFFFFFFFFFFFFFFFFFFF00AA000003
:106000000000000000000000000000000000101070
:106010000000101000001010000010100000000020
:106020000000000000000000000000000000000070
:106030000000000000000000000000000000000060
:106040000000000000000000000000000000000050
:106050000000000000000000000000000000000040
:106060000000000000000000000000000000000030
:10607000000000000000000000000000000FF0FF22
:10608000000FF0FF000FF0FF000FF0FFFFFFD7D76A
:10609000FFFFD7D7FFFFD7D7FFFFD7D7FFFFFFFF00
:1060A000FFFFFFFFFFFFFFFFFFFFFFFFFFFFFFFF00
:1060B000FFFFFFFFFFFFFFFFFFFFFFFFFFFFFFFFF0
:1060C000FFFFFFFFFFFFFFFFFFFFFFFFFFFFFFFFE0
:1060D000FFFFFFFFFFFFFFFFFFFFFFFFFFFFFFFFD0
:1060E000FFFFFFFFFFFFFFFFFFFFFFFFFFFFFFFFC0
:1060F000FFFFFFFFFFFFFFFFFFFFFFFF0055000057
:10610000000000000000000000000000000010106F
:10611000000010100000101000001010000000001F
:10612000000000000000000000000000000000006F
:10613000000000000000000000000000000000005F
:10614000000000000000000000000000000000004F
:10615000000000000000000000000000000000003F
:10616000000000000000000000000000000000002F
:10617000000000000000000000000000000FF0FF21
:10618000000FF0FF000FF0FF000FF0FFFFFFD7D769
:10619000FFFFD7D7FFFFD7D7FFFFD7D7FFFFFFFFFF
:1061A000FFFFFFFFFFFFFFFFFFFFFFFFFFFFFFFFFF
:1061B000FFFFFFFFFFFFFFFFFFFFFFFFFFFFFFFFEF
:1061C000FFFFFFFFFFFFFFFFFFFFFFFFFFFFFFFFDF
:1061D000FFFFFFFFFFFFFFFFFFFFFFFFFFFFFFFFCF
:1061E000FFFFFFFFFFFFFFFFFFFFFFFFFFFFFFFFBF
:1061F000FFFFFFFFFFFFFFFFFFFFFFFF00AA000001
:10620000000000003C3C303800000010000010107E
:1062100000001010000010100000101000186C6C2E
:10622000180038000C300000000000023C183C3C14
:106230000C7E1C7E3C3C00000600603C3C187C3C14
:10624000787E7E3C667E066660C6C63C7C3C7C3CB6
:106250007E6666C666667E3C803C1800380060003C
:1062600006001C0060180C603800000000000000F0
:10627000300000000000001C18387600000FF0FF0E
:10628000000FF0FF000FF0FF000FF0FFFFFFD7D768
:10629000FFFFD7D7FFFFD7D7FFFFD7D7FFE79393EE
:1062A000E7FFC7FFF3CFFFFFFFFFFFFDC3E7C3C358
:1062B000F381E381C3C3FFFFF9FF9FC3C3E783C338
:1062C000878181C39981F9999F3939C383C383C376
:1062D00081999939999981C37FC3E7FFC7FF9FFFD0
:1062E000F9FFE3FF9FE7F39FC7FFFFFFFFFFFFFFFC
:1062F000CFFFFFFFFFFFFFE3E7C789FF0055181837
:106300006C101010427E2838081010100000101079
:1063100000001010000010100000101000186C6C2D
:106320007E626C181818441800000006663866660D
:106330001C603006666600000C003066663C6666CF
:106340006C6060666618066660C6C66666666666E7
:10635000186666C666660630C00C3C006C006000BD
:10636000060030006000006018000000000000001F
:106370003000000000000030180CDC06000FF0FFB9
:10638000000FF0FF000FF0FF000FF0FFFFFFD7D767
:10639000FFFFD7D7FFFFD7D7FFFFD7D7FFE79393ED
:1063A000819D93E7E7E7BBE7FFFFFFF999C799995D
:1063B000E39FCFF99999FFFFF3FFCF9999C399997B
:1063C000939F9F9999E7F9999F3939999999999943
:1063D000E79999399999F9CF3FF3C3FF93FF9FFF4D
:1063E000F9FFCFFF9FFFFF9FE7FFFFFFFFFFFFFFCB
:1063F000CFFFFFFFFFFFFFCFE7F323F900AA243C05
:10640000FE38383881FF24380C3830100000101066
:1064100000001010000010100000101000186CFE9A
:10642000D8666C18300C6C180000000C66780606F4
:106430003C60600666660000180018666E6666605E
:10644000666060606618066C60EEE66666666660AA
:10645000186666C63C660630600C66006C0060001C
:10646000060030006000006018000000000000001E
:106470003000000000000030180C0006000FF0FF94
:10648000000FF0FF000FF0FF000FF0FFFFFFD7D766
:10649000FFFFD7D7FFFFD7D7FFFFD7D7FFE793017E
:1064A000279993E7CFF393E7FFFFFFF39987F9F974
:1064B000C39F9FF99999FFFFE7FFE7999199999FEA
:1064C000999F9F9F99E7F9939F1119999999999F7E
:1064D000E7999939C399F9CF9FF399FF93FF9FFFEC
:1064E000F9FFCFFF9FFFFF9FE7FFFFFFFFFFFFFFCA
:1064F000CFFFFFFFFFFFFFCFE7F3FFF90055427E1D
:10650000FE7C387CA5DB24100E7C70101800101067
:1065100000001010000010100000101000186C6C2B
:10652000D80C3830300C3818000000186E180606E9
:106530006C7C600666661818307E0C066E666660B7
:10654000666060606618066C60FEF6666666666089
:10655000186666C63C660C30300C0000383C7C3C4B
:106560003E3C7C3E7C381C6618CC7C3C7C3E7C3EB1
:106570007E6666C6C6667E30180C0006000FF0FF09
:10658000000FF0FF000FF0FF000FF0FFE70FD7172D
:10659000E000D010FF07D717C000D010FFE793939B
:1065A00027F3C7CFCFF3C7E7FFFFFFE791E7F9F97D
:1065B00093839FF99999E7E7CF81F3F99199999F8F
:1065C000999F9F9F99E7F9939F0109999999999F9D
:1065D000E7999939C399F3CFCFF3FFFFC7C383C3BB
:1065E000C1C383C183C7E399E73383C383C183C135
:1065F00081999939399981CFE7F3FFF900AA427E51
:10660000FEFE54FE81FF247CFFFEFF103CF010F0E4
:106610001FFF1FFF10F010F01FFF1FFF0018006C7E
:106620007C187600300CFE7E007E00307E180C1C3C
:10663000CC067C0C3C3E18186000060C6C667C6036
:10664000667C7C607E18067860D6FE667C667C3C44
:10665000186666D6183C1830180C000000066660F4
:106660006666306666180C6C18FE6666666666605E
:10667000306666C66C660C601806000E000FF0FFF0
:10668000000FF0FF000FF0FF000FF0FFC3FFD7F780
:10669000FFFFDFFFD7F7D7F7DFFFDFFFFFE7FF934E
:1066A00083E789FFCFF30181FF81FFCF81E7F3E328
:1066B00033F983F3C3C1E7E79FFFF9F39399839F0E
:1066C0009983839F81E7F9879F290199839983C3E0
:1066D000E7999929E7C3E7CFE7F3FFFFFFF9999F10
:1066E0009999CF9999E7F393E70199999999999F86
:1066F000CF9999399399F39FE7F9FFF10055427EBD
:106700007CFEFEFEA5DB28100E1070FE3C00000093
:106710000000000010101010101010100018006C75
:106720003630DC00300C381800000060761818068F
:10673000CC06661866060000307E0C18607E666027
:106740006660606E6618066C60C6DE6660666C0623
:10675000186666D63C1830300C0C0000003E6660AF
:10676000667E306666180C7818D666666666603C8B
:10677000306666D638661830180C00CC0000000071
:106780000F0F0F0FF0F0F0F0FFFFFFFFC30FFF0739
:10679000E000C000D717D717D010D010FFE7FF9345
:1067A000C9CF23FFCFF3C7E7FFFFFF9F89E7E7F9D3
:1067B00033F999E799F9FFFFCF81F3E79F81999F1B
:1067C000999F9F9199E7F9939F3921999F9993F9FF
:1067D000E7999929C3E7CFCFF3F3FFFFFFC1999F53
:1067E0009981CF9999E7F387E729999999999FC357
:1067F000CF999929C799E7CFE7F3FF3300AA243C43
:106800007C7C54D699E760100C10307C1800000096
:10681000000000001010101010101010001800FEE2
:106820003666CC00300C6C18000000C066183006CC
:10683000FE06661866060000180018186066666096
:10684000666060666618066C60C6CE6660666C063A
:10685000186666FE3C186030060C00000066666034
:106860006660306666180C7818D6666666666006DE
:10687000306666D638661830180C00DC0000000060
:106880000F0F0F0FF0F0F0F0FFFFFFFFE7FFFFFF2C
:10689000FFFFFFFFD7D7D7D7D7D7D7D7FFE7FF015E
:1068A000C99933FFCFF393E7FFFFFF3F99E7CFF994
:1068B00001F999E799F9FFFFE7FFE7E79F99999FAA
:1068C000999F9F9999E7F9939F3931999F9993F9E6
:1068D000E7999901C3E79FCFF9F3FFFFFF99999FCC
:1068E000999FCF9999E7F387E729999999999FF902
:1068F000CF999929C799E7CFE7F3FF2300551818D7
:1069000038381010427EE0280810103800000000CF
:106910000000000010101010101010100000006C8B
:10692000FC46CC00181844181800188066186066D9
:106930000C666618660C18180C00300066666666F1
:106940006C6060666618666660C6C666606C666681
:1069500018663CFE66186030020C00000066666037
:106960006660303E66180C6C18D666667C3E600623
:1069700030663C7C6C3E3030180C00F800000000A3
:106980000F0F0F0FF0F0F0F0FFFFFFFFFFFFFFFF13
:10699000FFFFFFFFD7D7D7D7D7D7D7D7FFFFFF93B3
:1069A00003B933FFE7E7BBE7E7FFE77F99E79F9985
:1069B000F39999E799F3E7E7F3FFCFFF999999994D
:1069C000939F9F9999E799999F3939999F9399999D
:1069D000E799C30199E79FCFFDF3FFFFFF99999FC7
:1069E000999FCFC199E7F393E729999983C19FF9BB
:1069F000CF99C38393C1CFCFE7F3FF0700AA00006D
:106A0000101038383C3CC04400100010000000005A
:106A10000000000010101010101010100018006C72
:106A2000300076000C300000180018003C7E7E3CE0
:106A30000C3C3C183C381818060060183C667C3C3E
:106A4000787E603C667E3C667EC6C63C6036663CB0
:106A5000183C186C66187E3C003C0000003E7C3CF4
:106A60003E3C3006663C6C663CC6663C6006607C1C
:106A70001E3E186CC6067E1C183800700000000010
:106A80000F0F0F0FF0F0F0F0FFFFFFFFFFFFFFFF12
:106A9000FFFFFFFFD7D7D7D7D7D7D7D7FFE7FF93CA
:106AA000CFFF89FFF3CFFFFFE7FFE7FFC38181C37C
:106AB000F3C3C3E7C3C7E7E7F9FF9FE7C39983C3FE
:106AC00087819FC39981C399813939C39FC999C36C
:106AD000E7C3E79399E781C3FFC3FFFFFFC183C308
:106AE000C1C3CFF999C39399C33999C39FF99F83C0
:106AF000E1C1E79339F981E3E7C7FF8F0055000053
:106B00000000000000000000001000000000000075
:106B100000000000101010101010101000000000F5
:106B20000000000000000000300000000000000035
:106B30000000000000000030000000000000000025
:106B40000000000000000000000000000000000045
:106B50000000000000000000000000FF0000000036
:106B60000000003C0000380000000000600600004B
:106B700000000000003C00000000000000000000D9
:106B80000F0F0F0FF0F0F0F0FFFFFFFFFFFFFFFF11
:106B9000FFFFFFFFD7D7D7D7D7D7D7D7FFFFFFFF45
:106BA000FFFFFFFFFFFFFFFFCFFFFFFFFFFFFFFF25
:106BB000FFFFFFFFFFFFFFCFFFFFFFFFFFFFFFFF15
:106BC000FFFFFFFFFFFFFFFFFFFFFFFFFFFFFFFFD5
:106BD000FFFFFFFFFFFFFFFFFFFFFF00FFFFFFFFC4
:106BE000FFFFFFC3FFFFC7FFFFFFFFFF9FF9FFFF8F
:106BF000FFFFFFFFFFC3FFFFFFFFFFFF00AA000033
:106C00000000000000000000000000000000000084
:106C100000000000101010101010101000000000F4
:106C20000000000000000000000000000000000064
:106C30000000000000000000000000000000000054
:106C40000000000000000000000000000000000044
:106C50000000000000000000000000000000000034
:106C60000000000000000000000000000000000024
:106C70000000000000000000000000000000000014
:106C80000F0F0F0FF0F0F0F0FFFFFFFFFFFFFFFF10
:106C9000FFFFFFFFD7D7D7D7D7D7D7D7FFFFFFFF44
:106CA000FFFFFFFFFFFFFFFFFFFFFFFFFFFFFFFFF4
:106CB000FFFFFFFFFFFFFFFFFFFFFFFFFFFFFFFFE4
:106CC000FFFFFFFFFFFFFFFFFFFFFFFFFFFFFFFFD4
:106CD000FFFFFFFFFFFFFFFFFFFFFFFFFFFFFFFFC4
:106CE000FFFFFFFFFFFFFFFFFFFFFFFFFFFFFFFFB4
:106CF000FFFFFFFFFFFFFFFFFFFFFFFF005500004B
:106D00000000000000000000000000000000000083
:106D100000000000101010101010101000000000F3
:106D20000000000000000000000000000000000063
:106D30000000000000000000000000000000000053
:106D40000000000000000000000000000000000043
:106D50000000000000000000000000000000000033
:106D60000000000000000000000000000000000023
:106D70000000000000000000000000000000000013
:106D80000F0F0F0FF0F0F0F0FFFFFFFFFFFFFFFF0F
:106D9000FFFFFFFFD7D7D7D7D7D7D7D7FFFFFFFF43
:106DA000FFFFFFFFFFFFFFFFFFFFFFFFFFFFFFFFF3
:106DB000FFFFFFFFFFFFFFFFFFFFFFFFFFFFFFFFE3
:106DC000FFFFFFFFFFFFFFFFFFFFFFFFFFFFFFFFD3
:106DD000FFFFFFFFFFFFFFFFFFFFFFFFFFFFFFFFC3
:106DE000FFFFFFFFFFFFFFFFFFFFFFFFFFFFFFFFB3
:106DF000FFFFFFFFFFFFFFFFFFFFFFFF00AA0000F5
:106E00000000000000000000000000000000000082
:106E100000000000101010101010101000000000F2
:106E20000000000000000000000000000000000062
:106E30000000000000000000000000000000000052
:106E40000000000000000000000000000000000042
:106E50000000000000000000000000000000000032
:106E60000000000000000000000000000000000022
:106E70000000000000000000000000000000000012
:106E80000F0F0F0FF0F0F0F0FFFFFFFFFFFFFFFF0E
:106E9000FFFFFFFFD7D7D7D7D7D7D7D7FFFFFFFF42
:106EA000FFFFFFFFFFFFFFFFFFFFFFFFFFFFFFFFF2
:106EB000FFFFFFFFFFFFFFFFFFFFFFFFFFFFFFFFE2
:106EC000FFFFFFFFFFFFFFFFFFFFFFFFFFFFFFFFD2
:106ED000FFFFFFFFFFFFFFFFFFFFFFFFFFFFFFFFC2
:106EE000FFFFFFFFFFFFFFFFFFFFFFFFFFFFFFFFB2
:106EF000FFFFFFFFFFFFFFFFFFFFFFFF0060C0A0DE
:106F00002A2E2A002E545854002E424D500045720D
:106F10006173696E672E2E2E004F4E20006F6666DD
:106F200000413D53637265656E53617665722077EB
:106F300068696C65204368617267696E673A0056DC
:106F40006F6C756D652055502F444F574E3A003089
:106F500025202020203530252020203130302520CC
:106F60002031353025202032303025202032353078
:106F700025004261636B6C69676874204C45465418
:106F80002F52494748543A003020202031202020F9
:106F900032202020332020203420202035202020A3
:106FA000362020203720202038005072657373204F
:106FB000423D424F4F5453454C2C20593D62616332
:106FC0006B2E2E2E00476F696E6720546F20536C16
:106FD0006565703A00507265737320616E79206B3D
:106FE000657920746F2073746172742E2E2E00499F
:106FF0006E736572742053442063617264004C6F39
:107000006164696E672066696C65732E2E2E002E92
:10701000554632004C6F6164696E672E2E2E004318
:10702000616E6E6F74206F70656E2066696C6500AE
:10703000556E737570706F727465642061646472EC
:10704000657373006F6E205069636F3120646576DD
:107050006963652E0072756E205069636F3220700F
:10706000726F6772616D00596F752061726520746F
:107070007279696E6720746F004C6F6164696E6726
:1070800020696E746F2052414D2E2E2E004C6F6180
:1070900064696E67204572726F720000012806D81D
:1070A000034B1A5C01239340D02212069361704770
:1070B0006A020020F0B5C3B004000D0000F012F920
:1070C0000190002805D08021FC22490503A800F08A
:1070D00011F9EFF3108672B61A4B1B6898471A4BDA
:1070E0001B6898478023A1B21B0299420CD18D42A4
:1070F0000AD3164B20001F680A005223B84780238A
:107100001B02E418124BED18002D07D080220F4B04
:1071100029001F682000D8235202B8470D4B1B6876
:107120009847019B002B0AD0039B013B033306D8F1
:1071300002AB0533984786F3108843B0F0BD064B89
:107140001B68F7E7700900206809002048650320E4
:107150000080FFFF6C09002064090020F0B5C3B077
:107160000D001600019000F0BDF8041E05D080212E
:10717000FC22490503A800F0BDF8EFF3108772B6B2
:107180000F4B1B6898470F4B1B6898470E4B3200FC
:107190001B682900019898470C4B1B689847002CE6
:1071A0000AD0039B013B033306D802AB0533984753
:1071B00087F3108843B0F0BD054B1B68F7E7C04666
:1071C00070090020680900204C6503206C0900202C
:1071D00064090020F0B5C3B005000E00140000F0F3
:1071E00081F80190002805D08021FC22490503A8E0
:1071F00000F080F8EFF3108772B6244B1B689847B5
:10720000234B1B689847234B1A6880239B005340ED
:10721000C02292001340204A1360C022230052056E
:107220002100194314D1C0221C4B92001A601C4B40
:107230001B689847019B002B24D0039B013B033321
:1072400020D802AB0533984787F3108843B0F0BDD0
:107250000820916A084084460220014208D0002C90
:1072600006D0191B0D2903D82978013C1166013578
:1072700061460029D4D0002BD2D0116E013B317071
:107280000136CDE7074B1B68DDE7C04670090020DB
:10729000680900200C8001400C9001400CA00140C6
:1072A0006C0900206409002002B4714649084900B5
:1072B000095C49008E4402BC7047C04603B4714665
:1072C000490840004900095E49008E4403BC7047EC
:1072D00003B47146490840004900095A49008E44E8
:1072E00003BC704701B40248844601BC604700BF3C
:1072F000590C001001B40248844601BC604700BF2D
:10730000510400100100161902000000FFFFFFFFEA
:107310000F2800000800000010000000FC5E0010B4
:107320005250323034302D423000426174746572F4
:107330007920302E30305600FFFFFFFFFFFFFFFFA8
:10734000FFFFFFFFFFFFFFFFFFFFFFFFFFFFFFFF4D
:10735000FFFFFFFFFFFFFFFFFFFFFFFFFFFFFFFF3D
:10736000FFFFFFFFFFFFFFFFFFFFFFFFFFFFFFFF2D
:10737000FFFFFFFFFFFFFFFFFFFFFFFFFFFFFFFF1D
:10738000FFFFFFFFFFFFFFFFFFFFFFFFFFFFFFFF0D
:10739000FFFFFFFFFFFFFFFFFFFFFFFFFFFFFFFFFD
:1073A000FFFFFFFFFFFFFFFFFFFFFFFFFFFFFFFFED
:1073B000FFFFFFFFFFFFFFFFFFFFFFFFFFFFFFFFDD
:1073C000FFFFFFFFFFFFFFFFFFFFFFFFFFFFFFFFCD
:1073D000FFFFFFFFFFFFFFFFFFFFFFFFFFFFFFFFBD
:1073E000FFFFFFFFFFFFFFFFFFFFFFFFFFFFFFFFAD
:1073F000FFFFFFFFFFFFFFFFFFFFFFFFFFFFFFFF9D
:10740000FFFFFFFFFFFFFFFFFFFFFFFFFFFFFFFF8C
:10741000FFFFFFFFFFFFFFFFFFFFFFFFFFFFFFFF7C
:10742000FFFFFFFFFFFFFFFFFFFFFFFFFFFFFFFF6C
:10743000FFFFFFFFFFFFFFFFFFFFFFFFFFFFFFFF5C
:10744000FFFFFFFFFFFFFFFFFFFFFFFFFFFFFFFF4C
:10745000FFFFFFFFFFFFFFFFFFFFFFFFFFFFFFFF3C
:10746000FFFFFFFFFFFFFFFFFFFFFFFFFFFFFFFF2C
:10747000FFFFFFFFFFFFFFFFFFFFFFFFFFFFFFFF1C
:10748000FFFFFFFFFFFFFFFFFFFFFFFFFFFFFFFF0C
:10749000FFFFFFFFFFFFFFFFFFFFFFFFFFFFFFFFFC
:1074A000FFFFFFFFFFFFFFFFFFFFFFFFFFFFFFFFEC
:1074B000FFFFFFFFFFFFFFFFFFFFFFFFFFFFFFFFDC
:1074C000FFFFFFFFFFFFFFFFFFFFFFFFFFFFFFFFCC
:1074D000FFFFFFFFFFFFFFFFFFFFFFFFFFFFFFFFBC
:1074E000FFFFFFFFFFFFFFFFFFFFFFFFFFFFFFFFAC
:1074F000FFFFFFFFFFFFFFFFFFFFFFFFFFFFFFFF9C
:10750000FFFFFFFFFFFFFFFFFFFFFFFFFFFFFFFF8B
:10751000FFFFFFFFFFFFFFFFFFFFFFFFFFFFFFFF7B
:10752000FFFFFFFFFFFFFFFFFFFFFFFFFFFFFFFF6B
:10753000FFFFFFFFFFFFFFFFFFFFFFFFFFFFFFFF5B
:10754000FFFFFFFFFFFFFFFFFFFFFFFFFFFFFFFF4B
:10755000FFFFFFFFFFFFFFFFFFFFFFFFFFFFFFFF3B
:10756000FFFFFFFFFFFFFFFFFFFFFFFFFFFFFFFF2B
:10757000FFFFFFFFFFFFFFFFFFFFFFFFFFFFFFFF1B
:10758000FFFFFFFFFFFFFFFFFFFFFFFFFFFFFFFF0B
:10759000FFFFFFFFFFFFFFFFFFFFFFFFFFFFFFFFFB
:1075A000FFFFFFFFFFFFFFFFFFFFFFFFFFFFFFFFEB
:1075B000FFFFFFFFFFFFFFFFFFFFFFFFFFFFFFFFDB
:1075C000FFFFFFFFFFFFFFFFFFFFFFFFFFFFFFFFCB
:1075D000FFFFFFFFFFFFFFFFFFFFFFFFFFFFFFFFBB
:1075E000FFFFFFFFFFFFFFFFFFFFFFFFFFFFFFFFAB
:1075F000FFFFFFFFFFFFFFFFFFFFFFFFFFFFFFFF9B
:10760000FFFFFFFFFFFFFFFFFFFFFFFFFFFFFFFF8A
:10761000FFFFFFFFFFFFFFFFFFFFFFFFFFFFFFFF7A
:10762000FFFFFFFFFFFFFFFFFFFFFFFFFFFFFFFF6A
:10763000FFFFFFFFFFFFFFFFFFFFFFFFFFFFFFFF5A
:10764000FFFFFFFFFFFFFFFFFFFFFFFFFFFFFFFF4A
:10765000FFFFFFFFFFFFFFFFFFFFFFFFFFFFFFFF3A
:10766000FFFFFFFFFFFFFFFFFFFFFFFFFFFFFFFF2A
:10767000FFFFFFFFFFFFFFFFFFFFFFFFFFFFFFFF1A
:10768000FFFFFFFFFFFFFFFFFFFFFFFFFFFFFFFF0A
:10769000FFFFFFFFFFFFFFFFFFFFFFFFFFFFFFFFFA
:1076A000FFFFFFFFFFFFFFFFFFFFFFFFFFFFFFFFEA
:1076B000FFFFFFFFFFFFFFFFFFFFFFFFFFFFFFFFDA
:1076C000FFFFFFFFFFFFFFFFFFFFFFFFFFFFFFFFCA
:1076D000FFFFFFFFFFFFFFFFFFFFFFFFFFFFFFFFBA
:1076E000FFFFFFFFFFFFFFFFFFFFFFFFFFFFFFFFAA
:1076F000FFFFFFFFFFFFFFFFFFFFFFFFFFFFFFFF9A
:10770000FFFFFFFFFFFFFFFFFFFFFFFFFFFFFFFF89
:10771000FFFFFFFFFFFFFFFFFFFFFFFFFFFFFFFF79
:10772000FFFFFFFFFFFFFFFFFFFFFFFFFFFFFFFF69
:10773000FFFFFFFFFFFFFFFFFFFFFFFFFFFFFFFF59
:10774000FFFFFFFFFFFFFFFFFFFFFFFFFFFFFFFF49
:10775000FFFFFFFFFFFFFFFFFFFFFFFFFFFFFFFF39
:10776000FFFFFFFFFFFFFFFFFFFFFFFFFFFFFFFF29
:10777000FFFFFFFFFFFFFFFFFFFFFFFFFFFFFFFF19
:10778000FFFFFFFFFFFFFFFFFFFFFFFFFFFFFFFF09
:10779000FFFFFFFFFFFFFFFFFFFFFFFFFFFFFFFFF9
:1077A000FFFFFFFFFFFFFFFFFFFFFFFFFFFFFFFFE9
:1077B000FFFFFFFFFFFFFFFFFFFFFFFFFFFFFFFFD9
:1077C000FFFFFFFFFFFFFFFFFFFFFFFFFFFFFFFFC9
:1077D000FFFFFFFFFFFFFFFFFFFFFFFFFFFFFFFFB9
:1077E000FFFFFFFFFFFFFFFFFFFFFFFFFFFFFFFFA9
:1077F000FFFFFFFFFFFFFFFFFFFFFFFFFFFFFFFF99
:10780000FFFFFFFFFFFFFFFFFFFFFFFFFFFFFFFF88
:10781000FFFFFFFFFFFFFFFFFFFFFFFFFFFFFFFF78
:10782000FFFFFFFFFFFFFFFFFFFFFFFFFFFFFFFF68
:10783000FFFFFFFFFFFFFFFFFFFFFFFFFFFFFFFF58
:10784000FFFFFFFFFFFFFFFFFFFFFFFFFFFFFFFF48
:10785000FFFFFFFFFFFFFFFFFFFFFFFFFFFFFFFF38
:10786000FFFFFFFFFFFFFFFFFFFFFFFFFFFFFFFF28
:10787000FFFFFFFFFFFFFFFFFFFFFFFFFFFFFFFF18
:10788000FFFFFFFFFFFFFFFFFFFFFFFFFFFFFFFF08
:10789000FFFFFFFFFFFFFFFFFFFFFFFFFFFFFFFFF8
:1078A000FFFFFFFFFFFFFFFFFFFFFFFFFFFFFFFFE8
:1078B000FFFFFFFFFFFFFFFFFFFFFFFFFFFFFFFFD8
:1078C000FFFFFFFFFFFFFFFFFFFFFFFFFFFFFFFFC8
:1078D000FFFFFFFFFFFFFFFFFFFFFFFFFFFFFFFFB8
:1078E000FFFFFFFFFFFFFFFFFFFFFFFFFFFFFFFFA8
:1078F000FFFFFFFFFFFFFFFFFFFFFFFFFFFFFFFF98
:10790000FFFFFFFFFFFFFFFFFFFFFFFFFFFFFFFF87
:10791000FFFFFFFFFFFFFFFFFFFFFFFFFFFFFFFF77
:10792000FFFFFFFFFFFFFFFFFFFFFFFFFFFFFFFF67
:10793000FFFFFFFFFFFFFFFFFFFFFFFFFFFFFFFF57
:10794000FFFFFFFFFFFFFFFFFFFFFFFFFFFFFFFF47
:10795000FFFFFFFFFFFFFFFFFFFFFFFFFFFFFFFF37
:10796000FFFFFFFFFFFFFFFFFFFFFFFFFFFFFFFF27
:10797000FFFFFFFFFFFFFFFFFFFFFFFFFFFFFFFF17
:10798000FFFFFFFFFFFFFFFFFFFFFFFFFFFFFFFF07
:10799000FFFFFFFFFFFFFFFFFFFFFFFFFFFFFFFFF7
:1079A000FFFFFFFFFFFFFFFFFFFFFFFFFFFFFFFFE7
:1079B000FFFFFFFFFFFFFFFFFFFFFFFFFFFFFFFFD7
:1079C000FFFFFFFFFFFFFFFFFFFFFFFFFFFFFFFFC7
:1079D000FFFFFFFFFFFFFFFFFFFFFFFFFFFFFFFFB7
:1079E000FFFFFFFFFFFFFFFFFFFFFFFFFFFFFFFFA7
:1079F000FFFFFFFFFFFFFFFFFFFFFFFFFFFFFFFF97
:107A0000FFFFFFFFFFFFFFFFFFFFFFFFFFFFFFFF86
:107A1000FFFFFFFFFFFFFFFFFFFFFFFFFFFFFFFF76
:107A2000FFFFFFFFFFFFFFFFFFFFFFFFFFFFFFFF66
:107A3000FFFFFFFFFFFFFFFFFFFFFFFFFFFFFFFF56
:107A4000FFFFFFFFFFFFFFFFFFFFFFFFFFFFFFFF46
:107A5000FFFFFFFFFFFFFFFFFFFFFFFFFFFFFFFF36
:107A6000FFFFFFFFFFFFFFFFFFFFFFFFFFFFFFFF26
:107A7000FFFFFFFFFFFFFFFFFFFFFFFFFFFFFFFF16
:107A8000FFFFFFFFFFFFFFFFFFFFFFFFFFFFFFFF06
:107A9000FFFFFFFFFFFFFFFFFFFFFFFFFFFFFFFFF6
:107AA000FFFFFFFFFFFFFFFFFFFFFFFFFFFFFFFFE6
:107AB000FFFFFFFFFFFFFFFFFFFFFFFFFFFFFFFFD6
:107AC000FFFFFFFFFFFFFFFFFFFFFFFFFFFFFFFFC6
:107AD000FFFFFFFFFFFFFFFFFFFFFFFFFFFFFFFFB6
:107AE000FFFFFFFFFFFFFFFFFFFFFFFFFFFFFFFFA6
:107AF000FFFFFFFFFFFFFFFFFFFFFFFFFFFFFFFF96
:107B0000FFFFFFFFFFFFFFFFFFFFFFFFFFFFFFFF85
:107B1000FFFFFFFFFFFFFFFFFFFFFFFFFFFFFFFF75
:107B2000FFFFFFFFFFFFFFFFFFFFFFFFFFFFFFFF65
:107B3000FFFFFFFFFFFFFFFFFFFFFFFFFFFFFFFF55
:107B4000FFFFFFFFFFFFFFFFFFFFFFFFFFFFFFFF45
:107B5000FFFFFFFFFFFFFFFFFFFFFFFFFFFFFFFF35
:107B6000FFFFFFFFFFFFFFFFFFFFFFFFFFFFFFFF25
:107B7000FFFFFFFFFFFFFFFFFFFFFFFFFFFFFFFF15
:107B8000FFFFFFFFFFFFFFFFFFFFFFFFFFFFFFFF05
:107B9000FFFFFFFFFFFFFFFFFFFFFFFFFFFFFFFFF5
:107BA000FFFFFFFFFFFFFFFFFFFFFFFFFFFFFFFFE5
:107BB000FFFFFFFFFFFFFFFFFFFFFFFFFFFFFFFFD5
:107BC000FFFFFFFFFFFFFFFFFFFFFFFFFFFFFFFFC5
:107BD000FFFFFFFFFFFFFFFFFFFFFFFFFFFFFFFFB5
:107BE000FFFFFFFFFFFFFFFFFFFFFFFFFFFFFFFFA5
:107BF000FFFFFFFFFFFFFFFFFFFFFFFFFFFFFFFF95
:107C0000FFFFFFFFFFFFFFFFFFFFFFFFFFFFFFFF84
:107C1000FFFFFFFFFFFFFFFFFFFFFFFFFFFFFFFF74
:107C2000FFFFFFFFFFFFFFFFFFFFFFFFFFFFFFFF64
:107C3000FFFFFFFFFFFFFFFFFFFFFFFFFFFFFFFF54
:107C4000FFFFFFFFFFFFFFFFFFFFFFFFFFFFFFFF44
:107C5000FFFFFFFFFFFFFFFFFFFFFFFFFFFFFFFF34
:107C6000FFFFFFFFFFFFFFFFFFFFFFFFFFFFFFFF24
:107C7000FFFFFFFFFFFFFFFFFFFFFFFFFFFFFFFF14
:107C8000FFFFFFFFFFFFFFFFFFFFFFFFFFFFFFFF04
:107C9000FFFFFFFFFFFFFFFFFFFFFFFFFFFFFFFFF4
:107CA000FFFFFFFFFFFFFFFFFFFFFFFFFFFFFFFFE4
:107CB000FFFFFFFFFFFFFFFFFFFFFFFFFFFFFFFFD4
:107CC000FFFFFFFFFFFFFFFFFFFFFFFFFFFFFFFFC4
:107CD000FFFFFFFFFFFFFFFFFFFFFFFFFFFFFFFFB4
:107CE000FFFFFFFFFFFFFFFFFFFFFFFFFFFFFFFFA4
:107CF000FFFFFFFFFFFFFFFFFFFFFFFFFFFFFFFF94
:107D0000FFFFFFFFFFFFFFFFFFFFFFFFFFFFFFFF83
:107D1000FFFFFFFFFFFFFFFFFFFFFFFFFFFFFFFF73
:107D2000FFFFFFFFFFFFFFFFFFFFFFFFFFFFFFFF63
:107D3000FFFFFFFFFFFFFFFFFFFFFFFFFFFFFFFF53
:107D4000FFFFFFFFFFFFFFFFFFFFFFFFFFFFFFFF43
:107D5000FFFFFFFFFFFFFFFFFFFFFFFFFFFFFFFF33
:107D6000FFFFFFFFFFFFFFFFFFFFFFFFFFFFFFFF23
:107D7000FFFFFFFFFFFFFFFFFFFFFFFFFFFFFFFF13
:107D8000FFFFFFFFFFFFFFFFFFFFFFFFFFFFFFFF03
:107D9000FFFFFFFFFFFFFFFFFFFFFFFFFFFFFFFFF3
:107DA000FFFFFFFFFFFFFFFFFFFFFFFFFFFFFFFFE3
:107DB000FFFFFFFFFFFFFFFFFFFFFFFFFFFFFFFFD3
:107DC000FFFFFFFFFFFFFFFFFFFFFFFFFFFFFFFFC3
:107DD000FFFFFFFFFFFFFFFFFFFFFFFFFFFFFFFFB3
:107DE000FFFFFFFFFFFFFFFFFFFFFFFFFFFFFFFFA3
:107DF000FFFFFFFFFFFFFFFFFFFFFFFFFFFFFFFF93
:107E0000FFFFFFFFFFFFFFFFFFFFFFFFFFFFFFFF82
:107E1000FFFFFFFFFFFFFFFFFFFFFFFFFFFFFFFF72
:107E2000FFFFFFFFFFFFFFFFFFFFFFFFFFFFFFFF62
:107E3000FFFFFFFFFFFFFFFFFFFFFFFFFFFFFFFF52
:107E4000FFFFFFFFFFFFFFFFFFFFFFFFFFFFFFFF42
:107E5000FFFFFFFFFFFFFFFFFFFFFFFFFFFFFFFF32
:107E6000FFFFFFFFFFFFFFFFFFFFFFFFFFFFFFFF22
:107E7000FFFFFFFFFFFFFFFFFFFFFFFFFFFFFFFF12
:107E8000FFFFFFFFFFFFFFFFFFFFFFFFFFFFFFFF02
:107E9000FFFFFFFFFFFFFFFFFFFFFFFFFFFFFFFFF2
:107EA000FFFFFFFFFFFFFFFFFFFFFFFFFFFFFFFFE2
:107EB000FFFFFFFFFFFFFFFFFFFFFFFFFFFFFFFFD2
:107EC000FFFFFFFFFFFFFFFFFFFFFFFFFFFFFFFFC2
:107ED000FFFFFFFFFFFFFFFFFFFFFFFFFFFFFFFFB2
:107EE000FFFFFFFFFFFFFFFFFFFFFFFFFFFFFFFFA2
:107EF000FFFFFFFFFFFFFFFFFFFFFFFFFFFFFFFF92
:107F0000FFFFFFFFFFFFFFFFFFFFFFFFFFFFFFFF81
:107F1000FFFFFFFFFFFFFFFFFFFFFFFFFFFFFFFF71
:107F2000FFFFFFFFFFFFFFFFFFFFFFFFFFFFFFFF61
:107F3000FFFFFFFFFFFFFFFFFFFFFFFFFFFFFFFF51
:107F4000FFFFFFFFFFFFFFFFFFFFFFFFFFFFFFFF41
:107F5000FFFFFFFFFFFFFFFFFFFFFFFFFFFFFFFF31
:107F6000FFFFFFFFFFFFFFFFFFFFFFFFFFFFFFFF21
:107F7000FFFFFFFFFFFFFFFFFFFFFFFFFFFFFFFF11
:107F8000FFFFFFFFFFFFFFFFFFFFFFFFFFFFFFFF01
:107F9000FFFFFFFFFFFFFFFFFFFFFFFFFFFFFFFFF1
:107FA000FFFFFFFFFFFFFFFFFFFFFFFFFFFFFFFFE1
:107FB000FFFFFFFFFFFFFFFFFFFFFFFFFFFFFFFFD1
:107FC000FFFFFFFFFFFFFFFFFFFFFFFFFFFFFFFFC1
:107FD000FFFFFFFFFFFFFFFFFFFFFFFFFFFFFFFFB1
:107FE000FFFFFFFFFFFFFFFFFFFFFFFFFFFFFFFFA1
:107FF000FFFFFFFFFFFFFFFFFFFFFFFFFFFFFFFF91
:1080000000100420898100101181001011810010DE
:1080100011810010118100101181001011810010D8
:1080200011810010118100101181001011810010C8
:1080300011810010118100101181001011810010B8
:1080400011810010118100101181001011810010A8
:108050001181001011810010118100101181001098
:108060001181001011810010118100101181001088
:108070001181001011810010118100101181001078
:108080001181001011810010118100101181001068
:108090001181001011810010118100101181001058
:1080A0001181001011810010118100101181001048
:1080B0001181001011810010118100101181001038
:1080C0005050414467452301EFCDAB890010042097
:1080D0008981001070706164F2EB8871F0130410F4
:1080E000F0130410D481001090A31AE7D3DEFFFF31
:1080F00042011100480200000000010003020000DC
:1081000000800010FF05000000000000793512AB70
:1081100072B671B6BFF36F8F8CB0EFF30580C0B24B
:1081200010380090019402950396049740460590FC
:10813000484606905046079058460890684660307A
:108140000990EFF314800A9068460A4B98470A4B4F
:1081500056221A60DA60094B05221A609A61084BB0
:108160000122D200013292059A601A600549013954
:10817000FDD1FAE7918B00105CC00140B440014092
:108180001C0000D0C0C62D001B4880F308881B4887
:108190001B4908601B480068002813D11A491B4A74
:1081A0001B4B01E001C901C29A42FBD319491A4A8B
:1081B000002000E001C19142FCD1184988471849CC
:1081C0008847FEE772B60E490020086006C881F3B2
:1081D00008881047F0130410000000200810002049
:1081E000000000000F480649086003C880F30888B3
:1081F00008470D480130004700100420008000109F
:1082000008ED00E0000000D0F01304100000002092
:108210000810002000140020C085022001960010E4
:0C82200001F100100080001000000020A0
:10823000074AEFF3108C72B69066D166FFE7FFE74E
:10824000FFE7FFE7516F106F8CF310887047000055
:10825000000000D0074AEFF3108C72B6106651662A
:10826000FFE7FFE7FFE7FFE7516F106F8CF3108820
:1082700070470000000000D0002918D1002B11D158
:1082800010B4EFF3108C72B62C4C2066626600219D
:108290000023FFE7FFE7FFE7626F206F8CF3108892
:1082A00010BC704702460B46002000217047002B8F
:1082B00029D1130C26D1EFF3108C72B61F4B19661F
:1082C0005A66FFE7FFE730B4040C5A6F196F1204C7
:1082D00022431A66FFE7FFE7FFE7C04684B25A6F02
:1082E0001D6F120422431A66FFE7FFE7FFE72C0425
:1082F0002D0C5A6F186F0019694100238CF31088F8
:1083000030BC7047002370B400240025012676425B
:10831000B44640260018494164416D41A41A9D416C
:1083200002D2A4185D4100354041494166443642BD
:10833000F2D122002B0070BC70470000000000D07A
:1083400051434343C9188C46110C83B24B4310B4BC
:10835000040C614392B280B2504362431C041B0C74
:10836000001910BC59411304120CC018514161444A
:108370007047C046484041404840014B1B68184781
:10838000E46C0220014B1B6818470000CC6C0220F3
:1083900010B500F053F91D2000F06AF910BD00007F
:1083A00010B51D2000F076F90122014B1A6010BDB6
:1083B00000F00440F8B58027002508267F010D4B0A
:1083C0005C5D200000F0B8FD0C220B4BE418A4000B
:1083D00023683C437340134023600023074A5355EE
:1083E0000135082DEBD1064A1370064A1370064A70
:1083F0001370F8BD80010110017000109A840220F2
:10840000A3840220A4840220A284022010B50024A8
:10841000034B185D013400F05FFD082CF8D110BD4E
:108420008001011010B5094A1378D9B20133DBB2CB
:108430000F2B00D90023BFF35F8F054C24789C429B
:1084400002D0044C1370605410BDC046A4840220B6
:10845000A284022061840220F7B51F4B01249B6A8D
:108460001E4E9B0A01936B461D4D9F88D0231D49CC
:108470001B06095D5B680120CB40621E1A4903425E
:1084800019D18B5C002B0ED13B002D33FF332B8099
:108490008854E0B2FFF7C6FF378001340236023558
:1084A000092CE3D1F7BD6B462A889B889B1A632B66
:1084B000F2DD2F80EDE78B5C002BEED03388FB1ACA
:1084C0001BB2312BE9DD8020002340422043C0B2A3
:1084D0008B54FFF7A7FFE0E700400540CA82022067
:1084E000BA8202207F0101109A8402207F23034078
:1084F000013BDAB20020072A02D8024AD05CC0B29F
:108500007047C0469A8402200C4B1878002802D08D
:1085100000221A7070470A4A1378DBB2BFF35F8FEC
:10852000084909788B42F5D00749C95C0133DBB2B1
:108530000F2B00D8180010700800EBE7A38402206E
:10854000A2840220A48402206184022010B5FFF7D7
:10855000DBFF43B2002BFADB10BD00000023054A0D
:10856000D15C002904D10133082BF9D101207047D7
:108570000020FCE79A84022010B5FFF7EFFF0028E7
:10858000FBD010BDF8B5D02700240126114D3F06C1
:10859000287800F0D1FC32002B789A407A620E4A9B
:1085A000125D002A0DD00D4ADB009B18802252017B
:1085B00019681A4380235B004B40C02189000B409F
:1085C0001360E0B206F004FF631C01353400022B97
:1085D000DED1F8BDAA0F0020A80F00200440014002
:1085E00010B5044C207800F077FC607800F074FC43
:1085F00010BDC046AA0F002010B5FFF7C3FF012031
:1086000005F0CCFFFFF7D6FEFFF7C2FE05F0C8F974
:1086100005F040FC10BD10B5FFF7E2FF06F054F87E
:10862000FFF7F4FEFFF7BCFE05F04AFA05F07CFC0C
:1086300010BD10B5012000F041FF10BD10B5FFF7CF
:10864000F8FF0023064A1360064A1360064A1360C7
:108650000122064B1A60FF3219681142FCD010BD8E
:1086600018140020141400201014002000C004402E
:1086700010B504001F2100F0E7FB054B0C22E418A5
:10868000C023A4009B0123431A6034321A6010BD3A
:108690000170001010B500F01FFC10BD142310B5C0
:1086A0000100188804331B88984710BD162310B5A5
:1086B0000100188802331B88984710BD10B5284860
:1086C000FFF7ECFF274B18602748FFF7E7FF274B22
:1086D00018602748FFF7E2FF264B18602648FFF78F
:1086E000DDFF264B18602648FFF7D8FF254B1860A2
:1086F0002548FFF7D3FF254B18602548FFF7CEFF2D
:10870000244B18602448FFF7C9FF244B1860244805
:10871000FFF7C4FF234B18602348FFF7BFFF234B2D
:1087200018602348FFF7BAFF224B18602248FFF772
:10873000B5FF224B18602248FFF7B0FF214B1860AD
:108740002148FFF7ABFF214B18602148FFF7A6FF38
:10875000204B18602048FFF7A1FF204B186010BD88
:1087600050330000B082022052330000B482022055
:108770004C330000647802205433000068780220F3
:108780004D530000E46C022053340000E86C0220DA
:108790004D430000CC6C022043340000D06C02201A
:1087A00055420000F06D0220575600005C78022010
:1087B00049460000AC14002045580000A4140020D5
:1087C00052450000E86D022052500000EC6D02207E
:1087D00046430000A814002043580000A0140020C5
:1087E000F0B5050085B00020092D68D8834202D17C
:1087F000464B8800C358002A63D0002093425ED3C2
:108800000E1F00200B2E5AD8E81E414C04285ADDBA
:1088100004200C27784320188457002084424EDB24
:108820003C4841551F2121400291002103916406DB
:1088300003D402990391012102910C2400276C4377
:10884000354956086418190E1B02009301913B002C
:108850000098019980197941FFF70EFD63680600C1
:10886000834200D26060C0232F1F9B012343012F4E
:108870002DD8029A012A2AD102321A60029BA268DC
:108880001A42FCD0039B21685B014B408022F021FF
:108890005201490022430B401360012F28D9009850
:1088A0000199802380229B012343120166601A6094
:1088B00000233200FFF7E0FC144BAD00E85005B098
:1088C000F0BD1A009CE7C743FF173840A1E780229C
:1088D00012011A600D4BAA00D1580029D2D0586954
:1088E00003235843FFF7B6FC01300338FDD2C9E734
:1088F000236802994B4003210B4013600123029A25
:108900009340A2681342FCD0C9E7C0464C14002033
:1089100088010110158402200080004010B540221B
:1089200000212748FFF729FD002110222548FFF7E5
:1089300024FD0022244B1A6000F0D4FD01F0EEF873
:108940000C2001F091F80322204B21491A600123E9
:108950000A681A42FCD003221E4B1F491A600123E9
:108960000A681A42FCD01D49002000F0ADFC1C49E9
:10897000012000F0A9FC00230B211A000420FFF7BE
:108980002FFF00230C211A000520FFF729FF0023E9
:108990000D21144A0720FFF723FF00230D21114A60
:1089A0000820FFF71DFF00230D210F4A0920FFF7C4
:1089B00017FF00230D211A000620FFF711FF10BD3D
:1089C0004C14002015840220788000403CB0004008
:1089D0004480004030B000403880004048E801004A
:1089E00000770100006CDC021BB70000FA210D4B80
:1089F00010B589000400186BFFF72CFCA0420FD0C3
:108A000000230D211A000520FFF7EAFE21000020B7
:108A100000F05AFC00230C211A000520FFF7E0FEAD
:108A200010BDC0464C140020D0221206116810B5AB
:108A30000E4B002900D00E4B0324116803330D4A5E
:108A4000A343002900D00C4A694600208B4209D874
:108A5000A2438A4206D3C81A820892000749D21854
:108A6000934200D110BD02C3FAE7C04600000420C3
:108A70002010042000100420002004200DF00D60C0
:108A8000A023F0B501278101DB05CB181A6985B059
:108A90003A4001922B4A06008918C02292010A43EB
:108AA00017601A6918690092F20242408025F0208E
:108AB000A024C0016D0102400D432A60224AE40552
:108AC000A2582248F2403A4002923A00B240026074
:108AD0001F482058F0401F4E384003903260EFF39B
:108AE000108672B6BFF35F8F1B4FE25180201F6963
:108AF00040040742FAD1194FE251194FE2511C6963
:108B00001C61BFF35F8F86F31088029C002C01D09C
:108B1000144C22600398002801D013480260F02210
:108B20001869009BD2011340434013402B60019B06
:108B3000002B04D0802301229B010B431A6005B057
:108B4000F0BDC04610000050040400000434005082
:108B50001404000014340050440400000C0400000D
:108B60001C04000004240050142400501F2313B5DB
:108B7000054C00930021054B226805F053FE236845
:108B80001033236013BDC0469C140020FFFF00007B
:108B900070B58EB0040002F09FFD00224D4B1A60AC
:108BA000236818001A000E300E3200D289E006F059
:108BB000DFFB078F888888888888888288888486F1
:108BC000454D280005F02CFA2800FFF7CFFFA36BD6
:108BD00028210193636B414A0093236B04A804F09E
:108BE0009DFB04A8FFF7C2FFA368282101936368D7
:108BF0003B4A0093E36B04A804F090FB04A8FFF742
:108C0000B5FF6369282101932369364A0093E3681D
:108C100004A804F083FB04A8FFF7A8FF236A282117
:108C20000193E369304A0093A36904A804F076FB3A
:108C300004A8FFF79BFF636C28210193636A2B4A0A
:108C40000093236C04A804F069FB04A8FFF78EFFCF
:108C5000A36A2821264A04A804F060FB04A8FFF7B1
:108C600085FFE36C28210093A36C224A04A804F03A
:108C700055FB04A8FFF77AFF646A032625007035C8
:108C80001D4B1E4AE318934213D8344211D1E368B6
:108C900028210293A3681A4A0193636804A80093E9
:108CA000236804F03BFB103404A8FFF75FFFA542E4
:108CB000E6D10EB070BD134D83E7134D81E7134D20
:108CC0007FE72821124A04A804F028FB04AD78E7C6
:108CD000104D76E79C140020C40101104A020110D7
:108CE000620201107A02011092020110AC0201101E
:108CF000C5020110D2020110F0FFFFDFE01F0400E7
:108D0000EB020110ED01011000020110160201102A
:108D100032020110DC0101100222034B19681142DA
:108D2000FCD0586040BF7047500000D00122044B77
:108D30001968114201D09868704720BFF8E7C04613
:108D4000500000D0802010B5FC21400502F03EFC10
:108D5000034B1B68181A42425041C0B210BDC046B6
:108D6000FC000010F0B500248BB002AB581C0C22A4
:108D70000021FFF702FB0D22002106A8FFF7FDFAF4
:108D80004B23260002AA137006A90D2202A806F0A2
:108D90000FFB1F4F019406AD73195B790093009A86
:108DA0001C4B10099A5502F074FC3870009802F0C0
:108DB00070FC019B220E00991B0224021A4301360B
:108DC00078700C4301920237082EE4D1124B1C60DC
:108DD00000245A600E4B21001C7402AB0322581C65
:108DE000FFF7CBFA9F2302AA2900137002A80422DE
:108DF000069406F0DDFA6A78084B1A70AA78084BD8
:108E00001A700123E978074A8B4013600BB0F0BD5C
:108E10002D84022025840220001400203E8402209C
:108E20003F840220B014002010B50548FFF73EFC37
:108E3000044B010054221800FFF7A4FA10BDC046ED
:108E400053460000F46D0220094A83009B18C0229B
:108E500010B5802492011A431460802292011343BA
:108E600040221A60034BC018C000416010BDC046CC
:108E700004C0014000280008044AC3109B009B184E
:108E8000072210408000814019607047F040014087
:108E900007230B409B009A4030234343C9108900AD
:108EA000C918034BC918C0239B010B431A607047B4
:108EB0000041014007230B409B009A40302343436D
:108EC000C9108900C918034BC918C0239B010B4363
:108ED0001A6070471041014010B5040001000F22D4
:108EE0000020FFF7D5FF21000F220120FFF7D0FF60
:108EF00021000F220020FFF7DDFF0F2221000120BB
:108F0000FFF7D8FF20000F21FFF7B6FF0123D02283
:108F1000A3401206936293615622054BE3189B000F
:108F20001A60044BE4181F23E400636010BDC046C0
:108F3000017000100028000810B50400FFF7CCFFF6
:108F40000123D022A34012069362052120009361E1
:108F5000FFF77AFF10BD0000084A83109B009B18A2
:108F600003221040904010B5FF2406308440814019
:108F70001A68A2430A431A6010BDC04600E400E02C
:108F800010B50024200002210134FFF7E5FF202C5A
:108F9000F8D180220A4912060B689B009B081343F4
:108FA0000B60C023074A1B0411680B438021136028
:108FB0001368C9059B009B080B43136010BDC04696
:108FC0001CED00E020ED00E001BD000070B50500E3
:108FD000FFF7D6FF0123054C2370BFF35F8FA8472F
:108FE00072B600232370BFF35F8F70BD148402201C
:108FF0008023164A5B02164970B513600A681A424C
:10900000FCD0144C25688021134A0902D167BFF3B4
:109010004F8FBFF36F8F114A1420136000F002FDD1
:1090200001230F490A68100018401A420CD10D4B59
:109030001870BFF35F8F80231B021D4203D0C02234
:109040005200A350236070BD8A68EBE70420014002
:109050000400014000E100E004E100E004300140D0
:10906000500000D014840220F0B5264D89B00400D1
:10907000FFF7BEFF2B6801938022234B1202DA67B1
:10908000BFF34F8FBFF36F8FEFF3108772B61F4B95
:109090001F4A20499C50204A02AC5A50012200230A
:1090A000A2601E4A029363601268E2601C4A226159
:1090B0001C4A62611E00012B06DC1B4A012011685C
:1090C00001421DD140BF1E009B00E35818000093D1
:1090D000FFF722FEFFF72AFE009A00238242ECD11E
:1090E000731C052EE6D187F310888023019A1B029A
:1090F0001A4203D0C0225200AB502B6009B0F0BD21
:109100009168DBE700E100E004E100E020100420CA
:10911000D80F0000DC0F0000CD8F001008ED00E03C
:10912000F81F0420C98F0010500000D0F0B585B0A2
:109130000A9E04001D0002910392B34202DB330039
:109140002E001D00164F0299F86AFFF783F82900D8
:10915000039B71435843FFF77DF823000C339A00BB
:10916000D05101900120984000F0A8F9C0220D4B89
:109170009201E418029BA4032360039BA360231DB8
:109180001A43212313602368002BFCDA33042D03D8
:109190001D4308230198E560136005B0F0BDC0468B
:1091A0004C1400200A000100F0B589B007930EAB03
:1091B0001B780692039300230F9A10261360039BDB
:1091C00001900591002B01D1A02676002A4B029335
:1091D000059F069B77439F422BD3079B9F4228D82E
:1091E0000724E3B2049323006343E5B200933800FD
:1091F0000099FFF72FF8019BC31ADA179B18534009
:10920000029A93420BDA0F9A04991060109A029313
:109210001760119A1680129A1170139A1570009B9C
:10922000013D1B1BEDB20093002DE0D1013C002C51
:10923000D7D1039B002B1AD0A0230136B6B25B0016
:109240009E42C5D90F9B019A1B68002093420BD107
:10925000129B01981A78139B1B7853435843109B19
:109260001B68C01A43425841C0B209B0F0BD013E6C
:10927000B6B20F2EACD8E5E7A0860100F0B50D0020
:10928000FA211F000D4B0400D86A87B0F530890021
:10929000FF301600FEF7DEFF0D9B010005930C9BCF
:1092A000200004930023064A00930397054B02967F
:1092B0000195FFF779FF07B0F0BDC0464C140020C0
:1092C000801A0600006A1800F0B50E260D2587B03A
:1092D0006E446D4403AF040033000800019500970D
:1092E00005AA04A9FFF7CAFF049800280BD0297823
:1092F0003B783288200000910121FFF717FFFA2107
:109300008900FEF7A7FF07B0F0BD000001238340EE
:10931000020014205043074A0749801800220B60BE
:10932000064902600B6010234360054B8260C260F7
:109330000361704700000540A8300540A4000540C7
:10934000FFFF00000D4B10B5040058690200884271
:1093500000D90A00C0009308C0185108FEF77AFF30
:10936000102800D2102080235B01984200D30448CB
:1093700014236343034A9B18186010BD4C1400204B
:10938000FF0F00000400054014234343FF200A4A56
:1093900000019B181A68102110B593B2024201D047
:1093A0001B05190D054B58694B08C000C018FEF786
:1093B00051FF400010BDC046040005404C14002081
:1093C000F0B5334B8BB0DB6A060006931F013223E6
:1093D000FF3303932F4B07900891059202932E4B76
:1093E0002E4AFB18934244D80725EBB204932B0076
:1093F0006B43019338000199FEF72CFF079B040093
:10940000834229D8089B984226D8059B01009842A0
:1094100000D91900E3008808C01849080993FEF72D
:1094200019FF0100102800D2102180235B0199420E
:1094300000D31B49E3004808C018FEF70BFF059B4B
:109440004000C01AC317C0185840029B98421CDB4A
:1094500002D1A64200D92600049B013BDBB2049353
:10946000019B5B1B0193049B002BC3D1013D002D8D
:10947000BBD1039B013B9BB20393069BFF18039B4D
:10948000002BACD130000BB0F0BD26000290E3E71A
:109490004C14002000CA9A3B007C28E8008C8647C8
:1094A000FF0F0000034B044A186001001368994342
:1094B000FBD1704700F0004008C0004010B5024BDF
:1094C0001860FFF7EFFF10BD00E00040044B1A6882
:1094D0001F23100018401A4200D120207047C046B8
:1094E000100006400E4A0F4B11680F484B401B05F9
:1094F0000E491B0D0B600E4B03600E480360AB233F
:109500001B01136110680C4B43400C4803400B6077
:109510000B4B0C4999629369002BFCDA7047C046EB
:1095200000000640A40F00000400064000100640A2
:10953000000096960800064000B0FA0000F0FF0018
:109540004C140020808D5B00F0B5204B85B09C6AE8
:109550005D69FFF7BBFF210041432800FEF77AFE5B
:109560001B4C431C0393636832220293194B012561
:109570009C46206863460F21DB692B40434019401D
:1095800000910021032001910021009E019F3618C7
:109590004F4103994E43033EFDD202995E08C8072E
:1095A000DB0749081943013A30430291002AE1D10F
:1095B0000023094AFEF7C4FE0023084A80185941D7
:1095C00020606160080005B0F0BDC0464C1400206A
:1095D000B00F002000000640FD430300C39E26009C
:1095E000802010B5044B00025C6AFFF767FF034B55
:1095F000013C1C6010BDC0464C14002000C005405A
:10960000F8B52C4A2C4B2D481A60FFF74BFF2C4C19
:109610002C4B9C4248D3FFF751F8FFF705FCFFF7AE
:10962000AFFCFFF77BF92848FFF73CFFC022274C2F
:10963000274D200029689200FEF7A4FE2C60FFF75A
:10964000F3F900F061F9FFF78DFB01F07FFF04F003
:109650004FFB204C002720686168A268E36812185D
:109660004B41A260E360FFF76FFF2268636806006A
:1096700092197B412260636001F038FF00F096F997
:10968000FFF7AEFF02F082FB134C144B9C420ED34B
:109690001920FFF751FCD02380221B0692045A6246
:1096A0009A61FEF7A9FFF8BD08CC9847B0E708CC4F
:1096B0009847EAE7BFCDFB0000E00040FE7F3C009A
:1096C00080F4001080F40010FFFFFF010011002063
:1096D00008ED00E0E00F002080F4001080F400109E
:1096E000054B10B5C3185A1E934101201033984002
:1096F000FFF7E4FE10BDC0460040FCBFC0230221BE
:10970000021D9B011A4310B511600200243213435D
:10971000012219601A60FFF7E3FF10BD0222F0B5C5
:10972000436887B013400593031D0493C0230400CE
:1097300004989B0103431A602B4B9B695D1C0293A9
:109740006D088D4200D90D000226E90D6802AB0DAF
:10975000AA0201960236002B07D1029FBA4204D812
:1097600012184B41FE2EF4D10196FF278026019B53
:1097700076005F43390002980396013EFEF76AFDCA
:10978000A84218D9039B01995E1E71430298FEF707
:1097900061FD401BC317C71801995F40039B0298E6
:1097A0005943FEF757FD401BC317C0185840874266
:1097B00005DB039E03E0019BFF1A012EDAD1019B1A
:1097C000013E23612268360256408023FF225B015E
:1097D0001202234316401E608023049A9B01134308
:1097E000059A1A6007B0F0BD4C14002070B5040053
:1097F0000D00FFF775FF29002000FFF78FFF0722FC
:10980000216880234A400F215B0123430A401A60EC
:10981000226831310A401A60226840310A401A60D9
:109820002200802301209B01043424321A437E3914
:10983000234311601060196070BD30B50224042507
:109840008A18531A002B0BDC10230421C2681A4219
:1098500013D10423C2681A4213D10123036230BD1D
:10986000C3682342FCD00B788360C3682B4201D1CC
:109870000131E6E78368F8E78268C2680A42FBD1F3
:10988000E4E78268E6E70000F7B50193A0238C01C6
:10989000DB05E418050008000E001700FFF7F0F8DC
:1098A000236923612B00083327606360019BA36059
:1098B000144A1223954200D1023B1122F602DB0327
:1098C00033431343E36080235B0422691A42FCD1D3
:1098D000C023012210349B0123431A60042110236A
:1098E000EA681A4207D10423EA681A4207D1012321
:1098F0002B62F7BDAA68EA680A42FBD1F0E7AA68C2
:10990000F2E7C04600C003400022064B1A60BFF3D6
:109910005F8F054B0549BFF35F8F04C38B42FAD1BC
:109920007047C046486E0220000100D0800100D080
:1099300010B5EFF3108472B6D0231B061B68002B02
:1099400019D1FA20124A13491368800005331360B5
:10995000114B124A9B6A9BB213800A88531D9BB21B
:10996000834206D30E4B0F48D21893B202680132DD
:1099700002601BB20B8001F099FD84F310880A4B42
:109980001B78002B01D000F0A9F9FEF765FD10BD92
:109990004C6E0220B882022000400540DA8202208C
:1099A0001DFCFFFF506E0220BA840220D0231B064C
:1099B0001B68002B0AD1114A1360114A1360114A27
:1099C0001380114B114A9B6A9BB213800223104AE9
:1099D0001360104B10491B68D963BFF35F8F802160
:1099E0000E4B0F4853600368C9059B009B080B434F
:1099F0000360002393600333136070474C6E0220B2
:109A0000506E0220B882022000400540DA82022017
:109A100010E000E008ED00E031990010871300002D
:109A200020ED00E0034A916A936A5B1A8342FBD3FC
:109A30007047C04600400540FA2310B59B005843CC
:109A4000FFF7F0FF10BD0000FF22054B00011B686F
:109A500010405840F0231840024B18607047C04631
:109A600000400640005006408023024A9B0003430A
:109A7000D3627047008005408023114ADB0510B592
:109A8000104C1360104B1C60E024104BE4040029C0
:109A900006D01C60002805D1802212061A6010BD75
:109AA0001460F7E7802240005204904200D3084837
:109AB000084A1060084A50608022D205EEE7C0468E
:109AC00000B00540FCFF01000820014000A0054057
:109AD000FFFFFF00607802200080054010B5FEF710
:109AE0004BFDFEF798FD0021034B044A0800DA61A4
:109AF000FFF7C2FF10BDC046008005404C6F616497
:109B0000034A044B1A60044A5368002BFCDA70477E
:109B100000B0FA000060024000400240AA22064B5A
:109B2000120110B51A602F22044B1A60044B054A2B
:109B3000DA62FFF7E5FF10BD004002400C40024032
:109B40004C140020001BB70030B504000020012990
:109B500021D9114A013013001578002D05D09579CF
:109B6000A54202D1D5798D4215D00130C0B2243240
:109B70001028F1D10F3841401A78002A05D09A797F
:109B8000A24202D1DA798A4205D00130C0B2243330
:109B90001028F1D1EF3030BD786E022010B5FFF7FC
:109BA000D3FF02000020FF2A05D024214A43024BA4
:109BB0009B185878C0B210BD546E02200022044B8E
:109BC00010B51A70034B1B68934200D0984710BD24
:109BD000BC85022054780220F7B50190CB788A78B2
:109BE0001B020C781343CB1800930C19009B9C426A
:109BF00001D301200CE0637801260B2B02D12378DE
:109C0000E678E4182378009AE3189A4201D20020FB
:109C1000FEBD6378042BFAD1012E06D16379022BA5
:109C200003D1A379022B00D11E00009B21001F1B32
:109C3000BFB23A00019800F0FDFE0500082820D9C7
:109C400087421ED33C230198114943430022C9187F
:109C500009E0A378D318DBB20F2BD8D80020CB189B
:109C600001321873D2B29642F3D13C20019B2100FD
:109C70005843084B2A00C018002301F08BFB6419DD
:109C8000B4E72378E4186378052BFAD0AEE7C04632
:109C9000DC820220F88202203C23434310B50131CC
:109CA0000B4AC9B25B189B180F2906D90022094B31
:109CB0001A70094B01321A7005E01A7B0133002A31
:109CC00002D100F0C5FF10BD0131C9B2ECE7C046BA
:109CD000DC820220B7840220A6840220034B1B787A
:109CE000002B02D00822024B1A607047B784022072
:109CF00094201150F0B587B017000CAA16780DAA61
:109D000012780400049201223A4001927A080292E9
:109D1000802203911D1CD200934201D3334B1D8836
:109D200024226243324BADB2D15C002906D09B188D
:109D30005989A9420AD0586901F00AFB280001F0AC
:109D4000B7FA242262432A4B9B185861242301212D
:109D50006343274A03989954D318987101985D81F9
:109D6000414002985971414241415E721972DF715E
:109D700020495B695B18B1060B43A0210906194312
:109D8000049B002B02D0013B1B0419432423634393
:109D9000D218D369196002239E43FE33012E23D1CA
:109DA000154A1360002C1DD0029B039D1E04019BCD
:109DB0005B061E432E4301F053F9042D00D9002504
:109DC0003C226A430D4B9B189B78834202D0802330
:109DD000DB041E430A4B0B4AE3189B001E60012361
:109DE000A340136007B0F0BD074ADAE76203011031
:109DF000546E02200000F0AF4C201150DC82022093
:109E000000400414542011504C301150002809D047
:109E10000120054B1A78002A04D00130C0B2243347
:109E20000F28F7D17047C046786E02200323F7B59C
:109E30000C00CE7807001E403000FFF7E7FF637983
:109E400022791B0213430122A1780500C809424070
:109E50001E20490001400A43A1795B0528000191B9
:109E6000009639005B0DFFF745FF2800FEBD13B5D6
:109E7000040000200B000200210001900090FFF779
:109E800039FF13BDF7B5012524272E00154C01908D
:109E90002378002B20D0A379019A93421CD1330060
:109EA000AB40114A39001360104BAA00D2180023AE
:109EB000694313600E4A2370521853709370E2691D
:109EC0009A4203D00B498A4200D01360226A61890A
:109ED0006069136001F03CFA01352434102DD7D1AC
:109EE000F7BDC046786E022054301150000011506A
:109EF000546E02204C00115070B50C4C2378002B8E
:109F000013D02378042B0AD9094B1D782800FFF7BA
:109F1000B9FF3C2000226843064B1B18DA7000236F
:109F2000054A23701370054A136070BDB784022080
:109F3000B6840220DC820220BC85022054780220F4
:109F4000F0B50C0000250326012785B00190029290
:109F50000393029BAB4202DC012005B0F0BD6378A5
:109F6000052B25D1E378180030403342F5D021008D
:109F70000198FFF75BFF1E21A378DA095B000B4015
:109F80007A401A43637921791B020B435B055B0D11
:109F90003A4209D10A990A700C9A002A00D013801B
:109FA00023780135E418D4E703990A700B9AF4E793
:109FB0000020D2E73C22504370B50400094D002137
:109FC0004019FEF7DAF920000C3040191022FF2169
:109FD0001C34FEF7D2F960192022FF21FEF7CDF9DB
:109FE00070BDC046DC820220F7B50E000024154D7E
:109FF00001903C236343134AD3180122DB781342B8
:10A000001AD02B78019A934216D1002E11D1E7B2C3
:10A01000380000F089FF3800FFF734FF3800FFF701
:10A02000C9FF094B1B78BB4206D10022074B1A70AF
:10A0300002E06B78B342EAD001343C35052CD8D12C
:10A04000F7BDC046DC820220B6840220BC85022017
:10A050000122294B70B51A7001F0FCF9274B284AF0
:10A060001B685A65BFF35F8F0021264B402419708F
:10A07000254B264A1970264B26481970264B196025
:10A08000264B1D001600DA618036083259611E62C7
:10A090005C8124338242F5D1214C200001F008F983
:10A0A0006C8101241F4B2C70EB6168611E4D0020F8
:10A0B0002C70FFF77FFF2000FFF77CFF0220FFF7E7
:10A0C00079FF0320FFF776FF0420FFF773FF0322D9
:10A0D000164B1A60164A174B1A602B785A1E93417A
:10A0E000154A9B009B18154A136000F061FC00F0B4
:10A0F000A3FF134B1C7070BDBB84022008ED00E071
:10A10000CDA50010A6840220BC85022000001050BE
:10A11000B78402208000105054780220546E022030
:10A12000FF03000000011050BD85022040001150C7
:10A13000008600204C0011507B040000900011505C
:10A14000BA840220F0B587B004930CAB1B780500ED
:10A150000C0003920593FFF7F7FC0600FF2846D09A
:10A1600024224243244FBA18D379A34208D00021B5
:10A1700053890191527A290000922200FFF7BAFD1B
:10A180003000059B049A039901F016F8002E2ED199
:10A19000E0226408194B24042C431C60FB69D2059F
:10A1A0001B682E0013407A790427002A00D0FF197B
:10A1B0001F4300F055FF042D00D900263C227243B6
:10A1C0000F4B9B189B78834213D1862424020222D2
:10A1D000094B3C435B7A9343012B01D1FF331C4372
:10A1E000084D2C6000F044FF012323432B6007B08F
:10A1F000F0BD054CEBE7C046546E02200000115044
:10A20000DC8202204C0011504086000073B5110022
:10A210001D00002A02D0FFF7D1FC16E0114C227875
:10A22000022A13D0032AF6D0012A0ED10E4EF3884B
:10A23000002B0BD0022536782570F409544000918C
:10A2400021000A4D2A68FFF77DFF73BD084B0022ED
:10A250001D8003232370044B19781300C909009251
:10A26000F1E7C046BC8502200C8402205878022009
:10A270000A84022024230A001900414370B50F4CC0
:10A280000600611888790025042800D8050073436A
:10A290000026E418E179238A6670012903D8A670A4
:10A2A000FFF7B4FF70BD3C267543054C6419641874
:10A2B000247F002CF6D100F035FDF3E7546E022028
:10A2C000DC82022073B504000025082215491648D7
:10A2D00000F0A8FE154E0122738921002800019587
:10A2E0000095FFF707FD124B3582F3600123737071
:10A2F000104B1C6000F0B4FE042C00D92C003C2252
:10A3000062430D4B0D4D9B189C78241A631E9C4193
:10A310000B4BA401E4182C6000F0AAFE0123234398
:10A320002B6073BD0C84022000001050546E02207C
:10A330000800080000001150DC8202204C0011507F
:10A340000286002010B5084B19600849084BC988DF
:10A3500019800021074B1980074B1A600122074B17
:10A360001A70FFF7AFFF10BD587802200C8402204E
:10A37000088402200A84022054780220BC8502202E
:10A38000F8B5D02506AC40CCED002788054C2580DB
:10A390000D0215433100089A6580E780A380FFF71E
:10A3A000D1FFF8BD0C840220F0B57B4C0D00237862
:10A3B00087B0002B08D000F053FE002806D1237888
:10A3C000022B03D9FFF798FD07B0F0BD002D15D083
:10A3D000724A1378002B03D01378013BDBB2137061
:10A3E0001378002BEED06E4B6E4A9B6A9B186E4A18
:10A3F0001360BFF35F8F01232370E5E720780138F6
:10A40000092810D804F0B4FF05131A2E63677D9550
:10A41000A3B9634B654A9B6A9B18634A1360802209
:10A42000634B92011A6023780133DBB2E4E75C4BA3
:10A43000604A9B6A9B185C4A1360F4E700255E4BF8
:10A44000082128001D70FFF712FD5C4B2A000293C3
:10A45000082301935A4B00932B0001212800FFF79A
:10A460008FFFE0E7564B1A790123092A00D1043304
:10A470003C210126534ADDB2052DA3D008005843E4
:10A480001018C778581C844638003040374201D035
:10A490006346F0E7DBB205931388474F9C46059B64
:10A4A0003D705943634697785118454A0B808F7029
:10A4B000CE70D279444BCA72A0220100D2001A8019
:10A4C0003E4A5D809880D880FFF73CFFABE7344B75
:10A4D000364A9B6AAEE7384B00201D78FFF7D2FC66
:10A4E0003C226A43374B28009B18D97AFFF7BFFC00
:10A4F000324B029312230193314B009300231A0035
:10A50000ABE73C222C4B18782E4B42439B182C4A2D
:10A510001189D58999805189D980117C1D819972C1
:10A52000264B0092029309230193002302211A0073
:10A5300095E7A021224B49005A888A4200D941E779
:10A540001D4908781D49019202910093EDE71A4BCD
:10A550001B4E1D7831002800FFF73EFB002800D17C
:10A5600030E79021184B09017279198000215A8037
:10A570002800124A9980D980A6E73C220E4B187811
:10A58000104B42439B180222D9780A43FF21DA700C
:10A59000FFF782FB18E7C046B7840220B884022088
:10A5A0000040054050C30000D87202201027000070
:10A5B0004C201150801A0600B6840220A9A3001076
:10A5C00014770220DC8202200C8402201023F7B5CD
:10A5D0005D4C22681A4205D05C4A136000F0DAFC38
:10A5E000BFF35F8F082322681A4216D0574A1360C0
:10A5F000574B1B78DAB2013B022B01D9062A0AD14C
:10A60000544B554A9B6A12689B1A04D4534B002141
:10A610001878FFF7C9FEBFF35F8F514B1C68E30743
:10A620000AD54B4E4F4F3378002B67D03378032B2E
:10A6300064D8C0239B003B60A30703D58022494B0D
:10A6400012011A600826344214D08022454B464D30
:10A65000D2021A606B78002B0CD0444B1B689B070E
:10A6600008D5C8204000FFF7DDF9002108002E8240
:10A67000FFF700FEE3061ED5002503263C4B1B68B2
:10A680000193019B334212D024223A4B6A431E604D
:10A69000354B9B185B78002B09D0EFB2380000F0E7
:10A6A000E3FD002803D000213800FFF7E3FD01356A
:10A6B000B600102DE5D1A30603D58022294B120642
:10A6C0001A60630603D58022264B12051A606305C3
:10A6D00007D58022234B9205022100201A60FFF744
:10A6E000C9FD640709D5244B1868244B1B78002B3F
:10A6F00003D04005400D00F045FCF7BD0022204B83
:10A700001A7000F0ADFC0500BFF35F8FC0239B0003
:10A710003B60FFF7F1FB002D11D00022194B1A808E
:10A720009D70194B03321A700A4B184A9B6A9B188A
:10A73000094A1360BFF35F8F012333707CE7290060
:10A740002800FFF751FC77E7940011509430115026
:10A75000B784022000400540D8720220B68402204F
:10A760009800115050301150546E02204C0011507E
:10A77000580011505830115048001150BD8502202A
:10A78000A6840220DC820220B884022050C300008C
:10A79000842242430020054BD35C834203D0044B08
:10A7A0001878431E9841C0B27047C046DC72022040
:10A7B000A68402200200002010B5084B1C78002C53
:10A7C00005D05C78944202D19C788C4205D001304F
:10A7D000C0B284330428F1D1FB3010BDDC720220FA
:10A7E00070B50C4B04001D782900FFF7E3FF8421AE
:10A7F000094B4143094A20001A80094A9D8052189A
:10A80000117BD28909025980DA800649064AFFF78E
:10A8100099FD70BDB98402200C84022081060000DD
:10A82000DC720220BC840220D9AB001070B5104B42
:10A8300004001D782900FFF7BDFF84220D49424323
:10A840000D4B8D800B800D4B9B18DA7850424241A6
:10A850004A800022CA800132D989FF32914200D950
:10A86000DA8100212000064AFFF76CFD70BDC0466A
:10A87000B98402200C840220210B0000DC7202202B
:10A88000E1A700100200002010B50A4B1C78002C34
:10A8900008D05C78944205D15C798C4208D09C79D0
:10A8A0008C4205D00130C0B284330428EED1FB3095
:10A8B00010BDC046DC720220F0B5002304008420E5
:10A8C0000B4D07005F43EE5D7A19002E0BD1D8B215
:10A8D000012354707B558C789470C9799380D17022
:10A8E00096719660F0BD0133042BEAD1FF20F9E7A1
:10A8F000DC720220F7B50500FFF74AFF002819D0E7
:10A9000084246C430C4F3D19A979002912D02B00E7
:10A9100053331B78DEB2002B0CD06878FFF73EF97A
:10A92000031E07D17434A9796878E21900933300C3
:10A93000FFF708FCF7BDC046DC72022010B500200E
:10A94000FFF7D8FF0120FFF7D5FF0220FFF7D2FF66
:10A950000320FFF7CFFF10BDF7B50500FFF718FF85
:10A96000002813D084246C43094E351969790029D5
:10A970000CD06878FFF712F9071E07D154342B89E1
:10A9800069796878A2190097FFF7DCFBF7BDC0462C
:10A99000DC72022010B50020FFF7DEFF0120FFF778
:10A9A000DBFF0220FFF7D8FF0320FFF7D5FF10BD24
:10A9B000842210B5002192000E48FDF7DEFC1E2314
:10A9C00010220D490D4801F035F91E2310220C49C3
:10A9D0000C4801F02FF9082200210B48FDF7CDFCAF
:10A9E000052200210948FDF7C8FC0022084B1A7017
:10A9F00010BDC046DC72022000750220EC740220FB
:10AA00001476022000760220A8840220B18402205D
:10AA1000B084022010B5082200210448FDF7ADFCE7
:10AA2000052200210248FDF7A8FC10BDA8840220E1
:10AA3000B1840220F0B589B007904B790D00170062
:10AA4000032B02D0002009B0F0BD0C789442F9D855
:10AA50000E197378212BF5D13378E41806939442BC
:10AA6000F0DC0798FFF728FF03000590FF28E9D0E6
:10AA7000842058431B4AB37911180B73F3799C4611
:10AA80006146337A1B020B431118CB8107232979C6
:10AA90004B431C19BC42D5D8069F831DF6190700ED
:10AAA0000837BF180297070005300A378018BF180B
:10AAB0009B1800900A00079831000197FFF740FAB1
:10AAC0000028BFD0AB790022A0B2012B00D1EA79D7
:10AAD0008421059C034B61435B18DA7051424A4163
:10AAE0001A71B0E7DC720220F0B5842646433500C7
:10AAF000374C123585B02D190190A4194022002140
:10AB00002800FDF73AFCE78900242600314B009429
:10AB1000002F02DD009A082A08D1842201992C4BCB
:10AB20004A439B18009A1A7405B0F0BD5A1C029251
:10AB30007A1E0327187803920740032F00D10137AC
:10AB4000032182080A400009012A17D0022A38D0BE
:10AB5000002A03D10A2806D00C2806D0029B039AAB
:10AB6000DB19D71BD4E70136F8E7013E002EF5D1FB
:10AB7000009B08350133DBB20093EFE70B28EDD8DB
:10AB800004F0E6FB06ECECECECECECEC1CEC131843
:10AB9000002EE3D16E803A1C022F00D902220299C6
:10ABA000D2B2A81C00F03EFAD8E7042CD6D8013463
:10ABB000E4B2D3E7002CD1D0013CF9E75B782B70ED
:10ABC000CCE70028CAD1002EC8D15B786B70C5E7EE
:10ABD000DC720220BC840220F0B51A4B85B01B78D1
:10ABE0000C00190002930390FFF7E4FD8423050095
:10ABF0004343154E002C04D00022F318DA8105B02F
:10AC0000F0BDF4181F00114B61791B88E381002906
:10AC10000FD06078FEF7C2FF031E0AD12289617946
:10AC200094463A0054326078B21800936346FFF7B6
:10AC300089FA2800FFF758FF02990398FFF72CF8CC
:10AC4000DDE7C046B9840220DC7202200A840220BB
:10AC500070B50C000500FFF7ADFD00210B00FF28CB
:10AC60000CD0074B074A59801A809C80D980064B2C
:10AC70002800064A1C70FFF765FB0123180070BD11
:10AC80000C840220210A0000B98402202DA80010A3
:10AC9000831C08301A788A4204D001338342F9D1E8
:10ACA000002070470120FCE77FB5174B1978002979
:10ACB00028D0164D164CAB6A22689B1A22D411225A
:10ACC000144B1B78134205D0032906D9CA1ED2B2F1
:10ACD0001D290AD90022672907D822221A40561EA8
:10ACE000B2410D484E008019825C1B0212040B43D6
:10ACF000134369460948009300F0AAFFAB6A084A6B
:10AD00009B1823607FBDC046B084022000400540F0
:10AD1000D4720220A884022088030110EC7402205F
:10AD2000A0860100F0B50D0016001C0089B0002AB5
:10AD300000D0E1E0FFF7A6FD0190FF2800D1A2E0DE
:10AD400084206E4B0093019B5843009B1B185A793B
:10AD5000AA4200D0CCE01900E2B252310A70DF788A
:10AD6000012F00D0A2E0009B5430C51808231A0020
:10AD70000393072C07D8009B20183100121BC01822
:10AD80000394FDF7FAFA5E4B29001800039A029328
:10AD900004F0AAFA00286AD02A00AB1C08321C78FA
:10ADA000002C00D17DE021000298FFF771FF002800
:10ADB0001AD111222B78134268D0032C68D91D2C8C
:10ADC00064D8E01EC0B21B0200042343034304A95D
:10ADD0004C48049300F03CFF4B4B4C499B6A4C4A57
:10ADE0005B1813604B4B1C7000244B4B1E5D002EF8
:10ADF00010D031002800FFF74BFF00280AD1802235
:10AE00002B7852041B02334313433E4804A9049396
:10AE100000F01EFF0134062CE7D18026DA347604D8
:10AE20002B781F420AD0029A12783A4206D11B02AE
:10AE30002343344804A9049300F00AFF2B781F42EF
:10AE40000BD1029A12783A4207D01B0223433343B4
:10AE50002C4804A9049300F0FBFE7F000134FFB2EC
:10AE6000E82CDDD108222900029800F0DBF88423C9
:10AE7000019A5343009AD318002252331A70019852
:10AE8000FFF76AFD0126300009B0F0BD672C9AD8A3
:10AE900022221A40501E8241204960000918885C15
:10AEA00091E701339A4200D079E79BE7022FE6D180
:10AEB000009B5430C518042C06D8052220183100F8
:10AEC000121BC018FDF759FA154C05222900200065
:10AED00004F00AFA0028CAD080232A6804A9134380
:10AEE0001048049300F0B4FE052229002000BCE7BE
:10AEF0000198FFF7FFFCC5E70026C4E7DC720220DB
:10AF0000A8840220EC74022000400540801A06004C
:10AF1000D4720220B0840220AA8402208803011087
:10AF2000B18402200076022070B50500104C114E4D
:10AF30002378002B18D06378AB4215D1E378012B2E
:10AF400007D10D4800F07DFE082200210B48FDF7D7
:10AF500014FAE378022B02D1094800F072FE842231
:10AF600000212000FDF709FA8434B442E0D170BD1D
:10AF7000DC720220EC740220EC740220A88402200F
:10AF80000076022010B5FFF705FDFFF7D7FCFFF7AD
:10AF90008BFE10BD10B5FFF7D1FC10BD1FB580248E
:10AFA00064046946044800F097FE002802D0009827
:10AFB0002042F6D104B010BDEC74022010B5002878
:10AFC00011D002002032D2B2154B072A22D8E13824
:10AFD000062805D804F0CCF9080C0F1215181B0030
:10AFE00018780123184010BD18788007C00FFAE7C1
:10AFF00018784007FAE718780007F7E71878C006CE
:10B00000F4E718788006F1E718784006EEE718783C
:10B01000C009E8E701001800FFF73AFEE3E7C04681
:10B02000A8840220002310B59A4200D110BDCC5C48
:10B03000C4540133F8E70000C0212022024B49002C
:10B040005A501A607047C04600E100E02022034BCE
:10B05000DA67BFF34F8FBFF36F8F704704E100E0F3
:10B06000024B18688005800F7047C0465000115091
:10B07000FFE7FFE7FFE7FFE7FFE7FFE770470000B5
:10B08000F8B524234343224D0600EB18DA895B8987
:10B090001C1C934200D9141C24237343A4B2EB1844
:10B0A000121BDA815A792000002A13D198690028EE
:10B0B0000DD05F69002F0AD0002C08D01A798901C1
:10B0C0007F18002A1CD02200390002F097FE802051
:10B0D0000002204324231A007243AA18117A527ADC
:10B0E000012A01D04A0310437343ED1801234B405A
:10B0F0002B72EB89002B02D18023DB011843F8BDB2
:10B10000198A220041183800FFF78CFFDFE7C0469C
:10B11000546E02202423F7B580244343224E640159
:10B12000F3181F6A00213C600500FFF7A9FF1F4BC1
:10B1300004431B78002B2AD1EB43DBB2DB0924222A
:10B140006A43B218D169D28909680191002A23D0D3
:10B15000002B21D101212800FFF792FF144A019B07
:10B1600000042043134080241A00A023E404044375
:10B17000DB05134324226A43B618F26913603C606E
:10B18000FFF776FF8023DB0023433B60F7BD2B00F6
:10B190005A1E9341DBB2D2E7064A019B13401A00C4
:10B1A00080239B05E5E7C046546E0220BB84022045
:10B1B000FFFFFFDFFFFFFFAF70B524254543084CBD
:10B1C00064190025266A356001266670BFF35F8F1B
:10B1D0002582E281A281A1612371FFF79BFF70BDEF
:10B1E000546E0220F8B5242343431E4D0600EB188D
:10B1F0001B6A1C68002900D0240C24231A00724307
:10B20000AA18178AA405A40D92893819904200DD66
:10B21000D41B7343EB185A79002A0FD0002C0DDD94
:10B22000986900280AD05A69002A07D01B79890139
:10B230005118002B11D0220002F090FD24237343FB
:10B24000EB181A8AA0B28218598992B21A82A142C6
:10B2500002DD00219A81D981F8BD2200C019FFF7D3
:10B26000E1FEEBE7546E022070B500210400FFF709
:10B27000B9FF242363430D4DEB18198A9A89914233
:10B2800007D2DB691B685B0003D501212000FFF7B3
:10B29000A9FF24236343ED18EB890120002B03D081
:10B2A0002000FFF737FF002070BDC046546E02201B
:10B2B00002000020F0B585B082423DDD224B3F32D6
:10B2C0004024901159681A68002301260027019232
:10B2D000221A00930292029B009A934201DA002004
:10B2E0002AE0002234003D0094460A002A400392DE
:10B2F000019A22401300039A1A43131E05D1013309
:10B300009C4424196D416045EFD134003D00A419DF
:10B310007D41604512D10024019B01343343394300
:10B320000193B6197F41A042F6D10748074A03604E
:10B33000009B41609B01981805B0F0BD009B260062
:10B3400001332F000093C6E70814002000001050BE
:10B3500010B5002819D0002917DD0C4B3F31C0185B
:10B360003F23C2171A401218921101208C1100219C
:10B3700004F066F80021064B1A6801318243400050
:10B380008C42FAD11A6000225A6010BD0000F0AF62
:10B3900008140020F0B501261E278A18914200D318
:10B3A000F0BD4C78052C06D18C78E5096400754019
:10B3B0003C40254343550C780919EFE770B500244C
:10B3C000194B1C60194B1C60FFF740FE8022184B84
:10B3D00052021A60174B184A19001C60803104335E
:10B3E0000C609342F8D1154B154D1C602B78002B47
:10B3F00015D180200026134C134B40042E7026706C
:10B400001E70FEF75BF8267070BD104B62019B1832
:10B410005B6898470134E4B2A642F6D8E9E70C4BE2
:10B4200000241E78F8E7C0469000115054001150D7
:10B430004C3011500000105080001050000110508E
:10B44000BA840220A6840220A78402206803011087
:10B450006403011010B5FFF7B1FF9C2200210D48D5
:10B46000FCF78BFFC022002152000B48FCF785FF40
:10B4700090220021D2000948FCF77FFF3F200021E5
:10B480000922074B18605960064B1A60064B0332BD
:10B490001A6010BD0000115000001050546E0220C0
:10B4A000081400207400115078001150D0231B069E
:10B4B00070B51C680B4BE400E4180B4B20001D68B2
:10B4C00000F053FC0668A04200D170BD8268AB1A40
:10B4D0000F2B04D8C3689B1883600369984730001A
:10B4E0003668F0E71C1400204C6E022010B50348AB
:10B4F00000F038FC024800F035FC10BD1C140020A0
:10B500002414002010B51E21023000F081F810BD77
:10B5100010B52022FF210400FCF72FFF6423A37045
:10B52000054B6360054BA360054BE360054B23614E
:10B53000054B636110BDC04668101C0C3701E40C5C
:10B540006ABC343F2D93E13A001BB70070B5114C33
:10B550007F252000FFF7DCFF0F4B6E01F6187369A3
:10B56000013314D03000FFF7CDFF338883420ED172
:10B570003000230046C846C346C846C306C806C3B3
:10B58000E378002B01D10133E370280070BD013D49
:10B59000E2D2FAE72C14002000F01F1030B50A4C5C
:10B5A0008A18531A002B00DC30BD0B781B0658405C
:10B5B000082305004000002D00DA6040013B002B0D
:10B5C000F7D10131EDE7C046B71DC104012310B525
:10B5D0000A0001005842FFF7E1FF10BD30B5FF251A
:10B5E0000F248A186D01531A002B00DC30BD0B7834
:10B5F00040BA80B258400311234043401BB21803A5
:10B6000043401BB258012840584080B20131EAE75C
:10B6100010B50A0001000248FFF7E0FF10BDC04668
:10B62000FFFF0000F0B500248BB006AB5C730D2368
:10B630000F002600039206AA9B18059001930A2189
:10B640003800FCF707FE019B04900A2138005D1EBC
:10B65000FCF700FE731C3031297002930134092F6E
:10B6600007D829000598B21CFCF78CFE02980BB095
:10B67000F0BD032C09D1039B002B06D00024B31C82
:10B68000019D0293039B023D2B70049F029E019536
:10B69000D5E70F23034018003030392801D937335C
:10B6A00018007047A020084B10B519684000FCF73F
:10B6B000BFFD064C064B20701968F020FCF7B8FD62
:10B6C000044C207010BDC046BC0F0020B90F0020F4
:10B6D000C00F0020B80F0020064B074A10B51A60B3
:10B6E0001022064B1A60064B083A1A60FFF7DAFF81
:10B6F00010BDC046C40F0020F0050110C00F00208F
:10B70000BC0F0020F7B51D0008AB1B8807000C001C
:10B71000161E019301DA87185642002D01DA6419CA
:10B720006D42002F01DAF6190027A022BB19520042
:10B73000934200DDD61B002E24DD002C01DA2D19EA
:10B7400000246319F02B01DDF0252D1B002D19DDE0
:10B7500032002B002100380002F044FEA0235B00E1
:10B760005C43094AE4199B1B6400A4185B00760043
:10B77000A2190199218002349442FAD1013DE418C2
:10B78000002DF5D1F7BDC046B4140020F0B587B048
:10B790001C000CAB1B880700151E0D9E0291039325
:10B7A00030DA87185542002C34DA029B1B190293B9
:10B7B0006442AB1B0493039B380002990093AA1BBD
:10B7C0003300FFF79FFFA31B0593039B78193200FB
:10B7D0000299801B0093A31BFFF794FF029B049A1E
:10B7E0001919039B891BF01900933300FFF78AFF97
:10B7F000029B3200F118039B38000093059BFFF772
:10B8000081FF03E0002C03DA002ACED107B0F0BD9F
:10B81000002AFBD0002CF9D0CBE707B50021A022ED
:10B820000090F02308005200FFF76CFF07BD10B531
:10B830000020FFF7F2FF10BDA02310B55B00984277
:10B8400008D2EF2906D84B43034C1B185B001A5350
:10B8500002F000FE10BDC046B4140020F0B587B061
:10B860000493364B364F1B6802911B1800933B68BC
:10B87000039201930B0013435ED4A025314E6D005B
:10B8800032685318AB4257DC0199039B0C005B18DC
:10B89000F02B3BDC0B000298039902F0A3FD039B05
:10B8A000029A6B4330689B18274A5B002D1A9B183D
:10B8B0006A009446C243D21702403C685200002CF2
:10B8C00001DC07B0F0BD009D00990135FF35009502
:10B8D0001E0005000978002D03DC9B186344013C21
:10B8E000EDE74FB2002F01DA049F3780490002369E
:10B8F000C9B2013DEFE7009B1D780133FF33009390
:10B90000104B1F683E00002E08DC013C039B019A8F
:10B910009B181B1B0593002CEDDCD2E76BB2002BB0
:10B9200006DA029B049AF8180599801BFFF784FF3A
:10B930006D00EDB2013EE6E7019CE7E7C40F002091
:10B94000C00F0020BC0F0020B4140020F8B50C007C
:10B9500016001F00050001356B1E1878002808D05E
:10B960003B0021003200FFF779FF024B1B68E4180F
:10B97000F1E7F8BDBC0F0020F7B5099C16001F00C9
:10B980000A9D00900191002A04DA0026089BAD1858
:10B990009B1A0893089B002B03DAED18F61A002374
:10B9A0000893A022089B52005B19934201DD089B7B
:10B9B000D51A0C9A7319934200DD951B002D42DDB8
:10B9C000002F04DA0B9BE41BDB1900270B93002CE0
:10B9D00004DA0B9B3F1B1B1900240B930B9BE318F2
:10B9E000F02B02DDF0231B1B0B930B9B002B2ADD9E
:10B9F00021002A00089802F0F5FCA02149004C43E0
:10BA0000491B49008C46089B009AE4180E4B6400C1
:10BA1000E4180C9B68007B439B19D3180C9A521BAB
:10BA200000215E5C019F7600F75B4E000131A75359
:10BA30008D42F6D10B9924185B19013964449B1887
:10BA40000B910029ECD1F7BDB4140020F0B585B0FE
:10BA500017001D000A9E0C9C03900291002A02DA36
:10BA60000027A418B61A002E02DAA419BF1B00265C
:10BA7000A02233195200934200DD941B0E9A3B1909
:10BA8000934200DDD41B002C58DD002D06DA0D9BFF
:10BA90005B190D930B9B5B1B00250B930B9B002BE2
:10BAA00007DA0B9A0D9B944663440D930023AD1A5D
:10BAB0000B930B9B0D9A9B18F02B03DDF0230B9A35
:10BAC0009B1A0D930D9B002B38DD22000B99300043
:10BAD00002F088FC0E9B0B9A0133D90FC918A023E2
:10BAE0005B00534349104D43174A9B195B009B1859
:10BAF0007A105519039A01935519E21903920122FC
:10BB000094462E003800019C63463278184217D1C3
:10BB10001209029B5200D25A039B01302280023448
:10BB20008342F1D1A0230D9A9B00013A0D92019A14
:10BB30006D18D31801930D9B002BE2D105B0F0BD19
:10BB40000F2301361A40E4E7B4140020F0B587B0A3
:10BB50001C000CAB170004CB06001B880D000292E2
:10BB60000593002801DA00263F18A022F31952009D
:10BB7000934200DD971B002F4CDD002D01DA641984
:10BB800000252B19F02B01DDF024641B002C41DD76
:10BB900023003A002900300002F024FC029B0194AB
:10BBA0009C4200DD0193019B002B33DDE31AA024AE
:10BBB000640022006A43029392191D4B5200D2186E
:10BBC0000492019A55196C43A4196400E418049E68
:10BBD0007B00029D0393002D1EDC029B029ADB4337
:10BBE000DB171340A02292005343049AD318A022DB
:10BBF0005200D21B5200039959180598188002333D
:10BC00008B42FAD101999B18013901910029F2D197
:10BC100002F046FC07B0F0BD21003000039AFCF7AB
:10BC2000B1FBA0239B00E418F618013DD3E7C04602
:10BC3000B41400204260002282600160C26003618F
:10BC4000704700238360C360BFF35F8F70470000BD
:10BC500070B50400EFF3108572B60369002B07DBA3
:10BC60001C4A9B009B181A68002AFCD0BFF35F8F08
:10BC7000A0686368461C9E429B411E40BFF35F8FD5
:10BC8000E368B34218D02368000110221818FCF7AB
:10BC900079FBBFF35F8FA660BFF35F8F2369002B33
:10BCA00006DBBFF35F8F0B4A9B009B1800221A60D4
:10BCB00085F31088012070BD2369002B06DBBFF3DC
:10BCC0005F8F044A9B009B1800221A6085F310883E
:10BCD0000020F0E7000100D070B504000800EFF389
:10BCE000108672B62369002B07DB1D4A9B009B1848
:10BCF0001A68002AFCD0BFF35F8FBFF35F8FE5683F
:10BD0000A368AB420DD12369002B06DBBFF35F8F25
:10BD1000134A9B009B1800221A6086F310880020AB
:10BD200070BD21682B011022C918FCF72BFB62683B
:10BD30000135954292411540BFF35F8FE560BFF337
:10BD40005F8F2369002B06DBBFF35F8F044A9B00E4
:10BD50009B1800221A6086F310880120E0E7C04695
:10BD6000000100D000604060704700687047002309
:10BD70000060406083607047036859600B608368AF
:10BD8000486001330160836070470000F8B5144FCC
:10BD900008263800FFF7EBFF124B134A1349D21A5B
:10BDA00010001838086000211C0011480834016098
:10BDB00010481970016059709970D9700139597122
:10BDC0009971D9712100103A76421E713800A51878
:10BDD0009B6008316260FFF7CFFF50C5F8BDC046D9
:10BDE000D46C0220C086022000000420E06C0220F7
:10BDF000F06C0220EC6C0220F0B5CB68B1B006907C
:10BE00000D910992002B01D008009847069BDB6832
:10BE1000002B01D006989847002313931BAB029385
:10BE2000002308930C9300251AAB9C1C0D9B012248
:10BE30009B6921000D98257098472378AB4201D16A
:10BE400001F02FFA252B0BD01AAAD370069BD11C18
:10BE50005B69012206989847089B01330893E2E743
:10BE600001235B420A9500930B9501950795079B6B
:10BE70002370002B05D10D9B012221009B690D9899
:10BE8000984723780793002B01D101F08BF9180014
:10BE90002038C3B2582B01D901F06BF9582801D9C9
:10BEA00001F067F903F07CFA6100650965096B0030
:10BEB0006509650965095900650965096D006E091F
:10BEC0006509770079006509A700A900A900A90004
:10BED000A900A900A900A900A900A9006509650990
:10BEE000650965096509650965096509B802650996
:10BEF0006509B802B802B8026509650965096509EE
:10BF00006509B90165096509F807650965096509E4
:10BF1000B802650965096509880865096509650943
:10BF20006509650965096509650965097B07D70024
:10BF30009302B802B802B80265099302650965095F
:10BF4000C200F00065096407FC07650965094E0831
:10BF5000B8027308650965098C084023019A1A43E1
:10BF6000002301921AAA937085E70A9A1AAB02334A
:10BF7000002A01D101F013F900221A707BE7012396
:10BF8000ECE7099B04CB0B92002A01DB01F001F9DD
:10BF900052420B9209930423E0E700251AAB9E1C42
:10BFA0009D700D9B01229B6931000D989847337855
:10BFB0002A2B1DD1099B079504CB0C9209930C9A4F
:10BFC000D317D2185A40009251E70C9A21006A43C5
:10BFD0009B180C93002323700D9B01229B690D98E5
:10BFE000984723780793303BDAB2092AEDD9E6E780
:10BFF0000C950A25F5E71023B0E700230A250C93DA
:10C000000C9B079A6B43303AD3180C930023237090
:10C010000D9B01229B6921000D9898472378079377
:10C02000303B092BECD90C9B0B9320E700261AAB75
:10C030009D1C9E700D9B01229B6929000D989847BD
:10C040002B7807936C2B00D011E7019A643B1A43BD
:10C0500001922E700FE7019B1B0710D50722099B49
:10C06000073393431A001B6808320992DBB21BAAFC
:10C0700013700023029200930A93012507E2099AA4
:10C0800008CADBB20992F2E7099F08CF0A93002B96
:10C0900001D100F069FF009B013301D10823009317
:10C0A0000B9B002B01DC10230B93009B01240793B7
:10C0B00000230993079B002B06D1002309970B93BC
:10C0C00000930A9301F070F8009A0A9B9B18079A54
:10C0D00052429D5C019B23424BD0290000221BA8A9
:10C0E000FFF7A0FA00260500AE4236DBEB43DB1774
:10C0F0001D40089B5B190893099B01330993079B1B
:10C10000012B7AD04021069B019A5B690A4266D1D5
:10C110002C221AA9CA7006982200033198470B9B5B
:10C12000099A93426DDC0A231AAAD370069B1AA9B6
:10C1300022005B6903310698984709231AAAD37035
:10C14000069B1AA95B692200069803319847089B51
:10C1500003330893002309934FE01AABD91C1BABA0
:10C16000F35C22000B70069B06985B6998470136CA
:10C17000BAE74022019B134216D13021089A069B50
:10C18000023208921AAAD1701AA922005B690331FF
:10C190000698984778231AAAD370069B1AA92200FA
:10C1A0005B69069803319847E24A1AABDE1C2B11F3
:10C1B000D35C31003370069B0C925B6922000698B9
:10C1C00098470F231D400C9B22005B5D31003370AC
:10C1D000069B06985B699847089B02338BE72D22E4
:10C1E0001AA9CA7006982200033198470B9B099A36
:10C1F000934298DD089B01330893079B013B07930B
:10C2000058E72022069B1AA9CA705B69220006988B
:10C2100003319847089B0233EEE7099F08CF002BB4
:10C2200001D100F0A1FE009A013201D10822009252
:10C230000B9A002A01DC08220B920A9300230126A4
:10C240000793009B002B00D137E70A9B1D88019BB9
:10C2500033424DD0290000221BA8FFF7E3F9002547
:10C260000400A54238DBE343DB171C40089B1B1985
:10C270000893079B01330793009B012B00D193E0A8
:10C280004021069B019A5B690A427FD12C221AA9A0
:10C29000CA7006983200033198470B9B079A934265
:10C2A00000DD88E00A231AAAD370069B1AA932007F
:10C2B0005B6903310698984709231AAAD370069B35
:10C2C0001AA95B693200069803319847089B03332B
:10C2D00008930023079367E01AABD91C1BABEB5CF8
:10C2E00032000B70069B06985B6998470135B8E7EA
:10C2F0004022019B134216D13021069B1AAAD1700D
:10C300001AA932005B6903310698984778231AAA64
:10C31000D370069B1AA95B693200069803319847CF
:10C32000089B023308931AAB824ADC1C2B13D35CA4
:10C3300021002370069B09925B693200069898479A
:10C340000F2209992B121340CB5C32002370069BFD
:10C3500021005B69069898470F2209992B11134019
:10C36000CB5C32002370069B21005B6906989847DE
:10C370000F22099B15405B5D32002370069B210054
:10C380005B6906989847089B043371E72D221AA928
:10C39000CA7006983200033198470B9B079A934264
:10C3A00080DD089B01330893009B013B00930A9BAF
:10C3B00002330A9345E72022069B1AA9CA705B69DB
:10C3C0003200069803319847089B0233EBE7019B44
:10C3D000099C1B071BD5072307349C430CCC1492E4
:10C3E0001593149A159B04920593159A0223002A1B
:10C3F00001DB00F0E3FC14981599002342428B41C5
:10C400000492059302232D220A9200F0D7FC08CC57
:10C410001493DB171593E4E70722099B0733934333
:10C420001A0018CA029303940298039909920023F0
:10C43000002202F0E5FF002804D1039B3E4ADB0CFA
:10C4400093420DD1802212069446029B1893039BBF
:10C4500063441993189B199C029303942D230A9308
:10C46000039B364A5B001B0D93426DD1344B029304
:10C47000079B5A2B01D8334B02931023019A0325B3
:10C480009A43130020221A430023019200931AAB0F
:10C4900002331B78002B01D100F003FF009B0793B0
:10C4A000AB4200DA07950A9B5A1E9341079AD318AC
:10C4B00014220793019B13400C93019B134201D05C
:10C4C00000F085FE0B9B079A20279C1A2600002E61
:10C4D00001DD00F070FEE343DB171C40089B1B19D5
:10C4E00008930A9B002B01D000F074FE009B5E1B9A
:10C4F0003400002C01DD00F09FFEF443029FE4179E
:10C500003440029B5B19DB1B002B01DD00F0A1FE18
:10C51000EB43029ADB172B40D2180292089A1B19A0
:10C52000D3180893019B5B0701D500F09EFE013EE6
:10C53000331B77E46D040110FF1F0000FE0F0000A5
:10C5400003030110FF0201109B4A934206D19B4B4B
:10C550000293079B5A2B90D8994B8DE7009B013390
:10C5600001D106230093079B542B00D9ECE01A005D
:10C57000944B423AD2B2D3400122190011401342E7
:10C5800000D0F3E0029E039F0C001291002202985B
:10C590000399002302F0FCFE002800D0A2E0002254
:10C5A00030003900884B02F01BFF002800D153E116
:10C5B00030003900854A864B02F012FF002809D06E
:10C5C00030003900834A844B02F0CAFE06000F0097
:10C5D0000134FF3430003900804A814B02F000FF03
:10C5E000002808D0300039007E4A7F4B02F0B8FEA8
:10C5F00006000F008034300039007C4A7C4B02F08A
:10C60000EFFE002808D0300039007A4A7A4B02F059
:10C61000A7FE06000F00403430003900774A784BFF
:10C6200002F0DEFE002808D030003900754A764B53
:10C6300002F096FE06000F00203430003900734AE5
:10C64000734B02F0CDFE002808D030003900714A4B
:10C65000714B02F085FE06000F00103400223000FE
:10C6600039006E4B02F0BCFE002808D030003900C3
:10C670006B4A6C4B02F074FE06000F000834002277
:10C6800030003900684B02F0ABFE002808D03000C3
:10C690003900664A664B02F063FE06000F00043460
:10C6A000002230003900634B02F09AFE002808D0C7
:10C6B00030003900604A614B02F052FE06000F0064
:10C6C00002340022300039005D4B02F089FE002860
:10C6D00008D0300039005B4A5B4B02F041FE060097
:10C6E0000F000134022317930023079D16932B009C
:10C6F00020229343DBB2452B00D16AE1742D00D197
:10C700008CE1472D02D0672D00D052E1E31C00DA06
:10C710005CE1009BA34203DA0B9B9C4200DD55E1E8
:10C72000002C00DA73E1631C02930023029A119338
:10C730001093009B934203DA1300009A9B1A119303
:10C74000009B0F9300234CE1079B672B05D1009BB7
:10C75000002B05DC0123009302E0079B742BF6D02D
:10C76000029E039F00231C0012930FE7009B002BE7
:10C7700000DC0092079B0024029E039F422B09D0FD
:10C78000129403E730003900304B02F0E9FD060057
:10C790000F0003340022300039002D4B02F020FE40
:10C7A00000220028EED12B4B3000390002F018FE99
:10C7B000431E98411290E9E6FF0F00000B030110A1
:10C7C00007030110210004000000F03F3CBF737F0D
:10C7D000DD4F1575436FAC642806C80A321D30F969
:10C7E0004877825A9D978CCF08BA5B25F5F93FE9C7
:10C7F000034F384D3DA7F444FD0FA532176E05B524
:10C80000B5B8934633A7A8D523F649390080E03759
:10C8100079C34143BC89D897B2D29C3C84D7974115
:10C820003A8C30E28E79453E0088C3402D431CEBA4
:10C83000E2361A3F000059407B14AE47E17A843F4C
:10C84000000024409A9999999999B93F0000503F66
:10C850000000904000408F4030003900A44AA54BB2
:10C8600002F0CEFD002809D030003900A24AA34BC7
:10C8700002F076FD06000F00023CFF3C300039005C
:10C880009F4AA04B02F0BCFD002808D030003900C0
:10C890009D4A9E4B02F064FD06000F00813C300073
:10C8A00039009B4A9B4B02F0ABFD002808D03000BA
:10C8B0003900994A994B02F053FD06000F00413CA4
:10C8C00030003900964A974B02F09AFD002808D0B4
:10C8D00030003900944A954B02F042FD06000F00EB
:10C8E000213C30003900924A924B02F089FD002829
:10C8F00008D030003900904A904B02F031FD06001C
:10C900000F00113C300039008D4A8E4B02F078FD4B
:10C91000002808D03000390000228B4B02F020FDA7
:10C9200006000F00093C30003900884A884B02F0AD
:10C9300067FD002808D0300039000022854B02F046
:10C940000FFD06000F00053C30003900824A834B82
:10C9500002F056FD002808D0300039000022804B3C
:10C9600002F0FEFC06000F00033C300039007D4A57
:10C970007D4B02F045FD002808D030003900002230
:10C980007A4B02F0EDFC06000F00023C0022300062
:10C990003900774B02F034FD002800D1A2E63000C8
:10C9A00039000022734B02F0DBFC013C06000F0053
:10C9B00098E6009A01320F92462B14D00023109370
:10C9C0000E93422D2ED00133029315E0009B013BC4
:10C9D0000093009B01330F930023109311930133B5
:10C9E00002930E933EE0002C0CDB631C02930023A9
:10C9F00010930F9B1B190F9300230E93542D11D0EE
:10CA000011932FE06342109301230293F1E76342F5
:10CA10001093002311930133029391E600231093A6
:10CA200001330E9303230C93129B002B06D120009D
:10CA30004E300321FF30FBF7FBFB0C910C9BE41AFB
:10CA4000013302930023029A1193009B934203DA6D
:10CA50001300009A9B1A119323001E333E2B10D80B
:10CA6000009B0F93179B012B11D1169B002B02D01B
:10CA70001AAB9D7007954023019A1BAD1A400C928A
:10CA8000B4E0009B74250F9301231693A9E70F9B35
:10CA9000122BEADC0F9A384BD2009B181A685B689D
:10CAA0003000390002F0BCFC0022324B06000F00BF
:10CAB00002F096FC0028D8D030003900294A2A4BD1
:10CAC00002F04EFC013406000F00422D03D0DF239C
:10CAD0002B40542B01D10C9BE4180123179306E63D
:10CAE000109B002B4ADD013B10933023139364E02D
:10CAF000436FAC642806C80A0BAF50DFD4A34A7555
:10CB00009D978CCF08BA5B257E247C371B15B75ABE
:10CB10003DA7F444FD0FA53272F88FE3C4626E4D59
:10CB200033A7A8D523F649399CC94622E3A6C846AF
:10CB3000BC89D897B2D29C3C00A0D88557347643A4
:10CB40003A8C30E28E79453E65CDCD412D431CEBCC
:10CB5000E2361A3F006AF8407B14AE47E17A843F20
:10CB600000408F409A9999999999B93F000059408E
:10CB70000000F03F00002440580501100F9B002BDF
:10CB800072DD3900300002F06BFCC3B21800009374
:10CB900002F04EFC02000B003000390002F0F0FB06
:10CBA000B84B002202F0DCFB06000F00009B303384
:10CBB000DBB213930F9B013B0F93139B2B70029BD4
:10CBC000013B0293002B55D001350C9B002B0DD05F
:10CBD000029B002B0ADD029AAB4B5343AB4A9B18D6
:10CBE000AB4A934202D827232B700135109A0F9B32
:10CBF0009B18119A9B18002B00DD71E7DF23079A21
:10CC00001340472B3AD1019BDB075DD46B1E1BA958
:10CC10005D1C8D4200D85AE31A78013B302AF7D0C8
:10CC20006B1E1A782E2A00D11D00079B742B2DD065
:10CC3000079B422B48D1019BDB0702D520232B7099
:10CC40000135200003211E30FBF7F2FA914E335CD0
:10CC500013936B2B75D1079B422B01D1093313938F
:10CC6000139B2B7001356FE0119B002BA5DD013B61
:10CC700011933AE72E236B700235A6E7079A422AF2
:10CC8000C4D0742A19D1019BDB07BFD41BAB9D42D2
:10CC900008D96B1E1A782E2A00D11D00079B542B31
:10CCA00000D111E3002C03D10E9B019A93430E9304
:10CCB0000E9A6523002A0FD133E0453B012B3CD966
:10CCC000079B542B00D1FBE20E9B002B29D0079A27
:10CCD00065235A2A00D845232B702B23002C00DA19
:10CCE00002336B70E317E4185C40632C35DD64217C
:10CCF0002000FBF79DFA3030A87064212000FBF77C
:10CD000097FA0C000A212000FBF792FA30302E1D12
:10CD1000E87020000A21FBF78BFA0C003034751CF8
:10CD200034702023019A1A43019200221BAB2A700F
:10CD30000092ED1A0293FFF7AAFB019BDB07C3D514
:10CD400064E7139B002B8BD1079B422B01D12B70E7
:10CD500001350E9B002BE4D0BDE7AE1C092CDDDDB8
:10CD60000A212000FBF764FA3030EE1CA870D0E7EF
:10CD70000823019A0199099C1A40194209D0013BE4
:10CD800007349C430CCC0492059301230022FFF747
:10CD90003BFB08CC059204930123FFF735FB0822E7
:10CDA000019B0199099C1340114267D00723073466
:10CDB0009C430CCC0492059300230A93009A013201
:10CDC0000FD01022019991430191049A05990A43C9
:10CDD00007D156321AA952180292009A002A00D19D
:10CDE0006CE1022B00D176E1032B6ED0012B00D138
:10CDF0002BE156261AAD76194025019F00223D40B1
:10CE000027271100BC46049B05980795771E0297BB
:10CE100001271F403037751E2F705B08C7073B4343
:10CE20001F00079D4008013201310743002D0BD040
:10CE3000042909D1002F02D100998A420BDA6546F4
:10CE4000B11E02910D700021002F00D0CDE0009D99
:10CE5000AA4200DAC9E0019BDB0700D42EE1049B63
:10CE6000059A134300D129E16222029B013B1A700B
:10CE7000029B023B30221A7002931FE104CC0593FF
:10CE800004929AE700002440ABAAAAAAAAAAAA2A56
:10CE900054555555580401100223019A1A43019222
:10CEA000099C08CC049300230593049B002B5DD0C0
:10CEB0000123019A1AA9534078228A70683A934351
:10CEC00001930823009300230A930222019B0199F6
:10CED0001340114200D03CE156261AAD7619CD4DD3
:10CEE000019F079540253D4027271900BC46049A1D
:10CEF00005980995771E02970F27079D1740EF5D4C
:10CF0000751E2F70120907073A431700099D000983
:10CF1000013301310743002D0CD004290AD1002F21
:10CF200003D100998B4200DB04E16546B11E0291FA
:10CF30000D700021002F03D1009DAB4200DBF9E012
:10CF4000029ED7E7099B04CB02920993029B002B18
:10CF500001D1B14B0293009B002501330FD1029800
:10CF600001F05EF805000DE00997EFE70994F0E79E
:10CF7000029B5B5D0A93002B00D118E10135009BF9
:10CF80009D42F5D1002300930A93FFF780FA08230E
:10CF9000019A0199099C1A40194207D0013B0734B4
:10CFA0009C430CCC049205930223EFE608CC059237
:10CFB00004930223FFF728FA0223019A1A430192ED
:10CFC0000823019A0199099C1A40194207D0013B94
:10CFD00007349C430CCC049205930323D6E608CC7B
:10CFE000059204930323FFF70FFA029E0EE7029EB9
:10CFF000771E029707271F403037751E2F70DB08FA
:10D0000047073B431F00079DC0080132013107431A
:10D01000002D0BD0032909D1002F02D100998A429B
:10D0200009DA6546B11E02910D700021002FDED194
:10D03000009DAA42DBDB019BDB073FD5049B059AE1
:10D0400013433BD0029B013B14E756261AAD7619D9
:10D050004025019F00223D4027271100BC46049B2C
:10D0600005980795C4E704900591029F0A22049849
:10D0700005990023FBF700F97B1E303202931A70EA
:10D08000079B01350136002B0FD0032E0DD1059BD8
:10D09000002B05D1049B092B02D8009B9D420DDA81
:10D0A00027220026BB1E02931A70059B002BDAD1A3
:10D0B000049B092BD7D8009B9D4207DB56251AAB52
:10D0C000ED18029B0994ED1AFFF7E1F90022002305
:10D0D00004920593C9E756271AABFF184023002591
:10D0E000019A2E001A400792C0E7029E771E02970F
:10D0F0000F27079D1F40EF5D751E2F701B09070747
:10D100003B431F00099D0009013201310743002DF7
:10D110000BD0042909D1002F02D100998A4209DAE3
:10D120006546B11E02910D700021002FDDD1009DDA
:10D13000AA42DADB019BDB07C0D5049B059A1343A7
:10D14000BCD07822029B013B1A70029B483A023BFA
:10D1500091E656261AAD7619304D019F0795402568
:10D1600000223D4027271100BC46049B05980995E5
:10D17000BCE7079A1BAB1A700022029300920A9236
:10D18000FEF77BFF00231AAA9370079B0A93FEF712
:10D1900072FE00221AA98A700993FEF76CFE0A9AA1
:10D1A0001A70F2E7079B00931D00FFF770F90A9BC6
:10D1B0000093FFF76CF91AABDF70069B1AA90122E6
:10D1C0005B69069803319847013EFFF780F90A9B97
:10D1D000002B0BD01AABD91C0A9B01220B70069BAB
:10D1E00006985B699847089B013308930C9B102BAA
:10D1F00001D0FFF77BF90B9B079A9C1A2600002EA3
:10D200000EDCE343DB171C40089B1B190893FFF758
:10D210006DF9C0466D0401100F0301107E0401106A
:10D2200030221AABDA70069B1AA95B6906982F3A6E
:10D2300003319847013EE2E730221AABDA70069BD1
:10D240001AA95B6906982F3A03319847013CFFF70A
:10D2500050F93B781AAAD370069BD11C5B69012256
:10D26000069898470137FFF74CF90B9B079A202641
:10D270009C1A2500002D09DCE343089ADB172340A4
:10D28000D218013C0892E31AFEF7CCFD1AABDE700F
:10D29000069B1AA901225B69069803319847013D54
:10D2A000E8E7069B1B69002B01D0069898470D9B69
:10D2B0001B69002B01D00D989847089831B0F0BD3C
:10D2C0001BAB9D4200D9E4E400230E93B3E4079B1B
:10D2D000742B00D0ACE4E5E4F0B505008FB010008D
:10D2E00016000C001F0000F09BFE3100020007A892
:10D2F00000F07AFE0022944200D0621E29006846A7
:10D3000000F080FE3A00684607A9FEF775FD002C84
:10D3100002D00022009BEA540FB0F0BD0CB407B558
:10D3200004AB04CB0193FFF7D7FF03B008BC02B0F6
:10D3300018470000D24BF0B51A6801239340D14A38
:10D340008BB0136000230793CF4BD04FD04A02938A
:10D35000019353680093002B54DD916813688C4649
:10D36000110034310C78002C00D08FE01878009C2C
:10D3700080380100012C01D059788039802465461D
:10D38000E400641B44436943106A09194843019946
:10D39000C0110918D4680191029964440918A012B7
:10D3A000A405A40DA4460291009C00991B18411AE3
:10D3B000201A0090009800281FDC3B0000200D334D
:10D3C000188038767876043310869880B876908501
:10D3D00018805369009C5B18916961180091117F56
:10D3E00081420AD090613978814206D0BFF35F8FC5
:10D3F000012178788140A74841600099136051600D
:10D4000061469160079B3C32013307933C37042B04
:10D410009FD10122A04B19684A4080211A60520214
:10D42000019B0132FF329B189B1209018B4200DAEB
:10D43000A3E29A4B924980200C6814214C439849EE
:10D4400040016418974920430D689749002D12DB6D
:10D450008027029D2668AA18944D92122D683F01DC
:10D460002D01BA4200DA8CE28C4AAA4072400E00CA
:10D47000AE40324002608E4A246812681201934026
:10D4800091406340194001600BB0F0BD402C41D188
:10D490001878009C80380100012C01D099788039DF
:10D4A00080246546E400641B604369430918106AE0
:10D4B0005D784143803D0395009DC9110600080039
:10D4C000012D01D0D8788038039D65432C00654636
:10D4D000684300197043734CC0112468002C06DBAC
:10D4E000019C6118019102990918029104E0091840
:10D4F0000198491041180191D068604481124C0094
:10D500001B19009C611A009149008005800D84461A
:10D5100049424FE7022C1BD101201856197800020E
:10D52000009C40180100012C04D0032159569C781E
:10D530000902091980246546E400641B44436943D9
:10D54000106A091989124843019940110918C9E75D
:10D55000422C49D10120185619780002009C40182D
:10D560000100012C04D0052159561C790902091922
:10D5700080246546E4006943641B03256043091861
:10D58000106A8912039041435D5798782D02009EDE
:10D590002D1828004911012E04D0072018569E7915
:10D5A000000280196C43654668430019039C801291
:10D5B00060433C4C40112468002C0FDB019C611837
:10D5C0000191029909180291D068604481128C007F
:10D5D0001B19009C611A0091890096E709180198AF
:10D5E000491041180191EFE7012C00D0ACE0D1685F
:10D5F000614488128905890D8C460390002804DD5A
:10D60000118E91850399002917D12C20115E80205D
:10D610006446C000001B48433024115F64466143E8
:10D620004018116A80124143019849114018019035
:10D630000298091802910021BCE639000D31002042
:10D64000095E0491002935DC587819780002091820
:10D6500011869978043339762820115E04910021CF
:10D66000B976009908390091390004980D310138D4
:10D6700008800099002964DD039901390391C1E70D
:10D68000C80F0020A400054000FE0F00116D02200D
:10D69000F46C0220FCE100E0E46D0220FF070000D2
:10D6A0000C000540D40F0020FFFF0000CC0F00202D
:10D6B000D00F0020B97E00293BD0387F0009009DA3
:10D6C000013D00954D426941B976182179560E0009
:10D6D000AE4975006D5EAE49095C8919CEB249B29A
:10D6E000582E02D900292ADA00213976E910204281
:10D6F00001D0AE1071180226304202D06E1071189F
:10D7000009B20426304201D0491909B2082528423D
:10D7100001D0494209B23025505F41189D488142ED
:10D7200000DA010080200002814200DB9A49118664
:10D730009AE70F251878013338772840BFE758213A
:10D74000D3E70021009160E7412C00D055E6D16875
:10D75000614488128905890D8C460490002809DDF2
:10D76000118E918539001531088804390880049993
:10D7700000292AD180246146E400641A3020115E19
:10D78000604641432C25505F156A604309183800F4
:10D7900015300026805F6646464303963E001136EC
:10D7A0000020365E03987443001989128012694381
:10D7B00068437A4C491124684011002C00DAD6E005
:10D7C000019C61180191029933E739000D31002065
:10D7D000095E0691002928DC58781978000209189A
:10D7E00011865979187909024118380015300180DD
:10D7F000997839769979083379762820115E100066
:10D80000069100213830B9760170009908390091ED
:10D81000380006990D30013901800099002900DC9B
:10D82000A2E0049901390491A1E7BC7E002C00D14B
:10D8300081E0787F397F0009090903900098013859
:10D840000090604244411820BC76385606004F488C
:10D850007400245E059419243C5708946400255EE6
:10D860004B48445CA419E6B20996039E64B2805DFD
:10D87000089E8019C6B20896099E40B2582E02D959
:10D88000002C6DDA00243C76089C582C02D9002824
:10D8900068DA0020012478760598C010214202D071
:10D8A000059CA41020180224214203D0059C64107A
:10D8B000201800B20424214202D0059C001900B2B5
:10D8C0000824214201D0404200B20126039CE91005
:10D8D000344201D0AC1061180226039C344202D0BD
:10D8E0006C10611809B20426039C344201D0491916
:10D8F00009B20825039C2C4201D0494209B23025C7
:10D90000545F2018234CA04200DA200080252D020D
:10D91000A84200DB20483D00108615350026A85F90
:10D920004018A04200DA1B4880210902884200DB2F
:10D93000194828806CE70F20197839771D79014044
:10D940007D77054003951500383528780130C0B241
:10D95000032802D80133287070E72C7005336DE777
:10D96000582490E7582095E70021009102E7091814
:10D9700001984910411801915DE6D943C9170B4040
:10D9800058E5D743FF173A406FE5C04690040110B1
:10D99000420501100080FFFFFF7F0000D40F002030
:10D9A000F7B5344B1B78002B63D1334F334B3868BA
:10D9B000012201930300324C019913400B6023684C
:10D9C000304D314E0007400F134030602B60FBF7A5
:10D9D0009DFC2068002802DB0421FBF735FA0421B6
:10D9E0003868FBF731FA0022284B5A601A64DA676C
:10D9F000B8331A60264B274A1B681A65BFF35F8F3E
:10DA0000C0211022244B49005A501A601423306858
:10DA10002249434359180A60214A22499A18116041
:10DA20008021214A26689B184901204A204C19432D
:10DA3000002E0ADB16002D681F682D01AE407E40C7
:10DA40002700AF403D0035400D601D68019B1B68FD
:10DA50001B019C409A4023006A40134000220B6047
:10DA6000144B1A60012319008140134A1160134AB4
:10DA70001370F7BD40840220D80F0020D00F002083
:10DA8000D40F0020CC0F0020C80F0020F46C02201F
:10DA900008ED00E035D3001000E100E0040005408F
:10DAA00010000540FF0700000C000540FF030000C8
:10DAB000FFFF0000E46D0220A8200540A58402209D
:10DAC00010B5114B1A78002A1DD000221A700F4B86
:10DAD0000F4A1868142343439B18C02292011A432B
:10DAE0000123136083400B4A13600B4A1360FBF75A
:10DAF0000DFC0A4B1868FBF7EFF9094B1868002872
:10DB000001DBFBF7E9F910BDA5840220C80F002056
:10DB100000000540A8300540A4000540D80F0020B3
:10DB2000D40F00200200BFF35F8F3C20504300223F
:10DB3000024B1B185A60BFF35F8F7047F46C0220D2
:10DB400040290DD004DC01290ED0022908D07047ED
:10DB50004229FCD10322C317134018188010F6E79E
:10DB6000C30F18184010F2E74000F0E7F0B587B097
:10DB700002933F4B04001B781000DAB2019103922C
:10DB8000002B72D10E99FFF7DBFF3A4B0700987814
:10DB900001F05EFC8921051CC9050D9801F010FCFF
:10DBA000011C281C01F00CFC334901F0C1FBFC21D5
:10DBB000890501F0C5FB01F02BFC04902000FFF764
:10DBC000B1FF2E4B3C25586901F052FC011C2C483A
:10DBD00001F0AEFB892165432A4E0C9B75192B6120
:10DBE0000590C905181C01F0EBFB059901F0E8FB55
:10DBF000FC21890501F0A4FB01F00AFC039B029AB9
:10DC0000AB6102239A4302D0019BAF616B613C235D
:10DC1000029A5C43023A51424A410D9933195962C2
:10DC200004991A7719620F99002219851900D86092
:10DC30000E9834314A7008705A77DA86DA621A63BD
:10DC40009A779A605A85019A3251BFF35F8F5F606D
:10DC5000BFF35F8F14220C4B1B6853430B4A9B1876
:10DC600080229201134301221A6007B0F0BDC04622
:10DC7000408402202C1400200000C8424C140020D4
:10DC800000442C4CF46C0220C80F0020000005401A
:10DC90001FB5FE23040000209B050A00019300939A
:10DCA0002100030003900290FFF760FF1FBD0000FA
:10DCB00070B5EFF3108572B6D0231B061B68094CB4
:10DCC000DB00E418206861680023074AFAF738FB94
:10DCD0000023064A801859412060616085F310884E
:10DCE000080070BDE00F0020FD430300C39E260026
:10DCF00070B5FBF729FC0600EFF3108472B6D02351
:10DD000001221B0619681D684A400D4BD200ED0028
:10DD10005D199B18186859682A686B6812184B417E
:10DD20000021300012184B412A606B60FFF7C0FFE2
:10DD3000FFF7BEFFFFF7BCFF84F3108870BDC0463D
:10DD4000E00F0020436910B5002B00D0984710BDAC
:10DD5000836910B5002B00D0984710BDF8B5BFF30C
:10DD60005F8F8468C3689C4201D345685B191B1BA5
:10DD7000012B04D1FFF7E6FF00242000F8BDEFF3EC
:10DD8000108572B60369002B07DB1B4C9B001B1927
:10DD90001C68002CFCD0BFF35F8FBFF35F8F8368DC
:10DDA000C468A34201D34668A419E41A013C944212
:10DDB00000D91400002C10D00E1902680F78D75427
:10DDC000426801339A4200D89B1A0131B142F4D122
:10DDD000BFF35F8F8360BFF35F8F0369002B06DBA8
:10DDE000BFF35F8F044A9B009B1800221A6085F3E3
:10DDF0001088FFF7A7FFC0E7000100D0F8B50400C6
:10DE00000D001600FFF7A4FFBFF35F8FA368E26861
:10DE10006168934200D25B180020934236D0EFF342
:10DE2000108272B62369834207DB19489B001B18D6
:10DE300018680028FCD0BFF35F8FBFF35F8FA06826
:10DE4000E368984200D24018C01AB04200D93000AE
:10DE500000280FD02E182768FF5C01332F709942DD
:10DE600000D85B1A0135B542F5D1BFF35F8FE3608F
:10DE7000BFF35F8F2369002B06DBBFF35F8F04497D
:10DE80009B005B180021196082F31088F8BDC04622
:10DE9000000100D070B508240C2519491948FBF77A
:10DEA000A5FC01210C20FAF7CFFF174B174A1B687E
:10DEB000012163402B4013600A20FAF7C5FF144B81
:10DEC000144A1B68012163402B4013600B20FAF7B2
:10DED000BBFF114B114A1B680D2063402B401360A0
:10DEE000FBF72AF80E4B80221B6892015C400D4B19
:10DEF0002C401C60D0231B065A615A6270BDC0467C
:10DF000090D003000000044034C0014034D00140F0
:10DF10002CC001402CD0014030C0014030D0014025
:10DF200038C0014038D00140D02380221B06920126
:10DF300010B508485A61FBF7E1FB0C20FAF7CCFF5B
:10DF40000A20FAF7C9FF0B20FAF7C6FF0D20FAF7EF
:10DF5000C3FF10BD00000440100070470020704750
:10DF600070B5036814004268934200D913001D196C
:10DF7000954201D89D4201D21500D41A0560002CAB
:10DF800006D08068002803D02200C018FAF7FAF9FA
:10DF9000200070BD70B5050014002B686A68080089
:10DFA000934200D913001E19964201D89E4201D215
:10DFB0001600D41A2E60002C04D0A968220059182B
:10DFC000FAF7E0F9200070BD00230360436083602E
:10DFD000C3600361024B4361024B83617047C046DB
:10DFE00059DF00105DDF001070B504000D00160051
:10DFF000FFF7EAFF024B6660A560A36170BDC046F3
:10E0000095DF001070B504000D001600FFF7DCFF6F
:10E01000024B6660A560636170BDC04661DF0010A1
:10E02000021E06D00130411E09780029FAD1801A5B
:10E030000138704770B50C00160005000800FBF7AA
:10E0400065F931002000FBF77DF9142363430B4A87
:10E050000B499A1811600B4A2000991880229201EE
:10E060000A4301211160084A9B1800226B605A6024
:10E070001B682B60FBF788F970BDC0461000054097
:10E08000FFFF0000000005400800054070B50025B6
:10E09000040029008560C58105828574456285621A
:10E0A00010221430FAF769F92000802229001201A9
:10E0B0004430FAF762F98022034B2900E0189200FD
:10E0C000FAF75BF970BDC0464408000010B5064C75
:10E0D000206843681B68036001F08AF9002323600D
:10E0E000BFF34F8F10BDC046B46C0220084B10B573
:10E0F0001A68002A08D0012191741A68002A04D1F4
:10E10000FBF704F9FAF774FF10BDBFF34F8FF4E784
:10E11000B46C0220F8B50E4E050033680F001400F1
:10E12000002B02D00800FFF7E1FFA2003900280011
:10E13000FFF780FF04002800FFF7A8FF3560BFF35A
:10E140004F8F04480234FAF78FFFA008F8BDC0468D
:10E15000B46C0220CDE0001037B5D0246B4680258A
:10E160002406AD03D91D0870A56180239B02A3611D
:10E1700001220248FBF761FB656137BD00C0034027
:10E1800070B5D02480252406AD030A00A561802344
:10E190009B02636101000248FBF74FFB656170BDA4
:10E1A00000C0034070B5D02480262406B6030200C8
:10E1B0000B00A6618021890261610B25216803485B
:10E1C000691AFBF761FB666170BDC04600C0034081
:10E1D000F7B5D0246B46802600912406B603D91DDE
:10E1E00008701500A6618027BF02A76101220548BB
:10E1F000FBF723FB676103482A000099FBF71DFB2F
:10E200006661F7BD00C0034070B5D02480262406A7
:10E21000B603A66180256D0332206561FBF70CFC17
:10E22000A5613220FBF708FC96206561FBF704FC32
:10E23000666170BD10B50120FFF78EFF9620FBF7D9
:10E24000FBFB10BD10B51120FFF786FF10BD10B508
:10E250002120FFF781FF10BD07B56B46D91D08705F
:10E2600001223A20FFF7B4FF07BD000010B50349B3
:10E27000012209183620FFF7ABFF10BDF015011081
:10E2800037B51C006B46013940BA49BA9880D9802D
:10E29000150001A904222A20FFF79AFF6B46013CD2
:10E2A00004226DBA01A92B2064BA9D80DC80FFF79F
:10E2B0008FFF2C20FFF750FF37BD0000F0B587B06F
:10E2C0000393FF23150004AA01900291D371D02477
:10E2D000802780262406BF03B6026761A66104ABCF
:10E2E000D91D01220648FBF7A8FA2A00039B0299D0
:10E2F0000198FFF7C5FFA761666107B0F0BDC04692
:10E3000000C00340022210B50C4B19681142FCD02A
:10E310000B4AC1B2116004211C680C420AD10221CF
:10E320001C680C42FCD00421000A106018680842E6
:10E3300002D110BD1468EFE71068F7E70CC0034086
:10E3400008C003401022042010B50D4C0D4B196875
:10E3500011420ED104220A48196811420DD101223E
:10E36000094B1A60D02380221B0692035A6110BD0C
:10E37000216819680142FBD1E8E70168ECE7C04673
:10E3800008C003400CC0034020C003400022A0216D
:10E39000054B49001A60054B1960054B1A60054B87
:10E3A000F0321A607047C0468C1400209014002090
:10E3B0009414002098140020A022064B52001A60EA
:10E3C0000022F021044B1A60044B1960044B1A60C0
:10E3D0007047C0468C140020901400209414002034
:10E3E0009814002030B5002801DA12180020A0256A
:10E3F00084186D00AC4200DD2A1A002A20DD0029B5
:10E4000001DA5B180021CC18F02C01DDF0235B1A37
:10E41000002B15DD0B4C2568854200DD206080183F
:10E42000094A1468A04200DD1060084A106888425A
:10E4300000DD1160C918064B1A68914200DD1960B1
:10E4400030BDC0468C14002090140020941400208D
:10E4500098140020A0235B00984217D2EF2915D80A
:10E460000B4B1A68824200DD18600A4B1A68824220
:10E4700001DC01301860084B1A688A4200DD19601F
:10E48000064B1A688A4201DC013119607047C046A8
:10E490008C14002090140020941400209814002064
:10E4A000F7B52B4E2B4F32683B689A424EDA2A4C16
:10E4B0002A4D22682B689A4248DAFF236A46D371B4
:10E4C000D02380221B0692035A61802292029A6115
:10E4D0006B460122D91D2248FBF7AFF92B68226851
:10E4E000396830689BB292B289B280B2FFF7C8FE39
:10E4F0002268A0246400544333682D68E418194945
:10E50000AD1A3A6864006418D31A142B1ADC002D73
:10E510001ADD104B200019683368013DC91A490003
:10E52000FFF72EFEA0239B00E418F0E7094B200024
:10E5300019683368013DC91A4900FFF733FEA0236B
:10E540009B00E418002DF1DCFFF736FFF7BDC04655
:10E550008C140020901400209414002098140020A3
:10E5600000C00340B414002010B5FFF70FFFFFF701
:10E5700097FF10BD034B1B685840034B80B21860D7
:10E580007047C0460C0005400C10054010B5024B0A
:10E59000D878FFF7EFFF10BD2C14002073B5404C66
:10E5A000050020003F49FBF721F9402322680020A5
:10E5B00093433D4A0126136080232168D0248B4376
:10E5C0001360FAF7A3FE04211020FAF73DFC374947
:10E5D0000020FAF7B7FEFF22354B00201A60FFF744
:10E5E000C9FF344B24061E6080239B026361052112
:10E5F00063621120FAF728FC8023DB02310063619B
:10E6000012206362FAF720FC2B4B31001A6820239A
:10E61000534030221340294A1320136080231B03E8
:10E6200063616362FAF710FC80235B036361052179
:10E6300063621420FAF708FC80239B0363610521C1
:10E6400063621520FAF700FCFFF7DEFDFFF7F2FD2D
:10E65000FFF7F8FD6A461A4B01A99380B020022209
:10E66000FFF7B6FD5520FFF7F7FD3220FBF7E4F981
:10E670002800FFF7FBFDFFF7EAFD0A20FBF7DCF9B6
:10E68000FFF784FF9622002192020E48F9F775FEEB
:10E69000FFF76AFF2920FFF75FFDFFF765FF73BDF6
:10E6A00000C0034000366E0100D003400022560037
:10E6B00010000540002005404CC001404CD00140F6
:10E6C00000E8FFFFB4140020962210B5002192024A
:10E6D0001048F9F752FEFFF747FF2820FFF73CFDEF
:10E6E00001220D4B00201A60FAF710FE1020FAF7F5
:10E6F000F3FB1120FAF7F0FB1220FAF7EDFB1320E1
:10E70000FAF7EAFB1420FAF7E7FB1520FAF7E4FB27
:10E7100010BDC046B414002000300540F0B589B0EB
:10E720001F000EAB40CB02921B880C00079310AB6E
:10E730001B8805900693FFF773FC374BA0251B68D9
:10E74000009001930300019A6D005343AB4204DD36
:10E7500011002800F9F76CFD0090009B01995943C6
:10E76000FB43DB176D1A1F40AF4200DD2F00F34360
:10E77000DB171E40ED1BB54200DD3500274BC919E4
:10E780001E686B461A89A0B24919931941189BB2A9
:10E7900089B2FFF793FD224B1B680493002E1BDC0C
:10E7A000FFF7D0FD09B0F0BD0698FFF7ABFD013CC7
:10E7B000002CF9DC059B009A0293059B9B18029A9A
:10E7C0009B1A002B0ADC2C00002C1FDC049B013E52
:10E7D0000133FF330493E1E73C00E9E7029B049A2D
:10E7E0001B78D45C019B0393039B002B02DC029BF0
:10E7F0000133E0E763B20698002B00DA0798FFF7D1
:10E8000081FD039B6400E4B2013BECE70698FFF74F
:10E8100079FD013CD8E7C046BC0F0020C00F0020A6
:10E82000C40F0020F0B51E0087B00CAB0D001F8890
:10E8300004000592FFF7F4FBA023084A0297019613
:10E8400012685B0042435B1B9B1A009300212B0064
:10E850002000059AFFF762FF07B0F0BDBC0F002053
:10E86000F0B5A027302210265823442587B07F001A
:10E870001649174802930092543B0497039601955A
:10E88000FDF77AF80C22134C1349237813480497A8
:10E89000039202960195072B00DD07230733DB0067
:10E8A000009338220423FDF767F80D4B1B78002BEB
:10E8B0000AD023788021032B00D95039FC2344222D
:10E8C000DB001000FCF7CAFF07B0F0BD4098021053
:10E8D000405C02104284022040D60210409A02108E
:10E8E00043840220102330B5A025982287B00393DB
:10E8F000303302936D00043301930092403B18497A
:10E9000018480495FDF738F8174C01232278002A9F
:10E9100004D02378013B5A4253415B000C220A3356
:10E920000392043202921B013432019200930F4988
:10E9300004230F4804950C3AFDF71EF80D4B1B7885
:10E94000002B0AD02378D021012B00D13839FC23A9
:10E9500044225720DB00FCF781FF07B030BDC046E2
:10E9600040980210405C02105D84022040D60210E4
:10E97000409A021043840220164B70B51B680500B4
:10E98000002483420FD1144B1B78A3420BD10720E4
:10E99000F9F7ACFD0134002805D10430FCF70EFB7B
:10E9A000431E9841C4B20C236B430C4EF318987865
:10E9B000002803D0FCF702FB0443E4B20C236B43B2
:10E9C000F618F078002803D0FCF7F8FA0443E4B214
:10E9D000200070BD0410002043840220F4150110B3
:10E9E000F0B504000D0089B01F2807DC0123514950
:10E9F00083400A68002D41D013430B604E4B1E5DCF
:10EA00001D55002D05D0002E03D14C484C49FFF771
:10EA10003FF9282C35D14B4B1D700C2161434A4BDB
:10EA2000CA5C002A3FD05B185B780793282C5DD125
:10EA3000A0235B00002D4DD00493079B029203930B
:10EA40000022402301931300404941480092FCF703
:10EA500093FF402700263F4B1B78002B23D00C222E
:10EA60006243394B9B18586800281CD0079A1B89B1
:10EA7000BA180D3A711CFCF769FF14E09A430A605A
:10EA8000BCE7202C13D1002D0BD0002E09D1324A27
:10EA900013780133DBB2072B07D0082B00D81E00F8
:10EAA0001670FFF7DDFE09B0F0BD0826F8E7242C4C
:10EAB000B3D1002D0BD0002E09D1284B1A78D1B23A
:10EAC000082A03D00836002900D1073E1E70FFF740
:10EAD00009FFE8E70493079B0292039340232A006F
:10EAE00001931F492B001F480095B0E71E4BA11052
:10EAF0008900CE5803231D4923409B005F580B2CEF
:10EB000000D1203EA0213B0049008C46703B002DE7
:10EB10000CD01749174865460495079D0292039546
:10EB2000320001970096FCF727FF94E7124913483B
:10EB3000F1E7C046C86C0220718402207E100410E8
:10EB40007203000041840220F415011040D6021027
:10EB5000409A021043840220428402205D840220F5
:10EB600040980210405C0210F0170110E0170110ED
:10EB7000405A021040BA011040B80110401801106C
:10EB800037B50400202826D0242829D00C21414361
:10EB9000174BCA5C5B185B78002A1BD0282824D04E
:10EBA00014498010800040580321134D21408900F2
:10EBB00049590B2C00D1203803240194FC24E40093
:10EBC0000094FCF7E3FD01220C4B1A700C4B9A6A7F
:10EBD0000C4B1A6037BD1023582244213020EBE73C
:10EBE0001023402244219820E6E740210020E3E75B
:10EBF000F4150110F0170110E017011044840220F1
:10EC000000400540B86C0220F7B57C4B01901B78A2
:10EC1000002B5DD10C227A4F7A4B3C687A496243D3
:10EC2000D35A8B4201D1794B1C602000FFF7A4FE20
:10EC3000774B784A9B6A126801219B1A8022D20284
:10EC40001340754D5A03D20F4A402978060091426D
:10EC500003D17249095D81420FD02A70002B15D172
:10EC60006E4B1B5DB34203D031002000FFF7B8FEAE
:10EC70002000FFF785FFFFF713FC019801380328F8
:10EC800026D82B7800F074FB56073089310020001D
:10EC9000FFF7A6FEEFE7002B05D031002000FFF7BD
:10ECA0009FFE00232B702420282C0CD00430202C15
:10ECB00009D00838242C06D00D2C0AD1534B1868E3
:10ECC0008007C00F11303860FFF75AFFFFF7E8FBED
:10ECD000F7BD201D0A2C29D00F2803D01F28F2DDF4
:10ECE0002038F0E71320EEE7002B05D0310020009C
:10ECF000FFF776FE00232B702020282CE3D0043071
:10ED0000202CE0D00430242CDDD00D2C05D13F4B3D
:10ED100018688007C00F0930D5E7201F122C05D0D6
:10ED20000F2805D00028CEDA2030CCE70D20CAE726
:10ED30000B20C8E7002B05D031002000FFF750FE64
:10ED400000232B701F20282CBDD0202C09D12F4B45
:10ED500004381B68172BB6DC0438132BB3DC0438DB
:10ED6000B1E70B20242CAED003231C420BD11D3065
:10ED70001B2CA8DC08380F2CA5DC0430072CA2DCE7
:10ED8000234318009FE7601E0B2C9CD11F4B0A20C9
:10ED90001B680B2B97DD033095E7002B05D0310066
:10EDA0002000FFF71DFE00232B701C20282C00D113
:10EDB00089E7202CCBD0242C07D1144B08201B68CA
:10EDC0000B2B00DC7FE704307DE70B200D2C00D1FE
:10EDD00079E70323601C2340032B00D073E728202E
:10EDE0001B2C00DD6FE708380F2C00DD6BE70430CB
:10EDF000072C00DD67E72000984364E74384022086
:10EE000004100020F4150110202000000010002044
:10EE100000400540B86C0220448402207184022026
:10EE200070B5F82500242D02104B1A5DD0B2002ACF
:10EE300015D000221A5543B27F32DB17E1002B4078
:10EE4000104058314C3AFCF709FD094B1A78002A5A
:10EE500005D10132074808491A70FEF719FF01343D
:10EE6000122CE1D1FFF71CFB70BDC0464A84022082
:10EE70005F8402202BED0210BA120000012130B590
:10EE8000294B87B01C78294BE5B21A781D70544085
:10EE90000C4212D08C22A02352005B000D423AD1CA
:10EEA0002349244804931C2303930C3B02933433DB
:10EEB00001930092403BFCF75FFD0222144211D007
:10EEC000A0235B00154229D119491A4804931C2339
:10EED000E82203930C3B0293343301930092403BAE
:10EEE000FCF74AFD04231C4211D0A02480226400B8
:10EEF00052001D4215D10E490E4804941C2403945F
:10EF00000C3C0294343401940092FCF735FDFFF779
:10EF1000C7FA07B030BD08490848C3E706490748A3
:10EF2000D4E705490548E8E74584022046840220E5
:10EF300040980210405C021040D60210409A021025
:10EF400037B50D2404250C4B01932300042C00DD60
:10EF50002B00B0220021482000934023FCF7F6FD4F
:10EF6000043CFFF79DFA0A20FAF766FDE31CEAD19C
:10EF70000022024B1A7037BDFFFF00005F840220A1
:10EF800010B500240B4B1B68A34203D10A4B1B781E
:10EF9000002B0AD02000FFF7EFFC084B01001B5D9F
:10EFA000834202D02000FFF71BFD0134292CE9D158
:10EFB00010BDC0460410002043840220718402204A
:10EFC00010B500242000FFF7D7FC01002000013419
:10EFD000FFF706FD292CF5D10A4B1A780A4BD243CC
:10EFE0001A70FFF74BFFFFF73BFCFFF77BFCFFF7C7
:10EFF00057FA0022054B1A70054B9A6A054B1A60A6
:10F0000010BDC0464584022046840220448402206C
:10F0100000400540B86C0220012210B500241E4BB0
:10F0200052421A601D4B09321C601D4B21001A70A0
:10F030001C4B1C701C4B1C701C4B1C701C4B1C7004
:10F040001C4B1C701C4B1C701C4B1C701C4B1C70F4
:10F050001C4B9A6A1C4B1A6001221C4B1A701C4BE9
:10F0600028321C701B4B1C701B48F9F786F91B4B90
:10F07000122221001A481C60F9F77FF9194B1A4A2D
:10F08000DA621A4A1A631A4A5A631A4A9A631A4A7D
:10F09000DA631A4A1A6410BDBC6C0220C06C0220EC
:10F0A000428402205D8402205E8402204884022083
:10F0B000478402204984022045840220468402209D
:10F0C0004184022000400540C46C0220608402207C
:10F0D0005C8402205F84022071840220C86C0220BC
:10F0E0004A8402206C780220410A00204D0A002048
:10F0F000510A0020710B0020BD0B0020690C00207C
:10F1000030B5624B624A0D2587B01A600822614B08
:10F110001D60614B1A60FCF7C5FA604A604961489E
:10F12000FAF74EF9604B0400984202D92800FAF72A
:10F130008BFC2000FA21F5308900FF30F9F78AF8BE
:10F14000F9F754FCFAF784FFFFF766FF0221574AEC
:10F150005748FEF7DFFFFE239B0500240193009331
:10F16000012354491800544A03940294FEF7FEFC0C
:10F17000A025FCF75CFB80236D000393103B22006D
:10F180004E494F4804950295019300942300FCF7E3
:10F19000F3FB302304950295013DFF3D22004949D0
:10F1A00049480393009423000195FCF7E5FB2300F5
:10F1B000220046494648019400940495039502951F
:10F1C000FCF744FC80235B00220042494248019442
:10F1D00000930495230003950295FCF737FC3F4B01
:10F1E0002100B022482000932B00FCF78BFAFFF798
:10F1F000E7FEFF34FFF714FEFFF740FE384B1A78A6
:10F20000002A03D000221A70FFF79AFEFFF7B8FE1B
:10F21000FBF7C4FE2040522807D84E2811D81C28DE
:10F2200028D0292826D01B281CD0F9F78FF90500F3
:10F23000FFF7EAFC052D20D0062DDBD1FAF74EFCB6
:10F24000D8E75038022803D800F092F8060A0800E0
:10F250000320FFF7D9FCE8E70220FAE70120F8E7EE
:10F260000420F6E71F4A137859424B411370FFF709
:10F27000A7FEDAE7FAF732FCD7E71A4A13785942C1
:10F280004B411370FFF79CFEB4E7C046C40F00204B
:10F2900080F40010C00F0020BC0F0020802A2D0039
:10F2A0000095BA0A000E270700688909A04A0B00DA
:10F2B0006C780220E5FF02109910010040B801109F
:10F2C0004018011040980210405C021040E002100B
:10F2D00040D8021060E8021060E00210FFFF00005A
:10F2E000498402204384022030B5032A1AD90B0036
:10F2F00003439B0711D0551E002303E05A1C9D4277
:10F3000013D01300C25CCC5CA242F7D0101B0DE0FE
:10F31000043A04300431032A04D904680B689C427F
:10F32000F6D0E8E7551E002AE6D1002030BDC046E1
:10F3300001B40248844601BC604700BF2904002094
:10F3400001B40248844601BC604700BF0D040020A0
:10F3500001B40248844601BC604700BFBD0C0020D8
:10F3600001B40248844601BC604700BF7901002017
:10F3700001B40248844601BC604700BFD10C0020A4
:10F3800001B40248844601BC604700BF0D00002064
:10F3900001B40248844601BC604700BF3503002029
:10F3A00001B40248844601BC604700BFE50C002060
:10F3B00001B40248844601BC604700BF210500201B
:10F3C00001B40248844601BC604700BF1B04002012
:10F3D00001B40248844601BC604700BF0905002013
:10F3E00001B40248844601BC604700BF51030020BD
:10F3F00001B40248844601BC604700BF11060020EA
:10F4000001B40248844601BC604700BF45030020A8
:10F4100001B40248844601BC604700BF8D0400204F
:10F4200001B40248844601BC604700BF17000020B9
:10F4300001B40248844601BC604700BF6903002054
:10F4400001B40248844601BC604700BFF90C0020AB
:10F4500001B40248844601BC604700BF4D0400204F
:10F4600001B40248844601BC604700BF99030020F4
:10F4700001B40248844601BC604700BF4504002037
:10F4800000AA0000000000000000000000000000D2
:10F4900000001010000010100000101000001010EC
:10F4A000000000000000000000000000000000005C
:10F4B000000000000000000000000000000000004C
:10F4C000000000000000000000000000000000003C
:10F4D000000000000000000000000000000000002C
:10F4E000000000000000000000000000000000001C
:10F4F000000000000000000000000000000000000C
:10F50000000FF0FF000FF0FF000FF0FF000FF0FF03
:10F51000FFFFD7D7FFFFD7D7FFFFD7D7FFFFD7D73B
:10F52000FFFFFFFFFFFFFFFFFFFFFFFFFFFFFFFFEB
:10F53000FFFFFFFFFFFFFFFFFFFFFFFFFFFFFFFFDB
:10F54000FFFFFFFFFFFFFFFFFFFFFFFFFFFFFFFFCB
:10F55000FFFFFFFFFFFFFFFFFFFFFFFFFFFFFFFFBB
:10F56000FFFFFFFFFFFFFFFFFFFFFFFFFFFFFFFFAB
:10F57000FFFFFFFFFFFFFFFFFFFFFFFFFFFFFFFF9B
:10F58000005500C6C6FE000000000000000000009C
:10F5900000001010000010100000101000001010EB
:10F5A000000000000000000000000000000000005B
:10F5B000000000000000000000000000000000004B
:10F5C000000000000000000000000000000000003B
:10F5D000000000000000000000000000000000002B
:10F5E000000000000000000000000000000000001B
:10F5F000000000000000000000000000000000000B
:10F60000000FF0FF000FF0FF000FF0FF000FF0FF02
:10F61000FFFFD7D7FFFFD7D7FFFFD7D7FFFFD7D73A
:10F62000FFFFFFFFFFFFFFFFFFFFFFFFFFFFFFFFEA
:10F63000FFFFFFFFFFFFFFFFFFFFFFFFFFFFFFFFDA
:10F64000FFFFFFFFFFFFFFFFFFFFFFFFFFFFFFFFCA
:10F65000FFFFFFFFFFFFFFFFFFFFFFFFFFFFFFFFBA
:10F66000FFFFFFFFFFFFFFFFFFFFFFFFFFFFFFFFAA
:10F67000FFFFFFFFFFFFFFFFFFFFFFFFFFFFFFFF9A
:10F6800000AA00EEEEC0FEFE3C3C30380000001048
:10F6900000001010000010100000101000001010EA
:10F6A00000186C6C180038000C30000000000002DC
:10F6B0003C183C3C0C7E1C7E3C3C00000600603C40
:10F6C0003C187C3C787E7E3C667E066660C6C63C06
:10F6D0007C3C7C3C7E6666C666667E3C803C180050
:10F6E0003800600006001C0060180C603800000044
:10F6F00000000000300000000000001C18387600F8
:10F70000000FF0FF000FF0FF000FF0FF000FF0FF01
:10F71000FFFFD7D7FFFFD7D7FFFFD7D7FFFFD7D739
:10F72000FFE79393E7FFC7FFF3CFFFFFFFFFFFFD67
:10F73000C3E7C3C3F381E381C3C3FFFFF9FF9FC3E3
:10F74000C3E783C3878181C39981F9999F3939C3FD
:10F7500083C383C381999939999981C37FC3E7FF93
:10F76000C7FF9FFFF9FFE3FF9FE7F39FC7FFFFFF7F
:10F77000FFFFFFFFCFFFFFFFFFFFFFE3E7C789FFAB
:10F78000005518FEFEF06C54427E28380810101008
:10F7900000001010000010100000101000001010E9
:10F7A00000186C6C7E626C18181844180000000673
:10F7B000663866661C603006666618000C003066A7
:10F7C000663C66666C6060666618066660C6C666FD
:10F7D00066666666186666C666660630C00C3C00DD
:10F7E0006C0060000600300060000060180000003F
:10F7F000000000003000000000000030180CDC00A9
:10F80000000FF0FF000FF0FF000FF0FF000FF0FF00
:10F81000FFFFD7D7FFFFD7D7FFFFD7D7FFFFD7D738
:10F82000FFE79393819D93E7E7E7BBE7FFFFFFF9CE
:10F8300099C79999E39FCFF99999FFFFF3FFCF9962
:10F8400099C39999939F9F9999E7F9999F39399904
:10F8500099999999E79999399999F9CF3FF3C3FF04
:10F8600093FF9FFFF9FFCFFF9FFFFF9FE7FFFFFF82
:10F87000FFFFFFFFCFFFFFFFFFFFFFCFE7F323F9FE
:10F8800000AA3CD6D6C06C5481FF24380C38301006
:10F8900000001010000010100000101000001010E8
:10F8A00000186CFED8666C18300C6C180000000C48
:10F8B000667806063C6060066666180018001866E2
:10F8C0006E666660666060606618066C60EEE6668E
:10F8D00066666660186666C63C660630600C7E002A
:10F8E0006C0060000600300060000060180000003E
:10F8F000000000003000000000000030180C00077D
:10F90000000FF0FF000FF0FF000FF0FF000FF0FFFF
:10F91000FFFFD7D7FFFFD7D7FFFFD7D7FFFFD7D737
:10F92000FFE79301279993E7CFF393E7FFFFFFF3F7
:10F930009987F9F9C39F9FF99999FFFFE7FFE79925
:10F940009199999F999F9F9F99E7F9939F11199971
:10F950009999999FE7999939C399F9CF9FF399FF9D
:10F9600093FF9FFFF9FFCFFF9FFFFF9FE7FFFFFF81
:10F97000FFFFFFFFCFFFFFFFFFFFFFCFE7F3FFF921
:10F98000005566C6C6C06C54A5DB24100E7C7010F2
:10F9900018001010000010100000101000001010CF
:10F9A00000186C6CD80C3830300C38180000001877
:10F9B000661806066C7C600666660018307E0C06CB
:10F9C0006E666660666060606618066C60FEF6666D
:10F9D00066666660186666C63C660C30300C1800B9
:10F9E000383C7C3C3E3C7C3E7C381C6618CC7C3CE5
:10F9F0007C3E7C3E7E6666C6C6667E30180C000481
:10FA0000000FF0FF000FF0FF000FF0FF000FF0FFFE
:10FA1000E70FD717E000D010FF07D717C000D010AE
:10FA2000FFE7939327F3C7CFCFF3C7E7FFFFFFE7C6
:10FA300091E7F9F993839FF99999E7E7CF81F3F972
:10FA40009199999F999F9F9F99E7F9939F01099990
:10FA50009999999FE7999939C399F3CFCFF3FFFF0C
:10FA6000C7C383C3C1C383C183C7E399E73383C3D8
:10FA700083C183C181999939399981CFE7F3FFF91E
:10FA800000AAC3C6C6FE6C5481FF247CFFFEFF1093
:10FA90003CF010F01FFF1FFF10F010F01FFF1FFFC2
:10FAA0000018006C7C187600300CFE7E007E003062
:10FAB00066180C1CCC067C0C3C3E7E186000060CC4
:10FAC0006C667C60667C7C607E18067860D6FE661C
:10FAD0007C667C3C186666D6183C1830180C1800FA
:10FAE000000666606666306666180C6C18FE666610
:10FAF00066666660306666C66C660C601806000C4A
:10FB0000000FF0FF000FF0FF000FF0FF000FF0FFFD
:10FB1000C3FFD7F7FFFFDFFFD7F7D7F7DFFFDFFF21
:10FB2000FFE7FF9383E789FFCFF30181FF81FFCFD9
:10FB300081E7F3E333F983F3C3C1E7E79FFFF9F309
:10FB40009399839F9983839F81E7F9879F290199DF
:10FB5000839983C3E7999929E7C3E7CFE7F3FFFFC9
:10FB6000FFF9999F9999CF9999E7F393E7019999AB
:10FB70009999999FCF9999399399F39FE7F9FFF153
:10FB80000055C30000006C54A5DB28100E1070FE59
:10FB90003C000000000000001010101010101010A9
:10FBA0000018006C3630DC00300C381800000060A3
:10FBB00066181806CC06661866060000307E0C181B
:10FBC000607E66606660606E6618066C60C6DE66A3
:10FBD00060666C06186666D63C1830300C0C18004F
:10FBE000003E6660667E306666180C7818D66666DB
:10FBF0006666603C306666D638661830180C0008B9
:10FC0000000000000F0F0F0FF0F0F0F0FFFFFFFFFC
:10FC1000C30FFF07E000C000D717D717D010D010D0
:10FC2000FFE7FF93C9CF23FFCFF3C7E7FFFFFF9F96
:10FC300089E7E7F933F999E799F9FFFFCF81F3E70E
:10FC40009F81999F999F9F9199E7F9939F39219956
:10FC50009F9993F9E7999929C3E7CFCFF3F3FFFF72
:10FC6000FFC1999F9981CF9999E7F387E7299999DE
:10FC700099999FC3CF999929C799E7CFE7F3FF33A4
:10FC800000AA661800C66C5499E760100C10307C0E
:10FC900018000000000000001010101010101010CC
:10FCA000001800FE3666CC00300C6C18000000C056
:10FCB00066183006FE066618660618001800181842
:10FCC00060666660666060666618066C60C6CE66D2
:10FCD00060666C06186666FE3C186030060C1800FC
:10FCE000006666606660306666180C7818D66666D0
:10FCF00066666006306666D638661830180C00D81E
:10FD0000000000000F0F0F0FF0F0F0F0FFFFFFFFFB
:10FD1000E7FFFFFFFFFFFFFFD7D7D7D7D7D7D7D74B
:10FD2000FFE7FF01C99933FFCFF393E7FFFFFF3FE1
:10FD300099E7CFF901F999E799F9FFFFE7FFE7E7BD
:10FD40009F99999F999F9F9999E7F9939F39319925
:10FD50009F9993F9E7999901C3E79FCFF9F3FFFFC3
:10FD6000FF99999F999FCF9999E7F387E7299999E7
:10FD700099999FF9CF999929C799E7CFE7F3FF237D
:10FD800000553C18006C6C54427EE0280810103876
:10FD900000000000000000001010101010101010E3
:10FDA0000000006CFC46CC0018184418180018809D
:10FDB000661860660C666618660C18180C00300031
:10FDC000666666666C6060666618666660C6C6666D
:10FDD000606C666618663CFE66186030020C18009F
:10FDE000006666606660303E66180C6C18D6666603
:10FDF0007C3E600630663C7C6C3E3030180C0070F7
:10FE0000000000000F0F0F0FF0F0F0F0FFFFFFFFFA
:10FE1000FFFFFFFFFFFFFFFFD7D7D7D7D7D7D7D732
:10FE2000FFFFFF9303B933FFE7E7BBE7E7FFE77F98
:10FE300099E79F99F39999E799F3E7E7F3FFCFFFE4
:10FE400099999999939F9F9999E799999F39399988
:10FE50009F939999E799C30199E79FCFFDF3FFFF1E
:10FE6000FF99999F999FCFC199E7F393E7299999B2
:10FE700083C19FF9CF99C38393C1CFCFE7F3FF0726
:10FE800000AA187E7E38FEFE3C3CC04400100010E4
:10FE900000000000000000001010101010101010E2
:10FEA0000018006C300076000C30000018001800BC
:10FEB0003C7E7E3C0C3C3C183C3800180600601828
:10FEC0003C667C3C787E603C667E3C667EC6C63C7A
:10FED0006036663C183C186C66187E3C003C180086
:10FEE000003E7C3C3E3C3006663C6C663CC6663C54
:10FEF0006006607C1E3E186CC6067E1C18380030FA
:10FF0000000000000F0F0F0FF0F0F0F0FFFFFFFFF9
:10FF1000FFFFFFFFFFFFFFFFD7D7D7D7D7D7D7D731
:10FF2000FFE7FF93CFFF89FFF3CFFFFFE7FFE7FF77
:10FF3000C38181C3F3C3C3E7C3C7E7E7F9FF9FE703
:10FF4000C39983C387819FC39981C399813939C379
:10FF50009FC999C3E7C3E79399E781C3FFC3FFFF35
:10FF6000FFC183C3C1C3CFF999C39399C33999C35F
:10FF70009FF99F83E1C1E79339F981E3E7C7FF8FD9
:10FF800000550018006C0000000000000010000088
:10FF900000000000000000001010101010101010E1
:10FFA0000000000000000000000000003000000021
:10FFB0000000000000000000000000300000000011
:10FFC0000000000000000000000000000000000031
:10FFD000000000000000000000000000000000FF22
:10FFE000000000000000003C00003800000000009D
:10FFF0006006000000000000003C0000000000005F
:020000041001E9
:10000000000000000F0F0F0FF0F0F0F0FFFFFFFFF8
:10001000FFFFFFFFFFFFFFFFD7D7D7D7D7D7D7D730
:10002000FFFFFFFFFFFFFFFFFFFFFFFFCFFFFFFF10
:10003000FFFFFFFFFFFFFFFFFFFFFFCFFFFFFFFF00
:10004000FFFFFFFFFFFFFFFFFFFFFFFFFFFFFFFFC0
:10005000FFFFFFFFFFFFFFFFFFFFFFFFFFFFFF00AF
:10006000FFFFFFFFFFFFFFC3FFFFC7FFFFFFFFFF14
:100070009FF9FFFFFFFFFFFFFFC3FFFFFFFFFFFF32
:1000800000AA001800C600000000000000000000E8
:1000900000000000000000001010101010101010E0
:1000A0000000000000000000000000000000000050
:1000B0000000000000000000000000000000000040
:1000C0000000000000000000000000000000000030
:1000D0000000000000000000000000000000000020
:1000E0000000000000000000000000000000000010
:1000F0000000000000000000000000000000000000
:10010000000000000F0F0F0FF0F0F0F0FFFFFFFFF7
:10011000FFFFFFFFFFFFFFFFD7D7D7D7D7D7D7D72F
:10012000FFFFFFFFFFFFFFFFFFFFFFFFFFFFFFFFDF
:10013000FFFFFFFFFFFFFFFFFFFFFFFFFFFFFFFFCF
:10014000FFFFFFFFFFFFFFFFFFFFFFFFFFFFFFFFBF
:10015000FFFFFFFFFFFFFFFFFFFFFFFFFFFFFFFFAF
:10016000FFFFFFFFFFFFFFFFFFFFFFFFFFFFFFFF9F
:10017000FFFFFFFFFFFFFFFFFFFFFFFFFFFFFFFF8F
:1001800004030205090807060A06FF070809040513
:1001900000030102FFFFFFFFFFFF4042FF000102DB
:1001A00040FFFFFFFFFF020300010405FF00FFFF08
:1001B000FFFF030401020506FFFFFFFFFFFF02032D
:1001C00001000405556E68616E646C6564204E4DD7
:1001D0004920696E7465727275707400486172644A
:1001E000204661756C74204572726F7200556E689E
:1001F000616E646C6564205356432043616C6C00EF
:10020000556E68616E646C65642050656E6453560B
:100210002043616C6C00556E68616E646C6564208F
:100220005379735469636B20496E7465727275708B
:100230007400556E68616E646C656420496E746507
:100240007272757074202564200052303D2530385C
:10025000582052313D253038582052323D25303813
:10026000580052333D253038582052343D2530381F
:10027000582052353D253038580052363D2530380B
:10028000582052373D253038582052383D253038D7
:10029000580052393D25303858205231303D2530F4
:1002A0003858205231313D25303858005231323DD6
:1002B000253038582053503D25303858204C523D79
:1002C0002530385800434F4E54524F4C3D2530385E
:1002D000580050433D2530385820785053523D2522
:1002E00030385820737461636B3A002530385820D9
:1002F00025303858202530385820253038580049C6
:100300004E4600696E66004E414E006E616E0028DA
:100310006E756C6C29004B0052004D00500051006E
:100320004A0049004F002F3A002A5500456E746577
:1003300072002D002B0048003900360033002E00DB
:1003400038003500320047003700340031003000FB
:10035000530054616200450043004400570053704D
:100360006300FF0301000000B1A9001015AA0010EE
:1003700035AA001051AC001025AD001029AF0010B7
:1003800085AF001095AF00100000000000000000D5
:100390006141624263436444654566466747684815
:1003A00069496A4A6B4B6C4C6D4D6E4E6F4F705085
:1003B00071517252735374547555765677577858F5
:1003C00079597A5A31213240332334243525365E27
:1003D0003726382A392830290D0D1B1B0808090932
:1003E00020202D5F3D2B5B7B5D7D5C7C237E3B3A3B
:1003F0002722607E2C3C2E3E2F3F00000000000094
:1004000000000000000000000000000000000000EC
:1004100000000000000000000000141415150B0B74
:100420007F7F04040C0C1C1C1E1E1F1F1D1D0000C2
:100430002F2F2A2A2D2D2B2B0D0D3104321F330C7B
:10044000341E3535361C3715381D390B30142E7FC8
:100450005C7C000000003D3D7172797A6166706ECF
:10046000756D006B4D475450455A595251303132D9
:10047000333435363738396162636465660030314C
:10048000323334353637383941424344454600002B
:100490000700080009000A000B000C000D000E0008
:1004A0001000110013001500170019001C001F0098
:1004B0002200250029002D00320037003C004200B8
:1004C00049005000580061006B00760082008F00E8
:1004D0009D00AD00BE00D100E600FD001701330114
:1004E000510173019801C101EE01200256029202EE
:1004F000D4021C036C03C30324048E040205830589
:100500001006AB0656071208E008C309BD0AD00B57
:10051000FF0C4C0EBA0F4C110713EE1406175419AA
:10052000DC1BA51EB6211525CA28DF2C5B314B36F6
:10053000B93BB24144487E4F71572F60CE69627417
:10054000FF7FFFFFFFFF02040608FFFFFFFF02041B
:100550000608000000000000000000000000144039
:10056000000000000000E03F9A9999999999A93FED
:100570007B14AE47E17A743FFCA9F1D24D62403F53
:100580002D431CEBE2360A3FF168E388B5F8D43E10
:100590008DEDB5A0F7C6A03E48AFBC9AF2D76A3E33
:1005A0003A8C30E28E79353E95D626E80B2E013E08
:1005B000BBBDD7D9DF7CCB3D956479E17FFD953D0F
:1005C00011EA2D819997613D82764968C2252C3DBB
:1005D0009B2BA1869B84F63C1656E79EAF03C23C3C
:1005E000000000000000000000000000000000000B
:1005F00000550000000000000000000000000000A6
:10060000000010100000101000001010000010106A
:1006100000000000000000000000000000000000DA
:1006200000000000000000000000000000000000CA
:1006300000000000000000000000000000000000BA
:1006400000000000000000000000000000000000AA
:10065000000000000000000000000000000000009A
:10066000000000000000000000000000000000008A
:10067000000FF0FF000FF0FF000FF0FF000FF0FF82
:10068000FFFFD7D7FFFFD7D7FFFFD7D7FFFFD7D7BA
:10069000FFFFFFFFFFFFFFFFFFFFFFFFFFFFFFFF6A
:1006A000FFFFFFFFFFFFFFFFFFFFFFFFFFFFFFFF5A
:1006B000FFFFFFFFFFFFFFFFFFFFFFFFFFFFFFFF4A
:1006C000FFFFFFFFFFFFFFFFFFFFFFFFFFFFFFFF3A
:1006D000FFFFFFFFFFFFFFFFFFFFFFFFFFFFFFFF2A
:1006E000FFFFFFFFFFFFFFFFFFFFFFFFFFFFFFFF1A
:1006F00000AA000000000000000000000000000050
:100700000000101000001010000010100000101069
:1007100000000000000000000000000000000000D9
:1007200000000000000000000000000000000000C9
:1007300000000000000000000000000000000000B9
:1007400000000000000000000000000000000000A9
:100750000000000000000000000000000000000099
:100760000000000000000000000000000000000089
:10077000000FF0FF000FF0FF000FF0FF000FF0FF81
:10078000FFFFD7D7FFFFD7D7FFFFD7D7FFFFD7D7B9
:10079000FFFFFFFFFFFFFFFFFFFFFFFFFFFFFFFF69
:1007A000FFFFFFFFFFFFFFFFFFFFFFFFFFFFFFFF59
:1007B000FFFFFFFFFFFFFFFFFFFFFFFFFFFFFFFF49
:1007C000FFFFFFFFFFFFFFFFFFFFFFFFFFFFFFFF39
:1007D000FFFFFFFFFFFFFFFFFFFFFFFFFFFFFFFF29
:1007E000FFFFFFFFFFFFFFFFFFFFFFFFFFFFFFFF19
:1007F00000550000000000000000000000000000A4
:100800000000101000001010000010100000101068
:1008100000000000000000000000000000000000D8
:1008200000000000000000000000000000000000C8
:1008300000000000000000000000000000000000B8
:1008400000000000000000000000000000000000A8
:100850000000000000000000000000000000000098
:100860000000000000000000000000000000000088
:10087000000FF0FF000FF0FF000FF0FF000FF0FF80
:10088000FFFFD7D7FFFFD7D7FFFFD7D7FFFFD7D7B8
:10089000FFFFFFFFFFFFFFFFFFFFFFFFFFFFFFFF68
:1008A000FFFFFFFFFFFFFFFFFFFFFFFFFFFFFFFF58
:1008B000FFFFFFFFFFFFFFFFFFFFFFFFFFFFFFFF48
:1008C000FFFFFFFFFFFFFFFFFFFFFFFFFFFFFFFF38
:1008D000FFFFFFFFFFFFFFFFFFFFFFFFFFFFFFFF28
:1008E000FFFFFFFFFFFFFFFFFFFFFFFFFFFFFFFF18
:1008F00000AA0000000000003C3C3038000000105E
:100900000000101000001010000010100000101067
:1009100000186C6C180038000C3000000000000259
:100920003C183C3C0C7E1C7E3C3C00000600603CBD
:100930003C187C3C787E7E3C667E066660C6C63C83
:100940007C3C7C3C7E6666C666667E3C803C1800CD
:100950003800600006001C0060180C6038000000C1
:1009600000000000300000000000001C1838760075
:10097000000FF0FF000FF0FF000FF0FF000FF0FF7F
:10098000FFFFD7D7FFFFD7D7FFFFD7D7FFFFD7D7B7
:10099000FFE79393E7FFC7FFF3CFFFFFFFFFFFFDE5
:1009A000C3E7C3C3F381E381C3C3FFFFF9FF9FC361
:1009B000C3E783C3878181C39981F9999F3939C37B
:1009C00083C383C381999939999981C37FC3E7FF11
:1009D000C7FF9FFFF9FFE3FF9FE7F39FC7FFFFFFFD
:1009E000FFFFFFFFCFFFFFFFFFFFFFE3E7C789FF29
:1009F000005518186C101010427E2838081010107E
:100A00000000101000001010000010100000101066
:100A100000186C6C7E626C181818441800000006F0
:100A2000663866661C603006666600000C0030663C
:100A3000663C66666C6060666618066660C6C6667A
:100A400066666666186666C666660630C00C3C005A
:100A50006C006000060030006000006018000000BC
:100A6000000000003000000000000030180CDC0620
:100A7000000FF0FF000FF0FF000FF0FF000FF0FF7E
:100A8000FFFFD7D7FFFFD7D7FFFFD7D7FFFFD7D7B6
:100A9000FFE79393819D93E7E7E7BBE7FFFFFFF94C
:100AA00099C79999E39FCFF99999FFFFF3FFCF99E0
:100AB00099C39999939F9F9999E7F9999F39399982
:100AC00099999999E79999399999F9CF3FF3C3FF82
:100AD00093FF9FFFF9FFCFFF9FFFFF9FE7FFFFFF00
:100AE000FFFFFFFFCFFFFFFFFFFFFFCFE7F323F97C
:100AF00000AA243CFE38383881FF24380C383010E6
:100B00000000101000001010000010100000101065
:100B100000186CFED8666C18300C6C180000000CC5
:100B2000667806063C606006666600001800186677
:100B30006E666660666060606618066C60EEE6660B
:100B400066666660186666C63C660630600C6600BF
:100B50006C006000060030006000006018000000BB
:100B6000000000003000000000000030180C0006FB
:100B7000000FF0FF000FF0FF000FF0FF000FF0FF7D
:100B8000FFFFD7D7FFFFD7D7FFFFD7D7FFFFD7D7B5
:100B9000FFE79301279993E7CFF393E7FFFFFFF375
:100BA0009987F9F9C39F9FF99999FFFFE7FFE799A3
:100BB0009199999F999F9F9F99E7F9939F111999EF
:100BC0009999999FE7999939C399F9CF9FF399FF1B
:100BD00093FF9FFFF9FFCFFF9FFFFF9FE7FFFFFFFF
:100BE000FFFFFFFFCFFFFFFFFFFFFFCFE7F3FFF99F
:100BF0000055427EFE7C387CA5DB24100E7C7010F4
:100C0000180010100000101000001010000010104C
:100C100000186C6CD80C3830300C381800000018F4
:100C20006E1806066C7C600666661818307E0C0628
:100C30006E666660666060606618066C60FEF666EA
:100C400066666660186666C63C660C30300C00004E
:100C5000383C7C3C3E3C7C3E7C381C6618CC7C3C62
:100C60007C3E7C3E7E6666C6C6667E30180C0006FC
:100C7000000FF0FF000FF0FF000FF0FF000FF0FF7C
:100C8000E70FD717E000D010FF07D717C000D0102C
:100C9000FFE7939327F3C7CFCFF3C7E7FFFFFFE744
:100CA00091E7F9F993839FF99999E7E7CF81F3F9F0
:100CB0009199999F999F9F9F99E7F9939F0109990E
:100CC0009999999FE7999939C399F3CFCFF3FFFF8A
:100CD000C7C383C3C1C383C183C7E399E73383C356
:100CE00083C183C181999939399981CFE7F3FFF99C
:100CF00000AA427EFEFE54FE81FF247CFFFEFF1010
:100D00003CF010F01FFF1FFF10F010F01FFF1FFF3F
:100D10000018006C7C187600300CFE7E007E0030DF
:100D20007E180C1CCC067C0C3C3E18186000060C8F
:100D30006C667C60667C7C607E18067860D6FE6699
:100D40007C667C3C186666D6183C1830180C00008F
:100D5000000666606666306666180C6C18FE66668D
:100D600066666660306666C66C660C601806000EC5
:100D7000000FF0FF000FF0FF000FF0FF000FF0FF7B
:100D8000C3FFD7F7FFFFDFFFD7F7D7F7DFFFDFFF9F
:100D9000FFE7FF9383E789FFCFF30181FF81FFCF57
:100DA00081E7F3E333F983F3C3C1E7E79FFFF9F387
:100DB0009399839F9983839F81E7F9879F2901995D
:100DC000839983C3E7999929E7C3E7CFE7F3FFFF47
:100DD000FFF9999F9999CF9999E7F393E701999929
:100DE0009999999FCF9999399399F39FE7F9FFF1D1
:100DF0000055427E7CFEFEFEA5DB28100E1070FE24
:100E00003C00000000000000101010101010101026
:100E10000018006C3630DC00300C38180000006020
:100E200076181806CC06661866060000307E0C1888
:100E3000607E66606660606E6618066C60C6DE6620
:100E400060666C06186666D63C1830300C0C0000E4
:100E5000003E6660667E306666180C7818D6666658
:100E60006666603C306666D638661830180C00CC72
:100E7000000000000F0F0F0FF0F0F0F0FFFFFFFF7A
:100E8000C30FFF07E000C000D717D717D010D0104E
:100E9000FFE7FF93C9CF23FFCFF3C7E7FFFFFF9F14
:100EA00089E7E7F933F999E799F9FFFFCF81F3E78C
:100EB0009F81999F999F9F9199E7F9939F392199D4
:100EC0009F9993F9E7999929C3E7CFCFF3F3FFFFF0
:100ED000FFC1999F9981CF9999E7F387E72999995C
:100EE00099999FC3CF999929C799E7CFE7F3FF3322
:100EF00000AA243C7C7C54D699E760100C10307C0E
:100F00001800000000000000101010101010101049
:100F1000001800FE3666CC00300C6C18000000C0D3
:100F200066183006FE0666186606000018001818D7
:100F300060666660666060666618066C60C6CE664F
:100F400060666C06186666FE3C186030060C000091
:100F5000006666606660306666180C7818D666664D
:100F600066666006306666D638661830180C00DC97
:100F7000000000000F0F0F0FF0F0F0F0FFFFFFFF79
:100F8000E7FFFFFFFFFFFFFFD7D7D7D7D7D7D7D7C9
:100F9000FFE7FF01C99933FFCFF393E7FFFFFF3F5F
:100FA00099E7CFF901F999E799F9FFFFE7FFE7E73B
:100FB0009F99999F999F9F9999E7F9939F393199A3
:100FC0009F9993F9E7999901C3E79FCFF9F3FFFF41
:100FD000FF99999F999FCF9999E7F387E729999965
:100FE00099999FF9CF999929C799E7CFE7F3FF23FB
:100FF0000055181838381010427EE02808101038B4
:101000000000000000000000101010101010101060
:101010000000006CFC46CC0018184418180018801A
:10102000661860660C666618660C18180C003000AE
:10103000666666666C6060666618666660C6C666EA
:10104000606C666618663CFE66186030020C000034
:10105000006666606660303E66180C6C18D6666680
:101060007C3E600630663C7C6C3E3030180C00F8EC
:10107000000000000F0F0F0FF0F0F0F0FFFFFFFF78
:10108000FFFFFFFFFFFFFFFFD7D7D7D7D7D7D7D7B0
:10109000FFFFFF9303B933FFE7E7BBE7E7FFE77F16
:1010A00099E79F99F39999E799F3E7E7F3FFCFFF62
:1010B00099999999939F9F9999E799999F39399906
:1010C0009F939999E799C30199E79FCFFDF3FFFF9C
:1010D000FF99999F999FCFC199E7F393E729999930
:1010E00083C19FF9CF99C38393C1CFCFE7F3FF07A4
:1010F00000AA0000101038383C3CC044001000101A
:10110000000000000000000010101010101010105F
:101110000018006C300076000C3000001800180039
:101120003C7E7E3C0C3C3C183C381818060060188D
:101130003C667C3C787E603C667E3C667EC6C63CF7
:101140006036663C183C186C66187E3C003C00001B
:10115000003E7C3C3E3C3006663C6C663CC6663CD1
:101160006006607C1E3E186CC6067E1C1838007037
:10117000000000000F0F0F0FF0F0F0F0FFFFFFFF77
:10118000FFFFFFFFFFFFFFFFD7D7D7D7D7D7D7D7AF
:10119000FFE7FF93CFFF89FFF3CFFFFFE7FFE7FFF5
:1011A000C38181C3F3C3C3E7C3C7E7E7F9FF9FE781
:1011B000C39983C387819FC39981C399813939C3F7
:1011C0009FC999C3E7C3E79399E781C3FFC3FFFFB3
:1011D000FFC183C3C1C3CFF999C39399C33999C3DD
:1011E0009FF99F83E1C1E79339F981E3E7C7FF8F57
:1011F000005500000000000000000000001000008A
:10120000000000000000000010101010101010105E
:10121000000000000000000000000000300000009E
:10122000000000000000000000000030000000008E
:1012300000000000000000000000000000000000AE
:10124000000000000000000000000000000000FF9F
:10125000000000000000003C00003800000000001A
:101260006006000000000000003C000000000000DC
:10127000000000000F0F0F0FF0F0F0F0FFFFFFFF76
:10128000FFFFFFFFFFFFFFFFD7D7D7D7D7D7D7D7AE
:10129000FFFFFFFFFFFFFFFFFFFFFFFFCFFFFFFF8E
:1012A000FFFFFFFFFFFFFFFFFFFFFFCFFFFFFFFF7E
:1012B000FFFFFFFFFFFFFFFFFFFFFFFFFFFFFFFF3E
:1012C000FFFFFFFFFFFFFFFFFFFFFFFFFFFFFF002D
:1012D000FFFFFFFFFFFFFFC3FFFFC7FFFFFFFFFF92
:1012E0009FF9FFFFFFFFFFFFFFC3FFFFFFFFFFFFB0
:1012F00000AA000000000000000000000000000044
:10130000000000000000000010101010101010105D
:1013100000000000000000000000000000000000CD
:1013200000000000000000000000000000000000BD
:1013300000000000000000000000000000000000AD
:10134000000000000000000000000000000000009D
:10135000000000000000000000000000000000008D
:10136000000000000000000000000000000000007D
:10137000000000000F0F0F0FF0F0F0F0FFFFFFFF75
:10138000FFFFFFFFFFFFFFFFD7D7D7D7D7D7D7D7AD
:10139000FFFFFFFFFFFFFFFFFFFFFFFFFFFFFFFF5D
:1013A000FFFFFFFFFFFFFFFFFFFFFFFFFFFFFFFF4D
:1013B000FFFFFFFFFFFFFFFFFFFFFFFFFFFFFFFF3D
:1013C000FFFFFFFFFFFFFFFFFFFFFFFFFFFFFFFF2D
:1013D000FFFFFFFFFFFFFFFFFFFFFFFFFFFFFFFF1D
:1013E000FFFFFFFFFFFFFFFFFFFFFFFFFFFFFFFF0D
:1013F0000055000000000000000000000000000098
:10140000000000000000000010101010101010105C
:1014100000000000000000000000000000000000CC
:1014200000000000000000000000000000000000BC
:1014300000000000000000000000000000000000AC
:10144000000000000000000000000000000000009C
:10145000000000000000000000000000000000008C
:10146000000000000000000000000000000000007C
:10147000000000000F0F0F0FF0F0F0F0FFFFFFFF74
:10148000FFFFFFFFFFFFFFFFD7D7D7D7D7D7D7D7AC
:10149000FFFFFFFFFFFFFFFFFFFFFFFFFFFFFFFF5C
:1014A000FFFFFFFFFFFFFFFFFFFFFFFFFFFFFFFF4C
:1014B000FFFFFFFFFFFFFFFFFFFFFFFFFFFFFFFF3C
:1014C000FFFFFFFFFFFFFFFFFFFFFFFFFFFFFFFF2C
:1014D000FFFFFFFFFFFFFFFFFFFFFFFFFFFFFFFF1C
:1014E000FFFFFFFFFFFFFFFFFFFFFFFFFFFFFFFF0C
:1014F00000AA000000000000000000000000000042
:10150000000000000000000010101010101010105B
:1015100000000000000000000000000000000000CB
:1015200000000000000000000000000000000000BB
:1015300000000000000000000000000000000000AB
:10154000000000000000000000000000000000009B
:10155000000000000000000000000000000000008B
:10156000000000000000000000000000000000007B
:10157000000000000F0F0F0FF0F0F0F0FFFFFFFF73
:10158000FFFFFFFFFFFFFFFFD7D7D7D7D7D7D7D7AB
:10159000FFFFFFFFFFFFFFFFFFFFFFFFFFFFFFFF5B
:1015A000FFFFFFFFFFFFFFFFFFFFFFFFFFFFFFFF4B
:1015B000FFFFFFFFFFFFFFFFFFFFFFFFFFFFFFFF3B
:1015C000FFFFFFFFFFFFFFFFFFFFFFFFFFFFFFFF2B
:1015D000FFFFFFFFFFFFFFFFFFFFFFFFFFFFFFFF1B
:1015E000FFFFFFFFFFFFFFFFFFFFFFFFFFFFFFFF0B
:1015F0000060C0A020200E0016030110E0070000CC
:101600002020150018030110E00700002020100022
:101610001A030110E0070000202013001C03011032
:10162000E0070000202014001E030110E007000066
:101630002020110009030110E007000020200D0008
:1016400020030110E007000020200C0022030110FD
:10165000E00700002020120024030110E007000032
:101660002020543326030110E007000020205518E5
:1016700029030110E0070000402028582C03011026
:1016800000F800002020562D3203011000F8000061
:101690002040572E3403011000F80000000009001C
:1016A0000103011000F8000000000B0036030110D8
:1016B00000F80000202026613803011000F8000027
:1016C0002020235E3A03011000F800002020205B58
:1016D0003C03011000F80000202063373E03011096
:1016E00000F80000202025604003011000F80000F1
:1016F0002020225D4203011000F8000020201F5A24
:101700004403011000F8000020200A0046030110E5
:1017100000F800002020245F4803011000F80000BA
:101720002020215C4A03011000F8000020201E59EF
:101730004C03011000F80000202027624E03011026
:1017400000F800002020160050030110E007000000
:1017500020202B0052030110E00700002020080089
:1017600056030110E0070000202006005803011076
:10177000E0070000000007005A030110E007000026
:101780000000000049020110E00700000000000016
:1017900049020110E00700000000000049020110AA
:1017A000E007000000001A005C030110E0070000E1
:1017B0000000000049020110E007000000000000E6
:1017C00049020110E007000000000000490201107A
:1017D000E0070000221F2C005E03011000F800004B
:1017E0007000000090000000B0000000D000000079
:1017F00018010000F8000000C8000000A800000068
:1018000078000000580000003800000008000000C8
:101810000000000000000000232A490607030454CA
:101820004B4505434D022B2D783A03045E3D7F2541
:101830004352303132333435363738392E2E2D007D
:10184000FEFEFEFEFEFEFEFEFFFFFFFFFFFFFFFFB0
:10185000FFFFFFFFFFFFFFFFFFFFFFFFFFFFFFFF98
:10186000FFFFFFFFFFFFFFFFFEFEFEFEFEFEFEFE90
:10187000FEFEFEFEFEFEFEFEFFFFFFFFFFFFFFFF80
:10188000FFFFFFFFFFFFFFFFFFFFFFFFFFFFFFFF68
:10189000FFFFFFFFFFFFFFFFFFFFFFFFFFFFFFFF58
:1018A000FFFFFFFFFFFFFFFFFFFFFFFFFFFFFFFF48
:1018B000FFFFFFFFFFFFFFFFFFFFFFFFFFFFFFFF38
:1018C000FFFFFFFFFFFFFFFFFFFFFFFFFFFFFFFF28
:1018D000FFFFFFFFFFFFFFFFFEFEFEFEFEFEFEFE20
:1018E000FEFEFEFEFEFEFEFEFFFFFFFFFFFFFFFF10
:1018F000FFFFFFFFFFFFFFFFFFFFFFFFFFFFFFFFF8
:10190000FFFFFFFFFFFFFFFFFFFFFFFFFFFFFFFFE7
:10191000FFFFFFFFFFFFFFFFFFFFFFFFFFFFFFFFD7
:10192000FFFFFFFFFFFFFFFFFEFEFEFEFEFEFEFECF
:10193000FEFEFEFEFEFEFEFEFFFFFFFFFFFFFFFFBF
:10194000FFFFFFFFFFFFFFFFFFFFFFFFFFFFFFFFA7
:10195000FFFFFFFFFFFFFFFFFFFFFFFFFFFFFFFF97
:10196000FFFFFFFFFFFFFFFFFFFFFFFFFFFFFFFF87
:10197000FFFFFFFFFFFFFFFFFEFEFEFEFEFEFEFE7F
:10198000FEFEFEFEFEFEFEFEFFFFFF2828282828A2
:1019900028282828282828282828282828282828C7
:1019A0002828282828FFFFFFFEFEFEFEFEFEFEFE82
:1019B000FEFEFEFEFEFEFEFEFFFFFF979797979747
:1019C00097979797979797979797979797979797A7
:1019D0009797979797FFFFFFFFFFFF979797979727
:1019E0009797979797979797979797979797979787
:1019F0009797979797FFFFFFFFFFFF979797979707
:101A00009797979797979797979797979797979766
:101A10009797979797FFFFFFFEFEFEFEFEFEFEFEE6
:101A2000FEFEFEFEFEFEFEFEFFFFFF9797979797D6
:101A30009797979797979797979797979797979736
:101A40009797979797FFFFFFFFFFFF2828282828E1
:101A50002828282828282828282828282828282806
:101A60002828282828FFFFFFFEFEFEFEFEFEFEFEC1
:101A7000FEFEFEFEFEFEFEFEFFFFFF2828282828B1
:101A800028282828282828282828282828282828D6
:101A90002828282828FFFFFFFFFFFF2828282828BC
:101AA00028282828282828282828282828282828B6
:101AB0002828282828FFFFFFFEFEFEFEFEFEFEFE71
:101AC000FEFEFEFEFEFEFEFEFFFF772A2A2A2A2ADF
:101AD0002A2A2A2A2A2A2A2A2A2A2A2A2A2A2A2A66
:101AE0002A2A2A2A2A76FFFFFEFEFEFEFEFEFEFEC0
:101AF000FEFEFEFEFEFEFEFEFFFFBDBEBEBEBEBE85
:101B0000BEBEBEBEBEBEBEBEBEBEBEBEBEBEBEBEF5
:101B1000BEBEBEBEBED9FFFFFFFFBDBEBEBEBEBEC7
:101B2000BEBEBEBEBEBEBEBEBEBEBEBEBEBEBEBED5
:101B3000BEBEBEBEBED9FFFFFFFFBDBEBEBEBEBEA7
:101B4000BEBEBEBEBEBEBEBEBEBEBEBEBEBEBEBEB5
:101B5000BEBEBEBEBED9FFFFFEFEFEFEFEFEFEFE08
:101B6000FEFEFEFEFEFEFEFEFFFFBDBEBEBEBEBE14
:101B7000BEBEBEBEBEBEBEBEBEBEBEBEBEBEBEBE85
:101B8000BEBEBEBEBED9FFFFFFFF772A2A2A2A2A81
:101B90002A2A2A2A2A2A2A2A2A2A2A2A2A2A2A2AA5
:101BA0002A2A2A2A2A76FFFFFEFEFEFEFEFEFEFEFF
:101BB000FEFEFEFEFEFEFEFEFFFF772A2A2A2A2AEE
:101BC0002A2A2A2A2A2A2A2A2A2A2A2A2A2A2A2A75
:101BD0002A2A2A2A2A76FFFFFFFF772A2A2A2A2A78
:101BE0002A2A2A2A2A2A2A2A2A2A2A2A2A2A2A2A55
:101BF0002A2A2A2A2A76FFFFFEFEFEFEFEFEFEFEAF
:101C0000FEFEFEFEFEFEFEFEFF282A2A2A2A2A2AC1
:101C10002A2A2A2A2A2A2A2A2A2A2A2A2A2A2A2A24
:101C20002A2A2A2A2A2A7DFFFEFEFEFEFEFEFEFE4C
:101C3000FEFEFEFEFEFEFEFEFF97BEBEBEBEBEBEAA
:101C4000BEBEBEBEBEBEBEBEBEBEBEBEBEBEBEBEB4
:101C5000BEBEBEBEBEBE95FFFF97BEBEBEBEBEBE72
:101C6000BEBEBEBEBEBEBEBEBEBEBEBEBEBEBEBE94
:101C7000BEBEBEBEBEBE95FFFF97BEBEBEBEBEBE52
:101C8000BEBEBEBEBEBEBEBEBEBEBEBEBEBEBEBE74
:101C9000BEBEBEBEBEBE95FFFEFEFEFEFEFEFEFE4C
:101CA000FEFEFEFEFEFEFEFEFF97BEBEBEBEBEBE3A
:101CB000BEBEBEBEBEBEBEBEBEBEBEBEBEBEBEBE44
:101CC000BEBEBEBEBEBE95FFFF282A2A2A2A2A2AE9
:101CD0002A2A2A2A2A2A2A2A2A2A2A2A2A2A2A2A64
:101CE0002A2A2A2A2A2A7DFFFEFEFEFEFEFEFEFE8C
:101CF000FEFEFEFEFEFEFEFEFF282A2A2A2A2A2AD1
:101D00002A2A2A2A2A2A2A2A2A2A2A2A2A2A2A2A33
:101D10002A2A2A2A2A2A7DFFFF282A2A2A2A2A2A28
:101D20002A2A2A2A2A2A2A2A2A2A2A2A2A2A2A2A13
:101D30002A2A2A2A2A2A7DFFFEFEFEFEFEFEFEFE3B
:101D4000FEFEFEFEFEFEFEFEFF282A2A2A2A2A2A80
:101D50002A2A2A58707273737372876D4E2A2A2A40
:101D60002A2A2A2A2A2A7DFFFEFEFEFEFEFEFEFE0B
:101D7000FEFEFEFEFEFEFEFEFF97BEBEBEBEBEBE69
:101D8000BEBEBED0FBFBFBFBFBFBFBB9CEBEBEBEAB
:101D9000BEBEBEBEBEBE95FFFF97BEBEBEBEBEBE31
:101DA000BEBEBED0FBFBFBFBFBFBFBB9CEBEBEBE8B
:101DB000BEBEBEBEBEBE95FFFF97BEBEBEBEBEBE11
:101DC000BEBEBED0FBFBFBFBFBFBFBB9CEBEBEBE6B
:101DD000BEBEBEBEBEBE95FFFEFEFEFEFEFEFEFE0B
:101DE000FEFEFEFEFEFEFEFEFF97BEBEBEBEBEBEF9
:101DF000BEBEBED0FBFBFBFBFBFBFBB9CEBEBEBE3B
:101E0000BEBEBEBEBEBE95FFFF282A2A2A2A2A2AA7
:101E10002A2A2A58707273737372876D4E2A2A2A7F
:101E20002A2A2A2A2A2A7DFFFEFEFEFEFEFEFEFE4A
:101E3000FEFEFEFEFEFEFEFEFF282A2A2A2A2A2A8F
:101E40002A2A2A58707273737372876D4E2A2A2A4F
:101E50002A2A2A2A2A2A7DFFFF282A2A2A2A2A2AE7
:101E60002A2A2A58707273737372876D4E2A2A2A2F
:101E70002A2A2A2A2A2A7DFFFEFEFEFEFEFEFEFEFA
:101E8000FEFEFEFEFEFEFEFEFF282A2A2A2A2A2A3F
:101E90002A5872747370644E48588570876D482A4A
:101EA0002A2A2A2A2A2A7DFFFEFEFEFEFEFEFEFECA
:101EB000FEFEFEFEFEFEFEFEFF97BEBEBEBEBEBE28
:101EC000BED0FBFBFBF9E0C9C6D0B8FBFBE3C2BE4A
:101ED000BEBEBEBEBEBE95FFFF97BEBEBEBEBEBEF0
:101EE000BED0FBFBFBF9E0C9C6D0B8FBFBE3C2BE2A
:101EF000BEBEBEBEBEBE95FFFF97BEBEBEBEBEBED0
:101F0000BED0FBFBFBF9E0C9C6D0B8FBFBE3C2BE09
:101F1000BEBEBEBEBEBE95FFFEFEFEFEFEFEFEFEC9
:101F2000FEFEFEFEFEFEFEFEFF97BEBEBEBEBEBEB7
:101F3000BED0FBFBFBF9E0C9C6D0B8FBFBE3C2BED9
:101F4000BEBEBEBEBEBE95FFFF282A2A2A2A2A2A66
:101F50002A5872747370644B484F8570876D482A95
:101F60002A2A2A2A2A2A7DFFFEFEFEFEFEFEFEFE09
:101F7000FEFEFEFEFEFEFEFEFF282A2A2A2A2A2A4E
:101F80002A5872747370644E484F8570876D482A62
:101F90002A2A2A2A2A2A7DFFFF282A2A2A2A2A2AA6
:101FA0002A5872747370644E48588570876D482A39
:101FB0002A2A2A2A2A2A7DFFFEFEFEFEFEFEFEFEB9
:101FC000FEFEFEFEFEFEFEFEFF282A2A2A2A2A2AFE
:101FD0006D7473833D2A2A2A2A2A2A2A4B836D4E3E
:101FE0002A2A2A2A2A2A7DFFFEFEFEFEFEFEFEFE89
:101FF000FEFEFEFEFEFEFEFEFF97BEBEBEBEBEBEE7
:10200000BAFBFBE2C7BEBEBEBEBEBEBEE5E2E3CECD
:10201000BEBEBEBEBEBE95FFFF97BEBEBEBEBEBEAE
:10202000BAFBFBE2C7BEBEBEBEBEBEBEE5E2E3CEAD
:10203000BEBEBEBEBEBE95FFFF97BEBEBEBEBEBE8E
:10204000BAFBFBE2C7BEBEBEBEBEBEBEE5E2E3CE8D
:10205000BEBEBEBEBEBE95FFFEFEFEFEFEFEFEFE88
:10206000FEFEFEFEFEFEFEFEFF97BEBEBEBEBEBE76
:10207000BAFBFBE2C7BEBEBEBEBEBEBEE5E2E3CE5D
:10208000BEBEBEBEBEBE95FFFF282A2A2A2A2A2A25
:102090006D7473832E2B2B297B292B2F4B836D4E35
:1020A0002A2A2A2A2A2A7DFFFEFEFEFEFEFEFEFEC8
:1020B000FEFEFEFEFEFEFEFEFF282A2A2A2A2A2A0D
:1020C0006D7473833D2A2A2E2F2B2B2948646D4E65
:1020D0002A2A2A2A2A2A7DFFFF282A2A2A2A2A2A65
:1020E0006D7473833D2A2A2A2A2A2A2A4B836D4E2D
:1020F0002A2A2A2A2A2A7DFFFEFEFEFEFEFEFEFE78
:10210000FEFEFEFEFEFEFEFEFF282A2A2A2A2A7076
:102110007487432A2A2A2A2A2A2A2A2A2A3D4F58F9
:102120003D2A2A2A2A2A7DFFFEFEFEFEFEFEFEFE34
:10213000FEFEFEFEFEFEFEFEFF97BEBEBEBEBEF86B
:10214000FBFBC3BEBEBEBEBEBEBEBEBEBEC7CCA730
:10215000C5BEBEBEBEBE95FFFF97BEBEBEBEBEF82C
:10216000FBFBC3BEBEBEBEBEBEBEBEBEBEC7CCA710
:10217000C5BEBEBEBEBE95FFFF97BEBEBEBEBEF80C
:10218000FBFBC3BEBEBEBEBEBEBEBEBEBEC7CCA7F0
:10219000C5BEBEBEBEBE95FFFEFEFEFEFEFEFEFE40
:1021A000FEFEFEFEFEFEFEFEFF97BEBEBEBEBEF8FB
:1021B000FBFBC3BEBEBEBEBEBEBEBEBEBEC7CCA7C0
:1021C000C5BEBEBEBEBE95FFFF282A2A2A2A2A7097
:1021D0007487432F2B3132323332387B2B2E4F58BA
:1021E0003D2A2A2A2A2A7DFFFEFEFEFEFEFEFEFE74
:1021F000FEFEFEFEFEFEFEFEFF282A2A2A2A2A7086
:102200007487432A2A2A2A2F2B7B313831304E58A3
:102210003D2A2A2A2A2A7DFFFF282A2A2A2A2A70CA
:102220007487432E2E2E2E2E2E2E2E2E2E2E4F58CF
:102230003D2E2A2A2A2A7DFFFEFEFEFEFEFEFEFE1F
:10224000FEFEFEFEFEFEFEFEFF282A2A2A2A8674D5
:10225000703D2E2E2E2F2B2B2B2F2F2E2E3D2A4E28
:102260003D312A2A2A2A7DFFFEFEFEFEFEFEFEFEEC
:10227000FEFEFEFEFEFEFEFEFF97BEBEBEBEB3FB32
:10228000F8C7BEBEBEBEBEBEBEBEBEBEC7C7C5A32D
:10229000C7BFBEBEBEBE95FFFF97BEBEBEBEB3FBF0
:1022A000F8C7BEBEBEBEBEBEBEBEBEBEC7C7C5A30D
:1022B000C7BFBEBEBEBE95FFFF97BEBEBEBEB3FBD0
:1022C000F8C7BEBEBEBEBEBEBEBEBEBEC7C7C5A3ED
:1022D000C7BFBEBEBEBE95FFFEFEFEFEFEFEFEFEFC
:1022E000FEFEFEFEFEFEFEFEFF97BEBEBEBEB3FBC2
:1022F000F8C7BEBEBEBEBEBEBEBEBEBEC7C7C5A3BD
:10230000C7BFBEBEBEBE95FFFF282A2A2A2A8674F2
:10231000702E2E2B31332C347E342C327B2F374EC3
:102320003D312A2A2A2A7DFFFEFEFEFEFEFEFEFE2B
:10233000FEFEFEFEFEFEFEFEFF282A2A2A2A8674E4
:10234000703D2A2A2A2A2E2B3132332C3231304E3C
:102350003D312A2A2A2A7DFFFF282A2A2A2E86741E
:102360006F7B3131317B2929292B2B2B2F2F2F4E9E
:102370002F382E2E2A2A7DFFFEFEFEFEFEFEFEFEDA
:10238000FEFEFEFEFEFEFEFEFF282A2A2A4F737086
:102390003D2E2F0501010101010101013D43434390
:1023A0004E3E2B2A2A2A7DFFFEFEFEFEFEFEFEFE8C
:1023B000FEFEFEFEFEFEFEFEFF97BEBEBEA3FBFBC4
:1023C000C7BEBEC09999999999999B9BC3C3C3C431
:1023D000CE99C1BEBEBE95FFFF97BEBEBEA3FBFB9E
:1023E000C7BEBEBEBEC0DDDADA99C4C3C3C3C3C4B0
:1023F000CE99C1BEBEBE95FFFF97BEBEBEA3FBFB7E
:10240000C7BEBEBEBEC0DDDADC9AC4C3C3C3C3C48C
:10241000CE99C1BEBEBE95FFFEFEFEFEFEFEFEFED6
:10242000FEFEFEFEFEFEFEFEFF97BEBEBEA3FBFB53
:10243000C7BEBEBEBEBEBEBEC5C5C4C3C3C3C3C485
:10244000CE99C1BEBEBE95FFFF282A2A2A4F7370BF
:102450003D2E2B3133343E2326217E3340453D3DF6
:102460004E3E2B2A2A2A7DFFFEFEFEFEFEFEFEFECB
:10247000FEFEFEFEFEFEFEFEFF282A2A2A4F737095
:102480003D2A2A2A2A2A2E7B323366FB494A2B3DD3
:102490004E3E2B2A2A2A7DFFFF282A2A2E4E7370B1
:1024A00038332C2C2C2C33333332407F464640407B
:1024B0004D39312F2A2A7DFFFEFEFEFEFEFEFEFE76
:1024C000FEFEFEFEFEFEFEFEFF282A2A2A70724352
:1024D0002E2F2905040404040404040443484B4833
:1024E000482F2D2A2A2A7DFFFEFEFEFEFEFEFEFE5E
:1024F000FEFEFEFEFEFEFEFEFF97BEBEBEFBFBC363
:10250000BEBEBEDAFFFFFFFFFFFFFFFFE5E5E5C64A
:10251000C2C194BEBEBE95FFFF97BEBEBEFBFBC34D
:10252000BEBEBEBEC08BFFFFFFFF92C6E5E5E5C69F
:10253000C2C194BEBEBE95FFFF97BEBEBEFBFBC32D
:10254000BEBEBEBED9FFFFFFFFFF99C6E5E5E5C6EB
:10255000C2C194BEBEBE95FFFEFEFEFEFEFEFEFEA6
:10256000FEFEFEFEFEFEFEFEFF97BEBEBEFBFBC3F2
:10257000BEBEBEBEBEBEC5C4C3C2C6C6E5E5E5C6D8
:10258000C2C194BEBEBE95FFFF282A2A2A7072439C
:102590002E2B3133343E0FFB26FB13444A46434374
:1025A000432F2D2A2A2A7DFFFEFEFEFEFEFEFEFEA2
:1025B000FEFEFEFEFEFEFEFEFF282A2A2A70724361
:1025C0002A2A2A2A2A2A2E4032441388494A454375
:1025D000482F2D2A2A2A7DFFFF282A2E2F70873880
:1025E000343E3E3E3E3E3E7E7E4449494A4A49494B
:1025F00049333B2B2E2A7DFFFEFEFEFEFEFEFEFE35
:10260000FEFEFEFEFEFEFEFEFF282A2A4E72832AF2
:102610002E30382C3E393A3A3A3E444A4D4B4E4ED3
:102620004E4E35312A2A7DFFFEFEFEFEFEFEFEFEE8
:10263000FEFEFEFEFEFEFEFEFF97BEBECEFBE2BE2F
:10264000BEBEBE99DADA92929291FF9FCDCDCDCEE9
:10265000C9C9DABFBEBE95FFFF97BEBECEFBE2BEC4
:10266000BEBEBEBEA2FFD8BF94E7E7C6CDCDCDCEDD
:10267000C9C9DABFBEBE95FFFF97BEBECEFBE2BEA4
:10268000BEBEBEC0FFFFE9BF9490E7BFCDCDCDCEAB
:10269000C9C9DABFBEBE95FFFEFEFEFEFEFEFEFE0F
:1026A000FEFEFEFEFEFEFEFEFF97BEBECEFBE2BEBF
:1026B000BEBEBEBEBEC5C3C2C6CAC9CECDCDCDCEBE
:1026C000C9C9DABFBEBE95FFFF282A2A4E72832EE3
:1026D0002F7B32343E1EFB233A888A1F49504D4BD4
:1026E0004B4E35312A2A7DFFFEFEFEFEFEFEFEFE2B
:1026F000FEFEFEFEFEFEFEFEFF282A2A4E72832A02
:102700002E2E2E2E2E2A3D4049440F10494A4D4B65
:102710004E4E35312A2A7DFFFF282A2E4B87657EB3
:10272000392D1F1F2D2D2D601F713E8181811C139E
:10273000665447332E2A7DFFFEFEFEFEFEFEFEFEA1
:10274000FEFEFEFEFEFEFEFEFF282A2A85873D2AAB
:102750002F312C3E2D050101010481544D4E4F4F68
:102760004F4F3A2D2A2A7DFFFEFEFEFEFEFEFEFEA4
:10277000FEFEFEFEFEFEFEFEFF97BEBEB7FBC7BE20
:10278000BEBEBEBEC5C3C6E5E4FF90AFA7A7D0D00E
:10279000CCCDDC94BEBE95FFFF97BEBEB7FBC7BED7
:1027A000BEBEBEBF8BE7C6E5C9DAFF94A7A7D0D0EF
:1027B000CCCDDC94BEBE95FFFF97BEBEB7FBC7BEB7
:1027C000BEBEBEDAFF93C6E5C99CFFA2A7A7D0D0C4
:1027D000CCCDDC94BEBE95FFFEFEFEFEFEFEFEFEF0
:1027E000FEFEFEFEFEFEFEFEFF97BEBEB7FBC7BEB0
:1027F000BEBEBEBEC5C3C6E5C9CDCCD0A7A7D0D08E
:10280000CCCDDC94BEBE95FFFF282A2A85873D2EBD
:102810002B322C3E718A2639391A880E664A4D4B66
:102820004E4F3A2D2A2A7DFFFEFEFEFEFEFEFEFEE4
:10283000FEFEFEFEFEFEFEFEFF282A2A85872E2FC4
:102840002B297B313045454A4981111754504B4F54
:102850004F4F3A2D2A2A7DFFFF282A2F83707E3A78
:1028600021FBFBFB8A223C1FFBFB1255555711FB3A
:1028700013493B3B2E2A7DFFFEFEFEFEFEFEFEFEC2
:10288000FEFEFEFEFEFEFEFEFF282A2A6F6D2A2AAD
:102890002B32343A02FAFA0100FA00545B4E5356D6
:1028A000565345472A2A7DFFFEFEFEFEFEFEFEFE33
:1028B000FEFEFEFEFEFEFEFEFF97BEBEF2E3BEBEC5
:1028C000BEBEBEC5C3C6CACD90FF9ACFD4D4D4CFA6
:1028D000CBA7C7DBBEBE95FFFF97BEBEF2E3BEBE71
:1028E000BEBEBEC5FFFFC4CDCCD8FF9CD4D4D4CFD0
:1028F000CBA7C7DBBEBE95FFFF97BEBEF2E3BEBE51
:10290000BEBEBEA2FFD9CACDCCA3FFE8D4D4D4CFDB
:10291000CBA7C7DBBEBE95FFFEFEFEFEFEFEFEFEA3
:10292000FEFEFEFEFEFEFEFEFF97BEBEF2E3BEBE54
:10293000BEBEBEC5C3C6CACDCCA7CBCFD4D4D4CF20
:10294000CBA7C7DBBEBE95FFFF282A2A6F6D2A2FB3
:1029500031337E1A88881A8181811F8A88695B5980
:102960004F4F45472A2A7DFFFEFEFEFEFEFEFEFE7D
:10297000FEFEFEFEFEFEFEFEFF282A2A6F6D2F2BB6
:10298000313233333846464A54818A1F50524F53AE
:10299000565345472A2A7DFFFF282A2B6E1B3921D3
:1029A000FB22676723FB7115FBFB165A5A12FBFBD0
:1029B0001F817E472E2A7DFFFEFEFEFEFEFEFEFEEE
:1029C000FEFEFEFEFEFEFEFEFF282A2A6F622A2A77
:1029D0002B323E3A000147474702FA055B82565DBB
:1029E0005D564F422A2A7DFFFEFEFEFEFEFEFEFEE3
:1029F000FEFEFEFEFEFEFEFEFF97BEBEF5D4BEBE90
:102A0000BEBEC7C3C6CACDD9FFE9A9D3D2D2D2D3DD
:102A1000A9D4C8D6BEBE95FFFF97BEBEF5D4BEBE34
:102A2000BEBEC7C3E9FF9F9992E8E8C8D2D2D2D30D
:102A3000A9D4C8D6BEBE95FFFF97BEBEF5D4BEBE14
:102A4000BEBEC7D8FFDDCDD0A7C3FFFFD2D2D2D341
:102A5000A9D4C8D6BEBE95FFFEFEFEFEFEFEFEFE5B
:102A6000FEFEFEFEFEFEFEFEFF97BEBEF5D4BEBE1F
:102A7000BEBEC7C3C6CACDD0A7D4A9D3D2D2D2D3E3
:102A8000A9D4C8D6BEBE95FFFF282A2A6F622E2B76
:102A9000382C3E268A7181545454541FFB115B59C3
:102AA00058564F422A2A7DFFFEFEFEFEFEFEFEFE27
:102AB000FEFEFEFEFEFEFEFEFF282A2A6F622B7B34
:102AC000322C7E7E44494A54541CFB5E5B82565D28
:102AD0005D564F422A2A7DFFFF282A2B6E5C3A75ED
:102AE00010353C3B3B231515FB0E108080160EFB6A
:102AF0001F814A422F2A7DFFFEFEFEFEFEFEFEFEE5
:102B0000FEFEFEFEFEFEFEFEFF282A2A6F4B2A2A4C
:102B100030337E3AFA014747470C04055B585D5F46
:102B20005D5D56362A2A7DFFFEFEFEFEFEFEFEFE9F
:102B3000FEFEFEFEFEFEFEFEFF97BEBEF2E5BEBE40
:102B4000BEBEC4C2CACDAFE8FFC8AEE6ADADADE60D
:102B5000AED3CBBCBEBE95FFFF97BEBEF2E5BEBEF8
:102B6000BEBEC4C2CA9FFFFFFFFFB0E6ADADADE67B
:102B7000AED3CBBCBEBE95FFFF97BEBEF2E5BEBED8
:102B8000BEBEC4D9FF90D0CBAADDFFFFADADADE690
:102B9000AED3CBBCBEBE95FFFEFEFEFEFEFEFEFE2D
:102BA000FEFEFEFEFEFEFEFEFF97BEBEF2E5BEBED0
:102BB000BEBEC4C2FFFFFFFFFFFFFFFFFFADADE6DC
:102BC000AED3CBBCBEBE95FFFF282A2A6F4B2E2B5F
:102BD000322C17FB225781505C5C5E5E23FB0F8218
:102BE000565D56362A2A7DFFFEFEFEFEFEFEFEFEE6
:102BF000FEFEFEFEFEFEFEFEFF282A2A6F4B2B3154
:102C00002C3E1D0F1E8181545421265C82625D5F23
:102C10005D5D56362A2A7DFFFF282A296E812DFB0D
:102C20000F353C3B515A8015FB23FB0C478822FB98
:102C30001F6050182F2A7DFFFEFEFEFEFEFEFEFEE8
:102C4000FEFEFEFEFEFEFEFEFF282A2A6D3D2A2A1B
:102C500030337E3A02FAFA01030A636066625F5F0C
:102C60005F5F564C2A2A7DFFFEFEFEFEFEFEFEFE44
:102C7000FEFEFEFEFEFEFEFEFF97BEBEBAC7BEBE55
:102C8000BEC7C3C6CECC9BFFDBD1ACD5B4B3B4D5E5
:102C9000ACD1A696BEBE95FFFF97BEBEBAC7BEBE5C
:102CA000BEC7C3C69FFFBC94DBFF8CB0B4B3B4D522
:102CB000ACD1A696BEBE95FFFF97BEBEBAC7BEBE3C
:102CC000BEC7C3C5E7FFE8DD8FFFFFFFB4B3B4D5D0
:102CD000ACD1A696BEBE95FFFEFEFEFEFEFEFEFE3B
:102CE000FEFEFEFEFEFEFEFEFF97BEBEBAC7BEBEE5
:102CF000BEC7C3C6FFFFFFFFFFFFFFFFFFB3B4D593
:102D0000ACD1A696BEBE95FFFF282A2A6D3D2E2B7C
:102D1000382C66880E1A545C5B5B5C1F89881B62CA
:102D20005D5D564C2A2A7DFFFEFEFEFEFEFEFEFE87
:102D3000FEFEFEFEFEFEFEFEFF282A2A6D2E293232
:102D40001C260E0E8A1A57816023256665645F6112
:102D50005F5F564C2A2A7DFFFF282A291B3E2DFB48
:102D600016353C3B515A8015FB150B160DFB0DFB20
:102D70001F5E5C192F2A7DFFFEFEFEFEFEFEFEFE9C
:102D8000FEFEFEFEFEFEFEFEFF282A2A832E2A2AD3
:102D900030323439510301FAFAFA01606662856112
:102DA000615F59182A2A7DFFFEFEFEFEFEFEFEFE32
:102DB000FEFEFEFEFEFEFEFEFF97BEBEAEBEBEBE29
:102DC000BEC5C2CACDA7D6FFA4ABB3B2EBEBEBB284
:102DD000B3ABCA96BEBE95FFFF97BEBEAEBEBEBE2B
:102DE000BEC5C299FF91D4D3D1A5FFDAEBEBEBB20C
:102DF000B3ABCA96BEBE95FFFF97BEBEAEBEBEBE0B
:102E0000BEC5C2CA9A90FFFFFF949FFFEBEBEBB2E7
:102E1000B3ABCA96BEBE95FFFEFEFEFEFEFEFEFEF4
:102E2000FEFEFEFEFEFEFEFEFF97BEBEAEBEBEBEB8
:102E3000BEC5C2CAC0A5A4A0C3B0A3B6ECEBEBB29A
:102E4000B3ABCA96BEBE95FFFF282A2A832E2A2F2F
:102E50003132441C8A88545E5C5C1C88891B626425
:102E60005F5F59182A2A7DFFFEFEFEFEFEFEFEFE73
:102E7000FEFEFEFEFEFEFEFEFF282A2A832B2B31DD
:102E80002C713A1DFB1155555726216964856868D8
:102E9000615F59182A2A7DFFFF282A29653E2D0ED9
:102EA0000F3C3C5151232115FB152510228884FB32
:102EB000135C604C2F2A7DFFFEFEFEFEFEFEFEFE32
:102EC000FEFEFEFEFEFEFEFEFF282A2A582E2A2ABD
:102ED00030384439515A800C0301FA04666486681C
:102EE000686157422A2A7DFFFEFEFEFEFEFEFEFEC0
:102EF000FEFEFEFEFEFEFEFEFF97BEBED0BEBEBEC6
:102F0000BEC4C2C9CCC8FF8CACB3E1EEEEF2EEEEAB
:102F1000E1B39C8FBEBE95FFFF97BEBED0BEBEBEC6
:102F2000BEC4C2DBFF9BA9AEACB3EDFFEEF2EEEE8A
:102F3000E1B39C8FBEBE95FFFF97BEBED0BEBEBEA6
:102F4000BEC4C2C9CCCBB1C4ACB3FFEDEEF2EEEE61
:102F5000E1B39C8FBEBE95FFFEFEFEFEFEFEFEFEB2
:102F6000FEFEFEFEFEFEFEFEFF97BEBED0BEBEBE55
:102F7000BEC4C2C9CCCBA9AEACB3E1EEEEF2EEEE6C
:102F8000E1B39C8FBEBE95FFFF282A2A582E2A2E19
:102F90002940494413FB105E5E5C88891E62836190
:102FA000616157422A2A7DFFFEFEFEFEFEFEFEFE06
:102FB000FEFEFEFEFEFEFEFEFF282A2A582F2B7B79
:102FC00032343E550FFB205163FB716583866A6A7C
:102FD000686157422A2A7DFFFF282A2B597E3A250D
:102FE0008A713C511FFB211FFB1520FB882263FBCC
:102FF0001E6951422E2A7DFFFEFEFEFEFEFEFEFEF3
:10300000FEFEFEFEFEFEFEFEFF282A2A483D2A2E78
:1030100029384405FA078484845A00016983866A42
:103020006A6142352A2A7DFFFEFEFEFEFEFEFEFE9E
:10303000FEFEFEFEFEFEFEFEFF97BEBEC6C5BEBE87
:10304000BEC3C6CED0C0FF92D5B2EEF2F5F5F5F212
:10305000EEB38FDABEBE95FFFF97BEBEC6C5BEBE3D
:10306000BEC3C6DBFF9CD3E6D5DFFFFFF5F5F5F267
:10307000EEB38FDABEBE95FFFF97BEBEC6C5BEBE1D
:10308000BEC3C6C0EA9CD3E6D5A4FFDAF5F5F5F2D7
:10309000EEB38FDABEBE95FFFEFEFEFEFEFEFEFE26
:1030A000FEFEFEFEFEFEFEFEFF97BEBEC6C5BEBE17
:1030B000BEC3C6CED0CFD3E6D5B2EEF2F5F5F5F26B
:1030C000EEB38FDABEBE95FFFF282A2A483D2A2E8E
:1030D0002B2F464A5422FB225E10FB8764858668AC
:1030E000686142352A2A7DFFFEFEFEFEFEFEFEFEE0
:1030F000FEFEFEFEFEFEFEFEFF282A2A483D2F2B86
:103100003132445755888A12718A666285686B6BC2
:103110006A6142352A2A7DFFFF282A2F45333E6007
:10312000880E2511FB75551FFB1F638AFB7160FB21
:103130001E8242472E2A7DFFFEFEFEFEFEFEFEFEA2
:10314000FEFEFEFEFEFEFEFEFF282A2A2A2F312E5C
:103150002B404912FA010C848407FA016585686ADC
:103160006A5C792C2A2A7DFFFEFEFEFEFEFEFEFE34
:10317000FEFEFEFEFEFEFEFEFF97BEBEBEC1BFBE51
:10318000C5C3E5CDA794FF9BB4EBEEF5F8F8F8F5D1
:10319000EEA18EE4BEBE95FFFF97BEBEBEC1BFBE10
:1031A000C5C3E59CFFE8E5ADE2DDFFE9F8F8F8F519
:1031B000EEA18EE4BEBE95FFFF97BEBEBEC1BFBEF0
:1031C000C5C3E59AFFE8CFADA9EAEDF3F8F8F8F545
:1031D000EEA18EE4BEBE95FFFEFEFEFEFEFEFEFEEE
:1031E000FEFEFEFEFEFEFEFEFF97BEBEBEC1BFBEE1
:1031F000C5C3E5CDA7D4D2ADB4EBEEF5F8F8F8F53C
:10320000EEA18EE4BEBE95FFFF282A2A2A2F312A7E
:103210002A3D3D4D505010FB11FB176285686A6ACC
:103220006A5C792C2A2A7DFFFEFEFEFEFEFEFEFE73
:10323000FEFEFEFEFEFEFEFEFF282A2A2A2B382F67
:103240002F464A495771FB1121116664866B6B6BDF
:103250006A5C792C2A2A7DFFFF282A2E29333E39E1
:103260001D221111211A607123711A220F66692320
:103270006F813F342E2A7DFFFEFEFEFEFEFEFEFE27
:10328000FEFEFEFEFEFEFEFEFF282A2A2A313E2E0C
:103290002F40498104FAFA0101FAFA0862866A6B42
:1032A0005F36412A2A2A7DFFFEFEFEFEFEFEFEFE5E
:1032B000FEFEFEFEFEFEFEFEFF97BEBEBEBF9BBE36
:1032C000C5C3E5CDA79DFFB1B3EBF2F5F8F9F8F56D
:1032D000ADBCD7BEBEBE95FFFF97BEBEBEBF9BBEF8
:1032E000C5C3E5CDD8FFFF9FFFFFEDE0F8F9F8F586
:1032F000ADBCD7BEBEBE95FFFF97BEBEBEBF9BBED8
:10330000C5C3E5CDA2FFFFA2FFFFF1F5F8F9F8F57F
:10331000ADBCD7BEBEBE95FFFEFEFEFEFEFEFEFEAF
:10332000FEFEFEFEFEFEFEFEFF97BEBEBEBF9BBEC5
:10333000C5C3E5CDA7D4AEADB3EBF2F5F8F9F8F51A
:10334000ADBCD7BEBEBE95FFFF282A2A2A313E2E2D
:103350003D434352525B5B11260F6285686B6B6B7A
:103360005F36412A2A2A7DFFFEFEFEFEFEFEFEFE9D
:10337000FEFEFEFEFEFEFEFEFF282A2A2A313E2E1B
:103380003D3D455049570FFB880F6664686B6B6B7A
:103390005F36412A2A2A7DFFFF282A2E2B333A3412
:1033A0003E3E3E8181545C5B6669656562838383D2
:1033B0006536412B2E2A7DFFFEFEFEFEFEFEFEFE42
:1033C000FEFEFEFEFEFEFEFEFF282A2A2A2B3934D0
:1033D0002E464A498105040101041D6583686A6817
:1033E0008019332A2A2A7DFFFEFEFEFEFEFEFEFE27
:1033F000FEFEFEFEFEFEFEFEFF97BEBEBEC19CE4CC
:10340000C5C3E5CDD09B94A6B4EBEEF5F8F8F8EE85
:10341000DA8DC0BEBEBE95FFFF97BEBEBEC19CE4A6
:10342000C5C3E5CDD09B9EA2A2DDF3F5F8F8F8EE7A
:10343000DA8DC0BEBEBE95FFFF97BEBEBEC19CE486
:10344000C5C3E5CDD0949EA294AAEEF5F8F8F8EEA7
:10345000DA8DC0BEBEBE95FFFEFEFEFEFEFEFEFE87
:10346000FEFEFEFEFEFEFEFEFF97BEBEBEC19CE45B
:10347000C5C3E5CDD0D4D2ADB4EBEEF5F8F8F8EE97
:10348000DA8DC0BEBEBE95FFFF282A2A2A2B39340A
:103490003D43484B4E4E5982656283866A6B6B6A28
:1034A0008019332A2A2A7DFFFEFEFEFEFEFEFEFE66
:1034B000FEFEFEFEFEFEFEFEFF282A2A2A2B3934DF
:1034C0003D43434D50811A0EFB206983686B6B6A44
:1034D0008019332A2A2A7DFFFF282A2A2E313A39D9
:1034E000332C494A5052825862648385858686858A
:1034F00080192C2F2A2A7DFFFEFEFEFEFEFEFEFE18
:10350000FEFEFEFEFEFEFEFEFF282A2A2A2A2C3C94
:10351000342F45504A54545E5E6665648668683B45
:103520003F3B2A2A2A2A7DFFFEFEFEFEFEFEFEFE0D
:10353000FEFEFEFEFEFEFEFEFF97BEBEBEBEE49297
:10354000E4C4C6CED0CFD3E6D5B2EEF2F5F5EED9CF
:103550008ED9BEBEBEBE95FFFF97BEBEBEBEE49274
:10356000E4C4C6CED0CFD3E6D5B2EEF2F5F5EED9AF
:103570008ED9BEBEBEBE95FFFF97BEBEBEBEE49254
:10358000E4C4C6CED0CFD3E6D5B2EEF2F5F5EED98F
:103590008ED9BEBEBEBE95FFFEFEFEFEFEFEFEFE48
:1035A000FEFEFEFEFEFEFEFEFF97BEBEBEBEE49227
:1035B000E4C4C6CED0CFD3E6D5B2EEF2F5F5EED95F
:1035C0008ED9BEBEBEBE95FFFF282A2A2A2A2C3CD1
:1035D0002C43484E4F585862648361686A6B6A3B5B
:1035E0003F3B2A2A2A2A7DFFFEFEFEFEFEFEFEFE4D
:1035F000FEFEFEFEFEFEFEFEFF282A2A2A2A2C3CA4
:103600002C4348484D505E13FB1C6285686B6A3B37
:103610003F3B2A2A2A2A7DFFFF282A2A2A2E2C35D8
:103620003E40464D524F565D5D5F6168686A683C3A
:103630003F3B2E2E2A2A7DFFFEFEFEFEFEFEFEFEF4
:10364000FEFEFEFEFEFEFEFEFF282A2A2A2A2A3958
:10365000473E454D4D4D5B5B59656485865D803FBA
:10366000352A2A2A2A2A7DFFFEFEFEFEFEFEFEFEE7
:10367000FEFEFEFEFEFEFEFEFF97BEBEBEBEBEDC32
:10368000E99BC3C9CCCBA9AEACB3E1EEEEADDA8E0B
:1036900092BEBEBEBEBE95FFFF97BEBEBEBEBEDC26
:1036A000E99BC3C9CCCBA9AEACB3E1EEEEADDA8EEB
:1036B00092BEBEBEBEBE95FFFF97BEBEBEBEBEDC06
:1036C000E99BC3C9CCCBA9AEACB3E1EEEEADDA8ECB
:1036D00092BEBEBEBEBE95FFFEFEFEFEFEFEFEFE1E
:1036E000FEFEFEFEFEFEFEFEFF97BEBEBEBEBEDCC2
:1036F000E99BC3C9CCCBA9AEACB3E1EEEEADDA8E9B
:1037000092BEBEBEBEBE95FFFF282A2A2A2A2A39AB
:10371000477E434E4F53565D5D5F61686A5F803FF1
:10372000352A2A2A2A2A7DFFFEFEFEFEFEFEFEFE26
:10373000FEFEFEFEFEFEFEFEFF282A2A2A2A2A3967
:10374000477E434B4B525B5B22826485685F803FC0
:10375000352A2A2A2A2A7DFFFF282A2A2A2A2E3AAF
:10376000473E3D4B4F53565D5F6168686A5F803FDF
:10377000352E2E2A2A2A7DFFFEFEFEFEFEFEFEFECE
:10378000FEFEFEFEFEFEFEFEFF282A2A2A2A2A2A26
:10379000394235404B4E4E8258645F5F5E18193B8C
:1037A0002A2A2A2A2A2A7DFFFEFEFEFEFEFEFEFEB1
:1037B000FEFEFEFEFEFEFEFEFF97BEBEBEBEBEBE0F
:1037C0009CD692C1CDA7D4D3D1ABB3B3A1968DD99A
:1037D000BEBEBEBEBEBE95FFFF97BEBEBEBEBEBED7
:1037E0009CD692C1CDA7D4D3D1ABB3B3A1968DD97A
:1037F000BEBEBEBEBEBE95FFFF97BEBEBEBEBEBEB7
:103800009CD692C1CDA7D4D3D1ABB3B3A1968DD959
:10381000BEBEBEBEBEBE95FFFEFEFEFEFEFEFEFEB0
:10382000FEFEFEFEFEFEFEFEFF97BEBEBEBEBEBE9E
:103830009CD692C1CDA7D4D3D1ABB3B3A1968DD929
:10384000BEBEBEBEBEBE95FFFF282A2A2A2A2A2A4D
:1038500039423C464F53565D5F5F61615C18193BCE
:103860002A2A2A2A2A2A7DFFFEFEFEFEFEFEFEFEF0
:10387000FEFEFEFEFEFEFEFEFF282A2A2A2A2A2A35
:1038800039423C7F4B4E4E828262835F5E18193B09
:103890002A2A2A2A2A2A7DFFFF282A2A2A2A2A2A8D
:1038A00039423C464F53565D5F6161615C18193B7C
:1038B0002A2A2A2A2A2A7DFFFEFEFEFEFEFEFEFEA0
:1038C000FEFEFEFEFEFEFEFEFF282A2A2A2A2A2AE5
:1038D0002A32411941394D4F585B554C7941332AB1
:1038E0002A2A2A2A2A2A7DFFFEFEFEFEFEFEFEFE70
:1038F000FEFEFEFEFEFEFEFEFF97BEBEBEBEBEBECE
:10390000BE98D7BBD799C2A7A7C294968ED7C0BE80
:10391000BEBEBEBEBEBE95FFFF97BEBEBEBEBEBE95
:10392000BE98D7BBD799C2A7A7C294968ED7C0BE60
:10393000BEBEBEBEBEBE95FFFF97BEBEBEBEBEBE75
:10394000BE98D7BBD799C2A7A7C294968ED7C0BE40
:10395000BEBEBEBEBEBE95FFFEFEFEFEFEFEFEFE6F
:10396000FEFEFEFEFEFEFEFEFF97BEBEBEBEBEBE5D
:10397000BE98D7BBD799C2A7A7C294968ED7C0BE10
:10398000BEBEBEBEBEBE95FFFF282A2A2A2A2A2A0C
:103990002A324119413E5253565B554C7941332AE4
:1039A0002A2A2A2A2A2A7DFFFEFEFEFEFEFEFEFEAF
:1039B000FEFEFEFEFEFEFEFEFF282A2A2A2A2A2AF4
:1039C0002A32411941394D4F595C514C7941332AC2
:1039D0002A2A2A2A2A2A7DFFFF282A2A2A2A2A2A4C
:1039E0002A324119413E5253565B554C7941332A94
:1039F0002A2A2A2A2A2A7DFFFEFEFEFEFEFEFEFE5F
:103A0000FEFEFEFEFEFEFEFEFF282A2A2A2A2A2AA3
:103A10002A2A2A333542187D7D1842352C2A2A2A33
:103A20002A2A2A2A2A2A7DFFFEFEFEFEFEFEFEFE2E
:103A3000FEFEFEFEFEFEFEFEFF97BEBEBEBEBEBE8C
:103A4000BEBEBEC0DAD696959596D6DAE4BEBEBEA8
:103A5000BEBEBEBEBEBE95FFFF97BEBEBEBEBEBE54
:103A6000BEBEBEC0DAD696959596D6DAE4BEBEBE88
:103A7000BEBEBEBEBEBE95FFFF97BEBEBEBEBEBE34
:103A8000BEBEBEC0DAD696959596D6DAE4BEBEBE68
:103A9000BEBEBEBEBEBE95FFFEFEFEFEFEFEFEFE2E
:103AA000FEFEFEFEFEFEFEFEFF97BEBEBEBEBEBE1C
:103AB000BEBEBEC0DAD696959596D6DAE4BEBEBE38
:103AC000BEBEBEBEBEBE95FFFF282A2A2A2A2A2ACB
:103AD0002A2A2A333542187D7D1842352C2A2A2A73
:103AE0002A2A2A2A2A2A7DFFFEFEFEFEFEFEFEFE6E
:103AF000FEFEFEFEFEFEFEFEFF282A2A2A2A2A2AB3
:103B00002A2A2A3335421879791842352C2A2A2A4A
:103B10002A2A2A2A2A2A7DFFFF282A2A2A2A2A2A0A
:103B20002A2A2A333542187D7D1842352C2A2A2A22
:103B30002A2A2A2A2A2A7DFFFEFEFEFEFEFEFEFE1D
:103B4000FEFEFEFEFEFEFEFEFF282A2A2A2A2A2A62
:103B50002A2A2A2A2A2A2A2A2A2A2A2A2A2A2A2AC5
:103B60002A2A2A2A2A2A7DFFFEFEFEFEFEFEFEFEED
:103B7000FEFEFEFEFEFEFEFEFF97BEBEBEBEBEBE4B
:103B8000BEBEBEBEBEBEBEBEBEBEBEBEBEBEBEBE55
:103B9000BEBEBEBEBEBE95FFFF97BEBEBEBEBEBE13
:103BA000BEBEBEBEBEBEBEBEBEBEBEBEBEBEBEBE35
:103BB000BEBEBEBEBEBE95FFFF97BEBEBEBEBEBEF3
:103BC000BEBEBEBEBEBEBEBEBEBEBEBEBEBEBEBE15
:103BD000BEBEBEBEBEBE95FFFEFEFEFEFEFEFEFEED
:103BE000FEFEFEFEFEFEFEFEFF97BEBEBEBEBEBEDB
:103BF000BEBEBEBEBEBEBEBEBEBEBEBEBEBEBEBEE5
:103C0000BEBEBEBEBEBE95FFFF282A2A2A2A2A2A89
:103C10002A2A2A2A2A2A2A2A2A2A2A2A2A2A2A2A04
:103C20002A2A2A2A2A2A7DFFFEFEFEFEFEFEFEFE2C
:103C3000FEFEFEFEFEFEFEFEFF282A2A2A2A2A2A71
:103C40002A2A2A2A2A2A2A2E2E2E2A2A2A2A2A2AC8
:103C50002A2A2A2A2A2A7DFFFF282A2A2A2A2A2AC9
:103C60002A2A2A2A2A2A2A2A2A2A2A2A2A2A2A2AB4
:103C70002A2A2A2A2A2A7DFFFEFEFEFEFEFEFEFEDC
:103C8000FEFEFEFEFEFEFEFEFFFF762A2A2A2A2AFE
:103C90002A2A2A2A2A2A2A2A2A2A2A2A2A2A2A2A84
:103CA0002A2A2A2A2A78FFFFFEFEFEFEFEFEFEFEDC
:103CB000FEFEFEFEFEFEFEFEFFFFD9BEBEBEBEBE87
:103CC000BEBEBEBEBEBEBEBEBEBEBEBEBEBEBEBE14
:103CD000BEBEBEBEBED8FFFFFFFFD9BEBEBEBEBECB
:103CE000BEBEBEBEBEBEBEBEBEBEBEBEBEBEBEBEF4
:103CF000BEBEBEBEBED8FFFFFFFFD9BEBEBEBEBEAB
:103D0000BEBEBEBEBEBEBEBEBEBEBEBEBEBEBEBED3
:103D1000BEBEBEBEBED8FFFFFEFEFEFEFEFEFEFE27
:103D2000FEFEFEFEFEFEFEFEFFFFD9BEBEBEBEBE16
:103D3000BEBEBEBEBEBEBEBEBEBEBEBEBEBEBEBEA3
:103D4000BEBEBEBEBED8FFFFFFFF762A2A2A2A2AA1
:103D50002A2A2A2A2A2A2A2A2A2A2A2A2A2A2A2AC3
:103D60002A2A2A2A2A78FFFFFEFEFEFEFEFEFEFE1B
:103D7000FEFEFEFEFEFEFEFEFFFF762A2A2A2A2A0D
:103D80002A2A2A2A2A2A2A2A2A2A2A2A2A2A2A2A93
:103D90002A2A2A2A2A78FFFFFFFF762A2A2A2A2A95
:103DA0002A2A2A2A2A2A2A2A2A2A2A2A2A2A2A2A73
:103DB0002A2A2A2A2A78FFFFFEFEFEFEFEFEFEFECB
:103DC000FEFEFEFEFEFEFEFEFFFFFF7D7D7D7D7D95
:103DD0007D7D7D7D7D7D7D7D7D7D7D7D7D7D7D7D13
:103DE0007D7D7D7D7DFFFFFFFEFEFEFEFEFEFEFE75
:103DF000FEFEFEFEFEFEFEFEFFFFFF9595959595ED
:103E00009595959595959595959595959595959562
:103E10009595959595FFFFFFFFFFFF9595959595D6
:103E20009595959595959595959595959595959542
:103E30009595959595FFFFFFFFFFFF9595959595B6
:103E40009595959595959595959595959595959522
:103E50009595959595FFFFFFFEFEFEFEFEFEFEFE8C
:103E6000FEFEFEFEFEFEFEFEFFFFFF95959595957C
:103E700095959595959595959595959595959595F2
:103E80009595959595FFFFFFFFFFFF7D7D7D7D7DDE
:103E90007D7D7D7D7D7D7D7D7D7D7D7D7D7D7D7D52
:103EA0007D7D7D7D7DFFFFFFFEFEFEFEFEFEFEFEB4
:103EB000FEFEFEFEFEFEFEFEFFFFFF7D7D7D7D7DA4
:103EC0007D7D7D7D7D7D7D7D7D7D7D7D7D7D7D7D22
:103ED0007D7D7D7D7DFFFFFFFFFFFF7D7D7D7D7D06
:103EE0007D7D7D7D7D7D7D7D7D7D7D7D7D7D7D7D02
:103EF0007D7D7D7D7DFFFFFFFEFEFEFEFEFEFEFE64
:103F0000FEFEFEFEFEFEFEFEFFFFFFFFFFFFFFFFC9
:103F1000FFFFFFFFFFFFFFFFFFFFFFFFFFFFFFFFB1
:103F2000FFFFFFFFFFFFFFFFFEFEFEFEFEFEFEFEA9
:103F3000FEFEFEFEFEFEFEFEFFFFFFFFFFFFFFFF99
:103F4000FFFFFFFFFFFFFFFFFFFFFFFFFFFFFFFF81
:103F5000FFFFFFFFFFFFFFFFFFFFFFFFFFFFFFFF71
:103F6000FFFFFFFFFFFFFFFFFFFFFFFFFFFFFFFF61
:103F7000FFFFFFFFFFFFFFFFFFFFFFFFFFFFFFFF51
:103F8000FFFFFFFFFFFFFFFFFFFFFFFFFFFFFFFF41
:103F9000FFFFFFFFFFFFFFFFFEFEFEFEFEFEFEFE39
:103FA000FEFEFEFEFEFEFEFEFFFFFFFFFFFFFFFF29
:103FB000FFFFFFFFFFFFFFFFFFFFFFFFFFFFFFFF11
:103FC000FFFFFFFFFFFFFFFFFFFFFFFFFFFFFFFF01
:103FD000FFFFFFFFFFFFFFFFFFFFFFFFFFFFFFFFF1
:103FE000FFFFFFFFFFFFFFFFFEFEFEFEFEFEFEFEE9
:103FF000FEFEFEFEFEFEFEFEFFFFFFFFFFFFFFFFD9
:10400000FFFFFFFFFFFFFFFFFFFFFFFFFFFFFFFFC0
:10401000FFFFFFFFFFFFFFFFFFFFFFFFFFFFFFFFB0
:10402000FFFFFFFFFFFFFFFFFFFFFFFFFFFFFFFFA0
:10403000FFFFFFFFFFFFFFFFFEFEFEFEFEFEFEFE98
:10404000FEFEFEFEFEFEFEFEFFFFFFFFFFFFFFFF88
:10405000FFFFFFFFFFFFFFFFFFFFFFFFFFFFFFFF70
:10406000FFFFFFFFFFFFFFFFFEFEFEFEFEFEFEFE68
:10407000FEFEFEFEFEFEFEFEFFFFFFFFFFFFFFFF58
:10408000FFFFFFFFFFFFFFFFFFFFFFFFFFFFFFFF40
:10409000FFFFFFFFFFFFFFFFFFFFFFFFFFFFFFFF30
:1040A000FFFFFFFFFFFFFFFFFFFFFFFFFFFFFFFF20
:1040B000FFFFFFFFFFFFFFFFFFFFFFFFFFFFFFFF10
:1040C000FFFFFFFFFFFFFFFFFFFFFFFFFFFFFFFF00
:1040D000FFFFFFFFFFFFFFFFFEFEFEFEFEFEFEFEF8
:1040E000FEFEFEFEFEFEFEFEFFFFFFFFFFFFFFFFE8
:1040F000FFFFFFFFFFFFFFFFFFFFFFFFFFFFFFFFD0
:10410000FFFFFFFFFFFFFFFFFFFFFFFFFFFFFFFFBF
:10411000FFFFFFFFFFFFFFFFFFFFFFFFFFFFFFFFAF
:10412000FFFFFFFFFFFFFFFFFEFEFEFEFEFEFEFEA7
:10413000FEFEFEFEFEFEFEFEFFFFFFFFFFFFFFFF97
:10414000FFFFFFFFFFFFFFFFFFFFFFFFFFFFFFFF7F
:10415000FFFFFFFFFFFFFFFFFFFFFFFFFFFFFFFF6F
:10416000FFFFFFFFFFFFFFFFFFFFFFFFFFFFFFFF5F
:10417000FFFFFFFFFFFFFFFFFEFEFEFEFEFEFEFE57
:10418000FEFEFEFEFEFEFEFEFFFFFF28282828287A
:10419000282828282828282828282828282828289F
:1041A0002828282828FFFFFFFEFEFEFEFEFEFEFE5A
:1041B000FEFEFEFEFEFEFEFEFFFFFF97979797971F
:1041C000979797979797979797979797979797977F
:1041D0009797979797FFFFFFFFFFFF9797979797FF
:1041E000979797979797979797979797979797975F
:1041F0009797979797FFFFFFFFFFFF9797979797DF
:10420000979797979797979797979797979797973E
:104210009797979797FFFFFFFEFEFEFEFEFEFEFEBE
:10422000FEFEFEFEFEFEFEFEFFFFFF9797979797AE
:10423000979797979797979797979797979797970E
:104240009797979797FFFFFFFFFFFF2828282828B9
:1042500028282828282828282828282828282828DE
:104260002828282828FFFFFFFEFEFEFEFEFEFEFE99
:10427000FEFEFEFEFEFEFEFEFFFFFF282828282889
:1042800028282828282828282828282828282828AE
:104290002828282828FFFFFFFFFFFF282828282894
:1042A000282828282828282828282828282828288E
:1042B0002828282828FFFFFFFEFEFEFEFEFEFEFE49
:1042C000FEFEFEFEFEFEFEFEFFFF772A2A2A2A2AB7
:1042D0002A2A2A2A2A2A2A2A2A2A2A2A2A2A2A2A3E
:1042E0002A2A2A2A2A76FFFFFEFEFEFEFEFEFEFE98
:1042F000FEFEFEFEFEFEFEFEFFFFBDBEBEBEBEBE5D
:10430000BEBEBEBEBEBEBEBEBEBEBEBEBEBEBEBECD
:10431000BEBEBEBEBED9FFFFFFFFBDBEBEBEBEBE9F
:10432000BEBEBEBEBEBEBEBEBEBEBEBEBEBEBEBEAD
:10433000BEBEBEBEBED9FFFFFFFFBDBEBEBEBEBE7F
:10434000BEBEBEBEBEBEBEBEBEBEBEBEBEBEBEBE8D
:10435000BEBEBEBEBED9FFFFFEFEFEFEFEFEFEFEE0
:10436000FEFEFEFEFEFEFEFEFFFFBDBEBEBEBEBEEC
:10437000BEBEBEBEBEBEBEBEBEBEBEBEBEBEBEBE5D
:10438000BEBEBEBEBED9FFFFFFFF772A2A2A2A2A59
:104390002A2A2A2A2A2A2A2A2A2A2A2A2A2A2A2A7D
:1043A0002A2A2A2A2A76FFFFFEFEFEFEFEFEFEFED7
:1043B000FEFEFEFEFEFEFEFEFFFF772A2A2A2A2AC6
:1043C0002A2A2A2A2A2A2A2A2A2A2A2A2A2A2A2A4D
:1043D0002A2A2A2A2A76FFFFFFFF772A2A2A2A2A50
:1043E0002A2A2A2A2A2A2A2A2A2A2A2A2A2A2A2A2D
:1043F0002A2A2A2A2A76FFFFFEFEFEFEFEFEFEFE87
:10440000FEFEFEFEFEFEFEFEFF282A2A2A2A2A2A99
:104410002A2A2A2A2A2A2A2A2A2A2A2A2A2A2A2AFC
:104420002A2A2A2A2A2A7DFFFEFEFEFEFEFEFEFE24
:10443000FEFEFEFEFEFEFEFEFF97BEBEBEBEBEBE82
:10444000BEBEBEBEBEBEBEBEBEBEBEBEBEBEBEBE8C
:10445000BEBEBEBEBEBE95FFFF97BEBEBEBEBEBE4A
:10446000BEBEBEBEBEBEBEBEBEBEBEBEBEBEBEBE6C
:10447000BEBEBEBEBEBE95FFFF97BEBEBEBEBEBE2A
:10448000BEBEBEBEBEBEBEBEBEBEBEBEBEBEBEBE4C
:10449000BEBEBEBEBEBE95FFFEFEFEFEFEFEFEFE24
:1044A000FEFEFEFEFEFEFEFEFF97BEBEBEBEBEBE12
:1044B000BEBEBEBEBEBEBEBEBEBEBEBEBEBEBEBE1C
:1044C000BEBEBEBEBEBE95FFFF282A2A2A2A2A2AC1
:1044D0002A2A2A2A2A2A2A2A2A2A2A2A2A2A2A2A3C
:1044E0002A2A2A2A2A2A7DFFFEFEFEFEFEFEFEFE64
:1044F000FEFEFEFEFEFEFEFEFF282A2A2A2A2A2AA9
:104500002A2A2A2A2A2A2A2A2A2A2A2A2A2A2A2A0B
:104510002A2A2A2A2A2A7DFFFF282A2A2A2A2A2A00
:104520002A2A2A2A2A2A2A2A2A2A2A2A2A2A2A2AEB
:104530002A2A2A2A2A2A7DFFFEFEFEFEFEFEFEFE13
:10454000FEFEFEFEFEFEFEFEFF282A2A2A2A2A2A58
:104550002A2A2A58707273737372876D4E2A2A2A18
:104560002A2A2A2A2A2A7DFFFEFEFEFEFEFEFEFEE3
:10457000FEFEFEFEFEFEFEFEFF97BEBEBEBEBEBE41
:10458000BEBEBED0FBFBFBFBFBFBFBB9CEBEBEBE83
:10459000BEBEBEBEBEBE95FFFF97BEBEBEBEBEBE09
:1045A000BEBEBED0FBFBFBFBFBFBFBB9CEBEBEBE63
:1045B000BEBEBEBEBEBE95FFFF97BEBEBEBEBEBEE9
:1045C000BEBEBED0FBFBFBFBFBFBFBB9CEBEBEBE43
:1045D000BEBEBEBEBEBE95FFFEFEFEFEFEFEFEFEE3
:1045E000FEFEFEFEFEFEFEFEFF97BEBEBEBEBEBED1
:1045F000BEBEBED0FBFBFBFBFBFBFBB9CEBEBEBE13
:10460000BEBEBEBEBEBE95FFFF282A2A2A2A2A2A7F
:104610002A2A2A58707273737372876D4E2A2A2A57
:104620002A2A2A2A2A2A7DFFFEFEFEFEFEFEFEFE22
:10463000FEFEFEFEFEFEFEFEFF282A2A2A2A2A2A67
:104640002A2A2A58707273737372876D4E2A2A2A27
:104650002A2A2A2A2A2A7DFFFF282A2A2A2A2A2ABF
:104660002A2A2A58707273737372876D4E2A2A2A07
:104670002A2A2A2A2A2A7DFFFEFEFEFEFEFEFEFED2
:10468000FEFEFEFEFEFEFEFEFF282A2A2A2A2A2A17
:104690002A5872747370644E48588570876D482A22
:1046A0002A2A2A2A2A2A7DFFFEFEFEFEFEFEFEFEA2
:1046B000FEFEFEFEFEFEFEFEFF97BEBEBEBEBEBE00
:1046C000BED0FBFBFBF9E0C9C6D0B8FBFBE3C2BE22
:1046D000BEBEBEBEBEBE95FFFF97BEBEBEBEBEBEC8
:1046E000BED0FBFBFBF9E0C9C6D0B8FBFBE3C2BE02
:1046F000BEBEBEBEBEBE95FFFF97BEBEBEBEBEBEA8
:10470000BED0FBFBFBF9E0C9C6D0B8FBFBE3C2BEE1
:10471000BEBEBEBEBEBE95FFFEFEFEFEFEFEFEFEA1
:10472000FEFEFEFEFEFEFEFEFF97BEBEBEBEBEBE8F
:10473000BED0FBFBFBF9E0C9C6D0B8FBFBE3C2BEB1
:10474000BEBEBEBEBEBE95FFFF282A2A2A2A2A2A3E
:104750002A5872747370644E48588570876D482A61
:104760002A2A2A2A2A2A7DFFFEFEFEFEFEFEFEFEE1
:10477000FEFEFEFEFEFEFEFEFF282A2A2A2A2A2E22
:104780002E4F72747370644E484F8570876D482A3F
:104790002A2A2A2A2A2A7DFFFF282A2A2A2A2A2A7E
:1047A0002A5872747370644E48588570876D482A11
:1047B0002A2A2A2A2A2A7DFFFEFEFEFEFEFEFEFE91
:1047C000FEFEFEFEFEFEFEFEFF282A2A2A2A2A2AD6
:1047D0006D7473833D2A2A2A2A2A2A2A4B836D4E16
:1047E0002A2A2A2A2A2A7DFFFEFEFEFEFEFEFEFE61
:1047F000FEFEFEFEFEFEFEFEFF97BEBEBEBEBEBEBF
:10480000BAFBFBE2C7BEBEBEBEBEBEBEE5E2E3CEA5
:10481000BEBEBEBEBEBE95FFFF97BEBEBEBEBEBE86
:10482000BAFBFBE2C7BEBEBEBEBEBEBEE5E2E3CE85
:10483000BEBEBEBEBEBE95FFFF97BEBEBEBEBEBE66
:10484000BAFBFBE2C7BEBEBEBEBEBEBEE5E2E3CE65
:10485000BEBEBEBEBEBE95FFFEFEFEFEFEFEFEFE60
:10486000FEFEFEFEFEFEFEFEFF97BEBEBEBEBEBE4E
:10487000BAFBFBE2C7BEBEBEBEBEBEBEE5E2E3CE35
:10488000BEBEBEBEBEBE95FFFF282A2A2A2A2A2AFD
:104890006D7473832E2E2E2F2F2F2E2E4B836D4E45
:1048A0002A2A2A2A2A2A7DFFFEFEFEFEFEFEFEFEA0
:1048B000FEFEFEFEFEFEFEFEFF282A2A2A2A2E2FDC
:1048C0006E747262317B292B2B2B292943646D4E28
:1048D0002A2A2A2A2A2A7DFFFF282A2A2A2A2A2A3D
:1048E0006D7473833D2A2A2A2A2A2A2A4B836D4E05
:1048F0002A2A2A2A2A2A7DFFFEFEFEFEFEFEFEFE50
:10490000FEFEFEFEFEFEFEFEFF282A2A2A2A2A704E
:104910007487432E2F2E2E2E2E2E2E2E2E2E4F58B7
:104920003D2A2A2A2A2A7DFFFEFEFEFEFEFEFEFE0C
:10493000FEFEFEFEFEFEFEFEFF97BEBEBEBEBEF843
:10494000FBFBC3BEBEBEBEBEBEBEBEBEBEC7CCA708
:10495000C5BEBEBEBEBE95FFFF97BEBEBEBEBEF804
:10496000FBFBC3BEBEBEBEBEBEBEBEBEBEC7CCA7E8
:10497000C5BEBEBEBEBE95FFFF97BEBEBEBEBEF8E4
:10498000FBFBC3BEBEBEBEBEBEBEBEBEBEC7CCA7C8
:10499000C5BEBEBEBEBE95FFFEFEFEFEFEFEFEFE18
:1049A000FEFEFEFEFEFEFEFEFF97BEBEBEBEBEF8D3
:1049B000FBFBC3BEBEBEBEBEBEBEBEBEBEC7CCA798
:1049C000C5BEBEBEBEBE95FFFF282A2A2A2A2A706F
:1049D0007487432A2E2B2B293131292B2F2E4F5808
:1049E0003D2A2A2A2A2A7DFFFEFEFEFEFEFEFEFE4C
:1049F000FEFEFEFEFEFEFEFEFF282A2A2A2E2F6F56
:104A0000736F49342C2C323232323232317B4E5871
:104A10003D2A2A2A2A2A7DFFFF282A2A2A2E2E709A
:104A20007487432E2E2E2E2E2E2E2E2E2E2E4F58A7
:104A30003D2E2A2A2A2A7DFFFEFEFEFEFEFEFEFEF7
:104A4000FEFEFEFEFEFEFEFEFF282A2A2A2E8673AA
:104A50006F313832323238317B292B2B2F2F2F4EAA
:104A60002E312E2A2A2A7DFFFEFEFEFEFEFEFEFECF
:104A7000FEFEFEFEFEFEFEFEFF97BEBEBEBEB3FB0A
:104A8000F8C7BEBEBEBEBEBEBEBEBEBEC7C7C5A305
:104A9000C7BFBEBEBEBE95FFFF97BEBEBEBEB3FBC8
:104AA000F8C7BEBEBEBEBEBEBEBEBEBEC7C7C5A3E5
:104AB000C7BFBEBEBEBE95FFFF97BEBEBEBEB3FBA8
:104AC000F8C7BEBEBEBEBEBEBEBEBEBEC7C7C5A3C5
:104AD000C7BFBEBEBEBE95FFFEFEFEFEFEFEFEFED4
:104AE000FEFEFEFEFEFEFEFEFF97BEBEBEBEB3FB9A
:104AF000F8C7BEBEBEBEBEBEBEBEBEBEC7C7C5A395
:104B0000C7BFBEBEBEBE95FFFF282A2A2A2A8674CA
:104B1000703D2A2E2F2931323232387B2F2E2A4EE9
:104B20003D312A2A2A2A7DFFFEFEFEFEFEFEFEFE03
:104B3000FEFEFEFEFEFEFEFEFF282A2A2A2F6E73D0
:104B40006E3E393A393E7E34343434343331304E6B
:104B50003D312A2A2A2A7DFFFF282A2A2E2F6E730A
:104B60006F31383831312929292B2B2B2F2F2F4EFC
:104B70002F382E2E2A2A7DFFFEFEFEFEFEFEFEFEB2
:104B8000FEFEFEFEFEFEFEFEFF282A2A2E4E73705B
:104B9000322C3434342C2C33323240407F7F7F46E9
:104BA0005239302A2A2A7DFFFEFEFEFEFEFEFEFE60
:104BB000FEFEFEFEFEFEFEFEFF97BEBEBEA3FBFB9C
:104BC000C7BEBEBEBEBEBEBEE4DA98C3C3C3C3C4C6
:104BD000CE99C1BEBEBE95FFFF97BEBEBEA3FBFB76
:104BE000C7BEBEBEBF99999999999BBFC3C3C3C4A1
:104BF000CE99C1BEBEBE95FFFF97BEBEBEA3FBFB56
:104C0000C7BEBEBEBEBED9DADAD9C4C3C3C3C3C42D
:104C1000CE99C1BEBEBE95FFFEFEFEFEFEFEFEFEAE
:104C2000FEFEFEFEFEFEFEFEFF97BEBEBEA3FBFB2B
:104C3000C7BEBEBEBEBEBEBEC5C5C4C3C3C3C3C45D
:104C4000CE99C1BEBEBE95FFFF282A2A2A4F737097
:104C50003D2A2A2E2B31322C2C2C387F45434343BE
:104C60004E3E2B2A2A2A7DFFFEFEFEFEFEFEFEFEA3
:104C7000FEFEFEFEFEFEFEFEFF282A2A2A4E726F70
:104C80003E2D2025213B2D3A39390F112C382F3D4F
:104C90004E3E2B2A2A2A7DFFFF282A2E2F52726F82
:104CA0002C3434342C2C33333332407F464640404E
:104CB0004D39312F2A2A7DFFFEFEFEFEFEFEFEFE4E
:104CC000FEFEFEFEFEFEFEFEFF282A2A2E7087381C
:104CD000343E3939393E3E344444444949494A46D0
:104CE00046312D2E2A2A7DFFFEFEFEFEFEFEFEFE32
:104CF000FEFEFEFEFEFEFEFEFF97BEBEBEFBFBC33B
:104D0000BEBEBEBEBEBEC5C1E7FF9BC6E5E5E5C6ED
:104D1000C2C194BEBEBE95FFFF97BEBEBEFBFBC325
:104D2000BEBEBEBE99FFFFFFFFFFFF92E5E5E5C6F1
:104D3000C2C194BEBEBE95FFFF97BEBEBEFBFBC305
:104D4000BEBEBEBEBF93FFFFFFFF93C5E5E5E5C650
:104D5000C2C194BEBEBE95FFFEFEFEFEFEFEFEFE7E
:104D6000FEFEFEFEFEFEFEFEFF97BEBEBEFBFBC3CA
:104D7000BEBEBEBEBEBEC5C4C3C2C6C6E5E5E5C6B0
:104D8000C2C194BEBEBE95FFFF282A2A2A70724374
:104D90002A2A2A2E2B323323FBFB384643484B4822
:104DA000482F2D2A2A2A7DFFFEFEFEFEFEFEFEFE75
:104DB000FEFEFEFEFEFEFEFEFF282A2A2E70877EE5
:104DC0002D10FB88FB88353B3B1DFB0F444A3D48BB
:104DD000482F2D2A2A2A7DFFFF282A2E296F874453
:104DE0003E39393939393E3E3E4449494A4A4949B2
:104DF00049333B2B2E2A7DFFFEFEFEFEFEFEFEFE0D
:104E0000FEFEFEFEFEFEFEFEFF282A2A4E87657E7F
:104E10001D1F1F1F1F1F133913713E818181131B1B
:104E2000454D35312A2A7DFFFEFEFEFEFEFEFEFECA
:104E3000FEFEFEFEFEFEFEFEFF97BEBECEFBE2BE07
:104E4000BEBEBEBEBEC5C39EFFFFE4CECDCDCDCEA1
:104E5000C9C9DABFBEBE95FFFF97BEBECEFBE2BE9C
:104E6000BEBEBEBEDAFFE99292DDDDC0CDCDCDCEB5
:104E7000C9C9DABFBEBE95FFFF97BEBECEFBE2BE7C
:104E8000BEBEBEBED6FF9DC09B91FFDDCDCDCDCEBB
:104E9000C9C9DABFBEBE95FFFEFEFEFEFEFEFEFEE7
:104EA000FEFEFEFEFEFEFEFEFF97BEBECEFBE2BE97
:104EB000BEBEBEBEBEC5C3C2C6CAC9CECDCDCDCE96
:104EC000C9C9DABFBEBE95FFFF282A2A4E72832ABF
:104ED0002E2E2F303133440F0B0B49504D4B4E4E7D
:104EE0004E4E35312A2A7DFFFEFEFEFEFEFEFEFE00
:104EF000FEFEFEFEFEFEFEFEFF282A2A4E876539D4
:104F00003BFB254117FB208035258A1A49454B4E2E
:104F10004E4E35312A2A7DFFFF282A2F4D1E6671FD
:104F20001F1F1F1F3B3B3B601F713E8181811C1374
:104F3000665447332E2A7DFFFEFEFEFEFEFEFEFE79
:104F4000FEFEFEFEFEFEFEFEFF282A2A851E3439E6
:104F50000FFBFBFBFBFBFB5523FB71555517FB1EA2
:104F60004D483A2D2A2A7DFFFEFEFEFEFEFEFEFE85
:104F7000FEFEFEFEFEFEFEFEFF97BEBEB7FBC7BEF8
:104F8000BEBEBEBEC5C3D9FFE7FF98D0A7A7D0D08D
:104F9000CCCDDC94BEBE95FFFF97BEBEB7FBC7BEAF
:104FA000BEBEBEBEA2FFC0E5C9CDCCD0A7A7D0D0A3
:104FB000CCCDDC94BEBE95FFFF97BEBEB7FBC7BE8F
:104FC000BEBEBE9BFF96C5E5C9C0FFEAA7A7D0D06D
:104FD000CCCDDC94BEBE95FFFEFEFEFEFEFEFEFEC8
:104FE000FEFEFEFEFEFEFEFEFF97BEBEB7FBC7BE88
:104FF000BEBEBEBEC5C3C6E5C9CDCCD0A7A7D0D066
:10500000CCCDDC94BEBE95FFFF282A2A85873D2E95
:105010002F2B7B3233447E1F222249504D524E4F5C
:105020004F4F3A2D2A2A7DFFFEFEFEFEFEFEFEFEBB
:10503000FEFEFEFEFEFEFEFEFF282A2A858734398C
:105040001FFB214215FB174715FB0F57544D4E4FC1
:105050004F4F3A2D2A2A7DFFFF282A2B64133A75D9
:10506000FBFBFBFBFB258015FBFB1255555711FB8A
:1050700013493B3B2E2A7DFFFEFEFEFEFEFEFEFE9A
:10508000FEFEFEFEFEFEFEFEFF282A2A6D6E7E2D2F
:105090000FFB4747353B55551A88881271FB0F5453
:1050A0005B4E46472A2A7DFFFEFEFEFEFEFEFEFE0A
:1050B000FEFEFEFEFEFEFEFEFF97BEBEF2E3BEBE9D
:1050C000BEBEBEC5C39AE791D9FF9ACFD4D4D4CF80
:1050D000CBA7C7DBBEBE95FFFF97BEBEF2E3BEBE49
:1050E000BEBEBEC593FFCAC6A4A7CBCFD4D4D4CF6F
:1050F000CBA7C7DBBEBE95FFFF97BEBEF2E3BEBE29
:10510000BEBEBEDDFF94CACDCCA7CBCFD4D4D4CF06
:10511000CBA7C7DBBEBE95FFFEFEFEFEFEFEFEFE7B
:10512000FEFEFEFEFEFEFEFEFF97BEBEF2E3BEBE2C
:10513000BEBEBEC5C3C6CACDCCA7CBCFD4D4D4CFF8
:10514000CBA7C7DBBEBE95FFFF282A2A6F6D2A2E8C
:105150002B31322C347E3E57578181545C524F584C
:10516000535345472A2A7DFFFEFEFEFEFEFEFEFE4D
:10517000FEFEFEFEFEFEFEFEFF282A2A6F6E34397A
:105180001FFB174216FB2147750B125754524F5302
:10519000535345472A2A7DFFFF282A2B6E1C2D7565
:1051A0001741410D23FB1415FBFB165A5A12FBFB4A
:1051B0001F817E472E2A7DFFFEFEFEFEFEFEFEFEC6
:1051C000FEFEFEFEFEFEFEFEFF282A2A6F593E3B33
:1051D00017FB4747355155575571FB250E75575EDF
:1051E00059584E422A2A7DFFFEFEFEFEFEFEFEFEBE
:1051F000FEFEFEFEFEFEFEFEFF97BEBEF5D4BEBE68
:10520000BEBEC7C3C691FFA8D9FFA1D3D2D2D2D305
:10521000A9D4C8D6BEBE95FFFF97BEBEF5D4BEBE0C
:10522000BEBEC7C3FF90A2FFFFE8E4D3D2D2D2D361
:10523000A9D4C8D6BEBE95FFFF97BEBEF5D4BEBEEC
:10524000BEBEC7D8FF99DB90FF9DB1D3D2D2D2D3D7
:10525000A9D4C8D6BEBE95FFFEFEFEFEFEFEFEFE33
:10526000FEFEFEFEFEFEFEFEFF97BEBEF5D4BEBEF7
:10527000BEBEC7C3C6CACDD0A7D4A9D3D2D2D2D3BB
:10528000A9D4C8D6BEBE95FFFF282A2A6F622A2E4F
:105290002B382C343E395757575781605E5B825804
:1052A00056564F422A2A7DFFFEFEFEFEFEFEFEFE01
:1052B000FEFEFEFEFEFEFEFEFF282A2A6F822C392D
:1052C0001DFB881410FB1415FB225157545B8258A8
:1052D00056564F422A2A7DFFFF282A296E5E3B75CB
:1052E0001741414115FB1515FB0E108080160EFB72
:1052F0001F814A422F2A7DFFFEFEFEFEFEFEFEFEBD
:10530000FEFEFEFEFEFEFEFEFF282A2A6D4A393B07
:1053100017FB1717170F2157555A22FB0B12675C03
:10532000825653362A2A7DFFFEFEFEFEFEFEFEFE5C
:10533000FEFEFEFEFEFEFEFEFF97BEBEF2E5BEBE18
:10534000BEBEC4C2DDFF94CB94FFC4E6ADADADE6F6
:10535000AED3CBBCBEBE95FFFF97BEBEF2E5BEBED0
:10536000BEBEC49BFFFF91DABCFFFF98ADADADE6BA
:10537000AED3CBBCBEBE95FFFF97BEBEF2E5BEBEB0
:10538000BEBEC48FFFE7FFBCE8FFFFB6ADADADE624
:10539000AED3CBBCBEBE95FFFEFEFEFEFEFEFEFE05
:1053A000FEFEFEFEFEFEFEFEFF97BEBEF2E5BEBEA8
:1053B000BEBEC4C2CACDD0CBAAD3AEE6ADADADE6BB
:1053C000AED3CBBCBEBE95FFFF282A2A6F4B2A2F37
:1053D0007B3244FBFBFBFBFBFBFBFBFBFBFB82622F
:1053E0005D5D56362A2A7DFFFEFEFEFEFEFEFEFEB7
:1053F000FEFEFEFEFEFEFEFEFF282A2A6F4D327ED6
:105400003A220BFB0B1741750E805A63605C598280
:10541000565653362A2A7DFFFF282A296E813B756E
:10542000751717170E0B4115FB23FB0C478822FB42
:105430001F6050182F2A7DFFFEFEFEFEFEFEFEFEC0
:10544000FEFEFEFEFEFEFEFEFF282A2A6E33393BDC
:1054500017FB757575752357555A22FB0B12676636
:10546000825D584C2A2A7DFFFEFEFEFEFEFEFEFEF9
:10547000FEFEFEFEFEFEFEFEFF97BEBEBAC7BEBE2D
:10548000BEC7C3C0FFEACBAA94FFB1D5B4B3B4D5AD
:10549000ACD1A696BEBE95FFFF97BEBEBAC7BEBE34
:1054A000BEC7C39AA292CBAAD2D9FF8CB4B3B4D54B
:1054B000ACD1A696BEBE95FFFF97BEBEBAC7BEBE14
:1054C000BEC7C39FFFFF9AAACFDBFFA2B4B3B4D578
:1054D000ACD1A696BEBE95FFFEFEFEFEFEFEFEFE13
:1054E000FEFEFEFEFEFEFEFEFF97BEBEBAC7BEBEBD
:1054F000BEC7C3C6CECCCBAAD2D1ACD5B4B3B4D57B
:10550000ACD1A696BEBE95FFFF282A2A6D3D2A2F54
:105510007B322CFBFBFBFBFBFBFBFBFBFBFB626423
:105520005D5F564C2A2A7DFFFEFEFEFEFEFEFEFE5D
:10553000FEFEFEFEFEFEFEFEFF282A2A6D2F313300
:105540003E3A3B1F804715FB1680160E26165C82DE
:10555000625D584C2A2A7DFFFF282A291B3E3B7595
:105560000E750EFB250C4115FB150B160DFB0DFBE7
:105570001F5E5C192F2A7DFFFEFEFEFEFEFEFEFE74
:10558000FEFEFEFEFEFEFEFEFF282A2A64333E3BA0
:1055900017FB47475A5157575771FB250B26606633
:1055A000625D5B182A2A7DFFFEFEFEFEFEFEFEFE09
:1055B000FEFEFEFEFEFEFEFEFF97BEBEAEBEBEBE01
:1055C000BEC5BE90FF99A4A092FFC0B6EBEBEBB2B4
:1055D000B3ABCA96BEBE95FFFF97BEBEAEBEBEBE03
:1055E000BEC5C2CACDA7D4D3D1D4FFFFE2EBEBB284
:1055F000B3ABCA96BEBE95FFFF97BEBEAEBEBEBEE3
:10560000BEC5C29FFFA2D4D3D1D4FFFFEBEBEBB258
:10561000B3ABCA96BEBE95FFFEFEFEFEFEFEFEFECC
:10562000FEFEFEFEFEFEFEFEFF97BEBEBAC7BEBE7B
:10563000BEC7C3C6CECCCBAAD2D1ACD5B4B3B4D539
:10564000ACD1A696BEBE95FFFF282A2A832E2A2F0C
:10565000293132131313131313131E1E1E87645F95
:105660005F5F59182A2A7DFFFEFEFEFEFEFEFEFE4B
:10567000FEFEFEFEFEFEFEFEFF282A2A832B2B38AE
:10568000337E392D5A80750E4722FB2575FB226625
:1056900062645B182A2A7DFFFF282A29653E2D7542
:1056A000174747100B144715FB152510228884FB5C
:1056B000135C604C2F2A7DFFFEFEFEFEFEFEFEFE0A
:1056C000FEFEFEFEFEFEFEFEFF282A2A82333E2D4F
:1056D0000FFB47805A5557671A0E886316FB0F69F0
:1056E000628357422A2A7DFFFEFEFEFEFEFEFEFE7C
:1056F000FEFEFEFEFEFEFEFEFF97BEBED0BEBEBE9E
:10570000BEC49BFFFFFFFFFFFFFFFFFFEEF2EEEEC9
:10571000E1B39C8FBEBE95FFFF97BEBED0BEBEBE9E
:10572000BEC4C2C9CAC8A9AEACB393FFAAF2EEEE1A
:10573000E1B39C8FBEBE95FFFF97BEBED0BEBEBE7E
:10574000BEC4C2DAFFD9A9AEACB3EDFFEEF2EEEE05
:10575000E1B39C8FBEBE95FFFEFEFEFEFEFEFEFE8A
:10576000FEFEFEFEFEFEFEFEFF97BEBEBAC7BEBE3A
:10577000BEC7C3C6CECCCBAAD2D1ACD5B4B3B4D5F8
:10578000ACD1A696BEBE95FFFF282A2A582E2A2EF7
:105790002B46404A545454605E5E6669628385615C
:1057A000616157422A2A7DFFFEFEFEFEFEFEFEFEDE
:1057B000FEFEFEFEFEFEFEFEFF282A2A582E2F2B9E
:1057C00038337E3A5120FB1684750E840DFB11662A
:1057D000656455422A2A7DFFFF282A295B7E3A7597
:1057E0000F3535670B888415FB1520FB882263FB7A
:1057F0001E6951422E2A7DFFFEFEFEFEFEFEFEFECB
:10580000FEFEFEFEFEFEFEFEFF282A2A4838343A3F
:105810000FFB75757575261F118A71606011FB1E6F
:10582000648342352A2A7DFFFEFEFEFEFEFEFEFE5A
:10583000FEFEFEFEFEFEFEFEFF97BEBEC6C5BEBE5F
:10584000BEC39ADDD9D9949CA2FFD99BF5F5F5F298
:10585000EEB38FDABEBE95FFFF97BEBEC6C5BEBE15
:10586000BEC3C6DAFFDAD3E6D5A6FFFFF5F5F5F23B
:10587000EEB38FDABEBE95FFFF97BEBEC6C5BEBEF5
:10588000BEC3C69CFFE9D3E6D5A6FFEAF5F5F5F25F
:10589000EEB38FDABEBE95FFFEFEFEFEFEFEFEFEFE
:1058A000FEFEFEFEFEFEFEFEFF97BEBEBAC7BEBEF9
:1058B000BEC7C3C6CECCCBAAD2D1ACD5B4B3B4D5B7
:1058C000ACD1A696BEBE95FFFF282A2A483D2A2EB7
:1058D0002F3D454D4D505C5C5C6665628386686A11
:1058E000686142352A2A7DFFFEFEFEFEFEFEFEFEB8
:1058F000FEFEFEFEFEFEFEFEFF282A2A483D2E2E5C
:105900002931443E550E0E5A84FB758484FB26666D
:10591000626442352A2A7DFFFF282A2B462C3E2628
:105920000F2D515120FB0F1FFB1F638AFB7160FB82
:105930001E8242472E2A7DFFFEFEFEFEFEFEFEFE7A
:10594000FEFEFEFEFEFEFEFEFF282A2A2F387E3EC9
:105950001F0F0F0F0F0F231E23216669691B74721F
:1059600083547C2C2A2A7DFFFEFEFEFEFEFEFEFEF8
:10597000FEFEFEFEFEFEFEFEFF97BEBEBEC1BFBE29
:10598000C5C3E5CDA7D4D2AD99FFEFF5F8F8F8F58A
:10599000EEA18EE4BEBE95FFFF97BEBEBEC1BFBEE8
:1059A000C5C3E59CFFE8E5ADA9E9FFD9F8F8F8F52E
:1059B000EEA18EE4BEBE95FFFF97BEBEBEC1BFBEC8
:1059C000C5C3E5C6E8FFE4ADE2DAFF9BF8F8F8F5F9
:1059D000EEA18EE4BEBE95FFFEFEFEFEFEFEFEFEC6
:1059E000FEFEFEFEFEFEFEFEFF97BEBEBAC7BEBEB8
:1059F000BEC7C3C6CECCCBAAD2D1ACD5B4B3B4D576
:105A0000ACD1A696BEBE95FFFF282A2A2A2F312A9E
:105A10002A43484B4E59590F27276485686A6B6B98
:105A20006A5C792C2A2A7DFFFEFEFEFEFEFEFEFE4B
:105A3000FEFEFEFEFEFEFEFEFF282A2A2A2F312E43
:105A40002F40498121FB2163630B0E8412FB2669E1
:105A500062607C2C2A2A7DFFFF282A2B312C3E21D4
:105A6000133E7E8181170F1C23711A220F66692352
:105A70006F813F342E2A7DFFFEFEFEFEFEFEFEFEFF
:105A8000FEFEFEFEFEFEFEFEFF282A2A2E323A2CE5
:105A90007E3E3E81815E5C5B696562838385858530
:105AA0006236412E2A2A7DFFFEFEFEFEFEFEFEFE2F
:105AB000FEFEFEFEFEFEFEFEFF97BEBEBEBF9BBE0E
:105AC000C5C3E5CDA7D4AEAD99FFF4F5F8F9F8F567
:105AD000ADBCD7BEBEBE95FFFF97BEBEBEBF9BBED0
:105AE000C5C3E5CDD8FFFF9FFFFFEAF6F8F9F8F54B
:105AF000ADBCD7BEBEBE95FFFF97BEBEBEBF9BBEB0
:105B0000C5C3E5CD99FFFF93FFFFEAF6F8F9F8F575
:105B1000ADBCD7BEBEBE95FFFEFEFEFEFEFEFEFE87
:105B2000FEFEFEFEFEFEFEFEFF97BEBEBAC7BEBE76
:105B3000BEC7C3C6CECCCBAAD2D1ACD5B4B3B4D534
:105B4000ACD1A696BEBE95FFFF282A2A2A313E2E4A
:105B50003D434B4E4F4F8223FCFC83866A6B6B6B3D
:105B60005F36412A2A2A7DFFFEFEFEFEFEFEFEFE75
:105B7000FEFEFEFEFEFEFEFEFF282A2A2A313E2FF2
:105B80002F4049810E8857676725FB0F11FB22655F
:105B90008236412A2A2A7DFFFF282A2F29333A2CD0
:105BA00033324A4A50505C5B666965656283838321
:105BB0006536412B2E2A7DFFFEFEFEFEFEFEFEFE1A
:105BC000FEFEFEFEFEFEFEFEFF282A2A2E293A3E9B
:105BD0003333494A505B59826283858668686861BD
:105BE00080192C2E2A2A7DFFFEFEFEFEFEFEFEFE02
:105BF000FEFEFEFEFEFEFEFEFF97BEBEBEC19CE4A4
:105C0000C5C3E5CDD0D4D2ADAF9BF3F5F8F8F8EE2F
:105C1000DA8DC0BEBEBE95FFFF97BEBEBEC19CE47E
:105C2000C5C3E5CDD09B9EA2A29BF0F5F8F8F8EE97
:105C3000DA8DC0BEBEBE95FFFF97BEBEBEC19CE45E
:105C4000C5C3E5CDD0A4DBA2D8A5F0F5F8F8F8EEF1
:105C5000DA8DC0BEBEBE95FFFEFEFEFEFEFEFEFE5F
:105C6000FEFEFEFEFEFEFEFEFF97BEBEBAC7BEBE35
:105C7000BEC7C3C6CECCCBAAD2D1ACD5B4B3B4D5F3
:105C8000ACD1A696BEBE95FFFF282A2A2A2B39340E
:105C90003D434B4E4F4F5887747483866A6B6B6AD3
:105CA0008019332A2A2A7DFFFEFEFEFEFEFEFEFE3E
:105CB000FEFEFEFEFEFEFEFEFF282A2A2A2B3934B7
:105CC0002F404A22FB135E5E5E1D258A0E2269620A
:105CD000477D2C2A2A2A7DFFFF282A2E2F313A3E83
:105CE0003146454D52598282626483858586868518
:105CF00080192C2F2A2A7DFFFEFEFEFEFEFEFEFEF0
:105D0000FEFEFEFEFEFEFEFEFF282A2A2A2E2C356F
:105D10007E404645524E58565D5F68686A6A683CE8
:105D20003F3B2E2A2A2A7DFFFEFEFEFEFEFEFEFEE1
:105D3000FEFEFEFEFEFEFEFEFF97BEBEBEBEE4926F
:105D4000E4C4C6CED0CFD3E6D5B2EEF2F5F5EED9A7
:105D50008ED9BEBEBEBE95FFFF97BEBEBEBEE4924C
:105D6000E4C4C6CED0CFD3E6D5B2EEF2F5F5EED987
:105D70008ED9BEBEBEBE95FFFF97BEBEBEBEE4922C
:105D8000E4C4C6CED0CFD3E6D5B2EEF2F5F5EED967
:105D90008ED9BEBEBEBE95FFFEFEFEFEFEFEFEFE20
:105DA000FEFEFEFEFEFEFEFEFF97BEBEBAC7BEBEF4
:105DB000BEC7C3C6CECCCBAAD2D1ACD5B4B3B4D5B2
:105DC000ACD1A696BEBE95FFFF282A2A2A2A2C3CD3
:105DD0002C43484E4F585858626485686A6B6A3B3A
:105DE0003F3B2A2A2A2A7DFFFEFEFEFEFEFEFEFE25
:105DF000FEFEFEFEFEFEFEFEFF282A2A2A2A2C3C7C
:105E0000347F404A50505B596969696669656235FB
:105E10003F3B2E2A2A2A7DFFFF282A2E2E2F2C35A3
:105E2000343D434B4E58565D5D5F6168686A683C1F
:105E30003F3B2E2E2A2A7DFFFEFEFEFEFEFEFEFECC
:105E4000FEFEFEFEFEFEFEFEFF282A2A2A2A2E3A2B
:105E5000473E3D4B4E53565D5F6168686A5F803FC9
:105E6000352E2A2A2A2A7DFFFEFEFEFEFEFEFEFEBB
:105E7000FEFEFEFEFEFEFEFEFF97BEBEBEBEBEDC0A
:105E8000E99BC3C9CCCBA9AEACB3E1EEEEADDA8EE3
:105E900092BEBEBEBEBE95FFFF97BEBEBEBEBEDCFE
:105EA000E99BC3C9CCCBA9AEACB3E1EEEEADDA8EC3
:105EB00092BEBEBEBEBE95FFFF97BEBEBEBEBEDCDE
:105EC000E99BC3C9CCCBA9AEACB3E1EEEEADDA8EA3
:105ED00092BEBEBEBEBE95FFFEFEFEFEFEFEFEFEF6
:105EE000FEFEFEFEFEFEFEFEFF97BEBEBAC7BEBEB3
:105EF000BEC7C3C6CECCCBAAD2D1ACD5B4B3B4D571
:105F0000ACD1A696BEBE95FFFF282A2A2A2A2A3996
:105F1000477E434E4F53585664836168685F803FA5
:105F2000352A2A2A2A2A7DFFFEFEFEFEFEFEFEFEFE
:105F3000FEFEFEFEFEFEFEFEFF282A2A2A2A2A393F
:105F4000473946454D528258626262626482473FD9
:105F5000352F2E2A2A2A7DFFFF282A2A2A2E2E397B
:105F6000477E434E4F53565D5F6168686A5F803F6E
:105F7000352E2E2A2A2A7DFFFEFEFEFEFEFEFEFEA6
:105F8000FEFEFEFEFEFEFEFEFF282A2A2A2A2A2AFE
:105F900039423C464F53565D5F6161615C18193B65
:105FA0002A2A2A2A2A2A7DFFFEFEFEFEFEFEFEFE89
:105FB000FEFEFEFEFEFEFEFEFF97BEBEBEBEBEBEE7
:105FC0009CD692C1CDA7D4D3D1ABB3B3A1968DD972
:105FD000BEBEBEBEBEBE95FFFF97BEBEBEBEBEBEAF
:105FE0009CD692C1CDA7D4D3D1ABB3B3A1968DD952
:105FF000BEBEBEBEBEBE95FFFF97BEBEBEBEBEBE8F
:106000009CD692C1CDA7D4D3D1ABB3B3A1968DD931
:10601000BEBEBEBEBEBE95FFFEFEFEFEFEFEFEFE88
:10602000FEFEFEFEFEFEFEFEFF97BEBEBAC7BEBE71
:10603000BEC7C3C6CECCCBAAD2D1ACD5B4B3B4D52F
:10604000ACD1A696BEBE95FFFF282A2A2A2A2A2A64
:1060500039423C464F4F56565D5F61615C18193BB3
:106060002A2A2A2A2A2A7DFFFEFEFEFEFEFEFEFEC8
:10607000FEFEFEFEFEFEFEFEFF282A2A2A2A2A2A0D
:10608000394235384B4F58565D5D8383544C7D3BC8
:106090002F2E2A2A2A2A7DFFFF282A2A2A2A2A2A5C
:1060A00039423C464F53565D5F6161615C18193B54
:1060B0002A2A2A2A2A2A7DFFFEFEFEFEFEFEFEFE78
:1060C000FEFEFEFEFEFEFEFEFF282A2A2A2A2A2ABD
:1060D0002A324119413E5253565B554C7941332A7D
:1060E0002A2A2A2A2A2A7DFFFEFEFEFEFEFEFEFE48
:1060F000FEFEFEFEFEFEFEFEFF97BEBEBEBEBEBEA6
:10610000BE98D7BBD799C2A7A7C294968ED7C0BE58
:10611000BEBEBEBEBEBE95FFFF97BEBEBEBEBEBE6D
:10612000BE98D7BBD799C2A7A7C294968ED7C0BE38
:10613000BEBEBEBEBEBE95FFFF97BEBEBEBEBEBE4D
:10614000BE98D7BBD799C2A7A7C294968ED7C0BE18
:10615000BEBEBEBEBEBE95FFFEFEFEFEFEFEFEFE47
:10616000FEFEFEFEFEFEFEFEFF97BEBEBAC7BEBE30
:10617000BEC7C3C6CECCCBAAD2D1ACD5B4B3B4D5EE
:10618000ACD1A696BEBE95FFFF282A2A2A2A2A2A23
:106190002A324119413E5253585B554C7941332ABA
:1061A0002A2A2A2A2A2A7DFFFEFEFEFEFEFEFEFE87
:1061B000FEFEFEFEFEFEFEFEFF282A2A2A2A2A2ACC
:1061C0002E324119413E5253585B554C7C412C2E86
:1061D0002E2A2A2A2A2A7DFFFF282A2A2A2A2A2A20
:1061E0002A324119413E5253565B554C7941332A6C
:1061F0002A2A2A2A2A2A7DFFFEFEFEFEFEFEFEFE37
:10620000FEFEFEFEFEFEFEFEFF282A2A2A2A2A2A7B
:106210002A2A2A333542187D7D1842352C2A2A2A0B
:106220002A2A2A2A2A2A7DFFFEFEFEFEFEFEFEFE06
:10623000FEFEFEFEFEFEFEFEFF97BEBEBEBEBEBE64
:10624000BEBEBEC0DAD696959596D6DAE4BEBEBE80
:10625000BEBEBEBEBEBE95FFFF97BEBEBEBEBEBE2C
:10626000BEBEBEC0DAD696959596D6DAE4BEBEBE60
:10627000BEBEBEBEBEBE95FFFF97BEBEBEBEBEBE0C
:10628000BEBEBEC0DAD696959596D6DAE4BEBEBE40
:10629000BEBEBEBEBEBE95FFFEFEFEFEFEFEFEFE06
:1062A000FEFEFEFEFEFEFEFEFF97BEBEBAC7BEBEEF
:1062B000BEC7C3C6CECCCBC29ED9ACD5B4B3B4D5C1
:1062C000ACD1A696BEBE95FFFF282A2A2A2A2A2AE2
:1062D0002A2A2A333542187D7D1842352C2A2A2A4B
:1062E0002A2A2A2A2A2A7DFFFEFEFEFEFEFEFEFE46
:1062F000FEFEFEFEFEFEFEFEFF282A2A2A2A2A2A8B
:106300002A2A2A333542187D7D1842352C2A2A2A1A
:106310002A2A2A2A2A2A7DFFFF282A2A2A2A2A2AE2
:106320002A2A2A333542187D7D1842352C2A2A2AFA
:106330002A2A2A2A2A2A7DFFFEFEFEFEFEFEFEFEF5
:10634000FEFEFEFEFEFEFEFEFF282A2A2A2A2A2A3A
:106350002A2A2A2A2A2A2A2A2A2A2A2A2A2A2A2A9D
:106360002A2A2A2A2A2A7DFFFEFEFEFEFEFEFEFEC5
:10637000FEFEFEFEFEFEFEFEFF97BEBEBEBEBEBE23
:10638000BEBEBEBEBEBEBEBEBEBEBEBEBEBEBEBE2D
:10639000BEBEBEBEBEBE95FFFF97BEBEBEBEBEBEEB
:1063A000BEBEBEBEBEBEBEBEBEBEBEBEBEBEBEBE0D
:1063B000BEBEBEBEBEBE95FFFF97BEBEBEBEBEBECB
:1063C000BEBEBEBEBEBEBEBEBEBEBEBEBEBEBEBEED
:1063D000BEBEBEBEBEBE95FFFEFEFEFEFEFEFEFEC5
:1063E000FEFEFEFEFEFEFEFEFF97BEBEBAC7BEBEAE
:1063F000BEC7C3C6CECCCBA8FFA2ACD5B4B3B4D570
:10640000ACD1A696BEBE95FFFF282A2A2A2A2A2AA0
:106410002A2A2A2A2A2A2A2A2A2A2A2A2A2A2A2ADC
:106420002A2A2A2A2A2A7DFFFEFEFEFEFEFEFEFE04
:10643000FEFEFEFEFEFEFEFEFF282A2A2A2A2A2A49
:106440002A2A2A2A2A2A2A2A2A2A2A2A2A2A2A2AAC
:106450002A2A2A2A2A2A7DFFFF282A2A2A2A2A2AA1
:106460002A2A2A2A2A2A2A2A2A2A2A2A2A2A2A2A8C
:106470002A2A2A2A2A2A7DFFFEFEFEFEFEFEFEFEB4
:10648000FEFEFEFEFEFEFEFEFFFF762A2A2A2A2AD6
:106490002A2A2A2A2A2A2A2A2A2A2A2A2A2A2A2A5C
:1064A0002A2A2A2A2A78FFFFFEFEFEFEFEFEFEFEB4
:1064B000FEFEFEFEFEFEFEFEFFFFD9BEBEBEBEBE5F
:1064C000BEBEBEBEBEBEBEBEBEBEBEBEBEBEBEBEEC
:1064D000BEBEBEBEBED8FFFFFFFFD9BEBEBEBEBEA3
:1064E000BEBEBEBEBEBEBEBEBEBEBEBEBEBEBEBECC
:1064F000BEBEBEBEBED8FFFFFFFFD9BEBEBEBEBE83
:10650000BEBEBEBEBEBEBEBEBEBEBEBEBEBEBEBEAB
:10651000BEBEBEBEBED8FFFFFEFEFEFEFEFEFEFEFF
:10652000FEFEFEFEFEFEFEFEFF97BEBEBAC7BEBE6C
:10653000BEC7C3C6CECCCBA8FFA2ACD5B4B3B4D52E
:10654000ACD1A696BEBE95FFFFFF762A2A2A2A2A3C
:106550002A2A2A2A2A2A2A2A2A2A2A2A2A2A2A2A9B
:106560002A2A2A2A2A78FFFFFEFEFEFEFEFEFEFEF3
:10657000FEFEFEFEFEFEFEFEFFFF762A2A2A2A2AE5
:106580002A2A2A2A2A2A2A2A2A2A2A2A2A2A2A2A6B
:106590002A2A2A2A2A78FFFFFFFF762A2A2A2A2A6D
:1065A0002A2A2A2A2A2A2A2A2A2A2A2A2A2A2A2A4B
:1065B0002A2A2A2A2A78FFFFFEFEFEFEFEFEFEFEA3
:1065C000FEFEFEFEFEFEFEFEFFFFFF7D7D7D7D7D6D
:1065D0007D7D7D7D7D7D7D7D7D7D7D7D7D7D7D7DEB
:1065E0007D7D7D7D7DFFFFFFFEFEFEFEFEFEFEFE4D
:1065F000FEFEFEFEFEFEFEFEFFFFFF9595959595C5
:10660000959595959595959595959595959595953A
:106610009595959595FFFFFFFFFFFF9595959595AE
:10662000959595959595959595959595959595951A
:106630009595959595FFFFFFFFFFFF95959595958E
:1066400095959595959595959595959595959595FA
:106650009595959595FFFFFFFEFEFEFEFEFEFEFE64
:10666000FEFEFEFEFEFEFEFEFF97BEBEBAC7BEBE2B
:10667000BEC7C3C6CECCCBA8FFA2ACD5B4B3B4D5ED
:10668000ACD1A696BEBE95FFFFFFFF7D7D7D7D7DD3
:106690007D7D7D7D7D7D7D7D7D7D7D7D7D7D7D7D2A
:1066A0007D7D7D7D7DFFFFFFFEFEFEFEFEFEFEFE8C
:1066B000FEFEFEFEFEFEFEFEFFFFFF7D7D7D7D7D7C
:1066C0007D7D7D7D7D7D7D7D7D7D7D7D7D7D7D7DFA
:1066D0007D7D7D7D7DFFFFFFFFFFFF7D7D7D7D7DDE
:1066E0007D7D7D7D7D7D7D7D7D7D7D7D7D7D7D7DDA
:1066F0007D7D7D7D7DFFFFFFFEFEFEFEFEFEFEFE3C
:10670000FEFEFEFEFEFEFEFEFFFFFFFFFFFFFFFFA1
:10671000FFFFFFFFFFFFFFFFFFFFFFFFFFFFFFFF89
:10672000FFFFFFFFFFFFFFFFFEFEFEFEFEFEFEFE81
:10673000FEFEFEFEFEFEFEFEFFFFFFFFFFFFFFFF71
:10674000FFFFFFFFFFFFFFFFFFFFFFFFFFFFFFFF59
:10675000FFFFFFFFFFFFFFFFFFFFFFFFFFFFFFFF49
:10676000FFFFFFFFFFFFFFFFFFFFFFFFFFFFFFFF39
:10677000FFFFFFFFFFFFFFFFFFFFFFFFFFFFFFFF29
:10678000FFFFFFFFFFFFFFFFFFFFFFFFFFFFFFFF19
:10679000FFFFFFFFFFFFFFFFFEFEFEFEFEFEFEFE11
:1067A000FEFEFEFEFEFEFEFEFF97BEBEBAC7BEBEEA
:1067B000BEC7C3C6CECCCBA8FFA2ACD5B4B3B4D5AC
:1067C000ACD1A696BEBE95FFFFFFFFFFFFFFFFFF08
:1067D000FFFFFFFFFFFFFFFFFFFFFFFFFFFFFFFFC9
:1067E000FFFFFFFFFFFFFFFFFEFEFEFEFEFEFEFEC1
:1067F000FEFEFEFEFEFEFEFEFFFFFFFFFFFFFFFFB1
:10680000FFFFFFFFFFFFFFFFFFFFFFFFFFFFFFFF98
:10681000FFFFFFFFFFFFFFFFFFFFFFFFFFFFFFFF88
:10682000FFFFFFFFFFFFFFFFFFFFFFFFFFFFFFFF78
:10683000FFFFFFFFFFFFFFFFFEFEFEFEFEFEFEFE70
:10684000FEFEFEFEFEFEFEFEFFFFFFFFFFFFFFFF60
:10685000FFFFFFFFFFFFFFFFFFFFFFFFFFFFFFFF48
:10686000FFFFFFFFFFFFFFFFFEFEFEFEFEFEFEFE40
:10687000FEFEFEFEFEFEFEFEFFFFFFFFFFFFFFFF30
:10688000FFFFFFFFFFFFFFFFFFFFFFFFFFFFFFFF18
:10689000FFFFFFFFFFFFFFFFFFFFFFFFFFFFFFFF08
:1068A000FFFFFFFFFFFFFFFFFFFFFFFFFFFFFFFFF8
:1068B000FFFFFFFFFFFFFFFFFFFFFFFFFFFFFFFFE8
:1068C000FFFFFFFFFFFFFFFFFFFFFFFFFFFFFFFFD8
:1068D000FFFFFFFFFFFFFFFFFEFEFEFEFEFEFEFED0
:1068E000FEFEFEFEFEFEFEFEFF97BEBEBAC7BEBEA9
:1068F000BEC7C3FFFFFFFFFFFFFFFFFFFFFF99D5ED
:10690000ACD1A696BEBE95FFFFFFFFFFFFFFFFFFC6
:10691000FFFFFFFFFFFFFFFFFFFFFFFFFFFFFFFF87
:10692000FFFFFFFFFFFFFFFFFEFEFEFEFEFEFEFE7F
:10693000FEFEFEFEFEFEFEFEFFFFFFFFFFFFFFFF6F
:10694000FFFFFFFFFFFFFFFFFFFFFFFFFFFFFFFF57
:10695000FFFFFFFFFFFFFFFFFFFFFFFFFFFFFFFF47
:10696000FFFFFFFFFFFFFFFFFFFFFFFFFFFFFFFF37
:10697000FFFFFFFFFFFFFFFFFEFEFEFEFEFEFEFE2F
:10698000FEFEFEFEFEFEFEFEFFFFFF282828282852
:106990002828282828282828282828282828282877
:1069A0002828282828FFFFFFFEFEFEFEFEFEFEFE32
:1069B000FEFEFEFEFEFEFEFEFFFFFF9797979797F7
:1069C0009797979797979797979797979797979757
:1069D0009797979797FFFFFFFFFFFF9797979797D7
:1069E0009797979797979797979797979797979737
:1069F0009797979797FFFFFFFFFFFF9797979797B7
:106A00009797979797979797979797979797979716
:106A10009797979797FFFFFFFEFEFEFEFEFEFEFE96
:106A2000FEFEFEFEFEFEFEFEFF97BEBEBAC7BEBE67
:106A3000BEC7C3FFFFFFFFFFFFFFFFFFFFFF99D5AB
:106A4000ACD1A696BEBE95FFFFFFFF2828282828B8
:106A500028282828282828282828282828282828B6
:106A60002828282828FFFFFFFEFEFEFEFEFEFEFE71
:106A7000FEFEFEFEFEFEFEFEFFFFFF282828282861
:106A80002828282828282828282828282828282886
:106A90002828282828FFFFFFFFFFFF28282828286C
:106AA0002828282828282828282828282828282866
:106AB0002828282828FFFFFFFEFEFEFEFEFEFEFE21
:106AC000FEFEFEFEFEFEFEFEFFFF772A2A2A2A2A8F
:106AD0002A2A2A2A2A2A2A2A2A2A2A2A2A2A2A2A16
:106AE0002A2A2A2A2A76FFFFFEFEFEFEFEFEFEFE70
:106AF000FEFEFEFEFEFEFEFEFFFFBDBEBEBEBEBE35
:106B0000BEBEBEBEBEBEBEBEBEBEBEBEBEBEBEBEA5
:106B1000BEBEBEBEBED9FFFFFFFFBDBEBEBEBEBE77
:106B2000BEBEBEBEBEBEBEBEBEBEBEBEBEBEBEBE85
:106B3000BEBEBEBEBED9FFFFFFFFBDBEBEBEBEBE57
:106B4000BEBEBEBEBEBEBEBEBEBEBEBEBEBEBEBE65
:106B5000BEBEBEBEBED9FFFFFEFEFEFEFEFEFEFEB8
:106B6000FEFEFEFEFEFEFEFEFF97BEBEBAC7BEBE26
:106B7000BEC7C39BC0989A9CFF8FB1B0AFA3A9D5E5
:106B8000ACD1A696BEBE95FFFFFF772A2A2A2A2AF5
:106B90002A2A2A2A2A2A2A2A2A2A2A2A2A2A2A2A55
:106BA0002A2A2A2A2A76FFFFFEFEFEFEFEFEFEFEAF
:106BB000FEFEFEFEFEFEFEFEFFFF772A2A2A2A2A9E
:106BC0002A2A2A2A2A2A2A2A2A2A2A2A2A2A2A2A25
:106BD0002A2A2A2A2A76FFFFFFFF772A2A2A2A2A28
:106BE0002A2A2A2A2A2A2A2A2A2A2A2A2A2A2A2A05
:106BF0002A2A2A2A2A76FFFFFEFEFEFEFEFEFEFE5F
:106C0000FEFEFEFEFEFEFEFEFF282A2A2A2A2A2A71
:106C10002A2A2A2A2A2A2A2A2A2A2A2A2A2A2A2AD4
:106C20002A2A2A2A2A2A7DFFFEFEFEFEFEFEFEFEFC
:106C3000FEFEFEFEFEFEFEFEFF97BEBEBEBEBEBE5A
:106C4000BEBEBEBEBEBEBEBEBEBEBEBEBEBEBEBE64
:106C5000BEBEBEBEBEBE95FFFF97BEBEBEBEBEBE22
:106C6000BEBEBEBEBEBEBEBEBEBEBEBEBEBEBEBE44
:106C7000BEBEBEBEBEBE95FFFF97BEBEBEBEBEBE02
:106C8000BEBEBEBEBEBEBEBEBEBEBEBEBEBEBEBE24
:106C9000BEBEBEBEBEBE95FFFEFEFEFEFEFEFEFEFC
:106CA000FEFEFEFEFEFEFEFEFF97BEBEBAC7BEBEE5
:106CB000BEC7C3C6CECCCBA8FFA2ACD5B4B3B4D5A7
:106CC000ACD1A696BEBE95FFFF282A2A2A2A2A2AD8
:106CD0002A2A2A2A2A2A2A2A2A2A2A2A2A2A2A2A14
:106CE0002A2A2A2A2A2A7DFFFEFEFEFEFEFEFEFE3C
:106CF000FEFEFEFEFEFEFEFEFF282A2A2A2A2A2A81
:106D00002A2A2A2A2A2A2A2A2A2A2A2A2A2A2A2AE3
:106D10002A2A2A2A2A2A7DFFFF282A2A2A2A2A2AD8
:106D20002A2A2A2A2A2A2A2A2A2A2A2A2A2A2A2AC3
:106D30002A2A2A2A2A2A7DFFFEFEFEFEFEFEFEFEEB
:106D4000FEFEFEFEFEFEFEFEFF282A2A2A2A2A2A30
:106D50002A2A2A58707273737372876D4E2A2A2AF0
:106D60002A2A2A2A2A2A7DFFFEFEFEFEFEFEFEFEBB
:106D7000FEFEFEFEFEFEFEFEFF97BEBEBEBEBEBE19
:106D8000BEBEBED0FBFBFBFBFBFBFBB9CEBEBEBE5B
:106D9000BEBEBEBEBEBE95FFFF97BEBEBEBEBEBEE1
:106DA000BEBEBED0FBFBFBFBFBFBFBB9CEBEBEBE3B
:106DB000BEBEBEBEBEBE95FFFF97BEBEBEBEBEBEC1
:106DC000BEBEBED0FBFBFBFBFBFBFBB9CEBEBEBE1B
:106DD000BEBEBEBEBEBE95FFFEFEFEFEFEFEFEFEBB
:106DE000FEFEFEFEFEFEFEFEFF97BEBEBAC7BEBEA4
:106DF000BEC7C3C6CECCCBA8FFA2ACD5B4B3B4D566
:106E0000ACD1A696BEBE95FFFF282A2A2A2A2A2A96
:106E10002A2A2A58707273737372876D4E2A2A2A2F
:106E20002A2A2A2A2A2A7DFFFEFEFEFEFEFEFEFEFA
:106E3000FEFEFEFEFEFEFEFEFF282A2A2A2A2A2A3F
:106E40002A2A2E58707273737372876D4E2A2A2AFB
:106E50002A2A2A2A2A2A7DFFFF282A2A2A2A2A2A97
:106E60002A2A2A58707273737372876D4E2A2A2ADF
:106E70002A2A2A2A2A2A7DFFFEFEFEFEFEFEFEFEAA
:106E8000FEFEFEFEFEFEFEFEFF282A2A2A2A2A2AEF
:106E90002A5872747370644E48588570876D482AFA
:106EA0002A2A2A2A2A2A7DFFFEFEFEFEFEFEFEFE7A
:106EB000FEFEFEFEFEFEFEFEFF97BEBEBEBEBEBED8
:106EC000BED0FBFBFBF9E0C9C6D0B8FBFBE3C2BEFA
:106ED000BEBEBEBEBEBE95FFFF97BEBEBEBEBEBEA0
:106EE000BED0FBFBFBF9E0C9C6D0B8FBFBE3C2BEDA
:106EF000BEBEBEBEBEBE95FFFF97BEBEBEBEBEBE80
:106F0000BED0FBFBFBF9E0C9C6D0B8FBFBE3C2BEB9
:106F1000BEBEBEBEBEBE95FFFEFEFEFEFEFEFEFE79
:106F2000FEFEFEFEFEFEFEFEFF97BEBEBAC7BEBE62
:106F3000BEC7C3C6CECCCBA8FFA2ACD5B4B3B4D524
:106F4000ACD1A696BEBE95FFFF282A2A2A2A2A2A55
:106F50002A5872747370644E48588570876D482A39
:106F60002A2A2A2A2A2A7DFFFEFEFEFEFEFEFEFEB9
:106F7000FEFEFEFEFEFEFEFEFF282A2A2A2A2A2AFE
:106F80002E4F7274726F6252434E8370876D482E1B
:106F90002A2A2A2A2A2A7DFFFF282A2A2A2A2A2A56
:106FA0002A5872747370644E48588570876D482AE9
:106FB0002A2A2A2A2A2A7DFFFEFEFEFEFEFEFEFE69
:106FC000FEFEFEFEFEFEFEFEFF282A2A2A2A2A2AAE
:106FD0006D7473833D2A2A2A2A2A2A2A4B836D4EEE
:106FE0002A2A2A2A2A2A7DFFFEFEFEFEFEFEFEFE39
:106FF000FEFEFEFEFEFEFEFEFF97BEBEBEBEBEBE97
:10700000BAFBFBE2C7BEBEBEBEBEBEBEE5E2E3CE7D
:10701000BEBEBEBEBEBE95FFFF97BEBEBEBEBEBE5E
:10702000BAFBFBE2C7BEBEBEBEBEBEBEE5E2E3CE5D
:10703000BEBEBEBEBEBE95FFFF97BEBEBEBEBEBE3E
:10704000BAFBFBE2C7BEBEBEBEBEBEBEE5E2E3CE3D
:10705000BEBEBEBEBEBE95FFFEFEFEFEFEFEFEFE38
:10706000FEFEFEFEFEFEFEFEFF97BEBEBAC7BEBE21
:10707000BEC7C3C6CECCCBC29ED9ACD5B4B3B4D5F3
:10708000ACD1A696BEBE95FFFF282A2A2A2A2A2A14
:107090006D7473833D2A2A2A2A2A2A2A4B836D4E2D
:1070A0002A2A2A2A2A2A7DFFFEFEFEFEFEFEFEFE78
:1070B000FEFEFEFEFEFEFEFEFF282A2A2A2A2A2EB9
:1070C00086747262323238383838323245646D4EE6
:1070D0002A2A2A2A2A2A7DFFFF282A2A2A2A2A2A15
:1070E0006D7472642B302B2B2B2B303048646D4E1B
:1070F0002A2A2A2A2A2A7DFFFEFEFEFEFEFEFEFE28
:10710000FEFEFEFEFEFEFEFEFF282A2A2A2A2A7026
:107110007487432E2E2E2E2E2E2E2E2E2E2E4F5890
:107120003D2A2A2A2A2A7DFFFEFEFEFEFEFEFEFEE4
:10713000FEFEFEFEFEFEFEFEFF97BEBEBEBEBEF81B
:10714000FBFBC3BEBEBEBEBEBEBEBEBEBEC7CCA7E0
:10715000C5BEBEBEBEBE95FFFF97BEBEBEBEBEF8DC
:10716000FBFBC3BEBEBEBEBEBEBEBEBEBEC7CCA7C0
:10717000C5BEBEBEBEBE95FFFF97BEBEBEBEBEF8BC
:10718000FBFBC3BEBEBEBEBEBEBEBEBEBEC7CCA7A0
:10719000C5BEBEBEBEBE95FFFEFEFEFEFEFEFEFEF0
:1071A000FEFEFEFEFEFEFEFEFF97BEBEBAC7BEBEE0
:1071B000BEC7C3C6CECCCBAAD2D1ACD5B4B3B4D59E
:1071C000ACD1A696BEBE95FFFF282A2A2A2A2A708D
:1071D0007487432F2F2E2E2E2E2E2E2E2E2E4F58CE
:1071E0003D2A2A2A2A2A7DFFFEFEFEFEFEFEFEFE24
:1071F000FEFEFEFEFEFEFEFEFF282A2A2A2A2A7036
:10720000747032347E343434343434342C324E5846
:107210003D2A2A2A2A2A7DFFFF282A2A2A2A2A707A
:1072200074704632323238383838323231304E5853
:107230003D2A2A2A2A2A7DFFFEFEFEFEFEFEFEFED3
:10724000FEFEFEFEFEFEFEFEFF282A2A2A2A867485
:107250006F2B7B31317B29297B31383238313152E8
:107260002F382E2A2A2A7DFFFEFEFEFEFEFEFEFE9F
:10727000FEFEFEFEFEFEFEFEFF97BEBEBEBEB3FBE2
:10728000F8C7BEBEBEBEBEBEBEBEBEBEC7C7C5A3DD
:10729000C7BFBEBEBEBE95FFFF97BEBEBEBEB3FBA0
:1072A000F8C7BEBEBEBEBEBEBEBEBEBEC7C7C5A3BD
:1072B000C7BFBEBEBEBE95FFFF97BEBEBEBEB3FB80
:1072C000F8C7BEBEBEBEBEBEBEBEBEBEC7C7C5A39D
:1072D000C7BFBEBEBEBE95FFFEFEFEFEFEFEFEFEAC
:1072E000FEFEFEFEFEFEFEFEFF97BEBEBAC7BEBE9F
:1072F000BEC7C3C6CECCCBAAD2D1ACD5B4B3B4D55D
:10730000ACD1A696BEBE95FFFF282A2A2A2A8674EB
:107310006F2F297B7B292B2B2B2B29292B2F2E4EB3
:107320003D312A2A2A2A7DFFFEFEFEFEFEFEFEFEDB
:10733000FEFEFEFEFEFEFEFEFF282A2A2A2A867494
:107340006F337E0A070A3A3A393A07073E34384E15
:107350003D312A2A2A2A7DFFFF282A2A2A2A8674D2
:107360006F3833347E343434343434342C32304E49
:107370003D312A2A2A2A7DFFFEFEFEFEFEFEFEFE8B
:10738000FEFEFEFEFEFEFEFEFF282A2A2A4F737036
:107390004032332C2C2C333333332C2C4949384096
:1073A0005239302A2A2A7DFFFEFEFEFEFEFEFEFE38
:1073B000FEFEFEFEFEFEFEFEFF97BEBEBEA3FBFB74
:1073C000C7BEBEBEBEBEBEBEDD99C4C3C3C3C3C4BA
:1073D000CE99C1BEBEBE95FFFF97BEBEBEA3FBFB4E
:1073E000C7BEBEBEBEC0DDDADADCC4C3C3C3C3C41D
:1073F000CE99C1BEBEBE95FFFF97BEBEBEA3FBFB2E
:10740000C7BEBEBEBEC0DADAD998C4C3C3C3C3C444
:10741000CE99C1BEBEBE95FFFEFEFEFEFEFEFEFE86
:10742000FEFEFEFEFEFEFEFEFF97BEBEBAC7BEBE5D
:10743000BEC7C3C6CECCCBAAD2D1ACD5B4B3B4D51B
:10744000ACD1A696BEBE95FFFF282A2A2A4F73709C
:107450002F313233333232323838383140453D3DC6
:107460004E3E2B2A2A2A7DFFFEFEFEFEFEFEFEFE7B
:10747000FEFEFEFEFEFEFEFEFF282A2A2A4F737045
:1074800038343A02FA013C3C3C0CFAFA3A7E322F8C
:107490004E3E2B2A2A2A7DFFFF282A2A2A4F737064
:1074A0007B337E0A070A3A3A393A07077E49403D5C
:1074B0004E3E2B2A2A2A7DFFFEFEFEFEFEFEFEFE2B
:1074C000FEFEFEFEFEFEFEFEFF282A2A2E70724001
:1074D00033343E3E3E3E3E7E7E3E3E7E7E444940CE
:1074E000467B2D2A2A2A7DFFFEFEFEFEFEFEFEFEC4
:1074F000FEFEFEFEFEFEFEFEFF97BEBEBEFBFBC313
:10750000BEBEBEBEBEBEC5D8FF92C6C6E5E5E5C6D8
:10751000C2C194BEBEBE95FFFF97BEBEBEFBFBC3FD
:10752000BEBEBEBED9FFFFFFFFFF93C5E5E5E5C6C2
:10753000C2C194BEBEBE95FFFF97BEBEBEFBFBC3DD
:10754000BEBEBEBED9FFFFFFFFE794C6E5E5E5C6B8
:10755000C2C194BEBEBE95FFFEFEFEFEFEFEFEFE56
:10756000FEFEFEFEFEFEFEFEFF97BEBEBAC7BEBE1C
:10757000BEC7C3C6CECCCBAAD2D1ACD5B4B3B4D5DA
:10758000ACD1A696BEBE95FFFF282A2A2A70723D6E
:1075900029322C665C7E34342C4444664A463D4392
:1075A000432F2D2A2A2A7DFFFEFEFEFEFEFEFEFE52
:1075B000FEFEFEFEFEFEFEFEFF282A2A2A70723D17
:1075C000323E2D02FAFA0C474703FAFA513E4A3D81
:1075D000482F2D2A2A2A7DFFFF282A2A2A70723D49
:1075E00038343A02FA013C3C3C0CFAFA39444A433A
:1075F000482F2D2A2A2A7DFFFEFEFEFEFEFEFEFEFD
:10760000FEFEFEFEFEFEFEFEFF282A2A4E726233BA
:107610007E392D1F1F3A3A39391F1F1F1F13136957
:10762000455235312A2A7DFFFEFEFEFEFEFEFEFE9D
:10763000FEFEFEFEFEFEFEFEFF97BEBECEFBE2BEDF
:10764000BEBEBEBEBE9AD8FFFFDDC9CECDCDCDCE6B
:10765000C9C9DABFBEBE95FFFF97BEBECEFBE2BE74
:10766000BEBEBEC0FFFF92BF9991FFDBCDCDCDCE98
:10767000C9C9DABFBEBE95FFFF97BEBECEFBE2BE54
:10768000BEBEBEBF8BFF92BF94FFFFC6CDCDCDCE99
:10769000C9C9DABFBEBE95FFFEFEFEFEFEFEFEFEBF
:1076A000FEFEFEFEFEFEFEFEFF97BEBEBAC7BEBEDB
:1076B000BEC7C3C6CECCCBAAD2D1ACD5B4B3B4D599
:1076C000ACD1A696BEBE95FFFF282A2A4E72832F04
:1076D0003133668888603939393E218A1F50524BD0
:1076E0004E4E35312A2A7DFFFEFEFEFEFEFEFEFED8
:1076F000FEFEFEFEFEFEFEFEFF282A2A4E72832BB1
:10770000333E3B0201FA03414101FAFA513E4A4835
:107710004E4E35312A2A7DFFFF282A2A4E72832BAE
:10772000323E2D02FAFA0C808003FAFA5581504B52
:107730004E4E35312A2A7DFFFEFEFEFEFEFEFEFE87
:10774000FEFEFEFEFEFEFEFEFF282A2A8587337E11
:107750003A21FBFBFB8A222D51FBFBFBFBFBFB1EB3
:107760004D483A2D2A2A7DFFFEFEFEFEFEFEFEFE5D
:10777000FEFEFEFEFEFEFEFEFF97BEBEB7FBC7BED0
:10778000BEBEBEBEE496FFE7FFDDCCD0A7A7D0D03B
:10779000CCCDDC94BEBE95FFFF97BEBEB7FBC7BE87
:1077A000BEBEBEDDFF9DC6E5C9C0FF90A7A7D0D075
:1077B000CCCDDC94BEBE95FFFF97BEBEB7FBC7BE67
:1077C000BEBEBEDDFF8FC6E5C9DBFF99A7A7D0D03F
:1077D000CCCDDC94BEBE95FFFEFEFEFEFEFEFEFEA0
:1077E000FEFEFEFEFEFEFEFEFF97BEBEBAC7BEBE9A
:1077F000BEC7C3C6CECCCBAAD2D1ACD5B4B3B4D558
:10780000ACD1A696BEBE95FFFF282A2A85873D2BC0
:10781000312C1EFBFB88673B5121FBFB26504B4F55
:107820004F4F3A2D2A2A7DFFFEFEFEFEFEFEFEFE93
:10783000FEFEFEFEFEFEFEFEFF282A2A85873D2B69
:10784000333E3B020101014206FA01FA5181504EDA
:107850004F4F3A2D2A2A7DFFFF282A2A85873D2B64
:10786000333E3B0201FA03414101FAFA5181504E85
:107870004F4F3A2D2A2A7DFFFEFEFEFEFEFEFEFE43
:10788000FEFEFEFEFEFEFEFEFF282A2A6D6E343945
:1078900021FB22676723FB715AFB155A5155815012
:1078A000524E46472A2A7DFFFEFEFEFEFEFEFEFEEB
:1078B000FEFEFEFEFEFEFEFEFF97BEBEF2E3BEBE75
:1078C000BEBEBEC592FFDA9BFFD9CBCFD4D4D4CFF6
:1078D000CBA7C7DBBEBE95FFFF97BEBEF2E3BEBE21
:1078E000BEBEBE99929BCACDCCB1FFBCD4D4D4CF7E
:1078F000CBA7C7DBBEBE95FFFF97BEBEF2E3BEBE01
:10790000BEBEBEC59B9ACACDCC90FFC0D4D4D4CF46
:10791000CBA7C7DBBEBE95FFFEFEFEFEFEFEFEFE53
:10792000FEFEFEFEFEFEFEFEFF97BEBEBAC7BEBE58
:10793000BEC7C3C6CECCCBAAD2D1ACD5B4B3B4D516
:10794000ACD1A696BEBE95FFFF282A2A6F6D2A2FBE
:10795000312C3E21FBFB886716FBFB88695B4F538C
:10796000535345472A2A7DFFFEFEFEFEFEFEFEFE25
:10797000FEFEFEFEFEFEFEFEFF282A2A6F6D2A2B6B
:10798000333E3B020103FA09030002FA51605B58DF
:10799000565345472A2A7DFFFF282A2A6F6D2A2B36
:1079A000333E3B020101014206FA01FA51815B5864
:1079B000565345472A2A7DFFFEFEFEFEFEFEFEFED2
:1079C000FEFEFEFEFEFEFEFEFF282A2A6F597E3ACC
:1079D00075103C3B2D55231F5AFB155A5157605BC0
:1079E00059584E422A2A7DFFFEFEFEFEFEFEFEFE96
:1079F000FEFEFEFEFEFEFEFEFF97BEBEF5D4BEBE40
:107A0000BEBEC7C39BA4CDA5FF94A9D3D2D2D2D367
:107A1000A9D4C8D6BEBE95FFFF97BEBEF5D4BEBEE4
:107A2000BEBEC7C3C6CACDD0A7DDFFDBD2D2D2D37C
:107A3000A9D4C8D6BEBE95FFFF97BEBEF5D4BEBEC4
:107A4000BEBEC7C3C6CACDA5D8FFBCD3D2D2D2D37F
:107A5000A9D4C8D6BEBE95FFFEFEFEFEFEFEFEFE0B
:107A6000FEFEFEFEFEFEFEFEFF97BEBEBAC7BEBE17
:107A7000BEC7C3C6CECCCBAAD2D1ACD5B4B3B4D5D5
:107A8000ACD1A696BEBE95FFFF282A2A6F622A2F88
:107A900029333E3A21FBFB0EFBFB881A5C59565DED
:107AA0005D564F422A2A7DFFFEFEFEFEFEFEFEFED2
:107AB000FEFEFEFEFEFEFEFEFF282A2A6F622A2B35
:107AC000323E2D020141FA03000302FA575E595675
:107AD0005D564F422A2A7DFFFF282A2A6F622A2BF1
:107AE000333E3B020103FA09030002FA555459568A
:107AF0005D564F422A2A7DFFFEFEFEFEFEFEFEFE82
:107B0000FEFEFEFEFEFEFEFEFF282A2A6D4A3E2DE8
:107B1000FB223C3B2D5555515AFB25170F0F235B7C
:107B2000825853362A2A7DFFFEFEFEFEFEFEFEFE32
:107B3000FEFEFEFEFEFEFEFEFF97BEBEF2E5BEBEF0
:107B4000BEBEC4C2CACDD09AFF94AEE6ADADADE61E
:107B5000AED3CBBCBEBE95FFFF97BEBEF2E5BEBEA8
:107B6000BEBEC4C2CACDD0CBC2FF8CA6ADADADE601
:107B7000AED3CBBCBEBE95FFFF97BEBEF2E5BEBE88
:107B8000BEBEC4C2CACD94FFFFFFB0E6ADADADE648
:107B9000AED3CBBCBEBE95FFFEFEFEFEFEFEFEFEDD
:107BA000FEFEFEFEFEFEFEFEFF97BEBEBAC7BEBED6
:107BB000BEC7C3C6CECCCBAAD2D1ACD5B4B3B4D594
:107BC000ACD1A696BEBE95FFFF282A2A6F4B2A2E5F
:107BD00029337E3A3C16FBFBFB8812605C825D5DBC
:107BE0005D5D56362A2A7DFFFEFEFEFEFEFEFEFE8F
:107BF000FEFEFEFEFEFEFEFEFF282A2A6F4B2A2B0B
:107C00003234390201470200FA0602FA675C8264E4
:107C10005D5D56362A2A7DFFFF282A2A6F4B2A2BC4
:107C2000323E2D020141FA03000302FA575C825DE5
:107C30005D5D56362A2A7DFFFEFEFEFEFEFEFEFE3E
:107C4000FEFEFEFEFEFEFEFEFF282A2A6E333E2DBD
:107C5000FB163C3B555555515AFB887575262669D0
:107C60008256584C2A2A7DFFFEFEFEFEFEFEFEFED8
:107C7000FEFEFEFEFEFEFEFEFF97BEBEBAC7BEBE05
:107C8000BEC7C3C6CECCCBA8FFDCACD5B4B3B4D58D
:107C9000ACD1A696BEBE95FFFF97BEBEBAC7BEBE0C
:107CA000BEC7C3C6CECCCB98E8FFA5D5B4B3B4D578
:107CB000ACD1A696BEBE95FFFF97BEBEBAC7BEBEEC
:107CC000BEC7C3C6CECC9A94DBFF8CC4B4B3B4D5C4
:107CD000ACD1A696BEBE95FFFEFEFEFEFEFEFEFEEB
:107CE000FEFEFEFEFEFEFEFEFF97BEBEBAC7BEBE95
:107CF000BEC7C3C6CECCCBAAD2D1ACD5B4B3B4D553
:107D0000ACD1A696BEBE95FFFF282A2A6D3D2A2E2D
:107D100029327E3A5116FBFBFB88126066625F5F78
:107D20005F5F564C2A2A7DFFFEFEFEFEFEFEFEFE33
:107D3000FEFEFEFEFEFEFEFEFF282A2A6D3D2A2BD9
:107D4000322C3E04015A0300018403006066826401
:107D50005F5F564C2A2A7DFFFF282A2A6D3D2A2B79
:107D60003234390201800100FA0602FA6069625F6A
:107D70005F5F564C2A2A7DFFFEFEFEFEFEFEFEFEE3
:107D8000FEFEFEFEFEFEFEFEFF282A2A642C3E2D8D
:107D90000E0F3C3B5555232151FB1F6363676665FE
:107DA000625D5B182A2A7DFFFEFEFEFEFEFEFEFEE1
:107DB000FEFEFEFEFEFEFEFEFF97BEBEAEBEBEBED9
:107DC000BEC5C2CACDA7D4A0FF9CB3B2EBEBEBB249
:107DD000B3ABCA96BEBE95FFFF97BEBEAEBEBEBEDB
:107DE000BEC5C2CACDA79BFFFFA5B3B2EBEBEBB2FA
:107DF000B3ABCA96BEBE95FFFF97BEBEAEBEBEBEBB
:107E0000BEC5C2CACDA7D4D3D1A5FFDAEBEBEBB286
:107E1000B3ABCA96BEBE95FFFEFEFEFEFEFEFEFEA4
:107E2000FEFEFEFEFEFEFEFEFF97BEBEAEBEBEBE68
:107E3000BEC5C2CACDA7D4D3D1ABB3B2EBEBEBB2C4
:107E4000B3ABCA96BEBE95FFFF282A2A832E2A2FDF
:107E500029327E3921FBFB0EFBFB881D696485619D
:107E6000615F59182A2A7DFFFEFEFEFEFEFEFEFE21
:107E7000FEFEFEFEFEFEFEFEFF282A2A832E2E7A3E
:107E8000322C7E070555510307630703606665645E
:107E90005F5F59182A2A7DFFFF282A2A832E2A2F5E
:107EA00038337E04015103FA005104FA666283619B
:107EB000615F59182A2A7DFFFEFEFEFEFEFEFEFED1
:107EC000FEFEFEFEFEFEFEFEFF282A2A82337E3ADA
:107ED000258A7151551FFB2163FB1F63676066652F
:107EE000648355422A2A7DFFFEFEFEFEFEFEFEFE54
:107EF000FEFEFEFEFEFEFEFEFF97BEBED0BEBEBE76
:107F0000BEC4C2C9CCCBA9C4FF99E1EEEEF2EEEE3D
:107F1000E1B39C8FBEBE95FFFF97BEBED0BEBEBE76
:107F2000BEC4C2C9CCDCFF8CA1B3E1EEEEF2EEEE32
:107F3000E1B39C8FBEBE95FFFF97BEBED0BEBEBE56
:107F4000BEC4C2C998C8A9AEACB5FFFFEEF2EEEE52
:107F5000E1B39C8FBEBE95FFFEFEFEFEFEFEFEFE62
:107F6000FEFEFEFEFEFEFEFEFF97BEBED0BEBEBE05
:107F7000BEC4C2C9CCCBA9AEACB3E1EEEEF2EEEE1C
:107F8000E1B39C8FBEBE95FFFF282A2A582E2A2FC8
:107F900031323421FBFB881221FBFB881B8386686E
:107FA000686157422A2A7DFFFEFEFEFEFEFEFEFEAF
:107FB000FEFEFEFEFEFEFEFEFF282A2A582E2E3072
:107FC0003233343E57575755636363676066656461
:107FD0005F5F57422A2A7DFFFF282A2A582E2A2F20
:107FE00031384405055755020767050465838668DF
:107FF000686157422A2A7DFFFEFEFEFEFEFEFEFE5F
:10800000FEFEFEFEFEFEFEFEFF282A2A48402C3E13
:1080100060880E2511FB265757FB882626262673D7
:10802000838342352A2A7DFFFEFEFEFEFEFEFEFE13
:10803000FEFEFEFEFEFEFEFEFF97BEBEC6C5BEBE37
:10804000BEC3C6CED0CFD3B1FF9BEEF2F5F5F5F2AD
:10805000EEB38FDABEBE95FFFF97BEBEC6C5BEBEED
:10806000BEC3C6CE92FFE8B6D5B2EEF2F5F5F5F294
:10807000EEB38FDABEBE95FFFF97BEBEC6C5BEBECD
:10808000BEC3C6DDFFDDD3E6D5B6FFFFF5F5F5F2DD
:10809000EEB38FDABEBE95FFFEFEFEFEFEFEFEFED6
:1080A000FEFEFEFEFEFEFEFEFF97BEBEC6C5BEBEC7
:1080B000BEC3C6CED0CFD3E6D5B2EEF2F5F5F5F21B
:1080C000EEB38FDABEBE95FFFF282A2A483D2A2B41
:1080D00031321EFBFB881A676722FBFB88838668A8
:1080E000686142352A2A7DFFFEFEFEFEFEFEFEFE90
:1080F000FEFEFEFEFEFEFEFEFF282A2A483D2F7BE6
:10810000322C443E57575701FAFAFAFAFAFA016448
:10811000855F42352A2A7DFFFF282A2A483D2A2EDC
:10812000307F4A4981818167605E66658386686ABF
:108130006A6142352A2A7DFFFEFEFEFEFEFEFEFE3D
:10814000FEFEFEFEFEFEFEFEFF282A2A2E313434FD
:108150003E1D2211112166605E2323232323748791
:1081600085547C2C2A2A7DFFFEFEFEFEFEFEFEFECE
:10817000FEFEFEFEFEFEFEFEFF97BEBEBEC1BFBE01
:10818000C5C3E5CDA7D4D2B1FF9BEEF5F8F8F8F55D
:10819000EEA18EE4BEBE95FFFF97BEBEBEC1BFBEC0
:1081A000C5C3E59AFFFF99B1AFECEFF4F8F8F8F525
:1081B000EEA18EE4BEBE95FFFF97BEBEBEC1BFBEA0
:1081C000C5C3E5C0FFE8CCADA9E9FFDAF8F8F8F5DA
:1081D000EEA18EE4BEBE95FFFEFEFEFEFEFEFEFE9E
:1081E000FEFEFEFEFEFEFEFEFF97BEBEBEC1BFBE91
:1081F000C5C3E5CDA7D4D2ADB4EBEEF5F8F8F8F5EC
:10820000EEA18EE4BEBE95FFFF282A2A2A2F312F29
:108210007B38668888665E5C666617FB7386686A6C
:108220006A5C792C2A2A7DFFFEFEFEFEFEFEFEFE23
:10823000FEFEFEFEFEFEFEFEFF282A2A2A2B32311B
:10824000320D040404040D0707050505050508643F
:10825000855E792C2A2A7DFFFF282A2A2A2F312E93
:108260002E2F464A54546060605C696285686A6B70
:108270006A5C792C2A2A7DFFFEFEFEFEFEFEFEFED3
:10828000FEFEFEFEFEFEFEFEFF282A2A2E323933B7
:10829000347E7E8181545C5B696969656283838514
:1082A0006436412E2A2A7DFFFEFEFEFEFEFEFEFE05
:1082B000FEFEFEFEFEFEFEFEFF97BEBEBEBF9BBEE6
:1082C000C5C3E5CDA7D4AEB1FF9BF2F5F8F9F8F53B
:1082D000ADBCD7BEBEBE95FFFF97BEBEBEBF9BBEA8
:1082E000C5C3E5A2FFFFFFFFFFFFFFFFF8F9F8F5A9
:1082F000ADBCD7BEBEBE95FFFF97BEBEBEBF9BBE88
:10830000C5C3E5CDD8FFFF9FFFFF93F6F8F9F8F559
:10831000ADBCD7BEBEBE95FFFEFEFEFEFEFEFEFE5F
:10832000FEFEFEFEFEFEFEFEFF97BEBEBEBF9BBE75
:10833000C5C3E5CDA7D4AEADB3EBF2F5F8F9F8F5CA
:10834000ADBCD7BEBEBE95FFFF282A2A2A313E2BE0
:108350002B404A69655B598265626470856A6A6A06
:108360005F36412A2A2A7DFFFEFEFEFEFEFEFEFE4D
:10837000FEFEFEFEFEFEFEFEFF282A2A2A313E31C8
:1083800032070101010107070505050505080883F6
:108390006236412A2A2A7DFFFF282A2A2A313E2EC8
:1083A0002E3D45501A0505050505081B866A6B6BB1
:1083B0005F36412A2A2A7DFFFEFEFEFEFEFEFEFEFD
:1083C000FEFEFEFEFEFEFEFEFF282A2A2A303A3E70
:1083D0003849494A505B5982626464838585868541
:1083E00080192C2E2A2A7DFFFEFEFEFEFEFEFEFEDA
:1083F000FEFEFEFEFEFEFEFEFF97BEBEBEC19CE47C
:10840000C5C3E5CDD0D4D2A699ECEEF5F8F8F8EED8
:10841000DA8DC0BEBEBE95FFFF97BEBEBEC19CE456
:10842000C5C3E59CD994949C999B9B9BF8F8F8EE66
:10843000DA8DC0BEBEBE95FFFF97BEBEBEC19CE436
:10844000C5C3E5CDD09B9EA2A29BF0F5F8F8F8EE4F
:10845000DA8DC0BEBEBE95FFFEFEFEFEFEFEFEFE37
:10846000FEFEFEFEFEFEFEFEFF97BEBEBEC19CE40B
:10847000C5C3E5CDD0D4D2ADB4EBEEF5F8F8F8EE47
:10848000DA8DC0BEBEBE95FFFF282A2A2A2B3934BA
:108490002F45454D524E58645D858586686A6A68E9
:1084A0008019332A2A2A7DFFFEFEFEFEFEFEFEFE16
:1084B000FEFEFEFEFEFEFEFEFF282A2A2A2B393E85
:1084C0003849494949545E0401010101010104642C
:1084D00047192C2A2A2A7DFFFF282A2A2A2B3934D9
:1084E0003D3D455005FAFAFAFAFAFA08866A6B6ACF
:1084F0008019332A2A2A7DFFFEFEFEFEFEFEFEFEC6
:10850000FEFEFEFEFEFEFEFEFF282A2A2A2A2C354B
:108510007E46454D524E585D5D5F85858686613C41
:108520003F3B2E2A2A2A7DFFFEFEFEFEFEFEFEFEB9
:10853000FEFEFEFEFEFEFEFEFF97BEBEBEBEE49247
:10854000E4C4C6CED0CFD3E6D5B2EEF2F5F5EED97F
:108550008ED9BEBEBEBE95FFFF97BEBEBEBEE49224
:10856000E4C4C6CED0CFD3E6D5B2EEF2F5F5EED95F
:108570008ED9BEBEBEBE95FFFF97BEBEBEBEE49204
:10858000E4C4C6CED0CFD3E6D5B2EEF2F5F5EED93F
:108590008ED9BEBEBEBE95FFFEFEFEFEFEFEFEFEF8
:1085A000FEFEFEFEFEFEFEFEFF97BEBEBEBEE492D7
:1085B000E4C4C6CED0CFD3E6D5B2EEF2F5F5EED90F
:1085C0008ED9BEBEBEBE95FFFF282A2A2A2A2C3C81
:1085D000343D434B4E58565D5F6168686A6A683B3C
:1085E0003F3B2A2A2A2A7DFFFEFEFEFEFEFEFEFEFD
:1085F000FEFEFEFEFEFEFEFEFF282A2A2A2A2C355B
:108600003E314A4A504D5B5B66666666696262351A
:108610003F3B2E2A2A2A7DFFFF282A2A2A2A2C3C81
:108620002C3D45451A0505050508081B866A683B6B
:108630003F3B2A2A2A2A7DFFFEFEFEFEFEFEFEFEAC
:10864000FEFEFEFEFEFEFEFEFF282A2A2A2A2A3908
:10865000473E3D4B4F53565D5F616168685F803FA9
:10866000352E2A2A2A2A7DFFFEFEFEFEFEFEFEFE93
:10867000FEFEFEFEFEFEFEFEFF97BEBEBEBEBEDCE2
:10868000E99BC3C9CCCBA9AEACB3E1EEEEADDA8EBB
:1086900092BEBEBEBEBE95FFFF97BEBEBEBEBEDCD6
:1086A000E99BC3C9CCCBA9AEACB3E1EEEEADDA8E9B
:1086B00092BEBEBEBEBE95FFFF97BEBEBEBEBEDCB6
:1086C000E99BC3C9CCCBA9AEACB3E1EEEEADDA8E7B
:1086D00092BEBEBEBEBE95FFFEFEFEFEFEFEFEFECE
:1086E000FEFEFEFEFEFEFEFEFF97BEBEBEBEBEDC72
:1086F000E99BC3C9CCCBA9AEACB3E1EEEEADDA8E4B
:1087000092BEBEBEBEBE95FFFF282A2A2A2A2A395B
:10871000473E434B4F53565D5F6168686A5F803FD9
:10872000352A2A2A2A2A7DFFFEFEFEFEFEFEFEFED6
:10873000FEFEFEFEFEFEFEFEFF282A2A2A2A2E3A12
:10874000473940454D525982826562646482473F91
:10875000352F2E2A2A2A7DFFFF282A2A2A2A2A395B
:10876000473E454D4D505C5C5B696283615D803F77
:10877000352A2A2A2A2A7DFFFEFEFEFEFEFEFEFE86
:10878000FEFEFEFEFEFEFEFEFF282A2A2A2A2A2AD6
:1087900039423C464F53565D5F6161615C18193B3D
:1087A0002A2A2A2A2A2A7DFFFEFEFEFEFEFEFEFE61
:1087B000FEFEFEFEFEFEFEFEFF97BEBEBEBEBEBEBF
:1087C0009CD692C1CDA7D4D3D1ABB3B3A1968DD94A
:1087D000BEBEBEBEBEBE95FFFF97BEBEBEBEBEBE87
:1087E0009CD692C1CDA7D4D3D1ABB3B3A1968DD92A
:1087F000BEBEBEBEBEBE95FFFF97BEBEBEBEBEBE67
:108800009CD692C1CDA7D4D3D1ABB3B3A1968DD909
:10881000BEBEBEBEBEBE95FFFEFEFEFEFEFEFEFE60
:10882000FEFEFEFEFEFEFEFEFF97BEBEBEBEBEBE4E
:108830009CD692C1CDA7D4D3D1ABB3B3A1968DD9D9
:10884000BEBEBEBEBEBE95FFFF282A2A2A2A2A2AFD
:1088500039423C464F53565D5F6161615C18193B7C
:108860002A2A2A2A2A2A7DFFFEFEFEFEFEFEFEFEA0
:10887000FEFEFEFEFEFEFEFEFF282A2A2A2A2A2EE1
:108880003942354A4B4E585862646464544C7D3BBF
:108890002F2E2E2A2A2A7DFFFF282A2A2A2A2A2A30
:1088A000394235384D4D5259826564835E18193B03
:1088B0002A2A2A2A2A2A7DFFFEFEFEFEFEFEFEFE50
:1088C000FEFEFEFEFEFEFEFEFF282A2A2A2A2A2A95
:1088D0002A324119413E5253565B554C7941332A55
:1088E0002A2A2A2A2A2A7DFFFEFEFEFEFEFEFEFE20
:1088F000FEFEFEFEFEFEFEFEFF97BEBEBEBEBEBE7E
:10890000BE98D7BBD799C2A7A7C294968ED7C0BE30
:10891000BEBEBEBEBEBE95FFFF97BEBEBEBEBEBE45
:10892000BE98D7BBD799C2A7A7C294968ED7C0BE10
:10893000BEBEBEBEBEBE95FFFF97BEBEBEBEBEBE25
:10894000BE98D7BBD799C2A7A7C294968ED7C0BEF0
:10895000BEBEBEBEBEBE95FFFEFEFEFEFEFEFEFE1F
:10896000FEFEFEFEFEFEFEFEFF97BEBEBEBEBEBE0D
:10897000BE98D7BBD799C2A7A7C294968ED7C0BEC0
:10898000BEBEBEBEBEBE95FFFF282A2A2A2A2A2ABC
:108990002A324119413E5253565B554C7941332A94
:1089A0002A2A2A2A2A2A7DFFFEFEFEFEFEFEFEFE5F
:1089B000FEFEFEFEFEFEFEFEFF282A2A2A2A2A2AA4
:1089C0002A324119413E4D58585C514C3F412C2FA1
:1089D0002E2E2A2A2A2A7DFFFF282A2A2A2A2A2AF4
:1089E0002A32417D413A50595950514C3F41332A26
:1089F0002A2A2A2A2A2A7DFFFEFEFEFEFEFEFEFE0F
:108A0000FEFEFEFEFEFEFEFEFF282A2A2A2A2A2A53
:108A10002A2A2A333542187D7D1842352C2A2A2AE3
:108A20002A2A2A2A2A2A7DFFFEFEFEFEFEFEFEFEDE
:108A3000FEFEFEFEFEFEFEFEFF97BEBEBEBEBEBE3C
:108A4000BEBEBEC0DAD696959596D6DAE4BEBEBE58
:108A5000BEBEBEBEBEBE95FFFF97BEBEBEBEBEBE04
:108A6000BEBEBEC0DAD696959596D6DAE4BEBEBE38
:108A7000BEBEBEBEBEBE95FFFF97BEBEBEBEBEBEE4
:108A8000BEBEBEC0DAD696959596D6DAE4BEBEBE18
:108A9000BEBEBEBEBEBE95FFFEFEFEFEFEFEFEFEDE
:108AA000FEFEFEFEFEFEFEFEFF97BEBEBEBEBEBECC
:108AB000BEBEBEC0DAD696959596D6DAE4BEBEBEE8
:108AC000BEBEBEBEBEBE95FFFF282A2A2A2A2A2A7B
:108AD0002A2A2A333542187D7D1842352C2A2A2A23
:108AE0002A2A2A2A2A2A7DFFFEFEFEFEFEFEFEFE1E
:108AF000FEFEFEFEFEFEFEFEFF282A2A2A2A2A2A63
:108B00002A2A2A333542187D7D1842352C2A2A2AF2
:108B10002A2A2A2A2A2A7DFFFF282A2A2A2A2A2ABA
:108B20002A2A2A333542187D7D1842352C2A2A2AD2
:108B30002A2A2A2A2A2A7DFFFEFEFEFEFEFEFEFECD
:108B4000FEFEFEFEFEFEFEFEFF282A2A2A2A2A2A12
:108B50002A2A2A2A2A2A2A2A2A2A2A2A2A2A2A2A75
:108B60002A2A2A2A2A2A7DFFFEFEFEFEFEFEFEFE9D
:108B7000FEFEFEFEFEFEFEFEFF97BEBEBEBEBEBEFB
:108B8000BEBEBEBEBEBEBEBEBEBEBEBEBEBEBEBE05
:108B9000BEBEBEBEBEBE95FFFF97BEBEBEBEBEBEC3
:108BA000BEBEBEBEBEBEBEBEBEBEBEBEBEBEBEBEE5
:108BB000BEBEBEBEBEBE95FFFF97BEBEBEBEBEBEA3
:108BC000BEBEBEBEBEBEBEBEBEBEBEBEBEBEBEBEC5
:108BD000BEBEBEBEBEBE95FFFEFEFEFEFEFEFEFE9D
:108BE000FEFEFEFEFEFEFEFEFF97BEBEBEBEBEBE8B
:108BF000BEBEBEBEBEBEBEBEBEBEBEBEBEBEBEBE95
:108C0000BEBEBEBEBEBE95FFFF282A2A2A2A2A2A39
:108C10002A2A2A2A2A2A2A2A2A2A2A2A2A2A2A2AB4
:108C20002A2A2A2A2A2A7DFFFEFEFEFEFEFEFEFEDC
:108C3000FEFEFEFEFEFEFEFEFF282A2A2A2A2A2A21
:108C40002A2A2A2A2A2A2A2A2A2A2A2A2A2A2A2A84
:108C50002A2A2A2A2A2A7DFFFF282A2A2A2A2A2A79
:108C60002A2A2A2A2A2A2A2A2A2A2A2A2A2A2A2A64
:108C70002A2A2A2A2A2A7DFFFEFEFEFEFEFEFEFE8C
:108C8000FEFEFEFEFEFEFEFEFFFF762A2A2A2A2AAE
:108C90002A2A2A2A2A2A2A2A2A2A2A2A2A2A2A2A34
:108CA0002A2A2A2A2A78FFFFFEFEFEFEFEFEFEFE8C
:108CB000FEFEFEFEFEFEFEFEFFFFD9BEBEBEBEBE37
:108CC000BEBEBEBEBEBEBEBEBEBEBEBEBEBEBEBEC4
:108CD000BEBEBEBEBED8FFFFFFFFD9BEBEBEBEBE7B
:108CE000BEBEBEBEBEBEBEBEBEBEBEBEBEBEBEBEA4
:108CF000BEBEBEBEBED8FFFFFFFFD9BEBEBEBEBE5B
:108D0000BEBEBEBEBEBEBEBEBEBEBEBEBEBEBEBE83
:108D1000BEBEBEBEBED8FFFFFEFEFEFEFEFEFEFED7
:108D2000FEFEFEFEFEFEFEFEFFFFD9BEBEBEBEBEC6
:108D3000BEBEBEBEBEBEBEBEBEBEBEBEBEBEBEBE53
:108D4000BEBEBEBEBED8FFFFFFFF762A2A2A2A2A51
:108D50002A2A2A2A2A2A2A2A2A2A2A2A2A2A2A2A73
:108D60002A2A2A2A2A78FFFFFEFEFEFEFEFEFEFECB
:108D7000FEFEFEFEFEFEFEFEFFFF762A2A2A2A2ABD
:108D80002A2A2A2A2A2A2A2A2A2A2A2A2A2A2A2A43
:108D90002A2A2A2A2A78FFFFFFFF762A2A2A2A2A45
:108DA0002A2A2A2A2A2A2A2A2A2A2A2A2A2A2A2A23
:108DB0002A2A2A2A2A78FFFFFEFEFEFEFEFEFEFE7B
:108DC000FEFEFEFEFEFEFEFEFFFFFF7D7D7D7D7D45
:108DD0007D7D7D7D7D7D7D7D7D7D7D7D7D7D7D7DC3
:108DE0007D7D7D7D7DFFFFFFFEFEFEFEFEFEFEFE25
:108DF000FEFEFEFEFEFEFEFEFFFFFF95959595959D
:108E00009595959595959595959595959595959512
:108E10009595959595FFFFFFFFFFFF959595959586
:108E200095959595959595959595959595959595F2
:108E30009595959595FFFFFFFFFFFF959595959566
:108E400095959595959595959595959595959595D2
:108E50009595959595FFFFFFFEFEFEFEFEFEFEFE3C
:108E6000FEFEFEFEFEFEFEFEFFFFFF95959595952C
:108E700095959595959595959595959595959595A2
:108E80009595959595FFFFFFFFFFFF7D7D7D7D7D8E
:108E90007D7D7D7D7D7D7D7D7D7D7D7D7D7D7D7D02
:108EA0007D7D7D7D7DFFFFFFFEFEFEFEFEFEFEFE64
:108EB000FEFEFEFEFEFEFEFEFFFFFF7D7D7D7D7D54
:108EC0007D7D7D7D7D7D7D7D7D7D7D7D7D7D7D7DD2
:108ED0007D7D7D7D7DFFFFFFFFFFFF7D7D7D7D7DB6
:108EE0007D7D7D7D7D7D7D7D7D7D7D7D7D7D7D7DB2
:108EF0007D7D7D7D7DFFFFFFFEFEFEFEFEFEFEFE14
:108F0000FEFEFEFEFEFEFEFEFFFFFFFFFFFFFFFF79
:108F1000FFFFFFFFFFFFFFFFFFFFFFFFFFFFFFFF61
:108F2000FFFFFFFFFFFFFFFFFEFEFEFEFEFEFEFE59
:108F3000FEFEFEFEFEFEFEFEFFFFFFFFFFFFFFFF49
:108F4000FFFFFFFFFFFFFFFFFFFFFFFFFFFFFFFF31
:108F5000FFFFFFFFFFFFFFFFFFFFFFFFFFFFFFFF21
:108F6000FFFFFFFFFFFFFFFFFFFFFFFFFFFFFFFF11
:108F7000FFFFFFFFFFFFFFFFFFFFFFFFFFFFFFFF01
:108F8000FFFFFFFFFFFFFFFFFFFFFFFFFFFFFFFFF1
:108F9000FFFFFFFFFFFFFFFFFEFEFEFEFEFEFEFEE9
:108FA000FEFEFEFEFEFEFEFEFFFFFFFFFFFFFFFFD9
:108FB000FFFFFFFFFFFFFFFFFFFFFFFFFFFFFFFFC1
:108FC000FFFFFFFFFFFFFFFFFFFFFFFFFFFFFFFFB1
:108FD000FFFFFFFFFFFFFFFFFFFFFFFFFFFFFFFFA1
:108FE000FFFFFFFFFFFFFFFFFEFEFEFEFEFEFEFE99
:108FF000FEFEFEFEFEFEFEFEFFFFFFFFFFFFFFFF89
:10900000FFFFFFFFFFFFFFFFFFFFFFFFFFFFFFFF70
:10901000FFFFFFFFFFFFFFFFFFFFFFFFFFFFFFFF60
:10902000FFFFFFFFFFFFFFFFFFFFFFFFFFFFFFFF50
:10903000FFFFFFFFFFFFFFFFFEFEFEFEFEFEFEFE48
:10904000FEFEFEFEFEFEFEFEFFFFFFFFFFFFFFFF38
:10905000FFFFFFFFFFFFFFFFFFFFFFFFFFFFFFFF20
:10906000FFFFFFFFFFFFFFFFFEFEFEFEFEFEFEFE18
:10907000FEFEFEFEFEFEFEFEFFFFFFFFFFFFFFFF08
:10908000FFFFFFFFFFFFFFFFFFFFFFFFFFFFFFFFF0
:10909000FFFFFFFFFFFFFFFFFFFFFFFFFFFFFFFFE0
:1090A000FFFFFFFFFFFFFFFFFFFFFFFFFFFFFFFFD0
:1090B000FFFFFFFFFFFFFFFFFFFFFFFFFFFFFFFFC0
:1090C000FFFFFFFFFFFFFFFFFFFFFFFFFFFFFFFFB0
:1090D000FFFFFFFFFFFFFFFFFEFEFEFEFEFEFEFEA8
:1090E000FEFEFEFEFEFEFEFEFFFFFFFFFFFFFFFF98
:1090F000FFFFFFFFFFFFFFFFFFFFFFFFFFFFFFFF80
:10910000FFFFFFFFFFFFFFFFFFFFFFFFFFFFFFFF6F
:10911000FFFFFFFFFFFFFFFFFFFFFFFFFFFFFFFF5F
:10912000FFFFFFFFFFFFFFFFFEFEFEFEFEFEFEFE57
:10913000FEFEFEFEFEFEFEFEFFFFFFFFFFFFFFFF47
:10914000FFFFFFFFFFFFFFFFFFFFFFFFFFFFFFFF2F
:10915000FFFFFFFFFFFFFFFFFFFFFFFFFFFFFFFF1F
:10916000FFFFFFFFFFFFFFFFFFFFFFFFFFFFFFFF0F
:10917000FFFFFFFFFFFFFFFFFEFEFEFEFEFEFEFE07
:10918000FEFEFEFEFEFEFEFEFFFFFF28282828282A
:10919000282828282828282828282828282828284F
:1091A0002828282828FFFFFFFEFEFEFEFEFEFEFE0A
:1091B000FEFEFEFEFEFEFEFEFFFFFF9797979797CF
:1091C000979797979797979797979797979797972F
:1091D0009797979797FFFFFFFFFFFF9797979797AF
:1091E000979797979797979797979797979797970F
:1091F0009797979797FFFFFFFFFFFF97979797978F
:1092000097979797979797979797979797979797EE
:109210009797979797FFFFFFFEFEFEFEFEFEFEFE6E
:10922000FEFEFEFEFEFEFEFEFFFFFF97979797975E
:1092300097979797979797979797979797979797BE
:1092400097979797979797979797979797979797AE
:10925000979797979797979797979797979797979E
:109260009797979797FFFFFFFEFEFEFEFEFEFEFE1E
:10927000FEFEFEFEFEFEFEFEFFFFFF282828282839
:10928000282828282828282828282828282828285E
:109290002828282828FFFFFFFFFFFF282828282844
:1092A000282828282828282828282828282828283E
:1092B0002828282828FFFFFFFEFEFEFEFEFEFEFEF9
:1092C000FEFEFEFEFEFEFEFEFFFF772A2A2A2A2A67
:1092D0002A2A2A2A2A2A2A2A2A2A2A2A2A2A2A2AEE
:1092E0002A2A2A2A2A76FFFFFEFEFEFEFEFEFEFE48
:1092F000FEFEFEFEFEFEFEFEFFFFBDBEBEBEBEBE0D
:10930000BEBEBEBEBEBEBEBEBEBEBEBEBEBEBEBE7D
:10931000BEBEBEBEBED9FFFFFFFFBDBEBEBEBEBE4F
:10932000BEBEBEBEBEBEBEBEBEBEBEBEBEBEBEBE5D
:10933000BEBEBEBEBED9FFFFFFFFBDBEBEBEBEBE2F
:10934000BEBEBEBEBEBEBEBEBEBEBEBEBEBEBEBE3D
:10935000BEBEBEBEBED9FFFFFEFEFEFEFEFEFEFE90
:10936000FEFEFEFEFEFEFEFEFFFFBDBEBEBEBEBE9C
:10937000BEBEBEBEBEBEBEBEBEBEBEBEBEBEBEBE0D
:10938000BEBEBEBEBEBEBEBEBEBEBEBEBEBEBEBEFD
:10939000BEBEBEBEBEBEBEBEBEBEBEBEBEBEBEBEED
:1093A000BEBEBEBEBED9FFFFFEFEFEFEFEFEFEFE40
:1093B000FEFEFEFEFEFEFEFEFFFF772A2A2A2A2A76
:1093C0002A2A2A2A2A2A2A2A2A2A2A2A2A2A2A2AFD
:1093D0002A2A2A2A2A76FFFFFFFF772A2A2A2A2A00
:1093E0002A2A2A2A2A2A2A2A2A2A2A2A2A2A2A2ADD
:1093F0002A2A2A2A2A76FFFFFEFEFEFEFEFEFEFE37
:10940000FEFEFEFEFEFEFEFEFF282A2A2A2A2A2A49
:109410002A2A2A2A2A2A2A2A2A2A2A2A2A2A2A2AAC
:109420002A2A2A2A2A2A7DFFFEFEFEFEFEFEFEFED4
:10943000FEFEFEFEFEFEFEFEFF97BEBEBEBEBEBE32
:10944000BEBEBEBEBEBEBEBEBEBEBEBEBEBEBEBE3C
:10945000BEBEBEBEBEBE95FFFF97BEBEBEBEBEBEFA
:10946000BEBEBEBEBEBEBEBEBEBEBEBEBEBEBEBE1C
:10947000BEBEBEBEBEBE95FFFF97BEBEBEBEBEBEDA
:10948000BEBEBEBEBEBEBEBEBEBEBEBEBEBEBEBEFC
:10949000BEBEBEBEBEBE95FFFEFEFEFEFEFEFEFED4
:1094A000FEFEFEFEFEFEFEFEFF97BEBEBEBEBEBEC2
:1094B000BEBEBEBEBEBEBEBEBEBEBEBEBEBEBEBECC
:1094C000BEBEBEBEBEBEBEBEBEBEBEBEBEBEBEBEBC
:1094D000BEBEBEBEBEBEBEBEBEBEBEBEBEBEBEBEAC
:1094E000BEBEBEBEBEBE95FFFEFEFEFEFEFEFEFE84
:1094F000FEFEFEFEFEFEFEFEFF282A2A2A2A2A2A59
:109500002A2A2A2A2A2A2A2A2A2A2A2A2A2A2A2ABB
:109510002A2A2A2A2A2A7DFFFF282A2A2A2A2A2AB0
:109520002A2A2A2A2A2A2A2A2A2A2A2A2A2A2A2A9B
:109530002A2A2A2A2A2A7DFFFEFEFEFEFEFEFEFEC3
:10954000FEFEFEFEFEFEFEFEFF282A2A2A2A2A2A08
:109550002A2A2A58707273737372876D4E2A2A2AC8
:109560002A2A2A2A2A2A7DFFFEFEFEFEFEFEFEFE93
:10957000FEFEFEFEFEFEFEFEFF97BEBEBEBEBEBEF1
:10958000BEBEBED0FBFBFBFBFBFBFBB9CEBEBEBE33
:10959000BEBEBEBEBEBE95FFFF97BEBEBEBEBEBEB9
:1095A000BEBEBED0FBFBFBFBFBFBFBB9CEBEBEBE13
:1095B000BEBEBEBEBEBE95FFFF97BEBEBEBEBEBE99
:1095C000BEBEBED0FBFBFBFBFBFBFBB9CEBEBEBEF3
:1095D000BEBEBEBEBEBE95FFFEFEFEFEFEFEFEFE93
:1095E000FEFEFEFEFEFEFEFEFF97BEBEBEBEBEBE81
:1095F000BEBEBED0FBFBFBFBFBFBFBFBFBFBFBFB9D
:10960000FBFBFBFBFBFBFBFBFBFBFBFBFBFBFBFBAA
:10961000FBFBFBFBFBFBFBFBFBFBFBB9CEBEBEBEC0
:10962000BEBEBEBEBEBE95FFFEFEFEFEFEFEFEFE42
:10963000FEFEFEFEFEFEFEFEFF282A2A2A2A2A2A17
:109640002A2A2E58707273737372876D4E2A2A2AD3
:109650002A2A2A2A2A2A7DFFFF282A2A2A2A2A2A6F
:109660002A2A2A58707273737372876D4E2A2A2AB7
:109670002A2A2A2A2A2A7DFFFEFEFEFEFEFEFEFE82
:10968000FEFEFEFEFEFEFEFEFF282A2A2A2A2A2AC7
:109690002A5872747370644E48588570876D482AD2
:1096A0002A2A2A2A2A2A7DFFFEFEFEFEFEFEFEFE52
:1096B000FEFEFEFEFEFEFEFEFF97BEBEBEBEBEBEB0
:1096C000BED0FBFBFBF9E0C9C6D0B8FBFBE3C2BED2
:1096D000BEBEBEBEBEBE95FFFF97BEBEBEBEBEBE78
:1096E000BED0FBFBFBF9E0C9C6D0B8FBFBE3C2BEB2
:1096F000BEBEBEBEBEBE95FFFF97BEBEBEBEBEBE58
:10970000BED0FBFBFBF9E0C9C6D0B8FBFBE3C2BE91
:10971000BEBEBEBEBEBE95FFFEFEFEFEFEFEFEFE51
:10972000FEFEFEFEFEFEFEFEFF97BEBEBEBEBEBE3F
:10973000BED0FBFBFBF9E0C9C9C9C9C9C9C9C9C9C0
:10974000C9C9C9C9C9C9C9C9C9C9C9C9C9C9C9C989
:10975000C9C9C9C9C9C9C9C9C6D0B8FBFBE3C2BE1A
:10976000BEBEBEBEBEBE95FFFEFEFEFEFEFEFEFE01
:10977000FEFEFEFEFEFEFEFEFF282A2A2A2A2A2AD6
:109780002E4F7274726F6252434E8370876D482EF3
:109790002A2A2A2A2A2A7DFFFF282A2A2A2A2A2A2E
:1097A0002A5872747370644E48588570876D482AC1
:1097B0002A2A2A2A2A2A7DFFFEFEFEFEFEFEFEFE41
:1097C000FEFEFEFEFEFEFEFEFF282A2A2A2A2A2A86
:1097D0006D7473833D2A2A2A2A2A2A2A4B836D4EC6
:1097E0002A2A2A2A2A2A7DFFFEFEFEFEFEFEFEFE11
:1097F000FEFEFEFEFEFEFEFEFF97BEBEBEBEBEBE6F
:10980000BAFBFBE2C7BEBEBEBEBEBEBEE5E2E3CE55
:10981000BEBEBEBEBEBE95FFFF97BEBEBEBEBEBE36
:10982000BAFBFBE2C7BEBEBEBEBEBEBEE5E2E3CE35
:10983000BEBEBEBEBEBE95FFFF97BEBEBEBEBEBE16
:10984000BAFBFBE2C7BEBEBEBEBEBEBEE5E2E3CE15
:10985000BEBEBEBEBEBE95FFFEFEFEFEFEFEFEFE10
:10986000FEFEFEFEFEFEFEFEFF97BEBEBEBEBEBEFE
:10987000BAFBFBE2C7BEBEBEBEBEBEBEBEBEBEBE65
:10988000BEBEBEBEBEBEBEBEBEBEBEBEBEBEBEBEF8
:10989000BEBEBEBEBEBEBEBEBEBEBEBEE5E2E3CE68
:1098A000BEBEBEBEBEBE95FFFEFEFEFEFEFEFEFEC0
:1098B000FEFEFEFEFEFEFEFEFF282A2A2A2A2A2E91
:1098C00086747262323238383838323245646D4EBE
:1098D0002A2A2A2A2A2A7DFFFF282A2A2A2A2A2AED
:1098E0006D7472642B302B2B2B2B303048646D4EF3
:1098F0002A2A2A2A2A2A7DFFFEFEFEFEFEFEFEFE00
:10990000FEFEFEFEFEFEFEFEFF282A2A2A2A2A70FE
:109910007487432A2A2A2A2A2A2A2A2A2A3D4F5881
:109920003D2A2A2A2A2A7DFFFEFEFEFEFEFEFEFEBC
:10993000FEFEFEFEFEFEFEFEFF97BEBEBEBEBEF8F3
:10994000FBFBC3BEBEBEBEBEBEBEBEBEBEC7CCA7B8
:10995000C5BEBEBEBEBE95FFFF97BEBEBEBEBEF8B4
:10996000FBFBC3BEBEBEBEBEBEBEBEBEBEC7CCA798
:10997000C5BEBEBEBEBE95FFFF97BEBEBEBEBEF894
:10998000FBFBC3BEBEBEBEBEBEBEBEBEBEC7CCA778
:10999000C5BEBEBEBEBE95FFFEFEFEFEFEFEFEFEC8
:1099A000FEFEFEFEFEFEFEFEFF97BEBEBEBEBEF883
:1099B000FBFBC3BEBEBEBEBEBEBEBEBEBEBEBEBE48
:1099C000BEBEBEBEBEBEBEBEBEBEBEBEBEBEBEBEB7
:1099D000BEBEBEBEBEBEBEBEBEBEBEBEBEC7CCA7A7
:1099E000C5BEBEBEBEBE95FFFEFEFEFEFEFEFEFE78
:1099F000FEFEFEFEFEFEFEFEFF282A2A2A2A2A700E
:109A0000747032347E343434343434342C324E581E
:109A10003D2A2A2A2A2A7DFFFF282A2A2A2A2A7052
:109A200074704632323238383838323231304E582B
:109A30003D2A2A2A2A2A7DFFFEFEFEFEFEFEFEFEAB
:109A4000FEFEFEFEFEFEFEFEFF282A2A2A2A86745D
:109A5000703D2A2A2A2A2A2A2A2A2A2A3D3D2A4EC3
:109A60003D312A2A2A2A7DFFFEFEFEFEFEFEFEFE74
:109A7000FEFEFEFEFEFEFEFEFF97BEBEBEBEB3FBBA
:109A8000F8C7BEBEBEBEBEBEBEBEBEBEC7C7C5A3B5
:109A9000C7BFBEBEBEBE95FFFF97BEBEBEBEB3FB78
:109AA000F8C7BEBEBEBEBEBEBEBEBEBEC7C7C5A395
:109AB000C7BFBEBEBEBE95FFFF97BEBEBEBEB3FB58
:109AC000F8C7BEBEBEBEBEBEBEBEBEBEC7C7C5A375
:109AD000C7BFBEBEBEBE95FFFEFEFEFEFEFEFEFE84
:109AE000FEFEFEFEFEFEFEFEFF97BEBEBEBEB3FB4A
:109AF000F8C7BEBEBEBEBEBEBEBEBEBEBEBEBEBE43
:109B0000BEBEBEBEBEBEBEBEBEBEBEBEBEBEBEBE75
:109B1000BEBEBEBEBEBEBEBEBEBEBEBEC7C7C5A367
:109B2000C7BFBEBEBEBE95FFFEFEFEFEFEFEFEFE33
:109B3000FEFEFEFEFEFEFEFEFF282A2A2A2A86746C
:109B40006F337E1D1F1D3A3A393A711F3E34384E2D
:109B50003D312A2A2A2A7DFFFF282A2A2A2A8674AA
:109B60006F3833347E343434343434342C32304E21
:109B70003D312A2A2A2A7DFFFEFEFEFEFEFEFEFE63
:109B8000FEFEFEFEFEFEFEFEFF282A2A2A4F73700E
:109B90003D2A2A2A2A6F2326261072434343434331
:109BA0004E3E2B2A2A2A7DFFFEFEFEFEFEFEFEFE14
:109BB000FEFEFEFEFEFEFEFEFF97BEBEBEA3FBFB4C
:109BC000C7BEBEBEBEBE9BDADDE4C4C3C3C3C3C44E
:109BD000CE99C1BEBEBE95FFFF97BEBEBEA3FBFB26
:109BE000C7BEBEBEBEBEBEBEC5C5C4C3C3C3C3C45E
:109BF000CE99C1BEBEBE95FFFF97BEBEBEA3FBFB06
:109C0000C7BEBEBEBEBEBEBEC5C5C4C3C3C3C3C43D
:109C1000CE99C1BEBEBE95FFFEFEFEFEFEFEFEFE5E
:109C2000FEFEFEFEFEFEFEFEFF97BEBEBEA3FBFBDB
:109C3000C7BEBEBEBEBEBEBEBEBEBEBEBEBEBEBE3B
:109C4000BEBEBEBEBEBEBEBEBEBEBEBEBEBEBEBE34
:109C5000BEBEBEBEBEBEBEBEC5C5C4C3C3C3C3C4F6
:109C6000CE99C1BEBEBE95FFFEFEFEFEFEFEFEFE0E
:109C7000FEFEFEFEFEFEFEFEFF282A2A2A4F73701D
:109C800038343A0FFB103C3C3C67FBFB3A7E322FEA
:109C90004E3E2B2A2A2A7DFFFF282A2A2A4F73703C
:109CA0007B337E1D1F1D3A3A393A71137E49403D80
:109CB0004E3E2B2A2A2A7DFFFEFEFEFEFEFEFEFE03
:109CC000FEFEFEFEFEFEFEFEFF282A2A2A707243DA
:109CD0002A2A2A2A72FBFBFBFBFBFB88644B4B48BE
:109CE000482F2D2A2A2A7DFFFEFEFEFEFEFEFEFEE6
:109CF000FEFEFEFEFEFEFEFEFF97BEBEBEFBFBC3EB
:109D0000BEBEBEBEBF96FFFFFFFF94C6E5E5E5C63B
:109D1000C2C194BEBEBE95FFFF97BEBEBEFBFBC3D5
:109D2000BFA28BFF96D9C5C4C3C7E9E7FF9198C608
:109D3000C2C194BEBEBE95FFFF97BEBEBEFBFBC3B5
:109D4000BEBEBEBEBEBEC5C4C3C2C6C6E5E5E5C690
:109D5000C2C194BEBEBE95FFFEFEFEFEFEFEFEFE2E
:109D6000FEFEFEFEFEFEFEFEFF97BEBEBEFBFBC37A
:109D7000BEBEBEBEBEBEC5C4C4C4C4C4C4C4C4C4C6
:109D8000C4C4C4C4C4C4C4C4C4C4C4C4C4C4C4C493
:109D9000C4C4C4C4C4C4C4C4C3C2C6C6E5E5E5C61D
:109DA000C2C194BEBEBE95FFFEFEFEFEFEFEFEFEDE
:109DB000FEFEFEFEFEFEFEFEFF282A2A2A70723DEF
:109DC000323E2D0FFBFB63474716FBFB513E4A3DDE
:109DD000482F2D2A2A2A7DFFFF282A2A2A70723D21
:109DE00038343A0FFB103C3C3C67FBFB39444A4398
:109DF000482F2D2A2A2A7DFFFEFEFEFEFEFEFEFED5
:109E0000FEFEFEFEFEFEFEFEFF282A2A4E72832A7A
:109E10002A2A2A72FB8A236F6E7227FB244F4F4E29
:109E20004E4E35312A2A7DFFFEFEFEFEFEFEFEFE70
:109E3000FEFEFEFEFEFEFEFEFF97BEBECEFBE2BEB7
:109E4000BEBEBEBEDBFF9DC092FFFFA0CDCDCDCE7E
:109E5000C9C9DABFBEBE95FFFF97BEBECEFBE2BE4C
:109E6000DBFFD6DB8BFFE4C2C69EFFA2DAFFE7A0D2
:109E7000C9C9DABFBEBE95FFFF97BEBECEFBE2BE2C
:109E8000BEBEBEBEBEC5C3C2C6CAC9CECDCDCDCE76
:109E9000C9C9DABFBEBE95FFFEFEFEFEFEFEFEFE97
:109EA000FEFEFEFEFEFEFEFEFF97BEBECEFBE2BE47
:109EB000BEBEBEBEBEC5C3C2C2C2C2C2C2C2C2C292
:109EC000C2C2C2C2C2C2C2C2C2C2C2C2C2C2C2C272
:109ED000C2C2C2C2C2C2C2C2C6CAC9CECDCDCDCE16
:109EE000C9C9DABFBEBE95FFFEFEFEFEFEFEFEFE47
:109EF000FEFEFEFEFEFEFEFEFF282A2A4E72832B89
:109F0000333E3B17750B164141750BFB513E4A48DA
:109F10004E4E35312A2A7DFFFF282A2A4E72832B86
:109F2000323E2D0FFBFB63808016FBFB5581504BAF
:109F30004E4E35312A2A7DFFFEFEFEFEFEFEFEFE5F
:109F4000FEFEFEFEFEFEFEFEFF282A2A85873D2A33
:109F50002A2A1EFBFB1E484B4E4F87FBFB875353A1
:109F60004F4F3A2D2A2A7DFFFEFEFEFEFEFEFEFE2C
:109F7000FEFEFEFEFEFEFEFEFF97BEBEB7FBC7BEA8
:109F8000BEBEBE9BFF8FC6E5C99CFFD9A7A7D0D098
:109F9000CCCDDC94BEBE95FFFF97BEBEB7FBC79B82
:109FA000FFA2BEBEE4FFE9E5E4FFD9D0A7A5FF927A
:109FB000CCCDDC94BEBE95FFFF97BEBEB7FBC7BE3F
:109FC000BEBEBEBEC5C3C6E5C9CDCCD0A7A7D0D046
:109FD000CCCDDC94BEBE95FFFEFEFEFEFEFEFEFE78
:109FE000FEFEFEFEFEFEFEFEFF97BEBEB7FBC7BE38
:109FF000BEBEBEBEC5C3C6E5E5E5E5E5E5E5E5E50E
:10A00000E5E59F9F9F9F9F9F9F9F9F9F9FDCE5E50B
:10A01000E5E5E5E5E5E5E5E5C9CDCCD0A7A7D0D0F8
:10A02000CCCDDC94BEBE95FFFEFEFEFEFEFEFEFE27
:10A03000FEFEFEFEFEFEFEFEFF282A2A85873D2B41
:10A04000333E3B177525104212FB25FB5181504EC4
:10A050004F4F3A2D2A2A7DFFFF282A2A85873D2B3C
:10A06000333E3B17750B164141750BFB5181504E2A
:10A070004F4F3A2D2A2A7DFFFEFEFEFEFEFEFEFE1B
:10A08000FEFEFEFEFEFEFEFEFF282A2A6F6D2A2A35
:10A090002A2A11FB74484E4F4F535674746F56560C
:10A0A000565345472A2A7DFFFEFEFEFEFEFEFEFEBB
:10A0B000FEFEFEFEFEFEFEFEFF97BEBEF2E3BEBE4D
:10A0C000BEBEBEDAFF92CACDCCA3FFD6D4D4D4CFC5
:10A0D000CBA7C7DBBEBE95FFFF97BEBEF2E3BEDDDA
:10A0E000FF99BEC5C39FFFCDD9FFC5CFD4D4BCD681
:10A0F000CBA7C7DBBEBE95FFFF97BEBEF2E3BEBED9
:10A10000BEBEBEC5C3C6CACDCCA7CBCFD4D4D4CFD8
:10A11000CBA7C7DBBEBE95FFFEFEFEFEFEFEFEFE2B
:10A12000FEFEFEFEFEFEFEFEFF97BEBEF2E3BEBEDC
:10A13000BEBEBEC5C3C6CACDCDCDCDCDCDCDCDCD98
:10A14000CDCDFFFFFFFFFFFFFFFFFFFFFFDDCDCD09
:10A15000CDCDCDCDCDCDCDCDCCA7CBCFD4D4D4CF3F
:10A16000CBA7C7DBBEBE95FFFEFEFEFEFEFEFEFEDB
:10A17000FEFEFEFEFEFEFEFEFF282A2A6F6D2A2B43
:10A18000333E3B17751FFB84218817FB51605B58DA
:10A19000565345472A2A7DFFFF282A2A6F6D2A2B0E
:10A1A000333E3B177525104212FB25FB51815B584E
:10A1B000565345472A2A7DFFFEFEFEFEFEFEFEFEAA
:10A1C000FEFEFEFEFEFEFEFEFF282A2A6F622A2AFF
:10A1D0002A2A27FB874E4F5353565D5D5D5D5D5DBB
:10A1E0005D564F422A2A7DFFFEFEFEFEFEFEFEFE6B
:10A1F000FEFEFEFEFEFEFEFEFF97BEBEF5D4BEBE18
:10A20000BEBEC792FFE4CDD0A7D4FFFFD2D2D2D337
:10A21000A9D4C8D6BEBE95FFFF97BEBEF5D4BEDAA0
:10A22000FF9BC7C3C69EFFD0EAFFA9D3D2D29EFF31
:10A23000A9D4C8D6BEBE95FFFF97BEBEF5D4BEBE9C
:10A24000BEBEC7C3C6CADAEAEA9BA9D3D2D2D2D36A
:10A25000A9D4C8D6BEBE95FFFEFEFEFEFEFEFEFEE3
:10A26000FEFEFEFEFEFEFEFEFF97BEBEF5D4BEBEA7
:10A27000BEBEC7C3C6CACDD0D0D0D0D0D0D0D0D02B
:10A28000D0D0D9D9D9D9D9D9D9D9D9D9D9A5D0D096
:10A29000D0D0D0D0D0D0D0D0A7D4A9D3D2D2D2D3FE
:10A2A000A9D4C8D6BEBE95FFFEFEFEFEFEFEFEFE93
:10A2B000FEFEFEFEFEFEFEFEFF282A2A6F622A2B0D
:10A2C000323E2D1775410B16882117FB575E5956E4
:10A2D0005D564F422A2A7DFFFF282A2A6F622A2BC9
:10A2E000333E3B17751FFB84218817FB5554595685
:10A2F0005D564F422A2A7DFFFEFEFEFEFEFEFEFE5A
:10A30000FEFEFEFEFEFEFEFEFF282A2A6F4B2A2AD4
:10A310002A2AFBFB6D4F5356565D5D5F5F5F5F5FA3
:10A320005D5D56362A2A7DFFFEFEFEFEFEFEFEFE27
:10A33000FEFEFEFEFEFEFEFEFF97BEBEF2E5BEBEC8
:10A34000BEBEC49EFFC0D0CBAAD38FFFADADADE6DD
:10A35000AED3CBBCBEBE95FFFF97BEBEF2E5BEDA64
:10A36000FFBEC4C2CADDFFCB9DFFAEE6ADADA2FF0E
:10A37000AED3CBBCBEBE95FFFF97BEBEF2E5BEBE60
:10A38000BEBEC4C2CACDEAFFFF94AEE6ADADADE637
:10A39000AED3CBBCBEBE95FFFEFEFEFEFEFEFEFEB5
:10A3A000FEFEFEFEFEFEFEFEFF97BEBEF2E5BEBE58
:10A3B000BEBEC4C2CACDD0CBCBCBCBCBCBCBCBCB11
:10A3C000CBCBCBCBCBCBCBCBCBCBCBCBCBCBCBCBDD
:10A3D000CBCBCBCBCBCBCBCBAAD3AEE6ADADADE627
:10A3E000AED3CBBCBEBE95FFFEFEFEFEFEFEFEFE65
:10A3F000FEFEFEFEFEFEFEFEFF282A2A6F4B2A2BE3
:10A4000032343A0F75472588FB0D17FB605B585DAA
:10A410005D5D56362A2A7DFFFF282A2A6F4B2A2B9C
:10A42000323E2D0F75410B16882117FB575C825D5C
:10A430005D5D56362A2A7DFFFEFEFEFEFEFEFEFE16
:10A44000FEFEFEFEFEFEFEFEFF282A2A6D3D2A2AA3
:10A450002A3DFBFB4E4F56565D5F5F616161616156
:10A460005F5F564C2A2A7DFFFEFEFEFEFEFEFEFECC
:10A47000FEFEFEFEFEFEFEFEFF97BEBEBAC7BEBEDD
:10A48000BEC7C39EFF98CBAAD2D1A2FFB4B3B4D5A6
:10A49000ACD1A696BEBE95FFFF97BEBEBAC7BEDAC8
:10A4A000FFC7C3C6CED9FFAA9EFFACD5B4B3A2FFE7
:10A4B000ACD1A696BEBE95FFFF97BEBEBAC7BEBEC4
:10A4C000BEC7C3C6CECC9DFFFFDCACD5B4B3B4D5FC
:10A4D000ACD1A696BEBE95FFFEFEFEFEFEFEFEFEC3
:10A4E000FEFEFEFEFEFEFEFEFF97BEBEBAC7BEBE6D
:10A4F000BEC7C3C6CECCCBAAAAAAAAAAAAAAAAAAEF
:10A50000AAAAAAAAAAAAAAAAAAAAAAAAAAAAAAAAAB
:10A51000AAAAAAAAAAAAAAAAD2D1ACD5B4B3B4D5D7
:10A52000ACD1A696BEBE95FFFEFEFEFEFEFEFEFE72
:10A53000FEFEFEFEFEFEFEFEFF282A2A6D3D2A2FAD
:10A54000322C3E0F755A20FB885A0FFB5E69625D04
:10A550005F5F564C2A2A7DFFFF282A2A6D3D2A2B51
:10A560003234390F75472526FD0D17F96069625F92
:10A570005F5F564C2A2A7DFFFEFEFEFEFEFEFEFEBB
:10A58000FEFEFEFEFEFEFEFEFF282A2A832E2A2A5B
:10A590002A3D27FB7053565D5F61616B6868686890
:10A5A000615F59182A2A7DFFFEFEFEFEFEFEFEFEBA
:10A5B000FEFEFEFEFEFEFEFEFF97BEBEAEBEBEBEB1
:10A5C000BEC5C2DDFFA5D4D3D1ABFFFFEBEBEBB231
:10A5D000B3ABCA96BEBE95FFFF97BEBEAEBEBEDA97
:10A5E000FF99C2CACDEAFFD392FFB3B2EBEBE9FF0A
:10A5F000B3ABCA96BEBE95FFFF97BEBEAEBEBEBE93
:10A60000BEC5C2CACDA79B94DCB0B3B2EBEBEBB234
:10A61000B3ABCA96BEBE95FFFEFEFEFEFEFEFEFE7C
:10A62000FEFEFEFEFEFEFEFEFF97BEBEAEBEBEBE40
:10A63000BEC5C2CACDA7D4D3D3D3D3D3D3D3D3D358
:10A64000D3D39494949494949494949494A0D3D3C2
:10A65000D3D3D3D3D3D3D3D3D1ABB3B2EBEBEBB20E
:10A66000B3ABCA96BEBE95FFFEFEFEFEFEFEFEFE2C
:10A67000FEFEFEFEFEFEFEFEFF282A2A832E2E2B65
:10A68000322C7E132155550F1F5713236665645FC7
:10A69000615F59182A2A7DFFFF282A2A832E2A2F34
:10A6A000382C7E0F115A1F0E115A17FD66628361F6
:10A6B000615F59182A2A7DFFFEFEFEFEFEFEFEFEA9
:10A6C000FEFEFEFEFEFEFEFEFF282A2A582E2A2A45
:10A6D0002A4310FB74565D5D5F616874FB746A6A9F
:10A6E000686157422A2A7DFFFEFEFEFEFEFEFEFE48
:10A6F000FEFEFEFEFEFEFEFEFF97BEBED0BEBEBE4E
:10A70000BEC4C2DDFFDCA9AEACB3FF93EEF2EEEE49
:10A71000E1B39C8FBEBE95FFFF97BEBED0BEBED933
:10A72000FFDCC2C9CCD6BCAE9CFFECEEEEF2EDE98C
:10A73000E1B39C8FBEBE95FFFF97BEBED0BEBEBE2E
:10A74000BEC4C2C9CCCBA9AEACB3E1EEEEF2EEEE24
:10A75000E1B39C8FBEBE95FFFEFEFEFEFEFEFEFE3A
:10A76000FEFEFEFEFEFEFEFEFF97BEBED0BEBEBEDD
:10A77000BEC4C2C9CCCBA9AEAEAEAEAEAEAEAEAE6E
:10A78000AEAEFFFFFFFFFFFFFFFFFFFFFFDCAEAE40
:10A79000AEAEAEAEAEAEAEAEACB3E1EEEEF2EEEE5F
:10A7A000E1B39C8FBEBE95FFFEFEFEFEFEFEFEFEEA
:10A7B000FEFEFEFEFEFEFEFEFF282A2A582E2E2B4F
:10A7C00032447E39555757576760601A696564850A
:10A7D000616157422A2A7DFFFF282A2A582E2A2FF4
:10A7E0003132441F20515A1671631F0F65838668EA
:10A7F000686157422A2A7DFFFEFEFEFEFEFEFEFE37
:10A80000FEFEFEFEFEFEFEFEFF282A2A483D2A2A04
:10A810002A4387FB89705D5F61686C27FB746B6BF3
:10A820006A6142352A2A7DFFFEFEFEFEFEFEFEFE26
:10A83000FEFEFEFEFEFEFEFEFF97BEBEC6C5BEBE0F
:10A84000BEC3C69BFFDAD3E6D5B1FFDAF5F5F5F264
:10A85000EEB38FDABEBE95FFFF97BEBEC6C5BEC0C3
:10A86000FF939ACE94FF94E6DEFFE9F0F59BFFF7A5
:10A87000EEB38FDABEBE95FFFF97BEBEC6C5BEBEA5
:10A88000BEC3C6CED0CFD3E6D5B2EEF2F5F5F5F223
:10A89000EEB38FDABEBE95FFFEFEFEFEFEFEFEFEAE
:10A8A000FEFEFEFEFEFEFEFEFF97BEBEC6C5BEBE9F
:10A8B000BEC3C6CED0CFD3E6E6E6E6E6E6E6E6E6FB
:10A8C000E6E6A2A2A2A2A2A2A2A2A2A2A298E6E662
:10A8D000E6E6E6E6E6E6E6E6D5B2EEF2F5F5F5F210
:10A8E000EEB38FDABEBE95FFFEFEFEFEFEFEFEFE5E
:10A8F000FEFEFEFEFEFEFEFEFF282A2A483D2F3009
:10A90000337E3E550E5557676060605E66696485AC
:10A91000616142352A2A7DFFFF282A2A483D2A2ED6
:10A920003040498157551D0F1D675E696486686A0E
:10A930006A6142352A2A7DFFFEFEFEFEFEFEFEFE15
:10A94000FEFEFEFEFEFEFEFEFF282A2A2A2F312AE8
:10A950003D434B24FB27726A6B730EFB0E6B6B6BD4
:10A960006A5C792C2A2A7DFFFEFEFEFEFEFEFEFEBC
:10A97000FEFEFEFEFEFEFEFEFF97BEBEBEC1BFBED9
:10A98000C5C3E5CDE8FF94ADAFEAFFE0F8F8F8F510
:10A99000EEA18EE4BEBE95FFFF97BEBEBEC1BFBE98
:10A9A000D8FFE791FFBCD2ADB4DDFFED91FFE9F533
:10A9B000EEA18EE4BEBE95FFFF97BEBEBEC1BFBE78
:10A9C000C5C3E5CDA7D4D2ADB4EBEEF5F8F8F8F5F4
:10A9D000EEA18EE4BEBE95FFFEFEFEFEFEFEFEFE76
:10A9E000FEFEFEFEFEFEFEFEFF97BEBEBEC1BFBE69
:10A9F000C5C3E5CDA7D4D2ADADADADADADADADADBB
:10AA0000ADADADADADADADADADADADADADADADAD76
:10AA1000ADADADADADADADADB4EBEEF5F8F8F8F56F
:10AA2000EEA18EE4BEBE95FFFEFEFEFEFEFEFEFE25
:10AA3000FEFEFEFEFEFEFEFEFF282A2A2A2B3231F3
:10AA40002C3E3A510B555757170B0B0BFDFD23832B
:10AA5000855E792C2A2A7DFFFF282A2A2A2F312E6B
:10AA60002B7F4A8157551FFB1F671A6585686A6BE4
:10AA70006A5C792C2A2A7DFFFEFEFEFEFEFEFEFEAB
:10AA8000FEFEFEFEFEFEFEFEFF282A2A2A313E2E94
:10AA90003D434B8388FBFBFBFBFBFB0E726C6B6B3C
:10AAA0005F36412A2A2A7DFFFEFEFEFEFEFEFEFEE6
:10AAB000FEFEFEFEFEFEFEFEFF97BEBEBEBF9BBEBE
:10AAC000C5C3E5CD99FFFF8CFFFF9BF5F8F9F8F5BD
:10AAD000ADBCD7BEBEBE95FFFF97BEBEBEBF9BBE80
:10AAE000C5D99F9FDCAFAEADB3EB9BE9E9F7F6F5B7
:10AAF000ADBCD7BEBEBE95FFFF97BEBEBEBF9BBE60
:10AB0000C5C3E5CDA7D4AEADB3EBF2F5F8F9F8F5D2
:10AB1000ADBCD7BEBEBE95FFFEFEFEFEFEFEFEFE37
:10AB2000FEFEFEFEFEFEFEFEFF97BEBEBEBF9BBE4D
:10AB3000C5C3E5CDA7D4AEADADADADADADADADAD9D
:10AB4000ADADADADADADADADADADADADADADADAD35
:10AB5000ADADADADADADADADB3EBF2F5F8F9F8F52A
:10AB6000ADBCD7BEBEBE95FFFEFEFEFEFEFEFEFEE7
:10AB7000FEFEFEFEFEFEFEFEFF282A2A2A313E3899
:10AB800034217575FC7575211C131313201E6F83FA
:10AB90006236412A2A2A7DFFFF282A2A2A313E2F9F
:10ABA0002F46401C0F0F25FB250F236F866B6B6B09
:10ABB0005F36412A2A2A7DFFFEFEFEFEFEFEFEFED5
:10ABC000FEFEFEFEFEFEFEFEFF282A2A2A2B393458
:10ABD0003D434B4F537326242424746C6B6B6B6A78
:10ABE0008019332A2A2A7DFFFEFEFEFEFEFEFEFEAF
:10ABF000FEFEFEFEFEFEFEFEFF97BEBEBEC19CE454
:10AC0000C5C3E5CDD0A4DBA2DDB1EEF5F8F8F8EED2
:10AC1000DA8DC0BEBEBE95FFFF97BEBEBEC19CE42E
:10AC2000C5C3E5CDD0D4D2ADB4EBEEF5F8F8F8EE6F
:10AC3000DA8DC0BEBEBE95FFFF97BEBEBEC19CE40E
:10AC4000C5C3E5CDD0D4D2ADB4EBEEF5F8F8F8EE4F
:10AC5000DA8DC0BEBEBE95FFFEFEFEFEFEFEFEFE0F
:10AC6000FEFEFEFEFEFEFEFEFF97BEBEBEC19CE4E3
:10AC7000C5C3E5CDD0D4D2ADADADADADADADADAD0F
:10AC8000ADADADADADADADADADADADADADADADADF4
:10AC9000ADADADADADADADADB4EBEEF5F8F8F8EEF4
:10ACA000DA8DC0BEBEBE95FFFEFEFEFEFEFEFEFEBF
:10ACB000FEFEFEFEFEFEFEFEFF282A2A2A2B3A3E5C
:10ACC0002C130F0FFB0F0F131C1320201E1E6F647D
:10ACD00047192C2A2A2A7DFFFF282A2A2A2B3934B1
:10ACE0002E464A1F267588FB8826261E866A6B6AB2
:10ACF0008019332A2A2A7DFFFEFEFEFEFEFEFEFE9E
:10AD0000FEFEFEFEFEFEFEFEFF282A2A2A2A2C3C1C
:10AD10002C43484E53565D5F61686A6A6B6B6A3BB1
:10AD20003F3B2A2A2A2A7DFFFEFEFEFEFEFEFEFE95
:10AD3000FEFEFEFEFEFEFEFEFF97BEBEBEBEE4921F
:10AD4000E4C4C6CED0CFD3E6D5B2EEF2F5F5EED957
:10AD50008ED9BEBEBEBE95FFFF97BEBEBEBEE492FC
:10AD6000E4C4C6CED0CFD3E6D5B2EEF2F5F5EED937
:10AD70008ED9BEBEBEBE95FFFF97BEBEBEBEE492DC
:10AD8000E4C4C6CED0CFD3E6D5B2EEF2F5F5EED917
:10AD90008ED9BEBEBEBE95FFFEFEFEFEFEFEFEFED0
:10ADA000FEFEFEFEFEFEFEFEFF97BEBEBEBEE492AF
:10ADB000E4C4C6CED0CFD3E6E6E6E6E6E6E6E6E6CF
:10ADC000E6E6E6E6E6E6E6E6E6E6E6E6E6E6E6E623
:10ADD000E6E6E6E6E6E6E6E6D5B2EEF2F5F5EED92B
:10ADE0008ED9BEBEBEBE95FFFEFEFEFEFEFEFEFE80
:10ADF000FEFEFEFEFEFEFEFEFF282A2A2A2E2C352F
:10AE0000397E3955FB575760222626262626738021
:10AE10003F3B2E2A2A2A7DFFFF282A2A2A2A2C3C59
:10AE2000342F464A81571FFB135E6964866A683B6C
:10AE30003F3B2A2A2A2A7DFFFEFEFEFEFEFEFEFE84
:10AE4000FEFEFEFEFEFEFEFEFF282A2A2A2A2A39E0
:10AE5000477E434E4F565D5D5F61686A6A5F803F23
:10AE6000352A2A2A2A2A7DFFFEFEFEFEFEFEFEFE6F
:10AE7000FEFEFEFEFEFEFEFEFF97BEBEBEBEBEDCBA
:10AE8000E99BC3C9CCCBA9AEACB3E1EEEEADDA8E93
:10AE900092BEBEBEBEBE95FFFF97BEBEBEBEBEDCAE
:10AEA000E99BC3C9CCCBA9AEACB3E1EEEEADDA8E73
:10AEB00092BEBEBEBEBE95FFFF97BEBEBEBEBEDC8E
:10AEC000E99BC3C9CCCBA9AEACB3E1EEEEADDA8E53
:10AED00092BEBEBEBEBE95FFFEFEFEFEFEFEFEFEA6
:10AEE000FEFEFEFEFEFEFEFEFF97BEBEBEBEBEDC4A
:10AEF000E99BC3C9CCCBA9AEAEAEAEAEAEAEAEAEE4
:10AF0000AEAEAEAEAEAEAEAEAEAEAEAEAEAEAEAE61
:10AF1000AEAEAEAEAEAEAEAEACB3E1EEEEADDA8E90
:10AF200092BEBEBEBEBE95FFFEFEFEFEFEFEFEFE55
:10AF3000FEFEFEFEFEFEFEFEFF282A2A2A2E2F3AE5
:10AF4000412D3E3EFB81545C5B6666696966473F06
:10AF5000802B2E2A2A2A7DFFFF282A2A2A2A2A39EC
:10AF6000473E7F4A54811F261F666583615D803F8F
:10AF7000352A2A2A2A2A7DFFFEFEFEFEFEFEFEFE5E
:10AF8000FEFEFEFEFEFEFEFEFF282A2A2A2A2A2AAE
:10AF900039423C464F53565D5F6161615C18193B15
:10AFA0002A2A2A2A2A2A7DFFFEFEFEFEFEFEFEFE39
:10AFB000FEFEFEFEFEFEFEFEFF97BEBEBEBEBEBE97
:10AFC0009CD692C1CDA7D4D3D1ABB3B3A1968DD922
:10AFD000BEBEBEBEBEBE95FFFF97BEBEBEBEBEBE5F
:10AFE0009CD692C1CDA7D4D3D1ABB3B3A1968DD902
:10AFF000BEBEBEBEBEBE95FFFF97BEBEBEBEBEBE3F
:10B000009CD692C1CDA7D4D3D1ABB3B3A1968DD9E1
:10B01000BEBEBEBEBEBE95FFFEFEFEFEFEFEFEFE38
:10B02000FEFEFEFEFEFEFEFEFF97BEBEBEBEBEBE26
:10B030009CD692C1CDA7D4D3D3D3D3D3D3D3D3D398
:10B04000D3D3D3D3D3D3D3D3D3D3D3D3D3D3D3D3D0
:10B05000D3D3D3D3D3D3D3D3D1ABB3B3A1968DD9D9
:10B06000BEBEBEBEBEBE95FFFEFEFEFEFEFEFEFEE8
:10B07000FEFEFEFEFEFEFEFEFF282A2A2A2A2E2FB4
:10B080003A36473E49505B598265626281197D3C80
:10B09000302F2E2A2A2A7DFFFF282A2A2A2A2A2A06
:10B0A000394235495050505C5B8262835E18193BCF
:10B0B0002A2A2A2A2A2A7DFFFEFEFEFEFEFEFEFE28
:10B0C000FEFEFEFEFEFEFEFEFF282A2A2A2A2A2A6D
:10B0D0002A324119413E5253565B554C7941332A2D
:10B0E0002A2A2A2A2A2A7DFFFEFEFEFEFEFEFEFEF8
:10B0F000FEFEFEFEFEFEFEFEFF97BEBEBEBEBEBE56
:10B10000BE98D7BBD799C2A7A7C294968ED7C0BE08
:10B11000BEBEBEBEBEBE95FFFF97BEBEBEBEBEBE1D
:10B12000BE98D7BBD799C2A7A7C294968ED7C0BEE8
:10B13000BEBEBEBEBEBE95FFFF97BEBEBEBEBEBEFD
:10B14000BE98D7BBD799C2A7A7C294968ED7C0BEC8
:10B15000BEBEBEBEBEBE95FFFEFEFEFEFEFEFEFEF7
:10B16000FEFEFEFEFEFEFEFEFF97BEBEBEBEBEBEE5
:10B17000BE98D7BBD799C2A7A7A7A7A7A7A7A7A7D6
:10B18000A7A7A7A7A7A7A7A7A7A7A7A7A7A7A7A74F
:10B19000A7A7A7A7A7A7A7A7A7C294968ED7C0BE01
:10B1A000BEBEBEBEBEBE95FFFEFEFEFEFEFEFEFEA7
:10B1B000FEFEFEFEFEFEFEFEFF282A2A2A2A2A2E78
:10B1C0002B2C4179423A504E595E5A4C3F41343013
:10B1D0002F2E2A2A2A2A7DFFFF282A2A2A2A2A2ACB
:10B1E0002A32417D423A5452595E514C7941332AB8
:10B1F0002A2A2A2A2A2A7DFFFEFEFEFEFEFEFEFEE7
:10B20000FEFEFEFEFEFEFEFEFF282A2A2A2A2A2A2B
:10B210002A2A2A333542187D7D1842352C2A2A2ABB
:10B220002A2A2A2A2A2A7DFFFEFEFEFEFEFEFEFEB6
:10B23000FEFEFEFEFEFEFEFEFF97BEBEBEBEBEBE14
:10B24000BEBEBEC0DAD696959596D6DAE4BEBEBE30
:10B25000BEBEBEBEBEBE95FFFF97BEBEBEBEBEBEDC
:10B26000BEBEBEC0DAD696959596D6DAE4BEBEBE10
:10B27000BEBEBEBEBEBE95FFFF97BEBEBEBEBEBEBC
:10B28000BEBEBEC0DAD696959596D6DAE4BEBEBEF0
:10B29000BEBEBEBEBEBE95FFFEFEFEFEFEFEFEFEB6
:10B2A000FEFEFEFEFEFEFEFEFF97BEBEBEBEBEBEA4
:10B2B000BEBEBEC0DAD69695959595959595959511
:10B2C000959595959595959595959595959595952E
:10B2D00095959595959595959596D6DAE4BEBEBECD
:10B2E000BEBEBEBEBEBE95FFFEFEFEFEFEFEFEFE66
:10B2F000FEFEFEFEFEFEFEFEFF282A2A2A2A2A2A3B
:10B300002E2F2F2C8042187979184280342B2B2F26
:10B310002E2E2A2A2A2A7DFFFF282A2A2A2A2A2A8A
:10B320002A2A2A2C35421879791842352C2A2A2AB9
:10B330002A2A2A2A2A2A7DFFFEFEFEFEFEFEFEFEA5
:10B34000FEFEFEFEFEFEFEFEFF282A2A2A2A2A2AEA
:10B350002A2A2A2A2A2A2A2A2A2A2A2A2A2A2A2A4D
:10B360002A2A2A2A2A2A7DFFFEFEFEFEFEFEFEFE75
:10B37000FEFEFEFEFEFEFEFEFF97BEBEBEBEBEBED3
:10B38000BEBEBEBEBEBEBEBEBEBEBEBEBEBEBEBEDD
:10B39000BEBEBEBEBEBE95FFFF97BEBEBEBEBEBE9B
:10B3A000BEBEBEBEBEBEBEBEBEBEBEBEBEBEBEBEBD
:10B3B000BEBEBEBEBEBE95FFFF97BEBEBEBEBEBE7B
:10B3C000BEBEBEBEBEBEBEBEBEBEBEBEBEBEBEBE9D
:10B3D000BEBEBEBEBEBE95FFFEFEFEFEFEFEFEFE75
:10B3E000FEFEFEFEFEFEFEFEFF97BEBEBEBEBEBE63
:10B3F000BEBEBEBEBEBEBEBEBEBEBEBEBEBEBEBE6D
:10B40000BEBEBEBEBEBEBEBEBEBEBEBEBEBEBEBE5C
:10B41000BEBEBEBEBEBEBEBEBEBEBEBEBEBEBEBE4C
:10B42000BEBEBEBEBEBE95FFFEFEFEFEFEFEFEFE24
:10B43000FEFEFEFEFEFEFEFEFF282A2A2A2A2A2AF9
:10B440002A2E2E2E2E2E2E2E2A2A2A2A2A2A2A2A40
:10B450002A2A2A2A2A2A7DFFFF282A2A2A2A2A2A51
:10B460002A2A2A2A2E2E2E2E2E2E2E2A2A2A2A2A20
:10B470002A2A2A2A2A2A7DFFFEFEFEFEFEFEFEFE64
:10B48000FEFEFEFEFEFEFEFEFFFF762A2A2A2A2A86
:10B490002A2A2A2A2A2A2A2A2A2A2A2A2A2A2A2A0C
:10B4A0002A2A2A2A2A78FFFFFEFEFEFEFEFEFEFE64
:10B4B000FEFEFEFEFEFEFEFEFFFFD9BEBEBEBEBE0F
:10B4C000BEBEBEBEBEBEBEBEBEBEBEBEBEBEBEBE9C
:10B4D000BEBEBEBEBED8FFFFFFFFD9BEBEBEBEBE53
:10B4E000BEBEBEBEBEBEBEBEBEBEBEBEBEBEBEBE7C
:10B4F000BEBEBEBEBED8FFFFFFFFD9BEBEBEBEBE33
:10B50000BEBEBEBEBEBEBEBEBEBEBEBEBEBEBEBE5B
:10B51000BEBEBEBEBED8FFFFFEFEFEFEFEFEFEFEAF
:10B52000FEFEFEFEFEFEFEFEFFFFD9BEBEBEBEBE9E
:10B53000BEBEBEBEBEBEBEBEBEBEBEBEBEBEBEBE2B
:10B54000BEBEBEBEBEBEBEBEBEBEBEBEBEBEBEBE1B
:10B55000BEBEBEBEBEBEBEBEBEBEBEBEBEBEBEBE0B
:10B56000BEBEBEBEBED8FFFFFEFEFEFEFEFEFEFE5F
:10B57000FEFEFEFEFEFEFEFEFFFF762A2A2A2A2A95
:10B580002A2A2A2A2A2A2A2A2A2A2A2A2A2A2A2A1B
:10B590002A2A2A2A2A78FFFFFFFF762A2A2A2A2A1D
:10B5A0002A2A2A2A2A2A2A2A2A2A2A2A2A2A2A2AFB
:10B5B0002A2A2A2A2A78FFFFFEFEFEFEFEFEFEFE53
:10B5C000FEFEFEFEFEFEFEFEFFFFFF7D7D7D7D7D1D
:10B5D0007D7D7D7D7D7D7D7D7D7D7D7D7D7D7D7D9B
:10B5E0007D7D7D7D7DFFFFFFFEFEFEFEFEFEFEFEFD
:10B5F000FEFEFEFEFEFEFEFEFFFFFF959595959575
:10B6000095959595959595959595959595959595EA
:10B610009595959595FFFFFFFFFFFF95959595955E
:10B6200095959595959595959595959595959595CA
:10B630009595959595FFFFFFFFFFFF95959595953E
:10B6400095959595959595959595959595959595AA
:10B650009595959595FFFFFFFEFEFEFEFEFEFEFE14
:10B66000FEFEFEFEFEFEFEFEFFFFFF959595959504
:10B67000959595959595959595959595959595957A
:10B68000959595959595959595959595959595956A
:10B69000959595959595959595959595959595955A
:10B6A0009595959595FFFFFFFEFEFEFEFEFEFEFEC4
:10B6B000FEFEFEFEFEFEFEFEFFFFFF7D7D7D7D7D2C
:10B6C0007D7D7D7D7D7D7D7D7D7D7D7D7D7D7D7DAA
:10B6D0007D7D7D7D7DFFFFFFFFFFFF7D7D7D7D7D8E
:10B6E0007D7D7D7D7D7D7D7D7D7D7D7D7D7D7D7D8A
:10B6F0007D7D7D7D7DFFFFFFFEFEFEFEFEFEFEFEEC
:10B70000FEFEFEFEFEFEFEFEFFFFFFFFFFFFFFFF51
:10B71000FFFFFFFFFFFFFFFFFFFFFFFFFFFFFFFF39
:10B72000FFFFFFFFFFFFFFFFFEFEFEFEFEFEFEFE31
:10B73000FEFEFEFEFEFEFEFEFFFFFFFFFFFFFFFF21
:10B74000FFFFFFFFFFFFFFFFFFFFFFFFFFFFFFFF09
:10B75000FFFFFFFFFFFFFFFFFFFFFFFFFFFFFFFFF9
:10B76000FFFFFFFFFFFFFFFFFFFFFFFFFFFFFFFFE9
:10B77000FFFFFFFFFFFFFFFFFFFFFFFFFFFFFFFFD9
:10B78000FFFFFFFFFFFFFFFFFFFFFFFFFFFFFFFFC9
:10B79000FFFFFFFFFFFFFFFFFEFEFEFEFEFEFEFEC1
:10B7A000FEFEFEFEFEFEFEFEFFFFFFFFFFFFFFFFB1
:10B7B000FFFFFFFFFFFFFFFFFFFFFFFFFFFFFFFF99
:10B7C000FFFFFFFFFFFFFFFFFFFFFFFFFFFFFFFF89
:10B7D000FFFFFFFFFFFFFFFFFFFFFFFFFFFFFFFF79
:10B7E000FFFFFFFFFFFFFFFFFEFEFEFEFEFEFEFE71
:10B7F000FEFEFEFEFEFEFEFEFFFFFFFFFFFFFFFF61
:10B80000FFFFFFFFFFFFFFFFFFFFFFFFFFFFFFFF48
:10B81000FFFFFFFFFFFFFFFFFFFFFFFFFFFFFFFF38
:10B82000FFFFFFFFFFFFFFFFFFFFFFFFFFFFFFFF28
:10B83000FFFFFFFFFFFFFFFFFEFEFEFEFEFEFEFE20
:10B84000E8E109D2E9A9C9894CAA6D7AA9494C6AEB
:10B85000F08247312D52BEF70B3ACE527EEF97ADB4
:10B860007ACE9BCEAE42547C4F63D173B48C76A516
:10B87000E610C508F042935B925B505395841374B5
:10B880007384F594369DD8B51DDF39C6FCDE9EEF76
:10B890006A11D132F232D132902A2D22F232D232D2
:10B8A000D132D132B132B02A902AEC210611D232F3
:10B8B000B1324E2A4E2A0D220C22F2326F2AA408EF
:10B8C000D13269194819F2329032F132D132AA21BB
:10B8D000123BB032D132123BE510F13A333B3343E5
:10B8E000F13A2D2A123B5343D0324D2A74436E3223
:10B8F000534332430C2A113BF13A944BD03AB5539F
:10B90000AF3AD553734B4D32934B524B11438E3A52
:10B91000F65B314B165C3764776C1564D45B356C21
:10B920007674B163389599A51AB6DBD60F1A711AD9
:10B93000CC11C408D132D132C408C4088F2AD13204
:10B94000EB218F325243B4530B2AD453F55BD78487
:10B950003DE7DFF7BFF7A21003190219A110684AEB
:10B9600085310742ED7BE639908CC2186429C952B3
:10B9700093ADF19CB4B512A5D19CC952CA5A684A7C
:10B98000F5BDF5BDEA5A77CED5B594B5F9DED8D672
:10B99000D5BD19E719DF9BF79BEF7BEF5AE777CE11
:10B9A00057CE36C6DCFFBCF7BCF77BEF98CE9CEFDA
:10B9B0007BEFDDFFDDF7E218A531119DF5BDB4B5D4
:10B9C00073ADD4BD36C635C615C615BE56C6F5BD53
:10B9D00097D677CE56CEF8DEB8D697CE77CEF9DEAC
:10B9E000B8D67AEF3AE73AE7F9DEBCF7474AC952E8
:10B9F0008C734F8CAD736B6BB0940E84B8D63AE7F2
:10BA00001AE7FDFF5BEFFDFF52AD56CE7BEFC2188C
:10BA1000E3182B638952FDFF98D60421FDFF98D6C9
:10BA20009CF7D6BDFEFF3BE799D6FEFF9DF775ADAF
:10BA3000FFFFFFFF08FAFFFFFFFFDFFF65290000A0
:10BA4000FEFEFEFEFEFEFEFEFFFFFFFFFFFFFFFF0E
:10BA5000FFFFFFFFFFFFFFFFFFFFFFFFFFFFFFFFF6
:10BA6000FFFFFFFFFFFFFFFFFEFEFEFEFEFEFEFEEE
:10BA7000FEFEFEFEFEFEFEFEFFFFFFFFFFFFFFFFDE
:10BA8000FFFFFFFFFFFFFFFFFFFFFFFFFFFFFFFFC6
:10BA9000FFFFFFFFFFFFFFFFFFFFFFFFFFFFFFFFB6
:10BAA000FFFFFFFFFFFFFFFFFFFFFFFFFFFFFFFFA6
:10BAB000FFFFFFFFFFFFFFFFFFFFFFFFFFFFFFFF96
:10BAC000FFFFFFFFFFFFFFFFFFFFFFFFFFFFFFFF86
:10BAD000FFFFFFFFFFFFFFFFFEFEFEFEFEFEFEFE7E
:10BAE000FEFEFEFEFEFEFEFEFFFFFFFFFFFFFFFF6E
:10BAF000FFFFFFFFFFFFFFFFFFFFFFFFFFFFFFFF56
:10BB0000FFFFFFFFFFFFFFFFFFFFFFFFFFFFFFFF45
:10BB1000FFFFFFFFFFFFFFFFFFFFFFFFFFFFFFFF35
:10BB2000FFFFFFFFFFFFFFFFFEFEFEFEFEFEFEFE2D
:10BB3000FEFEFEFEFEFEFEFEFFFFFFFFFFFFFFFF1D
:10BB4000FFFFFFFFFFFFFFFFFFFFFFFFFFFFFFFF05
:10BB5000FFFFFFFFFFFFFFFFFFFFFFFFFFFFFFFFF5
:10BB6000FFFFFFFFFFFFFFFFFFFFFFFFFFFFFFFFE5
:10BB7000FFFFFFFFFFFFFFFFFEFEFEFEFEFEFEFEDD
:10BB8000FEFEFEFEFEFEFEFEFFFFFFFFFFFFFFFFCD
:10BB9000FFFFFFFFFFFFFFFFFFFFFFFFFFFFFFFFB5
:10BBA000FFFFFFFFFFFFFFFFFEFEFEFEFEFEFEFEAD
:10BBB000FEFEFEFEFEFEFEFEFFFFFFFFFFFFFFFF9D
:10BBC000FFFFFFFFFFFFFFFFFFFFFFFFFFFFFFFF85
:10BBD000FFFFFFFFFFFFFFFFFFFFFFFFFFFFFFFF75
:10BBE000FFFFFFFFFFFFFFFFFFFFFFFFFFFFFFFF65
:10BBF000FFFFFFFFFFFFFFFFFFFFFFFFFFFFFFFF55
:10BC0000FFFFFFFFFFFFFFFFFFFFFFFFFFFFFFFF44
:10BC1000FFFFFFFFFFFFFFFFFEFEFEFEFEFEFEFE3C
:10BC2000FEFEFEFEFEFEFEFEFFFFFFFFFFFFFFFF2C
:10BC3000FFFFFFFFFFFFFFFFFFFFFFFFFFFFFFFF14
:10BC4000FFFFFFFFFFFFFFFFFFFFFFFFFFFFFFFF04
:10BC5000FFFFFFFFFFFFFFFFFFFFFFFFFFFFFFFFF4
:10BC6000FFFFFFFFFFFFFFFFFEFEFEFEFEFEFEFEEC
:10BC7000FEFEFEFEFEFEFEFEFFFFFFFFFFFFFFFFDC
:10BC8000FFFFFFFFFFFFFFFFFFFFFFFFFFFFFFFFC4
:10BC9000FFFFFFFFFFFFFFFFFFFFFFFFFFFFFFFFB4
:10BCA000FFFFFFFFFFFFFFFFFFFFFFFFFFFFFFFFA4
:10BCB000FFFFFFFFFFFFFFFFFEFEFEFEFEFEFEFE9C
:10BCC000FEFEFEFEFEFEFEFEFFFFFFFF2D2D2D2DD4
:10BCD0002D2D2D2D2D2D2D2D2D2D2D2D2D2D2D2D94
:10BCE0002D2D2D2D2D2DFFFFFEFEFEFEFEFEFEFE58
:10BCF000FEFEFEFEFEFEFEFEFFFFFFFF9C9C9C9CE8
:10BD00009C9C9C9C9C9C9C9C9C9C9C9C9C9C9C9C73
:10BD10009C9C9C9C9C9CFFFFFFFFFFFF9C9C9C9C11
:10BD20009C9C9C9C9C9C9C9C9C9C9C9C9C9C9C9C53
:10BD30009C9C9C9C9C9CFFFFFFFFFFFF9C9C9C9CF1
:10BD40009C9C9C9C9C9C9C9C9C9C9C9C9C9C9C9C33
:10BD50009C9C9C9C9C9CFFFFFEFEFEFEFEFEFEFE4D
:10BD6000FEFEFEFEFEFEFEFEFFFFFFFF9C9C9C9C77
:10BD70009C9C9C9C9C9C9C9C9C9C9C9C9C9C9C9C03
:10BD80009C9C9C9C9C9CFFFFFFFFFFFF2D2D2D2D5D
:10BD90002D2D2D2D2D2D2D2D2D2D2D2D2D2D2D2DD3
:10BDA0002D2D2D2D2D2DFFFFFEFEFEFEFEFEFEFE97
:10BDB000FEFEFEFEFEFEFEFEFFFFFFFF2D2D2D2DE3
:10BDC0002D2D2D2D2D2D2D2D2D2D2D2D2D2D2D2DA3
:10BDD0002D2D2D2D2D2DFFFFFFFFFFFF2D2D2D2DA7
:10BDE0002D2D2D2D2D2D2D2D2D2D2D2D2D2D2D2D83
:10BDF0002D2D2D2D2D2DFFFFFEFEFEFEFEFEFEFE47
:10BE0000FEFEFEFEFEFEFEFEFFFFFF7C2F2F2F2F0D
:10BE10002F2F2F2F2F2F2F2F2F2F2F2F2F2F2F2F32
:10BE20002F2F2F2F2F2F7BFFFEFEFEFEFEFEFEFE8E
:10BE3000FEFEFEFEFEFEFEFEFFFFFFCBACACACAC9A
:10BE4000ACACACACACACACACACACACACACACACAC32
:10BE5000ACACACACACACCAFFFFFFFFCBACACACAC99
:10BE6000ACACACACACACACACACACACACACACACAC12
:10BE7000ACACACACACACCAFFFFFFFFCBACACACAC79
:10BE8000ACACACACACACACACACACACACACACACACF2
:10BE9000ACACACACACACCAFFFEFEFEFEFEFEFEFEE1
:10BEA000FEFEFEFEFEFEFEFEFFFFFFCBACACACAC2A
:10BEB000ACACACACACACACACACACACACACACACACC2
:10BEC000ACACACACACACCAFFFFFFFF7C2F2F2F2F6C
:10BED0002F2F2F2F2F2F2F2F2F2F2F2F2F2F2F2F72
:10BEE0002F2F2F2F2F2F7BFFFEFEFEFEFEFEFEFECE
:10BEF000FEFEFEFEFEFEFEFEFFFFFF7C2F2F2F2F1D
:10BF00002F2F2F2F2F2F2F2F2F2F2F2F2F2F2F2F41
:10BF10002F2F2F2F2F2F7BFFFFFFFF7C2F2F2F2F58
:10BF20002F2F2F2F2F2F2F2F2F2F2F2F2F2F2F2F21
:10BF30002F2F2F2F2F2F7BFFFEFEFEFEFEFEFEFE7D
:10BF4000FEFEFEFEFEFEFEFEFFFF2D2F2F2F2F2FEB
:10BF50002F2F2F2F2F2F2F2F2F2F2F2F2F2F2F2FF1
:10BF60002F2F2F2F2F2F2F46FEFEFEFEFEFEFEFE52
:10BF7000FEFEFEFEFEFEFEFEFFFF9CACACACACACDB
:10BF8000ACACACACACACACACACACACACACACACACF1
:10BF9000ACACACACACACACE0FFFF9CACACACACAC17
:10BFA000ACACACACACACACACACACACACACACACACD1
:10BFB000ACACACACACACACE0FFFF9CACACACACACF7
:10BFC000ACACACACACACACACACACACACACACACACB1
:10BFD000ACACACACACACACE0FEFEFEFEFEFEFEFEDD
:10BFE000FEFEFEFEFEFEFEFEFFFF9CACACACACAC6B
:10BFF000ACACACACACACACACACACACACACACACAC81
:10C00000ACACACACACACACE0FFFF2D2F2F2F2F2F86
:10C010002F2F2F2F2F2F2F2F2F2F2F2F2F2F2F2F30
:10C020002F2F2F2F2F2F2F46FEFEFEFEFEFEFEFE91
:10C03000FEFEFEFEFEFEFEFEFFFF2D2F2F2F2F2FFA
:10C040002F2F2F2F2F2F2F2F2F2F2F2F2F2F2F2F00
:10C050002F2F2F2F2F2F2F46FFFF2D2F2F2F2F2F3B
:10C060002F2F2F2F2F2F2F2F2F2F2F2F2F2F2F2FE0
:10C070002F2F2F2F2F2F2F46FEFEFEFEFEFEFEFE41
:10C08000FEFEFEFEFEFEFEFEFFFF2D2F2F2F2F2FAA
:10C090002F2F2F2F8E7824287A28247976592F2F26
:10C0A0002F2F2F2F2F2F2F46FEFEFEFEFEFEFEFE11
:10C0B000FEFEFEFEFEFEFEFEFFFF9CACACACACAC9A
:10C0C000ACACACACD6FBFBFBFBFBFBFBC9A4ACAC48
:10C0D000ACACACACACACACE0FFFF9CACACACACACD6
:10C0E000ACACACACD6FBFBFBFBFBFBFBC9A4ACAC28
:10C0F000ACACACACACACACE0FFFF9CACACACACACB6
:10C10000ACACACACD6FBFBFBFBFBFBFBC9A4ACAC07
:10C11000ACACACACACACACE0FEFEFEFEFEFEFEFE9B
:10C12000FEFEFEFEFEFEFEFEFFFF9CACACACACAC29
:10C13000ACACACACD6FBFBFBFBFBFBFBC9A4ACACD7
:10C14000ACACACACACACACE0FFFF2D2F2F2F2F2F45
:10C150002F2F2F2F8E7824287A28247976592F2F65
:10C160002F2F2F2F2F2F2F46FEFEFEFEFEFEFEFE50
:10C17000FEFEFEFEFEFEFEFEFFFF2D2F2F2F2F2FB9
:10C180002F2F2F2F8E7824287A28247976592F2F35
:10C190002F2F2F2F2F2F2F46FFFF2D2F2F2F2F2FFA
:10C1A0002F2F2F2F8E7824287A28247976592F2F15
:10C1B0002F2F2F2F2F2F2F46FEFEFEFEFEFEFEFE00
:10C1C000FEFEFEFEFEFEFEFEFFFF2D2F2F2F2F2F69
:10C1D0002F2F62247A28786B4F4E627378797648D5
:10C1E0002F2F2F2F2F2F2F46FEFEFEFEFEFEFEFED0
:10C1F000FEFEFEFEFEFEFEFEFFFF9CACACACACAC59
:10C20000ACACD6FBFBFBF9BDB6B0D6C8FBFBECB4BF
:10C21000ACACACACACACACE0FFFF9CACACACACAC94
:10C22000ACACD6FBFBFBF9BDB6B0D6C8FBFBECB49F
:10C23000ACACACACACACACE0FFFF9CACACACACAC74
:10C24000ACACD6FBFBFBF9BDB6B0D6C8FBFBECB47F
:10C25000ACACACACACACACE0FEFEFEFEFEFEFEFE5A
:10C26000FEFEFEFEFEFEFEFEFFFF9CACACACACACE8
:10C27000ACACD6FBFBFBF9BDB6B0D6C8FBFBECB44F
:10C28000ACACACACACACACE0FFFF2D2F2F2F2F2F04
:10C290002F2F62247A28786B554E8E7378797648E2
:10C2A0002F2F2F2F2F2F2F46FEFEFEFEFEFEFEFE0F
:10C2B000FEFEFEFEFEFEFEFEFFFF2D2F2F2F2F2F78
:10C2C0002F2F62247A28786B4F4E8E7378797648B8
:10C2D0002F2F2F2F2F2F2F46FFFF2D2F2F2F2F2FB9
:10C2E0002F2F62247A28786B4F4E627378797648C4
:10C2F0002F2F2F2F2F2F2F46FEFEFEFEFEFEFEFEBF
:10C30000FEFEFEFEFEFEFEFEFFFF2D2F2F2F2F2F27
:10C310002F767A286F832F2F2F2F2F2F2F4F6F7667
:10C32000592F2F2F2F2F2F46FEFEFEFEFEFEFEFE64
:10C33000FEFEFEFEFEFEFEFEFFFF9CACACACACAC17
:10C34000ACA1FBFBDCACACACACACACACACE8DCECBE
:10C35000A4ACACACACACACE0FFFF9CACACACACAC5B
:10C36000ACA1FBFBDCACACACACACACACACE8DCEC9E
:10C37000A4ACACACACACACE0FFFF9CACACACACAC3B
:10C38000ACA1FBFBDCACACACACACACACACE8DCEC7E
:10C39000A4ACACACACACACE0FEFEFEFEFEFEFEFE21
:10C3A000FEFEFEFEFEFEFEFEFFFF9CACACACACACA7
:10C3B000ACA1FBFBDCACACACACACACACACE8DCEC4E
:10C3C000A4ACACACACACACE0FFFF2D2F2F2F2F2FCB
:10C3D0002F767A286F38383884848438384E6F76D0
:10C3E000592F2F2F2F2F2F46FEFEFEFEFEFEFEFEA4
:10C3F000FEFEFEFEFEFEFEFEFFFF2D2F2F2F2F2F37
:10C400002F767A286F832F2F2F38383837486F765A
:10C41000592F2F2F2F2F2F46FFFF2D2F2F2F2F2F4D
:10C420002F767A286F832F2F2F2F2F2F2F4F6F7656
:10C43000592F2F2F2F2F2F46FEFEFEFEFEFEFEFE53
:10C44000FEFEFEFEFEFEFEFEFFFF2D2F2F2F2F2FE6
:10C45000787A79472F2F2F2F2F2F2F2F2F2F83547D
:10C4600062872F2F2F2F2F46FEFEFEFEFEFEFEFEC2
:10C47000FEFEFEFEFEFEFEFEFFFF9CACACACACACD6
:10C48000F8FBFBD2ACACACACACACACACACACACBBCD
:10C49000BAD3ACACACACACE0FFFF9CACACACACACDD
:10C4A000F8FBFBD2ACACACACACACACACACACACBBAD
:10C4B000BAD3ACACACACACE0FFFF9CACACACACACBD
:10C4C000F8FBFBD2ACACACACACACACACACACACBB8D
:10C4D000BAD3ACACACACACE0FEFEFEFEFEFEFEFEA3
:10C4E000FEFEFEFEFEFEFEFEFFFF9CACACACACAC66
:10C4F000F8FBFBD2ACACACACACACACACACACACBB5D
:10C50000BAD3ACACACACACE0FFFF2D2F2F2F2F2F4C
:10C51000787A794738383A322E2E2E3284382F5492
:10C5200062872F2F2F2F2F46FEFEFEFEFEFEFEFE01
:10C53000FEFEFEFEFEFEFEFEFFFF2D2F2F2F2F2FF5
:10C54000787A79472F2F2F2F38388439323A385953
:10C5500062872F2F2F2F2F46FFFF2D2F2F2F2F2FAB
:10C56000787A79472F2F2F2F2F2F2F2F2F2F428E73
:10C5700062872F2F2F2F2F46FEFEFEFEFEFEFEFEB1
:10C58000FEFEFEFEFEFEFEFEFFFF2D2F2F2F2F765E
:10C590007A78832F2F2F3838383838382F42832F26
:10C5A00059833A2F2F2F2F46FEFEFEFEFEFEFEFE83
:10C5B000FEFEFEFEFEFEFEFEFFFF9CACACACACC77A
:10C5C000FBF8ACACACACACACACACACACACACACD3E9
:10C5D000A4ACAEACACACACE0FFFF9CACACACACC7BC
:10C5E000FBF8ACACACACACACACACACACACACACD3C9
:10C5F000A4ACAEACACACACE0FFFF9CACACACACC79C
:10C60000FBF8ACACACACACACACACACACACACACD3A8
:10C61000A4ACAEACACACACE0FEFEFEFEFEFEFEFE9C
:10C62000FEFEFEFEFEFEFEFEFFFF9CACACACACC709
:10C63000FBF8ACACACACACACACACACACACACACD378
:10C64000A4ACAEACACACACE0FFFF2D2F2F2F2F76FF
:10C650007A78422F38392E418282823C2E84382FBC
:10C6600059833A2F2F2F2F46FEFEFEFEFEFEFEFEC2
:10C67000FEFEFEFEFEFEFEFEFFFF2D2F2F2F2F766D
:10C680007A78832F2F2F2F2F383A2E333C2E3A379C
:10C6900059833A2F2F2F2F46FFFF2D2F2F2F2F7328
:10C6A0007A76843A3A3A8484843738383838383855
:10C6B0005538322F2F2F2F46FEFEFEFEFEFEFEFEC9
:10C6C000FEFEFEFEFEFEFEFEFFFF2D2F2F2F592841
:10C6D00078832F380600000000000000004747471D
:10C6E00047597F382F2F2F46FEFEFEFEFEFEFEFE30
:10C6F000FEFEFEFEFEFEFEFEFFFF9CACACACA4FB0D
:10C70000FBACACACD0CECECECECBCBCBCBD2D2D280
:10C71000B1A4CECFACACACE0FFFF9CACACACA4FB06
:10C72000FBACACACACACD0C3C2C2CBB1D2D2D2D2D7
:10C73000B1A4CECFACACACE0FFFF9CACACACA4FBE6
:10C74000FBACACACACACD0C3C2CCAEB1D2D2D2D2CA
:10C75000B1A4CECFACACACE0FEFEFEFEFEFEFEFE13
:10C76000FEFEFEFEFEFEFEFEFFFF9CACACACA4FB9C
:10C77000FBACACACACACACACACD3D3B1D2D2D2D2BF
:10C78000B1A4CECFACACACE0FFFF2D2F2F2F59289A
:10C7900078832F38392E8231131D1B8A403A4A4242
:10C7A00047597F382F2F2F46FEFEFEFEFEFEFEFE6F
:10C7B000FEFEFEFEFEFEFEFEFFFF2D2F2F2F592850
:10C7C00078832F2F2F2F2F2F842E4070FB4C49382A
:10C7D00042597F382F2F2F46FFFF2D2F2F2F5928FB
:10C7E0007832333C3C3C3C33332E323A844B4B84DE
:10C7F0003A563D3A382F2F46FEFEFEFEFEFEFEFE66
:10C80000FEFEFEFEFEFEFEFEFFFF2D2F2F2F7824E4
:10C81000472F388406040404040404040447484EE3
:10C820004E4838342F2F2F46FEFEFEFEFEFEFEFE43
:10C83000FEFEFEFEFEFEFEFEFFFF9CACACACFBFB74
:10C84000D2ACACACC2FFFFFFFFFFFFFFFFE8E8E8A0
:10C85000B0B4CF9EACACACE0FFFF9CACACACFBFB8F
:10C86000D2ACACACACD097FFFFFFFFC1B0E8E8E8BA
:10C87000B0B4CF9EACACACE0FFFF9CACACACFBFB6F
:10C88000D2ACACACACCAFFFFFFFFFFCEB0E8E8E82B
:10C89000B0B4CF9EACACACE0FEFEFEFEFEFEFEFEF3
:10C8A000FEFEFEFEFEFEFEFEFFFF9CACACACFBFB04
:10C8B000D2ACACACACACACD3B1D2B4B0B0E8E8E87C
:10C8C000B0B4CF9EACACACE0FFFF2D2F2F2F78245F
:10C8D000472F383A2E857F2AFB1DFB258A494A4778
:10C8E000484738342F2F2F46FEFEFEFEFEFEFEFE8A
:10C8F000FEFEFEFEFEFEFEFEFFFF2D2F2F2F7824F4
:10C90000472F2F2F2F2F2F2F3A494D27124D494AAE
:10C91000484838342F2F2F46FFFF2D2F2F38787996
:10C92000498531317F7F7F318282414C4C49494C6E
:10C930004C49333B382F2F46FEFEFEFEFEFEFEFE28
:10C94000FEFEFEFEFEFEFEFEFFFF2D2F2F59246F82
:10C950002F2F37323C313D43433D1F4D4B534F52F8
:10C96000524F4F3E3A2F2F46FEFEFEFEFEFEFEFECB
:10C97000FEFEFEFEFEFEFEFEFFFF9CACACA4FBDC5A
:10C98000ACACACACCEC2C29DC1C1E3FF9FA4A4A419
:10C99000A4B6B6C2AEACACE0FFFF9CACACA4FBDC72
:10C9A000ACACACACACB2FFE2AE9B9898B0A4A4A483
:10C9B000A4B6B6C2AEACACE0FFFF9CACACA4FBDC52
:10C9C000ACACACACD0FFFFB7AE9BE598AEA4A4A4D2
:10C9D000A4B6B6C2AEACACE0FEFEFEFEFEFEFEFEAF
:10C9E000FEFEFEFEFEFEFEFEFFFF9CACACA4FBDCEA
:10C9F000ACACACACACACD3D2B4B0B3B6A4A4A4A42D
:10CA0000A4B6B6C2AEACACE0FFFF2D2F2F59246FF9
:10CA10002F38842E41311AFB13431296235A4B535D
:10CA20004F4F4F3E3A2F2F46FEFEFEFEFEFEFEFE0D
:10CA3000FEFEFEFEFEFEFEFEFFFF2D2F2F59246F91
:10CA40002F2F2F2F2F2F2F423A4C4D2A154C4B535F
:10CA50004F4F4F3E3A2F2F46FFFF2D2F2F55796D09
:10CA6000823D3425253434432025235058585821FD
:10CA700027705B3F2E2F2F46FEFEFEFEFEFEFEFEC3
:10CA8000FEFEFEFEFEFEFEFEFFFF2D2F2F737983BE
:10CA90002F383A3C31340500000004505B5659549D
:10CAA0005454543D342F2F46FEFEFEFEFEFEFEFE85
:10CAB000FEFEFEFEFEFEFEFEFFFF9CACACC8FBAC25
:10CAC000ACACACACACD3D2B0E8CDFFE5B6BABAD61C
:10CAD000D6BBA4CC9EACACE0FFFF9CACACC8FBAC1E
:10CAE000ACACACACAE97E0B0E8B6C2FF9BBABAD67D
:10CAF000D6BBA4CC9EACACE0FFFF9CACACC8FBACFE
:10CB0000ACACACACC2FFE3B0E8B6D1FFB2BABAD6B7
:10CB1000D6BBA4CC9EACACE0FEFEFEFEFEFEFEFE4E
:10CB2000FEFEFEFEFEFEFEFEFFFF9CACACC8FBACB4
:10CB3000ACACACACACD3D2B0E8B6A4BBD6BABAD627
:10CB4000D6BBA4CC9EACACE0FFFF2D2F2F73798316
:10CB50002F38323C3123961D3D1F74122C705B53CD
:10CB60005552523D342F2F46FEFEFEFEFEFEFEFEC7
:10CB7000FEFEFEFEFEFEFEFEFFFF2D2F2F7379420E
:10CB8000383884843A37424A4B494D1C145A8D55E3
:10CB90005454543D342F2F46FFFF2D2F386F788289
:10CBA000431BFBFBFB961B4425FBFB206160601CC9
:10CBB000FB274C3B3B2F2F46FEFEFEFEFEFEFEFEFD
:10CBC000FEFEFEFEFEFEFEFEFFFF2D2F2F76762FD1
:10CBD0002F382E824301FAFA00FAFA005A8D595D75
:10CBE0005D5D574A3F2F2F46FEFEFEFEFEFEFEFE17
:10CBF000FEFEFEFEFEFEFEFEFFFF9CACACF1ECACCA
:10CC0000ACACACACD3D2B0B3A4E5FFAEB8D8D8D8F6
:10CC1000B8B8BAACE2ACACE0FFFF9CACACF1ECACA9
:10CC2000ACACACACD3FFFFB1A4BBE2FFD1D8D8D839
:10CC3000B8B8BAACE2ACACE0FFFF9CACACF1ECAC89
:10CC4000ACACACACB2FFC4B3A4BBA4FFE1D8D8D8A1
:10CC5000B8B8BAACE2ACACE0FEFEFEFEFEFEFEFEF4
:10CC6000FEFEFEFEFEFEFEFEFFFF9CACACF1ECAC59
:10CC7000ACACACACD3D2B0B3A4BBBAB8B8D8D8D8EB
:10CC8000B8B8BAACE2ACACE0FFFF2D2F2F76762F10
:10CC9000383A3082681212745058582396126D8DAB
:10CCA0006354544A3F2F2F46FEFEFEFEFEFEFEFE5C
:10CCB000FEFEFEFEFEFEFEFEFFFF2D2F2F767638D7
:10CCC000383A2E3080494B4B5B5A5A96235B638E21
:10CCD0005D5D574A3F2F2F46FFFF2D2F3877777F17
:10CCE0001BFB1B696913FB2629FBFB1A8F8F20FB9B
:10CCF000FB25588A8C2F2F46FEFEFEFEFEFEFEFE12
:10CD0000FEFEFEFEFEFEFEFEFFFF2D2F2F78662F9D
:10CD10002F382E3143FA005E5E5E01FA06648E669D
:10CD200065655D541E2F2F46FEFEFEFEFEFEFEFED6
:10CD3000FEFEFEFEFEFEFEFEFFFF9CACACF5D8AC98
:10CD4000ACACACACD2B0B3A4C4FFB7A5BDBCBCBC4A
:10CD5000BDA5D8B5ABACACE0FFFF9CACACF5D8AC96
:10CD6000ACACACACD2B7FF9FCEC1E1E1B5BCBCBCB2
:10CD7000BDA5D8B5ABACACE0FFFF9CACACF5D8AC76
:10CD8000ACACACACE2FFC3A4D6B9C6FFFFBCBCBC24
:10CD9000BDA5D8B5ABACACE0FEFEFEFEFEFEFEFED1
:10CDA000FEFEFEFEFEFEFEFEFFFF9CACACF5D8AC28
:10CDB000ACACACACD2B0B3A4D6B9D8A5BDBCBCBCED
:10CDC000BDA5D8B5ABACACE0FFFF2D2F2F78662FFB
:10CDD00038323C311D9623585A5B5B5A23FB2B6437
:10CDE00059625D541E2F2F46FEFEFEFEFEFEFEFE25
:10CDF000FEFEFEFEFEFEFEFEFFFF2D2F2F786638A4
:10CE0000842E41828A4D4C495A5A21FB68648E66B1
:10CE100065655D541E2F2F46FFFF2D2F38776A431F
:10CE20002B1C44443B3B132929FB161C5E911A160C
:10CE3000FB25585B89382F46FEFEFEFEFEFEFEFEF9
:10CE4000FEFEFEFEFEFEFEFEFFFF2D2F2F764F2F75
:10CE50002F37308243FA005E5E5E0F0406649265EF
:10CE60006765655D452F2F46FEFEFEFEFEFEFEFE5B
:10CE7000FEFEFEFEFEFEFEFEFFFF9CACACF1E8AC4B
:10CE8000ACACACB1B4B3A4B6E1FFB5D9A8A8A8A81E
:10CE9000A8D9BDB8A9ACACE0FFFF9CACACF1E8AC44
:10CEA000ACACACB1B4B39FFFFFFFFFB6A8A8A8A875
:10CEB000A8D9BDB8A9ACACE0FFFF9CACACF1E8AC24
:10CEC000ACACACB1C4FFE5D6B8A5C4FFFFA8A8A818
:10CED000A8D9BDB8A9ACACE0FEFEFEFEFEFEFEFE8B
:10CEE000FEFEFEFEFEFEFEFEFFFF9CACACF1E8ACDB
:10CEF000ACACACB1B4FFFFFFFFFFFFFFFFFFA8A882
:10CF0000A8D9BDB8A9ACACE0FFFF2D2F2F764F2FCD
:10CF100038324114FB14505A5B8D8D5B6813FB2A29
:10CF20008E66655D452F2F46FEFEFEFEFEFEFEFE72
:10CF3000FEFEFEFEFEFEFEFEFFFF2D2F2F764E387C
:10CF4000393C31192A1A50585A5A1A1D6A636665B3
:10CF50006765655D452F2F46FFFF2D2F8477583479
:10CF6000FB2A44443B5C8F8B29FB13FB0F5E171B92
:10CF7000FB25908D36382F46FEFEFEFEFEFEFEFEA1
:10CF8000FEFEFEFEFEFEFEFEFFFF2D2F2F76832F00
:10CF90002F372E824301FAFA00030F619070666703
:10CFA00067676766362F2F46FEFEFEFEFEFEFEFE1C
:10CFB000FEFEFEFEFEFEFEFEFFFF9CACACA1ACAC96
:10CFC000ACACACD2B0A4BBEBFFB7D7DBBEDEA6DE09
:10CFD000BEDBD7B8A2ACACE0FFFF9CACACA1ACAC64
:10CFE000ACACACD2B09FFFE79EB7FFE1B6DEA6DEE9
:10CFF000BEDBD7B8A2ACACE0FFFF9CACACA1ACAC44
:10D00000ACACACD2D398FFE1C3ABFFFFFFDEA6DE32
:10D01000BEDBD7B8A2ACACE0FEFEFEFEFEFEFEFE1E
:10D02000FEFEFEFEFEFEFEFEFFFF9CACACA1ACAC25
:10D03000ACACACD2B0FFFFFFFFFFFFFFFFFFA6DEEF
:10D04000BEDBD7B8A2ACACE0FFFF2D2F2F76832F2D
:10D0500038323C6A1216745A5B64646A25961277F9
:10D0600066656566362F2F46FEFEFEFEFEFEFEFE60
:10D07000FEFEFEFEFEFEFEFEFFFF2D2F2F76383752
:10D080002E211D161696205F5890131570926B670F
:10D090006C676766362F2F46FFFF2D2F846B313468
:10D0A000FB1A3E443B5C8F9129FB290E1A11FB11A0
:10D0B000FB25688D36382F46FEFEFEFEFEFEFEFE88
:10D0C000FEFEFEFEFEFEFEFEFFFF2D2F2F6F2F2F1A
:10D0D0002F37498A3D3B0300FAFAFA0090706B73D0
:10D0E0006C6C6763362F2F46FEFEFEFEFEFEFEFED4
:10D0F000FEFEFEFEFEFEFEFEFFFF9CACACD9ADAC1C
:10D10000ACACD3B4B3A4BAAAFFCFA7A6DAECECECCC
:10D11000DAA6A7B3A2ACACE0FFFF9CACACD9ADAC37
:10D12000ACACD3B4CBFFAAD8BDD7AEFFC2ECECEC0D
:10D13000DAA6A7B3A2ACACE0FFFF9CACACD9ADAC17
:10D14000ACACD3B4B3AEE7FFFFFF9E9FFFECECECBB
:10D15000DAA6A7B3A2ACACE0FEFEFEFEFEFEFEFE2B
:10D16000FEFEFEFEFEFEFEFEFFFF9CACACD9ADACAB
:10D17000ACACD3B4B3D0AECFA3C6B3A4A0EDECECAB
:10D18000DAA6A7B3A2ACACE0FFFF2D2F2F6F2F2F95
:10D19000383A2E3C2196125A686A6A2112FD77921B
:10D1A0006F676763362F2F46FEFEFEFEFEFEFEFE15
:10D1B000FEFEFEFEFEFEFEFEFFFF2D2F2F6F383817
:10D1C000393C233D19FB1C6160691D1B6D6B676C4D
:10D1D0006E6C6763362F2F46FFFF2D2F376D31346E
:10D1E000162A44443B5C131A29FB29151C1B178F74
:10D1F000FB276A9036382F46FEFEFEFEFEFEFEFE40
:10D20000FEFEFEFEFEFEFEFEFFFF2D2F2F622F2FE5
:10D210002F3749411F5C8F910C0300FA04706B6C2F
:10D220006E6E6C601E2F2F46FEFEFEFEFEFEFEFEA4
:10D23000FEFEFEFEFEFEFEFEFFFF9CACACD6ADACDD
:10D24000ACACB1B4B6BBB5FFE1DBA6DDECEEF1EE04
:10D25000ECDDA6CEABACACE0FFFF9CACACD6ADAC8D
:10D26000ACACB1B4B7FFEBA5D9DBA6E1FFEEF1EEB4
:10D27000ECDDA6CEABACACE0FFFF9CACACD6ADAC6D
:10D28000ACACB1B4B6BBB8C5C6DBA6FFE1EEF1EEFF
:10D29000ECDDA6CEABACACE0FEFEFEFEFEFEFEFE7E
:10D2A000FEFEFEFEFEFEFEFEFFFF9CACACD6ADAC6D
:10D2B000ACACB1B4B6BBB8A5D9DBA6DDECEEF1EEF3
:10D2C000ECDDA6CEABACACE0FFFF2D2F2F622F2FF5
:10D2D0002F373A4C4D27FB1C68686A12FD27926F66
:10D2E000736C6C601E2F2F46FEFEFEFEFEFEFEFEE1
:10D2F000FEFEFEFEFEFEFEFEFFFF2D2F2F623838E3
:10D30000842E411F432AFB275C71FB23926F6C6EB6
:10D310006E6E6C601E2F2F46FFFF2D2F3864823DEE
:10D32000159621445C25FB1B25FB2927FB1714714F
:10D33000FB27705C892F2F46FEFEFEFEFEFEFEFEE2
:10D34000FEFEFEFEFEFEFEFEFFFF2D2F2F4E872F60
:10D350002F843A4D05FA059191918FFA006D6F6C0B
:10D36000726E6C1E3E2F2F46FEFEFEFEFEFEFEFE81
:10D37000FEFEFEFEFEFEFEFEFFFF9CACACB0D3AC9C
:10D38000ACACD2B0A4D6D0FFC1BEDAECF1F4F4F468
:10D39000F1ECA6ABC2ACACE0FFFF9CACACB0D3AC44
:10D3A000ACACD2B0E2FFD1BDA8BEBCFFFFF4F4F438
:10D3B000F1ECA6ABC2ACACE0FFFF9CACACB0D3AC24
:10D3C000ACACD2B0D09FD1BDA8BECFFFC2F4F4F4B4
:10D3D000F1ECA6ABC2ACACE0FEFEFEFEFEFEFEFE35
:10D3E000FEFEFEFEFEFEFEFEFFFF9CACACB0D3AC2C
:10D3F000ACACD2B0A4D6B8BDA8BEDAECF1F4F4F46B
:10D40000F1ECA6ABC2ACACE0FFFF2D2F2F4E872F67
:10D410002F38384B5B5A1BFB1B681CFB796B736CFA
:10D420006E6E6C1E3E2F2F46FEFEFEFEFEFEFEFEC4
:10D43000FEFEFEFEFEFEFEFEFFFF2D2F2F4E873866
:10D440003839498A1F6117962029966A92736E931C
:10D45000936E6C1E3E2F2F46FFFF2D2F384A403112
:10D46000201716151CFB2B6025FB257196FB212030
:10D47000FB7992513F2F2F46FEFEFEFEFEFEFEFE82
:10D48000FEFEFEFEFEFEFEFEFFFF2D2F2F2F383983
:10D490002F383A4C20FA000F918F05FA0292736EE2
:10D4A00093728D953C2F2F46FEFEFEFEFEFEFEFE85
:10D4B000FEFEFEFEFEFEFEFEFFFF9CACACACCFAE61
:10D4C000ACD3D2E8A4BA9EFFEBDEECEEF4F5F8F5AF
:10D4D000F4EEA399CDACACE0FFFF9CACACACCFAE0E
:10D4E000ACD3D2E8D1FFE1E8A8DCC4FFB7F5F8F58A
:10D4F000F4EEA399CDACACE0FFFF9CACACACCFAEEE
:10D50000ACD3D2E8AEFFE1B8A8A59FE1DCF5F8F511
:10D51000F4EEA399CDACACE0FEFEFEFEFEFEFEFEF8
:10D52000FEFEFEFEFEFEFEFEFFFF9CACACACCFAEF0
:10D53000ACD3D2E8A4BAD8BCA8DEECEEF4F5F8F58A
:10D54000F4EEA399CDACACE0FFFF2D2F2F2F38398F
:10D550002F2F4742538D5B1CFB2BFB146B736E729A
:10D56000726E8D953C2F2F46FEFEFEFEFEFEFEFEE9
:10D57000FEFEFEFEFEFEFEFEFFFF2D2F2F2F383992
:10D5800038384B494D5F23FB1C1B1C706B6C93940C
:10D5900093728D953C2F2F46FFFF2D2F2F842E3118
:10D5A0007F19141C1C1B74902113236A1B2A706D95
:10D5B00013765886822F2F46FEFEFEFEFEFEFEFEEE
:10D5C000FEFEFEFEFEFEFEFEFFFF2D2F2F2F3A3148
:10D5D0002F384B495804FAFA0000FAFA0A6B6C72B9
:10D5E000936745352F2F2F46FEFEFEFEFEFEFEFE04
:10D5F000FEFEFEFEFEFEFEFEFFFF9CACACACAECB24
:10D60000ADD3D2E8A4BAAFFFC5A6ECF1F4F8F9F8AF
:10D61000F4A8A9C0ACACACE0FFFF9CACACACAECB0A
:10D62000ADD3D2E8A4E2FFFFABFFFFE1A5F8F9F824
:10D63000F4A8A9C0ACACACE0FFFF9CACACACAECBEA
:10D64000ADD3D2E8A4B2FFFFB2FFFFA3F4F8F9F81C
:10D65000F4A8A9C0ACACACE0FEFEFEFEFEFEFEFEF1
:10D66000FEFEFEFEFEFEFEFEFFFF9CACACACAECBB3
:10D67000ADD3D2E8A4BAD8D9A8A6ECF1F4F8F9F859
:10D68000F4A8A9C0ACACACE0FFFF2D2F2F2F3A318E
:10D690002F834748555664642B1D2A92736E9394CA
:10D6A000936745352F2F2F46FEFEFEFEFEFEFEFE43
:10D6B000FEFEFEFEFEFEFEFEFFFF2D2F2F2F3A3157
:10D6C0002F83424A4B5A5F2AFB172A706F6E94943D
:10D6D000936745352F2F2F46FFFF2D2F2F383343CC
:10D6E00085311F5058585A8D64706D9292926F6FA9
:10D6F0006F924535382F2F46FEFEFEFEFEFEFEFEE3
:10D70000FEFEFEFEFEFEFEFEFFFF2D2F2F2F387FBA
:10D71000412F384B4C58060400000419926F6E726A
:10D720006E3E46332F2F2F46FEFEFEFEFEFEFEFE11
:10D73000FEFEFEFEFEFEFEFEFFFF9CACACACCFD1BB
:10D74000D4D3D2E8A4D6D49BEADEECEEF4F5F8F517
:10D75000ECC2E1D0ACACACE0FFFF9CACACACCFD148
:10D76000D4D3D2E8A4D6D4E6B2B2C4D9F4F5F8F54D
:10D77000ECC2E1D0ACACACE0FFFF9CACACACCFD128
:10D78000D4D3D2E8A4D69EE6B29ED8EEF4F5F8F54E
:10D79000ECC2E1D0ACACACE0FEFEFEFEFEFEFEFE56
:10D7A000FEFEFEFEFEFEFEFEFFFF9CACACACCFD14B
:10D7B000D4D3D2E8A4D6D8BCA8DEECEEF4F5F8F5C4
:10D7C000ECC2E1D0ACACACE0FFFF2D2F2F2F387FA7
:10D7D0004183474E4F5959636D926B6F6C729494AD
:10D7E0006E3E46332F2F2F46FEFEFEFEFEFEFEFE51
:10D7F000FEFEFEFEFEFEFEFEFFFF2D2F2F2F387FCA
:10D8000041834747535B907416FB276D6F6E94946A
:10D810006E3E46332F2F2F46FFFF2D2F2F2F3A43DB
:10D820007F333C4C5B8D648E926B6F7373736C6C47
:10D83000738B4641382F2F46FEFEFEFEFEFEFEFE97
:10D84000FEFEFEFEFEFEFEFEFFFF2D2F2F2F2F3CC5
:10D850004441384A4B5B5A5A686A70926F6C6E6EDC
:10D860003B863B2F2F2F2F46FEFEFEFEFEFEFEFECA
:10D87000FEFEFEFEFEFEFEFEFFFF9CACACACACCDA1
:10D88000C1D4B1B0A4D6B8BDA8BEDAECF1F4F4ECC2
:10D89000C499CAACACACACE0FFFF9CACACACACCDBA
:10D8A000C1D4B1B0A4D6B8BDA8BEDAECF1F4F4ECA2
:10D8B000C499CAACACACACE0FFFF9CACACACACCD9A
:10D8C000C1D4B1B0A4D6B8BDA8BEDAECF1F4F4EC82
:10D8D000C499CAACACACACE0FEFEFEFEFEFEFEFEA1
:10D8E000FEFEFEFEFEFEFEFEFFFF9CACACACACCD31
:10D8F000C1D4B1B0A4D6B8BDA8BEDAECF1F4F4EC52
:10D90000C499CAACACACACE0FFFF2D2F2F2F2F3C3D
:10D910004481474E4F526262666B6F736E72936EB4
:10D920003B863B2F2F2F2F46FEFEFEFEFEFEFEFE09
:10D93000FEFEFEFEFEFEFEFEFFFF2D2F2F2F2F3CD4
:10D94000448147484E535B6827FB2192736E936E68
:10D950003B863B2F2F2F2F46FFFF2D2F2F2F2F41A1
:10D960003E313A4B53558E66656F676C6E6E726CC6
:10D9700044863B2F2F2F2F46FEFEFEFEFEFEFEFEB0
:10D98000FEFEFEFEFEFEFEFEFFFF2D2F2F2F2F2F91
:10D990003D3F314A53538D646463926B736C6F8B5C
:10D9A000863E2F2F2F2F2F46FEFEFEFEFEFEFEFE92
:10D9B000FEFEFEFEFEFEFEFEFFFF9CACACACACAC81
:10D9C000CCB7CBD2B6BBB8A5D9DBA6DDECEEA8C2EE
:10D9D000999DACACACACACE0FFFF9CACACACACACDF
:10D9E000CCB7CBD2B6BBB8A5D9DBA6DDECEEA8C2CE
:10D9F000999DACACACACACE0FFFF9CACACACACACBF
:10DA0000CCB7CBD2B6BBB8A5D9DBA6DDECEEA8C2AD
:10DA1000999DACACACACACE0FEFEFEFEFEFEFEFEA4
:10DA2000FEFEFEFEFEFEFEFEFFFF9CACACACACAC10
:10DA3000CCB7CBD2B6BBB8A5D9DBA6DDECEEA8C27D
:10DA4000999DACACACACACE0FFFF2D2F2F2F2F2F4E
:10DA50003D3F82474F5457666565676C6E6E678BB6
:10DA6000863E2F2F2F2F2F46FEFEFEFEFEFEFEFED1
:10DA7000FEFEFEFEFEFEFEFEFFFF2D2F2F2F2F2FA0
:10DA80003D3F82475555566464246D6B736E678BBA
:10DA9000863E2F2F2F2F2F46FFFF2D2F2F2F2F2F7B
:10DAA0003D3F31424F54576565676C6E6E6E678BB4
:10DAB000863E2F2F2F2F2F46FEFEFEFEFEFEFEFE81
:10DAC000FEFEFEFEFEFEFEFEFFFF2D2F2F2F2F2F50
:10DAD0002F7F89443A5555598E666B6F675B364682
:10DAE0003B2F2F2F2F2F2F46FEFEFEFEFEFEFEFEAB
:10DAF000FEFEFEFEFEFEFEFEFFFF9CACACACACAC40
:10DB0000ACCEAAC1CFA4BAD8BDD7A7A6A6A3A2E17E
:10DB1000CAACACACACACACE0FFFF9CACACACACAC5D
:10DB2000ACCEAAC1CFA4BAD8BDD7A7A6A6A3A2E15E
:10DB3000CAACACACACACACE0FFFF9CACACACACAC3D
:10DB4000ACCEAAC1CFA4BAD8BDD7A7A6A6A3A2E13E
:10DB5000CAACACACACACACE0FEFEFEFEFEFEFEFE23
:10DB6000FEFEFEFEFEFEFEFEFFFF9CACACACACACCF
:10DB7000ACCEAAC1CFA4BAD8BDD7A7A6A6A3A2E10E
:10DB8000CAACACACACACACE0FFFF2D2F2F2F2F2FCD
:10DB90002F7F89443852575D6565676C6C8D3646BA
:10DBA0003B2F2F2F2F2F2F46FEFEFEFEFEFEFEFEEA
:10DBB000FEFEFEFEFEFEFEFEFFFF2D2F2F2F2F2F5F
:10DBC0002F7F89444B4F59598E8E666F675B36465F
:10DBD0003B2F2F2F2F2F2F46FFFF2D2F2F2F2F2F94
:10DBE0002F7F89443854575D6567676C6C8D364666
:10DBF0003B2F2F2F2F2F2F46FEFEFEFEFEFEFEFE9A
:10DC0000FEFEFEFEFEFEFEFEFFFF2D2F2F2F2F2F0E
:10DC10002F2F2E3546351F535462646136953533A8
:10DC20002F2F2F2F2F2F2F46FEFEFEFEFEFEFEFE75
:10DC3000FEFEFEFEFEFEFEFEFFFF9CACACACACACFE
:10DC4000ACACD5C0DFBFCBB4B9B9B49BA299C0D03E
:10DC5000ACACACACACACACE0FFFF9CACACACACAC3A
:10DC6000ACACD5C0DFBFCBB4B9B9B49BA299C0D01E
:10DC7000ACACACACACACACE0FFFF9CACACACACAC1A
:10DC8000ACACD5C0DFBFCBB4B9B9B49BA299C0D0FE
:10DC9000ACACACACACACACE0FEFEFEFEFEFEFEFE00
:10DCA000FEFEFEFEFEFEFEFEFFFF9CACACACACAC8E
:10DCB000ACACD5C0DFBFCBB4B9B9B49BA299C0D0CE
:10DCC000ACACACACACACACE0FFFF2D2F2F2F2F2FAA
:10DCD0002F2F2E3546351F565D66646136953533D8
:10DCE0002F2F2F2F2F2F2F46FEFEFEFEFEFEFEFEB5
:10DCF000FEFEFEFEFEFEFEFEFFFF2D2F2F2F2F2F1E
:10DD00002F2F2E3546351F5359598D5C3695353397
:10DD10002F2F2F2F2F2F2F46FFFF2D2F2F2F2F2F5E
:10DD20002F2F2E3546351F565D6664613695353387
:10DD30002F2F2F2F2F2F2F46FEFEFEFEFEFEFEFE64
:10DD4000FEFEFEFEFEFEFEFEFFFF2D2F2F2F2F2FCD
:10DD50002F2F2F2F333E1E364646361E3E3C2F2F8A
:10DD60002F2F2F2F2F2F2F46FEFEFEFEFEFEFEFE34
:10DD7000FEFEFEFEFEFEFEFEFFFF9CACACACACACBD
:10DD8000ACACACACD0C2ABA2E0E0A2ABC2CDACAC10
:10DD9000ACACACACACACACE0FFFF9CACACACACACF9
:10DDA000ACACACACD0C2ABA2E0E0A2ABC2CDACACF0
:10DDB000ACACACACACACACE0FFFF9CACACACACACD9
:10DDC000ACACACACD0C2ABA2E0E0A2ABC2CDACACD0
:10DDD000ACACACACACACACE0FEFEFEFEFEFEFEFEBF
:10DDE000FEFEFEFEFEFEFEFEFFFF9CACACACACAC4D
:10DDF000ACACACACD0C2ABA2E0E0A2ABC2CDACACA0
:10DE0000ACACACACACACACE0FFFF2D2F2F2F2F2F68
:10DE10002F2F2F2F333E1E364646361E3E3C2F2FC9
:10DE20002F2F2F2F2F2F2F46FEFEFEFEFEFEFEFE73
:10DE3000FEFEFEFEFEFEFEFEFFFF2D2F2F2F2F2FDC
:10DE40002F2F2F2F333E1E364646361E3E3C2F2F99
:10DE50002F2F2F2F2F2F2F46FFFF2D2F2F2F2F2F1D
:10DE60002F2F2F2F333E1E364646361E3E3C2F2F79
:10DE70002F2F2F2F2F2F2F46FEFEFEFEFEFEFEFE23
:10DE8000FEFEFEFEFEFEFEFEFFFF2D2F2F2F2F2F8C
:10DE90002F2F2F2F2F2F2F2F2F2F2F2F2F2F2F2F92
:10DEA0002F2F2F2F2F2F2F46FEFEFEFEFEFEFEFEF3
:10DEB000FEFEFEFEFEFEFEFEFFFF9CACACACACAC7C
:10DEC000ACACACACACACACACACACACACACACACAC92
:10DED000ACACACACACACACE0FFFF9CACACACACACB8
:10DEE000ACACACACACACACACACACACACACACACAC72
:10DEF000ACACACACACACACE0FFFF9CACACACACAC98
:10DF0000ACACACACACACACACACACACACACACACAC51
:10DF1000ACACACACACACACE0FEFEFEFEFEFEFEFE7D
:10DF2000FEFEFEFEFEFEFEFEFFFF9CACACACACAC0B
:10DF3000ACACACACACACACACACACACACACACACAC21
:10DF4000ACACACACACACACE0FFFF2D2F2F2F2F2F27
:10DF50002F2F2F2F2F2F2F2F2F2F2F2F2F2F2F2FD1
:10DF60002F2F2F2F2F2F2F46FEFEFEFEFEFEFEFE32
:10DF7000FEFEFEFEFEFEFEFEFFFF2D2F2F2F2F2F9B
:10DF80002F2F2F2F2F2F2F2F2F2F2F2F2F2F2F2FA1
:10DF90002F2F2F2F2F2F2F46FFFF2D2F2F2F2F2FDC
:10DFA0002F2F2F2F2F2F2F2F2F2F2F2F2F2F2F2F81
:10DFB0002F2F2F2F2F2F2F46FEFEFEFEFEFEFEFEE2
:10DFC000FEFEFEFEFEFEFEFEFFFFFF7B2F2F2F2F2D
:10DFD0002F2F2F2F2F2F2F2F2F2F2F2F2F2F2F2F51
:10DFE0002F2F2F2F2F2F7DFFFEFEFEFEFEFEFEFEAB
:10DFF000FEFEFEFEFEFEFEFEFFFFFFCAACACACACBA
:10E00000ACACACACACACACACACACACACACACACAC50
:10E01000ACACACACACACE2FFFFFFFFCAACACACACA0
:10E02000ACACACACACACACACACACACACACACACAC30
:10E03000ACACACACACACE2FFFFFFFFCAACACACAC80
:10E04000ACACACACACACACACACACACACACACACAC10
:10E05000ACACACACACACE2FFFEFEFEFEFEFEFEFEE7
:10E06000FEFEFEFEFEFEFEFEFFFFFFCAACACACAC49
:10E07000ACACACACACACACACACACACACACACACACE0
:10E08000ACACACACACACE2FFFFFFFF7B2F2F2F2F73
:10E090002F2F2F2F2F2F2F2F2F2F2F2F2F2F2F2F90
:10E0A0002F2F2F2F2F2F7DFFFEFEFEFEFEFEFEFEEA
:10E0B000FEFEFEFEFEFEFEFEFFFFFF7B2F2F2F2F3C
:10E0C0002F2F2F2F2F2F2F2F2F2F2F2F2F2F2F2F60
:10E0D0002F2F2F2F2F2F7DFFFFFFFF7B2F2F2F2F76
:10E0E0002F2F2F2F2F2F2F2F2F2F2F2F2F2F2F2F40
:10E0F0002F2F2F2F2F2F7DFFFEFEFEFEFEFEFEFE9A
:10E10000FEFEFEFEFEFEFEFEFFFFFFFF464646460B
:10E11000464646464646464646464646464646469F
:10E12000464646464646FFFFFEFEFEFEFEFEFEFE5D
:10E13000FEFEFEFEFEFEFEFEFFFFFFFFE0E0E0E073
:10E14000E0E0E0E0E0E0E0E0E0E0E0E0E0E0E0E0CF
:10E15000E0E0E0E0E0E0FFFFFFFFFFFFE0E0E0E005
:10E16000E0E0E0E0E0E0E0E0E0E0E0E0E0E0E0E0AF
:10E17000E0E0E0E0E0E0FFFFFFFFFFFFE0E0E0E0E5
:10E18000E0E0E0E0E0E0E0E0E0E0E0E0E0E0E0E08F
:10E19000E0E0E0E0E0E0FFFFFEFEFEFEFEFEFEFE51
:10E1A000FEFEFEFEFEFEFEFEFFFFFFFFE0E0E0E003
:10E1B000E0E0E0E0E0E0E0E0E0E0E0E0E0E0E0E05F
:10E1C000E0E0E0E0E0E0FFFFFFFFFFFF46464646FD
:10E1D00046464646464646464646464646464646DF
:10E1E000464646464646FFFFFEFEFEFEFEFEFEFE9D
:10E1F000FEFEFEFEFEFEFEFEFFFFFFFF464646461B
:10E2000046464646464646464646464646464646AE
:10E21000464646464646FFFFFFFFFFFF4646464648
:10E22000464646464646464646464646464646468E
:10E23000464646464646FFFFFEFEFEFEFEFEFEFE4C
:10E24000FEFEFEFEFEFEFEFEFFFFFFFFFFFFFFFFE6
:10E25000FFFFFFFFFFFFFFFFFFFFFFFFFFFFFFFFCE
:10E26000FFFFFFFFFFFFFFFFFEFEFEFEFEFEFEFEC6
:10E27000FEFEFEFEFEFEFEFEFFFFFFFFFFFFFFFFB6
:10E28000FFFFFFFFFFFFFFFFFFFFFFFFFFFFFFFF9E
:10E29000FFFFFFFFFFFFFFFFFFFFFFFFFFFFFFFF8E
:10E2A000FFFFFFFFFFFFFFFFFFFFFFFFFFFFFFFF7E
:10E2B000FFFFFFFFFFFFFFFFFFFFFFFFFFFFFFFF6E
:10E2C000FFFFFFFFFFFFFFFFFFFFFFFFFFFFFFFF5E
:10E2D000FFFFFFFFFFFFFFFFFEFEFEFEFEFEFEFE56
:10E2E000FEFEFEFEFEFEFEFEFFFFFFFFFFFFFFFF46
:10E2F000FFFFFFFFFFFFFFFFFFFFFFFFFFFFFFFF2E
:10E30000FFFFFFFFFFFFFFFFFFFFFFFFFFFFFFFF1D
:10E31000FFFFFFFFFFFFFFFFFFFFFFFFFFFFFFFF0D
:10E32000FFFFFFFFFFFFFFFFFEFEFEFEFEFEFEFE05
:10E33000FEFEFEFEFEFEFEFEFFFFFFFFFFFFFFFFF5
:10E34000FFFFFFFFFFFFFFFFFFFFFFFFFFFFFFFFDD
:10E35000FFFFFFFFFFFFFFFFFFFFFFFFFFFFFFFFCD
:10E36000FFFFFFFFFFFFFFFFFFFFFFFFFFFFFFFFBD
:10E37000FFFFFFFFFFFFFFFFFEFEFEFEFEFEFEFEB5
:10E38000FEFEFEFEFEFEFEFEFFFFFFFFFFFFFFFFA5
:10E39000FFFFFFFFFFFFFFFFFFFFFFFFFFFFFFFF8D
:10E3A000FFFFFFFFFFFFFFFFFEFEFEFEFEFEFEFE85
:10E3B000FEFEFEFEFEFEFEFEFFFFFFFFFFFFFFFF75
:10E3C000FFFFFFFFFFFFFFFFFFFFFFFFFFFFFFFF5D
:10E3D000FFFFFFFFFFFFFFFFFFFFFFFFFFFFFFFF4D
:10E3E000FFFFFFFFFFFFFFFFFFFFFFFFFFFFFFFF3D
:10E3F000FFFFFFFFFFFFFFFFFFFFFFFFFFFFFFFF2D
:10E40000FFFFFFFFFFFFFFFFFFFFFFFFFFFFFFFF1C
:10E41000FFFFFFFFFFFFFFFFFEFEFEFEFEFEFEFE14
:10E42000FEFEFEFEFEFEFEFEFFFFFFFFFFFFFFFF04
:10E43000FFFFFFFFFFFFFFFFFFFFFFFFFFFFFFFFEC
:10E44000FFFFFFFFFFFFFFFFFFFFFFFFFFFFFFFFDC
:10E45000FFFFFFFFFFFFFFFFFFFFFFFFFFFFFFFFCC
:10E46000FFFFFFFFFFFFFFFFFEFEFEFEFEFEFEFEC4
:10E47000FEFEFEFEFEFEFEFEFFFFFFFFFFFFFFFFB4
:10E48000FFFFFFFFFFFFFFFFFFFFFFFFFFFFFFFF9C
:10E49000FFFFFFFFFFFFFFFFFFFFFFFFFFFFFFFF8C
:10E4A000FFFFFFFFFFFFFFFFFFFFFFFFFFFFFFFF7C
:10E4B000FFFFFFFFFFFFFFFFFEFEFEFEFEFEFEFE74
:10E4C000FEFEFEFEFEFEFEFEFFFFFFFF2D2D2D2DAC
:10E4D0002D2D2D2D2D2D2D2D2D2D2D2D2D2D2D2D6C
:10E4E0002D2D2D2D2D2DFFFFFEFEFEFEFEFEFEFE30
:10E4F000FEFEFEFEFEFEFEFEFFFFFFFF9C9C9C9CC0
:10E500009C9C9C9C9C9C9C9C9C9C9C9C9C9C9C9C4B
:10E510009C9C9C9C9C9CFFFFFFFFFFFF9C9C9C9CE9
:10E520009C9C9C9C9C9C9C9C9C9C9C9C9C9C9C9C2B
:10E530009C9C9C9C9C9CFFFFFFFFFFFF9C9C9C9CC9
:10E540009C9C9C9C9C9C9C9C9C9C9C9C9C9C9C9C0B
:10E550009C9C9C9C9C9CFFFFFEFEFEFEFEFEFEFE25
:10E56000FEFEFEFEFEFEFEFEFFFFFFFF9C9C9C9C4F
:10E570009C9C9C9C9C9C9C9C9C9C9C9C9C9C9C9CDB
:10E580009C9C9C9C9C9CFFFFFFFFFFFF2D2D2D2D35
:10E590002D2D2D2D2D2D2D2D2D2D2D2D2D2D2D2DAB
:10E5A0002D2D2D2D2D2DFFFFFEFEFEFEFEFEFEFE6F
:10E5B000FEFEFEFEFEFEFEFEFFFFFFFF2D2D2D2DBB
:10E5C0002D2D2D2D2D2D2D2D2D2D2D2D2D2D2D2D7B
:10E5D0002D2D2D2D2D2DFFFFFFFFFFFF2D2D2D2D7F
:10E5E0002D2D2D2D2D2D2D2D2D2D2D2D2D2D2D2D5B
:10E5F0002D2D2D2D2D2DFFFFFEFEFEFEFEFEFEFE1F
:10E60000FEFEFEFEFEFEFEFEFFFFFF7C2F2F2F2FE5
:10E610002F2F2F2F2F2F2F2F2F2F2F2F2F2F2F2F0A
:10E620002F2F2F2F2F2F7BFFFEFEFEFEFEFEFEFE66
:10E63000FEFEFEFEFEFEFEFEFFFFFFCBACACACAC72
:10E64000ACACACACACACACACACACACACACACACAC0A
:10E65000ACACACACACACCAFFFFFFFFCBACACACAC71
:10E66000ACACACACACACACACACACACACACACACACEA
:10E67000ACACACACACACCAFFFFFFFFCBACACACAC51
:10E68000ACACACACACACACACACACACACACACACACCA
:10E69000ACACACACACACCAFFFEFEFEFEFEFEFEFEB9
:10E6A000FEFEFEFEFEFEFEFEFFFFFFCBACACACAC02
:10E6B000ACACACACACACACACACACACACACACACAC9A
:10E6C000ACACACACACACCAFFFFFFFF7C2F2F2F2F44
:10E6D0002F2F2F2F2F2F2F2F2F2F2F2F2F2F2F2F4A
:10E6E0002F2F2F2F2F2F7BFFFEFEFEFEFEFEFEFEA6
:10E6F000FEFEFEFEFEFEFEFEFFFFFF7C2F2F2F2FF5
:10E700002F2F2F2F2F2F2F2F2F2F2F2F2F2F2F2F19
:10E710002F2F2F2F2F2F7BFFFFFFFF7C2F2F2F2F30
:10E720002F2F2F2F2F2F2F2F2F2F2F2F2F2F2F2FF9
:10E730002F2F2F2F2F2F7BFFFEFEFEFEFEFEFEFE55
:10E74000FEFEFEFEFEFEFEFEFFFF2D2F2F2F2F2FC3
:10E750002F2F2F2F2F2F2F2F2F2F2F2F2F2F2F2FC9
:10E760002F2F2F2F2F2F2F46FEFEFEFEFEFEFEFE2A
:10E77000FEFEFEFEFEFEFEFEFFFF9CACACACACACB3
:10E78000ACACACACACACACACACACACACACACACACC9
:10E79000ACACACACACACACE0FFFF9CACACACACACEF
:10E7A000ACACACACACACACACACACACACACACACACA9
:10E7B000ACACACACACACACE0FFFF9CACACACACACCF
:10E7C000ACACACACACACACACACACACACACACACAC89
:10E7D000ACACACACACACACE0FEFEFEFEFEFEFEFEB5
:10E7E000FEFEFEFEFEFEFEFEFFFF9CACACACACAC43
:10E7F000ACACACACACACACACACACACACACACACAC59
:10E80000ACACACACACACACE0FFFF2D2F2F2F2F2F5E
:10E810002F2F2F2F2F2F2F2F2F2F2F2F2F2F2F2F08
:10E820002F2F2F2F2F2F2F46FEFEFEFEFEFEFEFE69
:10E83000FEFEFEFEFEFEFEFEFFFF2D2F2F2F2F2FD2
:10E840002F2F2F2F2F2F2F2F2F2F2F2F2F2F2F2FD8
:10E850002F2F2F2F2F2F2F46FFFF2D2F2F2F2F2F13
:10E860002F2F2F2F2F2F2F2F2F2F2F2F2F2F2F2FB8
:10E870002F2F2F2F2F2F2F46FEFEFEFEFEFEFEFE19
:10E88000FEFEFEFEFEFEFEFEFFFF2D2F2F2F2F2F82
:10E890002F2F2F2F8E7824287A28247976592F2FFE
:10E8A0002F2F2F2F2F2F2F46FEFEFEFEFEFEFEFEE9
:10E8B000FEFEFEFEFEFEFEFEFFFF9CACACACACAC72
:10E8C000ACACACACD6FBFBFBFBFBFBFBC9A4ACAC20
:10E8D000ACACACACACACACE0FFFF9CACACACACACAE
:10E8E000ACACACACD6FBFBFBFBFBFBFBC9A4ACAC00
:10E8F000ACACACACACACACE0FFFF9CACACACACAC8E
:10E90000ACACACACD6FBFBFBFBFBFBFBC9A4ACACDF
:10E91000ACACACACACACACE0FEFEFEFEFEFEFEFE73
:10E92000FEFEFEFEFEFEFEFEFFFF9CACACACACAC01
:10E93000ACACACACD6FBFBFBFBFBFBFBC9A4ACACAF
:10E94000ACACACACACACACE0FFFF2D2F2F2F2F2F1D
:10E950002F2F2F2F8E7824287A28247976592F2F3D
:10E960002F2F2F2F2F2F2F46FEFEFEFEFEFEFEFE28
:10E97000FEFEFEFEFEFEFEFEFFFF2D2F2F2F2F2F91
:10E980002F2F2F2F8E7824287A28247976592F2F0D
:10E990002F2F2F2F2F2F2F46FFFF2D2F2F2F2F2FD2
:10E9A0002F2F2F2F8E7824287A28247976592F2FED
:10E9B0002F2F2F2F2F2F2F46FEFEFEFEFEFEFEFED8
:10E9C000FEFEFEFEFEFEFEFEFFFF2D2F2F2F2F2F41
:10E9D0002F2F62247A28786B4F4E627378797648AD
:10E9E0002F2F2F2F2F2F2F46FEFEFEFEFEFEFEFEA8
:10E9F000FEFEFEFEFEFEFEFEFFFF9CACACACACAC31
:10EA0000ACACD6FBFBFBF9BDB6B0D6C8FBFBECB497
:10EA1000ACACACACACACACE0FFFF9CACACACACAC6C
:10EA2000ACACD6FBFBFBF9BDB6B0D6C8FBFBECB477
:10EA3000ACACACACACACACE0FFFF9CACACACACAC4C
:10EA4000ACACD6FBFBFBF9BDB6B0D6C8FBFBECB457
:10EA5000ACACACACACACACE0FEFEFEFEFEFEFEFE32
:10EA6000FEFEFEFEFEFEFEFEFFFF9CACACACACACC0
:10EA7000ACACD6FBFBFBF9BDB6B0D6C8FBFBECB427
:10EA8000ACACACACACACACE0FFFF2D2F2F2F2F2FDC
:10EA90002F2F62247A28786B4F4E627378797648EC
:10EAA0002F2F2F2F2F2F2F46FEFEFEFEFEFEFEFEE7
:10EAB000FEFEFEFEFEFEFEFEFFFF2D2F2F2F2F2F50
:10EAC0002F2F8E247A28786B554E8E73787976485E
:10EAD0002F2F2F2F2F2F2F46FFFF2D2F2F2F2F2F91
:10EAE0002F2F62247A28786B4F4E6273787976489C
:10EAF0002F2F2F2F2F2F2F46FEFEFEFEFEFEFEFE97
:10EB0000FEFEFEFEFEFEFEFEFFFF2D2F2F2F2F2FFF
:10EB10002F767A286F832F2F2F2F2F2F2F4F6F763F
:10EB2000592F2F2F2F2F2F46FEFEFEFEFEFEFEFE3C
:10EB3000FEFEFEFEFEFEFEFEFFFF9CACACACACACEF
:10EB4000ACA1FBFBDCACACACACACACACACE8DCEC96
:10EB5000A4ACACACACACACE0FFFF9CACACACACAC33
:10EB6000ACA1FBFBDCACACACACACACACACE8DCEC76
:10EB7000A4ACACACACACACE0FFFF9CACACACACAC13
:10EB8000ACA1FBFBDCACACACACACACACACE8DCEC56
:10EB9000A4ACACACACACACE0FEFEFEFEFEFEFEFEF9
:10EBA000FEFEFEFEFEFEFEFEFFFF9CACACACACAC7F
:10EBB000ACA1FBFBDCACACACACACACACACE8DCEC26
:10EBC000A4ACACACACACACE0FFFF2D2F2F2F2F2FA3
:10EBD0002F767A286F422F2F3838382F2F556F769F
:10EBE000592F2F2F2F2F2F46FEFEFEFEFEFEFEFE7C
:10EBF000FEFEFEFEFEFEFEFEFFFF2D2F2F2F2F2F0F
:10EC000038737A246B3A84373838388484536F7673
:10EC1000592F2F2F2F2F2F46FFFF2D2F2F2F2F2F25
:10EC20002F767A286F832F2F2F2F2F2F2F4F6F762E
:10EC3000592F2F2F2F2F2F46FEFEFEFEFEFEFEFE2B
:10EC4000FEFEFEFEFEFEFEFEFFFF2D2F2F2F2F2FBE
:10EC5000787A79472F382F2F2F2F2F2F2F2F428E53
:10EC600062872F2F2F2F2F46FEFEFEFEFEFEFEFE9A
:10EC7000FEFEFEFEFEFEFEFEFFFF9CACACACACACAE
:10EC8000F8FBFBD2ACACACACACACACACACACACBBA5
:10EC9000BAD3ACACACACACE0FFFF9CACACACACACB5
:10ECA000F8FBFBD2ACACACACACACACACACACACBB85
:10ECB000BAD3ACACACACACE0FFFF9CACACACACAC95
:10ECC000F8FBFBD2ACACACACACACACACACACACBB65
:10ECD000BAD3ACACACACACE0FEFEFEFEFEFEFEFE7B
:10ECE000FEFEFEFEFEFEFEFEFFFF9CACACACACAC3E
:10ECF000F8FBFBD2ACACACACACACACACACACACBB35
:10ED0000BAD3ACACACACACE0FFFF2D2F2F2F2F2F24
:10ED1000787A79472F2F3838843A3A37383842543E
:10ED200062872F2F2F2F2F46FEFEFEFEFEFEFEFED9
:10ED3000FEFEFEFEFEFEFEFEFFFF2D2F2F2F2F38C4
:10ED40007628784C41413C2E2E2E2E2E2E39845979
:10ED500062872F2F2F2F2F46FFFF2D2F2F2F2F2F83
:10ED6000787A79472F2F2F2F2F2F2F2F2F2F428E4B
:10ED700062872F2F2F2F2F46FEFEFEFEFEFEFEFE89
:10ED8000FEFEFEFEFEFEFEFEFFFF2D2F2F2F2F7339
:10ED90007A763A32323232323A8437383838383842
:10EDA0005538392F2F2F2F46FEFEFEFEFEFEFEFEAB
:10EDB000FEFEFEFEFEFEFEFEFFFF9CACACACACC752
:10EDC000FBF8ACACACACACACACACACACACACACD3C1
:10EDD000A4ACAEACACACACE0FFFF9CACACACACC794
:10EDE000FBF8ACACACACACACACACACACACACACD3A1
:10EDF000A4ACAEACACACACE0FFFF9CACACACACC774
:10EE0000FBF8ACACACACACACACACACACACACACD380
:10EE1000A4ACAEACACACACE0FEFEFEFEFEFEFEFE74
:10EE2000FEFEFEFEFEFEFEFEFFFF9CACACACACC7E1
:10EE3000FBF8ACACACACACACACACACACACACACD350
:10EE4000A4ACAEACACACACE0FFFF2D2F2F2F2F76D7
:10EE50007A78832F2F3837392E2E2E3284382F2F61
:10EE600059833A2F2F2F2F46FEFEFEFEFEFEFEFE9A
:10EE7000FEFEFEFEFEFEFEFEFFFF2D2F2F2F38733F
:10EE80002877313D3D3D7F828541858241803A37FB
:10EE900059833A2F2F2F2F46FFFF2D2F2F2F3873F7
:10EEA00028763A32323A3A848484383838383838D6
:10EEB0005538322F2F2F2F46FEFEFEFEFEFEFEFEA1
:10EEC000FEFEFEFEFEFEFEFEFFFF2D2F2F2F592819
:10EED000782E3C414141413C332E323A844B4B38F1
:10EEE00038557F372F2F2F46FEFEFEFEFEFEFEFE1C
:10EEF000FEFEFEFEFEFEFEFEFFFF9CACACACA4FBE5
:10EF0000FBACACACACACACACACD4C2D5D2D2D2D2F3
:10EF1000B1A4CECFACACACE0FFFF9CACACACA4FBDE
:10EF2000FBACACACACAECECECECBCBCBAED2D2D299
:10EF3000B1A4CECFACACACE0FFFF9CACACACA4FBBE
:10EF4000FBACACACACACACCAC2C29EB1D2D2D2D2D9
:10EF5000B1A4CECFACACACE0FEFEFEFEFEFEFEFEEB
:10EF6000FEFEFEFEFEFEFEFEFFFF9CACACACA4FB74
:10EF7000FBACACACACACACACACD3D3B1D2D2D2D297
:10EF8000B1A4CECFACACACE0FFFF2D2F2F2F592872
:10EF900078832F2F2F383A2E3C413C4984424747F3
:10EFA00047597F382F2F2F46FEFEFEFEFEFEFEFE47
:10EFB000FEFEFEFEFEFEFEFEFFFF2D2F2F2F59242C
:10EFC00076313427151A3B343D3D3D2A1C403A38F2
:10EFD00042597F382F2F2F46FFFF2D2F2F385524D2
:10EFE000763C418541413C33332E323A844B4B844D
:10EFF0003A563D3A382F2F46FEFEFEFEFEFEFEFE3E
:10F00000FEFEFEFEFEFEFEFEFFFF2D2F2F2F787967
:10F010004982317F7F7F7F318A414D4D4C4949493B
:10F020004B4B3A3B2F2F2F46FEFEFEFEFEFEFEFE12
:10F03000FEFEFEFEFEFEFEFEFFFF9CACACACFBFB4C
:10F04000D2ACACACACACACD3CFE0FFD4B0E8E8E829
:10F05000B0B4CF9EACACACE0FFFF9CACACACFBFB67
:10F06000D2ACACACACCEFFFFFFFFFFFFC1E8E8E8DD
:10F07000B0B4CF9EACACACE0FFFF9CACACACFBFB47
:10F08000D2ACACACACAE9AFFFFFFFFE3D3E8E8E84C
:10F09000B0B4CF9EACACACE0FEFEFEFEFEFEFEFECB
:10F0A000FEFEFEFEFEFEFEFEFFFF9CACACACFBFBDC
:10F0B000D2ACACACACACACD3B1D2B4B0B0E8E8E854
:10F0C000B0B4CF9EACACACE0FFFF2D2F2F2F782437
:10F0D000472F2F2F2F38323313FBFB494B474E4F0F
:10F0E0004E4838342F2F2F46FEFEFEFEFEFEFEFE5B
:10F0F000FEFEFEFEFEFEFEFEFFFF2D2F2F2F787977
:10F100008A341CFB17FB17443B3B19FB2A4D4B422F
:10F110004E4838342F2F2F46FFFF2D2F2F3776796B
:10F12000417F3D3D3D7F7F3131318A4C4C49494CD7
:10F130004C49333B382F2F46FEFEFEFEFEFEFEFE00
:10F14000FEFEFEFEFEFEFEFEFFFF2D2F2F557992E6
:10F1500082192525252525251F2523505058582758
:10F16000774A533E3A2F2F46FEFEFEFEFEFEFEFE7F
:10F17000FEFEFEFEFEFEFEFEFFFF9CACACA4FBDC32
:10F18000ACACACACACACD3D2E6FFFFCDA4A4A4A491
:10F19000A4B6B6C2AEACACE0FFFF9CACACA4FBDC4A
:10F1A000ACACACACACC2FFB7C1C1C3C3D0A4A4A4C7
:10F1B000A4B6B6C2AEACACE0FFFF9CACACA4FBDC2A
:10F1C000ACACACACACAAFFAFD0D4E3FFC3A4A4A456
:10F1D000A4B6B6C2AEACACE0FEFEFEFEFEFEFEFE87
:10F1E000FEFEFEFEFEFEFEFEFFFF9CACACA4FBDCC2
:10F1F000ACACACACACACD3D2B4B0B3B6A4A4A4A405
:10F20000A4B6B6C2AEACACE0FFFF2D2F2F59246FD1
:10F210002F2F2F38373A2E3C2A0E0E4C4B564F527A
:10F22000524F4F3E3A2F2F46FEFEFEFEFEFEFEFEE2
:10F23000FEFEFEFEFEFEFEFEFFFF2D2F2F59796D16
:10F240007F3BFB153514FB273E441596744C4A55FD
:10F25000524F4F3E3A2F2F46FFFF2D2F38567970D1
:10F2600023252525253B3B3B202523505858582155
:10F2700027705B3F2E2F2F46FEFEFEFEFEFEFEFE9B
:10F28000FEFEFEFEFEFEFEFEFFFF2D2F2F737841D9
:10F290003D2AFBFBFBFBFBFB4313FB23616014FBE1
:10F2A00027535543342F2F46FEFEFEFEFEFEFEFE84
:10F2B000FEFEFEFEFEFEFEFEFFFF9CACACC8FBACFD
:10F2C000ACACACACACD3D2C4FF98FFD5D6BABAD6EE
:10F2D000D6BBA4CC9EACACE0FFFF9CACACC8FBACF6
:10F2E000ACACACACACB2FFD5E8B6A4BBD6BABAD61F
:10F2F000D6BBA4CC9EACACE0FFFF9CACACC8FBACD6
:10F30000ACACACACD4FFA2D3E8B6D0FF9FBABAD6AF
:10F31000D6BBA4CC9EACACE0FEFEFEFEFEFEFEFE26
:10F32000FEFEFEFEFEFEFEFEFFFF9CACACC8FBAC8C
:10F33000ACACACACACD3D2B0E8B6A4BBD6BABAD6FF
:10F34000D6BBA4CC9EACACE0FFFF2D2F2F737983EE
:10F350002F3838843233418A231B1B5A5B5355594B
:10F360005454523D342F2F46FEFEFEFEFEFEFEFE9E
:10F37000FEFEFEFEFEFEFEFEFFFF2D2F2F737941E7
:10F380003D25FB1B1E29FB143F29FB2A505A5359CC
:10F390005454543D342F2F46FFFF2D2F386B253DFD
:10F3A0002BFBFBFBFBFB158B29FBFB206160601C2F
:10F3B000FB274C3B3B2F2F46FEFEFEFEFEFEFEFED5
:10F3C000FEFEFEFEFEFEFEFEFFFF2D2F2F76778255
:10F3D000342AFB3F3F3E3B61612017172029FB2A5F
:10F3E0005B56594B3F2F2F46FEFEFEFEFEFEFEFEF5
:10F3F000FEFEFEFEFEFEFEFEFFFF9CACACF1ECACA2
:10F40000ACACACACD3D2AE98E3C4FFAEB8D8D8D8CD
:10F41000B8B8BAACE2ACACE0FFFF9CACACF1ECAC81
:10F42000ACACACACD3E3FFB3B0CFBAB8B8D8D8D893
:10F43000B8B8BAACE2ACACE0FFFF9CACACF1ECAC61
:10F44000ACACACACC3FF9BB3A4BBBAB8B8D8D8D8EB
:10F45000B8B8BAACE2ACACE0FEFEFEFEFEFEFEFECC
:10F46000FEFEFEFEFEFEFEFEFFFF9CACACF1ECAC31
:10F47000ACACACACD3D2B0B3A4BBBAB8B8D8D8D8C3
:10F48000B8B8BAACE2ACACE0FFFF2D2F2F76762FE8
:10F490002F383A2E3C8A50501F5F50585A8D63596E
:10F4A0006257574A3F2F2F46FEFEFEFEFEFEFEFE2F
:10F4B000FEFEFEFEFEFEFEFEFFFF2D2F2F767741A5
:10F4C0003D25FB141E1AFB1B8C2B0E205F5A648EED
:10F4D0005757574A3F2F2F46FFFF2D2F387721349C
:10F4E0002B148C8C1113FB2629FBFB1A8F8F20FB0E
:10F4F000FB25588A8C2F2F46FEFEFEFEFEFEFEFEEA
:10F50000FEFEFEFEFEFEFEFEFFFF2D2F2F76633178
:10F510003B14FB8C3F3E5C43606129FB15162B5F5F
:10F520005B6362521E2F2F46FEFEFEFEFEFEFEFEB7
:10F53000FEFEFEFEFEFEFEFEFFFF9CACACF5D8AC70
:10F54000ACACACACD2B0E3FFA3CAFFA3BDBCBCBCA7
:10F55000BDA5D8B5ABACACE0FFFF9CACACF5D8AC6E
:10F56000ACACACACD2FFE5B2FFFFE1D4BDBCBCBCDF
:10F57000BDA5D8B5ABACACE0FFFF9CACACF5D8AC4E
:10F58000ACACACACE2FFCBE2E5FFAFC5BDBCBCBCF4
:10F59000BDA5D8B5ABACACE0FEFEFEFEFEFEFEFEA9
:10F5A000FEFEFEFEFEFEFEFEFFFF9CACACF5D8AC00
:10F5B000ACACACACD2B0B3A4D6B9D8A5BDBCBCBCC5
:10F5C000BDA5D8B5ABACACE0FFFF2D2F2F78662FD3
:10F5D0002F38323C8A501F6060605F69905B648E98
:10F5E000625D5D541E2F2F46FEFEFEFEFEFEFEFEF9
:10F5F000FEFEFEFEFEFEFEFEFFFF2D2F2F788E3C50
:10F600007F19FB17261CFB2629FB1B5C5F5A648EA7
:10F61000625D5D541E2F2F46FFFF2D2F8477683BC0
:10F620002B1435353529FB2929FB161C5E911A163A
:10F63000FB25585B89382F46FEFEFEFEFEFEFEFED1
:10F64000FEFEFEFEFEFEFEFEFFFF2D2F2F764B7F01
:10F650003B14FB1414142A1B60618F1BFB0E2069E2
:10F660006A8E665D452F2F46FEFEFEFEFEFEFEFE06
:10F67000FEFEFEFEFEFEFEFEFFFF9CACACF1E8AC23
:10F68000ACACACB1B4C3FF9BB89EFFC6A8A8A8A8F9
:10F69000A8D9BDB8A9ACACE0FFFF9CACACF1E8AC1C
:10F6A000ACACACB1D4FFFFAAC2E7FFFFD5A8A8A8B5
:10F6B000A8D9BDB8A9ACACE0FFFF9CACACF1E8ACFC
:10F6C000ACACACB1ABFF98FFE7E1FFFFA0A8A8A8E6
:10F6D000A8D9BDB8A9ACACE0FEFEFEFEFEFEFEFE63
:10F6E000FEFEFEFEFEFEFEFEFFFF9CACACF1E8ACB3
:10F6F000ACACACB1B4B3A4D6B8A5BDD9A8A8A8A8E1
:10F70000A8D9BDB8A9ACACE0FFFF2D2F2F764F2FA5
:10F7100038842E41FBFBFBFBFBFBFBFBFBFBFB6D88
:10F720006665655D452F2F46FEFEFEFEFEFEFEFE73
:10F73000FEFEFEFEFEFEFEFEFFFF2D2F2F76532E59
:10F7400082431B0EFB0E148C2B16918F60906A6304
:10F750006266655D452F2F46FFFF2D2F8477503B56
:10F760002B2B141414160E3529FB13FB0F5E171BDD
:10F77000FB25908D36382F46FEFEFEFEFEFEFEFE79
:10F78000FEFEFEFEFEFEFEFEFFFF2D2F2F73807F8E
:10F790003B14FB2B2B2B2B1360618F1BFB0E206963
:10F7A0006A926562362F2F46FEFEFEFEFEFEFEFECC
:10F7B000FEFEFEFEFEFEFEFEFFFF9CACACA1ACAC6E
:10F7C000ACACACD2D5FF9FB8A59BFFC5BEDEA6DE14
:10F7D000BEDBD7B8A2ACACE0FFFF9CACACA1ACAC3C
:10F7E000ACACACD2AEB29DB8A5BCC4FFE1DEA6DE27
:10F7F000BEDBD7B8A2ACACE0FFFF9CACACA1ACAC1C
:10F80000ACACACD2ABFFFFAEA5B8E2FFB2DEA6DE79
:10F81000BEDBD7B8A2ACACE0FEFEFEFEFEFEFEFEF6
:10F82000FEFEFEFEFEFEFEFEFFFF9CACACA1ACACFD
:10F83000ACACACD2B0A4BBB8A5BCD7DBBEDEA6DEF8
:10F84000BEDBD7B8A2ACACE0FFFF2D2F2F76832F05
:10F8500038842E3CFBFBFBFBFBFBFBFBFBFBFB9227
:10F860006B656566362F2F46FEFEFEFEFEFEFEFE33
:10F87000FEFEFEFEFEFEFEFEFFFF2D2F2F76383928
:10F880003331433B258B5E29FB1A911A161D1A6AE8
:10F890006D666562362F2F46FFFF2D2F846B7F3BF1
:10F8A0002B162B16FB15228C29FB290E1A11FB1186
:10F8B000FB25688D36382F46FEFEFEFEFEFEFEFE60
:10F8C000FEFEFEFEFEFEFEFEFFFF2D2F2F6B3331F0
:10F8D0003B14FB5E3F8F615F5F6029FB150E1D903F
:10F8E00070926564362F2F46FEFEFEFEFEFEFEFE83
:10F8F000FEFEFEFEFEFEFEFEFFFF9CACACD9ADACF4
:10F90000ACACD3ACE5FFCBCFA39DFFCDA0ECECEC32
:10F91000DAA6A7B3A2ACACE0FFFF9CACACD9ADAC0F
:10F92000ACACD3B4B3A4BAD8BDD7D8FFFFD9ECECF4
:10F93000DAA6A7B3A2ACACE0FFFF9CACACD9ADACEF
:10F94000ACACD3B4ABFFB2D8BDD7D8FFFFECECEC76
:10F95000DAA6A7B3A2ACACE0FEFEFEFEFEFEFEFE03
:10F96000FEFEFEFEFEFEFEFEFFFF9CACACA1ACACBC
:10F97000ACACACD2B0A4BBB8A5BCD7DBBEDEA6DEB7
:10F98000BEDBD7B8A2ACACE0FFFF2D2F2F6F2F2F1F
:10F9900038373A4927272727272727272779796FB5
:10F9A00067676763362F2F46FEFEFEFEFEFEFEFEF5
:10F9B000FEFEFEFEFEFEFEFEFFFF2D2F2F6F3838EF
:10F9C0003233823D3444912B165E1BFB152BFB1BFF
:10F9D00070926B64362F2F46FFFF2D2F846D7F347E
:10F9E0002B143F3F1C0E265E29FB29151C1B178F6D
:10F9F000FB276A9036382F46FEFEFEFEFEFEFEFE18
:10FA0000FEFEFEFEFEFEFEFEFFFF2D2F2F8E2E3190
:10FA1000342AFB3F8B8F616069741617711AFB2AB9
:10FA20006D6B6F601E2F2F46FEFEFEFEFEFEFEFE7D
:10FA3000FEFEFEFEFEFEFEFEFFFF9CACACD6ADACB5
:10FA4000ACACB1D4FFFFFFFFFFFFFFFFFFEEF1EE15
:10FA5000ECDDA6CEABACACE0FFFF9CACACD6ADAC65
:10FA6000ACACB1B4B6B3B5A5D9DBA69AFFA5F1EE9F
:10FA7000ECDDA6CEABACACE0FFFF9CACACD6ADAC45
:10FA8000ACACB1B4C2FF9EA5D9DBA6E1FFEEF1EEAE
:10FA9000ECDDA6CEABACACE0FEFEFEFEFEFEFEFE56
:10FAA000FEFEFEFEFEFEFEFEFFFF9CACACA1ACAC7B
:10FAB000ACACACD2B0A4BBB8A5BCD7DBBEDEA6DE76
:10FAC000BEDBD7B8A2ACACE0FFFF2D2F2F622F2FEB
:10FAD0002F38384B495A5A5A906868706D926F7334
:10FAE0006C6C6C601E2F2F46FEFEFEFEFEFEFEFEC0
:10FAF000FEFEFEFEFEFEFEFEFFFF2D2F2F623838BB
:10FB00003832408A605C27FB1A912B169111FB1C3E
:10FB100070926B601E2F2F46FFFF2D2F3764823DA2
:10FB20002B2A3E3E710E179129FB2927FB171471D2
:10FB3000FB27705C892F2F46FEFEFEFEFEFEFEFEBA
:10FB4000FEFEFEFEFEFEFEFEFFFF2D2F2F483A8238
:10FB50003D2AFB2B2B2B2B1D231C962120682BFBD6
:10FB6000786F6F893E2F2F46FEFEFEFEFEFEFEFEE4
:10FB7000FEFEFEFEFEFEFEFEFFFF9CACACB0D3AC74
:10FB8000ACACD2AEC3C49E9BD1B2FFC4EBF4F4F4D0
:10FB9000F1ECA6ABC2ACACE0FFFF9CACACB0D3AC1C
:10FBA000ACACD2B0C2FFC2BDA8BEEAFFFFF4F4F411
:10FBB000F1ECA6ABC2ACACE0FFFF9CACACB0D3ACFC
:10FBC000ACACD2B0D1FFB7BDA8BEEAFF9FF4F4F44D
:10FBD000F1ECA6ABC2ACACE0FEFEFEFEFEFEFEFE0D
:10FBE000FEFEFEFEFEFEFEFEFFFF9CACACA1ACAC3A
:10FBF000ACACACD2B0A4BBB8A5BCD7DBBEDEA6DE35
:10FC0000BEDBD7B8A2ACACE0FFFF2D2F2F4E872F65
:10FC10002F38424253538D8D6A6A706D6B736C6ED0
:10FC20006E6E6C1E3E2F2F46FEFEFEFEFEFEFEFE9C
:10FC3000FEFEFEFEFEFEFEFEFFFF2D2F2F4E872F47
:10FC40002F373A4D506016168F8FFB2B9191FB1D6D
:10FC500070926B893E2F2F46FFFF2D2F384B3C3182
:10FC60001D2A3B345C27FB2A25FB257196FB2120AE
:10FC7000FB7992513F2F2F46FEFEFEFEFEFEFEFE5A
:10FC8000FEFEFEFEFEFEFEFEFFFF2D2F2F3832820F
:10FC900031252A2A2A2A2A1327131B706D6D777A99
:10FCA000246F5A953C2F2F46FEFEFEFEFEFEFEFE02
:10FCB000FEFEFEFEFEFEFEFEFFFF9CACACACCFAE39
:10FCC000ACD3D2E8A4BAD8BCA8CEFFEDF4F5F8F5D1
:10FCD000F4EEA399CDACACE0FFFF9CACACACCFAEE6
:10FCE000ACD3D2E8D1FFE1E8A8A5B7FFC4F5F8F599
:10FCF000F4EEA399CDACACE0FFFF9CACACACCFAEC6
:10FD0000ACD3D2E8B098FFCDA8DCC2FFEBF5F8F594
:10FD1000F4EEA399CDACACE0FEFEFEFEFEFEFEFED0
:10FD2000FEFEFEFEFEFEFEFEFFFF9CACACA1ACACF8
:10FD3000ACACACD2B0A4BBB8A5BCD7DBBEDEA6DEF3
:10FD4000BEDBD7B8A2ACACE0FFFF2D2F2F2F383988
:10FD50002F2F47484F5563632AF6F66B736C7293E7
:10FD6000936E8D953C2F2F46FEFEFEFEFEFEFEFEA0
:10FD7000FEFEFEFEFEFEFEFEFFFF2D2F2F2F38396A
:10FD80002F384B4C581BFB1B61710E16910DFB1D40
:10FD9000706B90953C2F2F46FFFF2D2F3839333154
:10FDA0001B2750505858142A211321681B2A706DA4
:10FDB00013765886822F2F46FEFEFEFEFEFEFEFEC6
:10FDC000FEFEFEFEFEFEFEFEFFFF2D2F2F2F2E3D20
:10FDD0003C823150585A5B8D646D926B6F6F7373B8
:10FDE000736B45352F2F2F46FEFEFEFEFEFEFEFEF8
:10FDF000FEFEFEFEFEFEFEFEFFFF9CACACACAECBFC
:10FE0000ADD3D2E8A4BAD8D9A8CBFFF3F4F8F9F867
:10FE1000F4A8A9C0ACACACE0FFFF9CACACACAECBE2
:10FE2000ADD3D2E8A4E2FFFFABFFFF9FF6F8F9F8ED
:10FE3000F4A8A9C0ACACACE0FFFF9CACACACAECBC2
:10FE4000ADD3D2E8A4CBFFFF9AFFFF9FF6F8F9F8F5
:10FE5000F4A8A9C0ACACACE0FEFEFEFEFEFEFEFEC9
:10FE6000FEFEFEFEFEFEFEFEFFFF9CACACA1ACACB7
:10FE7000ACACACD2B0A4BBB8A5BCD7DBBEDEA6DEB2
:10FE8000BEDBD7B8A2ACACE0FFFF2D2F2F2F3A314D
:10FE90002F83474F5252598E13F9F96F6C72949415
:10FEA000936745352F2F2F46FEFEFEFEFEFEFEFE1B
:10FEB000FEFEFEFEFEFEFEFEFFFF2D2F2F2F3A312F
:10FEC00038383A4C5816125F696915FB2A1CFB1B1F
:10FED000926D45352F2F2F46FFFF2D2F3837334397
:10FEE0003C8049494B5B5B8D64706D9292926F6F61
:10FEF0006F924535382F2F46FEFEFEFEFEFEFEFEBB
:10FF0000FEFEFEFEFEFEFEFEFFFF2D2F2F2F844382
:10FF10007F2E404C5B5B8D638E6B6F736C6E6E6E71
:10FF20006C8B463C2F2F2F46FEFEFEFEFEFEFEFE95
:10FF3000FEFEFEFEFEFEFEFEFFFF9CACACACCFD193
:10FF4000D4D3D2E8A4D6D8BCA8A4EBD9F4F5F8F55C
:10FF5000ECC2E1D0ACACACE0FFFF9CACACACCFD120
:10FF6000D4D3D2E8A4D6D4E6B2B2EBEFF4F5F8F5E8
:10FF7000ECC2E1D0ACACACE0FFFF9CACACACCFD100
:10FF8000D4D3D2E8A4D6CFB7B2C2D5EFF4F5F8F502
:10FF9000ECC2E1D0ACACACE0FEFEFEFEFEFEFEFE2E
:10FFA000FEFEFEFEFEFEFEFEFFFF9CACACA1ACAC76
:10FFB000ACACACD2B0A4BBB8A5BCD7DBBEDEA6DE71
:10FFC000BEDBD7B8A2ACACE0FFFF2D2F2F2F387FC0
:10FFD0004183474F52548E8E797A7A736C7294941F
:10FFE0006E3E46332F2F2F46FEFEFEFEFEFEFEFE29
:10FFF000FEFEFEFEFEFEFEFEFFFF2D2F2F2F387FA2
:020000041002E8
:1000000041384B491BFB276868681915962C1B6DF6
:10001000923F463C2F2F2F46FFFF2D2F2F383A437C
:10002000313A384A5355638E8E926B6F73736C6C92
:10003000738B4641382F2F46FEFEFEFEFEFEFEFE6F
:10004000FEFEFEFEFEFEFEFEFFFF2D2F2F2F2F4198
:100050003E823A4B4A565962666F676C6E72726C9A
:1000600044863B2F2F2F2F46FEFEFEFEFEFEFEFE99
:10007000FEFEFEFEFEFEFEFEFFFF9CACACACACCD79
:10008000C1D4B1B0A4D6B8BDA8BEDAECF1F4F4EC9A
:10009000C499CAACACACACE0FFFF9CACACACACCD92
:1000A000C1D4B1B0A4D6B8BDA8BEDAECF1F4F4EC7A
:1000B000C499CAACACACACE0FFFF9CACACACACCD72
:1000C000C1D4B1B0A4D6B8BDA8BEDAECF1F4F4EC5A
:1000D000C499CAACACACACE0FEFEFEFEFEFEFEFE79
:1000E000FEFEFEFEFEFEFEFEFFFF9CACACA1ACAC35
:1000F000ACACACD2B0A4BBB8A5BCD7DBBEDEA6DE30
:10010000BEDBD7B8A2ACACE0FFFF2D2F2F2F2F3CCA
:100110004481474E5254626266666B736C72936E92
:100120003B863B2F2F2F2F46FEFEFEFEFEFEFEFEE1
:10013000FEFEFEFEFEFEFEFEFFFF2D2F2F2F2F3CAC
:100140004485384B4B5B8D64636D6D70706D92921E
:100150003E7E3B2F2F2F2F46FFFF2D2F2F2F384175
:10016000448242484F5962666B6F676C6E6E726C68
:1001700044863B2F2F2F2F46FEFEFEFEFEFEFEFE88
:10018000FEFEFEFEFEFEFEFEFFFF2D2F2F2F2F2F69
:100190003D3F31424F59576665676C6E6E6E678B97
:1001A000863E2F2F2F2F2F46FEFEFEFEFEFEFEFE6A
:1001B000FEFEFEFEFEFEFEFEFFFF9CACACACACAC59
:1001C000CCB7CBD2B6BBB8A5D9DBA6DDECEEA8C2C6
:1001D000999DACACACACACE0FFFF9CACACACACACB7
:1001E000CCB7CBD2B6BBB8A5D9DBA6DDECEEA8C2A6
:1001F000999DACACACACACE0FFFF9CACACACACAC97
:10020000CCB7CBD2B6BBB8A5D9DBA6DDECEEA8C285
:10021000999DACACACACACE0FEFEFEFEFEFEFEFE7C
:10022000FEFEFEFEFEFEFEFEFFFF9CACACA1ACACF3
:10023000ACACACD2B0A4BBB8A5BCD7DBBEDEA6DEEE
:10024000BEDBD7B8A2ACACE0FFFF2D2F2F2F2F2F96
:100250003D3F82474F545462666B6F676C6E678B8D
:10026000863E2F2F2F2F2F46FEFEFEFEFEFEFEFEA9
:10027000FEFEFEFEFEFEFEFEFFFF2D2F2F2F2F2F78
:100280003D3F7F384A56558E62666B6B6B6B6D3F98
:100290007E3E382F2F2F2F46FFFF2D2F2F2F2F2F52
:1002A0003D3F82474F54576565676C6C6E6E678B38
:1002B000863E2F2F2F2F2F46FEFEFEFEFEFEFEFE59
:1002C000FEFEFEFEFEFEFEFEFFFF2D2F2F2F2F2F28
:1002D0002F7F89443854575D6567676C6C8D36464F
:1002E0003B2F2F2F2F2F2F46FEFEFEFEFEFEFEFE83
:1002F000FEFEFEFEFEFEFEFEFFFF9CACACACACAC18
:10030000ACCEAAC1CFA4BAD8BDD7A7A6A6A3A2E156
:10031000CAACACACACACACE0FFFF9CACACACACAC35
:10032000ACCEAAC1CFA4BAD8BDD7A7A6A6A3A2E136
:10033000CAACACACACACACE0FFFF9CACACACACAC15
:10034000ACCEAAC1CFA4BAD8BDD7A7A6A6A3A2E116
:10035000CAACACACACACACE0FEFEFEFEFEFEFEFEFB
:10036000FEFEFEFEFEFEFEFEFFFF9CACACA1ACACB2
:10037000ACACACD2B0A4BBB8A5BCD7DBBEDEA6DEAD
:10038000BEDBD7B8A2ACACE0FFFF2D2F2F2F2F2F55
:100390002F7F89443852545D656567676C8D36469A
:1003A0003B2F2F2F2F2F2F46FEFEFEFEFEFEFEFEC2
:1003B000FEFEFEFEFEFEFEFEFFFF2D2F2F2F2F2F37
:1003C0002F7F893E495559626665656F6F5A36467B
:1003D0003B382F2F2F2F2F46FFFF2D2F2F2F2F2F63
:1003E0002F7F89443854575D6567676C6C8D36463E
:1003F0003B2F2F2F2F2F2F46FEFEFEFEFEFEFEFE72
:10040000FEFEFEFEFEFEFEFEFFFF2D2F2F2F2F2FE6
:100410002F2F2E3546351F565D6664613695353370
:100420002F2F2F2F2F2F2F46FEFEFEFEFEFEFEFE4D
:10043000FEFEFEFEFEFEFEFEFFFF9CACACACACACD6
:10044000ACACD5C0DFBFCBB4B9B9B49BA299C0D016
:10045000ACACACACACACACE0FFFF9CACACACACAC12
:10046000ACACD5C0DFBFCBB4B9B9B49BA299C0D0F6
:10047000ACACACACACACACE0FFFF9CACACACACACF2
:10048000ACACD5C0DFBFCBB4B9B9B49BA299C0D0D6
:10049000ACACACACACACACE0FEFEFEFEFEFEFEFED8
:1004A000FEFEFEFEFEFEFEFEFFFF9CACACA1ACAC71
:1004B000ACACACD2B0A4BBB8A5BCD7DBBEDEA6DE6C
:1004C000BEDBD7B8A2ACACE0FFFF2D2F2F2F2F2F14
:1004D0002F2F2E3546351F565762646136953533BA
:1004E0002F2F2F2F2F2F2F46FEFEFEFEFEFEFEFE8D
:1004F000FEFEFEFEFEFEFEFEFFFF2D2F2F2F2F2FF6
:100500002F2F2E3546351F56576264613695353C80
:100510002F2F2F2F2F2F2F46FFFF2D2F2F2F2F2F36
:100520002F2F2E3546351F565D666461369535335F
:100530002F2F2F2F2F2F2F46FEFEFEFEFEFEFEFE3C
:10054000FEFEFEFEFEFEFEFEFFFF2D2F2F2F2F2FA5
:100550002F2F2F2F333E1E364646361E3E3C2F2F62
:100560002F2F2F2F2F2F2F46FEFEFEFEFEFEFEFE0C
:10057000FEFEFEFEFEFEFEFEFFFF9CACACACACAC95
:10058000ACACACACD0C2ABA2E0E0A2ABC2CDACACE8
:10059000ACACACACACACACE0FFFF9CACACACACACD1
:1005A000ACACACACD0C2ABA2E0E0A2ABC2CDACACC8
:1005B000ACACACACACACACE0FFFF9CACACACACACB1
:1005C000ACACACACD0C2ABA2E0E0A2ABC2CDACACA8
:1005D000ACACACACACACACE0FEFEFEFEFEFEFEFE97
:1005E000FEFEFEFEFEFEFEFEFFFF9CACACA1ACAC30
:1005F000ACACACD2B0A4BBB8C6E6C4DBBEDEA6DEF3
:10060000BEDBD7B8A2ACACE0FFFF2D2F2F2F2F2FD2
:100610002F2F2F2F333E1E364646361E3E3C2F2FA1
:100620002F2F2F2F2F2F2F46FEFEFEFEFEFEFEFE4B
:10063000FEFEFEFEFEFEFEFEFFFF2D2F2F2F2F2FB4
:100640002F2F2F2F333E1E364646361E3E3C2F2F71
:100650002F2F2F2F2F2F2F46FFFF2D2F2F2F2F2FF5
:100660002F2F2F2F333E1E364646361E3E3C2F2F51
:100670002F2F2F2F2F2F2F46FEFEFEFEFEFEFEFEFB
:10068000FEFEFEFEFEFEFEFEFFFF2D2F2F2F2F2F64
:100690002F2F2F2F2F2F2F2F2F2F2F2F2F2F2F2F6A
:1006A0002F2F2F2F2F2F2F46FEFEFEFEFEFEFEFECB
:1006B000FEFEFEFEFEFEFEFEFFFF9CACACACACAC54
:1006C000ACACACACACACACACACACACACACACACAC6A
:1006D000ACACACACACACACE0FFFF9CACACACACAC90
:1006E000ACACACACACACACACACACACACACACACAC4A
:1006F000ACACACACACACACE0FFFF9CACACACACAC70
:10070000ACACACACACACACACACACACACACACACAC29
:10071000ACACACACACACACE0FEFEFEFEFEFEFEFE55
:10072000FEFEFEFEFEFEFEFEFFFF9CACACA1ACACEE
:10073000ACACACD2B0A4BBB8A3FFB2DBBEDEA6DECD
:10074000BEDBD7B8A2ACACE0FFFF2D2F2F2F2F2F91
:100750002F2F2F2F2F2F2F2F2F2F2F2F2F2F2F2FA9
:100760002F2F2F2F2F2F2F46FEFEFEFEFEFEFEFE0A
:10077000FEFEFEFEFEFEFEFEFFFF2D2F2F2F2F2F73
:100780002F2F2F2F2F2F2F2F2F2F2F2F2F2F2F2F79
:100790002F2F2F2F2F2F2F46FFFF2D2F2F2F2F2FB4
:1007A0002F2F2F2F2F2F2F2F2F2F2F2F2F2F2F2F59
:1007B0002F2F2F2F2F2F2F46FEFEFEFEFEFEFEFEBA
:1007C000FEFEFEFEFEFEFEFEFFFFFF7B2F2F2F2F05
:1007D0002F2F2F2F2F2F2F2F2F2F2F2F2F2F2F2F29
:1007E0002F2F2F2F2F2F7DFFFEFEFEFEFEFEFEFE83
:1007F000FEFEFEFEFEFEFEFEFFFFFFCAACACACAC92
:10080000ACACACACACACACACACACACACACACACAC28
:10081000ACACACACACACE2FFFFFFFFCAACACACAC78
:10082000ACACACACACACACACACACACACACACACAC08
:10083000ACACACACACACE2FFFFFFFFCAACACACAC58
:10084000ACACACACACACACACACACACACACACACACE8
:10085000ACACACACACACE2FFFEFEFEFEFEFEFEFEBF
:10086000FEFEFEFEFEFEFEFEFFFF9CACACA1ACACAD
:10087000ACACACD2B0A4BBB8A3FFB2DBBEDEA6DE8C
:10088000BEDBD7B8A2ACACE0FFFFFF7B2F2F2F2F32
:100890002F2F2F2F2F2F2F2F2F2F2F2F2F2F2F2F68
:1008A0002F2F2F2F2F2F7DFFFEFEFEFEFEFEFEFEC2
:1008B000FEFEFEFEFEFEFEFEFFFFFF7B2F2F2F2F14
:1008C0002F2F2F2F2F2F2F2F2F2F2F2F2F2F2F2F38
:1008D0002F2F2F2F2F2F7DFFFFFFFF7B2F2F2F2F4E
:1008E0002F2F2F2F2F2F2F2F2F2F2F2F2F2F2F2F18
:1008F0002F2F2F2F2F2F7DFFFEFEFEFEFEFEFEFE72
:10090000FEFEFEFEFEFEFEFEFFFFFFFF46464646E3
:100910004646464646464646464646464646464677
:10092000464646464646FFFFFEFEFEFEFEFEFEFE35
:10093000FEFEFEFEFEFEFEFEFFFFFFFFE0E0E0E04B
:10094000E0E0E0E0E0E0E0E0E0E0E0E0E0E0E0E0A7
:10095000E0E0E0E0E0E0FFFFFFFFFFFFE0E0E0E0DD
:10096000E0E0E0E0E0E0E0E0E0E0E0E0E0E0E0E087
:10097000E0E0E0E0E0E0FFFFFFFFFFFFE0E0E0E0BD
:10098000E0E0E0E0E0E0E0E0E0E0E0E0E0E0E0E067
:10099000E0E0E0E0E0E0FFFFFEFEFEFEFEFEFEFE29
:1009A000FEFEFEFEFEFEFEFEFFFF9CACACA1ACAC6C
:1009B000ACACACD2B0A4BBB8A3FFB2DBBEDEA6DE4B
:1009C000BEDBD7B8A2ACACE0FFFFFFFF4646464611
:1009D00046464646464646464646464646464646B7
:1009E000464646464646FFFFFEFEFEFEFEFEFEFE75
:1009F000FEFEFEFEFEFEFEFEFFFFFFFF46464646F3
:100A00004646464646464646464646464646464686
:100A1000464646464646FFFFFFFFFFFF4646464620
:100A20004646464646464646464646464646464666
:100A3000464646464646FFFFFEFEFEFEFEFEFEFE24
:100A4000FEFEFEFEFEFEFEFEFFFFFFFFFFFFFFFFBE
:100A5000FFFFFFFFFFFFFFFFFFFFFFFFFFFFFFFFA6
:100A6000FFFFFFFFFFFFFFFFFEFEFEFEFEFEFEFE9E
:100A7000FEFEFEFEFEFEFEFEFFFFFFFFFFFFFFFF8E
:100A8000FFFFFFFFFFFFFFFFFFFFFFFFFFFFFFFF76
:100A9000FFFFFFFFFFFFFFFFFFFFFFFFFFFFFFFF66
:100AA000FFFFFFFFFFFFFFFFFFFFFFFFFFFFFFFF56
:100AB000FFFFFFFFFFFFFFFFFFFFFFFFFFFFFFFF46
:100AC000FFFFFFFFFFFFFFFFFFFFFFFFFFFFFFFF36
:100AD000FFFFFFFFFFFFFFFFFEFEFEFEFEFEFEFE2E
:100AE000FEFEFEFEFEFEFEFEFFFF9CACACA1ACAC2B
:100AF000ACACACD2B0A4BBB8A3FFB2DBBEDEA6DE0A
:100B0000BEDBD7B8A2ACACE0FFFFFFFFFFFFFFFFEB
:100B1000FFFFFFFFFFFFFFFFFFFFFFFFFFFFFFFFE5
:100B2000FFFFFFFFFFFFFFFFFEFEFEFEFEFEFEFEDD
:100B3000FEFEFEFEFEFEFEFEFFFFFFFFFFFFFFFFCD
:100B4000FFFFFFFFFFFFFFFFFFFFFFFFFFFFFFFFB5
:100B5000FFFFFFFFFFFFFFFFFFFFFFFFFFFFFFFFA5
:100B6000FFFFFFFFFFFFFFFFFFFFFFFFFFFFFFFF95
:100B7000FFFFFFFFFFFFFFFFFEFEFEFEFEFEFEFE8D
:100B8000FEFEFEFEFEFEFEFEFFFFFFFFFFFFFFFF7D
:100B9000FFFFFFFFFFFFFFFFFFFFFFFFFFFFFFFF65
:100BA000FFFFFFFFFFFFFFFFFEFEFEFEFEFEFEFE5D
:100BB000FEFEFEFEFEFEFEFEFFFFFFFFFFFFFFFF4D
:100BC000FFFFFFFFFFFFFFFFFFFFFFFFFFFFFFFF35
:100BD000FFFFFFFFFFFFFFFFFFFFFFFFFFFFFFFF25
:100BE000FFFFFFFFFFFFFFFFFFFFFFFFFFFFFFFF15
:100BF000FFFFFFFFFFFFFFFFFFFFFFFFFFFFFFFF05
:100C0000FFFFFFFFFFFFFFFFFFFFFFFFFFFFFFFFF4
:100C1000FFFFFFFFFFFFFFFFFEFEFEFEFEFEFEFEEC
:100C2000FEFEFEFEFEFEFEFEFFFF9CACACA1ACACE9
:100C3000ACACACD2FFFFFFFFFFFFFFFFFFFFFFCE1B
:100C4000BEDBD7B8A2ACACE0FFFFFFFFFFFFFFFFAA
:100C5000FFFFFFFFFFFFFFFFFFFFFFFFFFFFFFFFA4
:100C6000FFFFFFFFFFFFFFFFFEFEFEFEFEFEFEFE9C
:100C7000FEFEFEFEFEFEFEFEFFFFFFFFFFFFFFFF8C
:100C8000FFFFFFFFFFFFFFFFFFFFFFFFFFFFFFFF74
:100C9000FFFFFFFFFFFFFFFFFFFFFFFFFFFFFFFF64
:100CA000FFFFFFFFFFFFFFFFFFFFFFFFFFFFFFFF54
:100CB000FFFFFFFFFFFFFFFFFEFEFEFEFEFEFEFE4C
:100CC000FEFEFEFEFEFEFEFEFFFFFFFF2D2D2D2D84
:100CD0002D2D2D2D2D2D2D2D2D2D2D2D2D2D2D2D44
:100CE0002D2D2D2D2D2DFFFFFEFEFEFEFEFEFEFE08
:100CF000FEFEFEFEFEFEFEFEFFFFFFFF9C9C9C9C98
:100D00009C9C9C9C9C9C9C9C9C9C9C9C9C9C9C9C23
:100D10009C9C9C9C9C9CFFFFFFFFFFFF9C9C9C9CC1
:100D20009C9C9C9C9C9C9C9C9C9C9C9C9C9C9C9C03
:100D30009C9C9C9C9C9CFFFFFFFFFFFF9C9C9C9CA1
:100D40009C9C9C9C9C9C9C9C9C9C9C9C9C9C9C9CE3
:100D50009C9C9C9C9C9CFFFFFEFEFEFEFEFEFEFEFD
:100D6000FEFEFEFEFEFEFEFEFFFF9CACACA1ACACA8
:100D7000ACACACD2FFFFFFFFFFFFFFFFFFFFFFCEDA
:100D8000BEDBD7B8A2ACACE0FFFFFFFF2D2D2D2DB1
:100D90002D2D2D2D2D2D2D2D2D2D2D2D2D2D2D2D83
:100DA0002D2D2D2D2D2DFFFFFEFEFEFEFEFEFEFE47
:100DB000FEFEFEFEFEFEFEFEFFFFFFFF2D2D2D2D93
:100DC0002D2D2D2D2D2D2D2D2D2D2D2D2D2D2D2D53
:100DD0002D2D2D2D2D2DFFFFFFFFFFFF2D2D2D2D57
:100DE0002D2D2D2D2D2D2D2D2D2D2D2D2D2D2D2D33
:100DF0002D2D2D2D2D2DFFFFFEFEFEFEFEFEFEFEF7
:100E0000FEFEFEFEFEFEFEFEFFFFFF7C2F2F2F2FBD
:100E10002F2F2F2F2F2F2F2F2F2F2F2F2F2F2F2FE2
:100E20002F2F2F2F2F2F7BFFFEFEFEFEFEFEFEFE3E
:100E3000FEFEFEFEFEFEFEFEFFFFFFCBACACACAC4A
:100E4000ACACACACACACACACACACACACACACACACE2
:100E5000ACACACACACACCAFFFFFFFFCBACACACAC49
:100E6000ACACACACACACACACACACACACACACACACC2
:100E7000ACACACACACACCAFFFFFFFFCBACACACAC29
:100E8000ACACACACACACACACACACACACACACACACA2
:100E9000ACACACACACACCAFFFEFEFEFEFEFEFEFE91
:100EA000FEFEFEFEFEFEFEFEFFFF9CACACA1ACAC67
:100EB000ACACACD2D4D0D5AED1FFABC5B6A4A4A552
:100EC000BEDBD7B8A2ACACE0FFFFFF7C2F2F2F2FEB
:100ED0002F2F2F2F2F2F2F2F2F2F2F2F2F2F2F2F22
:100EE0002F2F2F2F2F2F7BFFFEFEFEFEFEFEFEFE7E
:100EF000FEFEFEFEFEFEFEFEFFFFFF7C2F2F2F2FCD
:100F00002F2F2F2F2F2F2F2F2F2F2F2F2F2F2F2FF1
:100F10002F2F2F2F2F2F7BFFFFFFFF7C2F2F2F2F08
:100F20002F2F2F2F2F2F2F2F2F2F2F2F2F2F2F2FD1
:100F30002F2F2F2F2F2F7BFFFEFEFEFEFEFEFEFE2D
:100F4000FEFEFEFEFEFEFEFEFFFF2D2F2F2F2F2F9B
:100F50002F2F2F2F2F2F2F2F2F2F2F2F2F2F2F2FA1
:100F60002F2F2F2F2F2F2F46FEFEFEFEFEFEFEFE02
:100F7000FEFEFEFEFEFEFEFEFFFF9CACACACACAC8B
:100F8000ACACACACACACACACACACACACACACACACA1
:100F9000ACACACACACACACE0FFFF9CACACACACACC7
:100FA000ACACACACACACACACACACACACACACACAC81
:100FB000ACACACACACACACE0FFFF9CACACACACACA7
:100FC000ACACACACACACACACACACACACACACACAC61
:100FD000ACACACACACACACE0FEFEFEFEFEFEFEFE8D
:100FE000FEFEFEFEFEFEFEFEFFFF9CACACA1ACAC26
:100FF000ACACACD2B0A4BBB8A3FFB2DBBEDEA6DE05
:10100000BEDBD7B8A2ACACE0FFFF2D2F2F2F2F2FC8
:101010002F2F2F2F2F2F2F2F2F2F2F2F2F2F2F2FE0
:101020002F2F2F2F2F2F2F46FEFEFEFEFEFEFEFE41
:10103000FEFEFEFEFEFEFEFEFFFF2D2F2F2F2F2FAA
:101040002F2F2F2F2F2F2F2F2F2F2F2F2F2F2F2FB0
:101050002F2F2F2F2F2F2F46FFFF2D2F2F2F2F2FEB
:101060002F2F2F2F2F2F2F2F2F2F2F2F2F2F2F2F90
:101070002F2F2F2F2F2F2F46FEFEFEFEFEFEFEFEF1
:10108000FEFEFEFEFEFEFEFEFFFF2D2F2F2F2F2F5A
:101090002F2F2F2F8E7824287A28247976592F2FD6
:1010A0002F2F2F2F2F2F2F46FEFEFEFEFEFEFEFEC1
:1010B000FEFEFEFEFEFEFEFEFFFF9CACACACACAC4A
:1010C000ACACACACD6FBFBFBFBFBFBFBC9A4ACACF8
:1010D000ACACACACACACACE0FFFF9CACACACACAC86
:1010E000ACACACACD6FBFBFBFBFBFBFBC9A4ACACD8
:1010F000ACACACACACACACE0FFFF9CACACACACAC66
:10110000ACACACACD6FBFBFBFBFBFBFBC9A4ACACB7
:10111000ACACACACACACACE0FEFEFEFEFEFEFEFE4B
:10112000FEFEFEFEFEFEFEFEFFFF9CACACA1ACACE4
:10113000ACACACD2B0A4BBB8A3FFB2DBBEDEA6DEC3
:10114000BEDBD7B8A2ACACE0FFFF2D2F2F2F2F2F87
:101150002F2F2F2F8E7824287A28247976592F2F15
:101160002F2F2F2F2F2F2F46FEFEFEFEFEFEFEFE00
:10117000FEFEFEFEFEFEFEFEFFFF2D2F2F2F2F2F69
:101180002F2F2F2F8E7824282828247976592F2F37
:101190002F2F2F2F2F2F2F46FFFF2D2F2F2F2F2FAA
:1011A0002F2F2F2F8E7824287A28247976592F2FC5
:1011B0002F2F2F2F2F2F2F46FEFEFEFEFEFEFEFEB0
:1011C000FEFEFEFEFEFEFEFEFFFF2D2F2F2F2F2F19
:1011D0002F2F62247A28786B4F4E62737879764885
:1011E0002F2F2F2F2F2F2F46FEFEFEFEFEFEFEFE80
:1011F000FEFEFEFEFEFEFEFEFFFF9CACACACACAC09
:10120000ACACD6FBFBFBF9BDB6B0D6C8FBFBECB46F
:10121000ACACACACACACACE0FFFF9CACACACACAC44
:10122000ACACD6FBFBFBF9BDB6B0D6C8FBFBECB44F
:10123000ACACACACACACACE0FFFF9CACACACACAC24
:10124000ACACD6FBFBFBF9BDB6B0D6C8FBFBECB42F
:10125000ACACACACACACACE0FEFEFEFEFEFEFEFE0A
:10126000FEFEFEFEFEFEFEFEFFFF9CACACA1ACACA3
:10127000ACACACD2B0A4BBB8A3FFB2DBBEDEA6DE82
:10128000BEDBD7B8A2ACACE0FFFF2D2F2F2F2F2F46
:101290002F2F62247A28786B4F4E627378797648C4
:1012A0002F2F2F2F2F2F2F46FEFEFEFEFEFEFEFEBF
:1012B000FEFEFEFEFEFEFEFEFFFF2D2F2F2F2F2F28
:1012C0002F2F8E247A24786B5553596F787976486E
:1012D0002F2F2F2F2F2F2F46FFFF2D2F2F2F2F2F69
:1012E0002F2F62247A28786B554E8E737879764842
:1012F0002F2F2F2F2F2F2F46FEFEFEFEFEFEFEFE6F
:10130000FEFEFEFEFEFEFEFEFFFF2D2F2F2F2F2FD7
:101310002F767A286F832F2F2F2F2F2F2F4F6F7617
:10132000592F2F2F2F2F2F46FEFEFEFEFEFEFEFE14
:10133000FEFEFEFEFEFEFEFEFFFF9CACACACACACC7
:10134000ACA1FBFBDCACACACACACACACACE8DCEC6E
:10135000A4ACACACACACACE0FFFF9CACACACACAC0B
:10136000ACA1FBFBDCACACACACACACACACE8DCEC4E
:10137000A4ACACACACACACE0FFFF9CACACACACACEB
:10138000ACA1FBFBDCACACACACACACACACE8DCEC2E
:10139000A4ACACACACACACE0FEFEFEFEFEFEFEFED1
:1013A000FEFEFEFEFEFEFEFEFFFF9CACACA1ACAC62
:1013B000ACACACD2B0A4BBB8C6E6C4DBBEDEA6DE25
:1013C000BEDBD7B8A2ACACE0FFFF2D2F2F2F2F2F05
:1013D0002F767A286F832F2F2F2F2F2F2F4F6F7657
:1013E000592F2F2F2F2F2F46FEFEFEFEFEFEFEFE54
:1013F000FEFEFEFEFEFEFEFEFFFF2D2F2F2F2F2FE7
:101400002F737A24922E2E323232322E2E4A6B765F
:10141000592F2F2F2F2F2F46FFFF2D2F2F2F2F2FFD
:101420002F767A246F3837383838383737486F7620
:10143000592F2F2F2F2F2F46FEFEFEFEFEFEFEFE03
:10144000FEFEFEFEFEFEFEFEFFFF2D2F2F2F2F2F96
:10145000787A79472F2F2F2F2F2F2F2F2F2F2F8E47
:1014600062872F2F2F2F2F46FEFEFEFEFEFEFEFE72
:10147000FEFEFEFEFEFEFEFEFFFF9CACACACACAC86
:10148000F8FBFBD2ACACACACACACACACACACACBB7D
:10149000BAD3ACACACACACE0FFFF9CACACACACAC8D
:1014A000F8FBFBD2ACACACACACACACACACACACBB5D
:1014B000BAD3ACACACACACE0FFFF9CACACACACAC6D
:1014C000F8FBFBD2ACACACACACACACACACACACBB3D
:1014D000BAD3ACACACACACE0FEFEFEFEFEFEFEFE53
:1014E000FEFEFEFEFEFEFEFEFFFF9CACACA1ACAC21
:1014F000ACACACD2B0A4BBB8A5BCD7DBBEDEA6DE1C
:10150000BEDBD7B8A2ACACE0FFFF2D2F2F2F2F2FC3
:10151000787A794738382F2F2F2F2F2F2F2F2F8E74
:1015200062872F2F2F2F2F46FEFEFEFEFEFEFEFEB1
:10153000FEFEFEFEFEFEFEFEFFFF2D2F2F2F2F2FA5
:10154000787A78498582828585418582823C2E55CC
:1015500062872F2F2F2F2F46FFFF2D2F2F2F2F2F5B
:10156000787A78382E2E2E323232322E2E32385968
:1015700062872F2F2F2F2F46FEFEFEFEFEFEFEFE61
:10158000FEFEFEFEFEFEFEFEFFFF2D2F2F2F2F760E
:101590007A7838843A3A848484843A3232323A3AD5
:1015A0005538322F2F2F2F46FEFEFEFEFEFEFEFE8A
:1015B000FEFEFEFEFEFEFEFEFFFF9CACACACACC72A
:1015C000FBF8ACACACACACACACACACACACACACD399
:1015D000A4ACAEACACACACE0FFFF9CACACACACC76C
:1015E000FBF8ACACACACACACACACACACACACACD379
:1015F000A4ACAEACACACACE0FFFF9CACACACACC74C
:10160000FBF8ACACACACACACACACACACACACACD358
:10161000A4ACAEACACACACE0FEFEFEFEFEFEFEFE4C
:10162000FEFEFEFEFEFEFEFEFFFF9CACACA1ACACDF
:10163000ACACACD2B0A4BBB8A5BCD7DBBEDEA6DEDA
:10164000BEDBD7B8A2ACACE0FFFF2D2F2F2F2F763B
:101650007A78383784848438383838848438382F16
:1016600059833A2F2F2F2F46FEFEFEFEFEFEFEFE72
:10167000FEFEFEFEFEFEFEFEFFFF2D2F2F2F2F761D
:101680007A7680820D050D3D3D3D4309053141329D
:1016900055833A2F2F2F2F46FFFF2D2F2F2F2F76D9
:1016A0007A763A338582828585418582823C2E37DF
:1016B00059833A2F2F2F2F46FEFEFEFEFEFEFEFE22
:1016C000FEFEFEFEFEFEFEFEFFFF2D2F2F2F5928F1
:1016D000783A2E333C3C3C33302E403C404C4C4915
:1016E0003A567F372F2F2F46FEFEFEFEFEFEFEFEF1
:1016F000FEFEFEFEFEFEFEFEFFFF9CACACACA4FBBD
:10170000FBACACACACACACACACC3CBB1D2D2D2D2F7
:10171000B1A4CECFACACACE0FFFF9CACACACA4FBB6
:10172000FBACACACACACD0C3C2C2CCB1D2D2D2D286
:10173000B1A4CECFACACACE0FFFF9CACACACA4FB96
:10174000FBACACACACACD0C2C29ED5B1D2D2D2D282
:10175000B1A4CECFACACACE0FEFEFEFEFEFEFEFEC3
:10176000FEFEFEFEFEFEFEFEFFFF9CACACA1ACAC9E
:10177000ACACACD2B0A4BBB8A5BCD7DBBEDEA6DE99
:10178000BEDBD7B8A2ACACE0FFFF2D2F2F2F59281E
:1017900078383A322E302E2E2E3932393A4B4A4290
:1017A00042597F382F2F2F46FEFEFEFEFEFEFEFE24
:1017B000FEFEFEFEFEFEFEFEFFFF2D2F2F2F592800
:1017C000783A853D01FA004444440FFAFA438A32DC
:1017D00038597F382F2F2F46FFFF2D2F2F2F5928B5
:1017E000788433820D050D3D3D3D3D09058A4C3A17
:1017F00042597F382F2F2F46FEFEFEFEFEFEFEFED4
:10180000FEFEFEFEFEFEFEFEFFFF2D2F2F2F782494
:101810004B33853131313131828A5050508A8A4C74
:101820004B4B84342F2F2F46FEFEFEFEFEFEFEFEA7
:10183000FEFEFEFEFEFEFEFEFFFF9CACACACFBFB24
:10184000D2ACACACACACACD3E2FFC1B0B0E8E8E831
:10185000B0B4CF9EACACACE0FFFF9CACACACFBFB3F
:10186000D2ACACACACCAFFFFFFFFFFE3D3E8E8E8C3
:10187000B0B4CF9EACACACE0FFFF9CACACACFBFB1F
:10188000D2ACACACACCAFFFFFFFFE09BB0E8E8E82D
:10189000B0B4CF9EACACACE0FEFEFEFEFEFEFEFEA3
:1018A000FEFEFEFEFEFEFEFEFFFF9CACACA1ACAC5D
:1018B000ACACACD2B0A4BBB8A5BCD7DBBEDEA6DE58
:1018C000BEDBD7B8A2ACACE0FFFF2D2F2F2F7824C2
:1018D00047842E3C706A8282413C4D4D70494A4299
:1018E000484838342F2F2F46FEFEFEFEFEFEFEFE39
:1018F000FEFEFEFEFEFEFEFEFFFF2D2F2F2F7824A4
:10190000422E313401FAFA0C3F3F03FAFA345049BF
:10191000424838342F2F2F46FFFF2D2F2F2F7824AA
:101920004732853D01FA00443B3B0FFAFA3D8A4BB2
:10193000474838342F2F2F46FEFEFEFEFEFEFEFEE9
:10194000FEFEFEFEFEFEFEFEFFFF2D2F2F59246B36
:1019500033823D342525433D3D3D2525252527273B
:101960006D4A563E3A2F2F46FEFEFEFEFEFEFEFE5E
:10197000FEFEFEFEFEFEFEFEFFFF9CACACA4FBDC0A
:10198000ACACACACACACAEE2FFFFC3B6A4A4A4A4B8
:10199000A4B6B6C2AEACACE0FFFF9CACACA4FBDC22
:1019A000ACACACACD0FFFF9DAECEE3FFE2A4A4A4F0
:1019B000A4B6B6C2AEACACE0FFFF9CACACA4FBDC02
:1019C000ACACACACAE97FF9DAE9BFFFFB0A4A4A4A3
:1019D000A4B6B6C2AEACACE0FEFEFEFEFEFEFEFE5F
:1019E000FEFEFEFEFEFEFEFEFFFF9CACACA1ACAC1C
:1019F000ACACACD2B0A4BBB8A5BCD7DBBEDEA6DE17
:101A0000BEDBD7B8A2ACACE0FFFF2D2F2F59246F5F
:101A1000383A336A1212683D1F1F1F1B96234B561C
:101A20004F4F4F3E3A2F2F46FEFEFEFEFEFEFEFEBD
:101A3000FEFEFEFEFEFEFEFEFFFF2D2F2F59246F41
:101A400038307F3B0100FA03358C00FAFA5C505BBA
:101A50004E4F4F3E3A2F2F46FFFF2D2F2F59246F09
:101A6000382E313401FAFA0C3F8B03FAFA61584BE5
:101A70004E4F4F3E3A2F2F46FEFEFEFEFEFEFEFE6E
:101A8000FEFEFEFEFEFEFEFEFFFF2D2F2F73798071
:101A9000823D1BFBFBFB9614345CFBFBFBFBFBFB5F
:101AA00027535543342F2F46FEFEFEFEFEFEFEFE5C
:101AB000FEFEFEFEFEFEFEFEFFFF9CACACC8FBACD5
:101AC000ACACACACACD4A2FF98FFC3BBD6BABAD610
:101AD000D6BBA4CC9EACACE0FFFF9CACACC8FBACCE
:101AE000ACACACACC3FFAFB0E8B6D0FFE5BABAD689
:101AF000D6BBA4CC9EACACE0FFFF9CACACC8FBACAE
:101B0000ACACACACC3FFABB0E8B6E2FFCEBABAD671
:101B1000D6BBA4CC9EACACE0FEFEFEFEFEFEFEFEFE
:101B2000FEFEFEFEFEFEFEFEFFFF9CACACA1ACACDA
:101B3000ACACACD2B0A4BBB8A5BCD7DBBEDEA6DED5
:101B4000BEDBD7B8A2ACACE0FFFF2D2F2F7379839B
:101B500038393C1AFBFB17203B5C1BFBFB1D8D55EA
:101B60005254543D342F2F46FEFEFEFEFEFEFEFE76
:101B7000FEFEFEFEFEFEFEFEFFFF2D2F2F7379837D
:101B800038337F3B010000008907FA00FA5C588D6A
:101B90005954543D342F2F46FFFF2D2F2F73798337
:101BA00038307F3B0100FA038C8C00FAFA5C588DC8
:101BB0005954543D342F2F46FEFEFEFEFEFEFEFE1F
:101BC000FEFEFEFEFEFEFEFEFFFF2D2F2F7677416E
:101BD0007F1BFB1B692013FB218FFB298F5C605847
:101BE0005B56594B3F2F2F46FEFEFEFEFEFEFEFECD
:101BF000FEFEFEFEFEFEFEFEFFFF9CACACF1ECAC7A
:101C0000ACACACACD39DFFC2EBFFC4B8B8D8D8D84D
:101C1000B8B8BAACE2ACACE0FFFF9CACACF1ECAC59
:101C2000ACACACACCB9DD4B3A4BBB4FFE7D8D8D894
:101C3000B8B8BAACE2ACACE0FFFF9CACACF1ECAC39
:101C4000ACACACACD3CBAEB3A4BBE7FFD0D8D8D848
:101C5000B8B8BAACE2ACACE0FEFEFEFEFEFEFEFEA4
:101C6000FEFEFEFEFEFEFEFEFFFF9CACACA1ACAC99
:101C7000ACACACD2B0A4BBB8A5BCD7DBBEDEA6DE94
:101C8000BEDBD7B8A2ACACE0FFFF2D2F2F76762FAE
:101C9000383A3C311BFBFB17711AFBFB126D648E4B
:101CA000575D574A3F2F2F46FEFEFEFEFEFEFEFE0C
:101CB000FEFEFEFEFEFEFEFEFFFF2D2F2F76762F90
:101CC0003833313B010003FA0B030001FA5C9056F4
:101CD0008E5D574A3F2F2F46FFFF2D2F2F76762FF1
:101CE00038337F3B010000001E07FA00FA5C5856AB
:101CF0008E5D574A3F2F2F46FEFEFEFEFEFEFEFE85
:101D0000FEFEFEFEFEFEFEFEFFFF2D2F2F766382FF
:101D1000432B1C443B346113258FFB298F5C60905F
:101D2000646362521E2F2F46FEFEFEFEFEFEFEFE86
:101D3000FEFEFEFEFEFEFEFEFFFF9CACACF5D8AC48
:101D4000ACACACACD2D4CFA4D5FF9EA5BDBCBCBCC2
:101D5000BDA5D8B5ABACACE0FFFF9CACACF5D8AC46
:101D6000ACACACACD2B0B3A4D6B9C3FFB7BCBCBCAE
:101D7000BDA5D8B5ABACACE0FFFF9CACACF5D8AC26
:101D8000ACACACACD2B0B3A4D5E2FFE7BDBCBCBC3C
:101D9000BDA5D8B5ABACACE0FEFEFEFEFEFEFEFE81
:101DA000FEFEFEFEFEFEFEFEFFFF9CACACA1ACAC58
:101DB000ACACACD2B0A4BBB8A5BCD7DBBEDEA6DE53
:101DC000BEDBD7B8A2ACACE0FFFF2D2F2F78662F7B
:101DD00038843031431AFBFB16FBFB17745B6366D8
:101DE00065655D541E2F2F46FEFEFEFEFEFEFEFEC6
:101DF000FEFEFEFEFEFEFEFEFFFF2D2F2F78662F5D
:101E0000382E313401008CFA03000301FA605B6361
:101E100066655D541E2F2F46FFFF2D2F2F78662FEE
:101E20003833313B010003FA0B030001FA615A63B6
:101E300066655D541E2F2F46FEFEFEFEFEFEFEFE74
:101E4000FEFEFEFEFEFEFEFEFFFF2D2F2F765B3117
:101E500034FB1B443B3461615C8FFB152A2A2A1337
:101E6000648E665D452F2F46FEFEFEFEFEFEFEFEE4
:101E7000FEFEFEFEFEFEFEFEFFFF9CACACF1E8ACFB
:101E8000ACACACB1B4B3A4D6AEFF9BD9A8A8A8A8FB
:101E9000A8D9BDB8A9ACACE0FFFF9CACACF1E8ACF4
:101EA000ACACACB1B4B3A4D6B8C6FFE1EAA8A8A85C
:101EB000A8D9BDB8A9ACACE0FFFF9CACACF1E8ACD4
:101EC000ACACACB1B4B3A49BFFFFFFB6A8A8A8A864
:101ED000A8D9BDB8A9ACACE0FEFEFEFEFEFEFEFE3B
:101EE000FEFEFEFEFEFEFEFEFFFF9CACACA1ACAC17
:101EF000ACACACD2B0A4BBB8A5BCD7DBBEDEA6DE12
:101F0000BEDBD7B8A2ACACE0FFFF2D2F2F764F2F52
:101F10002F842E8243441AFBFBFB1720906A8E65A8
:101F20006565655D452F2F46FEFEFEFEFEFEFEFE4C
:101F3000FEFEFEFEFEFEFEFEFFFF2D2F2F764F2F34
:101F4000382E853D01003F0100FA0701FA696A8ECB
:101F50006B65655D452F2F46FFFF2D2F2F764F2F89
:101F6000382E313401008CFA03000301FA696A8EBD
:101F70006565655D452F2F46FEFEFEFEFEFEFEFEFC
:101F8000FEFEFEFEFEFEFEFEFFFF2D2F2F738031B4
:101F900034FB1A443B6160615C8FFB172B2B1D1DCA
:101FA00070926662362F2F46FEFEFEFEFEFEFEFE9D
:101FB000FEFEFEFEFEFEFEFEFFFF9CACACA1ACAC46
:101FC000ACACACD2B0A4BBB8A3FFCCDBBEDEA6DE0B
:101FD000BEDBD7B8A2ACACE0FFFF9CACACA1ACAC14
:101FE000ACACACD2B0A4BBB8D5E1FFD5BEDEA6DEAA
:101FF000BEDBD7B8A2ACACE0FFFF9CACACA1ACACF4
:10200000ACACACD2B0A4BBAE9EB7FFE1E9DEA6DEBD
:10201000BEDBD7B8A2ACACE0FEFEFEFEFEFEFEFECE
:10202000FEFEFEFEFEFEFEFEFFFF9CACACA1ACACD5
:10203000ACACACD2B0A4BBB8A5BCD7DBBEDEA6DED0
:10204000BEDBD7B8A2ACACE0FFFF2D2F2F76832FDD
:102050002F842E8A435C1AFBFBFB172090706B6F5A
:1020600067676766362F2F46FEFEFEFEFEFEFEFE0B
:10207000FEFEFEFEFEFEFEFEFFFF2D2F2F76832FBF
:10208000382E3C3104004403FA0091030090709212
:102090006B676566362F2F46FFFF2D2F2F76832F18
:1020A000382E853D01008B0000FA0701FA906D6B18
:1020B00067676766362F2F46FEFEFEFEFEFEFEFEBB
:1020C000FEFEFEFEFEFEFEFEFFFF2D2F2F6B3C31BF
:1020D00034162A443B6160131B5CFB295C719070D1
:1020E0006D6B6564362F2F46FEFEFEFEFEFEFEFE85
:1020F000FEFEFEFEFEFEFEFEFFFF9CACACD9ADACCC
:10210000ACACD3B4B3A4BAD8A3FFCEA6DAECECEC53
:10211000DAA6A7B3A2ACACE0FFFF9CACACD9ADACE7
:10212000ACACD3B4B3A4BAD4FFFFAEA6DAECECECFB
:10213000DAA6A7B3A2ACACE0FFFF9CACACD9ADACC7
:10214000ACACD3B4B3A4BAD8BDD7AEFFC2ECECEC00
:10215000DAA6A7B3A2ACACE0FEFEFEFEFEFEFEFEDB
:10216000FEFEFEFEFEFEFEFEFFFF9CACACD9ADAC5B
:10217000ACACD3B4B3A4BAD8BDD7A7A6DAECECEC18
:10218000DAA6A7B3A2ACACE0FFFF2D2F2F6F2F2F45
:102190003884498A3D1BFBFB16FBFB12196D6B67EC
:1021A0006C6C6763362F2F46FEFEFEFEFEFEFEFEC3
:1021B000FEFEFEFEFEFEFEFEFFFF2D2F2F6F2F2FD9
:1021C00038323C8A0505615C03056105036870923D
:1021D0006F676764362F2F46FFFF2D2F2F6F2F2F2E
:1021E0003832408A04005C03FA005C01FA70926F96
:1021F0006C6C6763362F2F46FEFEFEFEFEFEFEFE73
:10220000FEFEFEFEFEFEFEFEFFFF2D2F2F8E2E8217
:102210003D1596215C6125FB1B71FB2571692070C2
:10222000926B6F601E2F2F46FEFEFEFEFEFEFEFE30
:10223000FEFEFEFEFEFEFEFEFFFF9CACACD6ADAC8D
:10224000ACACB1B4B6BBB8A5C6FFCBDDECEEF1EEDD
:10225000ECDDA6CEABACACE0FFFF9CACACD6ADAC3D
:10226000ACACB1B4B6BBD1FFE1A3A6DDECEEF1EEB0
:10227000ECDDA6CEABACACE0FFFF9CACACD6ADAC1D
:10228000ACACB1B4B6D5B5A5D9DBA8FFFFEEF1EE85
:10229000ECDDA6CEABACACE0FEFEFEFEFEFEFEFE2E
:1022A000FEFEFEFEFEFEFEFEFFFF9CACACD6ADAC1D
:1022B000ACACB1B4B6BBB8A5D9DBA6DDECEEF1EEA3
:1022C000ECDDA6CEABACACE0FFFF2D2F2F622F2FA5
:1022D000383A498A1BFBFB17201BFBFB12776F6CFC
:1022E0006E6E6C601E2F2F46FEFEFEFEFEFEFEFE94
:1022F000FEFEFEFEFEFEFEFEFFFF2D2F2F622F2FA5
:10230000372E408A505F1F606161717169206A9247
:102310006B6767601E2F2F46FFFF2D2F2F622F2F19
:10232000383A4988050660610105690604926F6CB8
:102330006E6E6C601E2F2F46FEFEFEFEFEFEFEFE43
:10234000FEFEFEFEFEFEFEFEFFFF2D2F2F483A3C56
:1023500031201716151CFB1D5F69FB121D1D1D1D6D
:10236000286F6F893E2F2F46FEFEFEFEFEFEFEFE0C
:10237000FEFEFEFEFEFEFEFEFFFF9CACACB0D3AC4C
:10238000ACACD2B0A4D6B8BDC5FFEBECF1F4F4F41C
:10239000F1ECA6ABC2ACACE0FFFF9CACACB0D3ACF4
:1023A000ACACD2B0A4C1FFE1A0BEDAECF1F4F4F41D
:1023B000F1ECA6ABC2ACACE0FFFF9CACACB0D3ACD4
:1023C000ACACD2B0C3FFC3BDA8BEA0FFFFF4F4F411
:1023D000F1ECA6ABC2ACACE0FEFEFEFEFEFEFEFEE5
:1023E000FEFEFEFEFEFEFEFEFFFF9CACACB0D3ACDC
:1023F000ACACD2B0A4D6B8BDA8BEDAECF1F4F4F41B
:10240000F1ECA6ABC2ACACE0FFFF2D2F2F4E872F17
:102410003839491AFBFB127469691BFBFB126F6C9C
:102420006E6E6C1E3E2F2F46FEFEFEFEFEFEFEFE74
:10243000FEFEFEFEFEFEFEFEFFFF2D2F2F4E873816
:10244000842E3C8A505F5F5F00FAFAFAFAFAFA00CB
:102450006B7367893E2F2F46FFFF2D2F2F4E872F3F
:102460002F37383A4C5858696990686A6D6F6C6EAE
:10247000726E6C1E3E2F2F46FEFEFEFEFEFEFEFE20
:10248000FEFEFEFEFEFEFEFEFFFF2D2F2F2F3A4129
:10249000417F19141C1C1B74906813131313137AB7
:1024A00079735A953C2F2F46FEFEFEFEFEFEFEFE81
:1024B000FEFEFEFEFEFEFEFEFFFF9CACACACCFAE11
:1024C000ACD3D2E8A4BAD8BCC5FFEBEEF4F5F8F56E
:1024D000F4EEA399CDACACE0FFFF9CACACACCFAEBE
:1024E000ACD3D2E8AEFFFFCBC5A4EDEDF3F5F8F524
:1024F000F4EEA399CDACACE0FFFF9CACACACCFAE9E
:10250000ACD3D2E8D0FFE1BBA8A5B7FFC2F5F8F580
:10251000F4EEA399CDACACE0FEFEFEFEFEFEFEFEA8
:10252000FEFEFEFEFEFEFEFEFFFF9CACACACCFAEA0
:10253000ACD3D2E8A4BAD8BCA8DEECEEF4F5F8F53A
:10254000F4EEA399CDACACE0FFFF2D2F2F2F38393F
:1025500038844970121270686A6A7014FB28736EAE
:10256000726E8D953C2F2F46FEFEFEFEFEFEFEFE99
:10257000FEFEFEFEFEFEFEFEFFFF2D2F2F2F383249
:102580003A2E100404040409090505050506060A87
:102590006B735B953C2F2F46FFFF2D2F2F2F383964
:1025A0002F2F384A5B5A5A9090906A6D6B736E93D6
:1025B00093728D953C2F2F46FEFEFEFEFEFEFEFE24
:1025C000FEFEFEFEFEFEFEFEFFFF2D2F2F2F2E7FB6
:1025D00030418A50585A5A8D646D6D6D92926F7366
:1025E000736B45352F2F2F46FEFEFEFEFEFEFEFED0
:1025F000FEFEFEFEFEFEFEFEFFFF9CACACACAECBD4
:10260000ADD3D2E8A4BAD8D9C5FFEBF1F4F8F9F804
:10261000F4A8A9C0ACACACE0FFFF9CACACACAECBBA
:10262000ADD3D2E8B2FFFFFFFFFFFFFFFFF8F9F8DD
:10263000F4A8A9C0ACACACE0FFFF9CACACACAECB9A
:10264000ADD3D2E8A4E2FFFFABFFFFF2F6F8F9F852
:10265000F4A8A9C0ACACACE0FEFEFEFEFEFEFEFEA1
:10266000FEFEFEFEFEFEFEFEFFFF9CACACACAECB63
:10267000ADD3D2E8A4BAD8D9A8A6ECF1F4F8F9F809
:10268000F4A8A9C0ACACACE0FFFF2D2F2F2F3A313E
:1026900038384B3A6D6D8D636D92926B78737272B0
:1026A000726745352F2F2F46FEFEFEFEFEFEFEFE14
:1026B000FEFEFEFEFEFEFEFEFFFF2D2F2F2F3A7FB9
:1026C000392E090000000009090505060606080A5A
:1026D0006F6645352F2F2F46FFFF2D2F2F2F3A31B5
:1026E0002F2F42424B10060606060608216C7293F5
:1026F000936745352F2F2F46FEFEFEFEFEFEFEFEA3
:10270000FEFEFEFEFEFEFEFEFFFF2D2F2F2F373DAD
:102710003132494C5B8D5663926B6B6F6F73736C88
:10272000738B463C2F2F2F46FEFEFEFEFEFEFEFE66
:10273000FEFEFEFEFEFEFEFEFFFF9CACACACCFD16B
:10274000D4D3D2E8A4D6D8BCEACEEDEEF4F5F8F5B1
:10275000ECC2E1D0ACACACE0FFFF9CACACACCFD1F8
:10276000D4D3D2E8D1C49E9BD1CEEBEBEBF5F8F5F8
:10277000ECC2E1D0ACACACE0FFFF9CACACACCFD1D8
:10278000D4D3D2E8A4D6D4E6B2B2EBEFF4F5F8F5A0
:10279000ECC2E1D0ACACACE0FEFEFEFEFEFEFEFE06
:1027A000FEFEFEFEFEFEFEFEFFFF9CACACACCFD1FB
:1027B000D4D3D2E8A4D6D8BCA8DEECEEF4F5F8F574
:1027C000ECC2E1D0ACACACE0FFFF2D2F2F2F387F57
:1027D00085384A4A535659626B6F73736C6E7272C6
:1027E0006E3E46332F2F2F46FEFEFEFEFEFEFEFE01
:1027F000FEFEFEFEFEFEFEFEFFFF2D2F2F2F383DBC
:102800003139494C4C5A5A6804000000000000025B
:102810006B3F463C2F2F2F46FFFF2D2F2F2F387F4A
:102820004183424A4B06FAFAFAFAFAFA086C7293B2
:102830006E3E46332F2F2F46FEFEFEFEFEFEFEFEB0
:10284000FEFEFEFEFEFEFEFEFFFF2D2F2F2F2F3C75
:102850004482384A535559626B6F67736C6C6C6C69
:1028600044183B2F2F2F2F46FEFEFEFEFEFEFEFEDF
:10287000FEFEFEFEFEFEFEFEFFFF9CACACACACCD51
:10288000C1D4B1B0A4D6B8BDA8BEDAECF1F4F4EC72
:10289000C499CAACACACACE0FFFF9CACACACACCD6A
:1028A000C1D4B1B0A4D6B8BDA8BEDAECF1F4F4EC52
:1028B000C499CAACACACACE0FFFF9CACACACACCD4A
:1028C000C1D4B1B0A4D6B8BDA8BEDAECF1F4F4EC32
:1028D000C499CAACACACACE0FEFEFEFEFEFEFEFE51
:1028E000FEFEFEFEFEFEFEFEFFFF9CACACACACCDE1
:1028F000C1D4B1B0A4D6B8BDA8BEDAECF1F4F4EC02
:10290000C499CAACACACACE0FFFF2D2F2F2F2F3CED
:10291000444142474E59626565676C6C6E72726ED7
:102920003B863B2F2F2F2F46FEFEFEFEFEFEFEFEB9
:10293000FEFEFEFEFEFEFEFEFFFF2D2F2F2F2F3C84
:1029400044313A3A4B5B8D8D64647070706D926B5C
:102950003E7E3B2F2F2F2F46FFFF2D2F2F2F2F3C5B
:10296000448187424A10060606060608776C726E96
:102970003B863B2F2F2F2F46FEFEFEFEFEFEFEFE69
:10298000FEFEFEFEFEFEFEFEFFFF2D2F2F2F2F2F41
:102990003D3F31474F52576665676C6C6E6E678B73
:1029A000863E2F2F2F2F2F46FEFEFEFEFEFEFEFE42
:1029B000FEFEFEFEFEFEFEFEFFFF9CACACACACAC31
:1029C000CCB7CBD2B6BBB8A5D9DBA6DDECEEA8C29E
:1029D000999DACACACACACE0FFFF9CACACACACAC8F
:1029E000CCB7CBD2B6BBB8A5D9DBA6DDECEEA8C27E
:1029F000999DACACACACACE0FFFF9CACACACACAC6F
:102A0000CCB7CBD2B6BBB8A5D9DBA6DDECEEA8C25D
:102A1000999DACACACACACE0FEFEFEFEFEFEFEFE54
:102A2000FEFEFEFEFEFEFEFEFFFF9CACACACACACC0
:102A3000CCB7CBD2B6BBB8A5D9DBA6DDECEEA8C22D
:102A4000999DACACACACACE0FFFF2D2F2F2F2F2FFE
:102A50003D3F31474F545D6565676C6C6E6E678BAB
:102A6000863E2F2F2F2F2F46FEFEFEFEFEFEFEFE81
:102A7000FEFEFEFEFEFEFEFEFFFF2D2F2F2F2F2F50
:102A8000433F7F4B4A5655638E8E92926B6F923FB7
:102A90007E3E382F2F2F2F46FFFF2D2F2F2F2F2F2A
:102AA0003D3F314A53538D8D6A646D926F6C658BD7
:102AB000863E2F2F2F2F2F46FEFEFEFEFEFEFEFE31
:102AC000FEFEFEFEFEFEFEFEFFFF2D2F2F2F2F2F00
:102AD0002F7F89443854575D6567676C6C8D364627
:102AE0003B2F2F2F2F2F2F46FEFEFEFEFEFEFEFE5B
:102AF000FEFEFEFEFEFEFEFEFFFF9CACACACACACF0
:102B0000ACCEAAC1CFA4BAD8BDD7A7A6A6A3A2E12E
:102B1000CAACACACACACACE0FFFF9CACACACACAC0D
:102B2000ACCEAAC1CFA4BAD8BDD7A7A6A6A3A2E10E
:102B3000CAACACACACACACE0FFFF9CACACACACACED
:102B4000ACCEAAC1CFA4BAD8BDD7A7A6A6A3A2E1EE
:102B5000CAACACACACACACE0FEFEFEFEFEFEFEFED3
:102B6000FEFEFEFEFEFEFEFEFFFF9CACACACACAC7F
:102B7000ACCEAAC1CFA4BAD8BDD7A7A6A6A3A2E1BE
:102B8000CAACACACACACACE0FFFF2D2F2F2F2F2F7D
:102B90002F7F89443854575D6567676C6C8D364666
:102BA0003B2F2F2F2F2F2F46FEFEFEFEFEFEFEFE9A
:102BB000FEFEFEFEFEFEFEFEFFFF2D2F2F2F2F2F0F
:102BC0002F7F8944494F596262666B6B6F5A364654
:102BD0003B382F2F2F2F2F46FFFF2D2F2F2F2F2F3B
:102BE0002F7F894449565664638E926B6F5B3646DD
:102BF0003B2F2F2F2F2F2F46FEFEFEFEFEFEFEFE4A
:102C0000FEFEFEFEFEFEFEFEFFFF2D2F2F2F2F2FBE
:102C10002F2F2E3546351F565D6664613695353348
:102C20002F2F2F2F2F2F2F46FEFEFEFEFEFEFEFE25
:102C3000FEFEFEFEFEFEFEFEFFFF9CACACACACACAE
:102C4000ACACD5C0DFBFCBB4B9B9B49BA299C0D0EE
:102C5000ACACACACACACACE0FFFF9CACACACACACEA
:102C6000ACACD5C0DFBFCBB4B9B9B49BA299C0D0CE
:102C7000ACACACACACACACE0FFFF9CACACACACACCA
:102C8000ACACD5C0DFBFCBB4B9B9B49BA299C0D0AE
:102C9000ACACACACACACACE0FEFEFEFEFEFEFEFEB0
:102CA000FEFEFEFEFEFEFEFEFFFF9CACACACACAC3E
:102CB000ACACD5C0DFBFCBB4B9B9B49BA299C0D07E
:102CC000ACACACACACACACE0FFFF2D2F2F2F2F2F5A
:102CD0002F2F2E3546351F565D6664613695353388
:102CE0002F2F2F2F2F2F2F46FEFEFEFEFEFEFEFE65
:102CF000FEFEFEFEFEFEFEFEFFFF2D2F2F2F2F2FCE
:102D00002F2F2E3546351F5662628D5C3686354133
:102D1000382F2F2F2F2F2F46FFFF2D2F2F2F2F2F05
:102D20002F2F2E354635435B63635B5C3686353328
:102D30002F2F2F2F2F2F2F46FEFEFEFEFEFEFEFE14
:102D4000FEFEFEFEFEFEFEFEFFFF2D2F2F2F2F2F7D
:102D50002F2F2F2F333E1E364646361E3E3C2F2F3A
:102D60002F2F2F2F2F2F2F46FEFEFEFEFEFEFEFEE4
:102D7000FEFEFEFEFEFEFEFEFFFF9CACACACACAC6D
:102D8000ACACACACD0C2ABA2E0E0A2ABC2CDACACC0
:102D9000ACACACACACACACE0FFFF9CACACACACACA9
:102DA000ACACACACD0C2ABA2E0E0A2ABC2CDACACA0
:102DB000ACACACACACACACE0FFFF9CACACACACAC89
:102DC000ACACACACD0C2ABA2E0E0A2ABC2CDACAC80
:102DD000ACACACACACACACE0FEFEFEFEFEFEFEFE6F
:102DE000FEFEFEFEFEFEFEFEFFFF9CACACACACACFD
:102DF000ACACACACD0C2ABA2E0E0A2ABC2CDACAC50
:102E0000ACACACACACACACE0FFFF2D2F2F2F2F2F18
:102E10002F2F2F2F333E1E364646361E3E3C2F2F79
:102E20002F2F2F2F2F2F2F46FEFEFEFEFEFEFEFE23
:102E3000FEFEFEFEFEFEFEFEFFFF2D2F2F2F2F2F8C
:102E40002F2F2F2F333E1E364646361E3E3C2F2F49
:102E50002F2F2F2F2F2F2F46FFFF2D2F2F2F2F2FCD
:102E60002F2F2F2F333E1E364646361E3E3C2F2F29
:102E70002F2F2F2F2F2F2F46FEFEFEFEFEFEFEFED3
:102E8000FEFEFEFEFEFEFEFEFFFF2D2F2F2F2F2F3C
:102E90002F2F2F2F2F2F2F2F2F2F2F2F2F2F2F2F42
:102EA0002F2F2F2F2F2F2F46FEFEFEFEFEFEFEFEA3
:102EB000FEFEFEFEFEFEFEFEFFFF9CACACACACAC2C
:102EC000ACACACACACACACACACACACACACACACAC42
:102ED000ACACACACACACACE0FFFF9CACACACACAC68
:102EE000ACACACACACACACACACACACACACACACAC22
:102EF000ACACACACACACACE0FFFF9CACACACACAC48
:102F0000ACACACACACACACACACACACACACACACAC01
:102F1000ACACACACACACACE0FEFEFEFEFEFEFEFE2D
:102F2000FEFEFEFEFEFEFEFEFFFF9CACACACACACBB
:102F3000ACACACACACACACACACACACACACACACACD1
:102F4000ACACACACACACACE0FFFF2D2F2F2F2F2FD7
:102F50002F2F2F2F2F2F2F2F2F2F2F2F2F2F2F2F81
:102F60002F2F2F2F2F2F2F46FEFEFEFEFEFEFEFEE2
:102F7000FEFEFEFEFEFEFEFEFFFF2D2F2F2F2F2F4B
:102F80002F2F2F2F2F2F2F2F2F2F2F2F2F2F2F2F51
:102F90002F2F2F2F2F2F2F46FFFF2D2F2F2F2F2F8C
:102FA0002F2F2F2F2F2F2F2F2F2F2F2F2F2F2F2F31
:102FB0002F2F2F2F2F2F2F46FEFEFEFEFEFEFEFE92
:102FC000FEFEFEFEFEFEFEFEFFFFFF7B2F2F2F2FDD
:102FD0002F2F2F2F2F2F2F2F2F2F2F2F2F2F2F2F01
:102FE0002F2F2F2F2F2F7DFFFEFEFEFEFEFEFEFE5B
:102FF000FEFEFEFEFEFEFEFEFFFFFFCAACACACAC6A
:10300000ACACACACACACACACACACACACACACACAC00
:10301000ACACACACACACE2FFFFFFFFCAACACACAC50
:10302000ACACACACACACACACACACACACACACACACE0
:10303000ACACACACACACE2FFFFFFFFCAACACACAC30
:10304000ACACACACACACACACACACACACACACACACC0
:10305000ACACACACACACE2FFFEFEFEFEFEFEFEFE97
:10306000FEFEFEFEFEFEFEFEFFFFFFCAACACACACF9
:10307000ACACACACACACACACACACACACACACACAC90
:10308000ACACACACACACE2FFFFFFFF7B2F2F2F2F23
:103090002F2F2F2F2F2F2F2F2F2F2F2F2F2F2F2F40
:1030A0002F2F2F2F2F2F7DFFFEFEFEFEFEFEFEFE9A
:1030B000FEFEFEFEFEFEFEFEFFFFFF7B2F2F2F2FEC
:1030C0002F2F2F2F2F2F2F2F2F2F2F2F2F2F2F2F10
:1030D0002F2F2F2F2F2F7DFFFFFFFF7B2F2F2F2F26
:1030E0002F2F2F2F2F2F2F2F2F2F2F2F2F2F2F2FF0
:1030F0002F2F2F2F2F2F7DFFFEFEFEFEFEFEFEFE4A
:10310000FEFEFEFEFEFEFEFEFFFFFFFF46464646BB
:10311000464646464646464646464646464646464F
:10312000464646464646FFFFFEFEFEFEFEFEFEFE0D
:10313000FEFEFEFEFEFEFEFEFFFFFFFFE0E0E0E023
:10314000E0E0E0E0E0E0E0E0E0E0E0E0E0E0E0E07F
:10315000E0E0E0E0E0E0FFFFFFFFFFFFE0E0E0E0B5
:10316000E0E0E0E0E0E0E0E0E0E0E0E0E0E0E0E05F
:10317000E0E0E0E0E0E0FFFFFFFFFFFFE0E0E0E095
:10318000E0E0E0E0E0E0E0E0E0E0E0E0E0E0E0E03F
:10319000E0E0E0E0E0E0FFFFFEFEFEFEFEFEFEFE01
:1031A000FEFEFEFEFEFEFEFEFFFFFFFFE0E0E0E0B3
:1031B000E0E0E0E0E0E0E0E0E0E0E0E0E0E0E0E00F
:1031C000E0E0E0E0E0E0FFFFFFFFFFFF46464646AD
:1031D000464646464646464646464646464646468F
:1031E000464646464646FFFFFEFEFEFEFEFEFEFE4D
:1031F000FEFEFEFEFEFEFEFEFFFFFFFF46464646CB
:10320000464646464646464646464646464646465E
:10321000464646464646FFFFFFFFFFFF46464646F8
:10322000464646464646464646464646464646463E
:10323000464646464646FFFFFEFEFEFEFEFEFEFEFC
:10324000FEFEFEFEFEFEFEFEFFFFFFFFFFFFFFFF96
:10325000FFFFFFFFFFFFFFFFFFFFFFFFFFFFFFFF7E
:10326000FFFFFFFFFFFFFFFFFEFEFEFEFEFEFEFE76
:10327000FEFEFEFEFEFEFEFEFFFFFFFFFFFFFFFF66
:10328000FFFFFFFFFFFFFFFFFFFFFFFFFFFFFFFF4E
:10329000FFFFFFFFFFFFFFFFFFFFFFFFFFFFFFFF3E
:1032A000FFFFFFFFFFFFFFFFFFFFFFFFFFFFFFFF2E
:1032B000FFFFFFFFFFFFFFFFFFFFFFFFFFFFFFFF1E
:1032C000FFFFFFFFFFFFFFFFFFFFFFFFFFFFFFFF0E
:1032D000FFFFFFFFFFFFFFFFFEFEFEFEFEFEFEFE06
:1032E000FEFEFEFEFEFEFEFEFFFFFFFFFFFFFFFFF6
:1032F000FFFFFFFFFFFFFFFFFFFFFFFFFFFFFFFFDE
:10330000FFFFFFFFFFFFFFFFFFFFFFFFFFFFFFFFCD
:10331000FFFFFFFFFFFFFFFFFFFFFFFFFFFFFFFFBD
:10332000FFFFFFFFFFFFFFFFFEFEFEFEFEFEFEFEB5
:10333000FEFEFEFEFEFEFEFEFFFFFFFFFFFFFFFFA5
:10334000FFFFFFFFFFFFFFFFFFFFFFFFFFFFFFFF8D
:10335000FFFFFFFFFFFFFFFFFFFFFFFFFFFFFFFF7D
:10336000FFFFFFFFFFFFFFFFFFFFFFFFFFFFFFFF6D
:10337000FFFFFFFFFFFFFFFFFEFEFEFEFEFEFEFE65
:10338000FEFEFEFEFEFEFEFEFFFFFFFFFFFFFFFF55
:10339000FFFFFFFFFFFFFFFFFFFFFFFFFFFFFFFF3D
:1033A000FFFFFFFFFFFFFFFFFEFEFEFEFEFEFEFE35
:1033B000FEFEFEFEFEFEFEFEFFFFFFFFFFFFFFFF25
:1033C000FFFFFFFFFFFFFFFFFFFFFFFFFFFFFFFF0D
:1033D000FFFFFFFFFFFFFFFFFFFFFFFFFFFFFFFFFD
:1033E000FFFFFFFFFFFFFFFFFFFFFFFFFFFFFFFFED
:1033F000FFFFFFFFFFFFFFFFFFFFFFFFFFFFFFFFDD
:10340000FFFFFFFFFFFFFFFFFFFFFFFFFFFFFFFFCC
:10341000FFFFFFFFFFFFFFFFFEFEFEFEFEFEFEFEC4
:10342000FEFEFEFEFEFEFEFEFFFFFFFFFFFFFFFFB4
:10343000FFFFFFFFFFFFFFFFFFFFFFFFFFFFFFFF9C
:10344000FFFFFFFFFFFFFFFFFFFFFFFFFFFFFFFF8C
:10345000FFFFFFFFFFFFFFFFFFFFFFFFFFFFFFFF7C
:10346000FFFFFFFFFFFFFFFFFEFEFEFEFEFEFEFE74
:10347000FEFEFEFEFEFEFEFEFFFFFFFFFFFFFFFF64
:10348000FFFFFFFFFFFFFFFFFFFFFFFFFFFFFFFF4C
:10349000FFFFFFFFFFFFFFFFFFFFFFFFFFFFFFFF3C
:1034A000FFFFFFFFFFFFFFFFFFFFFFFFFFFFFFFF2C
:1034B000FFFFFFFFFFFFFFFFFEFEFEFEFEFEFEFE24
:1034C000FEFEFEFEFEFEFEFEFFFFFFFF2D2D2D2D5C
:1034D0002D2D2D2D2D2D2D2D2D2D2D2D2D2D2D2D1C
:1034E0002D2D2D2D2D2DFFFFFEFEFEFEFEFEFEFEE0
:1034F000FEFEFEFEFEFEFEFEFFFFFFFF9C9C9C9C70
:103500009C9C9C9C9C9C9C9C9C9C9C9C9C9C9C9CFB
:103510009C9C9C9C9C9CFFFFFFFFFFFF9C9C9C9C99
:103520009C9C9C9C9C9C9C9C9C9C9C9C9C9C9C9CDB
:103530009C9C9C9C9C9CFFFFFFFFFFFF9C9C9C9C79
:103540009C9C9C9C9C9C9C9C9C9C9C9C9C9C9C9CBB
:103550009C9C9C9C9C9CFFFFFEFEFEFEFEFEFEFED5
:10356000FEFEFEFEFEFEFEFEFFFFFFFF9C9C9C9CFF
:103570009C9C9C9C9C9C9C9C9C9C9C9C9C9C9C9C8B
:103580009C9C9C9C9C9C9C9C9C9C9C9C9C9C9C9C7B
:103590009C9C9C9C9C9C9C9C9C9C9C9C9C9C9C9C6B
:1035A0009C9C9C9C9C9CFFFFFEFEFEFEFEFEFEFE85
:1035B000FEFEFEFEFEFEFEFEFFFFFFFF2D2D2D2D6B
:1035C0002D2D2D2D2D2D2D2D2D2D2D2D2D2D2D2D2B
:1035D0002D2D2D2D2D2DFFFFFFFFFFFF2D2D2D2D2F
:1035E0002D2D2D2D2D2D2D2D2D2D2D2D2D2D2D2D0B
:1035F0002D2D2D2D2D2DFFFFFEFEFEFEFEFEFEFECF
:10360000FEFEFEFEFEFEFEFEFFFFFF7C2F2F2F2F95
:103610002F2F2F2F2F2F2F2F2F2F2F2F2F2F2F2FBA
:103620002F2F2F2F2F2F7BFFFEFEFEFEFEFEFEFE16
:10363000FEFEFEFEFEFEFEFEFFFFFFCBACACACAC22
:10364000ACACACACACACACACACACACACACACACACBA
:10365000ACACACACACACCAFFFFFFFFCBACACACAC21
:10366000ACACACACACACACACACACACACACACACAC9A
:10367000ACACACACACACCAFFFFFFFFCBACACACAC01
:10368000ACACACACACACACACACACACACACACACAC7A
:10369000ACACACACACACCAFFFEFEFEFEFEFEFEFE69
:1036A000FEFEFEFEFEFEFEFEFFFFFFCBACACACACB2
:1036B000ACACACACACACACACACACACACACACACAC4A
:1036C000ACACACACACACACACACACACACACACACAC3A
:1036D000ACACACACACACACACACACACACACACACAC2A
:1036E000ACACACACACACCAFFFEFEFEFEFEFEFEFE19
:1036F000FEFEFEFEFEFEFEFEFFFFFF7C2F2F2F2FA5
:103700002F2F2F2F2F2F2F2F2F2F2F2F2F2F2F2FC9
:103710002F2F2F2F2F2F7BFFFFFFFF7C2F2F2F2FE0
:103720002F2F2F2F2F2F2F2F2F2F2F2F2F2F2F2FA9
:103730002F2F2F2F2F2F7BFFFEFEFEFEFEFEFEFE05
:10374000FEFEFEFEFEFEFEFEFFFF2D2F2F2F2F2F73
:103750002F2F2F2F2F2F2F2F2F2F2F2F2F2F2F2F79
:103760002F2F2F2F2F2F2F46FEFEFEFEFEFEFEFEDA
:10377000FEFEFEFEFEFEFEFEFFFF9CACACACACAC63
:10378000ACACACACACACACACACACACACACACACAC79
:10379000ACACACACACACACE0FFFF9CACACACACAC9F
:1037A000ACACACACACACACACACACACACACACACAC59
:1037B000ACACACACACACACE0FFFF9CACACACACAC7F
:1037C000ACACACACACACACACACACACACACACACAC39
:1037D000ACACACACACACACE0FEFEFEFEFEFEFEFE65
:1037E000FEFEFEFEFEFEFEFEFFFF9CACACACACACF3
:1037F000ACACACACACACACACACACACACACACACAC09
:10380000ACACACACACACACACACACACACACACACACF8
:10381000ACACACACACACACACACACACACACACACACE8
:10382000ACACACACACACACE0FEFEFEFEFEFEFEFE14
:10383000FEFEFEFEFEFEFEFEFFFF2D2F2F2F2F2F82
:103840002F2F2F2F2F2F2F2F2F2F2F2F2F2F2F2F88
:103850002F2F2F2F2F2F2F46FFFF2D2F2F2F2F2FC3
:103860002F2F2F2F2F2F2F2F2F2F2F2F2F2F2F2F68
:103870002F2F2F2F2F2F2F46FEFEFEFEFEFEFEFEC9
:10388000FEFEFEFEFEFEFEFEFFFF2D2F2F2F2F2F32
:103890002F2F2F2F8E7824287A28247976592F2FAE
:1038A0002F2F2F2F2F2F2F46FEFEFEFEFEFEFEFE99
:1038B000FEFEFEFEFEFEFEFEFFFF9CACACACACAC22
:1038C000ACACACACD6FBFBFBFBFBFBFBC9A4ACACD0
:1038D000ACACACACACACACE0FFFF9CACACACACAC5E
:1038E000ACACACACD6FBFBFBFBFBFBFBC9A4ACACB0
:1038F000ACACACACACACACE0FFFF9CACACACACAC3E
:10390000ACACACACD6FBFBFBFBFBFBFBC9A4ACAC8F
:10391000ACACACACACACACE0FEFEFEFEFEFEFEFE23
:10392000FEFEFEFEFEFEFEFEFFFF9CACACACACACB1
:10393000ACACACACD6FBFBFBFBFBFBFBFBFBFBFB38
:10394000FBFBFBFBFBFBFBFBFBFBFBFBFBFBFBFBC7
:10395000FBFBFBFBFBFBFBFBFBFBFBFBC9A4ACACDE
:10396000ACACACACACACACE0FEFEFEFEFEFEFEFED3
:10397000FEFEFEFEFEFEFEFEFFFF2D2F2F2F2F2F41
:103980002F2F2F2F8E7824282828247976592F2F0F
:103990002F2F2F2F2F2F2F46FFFF2D2F2F2F2F2F82
:1039A0002F2F2F2F8E7824287A28247976592F2F9D
:1039B0002F2F2F2F2F2F2F46FEFEFEFEFEFEFEFE88
:1039C000FEFEFEFEFEFEFEFEFFFF2D2F2F2F2F2FF1
:1039D0002F2F62247A28786B4F4E6273787976485D
:1039E0002F2F2F2F2F2F2F46FEFEFEFEFEFEFEFE58
:1039F000FEFEFEFEFEFEFEFEFFFF9CACACACACACE1
:103A0000ACACD6FBFBFBF9BDB6B0D6C8FBFBECB447
:103A1000ACACACACACACACE0FFFF9CACACACACAC1C
:103A2000ACACD6FBFBFBF9BDB6B0D6C8FBFBECB427
:103A3000ACACACACACACACE0FFFF9CACACACACACFC
:103A4000ACACD6FBFBFBF9BDB6B0D6C8FBFBECB407
:103A5000ACACACACACACACE0FEFEFEFEFEFEFEFEE2
:103A6000FEFEFEFEFEFEFEFEFFFF9CACACACACAC70
:103A7000ACACD6FBFBFBF9BDB6B6B6B6B6B6B6B6C1
:103A8000B6B6B6B6B6B6B6B6B6B6B6B6B6B6B6B6D6
:103A9000B6B6B6B6B6B6B6B6B6B0D6C8FBFBECB4DC
:103AA000ACACACACACACACE0FEFEFEFEFEFEFEFE92
:103AB000FEFEFEFEFEFEFEFEFFFF2D2F2F2F2F2F00
:103AC0002F2F8E247A24786B5553596F7879764846
:103AD0002F2F2F2F2F2F2F46FFFF2D2F2F2F2F2F41
:103AE0002F2F62247A28786B554E8E73787976481A
:103AF0002F2F2F2F2F2F2F46FEFEFEFEFEFEFEFE47
:103B0000FEFEFEFEFEFEFEFEFFFF2D2F2F2F2F2FAF
:103B10002F767A286F832F2F2F2F2F2F2F4F6F76EF
:103B2000592F2F2F2F2F2F46FEFEFEFEFEFEFEFEEC
:103B3000FEFEFEFEFEFEFEFEFFFF9CACACACACAC9F
:103B4000ACA1FBFBDCACACACACACACACACE8DCEC46
:103B5000A4ACACACACACACE0FFFF9CACACACACACE3
:103B6000ACA1FBFBDCACACACACACACACACE8DCEC26
:103B7000A4ACACACACACACE0FFFF9CACACACACACC3
:103B8000ACA1FBFBDCACACACACACACACACE8DCEC06
:103B9000A4ACACACACACACE0FEFEFEFEFEFEFEFEA9
:103BA000FEFEFEFEFEFEFEFEFFFF9CACACACACAC2F
:103BB000ACA1FBFBDCACACACACACACACACACACAC82
:103BC000ACACACACACACACACACACACACACACACAC35
:103BD000ACACACACACACACACACACACACACE8DCEC79
:103BE000A4ACACACACACACE0FEFEFEFEFEFEFEFE59
:103BF000FEFEFEFEFEFEFEFEFFFF2D2F2F2F2F2FBF
:103C00002F737A24922E2E323232322E2E4A6B7637
:103C1000592F2F2F2F2F2F46FFFF2D2F2F2F2F2FD5
:103C20002F767A246F3837383838383737486F76F8
:103C3000592F2F2F2F2F2F46FEFEFEFEFEFEFEFEDB
:103C4000FEFEFEFEFEFEFEFEFFFF2D2F2F2F2F2F6E
:103C5000787A79472F2F2F2F2F2F2F2F2F2F835405
:103C600062872F2F2F2F2F46FEFEFEFEFEFEFEFE4A
:103C7000FEFEFEFEFEFEFEFEFFFF9CACACACACAC5E
:103C8000F8FBFBD2ACACACACACACACACACACACBB55
:103C9000BAD3ACACACACACE0FFFF9CACACACACAC65
:103CA000F8FBFBD2ACACACACACACACACACACACBB35
:103CB000BAD3ACACACACACE0FFFF9CACACACACAC45
:103CC000F8FBFBD2ACACACACACACACACACACACBB15
:103CD000BAD3ACACACACACE0FEFEFEFEFEFEFEFE2B
:103CE000FEFEFEFEFEFEFEFEFFFF9CACACACACACEE
:103CF000F8FBFBD2ACACACACACACACACACACACACF4
:103D0000ACACACACACACACACACACACACACACACACF3
:103D1000ACACACACACACACACACACACACACACACBBD4
:103D2000BAD3ACACACACACE0FEFEFEFEFEFEFEFEDA
:103D3000FEFEFEFEFEFEFEFEFFFF2D2F2F2F2F2F7D
:103D4000787A78498582828585418582823C2E55A4
:103D500062872F2F2F2F2F46FFFF2D2F2F2F2F2F33
:103D6000787A78382E2E2E323232322E2E32385940
:103D700062872F2F2F2F2F46FEFEFEFEFEFEFEFE39
:103D8000FEFEFEFEFEFEFEFEFFFF2D2F2F2F2F76E6
:103D90007A78832F2F2F2F2F2F2F2F2F2F83832FA3
:103DA00059833A2F2F2F2F46FEFEFEFEFEFEFEFE0B
:103DB000FEFEFEFEFEFEFEFEFFFF9CACACACACC702
:103DC000FBF8ACACACACACACACACACACACACACD371
:103DD000A4ACAEACACACACE0FFFF9CACACACACC744
:103DE000FBF8ACACACACACACACACACACACACACD351
:103DF000A4ACAEACACACACE0FFFF9CACACACACC724
:103E0000FBF8ACACACACACACACACACACACACACD330
:103E1000A4ACAEACACACACE0FEFEFEFEFEFEFEFE24
:103E2000FEFEFEFEFEFEFEFEFFFF9CACACACACC791
:103E3000FBF8ACACACACACACACACACACACACACAC27
:103E4000ACACACACACACACACACACACACACACACACB2
:103E5000ACACACACACACACACACACACACACACACD37B
:103E6000A4ACAEACACACACE0FEFEFEFEFEFEFEFED4
:103E7000FEFEFEFEFEFEFEFEFFFF2D2F2F2F2F76F5
:103E80007A7680821925193D3D3D43232531413203
:103E900055833A2F2F2F2F46FFFF2D2F2F2F2F76B1
:103EA0007A763A338582828585418582823C2E37B7
:103EB00059833A2F2F2F2F46FEFEFEFEFEFEFEFEFA
:103EC000FEFEFEFEFEFEFEFEFFFF2D2F2F2F5928C9
:103ED00078832F2F2F2F76131D1D1C24474848470A
:103EE00047597F382F2F2F46FEFEFEFEFEFEFEFEB8
:103EF000FEFEFEFEFEFEFEFEFFFF9CACACACA4FB95
:103F0000FBACACACACACACD4C2C3D4B1D2D2D2D288
:103F1000B1A4CECFACACACE0FFFF9CACACACA4FB8E
:103F2000FBACACACACACACACACD3D3B1D2D2D2D297
:103F3000B1A4CECFACACACE0FFFF9CACACACA4FB6E
:103F4000FBACACACACACACACACD3D3B1D2D2D2D277
:103F5000B1A4CECFACACACE0FEFEFEFEFEFEFEFE9B
:103F6000FEFEFEFEFEFEFEFEFFFF9CACACACA4FB24
:103F7000FBACACACACACACACACACACACACACACAC32
:103F8000ACACACACACACACACACACACACACACACAC71
:103F9000ACACACACACACACACACD3D3B1D2D2D2D276
:103FA000B1A4CECFACACACE0FEFEFEFEFEFEFEFE4B
:103FB000FEFEFEFEFEFEFEFEFFFF2D2F2F2F5928D8
:103FC000783A853D2AFB1C44444469FBFB438A3212
:103FD00038597F382F2F2F46FFFF2D2F2F2F59288D
:103FE000788433821925193D3D3D3D23258A4C3A7D
:103FF00042597F382F2F2F46FEFEFEFEFEFEFEFEAC
:10400000FEFEFEFEFEFEFEFEFFFF2D2F2F2F78246C
:10401000472F2F2F2F24FBFBFBFBFBFB126B4F4F7C
:104020004E4838342F2F2F46FEFEFEFEFEFEFEFECB
:10403000FEFEFEFEFEFEFEFEFFFF9CACACACFBFBFC
:10404000D2ACACACACAEA2FFFFFFFF9BB0E8E8E89F
:10405000B0B4CF9EACACACE0FFFF9CACACACFBFB17
:10406000D2AEB297FFA2CAD3B1D2ACB798FFE3D514
:10407000B0B4CF9EACACACE0FFFF9CACACACFBFBF7
:10408000D2ACACACACACACD3B1D2B4B0B0E8E8E834
:10409000B0B4CF9EACACACE0FEFEFEFEFEFEFEFE7B
:1040A000FEFEFEFEFEFEFEFEFFFF9CACACACFBFB8C
:1040B000D2ACACACACACACD3B1B1B1B1B1B1B1B1CB
:1040C000B1B1B1B1B1B1B1B1B1B1B1B1B1B1B1B1E0
:1040D000B1B1B1B1B1B1B1B1B1D2B4B0B0E8E8E809
:1040E000B0B4CF9EACACACE0FEFEFEFEFEFEFEFE2B
:1040F000FEFEFEFEFEFEFEFEFFFF2D2F2F2F78247C
:10410000422E31342AFBFB713F3F1AFBFB345049EE
:10411000424838342F2F2F46FFFF2D2F2F2F782482
:104120004732853D2AFB1C443B3B20FBFB3D8A4B31
:10413000474838342F2F2F46FEFEFEFEFEFEFEFEC1
:10414000FEFEFEFEFEFEFEFEFFFF2D2F2F59246F0A
:104150002F2F2F2F24FB967A7876242CFB1D52527A
:10416000524F4F3E3A2F2F46FEFEFEFEFEFEFEFE53
:10417000FEFEFEFEFEFEFEFEFFFF9CACACA4FBDCE2
:10418000ACACACACACE2FFAFD0C1FFFFA3A4A4A425
:10419000A4B6B6C2AEACACE0FFFF9CACACA4FBDCFA
:1041A000ACE2FFAAE297FFCDB4B0E6FFB2C2FF983F
:1041B000A3B6B6C2AEACACE0FFFF9CACACA4FBDCDB
:1041C000ACACACACACACD3D2B4B0B3B6A4A4A4A4E5
:1041D000A4B6B6C2AEACACE0FEFEFEFEFEFEFEFE37
:1041E000FEFEFEFEFEFEFEFEFFFF9CACACA4FBDC72
:1041F000ACACACACACACD3D2B4B4B4B4B4B4B4B472
:10420000B4B4B4B4B4B4B4B4B4B4B4B4B4B4B4B46E
:10421000B4B4B4B4B4B4B4B4B4B0B3B6A4A4A4A4A1
:10422000A4B6B6C2AEACACE0FEFEFEFEFEFEFEFEE6
:10423000FEFEFEFEFEFEFEFEFFFF2D2F2F59246F19
:1042400038307F3B142B0E1A358C2B0EFB5C505BE9
:104250004E4F4F3E3A2F2F46FFFF2D2F2F59246FE1
:10426000382E31342AFBFB713F8B1AFBFB61584B14
:104270004E4F4F3E3A2F2F46FEFEFEFEFEFEFEFE46
:10428000FEFEFEFEFEFEFEFEFFFF2D2F2F73798346
:104290002F2F2F78FBFB794E4F525479FBFB795728
:1042A0005454543D342F2F46FEFEFEFEFEFEFEFE0D
:1042B000FEFEFEFEFEFEFEFEFFFF9CACACC8FBACAD
:1042C000ACACACACD4FFABB0E8B6D1FFC4BABAD694
:1042D000D6BBA4CC9EACACE0FFFF9CACACC8FBACA6
:1042E000D4FFB2ACACD4FFB7E8CDFFC4D6BAAEFFB2
:1042F000C1BBA4CC9EACACE0FFFF9CACACC8FBAC9B
:10430000ACACACACACD3D2B0E8B6A4BBD6BABAD6DF
:10431000D6BBA4CC9EACACE0FEFEFEFEFEFEFEFED6
:10432000FEFEFEFEFEFEFEFEFFFF9CACACC8FBAC3C
:10433000ACACACACACD3D2B0E8E8E8E8E8E8E8E88C
:10434000E8E8E8ABABABABABABABABABABAB9BE8D9
:10435000E8E8E8E8E8E8E8E8E8B6A4BBD6BABAD600
:10436000D6BBA4CC9EACACE0FEFEFEFEFEFEFEFE86
:10437000FEFEFEFEFEFEFEFEFFFF2D2F2F73798355
:1043800038337F3B142B151C890DFB15FB5C588DB6
:104390005954543D342F2F46FFFF2D2F2F7379830F
:1043A00038307F3B142B0E1A8C8C2B0EFB5C588DF7
:1043B0005954543D342F2F46FEFEFEFEFEFEFEFEF7
:1043C000FEFEFEFEFEFEFEFEFFFF2D2F2F76762F59
:1043D0002F2F2F2BFB154E4F5254575D7A7A765D57
:1043E0005D5D574A3F2F2F46FEFEFEFEFEFEFEFE9F
:1043F000FEFEFEFEFEFEFEFEFFFF9CACACF1ECAC52
:10440000ACACACACC2FFC1B3A4BBA4FFAAD8D8D893
:10441000B8B8BAACE2ACACE0FFFF9CACACF1ECAC31
:10442000C3FFCEACD3D2ABFFA4C4FFE9B8D8D8E762
:10443000AAB8BAACE2ACACE0FFFF9CACACF1ECAC1F
:10444000ACACACACD3D2B0B3A4BBBAB8B8D8D8D8A3
:10445000B8B8BAACE2ACACE0FEFEFEFEFEFEFEFE7C
:10446000FEFEFEFEFEFEFEFEFFFF9CACACF1ECACE1
:10447000ACACACACD3D2B0B3A4A4A4A4A4A4A4A464
:10448000A4A4A4FFFFFFFFFFFFFFFFFFFFFFC3A4E4
:10449000A4A4A4A4A4A4A4A4A4BBBAB8B8D8D8D8EB
:1044A000B8B8BAACE2ACACE0FEFEFEFEFEFEFEFE2C
:1044B000FEFEFEFEFEFEFEFEFFFF2D2F2F76762F68
:1044C0003833313B142B25FB221B1714FB5C905611
:1044D0008E5D574A3F2F2F46FFFF2D2F2F76762FC9
:1044E00038337F3B142B151C1E0DFB15FB5C5856F7
:1044F0008E5D574A3F2F2F46FEFEFEFEFEFEFEFE5D
:10450000FEFEFEFEFEFEFEFEFFFF2D2F2F78662F25
:104510002F2F2F2CFB794F54575D5D6565656565C1
:1045200065655D541E2F2F46FEFEFEFEFEFEFEFE5E
:10453000FEFEFEFEFEFEFEFEFFFF9CACACF5D8AC20
:10454000ACACACAC9DFFD4A4D6B9D8FFFFBCBCBC0E
:10455000BDA5D8B5ABACACE0FFFF9CACACF5D8AC1E
:10456000C2FFD4ACD2B0E6FFD6E4FFA5BDBCBCE62A
:10457000FFA5D8B5ABACACE0FFFF9CACACF5D8ACBC
:10458000ACACACACD2B0B3C29FE4D4A5BDBCBCBC97
:10459000BDA5D8B5ABACACE0FEFEFEFEFEFEFEFE59
:1045A000FEFEFEFEFEFEFEFEFFFF9CACACF5D8ACB0
:1045B000ACACACACD2B0B3A4D6D6D6D6D6D6D6D6C2
:1045C000D6D6D6C4C4C4C4C4C4C4C4C4C4C4D5D652
:1045D000D6D6D6D6D6D6D6D6D6B9D8A5BDBCBCBC2E
:1045E000BDA5D8B5ABACACE0FEFEFEFEFEFEFEFE09
:1045F000FEFEFEFEFEFEFEFEFFFF2D2F2F78662F35
:10460000382E31342A2B8C0E1A171B14FB605B6377
:1046100066655D541E2F2F46FFFF2D2F2F78662FC6
:104620003833313B142B25FB221B1714FB615A63D3
:1046300066655D541E2F2F46FEFEFEFEFEFEFEFE4C
:10464000FEFEFEFEFEFEFEFEFFFF2D2F2F764F2FFD
:104650002F2F2FFBFB7652545D6565656767676793
:104660006765655D452F2F46FEFEFEFEFEFEFEFEE3
:10467000FEFEFEFEFEFEFEFEFFFF9CACACF1E8ACD3
:10468000ACACACB1E6FFD0D6B8A5BDABFFA8A8A82E
:10469000A8D9BDB8A9ACACE0FFFF9CACACF1E8ACCC
:1046A000C2FFACB1B4B3C3FFB8AFFFD9A8A8A8B2DA
:1046B000FFD9BDB8A9ACACE0FFFF9CACACF1E8AC55
:1046C000ACACACB1B4B3A49FFFFF9BD9A8A8A8A879
:1046D000A8D9BDB8A9ACACE0FEFEFEFEFEFEFEFE13
:1046E000FEFEFEFEFEFEFEFEFFFF9CACACF1E8AC63
:1046F000ACACACB1B4B3A4D6B8B8B8B8B8B8B8B864
:10470000B8B8B8B8B8B8B8B8B8B8B8B8B8B8B8B829
:10471000B8B8B8B8B8B8B8B8B8A5BDD9A8A8A8A846
:10472000A8D9BDB8A9ACACE0FEFEFEFEFEFEFEFEC2
:10473000FEFEFEFEFEFEFEFEFFFF2D2F2F764F2F0C
:10474000382E823D2A2B3F1517FB1114FB906492E3
:104750006565655D452F2F46FFFF2D2F2F764F2F67
:10476000382E31342A2B8C0E1A171B14FB696A8ED3
:104770006565655D452F2F46FEFEFEFEFEFEFEFED4
:10478000FEFEFEFEFEFEFEFEFFFF2D2F2F76832F88
:104790002F2F83FBFB52545D656567676C6C6C6CF7
:1047A0006C676766362F2F46FEFEFEFEFEFEFEFE9F
:1047B000FEFEFEFEFEFEFEFEFFFF9CACACA1ACAC1E
:1047C000ACACACD2E6FFD5B8A5BCD7B2FFDEA6DE56
:1047D000BEDBD7B8A2ACACE0FFFF9CACACA1ACACEC
:1047E000C2FFACD2B0A4C4FFA5E6FFDBBEDEA6B21A
:1047F000FFDBD7B8A2ACACE0FFFF9CACACA1ACAC8B
:10480000ACACACD2B0A4BBE4FFFFCCDBBEDEA6DE1A
:10481000BEDBD7B8A2ACACE0FEFEFEFEFEFEFEFEA6
:10482000FEFEFEFEFEFEFEFEFFFF9CACACA1ACACAD
:10483000ACACACD2B0A4BBB8A5A5A5A5A5A5A5A5B3
:10484000A5A5A5A5A5A5A5A5A5A5A5A5A5A5A5A518
:10485000A5A5A5A5A5A5A5A5A5BCD7DBBEDEA6DEFD
:10486000BEDBD7B8A2ACACE0FEFEFEFEFEFEFEFE56
:10487000FEFEFEFEFEFEFEFEFFFF2D2F2F76832F97
:1048800038323C312A2B8F27FB178F2AFB686D6B40
:104890006F676766362F2F46FFFF2D2F2F76832FEA
:1048A000382E853D2A2B3F131DFD1114F9906D6B99
:1048B00067676766362F2F46FEFEFEFEFEFEFEFE93
:1048C000FEFEFEFEFEFEFEFEFFFF2D2F2F6F2F2FA2
:1048D0002F2F872CFB78575D6567676C946E6E6E23
:1048E0006E6C6763362F2F46FEFEFEFEFEFEFEFE5A
:1048F000FEFEFEFEFEFEFEFEFFFF9CACACD9ADACA4
:10490000ACACD3B4C3FFAED8BDD7A7FFFFECECEC83
:10491000DAA6A7B3A2ACACE0FFFF9CACACD9ADACBF
:10492000C2FFCBB4B3A4E4FFBD9DFFA6DAECECB7A5
:10493000FFA6A7B3A2ACACE0FFFF9CACACD9ADAC7A
:10494000ACACD3B4B3A4BAD49BCCB3A6DAECECEC45
:10495000DAA6A7B3A2ACACE0FEFEFEFEFEFEFEFEB3
:10496000FEFEFEFEFEFEFEFEFFFF9CACACD9ADAC33
:10497000ACACD3B4B3A4BAD8BDBDBDBDBDBDBDBD87
:10498000BDBDBD9B9B9B9B9B9B9B9B9B9B9BA3BDE7
:10499000BDBDBDBDBDBDBDBDBDD7A7A6DAECECECB0
:1049A000DAA6A7B3A2ACACE0FEFEFEFEFEFEFEFE63
:1049B000FEFEFEFEFEFEFEFEFFFF2D2F2F6F2F2FB1
:1049C00038323C8A251B61612A2560271370926B5F
:1049D00067676763362F2F46FFFF2D2F2F6F2F2F0F
:1049E000383240502A1C8F25161C8F14FD70926F90
:1049F0006C6C6763362F2F46FEFEFEFEFEFEFEFE4B
:104A0000FEFEFEFEFEFEFEFEFFFF2D2F2F622F2F6D
:104A10002F2F471CFB7A5D6565676C6E7AFB1572FC
:104A20006E6E6C601E2F2F46FEFEFEFEFEFEFEFE2C
:104A3000FEFEFEFEFEFEFEFEFFFF9CACACD6ADAC65
:104A4000ACACB1B4C3FFD1A5D9DBA6FF9AEEF1EEB1
:104A5000ECDDA6CEABACACE0FFFF9CACACD6ADAC15
:104A6000CAFFD1B4B6BBAAE7D9D1FFEDECEEF1E1B4
:104A7000B7DDA6CEABACACE0FFFF9CACACD6ADAC2A
:104A8000ACACB1B4B6BBB8A5D9DBA6DDECEEF1EEAB
:104A9000ECDDA6CEABACACE0FEFEFEFEFEFEFEFE06
:104AA000FEFEFEFEFEFEFEFEFFFF9CACACD6ADACF5
:104AB000ACACB1B4B6BBB8A5D9D9D9D9D9D9D9D9A3
:104AC000D9D9D9FFFFFFFFFFFFFFFFFFFFFF9BD9F2
:104AD000D9D9D9D9D9D9D9D9D9DBA6DDECEEF1EE1E
:104AE000ECDDA6CEABACACE0FEFEFEFEFEFEFEFEB6
:104AF000FEFEFEFEFEFEFEFEFFFF2D2F2F622F2F7D
:104B0000382E3C8A1F61605F5F6990686870926FA1
:104B1000736C6C601E2F2F46FFFF2D2F2F622F2FDF
:104B2000383A494D251A5C8F1A2971252A926F6CE3
:104B30006E6E6C601E2F2F46FEFEFEFEFEFEFEFE1B
:104B4000FEFEFEFEFEFEFEFEFFFF2D2F2F4E872FE8
:104B50002F2F4779FBFD7865676C6C752CFB7A937A
:104B6000936E6C1E3E2F2F46FEFEFEFEFEFEFEFEE8
:104B7000FEFEFEFEFEFEFEFEFFFF9CACACB0D3AC24
:104B8000ACACD2B0EBFFC2BDA8BEC5FFC2F4F4F41A
:104B9000F1ECA6ABC2ACACE0FFFF9CACACB0D3ACCC
:104BA000D0FFE3AEA49BFF9BA8D6FFB7F0F4EBFFCA
:104BB000D5ECA6ABC2ACACE0FFFF9CACACB0D3ACC8
:104BC000ACACD2B0A4D6B8BDA8BEDAECF1F4F4F423
:104BD000F1ECA6ABC2ACACE0FEFEFEFEFEFEFEFEBD
:104BE000FEFEFEFEFEFEFEFEFFFF9CACACB0D3ACB4
:104BF000ACACD2B0A4D6B8BDA8A8A8A8A8A8A8A8AC
:104C0000A8A8A8B2B2B2B2B2B2B2B2B2B2B2D5A889
:104C1000A8A8A8A8A8A8A8A8A8BEDAECF1F4F4F45B
:104C2000F1ECA6ABC2ACACE0FEFEFEFEFEFEFEFE6C
:104C3000FEFEFEFEFEFEFEFEFFFF2D2F2F4E8738EE
:104C400037338A1F4316605F69909090686A6D6B76
:104C5000736C671E3E2F2F46FFFF2D2F2F4E872F81
:104C60002F373A49506061192A2669686D6F6C6E5A
:104C7000726E6C1E3E2F2F46FEFEFEFEFEFEFEFEF8
:104C8000FEFEFEFEFEFEFEFEFFFF2D2F2F2F38390B
:104C90002F83484F1DFB2C2472932816FB169494E7
:104CA00093728D953C2F2F46FEFEFEFEFEFEFEFE0D
:104CB000FEFEFEFEFEFEFEFEFFFF9CACACACCFAEE9
:104CC000ACD3D2E8A498FF9BA8A49FFFA5F5F8F564
:104CD000F4EEA399CDACACE0FFFF9CACACACCFAE96
:104CE000ACE2FF98E3FFE7BCA8DEC4FFE1F7FFB743
:104CF000F4EEA399CDACACE0FFFF9CACACACCFAE76
:104D0000ACD3D2E8A4BAD8BCA8DEECEEF4F5F8F542
:104D1000F4EEA399CDACACE0FEFEFEFEFEFEFEFE80
:104D2000FEFEFEFEFEFEFEFEFFFF9CACACACCFAE78
:104D3000ACD3D2E8A4BAD8BCA8A8A8A8A8A8A8A808
:104D4000A8A8A8A8A8A8A8A8A8A8A8A8A8A8A8A8E3
:104D5000A8A8A8A8A8A8A8A8A8DEECEEF4F5F8F5DD
:104D6000F4EEA399CDACACE0FEFEFEFEFEFEFEFE30
:104D7000FEFEFEFEFEFEFEFEFFFF2D2F2F2F383221
:104D80003A3C31435C0E61605F140E0E0EFDFC1365
:104D90006F735B953C2F2F46FFFF2D2F2F2F383938
:104DA0002F388449581F6125FB25697492736E93CF
:104DB00093728D953C2F2F46FEFEFEFEFEFEFEFEFC
:104DC000FEFEFEFEFEFEFEFEFFFF2D2F2F2F3A31D0
:104DD0002F83474F6F12FBFBFBFBFBFB16247594E5
:104DE000936745352F2F2F46FEFEFEFEFEFEFEFE8C
:104DF000FEFEFEFEFEFEFEFEFFFF9CACACACAECBAC
:104E0000ADD3D2E8A4CBFFFFE1FFFFEBF4F8F9F854
:104E1000F4A8A9C0ACACACE0FFFF9CACACACAECB92
:104E2000ADD3C4AB9F9BB6D9A8A6ECEBB7B714F62D
:104E3000F4A8A9C0ACACACE0FFFF9CACACACAECB72
:104E4000ADD3D2E8A4BAD8D9A8A6ECF1F4F8F9F811
:104E5000F4A8A9C0ACACACE0FEFEFEFEFEFEFEFE79
:104E6000FEFEFEFEFEFEFEFEFFFF9CACACACAECB3B
:104E7000ADD3D2E8A4BAD8D9A8A8A8A8A8A8A8A8A9
:104E8000A8A8A8A8A8A8A8A8A8A8A8A8A8A8A8A8A2
:104E9000A8A8A8A8A8A8A8A8A8A6ECF1F4F8F9F8CA
:104EA000F4A8A9C0ACACACE0FEFEFEFEFEFEFEFE29
:104EB000FEFEFEFEFEFEFEFEFFFF2D2F2F2F3A7F91
:104EC00032411B2B2BF92B2B1B21272727271A7647
:104ED0006F6645352F2F2F46FFFF2D2F2F2F3A318D
:104EE0003838384B212A2A15FB152A13766C9393F0
:104EF000936745352F2F2F46FEFEFEFEFEFEFEFE7B
:104F0000FEFEFEFEFEFEFEFEFFFF2D2F2F2F387F42
:104F10004183474F5257281D1212127A7594949468
:104F20006E3E46332F2F2F46FEFEFEFEFEFEFEFE99
:104F3000FEFEFEFEFEFEFEFEFFFF9CACACACCFD143
:104F4000D4D3D2E8A4D6CFB7B2C3C5EEF4F5F8F502
:104F5000ECC2E1D0ACACACE0FFFF9CACACACCFD1D0
:104F6000D4D3D2E8A4D6D8BCA8DEECEEF4F5F8F59C
:104F7000ECC2E1D0ACACACE0FFFF9CACACACCFD1B0
:104F8000D4D3D2E8A4D6D8BCA8DEECEEF4F5F8F57C
:104F9000ECC2E1D0ACACACE0FEFEFEFEFEFEFEFEDE
:104FA000FEFEFEFEFEFEFEFEFFFF9CACACACCFD1D3
:104FB000D4D3D2E8A4D6D8BCA8A8A8A8A8A8A8A842
:104FC000A8A8A8A8A8A8A8A8A8A8A8A8A8A8A8A861
:104FD000A8A8A8A8A8A8A8A8A8DEECEEF4F5F8F55B
:104FE000ECC2E1D0ACACACE0FEFEFEFEFEFEFEFE8E
:104FF000FEFEFEFEFEFEFEFEFFFF2D2F2F2F383D94
:105000003141252A2AFB2A2A2721272727271A76F2
:105010006B3F463C2F2F2F46FFFF2D2F2F2F387F22
:10502000852F4A4B231D2B17FB171D1D796C72937F
:105030006E3E46332F2F2F46FEFEFEFEFEFEFEFE88
:10504000FEFEFEFEFEFEFEFEFFFF2D2F2F2F2F3C4D
:105050004481474E52545D65676C6E6E9393936EB8
:105060003B863B2F2F2F2F46FEFEFEFEFEFEFEFE52
:10507000FEFEFEFEFEFEFEFEFFFF9CACACACACCD29
:10508000C1D4B1B0A4D6B8BDA8BEDAECF1F4F4EC4A
:10509000C499CAACACACACE0FFFF9CACACACACCD42
:1050A000C1D4B1B0A4D6B8BDA8BEDAECF1F4F4EC2A
:1050B000C499CAACACACACE0FFFF9CACACACACCD22
:1050C000C1D4B1B0A4D6B8BDA8BEDAECF1F4F4EC0A
:1050D000C499CAACACACACE0FEFEFEFEFEFEFEFE29
:1050E000FEFEFEFEFEFEFEFEFFFF9CACACACACCDB9
:1050F000C1D4B1B0A4D6B8BDA8A8A8A8A8A8A8A88B
:10510000A8A8A8A8A8A8A8A8A8A8A8A8A8A8A8A81F
:10511000A8A8A8A8A8A8A8A8A8BEDAECF1F4F4EC5E
:10512000C499CAACACACACE0FEFEFEFEFEFEFEFED8
:10513000FEFEFEFEFEFEFEFEFFFF2D2F2F2F2F4157
:105140003E3D821F43FB605F901B1D1D1D1D1D28E2
:105150008B7E3B2F2F2F2F46FFFF2D2F2F2F2F3CE6
:105160004485384B49585F25FB27686D6F6C726E1C
:105170003B863B2F2F2F2F46FEFEFEFEFEFEFEFE41
:10518000FEFEFEFEFEFEFEFEFFFF2D2F2F2F2F2F19
:105190003D3F82474F545D6565676C6E6E72678BED
:1051A000863E2F2F2F2F2F46FEFEFEFEFEFEFEFE1A
:1051B000FEFEFEFEFEFEFEFEFFFF9CACACACACAC09
:1051C000CCB7CBD2B6BBB8A5D9DBA6DDECEEA8C276
:1051D000999DACACACACACE0FFFF9CACACACACAC67
:1051E000CCB7CBD2B6BBB8A5D9DBA6DDECEEA8C256
:1051F000999DACACACACACE0FFFF9CACACACACAC47
:10520000CCB7CBD2B6BBB8A5D9DBA6DDECEEA8C235
:10521000999DACACACACACE0FEFEFEFEFEFEFEFE2C
:10522000FEFEFEFEFEFEFEFEFFFF9CACACACACAC98
:10523000CCB7CBD2B6BBB8A5D9D9D9D9D9D9D9D9B8
:10524000D9D9D9D9D9D9D9D9D9D9D9D9D9D9D9D9CE
:10525000D9D9D9D9D9D9D9D9D9DBA6DDECEEA8C20B
:10526000999DACACACACACE0FEFEFEFEFEFEFEFEDC
:10527000FEFEFEFEFEFEFEFEFFFF2D2F2F2F2F381F
:10528000438C345050FB585A6A647070706D705E75
:105290007E3E382F2F2F2F46FFFF2D2F2F2F2F2F02
:1052A0003D3F7F4B4B5A58231D256A926F6C6F8B85
:1052B000863E2F2F2F2F2F46FEFEFEFEFEFEFEFE09
:1052C000FEFEFEFEFEFEFEFEFFFF2D2F2F2F2F2FD8
:1052D0002F7F89443854575D6567676C6C8D3646FF
:1052E0003B2F2F2F2F2F2F46FEFEFEFEFEFEFEFE33
:1052F000FEFEFEFEFEFEFEFEFFFF9CACACACACACC8
:10530000ACCEAAC1CFA4BAD8BDD7A7A6A6A3A2E106
:10531000CAACACACACACACE0FFFF9CACACACACACE5
:10532000ACCEAAC1CFA4BAD8BDD7A7A6A6A3A2E1E6
:10533000CAACACACACACACE0FFFF9CACACACACACC5
:10534000ACCEAAC1CFA4BAD8BDD7A7A6A6A3A2E1C6
:10535000CAACACACACACACE0FEFEFEFEFEFEFEFEAB
:10536000FEFEFEFEFEFEFEFEFFFF9CACACACACAC57
:10537000ACCEAAC1CFA4BAD8BDBDBDBDBDBDBDBD5B
:10538000BDBDBDBDBDBDBDBDBDBDBDBDBDBDBDBD4D
:10539000BDBDBDBDBDBDBDBDBDD7A7A6A6A3A2E178
:1053A000CAACACACACACACE0FEFEFEFEFEFEFEFE5B
:1053B000FEFEFEFEFEFEFEFEFFFF2D2F2F2F2F2FE7
:1053C0003843513F504C5B8D638E929292583646D3
:1053D0003B37382F2F2F2F46FFFF2D2F2F2F2F2F0B
:1053E0002F7F893E4C4A5B5B6A646D6B6F5B364610
:1053F0003B2F2F2F2F2F2F46FEFEFEFEFEFEFEFE22
:10540000FEFEFEFEFEFEFEFEFFFF2D2F2F2F2F2F96
:105410002F2F2E3546351F565D6664613695353320
:105420002F2F2F2F2F2F2F46FEFEFEFEFEFEFEFEFD
:10543000FEFEFEFEFEFEFEFEFFFF9CACACACACAC86
:10544000ACACD5C0DFBFCBB4B9B9B49BA299C0D0C6
:10545000ACACACACACACACE0FFFF9CACACACACACC2
:10546000ACACD5C0DFBFCBB4B9B9B49BA299C0D0A6
:10547000ACACACACACACACE0FFFF9CACACACACACA2
:10548000ACACD5C0DFBFCBB4B9B9B49BA299C0D086
:10549000ACACACACACACACE0FEFEFEFEFEFEFEFE88
:1054A000FEFEFEFEFEFEFEFEFFFF9CACACACACAC16
:1054B000ACACD5C0DFBFCBB4B9B9B9B9B9B9B9B91A
:1054C000B9B9B9B9B9B9B9B9B9B9B9B9B9B9B9B94C
:1054D000B9B9B9B9B9B9B9B9B9B9B49BA299C0D078
:1054E000ACACACACACACACE0FEFEFEFEFEFEFEFE38
:1054F000FEFEFEFEFEFEFEFEFFFF2D2F2F2F2F2FA6
:105500002F383C35951E435B59635B8F367E358261
:1055100037382F2F2F2F2F46FFFF2D2F2F2F2F2FD5
:105520002F2F2E35461E435B64645B5C3695353306
:105530002F2F2F2F2F2F2F46FEFEFEFEFEFEFEFEEC
:10554000FEFEFEFEFEFEFEFEFFFF2D2F2F2F2F2F55
:105550002F2F2F2F333E1E364646361E3E3C2F2F12
:105560002F2F2F2F2F2F2F46FEFEFEFEFEFEFEFEBC
:10557000FEFEFEFEFEFEFEFEFFFF9CACACACACAC45
:10558000ACACACACD0C2ABA2E0E0A2ABC2CDACAC98
:10559000ACACACACACACACE0FFFF9CACACACACAC81
:1055A000ACACACACD0C2ABA2E0E0A2ABC2CDACAC78
:1055B000ACACACACACACACE0FFFF9CACACACACAC61
:1055C000ACACACACD0C2ABA2E0E0A2ABC2CDACAC58
:1055D000ACACACACACACACE0FEFEFEFEFEFEFEFE47
:1055E000FEFEFEFEFEFEFEFEFFFF9CACACACACACD5
:1055F000ACACACACD0C2ABA2E0E0E0E0E0E0E0E01C
:10560000E0E0E0E0E0E0E0E0E0E0E0E0E0E0E0E09A
:10561000E0E0E0E0E0E0E0E0E0E0A2ABC2CDACAC96
:10562000ACACACACACACACE0FEFEFEFEFEFEFEFEF6
:10563000FEFEFEFEFEFEFEFEFFFF2D2F2F2F2F2F64
:105640002F2F3838413E8936464636893E853838D0
:10565000382F2F2F2F2F2F46FFFF2D2F2F2F2F2F9C
:105660002F2F2F2F3C3E89364646361E3E3C2F2F8D
:105670002F2F2F2F2F2F2F46FEFEFEFEFEFEFEFEAB
:10568000FEFEFEFEFEFEFEFEFFFF2D2F2F2F2F2F14
:105690002F2F2F2F2F2F2F2F2F2F2F2F2F2F2F2F1A
:1056A0002F2F2F2F2F2F2F46FEFEFEFEFEFEFEFE7B
:1056B000FEFEFEFEFEFEFEFEFFFF9CACACACACAC04
:1056C000ACACACACACACACACACACACACACACACAC1A
:1056D000ACACACACACACACE0FFFF9CACACACACAC40
:1056E000ACACACACACACACACACACACACACACACACFA
:1056F000ACACACACACACACE0FFFF9CACACACACAC20
:10570000ACACACACACACACACACACACACACACACACD9
:10571000ACACACACACACACE0FEFEFEFEFEFEFEFE05
:10572000FEFEFEFEFEFEFEFEFFFF9CACACACACAC93
:10573000ACACACACACACACACACACACACACACACACA9
:10574000ACACACACACACACACACACACACACACACAC99
:10575000ACACACACACACACACACACACACACACACAC89
:10576000ACACACACACACACE0FEFEFEFEFEFEFEFEB5
:10577000FEFEFEFEFEFEFEFEFFFF2D2F2F2F2F2F23
:105780002F2F2F2F2F2F2F2F2F2F2F2F2F2F2F2F29
:105790002F2F2F2F2F2F2F46FFFF2D2F2F2F2F2F64
:1057A0002F2F2F2F2F2F2F2F2F2F2F2F2F2F2F2F09
:1057B0002F2F2F2F2F2F2F46FEFEFEFEFEFEFEFE6A
:1057C000FEFEFEFEFEFEFEFEFFFFFF7B2F2F2F2FB5
:1057D0002F2F2F2F2F2F2F2F2F2F2F2F2F2F2F2FD9
:1057E0002F2F2F2F2F2F7DFFFEFEFEFEFEFEFEFE33
:1057F000FEFEFEFEFEFEFEFEFFFFFFCAACACACAC42
:10580000ACACACACACACACACACACACACACACACACD8
:10581000ACACACACACACE2FFFFFFFFCAACACACAC28
:10582000ACACACACACACACACACACACACACACACACB8
:10583000ACACACACACACE2FFFFFFFFCAACACACAC08
:10584000ACACACACACACACACACACACACACACACAC98
:10585000ACACACACACACE2FFFEFEFEFEFEFEFEFE6F
:10586000FEFEFEFEFEFEFEFEFFFFFFCAACACACACD1
:10587000ACACACACACACACACACACACACACACACAC68
:10588000ACACACACACACACACACACACACACACACAC58
:10589000ACACACACACACACACACACACACACACACAC48
:1058A000ACACACACACACE2FFFEFEFEFEFEFEFEFE1F
:1058B000FEFEFEFEFEFEFEFEFFFFFF7B2F2F2F2FC4
:1058C0002F2F2F2F2F2F2F2F2F2F2F2F2F2F2F2FE8
:1058D0002F2F2F2F2F2F7DFFFFFFFF7B2F2F2F2FFE
:1058E0002F2F2F2F2F2F2F2F2F2F2F2F2F2F2F2FC8
:1058F0002F2F2F2F2F2F7DFFFEFEFEFEFEFEFEFE22
:10590000FEFEFEFEFEFEFEFEFFFFFFFF4646464693
:105910004646464646464646464646464646464627
:10592000464646464646FFFFFEFEFEFEFEFEFEFEE5
:10593000FEFEFEFEFEFEFEFEFFFFFFFFE0E0E0E0FB
:10594000E0E0E0E0E0E0E0E0E0E0E0E0E0E0E0E057
:10595000E0E0E0E0E0E0FFFFFFFFFFFFE0E0E0E08D
:10596000E0E0E0E0E0E0E0E0E0E0E0E0E0E0E0E037
:10597000E0E0E0E0E0E0FFFFFFFFFFFFE0E0E0E06D
:10598000E0E0E0E0E0E0E0E0E0E0E0E0E0E0E0E017
:10599000E0E0E0E0E0E0FFFFFEFEFEFEFEFEFEFED9
:1059A000FEFEFEFEFEFEFEFEFFFFFFFFE0E0E0E08B
:1059B000E0E0E0E0E0E0E0E0E0E0E0E0E0E0E0E0E7
:1059C000E0E0E0E0E0E0E0E0E0E0E0E0E0E0E0E0D7
:1059D000E0E0E0E0E0E0E0E0E0E0E0E0E0E0E0E0C7
:1059E000E0E0E0E0E0E0FFFFFEFEFEFEFEFEFEFE89
:1059F000FEFEFEFEFEFEFEFEFFFFFFFF46464646A3
:105A00004646464646464646464646464646464636
:105A1000464646464646FFFFFFFFFFFF46464646D0
:105A20004646464646464646464646464646464616
:105A3000464646464646FFFFFEFEFEFEFEFEFEFED4
:105A400087A18781E9916769C981A959EA614739C5
:105A50006C62CA514C5A05296829EA39F7BDA93147
:105A60002C3A2A4296AD938C3184D394B7B596AD37
:105A700083088D42AF6BF073149D56AD0611CB2198
:105A80000B32AD4A8829EE5212742E5B8C4A6F633A
:105A9000537CED5A528455A5D7B507090D222E2205
:105AA0000D22EB210D220C22AA192711A4082D2268
:105AB0002D220D222D22AA190C22CB216919481959
:105AC0000C22EC214E2ACB218919C50883084E2AC5
:105AD0004E2A0D222D2A2D2A0C220C224E2A6E2A05
:105AE000EB21E5106E2A4D2A8F326E2A4E2A8F3214
:105AF0000C2A6E320C2A2D2AAA21AF324719EB212B
:105B0000CA21CA218F326E324D32CF3AAF3AF03AC3
:105B10002C32EB294D32AF3A10438E3A1143CF3A33
:105B20006D32CA29314BF0424C327253304BEF4A3E
:105B30007153B1639484AB11CD1149118308CB210A
:105B40000C220C22EC214E2A2D22EC2183084E2A15
:105B50000C220611EC21681927114D2A8E32892159
:105B60000C2A8821AE3A514B524B8308F8BD811064
:105B7000A210811065298C6B27420A5B6C6B073A77
:105B8000129D16BE03219094129D73ADF6BDD5BD36
:105B9000D5B54429C531C639909490946F8C27426D
:105BA000D19CB094484AF19CD19412A5F19C894AA9
:105BB00053AD53A532A532A594B594ADF5BD0742BA
:105BC00027420A63EA5A2B634B63D19CB194F6BD1A
:105BD000D5BD16C66B6BED7BAC732E84CD7B908CE4
:105BE0002E84AD73B094B0940E844F8432A5B4B5B6
:105BF00073AD94B516C6D5BDB5B516C6F5BDA11025
:105C00008110C218A9528531074224212742442914
:105C1000D19CB09453ADEE7B16C613A517C6D6BD66
:105C2000F6BD17C6652913A517C637C6F7BD652982
:105C300038C638C686C138C618C618C665290000D9
:105C40000000000000000000000000000000000054
:105C50000000000000000000000000000000000044
:105C60000000000000000000000000000000000034
:105C70000000000000000000000000000000000024
:105C80000000000000000000000000000000000014
:105C90000000000000000000000000000000000004
:105CA00000000000000000000000000000000000F4
:105CB00000000000000000000000000000000000E4
:105CC00000000000000000000000000000000000D4
:105CD00000000000000000000000000000000000C4
:105CE00000000000000000000000000000000000B4
:105CF00000000000000000000000000000000000A4
:105D00000000000000000000000000000000000093
:105D10000000000000000000000000000000000083
:105D20000000000000000000000000000000000073
:105D30000000000000000000000000000000000063
:105D40000000000000000000000000000000000053
:105D50000000000000000000000000000000000043
:105D60000000000000000000000000000000000033
:105D70000000000000000000000000000000000023
:105D80000000000000000000000000000000000013
:105D90000000000000000000000000000000000003
:105DA00000000000000000000000000000000000F3
:105DB00000000000000000000000000000000000E3
:105DC00000000000000000000000000000000000D3
:105DD00000000000000000000000000000000000C3
:105DE00000000000000000000000000000000000B3
:105DF00000000000000000000000000000000000A3
:105E00000000000000000000000000000000000092
:105E10000000000000000000000000000000000082
:105E20000000000000000000000000000000000072
:105E30000000000000000000000000000000000062
:105E40000000000000000000000000000000000052
:105E50000000000000000000000000000000000042
:105E60000000000000000000000000000000000032
:105E70000000000000000000000000000000000022
:105E80000000000000000000000000000000000012
:105E90000000000000000000000000000000000002
:105EA00000000000000000000000000000000000F2
:105EB00000000000000000000000000000000000E2
:105EC000000000000000000000000000F1F3F6F701
:105ED000F8F7F6F3F10000000000000000000000F9
:105EE00000000000000000000000000000000000B2
:105EF00000000000000000000000000000000000A2
:105F00000000000000000000000000000000000091
:105F10000000000000000000000000000000000081
:105F20000000000000000000000000000000000071
:105F30000000000000000000000000000000000061
:105F40000000000000000000000000000000000051
:105F50000000000000000000000000000000000041
:105F60000000000000000000000000000000000031
:105F70000000000000000000000000000000000021
:105F80000000000000000000000000000000000011
:105F90000000000000000000000000000000000001
:105FA00000000000000000000000000000000000F1
:105FB00000000000000000000000000000000000E1
:105FC00000000000000000000000000000000000D1
:105FD00000000000000000000000000000000000C1
:105FE00000000000000000000000000000000000B1
:105FF00000000000000000000000000000000000A1
:10600000000000000000000000EDF2F7FBFDFE01C3
:106010000101FEFDFBF7F2ED0000000000000000B2
:106020000000000000000000000000000000000070
:106030000000000000000000000000000000000060
:106040000000000000000000000000000000000050
:106050000000000000000000000000000000000040
:106060000000000000000000000000000000000030
:106070000000000000000000000000000000000020
:106080000000000000000000000000000000000010
:106090000000000000000000000000000000000000
:1060A00000000000000000000000000000000000F0
:1060B00000000000000000000000000000000000E0
:1060C00000000000000000000000000000000000D0
:1060D00000000000000000000000000000000000C0
:1060E00000000000000000000000000000000000B0
:1060F00000000000000000000000000000000000A0
:10610000000000000000000000000000000000008F
:10611000000000000000000000000000000000007F
:10612000000000000000000000000000000000006F
:10613000000000000000000000000000000000005F
:106140000000000000000000F0F7FCFE010101016A
:106150000101010101FEFCF7F00000000000000059
:10616000000000000000000000000000000000002F
:10617000F5F5F6F6F6F6F6F6F6F6F6F6F6F6F6F6C1
:10618000F6F6F6F6F6F6F6F6F6F6F6F6F6F6F6F6AF
:10619000F6F6F6F6F6F6F6F6F6F6F6F6F6F6F6F69F
:1061A000F6F6F6F6F6F6F6F6F6F6F6F6F6F6F6F68F
:1061B000F6F6F6F6F6F6F6F6F6F6F6F6F6F6F6F67F
:1061C000F6F6F6F6F6F6F3EF000000000000000029
:1061D0000000000000000000F5F5F6F6F6F6F6F611
:1061E000F6F6F6F6F6F6F6F6F6F6F6F6F6F6F6F64F
:1061F000F6F6F6F6F6F6F6F6F6F6F6F6F6F6F6F63F
:10620000F6F6F6F6F6F6F6F6F6F6F6F6F6F6F6F62E
:10621000F6F6F6F6F6F6F3EF0000000000000000D8
:106220000000000000000000B2AEABA9A9A9A9A916
:10623000A9A9A9A9A9A7A1A3000000000000000026
:106240000426262626262626262626262625282411
:106250000000000000000000E0C0BEBFBFBFBFBF25
:10626000BFBFBFBFBFC1CAE4000000000000000004
:10627000000000000000000000000000000000001E
:1062800000000000000000F2F9FE0101EC7F466F03
:1062900058476CD0EC0101FEF9F20000000000004C
:1062A00000000000000000000000000000000000EE
:1062B000F3F1F1F1F1F1F1F1F1F1F1F1F1F1F1F1CC
:1062C000F1F1F1F1F1F1F1F1F1F1F1F1F1F1F1F1BE
:1062D000F1F1F1F1F1F1F1F1F1F1F1F1F1F1F1F1AE
:1062E000F1F1F1F1F1F1F1F1F1F1F1F1F1F1F1F19E
:1062F000F1F1F1F1F1F1F1F1F1F1F1F1F1F1F1F18E
:10630000F1F1F1F1F1F1EEE7000000000000000012
:106310000000000000000000F3F1F1F1F1F1F1F1F3
:10632000F1F1F1F1F1F1F1F1F1F1F1F1F1F1F1F15D
:10633000F1F1F1F1F1F1F1F1F1F1F1F1F1F1F1F14D
:10634000F1F1F1F1F1F1F1F1F1F1F1F1F1F1F1F13D
:10635000F1F1F1F1F1F1EEE70000000000000000C2
:106360000000000000000000A8A7A09D9C9C9C9C31
:106370009C9C9C9C9C9A918F000000000000000057
:10638000252523212020202020202020201E271505
:106390000000000000000000C3C1C4C6C7C7C7C7D3
:1063A000C7C7C7C7C7C7CFDD000000000000000097
:1063B00000000000000000000000000000000000DD
:1063C000000000000000F3FA0101F2425953535358
:1063D000535353535C423A0101FAF30000000000AA
:1063E00000000000000000000000000000000000AD
:1063F000F2EF0000000000000000000000000000BC
:10640000000000000000000000000000000000008C
:10641000000000000000000000000000000000007C
:10642000000000000000000000000000000000006C
:10643000000000000000000000000000000000005C
:10644000000000000000E6E3000000000000000083
:106450000000000000000000F2EF0000000000005B
:10646000000000000000000000000000000000002C
:10647000000000000000000000000000000000001C
:10648000000000000000000000000000000000000C
:10649000000000000000E6E3000000000000000033
:1064A0000000000000000000A099908080808080A3
:1064B00080808080808D8C880000000000000000BB
:1064C000221B160505050505050505050513070E1F
:1064D0000000000000000000C4C9D0D2D2D2D2D245
:1064E000D2D2D2D2D2D1D7E4000000000000000006
:1064F000000000000000000000000000000000009C
:106500000000000000F1F90101E46F5353535353AD
:106510005353535353594B400101F9F1000000000C
:10652000000000000000000000000000000000006B
:10653000F2EF00000000000000000000000000007A
:10654000000000000000000000000000000000004B
:10655000000000000000000000000000000000003B
:10656000000000000000000000000000000000002B
:10657000000000000000000000000000000000001B
:10658000000000000000E6E3000000000000000042
:106590000000000000000000F2EF0000000000001A
:1065A00000000000000000000000000000000000EB
:1065B00000000000000000000000000000000000DB
:1065C00000000000000000000000000000000000CB
:1065D000000000000000E6E30000000000000000F2
:1065E00000000000000000009B968080808080807A
:1065F0008080808080808289000000000000000090
:106600001F19050505050505050505050505080FFF
:106610000000000000000000C7CCD2D2D2D2D2D2FB
:10662000D2D2D2D2D2D2D9E70000000000000000BE
:10663000000000000000000000000000000000005A
:1066400000000000EEF7FE01E45953535353535337
:106650005353535359595D4A4301FEF7EE0000006E
:10666000000000000000000000000000000000002A
:10667000F2EF000000000000010101010101010131
:1066800001010101010101010101010101010101FA
:1066900001010101010101010101010101010101EA
:1066A00001010101010101010101010101010101DA
:1066B00001010101010101010101010101010101CA
:1066C000000000000000E6E3000000000000000001
:1066D0000000000000000000F2EF000000000000D9
:1066E000010101010101010101010101010101019A
:1066F000010101010101010101010101010101018A
:106700000101010101010101010101010101010179
:10671000000000000000E6E30000000000000000B0
:1067200000000000000000009A958080808080803A
:10673000808080808080838900000000000000004D
:106740001D180505050505050505050505050910BF
:106750000000000000000000C8CDD2D2D2D2D2D2B8
:10676000D2D2D2D2D2D2D9E800000000000000007C
:106770000000000000000000000000000000000019
:1067800000000000F3FC01F146535353535353539D
:106790005D5D585757575758563C01FCF3000000B1
:1067A00000000000000000000000000000000000E9
:1067B000F2EF0000000000000101010101010101F0
:1067C00001010101010101010101010101010101B9
:1067D00001010101010101010101010101010101A9
:1067E0000101010101010101010101010101010199
:1067F0000101010101010101010101010101010189
:10680000000000000000E6E30000000000000000BF
:106810000000000000000000F2EF00000000000097
:106820000101010101010101010101010101010158
:106830000101010101010101010101010101010148
:106840000101010101010101010101010101010138
:10685000000000000000E6E300000000000000006F
:1068600000000000000000009A95808080808080F9
:10687000808080808080838900000000000000000C
:106880001D1805050505050505050505050509107E
:106890000000000000000000C8CDD2D2D2D2D2D277
:1068A000D2D2D2D2D2D2D9E800000000000000003B
:1068B00000000000000000000000000000000000D8
:1068C00000000000F7FE016D5353535353535D58BE
:1068D00057565C5C7070705C566D01FEF7000000EE
:1068E00000000000000000000000000000000000A8
:1068F000F2EF0000000000000101010101010101AF
:106900000101010101010101010101010101010177
:106910000101010101010101010101010101010167
:106920000101010101010101010101010101010157
:106930000101010101010101010101010101010147
:10694000000000000000E6E300000000000000007E
:106950000000000000000000F2EF00000000000056
:106960000101010101010101010101010101010117
:106970000101010101010101010101010101010107
:1069800001010101010101010101010101010101F7
:10699000000000000000E6E300000000000000002E
:1069A00000000000000000009A95808080808080B8
:1069B00080808080808083890000000000000000CB
:1069C0001D1805050505050505050505050509103D
:1069D0000000000000000000C8CDD2D2D2D2D2D236
:1069E000D2D2D2D2D2D2D9E80000000000000000FA
:1069F0000000000000000000000000000000000097
:106A0000000000F1FB013D5353535353535D575660
:106A10005C5B5A62616161625A5A7101FBF100006C
:106A20000000000000000000000000000000000066
:106A3000F2EF00000000000001010101010101016D
:106A40000101010101010101010101010101010136
:106A50000101010101010101010101010101010126
:106A60000101010101010101010101010101010116
:106A70000101010101010101010101010101010106
:106A8000000000000000E6E300000000000000003D
:106A90000000000000000000F2EF00000000000015
:106AA00001010101010101010101010101010101D6
:106AB00001010101010101010101010101010101C6
:106AC00001010101010101010101010101010101B6
:106AD000000000000000E6E30000000000000000ED
:106AE00000000000000000009A9580808080808077
:106AF000808080808080838900000000000000008A
:106B00001D180505050505050505050505050910FB
:106B10000000000000000000C8CDD2D2D2D2D2D2F4
:106B2000D2D2D2D2D2D2D9E80000000000000000B8
:106B30000000000000000000000000000000000055
:106B4000000000F4FD015E53535353535D575C70D6
:106B50005A6160666565666660614501FDF4000026
:106B60000000000000000000000000000000000025
:106B7000F2EF000000000000000000000000000034
:106B80000000000000000000000000000000000005
:106B900000000000000000000000000000000000F5
:106BA00000000000000000000000000000000000E5
:106BB00000000000000000000000000000000000D5
:106BC000000000000000E6E30000000000000000FC
:106BD0000000000000000000F2EF000000000000D4
:106BE00000000000000000000000000000000000A5
:106BF0000000000000000000000000000000000095
:106C00000000000000000000000000000000000084
:106C1000000000000000E6E30000000000000000AB
:106C200000000000000000009A9580808080808035
:106C30008080808080808389000000000000000048
:106C40001D180505050505050505050505050910BA
:106C50000000000000000000C8CDD2D2D2D2D2D2B3
:106C6000D2D2D2D2D2D2D9E8000000000000000077
:106C70000000000000000000000000000000000014
:106C8000000000F6FE0144535353535D575C5B61B3
:106C900060655F646A6A6A645F654401FFF60000CC
:106CA00000000000000000000000000000000000E4
:106CB000F2EF0000000000000000000000000000F3
:106CC00000000000000000000000000000000000C4
:106CD00000000000000000000000000000000000B4
:106CE00000000000000000000000000000000000A4
:106CF0000000000000000000000000000000000094
:106D0000000000000000E6E30000000000000000BA
:106D10000000000000000000F2EF00000000000092
:106D20000000000000000000000000000000000063
:106D30000000000000000000000000000000000053
:106D40000000000000000000000000000000000043
:106D5000000000000000E6E300000000000000006A
:106D600000000000000000009A9593ADA280A69854
:106D70008080A6A2ADADB0AC000000000000000015
:106D80001D2F29052B293434342E0529342D0910C3
:106D90000000000000000000C8CDD2D9E2D9D2D254
:106DA000D2D2E2E2D2D2D9E8000000000000000016
:106DB00000000000000000000000000000000000D3
:106DC000000000F701015553535359575C5B61664E
:106DD000656A416369696963416A560101F70000A8
:106DE00000000000000000000000000000000000A3
:106DF000F0EBE3E3E3E3E3E3E3E3E3E3E3E3E3E34E
:106E0000E3E3E3E3E3E3E3E3E3E3E3E3E3E3E3E352
:106E1000E3E3E3E3E3E3E3E3E3E3E3E3E3E3E3E342
:106E2000E3E3E3E3E3E3E3E3E3E3E3E3E3E3E3E332
:106E3000E3E3E3E3E3E3E3E3E3E3E3E3E3E3E3E322
:106E4000E3E3E3E3E3E3E2E000000000000000002E
:106E50000000000000000000F0EBE3E3E3E3E3E305
:106E6000E3E3E3E3E3E3E3E3E3E3E3E3E3E3E3E3F2
:106E7000E3E3E3E3E3E3E3E3E3E3E3E3E3E3E3E3E2
:106E8000E3E3E3E3E3E3E3E3E3E3E3E3E3E3E3E3D2
:106E9000E3E3E3E3E3E3E2E00000000000000000DE
:106EA00000000000000000009AA4B7B5C1A2B1AA7A
:106EB0008080B6A6B6B5B5B30000000000000000A3
:106EC0001D323505342BC1373730273837382C1071
:106ED0000000000000000000C8CDD2E201E9D2D2DB
:106EE000D2D70101D2D2D9E8000000000000000092
:106EF0000000000000000000000000000000000092
:106F0000000000F801015453535358565B61665F0B
:106F100048634F4E4E4E4E4E4F505F0101F80000F9
:106F20000000000000000000000000000000000061
:106F3000E9DED8D8D8D8D8D8D8D8D8D8D8D8D8D8BA
:106F4000D8D8D8D8D8D8D8D8D8D8D8D8D8D8D8D8C1
:106F5000D8D8D8D8D8D8D8D8D8D8D8D8D8D8D8D8B1
:106F6000D8D8D8D8D8D8D8D8D8D8D8D8D8D8D8D8A1
:106F7000D8D8D8D8D8D8D8D8D8D8D8D8D8D8D8D891
:106F8000D8D8D8D8D8D8D9DA00000000000000003E
:106F90000000000000000000E9DED8D8D8D8D8D81A
:106FA000D8D8D8D8D8D8D8D8D8D8D8D8D8D8D8D861
:106FB000D8D8D8D8D8D8D8D8D8D8D8D8D8D8D8D851
:106FC000D8D8D8D8D8D8D8D8D8D8D8D8D8D8D8D841
:106FD000D8D8D8D8D8D8D9DA0000000000000000EE
:106FE00000000000000000009AB6AD80AAB5A6B46B
:106FF0008098B6A2AD8083890000000000000000E8
:107000001D323805342BC10505052F30052F3010F2
:107010000000000000000000C8CDD2E20101D5D27E
:10702000D2E40101D2D2D9E8000000000000000043
:107030000000000000000000000000000000000050
:10704000000000F7010146535359575C62605F48E6
:1070500069684D6B6B526B6B4D684A0101F700001C
:107060000000000000000000000000000000000020
:107070000000000000000000000000000000000010
:107080000000000000000000000000000000000000
:1070900000000000000000000000000000000000F0
:1070A00000000000000000000000000000000000E0
:1070B00000000000000000000000000000000000D0
:1070C00000000000000000000000000000000000C0
:1070D00000000000000000000000000000000000B0
:1070E00000000000000000000000000000000000A0
:1070F0000000000000000000000000000000000090
:10710000000000000000000000000000000000007F
:10711000000000000000000000000000000000006F
:1071200000000000000000009AC1808080C198B675
:1071300080A6B1A2AD80838900000000000000009D
:107140001D32382D342BC1050505312B05292C1096
:107150000000000000000000C8CDD2E2EF01DDD247
:10716000D2F5F501D2D2D9E80000000000000000FD
:10717000000000000000000000000000000000000F
:10718000000000F6FF014453535D565B61656A637E
:10719000684C525176767651524C4201FFF600000F
:1071A00000000000000000000000000000000000DF
:1071B00000000000000000000000000000000000CF
:1071C00000000000000000000000000000000000BF
:1071D00000000000000000000000000000000000AF
:1071E000000000000000000000000000000000009F
:1071F000000000000000000000000000000000008F
:10720000000000000000000000000000000000007E
:10721000000000000000000000000000000000006E
:10722000000000000000000000000000000000005E
:10723000000000000000000000000000000000004E
:10724000000000000000000000000000000000003E
:10725000000000000000000000000000000000002E
:1072600000000000000000009AB6808080B693B64F
:1072700098B1A6A2B6B5B5890000000000000000D4
:107280001D323531342BC137372E3729292B2A109F
:107290000000000000000000C8CDD2E2ECE9E9D215
:1072A000D701E401D2D2D9E80000000000000000BC
:1072B00000000000000000000000000000000000CE
:1072C000000000F4FD015E535358565A605F414F71
:1072D0004D526E777A7B7A776E524501FDF400004D
:1072E000000000000000000000000000000000009E
:1072F000000000000000000000000000000000008E
:10730000000000000000000000000000000000007D
:10731000000000000000000000000000000000006D
:10732000000000000000000000000000000000005D
:10733000000000000000000000000000000000004D
:10734000000000000000000000000000000000003D
:10735000000000000000000000000000000000002D
:10736000000000000000000000000000000000001D
:10737000000000000000000000000000000000000D
:1073800000000000000000000000000000000000FD
:1073900000000000000000000000000000000000ED
:1073A00000000000000000009AB6808080B593B114
:1073B000A5B598A2B5ADB08900000000000000009E
:1073C0001D322D38302BC134342B372A34C13610BE
:1073D0000000000000000000C8CDD2E2ECDB01D5C7
:1073E000E4E5E201D2D2D9E800000000000000008C
:1073F000000000000000000000000000000000008D
:10740000000000F1FB01755353575C626664634EE4
:107410006B51777B7C7C7C7B77523B01FBF10000DE
:10742000000000000000000000000000000000005C
:10743000000000000000000000000000000000004C
:10744000000000000000000000000000000000003C
:10745000000000000000000000000000000000002C
:10746000000000000000000000000000000000001C
:10747000000000000000000000000000000000000C
:1074800000000000000000000000000000000000FC
:1074900000000000000000000000000000000000EC
:1074A00000000000000000000000000000000000DC
:1074B00000000000000000000000000000000000CC
:1074C00000000000000000000000000000000000BC
:1074D00000000000000000000000000000000000AC
:1074E00000000000000000009AB7938080C180A6D1
:1074F000B1B680A2AD8083890000000000000000CA
:107500001D322B35332BC1050505352D052B3610C6
:107510000000000000000000C8CDD2E2ECD2FBDD8C
:10752000FBDBE201D2D2D9E800000000000000003D
:10753000000000000000000000000000000000004B
:1075400000000000F7FF016D5D577061656A694ECC
:107550006B767A7C7D7D7D7C7A6D01FFF700000083
:10756000000000000000000000000000000000001B
:107570000000000000000000000000000000D7C074
:10758000BDD40000000000DCCE0000000000E5D704
:10759000E50000000000D4C5CE000000000000009F
:1075A000D7E5000000DCD7D7D7D70000000000CE19
:1075B000CAE10000000000E5D7E50000000000007F
:1075C00000000000000000000000000000000000BB
:1075D00000000000000000000000000000000000AB
:1075E000000000000000000000000000000000009B
:1075F000000000000000000000000000000000008B
:10760000000000000000000000000000000000007A
:10761000000000000000000000000000000000006A
:1076200000000000000000009AB4B193B1B480984B
:10763000C1B480A2AD80838900000000000000007A
:107640001D322B2DC12BC10505052E37052F3610F8
:107650000000000000000000C8CDD2E2ECD2E5FB43
:10766000FBD2E201D2D2D9E8000000000000000005
:10767000000000000000000000000000000000000A
:1076800000000000F3FC01746F577061656A4F4E93
:1076900052767B7C7D7E7D7C503901FCF3000000BE
:1076A00000000000000000000000000000000000DA
:1076B00000000000000000000000000000DCB8BD79
:1076C000BCB8D7000000E5BBBC00000000C0B8B8E3
:1076D000B8C0000000C2B9BDB9BC0000000000CABB
:1076E000B8D7000000BCB8B8B8B8000000D4B9BC26
:1076F000BBB8E1000000C5B8B8B8CA00000000007F
:107700000000000000000000000000000000000079
:107710000000000000000000000000000000000069
:10772000000000D7B8CA000000B8D7000000000071
:1077300000C2BCBCBCBCBC00C2CE0000000000004B
:10774000000000CAB8B8B8BC000000D4B8000000FF
:107750000000000000000000000000000000000029
:1077600000000000000000009A9FB7C1C19880800F
:10777000B7AA80A2AD80838900000000000000004D
:107780001D322B05332BC1C1C1370533C1C12E10AA
:107790000000000000000000C8CDD2E2ECD2DB0106
:1077A000E5D2E201D2D2D9E80000000000000000DA
:1077B00000000000000000000000000000000000C9
:1077C00000000000EEF7FE0143587061666A694EE2
:1077D0006B767A7C7D7D7D783E01FEF7EE000000C1
:1077E0000000000000000000000000000000000099
:1077F00000000000000000000000000000BDC0000C
:1078000000BCC00000D4B9B8BC000000DCB8CE0099
:10781000CEB8E100E1B8CE00CEB8E1000000DCB99E
:10782000B8D7000000B9CE000000000000BABD00CB
:1078300000BBCE0000E5B8CA00C5B9E500000000F5
:107840000000000000000000000000000000000038
:107850000000000000000000000000000000000028
:10786000000000D7B8B9E10000B8D7000000000060
:1078700000BCBBD7D7D7D700BCC5000000000000B4
:10788000000000C2BDD7D7DC0000E1B9B80000009D
:1078900000000000000000000000000000000000E8
:1078A00000000000000000009A9593A6938080805D
:1078B0009E93809398808389000000000000000060
:1078C0001D2827052A272B2B2B2A05272E2A0910AE
:1078D0000000000000000000C8CDD2D9DDD2D2E205
:1078E000D7D2D9E2D2D2D9E80000000000000000CF
:1078F0000000000000000000000000000000000088
:107900000000000000F1F90101405D626664634E11
:107910006B51777B7C7C793F0101F9F1000000001D
:107920000000000000000000000000000000000057
:1079300000000000000000000000000000B9C500C9
:1079400000C5BC0000BDC2C2BC000000D7C2000020
:10795000E1B8CA00000000E5BDB900000000BBBDF1
:10796000B8D70000E1B8CEC5E100000000B8CECA2B
:10797000CEE5000000DCB8CE00CEB8E1000000008B
:1079800000000000000000000000000000000000F7
:1079900000000000000000000000000000000000E7
:1079A000000000D7B8BABC0000B8D7000000000043
:1079B00000BCBC0000000000BCC5000000000000CE
:1079C000000000BCC2CAE1000000BCC2B800000058
:1079D00000000000000000000000000000000000A7
:1079E00000000000000000009A9580808080808068
:1079F000808080808080838900000000000000007B
:107A00001D180505050505050505050505050910EC
:107A10000000000000000000C8CDD2D2D2D2D2D2E5
:107A2000D2D2D2D2D2D2D9E80000000000000000A9
:107A30000000000000000000000000000000000046
:107A4000000000000000F3FA0101736D605F414F18
:107A50004D526E777A42720101FAF3000000000085
:107A60000000000000000000000000000000000016
:107A700000000000000000000000000000B8CE0080
:107A800000C5BA00000000C5BC00000000000000F6
:107A9000C5B8DC000000DCB8B8CA000000C5B9E514
:107AA000B8D70000D4B8B9BAB8C20000D7B8B9BACC
:107AB000B9B9E1000000BDB9BCB8C00000000000C9
:107AC00000000000000000000000000000000000B6
:107AD00000000000000000000000000000000000A6
:107AE000000000D7B8D7B8CA00B8D700000000001F
:107AF00000BCBAC5C5C5D700BCC500000000000069
:107B0000000000B8B9BBB8C200CABAE5B8000000AE
:107B10000000000000000000000000000000000065
:107B200000000000000000009A9580808080808026
:107B30008080808080808389000000000000000039
:107B40001D180505050505050505050505050910AB
:107B50000000000000000000C8CDD2D2D2D2D2D2A4
:107B6000D2D2D2D2D2D2D9E8000000000000000068
:107B70000000000000000000000000000000000005
:107B800000000000000000F3F9FE0101756746499E
:107B900068504B6D3E0101FEF9F30000000000004B
:107BA00000000000000000000000000000000000D5
:107BB00000000000000000000000000000B8C50048
:107BC00000C5BA00000000C5BC000000000000C2F3
:107BD000B8C200000000E5D7C2B8D400D7B8D700BB
:107BE000B8D70000D7C5E500C5B9E500D7B8BD00D6
:107BF000E5B9CA0000E1BCB9BCB8BCE500000000B2
:107C00000000000000000000000000000000000074
:107C10000000000000000000000000000000000064
:107C2000000000D7B800C2B9E1B8D70000000000DA
:107C300000BCB9BCBCBCCE00BCC50000000000004C
:107C4000000000CEE500CEB9DCB8D700B8000000D7
:107C50000000000000000000000000000000000024
:107C600000000000000000009A95808080808080E5
:107C700080808080808083890000000000000000F8
:107C80001D1805050505050505050505050509106A
:107C90000000000000000000C8CDD2D2D2D2D2D263
:107CA000D2D2D2D2D2D2D9E8000000000000000027
:107CB00000000000000000000000000000000000C4
:107CC0000000000000000000F1F7FCFE01010101CE
:107CD0000101010101FEFCF7F100000000000000BD
:107CE0000000000000000000000000000000000094
:107CF00000000000000000000000000000BBC50004
:107D000000C2BC00000000C5BC0000000000C0B8FC
:107D1000C2000000E5D7E50000B9C500BABAC5C584
:107D2000B8C0D70000E10000D7B8D700E5B8CE0052
:107D300000BCBC0000CAB8E100DCB8CE0000000006
:107D40000000000000000000000000000000000033
:107D50000000000000000000000000000000000023
:107D6000000000D7B800E5BABCB8D700000000009A
:107D700000BCBC0000000000BCC50000000000000A
:107D80000000E5CEE500D7B8C2B8B8B8B8B8D7009B
:107D900000000000000000000000000000000000E3
:107DA00000000000000000009A95808080808080A4
:107DB00080808080808083890000000000000000B7
:107DC0001D18050505050505050505050505091029
:107DD0000000000000000000C8CDD2D2D2D2D2D222
:107DE000D2D2D2D2D2D2D9E80000000000000000E6
:107DF0000000000000000000000000000000000083
:107E0000000000000000000000EDF2F7FBFDFF01A4
:107E10000101FFFDFBF7F2ED000000000000000093
:107E20000000000000000000000000000000000052
:107E300000000000000000000000000000C0BADCEC
:107E4000D7B9C500000000C5BC00000000C0B8CE16
:107E500000000000E5B8CE00D7B8D700BCBCBCBC61
:107E6000B8BBCE00C5B9E500CAB9000000BABD0074
:107E7000E5B9C50000C5B9000000B8C500000000A4
:107E800000000000000000000000000000000000F2
:107E900000000000000000000000000000000000E2
:107EA000000000D7B80000D7B8B8D7000000000025
:107EB00000BCBC0000000000BCC5000000000000C9
:107EC0000000E5B9C5E5BDBB00000000B80000003A
:107ED00000000000000000000000000000000000A2
:107EE00000000000000000009A9580808080808063
:107EF0008080808080808389000000000000000076
:107F00001D180505050505050505050505050910E7
:107F10000000000000000000C8CDD2D2D2D2D2D2E0
:107F2000D2D2D2D2D2D2D9E80000000000000000A4
:107F30000000000000000000000000000000000041
:107F4000000000000000000000000000F1F4F6F75F
:107F5000F8F7F6F4F1000000000000000000000057
:107F60000000000000000000000000000000000011
:107F700000000000000000000000000000E5C0B8A4
:107F8000B8BC0000000000C5BC000000D4B8C0D7D9
:107F9000D7D7E10000C2B8BBB8BC000000000000A9
:107FA000B8D70000E5B9BAC0B8C5000000D7BABA62
:107FB000B9BBE50000E1B8CAE1C2B8E100000000C9
:107FC00000000000000000000000000000000000B1
:107FD00000000000000000000000000000000000A1
:107FE000000000D7B8000000C2B8D70000000000B1
:107FF00000BCBC0000000000BCB8B8B8B8BC0000B1
:10800000000000CEBAB8BDDC00000000B8000000DF
:108010000000000000000000000000000000000060
:108020000000000000000000999480808080808023
:10803000808080808080838A000000000000000033
:108040001C180505050505050505050505050910A7
:108050000000000000000000C8CDD2D2D2D2D2D29F
:10806000D2D2D2D2D2D2D9E8000000000000000063
:108070000000000000000000000000000000000000
:1080800000000000000000000000000000000000F0
:1080900000000000000000000000000000000000E0
:1080A00000000000000000000000000000000000D0
:1080B000000000000000000000000000000000E1DF
:1080C000E1000000000000D7CE000000BCB8B8B846
:1080D000B8B8C5000000E1CEE100000000000000DB
:1080E000B8D7000000E5CEC5E1000000000000D4D4
:1080F000D4E500000000CABAB8BACE000000000003
:10810000000000000000000000000000000000006F
:10811000000000000000000000000000000000005F
:10812000000000000000000000000000000000004F
:1081300000DCDC0000000000DCD7D7D7D7DC000073
:108140000000000000E5000000000000000000004A
:10815000000000000000000000000000000000001F
:1081600000000000000000009791808080808080E7
:10817000808080808081858E0000000000000000EB
:108180001A270505050505050505050505060B1254
:108190000000000000000000CBCED3D2D2D2D2D259
:1081A000D2D2D2D2D2D5DEEB000000000000000017
:1081B00000000000000000000000000000000000BF
:1081C00000000000000000000000000000000000AF
:1081D000000000000000000000000000000000009F
:1081E000000000000000000000000000000000008F
:1081F000000000000000000000000000000000007F
:10820000000000000000000000000000000000006E
:10821000000000000000000000000000000000005E
:10822000000000000000000000000000000000004E
:108230000000000000000000E1000000000000005D
:10824000000000000000000000000000000000002E
:10825000000000000000000000000000000000001E
:10826000000000000000000000000000000000000E
:1082700000000000000000000000000000000000FE
:1082800000000000000000000000000000000000EE
:1082900000000000000000000000000000000000DE
:1082A00000000000000000008C848686868686869A
:1082B0008686868686878E92000000000000000079
:1082C000140A0C0C0C0C0C0C0C0C0C0C0C0D1217D6
:1082D0000000000000000000D6DBDFDFDFDFDFDFB3
:1082E000DFDFDFDFDFE2EBF1000000000000000075
:1082F000000000000000000000000000000000007E
:10830000000000000000000000000000000000006D
:10831000000000000000000000000000000000005D
:10832000000000000000000000000000000000004D
:10833000000000000000000000000000000000003D
:10834000000000000000000000000000000000002D
:10835000000000000000000000000000000000001D
:10836000000000000000000000000000000000000D
:1083700000000000000000000000000000000000FD
:1083800000000000000000000000000000000000ED
:1083900000000000000000000000000000000000DD
:1083A00000000000000000000000000000000000CD
:1083B00000000000000000000000000000000000BD
:1083C00000000000000000000000000000000000AD
:1083D000000000000000000000000000000000009D
:1083E0000000000000000000A38E8B8B8B8B8B8B1A
:1083F0008B8B8B8B8B8B92AF0000000000000000FA
:108400000212111111111111111111111111170372
:108410000000000000000000EAEBF2F2F2F2F2F2DB
:10842000F2F2F2F2F2F2F1EE0000000000000000C1
:10843000000000000000000000000000000000003C
:10844000000000000000000000000000000000002C
:10845000000000000000000000000000000000001C
:10846000000000000000000000000000000000000C
:1084700000000000000000000000000000000000FC
:1084800000000000000000000000000000000000EC
:1084900000000000000000000000000000000000DC
:1084A00000000000000000000000000000000000CC
:1084B00000000000000000000000000000000000BC
:1084C00000000000000000000000000000000000AC
:1084D000000000000000000000000000000000009C
:1084E000000000000000000000000000000000008C
:1084F000000000000000000000000000000000007C
:10850000000000000000000000000000000000006B
:10851000000000000000000000000000000000005B
:10852000000000000000000000000000000000004B
:10853000000000000000000000000000000000003B
:10854000000000000000000000000000000000002B
:10855000000000000000000000000000000000001B
:10856000000000000000000000000000000000000B
:1085700000000000000000000000000000000000FB
:1085800000000000000000000000000000000000EB
:1085900000000000000000000000000000000000DB
:1085A00000000000000000000000000000000000CB
:1085B00000000000000000000000000000000000BB
:1085C00000000000000000000000000000000000AB
:1085D000000000000000000000000000000000009B
:1085E000000000000000000000000000000000008B
:1085F000000000000000000000000000000000007B
:10860000000000000000000000000000000000006A
:10861000000000000000000000000000000000005A
:10862000000000000000000000000000000000004A
:10863000000000000000000000000000000000003A
:10864000000000000000000000000000000000002A
:10865000000000000000000000000000000000001A
:10866000000000000000000000000000000000000A
:1086700000000000000000000000000000000000FA
:1086800000000000000000000000000000000000EA
:1086900000000000000000000000000000000000DA
:1086A00000000000000000000000000000000000CA
:1086B00000000000000000000000000000000000BA
:1086C000010101010101010101010101010101019A
:1086D000010101010101010101010101010101018A
:1086E000010101010101010101010101010101017A
:1086F000010101010101010101010101010101016A
:108700000101010101010101010101010101010159
:108710000101010101010101010101010101010149
:108720000101010101010101010101010101010139
:108730000101010101010101010101010101010129
:108740000101010101010101010101010101010119
:108750000101010101010101010101010101010109
:1087600001010101010101010101010101010101F9
:1087700001010101010101010101010101010101E9
:1087800001010101010101010101010101010101D9
:1087900001010101010101010101010101010101C9
:1087A00001010101010101010101010101010101B9
:1087B00001010101010101010101010101010101A9
:1087C0000101010101010101010101010101010199
:1087D0000101010101010101010101010101010189
:1087E0000101010101010101010101010101010179
:1087F0000101010101010101010101010101010169
:108800000000000000000000000000000000000068
:108810000000000000000000000000000000000058
:108820000000000000000000000000000000000048
:108830000000000000000000000000000000000038
:108840000000000000000000000000000000000028
:108850000000000000000000000000000000000018
:108860000000000000000000000000000000000008
:1088700000000000000000000000000000000000F8
:1088800000000000000000000000000000000000E8
:1088900000000000000000000000000000000000D8
:1088A00000000000000000000000000000000000C8
:1088B00000000000000000000000000000000000B8
:1088C00000000000000000000000000000000000A8
:1088D0000000000000000000000000000000000098
:1088E0000000000000000000000000000000000088
:1088F0000000000000000000000000000000000078
:108900000000000000000000000000000000000067
:108910000000000000000000000000000000000057
:108920000000000000000000000000000000000047
:108930000000000000000000000000000000000037
:108940000000000000000000000000000000000027
:108950000000000000000000000000000000000017
:108960000000000000000000000000000000000007
:1089700000000000000000000000000000000000F7
:1089800000000000000000000000000000000000E7
:1089900000000000000000000000000000000000D7
:1089A00000000000000000000000000000000000C7
:1089B00000000000000000000000000000000000B7
:1089C00000000000000000000000000000000000A7
:1089D0000000000000000000000000000000000097
:1089E0000000000000000000000000000000000087
:1089F0000000000000000000000000000000000077
:108A00000000000000000000000000000000000066
:108A10000000000000000000000000000000000056
:108A20000000000000000000000000000000000046
:108A30000000000000000000000000000000000036
:108A40000000000000000000000000000000000026
:108A50000000000000000000000000000000000016
:108A60000000000000000000000000000000000006
:108A700000000000000000000000000000000000F6
:108A800000000000000000000000000000000000E6
:108A900000000000000000000000000000000000D6
:108AA00000000000000000000000000000000000C6
:108AB00000000000000000000000000000000000B6
:108AC00000000000000000000000000000000000A6
:108AD0000000000000000000000000000000000096
:108AE0000000000000000000000000000000000086
:108AF0000000000000000000000000000000000076
:108B00000000000000000000000000000000000065
:108B10000000000000000000000000000000000055
:108B20000000000000000000000000000000000045
:108B30000000000000000000000000000000000035
:108B40000000000000000000000000000000000025
:108B50000000000000000000000000000000000015
:108B60000000000000000000000000000000000005
:108B700000000000000000000000000000000000F5
:108B800000000000000000000000000000000000E5
:108B900000000000000000000000000000000000D5
:108BA00000000000000000000000000000000000C5
:108BB00000000000000000000000000000000000B5
:108BC00000000000000000000000000000000000A5
:108BD0000000000000000000000000000000000095
:108BE0000000000000000000000000000000000085
:108BF0000000000000000000000000000000000075
:108C00000000000000000000000000000000000064
:108C10000000000000000000000000000000000054
:108C20000000000000000000000000000000000044
:108C30000000000000000000000000000000000034
:108C40000000000000000000000000000000000024
:108C50000000000000000000000000000000000014
:108C60000000000000000000000000000000000004
:108C700000000000000000000000000000000000F4
:108C800000000000000000000000000000000000E4
:108C900000000000000000000000000000000000D4
:108CA00000000000000000000000000000000000C4
:108CB00000000000000000000000000000000000B4
:108CC00000000000000000000000000000000000A4
:108CD0000000000000000000000000000000000094
:108CE0000000000000000000000000000000000084
:108CF0000000000000000000000000000000000074
:108D00000000000000000000000000000000000063
:108D10000000000000000000000000000000000053
:108D20000000000000000000000000000000000043
:108D30000000000000000000000000000000000033
:108D40000000000000000000000000000000000023
:108D50000000000000000000000000000000000013
:108D60000000000000000000000000000000000003
:108D700000000000000000000000000000000000F3
:108D800000000000000000000000000000000000E3
:108D900000000000000000000000000000000000D3
:108DA00000000000000000000000000000000000C3
:108DB00000000000000000000000000000000000B3
:108DC00000000000000000000000000000000000A3
:108DD0000000000000000000000000000000000093
:108DE0000000000000000000000000000000000083
:108DF0000000000000000000000000000000000073
:108E00000000000000000000000000000000000062
:108E10000000000000000000000000000000000052
:108E20000000000000000000000000000000000042
:108E30000000000000000000000000000000000032
:108E40000000000000000000000000000000000022
:108E50000000000000000000000000000000000012
:108E60000000000000000000000000000000000002
:108E700000000000000000000000000000000000F2
:108E800000000000000000000000000000000000E2
:108E900000000000000000000000000000000000D2
:108EA00000000000000000000000000000000000C2
:108EB00000000000000000000000000000000000B2
:108EC00000000000000000000000000000000000A2
:108ED0000000000000000000000000000000000092
:108EE0000000000000000000000000000000000082
:108EF0000000000000000000000000000000000072
:108F00000000000000000000000000000000000061
:108F10000000000000000000000000000000000051
:108F20000000000000000000000000000000000041
:108F30000000000000000000000000000000000031
:108F40000000000000000000000000000000000021
:108F50000000000000000000000000000000000011
:108F60000000000000000000000000000000000001
:108F700000000000000000000000000000000000F1
:108F800000000000000000000000000000000000E1
:108F900000000000000000000000000000000000D1
:108FA00000000000000000000000000000000000C1
:108FB00000000000000000000000000000000000B1
:108FC00000000000000000000000000000000000A1
:108FD0000000000000000000000000000000000091
:108FE0000000000000000000000000000000000081
:108FF0000000000000000000000000000000000071
:109000000000000000000000000000000000000060
:109010000000000000000000000000000000000050
:109020000000000000000000000000000000000040
:109030000000000000000000000000000000000030
:109040000000000000000000000000000000000020
:109050000000000000000000000000000000000010
:109060000000000000000000000000000000000000
:1090700000000000000000000000000000000000F0
:1090800000000000000000000000000000000000E0
:1090900000000000000000000000000000000000D0
:1090A00000000000000000000000000000000000C0
:1090B00000000000000000000000000000000000B0
:1090C00000000000000000000000000000000000A0
:1090D0000000000000000000000000000000000090
:1090E0000000000000000000000000000000000080
:1090F0000000000000000000000000000000000070
:10910000000000000000000000000000000000005F
:10911000000000000000000000000000000000004F
:10912000000000000000000000000000000000003F
:10913000000000000000000000000000000000002F
:10914000000000000000000000000000000000001F
:10915000000000000000000000000000000000000F
:1091600000000000000000000000000000000000FF
:1091700000000000000000000000000000000000EF
:1091800000000000000000000000000000000000DF
:1091900000000000000000000000000000000000CF
:1091A00000000000000000000000000000000000BF
:1091B00000000000000000000000000000000000AF
:1091C000000000000000000000000000000000009F
:1091D000000000000000000000000000000000008F
:1091E000000000000000000000000000000000007F
:1091F000000000000000000000000000000000006F
:10920000000000000000000000000000000000005E
:10921000000000000000000000000000000000004E
:10922000000000000000000000000000000000003E
:10923000000000000000000000000000000000002E
:10924000000000000000000000000000000000001E
:10925000000000000000000000000000000000000E
:1092600000000000000000000000000000000000FE
:1092700000000000000000000000000000000000EE
:1092800000000000000000000000000000000000DE
:1092900000000000000000000000000000000000CE
:1092A00000000000000000000000000000000000BE
:1092B00000000000000000000000000000000000AE
:1092C000000000000000000000000000000000009E
:1092D000000000000000000000000000000000008E
:1092E000000000000000000000000000000000007E
:1092F000000000000000000000000000000000006E
:10930000000000000000000000000000000000005D
:10931000000000000000000000000000000000004D
:10932000000000000000000000000000000000003D
:10933000000000000000000000000000000000002D
:10934000000000000000000000000000000000001D
:10935000000000000000000000000000000000000D
:1093600000000000000000000000000000000000FD
:1093700000000000000000000000000000000000ED
:1093800000000000000000000000000000000000DD
:1093900000000000000000000000000000000000CD
:1093A00000000000000000000000000000000000BD
:1093B00000000000000000000000000000000000AD
:1093C000000000000000000000000000000000009D
:1093D000000000000000000000000000000000008D
:1093E000000000000000000000000000000000007D
:1093F000000000000000000000000000000000006D
:10940000000000000000000000000000000000005C
:10941000000000000000000000000000000000004C
:10942000000000000000000000000000000000003C
:10943000000000000000000000000000000000002C
:10944000000000000000000000000000000000001C
:10945000000000000000000000000000000000000C
:1094600000000000000000000000000000000000FC
:1094700000000000000000000000000000000000EC
:1094800000000000000000000000000000000000DC
:1094900000000000000000000000000000000000CC
:1094A00000000000000000000000000000000000BC
:1094B00000000000000000000000000000000000AC
:1094C000000000000000000000000000000000009C
:1094D000000000000000000000000000000000008C
:1094E000000000000000000000000000000000007C
:1094F000000000000000000000000000000000006C
:10950000000000000000000000000000000000005B
:10951000000000000000000000000000000000004B
:10952000000000000000000000000000000000003B
:10953000000000000000000000000000000000002B
:10954000000000000000000000000000000000001B
:10955000000000000000000000000000000000000B
:1095600000000000000000000000000000000000FB
:1095700000000000000000000000000000000000EB
:1095800000000000000000000000000000000000DB
:1095900000000000000000000000000000000000CB
:1095A00000000000000000000000000000000000BB
:1095B00000000000000000000000000000000000AB
:1095C000000000000000000000000000000000009B
:1095D000000000000000000000000000000000008B
:1095E000000000000000000000000000000000007B
:1095F000000000000000000000000000000000006B
:10960000000000000000000000000000000000005A
:10961000000000000000000000000000000000004A
:10962000000000000000000000000000000000003A
:10963000000000000000000000000000000000002A
:10964000000000000000000000000000000000001A
:10965000000000000000000000000000000000000A
:1096600000000000000000000000000000000000FA
:1096700000000000000000000000000000000000EA
:1096800000000000000000000000000000000000DA
:1096900000000000000000000000000000000000CA
:1096A00000000000000000000000000000000000BA
:1096B00000000000000000000000000000000000AA
:1096C000000000000000000000000000000000009A
:1096D000000000000000000000000000000000008A
:1096E000000000000000000000000000000000007A
:1096F000000000000000000000000000000000006A
:109700000000000000000000000000000000000059
:109710000000000000000000000000000000000049
:109720000000000000000000000000000000000039
:109730000000000000000000000000000000000029
:109740000000000000000000000000000000000019
:109750000000000000000000000000000000000009
:1097600000000000000000000000000000000000F9
:1097700000000000000000000000000000000000E9
:1097800000000000000000000000000000000000D9
:1097900000000000000000000000000000000000C9
:1097A00000000000000000000000000000000000B9
:1097B00000000000000000000000000000000000A9
:1097C0000000000000000000000000000000000099
:1097D0000000000000000000000000000000000089
:1097E0000000000000000000000000000000000079
:1097F0000000000000000000000000000000000069
:109800000000000000000000000000000000000058
:109810000000000000000000000000000000000048
:109820000000000000000000000000000000000038
:109830000000000000000000000000000000000028
:1098400065290000A5214421CA4A86036603050351
:10985000E502E502C502840284022402E301A301B9
:10986000A301E1006201A7032603A502C70BE200E2
:109870002A242A244A2C8C3C8C3CAC3CAC3CAD3C8D
:10988000AD44AD44EE4CEE5406229275F48DC813EF
:109890008D4CE92B0B3C4C4CCB4B6D5C8E64CF6CF0
:1098A000F184539595A5D6B5F07C328D54A574A559
:1098B000F7BD400804218108C210652924214429EC
:1098C000E73919E7129DC639B094A95294B5F5BD90
:1098D00019DFB8D677CE36C69BF79BEF7BEF5AE7FA
:1098E0003AE7DCFFBCF7F5BDF4BD52AD36C635C670
:1098F00015C6F5BD77CE56CE56C6F5BD4B6BF8DE18
:10990000B8D697CE77CE3AE7F9DED8D6B8D6AD73CB
:109910007AEF3AE7F9DEBCF7D5BD4F8CFDFFB4B561
:1099200056CEC2188110C318E3182421FDFFFDFF95
:10993000DDFF9CF7FDFFFEFFFEFFFFFFFFFF718CC9
:1099400000A0009800800080007800700070006027
:109950000050004800480028008800A0003820700F
:1099600041A082A02028C3A004A904A924A945A934
:1099700065A1C7B1E7B1E7B108BA08BAE7A108AA7B
:109980008ABA69AA49AA0449CBB2CBAA2CABCFCBDD
:109990008EBB30D46DAB92D4496ACFB392CC04293C
:1099A000CFA351B4495A2C7BB2B414B596BDD7BDE0
:1099B000FFFFBEF77DEF1CE7DBDE79CE79CE38C640
:1099C00018C618C6D7BD96B575AD75AD55AD34A5DD
:1099D00034A514A514A5F39CD39CD39C9294929483
:1099E000718C518C518C308430841084CF7BAE7359
:1099F0008E738E736D6B4D6B4D6B2C630C630C63B0
:109A0000CB5AAA52AA528A52494A284208420842CC
:109A1000E739E739C739A63186316529452945290E
:109A20002421242104210421E318E318C318A210DF
:109A3000A21082108210610841082000000000007E
:109A4000DBDBDBDBDBDBDBDBDBDBDBDBDBDBDBDB66
:109A5000DBDBDBDBDBDBDBDBDBDBDBDBDBDBDBDB56
:109A6000DBDBDBDBDBDBDBDBDBDBDBDBDBDBDBDB46
:109A7000DBDBDBDBDBDBDBDBDBDBDBDBDBDBDBDB36
:109A8000DBDBDBDBDBDBDBDBDBDBDBDBDBDBDBDB26
:109A9000DBDBDBDBDBDBDBDBDBDBDBDBDBDBDBDB16
:109AA000DBDBDBDBDBDBDBDBDBDBDBDBDBDBDBDB06
:109AB000DBDBDBDBDBDBDBDBDBDBDBDBDBDBDBDBF6
:109AC000DBDBDBDBDBDBDBDBDBDBDBDBDBDBDBDBE6
:109AD000DBDBDBDBDBDBDBDBDBDBDBDBDBDBDBDBD6
:109AE000DBDBDBDBDBDBDBDBDBDBDBDBDBDBDBDBC6
:109AF000DBDBDBDBDBDBDBDBDBDBDBDBDBDBDBDBB6
:109B0000DBDBDBDBDBDBDBDBDBDBDBDBDBDBDBDBA5
:109B1000DBDBDBDBDBDBDBDBDBDBDBDBDBDBDBDB95
:109B2000DBDBDBDBDBDBDBDBDBDBDBDBDBDBDBDB85
:109B3000DBDBDBDBDBDBDBDBDBDBDBDBDBDBDBDB75
:109B4000DBDBDBDBDBDBDBDBDBDBDBDBDBDBDBDB65
:109B5000DBDBDBDBDBDBDBDBDBDBDBDBDBDBDBDB55
:109B6000DBDBDBDBDBDBDBDBDBDBDBDBDBDBDBDB45
:109B7000DBDBDBDBDBDBDBDBDBDBDBDBDBDBDBDB35
:109B8000DBDBDBDBDBDBDBDBDBDBDBDBDBDBDBDB25
:109B9000DBDBDBDBDBDBDBDBDBDBDBDBDBDBDBDB15
:109BA000DBDBDBDBDBDBDBDBDBDBDBDBDBDBDBDB05
:109BB000DBDBDBDBDBDBDBDBDBDBDBDBDBDBDBDBF5
:109BC000DBDBDBDBDBDBDBDBDBDBDBDBDBDBDBDBE5
:109BD000DBDBDBDBDBDBDBDBDBDBDBDBDBDBDBDBD5
:109BE000DBDBDBDBDBDBDBDBDBDBDBDBDBDBDBDBC5
:109BF000DBDBDBDBDBDBDBDBDBDBDBDBDBDBDBDBB5
:109C0000DBDBDBDBDBDBDBDBDBDBDBDBDBDBDBDBA4
:109C1000DBDBDBDBDBDBDBDBDBDBDBDBDBDBDBDB94
:109C2000DBDBDBDBDBDBDBDBDBDBDBDBDBDBDBDB84
:109C3000DBDBDBDBDBDBDBDBDBDBDBDBDBDBDBDB74
:109C4000DBDBDBDBDBDBDBDBDBDBDBDBDBDBDBDB64
:109C5000DBDBDBDBDBDBDBDBDBDBDBDBDBDBDBDB54
:109C6000DBDBDBDBDBDBDBDBDBDBDBDBDBDBDBDB44
:109C7000DBDBDBDBDBDBDBDBDBDBDBDBDBDBDBDB34
:109C8000DBDBDBDBDBDBDBDBDBDBDBDBDBDBDBDB24
:109C9000DBDBDBDBDBDBDBDBDBDBDBDBDBDBDBDB14
:109CA000DBDBDBDBDBDBDBDBDBDBDBDBDBDBDBDB04
:109CB000DBDBDBDBDBDBDBDBDBDBDBDBDBDBDBDBF4
:109CC000DBDBDBDBDBDBDBDBDBDBDBDBE2E7EDF0AA
:109CD000F2F0EDE7E2DBDBDBDBDBDBDBDBDBDBDB83
:109CE000DBDBDBDBDBDBDBDBDBDBDBDBDBDBDBDBC4
:109CF000DBDBDBDBDBDBDBDBDBDBDBDBDBDBDBDBB4
:109D0000DBDBDBDBDBDBDBDBDBDBDBDBDBDBDBDBA3
:109D1000DBDBDBDBDBDBDBDBDBDBDBDBDBDBDBDB93
:109D2000DBDBDBDBDBDBDBDBDBDBDBDBDBDBDBDB83
:109D3000DBDBDBDBDBDBDBDBDBDBDBDBDBDBDBDB73
:109D4000DBDBDBDBDBDBDBDBDBDBDBDBDBDBDBDB63
:109D5000DBDBDBDBDBDBDBDBDBDBDBDBDBDBDBDB53
:109D6000DBDBDBDBDBDBDBDBDBDBDBDBDBDBDBDB43
:109D7000DBDBDBDBDBDBDBDBDBDBDBDBDBDBDBDB33
:109D8000DBDBDBDBDBDBDBDBDBDBDBDBDBDBDBDB23
:109D9000DBDBDBDBDBDBDBDBDBDBDBDBDBDBDBDB13
:109DA000DBDBDBDBDBDBDBDBDBDBDBDBDBDBDBDB03
:109DB000DBDBDBDBDBDBDBDBDBDBDBDBDBDBDBDBF3
:109DC000DBDBDBDBDBDBDBDBDBDBDBDBDBDBDBDBE3
:109DD000DBDBDBDBDBDBDBDBDBDBDBDBDBDBDBDBD3
:109DE000DBDBDBDBDBDBDBDBDBDBDBDBDBDBDBDBC3
:109DF000DBDBDBDBDBDBDBDBDBDBDBDBDBDBDBDBB3
:109E0000DBDBDBDBDBDBDBDBDBDCE5F1F5F9FDFE04
:109E1000FEFEFDF8F5F1E5DCDBDBDBDBDBDBDBDBD2
:109E2000DBDBDBDBDBDBDBDBDBDBDBDBDBDBDBDB82
:109E3000DBDBDBDBDBDBDBDBDBDBDBDBDBDBDBDB72
:109E4000DBDBDBDBDBDBDBDBDBDBDBDBDBDBDBDB62
:109E5000DBDBDBDBDBDBDBDBDBDBDBDBDBDBDBDB52
:109E6000DBDBDBDBDBDBDBDBDBDBDBDBDBDBDBDB42
:109E7000DBDBDBDBDBDBDBDBDBDBDBDBDBDBDBDB32
:109E8000DBDBDBDBDBDBDBDBDBDBDBDBDBDBDBDB22
:109E9000DBDBDBDBDBDBDBDBDBDBDBDBDBDBDBDB12
:109EA000DBDBDBDBDBDBDBDBDBDBDBDBDBDBDBDB02
:109EB000DBDBDBDBDBDBDBDBDBDBDBDBDBDBDBDBF2
:109EC000DBDBDBDBDBDBDBDBDBDBDBDBDBDBDBDBE2
:109ED000DBDBDBDBDBDBDBDBDBDBDBDBDBDBDBDBD2
:109EE000DBDBDBDBDBDBDBDBDBDBDBDBDBDBDBDBC2
:109EF000DBDBDBDBDBDBDBDBDBDBDBDBDBDBDBDBB2
:109F0000DBDBDBDBDBDBDBDBDBDBDBDBDBDBDBDBA1
:109F1000DBDBDBDBDBDBDBDBDBDBDBDBDBDBDBDB91
:109F2000DBDBDBDBDBDBDBDBDBDBDBDBDBDBDBDB81
:109F3000DBDBDBDBDBDBDBDBDBDBDBDBDBDBDBDB71
:109F4000DBDBDBDBDBDBDBDBE1F0F6FCFEFEFEFE7E
:109F5000FEFEFEFEFEFCF6F0E1DBDBDBDBDBDBDB4B
:109F6000DBDBDBDBDBDBDBDBDBDBDBDBDBDBDBDB41
:109F7000EAEAECECECECECECBBBAB9B9B9B9B9B9BA
:109F8000B9B9B9B9B9B9BFD0ECECECECECECECEC8C
:109F9000ECECECECECECECECECECECECECECECEC01
:109FA000ECECECECECECECECECECECECECECECECF1
:109FB000ECECECECECECECECECECECECECECECECE1
:109FC000ECECECECECECE7DFDBDBDBDBDBDBDBDB6B
:109FD000DBDBDBDBDBDBDBDBEAEAECECECECECEC4D
:109FE000ECECECECECECECECECECECECECECECECB1
:109FF000ECECECECECECECECECECECECECECECECA1
:10A00000ECECECECECECECECECECECECECECECEC90
:10A01000ECECECECECECE7DFDBDBDBDBDBDBDBDB1A
:10A02000DBDBDBDBDBDBDBDB9891898989898989F9
:10A030008989898989898F94DBDBDBDBDBDBDBDBEF
:10A04000020C0707070707070707070707070600A8
:10A05000DBDBDBDBDBDBDBDBBDA6A5A5A5A5A5A5E7
:10A06000A5A5A5A5A5A5A8C0DBDBDBDBDBDBDBDBD2
:10A07000DBDBDBDBDBDBDBDBDBDBDBDBDBDBDBDB30
:10A08000DBDBDBDBDBDBDBE5F3FBFEFEFCFEFEFE0E
:10A09000FEFEFEFEFEFEFEFBF3E5DBDBDBDBDBDBD9
:10A0A000DBDBDBDBDBDBDBDBDBDBDBDBDBDBDBDB00
:10A0B000E6E3E3E3E3E3E3E3C1BDBAB9B9B9B9B9B0
:10A0C000B9B9B9B9B9BFD1DDE3E3E3E3E3E3E3E36E
:10A0D000E3E3E3E3E3E3E3E3E3E3E3E3E3E3E3E350
:10A0E000E3E3E3E3E3E3E3E3E3E3E3E3E3E3E3E340
:10A0F000E3E3E3E3E3E3E3E3E3E3E3E3E3E3E3E330
:10A10000E3E3E3E3E3E3DED5DBDBDBDBDBDBDBDB72
:10A11000DBDBDBDBDBDBDBDBE6E3E3E3E3E3E3E34C
:10A12000E3E3E3E3E3E3E3E3E3E3E3E3E3E3E3E3FF
:10A13000E3E3E3E3E3E3E3E3E3E3E3E3E3E3E3E3EF
:10A14000E3E3E3E3E3E3E3E3E3E3E3E3E3E3E3E3DF
:10A15000E3E3E3E3E3E3DED5DBDBDBDBDBDBDBDB22
:10A16000DBDBDBDBDBDBDBDB9089898989898989C8
:10A17000898989898989898BDBDBDBDBDBDBDBDBBD
:10A180000B0707070707070707070707070707055D
:10A19000DBDBDBDBDBDBDBDBA7A5A5A5A5A5A5A5BD
:10A1A000A5A5A5A5A5A5A5AADBDBDBDBDBDBDBDBAA
:10A1B000DBDBDBDBDBDBDBDBDBDBDBDBDBDBDBDBEF
:10A1C000DBDBDBDBDBDBE6F4FEFEFCFEFEE488250E
:10A1D0005F5D4C80C9E4FEFEFEF4E6DBDBDBDBDB2F
:10A1E000DBDBDBDBDBDBDBDBDBDBDBDBDBDBDBDBBF
:10A1F000E5DFDBDBDBDBDBDBC7C1D2D2D2D2D2A532
:10A20000A5D2D2D2D2D2DDE9DBDBDBDBDBDBDBDBF1
:10A21000DBDBDBDBDBDBDBDBDBDBDBDBDBDBDBDB8E
:10A22000DBDBDBDBDBDBDBDBDBDBDBDBDBDBDBDB7E
:10A23000DBDBDBDBDBDBDBDBDBDBDBDBDBDBDBDB6E
:10A24000DBDBDBDBDBDBD4CFDBDBDBDBDBDBDBDB71
:10A25000DBDBDBDBDBDBDBDBE5DFDBDBDBDBDBDB40
:10A26000DBDBDBDBDBDBDBDBDBDBDBDBDBDBDBDB3E
:10A27000DBDBDBDBDBDBDBDBDBDBDBDBDBDBDBDB2E
:10A28000DBDBDBDBDBDBDBDBDBDBDBDBDBDBDBDB1E
:10A29000DBDBDBDBDBDBD4CFDBDBDBDBDBDBDBDB21
:10A2A000DBDBDBDBDBDBDBDB89898989898989898E
:10A2B0008989898989898989DBDBDBDBDBDBDBDB7E
:10A2C000070707070707070707070707070707071E
:10A2D000DBDBDBDBDBDBDBDBA5A5A5A5A5A5A5A57E
:10A2E000A5A5A5A5A5A5A5A5DBDBDBDBDBDBDBDB6E
:10A2F000DBDBDBDBDBDBDBDBDBDBDBDBDBDBDBDBAE
:10A30000DBDBDBDBDBE2F3FEFEFEFEEE452D3E3E5D
:10A310003E3E3E3E3E2E451CFEFEF3E2DBDBDBDB3B
:10A32000DBDBDBDBDBDBDBDBDBDBDBDBDBDBDBDB7D
:10A33000E5DFDBDBDBDBDBDBC7C7D2D2D2D2D2A5EA
:10A34000A5D2D2D2D2D2E9E9DBDBDBDBDBDBDBDBA4
:10A35000DBDBDBDBDBDBDBDBDBDBDBDBDBDBDBDB4D
:10A36000DBDBDBDBDBDBDBDBDBDBDBDBDBDBDBDB3D
:10A37000DBDBDBDBDBDBDBDBDBDBDBDBDBDBDBDB2D
:10A38000DBDBDBDBDBDBD4CFDBDBDBDBDBDBDBDB30
:10A39000DBDBDBDBDBDBDBDBE5DFDBDBDBDBDBDBFF
:10A3A000DBDBDBDBDBDBDBDBDBDBDBDBDBDBDBDBFD
:10A3B000DBDBDBDBDBDBDBDBDBDBDBDBDBDBDBDBED
:10A3C000DBDBDBDBDBDBDBDBDBDBDBDBDBDBDBDBDD
:10A3D000DBDBDBDBDBDBD4CFDBDBDBDBDBDBDBDBE0
:10A3E000DBDBDBDBDBDBDBDB89898989898989894D
:10A3F0008989898989898989DBDBDBDBDBDBDBDB3D
:10A4000007070707070707070707070707070707DC
:10A41000DBDBDBDBDBDBDBDBA5A5A5A5A5A5A5A53C
:10A42000A5A5A5A5A5A5A5A5DBDBDBDBDBDBDBDB2C
:10A43000DBDBDBDBDBDBDBDBDBDBDBDBDBDBDBDB6C
:10A44000DBDBDBDBDDF0FCFEFEFED8593E3E3E3EB4
:10A450003E3E3E3E3E3E2C347DFEFBF0DDDBDBDB54
:10A46000DBDBDBDBDBDBDBDBDBDBDBDBDBDBDBDB3C
:10A47000E5DFDBDBDBDBDBDBC7C7D2D2D2D2D2A5A9
:10A48000A5D2D2D2D2D2E9E9FEFEFEFEFEFEFEFE4B
:10A49000FEFEFEFEFEFEFEFEFEFEFEFEFEFEFEFEDC
:10A4A000FEFEFEFEFEFEFEFEFEFEFEFEFEFEFEFECC
:10A4B000FEFEFEFEFEFEFEFEFEFEFEFEFEFEFEFEBC
:10A4C000DBDBDBDBDBDBD4CFDBDBDBDBDBDBDBDBEF
:10A4D000DBDBDBDBDBDBDBDBE5DFDBDBDBDBDBDBBE
:10A4E000FEFEFEFEFEFEFEFEFEFEFEFEFEFEFEFE8C
:10A4F000FEFEFEFEFEFEFEFEFEFEFEFEFEFEFEFE7C
:10A50000FEFEFEFEFEFEFEFEFEFEFEFEFEFEFEFE6B
:10A51000DBDBDBDBDBDBD4CFDBDBDBDBDBDBDBDB9E
:10A52000DBDBDBDBDBDBDBDB89898989898989890B
:10A530008989898989898989DBDBDBDBDBDBDBDBFB
:10A54000070707070707070707070707070707079B
:10A55000DBDBDBDBDBDBDBDBA5A5A5A5A5A5A5A5FB
:10A56000A5A5A5A5A5A5A5A5DBDBDBDBDBDBDBDBEB
:10A57000DBDBDBDBDBDBDBDBDBDBDBDBDBDBDBDB2B
:10A58000DBDBDBDBE6F7FEFCFE86583E3E3E3E3E76
:10A590003E3E3E3E3E2C2C523677FEF7E6DBDBDBC2
:10A5A000DBDBDBDBDBDBDBDBDBDBDBDBDBDBDBDBFB
:10A5B000E5DFDBDBDBDBDBDBC7C7D2D2D2D2D2A568
:10A5C000A5D2D2D2D2D2E9E9FEFEFEFEFEFEFEFE0A
:10A5D000FEFEFEFEFEFEFEFEFEFEFEFEFEFEFEFE9B
:10A5E000FEFEFEFEFEFEFEFEFEFEFEFEFEFEFEFE8B
:10A5F000FEFEFEFEFEFEFEFEFEFEFEFEFEFEFEFE7B
:10A60000DBDBDBDBDBDBD4CFDBDBDBDBDBDBDBDBAD
:10A61000DBDBDBDBDBDBDBDBE5DFDBDBDBDBDBDB7C
:10A62000FEFEFEFEFEFEFEFEFEFEFEFEFEFEFEFE4A
:10A63000FEFEFEFEFEFEFEFEFEFEFEFEFEFEFEFE3A
:10A64000FEFEFEFEFEFEFEFEFEFEFEFEFEFEFEFE2A
:10A65000DBDBDBDBDBDBD4CFDBDBDBDBDBDBDBDB5D
:10A66000DBDBDBDBDBDBDBDB8989898989898989CA
:10A670008989898989898989DBDBDBDBDBDBDBDBBA
:10A68000070707070707070707070707070707075A
:10A69000DBDBDBDBDBDBDBDBA5A5A5A5A5A5A5A5BA
:10A6A000A5A5A5A5A5A5A5A5DBDBDBDBDBDBDBDBAA
:10A6B000DBDBDBDBDBDBDBDBDBDBDBDBDBDBDBDBEA
:10A6C000DBDBDBDBF1FDFEFEEC533E3E3E3E3E3E81
:10A6D0003E5252515757575751611EFCF1DBDBDB9D
:10A6E000DBDBDBDBDBDBDBDBDBDBDBDBDBDBDBDBBA
:10A6F000E5DFDBDBDBDBDBDBC7C7D2D2D2D2D2A527
:10A70000A5D2D2D2D2D2E9E9FEFEFEFEFEFEFEFEC8
:10A71000FEFEFEFEFEFEFEFEFEFEFEFEFEFEFEFE59
:10A72000FEFEFEFEFEFEFEFEFEFEFEFEFEFEFEFE49
:10A73000FEFEFEFEFEFEFEFEFEFEFEFEFEFEFEFE39
:10A74000DBDBDBDBDBDBD4CFDBDBDBDBDBDBDBDB6C
:10A75000DBDBDBDBDBDBDBDBE5DFDBDBDBDBDBDB3B
:10A76000FEFEFEFEFEFEFEFEFEFEFEFEFEFEFEFE09
:10A77000FEFEFEFEFEFEFEFEFEFEFEFEFEFEFEFEF9
:10A78000FEFEFEFEFEFEFEFEFEFEFEFEFEFEFEFEE9
:10A79000DBDBDBDBDBDBD4CFDBDBDBDBDBDBDBDB1C
:10A7A000DBDBDBDBDBDBDBDB898989898989898989
:10A7B0008989898989898989DBDBDBDBDBDBDBDB79
:10A7C0000707070707070707070707070707070719
:10A7D000DBDBDBDBDBDBDBDBA5A5A5A5A5A5A5A579
:10A7E000A5A5A5A5A5A5A5A5DBDBDBDBDBDBDBDB69
:10A7F000DBDBDBDBDBDBDBDBDBDBDBDBDBDBDBDBA9
:10A80000DBDBDBE2F5FEFCFE243E3E3E3E3E3E52FE
:10A810005057563F2E5555552E5647FEF5E2DBDB79
:10A82000DBDBDBDBDBDBDBDBDBDBDBDBDBDBDBDB78
:10A83000E5DFDBDBDBDBDBDBC7C7D2D2D2D2D2A5E5
:10A84000A5D2D2D2D2D2E9E9FEFEFEFEFEFEFEFE87
:10A85000FEFEFEFEFEFEFEFEFEFEFEFEFEFEFEFE18
:10A86000FEFEFEFEFEFEFEFEFEFEFEFEFEFEFEFE08
:10A87000FEFEFEFEFEFEFEFEFEFEFEFEFEFEFEFEF8
:10A88000DBDBDBDBDBDBD4CFDBDBDBDBDBDBDBDB2B
:10A89000DBDBDBDBDBDBDBDBE5DFDBDBDBDBDBDBFA
:10A8A000FEFEFEFEFEFEFEFEFEFEFEFEFEFEFEFEC8
:10A8B000FEFEFEFEFEFEFEFEFEFEFEFEFEFEFEFEB8
:10A8C000FEFEFEFEFEFEFEFEFEFEFEFEFEFEFEFEA8
:10A8D000DBDBDBDBDBDBD4CFDBDBDBDBDBDBDBDBDB
:10A8E000DBDBDBDBDBDBDBDB898989898989898948
:10A8F0008989898989898989DBDBDBDBDBDBDBDB38
:10A9000007070707070707070707070707070707D7
:10A91000DBDBDBDBDBDBDBDBA5A5A5A5A5A5A5A537
:10A92000A5A5A5A5A5A5A5A5DBDBDBDBDBDBDBDB27
:10A93000DBDBDBDBDBDBDBDBDBDBDBDBDBDBDBDB67
:10A94000DBDBDBE8F9FEFE7A3E3E3E3E3E3E525702
:10A950004F2E5C415B3030305B413170F8E8DBDB1F
:10A96000DBDBDBDBDBDBDBDBDBDBDBDBDBDBDBDB37
:10A97000E5DFDBDBDBDBDBDBC7C7D2D2D2D2D2A5A4
:10A98000A5D2D2D2D2D2E9E9DBDBDBDBDBDBDBDB5E
:10A99000DBDBDBDBDBDBDBDBDBDBDBDBDBDBDBDB07
:10A9A000DBDBDBDBDBDBDBDBDBDBDBDBDBDBDBDBF7
:10A9B000DBDBDBDBDBDBDBDBDBDBDBDBDBDBDBDBE7
:10A9C000DBDBDBDBDBDBD4CFDBDBDBDBDBDBDBDBEA
:10A9D000DBDBDBDBDBDBDBDBE5DFDBDBDBDBDBDBB9
:10A9E000DBDBDBDBDBDBDBDBDBDBDBDBDBDBDBDBB7
:10A9F000DBDBDBDBDBDBDBDBDBDBDBDBDBDBDBDBA7
:10AA0000DBDBDBDBDBDBDBDBDBDBDBDBDBDBDBDB96
:10AA1000DBDBDBDBDBDBD4CFDBDBDBDBDBDBDBDB99
:10AA2000DBDBDBDBDBDBDBDB898989898989898906
:10AA30008989898989898989DBDBDBDBDBDBDBDBF6
:10AA40000707070707070707070707070707070796
:10AA5000DBDBDBDBDBDBDBDBA5A5A5A5A5A5A5A5F6
:10AA6000A5A5A5A5A5A5A5A5DBDBDBDBDBDBDBDBE6
:10AA7000DBDBDBDBDBDBDBDBDBDBDBDBDBDBDBDB26
:10AA8000DBDBDBEDFDFEFE753E3E3E3E3E52572ECD
:10AA9000554130336532326565333072FDEDDBDBB5
:10AAA000DBDBDBDBDBDBDBDBDBDBDBDBDBDBDBDBF6
:10AAB000E5DFDBDBDBDBDBDBC7CED9E3E3E3E3E3D3
:10AAC000E3E3E3E3E3E4EBE9DBDBDBDBDBDBDBDB87
:10AAD000DBDBDBDBDBDBDBDBDBDBDBDBDBDBDBDBC6
:10AAE000DBDBDBDBDBDBDBDBDBDBDBDBDBDBDBDBB6
:10AAF000DBDBDBDBDBDBDBDBDBDBDBDBDBDBDBDBA6
:10AB0000DBDBDBDBDBDBD4CFDBDBDBDBDBDBDBDBA8
:10AB1000DBDBDBDBDBDBDBDBE5DFDBDBDBDBDBDB77
:10AB2000DBDBDBDBDBDBDBDBDBDBDBDBDBDBDBDB75
:10AB3000DBDBDBDBDBDBDBDBDBDBDBDBDBDBDBDB65
:10AB4000DBDBDBDBDBDBDBDBDBDBDBDBDBDBDBDB55
:10AB5000DBDBDBDBDBDBD4CFDBDBDBDBDBDBDBDB58
:10AB6000DBDBDBDBDBDBDBDB8989929D99899B9679
:10AB700089899B999D9D9D99DBDBDBDBDBDBDBDB47
:10AB800007120E07100E14141412070E14110707E3
:10AB9000DBDBDBDBDBDBDBDBA5A5A5AFB6AFA5A590
:10ABA000A5A5B6B6A5A5A5A5DBDBDBDBDBDBDBDB83
:10ABB000DBDBDBDBDBDBDBDBDBDBDBDBDBDBDBDBE5
:10ABC000DBDBDBF0FEFEFE263E3E3E3E52572E5CB9
:10ABD000303332606435353564603227FEF1DBDBBB
:10ABE000DBDBDBDBDBDBDBDBDBDBDBDBDBDBDBDBB5
:10ABF000E0D7CFCFCFCFCFCFCEDAEFF5F5F5F5F564
:10AC0000F5F5F5F5F5F4F0EBCFCFCFCFCFCFCFCF34
:10AC1000CFCFCFCFCFCFCFCFCFCFCFCFCFCFCFCF44
:10AC2000CFCFCFCFCFCFCFCFCFCFCFCFCFCFCFCF34
:10AC3000CFCFCFCFCFCFCFCFCFCFCFCFCFCFCFCF24
:10AC4000CFCFCFCFCFCFCDCBDBDBDBDBDBDBDBDBBA
:10AC5000DBDBDBDBDBDBDBDBE0D7CFCFCFCFCFCF8B
:10AC6000CFCFCFCFCFCFCFCFCFCFCFCFCFCFCFCFF4
:10AC7000CFCFCFCFCFCFCFCFCFCFCFCFCFCFCFCFE4
:10AC8000CFCFCFCFCFCFCFCFCFCFCFCFCFCFCFCFD4
:10AC9000CFCFCFCFCFCFCDCBDBDBDBDBDBDBDBDB6A
:10ACA000DBDBDBDBDBDBDBDB8999A4A2A5999E9CEC
:10ACB0008989A39BA3A1A19BDBDBDBDBDBDBDBDBEC
:10ACC000071816071410A51818150D1A181A1007CA
:10ACD000DBDBDBDBDBDBDBDBA5A5A5B6DABEA5A515
:10ACE000A5AEDADAA5A5A5A5DBDBDBDBDBDBDBDBF1
:10ACF000DBDBDBDBDBDBDBDBDBDBDBDBDBDBDBDBA4
:10AD0000DBDBDBF2FEFEFE2A3E3E3E2C572E5C30A5
:10AD10006579353A633838386323352FFEF2DBDB4B
:10AD2000DBDBDBDBDBDBDBDBDBDBDBDBDBDBDBDB73
:10AD3000D6CAC4C4C4C4C4C4DBEFF5F5F5F5F5F553
:10AD4000F5F5F5F5F5F5F4F3C4C4C4C4C4C4C4C43E
:10AD5000C4C4C4C4C4C4C4C4C4C4C4C4C4C4C4C4B3
:10AD6000C4C4C4C4C4C4C4C4C4C4C4C4C4C4C4C4A3
:10AD7000C4C4C4C4C4C4C4C4C4C4C4C4C4C4C4C493
:10AD8000C4C4C4C4C4C4C5C6DBDBDBDBDBDBDBDBC8
:10AD9000DBDBDBDBDBDBDBDBD6CAC4C4C4C4C4C4A3
:10ADA000C4C4C4C4C4C4C4C4C4C4C4C4C4C4C4C463
:10ADB000C4C4C4C4C4C4C4C4C4C4C4C4C4C4C4C453
:10ADC000C4C4C4C4C4C4C4C4C4C4C4C4C4C4C4C443
:10ADD000C4C4C4C4C4C4C5C6DBDBDBDBDBDBDBDB78
:10ADE000DBDBDBDBDBDBDBDB89A29D899CA19BA0C2
:10ADF0008996A3999D898989DBDBDBDBDBDBDBDBE8
:10AE000007181A071410A5070707131507131507C6
:10AE1000DBDBDBDBDBDBDBDBA5A5A5B6DADAA8A5B4
:10AE2000A5B8DADAA5A5A5A5DBDBDBDBDBDBDBDBA5
:10AE3000DBDBDBDBDBDBDBDBDBDBDBDBDBDBDBDB62
:10AE4000DBDBDBF1FEFEFE4E3E3E3E50565C3065E7
:10AE5000606C63676A3D3D3D6A676860FEF1DBDBFD
:10AE6000DBDBDBDBDBDBDBDBDBDBDBDBDBDBDBDB32
:10AE7000DBDBDBDBDBDBDBDBDBDBDBDBDBDBDBDB22
:10AE8000DBDBDBDBDBDBDBDBDBDBDBDBDBDBDBDB12
:10AE9000DBDBDBDBDBDBDBDBDBDBDBDBDBDBDBDB02
:10AEA000DBDBDBDBDBDBDBDBDBDBDBDBDBDBDBDBF2
:10AEB000DBDBDBDBDBDBDBDBDBDBDBDBDBDBDBDBE2
:10AEC000DBDBDBDBDBDBDBDBDBDBDBDBDBDBDBDBD2
:10AED000DBDBDBDBDBDBDBDBDBDBDBDBDBDBDBDBC2
:10AEE000DBDBDBDBDBDBDBDBDBDBDBDBDBDBDBDBB2
:10AEF000DBDBDBDBDBDBDBDBDBDBDBDBDBDBDBDBA2
:10AF0000DBDBDBDBDBDBDBDBDBDBDBDBDBDBDBDB91
:10AF1000DBDBDBDBDBDBDBDBDBDBDBDBDBDBDBDB81
:10AF2000DBDBDBDBDBDBDBDB89A5898989A596A3A2
:10AF3000899B9F999D898989DBDBDBDBDBDBDBDBA5
:10AF400007181A111410A50707071710070E100786
:10AF5000DBDBDBDBDBDBDBDBA5A5A5B6C8DAB3A57A
:10AF6000A5CCCCDAA5A5A5A5DBDBDBDBDBDBDBDB5E
:10AF7000DBDBDBDBDBDBDBDBDBDBDBDBDBDBDBDB21
:10AF8000DBDBDBEDFEFEFE543E3E2C572E5B3360DA
:10AF90006C386269663B6E3B66696228FEEDDBDBFE
:10AFA000DBDBDBDBDBDBDBDBDBDBDBDBDBDBDBDBF1
:10AFB000DBDBDBDBDBDBDBDBDBDBDBDBDBDBDBDBE1
:10AFC000DBDBDBDBDBDBDBDBDBDBDBDBDBDBDBDBD1
:10AFD000DBDBDBDBDBDBDBDBDBDBDBDBDBDBDBDBC1
:10AFE000DBDBDBDBDBDBDBDBDBDBDBDBDBDBDBDBB1
:10AFF000DBDBDBDBDBDBDBDBDBDBDBDBDBDBDBDBA1
:10B00000DBDBDBDBDBDBDBDBDBDBDBDBDBDBDBDB90
:10B01000DBDBDBDBDBDBDBDBDBDBDBDBDBDBDBDB80
:10B02000DBDBDBDBDBDBDBDBDBDBDBDBDBDBDBDB70
:10B03000DBDBDBDBDBDBDBDBDBDBDBDBDBDBDBDB60
:10B04000DBDBDBDBDBDBDBDBDBDBDBDBDBDBDBDB50
:10B05000DBDBDBDBDBDBDBDBDBDBDBDBDBDBDBDB40
:10B06000DBDBDBDBDBDBDBDB89A3898989A392A369
:10B07000969E9B99A3A1A189DBDBDBDBDBDBDBDB22
:10B08000071816171410A5181812180E0E100F070F
:10B09000DBDBDBDBDBDBDBDBA5A5A5B6C2BEBEA550
:10B0A000AEDAB8DAA5A5A5A5DBDBDBDBDBDBDBDB1A
:10B0B000DBDBDBDBDBDBDBDBDBDBDBDBDBDBDBDBE0
:10B0C000DBDBDBE8FAFEFE483E3E524F5C303235B9
:10B0D00063373C6E6D7B7B7B6D6E3C49FEE8DBDB52
:10B0E000DBDBDBDBDBDBDBDBDBDBDBDBDBDBDBDBB0
:10B0F000DBDBDBDBDBDBDBDBDBDBDBDBDBDBDBDBA0
:10B10000DBDBDBDBDBDBDBDBDBDBDBDBDBDBDBDB8F
:10B11000DBDBDBDBDBDBDBDBDBDBDBDBDBDBDBDB7F
:10B12000DBDBDBDBDBDBDBDBDBDBDBDBDBDBDBDB6F
:10B13000DBDBDBDBDBDBDBDBDBDBDBDBDBDBDBDB5F
:10B14000DBDBDBDBDBDBDBDBDBDBDBDBDBDBDBDB4F
:10B15000DBDBDBDBDBDBDBDBDBDBDBDBDBDBDBDB3F
:10B16000DBDBDBDBDBDBDBDBDBDBDBDBDBDBDBDB2F
:10B17000DBDBDBDBDBDBDBDBDBDBDBDBDBDBDBDB1F
:10B18000DBDBDBDBDBDBDBDBDBDBDBDBDBDBDBDB0F
:10B19000DBDBDBDBDBDBDBDBDBDBDBDBDBDBDBDBFF
:10B1A000DBDBDBDBDBDBDBDB89A3898989A2929F2D
:10B1B0009AA29699A19D9D89DBDBDBDBDBDBDBDBE8
:10B1C0000718111A1510A5141410180F14A5180734
:10B1D000DBDBDBDBDBDBDBDBA5A5A5B6C2B1DAA8FD
:10B1E000B8BCB6DAA5A5A5A5DBDBDBDBDBDBDBDBEF
:10B1F000DBDBDBDBDBDBDBDBDBDBDBDBDBDBDBDB9F
:10B20000DBDBDBE2F7FEFE753E3E51564133602349
:10B2100067696E6F7E8283827E6F6E2BF5E2DBDB69
:10B22000DBDBDBDBDBDBDBDBDBDBDBDBDBDBDBDB6E
:10B23000DBDBDBDBDBDBDBDBDBDBDBDBDBDBDBDB5E
:10B24000DBDBDBDBDBDBDBDBDBDBDBDBDBDBDBDB4E
:10B25000DBDBDBDBDBDBDBDBDBDBDBDBDBDBDBDB3E
:10B26000DBDBDBDBDBDBDBDBDBDBDBDBDBDBDBDB2E
:10B27000DBDBDBDBDBDBDBDBDBDBDBDBDBDBDBDB1E
:10B28000DBDBDBDBDBDBDBDBDBDBDBDBDBDBDBDB0E
:10B29000DBDBDBDBDBDBDBDBDBDBDBDBDBDBDBDBFE
:10B2A000DBDBDBDBDBDBDBDBDBDBDBDBDBDBDBDBEE
:10B2B000DBDBDBDBDBDBDBDBDBDBDBDBDBDBDBDBDE
:10B2C000DBDBDBDBDBDBDBDBDBDBDBDBDBDBDBDBCE
:10B2D000DBDBDBDBDBDBDBDBDBDBDBDBDBDBDBDBBE
:10B2E000DBDBDBDBDBDBDBDB89A4928989A5899BEC
:10B2F0009EA389999D898989DBDBDBDBDBDBDBDBDB
:10B30000071810161910A5070707161107101807B8
:10B31000DBDBDBDBDBDBDBDBA5A5A5B6C2A5D3B3C3
:10B32000D3B1B6DAA5A5A5A5DBDBDBDBDBDBDBDB9D
:10B33000DBDBDBDBDBDBDBDBDBDBDBDBDBDBDBDB5D
:10B34000DBDBDBDBF1FEFE743E3E572E5B656463A8
:10B350006A666D7E83848585837E6E1DF1DBDBDB13
:10B36000DBDBDBDBDBDBDBDBDBDBDBDBDBDBDBDB2D
:10B37000DBDBDBDBDBDBDBDBDBDBDBDBDBDBC2B25F
:10B38000B0BEDBDBDBDBDBC8BCDBDBDBDBDBD3C2A8
:10B39000D3DBDBDBDBDBBEB6BCDBDBDBDBDBDBDB66
:10B3A000C2D3DBDBDBC8C2C2C2C2DBDBDBDBDBBCA4
:10B3B000B7CCDBDBDBDBDBD3C2D3DBDBDBDBDBDB39
:10B3C000DBDBDBDBDBDBDBDBDBDBDBDBDBDBDBDBCD
:10B3D000DBDBDBDBDBDBDBDBDBDBDBDBDBDBDBDBBD
:10B3E000DBDBDBDBDBDBDBDBDBDBDBDBDBDBDBDBAD
:10B3F000DBDBDBDBDBDBDBDBDBDBDBDBDBDBDBDB9D
:10B40000DBDBDBDBDBDBDBDBDBDBDBDBDBDBDBDB8C
:10B41000DBDBDBDBDBDBDBDBDBDBDBDBDBDBDBDB7C
:10B42000DBDBDBDBDBDBDBDB899F9F929FA089968D
:10B43000A5A089999D898989DBDBDBDBDBDBDBDB95
:10B4400007181011A510A5070707121807131807EA
:10B45000DBDBDBDBDBDBDBDBA5A5A5B6C2A5BCD379
:10B46000D3A5B6DAA5A5A5A5DBDBDBDBDBDBDBDB68
:10B47000DBDBDBDBDBDBDBDBDBDBDBDBDBDBDBDB1C
:10B48000DBDBDBDBE6F7FEFE465257553032353864
:10B490003D3B7B8284878787848242FEE6DBDBDB61
:10B4A000DBDBDBDBDBDBDBDBDBDBDBDBDBDBDBDBEC
:10B4B000DBDBDBDBDBDBDBDBDBDBDBDBDBC8A5B050
:10B4C000AFA5C2DBDBDBD3AEAFDBDBDBDBB2A5A53D
:10B4D000A5B2DBDBDBB5A8B0A8AFDBDBDBDBDBB722
:10B4E000A5C2DBDBDBAFA5A5A5A5DBDBDBBEA8AF7B
:10B4F000AEA5CCDBDBDBB6A5A5A5B7DBDBDBDBDBF9
:10B50000DBDBDBDBDBDBDBDBDBDBDBDBDBDBDBDB8B
:10B51000DBDBDBDBDBDBDBDBDBDBDBDBDBDBDBDB7B
:10B52000DBDBDBC2A5B7DBDBDBA5C2DBDBDBDBDB2D
:10B53000DBB5AFAFAFAFAFDBB5BCDBDBDBDBDBDBA2
:10B54000DBDBDBB7A5A5A5AFDBDBDBBEA5DBDBDB90
:10B55000DBDBDBDBDBDBDBDBDBDBDBDBDBDBDBDB3B
:10B56000DBDBDBDBDBDBDBDB8996A4A5A59689894E
:10B57000A49C89999D898989DBDBDBDBDBDBDBDB59
:10B58000071810071910A5A5A5180719A5A51207D2
:10B59000DBDBDBDBDBDBDBDBA5A5A5B6C2A5B1DA3C
:10B5A000BCA5B6DAA5A5A5A5DBDBDBDBDBDBDBDB3E
:10B5B000DBDBDBDBDBDBDBDBDBDBDBDBDBDBDBDBDB
:10B5C000DBDBDBDBDDF0FBFE765A575530323567CF
:10B5D0003D6E7B838587B487856B1BF0DDDBDBDB12
:10B5E000DBDBDBDBDBDBDBDBDBDBDBDBDBDBDBDBAB
:10B5F000DBDBDBDBDBDBDBDBDBDBDBDBDBB0B2DBEF
:10B60000DBAFB2DBDBBEA8A5AFDBDBDBC8A5BCDBF9
:10B61000BCA5CCDBCCA5BCDBBCA5CCDBDBDBC8A8EC
:10B62000A5C2DBDBDBA8BCDBDBDBDBDBDBABB0DB66
:10B63000DBAEBCDBDBD3A5B7DBB6A8D3DBDBDBDB68
:10B64000DBDBDBDBDBDBDBDBDBDBDBDBDBDBDBDB4A
:10B65000DBDBDBDBDBDBDBDBDBDBDBDBDBDBDBDB3A
:10B66000DBDBDBC2A5A8CCDBDBA5C2DBDBDBDBDB0A
:10B67000DBAFAEC2C2C2C2DBAFB6DBDBDBDBDBDB28
:10B68000DBDBDBB5B0C2C2C8DBDBCCA8A5DBDBDB18
:10B69000DBDBDBDBDBDBDBDBDBDBDBDBDBDBDBDBFA
:10B6A000DBDBDBDBDBDBDBDB8989929B9289898956
:10B6B0009792899296898989DBDBDBDBDBDBDBDB3D
:10B6C000070F0D070F0D1010100F070D120F0707B2
:10B6D000DBDBDBDBDBDBDBDBA5A5A5AFB3A5A5B641
:10B6E000AEA5AFB6A5A5A5A5DBDBDBDBDBDBDBDB36
:10B6F000DBDBDBDBDBDBDBDBDBDBDBDBDBDBDBDB9A
:10B70000DBDBDBDBDBE2F3FEFE2140553065353869
:10B710003D3B7B82858787877F1FF3E2DBDBDBDBBB
:10B72000DBDBDBDBDBDBDBDBDBDBDBDBDBDBDBDB69
:10B73000DBDBDBDBDBDBDBDBDBDBDBDBDBA8B6DBB1
:10B74000DBB6AFDBDBB0B5B5AFDBDBDBC2B5DBDB7C
:10B75000CCA5B7DBDBDBDBD3B0A8DBDBDBDBAEB060
:10B76000A5C2DBDBCCA5BCB6CCDBDBDBDBA5BCB789
:10B77000BCD3DBDBDBC8A5BCDBBCA5CCDBDBDBDB0C
:10B78000DBDBDBDBDBDBDBDBDBDBDBDBDBDBDBDB09
:10B79000DBDBDBDBDBDBDBDBDBDBDBDBDBDBDBDBF9
:10B7A000DBDBDBC2A5ABAFDBDBA5C2DBDBDBDBDBE3
:10B7B000DBAFAFDBDBDBDBDBAFB6DBDBDBDBDBDB82
:10B7C000DBDBDBAFB5B7CCDBDBDBAFB5A5DBDBDBD6
:10B7D000DBDBDBDBDBDBDBDBDBDBDBDBDBDBDBDBB9
:10B7E000DBDBDBDBDBDBDBDB898989898989898939
:10B7F0008989898989898989DBDBDBDBDBDBDBDB29
:10B8000007070707070707070707070707070707C8
:10B81000DBDBDBDBDBDBDBDBA5A5A5A5A5A5A5A528
:10B82000A5A5A5A5A5A5A5A5DBDBDBDBDBDBDBDB18
:10B83000DBDBDBDBDBDBDBDBDBDBDBDBDBDBDBDB58
:10B84000DBDBDBDBDBDBE6F4FEFE225E5B656463F9
:10B850006A666D7E8384858178FEE6DBDBDBDBDB7D
:10B86000DBDBDBDBDBDBDBDBDBDBDBDBDBDBDBDB28
:10B87000DBDBDBDBDBDBDBDBDBDBDBDBDBA5BCDB6D
:10B88000DBB6ABDBDBDBDBB6AFDBDBDBDBDBDBDBAE
:10B89000B6A5C8DBDBDBC8A5A5B7DBDBDBB6A8D369
:10B8A000A5C2DBDBBEA5A8ABA5B5DBDBC2A5A8ABFB
:10B8B000A8A8CCDBDBDBB0A8AFA5B2DBDBDBDBDB36
:10B8C000DBDBDBDBDBDBDBDBDBDBDBDBDBDBDBDBC8
:10B8D000DBDBDBDBDBDBDBDBDBDBDBDBDBDBDBDBB8
:10B8E000DBDBDBC2A5C2A5B7DBA5C2DBDBDBDBDBB9
:10B8F000DBAFABB6B6B6C2DBAFB6DBDBDBDBDBDBCD
:10B90000DBDBDBA5A8AEA5B5DBB7ABD3A5DBDBDB0B
:10B91000DBDBDBDBDBDBDBDBDBDBDBDBDBDBDBDB77
:10B92000DBDBDBDBDBDBDBDB8989898989898989F7
:10B930008989898989898989DBDBDBDBDBDBDBDBE7
:10B940000707070707070707070707070707070787
:10B95000DBDBDBDBDBDBDBDBA5A5A5A5A5A5A5A5E7
:10B96000A5A5A5A5A5A5A5A5DBDBDBDBDBDBDBDBD7
:10B97000DBDBDBDBDBDBDBDBDBDBDBDBDBDBDBDB17
:10B98000DBDBDBDBDBDBDBE6F3FEFE764A33603A58
:10B9900067696E6F7E824471FEE6DBDBDBDBDBDB3F
:10B9A000DBDBDBDBDBDBDBDBDBDBDBDBDBDBDBDBE7
:10B9B000DBDBDBDBDBDBDBDBDBDBDBDBDBA5B6DB32
:10B9C000DBB6ABDBDBDBDBB6AFDBDBDBDBDBDBB593
:10B9D000A5B5DBDBDBDBD3C2B5A5BEDBC2A5C2DB15
:10B9E000A5C2DBDBC2B6D3DBB6A8D3DBC2A5B0DB16
:10B9F000D3A8B7DBDBCCAFA8AFA5AFD3DBDBDBDBFA
:10BA0000DBDBDBDBDBDBDBDBDBDBDBDBDBDBDBDB86
:10BA1000DBDBDBDBDBDBDBDBDBDBDBDBDBDBDBDB76
:10BA2000DBDBDBC2A5DBB5A8CCA5C2DBDBDBDBDB6C
:10BA3000DBAFA8AFAFAFBCDBAFB6DBDBDBDBDBDBA9
:10BA4000DBDBDBBCD3DBBCA8C8A5C2DBA5DBDBDB57
:10BA5000DBDBDBDBDBDBDBDBDBDBDBDBDBDBDBDB36
:10BA6000DBDBDBDBDBDBDBDB8989898989898989B6
:10BA70008989898989898989DBDBDBDBDBDBDBDBA6
:10BA80000707070707070707070707070707070746
:10BA9000DBDBDBDBDBDBDBDBA5A5A5A5A5A5A5A5A6
:10BAA000A5A5A5A5A5A5A5A5DBDBDBDBDBDBDBDB96
:10BAB000DBDBDBDBDBDBDBDBDBDBDBDBDBDBDBDBD6
:10BAC000DBDBDBDBDBDBDBDBE2F0F6FEFE7C434BD0
:10BAD0002962394D2073FEFEE2DBDBDBDBDBDBDBE7
:10BAE000DBDBDBDBDBDBDBDBDBDBDBDBDBDBDBDBA6
:10BAF000DBDBDBDBDBDBDBDBDBDBDBDBDBAEB6DBE8
:10BB0000DBB5AFDBDBDBDBB6AFDBDBDBDBDBB2A587
:10BB1000B5DBDBDBD3C2D3DBDBA8B6DBABABB6B6C6
:10BB2000A5B2C2DBDBCCDBDBC2A5C2DBD3A5BCDBB1
:10BB3000DBAFAFDBDBB7A5CCDBC8A5BCDBDBDBDB7E
:10BB4000DBDBDBDBDBDBDBDBDBDBDBDBDBDBDBDB45
:10BB5000DBDBDBDBDBDBDBDBDBDBDBDBDBDBDBDB35
:10BB6000DBDBDBC2A5DBD3ABAFA5C2DBDBDBDBDB27
:10BB7000DBAFAFDBDBDBDBDBAFB6DBDBDBDBDBDBBE
:10BB8000DBDBD3BCD3DBC2A5B5A5A5A5A5A5C2DBD0
:10BB9000DBDBDBDBDBDBDBDBDBDBDBDBDBDBDBDBF5
:10BBA000DBDBDBDBDBDBDBDB898989898989898975
:10BBB0008989898989898989DBDBDBDBDBDBDBDB65
:10BBC0000707070707070707070707070707070705
:10BBD000DBDBDBDBDBDBDBDBA5A5A5A5A5A5A5A565
:10BBE000A5A5A5A5A5A5A5A5DBDBDBDBDBDBDBDB55
:10BBF000DBDBDBDBDBDBDBDBDBDBDBDBDBDBDBDB95
:10BC0000DBDBDBDBDBDBDBDBDBDCE5F1FDFEFEFED8
:10BC1000FEFEFEFEFEFEE5DCDBDBDBDBDBDBDBDB97
:10BC2000DBDBDBDBDBDBDBDBDBDBDBDBDBDBDBDB64
:10BC3000DBDBDBDBDBDBDBDBDBDBDBDBDBB2ABC8C0
:10BC4000C2A8B6DBDBDBDBB6AFDBDBDBDBB2A5BC84
:10BC5000DBDBDBDBD3A5BCDBC2A5C2DBAFAFAFAFA9
:10BC6000A5AEBCDBB6A8D3DBB7A8DBDBDBABB0DBB8
:10BC7000D3A8B6DBDBB6A8DBDBDBA5B6DBDBDBDB27
:10BC8000DBDBDBDBDBDBDBDBDBDBDBDBDBDBDBDB04
:10BC9000DBDBDBDBDBDBDBDBDBDBDBDBDBDBDBDBF4
:10BCA000DBDBDBC2A5DBDBC2A5A5C2DBDBDBDBDBD1
:10BCB000DBAFAFDBDBDBDBDBAFB6DBDBDBDBDBDB7D
:10BCC000DBDBD3A8B6D3B0AEDBDBDBDBA5DBDBDBBA
:10BCD000DBDBDBDBDBDBDBDBDBDBDBDBDBDBDBDBB4
:10BCE000DBDBDBDBDBDBDBDB898989898989898934
:10BCF0008989898989898989DBDBDBDBDBDBDBDB24
:10BD000007070707070707070707070707070707C3
:10BD1000DBDBDBDBDBDBDBDBA5A5A5A5A5A5A5A523
:10BD2000A5A5A5A5A5A5A5A5DBDBDBDBDBDBDBDB13
:10BD3000DBDBDBDBDBDBDBDBDBDBDBDBDBDBDBDB53
:10BD4000DBDBDBDBDBDBDBDBDBDBDBDBE2E8EDF107
:10BD5000F2F1EDE8E2DBDBDBDBDBDBDBDBDBDBDBE0
:10BD6000DBDBDBDBDBDBDBDBDBDBDBDBDBDBDBDB23
:10BD7000DBDBDBDBDBDBDBDBDBDBDBDBDBD3B2A57A
:10BD8000A5AFDBDBDBDBDBB6AFDBDBDBBEA5B2C24B
:10BD9000C2C2CCDBDBB5A5AEA5AFDBDBDBDBDBDB1F
:10BDA000A5C2DBDBD3A8ABB2A5B6DBDBDBC2ABAB9A
:10BDB000A8AED3DBDBCCA5B7CCB5A5CCDBDBDBDB1E
:10BDC000DBDBDBDBDBDBDBDBDBDBDBDBDBDBDBDBC3
:10BDD000DBDBDBDBDBDBDBDBDBDBDBDBDBDBDBDBB3
:10BDE000DBDBDBC2A5DBDBDBB5A5C2DBDBDBDBDB67
:10BDF000DBAFAFDBDBDBDBDBAFA5A5A5A5AFDBDB1B
:10BE0000DBDBDBBCABA5B0C8DBDBDBDBA5DBDBDB7B
:10BE1000DBDBDBDBDBDBDBDBDBDBDBDBDBDBDBDB72
:10BE2000DBDBDBDBDBDBDBDB8989898989898989F2
:10BE30008989898989898989DBDBDBDBDBDBDBDBE2
:10BE40000707070707070707070707070707070782
:10BE5000DBDBDBDBDBDBDBDBA5A5A5A5A5A5A5A5E2
:10BE6000A5A5A5A5A5A5A5A5DBDBDBDBDBDBDBDBD2
:10BE7000DBDBDBDBDBDBDBDBDBDBDBDBDBDBDBDB12
:10BE8000DBDBDBDBDBDBDBDBDBDBDBDBDBDBDBDB02
:10BE9000DBDBDBDBDBDBDBDBDBDBDBDBDBDBDBDBF2
:10BEA000DBDBDBDBDBDBDBDBDBDBDBDBDBDBDBDBE2
:10BEB000DBDBDBDBDBDBDBDBDBDBDBDBDBDBDBCCE1
:10BEC000CCDBDBDBDBDBDBC2BCDBDBDBAFA5A5A5D7
:10BED000A5A5B6DBDBDBCCBCCCDBDBDBDBDBDBDB80
:10BEE000A5C2DBDBDBD3BCB6CCDBDBDBDBDBDBBE69
:10BEF000BED3DBDBDBDBB7ABA5ABBCDBDBDBDBDB90
:10BF0000DBDBDBDBDBDBDBDBDBDBDBDBDBDBDBDB81
:10BF1000DBDBDBDBDBDBDBDBDBDBDBDBDBDBDBDB71
:10BF2000DBDBDBDBDBDBDBDBDBDBDBDBDBDBDBDB61
:10BF3000DBC8C8DBDBDBDBDBC8C2C2C2C2C8DBDB01
:10BF4000DBDBDBDBDBD3DBDBDBDBDBDBDBDBDBDB49
:10BF5000DBDBDBDBDBDBDBDBDBDBDBDBDBDBDBDB31
:10BF6000DBDBDBDBDBDBDBDB8989898989898989B1
:10BF70008989898989898989DBDBDBDBDBDBDBDBA1
:10BF80000707070707070707070707070707070741
:10BF9000DBDBDBDBDBDBDBDBA5A5A5A5A5A5A5A5A1
:10BFA000A5A5A5A5A5A5A5A5DBDBDBDBDBDBDBDB91
:10BFB000DBDBDBDBDBDBDBDBDBDBDBDBDBDBDBDBD1
:10BFC000DBDBDBDBDBDBDBDBDBDBDBDBDBDBDBDBC1
:10BFD000DBDBDBDBDBDBDBDBDBDBDBDBDBDBDBDBB1
:10BFE000DBDBDBDBDBDBDBDBDBDBDBDBDBDBDBDBA1
:10BFF000DBDBDBDBDBDBDBDBDBDBDBDBDBDBDBDB91
:10C00000DBDBDBDBDBDBDBDBDBDBDBDBDBDBDBDB80
:10C01000DBDBDBDBDBDBDBDBDBDBDBDBDBDBDBDB70
:10C02000DBDBDBDBDBDBDBDBDBDBDBDBDBDBDBDB60
:10C03000DBDBDBDBDBDBDBDBCCDBDBDBDBDBDBDB5F
:10C04000DBDBDBDBDBDBDBDBDBDBDBDBDBDBDBDB40
:10C05000DBDBDBDBDBDBDBDBDBDBDBDBDBDBDBDB30
:10C06000DBDBDBDBDBDBDBDBDBDBDBDBDBDBDBDB20
:10C07000DBDBDBDBDBDBDBDBDBDBDBDBDBDBDBDB10
:10C08000DBDBDBDBDBDBDBDBDBDBDBDBDBDBDBDB00
:10C09000DBDBDBDBDBDBDBDBDBDBDBDBDBDBDBDBF0
:10C0A000DBDBDBDBDBDBDBDB8A898989898989896F
:10C0B000898989898989898DDBDBDBDBDBDBDBDB5C
:10C0C0000407070707070707070707070707070901
:10C0D000DBDBDBDBDBDBDBDBA9A5A5A5A5A5A5A55C
:10C0E000A5A5A5A5A5A5A5ACDBDBDBDBDBDBDBDB49
:10C0F000DBDBDBDBDBDBDBDBDBDBDBDBDBDBDBDB90
:10C10000DBDBDBDBDBDBDBDBDBDBDBDBDBDBDBDB7F
:10C11000DBDBDBDBDBDBDBDBDBDBDBDBDBDBDBDB6F
:10C12000DBDBDBDBDBDBDBDBDBDBDBDBDBDBDBDB5F
:10C13000DBDBDBDBDBDBDBDBDBDBDBDBDBDBDBDB4F
:10C14000DBDBDBDBDBDBDBDBDBDBDBDBDBDBDBDB3F
:10C15000DBDBDBDBDBDBDBDBDBDBDBDBDBDBDBDB2F
:10C16000DBDBDBDBDBDBDBDBDBDBDBDBDBDBDBDB1F
:10C17000DBDBDBDBDBDBDBDBDBDBDBDBDBDBDBDB0F
:10C18000DBDBDBDBDBDBDBDBDBDBDBDBDBDBDBDBFF
:10C19000DBDBDBDBDBDBDBDBDBDBDBDBDBDBDBDBEF
:10C1A000DBDBDBDBDBDBDBDBDBDBDBDBDBDBDBDBDF
:10C1B000DBDBDBDBDBDBDBDBDBDBDBDBDBDBDBDBCF
:10C1C000DBDBDBDBDBDBDBDBDBDBDBDBDBDBDBDBBF
:10C1D000DBDBDBDBDBDBDBDBDBDBDBDBDBDBDBDBAF
:10C1E000DBDBDBDBDBDBDBDB938C89898989898922
:10C1F0008989898989898E95DBDBDBDBDBDBDBDB0E
:10C2000001080707070707070707070707070A03C4
:10C21000DBDBDBDBDBDBDBDBC3ABA5A5A5A5A5A5FA
:10C22000A5A5A5A5A5A5ADC8DBDBDBDBDBDBDBDBE3
:10C23000DBDBDBDBDBDBDBDBDBDBDBDBDBDBDBDB4E
:10C24000DBDBDBDBDBDBDBDBDBDBDBDBDBDBDBDB3E
:10C25000DBDBDBDBDBDBDBDBDBDBDBDBDBDBDBDB2E
:10C26000DBDBDBDBDBDBDBDBDBDBDBDBDBDBDBDB1E
:10C27000DBDBDBDBDBDBDBDBDBDBDBDBDBDBDBDB0E
:10C28000DBDBDBDBDBDBDBDBDBDBDBDBDBDBDBDBFE
:10C29000DBDBDBDBDBDBDBDBDBDBDBDBDBDBDBDBEE
:10C2A000DBDBDBDBDBDBDBDBDBDBDBDBDBDBDBDBDE
:10C2B000DBDBDBDBDBDBDBDBDBDBDBDBDBDBDBDBCE
:10C2C000DBDBDBDBDBDBDBDBDBDBDBDBDBDBDBDBBE
:10C2D000DBDBDBDBDBDBDBDBDBDBDBDBDBDBDBDBAE
:10C2E000DBDBDBDBDBDBDBDBDBDBDBDBDBDBDBDB9E
:10C2F000DBDBDBDBDBDBDBDBDBDBDBDBDBDBDBDB8E
:10C30000DBDBDBDBDBDBDBDBDBDBDBDBDBDBDBDB7D
:10C31000DBDBDBDBDBDBDBDBDBDBDBDBDBDBDBDB6D
:10C32000DBDBDBDBDBDBDBDBDBDBDBDBDBDBDBDB5D
:10C33000DBDBDBDBDBDBDBDBDBDBDBDBDBDBDBDB4D
:10C34000DBDBDBDBDBDBDBDBDBDBDBDBDBDBDBDB3D
:10C35000DBDBDBDBDBDBDBDBDBDBDBDBDBDBDBDB2D
:10C36000DBDBDBDBDBDBDBDBDBDBDBDBDBDBDBDB1D
:10C37000DBDBDBDBDBDBDBDBDBDBDBDBDBDBDBDB0D
:10C38000DBDBDBDBDBDBDBDBDBDBDBDBDBDBDBDBFD
:10C39000DBDBDBDBDBDBDBDBDBDBDBDBDBDBDBDBED
:10C3A000DBDBDBDBDBDBDBDBDBDBDBDBDBDBDBDBDD
:10C3B000DBDBDBDBDBDBDBDBDBDBDBDBDBDBDBDBCD
:10C3C000DBDBDBDBDBDBDBDBDBDBDBDBDBDBDBDBBD
:10C3D000DBDBDBDBDBDBDBDBDBDBDBDBDBDBDBDBAD
:10C3E000DBDBDBDBDBDBDBDBDBDBDBDBDBDBDBDB9D
:10C3F000DBDBDBDBDBDBDBDBDBDBDBDBDBDBDBDB8D
:10C40000DBDBDBDBDBDBDBDBDBDBDBDBDBDBDBDB7C
:10C41000DBDBDBDBDBDBDBDBDBDBDBDBDBDBDBDB6C
:10C42000DBDBDBDBDBDBDBDBDBDBDBDBDBDBDBDB5C
:10C43000DBDBDBDBDBDBDBDBDBDBDBDBDBDBDBDB4C
:10C44000DBDBDBDBDBDBDBDBDBDBDBDBDBDBDBDB3C
:10C45000DBDBDBDBDBDBDBDBDBDBDBDBDBDBDBDB2C
:10C46000DBDBDBDBDBDBDBDBDBDBDBDBDBDBDBDB1C
:10C47000DBDBDBDBDBDBDBDBDBDBDBDBDBDBDBDB0C
:10C48000DBDBDBDBDBDBDBDBDBDBDBDBDBDBDBDBFC
:10C49000DBDBDBDBDBDBDBDBDBDBDBDBDBDBDBDBEC
:10C4A000DBDBDBDBDBDBDBDBDBDBDBDBDBDBDBDBDC
:10C4B000DBDBDBDBDBDBDBDBDBDBDBDBDBDBDBDBCC
:10C4C000FEFEFEFEFEFEFEFEFEFEFEFEFEFEFEFE8C
:10C4D000FEFEFEFEFEFEFEFEFEFEFEFEFEFEFEFE7C
:10C4E000FEFEFEFEFEFEFEFEFEFEFEFEFEFEFEFE6C
:10C4F000FEFEFEFEFEFEFEFEFEFEFEFEFEFEFEFE5C
:10C50000FEFEFEFEFEFEFEFEFEFEFEFEFEFEFEFE4B
:10C51000FEFEFEFEFEFEFEFEFEFEFEFEFEFEFEFE3B
:10C52000FEFEFEFEFEFEFEFEFEFEFEFEFEFEFEFE2B
:10C53000FEFEFEFEFEFEFEFEFEFEFEFEFEFEFEFE1B
:10C54000FEFEFEFEFEFEFEFEFEFEFEFEFEFEFEFE0B
:10C55000FEFEFEFEFEFEFEFEFEFEFEFEFEFEFEFEFB
:10C56000FEFEFEFEFEFEFEFEFEFEFEFEFEFEFEFEEB
:10C57000FEFEFEFEFEFEFEFEFEFEFEFEFEFEFEFEDB
:10C58000FEFEFEFEFEFEFEFEFEFEFEFEFEFEFEFECB
:10C59000FEFEFEFEFEFEFEFEFEFEFEFEFEFEFEFEBB
:10C5A000FEFEFEFEFEFEFEFEFEFEFEFEFEFEFEFEAB
:10C5B000FEFEFEFEFEFEFEFEFEFEFEFEFEFEFEFE9B
:10C5C000FEFEFEFEFEFEFEFEFEFEFEFEFEFEFEFE8B
:10C5D000FEFEFEFEFEFEFEFEFEFEFEFEFEFEFEFE7B
:10C5E000FEFEFEFEFEFEFEFEFEFEFEFEFEFEFEFE6B
:10C5F000FEFEFEFEFEFEFEFEFEFEFEFEFEFEFEFE5B
:10C60000DBDBDBDBDBDBDBDBDBDBDBDBDBDBDBDB7A
:10C61000DBDBDBDBDBDBDBDBDBDBDBDBDBDBDBDB6A
:10C62000DBDBDBDBDBDBDBDBDBDBDBDBDBDBDBDB5A
:10C63000DBDBDBDBDBDBDBDBDBDBDBDBDBDBDBDB4A
:10C64000DBDBDBDBDBDBDBDBDBDBDBDBDBDBDBDB3A
:10C65000DBDBDBDBDBDBDBDBDBDBDBDBDBDBDBDB2A
:10C66000DBDBDBDBDBDBDBDBDBDBDBDBDBDBDBDB1A
:10C67000DBDBDBDBDBDBDBDBDBDBDBDBDBDBDBDB0A
:10C68000DBDBDBDBDBDBDBDBDBDBDBDBDBDBDBDBFA
:10C69000DBDBDBDBDBDBDBDBDBDBDBDBDBDBDBDBEA
:10C6A000DBDBDBDBDBDBDBDBDBDBDBDBDBDBDBDBDA
:10C6B000DBDBDBDBDBDBDBDBDBDBDBDBDBDBDBDBCA
:10C6C000DBDBDBDBDBDBDBDBDBDBDBDBDBDBDBDBBA
:10C6D000DBDBDBDBDBDBDBDBDBDBDBDBDBDBDBDBAA
:10C6E000DBDBDBDBDBDBDBDBDBDBDBDBDBDBDBDB9A
:10C6F000DBDBDBDBDBDBDBDBDBDBDBDBDBDBDBDB8A
:10C70000DBDBDBDBDBDBDBDBDBDBDBDBDBDBDBDB79
:10C71000DBDBDBDBDBDBDBDBDBDBDBDBDBDBDBDB69
:10C72000DBDBDBDBDBDBDBDBDBDBDBDBDBDBDBDB59
:10C73000DBDBDBDBDBDBDBDBDBDBDBDBDBDBDBDB49
:10C74000DBDBDBDBDBDBDBDBDBDBDBDBDBDBDBDB39
:10C75000DBDBDBDBDBDBDBDBDBDBDBDBDBDBDBDB29
:10C76000DBDBDBDBDBDBDBDBDBDBDBDBDBDBDBDB19
:10C77000DBDBDBDBDBDBDBDBDBDBDBDBDBDBDBDB09
:10C78000DBDBDBDBDBDBDBDBDBDBDBDBDBDBDBDBF9
:10C79000DBDBDBDBDBDBDBDBDBDBDBDBDBDBDBDBE9
:10C7A000DBDBDBDBDBDBDBDBDBDBDBDBDBDBDBDBD9
:10C7B000DBDBDBDBDBDBDBDBDBDBDBDBDBDBDBDBC9
:10C7C000DBDBDBDBDBDBDBDBDBDBDBDBDBDBDBDBB9
:10C7D000DBDBDBDBDBDBDBDBDBDBDBDBDBDBDBDBA9
:10C7E000DBDBDBDBDBDBDBDBDBDBDBDBDBDBDBDB99
:10C7F000DBDBDBDBDBDBDBDBDBDBDBDBDBDBDBDB89
:10C80000DBDBDBDBDBDBDBDBDBDBDBDBDBDBDBDB78
:10C81000DBDBDBDBDBDBDBDBDBDBDBDBDBDBDBDB68
:10C82000DBDBDBDBDBDBDBDBDBDBDBDBDBDBDBDB58
:10C83000DBDBDBDBDBDBDBDBDBDBDBDBDBDBDBDB48
:10C84000DBDBDBDBDBDBDBDBDBDBDBDBDBDBDBDB38
:10C85000DBDBDBDBDBDBDBDBDBDBDBDBDBDBDBDB28
:10C86000DBDBDBDBDBDBDBDBDBDBDBDBDBDBDBDB18
:10C87000DBDBDBDBDBDBDBDBDBDBDBDBDBDBDBDB08
:10C88000DBDBDBDBDBDBDBDBDBDBDBDBDBDBDBDBF8
:10C89000DBDBDBDBDBDBDBDBDBDBDBDBDBDBDBDBE8
:10C8A000DBDBDBDBDBDBDBDBDBDBDBDBDBDBDBDBD8
:10C8B000DBDBDBDBDBDBDBDBDBDBDBDBDBDBDBDBC8
:10C8C000DBDBDBDBDBDBDBDBDBDBDBDBDBDBDBDBB8
:10C8D000DBDBDBDBDBDBDBDBDBDBDBDBDBDBDBDBA8
:10C8E000DBDBDBDBDBDBDBDBDBDBDBDBDBDBDBDB98
:10C8F000DBDBDBDBDBDBDBDBDBDBDBDBDBDBDBDB88
:10C90000DBDBDBDBDBDBDBDBDBDBDBDBDBDBDBDB77
:10C91000DBDBDBDBDBDBDBDBDBDBDBDBDBDBDBDB67
:10C92000DBDBDBDBDBDBDBDBDBDBDBDBDBDBDBDB57
:10C93000DBDBDBDBDBDBDBDBDBDBDBDBDBDBDBDB47
:10C94000DBDBDBDBDBDBDBDBDBDBDBDBDBDBDBDB37
:10C95000DBDBDBDBDBDBDBDBDBDBDBDBDBDBDBDB27
:10C96000DBDBDBDBDBDBDBDBDBDBDBDBDBDBDBDB17
:10C97000DBDBDBDBDBDBDBDBDBDBDBDBDBDBDBDB07
:10C98000DBDBDBDBDBDBDBDBDBDBDBDBDBDBDBDBF7
:10C99000DBDBDBDBDBDBDBDBDBDBDBDBDBDBDBDBE7
:10C9A000DBDBDBDBDBDBDBDBDBDBDBDBDBDBDBDBD7
:10C9B000DBDBDBDBDBDBDBDBDBDBDBDBDBDBDBDBC7
:10C9C000DBDBDBDBDBDBDBDBDBDBDBDBDBDBDBDBB7
:10C9D000DBDBDBDBDBDBDBDBDBDBDBDBDBDBDBDBA7
:10C9E000DBDBDBDBDBDBDBDBDBDBDBDBDBDBDBDB97
:10C9F000DBDBDBDBDBDBDBDBDBDBDBDBDBDBDBDB87
:10CA0000DBDBDBDBDBDBDBDBDBDBDBDBDBDBDBDB76
:10CA1000DBDBDBDBDBDBDBDBDBDBDBDBDBDBDBDB66
:10CA2000DBDBDBDBDBDBDBDBDBDBDBDBDBDBDBDB56
:10CA3000DBDBDBDBDBDBDBDBDBDBDBDBDBDBDBDB46
:10CA4000DBDBDBDBDBDBDBDBDBDBDBDBDBDBDBDB36
:10CA5000DBDBDBDBDBDBDBDBDBDBDBDBDBDBDBDB26
:10CA6000DBDBDBDBDBDBDBDBDBDBDBDBDBDBDBDB16
:10CA7000DBDBDBDBDBDBDBDBDBDBDBDBDBDBDBDB06
:10CA8000DBDBDBDBDBDBDBDBDBDBDBDBDBDBDBDBF6
:10CA9000DBDBDBDBDBDBDBDBDBDBDBDBDBDBDBDBE6
:10CAA000DBDBDBDBDBDBDBDBDBDBDBDBDBDBDBDBD6
:10CAB000DBDBDBDBDBDBDBDBDBDBDBDBDBDBDBDBC6
:10CAC000DBDBDBDBDBDBDBDBDBDBDBDBDBDBDBDBB6
:10CAD000DBDBDBDBDBDBDBDBDBDBDBDBDBDBDBDBA6
:10CAE000DBDBDBDBDBDBDBDBDBDBDBDBDBDBDBDB96
:10CAF000DBDBDBDBDBDBDBDBDBDBDBDBDBDBDBDB86
:10CB0000DBDBDBDBDBDBDBDBDBDBDBDBDBDBDBDB75
:10CB1000DBDBDBDBDBDBDBDBDBDBDBDBDBDBDBDB65
:10CB2000DBDBDBDBDBDBDBDBDBDBDBDBDBDBDBDB55
:10CB3000DBDBDBDBDBDBDBDBDBDBDBDBDBDBDBDB45
:10CB4000DBDBDBDBDBDBDBDBDBDBDBDBDBDBDBDB35
:10CB5000DBDBDBDBDBDBDBDBDBDBDBDBDBDBDBDB25
:10CB6000DBDBDBDBDBDBDBDBDBDBDBDBDBDBDBDB15
:10CB7000DBDBDBDBDBDBDBDBDBDBDBDBDBDBDBDB05
:10CB8000DBDBDBDBDBDBDBDBDBDBDBDBDBDBDBDBF5
:10CB9000DBDBDBDBDBDBDBDBDBDBDBDBDBDBDBDBE5
:10CBA000DBDBDBDBDBDBDBDBDBDBDBDBDBDBDBDBD5
:10CBB000DBDBDBDBDBDBDBDBDBDBDBDBDBDBDBDBC5
:10CBC000DBDBDBDBDBDBDBDBDBDBDBDBDBDBDBDBB5
:10CBD000DBDBDBDBDBDBDBDBDBDBDBDBDBDBDBDBA5
:10CBE000DBDBDBDBDBDBDBDBDBDBDBDBDBDBDBDB95
:10CBF000DBDBDBDBDBDBDBDBDBDBDBDBDBDBDBDB85
:10CC0000DBDBDBDBDBDBDBDBDBDBDBDBDBDBDBDB74
:10CC1000DBDBDBDBDBDBDBDBDBDBDBDBDBDBDBDB64
:10CC2000DBDBDBDBDBDBDBDBDBDBDBDBDBDBDBDB54
:10CC3000DBDBDBDBDBDBDBDBDBDBDBDBDBDBDBDB44
:10CC4000DBDBDBDBDBDBDBDBDBDBDBDBDBDBDBDB34
:10CC5000DBDBDBDBDBDBDBDBDBDBDBDBDBDBDBDB24
:10CC6000DBDBDBDBDBDBDBDBDBDBDBDBDBDBDBDB14
:10CC7000DBDBDBDBDBDBDBDBDBDBDBDBDBDBDBDB04
:10CC8000DBDBDBDBDBDBDBDBDBDBDBDBDBDBDBDBF4
:10CC9000DBDBDBDBDBDBDBDBDBDBDBDBDBDBDBDBE4
:10CCA000DBDBDBDBDBDBDBDBDBDBDBDBDBDBDBDBD4
:10CCB000DBDBDBDBDBDBDBDBDBDBDBDBDBDBDBDBC4
:10CCC000DBDBDBDBDBDBDBDBDBDBDBDBDBDBDBDBB4
:10CCD000DBDBDBDBDBDBDBDBDBDBDBDBDBDBDBDBA4
:10CCE000DBDBDBDBDBDBDBDBDBDBDBDBDBDBDBDB94
:10CCF000DBDBDBDBDBDBDBDBDBDBDBDBDBDBDBDB84
:10CD0000DBDBDBDBDBDBDBDBDBDBDBDBDBDBDBDB73
:10CD1000DBDBDBDBDBDBDBDBDBDBDBDBDBDBDBDB63
:10CD2000DBDBDBDBDBDBDBDBDBDBDBDBDBDBDBDB53
:10CD3000DBDBDBDBDBDBDBDBDBDBDBDBDBDBDBDB43
:10CD4000DBDBDBDBDBDBDBDBDBDBDBDBDBDBDBDB33
:10CD5000DBDBDBDBDBDBDBDBDBDBDBDBDBDBDBDB23
:10CD6000DBDBDBDBDBDBDBDBDBDBDBDBDBDBDBDB13
:10CD7000DBDBDBDBDBDBDBDBDBDBDBDBDBDBDBDB03
:10CD8000DBDBDBDBDBDBDBDBDBDBDBDBDBDBDBDBF3
:10CD9000DBDBDBDBDBDBDBDBDBDBDBDBDBDBDBDBE3
:10CDA000DBDBDBDBDBDBDBDBDBDBDBDBDBDBDBDBD3
:10CDB000DBDBDBDBDBDBDBDBDBDBDBDBDBDBDBDBC3
:10CDC000DBDBDBDBDBDBDBDBDBDBDBDBDBDBDBDBB3
:10CDD000DBDBDBDBDBDBDBDBDBDBDBDBDBDBDBDBA3
:10CDE000DBDBDBDBDBDBDBDBDBDBDBDBDBDBDBDB93
:10CDF000DBDBDBDBDBDBDBDBDBDBDBDBDBDBDBDB83
:10CE0000DBDBDBDBDBDBDBDBDBDBDBDBDBDBDBDB72
:10CE1000DBDBDBDBDBDBDBDBDBDBDBDBDBDBDBDB62
:10CE2000DBDBDBDBDBDBDBDBDBDBDBDBDBDBDBDB52
:10CE3000DBDBDBDBDBDBDBDBDBDBDBDBDBDBDBDB42
:10CE4000DBDBDBDBDBDBDBDBDBDBDBDBDBDBDBDB32
:10CE5000DBDBDBDBDBDBDBDBDBDBDBDBDBDBDBDB22
:10CE6000DBDBDBDBDBDBDBDBDBDBDBDBDBDBDBDB12
:10CE7000DBDBDBDBDBDBDBDBDBDBDBDBDBDBDBDB02
:10CE8000DBDBDBDBDBDBDBDBDBDBDBDBDBDBDBDBF2
:10CE9000DBDBDBDBDBDBDBDBDBDBDBDBDBDBDBDBE2
:10CEA000DBDBDBDBDBDBDBDBDBDBDBDBDBDBDBDBD2
:10CEB000DBDBDBDBDBDBDBDBDBDBDBDBDBDBDBDBC2
:10CEC000DBDBDBDBDBDBDBDBDBDBDBDBDBDBDBDBB2
:10CED000DBDBDBDBDBDBDBDBDBDBDBDBDBDBDBDBA2
:10CEE000DBDBDBDBDBDBDBDBDBDBDBDBDBDBDBDB92
:10CEF000DBDBDBDBDBDBDBDBDBDBDBDBDBDBDBDB82
:10CF0000DBDBDBDBDBDBDBDBDBDBDBDBDBDBDBDB71
:10CF1000DBDBDBDBDBDBDBDBDBDBDBDBDBDBDBDB61
:10CF2000DBDBDBDBDBDBDBDBDBDBDBDBDBDBDBDB51
:10CF3000DBDBDBDBDBDBDBDBDBDBDBDBDBDBDBDB41
:10CF4000DBDBDBDBDBDBDBDBDBDBDBDBDBDBDBDB31
:10CF5000DBDBDBDBDBDBDBDBDBDBDBDBDBDBDBDB21
:10CF6000DBDBDBDBDBDBDBDBDBDBDBDBDBDBDBDB11
:10CF7000DBDBDBDBDBDBDBDBDBDBDBDBDBDBDBDB01
:10CF8000DBDBDBDBDBDBDBDBDBDBDBDBDBDBDBDBF1
:10CF9000DBDBDBDBDBDBDBDBDBDBDBDBDBDBDBDBE1
:10CFA000DBDBDBDBDBDBDBDBDBDBDBDBDBDBDBDBD1
:10CFB000DBDBDBDBDBDBDBDBDBDBDBDBDBDBDBDBC1
:10CFC000DBDBDBDBDBDBDBDBDBDBDBDBDBDBDBDBB1
:10CFD000DBDBDBDBDBDBDBDBDBDBDBDBDBDBDBDBA1
:10CFE000DBDBDBDBDBDBDBDBDBDBDBDBDBDBDBDB91
:10CFF000DBDBDBDBDBDBDBDBDBDBDBDBDBDBDBDB81
:10D00000DBDBDBDBDBDBDBDBDBDBDBDBDBDBDBDB70
:10D01000DBDBDBDBDBDBDBDBDBDBDBDBDBDBDBDB60
:10D02000DBDBDBDBDBDBDBDBDBDBDBDBDBDBDBDB50
:10D03000DBDBDBDBDBDBDBDBDBDBDBDBDBDBDBDB40
:10D04000DBDBDBDBDBDBDBDBDBDBDBDBDBDBDBDB30
:10D05000DBDBDBDBDBDBDBDBDBDBDBDBDBDBDBDB20
:10D06000DBDBDBDBDBDBDBDBDBDBDBDBDBDBDBDB10
:10D07000DBDBDBDBDBDBDBDBDBDBDBDBDBDBDBDB00
:10D08000DBDBDBDBDBDBDBDBDBDBDBDBDBDBDBDBF0
:10D09000DBDBDBDBDBDBDBDBDBDBDBDBDBDBDBDBE0
:10D0A000DBDBDBDBDBDBDBDBDBDBDBDBDBDBDBDBD0
:10D0B000DBDBDBDBDBDBDBDBDBDBDBDBDBDBDBDBC0
:10D0C000DBDBDBDBDBDBDBDBDBDBDBDBDBDBDBDBB0
:10D0D000DBDBDBDBDBDBDBDBDBDBDBDBDBDBDBDBA0
:10D0E000DBDBDBDBDBDBDBDBDBDBDBDBDBDBDBDB90
:10D0F000DBDBDBDBDBDBDBDBDBDBDBDBDBDBDBDB80
:10D10000DBDBDBDBDBDBDBDBDBDBDBDBDBDBDBDB6F
:10D11000DBDBDBDBDBDBDBDBDBDBDBDBDBDBDBDB5F
:10D12000DBDBDBDBDBDBDBDBDBDBDBDBDBDBDBDB4F
:10D13000DBDBDBDBDBDBDBDBDBDBDBDBDBDBDBDB3F
:10D14000DBDBDBDBDBDBDBDBDBDBDBDBDBDBDBDB2F
:10D15000DBDBDBDBDBDBDBDBDBDBDBDBDBDBDBDB1F
:10D16000DBDBDBDBDBDBDBDBDBDBDBDBDBDBDBDB0F
:10D17000DBDBDBDBDBDBDBDBDBDBDBDBDBDBDBDBFF
:10D18000DBDBDBDBDBDBDBDBDBDBDBDBDBDBDBDBEF
:10D19000DBDBDBDBDBDBDBDBDBDBDBDBDBDBDBDBDF
:10D1A000DBDBDBDBDBDBDBDBDBDBDBDBDBDBDBDBCF
:10D1B000DBDBDBDBDBDBDBDBDBDBDBDBDBDBDBDBBF
:10D1C000DBDBDBDBDBDBDBDBDBDBDBDBDBDBDBDBAF
:10D1D000DBDBDBDBDBDBDBDBDBDBDBDBDBDBDBDB9F
:10D1E000DBDBDBDBDBDBDBDBDBDBDBDBDBDBDBDB8F
:10D1F000DBDBDBDBDBDBDBDBDBDBDBDBDBDBDBDB7F
:10D20000DBDBDBDBDBDBDBDBDBDBDBDBDBDBDBDB6E
:10D21000DBDBDBDBDBDBDBDBDBDBDBDBDBDBDBDB5E
:10D22000DBDBDBDBDBDBDBDBDBDBDBDBDBDBDBDB4E
:10D23000DBDBDBDBDBDBDBDBDBDBDBDBDBDBDBDB3E
:10D24000DBDBDBDBDBDBDBDBDBDBDBDBDBDBDBDB2E
:10D25000DBDBDBDBDBDBDBDBDBDBDBDBDBDBDBDB1E
:10D26000DBDBDBDBDBDBDBDBDBDBDBDBDBDBDBDB0E
:10D27000DBDBDBDBDBDBDBDBDBDBDBDBDBDBDBDBFE
:10D28000DBDBDBDBDBDBDBDBDBDBDBDBDBDBDBDBEE
:10D29000DBDBDBDBDBDBDBDBDBDBDBDBDBDBDBDBDE
:10D2A000DBDBDBDBDBDBDBDBDBDBDBDBDBDBDBDBCE
:10D2B000DBDBDBDBDBDBDBDBDBDBDBDBDBDBDBDBBE
:10D2C000DBDBDBDBDBDBDBDBDBDBDBDBDBDBDBDBAE
:10D2D000DBDBDBDBDBDBDBDBDBDBDBDBDBDBDBDB9E
:10D2E000DBDBDBDBDBDBDBDBDBDBDBDBDBDBDBDB8E
:10D2F000DBDBDBDBDBDBDBDBDBDBDBDBDBDBDBDB7E
:10D30000DBDBDBDBDBDBDBDBDBDBDBDBDBDBDBDB6D
:10D31000DBDBDBDBDBDBDBDBDBDBDBDBDBDBDBDB5D
:10D32000DBDBDBDBDBDBDBDBDBDBDBDBDBDBDBDB4D
:10D33000DBDBDBDBDBDBDBDBDBDBDBDBDBDBDBDB3D
:10D34000DBDBDBDBDBDBDBDBDBDBDBDBDBDBDBDB2D
:10D35000DBDBDBDBDBDBDBDBDBDBDBDBDBDBDBDB1D
:10D36000DBDBDBDBDBDBDBDBDBDBDBDBDBDBDBDB0D
:10D37000DBDBDBDBDBDBDBDBDBDBDBDBDBDBDBDBFD
:10D38000DBDBDBDBDBDBDBDBDBDBDBDBDBDBDBDBED
:10D39000DBDBDBDBDBDBDBDBDBDBDBDBDBDBDBDBDD
:10D3A000DBDBDBDBDBDBDBDBDBDBDBDBDBDBDBDBCD
:10D3B000DBDBDBDBDBDBDBDBDBDBDBDBDBDBDBDBBD
:10D3C000DBDBDBDBDBDBDBDBDBDBDBDBDBDBDBDBAD
:10D3D000DBDBDBDBDBDBDBDBDBDBDBDBDBDBDBDB9D
:10D3E000DBDBDBDBDBDBDBDBDBDBDBDBDBDBDBDB8D
:10D3F000DBDBDBDBDBDBDBDBDBDBDBDBDBDBDBDB7D
:10D40000DBDBDBDBDBDBDBDBDBDBDBDBDBDBDBDB6C
:10D41000DBDBDBDBDBDBDBDBDBDBDBDBDBDBDBDB5C
:10D42000DBDBDBDBDBDBDBDBDBDBDBDBDBDBDBDB4C
:10D43000DBDBDBDBDBDBDBDBDBDBDBDBDBDBDBDB3C
:10D44000DBDBDBDBDBDBDBDBDBDBDBDBDBDBDBDB2C
:10D45000DBDBDBDBDBDBDBDBDBDBDBDBDBDBDBDB1C
:10D46000DBDBDBDBDBDBDBDBDBDBDBDBDBDBDBDB0C
:10D47000DBDBDBDBDBDBDBDBDBDBDBDBDBDBDBDBFC
:10D48000DBDBDBDBDBDBDBDBDBDBDBDBDBDBDBDBEC
:10D49000DBDBDBDBDBDBDBDBDBDBDBDBDBDBDBDBDC
:10D4A000DBDBDBDBDBDBDBDBDBDBDBDBDBDBDBDBCC
:10D4B000DBDBDBDBDBDBDBDBDBDBDBDBDBDBDBDBBC
:10D4C000DBDBDBDBDBDBDBDBDBDBDBDBDBDBDBDBAC
:10D4D000DBDBDBDBDBDBDBDBDBDBDBDBDBDBDBDB9C
:10D4E000DBDBDBDBDBDBDBDBDBDBDBDBDBDBDBDB8C
:10D4F000DBDBDBDBDBDBDBDBDBDBDBDBDBDBDBDB7C
:10D50000DBDBDBDBDBDBDBDBDBDBDBDBDBDBDBDB6B
:10D51000DBDBDBDBDBDBDBDBDBDBDBDBDBDBDBDB5B
:10D52000DBDBDBDBDBDBDBDBDBDBDBDBDBDBDBDB4B
:10D53000DBDBDBDBDBDBDBDBDBDBDBDBDBDBDBDB3B
:10D54000DBDBDBDBDBDBDBDBDBDBDBDBDBDBDBDB2B
:10D55000DBDBDBDBDBDBDBDBDBDBDBDBDBDBDBDB1B
:10D56000DBDBDBDBDBDBDBDBDBDBDBDBDBDBDBDB0B
:10D57000DBDBDBDBDBDBDBDBDBDBDBDBDBDBDBDBFB
:10D58000DBDBDBDBDBDBDBDBDBDBDBDBDBDBDBDBEB
:10D59000DBDBDBDBDBDBDBDBDBDBDBDBDBDBDBDBDB
:10D5A000DBDBDBDBDBDBDBDBDBDBDBDBDBDBDBDBCB
:10D5B000DBDBDBDBDBDBDBDBDBDBDBDBDBDBDBDBBB
:10D5C000DBDBDBDBDBDBDBDBDBDBDBDBDBDBDBDBAB
:10D5D000DBDBDBDBDBDBDBDBDBDBDBDBDBDBDBDB9B
:10D5E000DBDBDBDBDBDBDBDBDBDBDBDBDBDBDBDB8B
:10D5F000DBDBDBDBDBDBDBDBDBDBDBDBDBDBDBDB7B
:10D60000DBDBDBDBDBDBDBDBDBDBDBDBDBDBDBDB6A
:10D61000DBDBDBDBDBDBDBDBDBDBDBDBDBDBDBDB5A
:10D62000DBDBDBDBDBDBDBDBDBDBDBDBDBDBDBDB4A
:10D63000DBDBDBDBDBDBDBDBDBDBDBDBDBDBDBDB3A
:10D64000641B2313E733E31280066006A106E0069D
:10D65000600640064006A10EC20EE426073F0A57A8
:10D660002C672F7F5087729774A796B797BFB9CF53
:10D67000BAD7DDEFFEF72000C21861088110C2188A
:10D680002B634429652932A52B630E846C6B6C6B6C
:10D69000B194F29CED7BE7394F8C4F8C9094908C39
:10D6A000D194B094F19CD19C909412A5B19473AD97
:10D6B00053A533A532A594B594AD74AD4F8C909419
:10D6C0006F8CB0940B63A952AD73AD730B630A6397
:10D6D0006C6BAD732B630E844F8C908C4F8C908C45
:10D6E0006F8C6F8C6F8C2E840E849094908C708CC9
:10D6F0004F8C2F842E84B194B094708C4F8C2F84D7
:10D70000129D708C73AD33A512A5F19C94B553ADE9
:10D7100033A574AD73AD33A512A5B5B5B4B5D5B504
:10D7200081106108E639C218E318684AA21044293A
:10D73000E318F29C0321D5BDE3186529D5BDB5B525
:10D74000508C74ADD5BDD6BDD6BDD6BDC639D6BDFF
:10D750002C6300F800F000F000E800E800E820F09A
:10D7600041F861F824F9A270C380A268E7F9AAFA27
:10D77000A6892CFBCFFB30FCB2FC14FD96FDF7FD17
:10D7800059FEBAFE1CFF5DFFBEFFFFFFDFFFBEF7C5
:10D79000BEF79EF79EF77DEF5DEF5DEF1CE7DBDEEA
:10D7A00079CE79CE18C618C6D7BDD7BD75AD14A52C
:10D7B000F39CD39CB294B2949294518C3084108494
:10D7C000EF7BCF7BAE73AE738E738E736D6B6D6BB1
:10D7D0004D6B2C630C63CB5AAA52AA52AA528A529E
:10D7E000694A494A494A284208420842E739A6316B
:10D7F000A6318631652965296529452945294529A7
:10D800002421242124212421042104210421042170
:10D81000E318E318E318E318C318C318C318C318B0
:10D82000A210A210A21082108210610841084108C3
:10D830002000200020000000000000000000000088
:10D84000FFFFFFFFFFFFFFFFFFFFFFFFFFFFFFFFE8
:10D85000FFFFFFFFFFFFFFFFFFFFFFFFFFFFFFFFD8
:10D86000FFFFFFFFFFFFFFFFFFFFFFFFFFFFFFFFC8
:10D87000FFFFFFFFFFFFFFFFFFFFFFFFFFFFFFFFB8
:10D88000FFFFFFFFFFFFFFFFFFFFFFFFFFFFFFFFA8
:10D89000FFFFFFFFFFFFFFFFFFFFFFFFFFFFFFFF98
:10D8A000FFFFFFFFFFFFFFFFFFFFFFFFFFFFFFFF88
:10D8B000FFFFFFFFFFFFFFFFFFFFFFFFFFFFFFFF78
:10D8C000FFFFFFFFFFFFFFFFFFFFFFFFFFFFFFFF68
:10D8D000FFFFFFFFFFFFFFFFFFFFFFFFFFFFFFFF58
:10D8E000FFFFFFFFFFFFFFFFFFFFFFFFFFFFFFFF48
:10D8F000FFFFFFFFFFFFFFFFFFFFFFFFFFFFFFFF38
:10D90000FFFFFFFFFFFFFFFFFFFFFFFFFFFFFFFF27
:10D91000FFFFFFFFFFFFFFFFFFFFFFFFFFFFFFFF17
:10D92000FFFFFFFFFFFFFFFFFFFFFFFFFFFFFFFF07
:10D93000FFFFFFFFFFFFFFFFFFFFFFFFFFFFFFFFF7
:10D94000FFFFFFFFFFFFFFFFFFFFFFFFFFFFFFFFE7
:10D95000FFFFFFFFFFFFFFFFFFFFFFFFFFFFFFFFD7
:10D96000FFFFFFFFFFFFFFFFFFFFFFFFFFFFFFFFC7
:10D97000FFFFFFFFFFFFFFFFFFFFFFFFFFFFFFFFB7
:10D98000FFFFFFFFFFFFFFFFFFFFFFFFFFFFFFFFA7
:10D99000FFFFFFFFFFFFFFFFFFFFFFFFFFFFFFFF97
:10D9A000FFFFFFFFFFFFFFFFFFFFFFFFFFFFFFFF87
:10D9B000FFFFFFFFFFFFFFFFFFFFFFFFFFFFFFFF77
:10D9C000FFFFFFFFFFFFFFFFFFFFFFFFFFFFFFFF67
:10D9D000FFFFFFFFFFFFFFFFFFFFFFFFFFFFFFFF57
:10D9E000FFFFD7778DFFD7DFFFB9FFE858DFFD7F57
:10D9F000FFFA59FFFFFC65AFFFD79FFFFA7DFFFFDE
:10DA0000FFFFB00000BFB0BFFF74FF40002EFB0F50
:10DA1000FE30002DFFB00003EFB01FFFF40BFFFF3F
:10DA2000FFFFB08A714FB0BFFF74FA05B606FB0F57
:10DA3000F606C706FF205B506FB00CFFF00BFFFF30
:10DA4000FFFFB0BFF70FB0BFFF74F71FFF34FB0F2E
:10DA5000E04FFF40F908FFF40EB009FFB00BFFFFE5
:10DA6000FFFFB0BFF90FB0BFFF74F71FFF97FB0FA9
:10DA7000B0AFFFA6D62FFFFB0AB046FF800BFFFF1B
:10DA8000FFFFB0BFF53FB0BFFF74F904CFFFFB0F3E
:10DA900070EFFFFFF44FFFFF07B073FF530BFFFF63
:10DAA000FFFFB00000BFB0BFFF74FF3004BFFB0F2B
:10DAB00070FFFFFFF47FFFFF37B0A0FF260BFFFFD3
:10DAC000FFFFB000006FB0BFFF74FFE7100BFB0F4C
:10DAD00070FFFFFFF47FFFFF47B0E0BD090BFFFFC2
:10DAE000FFFFB0BFF60CB0BFFF74FFFFE702FB0FF4
:10DAF00070FFFFFFF46FFFFF17B0F28A2B0BFFFFE1
:10DB0000FFFFB0BFFE09B0BFFF64F7BFFF80EB0FA0
:10DB100090DFFFD5D44FFFFE08B0F5566B0BFFFF2B
:10DB2000FFFFB0BFFF07F09FFF44F46FFFB0DB0FB4
:10DB3000C07FFF90C70EFFF90CB0F8248B0BFFFFDE
:10DB4000FFFFB0BFFA0BF13FFB06F61CFF61FB0FB6
:10DB5000F21EFE31FC04DFB12FB0FB00CB0BFFFF48
:10DB6000FFFFB034401EF802401DFC016406FB0FAD
:10DB7000F8016107FF5015009FB0FF00FB0BFFFF8E
:10DB8000FFFFB00002BFFF50019FFF90003EFB0F60
:10DB9000FF72017FFFE61027FFB0FF44FB0BFFFF82
:10DBA000FFFFFFFFFFFFFFFEBFFFFFFFBDFFFFFF08
:10DBB000FFFFBEFFFFFFEBFFFFFFFFFFFFFFFFFFCA
:10DBC000FFFFFFFFFFFFFFFFFFFFFFFFFFFFFFFF65
:10DBD000FFFFFFFFFFFFFFFFFFFFFFFFFFFFFFFF55
:10DBE000FFFFFFFFFFFFFFFFFFFFFFFFFFFFFFFF45
:10DBF000FFFFFFFFFFFFFFFFFFFFFFFFFFFFFFFF35
:10DC0000FFFFFFFFFFFFFFFFFFFFFFFFFFFFFFFF24
:10DC1000FFFFFFFFFFFFFFFFFFFFFFFFFFFFFFFF14
:10DC2000FFFFFFFFFFFFFFFFFFFFFFFFFFFFFFFF04
:10DC3000FFFFFFFFFFFFFFFFFFFFFFFFFFFFFFFFF4
:10DC4000FFFFFFFFFFFFFFFFFFFFFFFFFFFFFFFFE4
:10DC5000FFFFFFFFFFFFFFFFFFFFFFFFFFFFFFFFD4
:10DC6000FFFFFFFFFFFFFFFFFFFFFFFFFFFFFFFFC4
:10DC7000FFFFFFFFFFFFFFFFFFFFFFFFFFFFFFFFB4
:10DC8000FFFFFFFFFFFFFFFFFFFFFFFFFFFFFFFFA4
:10DC9000FFFFFFFFFFFFFFFFFFFFFFFFFFFFFFFF94
:10DCA000FFFFFFFFFFFFFFFFFFFFFFFFFFFFFFFF84
:10DCB000FFFFFFFFFFFFFFFFFFFFFFFFFFFFFFFF74
:10DCC000FFFFFFFFFFFFFFFFFFFFFFFFFFFFFFFF64
:10DCD000FFFFFFFFFFFFFFFFFFFFFFFFFFFFFFFF54
:10DCE000FFFFFFFFFFFFFF89FFFFF76FFFFB6FFFE6
:10DCF000FFF944448EF9444449FFFFFFFFFFFFFF53
:10DD0000FFFFFFFFFFFFFD07FFFFD04FFFF24FFFB9
:10DD1000FFF7000004F7000007FFFFFFFFFFFFFF12
:10DD2000FFFFFFFFFFFFC307FFFF604FFE404FFFF6
:10DD3000FFF70FFF60D70FFFFFFFFFFFFFFFFFFFA2
:10DD4000FFFFFFFFFFFF4127FFFD014FF7034FFFDD
:10DD5000FFF70FFFC0B70FFFFFFFFFFFFFFFFFFF42
:10DD6000FFFFFFFFFFFF6C47FFF6344FF8A74FFFA1
:10DD7000FFF70FFFB0B70FFFFFFFFFFFFFFFFFFF32
:10DD8000FFFFFFFFFFFFFF47FFE1944FFFF74FFF4C
:10DD9000FFF70FFC40D707777FFFFFFFFFFFFFFF75
:10DDA000FFFFFFFFFFFFFF47FF72F44FFFF74FFF3B
:10DDB000FFF7000004F700000FFFFFFFFFFFFFFF6A
:10DDC000FFFFFFFFFFFFFF47FE19F44FFFF74FF480
:10DDD000449704448EF70BBBBFFFFFFFFFFFFFFF1D
:10DDE000FFFFFFFFFFFFFF47FB000004FFF74FF0BF
:10DDF00000770FFFFFF70FFFFFFFFFFFFFFFFFFFA2
:10DE0000FFFFFFFFFFFFFF47FC444116FFF74FFFF7
:10DE1000FFF70FFFFFF70FFFFFFFFFFFFFFFFFFF02
:10DE2000FFFFFFFFFFFFFF47FFFFF44FFFF74FFF2D
:10DE3000FFF70FFFFFF70FFFFFFFFFFFFFFFFFFFE2
:10DE4000FFFFFFFFFFFFFF47FFFFF44FFFF74FFF0D
:10DE5000FFF70FFFFFF70FFFFFFFFFFFFFFFFFFFC2
:10DE6000FFFFFFFFFFFFFF69FFFFF66FFFF96FFF87
:10DE7000FFF94FFFFFF94FFFFFFFFFFFFFFFFFFF1E
:10DE8000FFFFFFFFFFFFFFFFFFFFFFFFFFFFFFFFA2
:10DE9000FFFFFFFFFFFFFFFFFFFFFFFFFFFFFFFF92
:10DEA000FFFFFFFFFFFFFFFFFFFFFFFFFFFFFFFF82
:10DEB000FFFFFFFFFFFFFFFFFFFFFFFFFFFFFFFF72
:10DEC000FFFFFFFFFFFFFFFFFFFFFFFFFFFFFFFF62
:10DED000FFFFFFFFFFFFFFFFFFFFFFFFFFFFFFFF52
:10DEE000FFFFFFFFFFFFFFFFFFFFFFFFFFFFFFFF42
:10DEF000FFFFFFFFFFFFFFFFFFFFFFFFFFFFFFFF32
:10DF0000FFFFFFFFFFFFFFFFFFFFFFFFFFFFFFFF21
:10DF1000FFFFFFFFFFFFFFFFFFFFFFFFFFFFFFFF11
:10DF2000FFFFFFFFFFFFFFFFFFFFFFFFFFFFFFFF01
:10DF3000FFFFFFFFFFFFFFFFFFFFFFFFFFFFFFFFF1
:10DF4000FFFFFFFFFFFFFFFFFFFFFFFFFFFFFFFFE1
:10DF5000FFFFFFFFFFFFFFFFFFFFFFFFFFFFFFFFD1
:10DF6000FFFFFFFFFFFFFFFFFFFFFFFFFFFFFFFFC1
:10DF7000FFFFFFFFFFFFFFFFFFFFFFFFFFFFFFFFB1
:10DF8000FFFFFFFFFFFFFFFFFFFFFFFFFFFFFFFFA1
:10DF9000FFFFFFFFFFFFFFFFFFFFFFFFFFFFFFFF91
:10DFA000FFFFFFFFFFFFFFFFFFFFFFFFFFFFFFFF81
:10DFB000FFFFFFFFFFFFFFFFFFFFFFFFFFFFFFFF71
:10DFC000FFFFFFFFFFFFFFFFFFFFFFFFFFFFFFFF61
:10DFD000FFFFFFFFFFFFFFFFFFFFFFFFFFFFFFFF51
:10DFE000FFFFFFFFFFFFFFFFFFFFFFFFFFFFFFFF41
:10DFF000FFFFFFFFFFFFFFFFFFFFFFFFFFFFFFFF31
:10E00000FFFFFFFFFFFFFFFFFFFFFFFFFFFFFFFF20
:10E01000FFFFFFFFFFFFFFFFFFFFFFFFFFFFFFFF10
:10E02000FFFFFFFFFFFFFFFFFFFFFFFFFFFFFFFF00
:10E03000FFFFFFFFFFFFFFFFFFFFFFFFFFFFFFFFF0
:10E0400034A5F39CD39C9294518C1084AE734D6B89
:10E05000EB5AAA52494A084286312421A2100000F4
:10E06000FFFFFFFFFFFFFFFFFFFFFFFFFFFFFFFFC0
:10E07000FFFFFFFFFFFFFFFFFFFFFFFFFFFFFFFFB0
:10E08000FFFFFFFFFFFFFFFFFFFFFFFFFFFFFFFFA0
:10E09000FFFFFFFFFFFFFFFFFFFFFFFFFFFFFFFF90
:10E0A000FFFFFFFFFFFFFFFFFFFFFFFFFFFFFFFF80
:10E0B000FFFFFFFFFFFFFFFFFFFFFFFFFFFFFFFF70
:10E0C000FFFFFFFFFFFFFFFFFFFFFFFFFFFFFFFF60
:10E0D000FFFFFFFFFFFFFFFFFFFFFFFFFFFFFFFF50
:10E0E000FFFFFFFFFFFFFFFFFFFFFFFFFFFFFFFF40
:10E0F000FFFFFFFFFFFFFFFFFFFFFFFFFFFFFFFF30
:10E10000FFFFFFFFFFFFFFFFFFFFFFFFFFFFFFFF1F
:10E11000FFFFFFFFFFFFFFFFFFFFFFFFFFFFFFFF0F
:10E12000FFFFFFFFFFFFFFFFFFFFFFFFFFFFFFFFFF
:10E13000FFFFFFFFFFFFFFFFFFFFFFFFFFFFFFFFEF
:10E14000FFFFFFFFFFFFFFFFFFFFFFFFFFFFFFFFDF
:10E15000FFFB9887777889B0FFFFFFFFFFFFFFFF86
:10E16000FFFFFFFFFFFFFFFFFFFFFFFFFFFFFFE8D6
:10E170006543221111112234568CFFFFFFFFFFFF70
:10E18000FFFFFFFFFFFFFFFFFFFFFFFFFFFB7532FA
:10E190001122333333333322111AFFFFFFFFFFFF06
:10E1A000FFFFFFFFFFFFFFFFFFFFFFFFC85211232D
:10E1B0003333333333333333323EFFFFFFFFFFFF5D
:10E1C000FFFFFFFFFFFFFFFFFFFFFFB631123333FB
:10E1D0002211122222211123324FFFFFFFFFFFFFE6
:10E1E000FFFFFFFFFFFFFFFFFFFFE6312333211299
:10E1F0003566789AAA987542115FFFFFFFFFFFFF0F
:10E20000FFFFFFFFFFFFFFFFFFF6312332113579DC
:10E21000EFFFFFFFFFFFFF095D5FFFFFFFFFFFFF56
:10E22000FFFFFFFFFFFFFFFFF94123321358EFFF0E
:10E23000FA68FFFFFB679FFFF88FFFFFFFFFFFFFFD
:10E24000FFFFFFFFFFFFFFFF611331147EFFFFFFA2
:10E25000F6D2CFFFF8D5546AFFFFFFFFFFFFFFFFA5
:10E26000FFFFFFFFFFFFFFE41232148FFFFFFFFFEE
:10E27000F7D3CFFFF76CC5D25AFFFFFFFFFFFFFFB9
:10E28000FFFFFFFFFFFFFA3133137FFFFB67FFFF45
:10E29000F714CFFFF78EF812126FFFFFFFFFFFFF9B
:10E2A000FFFFFFFFFFFF9213216CFFFFF8D2E9FF92
:10E2B000F8140FFFF82772233214BFFFFFFFFFFF90
:10E2C000FFFFFFFFFFF9123138FFFFFFF82324970C
:10E2D000EA140FFFF086542123312AFFFFFFFFFFCE
:10E2E000FFFFFFFFFFA22314EFFFFFB65222692DAD
:10E2F0004924FFFFFFFFFF95213312AFFFFFFFFF10
:10E30000FFFFFFFFFC31315FFFFFFFA1D424F517B2
:10E310003734FFFFFFFFFFFFA512313CFFFFFFFF78
:10E32000FFFFFFFFF51315FFFFFB8EFEAA15A16788
:10E330003B24FFFFFFFFFFFFFF821315FFFFFFFFDF
:10E34000FFFFFFFF81315FFF8186D775FE157133B7
:10E35000EF24FFFFFFFFFFFFFFFA31319FFFFFFFB9
:10E36000FFFFFFFC3214FFFF9277141D8F15716CB5
:10E37000BA34FFFFFFFFFFFFFFFFE3214FFFFFFF67
:10E38000FFFFFFF6122BFFFF0AF6146160158D9B4D
:10E39000D654FFFFFFFFFCFFFFFFFB2219FFFFFF2B
:10E3A000FFFFFFC3218FFFFF7D87D8FD5E25C3DD03
:10E3B0002B33FFFFFFF937FFFFFFFF7116FFFFFF52
:10E3C000FFFFFF7114FFFFFF7D78DBF25B24FB553D
:10E3D000BF89FFFFFF91D7FFFFFFFFF4140FFFFF7F
:10E3E000FFFFFF511AFFFFFF7D78DAF34B14FFFFA9
:10E3F000FFFF966CFA1218FFFFFFFFF812AFFFFF46
:10E40000FFFFFE315FFFFFFF8D88D8F32E35FFFF42
:10E41000FE63DD1C016814AFFFFFFFFC318FFFFFBF
:10E42000FFFFF9218FFFFFFF8D7A39F64FCFFE876F
:10E43000C5D3542852852D7FFFFFFFFF5D6FFFFF7F
:10E44000FFFFF7D30FFFFFFF8D6FFFFFFFF952D1E3
:10E45000742BF525111214CFFFFFFFFF6D6FFFFF27
:10E46000FFFFF6D5FFFFFFFF9D6FFFFE707DD441DC
:10E47000652CF51546A7D6FFFFFFFFFF7D5FFFFF69
:10E48000FFFFF6D6FFFFFFFF09EFFFA11E5D7F7DB7
:10E49000751AA4D7FFFEEFFFFFFFFFFF7D5FFFFFB1
:10E4A000FFFFF6D7FFFFFFFFFFFFFB1D306D9F7DD6
:10E4B00065231D40FFFF0CFFFFFFFFFF7D6FFFFF88
:10E4C000FFFFF6D7FFFFFFFFFFFFC1452A6D906DED
:10E4D00076D357FFFFF913BFFFFFFFFF6D6FFFFFFD
:10E4E000FFFFF6D7FFFFFFFFFFFE33E5145243D2D5
:10E4F000AC8CFFFFFFF912BF846EFFFF5D7FFFFF53
:10E50000FFFFF7D6FFFFFFFFFFF6D422266D136A49
:10E51000FFFFF066EFFE12F9D215FFFE21AFFFFFFD
:10E52000FFFFF9D5FFFFFFFFFFF4D464DAF69FFF8A
:10E53000FFFFFE2DAFF724B32E26FFF7D40FFFFF0A
:10E54000FFFFFB230FFFFFFFFFF88FF76BFFFFFFBE
:10E55000FFF77E67FA3D2572554FFFF4D6FFFFFFA8
:10E56000FFFFFF4D8FFFFFFFFFFFFFFFFFFFFFFFDD
:10E57000FF5D3925B416357146FFFF8119FFFFFF96
:10E58000FFFFFF6D5FFFFFFFFFFFFFFA35BBAFFF30
:10E59000F5D19B147D60257D7F44FF3D4FFFFFFF3C
:10E5A000FFFFFFA119FFFFFFFFFFFFFB45A2395649
:10E5B000E11AFA245D8F14B312D6F6119FFFFFFF04
:10E5C000FFFFFFF5D4FFFFFFFFFFFFFA69B233D172
:10E5D00088D6FE245D76D4FB547F8115FFFFFFFFB4
:10E5E000FFFFFFF9116FFFFFFFFFFFF6D4A4166DC9
:10E5F0006F7D5B25711334FFFFF9112BFFFFFFFFC8
:10E60000FFFFFFFF4117FFFFFFFFFFF815B32F9D2F
:10E610005FF4D723E42A42FFFF82118FFFFFFFFF41
:10E62000FFFFFFFFA1218FFFFFFFFFF815E24F9DC6
:10E630005F7D3A55FF0F98FFF71216FFFFFFFFFFB0
:10E64000FFFFFFFFF71217FFFFFFFFF815C24FB1E3
:10E6500058D18FFFFFFFFFFE51216FFFFFFFFFFF2C
:10E66000FFFFFFFFFF512150FFFFFFF9D5F22FF110
:10E670004838FFFFFFFFFF731216FFFFFFFFFFFF8A
:10E68000FFFFFFFFFFF513138FFFFFF9D4F99FF989
:10E690009FFFFFFFFFFF8412127FFFFFFFFFFFFFBF
:10E6A000FFFFFFFFFFFF5132159FFFFC68FFFFFFD9
:10E6B000FFFFFFFFFB7412214AFFFFFFFFFFFFFF79
:10E6C000FFFFFFFFFFFFF61131257BFFFFFFFFFF7D
:10E6D000FFFFFFA753122126FFFFFFFFFFFFFFFFF2
:10E6E000FFFFFFFFFFFFFF94123113578ACFFF0C8C
:10E6F000B9865421122125AFFFFFFFFFFFFFFFFF67
:10E70000FFFFFFFFFFFFFFFF73113211234444435C
:10E71000321112321136AFFFFFFFFFFFFFFFFFFF85
:10E72000FFFFFFFFFFFFFFFFF075211222222222D1
:10E730002322111357EFFFFFFFFFFFFFFFFFFFFF34
:10E74000FFFFFFFFFFFFFFFFFFFFA7543221111163
:10E750001234568BFFFFFFFFFFFFFFFFFFFFFFFF9E
:10E76000FFFFFFFFFFFFFFFFFFFFFFFFEA88777755
:10E7700089ACFFFFFFFFFFFFFFFFFFFFFFFFFFFF72
:10E78000FFFFFFFFFFFFFFFFFFFFFFFFFFFFFFFF99
:10E79000FFFFFFFFFFFFFFFFFFFFFFFFFFFFFFFF89
:10E7A000FFFFFFFFFFFFFFFFFFFFFFFFFFFFFFFF79
:10E7B000FFFFFFFFFFFFFFFFFFFFFFFFFFFFFFFF69
:10E7C000FFFFFFFFFFFFFFFFFFFFFFFFFFFFFFFF59
:10E7D000FFFFFFFFFFFFFFFFFFFFFFFFFFFFFFFF49
:10E7E000FFFFFFFFFFFFFFFFFFFFFFFFFFFFFFFF39
:10E7F000FFFFFFFFFFFFFFFFFFFFFFFFFFFFFFFF29
:10E80000FFFFFFFFFFFFFFFFFFFFFFFFFFFFFFFF18
:10E81000FFFFFFFFFFFFFFFFFFFFFFFFFFFFFFFF08
:10E82000FFFFFFFFFFFFFFFFFFFFFFFFFFFFFFFFF8
:10E83000FFFFFFFFFFFFFFFFFFFFFFFFFFFFFFFFE8
:10E84000FFFFFFFFFFFFFFFFFFFFFFFFFFFFFFFFD8
:10E85000FFFFFFFFFFFFFFFFFFFFFFFFFFFFFFFFC8
:10E8600000009B043904D7035403D1022D02AA01EE
:10E8700048010601A400630021001F0541000000BB
:10E88000F0110150B0515FADB1F0515FAD1C29687E
:10E89000517327ECF5B368F051A0F3B3F5E16627A7
:10E8A000EAF5F7140052464000B0ECF8F8E427EA25
:10E8B000E7506427EAE63420A0A5B130685173D050
:10E8C000E1D1F3F5FC851A00F00000114F50B0269D
:10E8D00020281053005100715A60144BF71457430D
:10E8E00002D440D4D329E2D0E2C06C222023EAF63D
:10E8F000736D1A76F0BCC0A914D92800F0514A40B3
:10E90000F7BBC76353191A6858054131182212051D
:10E910000C9D6D3DBD8D5D2D067D4D1D0DADA40E77
:10E92000BF069198F1CDD7FD8A0561F9D7D7CAC541
:10E93000506A2807506479B426182200D150652700
:10E94000EAFCB9A2F5F71C77A979CD407A1461B237
:10E95000F5FAF6B283B3D082B2506477BF29A2F53C
:10E96000F714F8EFF2F71CF7ECB929A3E06929E9ED
:10E970001C7AA2E069A9E4DFE72800261019FDC08F
:10E9800033A5F2F286B8B6410E666666666627E97A
:10E9900029E069770E27ECB3ED29E5B3E4C0D4850F
:10E9A000B629E927EBFBE0697721F1C0D485B841AE
:10E9B00033D485B6FAF929E8F127EBFBE06977351E
:10E9C0001A436DC168686868686829E0794AE4E5B7
:10E9D000C0686829E9BDE07953C0DEB9AD6868BD9B
:10E9E000A9F8F1B929E9BDE0A91C61C0686829EE60
:10E9F000F8F3C16868686829EEF6C127EEF5C166CC
:10EA0000666627E6C06666D14181D84181A441820D
:10EA100027EEF5FAF6E6C0D485B8DEB941A2DEB934
:10EA2000BD6829DFEB79A2F3C1ADFBC1ADF8BDF341
:10EA3000C1D795C1DC84C1A5F6B5F3C1A4F6C1D494
:10EA400085B829ABE5C029EDBBC07BCD6AC0DD9B95
:10EA5000F3D09AC142D300429442A342AA42AE42AA
:10EA6000B342B942CA42DE42E742EC424644005158
:10EA700080518151812A0040006F6F6F6F6F6FBFAF
:10EA8000F4BF7F10DA514A2EFFBADFB929E0422CD9
:10EA90007F17DFBFA54226D18FF71425A4BFBEF68E
:10EAA000F3DEF64226A4BE29EDBAEDBB112CD2BD91
:10EAB000ECF6F7E150B0686BABB951A2F71437111F
:10EAC0003FF0E1E27D532A0C2E00D8114BE150B00B
:10EAD0007B4BC0506AB8DD9FF11C5FBADF426127F3
:10EAE000E97777AA1C68528FAF528AAE528A196EA4
:10EAF000D229E150B2423F528AAA148397F11C8373
:10EB0000DA528AA79BF71456425C9CF11C8FFAD10B
:10EB1000F5F54065A4BD264027EE1CA1D8E6F051CE
:10EB20004A41C6510A51465149C0D3B5FAC1D1B381
:10EB3000BB42C252F9EFE542C252F9DD9BF182BA03
:10EB4000F7BA93BBF3BA99BAF1C052F9A38B82BB5F
:10EB5000F7BAC0D485B627ECB229EC82F6C152D6FA
:10EB6000F76627E4DFBDC029ECF4E4C0DB8D1AF1C1
:10EB70006ED029EBFBE079F1C027EDB229EDB3C0EF
:10EB800032C030404BED6C14750ED9FCA70FFB8DD5
:10EB9000040287EFFC6D0F7B0F76468DA23C48A0E8
:10EBA00073E19E329A36E5515134292151A93F52E1
:10EBB000A72952CAA72253CF3CDDA724FF85F15DC8
:10EBC000CE73DD5DA7408D03E3E50E49525E5AA981
:10EBD00056AC4D21A751A040CF3C5E5ADDA75686CA
:10EBE000F3FECACAA767FE7B6F90764702A71C0494
:10EBF0000CA76A0DC2B110B47B6E9EDFCF9ACE8493
:10EC0000CA5FA77CDD539A7CA73C6C667566D9A762
:10EC1000986C987597A79882AE7BB1AA77A3FDEB05
:10EC2000B4A8F1E99A9EA73CDBABFCC603BCB0E7F5
:10EC3000D4B71E97BD313C31BD1E2CBC010DBFB4F5
:10EC4000FFB7AC8AEF8249D94AFC4A7FF16CD5758F
:10EC5000D30B46FCEFFDF1D7A9DF539AE35FF3BC7A
:10EC60005FE7F374E8A7EE00CACEEDDD5FC2B7DA66
:10EC7000F3FD020E030C040DF109FA44F109FAF157
:10EC80002028110650B02620281032F0545071115F
:10EC9000601402F7140E304402000000000000006F
:10ECA000000000000000000051A753613E6563446E
:10ECB0009C5B556A36587A5D415F85579835A95BEC
:10ECC0009F7A963659932E00000000000000000045
:10ECD0003341FE4148414A6868415341044134414F
:10ECE0002141A2419ABD29EDBBC02E6DABB7BAF64A
:10ECF000ABF68EBBF7BAB7F6F3C1AFB9FAD029EBD2
:10ED0000FBE0797DC0AFB9F329E997128ED9E0799C
:10ED100087F0C07B966AFAC1AFF8BFC1415F002798
:10ED2000E620402600404B410241048080808080E4
:10ED30008080808080808080808080807F7F7F7FD7
:10ED400080808080808080808080808080808080C3
:10ED500080808080808080808080808080808080B3
:10ED600080808080808080808080808080808080A3
:10ED7000808080808080808181818181818181808B
:10ED800080808080808080807F7F7F808080808086
:10ED9000808080808080808080807F808080808074
:10EDA000818081818181808181808080807F7F805E
:10EDB000818080808181828280808384837F7F7F45
:10EDC0008180817F81817F7E808483808081818139
:10EDD0008081828280817F81818380818083817E26
:10EDE000808280807F8380817F827F838181818117
:10EDF000807E7D8180817F7E7E7E807F8180837E1C
:10EE00007D7D828280808282818084807F7D7E8100
:10EE10007F808182807E7D818381818081807E7EF2
:10EE20007C8184847C7D7C7F7B7E85827F7A8183EC
:10EE300081797C7F84807C7D8482837E84827C81D6
:10EE40007F8A7A7E7F837E7978808283817C7C80D2
:10EE50007B81788481817A7B80807E837F7E7B81C9
:10EE600086837D818381837E817B7A817D7D7E81A6
:10EE7000807B7E85837B7C81827D7C7C817A7D7CAE
:10EE80007D7D7D7F7F7E8183838383838080807F80
:10EE90007B7E82837F7B7E80817C7D7F827F7D7B8A
:10EEA0007F7E7F7B7D7E807F7F7F7F81828581806B
:10EEB0007F8082807D7F8080807D8080807F828057
:10EEC00082807D7E7F7E7D7B797A7E7B7F7F7E8068
:10EED000807F88877B8681807B89826C8A7A897D26
:10EEE000808578907C89748A778F7B79756C807344
:10EEF0008E73996B936E8B6C9263865E90738C634A
:10EF0000957F99CA664EDBA87A458B72397742A8FD
:10EF100080A756BA9EBE877E886A768C6E7A5180AC
:10EF20005D745B6D91CDBBB7917D5A6071A090917E
:10EF30005C2F86909694BB81957C968D5A6B7C92C3
:10EF40007A655B95958D8E60868FA6AE9C7C6B6C8A
:10EF50007C8F6A4E61939D8C807A8B8B94A0927586
:10EF600060769E91887C6E6F8E87847A73888E7BA4
:10EF70007D8E8A8C859074766F7A7A8E7E817E7E85
:10EF80007B7D86929284816E6C7178858F89737592
:10EF90007C8E9490908E957B757D7B846C417C7E7D
:10EFA000AC7AA4688E7B8B9980786F77766C7D972E
:10EFB000887B6E77647577AA988F82858681878B28
:10EFC0008A7065797C7479898183808A8A91888541
:10EFD0007B7674787A797B7E77788084889D80824E
:10EFE0007C7E7B828C8483797C768286887E887F17
:10EFF0007B7A85867F72787581777D7F8178828440
:10F00000846D8188978A837D7B7A6E7B7A8469752B
:10F010006D7F84878076828587868481817F7D7AF3
:10F020008383897D7E6C7E7685818F847A6D737B08
:10F03000898480777D7E84868D8B8378767E817EC1
:10F04000787A7C7D797B81888987858181818383BA
:10F05000807E80818484807E7A7D7B7B7B7F7D7DCA
:10F0600079818381808182837F83847F7D7D838694
:10F0700082848682807D8183808586817C79818679
:10F0800083827F7C7D8088877F7E7E7F7F797E8183
:10F090007D8080807C7C8586827F7F80878384835F
:10F0A0007C7F80827E797C7C8283837C7F8081846C
:10F0B0007F7E7C808080837D818287858079787D5A
:10F0C00080837D827C7B8982827C787E7D79837E51
:10F0D0007F7B84818A848B7F777F7E7D7F7A80822D
:10F0E0007D83877E7A6F878872887E8577857D7A33
:10F0F00076848B8C70697A7C7D7B87818670857A3B
:10F100008A958D7C7E64815F8373B275B3825F6301
:10F1100097A69977746060417C7FB26687B07D96D0
:10F12000A1D4527375A0807358666666349398DCD8
:10F13000B4936E779A869F91815D2F575B768F8C03
:10F14000987D8B9BA87976818D8C8A7B7D62565FBA
:10F150007A9D98A18E86867D89738E7A746A7D8861
:10F1600071626B7A8686A2997E64819693898A877A
:10F17000846871707F657782A095826B6E8CB8A36E
:10F180007A6D7C7D7B82725D62858E8F86848487BA
:10F190008284867F78888D74607B7F839697907752
:10F1A0008491998C81747784958974737667717C66
:10F1B000898F918F828089A093845A605F8A859C11
:10F1C000708584867B8F928B837E90807D7585860B
:10F1D00085777679808A87767E867A7B7F8E7E7841
:10F1E0007D7C797D86878E8783777380969B8477F5
:10F1F0007E827A74827F7F787A74737E8485878832
:10F200008A786F747A827F80787C767D8184977F1C
:10F210007B6E7A8888857B81737172838081737835
:10F22000748A978A81777D8280767E7F8079707DEF
:10F230007A7C7786908E807B7E81848C86827D76B8
:10F240007E828981837F857C78727484827F8076D8
:10F2500070747C8E7A88757B76888F897C798282BF
:10F260008A8F827067777E86878C7F7B80828E8490
:10F270007B7B86868086817F78897E7A798780838A
:10F2800074867A787C887F7789908486867F8B8065
:10F290007F79868C7A8186818A758272937A7A6C7C
:10F2A000837D78787897818F7981798E7E7B768E51
:10F2B0008270737887898177837E877F8C85878446
:10F2C0008A827F7A78807E7E777C7B7E7C858E8C3E
:10F2D000827F7A7B7879777F8482817B7F8885853E
:10F2E0007B82858C8480787E7E7F7276798C7D802F
:10F2F000787C838293828B7F7F8274757D73687B39
:10F300007F8A609787A46F8D69A1787B6A7C60692A
:10F310006B86789C608984DEA86D84D16E7038B469
:10F3200024654C666FA1D285D895A76AB89F766C84
:10F330007F56616369789A565B81DA9C8D88A789CC
:10F340009F6EAB9072244857A7B7AC825B8A92AE8F
:10F350007F4E86C0CE7F6962657B7C8D71918D9D6D
:10F360008D75745E819EC16C44508F918D847B6AD3
:10F370007B91B59C67697EAAA28E7A797766607068
:10F38000837CA68A6B619289967F8D71797F877C59
:10F390006F6D6A807C996E7B7FABA08A7570818768
:10F3A0009E958867586561926C848394808CBC5468
:10F3B00083678690835092A57D2A7D9BAF6A974292
:10F3C000627498C389676D918F618B949F6B6C9504
:10F3D0008D796C788A91816B726C8C878684667A61
:10F3E000838C7981707A65868A88757F7E7F7B8140
:10F3F000A29C826E78829A8B967D827785757A73CD
:10F400007973747569717F8E87807A6F747B7F8260
:10F4100088797678877D7A81848D7E878A806A6014
:10F420007B8B907E7F73797A897C77768994897AD1
:10F43000746D75728188817B7B73727C8E87848BFF
:10F4400081766F85858B808181888586878583839A
:10F4500079708085857D7B777B8081797B888B87C0
:10F460007C757D7F8084867F828086827F7B858697
:10F4700082787980807B7A757C888F907F777B8992
:10F48000969B857D758181808588827F8181858538
:10F49000918E8786817F83837F877E86817F7B8530
:10F4A000838586898179817C7888928D8778728737
:10F4B000968D858085838C8D8881827971747B8718
:10F4C000817877878681828087808B8A8A817E7C1B
:10F4D0008387807B7579818789827B778187887E26
:10F4E0007A7F83857B7E7F8280808381807A7F7A2A
:10F4F000837F7F767D7B7D777A8388857F76777B38
:10F50000868A8985837A7578818084817973798008
:10F510008581797D7E7D7C7E807D797B79757C811E
:10F52000807B75767E8385818082807C7D7D8182F3
:10F5300080817F7B7C828480808689827772777CE1
:10F54000797B7B7C7D7F7C787E817B7C7F83817FE8
:10F55000747A7A817F7F83838282838184817F85AD
:10F5600085847D7A78797D82827C787A807E7C7EC3
:10F5700085827D7B7D7B7D807B7F7B807F87848791
:10F58000838788808186877A71787F887D7E808175
:10F590007E7D8A7E7C7E8A7D838582767780868862
:10F5A0008776777E857C7B8C857976888987828053
:10F5B0008282818084837A85808280818082867E37
:10F5C0007D7A867F8481868785848383858385840D
:10F5D000847E797A84867E7F8084837E837D7E802C
:10F5E00085838A8A83827F8581848788827B7A7CEF
:10F5F00081807F7E7E8485838183887F7C787D7A0D
:10F600008287897C7E8485838884808789887D82BF
:10F6100081837A7A7978787678787C838389808F09
:10F620008A8E828A82787C828372787677777D8AE6
:10F630008389868A85838380817C82787C7A7C7EBC
:10F640008285817E7E82818284817B7B767C787AD2
:10F65000777B7C7F888A8582898C8A827B787878A0
:10F660007A7778787D828281848A8B8C8283827C8F
:10F670007B7773707A787B7D8581818687858B8A9D
:10F68000857F807E7C7E7B7A787F7E848184838385
:10F6900083828684807B7F7D7D7D8080807E7E836B
:10F6A000858581818185807D7E807B7A7D7D7D8160
:10F6B000808081827D8184847D767E83827D7C7C56
:10F6C0007C7C7E817B7C7F8786867E7E7D7F7F7D46
:10F6D0007B7C83817F7F81817F8883807A807B7A36
:10F6E0007E807C7C807F7C807F837D7E7D7F82802E
:10F6F000827C7E7B868488827D7C808480817F8101
:10F700007D7E7C7E7E787A7C7D7C7C797D7F838427
:10F7100086827F7E8383827E7B7A7C7E7F7F7E82F1
:10F72000838780808286838485817F7C7D7C7B80CB
:10F730007E7F7F82807E7C80837E807F82818481C9
:10F7400084828485838586878482807F7F7E7F7E96
:10F750007C7E7B7F81868285868481808182807F9A
:10F760007D7F7E7E7C7D7D7E808283808684858396
:10F770008680808185828281807D8082807D7C7E82
:10F780007B7B7B7B7D7E818282807F7F7E7E7E8194
:10F7900082807D80828283818284838180827F8156
:10F7A00082807F7B7C7A7C7B8182808282817F8069
:10F7B000817D787F807F767D82838089888583853F
:10F7C000858380837E7F827E80807C7F7E82848131
:10F7D000817D7E82817D8085807E807C7D81847B31
:10F7E0007D7F86837C7E8283837A7D8086827E8015
:10F7F000828582817A837F81798387867F817D7EFE
:10F800007F7F807E7B807B7C7B82888685858483EE
:10F81000807D7B7A7B7E80838483848383828289DC
:10F8200085828383827F80817F7D7F8384848083C0
:10F83000808180808384827D7B8181817C7E7F87C3
:10F8400083837E808182847F7D83837B837B847DB1
:10F8500081817883A8815B7C948E4B7684817695B8
:10F860009A79717E81768C8288797C8D937B76758E
:10F870008687887C777C8175838A998C84817D6F6B
:10F880006F7C817F777B808D91877D7B7D807B8086
:10F8900087887F817C7F7B7E867A75747F82878371
:10F8A000808080818082807D7A8184887F7C797C61
:10F8B0007C7B7F827F7D7E7E7A738085847C7F7D6A
:10F8C0007B7B7C7D8283817B7D7E82817E7C7D7D56
:10F8D000807F8986827A7B7C7B7A7E7F7C7980863A
:10F8E0008981777B7C77777D817E85827F78797B44
:10F8F0007E81817C818082807E7D7A7A7D8185880F
:10F90000807672828A7C808683817B86867F6A6E1F
:10F9100087878D7D80807C7D8184907E837C817BC8
:10F920006F727384838D7889849775798587867CD7
:10F930007B71877C7E79857D8186975C6EA36B3A2F
:10F9400049927A3972818AB8D8FFC9B09E92715FA4
:10F9500051667A7B94657A7F85938395764F6D8522
:10F960006674657D8684A98B7A56496C618383763B
:10F9700081B0B79E96949770877F90A397A08D864D
:10F980008981966E664E58828FA7A1966E5C656FD0
:10F99000806870738D9C98856C5E826B7948C59089
:10F9A000E67499B789679092895EB45660455EB6F1
:10F9B000494A30A5667BB5AED86B8685A99730726B
:10F9C0004765957838529BB0A68F72A45EA86A7D71
:10F9D0007A8A8CBB6681AAAE9C3B504F7774BCBDC3
:10F9E000965561607E4031859EB97D907FBFA7931B
:10F9F0007B647557786D704F4459959C999390919D
:10FA0000B0AE8E867D7E6B75657D77967C8C9F9A79
:10FA10008C766F72835569597558607A888F96A76E
:10FA2000B682513E4C7594A39C88667C7A978A8DE9
:10FA30009D91787E84868A777974776D7D86907BB8
:10FA40006F6E867F736E7D8B9586806D6469696548
:10FA5000787887868A8799948C808AA7A3898488F6
:10FA60007D787B7C808182807B7F7E8B9092847D81
:10FA700073726E6C707D7B717C7E7C7C6778817E1E
:10FA80008D928C70818D948E84989CA69999938F79
:10FA90008C8D9579896C7B776A7D6C6E72847A81A6
:10FAA0007D88897A72778B908581898B8086808426
:10FAB0007D81828C9097909C91797884888B7D7FD2
:10FAC000718482958E8E7E7E847D6C687D8081744B
:10FAD0007071818380707E8392878C818A837B752D
:10FAE0007986828F8B877B8A858A85897F7F7B7FDA
:10FAF0007D7D777C7D7D78838583757C8384807034
:10FB00006A70747F8D826C64757B757377847C7C7E
:10FB10007B89817B7E78787D827D7A7B797C747528
:10FB20007A7E8682867E7C787780767A6978797C20
:10FB30007975787F857F78737A7B7E7D6F757E7F20
:10FB4000807B857E82787B7A7F7F7F7F7A827E79D9
:10FB5000707C7E7B7C7A7B7D84827B73757A7E7FF2
:10FB6000777F8183837E807F7C7C81817E7A7C75B8
:10FB70007F7F8784827D7D817C837F837E7C857B84
:10FB8000807F86848380838A8C8E808483837F8435
:10FB900088858580887D83888D8F8D8A8B8A8B84EC
:10FBA0008685858583837F7E7D7D7B7E807D80814C
:10FBB000817D7E82827F85818186838480818F8A18
:10FBC0008A89828782827D7F8486827B7F7D818411
:10FBD0008884807D84797A797E7D7B7D7C777B8546
:10FBE000857D80898D8D868180868B8A86868788B3
:10FBF0008586888B8884848687868784817B7C79C8
:10FC00007A7B7B787A7A7E7B7A7C7F82868282821C
:10FC10007E7C79777A7F8787878B898580838788C1
:10FC200085828280827D7B7C7E7D7D7E81858282D5
:10FC30007C7C7676797C7B78797C818084848885ED
:10FC40008A85847F8688817E7A7B7F868681808292
:10FC500083827F7C8185818081827E7E82807B7AA7
:10FC60007D7F7C7E7D7E7A7B7A8187827A7E827CB4
:10FC70007C7E7E797F84858086878A8D84837B7E67
:10FC80007A797E797C7D82837E7B7A7D7B8083839B
:10FC900086817E798181858781828185828485863E
:10FCA0008686898A89838286837B7D818484868512
:10FCB00082827E7B7B7E807E7E7A7D7D7D807E7B68
:10FCC0007D83848986838181818280847D7F7E7E1D
:10FCD0007E7D7B797F7D7B7D7C7F787C7C7979796B
:10FCE0007878787878767B7E7B7A7A7E7B80808065
:10FCF0007F7A7E7E817B7E8186828183807F7F800A
:10FD00008281807B7B7A7677777A7D807E7D7D7F2E
:10FD10007D7E7D7D7F8181827E7C787C7C7E7E7F06
:10FD2000817F7B7F8387807E7F7C7B7D80807C7CE6
:10FD3000808080817F7F7E7F7C797A7C7D7C7A7CED
:10FD40007B80827D7D7E82817E80828483808081B3
:10FD50007E7D7B818184807F7F8186838785827D94
:10FD6000808183808182837E818283817E81808580
:10FD7000868684827F818384807F80827E7F80816B
:10FD80007E7F82868482807F8081807F807D7E7E70
:10FD9000828382828285808482827F81807F807F4D
:10FDA0007F80838483828182828382817E7E81833D
:10FDB000827F818182828584848586858382828018
:10FDC0007F82828081807F80828485817E8082851F
:10FDD0008284818482827F7F828283838382808205
:10FDE0008684817E7E7D7E7D7F8081818082807F12
:10FDF0008183807F7E7D7E7E7E80807C7C7D7F8017
:10FE000081828182818482828282837F7F7F7F81DF
:10FE10007F827F81808184817F7F828281817E7EDB
:10FE20007F81817E7F7F81818385888585828182B4
:10FE30008080807F7E8080828182858082848280B3
:10FE400080817D7B7C7D81807F7F7F7F7F818381BF
:10FE500082828382817C7C7F807E7E83828180839C
:10FE600083828180817F7F7E7E7C7C7D7E8181829A
:10FE7000828381818183838280808180817F83806E
:10FE8000808080818081828584807D7D7D7E7E7E74
:10FE90007F8081808081828081818180817F7F7E5F
:10FEA0007D7C7F7E7F818181807F7D7D7F8282805E
:10FEB0007F808281807F7F7E7F7F807E7E7F818248
:10FEC000807F8080807F7E7E7F7E807F7E7C808240
:10FED0007F818183807F8080827F7F7F7F8081831D
:10FEE00081828381818282827F7D7C7D7D7C7D7F1A
:10FEF0008080807E7F7F7E7D7D7C7E7F80807F8016
:10FF00007F807E7E7F7E7E7E807F7E7D80807F7E06
:10FF10007D7E7F7E807F7E7E7C7C7C7D7D7E7D7E07
:10FF20007E7F7E7C7D7D7E7D7F7F807F7F7F7E7EEE
:10FF3000808081808180808080807E8080807F7FC3
:10FF400080807F7D8080817F7F7D7D7E7E7E7C7EC8
:10FF50007E7E7D7C7E7F7E7C7E8080807F808080B8
:10FF60008080807F807F807E7F8080807F80808097
:10FF7000807F7F7F7F807F7E7E7F7F7F808080808D
:10FF8000808080808080808080808181808080806F
:10FF9000808080808080808080807F7F7F7F808065
:10FFA000807F8080808080808080808080807F7F54
:10FFB0007F80808080808080808080808080808042
:10FFC0008080808080808080808080807F80808032
:10FFD000807F7F7F8080807F7F7F7F7F7F7F80802B
:10FFE000808080808081818180807F818181818209
:10FFF0008283838383838281818181828281807EE7
:020000041003E7
:100000007D7E7E7F808182828181828181818181EA
:1000100081818283838383838383828181808081C2
:1000200081828180818283848485858584848383A1
:100030008281807F7F7D7E7E7E7F808283848384B9
:1000400084858484838281818181807F7E7E7F829A
:1000500084848585858585858483818180807F8072
:100060008182828282828180807F7E7E7F7F7F7E8E
:100070007E7F818284868685848383838383838253
:1000800081807F7F8183838384848484848381804F
:10009000807F7E7E7F7D7D7D7E7F8081828182816B
:1000A0008284848381807E7D7E7E8081828383833F
:1000B00083848483828281807F7E7D7C7C7D7E8040
:1000C00081828383838383838280807E7E7E7E7F22
:1000D000808082828383838383828383817E7D7C0D
:1000E0007C7D7E8081828384838383828281817F01
:1000F0007F7D7B7A797B7E7F82828281818283830E
:10010000838280807E7E7D7E7E7E7E7F8080807FFB
:100110007F7E7D7D7D7D7C7C7C7C7E8080808181FE
:100120008182828282807F7E7D7B7C7C7D7C7D7EE5
:100130007F7F808080807F7F7F7F7D7C7A7B7B7BE1
:100140007C7D7D7E7E7F81818180808080808080BB
:10015000807F7F7F7F7F7F7E7F7E7E7E7D7E7E7EB7
:100160007D7C7C7C7C7D7E7E7E7D7E7E7F7F8080B4
:100170007F7F7E7C7C7C7D7D7E7E7F7E7E7F7F7EA2
:100180007E7F7F7E7E7D7C7C7B7C7C7D7D7E7F7F99
:100190007F7F7F7E7E7E7D7D7D7D7E7D7E7E7E7D82
:1001A0007E7E7E7F80807F807F7E7D7E7F7F7E7D66
:1001B0007C7C7C7D7E7F808181818080807F7F7E52
:1001C0007F807F7F7E7D7E7E7E8081807F7E7D7D45
:1001D0007E7F80808080808182828384838382800E
:1001E0008080808081818180808080808182828304
:1001F00082807E7E7E7F80828384828181828181F3
:10020000818181818181817F7E7E7F8182838382E2
:10021000828181818180808181828281807F7F80D3
:1002200081828383838282817F7F808181818180BB
:10023000808081828382848483838282818182839D
:1002400081807F7F8081838484838483838383848C
:10025000828181808080807F80818282838282828D
:100260008484848383838483838282818182838460
:100270008383838281818282818080818182838461
:1002800083838382828282828281807F8081828353
:100290008383838585868584838383828281817F2E
:1002A000807F818283848484838281818080808135
:1002B000808080807F808182838383838282828129
:1002C00081807F7F7F7F7F8080818181818181812B
:1002D00081808080807F7F7F7E7D7D7D7F7F80802D
:1002E0007F7F7F80818080808181808080807F7F10
:1002F0007F807F7F7E7F7E7E7E7F80817F7F7D7E11
:100300007E7F7F807F7E7D7C7C7D7D7C7D7E7F800F
:100310008180808081828382817F7F7F8080807FD7
:100320007F7D7C7D7D7D7D7D7D7D7D7D7D7D7C7DFD
:100330007E808181807F7E7D7D7D7E7F7E7D7C7DD8
:100340007C7E7F80807F7F81807F7D7D7C7A7A7AD2
:100350007B7B7B7B7C7D7F7F8080807F7F7F7F7EC0
:100360007D7C7B7C7D7D7D7D7D7E7F8080807E7DB4
:100370007C7C7C7C7C7C7B7B7B7B7D7E7E7F7F7FB3
:100380007F7F7F7F7E7E7E7E7F7E7E7E7F80808180
:1003900081828281807F7E7E7D7D7C7B7B7D7F7F75
:1003A00080818282828282817F7E7E7F7F7F7F7F4B
:1003B0007E80818283838181817F7F7F7F7F7F8039
:1003C0007F7F7E7F807F7F7E7E7E7F8080807F7E3E
:1003D0007D7F8080808080818182838281807F7F19
:1003E00080818181807E7D7D7E7F81828181808010
:1003F000818282807F8081808080807F80828384F0
:10040000848482807F7E7E7E7F7F7F7F7F7F8083EC
:1004100084858686858381808080818180818181B9
:1004200081818081818182838281818081828384B4
:1004300083828181818181828281818182818281A5
:10044000818080808082838484858586868584827D
:100450008281808080818080808284858687868575
:100460008483827F7E7D7D7E808183838486858573
:1004700085848281807F7F80807F7F7E7E7F818375
:10048000848485858585858483817F7E7E7E7F7F4C
:100490007F80808081828384838383838282828140
:1004A000808080818183838382828283838483812D
:1004B0007F7D7D7E80818385848483848484828221
:1004C000818181807F7E7E7F808181818283838222
:1004D0008282817F7D7C7C7C7C7D7F7F808082822C
:1004E00082828283828281818281808080807F7FFC
:1004F000808081807F807F7E7C7D7D7E7D7D7D7E16
:100500007E7F8080807F7F7F7F7F7F7D7D7C7C7D05
:100510007E7F7E7E808081818181818080807F7FDF
:100520007E7E7D7E7D7D7D7F7E7E7E7F7F807F7FE8
:100530007F7F7E7E7E7F80807F7F7E7E7F7F817FCC
:100540007F7E7E7E807F7F7F7F8080807F7E7D7EBE
:100550007E7F7E7D7D7D7D7D7E7E7E7E7E807F7EBC
:100560007E7E7E7E7F7F7F7E7E7D7D7E7D7C7D7EAE
:100570007F7F7E7E7E7E7D7E7E7E7D7C7D7D7E7E9F
:100580007F7E7F7F7E7E7E7C7C7C7D7E7E7E7F7F8D
:100590007F7E7E7E7F7F7F807F7E7C7B7B7B7B7B85
:1005A0007C7D7E7E7F8081817F7E7E7E7E7E7E7F63
:1005B0007F80807F7F7F7F7E7E7E7E7D7D7F7F7F51
:1005C0007F808080807F7F7E7D7D7D7E7C7C7A7B4E
:1005D0007C7D7F7F8081828383848382828282820A
:1005E000818181808181808080807F7F7F7F7F800B
:1005F00081818181828282828180808081828382E6
:1006000081807F7E7E7E7E7D7D7D7E8083838282F3
:1006100082828384858584827F7E7D7C7E7F8081CB
:10062000838485858585858483838281807F7F7FA0
:100630007F80818383838383838384838383828393
:100640008283838483848484848483838383828277
:1006500082828081818282828281807F7F8080808D
:100660008182838282807F7E7E7F8183848585856F
:100670008585848482818080808180808080808163
:10068000828282828282828382828181808082824F
:10069000828282828281818283828181828283833B
:1006A000838384838282838381807F808080808132
:1006B0008080818283828281818081818282828125
:1006C000818080808081828383828181818080801B
:1006D0008080808282828181817F7F7D7D7D7E7E20
:1006E0007E7E7F7F7F8082838384848584858483EC
:1006F00081807E7E7F80818181807F7F7F808180FD
:100700007F7F7F7F7F7F7F7E7D7D7E7E7F7F7F7F00
:100710007F80818181807F7E8080818181818180D5
:1007200080807F7E7D7D7E7E7E7E7D7E7E7E7E7EE7
:100730007D7D7E7F808080807F7F7F7F7F7E7D7DCF
:100740007E7F8181807E7E7D7E7D7C7C7C7C7C7DCD
:100750007F7F7F7F7F7F7F7E7F80807F7E7E7E7FAB
:100760007F7F7F7E7D7D7D7E7F7F7F7E7D7D7D7CAB
:100770007C7C7B7B7D7E8080807F7E7D7D7C7C7DA4
:100780007E8080818080807F7F7E7D7C7C7B7A7B89
:100790007B7C7D7D7F7F7F808080807F7E7D7C7C79
:1007A0007C7D7F807F808080818181807F7F7F7F53
:1007B0007F7D7D7D7E7F8081807F7D7C7D7D7D7D59
:1007C0007E7E7E7E7E7E7E7F7F8080808181818135
:1007D00081807F7F7E7F7E7E7E7E7E7F7F80818127
:1007E0008181807F7F7F7E7E7D7C7B7B7C7D7F8126
:1007F00081828181818181818080808080807F7FF2
:100800007F818283838383828282838281808080CE
:1008100080808181818183848484828181818281BD
:10082000807F7F7F808182828283838383838382B0
:1008300082818080807F7F80818181818181807FB2
:1008400080807F80807F7F80818283848484848491
:100850008483838282828281807F7F808081828381
:10086000828282828384838281808080818283826B
:100870008383848484848585858686858482838237
:100880008384858685848282808180807F7F7F804B
:1008900081828484848484848482817F7F7D7D7E40
:1008A0007E7F808183868787848181818282828026
:1008B0007E7F808182838383848485868583817F14
:1008C0007F7F808080818181808181838282817F1E
:1008D0007E7F8081828080808182848585848384FC
:1008E0008384838280807F7F7F7E7F7E7E7F7F7E0A
:1008F0007F7F7F7F80808181807F7E7F7F7F7F7F02
:100900007F7F7F7F7F7F7F7F7F7F7E808080807FF4
:100910007F8080807F7F7F7E7E7E7E7E7F7E7E7EEC
:100920007E7D7D7D7E7D7E7E8081828382838180CF
:100930007F7F7E7E7E7E7E7F807F7F8080808080C6
:100940007F7F7E7E7E7E7C7C7C7C7E7F80808080C4
:10095000807F807E7E7D7C7C7C7D7C7E7D7E7E80BB
:1009600081818181807F807F7E7D7D7C7C7C7C7DA0
:100970007D7E7D7D7C7F7E7E7D7E7D7E7D7D7D7DA1
:100980007E7F80818282818180807F7F7D7D7D7D71
:100990007E8080807F7F7E7D7E7F7F7F7F7D7C7C71
:1009A0007C7B7A7B7B7C7D808080807F8080808068
:1009B000808080807F7F7E7E7E8182817F81807E3D
:1009C0007D7F7F8181807D7B7B7D7D7D7C7C7C7E4E
:1009D0007F7F7F7E7F7F81807F7D7E7E7F81818123
:1009E0007F8081828281807E7D7D7D807F807E7E12
:1009F0007E8081818181817F7F7F807F8080807EFA
:100A00007E7F7F80808080808181828282828380DD
:100A10007E7E8081828181808081818180828282CC
:100A200081807F8080808080807F7E7F7F7E7F7FCF
:100A30008081828484838180818282828182828299
:100A40008384858483838383828180808182828280
:100A5000808181818182838383838281817F7F7F83
:100A60007F81838383848485868685858482818152
:100A700081818181818281807F8081828383828262
:100A80008280818081808181828384848484838246
:100A9000818180807F7E7E8081838484858485843B
:100AA0008483838382807F7F7F7F7F7E7F81828339
:100AB000838382828181817F7E80828281807F7E2A
:100AC0007E7E8183848483828282828281807F8011
:100AD00081818181808182838181818180807F7E0B
:100AE0007D7D7F8080808082838384868583807FF4
:100AF0007E7E7F7F7D7D7E8081818281807F7F7E03
:100B00007E7E8081817F7E7C7E7E7E7F81818180F2
:100B100080808182838382817F80828282818180C2
:100B20007E7D7E7F7E7D7C7D7E7F7F7E7D7C7D7FEA
:100B300080828282808081828182808080807F7DAD
:100B40007C7D7E7D7E7E7F807F7E7F818181807FB8
:100B50007E7E7E7D7C7C7D7F8281807E7C7B7C7EB8
:100B6000808181807F7E7E7F7E7D7D7D7E8183838F
:100B7000807D7D7D7D7E7F807F7E7D7C7C7D7E7F98
:100B8000808282807D7D7E7D7D7D7E7E7C7C7C7D85
:100B90007B7B7D8081828181807F7E7D7E7E7D7C6E
:100BA0007D7C7C7D7D7D7E7E7E7E7E7E7D7C7D7C73
:100BB0007A797C7F807F7E7E7E7D7D7E8080807F57
:100BC000808181807F808181828383828181818213
:100BD00081807E7E7E7F7D7C7C7C7C7E808181802E
:100BE0007F7E7E7E7E7E7E7E7D7E7E7F7F7F7F7F20
:100BF00080818283838382828281807F7E7F7F7FE8
:100C00008081807F7F808182818181807F7F7F80E2
:100C1000807F8080818181828180807F7F807F80D2
:100C20007F807F7F7F8283838486868583828181A4
:100C30008080807F7E7C7B7B7B7B7D8082848382C7
:100C400081807F7F81828384828080818281808095
:100C5000818282828485858485858583838383835D
:100C6000818281818285858481807F7F8083868661
:100C700083807F7F7F8182807D7E81858585838261
:100C80008281808081828282828181808182828150
:100C90008282828081828483807E7E7F7F7F7F7F4D
:100CA000808081828382828182828282828281812B
:100CB0007F7F818485878788868382828181807F08
:100CC0007E7F808283828180828384848483838107
:100CD0007F7D7D7E7D7D7E7F8183868787868786FB
:100CE000878583807E7C7C7C7E7F7F818181808004
:100CF000818283828284858583807D7B7A7C7E7FEE
:100D000081818283838282828281808081828381C9
:100D100080808081818181807F7E7D7D7C7C7B7BEA
:100D20007B7A7A7B7D7F8283828281807E7E7D7DDD
:100D30007D7F7F7F7E7D7D7D7E80828384838281B7
:100D4000807E7D7C7B7B7C7D7E7E7E7C7D7E7F80CD
:100D5000818181807E7D7B7978797B7E81828382AF
:100D60008180808080807F7E7D7C7C7C7C7B7C7DA4
:100D70007E7F7F7E7E7D7D7D7D7B7B7B7B7D7E7FA1
:100D80007E7C7C7C7E7F8180807F7F7E7F7F7F7D7D
:100D90007D7D7D7D7E80807F7F8080828383838256
:100DA000817E7D7E7E7E7E7E7E7E7F808180818054
:100DB00080807F7E7D7D7D7D7D7D7E7E7E7E7E7F53
:100DC0007F7F7F7F7F7D7C7C7D7D7E7E7F8080803E
:100DD00082838483838383838281807E7C7B7A7A0F
:100DE0007A7C7C7E80818282838281818181808005
:100DF000807F7E7E7E7E7F7F8081828282817F7EF9
:100E00007D7D7E7F807F7E7E7D7D7E8082838382EE
:100E100082828281807E7C7C7D7F7F7F7F7E7F7FE0
:100E2000808080807F8080818080818181808080BF
:100E300080808080818281818081818181818181A6
:100E4000808180828384848484838281807F7E7E8B
:100E50007E7F7F8180818080808181818183858583
:100E60008484838180808285868685838281818156
:100E7000818081808080808181818283838382815F
:100E800081817F7D7E8081828486868481807F804F
:100E9000808181828180808081828586868585852A
:100EA0008483828180808081808080807F80808137
:100EB0008184848585868582807F80807F80808113
:100EC00080818181818384868887868483838282EE
:100ED00081818082828283848485858482818080EE
:100EE0008081828383828180808181807F7E7E7EFB
:100EF0007F7F7F7F7F8081828485848382818080E1
:100F00008081818181818181807F7E7E7F818181DD
:100F1000807F7D7C7E7F8081807F7F7E7F807F7FE2
:100F20007F808080807F8080808081807F7F7E7FC7
:100F30007F807F7E7E7E7E7F7F7F7F807F7F7F7EC4
:100F40007D7C7B7B7B7C7C7D7C7C7D7E7F808181CE
:100F50008282828281807F7E7D7D7D7D7D7D7D7EA2
:100F60007E7E7F7F7F7E7E7E7D7E7F807F7F7F7E99
:100F70007E7F80807F7D7D7E80808181807E7E7E81
:100F80007F80818180807E7C7C7B7B7C7C7C7C7B89
:100F90007B7B7D7E7E7F7F7F7E7F80818080808265
:100FA0008281807E7D7C7C7C7E7F7F808181818050
:100FB000807D7E7E7E7D7D7C7B7B7B7B7C7C7D8063
:100FC00082818180807E7B7A7C7E7E7E7D7D7E803C
:100FD00081828281807F7F7F7E7D7D7D7E7E7F7F1F
:100FE0007F7F7E7D7D7C7C7D808282817F7F7E7E17
:100FF0007F80818180808181807F807F80828586E3
:101000008582807E7D7C7C7C7D7F808080828283E7
:10101000838381817F7F7F7F7F7F7F7F7E7E7E80D6
:101020008181818182807F7D7F7F818182828281B7
:10103000818282818180807F7F7F8080807F7F80AE
:10104000808081828384848484848282818181807F
:101050007F7F7F7F80818383838484848483838272
:101060008180807F7F7F8081828282828282828271
:101070008181828282838383828181818181818156
:101080008182828281818181828282828383838242
:101090008383838282828181808080818182848532
:1010A0008585838382828282807F7F808081818226
:1010B000838585858585848585848281807F7E7E04
:1010C0007E7F80818080818283838483838181800D
:1010D00081818282828282828281818181828283F5
:1010E00082817F7F7F7F7F7F8080818383838281F6
:1010F0007F7D7D7E7F8081818080808080807F80F9
:10110000818283848382828180808181807F7F7FCE
:101110007F7F7F808181818182807E7D7D7D7C7DDE
:101120007E7E8080808282838384838482807F80AD
:1011300080808080818282807F7E7D7D7E7F7F7FB8
:101140007F7E7E7F7E7E7F7E7E7E7D7D7C7C7C7DC5
:101150007E7E7E7F7F7F7F7F7F80818181807F7E9B
:101160007D7E7E7E7E7F7F7E7D7D7D7C7E7E80809F
:10117000807E7D7C7B7B7C7D7D7F7F80818080808D
:1011800080808080807F7E7D7C7B7C7D7E80808176
:10119000807F7D7D7D7D7E7D7D7C7C7B7B7C7D7E7F
:1011A0007F8080807F7F7E7D7B7B7B7C7C7F80815E
:1011B0008284838381807F7E7D7D7C7B7B7B7B7C47
:1011C0007E8080808181818183838281807F7D7C1C
:1011D0007C7C7C7C7C7E7F81828383828281828214
:1011E00082807E7C7C7B7B7B7C7D7E80828281801A
:1011F0007E7E7F7F80807F7E7C7C7B7C7D7E80820C
:1012000084848382807F7E7D7E7E7F7F80818181DA
:1012100081828282828080807F7E7D7C7C7B7C7EDE
:1012200080818283828281818282818081808080AC
:101230008080808182838484848383838281808090
:101240007F7F7E7F808182818181807F7F807F7FA1
:101250007E7E7E7E7C7D7E7F808284868585848680
:101260008585838381808080818180828384858459
:1012700083828182838382807E7E7E7F7D7C7C7C74
:101280007E7F81838485848486868584838282822E
:10129000828283838484848484838383838383821C
:1012A000807F7E7E7D7D7E7E808283848381807F41
:1012B0007F808081818182838283858788888885F9
:1012C000848180808180807F7F8080818181818115
:1012D000828282828181807F7E7E7F808081838402
:1012E00085858685848485858483828281828282C5
:1012F0008282818080807F7E7E7F808180818081EC
:101300008082848686858483818182828382817FB4
:101310007D7B7B7C7E8081828383838383838281C8
:10132000807F7D7C7B7A7A7B7D80818282818080D8
:10133000808181818181807F7F807F7F80818181A9
:1013400081807F7F7E7E7E7E7E7D7D7E7F7E7F7FB5
:101350007F7E7F8081807F7E7E7D7D7C7B7B7A7AB5
:101360007C80828381807F7E7D7D7D7D7D7C7C7B9A
:101370007A7A7A7B7C7E808181807F7F7E7D7C7C97
:101380007B7B7C7D7E80828382828180807E7D7B70
:101390007A797A7B7D7F8080807F807F7F80807F6D
:1013A0007E7C7B7B7C7C7C7B7B7A7D7F8181807F6C
:1013B0007D7C7C7C7E7F81807F7E7D7B7B7C7D7F56
:1013C0007F80807F7D7B7B7B7C7D7E7E7E7C7B7C4B
:1013D0007E7F8081838482807E7D7C7C7D7E7F7F1A
:1013E0007D7C7C7D7E808182838484817F7F7E7D05
:1013F0007C7C7E7E808282828283828180818182E7
:10140000817F7E7D7D7C7D7E8080808183828281E4
:1014100081818281807E7E7D7C7C7E7F81828483CF
:10142000818080807E7F80817F7F7F8080808182BD
:1014300082838586878785837F7D7B7B7B7E818496
:10144000868786848383838583827F807E7E7D7C7E
:101450007D7F80818384858585848483838485855D
:101460008381808181828483828081818280818066
:1014700082828282828382807F7F7F7F7F8181815F
:101480008385858583818080808082838383848433
:10149000858584838383828281807F7F7F80808231
:1014A0008385868585848382828280807F7F808019
:1014B000818181818181828181828183838484840D
:1014C00084838282828283838282828281818282F9
:1014D000838382808080808283827F7E7E80808101
:1014E000807F7E7E7F8081818382838483828282EB
:1014F00083838483818181807F7E7E8081828282DA
:10150000817F7D7E8081807E7E7E7F7F83848484D8
:101510008281818282818081807F7E7E7E818184C2
:10152000848584848381807F7F8080807E7D7D7DB3
:101530007E7F8181807F7F7E7E7D7E7F807E7D7DC0
:101540007E7E7E7E808180807F807F807F818181A2
:101550007F7E7D7D7D7F807F7F7E7C7C7C7E7E80AC
:101560007F7F7D7C7C7D7D7E7E7E7F7E7E7F7F7F9C
:101570007D7D7D7F7F808081807E7E7E817F807E7D
:101580007E7D7E7E80807F7E7E7E7E7D7E7F7F7E76
:101590007C7D7E7E7E807F7F7E7E7F81807F7E7F62
:1015A0007F7D7C7C7C7C7D7D7E7E7D7D7D7E7C7B6D
:1015B0007C7B7B7B7C7C7D7D7C7C7E808081818054
:1015C0007F7D7C7C7D7D7D7D7D7D7C7C7E80808142
:1015D000828384827F7C7B7B7D7F7E7E7C7B7B7D28
:1015E0008081818282818080807F7F7F7F7E7F7FFC
:1015F000808182817F7D7F7F81807F7D7B7A7B7E02
:1016000080807F7E7E7F81828383817F7F7F7F7FDB
:101610007F8080807F7E7E7E8282838281808080C8
:101620007F8081828180807F807E7F8183848585A9
:10163000838281807E7F7F808080808080818383A1
:101640008383848483818181828281818080808080
:10165000828283838382828080807E7E7E8080827D
:10166000818282838383838283818282828180805C
:101670007F7E808082838484848484848483828146
:10168000818283828281818384858483828483842E
:10169000838382828181828385858684838283831A
:1016A00081817E7D7D7F818281807F7D7F8082833D
:1016B0008383828281828182828283848382828107
:1016C0008181818080808182848483828181828201
:1016D00082848484828080818283848382838181E6
:1016E00081818181808181818182828282808081E9
:1016F00082817F7E7D7E80828383828282838484D6
:101700008483817F7E7D7E7C7D7D7E7F80817F7FE7
:101710007F828585848281807F7E7F7F7E7E7E7FC3
:101720008081828282838383838382807F7E7F80A5
:101730008080807E7F8080818181807F7E7D7D7DB5
:101740007C7B7B7C7D7F807F80807F8080817F80B1
:101750007F7F7E7E7D7D7B7D7F8283838180808194
:101760008282817E7C7C7E7F807F7E7C7B7C7F8092
:10177000828282807D7C7B7C7D7F7E7D7C7C7D7E89
:1017800081818282828180807E7C7A79797B7D7E74
:101790007F7D7D7C7D7D7F8082817F7B7A797A7B76
:1017A0007C7C7C7D7E808181807F7F7F7E7D7D7C57
:1017B0007B797A7C7F807F7F7F7F7F7F8080807E48
:1017C0007D7C7D7B7C7D7E7E7E7F808080817F8036
:1017D0007F7F7D7E7E7F7D7D7D7D7C7C7C7E7F7F2F
:1017E0007D7E7E7F7F7F7D7D7B7C7D7F7E7F7F801A
:1017F000818282828282818081807F7D7D7E7F7FE7
:101800007F808082828181818181807F7F7F8080D3
:1018100080808081818281817F7F7E7E7D7E7F7FCF
:101820008080807F7F80828383828080807F7F7FB3
:101830008080807F81818282818181818182828298
:10184000808080807F7F8181828180808081818291
:101850008281818181818282838383828382828269
:101860008383848585858583828180828283838248
:10187000818181818281818183838281807E7D7D5E
:101880007F80828282818383848584848383818133
:101890008181818182828281808080808282828136
:1018A0008282828282838482818283838281807F1A
:1018B0007E7E7F81818081828283848688888888F9
:1018C00087858482807D7B7A7A7C7F80818181821A
:1018D00083848586858481807D7C7C7C7E7F7F80FF
:1018E00082838585858484848485858584838281BB
:1018F00080807F8180808081817F7F7F7F7F7F7FED
:101900008080818181818181828384838281807FC3
:101910007E7E7E7E8080807F8080828182838384C1
:1019200083838180808180807F7F7F7F80818080B2
:101930007F7F7E7F7F7F7F7F7E7F7F8081808081B2
:1019400081818280807F7F7F7E7E7F7F7F807F7F9F
:101950007E7E7E80818181817E7D7D7D7D7E7D7D9F
:101960007D7E81838382817F7E7E808081807D7B7E
:1019700079797A7C7D7E7F8181828382807F7E7F80
:1019800080807F7E7C7B7B7C7E80838382807F7F68
:101990007E7E7D7F807E7D7D7E7E7E7E7F8081825D
:1019A00083817D7B797979797A7C7D7E7F7F808068
:1019B000807E7E7E7F7F7F7E7C7C7C7D7D7C7C7D4F
:1019C0007F818181807F7F7E7E7E7E7C7B7B7C7E33
:1019D0007F7E7D7D7E7E8080807F7E7E7D7C7D7E25
:1019E0007E7E7F80818283838281807F7E7D7D7DFC
:1019F0007D7C7B7D7E7F80808081828484838180EA
:101A00007E7D7D7D7C7B7B7B7C7E8181807F7E7EFD
:101A10007E7F7F8081807F7F8080808281818180C6
:101A2000808081818282818080807F8080808081AF
:101A30008281807F7F7F7F7F7F8080807F7F7F7FAD
:101A40008081808080808182828180807F7F808190
:101A5000807F808182838383848484848382818065
:101A60007F7F808080808181818182838282828366
:101A70008281818181828282838282828383828247
:101A80008383838382828282828484848484838326
:101A90008282828281808081818181808080828235
:101AA0008382828384858583828181828484838109
:101AB000807F8081838484848586868686848280F4
:101AC000807F7F7F7F7F807F7E7E7E808283848613
:101AD00086868585848382818181828281807F7FE1
:101AE00080818282828281818081838483838282D9
:101AF00083838382818181807E7E7E7F7E7E7F7FE5
:101B00008182848484838282828181807F7E7F80BF
:101B1000818180807F8081818181807F7F7F807FC4
:101B20007F7F7E7F7F7F80818181818181818080B5
:101B30007F7E7E7E7E7F80808080808081828382A7
:101B40008181807F7E7E7E7E7D7D7D7E7E7F7F7FAC
:101B50007F8080808081807F7F7F808080807F7F8A
:101B60007E7E7E7F7F80807F7F7E7E7E7E7E7E7F8C
:101B70007E7E7E7E7E7D7D7C7D7E7D7D7D7E7E7F8C
:101B8000808081818281807F7E7D7D7E7E7F7F7E61
:101B90007D7D7C7C7D7E7E7F7F8080807F7E7E7D64
:101BA0007D7D7E7E7E7D7D7D7D7C7D7E7E7D7E7E5F
:101BB0007E7F7E7F7E7E7D7E7E7F7E7D7D7D7D7C49
:101BC0007D7D7D7D7D7E7D7D7D7E7F7F7E7F7F7F38
:101BD0007E7D7C7C7C7C7D7E7E7E7E7F7F7F808028
:101BE0008181808080807F7F7F7E7F7F80818181F7
:101BF00080808181818080807F7F7E7D7E7E7E7EF1
:101C00007E7F7F7F7F7F7F7F7E7E7F7F7E7F7E7EEA
:101C10007E7E7F7F8080807F7F7F7F7F7F7E7E7ED6
:101C200080818181807F7F808080808080807F7FB5
:101C30007F8081818283828282818181818182828F
:101C40008180818080818182828281808080808188
:101C50008181808180828181807F80808181828278
:101C6000838282828182818282828181818181805C
:101C7000818282828182828282818181818182814C
:101C80008180807F81818181818282828383828140
:101C90008282838484828282818182828283828220
:101CA000828282828282838282828281817F7F7E1F
:101CB0007F7F8180807F8180828384858484848407
:101CC00083838382818181818282828181818080FC
:101CD000808283838281818080807F7F7F7F7F7FFE
:101CE000807F7F7F818082828483828282828181E1
:101CF00081818181818181818181818383838282CC
:101D000081808181818181828383818282828281BB
:101D10008180818081818281807F808080808081BC
:101D2000818182828282818182828181818180819E
:101D3000808181817F7F7F7F7E7F7F8081818281A3
:101D4000818181828180807F7F7E7E7D7C7C7D7DA4
:101D50007F7E7E7E7F7F8081818281807F7F7F7F8B
:101D60007F807F807F807F807E7F7E7F7F7F807F80
:101D70007F8080807F7E7D7D7D7D7E7F7F7F7F7E7B
:101D80007D7D7D7E7E7E818281807E7D7C7C7C7C73
:101D90007C7D7D7D7E7F7E7F8081818181817F7E54
:101DA0007D7E7D7D7C7D7D7C7C7E7F7F7F7F7F7F58
:101DB0007F7E7E7E7E7E7D7D7D7D7E7F80807F7E40
:101DC0007E7E7E7E7D7D7E7E7F7F80807F7E7E7F2D
:101DD0007F7E7D7D7E7D7C7D7D7D7C7C7D7E7E7E2F
:101DE0007D7E7E7F7F7F7E7D7D7C7C7D7E7E7F8015
:101DF0008180808080807F7F7F80807F7E7F7E7EED
:101E00007F7F7F7F7F80808181807F7F7F808080D8
:101E1000807F7F7F7F807F7F8080818281818080C3
:101E20008081818181807F7E7E7F7F7F80818282B1
:101E300081807F7D7E7F8080807F7F808181807FA9
:101E40007E7E7F8080808181818282828282828385
:101E50008383838280807F7E7E7F7F7F7F80808080
:101E6000818182818282828181818282818181815C
:101E70008181808081828282828180808181818152
:101E8000808082828282828282828383817F7F7F3E
:101E90007F7F80818181808182838383838382812C
:101EA000807F7E7E7F7F7F80808182838383828329
:101EB000838382818181808080818181818182820E
:101EC00082828383828282828281818182818181F6
:101ED00082828383838384848383838281828282D8
:101EE000818181818181818180807F7F7F7F7E7FF1
:101EF000818283838485848482818180807F7F7FC7
:101F00007E7D7D7F818385868585858482817F7EB8
:101F10007E7E7F7E7D7C7E808181828283838486BB
:101F20008581807F7F808182838383848483838291
:101F30008181828482807E7D7D8080828181818199
:101F40008181818181828181807F7E7D7D7E7F8193
:101F500082828180808081818282807E7D7E7F7F7F
:101F6000807F8080807F7F7F7F7F807F7F7E7E7D80
:101F70007C7C7D7F8182817F7F7F8180807E7F7D71
:101F80007C7C7D7E7E7F808180817F7F7F80808062
:101F90007F7F7E7D7D7C7C7D7D7D7E80808080805E
:101FA00080807F7F7E7D7D7E7F807F7D7C7C7D7E4F
:101FB0007E7E7E7E7E7F7E7C7B7B7C7D7D7D7E7E4D
:101FC0007F7F7F808080807F7E7D7B7B7B7C7C7D34
:101FD0007E7E7E7E7F7F7F7F7E7D7D7D7D7C7B7B29
:101FE0007B7B7C7D7F7F7F7E7E7E7D7C7C7C7D7D20
:101FF0007E7E7E7E7F808282827F7E7E7F7F7F7FED
:102000007E7D7D7D7D7E7F80818283838281807DD8
:102010007C7C7C7C7C7B7C7C7C7E80818281807FE4
:10202000808281817F7E7C7C7C7D7D7E7E7F8182C3
:102030008282808080818181807F7E7D7D7C7D7EAB
:1020400080828383828282828181818282817F7E7B
:102050007F808181818182828283848382807E7E6F
:102060007F82838484828182828282818181818055
:102070007F7E7F8080808080808181828281828259
:10208000828281817F7E7E7F808181818281828345
:102090008382828282838383828180818282828220
:1020A0008383838281818180807F80828283848414
:1020B00084848484838282828281818181808182FE
:1020C0008485858584838283838281807F7E7E7DF3
:1020D0007E7E7E7E808383838283838383848382E8
:1020E00081818382807E7E7E8184868686858485CA
:1020F00085858482828181818182818181818283BF
:1021000084838281807F7F7F8182828384858685AC
:1021100085848381808183838180808081828384A0
:102120008483818180807F7F7E7F808282828180A4
:102130007F7E7E7E7E7F80808182828181808080A2
:10214000807F7F7F7F7E7D7D7E7F80818384848290
:10215000807F7E7D7D7E7E7E7E7E7E7F7F7F7F7F99
:102160007F7E7E7E7E7D7C7E7E7E7F7F7F7F7F808A
:1021700081828181808080808181828280807F7F56
:102180007E7E7F7F7F7E7E7F7E7F7E7E7E7E7D7E6B
:102190007E7F7E7D7E7D7E7E7E7F7F7F7E7E7E7E5D
:1021A0007E7D7E7E7E7E7F7F7E7E7D7D7D7C7B7B59
:1021B0007B7B7B7B7C7D7E7E7F808080807F7E7E44
:1021C0007E7F80807F7F7E7E7E7D7D7D7E7E7E7E2B
:1021D0007D7D7C7D7E80808081818080807E7D7D14
:1021E0007E7E7F807F7E7D7E7F7E7F7F7F7E7E7F07
:1021F0007E7D7D7E7E7F80807F807F7D7C7C7B7B03
:102200007C7D7E7F7E7E7D7E7E7E7F8080808080E6
:1022100080807F7F7F807E7E7E7F80808081807FC8
:102220007E7E7F808080807F7E7F7F7F7F7E7E7EC0
:102230007F80807F807F7F7F7F7F807F7F7F7F7FAA
:102240007E7D7E7E7F7F808182828282828181818B
:10225000807E7D7D7E7E7F7E7F808080808080808E
:10226000808081818282828181818081818181805F
:102270008180818080807F7F80818183838484834B
:1022800082828283838282828282828281807F8133
:102290008181818283838384848483828182828119
:1022A0008181828180808181818181818182838518
:1022B00084838382828181828383838585868483EC
:1022C000817F7F80818182828180818182838382FC
:1022D00082828282838281808181828283838281E1
:1022E00080808082858686868585848282818180C1
:1022F0007F807F7D7C7D7F818384858685858483C7
:1023000082818181828282838383848382818080AF
:102310007F7F8080808180808080818283858585A9
:10232000827F7B7B7C7E808283827F7E7E7E8080BC
:10233000818181828284848381807F7E7E7D7F8192
:10234000828180807F7F7F7F7F7F7F7F7F7E7E7C9B
:102350007D7E7F808184868584848384848381805C
:102360007D7B7A7C7F8182828180808080807F7F7C
:102370007F7E7E7D7C7B7D7D7E7D7E7E7F80807F7F
:102380007F7E7F80807E7E7D7D7E7E7F808181805E
:10239000807F807F7F7E7F7E7F7F7F7E7E7D7E7E53
:1023A0007E7E7F7F7F7F7E7F7E7E7C7C7B7B7C7F53
:1023B0008183838382807E7D7D7D7E7E7F7E7F7E26
:1023C0007E7E7E7E7E7E7F7F7E7C7B7A797A7B7C42
:1023D0007C7D7D7D7C7C7D7E8080807F7F7E7E7E1F
:1023E0007E7E7D7B7B7A7B7D7F7F7E7D7D7C7D7D20
:1023F0007F7F7F7E7E7E7D7C7C7C7D7F8081817FF8
:102400007E7D7D7C7C7C7C7C7C7B7B7C7E7F8081FC
:10241000818080807E7C7B7A7B7C7D7D7E7E7E7EE3
:1024200080817E7E7E7F7E7F7F7E7E7E807F8080BD
:1024300083848584837F7C7C7C7E7F8180807F7F9A
:10244000808182828181807F7E7E7E7F808081828A
:10245000838383827F7E7D7D7D7E7F7F808181827D
:10246000838384848383817F7E7F80808080828356
:102470008483838282807F7F7E7E7F808181818151
:10248000838584838181808181818281828183832C
:102490008482838485858483838485858383828104
:1024A0008080818383848382818281828282818110
:1024B0008081807F7D7E7E80808282848485858508
:1024C00085848382828080808180808182828384EF
:1024D00084838382838382828281818080808081E1
:1024E00082818283838383848585858686878786A8
:1024F0008584838282828282818182828180817FBF
:102500007F7F7F81828282828283838382838282B1
:1025100081807F7F7F80818383858484848383839C
:1025200082807F7F7F80808282858789888685827E
:102530007F7C7B7B7C7C7B7B7C7E808284858484AF
:10254000858686858381807E7D7D7E808181818276
:1025500082807F818281807F7E7C7B7B7D7D7D7C94
:102560007C7E807F7F7D7F7F828384817F7B7A7B7F
:102570007C7D7F82838281818182838382817D7B56
:1025800079797B7A7B7C7C7C7E81828280807F7F74
:102590007D7C7A797878787B7E8183848381807F63
:1025A0007F80807E7E7D7B7A7A7B7B7A797A7D8064
:1025B00082817F7D7C7B7B7B7B7A797A7B7C7C7E56
:1025C0007F80808080807F7D7C7D7C7C7B7C7B7C31
:1025D0007B7D7F7F808181828281807F7D7B7A7A13
:1025E0007B7B7C7C7D7E7F7F8081808080807F7D07
:1025F0007C7C7B7B7B7C7D7D7D7D7E7E7E7E7E7F0D
:102600007F7E7F7E7F7E7D7E7F80818181818282D1
:102610008180807E7C7D7E7E7E7E7E7F7E7D7E80D4
:102620008182838282807F7E7F7E7E7E7E7F7E7DB2
:102630007E7F81818282828281818181807F7F7F92
:10264000807F808181828282838383817F7F80807B
:10265000807F7E7F818282817F7F7F80807F7D7B84
:102660007B7D7F8183828282838383838483838251
:102670008282817F7D7E7F80818385858484838241
:102680008284858583817F7D7D7D7C7D7C7E7F814D
:102690008487888786868683818080808182828203
:1026A00081818485868787868685848383838180EC
:1026B0008080817E7D7E7F8183858684828080810B
:1026C00082818081818080828586868686868685D5
:1026D00085858381818283848482838181808081D6
:1026E000807F7F808282818180807F7F80828384DF
:1026F00084848382838383838281828283838383AE
:10270000838383838383828181807E7D7D7E7E7FC0
:102710008080808282838383838382807F807F81A5
:1027200081828282828282848684838383817F7E87
:102730007E7E7E7C7B7B7B7C7D7F818180808385B0
:1027400085848484848280807F7F7E7E7E7E7C7C84
:102750007E7F7F7E7F818181818284828180808073
:102760007F7D7C7C7C7D7E80807E7C7B7C7D7D7E95
:102770007F8182828281807F7F7F81818281807F51
:102780007E7E7E7E7E7E7F7F7E7D7C7D7C7C7B7B75
:102790007C7D7E7E7F7F7E7F7F8081807F7E7F7F4E
:1027A000807F7E7D7E7E7E7E7E7D7C7D7D7E7E7E4C
:1027B0007D7D7F808181817F7E7E7E7E7D7D7D7B34
:1027C0007A7A7C7D7F7F8181807F7E7E7E7E7E7F28
:1027D00080807F7E7D7D7D7E7F8080807F7E7C7B14
:1027E0007B7D7E7E7E7F7F7F7E7F7F7F7F7F7E7F04
:1027F0007E7D7E7E7E7D7D7E7E7D7E7E7E7E7F7FFB
:102800007F7F7F7E7E7F7F808080808181808080CF
:102810007F7E7D7D7D7D7D7C7C7D7E7F80818180D6
:102820007F7F7F808181808080807F8080818283A4
:102830008384848484848281807F7F7E7F7E7E7E89
:102840007F7E7E7F8080818080808080807F7F7F90
:102850007F7F80808181828181808181828182816C
:10286000818180807F7E7E8081828282818281815F
:102870007F7E7D7D7C7C7C7D7E7F80818283848465
:10288000838382818181818183838383848485841E
:102890008483838383828180807F7F7F7F80818127
:1028A0008182828282818180807F7F7F7F7F808121
:1028B00083838484858585848382828282828181E8
:1028C00080808081818282838382828180808080F7
:1028D00080808080807F7F808081828284838383E8
:1028E00082818182838484848484848483838281BA
:1028F000828384838382828181808080807F7F7FC6
:102900007F80807F808182828283838484858584A6
:10291000838281807F7F80808082828281828282A6
:1029200083838281807F7D7C7C7E7E7E7F7F7F80B3
:10293000818181828180808081808080808182838A
:10294000838482817F7E7E7E8081818281807F7E82
:102950007E7E7F808080807F7E7C7C7D7F80828386
:1029600084838283828180818182828181807E7D55
:102970007C7C7D7D7E7F80807F80807F7E7D7D7D75
:102980007E7E7E7C7B7B7B7D7F81818180807F8062
:102990007F7F7E7E7F7F8082818180807F7E7C7C46
:1029A0007A7A7A7A7A7B7C7D7E7E7F7F7F807F7F5A
:1029B0007E7E7E7F8080807F7F7F7F7F808182811F
:1029C00080807F7E7D7B7B7A7B7C7D7D7D7D7E7E36
:1029D0007F7F7F7E7F7F807F7F7E7C7B7C7E7E7F14
:1029E0007E7E7D7E7E807F8080807F7E7E7E7D7C01
:1029F0007C7C7C7C7D7D7F7F81818181807E7D7CF4
:102A00007D7D7E7F7F7F7E7F8081828382807F7ECF
:102A10007F7E7E7E7E7E7E7F7F7F7F807F7E8081C9
:102A200082828282807D7B7B7C7E7F7E7E7D7D7DBF
:102A30007C7D7D7D7D7F80818181807F7E7E7E80AB
:102A400082828181807F7F7F8081807F7E7F7F7F88
:102A50007F7F7F8080818181807F7E7E8081838473
:102A60008483828181808080808181818282828151
:102A7000818182828281828282818181818181823F
:102A800082828281807F7E7D7E7F80818182818142
:102A90008181818080818283838483828182838318
:102AA00083838382828383838383838383828181FD
:102AB00081828181818181818182828181828383FE
:102AC00084838383828283838384848484838382D4
:102AD00082828281818282828181818281817F7FE3
:102AE0007E7F7F808181807F8080828283838383D9
:102AF00083828383848382828385858583807E7DB0
:102B00007F828382817E7D7E8081807F80818383BE
:102B10008484828181818282838383828180808197
:102B20008384858584838281818181818081818183
:102B300081807F80838486858581807D7D7C7C7D8E
:102B40007E7F80818182838382828181807F7F7E7C
:102B50007F7F818180818383838181807F7F7F7E6E
:102B60007E7F7F7F7F7F7F7E7E7E808080807F7F75
:102B70007E7F7F7F7E7E7D7D7E7E7F808181808166
:102B80008281817F7F7E7D7E7E7F7F8080807F7F50
:102B90007E7D7D7D7E7E7F7F7E7E7D7C7B7B7C7E61
:102BA0007F81808080807F7F7F7D7E7F80807E7C34
:102BB0007B7B7C7E7F80807F7F7F7F7E7D7C7C7C3B
:102BC0007D7F7F7E7C7C7B7C7D7E7F7F7E7D7D7D2F
:102BD0007E8080818181807F7F808181807F7F7EF8
:102BE0007E7C7B7B7B7B7C7E7F7F7F7F7F7F7F7F0D
:102BF0007E7E7E7E7D7C7B7B7C7E818181818180EF
:102C00007E7D7E80808080807F7F7E7E7E7E7F7FD7
:102C10007E7F7E7E7E7E7D7D7D7D7F80807F7E7ED1
:102C20007E7E7D7E7E7E7F808281828283838382A0
:102C3000818080818181807F7F7E7F80807F7E7D9B
:102C40007C7C7D7F8282818182828382828282807B
:102C5000807E7D7E80828282828281807F80818070
:102C60007E7E7D7E7D7D7C7C7F8284848582807E6D
:102C70007E7E7F808181807F7F818282828382824B
:102C800082828181807E7E7D7E808182828281813E
:102C900080807F8183838483838282828281818119
:102CA000818181818182828282828181807E7F7E18
:102CB0007F818181808080807F7F807F7E7E818216
:102CC000838383848484848381807F80807F7F80EA
:102CD00080808081828281818384858585858381CE
:102CE000807F807E7F8081828282838483838180D3
:102CF000808182838381807F8181838485858585AE
:102D0000868786848180808180808081817F8182A6
:102D10008383838281808081818281807F7F8080A4
:102D2000818181807F7F8081818283848484848586
:102D300083817F7E8081818081807F808384848382
:102D40008282838281818180807E7E7F7F7F80807E
:102D50007F7E7D7E818485848382807E7F81828167
:102D60008180828180808081828283848584828048
:102D70007F7E7E8080807E7E7F7F7F7D7D7C7C7C71
:102D80007C7D8082828180807F7E7F808081828244
:102D90007F7E7D7D7D7D7D7E7F7F7F818182807F47
:102DA0007E7F7F7F7E7E7D7D7D7E7D7E7D7C7C7E49
:102DB000808281807F7D7B7C7D7E7C7C7D7F80832B
:102DC000848684838080807F7E7E7E7C7B7B7C7C0F
:102DD0007D8082828283838381817D7B7D7C7B7AFF
:102DE0007C7C7B797B7D8081807F7D7B7B7E828408
:102DF00083807E7E7E7D7E8081807E7D7C7D7C7CEE
:102E00007A7A7A7A7A7B7D7D7D7D7F807F7E7F7FF7
:102E10007F7F7F8080807E7D7C7B7A7D80828383C4
:102E2000838282817F7E7C7C7B7B7B7C7D7E7F7FBF
:102E30007E7C7D7F807E7C7B7C7D7D7E7E7F7F80B7
:102E400080818181828282807F7F7F7F7E7E7D7E86
:102E50007F7E7E7D7D7E7F7F7F7E7D7C7C7C7C7E99
:102E60007F81828482828282838384838282828140
:102E700081818281817F7F7F808182828281808146
:102E80007F7E7C7D7E7F808181818383817F7D7B4E
:102E90007B7E80838484828080807F7F8082848523
:102EA0008687878685838382838382817E7D7B7C00
:102EB0007C808386858482828283858585848483E1
:102EC0008382817F7F8082838586868685838181D8
:102ED00082838585858484828281808082838281C9
:102EE00081808181807F7F808081838483838281D0
:102EF00082818282828282818281818081808182BC
:102F0000828383858687868583848382818081828C
:102F10008282828183828282838383828181808193
:102F2000818282838383838281828383828281827E
:102F300081828181828181828384838281807E7E7D
:102F40007E7E7D7B7A7A7C7E7F8081828284868889
:102F50008787858482817F7E7E7E7F7F818080805F
:102F60008181828283828281807E7E7E7E7D7E7D63
:102F70007D7F8082828381807F7F7F8080807F8051
:102F80008184858483817F7E808182807E7B7A7943
:102F90007B7D7E7E7D7E8083858583807D7B7C7D41
:102FA0007F8080807E7A78797B8082828281807D3A
:102FB0007D7F7F7E7E7F807F807F7F7D7D7C7E802A
:102FC00082817F7B797778787B7C7C7C7C7C7C7C45
:102FD0007D7D7D7D7D7D7E7D7D7B7C7C7E7E80811B
:102FE00082828182817F7E7D7D7B7A7A7B7B7B7C06
:102FF0007D7E7D7D7D7E7F7F80807F7E7D7C7B7CF6
:103000007C7E7E7F7F8182818081817F7F7F7F7ECA
:103010007E7E7F7F7F7E7E7C7C7D7E7D7D7D7B7BDB
:103020007A7A7A7C7D7F7F7F8081828283828180B1
:10303000807E7E7E7E7E8081818181818080808194
:10304000828281807F7F7F7F7F7E7E7E7F7F7F7E8B
:103050007F7F7F7F7E7D7D7C7D7D7F818384848477
:1030600083838384838282817F7E7D7D7D7F7F7F5A
:103070007F807F7F818081818382817F7E7C7C7C59
:103080007C7E7F8284848383828383858687868413
:10309000817F7F8181828180818284858684848012
:1030A0008180807F7F7F808080807F818283838515
:1030B00085838382828383828282828383828181E9
:1030C0008183858686848381807F7F7F7F7F7F80E9
:1030D00081828281818082828382818181808182DA
:1030E00081808181818080808282838484858485BF
:1030F00085858585858686868482818180807F7EA0
:103100007E7E7F80818182828382828281828080B2
:103110007F7F7F7F8081838383828282838586878E
:103120008887858584838180808080817F7F7F7F81
:10313000808182838382818180818081808180807F
:103140007F7F8081838584858483828281807F7F65
:10315000807F80808080828283838383828180805D
:103160007F7F7E7E7E7E7D7D7D7D7E7F8082818174
:10317000818282828282818081808181808181803E
:103180007F7E7D7E7E7F7E7E7E7F7F807F7E7D7E5A
:103190007E7F8081807F7E7E7E7D7D7D7E7F7F7F46
:1031A0007F7C7C7E81818281807F7E7D7D7E7E7F33
:1031B0007F7F8080807E7E7D7E7E807E7D7D7D7D2A
:1031C0007E7E7E7D7F8080818382828181808080FF
:1031D0007F7E7C7C7B7B7B7D7E7E7E7E7F7F7E7E1A
:1031E0007E7D7D7C7D7D7C7C7B7B7B7B7B7D7F7F17
:1031F000808080807F7F7E7F7E7E7E7E7E7E7E7EE4
:103200007F80807F7F7E7C7B7A7B7A7B7C7D7C7DF0
:103210007D7E7E80807F7F7F8080817F7E7E7C7DC3
:103220007C7E7E7E7F818282818080807F7F7F7FA7
:103230007D7C7B7B7B7A7A7B7E80808080807E7EBB
:103240007E7E7E7D7C7B7C7D7F808182818282838D
:10325000848482817F7F7E7E7F8081818080808167
:10326000818181807D7B7A7B7D7D7E808080818372
:10327000858584838281807E7C7C7B7B7C7D808154
:103280008182838383838383838281807F7E7E7F29
:10329000807F808182828180807F7F808182818027
:1032A0007F808182838384848585858483828282F2
:1032B00082828282828283838382818181828281EF
:1032C00081828383848484848382808080818081DE
:1032D00081818181828283838383848483848586C0
:1032E0008585848383838484848382817F7F7F80B8
:1032F00081818181818282828283828281818082B6
:10330000828283838484858688888888878584846C
:10331000838281807F7E7E7D7E7E808182838483A6
:103320008280807F80808181818181808081828490
:10333000858585848484838383838282818181815E
:1033400080808080807F7F7F7F7F7F7E7F7E7E7E8C
:103350007F7F7E7E7F808180828282818281828265
:103360008181818181818181807F8181817F7F7E57
:103370007E7F7F807F7E7E7E7E7F7E807F7F7F7F61
:103380007F80808080808081818181818180808137
:1033900081828282807F7E7E7E7E7D7C7B7B7C7C48
:1033A0007D7D7E7F8182828180807F7F7D7C7B7B33
:1033B0007A7A7B7D7D7E7E7F7F80807F7F7F7F7D31
:1033C0007D7D7C7B7B7B7C7C7D7D7D7D7C7D7D7D37
:1033D0007D7E7E7E7E7E7F7F7F7E7E7D7F7F7F7F08
:1033E0007E7D7C7A7B7B7C7D7E7F7F7E7E7D7E7D0D
:1033F0007C7C7D7E7D7E7C7C7B7A7A7B7C7D7E7E08
:103400007F7F7F7F7F80807F7E7F7F7D7C7C7C7CD9
:103410007C7D7E7E7F7F80818281818281807F7FB3
:1034200080807F7F7E7F7E7E7E7E7F7F7F7D7D7DB5
:103430007E7F807F7E7E7F818281807F7F80808291
:1034400082807F7E7D7E7F807F7F7E7E7E80818189
:103450008180808081807F7E7E7D7D7B7D7D7F7F82
:103460007F7F808081828282818080808081818054
:103470008080828384838382808180808180808138
:1034800081808080818181828383817F7F7F7F8033
:103490008181828283838384848484838281818105
:1034A0008181807F80808080808081818282828211
:1034B00081818182828281818080808182838382F6
:1034C00083848484848484848484848281808180CD
:1034D00081818283848383828281818283838281CA
:1034E00081818181818282838484848383828484B4
:1034F00083838282818181838383838383838485A1
:1035000085848282807F7E7E8081818080828384A8
:103510008585858684848483817F7F808080808187
:103520008282838484858585848382818080818171
:103530007F7F7F7F80818282828080808282818083
:103540007F7F808081828180808282838483828168
:10355000818081818181818181818181818181805D
:1035600080807F7F7E7D7D7D7E7F7F7F7F8081826B
:103570008181818181808180807F7E7D7D7D7F7F53
:10358000808080808181807F7E7F7E7E7E7D7D7D4C
:103590007E7F807F807F808080807F7E7E7C7B7B43
:1035A0007C7B7B7C7D7D7E7F808181818181807F32
:1035B0007E7D7C7D7C7C7D7D7C7C7C7D7D7D7E7E3E
:1035C0007D7C7C7D7E7D7D7C7D7E7F818181807F19
:1035D0007F80807F7E7D7C7B7A7B7C7D7E7F7E7E14
:1035E0007D7E7E7E7F7F80807F7D7C7B7B7C7D7D02
:1035F0007D7C7C7C7C7D7E7F80807F7E7F7F7F80EA
:1036000080807F7E7E7F7E7E7D7D7E7D7D7C7C7CDE
:103610007C7C7D7E7E7E7E7F7F81808080807F7EC1
:103620007E7E7F7F808080807E7E7E7F8081807FA7
:103630007F7E7E7E7E7E80817F7F7E7F7F8080809A
:10364000807E7D7E7D7E80817F7E7E7F8182838382
:103650008482807E7F808281818180808080808161
:10366000807E7D7F8080807E7C7C7D7F808081816C
:1036700082828283838282818181818283817F7D34
:103680007E7F81818283828180807F808080807F35
:103690008081828282828485858583828281808006
:1036A0007E7D7C7D7E808182848586858484848500
:1036B000858382817F7F7F7F7F81828383838382F3
:1036C00083838382807F80808080808081818081ED
:1036D00082828181807F7F7F7F7F808081828384DF
:1036E00085858686858483828281807F7F7E7E7FBA
:1036F00080818384858586858482828181818181A0
:1037000081807F7F81838585858484828282828295
:10371000828180807F818385858485848583838180
:103720007F7E7D7E7E7F7E7E7E8082838384848496
:103730008484838382817E7D7D7D7F81828382817B
:10374000818283848483818080807F7F7F7F7E806D
:103750008182838282828283838482807E7C7C7C5D
:103760007E80838384828280828383828381807E41
:103770007E7E7E7D7E7F7E7F80817F7F7F807F7F5C
:103780007E7E7D7E7E80828385858381807F7F7F34
:103790007F7F7F7E7D7C7E7D7C7D7E7F818182833D
:1037A00082817F7F7E7F7E7F7E7C7B7C7E7F808030
:1037B00081807F7D7C7D7E7E7E7E7E7E7E7F7F8023
:1037C0007F7F7E7E7E7F7E7D7C7C7D7C7B7B7C7D27
:1037D0007E7D7E7E7E7E818181808181807F807FF3
:1037E0007D7C7C7C7C7C7D7D7E7F808080808080F9
:1037F0007F7E7D7D7B7B7B7B7B7B7D7E7F808080F6
:10380000807F7D7D7D7D7D7F7F7E7E7E7D7C7C7DDE
:103810007E7F80807F7E7D7D7D7C7C7D7F7F7F7EC7
:103820007E7E7D7C7C7D7D7D7D7F807F7F808181B4
:10383000807F807F7E7F8081818180818181808087
:10384000808180807F7F7E7D7E808180807F7E7D85
:103850007D7E7E7E7E7E7F7F7F7F7F808182828174
:10386000807F7F7F8080807F7E7E7F80818282815B
:1038700081807E7D7E7F7F7F8081807F7F7F7F8054
:103880007F8080808182828282848484838381811C
:10389000818181807F7E7E7E7E7F80808182838326
:1038A00083838381807F7F7F818282838282828201
:1038B000807F7F8080818181807F7F8182828383FE
:1038C00083818081818282838382818180807F7FE6
:1038D00080808182838281818383848585858583BD
:1038E00083838383838483838281818182828282B2
:1038F000828282838382828383828180807E7E7EB5
:103900007E7F7F8081828283848586878683818093
:103910008081818281818080808182818181838395
:1039200083828381807F8080808181828182838580
:103930008585848383838383838281817F7F7F8066
:103940008283828181818181818180808080818365
:10395000848482818080818181807E7D7E7F81815F
:1039600081807E7F8080818181818180808183824E
:1039700082828281807F807F7E7E7F8181807F7E48
:103980007E808080818181807E7C7C7C7D7E818246
:10399000817F7F7E7E7E7E7F7E7E7D7E7D7E7E7F42
:1039A0007F808182828180808080807F7E7C7C7C21
:1039B0007D7E7F7F7F7E7F80807F7F7F7F807F7F18
:1039C0007E7C7C7C7E7F807F7E7E7E7E7F8181810F
:1039D0008181807E7D7D7E7E7E7E7F807F7F7F7FFA
:1039E0007E7F8080807E7D7A7979797B7C7C7C7D0E
:1039F0007D7E7E7F7F7F7E7E7E7F7F7F7F7F7E7EE0
:103A00007E7F7D7D7C7C7B7B7B7D7E7F80808180DB
:103A10007F7E7F7F7F7F7F7F7F7F80807F7E7D7DBA
:103A20007D7D7C7C7D7F7F7F7F7F7D7C7D7E7F80B9
:103A3000807F7E7D7C7C7C7C7D7C7C7D7F808181A9
:103A40008081818181828282818181807E7C7C7C77
:103A50007D7D7E7E808080807F8080808080807F72
:103A60007F7E7E7E7F7F7F7F7F7F7F808080807F65
:103A70007F7E7F808180818182838282828180803B
:103A80007F7F7F7E7F7F807F7F7F7F7F808181823E
:103A900082818180807F7E7F80808081818282831D
:103AA00083838483838382828181818181818181F7
:103AB0008181828281808080807F808181828281F9
:103AC00082828181828382828181818180818383DC
:103AD00082828282828282818080818080808181D4
:103AE00081818181818282818080818282838283BF
:103AF0008586858584828180828486868482808092
:103B00007F81818180818181818282838385858596
:103B100084848381807F7D7D808181808182828297
:103B2000848585848382828180807F7E7D7E808380
:103B30008382807F7F818182828283838384848366
:103B4000818181818081807F7F7F8081818181836C
:103B5000838483838181807F80808080807F7F8059
:103B6000808080808181808081818080818180804F
:103B7000808080808182828384848382818181802D
:103B8000807F81818282828280807F7F7F7F7F7F32
:103B90007F7F7E7E7E7F8182838281807F7E7E7E2C
:103BA0007E7E7F80807F7F80808181818180808018
:103BB000807F7E7E7D7D7E7E7F7E7E7E7F8081801B
:103BC0007F7E7E7E7E7E7E7E7F807F7D7C7B7C7E18
:103BD000808180807F7F7E7F7F7E7D7D7E7F7F80F6
:103BE0007F7F7E7D7E808181807F7E7D7C7C7E7FED
:103BF00080807F7E7C7A7A7B7B7B7C7D7E7F7E7DF6
:103C00007C7C7C7C7E80807F7D7D7D7C7B7B7C7DE5
:103C10007D7C7D7D7D7C7C7D7D7D7C7D7E7E7F80D1
:103C20008081807F7F7E7E7D7C7D7D7C7B7B7B7CBD
:103C30007E7F81828383818080807F7E7D7D7D7D8C
:103C40007D7D7D7E7E7F7F7F7E7E7E8080807F7F8C
:103C50007E7D7C7D7D7C7C7D7F8081818181807F7C
:103C60007F7E7E7E7D7D7E7F7F80807F7F7F808167
:103C7000818282818180808081818180807F80813A
:103C8000828282818080807F7F7E7E7F818182822E
:103C90008181818282838281818180807F7F7F7F19
:103CA0007F7E7E7F7F80818281818182828281800E
:103CB00080808183848382807F80818182828382ED
:103CC0008384848381807F808283838382818182D5
:103CD00083848485848381818282828281807F7FC4
:103CE00080818282828283848585838180818383AF
:103CF0008382828181828281808182838586868699
:103D0000858281808081828382817F7E7E7F8081A7
:103D10008182828486878686868584848384838361
:103D20008180808082838483848484848485858563
:103D30008483838281807F7E7D7E8083848483826E
:103D40008283838281818180808080808080828361
:103D500083838383838382828181807F7E7E7E7E54
:103D60007F7F7F7F7F7F808182838281807F7F7F53
:103D70007F7F7F807F7F7F80818181818181807F44
:103D80007E7E7D7E7F808180818181818080808137
:103D90008080807F7E7D7C7D7E7F8081818181812E
:103DA000807F7F7F8080818180807F7F7F7F808018
:103DB00080808081807F7E7D7D7C7B7B7B7C7C7C2A
:103DC0007D7E7F7F8080808080807F7F7E7D7C7D08
:103DD0007D7E7E7F7F807F808080807F7E7D7C7CFB
:103DE0007D7C7C7C7D7D7E7E7F7E7E7D7D7C7C7A05
:103DF0007B7C7D7C7D7D7D7D7D7E7E7F80808181E5
:103E0000807E7D7D7D7E7E7E7E7E7D7D7E7F7E7DD5
:103E10007E7D7E7E7F7E7D7C7C7C7C7D7C7C7C7CD4
:103E20007C7D7E7F7F7F7F7E7D7D7D7D7E808080AF
:103E30007F7E7D7E7E7F7F80807F7E7E7E7E7F8098
:103E4000807F7E8080818180807F7F7E7D7D7E7E81
:103E50007F8080808081818180808081818080815D
:103E6000817F7D7D7C7C7C7E7E7E7F808182828066
:103E7000807F7F7F7D7E7D7D7D7F7F80818283824D
:103E8000838282828381807F7F7F7F7E7E7E7F8030
:103E9000818283838281807F7D7D7D7E7E7E7F8027
:103EA000818182828384848586858482807F7E7FEF
:103EB00081828383838282828282838281807F7FE8
:103EC0007F7E7E7F7F7F7F808282838384848584E0
:103ED00083828081818282838283828281818182C6
:103EE00082838383838383838383828283828180AB
:103EF00081818282828282818282838383838382A0
:103F00008384848484838282818383828281818189
:103F1000818182838484828181818181808080808B
:103F200080818282828383838281807F7F807F8081
:103F3000808181838484848483838484868585834B
:103F4000828080807F808081828382828281808063
:103F50008080808080807F7F7F8182838383828155
:103F60008181828382828182828383838281818133
:103F7000828484848483817F7E7E7E7E7E7E7F7F3A
:103F80007F808182828282807F7E7F7F8181828228
:103F90008282818180828282828383828181807F0A
:103FA0007F7F8080807E7E7C7C7B7C7D7E7F7E7D33
:103FB0007E7E7F7F807F7F7E7E7D7D7D7D7D7E7E20
:103FC0007F80818181808180818182817E7D7C7CF6
:103FD0007D7E7E7E7E7D7C7A7A7A7A7B7D7E7F7F17
:103FE0007E7F7E7E7F7E7E7D7D7E808080807F80E6
:103FF000808180807D7B7A7A7B7C7C7D7D7D7E7EEE
:104000007E7F7F7E7D7C7B7A79797A7D7E7E7E7EE7
:104010007E7E7F7F8181807E7C7A7A7A7C7D8081C2
:10402000828181817F7E7D7C7C7B7C7C7B7A7A7ABD
:104030007B7C7D7E7F808182818281807E7E7E7F8F
:104040007E7E7E7E7E7F80808281807F7F7E7D7D82
:104050007C7C7C7C7C7B7C7C7D7E80818281818081
:104060007F7E7D7D7C7D7E7F808081818283838257
:1040700081818180807F7F7E7E7E8080818182823F
:104080008280807F7F7E7E7E7F7E7E7F8081828336
:104090008383838281818180807F7E7D7D7D7E7F21
:1040A00081828382828282828282817F7F7F7F7F00
:1040B0007E7E808183838483848383828281807FE8
:1040C0007E7D7D7E808182838385858686868585CB
:1040D0008582817F7E7E7E808285868785858485B8
:1040E00085858483817F7E7E7D7E7E7F81828484C0
:1040F00083838282838384838281807F7F7F7F81A9
:10410000828485878686858483838281818281807B
:1041100081807F7F7F808081828282828180808097
:104120008081838485858585858586858686868448
:104130008382828282818281807F7F7F7F80818172
:104140008281828181807F7F80807F7F7F8081826A
:104150008384858585868686858483817F7E7E7F30
:104160007F7E7E7E7F8080807F8080808181817F56
:104170007E7D7D7E7E7E7E80818282828282828240
:104180008383838281818080808180807F7F7F7E26
:104190007E7E7E7D7D7D7F7F7F7F8080818181802F
:1041A000807F7F7F7F7F8080807F80808080808114
:1041B000828181807E7E7E7E7F7E7E7D7C7C7C7D1A
:1041C0007D7D7D7D7E7F7E7D7D7D7D7D7E7F7F7D16
:1041D0007D7E7F808182828281807F7E7E7F7E7FE6
:1041E0007F7E7C7C7D7D7D7E7D7C7C7B7A7A7B7D09
:1041F0007D7E7F7F7E7D7E7F7F7F7F7F7F7E7E7DDA
:104200007E7D7D7C7C7F7F7F7E7F7F7F7D7C7D7FD1
:104210007E7D7D7E7E7D7D7C7B7A7A7A7C7E7E7DD6
:104220007D7D7D7E7E7F8081817F7E7C7A7A7C7DB4
:104230007F7F7F7F7F7F7F8080807E7D7D7E7E7F92
:104240007F808180808181807F7D7D7D7D7D7E7F7F
:104250007F7F7F818283828080807F7E7E7D7B7A6C
:10426000797A7C7E8081838483817F7F7E7F7F7F5C
:104270007E7E7E7F7F808081818181808180807F42
:104280007F7E7E7E7E7E7F80818181808180818134
:10429000828281807F7E7F80818181828384848409
:1042A00084838281818080807F7F808181828283FC
:1042B0008383848484838281807F7E7E80818180E9
:1042C00080808080818282828181828180808081E1
:1042D00082818282828283838383828282828283BA
:1042E00083838281818283848485848483838281A1
:1042F0008181807F7F7F80808082838484848584A5
:104300008381818181808080808182838484838392
:10431000848383838483828181807F7E7E7F80818A
:104320008183848383828281807F7E7E7D7E7F8085
:1043300081828383828384848483817F7F7E7F8163
:1043400081807F818284858687868685848382803A
:104350007E7E7E7E7E7F8082828282828281818159
:10436000807F7E7E7F818282828283848688888528
:104370008381807F7D7C7B7B7D7E7F808182828349
:1043800083838282817F7F7E7E7E7D7C7C7D7F8138
:104390008182828281828281817F7F7F7E7D7D7D1D
:1043A0007E7F808181838383838281807F7E7C7B0B
:1043B0007B7B7D7F80818183848382817F7E7E7E03
:1043C0007D7C7C7D7D7E7E7F8080808081838381FB
:1043D0007F7D7B7B7B7D7E7D7B7A7A7B7C7D7E8017
:1043E000818281807F7E7B7A7878787A7B7C7D7D04
:1043F0007F81838483817F7D7B7A7C7C7A797A7AE2
:104400007C7D7F80817F7F7E7D7D7C7B7C7D8080CD
:104410007F7F7F7F7D7D7F818080807E7D7C7D7EB4
:10442000807F7E7D7D7D7C7B7C7E7F8081808180A6
:104430007F7E7F7E7C7B7A7C7D7F80828282818290
:104440008382817E7C7D7C7C7D7E7E7E7D7F828280
:10445000807F7E7E7E7E7E7E7E7D7E7F808181816E
:1044600081807F7D7D7E7F8181828281808081834A
:1044700083828181807F8081818180808181807F32
:104480007F7F7E7E7F80818282838382807F7E7D2C
:104490007E7F7F818282828282828181828181810C
:1044A00080807F7F7F808081818282828282828100
:1044B0008080808081828383828181807F7F8081F0
:1044C00081828382828181808081818281818081D9
:1044D00080818282828282828383828382828080C0
:1044E0007F808081818181828384838281807F7FBC
:1044F00080808181807F7F7F80807F7E7F808182BE
:104500008384848484858585838281828180808080
:10451000818384858584817F7F8182838485838173
:104520007F807F807F80808283838383817F7F8180
:104530008384848483838382818283848485858346
:10454000818080818080818281818181817F7E7E66
:104550007F8183838281807E7F8082828383838246
:104560008181818182828281807F7F7F8081818140
:1045700081828485848482807E7E7D7D7F8081822D
:1045800083838381807F7F80818282828080807F1D
:104590007F7E7F80828281817F7F7E7F80807F7F20
:1045A0007F8081818181807E7D7D7E808081818010
:1045B00080808181807D7B7B7B7D7F818384838202
:1045C000807F7E7E7E7E7E7E7E7E7E7E7D7C7C7C0F
:1045D0007E80818280807F7E7D7D7C7C7E808181EB
:1045E00081807F7F7E7F7E7E7F7F7F7E7E7E7D7DE2
:1045F0007D7E7F80807F7F7F807F807F7D7C7A7BD8
:104600007A7B7B7C7D7E7E7F80808181807E7C7BCF
:104610007C7D7E7F808181807E7E7E7F7F7F8080AB
:104620007F7E7D7C7979797C7E80807F7D7D7D7DBC
:104630007D7D7E8080807F7E7D7B7B7C7C7D7E7FA0
:10464000807F7F7F81828382807F7F7D7D7E7F7E72
:104650008080807F7E7E7D7D7C7C7C7D7E7E7F7E7B
:104660007E7E7F7F7F7F818281807F7E7D7E7F8156
:1046700081807F808181807F7F7F7E7E7E7F7F7E45
:104680007E7E8081828381807E7D7E7F8080807F30
:104690007E7D7C7D7F808081828283828180818219
:1046A0008281818281818181818181807F7E7F8001
:1046B00081828383838282818181828282828281DC
:1046C00081808180808181828282818180818181DB
:1046D00081807F7E7E7F80818281818281818081D5
:1046E00081818183848484838382828181828283A5
:1046F00082828181808080807F808182828587869E
:10470000858584828181818181817F7E7F80818492
:10471000858583828486858586848483828282825D
:10472000818384838182828381807F81828183846B
:1047300085827F7E7F7F7F818282807F808282826E
:104740008283838180818484858383838483848638
:104750008686848483848382828180818384858326
:1047600082807F7E7E7D7F7F7F7F8081828181814D
:10477000818080828283838283848485858483810F
:10478000818181817F7D7D7B7A7B7C7C7D7D7E804C
:104790008384838181807F7D7D7D7C7B7B7C7B7C32
:1047A0007D7E808182838585858585858381807FE7
:1047B0007F7E7E7E7E7D7D7C7D7D7E7D7D7C7D7C25
:1047C0007C7E80808180817F7F7E7F7F80818281EF
:1047D00081808080807F8080808080818181807DD9
:1047E0007C7B7C7C7D7C7C7C7B7B7C7D7E7E7D7C05
:1047F0007D7C7C7E7E7E7D7E7F80828181808181CA
:10480000828281807D7B797A7B7D7D7D7B7A7B7CDA
:104810007D7D7D7D7C7C7B7C7D7D7C7C7D7E7D7DCE
:104820007F7F808081828281807F7E7D7D7D7E7D95
:104830007C7B7C7D7F808080807F7F7D7C7B7A79A4
:1048400079797B7C7D7E7F7F7F808181807F7E7F89
:104850007F7F7F7E7F8182838484838181807F7D4F
:104860007D7E7D7D7E7D7D7E7E7F7F81818181815C
:1048700081818282817F7F7E7D7D7D7D7D7E7F8344
:104880008484838383838282828180808181807F0C
:104890007E7F7F807F80807F7F7E7E7E7E7D7D7C31
:1048A0007E7E808081818180828181807F7F7E7F0A
:1048B00081828383828181828282838383818080DB
:1048C00080807F7E7E7E7E80818282828281807FE8
:1048D0007F7F8080808081828282828281828282C8
:1048E00083828282838382828282818282828181A8
:1048F00081818181808080808080807F7F808181B4
:104900008182838384858687868383818081818178
:10491000808182848585838281828383838382816F
:104920007F7F7E807F7F7E80818182828282828380
:10493000848484858584828080818485868686843B
:1049400084828281817F7E7E7E7E7E7F7F7F7F816B
:1049500084868584827F7E7E7F7F7F7F8081828345
:10496000858686878887858484828281808081810C
:104970008080807F7F8080807E7D7D7D7D7E7F804A
:104980007F7E7D7D7F808282828282838484848414
:104990008383828382838384838483828180807FF4
:1049A0007E7D7D7C7D7C7A7B7D7F80808181828322
:1049B000838381817F7E7E7D7D7D7E7F80808181FE
:1049C0008081828284828280807D7C7A7B7B7B7CFA
:1049D0007C7D7E7C7D7D7F7F807F80807F7E7D7CF7
:1049E0007C7D7F8081807F7F81807F7F7E7E7E7ED9
:1049F0007E7E7D7E7C7D7E7F7E7E7D7D7E7E7D7CDF
:104A00007C7C7D7D7F8081807F7F80818180807FB5
:104A10007F7E7E7E7D7C7C7C7D7E7E7D7D7E7E7EBF
:104A20007E7E7D7D7D7E7D7C7B7B7B7C7C7D7C7CBE
:104A30007E7D7E7E7F7F8080808180807F7E7D7D89
:104A40007E7E7E7D7C7C7C7E7F7F7E7F7E7E7E7E8A
:104A50007E818180807F7D7C7D7E7F7F807F7F7E69
:104A60007E7E7F7F7F80808080807F7F7F8081804F
:104A70007F7E7E7D7E7F81818180807E7E7E7D7C4B
:104A80007C7D7D7D7E7E7F80818181808080818034
:104A9000807F807E7F7E8080828283838383838306
:104AA00082818180807F7F7E7D7D7E7E7F80808011
:104AB0007F807F7F7F8081828282838382818181E8
:104AC0008080807F7F8080808081818182828383DB
:104AD00083828181808181828181808080807F7FCB
:104AE000807F80808282838585858483838384849C
:104AF0008383838282838383838483838282807F90
:104B0000808081818280807F81818282818080809B
:104B10008080808080818281818283838485848378
:104B20008281808081818281807F7F80808181837A
:104B30008182818282838382838381818182828256
:104B40008282818183848484858687868686868422
:104B50008383818080807F7F80818283848483813E
:104B6000818082818180818081818181838484852B
:104B70008484848483838383817F7F7E7F8080801D
:104B80007F808181818181828383838282807F7D16
:104B90007C7D7E7F7F808081818181818282828213
:104BA00081807F7F7F7F80808182828182818281FC
:104BB0008281807E7D7D7D7D7D7E7E7E7E7E7E7F10
:104BC0007F808182828282817E7E7D7E7F808080E6
:104BD000807F7F7F8080807F7F7F7F8080807F7EDF
:104BE0007D7E7F7F808081807F7C7B7A7B7C7C7CEC
:104BF0007C7C7B7B7D7F7F7F808181807F7E7D7CD5
:104C00007D7D7F80807F7F7D7C7B7C7E7F807F7DC4
:104C10007C7B7A7B7C7E7E7F7F7D7C7B7B7C7C7DCE
:104C20007D7E7E7E7D7C7C7D7E7F807F7F7E7E7CA8
:104C30007C7D7E7E7E7F7E7E7D7D7D7D7E7D7E7F9A
:104C40007E7E7D7D7C7C7C7E7F807F7E7F807F7F83
:104C50007E7D7E7D7E7F7F7E7F7E7E7E7D7E7C7D77
:104C60007C7C7C7D7E7E80808181818180807F7F55
:104C70007F7F7F7E7F7E7E7E7F7F8080828281813C
:104C80008080807F7E7D7D7E7E7F80808080808032
:104C90007E7E7D7D7F7F7F7E7D7D7D7D8081838328
:104CA00083828382828182818181808181818181ED
:104CB0008180818182828281818080807F807F7FEC
:104CC0007F7F7F7F7E7F80818282838382807F81DE
:104CD00083858686838181818182828181818181B0
:104CE0008282818181808181818282807F7F7F7EBB
:104CF0008081807F80818283828281828384848498
:104D00008482828383838584838181818281808080
:104D10008183848382818182838484828180808074
:104D200080807F7E7E80818282818181838586866C
:104D3000858483848383828181828382818182824C
:104D400083838181808080808080807F7F7F7F7F60
:104D5000808384848382828283838382828283832A
:104D6000828282848587878684838382828383820A
:104D700081807F7E7E7F808181838383828180802A
:104D80007F7E7D7C7C7D7F81818283838484858519
:104D9000858482828080807F7F8080818382828000
:104DA000808081807F7E7D7D7D7E7E7E7E7F808017
:104DB00081818182818080807F7E7D7E7E7F7F81F8
:104DC00082828282838281807F7F7F7E7E7E7E7EE2
:104DD0007F7F7D7C7C7D7E7F7F7D7C7B7C7C7D7D01
:104DE0007E7E7D7E7F8080818181807F7F7F7F7DD1
:104DF0007C7C7C7C7D7D7E7F80807F7E7E7E7D7CDA
:104E00007D7C7C7B7C7D7C7B7C7D7E7F80828280C8
:104E10007D7B7B7A7A7B7E807E7C7B7C7D7E7F80C7
:104E2000807F7E7D7C7B7A797A7C7D7D7D7E7F7FB5
:104E30007F8080818180807F7D7C7B7D7F807F7F84
:104E40007F7F7E7E7F80807F7E7D7C7B7B7C7D7E86
:104E50007F7F7F8080807F7F807F7E7E7E7E7E7E64
:104E60007F7F7F7E7F8081808080817F7E7C7D7D53
:104E70007C7D7E7F7E7E7E7F7F7E7E7E7F80807F4C
:104E80007D7C7D7E7F80808181818181828383831F
:104E90008281807F80808181807E7D7D7F81818015
:104EA0007F7F80818282807F7F808181807F7E7E04
:104EB0007E7F7F80808080808080808182828282ED
:104EC0008181828382828181818282807E7D7E7FD8
:104ED00080828381818283828282828282838383B1
:104EE0008483828282828383838383838383838395
:104EF0008282828282818182838282828180818198
:104F00008181828283838382828182838383818081
:104F10007F8080808081818080818282838383847E
:104F20008383838382817F80818281818283838363
:104F30008485858483838382828383838282818242
:104F40008282828282818282838383828181828241
:104F50008283838282838484838381807E7F808135
:104F60008181807F7F7F808081818283838483822F
:104F700082828182828281807F808081828282821D
:104F80008483838383828180808181828181818106
:104F90008282828181808080808080808181818204
:104FA00081818081808080807F7F7E7D7E7E7F800A
:104FB000808182828282828180807F7F7E7E7F7FED
:104FC0007E7E7D7E7E7E7F7F80818181807F7E7EF2
:104FD0007D7F7F8080817F807F807F7F7E7F8081DB
:104FE000807F7E7D7C7D7F7E7D7C7D7E80808080DD
:104FF000807F7D7D7D7C7D7F7F7F7E7D7E7E7F7FD0
:105000008282838381807E7D7D7D7C7A7A7A7C7CBE
:105010007D7D7E7E80828383827F7D7C7C7C7C7CA8
:105020007C7B7D7E8080807F7F807F7F7F7E7E7C9B
:105030007D7D7E7F7F80818181807F7E7E7E7E7D83
:105040007E7E7E7E7E7D7D7E7F7F7F807F7F7E7F7A
:105050007E7E7D7D7D7E7E7E7E7E7E7E7E7E7D7E74
:105060007E7F808181828180807F7E7E7E7E7E7F4A
:105070007F7F7F7E7D7D7F7E7E7E7E7F8081817F44
:105080007F7E7E7F80807F7E7E7D7F80828181802B
:10509000807F7F7F7F7F7F7F808181807F7F7F7F19
:1050A0008080807E7E7D7E7F808182817E7C7C7D13
:1050B0007F82848482807F7F7F80807F7F808283E5
:1050C000858584818182838384848483807E7C7CC3
:1050D0007D7F8080808181838486848381818181BA
:1050E000807F7E7C7C7D80828282838383828284B7
:1050F0008484838280808080818181808081838399
:105100008483828281808182828282828281818183
:105110008181828384848383828281808182848569
:105120008687868483828181808080828382828256
:10513000838383828282838382828281807F7E7E58
:105140007E7F818383838383838383828080808146
:105150008081807F7F808080828384848584838235
:1051600081807F807F7F7F7F7F7F7F818282838539
:105170008686858481807F8081828181828282830C
:105180008383838282838483807D7A7B7C7D7F811D
:10519000807F7F818486888784817F7D7D7C7D7D03
:1051A0007D7E7E7E7D7F8182848586848180807EF7
:1051B0007E7D7C7B7D7D7D7C7F8183838482807C02
:1051C0007C7D7F80828283828180808181808082D9
:1051D00082817E7D7C7D7E7F7F7F7E7E7F7F8081E2
:1051E0008182817F7E7D7F7F7F7F808180808080C4
:1051F000807F7E7E7E7F7F7E7D7C7D7E7E7E7E7ECE
:105200007F8081807F7F7E7D7C7D7E7D7B7B7C7FC0
:105210007F7F7E7E7F7F808282818080807F7E7D97
:105220007E7E7C7B7B7C7D7C7C7D7D7E7E7E7F7FAD
:105230007E7D7D7E7D7D7D7E7F7F7F808182818181
:1052400081807F7D7C7D7E7D7D7D7D7D7D7D7E8081
:1052500080807F7F7D7C7B7B7B7C7D7D7E7E7E7D79
:105260007D7E7E7E7F80807F7D7D7E80808081814F
:105270008180818182828181807F7D7D7D7C7C7C3B
:105280007C7C7C7D7F80818282828282828281811D
:105290007F7F7E7E7E7E7E7E7F8081818181818117
:1052A000808180808081807F7E7E7E7E7F7F808007
:1052B0007F7F7E7E7E7E7F7F7F7F808081818180F9
:1052C00081818181817F7E7E7E7E7E7E7E7F8082E7
:1052D00082838484848483828282828281818181A8
:1052E00081807F7F818282818080808080808080B9
:1052F0008181818181828385858685848382828183
:105300008080808081808181828383838282828188
:105310008180807F7E7D7D7E7F8081828486868580
:105320008483838282838282818181828383838357
:1053300083828283838383838281807F7F80818253
:105340008181818182838585848382828282828237
:105350008281818282838383828383838280807F30
:105360007E7E7F8080808081818182838382818034
:10537000807F7E7E7F7F808181828383838384831D
:10538000828181808080808080818181828282820E
:1053900082828281807F7E7F8080818283838383FB
:1053A00084848484838281808080808080808180E6
:1053B00080807F7F8080807F7F7F7F7F80818282EF
:1053C0008282818181818180807F7E7E7E7D7F7FE0
:1053D0007E7E7F7F7F7F807F7F7F80807F7F7E7CE0
:1053E0007C7C7E7E7F7F80808080808080807F7FCD
:1053F000807F7F7E7F7F7F7F80807F8080808081B5
:10540000807F7E7E7E7E7F7F7E7D7D7D7D7D7F7FBA
:105410007E7E7D7E7F80818281807E7D7E7F7F7E9D
:105420007D7D7D7D7D7D7E7E7D7D7D7D7D7D7D7DAA
:105430007E808081807F7E7D7C7D7C7B7B7B7C7D94
:105440007D7E8081818080807F7E7E7E7D7C7B7B77
:105450007C7C7E7E7E7E7E7D7D7E7D7C7C7D7E7F77
:1054600080807F7E7E7E7F7F7F7E7C7B7A7B7D7E61
:105470007F80818182818180807F7F7E7E7D7C7C38
:105480007C7C7C7D7E7F808080807F7F80807F7F32
:105490007E7D7D7C7D7D7E7F7F7F7F8080807F7F26
:1054A0007F7F7F7F7F807F7F808181808080808001
:1054B0007F808282828282818282828181807F7FDC
:1054C00080807F7E7E7F80808080808080808080E2
:1054D00080808081828282828181828182828281B7
:1054E000818180808081828282828281807F8080AF
:1054F0007F7E7F808181818281828282828282819D
:10550000828181818181818182838483838383837A
:10551000838383838382828281818282818180816D
:105520008182838383838281828383838383838352
:105530008383838281818181818181828384848448
:105540008383828181818180807F7F7F7F8082834E
:10555000838384858585848484838281818182821A
:10556000828281818283838484848383848483820E
:1055700081807F7E7E7E7F8081818283848484841B
:1055800083828181818181808181828384858484F9
:10559000848484848382807E7D7D7E7E7F7E7E7D0A
:1055A0007D7D7E7F808181828383848382828180EE
:1055B0007F7F7E7D7C7C7D7F7F80828382818181F5
:1055C000818180807E7D7D7E7F7F808181818080E2
:1055D0007F7F7D7D7C7C7D7D7E7E7E7E7E808182E8
:1055E000828182828281807F7E7E7E7F80807F7FBB
:1055F0007E7E7F80807F7F7F7F7F7E7E7D7C7B7BCA
:105600007C7D7E7F7F7F808181807F7E7D7C7C7CB6
:105610007D7E7E7D7E7F7F7F7F7F7F7F7F7E7D7DA6
:105620007C7D7E7D7D7C7B7B7C7D7D7D7D7C7C7CB3
:105630007D7F80808080808081818181807F7F7F6D
:105640007F80807F7E7E7E7E7E7D7D7C7C7D7E7F7A
:105650007E7E7E7F7F7F8080807F7F7F7F7F7F7F5A
:10566000808081818283828280807F7E7C7D7D7E3E
:105670007E7F7F7F7E7E7E7D7C7D7C7D7C7C7B7B58
:105680007B7C7D7D7E7F8080818181818181818223
:1056900083838180808180807F7F7D7C7D7D7D7E16
:1056A0007F8080818180807E7D7D7D7D7D7D7D7D13
:1056B0007E7D7E7E7E7F7F8080807F7F7F7F7F7FFD
:1056C0008081818181828282838382807F7E7E7ECF
:1056D0007E7D7D7C7C7C7D7E7F7F808181818181E0
:1056E00081818182828181818180808182838382A4
:1056F0008282828282828281808081818181828392
:105700008384838382828181818180808080808183
:105710008283838282828283838383828282828263
:10572000818181818182828383828282828283825B
:105730008080808081818383858586868585848538
:1057400084848381817F7F7E7E7F7F808283858644
:1057500087878787868583817F7E7C7D7D7E80812C
:105760008282838485868584838281807F7E7E7E1B
:105770007E7F8182848585858685858381807F7F04
:105780007E7D7D7E7F8081838485868685848382FD
:105790008281807D7C7C7C7D7E81848585858483FF
:1057A00082828281818181808181808081838586DE
:1057B000868582807F7E7E7E7E7E7F7F7F7E7F7FEE
:1057C0008080818283838383838282818180807FC2
:1057D0007E7E7E7F7F81818282818180807F7E7ECE
:1057E0007C7D7C7C7D7D7E7E7F8081808080807ED4
:1057F0007D7D7C7D7D7E7E7F7F80828383838381B0
:105800007F7E7F7F7F7E7D7D7D7D7E7F7E7F7D7DB8
:105810007C7E7D7D7D7E7D7D7D7E807F7F7F7F7FA9
:1058200080818281817F7E7E7E7D7D7E7E7E7D7E8B
:105830007F807F7D7C7C7D7D7E7D7D7C7C7C7C7B98
:105840007A797A7B7C7D7E7E7D7D7E7E7D7E7E7E8E
:105850007F7F7F7F7F7F7E7F7E7D7D7D7C7D7D7C6A
:105860007B7B7C7D7E7E7E7D7D7C7E7F8080807E5E
:105870007E7E7D7C7C7C7D7D7F8081808080808041
:105880007F7F7F7F7F7E7E7D7D7C7C7D7E7F7F7F37
:105890007F7F7D7D7D7D7E7E7E7E7E7D7D7E7E7E2C
:1058A0007E7F7F8081808180817F7F7F80818283F6
:1058B0008281807F80808080807E7C7D7F808181EE
:1058C00080807F7F81838483817F7E7E80818282CE
:1058D00081807F7F80828282838383828382817FB3
:1058E0007E7E7F8080808080807F7E7F8081807FC1
:1058F0007F7F7F80807F7E7E80828385868686858F
:1059000084848483848383828180807F8081828376
:105910008383838384858382807F7E7F7F807F7F74
:105920007F81818384858686878685848382818042
:105930008081818282848585848383838281807F44
:105940007F7F808080818080828282828282838247
:105950008181807F7F808182838484848483838427
:105960008484838484848282828282828384858404
:105970008483817F7F7F808080818181818181821A
:1059800082838383838282828282828282828384F0
:105990008484838483848382808180818181817FE8
:1059A0007E7F818181807F7E7D7F828483827F7EF6
:1059B0007E8080807F7F7F818384858381808081DA
:1059C00082838383817F7E7D7C7D7F7F807F7F7EDE
:1059D0007E7F80807F7F7E7E7E7F7F7F7F7F7F80D8
:1059E000808281807F7E7F808082848483807D7CB2
:1059F0007D7E7F7F80807F7E7E7D7B7A7A7A7C7ED3
:105A0000818281807E7D7C7C7D7F7F7E7C7B7B7BB9
:105A10007C7D7E7F8080807F7E7E7E7D7D7C7B7AAC
:105A20007A7A7B7B7B7C7E7F7F7E7D7D7C7D7D7FAC
:105A300080807E7D7D7D7D7E7F807F7F7E7D7C7C86
:105A40007D7E7E7E7D7E7E7D7C7D7D7D7D7C7C7B86
:105A50007B7B7D7D7F8081807F7E7D7C7D7E7E7E69
:105A60007F7F7F7F7E7D7D7D7E7E7E7F7E7E7D7C57
:105A70007C7D7E7F7F807F7E7D7D7D7E7F80808040
:105A800081818282828382818080807F7E7E7E7F10
:105A90007F7F7F7F7F7F8081807F7E7E7F7F7F7E15
:105AA0007F7F7E7E7F808080808181818181807FF9
:105AB0007E7F8081817F7D7C7E7E7F8182818181EE
:105AC0008080807F7F7F8081818081807F808182D4
:105AD0008382817F7E7D7D7D7F7E7F7E7E7F8182D2
:105AE000848483828281807F7E7E7F80828484839F
:105AF0008283858889898684818181807F7D7B7A84
:105B00007C7C7C7D80818285858483848483828083
:105B10007E7D7D8082828486878887868584828256
:105B200082828181818081838789898684827F7D49
:105B30007D7D7E7F7F807E7F80818283838385865B
:105B40008584838282828282838585848483848320
:105B5000828181818282838382828281818181822A
:105B600083838281808080807F80807F7F81848624
:105B700087878684848383848381808080818282F6
:105B80008282838383838483828281818181807FF7
:105B900080808082838382838384848585858382D9
:105BA00081808181817F7F7F7E7E808181818181F3
:105BB00082838382828282807F81828383838282C6
:105BC0008181818080808181807E7E7E7D7C7C7FE2
:105BD00080818182818182817F7D7D7B7B7D7D7ED5
:105BE0007E7F8081828284858381807F7D7C7C7DB5
:105BF0007E7F7F8080808182828282817F7D7B78B0
:105C000076767A7D7F82838383828281807F7E7EA7
:105C10007E7C7B7A797A7C7E7F8080808080807FAA
:105C20007D7C7B7B7B7A7A7A797A7C7F80818180AC
:105C30007F7F8081807E7B7B7B7B7C7B7C7C7B7B96
:105C40007E7F8080807F7E7C7B7B7C7C7C7D7E7F7A
:105C50007F7E7D7C7C7D7D7E7F807F7E7D7C7B7A70
:105C60007A7B7C7C7E7E80808181807F7D7D7C7B59
:105C70007A7A7978787A7B7E80818182828281804B
:105C80007E7B7B7B7C7C7C7C7B7C7E808183828238
:105C900080807E7D7D7D7D7D7E7F7F818282828111
:105CA00080807F7F80807F7F7F7F7F8081828283F3
:105CB00083828382817F7E7E7F8080807F7F7E7FE4
:105CC0007F808183848483828281807F7F7E7E7CCB
:105CD0007D7E7F81818182828385868684828080A9
:105CE0007E7D7D7D7E8081828484838282818181AC
:105CF0008181828283848384828180818182838482
:105D0000838281807F7E7E7F808081838486868679
:105D10008786858483817F7E7D7D7D7E808183846F
:105D2000848484858688878683807E7D7C7A7A7B5E
:105D30007D80818283848485858585858483828135
:105D40007E7D7E7F8284858685858584838382812E
:105D50008081818080818182848586858381807F26
:105D60007F7E7D7E7F81828384858687868684840C
:105D70008485848382817F7E7E8081838483828107
:105D800082828382828383848383817E7C7D7E7F03
:105D900080808181818182838383838382818080EB
:105DA00080808080808081818181807F7F7F7E7EF6
:105DB0007E7E7E7F818281818181818181807F7EE3
:105DC0007D7E8081828282828383838383828181BC
:105DD0007F7E7D7D7D7D7D7D7E7E7E7F80808081DE
:105DE0008181807F7E7D7D7E7E7E7F7F7F7F7F7FC6
:105DF0007F7F808080807F7F7D7D7D7E7F7F7F7EB7
:105E00007D7C7C7D7E7E7E7D7C7C7C7C7C7D7D7DC6
:105E10007E8080807F7E7E7E7E7F7F808180807E90
:105E20007E7E7D7D7F808181807F7E7D7C7C7E7F8C
:105E30007F7D7C7B7A7A7D808181807E7C7D7D7D8B
:105E40007C7B7A7B7D7F80807F7F80818182838263
:105E5000807E7D7C7C7B7A7979797B7E8080818075
:105E60007F7E7F8181817F7E7C7B7A7B7B7B7B7B5E
:105E70007C7D7F80818181807F7F7E7F7F7E7E7F32
:105E80007F7F7F7F7F7D7C7C7E7F7F7E7E7E7E7E30
:105E90007E7E7F7E7F808182817F7F7F8080807F0A
:105EA0007F7D7D7D7F807F7F7F7E7E7E7E7F808108
:105EB00081818282807E7C7D7D7F7F807F7F7F7FEE
:105EC0008080818183848381807F7F7F7E7F7F80CC
:105ED0008181818182838484848482807F7E7F80AB
:105EE000808081808081828282828282828281819E
:105EF0008181808080808181828384848382817F8C
:105F00007E7E7D7D7E808182828281828384848484
:105F1000838180808080807F7F8081828282828373
:105F20008483838282818182828282808182828252
:105F3000818081818181818180818283838282824B
:105F40008382828284848382828383838383828127
:105F50007F808282838382817F7F8081838281812F
:105F60008181818282818080818182818180807D26
:105F70007C7C7E81838484848483848585848382FD
:105F800081807F7F807F7F818486878686858382EC
:105F900083838280807F7F7E7E7E7F8081828484F7
:105FA00083828282828281808182828382828283D2
:105FB0008485858484838281807E7D7D7E7F8080D0
:105FC000807F7F7F807F8080807F7E7D7E7E7F7FE1
:105FD00080828282818181828181808080828282AE
:105FE000817F7F808182828181807F808181807FAB
:105FF0007E7F80807F7E7D7B7B7B7E7F7F7F7F80BF
:10600000808080818081807F7E7F7E7F7E7E7E7F9C
:1060100080818281807F7D7C7D7E7D7D7C7C7C7C9F
:106020007E7F7F7F7E7E7E7E7D7D7D7D7E7E7E7E91
:106030007F7F7E7E7F7F7F7E7C7C7D7E7D7E7F7F7F
:106040007F7F7F7E7D7C7C7D7D7D7C7C7C7C7C7C81
:106050007C7D7D7E7F7F7F7E7D7E7E7E7E7F807F5E
:106060007E7E7D7D7D7C7D7D7D7E7E7E7E7E7E7E58
:106070007D7C7B7A7B7C7D7D7D7E7E7E7D7D7C7D57
:106080007D7E7F7F7F7E7E7F807F7F7F8081807F20
:106090007D7B7C7C7D7D7C7B7B7C7D7E7F7F7E7D34
:1060A0007D7E7F80828282807F7E7D7E81838484EC
:1060B00084838382838382807F7F7F8080807F7FD1
:1060C0008081828281807E7D7D7D7C7D7D7E7F80E2
:1060D000818282818282838383838381807E7E7FAB
:1060E00080808080807F7F80807E7D7E7F7F7F80BC
:1060F0008081807F7E7F80808080807F80818281A0
:106100008080818281807F7F7E7F8080808081838C
:106110008484848483838483838382807F7F80825A
:10612000828280807F808182828383848382818057
:106130008080807F807F7F7F7F8080818285848454
:10614000838382838384838382828384848484831D
:1061500083818180807F80818180807F7F81828335
:1061600083848484848585838382828382838282FC
:10617000818283848687878787868482807F7E7EEC
:106180007F808080808181818181838383838280FD
:106190007F7E7E7F7F8081838585868585848382DF
:1061A00083838281818283838382828281808282CF
:1061B00082827F7E7D7D7E7F807F7E7E7E7F8183EB
:1061C000838383828183838282818180807F8081B7
:1061D00081818182817F7E7E7E7E7E7E807F7F7ECA
:1061E0007E808081828384848381807F7D7D7D7FAA
:1061F0007F7F7F7F7F7F7F7F8080807F8080807FA9
:106200007E7D7A7A7A7C7E7F7E7D7D7E7F7F8081B7
:106210008181828383817F7D7D7D7D7E7F7F7D7D8A
:106220007E7E7D7C7C7D7D7D7C7C7C7C7D7F807F9B
:106230007F7E7F7E7E7C7C7D7E8082838381807F6B
:106240007E7F808081817F7E7D7C7B7B7D80818065
:106250007E7D7C7C7B7B7B7C7B7B7A7A79797A7C8C
:106260007D7F7F807F7E7E7F807F7F7E7F7F7F7D43
:106270007E7D7D7B7B7B7C7B7B7B7C7C7C7C7C7C60
:106280007C7C7C7E7E7F7F7E7D7D7D7D7F8081822C
:10629000818180807F7F7F807F7F7F818180808000
:1062A000807F7E7E7E7D7D7D7C7C7B7B7C7D7E7E1B
:1062B0007E7F808080808080807F7F80807F7E7EE8
:1062C0007E7E7F808180807F7F7F7F7E7E7E7F80DD
:1062D000818180807F7F818282818181807F7F7FB9
:1062E0007F7F7F7F8080808181828484848382839A
:1062F000818181828281818281818080818180818E
:10630000807F7E7E7F7E7E7E7E7F7F808183848590
:106310008483828180808284848382838381828259
:106320008483838384848484848585848383828135
:10633000818282818081828282818283848483823D
:10634000828282848687878787868584838281800C
:106350007F80807F80808182828181818180808036
:1063600081807F7F7F808080808181818182838521
:1063700084848383828282838383818283838383F1
:10638000848382818181818180817F807F7E7F8003
:1063900080818182817F80808181828283838485E4
:1063A0008484838383838382828282828281807FCA
:1063B000807F818081807F7D7D7C7B7C7D7E7E80F7
:1063C000818283848381828281817F7F807F7E7EC0
:1063D0007F8181828283838484848482807E7D7DA8
:1063E0007E7D7D7D7D7E7E7E7E7F8080807F7E7DCA
:1063F0007D7D7F7F80818181818283838281818194
:1064000080807F7F7F7F7F80808080808080808190
:10641000817F7D7C7D7D7E7E7D7D7E7F7F7F7F7F9A
:10642000808080807F7D7C7D7D7E7E7E7D7C7B7C90
:106430007D7E8080807F807E7E7D7D7D7D7D7D7C7C
:106440007C7B7D7E7F7F7F7F7E7D7C7C7D7D7D7D77
:106450007C7C7C7B7D7E7F7F7F8080807E7D7E7D5F
:106460007D7D7E7D7C7B7C7D7F808181817E7E7D4C
:106470007D7D7F7F7D7D7A7A7B7D7F7F7F7E7F7F45
:106480007E7E7D7E7C7C7D7F807F7E7D7E7D7D7E31
:106490007E7F807F7E7E7F7E7D7C7D7D7E7E7D7E1D
:1064A0007F80818281807F80807F7E7F7F7E7F7FF3
:1064B0007F7E7F808181817F7F7F8181817E7B7BE9
:1064C0007C7E8081807E7D7E8081817F7E7D7D7DE2
:1064D0007F808180808081838484848584827F7DA5
:1064E0007D7E80807F7F7F7E7C7C7D7E80838383BA
:1064F000817F7E7E7D7E7F81828280818282818299
:106500008385858684838282818283848483838356
:106510008383838381807E7E7F7F7E7D7C7C7E8083
:10652000828485868585858482818181828281813C
:106530008283838383848483838281818181808039
:106540007F7F7E8080808081818181818283828142
:106550008181828281828282838586868685848407
:10656000838484838281807E7F7F7F7D7F7F818122
:10657000828384858585858482807F7F80808283F5
:1065800084868687858382838485868482807E7CD8
:106590007C7E7F80808181848686868584817F7EE3
:1065A0007F8080807E7F80818384858585858484CB
:1065B000848380808080808180807F8081828283CC
:1065C0008382817F7F7E7D7D7E80818383838282C3
:1065D00082828382817F7F7E7D7E7D7D7E7F7F80C4
:1065E0007F808181818182838483807F7E7E7C7DA8
:1065F0007D7D7D7F7F808082818180807E7E7D7DAC
:106600007D7D7C7D7E7E7D7C7B7B7D80807F7D7CB7
:106610007B7C7E7F7F7E7D7E7F8284868784828076
:10662000817F7F7D7D7B797878797B7D7E7E7F80A1
:1066300081807F7E7C7B7C7D7E7D7D7C7D7D7E8080
:10664000828281807F7F7E7D7C7D7F8080807F7E57
:106650007E7E7F7E7E7D7D7D7C7978797979797982
:106660007B7C7D7E7F80807F80818080807F7E7E3E
:106670007E7E7D7D7D7E7E7F7F80807F7F7E7C7C39
:106680007C7A7A7A797A7B7C7C7E7E7E7E7F7F7F45
:106690007F7E7E7D7D7E7F7F7F7F7E80808180810B
:1066A000807F7E7D7D7D7D7C7C7C7F7F8080808007
:1066B0008080817F7F7F7E7E7E7D7D7C7D7E7F80F2
:1066C00082848585848281807F7F7F7F7F7E7C7CC2
:1066D0007C7E7F8082828180808081818281817FB7
:1066E0007F7F7E7D7F828485858584828180807E98
:1066F0007E7D7D7D7C7E8081828485858585858487
:1067000082807F7E7E7F7F81838485848383838272
:106710008281838281807F7E7F8183848383838360
:106720008283818181828282828181818282848549
:1067300085858484828281807F7E7E7F8080818146
:10674000817F7F8182838485858584838282828123
:10675000818281818384858583828181818080811A
:1067600080818182807F818383838281807F818217
:1067700083828282828183848586868686848281E2
:1067800082838381817F7F808182828183838483EE
:106790008382828182817F7F7E7F7F8082828283EB
:1067A00083848382808283848584827F7E7D7F81CF
:1067B00081807F7F7E7F7F808080807F80808080DF
:1067C0008080807F7F8081808080828283838483B9
:1067D0008382828282818180807E7F7F81828281AA
:1067E000808181828282818080807F7E7E7D7C7DAF
:1067F0007D7D7E7F7F7F7F80808182838484828095
:106800007F7E7E7E7E7E7E7D7E7E7F7E7E7D7D7EA9
:106810007F808181807E7E7E7E7D7D7D7D7D7D7E93
:106820007E7F7E7F7E7D7C7C7E808282817E7D7D80
:106830007D7E7F7F7F7E7E7E7E7D7E7E7E7D7E7E78
:106840007F807F7F7F7E7E7F7F7F7E7D7B7A7B7C6C
:106850007D7D7D7D7E7E7E7F7F807F7F7F8080804F
:106860007F7E7E7E7D7D7B7C7C7E7F7F7E7E7F7F4C
:106870008080807F7E7D7D7D7C7C7C7C7C7D7E7E3F
:106880007E7F7F7F7F8080807F7F7F7F7F7F7E7E18
:106890007D7D7E7E7F808181807F7E7D7E7F80800A
:1068A0007F7D7C7C7E7F80807F7E7D7C7C7D7F8009
:1068B00080818181818282828281818081818180C7
:1068C0007E7C7C7C7B7C7C7D7E7F808182828180E3
:1068D000807F808181817F7F7E7F7F8081828282B5
:1068E000817F7E7E7F7F7F7F80807F7E7E7F8081B5
:1068F00082828382817F7E7E80818181807F7F8092
:106900008182838383828281808080808281807F74
:106910007F7F808181818180808181807F7F7F8076
:10692000818282838182818283838281818080804F
:106930008181818181818182828281818182828241
:106940008181808181818283838383828383848424
:106950008484838281808080808182838484838414
:106960008484848382807F8081828382817F80810E
:1069700083858787868583828284838180808180E6
:1069800081808180808081828281818182828283F4
:1069900084838282818181818384838282848585CC
:1069A00085858482828283848484848382818181B8
:1069B0008181818181807F7E7E80818283848585C3
:1069C00085838382828283838281818182828282A3
:1069D000818181808080807E7D7C7C7D7F808181C3
:1069E0008080818383838280807F7F80808080809D
:1069F000818282828282828180807F7F7D7C7D7D98
:106A00007E7F7F807F7E7E7E7E7F7F7F7E7D7D7CA2
:106A10007F808080828282807F7F7F7E7E7F7F7D7D
:106A20007C7D7D7D7D7E818282817E7C7978797C92
:106A30007E7E7D7B7A7A7C7E7F8181828181817F6F
:106A40007D7B7C7E7F7F7F7E7D7D7F818282828059
:106A50007F7D7B7A7A7A7A7B7C7D7D7C7C7C7D7D78
:106A60007D7D7E7D7B7A7A7C7D7D7D7E8080808051
:106A700080807F7F7D7C7C7C7C7D7C7C7C7D7E7E41
:106A80007F7F7E7D7E7F7E7D7C7C7C7C7D7D7E7E2F
:106A90007E7E7F807F7F7F7F7F7F7F7F807F7E7D09
:106AA0007E7E7E7E7D7D7C7D7D7E7E7F7E7F7F7E09
:106AB0007E7F7F80807F7E7E7F7F7E7E7D7E7E7DEF
:106AC0007D7D7E7E7E7F808180807F8080808182D0
:106AD00081807F7E807F81808281818081808181B1
:106AE0008283828181818281807F7F808081828296
:106AF0008180808080818181807F7F7F8082828190
:106B0000818282838382818181807F7F8081818174
:106B100081838384838281828282828181807F7F5C
:106B20007F8182848384838280818283848484823F
:106B30008281818080828384848483828182828135
:106B40008182838382828282828282838282818224
:106B50008282828382818180808080808182828320
:106B60008384848383838383828181818281818101
:106B700082828182838384858585848383828382E4
:106B800082828282818181818282828383838384E3
:106B9000848382818281807F80807F7F7F818181E9
:106BA00081818081818281818080808282838281D3
:106BB00081808080808182828181828281828181C4
:106BC00082838383838281818180818181818181AC
:106BD00082828181818181818282828281808080A2
:106BE000818281807E7E7E7F8181818081808080A4
:106BF000807F7E7E7F7F7F807E7D7B7C7D7E7F80B1
:106C000080807F7F7F808082828382828181818079
:106C1000807F7E7D7D7E7D7E7E7E7F7F807F7F7E8E
:106C20007E7E7F8180807E7E7E7F808080807F7F71
:106C3000808080807F7F7F7F7E7E7D7D7D7F7F8067
:106C40007F7E7D7D7C7C7C7C7D7D7E7F7F7F807F69
:106C50007F7F808181807F7E7D7D7E7E7E7D7D7D4C
:106C60007D7D7E7E7E7D7D7E7F7F7F7E7E7E7E7F44
:106C70007F7E7C7C7C7D7F7F7F7F7F7E7F8080802E
:106C80007F7E7D7D7D7D7C7C7C7D7E7E7E7D7D7C32
:106C90007C7C7D7D7D7C7C7C7D7D7E7E7F8081811A
:106CA00081817F7F7F7E7E7D7E7D7D7E7E7F8080F9
:106CB00081838383828181807F7E7D7D7D7D7D7EDA
:106CC0007D7D7D7F8081828281807F7E7E7F7E7ED2
:106CD0007E7E7F7F80808181818182828280807FB1
:106CE0007E7D7D7D7E7F80818181818181818181A9
:106CF000807F7F7F7E7E7F80828383848484838283
:106D000082828180807F7F7E7F7F7F7F7F80828283
:106D10008383838382828181808080817F7F808062
:106D2000808080818181818182807F7E7F7F7F7E64
:106D30007F7F818282828384838282817F7E7F7F44
:106D40007F80808182828283838484848483828220
:106D50008181818080808182828484848383838412
:106D600083838281818182838282838384858583F8
:106D700081808081828281807F7F80818282818107
:106D8000828282828382807F7F80808081828382F0
:106D900081828383848484838382838384828282C6
:106DA00083838282818181828485858382818080C0
:106DB00081828383848584848382828282828180AB
:106DC0008080808081818282838485848382817FA8
:106DD0007F7E7E7E7F7F80818181818283838382AB
:106DE00081817F7F7D7D7C7D7E7E7F7F80818283B0
:106DF00084848383838382807E7D7D7E7E7F7F7F8C
:106E00008080818282818180807F7E7C7C7C7C7C92
:106E10007D7E7E7F7F8080807F7F7F7F7F7F7F7E84
:106E20007E7E7F8081818181808080807F7F7E7E69
:106E30007D7D7E7D7E7E7F7F7F7F80807F7F7D7D6D
:106E40007D7E7E7E7C7B7B7C7D8082828181818158
:106E5000807E7D7D7C7C7C7D7C7C7C7C7C7D7E7E64
:106E60007E7E7E7E7D7C7C7B7B7B7C7D7E7D7D7E55
:106E70007F7E7E7D7D7D7C7C7C7C7C7B7D7E7E7E42
:106E80007E7F7F7E7E7E7F7F7E7D7D7D7D7D7D7E24
:106E90007E7F7E7F80807F7F7E7F7E7D7E7E7E7E0A
:106EA0007D7E7E7D7D7C7D7C7D7E7F7F7F7E7E7E08
:106EB0007E7E7E7E7E7F7E7E7E7E7E7E7E7E7E7EF1
:106EC0007F807F7F7E7E7E7D7E7E7E7F7F808181D4
:106ED0008181807F7E7F7F80807F7E7E7E7E7F7EC1
:106EE0007F7E7E8081807F7F7E7E7F7F7F808180AE
:106EF000807F7F7E7F818384848381808080808087
:106F00007F7D7D7C7E7F8081828386888886858365
:106F1000807D7C7C7C7D7E7F7F8082828383838377
:106F20008382828181818080808183858888878532
:106F30008382808181818182828182828282838434
:106F40008483828382818182828283828281818121
:106F500081818283848484848585858584838282FB
:106F600080808081828383848484848483828181FD
:106F700081818181818182838484848483848586E4
:106F800086868483838484838180808182828180D9
:106F90007F808183838282828383828181818282D6
:106FA00082828281818182818181838484828181C4
:106FB00082828282828383838383828281818081B1
:106FC00082838281808080808181828383838383A6
:106FD0008281808080808080807F7E7E7F818181B1
:106FE000808081828384848585858585858483816D
:106FF000817F7D7D7E7D7C7C7D7F8081807F8081A7
:1070000082828383807F7F7F7F7F80818181807F79
:107010007F7E7D7D7F80807F7F7E7E7E7F7F808084
:10702000807F7F7F8081807F7D7C7B7C7D7D7D7D7F
:107030007D7D7D7D7D7D7D7E80818080807F7E7C6D
:107040007C7D7E7F7E7F7E7E7D7D7D7D7D7D7F7E66
:107050007E7E7E7E7E7E7E7E7F7E7E7E7E7D7D7D52
:107060007D7D7D7D7D7E7F7E7E7E7E7D7D7C7C7D4B
:107070007F80807F7D7B797A7C7D7E7E7D7D7E7F3B
:1070800080807E7C79787979797A7B7C7E80818238
:107090008282807F7E7C7B7A7A7A7B7C7D7E7F8019
:1070A000808180807E7C7C7B7C7C7B7A7B7B7D7F0F
:1070B00081818180807F7F7F80807F7D7D7C7D7EE0
:1070C0007F80807F80807F7F7F7F807F7E7E7E7ECF
:1070D0007E7E7E7D7D7E7E7F8181828385868585A5
:1070E00083817F7D7D7C7C7C7E7F7F8183858584A1
:1070F00082817F8080818282817F7E7E7F81828289
:107100008282828281807F7E7E7F7F808182828375
:1071100083838282828283838382818180807E7E58
:107120007F8081838484838281818181818080804A
:10713000808182838484848383838282828281802B
:10714000808182838384848485858584838382810E
:10715000807F7F808181808181818181808080802A
:1071600080828384848484838484848382818182F2
:1071700082828282818181818181818282828383F4
:10718000838382817F7F80818283848281808181E9
:1071900082828282828382828281808081818181D7
:1071A0008282838383838486878583817F7E7E80BA
:1071B00081828282828180818282818081828484B4
:1071C000837F7D7C7C7D7E808182828383848687B1
:1071D00086848280808080807F7F7E7E7E808282A7
:1071E00082818181828282807F7E7E7F8081818098
:1071F0007F7F808283818080818282808081807F86
:107200007E7E7E7E7F7F7F8081828383828181817B
:10721000828282817F7E7E7E7F8181818181828167
:10722000807F7E7D7C7D7E7E7E7E7E7F8081828172
:107230007F7F7E7E7D7C7C7C7D7E7E7F7F8080806C
:10724000808180808180807F7F7E7D7C7C7B7B7C59
:107250007D7E7D7E7E7F7F807F7E7C7C7D7D7D7D53
:107260007F7E7F7E7F7F81807F7E7E7D7C7C7B7B3F
:107270007B7C7D7E7E807F80807F7F7F7F7F7D7C2B
:107280007D7D7E7D7D7D7C7B7C7D7F808081807F20
:107290007E7F7E7E7D7C7B7B7A7B7C7C7D7D7D7C26
:1072A0007E7E7F7F8080818080807D7C7C7E8182ED
:1072B000828280817F7E7D7D7B7B7C7D7E7D7E7FEB
:1072C000818182818281807F7F7E7D7A797B7C7ED5
:1072D0007F8181807E7E7F7F7E7E7F7F7E7B797BCC
:1072E0007D7E8081838381817F7F7E7E7F7F8180A1
:1072F0007F7F7E7F7E7D7D7D7E8081808080807FA0
:107300007E7D7E808080808080807F7E7F8283867D
:107310008687868481807F7D7D7E7F808081828359
:107320008483838382817E7D7D7E7F81807F7E7F5B
:10733000818383828282817F7E7F7F80818282833C
:107340008283848484848384828281818081818118
:107350008180808082848483828181818282828113
:1073600080818182838382818283848586848483F1
:1073700083828281818182838586858685848384D8
:10738000848483807F7E7E7E7D7E7E8080808282FC
:1073900084848484848381807F7F7F8081828382D0
:1073A00082838586868787868381807F7D7D7F81B6
:1073B00083838383838281828284838281807F80AE
:1073C0008081808080818384858585858483828295
:1073D00082828281807F7F8081818283838586878C
:1073E00086837F7D7C7C7E8182807D7C7D8184859F
:1073F00083818182848584827E7C7C7D7E7F818383
:1074000083817F7E7E7F8283858484838280808067
:1074100081817F7D7C7C7C7C7C7B7D80838583817E
:107420007F7D7D7E80818281817F7F7E8081818161
:10743000807F7E7C7B7C7D7D7B7A7B7B7D7D7E7F80
:107440007F8181817F7D7D7C7D7D7F80817F7D7D52
:107450007C7C7C7C7E7F7F7F7E7D7D7D7D7C7C7D5A
:107460007D7E80807F7F7E7D7B7A7A7A7A7A7B7D53
:10747000808282807F7F7E7E7E7E7E7D7D7D7D7D23
:107480007D7C7C7B7B7A7C7C7E7D7D7C7C7C7D7D39
:107490007D7D7D7D7D7E7E7E7E7D7C7C7C7E7E7F17
:1074A0007E7F7F7F7F7F7E7E7D7C7D7E7F807F7FF6
:1074B0007F7F7E7E7E7E7D7D7C7C7D7F7F7F7F80EB
:1074C0007F7E7E7E7E7E7E7F7F7F7F7F7F7F7E7ED4
:1074D0007E7E7F81828383828180808082818181A0
:1074E000818080808080807F7F7F7F7F807F7F7FA3
:1074F0008081818181818181808080807F80818184
:107500008080808182838382818180807F7E7F8072
:1075100080818283828280808082848482807F7E58
:107520007E7F808182818382818282838484838042
:107530007E7D7E818484848383848384838281812D
:10754000838485817E7D7E80848584838181818220
:107550008283838485858482828182807F7F7F7F0E
:1075600081828282838283858685858382817E7EF5
:107570007E7E7E7E808385848485848382807F7EF8
:107580007D7E8081828284868787868585848483C8
:1075900082817F7F7F8182828181828282828282D8
:1075A00083828282848383838280807F81828384BA
:1075B0008586868484848483817F7F7F7E7E7E7FB0
:1075C000808182838381807F7F7F7F7F7F808080B7
:1075D000808182838385858584848382817F7F7F88
:1075E0007F7F808082828282828281808080807F91
:1075F0007F7F7E7F7F7F7F7F80818485848382837E
:1076000082828181807F807F7E7E80818384858568
:107610008482807F7F80807F7E7C7A7A7B7D7E7E85
:107620007E8082848482807E7B7A797A7B7E7F8072
:107630007F7F7F8081828281807E7F7E7F7E7F7D53
:107640007C7B7D7E807F7F7F80818282817F7D7C4D
:107650007A7C7D7E7E7E7D7C7D7D7D7D7E7F7F7F55
:107660007F7E7D7C7D7E7E7D7E7E7E7E7F81828133
:10767000807E7D7D7E7D7D7D7C7C7D7E80807F7F2C
:107680007F8080807F7E7C7C7A7A7A7A7A7B7C7E2F
:107690007F80818280807F7E7E7D7C7C7C7D7E7F02
:1076A0008081818181807E7E7D7C7D7C7B7A7C7CFB
:1076B0007C7B7A7B7C7D7E7E7E7D7E7D7E7F7E7CFC
:1076C0007C7C7D7E8080807F7F7E808181818282C4
:1076D0008281807F7E7D7C7C7C7D7D7D7E7F7E7EC9
:1076E0007F7F807F808081807E7E7D7E7E7F8081A7
:1076F0008182828182828382828180807F7E7D7E80
:107700007E7F8081828282828180807F8081818170
:107710008182828283828181808080818180808059
:10772000818181818283838382828180818183833D
:1077300082807F7F7F808182828182828383838235
:1077400083828181818181818181807E7E7F808130
:10775000818081818181828282828383838382810D
:1077600082828283828181818283848483838383F2
:1077700083828282828384858483828281818283E0
:1077800083838383838282828282838283838382D0
:1077900083838281818282818282828281818181CE
:1077A00081818182828180808080818182828281C8
:1077B00081818182828383838281818283848586A1
:1077C0008686858483828281818181818181818194
:1077D000808080808080807F7F7F808181818283A4
:1077E0008485858585838282828281818180808073
:1077F0007F7C7B7B7C7E7F7E7E7F81818483827F9A
:107800007E7D7E7D7C7B7B7C7E7F8182828181828E
:1078100082817F8081828180807F7F80818383805D
:107820007E7E7F7F7F7E7D7C7C7E7F81817F7E7F71
:107830007F7F7F8080818180807F7F7E7E7F7F7F52
:107840007E7F7F8080807F7E7E7F7F80807F7D7C4B
:107850007C7B7B7D7D7E7F7F808281807F7E7E7C46
:107860007C7C7D7E7D7E7E7F7F7F7F7F7E7E7E7F38
:10787000807F7F7E7D7C7C7D7D7C7C7C7C7D7D7D36
:107880007C7C7C7D7E7F7F7F7D7D7E7F7E7E7E7E1D
:107890007E7F8082817F7F7E7E7E7C7B7B7A7A7B0F
:1078A0007C7E7E7F7F7F807F7F7E7E7D7D7D7E7EF6
:1078B0007E7D7E7F818283828382807E7D7D7E7DD0
:1078C0007D7D7D7C7C7D7E7E7E7E7E7E7E7D7D7DE3
:1078D0007D7D7D7D7E7F7F7F8080808081828282B2
:1078E0008281817F7D7D7E7E7E7D7D7D7E7E7F80AF
:1078F00081828383838281807F7E7D7C7B7C7E7F8F
:10790000808080808081828282817F7F7E7E7E7E79
:107910007E7E7F8182828282828281807F7E7D7C68
:107920007C7C7E7F8081838483828282828182814B
:10793000807F7E7D7D7D7D7E7F8182848483828247
:107940008282828180807F7F80828383828283841F
:107950008483848483828181818180818282828305
:1079600083848584838382817F7F7F7F80818282FD
:1079700082818181828383838280808081828382ED
:10798000828283828284858585858583817F7F7FCE
:107990007F7F7F80818182838382818182848686CA
:1079A0008683817F7F8080818283848687878584A8
:1079B00083828181818181817F7E7E7E80828485B8
:1079C00085848382828280807F7F8082838382829B
:1079D0008485858583828180808080807F7F7F8091
:1079E000808080807F7F7F808182828281817F7F93
:1079F0007F80828484838281807F7F808182828174
:107A0000817F7F7F7F7F8082838484848382828260
:107A10008282817E7C7D7E7F7F7F80807F8081816E
:107A200080808081818081828281807F7F7F7E7E55
:107A30007E7E7E7E7F807F7E7D7D7D7D7E7F7E7D66
:107A40007C7C7D7E7E808081808080807F7E7C7B50
:107A50007A7A7A7B7C7E7F7F7F80818281807F7E45
:107A60007D7E7E7E7E7E7E7E7D7C7C7E7F80818232
:107A70008181807F7F7E7D7C7B7A7A7B7C7D7E802E
:107A800081828281817F7E7E7F807F7E7B7A7A7B0E
:107A90007C7E80818180807F7E7D7C7B7B7B7B7B0D
:107AA0007C7D7E7F8080807D7C7D7E7D7D7C7B7B00
:107AB0007A7B7D7E7D7C7D7D7F7E7F81807F7F7FE9
:107AC0007F7E7E7D7D7E7E7F7E7E7E7F7E7F7F7ED3
:107AD0007E7E7E7F7F7F7F7E7D7C7B7C7D7E7F80C8
:107AE000808080807F7F7F7F7E7E7F80807F7E7DA5
:107AF0007D7E7E80818181807F7E7E7E7F80808092
:107B0000808181818080807F80818181818281806C
:107B100080807F7F80818282807F7F7F7F7F808067
:107B200080807F7E7E7F80828282828281807F7F52
:107B3000808282817F8081828182827F7E7F828437
:107B40008686858281808181807E7D7E7E7E7F802B
:107B50008181838486878786858381807E7E8083FA
:107B600085848384858585868584838382818080DE
:107B7000808080818384848382817F7D7D7F8182F8
:107B800082828283838486868583838283828281C4
:107B900083838383848483838384848281808080BD
:107BA000818385848482828181807F8080818284B8
:107BB000858686868685848483828382828282818A
:107BC000818182838283838585858483828080808E
:107BD0008180808081818282828280807F81818297
:107BE00083838280807F7F7F808181828282828086
:107BF0008180808081828282828281808080808177
:107C000081818182807F7E7D7D7D7E7F807F7E7D84
:107C10007C7D7F7F80808283848382817E7C7B7E6B
:107C2000818483817F7E7F818281807E7D7F80824F
:107C300081807F7F8080818081807F7D7D7D7E7F50
:107C40007F7E7D7C7F8181828081808080807E7D3F
:107C50007B7A7A7B7E81838382807E7D7D7D7E7E42
:107C60007D7B7978797C7D7E7E7F808181817F7E3E
:107C70007D7D7D7D7B7B7B7C7B7D80818383828121
:107C80007F7D7C7F80817E7B78777677797C7F8132
:107C9000828282817F7E7C7C7B7B7B7C7D7B7B7E0A
:107CA000818182828282818180807E7C7B7B7C7CE0
:107CB0007B7C7D7E7F8081817E7B7A7B7B7B7B7CF6
:107CC0007E7E7D7D7D7F7F80818181818081807EC0
:107CD0007E7D7D7D7D7C7E7F8081828382818080B0
:107CE0007F7F7E7D7B7A7A7B7C7D7E7F80818283B5
:107CF000838282807F7E7F7F7F7E7D7C7C7D7E8095
:107D00008182828182838482817F7E7D7D7F80806B
:107D10007F7F7F7F7F7E7D7D7E808182817E7D7C77
:107D20007C7D7F7F8080818181818282838382814B
:107D300080807F7F7E7F7F80818283848383848431
:107D400084838382807F7F8082817F7F7F80818325
:107D5000838381807F7F7F8081828283838383820C
:107D600083828383828282817F7F808181828282FB
:107D70008384848383828181807F7F8080818181ED
:107D800080808182838384858484838382828281CC
:107D900080808081818283848585868584838383B6
:107DA00084848584828080808081828384858485A8
:107DB000858585848484848382817F7F7E7E7D7FA8
:107DC0008183848585848382838383828281818089
:107DD0008180818080828385858685848483828278
:107DE0008282828182828180818181828383838376
:107DF0008281807F7E7E7F80828281807F7F808281
:107E00008382828383838382818080818283838350
:107E1000828281818081807F7E80807F7F7F808061
:107E2000807F7F7E7F7F7E7F7E7F7F80808181805D
:107E3000807F7F7F7F7F80807F8180807E7D7C7D53
:107E40007C7E7D7D7E7F808080807E7D7D7E7E7F4E
:107E5000807F7B7A7B7D7E7F7E7E7E7F7F80818040
:107E60007E7C7B7A7C7C7C7D7C7B7A7A7C7D7F7F50
:107E70007F7D7E7C7C7D7E7E7E7F80807F7E7E7C23
:107E80007C7D7F80818282817F7D7C7C7C7E7F7F08
:107E90007C797877797B7D7F818484837F807F7F05
:107EA0007E7E7D7C7B7A7B7B7A7B7C7F7F818182FF
:107EB00081807E7C7C7B7C7B7C7C7D7D7E7F7E7EEE
:107EC0007F807F7F7D7C7C7C7C7C7D7D7E7F7F7FD7
:107ED0008081807E7F80818080807F7D7C7D7D7FB2
:107EE0007F8080808081818181807F7E7D7E7D7D9D
:107EF0007E7E8080807F7F7E7F7F7F7E7D7D7B7B9F
:107F00007B7D7E7F80818181828281807F7E7F7D7B
:107F10007C7B797A7B7E8082828282818180808074
:107F2000808080807F7E7E7F80808081828283834C
:107F3000828281818181828282818181818181822B
:107F40008382828281818181808080828383848315
:107F50008483838281808080808080808080808212
:107F600083848586878685858483818181818181DB
:107F700080808182838484838281818182828181E5
:107F800080818181818182818182838383848383D3
:107F900083838584858484828384848483828080AF
:107FA00080818180807F80818283848484848383B4
:107FB00082838383828282828181818081818282A5
:107FC00082807F8082848685858484838383828384
:107FD0008181818182828382828181828483828283
:107FE000818080808181807F7F8080807F7F7E7D97
:107FF0007E8081818181818181828383838282826B
:108000008182828282808080818181818081808161
:108010008180807F8081818080807F807E7F808062
:108020007F7E7E7E7E7F808180808182838383814C
:1080300080807F7F7E7D7D7E7F8080807F7F7F814F
:10804000828383827F7C7B7B7B7D7E7E7F7F7D7C4A
:108050007C7C7D7E7F807F7E7D7D7B7C7D7E808045
:1080600081807F7E7F7F7F7F807F7E7E7D7C7D7E27
:108070007E7F7F7F80807F7D7D7E7E7E7E7F7E7E19
:108080007E7F808080807F7E7D7D7E7E7E7D7C7C0D
:108090007C7D7E7E7E7F7E7F8081807F7D7D7D7EFC
:1080A0007E7F7E7E7D7D7D7E7E7F7E7E7E7E7E7FF0
:1080B0007E7D7D7D7D7D7C7B7B7B7B7C7D7E7E7EF6
:1080C0007D7D7D7D7C7C7D7D7E7E7F7F7F808181CF
:1080D0008181807F80807F7E7E7D7D7C7D7C7E7EB9
:1080E0008080807F7E7E7F8080807F7F7F7D7E7EA0
:1080F0007E7D7C7C7D7F8080818080807F81817F90
:108100007E7D7E7F8080818081807F80828282816F
:108110007F7D7C7B7D7E7F807F7E7D7E7F7F7F807D
:108120007F7D7E7F807F7F7F7F808182828282824F
:108130008282818181808080818283838383838224
:108140008281838283817F7E7D7D7D7E7F7F7F7F35
:108150007F7F7F808080818182838382828282810F
:1081600082828383838281828181818180808182F6
:1081700083838383838282828281808080808181E5
:1081800082828282828283848586858482828282C0
:1081900082828282828384858484858584838382AB
:1081A000818080807F7F7F808081828283848482BF
:1081B0008281807F808081808081818283848585A7
:1081C000848484838383838180808181828282838B
:1081D000828282828282828181808080818081828B
:1081E000838384858586858584838282828181805C
:1081F0008181818180818182828281807F7E7E7D7A
:108200007E7E7F7F7F80818383848484838282815A
:10821000807E7D7E7E7F7F80818282828485848451
:108220008382807D7D7D7D7D7D7D7D7E7F80818261
:10823000828382818182807F7F7E7E7E7F8080813B
:108240008181828383817F7E7D7C7C7C7C7C7C7C45
:108250007C7D7E7F7F7F808080807E7E7E7F7E7D36
:108260007C7C7C7D7F808181818180807F7E7E7E21
:108270007D7D7C7C7D7D7D7E7F7F7F7F7F7E7E7D23
:108280007D7D7D7C7B7C7C7C7C7D7F81818181820E
:10829000807E7E7E7D7C7B7C7D7D7C7D7D7E7F7F08
:1082A0007F7F7E7D7C7C7D7C7C7B7C7B7B7B7E7F03
:1082B0007E7F7F807F7F807F7F7E7D7C7C7C7C7DDE
:1082C0007E7E7E7F7E7F7E7E7D7D7D7C7C7B7B7BDC
:1082D0007B7C7D7E7F80818181807F7F7E7E7D7DB6
:1082E0007D7E7E7D7E7F80818180807F7F7E7E7DA2
:1082F0007D7C7C7C7C7B7C7C7E7F8283848483828F
:1083000081807F7E7D7D7D7D7D7E7F7F8080808082
:10831000818182838281807F7E7E7E7F7E7F7F815E
:108320008182818282818080807F7E7D7D7E7F7F51
:108330008081818181818181818181807F7D7D7D3D
:108340007E7E7E7F80818283848585848382818016
:108350007F7F7F808081818181818283838383830A
:108360008181818180807F7F8080828283838483FA
:1083700082828383838383828282828282828283D7
:10838000838282818180807F8080808181818283DD
:1083900084858585858482818182818182838383AE
:1083A0008283838384868788878583818181818195
:1083B000808081828384848484858685838281828F
:1083C0008181818282828485858586858484838279
:1083D00081818181818080807F8182838484828188
:1083E00080807F7E7F7F8081828383848484858573
:1083F000868584838281818180808182838282825A
:1084000082818180817F7F7E7F7F7F7F7E7D7D7E79
:108410007F80808181818282828382818181828248
:1084200082828181818181808080807F7E7D7D7D4F
:108430007E7F7F7F808080808081807F7F807F7F44
:108440007E7E7E7E7E7E7F7F807F7F8081807F7F3D
:108450007F7F7E7F7F7F7E7D7D7D7C7C7B7C7C7D46
:108460007E7E7D7C7E7D7E7E7E7E7E7E7E7D7D7D33
:108470007F7F7F7E7E7E7E7E7E7E7E7F7F7E7E7E17
:108480007E7F7F7F7E7E7E7E7D7C7C7C7D7E7E7E11
:108490007F7F7F808181818281807F7D7D7C7C7BED
:1084A0007C7C7D7D7E7F7F7F7E7E7E7F7E7C7B7BF6
:1084B0007A7A7B7C7D7D7D7E7E7E7D7E7F7F7F7EEA
:1084C0007D7D7C7C7C7C7D7E7F7D7D7D7D7D7D7EDC
:1084D0007E7E7F7F7E7D7C7C7D7D7E7D7E7E7F7FC0
:1084E0007F807F808081817F7E7C7D7D7D7E7F7FA0
:1084F0008081828282818180807F7F7E7E7E7D7D81
:108500007D7D7D7E7E8182838282807F7E7E7E7D78
:108510007D7C7D7E807F80818281807F807F7F7E69
:108520007E7E7F7E7E7E7F7F80828485868584823C
:10853000817F7E7F7F7E7D7D7E7F81828383848538
:1085400085858482807E7E7E7D7D7E7F7E7E80832B
:1085500083838384838383828381807E7F7F7F8004
:10856000828483838081818181818181817F7F7FFA
:108570007F7F8182848584858483828181818180DB
:1085800080818182838484848486868685848382B4
:1085900081808080807F80818282828383838484C3
:1085A000848382807F8081808080808081838585B4
:1085B0008583848383838281818182828282828295
:1085C0008384848382818080808081818182818292
:1085D0008283848485858685858584838283818260
:1085E000828384848281818282828281818181816D
:1085F000818080808080818182838383848485855B
:1086000085848383838281807E7E7F808182838351
:1086100082828283848382817F7D7D7C7C7E7F7F5A
:1086200080808181818182818280807E7F7D7D7D4D
:108630007F80818182818181807F807F7E7C7B7B46
:108640007B7D7D7E7E7F7F8080807F7E7E7F807F42
:108650007E7D7D7D7F7F8080808081818180807F25
:108660007E7E7F7F807F7E7F7F818282817F7D7C17
:108670007B7B7B7B7B7B7C7C7D7D7D7E7F8081812A
:10868000807F8080807F7E7E7D7D7E7E7E7E7E7F01
:10869000807F7F7F7F7E7D7C7C7C7D7D7E7E7D7C00
:1086A0007C7B7C7C7D7D7D7C7C7D7E7F7E7D7D7EFC
:1086B0007F7F7F7F7F7F7F80817F7D7D7C7C7C7CD7
:1086C0007D7C7C7D7E7F7E7D7D7E7E7E7F7F7E7DD0
:1086D0007D7C7C7C7C7D7D7E7F80818181818180B1
:1086E0007F7E7D7E7E7F7F7E7F7F80808081818197
:1086F00080808182817F7F7E7E7E7D7E7E7D7E7F8B
:108700008081818181818080807F7F7E7F7E7E7E6F
:108710007E7E7E7F7F7E7F7E7E7E7F7E7E7E7E7E75
:108720007E7F7F81828383838282818180807F7E3E
:108730007D7D7E7E7E7E7F80818282818180808041
:1087400080807F7E7E7D7D7E7F8081828383838229
:1087500082828283828181828283838282838383F5
:10876000838381807F7E7F7F7F7F80808081818205
:1087700082838383838282818182818282828283D7
:1087800083848485858585848383828180818181BA
:1087900081818282828282838384848383818081B7
:1087A00082828181808080818283848484858585A2
:1087B00084828281818180807F7F808283838484A0
:1087C00084858686878683817F7F7E7D7D7E80808F
:1087D0008181838486868686858381807F7E7E7D77
:1087E0007F81828383838484848585858584838156
:1087F000807F8081828282828283828281807F7F69
:108800007F7F7F80818181807F7F80818182828361
:108810008383838282807F7F7F8081828383838240
:108820008283848585858382807F7E7D7D7E7F8037
:108830008181828282818181807F7E7E7D7E7E7F3A
:108840008081818284848584838180807F7F7F7E14
:108850007E7D7E7E7E7F7E7F7F7F8080807F7D7C31
:108860007A7A7B7C7D7E7E7F808182818281807F1F
:108870008080807F7F7E7E7E7F80808080808181FF
:10888000807F7E7C7B7B7B7B7C7C7C7D7E7E7D7D1C
:108890007D7D7E7F7F7E7D7C7C7E7F7F7F7E7E7EFA
:1088A0007D7D7E7D7E7D7D7E7D7C7B7B7C7C7B7CFF
:1088B0007C7D7D7E7E7E7E7E7D7E7E7E7D7C7C7CE4
:1088C0007C7C7C7D7C7C7D7E7E7F7F7F7F7F7F7FCD
:1088D0007E7E7E7E7D7D7C7C7B7B7D7E7F7F7F7EC2
:1088E0007D7C7C7E7F7F7E7D7D7C7B7B7B7B7B7BC1
:1088F0007C7D7E7E7E7E7D7C7D7D7F80807F7F7E99
:108900007D7D7E7E7E7E7E7E7F7E7E7E80807F7E83
:108910007E7F7F808080807F7F8081828282818055
:10892000808081818180807F7F8081818181818140
:10893000818181808080807F7F7F7F7F8081808137
:10894000818081808081828384838383828281810C
:108950008182828181808080808181818182828206
:1089600082828383848383838483838282818080E1
:108970007F7F7F81828484848483848383838382D2
:1089800081828282828283838282818181818182CB
:1089900083838383828282828282828282818181B6
:1089A00080808181828282828282838484848383A4
:1089B0008383838282818283838382828181818196
:1089C000818384838281808081828382818282828A
:1089D0008485848383828182828282828283848569
:1089E0008483818080808182828283828281807F71
:1089F0007F8081828385868583807F7E7F80818062
:108A00007F7D7D7D7E808081838586868684838050
:108A10007E7E808282817F7E7E7F81828281808055
:108A200081817F7E7F80807F7E7E81818181818246
:108A300081808081807F7F80807E7E7E7F7F80813D
:108A40008080808080818281818282817F7D7C7A2A
:108A50007A7C7F818282818080807F7F7F7E7C7B29
:108A60007C7C7D7E8080807F808181807F7E7E7D1A
:108A70007C7C7C7B7B7B7E818282828282807F7E0B
:108A80007E7C7B7A7A7A7A7B7D7E7E7F7E7F7F801A
:108A900080807F7E7C7C7D7D7C7A7B7C7E7F8181FB
:108AA00081807E7E7E7E7E7D7C7B7B7A7B7C7D7EF4
:108AB0007E7F7F80807F7E7E7E7E7D7C7C7C7B7CDB
:108AC0007D7C7C7D7E7F7F7F7F7F7F7F7F7E7D7BC8
:108AD0007B7B7C7C7D7E7F7F7E7D7D7E7E7E7E7EC1
:108AE0007E7E7E7E7F7F7F8181818180808181818A
:108AF0008180807F7F7E7D7C7C7D7E7E7E7E7F7E92
:108B00007F807F808181807F7E7F7F808183827F65
:108B10007D7E80828383827F7D7B7B7C7C7C7D7F6E
:108B2000808283838282818080808080807F7D7C40
:108B30007B7C7E8081818282828181818282817F31
:108B40007D7C7C7D8083838381818182838281801F
:108B500080808182828484848382818181828281F7
:108B600081808182807F7E7E7F7F81828382807E02
:108B70007C7C7E80828283848586868482807F7EE0
:108B80007F818284848484838382828281818282C1
:108B900082807F7E7D7E7F828484848584848484B9
:108BA0008482817F7F7F8081838484858686868599
:108BB000858586868685838281818080808181818A
:108BC00081818080808080807F7E7D7D7E808080AE
:108BD00080807F8081838484848485858584848467
:108BE00085848383828181828282838381817F7F66
:108BF0007F7E7E7E7E7F8081828283838383848466
:108C00008383838382828281818283848686858531
:108C100084838383828281807E7E7F7F7E7F7F804C
:108C200080808182838382828281807F7F7F7F8038
:108C300080807F7E7E7F8081828283848384838222
:108C4000808080828282807E7E7E7F808181808122
:108C5000808181828281807F7E7F7F7F7E7F7F7F18
:108C60007F7F7E7D7C7B7C7E7F807F7F7F7F7F8020
:108C7000807F7E7D7D7E7F7F7F7F7E7E7D7E7E7F0F
:108C80007E7E7D7D7D7E7E80808180807F7D7C7DFF
:108C90007F80807F7E7B7C7C7C7C7C7D81828381ED
:108CA0007F7D7B7A7B7C7D7D7D7F80807F7E7D7CF0
:108CB0007D7E8080807E7D7C7D7E7F7C7C7C7C7CDC
:108CC0007D7D7D7B7B7C7E80807F7F7E7D7C7D7DCE
:108CD0007D7B7B7B7C7D7E7E8080807F7F80807EB5
:108CE0007D7D7C7B7C7C7D7D7D7D7F8081808080A7
:108CF0007F807F8080807E7D7E7E7F7E7F7F807E86
:108D00007D7E7F7F7F7F80807F7E7D7D7D7D7D7E80
:108D10007E7F7E7F80818181818080808082828150
:108D20008181818081818081807F7E7E7E7E7F7F48
:108D3000808081818180807F80808181818080802E
:108D400081807F7F7E7E7F8081818282828282821B
:108D50008283838382817F7E7E7F7F7F7F7F80800F
:108D6000818281818181828282818180807F8081F4
:108D700081808081838382828383838282828382D3
:108D800081818181818181818282828382817F80D0
:108D900080818182838382828281818181828281BA
:108DA000818181808081828384858584848483829B
:108DB000808080818081818282828382828283849A
:108DC00085848382807F808082828281828385877E
:108DD0008787868584828180807F7F7F7F80818274
:108DE0008384848483838484858584838181808152
:108DF00081818181818182838280807E7E7E80826A
:108E00008383848383828282828181808181818144
:108E10008181808182858786858484848381808026
:108E20007F7F7F7F7F80808180818081818282833C
:108E30008283828280807F8081828282807F7F8124
:108E400081808180807F7F7E7E7E7E7E8081818129
:108E500081818080808182827F7D7C7A7B7C7E7F25
:108E6000807F7E7E7E7F8080807F7D7D7D7D7E7F1A
:108E70007F807F7F7F7F7F7F7F7E7F7E7E7D7D7E09
:108E80007F7F81828282807F7F7D7D7D7D7D7D7CF5
:108E90007D7D7E7E7F7E7F7E7E7E7E7E7F7E7E7EF1
:108EA0007D7C7D7D7D7D7E7E7F7F7E7F80808081DD
:108EB00081807F7E7E7D7D7D7E7E7E7E7D7F7F7ECE
:108EC0007E7E7E7E7E7D7E7E7C7C7C7C7C7B7A7BD7
:108ED0007D7D7E7E7E7D7E7E7E7F807F7F7E807FAD
:108EE0007F7D7D7D7D7D7E7F7E7D7C7D7E7E7C7CAD
:108EF0007D7D7E7E7F7F7E7E7D7E7D7D7C7D7E7E98
:108F00007F7D7E7E7E7E7F7F7F7F7F7F7F7F7E7F78
:108F10008080808181807F7F7F7F7F7E7D7D7D7E61
:108F20007F7E7E7F7F81838382807F7D7D7D7C7D50
:108F30007D7E7E7E7E7F8080818283838281808031
:108F40008080807E7F808282818181818181828117
:108F50008180808081808180808080808283838303
:108F600083838382828181818080818180818182EB
:108F7000828181818181807E7E7F808080807F7FF1
:108F80007F818183848383838383838382828281BD
:108F90008281818182828383838383838382817FB1
:108FA0007F7F8081818182828383838384848483A1
:108FB000828281818182838485858584858585847B
:108FC0008483818080808080818181818181818191
:108FD0008181818180808080808080818182838383
:108FE000838483828282838283838483838486864C
:108FF000858585848282828181818282818281804D
:109000008081808081828282828281807F8082834F
:109010008382818183868788898887878684838104
:109020007E7C7C7D7E7D7D7D7F8082838483838149
:109030007F7E7E7C7C7C7C7D7E7F80828283828240
:109040008081828384848481808080828282818105
:10905000807F7E7D7C7D7D7F808182817F7D7B7A2C
:109060007B7D7F8182818181828281828281807FFA
:109070007F7F7F7E7F808182828281818181807EED
:109080007D7C7C7C7D7D7E7F808181827F7E7C7CFF
:109090007B7C7C7D7C7C7C7C7D7F80808080807FF5
:1090A0007F7E7E7D7C7C7C7B7C7D7C7C7D7D7E7EF2
:1090B0007F7F80807F7E7E7E7E7E7D7D7D7C7C7CD2
:1090C0007D7E7F808182807E7C7A79797B7C7E80C8
:1090D000808181817E7C7A7B7B7C7B7B7B7B7C7DC2
:1090E0007E7F7F80818282817F7D7C7B7B7C7D7D9A
:1090F0007D7D7E7E7F7F7E7E7E7F7E7E7D7D7C7C95
:109100007D7F8081817F7F7E7D7E7E7E7E7D7D7E78
:109110007E7E7F81818180807F7F7E7F8081818054
:109120007F7F7F7F7F8080807F7D7D7D7E7E7F8053
:1091300081808181817F7F7D7E7E7F7E7E7E7E7E3F
:109140007F81828182828181807F7F7F7F7F7E7E1F
:109150007E8081828282828383848382807E7E7EFF
:109160007F7F7E7E7E7E7E808183848484838281F5
:109170008180807F7E7E7E808184858484838382DB
:109180008382828283818080807F7E7E80828384CE
:1091900084848383838483828080808183838383A8
:1091A00082828284858684838180808180808080A1
:1091B000808182828383848384848482817F7F7E92
:1091C0007E7F808182848688888786848483828269
:1091D000828282807F7F7F80818384858484838272
:1091E0008180818182828282828281828485868658
:1091F0008584848483838383828080808282838544
:1092000085858483838382828282817F7F8080823E
:109210008384838383838383828281807E7E7E7F37
:10922000808182828383828181818282808080802A
:109230007F818384858483828382807F7E7D7D7F1E
:109240008283838180808080808281817F7D7D7D1B
:109250007E7E7E7E7F8080838484848381807F7F06
:10926000807F7F7F80808180807F7E7D7C7C7D7E13
:109270007E7E7D7D7D7D7D7C7D7E7F7F807F7E7D12
:109280007D7D7C7C7D7F7F80807F7F7F7F808183F1
:109290008381807F7E7D7D7D7D7D7D7C7B7B7B7BF7
:1092A0007B7C7E7F7F7E7E7F7F7F7E7C7C7B7C7DE8
:1092B0007D7D7F8080818181807F7E7D7E7E7F7DC0
:1092C0007C7B7B7B7C7C7C7D7E7E7E7E7D7C7C7CD7
:1092D0007D7E7D7D7D7C7C7D7E7D7E7E7E7E7D7DBA
:1092E0007D7D7E7E808081807F7F7E7D7C7C7D7C9D
:1092F0007D7E7E7E7D7C7C7B7B7C7D7E7E7E7E7E9D
:109300007E7E7E80808180807F7F7E7D7E7E7D7D73
:109310007D7E7E7F7F7F7F7F7D7D7C7C7C7D7E8070
:1093200080807F7F7F7F7F7F7E7E7E7E7E7E7F7E52
:109330007E7E8081828282828180807F7F7E7E7D30
:109340007E7F80818283838281818181828282810A
:10935000807E7E7F8080818181818281807F7F7F0E
:109360007F7E7E7E7F8182848585858584838181E1
:109370008181818182807F7F8081828383848483D5
:10938000818080807F7F7F7F8181828484848381CC
:1093900081807F808181828384858586858686869B
:1093A0008483818080818182828283838484848398
:1093B00082817F7E7E7F8081828383838383838398
:1093C000828283838384858483838384838383826B
:1093D0008181818182828383848484838484848361
:1093E0008382818080818282828384858686848351
:1093F0008281828283838383838484838484858639
:109400008584838281808081818281818180818243
:1094100082838383838484848383828280807F7F2A
:109420007F7F808081838585848382817F7E7D7D2F
:109430007E7F7F808081807F808182818180818129
:10944000828281807F7F7E7F8080807F7F8081821B
:10945000828383827F7E7D7E7F80807F7F7E7E7F12
:109460008080808080818181807F7D7C7D7E7F8007
:1094700081818180808080808180807F7F7F7E7EEF
:109480007D7D7C7D7F8181807F7E7D7D7E7E7E7CFB
:109490007A79797A7C7E8081808080807F7F7E7EF1
:1094A0007E7D7C7B7B7B7D7D7F7F7F7F7F7F7E7DE5
:1094B0007D7C7C7C7C7C7C7C7D7E808181807F7DD2
:1094C0007C7A7979797A7B7B7C7C7D7E80818181D5
:1094D00080818180807F7E7D7C7D7E7D7C7A7A7BB1
:1094E0007C7E7F80807F7F7F807F7F7D7C7B7B7C9D
:1094F0007C7C7C7C7D7E7F8182838383807E7C7A82
:10950000797B7D80817F80808180807F7E7E7E7E72
:109510007F7E7E7D7D7E7F7F7F808080807F7F7E5F
:109520007D7C7D7F80818281807E7F7F818283823E
:10953000817F7D7D7D7D7E7F808282838281807F31
:109540007F8081818181807F7E7D7C7D7E7F7F8029
:10955000818384848382807F7F807F807F7F7E7E03
:109560007E7F80828283848382807F7D7D7C7D7DFF
:109570007F808182828382838382828181808180D5
:10958000807F7F7F7F8082838382807F7E7F8081D8
:1095900082828181808080808181818182838383B6
:1095A000828282828180807F7F808183848584849F
:1095B0008281808182828181817F7F7F808182829E
:1095C000838485868787858484828181828484845C
:1095D00083817F7E8082858685827F7D7D7E7E7F82
:1095E0007F8080828587878786858485858583813E
:1095F0007E7B7B7B7C7F8485888989898685848442
:10960000828382817F7E7D7D7E7F81838686858445
:10961000838182818283838282828383838586861B
:10962000868583818282828282807E7D7C7E80822A
:109630008284848382828384848483817E7D7C7C13
:109640007C7D7E7F8283848483838281807F7E7E13
:109650007D7D7E7F8081828282828182807F7F7F0A
:109660007F7F7E7E7F8082828282818282828080F2
:109670007E7D7C7C7D7E7D7E7E7E7D7E7F81828206
:109680008180807F7D7B7A7A7B7C7D7E7E7D7E7F04
:109690007F80807F7E7E7E7E7E7F7E7D7D7C7C7CEB
:1096A0007D7F7F807F7E7C7B7C7E80817F7E7D7DD9
:1096B0007C7D7D7C7B7D7F81818182817F7D7C7CC7
:1096C0007B7D7E7F7E7D7B7B7C7E808081807F7DBD
:1096D0007C7C7C7B797A7C7D7F8282817F7F7D7DB3
:1096E0007E7E7D7C7B7A7B7B7D7E7E7E7E7E7E7FAA
:1096F0007F7E7E7E7E7D7C7C7D7D7E7D7E7E7E7F90
:109700007F7F7F7F7E7F7F7F7E7E7E7F8081818067
:109710007F7F7F7F7F80807F7F7E7D7B7B7B7B7A6F
:109720007B7B7C7C7D7E7F80807F7F7F7E7E7F7E5B
:109730007F7E7D7D7D7D7F808282838282807F7E31
:109740007E7E7E7E7D7D7D7E7F8080818181818029
:10975000808080818181807F7F7F818282838281FE
:109760008080818181807F808181828283838384E4
:10977000848484838280807F8080807F7F7F7E7FDF
:10978000808182828181808182828281807F8082C9
:1097900083828180818182848584838282828282A5
:1097A0008282828283838382828182818283848493
:1097B0008483828181808080808182848586868581
:1097C0008382828080808283827F7E7E7F82838488
:1097D0008485858384868685848483838181818151
:1097E0008181818485868584838282838485848245
:1097F0008181818182838282838384848382818048
:109800008081828485858686878685838381807F23
:109810007F7F7E7D7D7E808182828383838382823F
:1098200082807E7E7E807F8080818281838283832E
:109830008281818182838282818282838383828208
:10984000838382828180807F8080807F8080807F10
:1098500080818281818080807F7F7D7D7E7F80800E
:10986000807F7F7F8283848482817F7F7E7E7E7DF6
:109870007C7C7C7B7B7C7B7C7D7F8080808080800F
:109880007F7F7E807F7E7D7E7E7E7E7E7E7E7D7DF6
:109890007D7E7D7D7D7F80817F7E7C7C7E7F8082E2
:1098A00083827F7E7D7D7E7F7F7E7D7D7D7C7D7CD6
:1098B0007D7B7D7D7E7E7E7D7D7E7F7F807F7E7CCD
:1098C0007C7B7A7A7A7B7B7D7D7D7D7D7D7C7E7ED7
:1098D0007E7E7D7D7D7C7C7B7C7D7E7E7F7E7F7EB3
:1098E0007F7F7E7D7B7A7B7C7E7E7D7E7D7D7E7FA5
:1098F0007F807F7E7F7E7E7C7B7B7B7B7B7C7E7E96
:109900007E7F81818281818180807F7D7C7B7C7D67
:109910007E7F7F7F7F7F7F807F7F7D7C7C7D7D7E64
:109920007D7C7C7C7D8081828483827F7F7E7F7F43
:10993000807F7F7E7F7F8081808181818081818225
:10994000828180808080818281807F7E7F7F808015
:109950008180817F7F7E7E7F7F8181828282818004
:1099600080808080818181807F7F7E807F808182F6
:10997000828282838484848382817F7F80818181CB
:1099800081818181828182818182818180818182C4
:1099900083838383838281808181818281828283A8
:1099A0008384848484838382828281807F807F7F9A
:1099B000808081818282828383838281808181838E
:1099C0008382818182838484838383828384858468
:1099D0008382838283838482828180828283828065
:1099E0007E7D7E7F80808181838586888887848252
:1099F000818182838381817F7E7E8081838484864E
:109A0000868585858584838282818180808080802F
:109A10008183848484848382828283848484848511
:109A200084838383838383838382808080807F7E1B
:109A3000808283848585848483818180807E7D7C0F
:109A40007C7C7C7D7E80808082838484848482810F
:109A5000808080807E7E7D7F808080807E7E7E7F15
:109A600080807F7F7E7F7F808182828382828483E9
:109A700082817F7E7E7D7D7D7C7B7D7E7F808282FC
:109A80008180807F7E7F7E7E7D7D7C7D7E7D7E7DF4
:109A90007E7F7F80807F7F7D7E7D7D7C7D7B7C7DEA
:109AA0007D7D7E7F7F8080807F7E7D7B7B7A7B7AE1
:109AB0007A7A7B7C7E7F808080807F80807F7F7EC3
:109AC0007D7B7B7B7C7C7E7F8081818180807E7DB5
:109AD0007C7C7C7C7C7C7D7D7F7F808080808080A6
:109AE000807F7E7C7B7B7B7B7D7D7E7D7D7D7D7EA7
:109AF0007D7D7E80807E7D7D7D7C7C7E7F7F7E7E89
:109B00007F7F7F7E7E7E7F7E7E7F7E7E7E80808169
:109B100080807E7E7E7E808182817F7E7D7C7D7D59
:109B20007D7E7E7D7D7F7F80818182838181828336
:109B3000818180807F7F80807F8080808080818124
:109B4000818281807F80807F7F7E7E808082828014
:109B50007E7D7D7F80807E7E7D7E7F7F80807F801A
:109B600081828282818080808181818181828382E1
:109B7000818181808080807F7F7F7F7F7D7D7D7EF2
:109B80007F7F8081828283828281818080818282C4
:109B900081807F7F7F8182828283838383838383AB
:109BA00083828181818080808081828281818080A6
:109BB0007F808080807F7F7F807F8182838383839B
:109BC0008484838180807F8181828384848484856E
:109BD00086868483828180807F7F7F7F7F8182836E
:109BE0008484848382838282818181808080818257
:109BF0008382838586868686858584838281807F2D
:109C00007F7E80818282828383838383838180803D
:109C1000807F7E7E7F7F8182828383838282838333
:109C20008384848382818080808081838383838313
:109C30008282828282828180808080808181828211
:109C4000838282828282828281807F7F7F7F808105
:109C500082818180828282828281818282838281EA
:109C60007F7F7E7F7F818181807F7E7E7E7E7F7F02
:109C70007F808283838281807F80808080807E7DE0
:109C80007C7C7D7E7F7F7F7F7F80807F7E7F7F7FEC
:109C90007E7F7F7F7E7E7E7F7F8080807F7D7C7EDB
:109CA0007F8180807F7F7E7D7D7E7F7E7E7E7F7ECA
:109CB0007D7B7B7B7C7E7F7F7E7D7C7D7D7D7D7ED5
:109CC0007E7F7F807F7E7D7D7F808281807F7E7EA4
:109CD0007E7E7E7D7C7C7C7C7D7D7E7E7E7D7C7CB4
:109CE0007C7C7B7A7A7B7C7C7E7E7F7F7F7F7F7FA4
:109CF0007F7F7E7E7D7E7E7E7E7E7D7C7C7E7E7F87
:109D00007F7F7F7F7E7E7D7C7C7C7D7D7D7D7D7D7C
:109D10007D7E7D7D7E7E7E7E7E7D7C7D7D7E7E7E6B
:109D20007E7F80818282828281807F807F7F7F7E32
:109D30007E7E7E7E7E7E7E7E7D7E808281807E7C3B
:109D40007C7C7D7E7E7D7E7F80818283838281801C
:109D5000808081828181807F7E7F828384828282F3
:109D600084848482828181808080807F7F7F8080E4
:109D70007F7F7F80808080808181828181818181DD
:109D80008284848382828383838281808080807FB7
:109D90007F7F7F80818182828281818081818182B7
:109DA00081807F808081818382828283828282829D
:109DB0008384848483838382838483828181818179
:109DC000808080808181828280808082838483827F
:109DD0008181808080807F7F80828383838383836F
:109DE00084848584838281807F7F7F7F7F80808061
:109DF0008181818081818281818181818081828252
:109E0000828384848585858585858485848484830F
:109E1000838483848383828282828282817F7F7F24
:109E2000807F80808081818283848485848584830F
:109E300083828180818183848484848485838281F8
:109E400080807F7E7E7D7C7C7C7E80808181838320
:109E5000838382817F7E7D7D7D7E7E808181828302
:109E6000848485858585827F7C7C7C7C7C7E7E7FEE
:109E70007F8081828383838281807F7E7C7A7A7BEC
:109E80007D7F80808182828384848382817F7E7DC6
:109E90007D7D7E7F808080818282828282807F7FC2
:109EA0007E7C7C7B7A7B7C7D7E7F808081828281D0
:109EB0007F7E7D7C7C7C7C7C7C7D7E7F80818181C3
:109EC0008180807F7E7E7D7D7C7C7D7C7C7C7C7DBA
:109ED0007E7F808180807F7F7E7C7C7C7C7B7B7CA6
:109EE0007D7E7E7F7F8080807F7F7F7F7E7D7C7B8D
:109EF0007B7A7B7C7D7D7D7E7F7F7F7F7F7E7D7C8F
:109F00007D7E7D7D7D7D7D7E7F7F7E7F7E7F7F7F71
:109F10007E7C7C7C7C7D7E7E7E7E7F7F808180805F
:109F20007F7F7F7E7D7C7C7D7E7D7E7F7F7F80814D
:109F30008181818181807F7D7C7B7C7D7D7D7D7E3B
:109F40008081828282807F7F7F7F7E7E7E7E7D7D1C
:109F50007D7F7F8180807F7F7F7F7F7E7D7C7B7B1D
:109F60007C7E7F8081828384848482817F7F7E7DEA
:109F70007B7B7B7C7D7F80818181828281807F80F1
:109F800080807F7E7D7D7D7E7F80808080818282DB
:109F900082828181818182828282838382828080A7
:109FA00080818283828181808180817F7F808081A6
:109FB000818281818081828282828181818282828A
:109FC0008181818283848383838181818182828272
:109FD0008284848484848584848282817F7F7F7F5D
:109FE0007F80818282828383838281818283848352
:109FF000828180808182838384848585868686862B
:10A00000868686858482817F7D7C7C7E818282813A
:10A01000818282848384838282828180807F818125
:10A020008284858585848482828180818181828108
:10A030008181818181828384848381808080818306
:10A0400085858584848383828281818182828281E5
:10A0500082828281818281818282828181818181E9
:10A06000828281817F7F80808080818183828382E0
:10A07000838181818281808080807F8080808080D8
:10A0800081818181807F7E7E7D7E7E7D7D7E7E7EE4
:10A090007F7E7E7E7F7F7F7F7F7F7E7F7F808181CF
:10A0A000818181817F7F7F80818180807F7F807FB0
:10A0B0007F7E7D7C7D7D7D7D7D7D7C7C7C7C7C7DD3
:10A0C0007F807F7D7A78787C7F81817F7D7D7E7FB8
:10A0D000807E7C7B7C7E808081807E7D8081807E96
:10A0E0007E7E7C7B797879797A7A7C7E7F7D7C7CB8
:10A0F0007D7E7D7E7E7C7B7B7D7C7B7A7C8082828C
:10A10000807E7D7C7A7B7C7E7D7E7F7F7F7E7D7F77
:10A11000807F7F7E7E7D7C7B7D7D7B797A7A7A797C
:10A12000797B7D7E7E7E7E7F7F7F7F808180807F4A
:10A130007F7F7E7E7F7F7F8081818280807F7E7D2A
:10A140007B7A7A7C7C7E7F807F7F7F8080807F7F30
:10A150007F7F7F7F8080807F7F8081808080807F05
:10A160007E7F7E7E7D7D7E7F807F808081808180FE
:10A1700081807F7E7F7F7F7F7F7F7F8080818282E3
:10A1800083848584838382828180807F7F7E7E7EBC
:10A190007F7F7F7F808180808081807F80818283BC
:10A1A0008485868585858584848485848482818070
:10A1B0007F7F7F8080818283838383848484838381
:10A1C00083828282807E7C7B7B7D8182828282828E
:10A1D0008383848483828080808080808181818366
:10A1E000858585838280808081838381818181824E
:10A1F00083848685858585858483807E7E7F808235
:10A20000838382828384848485858484838281811C
:10A21000818081828283838485858585848382820F
:10A220008281807F7F80818182838383848585860C
:10A230008686848381807E7D7D7D7D7E8081828314
:10A2400085858584838585848381807F7D7D7E7FF0
:10A2500080818384848484838282828281818080DD
:10A26000808080808181828182828281807F7F7EE6
:10A270007E7D7E81828282828282828282807E7ED6
:10A280007E7E7D7C7C7C7D7F8183848484828180D2
:10A290007F7E7D7E7D7C7D7D7E7F808182818180D1
:10A2A0007F7E7E7D7C7B7A79797B7C7D7D7F7F80E4
:10A2B0007F7F8080807F7F7E7E7D7D7D7E7F8080B2
:10A2C0008181807E7E7E7E7E7F7E7C7B7B7B7C7CB4
:10A2D0007C7B7B7C7C7D7E7F7F7E7F7F7F7D7D7CAA
:10A2E0007D7D7E7E7F7F7F7F808080807F7F80807E
:10A2F0007F7E7E7D7B7B7B7B7C7C7D7E7E7E7C7C93
:10A300007D7E7D7B7A7A7A7B7C7D7D7C7C7D7F8087
:10A3100080807F7D7D7C7C7C7C7B7B7C7E7F808065
:10A32000807F7D7D7D7D7D7D7E7E7F7F7E7E7E7E4E
:10A330007D7D7D7D7E7E7E7D7C7C7C7C7C7C7D7D50
:10A340007E7F81828282807F7E7F7F7F7E7E7D7B1B
:10A350007B7B7D7E80818181808080818181807F07
:10A360007E7E7E7E7E7F7F7F8081828180808080F6
:10A370007F7F7F7F7F7F80808180808080818282DD
:10A3800081828281818181818181818181828384B5
:10A390008483848383838282807F7E7F80818283A3
:10A3A000828282838482817F7E7D7D7E7E7E7E7FAF
:10A3B000808283848484848484848483838383826A
:10A3C0008180808181828383848483828080808075
:10A3D00080818180807F7F80818383838383848465
:10A3E000848384838383838283838485858686862E
:10A3F00086868585858584838280807F808182832F
:10A400008384848384848383828282818080808128
:10A410008182838484858687878785838281808003
:10A420008080808182838484848484858483828103
:10A43000807F7F7F818283838384838382838382FF
:10A4400082828181808080818181828384858584EC
:10A45000838281818181807F7F7E7E7D7D7E8082FF
:10A4600082828282828281817F7E7C7C7C7C7D7DF7
:10A470007E7E8081818181808080818181807F7EDC
:10A480007E7E7F8081818283828281807E7D7E7ECE
:10A490007E7F80807F7F7E7E7F808181807F7E7EC9
:10A4A0007E7D7D7D7D7E7F80807F7F8081828281B9
:10A4B0007F7D7B7B7B7B7B7B7C7D7E7F80818080C7
:10A4C000807F7E7E7C7C7B7B7B7B7B7B7C7D7E7FC1
:10A4D0008081818382817F7E7D7C7C7D7D7D7D7D91
:10A4E0007E7F7F7E7D7D7D7D7C7C7B7B7B7D7E7E9C
:10A4F0007E7E7E7F80807F7E7D7D7C7B7B7A7A798D
:10A500007A7C7D7E7E7E7D7E7E7F7F7F7F7E7D7E70
:10A510007F7E7C7B7A7A7A7C7D7E7E7F7F80808066
:10A520007F7F7F7F7E7E7D7D7D7D7D7E7F7F808046
:10A5300080807F7F807F7E7D7D7D7E7F808081802B
:10A5400080818181807F7E7D7D7C7C7C7C7D7E7F27
:10A55000808180818081818180807F7E7E7E7E7E01
:10A560007E7E7F7F808181818180807F7E7E7F7FF4
:10A570007F7F808081828283838384838281807FC6
:10A580007F7F807F807F7F7E7F7F808182818180CF
:10A5900080807F7F7F7F7F7F7E7F7F8081818283BE
:10A5A0008383838282818180808183838281818190
:10A5B0008282828181808081828282818282828283
:10A5C000838383828180808081818181838484846C
:10A5D0008484828283838280808080818283848558
:10A5E0008685858484838180808081828383828143
:10A5F000828384848382828282838283838383842E
:10A600008484858584848686858483828181818211
:10A610008384838383828284858585858585828101
:10A620007F7F7F7F80818181818283838382828219
:10A6300083828180807F7F8080818181828282820B
:10A6400081808080807F80818283838483838383F1
:10A65000848483838281807F7F7F7F7F7F808181ED
:10A66000808182828282818181807F7F7F7E7F7FE5
:10A670007F808080818181818180807F7F7E7F7FDC
:10A680008080807F7F7E7E7D7D7D7E7F7F7F7E7EE2
:10A690007E808181818180807F7F7E7E7D7E8081C2
:10A6A00081807E7D7B7C7E8081817F7E7E7E8080BE
:10A6B0007F7F7E7E7F7F7F7E7E7E7E7E7E7F7F7FB2
:10A6C0007F7F7E7E7E7D7D7D7D7E7F81807D7E7DA8
:10A6D0007D7C7E7D7D7C7E7D7E7D7E7F8182838193
:10A6E00082807F7C7B7C7D7E7E7F808080807F7F80
:10A6F0007E7D7C7C7C7C7C7D7E7F7F7F7F807F7F7E
:10A700007E7E7E7D7D7D7E7D7C7C7E7F7F7F7E7E6E
:10A710007E7D7E7E7E7C7D7D7F7F7F7D7C7C7B7B66
:10A720007B7D7D7E7E7E7E7E7D7D7D7D7C7C7B7B5C
:10A730007C7D7E7E7F807F807F80807F7E7E7D7C33
:10A740007C7C7D7E7F8082838282818180807E7F0F
:10A750007E7E7D7D7E7E7E7E7F8080808080807E0E
:10A760007F7F807F7F7E7E7F7F7F7F8081808080F4
:10A770008180807F8080807F8081808080818282D4
:10A7800082838282828180808180818182828181B4
:10A790008181818283838281807F8080807F7F80AE
:10A7A0008081828384848382818080818281808091
:10A7B0007F7E7E8080807F7F808182828282818096
:10A7C0008181818282818282838283848382818269
:10A7D0008383828383848383828280808283838352
:10A7E000848485848381807E7D7D7E7F8182838455
:10A7F000848484858586858382817F7F7F80818133
:10A800008283858686868482807D7C7C7D7D7D7F3B
:10A810008082828383858585848384838382838207
:10A8200082818283838384848584858585838282F3
:10A830008282808181817F7F8182838484848585F7
:10A840008687868482807F7F7F80818282838484E2
:10A850008483828383848383807F7D7D7E7F8080E9
:10A86000807F7F808081818181807F7F80808080E8
:10A87000808181818182818180818181807F7E7DD3
:10A880007D7E7F7F7F7F7F7F808080807F7F7F7ED8
:10A890007F7F7E7F7F807F7F7F7F7E7F807F7F80C7
:10A8A000807F7F808080818181807E7D7E7F7F7EB2
:10A8B0007E7E7E7C7C7D7D7D7C7D7D7E7F818281B8
:10A8C000817F7E7E7E7E7E807F7D7A7B7C7D7D7EAD
:10A8D0007F7F7F7F7F7F7E7C7B7A7B7C7C7C7C7DA7
:10A8E0007D7E7F81807F7F7E7C7A797B7D7E7D7E91
:10A8F0007E7F7E7E7E7E7E7C7C7D7D7C7C7D7D7D84
:10A900007D7D7E7F7F7D7E7F7F7E7C7C7C7D7D7E6E
:10A910007F7F7F7F7E7F7F7F7F7F7F7F7F80807E47
:10A920007D7C7D7D7C7C7D7D7D7E7F808180808146
:10A9300081807F7E7E7F7F7E7F808080808181811D
:10A94000808180807F7E7E7D7E7F80808180807F11
:10A950007F7E7E7E7F7F80818181807F7E7E7E7F05
:10A960007E7E7E8080818282818181818180807FE4
:10A970007E7E7D7D7D7E7E7F7F81818181808080E6
:10A98000808081807F7F7F808181818282828281BD
:10A99000807F7E7E7E7D7D7F7F80808182828282BD
:10A9A000828281807F7F7F7F80808081828283849A
:10A9B0008584838282828180808081828282828279
:10A9C0008283838282807F7F8080807F7F7E808081
:10A9D0008283858585858484838381838383828143
:10A9E0007F80818180818283848283848584838146
:10A9F00080807F7F7E7E7F8183848484848585843C
:10AA00008382818081828383838382828182838225
:10AA10007F7F7F8081818080818386878685848215
:10AA200080808181828384858684817F8080828307
:10AA3000858584828283838282807F7E7F7E808000
:10AA40007F7F81838484848482807E7D7D7D7F7FFF
:10AA50007F8082838486868686848583827F7E7DCE
:10AA60007C7B7C7E808181838383817E7D7E7F82EF
:10AA70008483817F7E7F81838484838280807F7FC3
:10AA80007F7F7F8081818181807F7E7F81838383BF
:10AA9000828282828281807E7C7B7B7B7C7F8180C4
:10AAA00080808080807F7E7D7E7E7E7E7D7D7D7FBE
:10AAB0008081818181807F7E7F8080807F7E7D7CA0
:10AAC0007D7E818283838482807E7C7C7C7F7F808C
:10AAD000807F7E7D7C7C7E7F818282817F7F7D7D89
:10AAE0007D7D7E7F807F7F7D7C7B7B7C7D7E7F7E8E
:10AAF0007C7C7C7C7C7C7C7D7D7D7D7E80807F7E83
:10AB00007E7E7D7D7D7D7D7D7E7F7F7E7E7C7C7E6D
:10AB10007F8080807E7C7B7C7D7C7A79797A7C7D6D
:10AB20007F808181828281818080807E7D7C7C7C2F
:10AB30007D7F7F7F7F7F7F7F80808181807D7B7A2B
:10AB40007A7B7C7C7C7C7F80807F7F7E7D7C7D7E31
:10AB50007F7F7E7E7C7C7D7F808182828282807FFF
:10AB60007F7F7F7E7D7E7F80818180808080807FEF
:10AB70007E7E7E7D7D7D7E7D7D7D7E7E7F808181F2
:10AB8000818182828282807F7E7D7D7E7F808283C2
:10AB9000828282818080808080807F7E7E7F7F7FB6
:10ABA000808080828384848382817F7F8082818190
:10ABB000818283838383838384848482818181806F
:10ABC000808080808182828383828281828282816E
:10ABD00080807F7E7D7E7F7F808184858585858561
:10ABE000858483817F7E7D7C7C7C7E7F8182838463
:10ABF00086858382828281807F7F7F808283848436
:10AC00008384858584848484838180807E7E7F8123
:10AC10008384858585858585848282828281808002
:10AC200082838483828282848484838381807F7F01
:10AC30007F7F8081828384858686858482828181EC
:10AC4000807F7F7F808283858585858483848484DB
:10AC50008382807E7D7E7F818283838384848687D6
:10AC60008685838282818181807F7F7F7F808183CF
:10AC700085878787868583807D7C7C7D7C7D7E7FC4
:10AC800080818384848484848382817F7F7E7E7EAE
:10AC90008082838282828283838382817F7F7F7F9F
:10ACA0007E7E80818281818182807F7D7D7D7D7EAF
:10ACB0007F807F7E7E7D7D7E80818281817F80819D
:10ACC000807D7B7A7C7E828383807D7C7C7B7C7EA6
:10ACD0007F7F7E7C797877787A7C7E8080807F7EAB
:10ACE0007E7D7C7D7E7E7E7E7D7C7C7E808284837C
:10ACF00081807D7B7B7C7F8081807E7B7A7A7A7A83
:10AD00007B7A7A7A7A7A7B7C7D7E7E7E7F80807E7B
:10AD10007D7D7C7B7A7C7D7E7E7F818281817F7F51
:10AD20007D7B7979797B7C7C7D7C7B7A7C7E7E7E69
:10AD30007D7C7A7A7A7C7D7F7F7F7F808181818232
:10AD4000817F7D7E7F7E7C7D7D7F7F7F7E7E7F7F1E
:10AD50007F7F7F7E7D7C7E7F7F7E7D7D7C7A797923
:10AD60007B7C7C7B7D7E7F818282828182838482E8
:10AD7000807F7E7D7D7D80828281818181818180D5
:10AD80007F7E7D7D7E7E7E7F7F7F7F8081838484CA
:10AD9000827F7D7C7B7C7E808183838384858586A6
:10ADA000848482817F7E7D7D7D7E8081828282829D
:10ADB00082838383838281807F7E7E7F7F7F7F7F8C
:10ADC0007F8182848483828080818181818182816C
:10ADD000818182828386888887858382828182823C
:10ADE0008281818081828384858685848382828238
:10ADF0008283828180808182838484848382818132
:10AE0000818282828283838384848383828281811C
:10AE100082807E7E7E7F7F8081828283848585841E
:10AE20008383838383828281807F80818282838502
:10AE3000868686858484828383838281807F7F80E7
:10AE400080818384848486868583838281818182D4
:10AE500083838281818180808282838382817F7FDC
:10AE600080808181808081828383838383838383C5
:10AE7000827F7E7C7C7E80838483828081818382CA
:10AE800081807F7D7E7E7E7F7F81828484838281BC
:10AE90007E7D7E7F807E7D7D7D7F818384848382B5
:10AEA000828282807E7E7D7D7E7F8181807E7E7FAC
:10AEB0007F7F7E7E7C7D7E7F7E7D7C7B7C7D7E7FBA
:10AEC000808080808182828180808181817F7E7C80
:10AED0007B7B7B7D7D7E7D7D7E7E7E7D7C7B7B7BAB
:10AEE0007C7D7E7E7E7E7E7E7D7D7D7D7D7D7D7C8E
:10AEF0007C7D7E7E7E7F818181807F7F7E7D7D7C6B
:10AF00007C7B7B7A7A7A79797A7B7C7D7E7E7F7E88
:10AF10007E7F7F807F7F7E7E7D7E7E7E7E7E7F8049
:10AF20008181807E7E7D7D7D7D7C7B7A7B7D7F7F48
:10AF30007F80807F7E7E7E7D7B7B7D7D7D7E7E7E35
:10AF40007D7C7C7E808282807F7D7D7D7E7E7C7B21
:10AF50007C7E8081818080817F7F80818081817FF4
:10AF60007C7A7B7D7F8081828280808183838180E7
:10AF70007F7F7F7E7E7C7B7B7C7E81818180807FEA
:10AF800080808180817F7E7D7E7D7D7D7D7E8081D4
:10AF900082828283828281807F7E7F7F7E7E7D7DB2
:10AFA0007E7F8082828282818280807F7F7E7E7DA2
:10AFB0007F81828383838382818182828280807F7A
:10AFC0007F8081808181828383848383848484845D
:10AFD0008482818080818282828383858586868641
:10AFE000858383828281807F7F8181818384848342
:10AFF000838484848483828180808081828384842A
:10B0000084858584848483818285868786858382FE
:10B0100081828484858381807F7F8081807F7F801F
:10B0200082838483838283838383848484838382EF
:10B030008182848687878584838282828281807EE2
:10B040007E7F8080808082848787878582807F7EE4
:10B050007F7E8080838384848485858686858583BE
:10B06000817F7E7E7D7C7D7E7F80818383828181E6
:10B07000828384858483807E7E7F818181818080BC
:10B0800080818384838282828281807E7E7E7F81B2
:10B090008383838281807F7E7E7D7C7C7C7E7E7EBE
:10B0A0007E7E7F80828384848382818180807F7E94
:10B0B0007D7D7D7E7E7F7E7F7F7E7F7F7F807F7FA9
:10B0C0007F7E7D7C7C7C7B7C7D7E7F7F808182829D
:10B0D000838381807E7D7C7C7B7B7D7E7E7E7E7E8D
:10B0E0007E807F8080807E7E7E7D7C7A7A7A7A7B8D
:10B0F0007B7B7C7C7E7F81817F7E7D7C7C7D7E7E78
:10B100007F7E7F7F80807F7E7E7D7C7C7B7A797A6C
:10B11000797B7E7E7E7E7E7E7E7F80807F7E7C7A57
:10B1200079797878797A7B7C7E7F7F7F7F7E7D7D61
:10B130007D7E7D7D7C7B7C7D7E7D7D7C7D7E7F7F3D
:10B140007F7E7D7D7D7D7D7C7B7C7D7E7F7F7E7E29
:10B150007E7F80807F7E7D7C7B7C7D7D7D7D7D7D17
:10B160007D7E7E7F7F7F7F7F7F7E7D7D7D7D7D7EFF
:10B170007E7F7E80808180808081808080808181D0
:10B18000818180807F8081828180808080807E7EBE
:10B190007E7E7E7F80807E7E7E7E7E7F7F808081C1
:10B1A000828282818181828182818282848484847C
:10B1B0008383838282817F7E7D7C7D7E7F7F808191
:10B1C000818182808080818282828181818182826C
:10B1D0008485878787868684848585838383838324
:10B1E0008383838383848484848382828283828230
:10B1F0008180807F80828282838383848586868526
:10B20000838281808081838483838384858686860C
:10B21000868483838282818080808182848383820A
:10B2200081808181818080808182848686868686F5
:10B2300085858484848383818183848585858585D0
:10B240008585858482818180807F7F7D7D7D7E7FF5
:10B2500082838383838383858586858483838281B8
:10B2600082818283848585848383828282828180B5
:10B270007F7F7E7E7F7F7F7F8080808282828180D1
:10B280007F7E7E7D7D7D7D7E7F80828281828182C8
:10B290008181807F7E7E7D7E7F7E7F7E7E7D7D7EC6
:10B2A0007F7E7E7E7E7F7E7F7D7D7D7D7E7E7F7FBD
:10B2B0008082818180807F7F808080808080807F8D
:10B2C0007F7E7E7F7F7F807F7E7D7C7D7D7D7D7CA0
:10B2D0007B7A7B7C7E7F8080807F7F7E7E7E7E7D92
:10B2E0007D7B7A79797B7E7F7F7D7D7C7C7C7D7D9B
:10B2F0007D7C7D7C7B79797B7B7C7E7E7E7E7E7F88
:10B300007F7D7D7D7E7E7D7F80807F7E7E7E7D7E5B
:10B310007E7F7E7D7C7C7C7D7C7D7C7B7B7D80815B
:10B32000807F7E7E7E7F7E7E7E7D7D7C7D7C7D7C43
:10B330007D7C7E7F818281807E7E7E7D7C7C7C7B2D
:10B340007C7C7C7D7D7E7E7F7F807F7F7F7F7E7F1C
:10B35000807F7F80807F8080807F80807F7F7F7EF6
:10B360007E7F80807F7F7F7F7F80818182828281DC
:10B3700081808080808081807F807F7F7E7F7E7ED5
:10B380007E7E7D7D7D7D7E7E8080807F7F7F8180D3
:10B3900080807F7F808181818081808282828282A1
:10B3A00082818181817F7E7D7C7C7D7E7F808081AA
:10B3B000828283838484848483827F7E7D7D7F8078
:10B3C0008182818080828384858585858381808058
:10B3D0008182838383827F7F7F8081828283818059
:10B3E0007F8081828282828282818183848485853A
:10B3F000858483828181818281817F808081828432
:10B400008484848584848382818181808080818218
:10B4100081828282838486868684848383838484F3
:10B4200083828182828283838483828082838483F5
:10B4300081818181818283838383838485868686DB
:10B4400085838382828181818181828283858686D0
:10B450008584838382817F7E7D7C7E7F81828384DD
:10B4600084858586868583838281807E7E7F8080B9
:10B47000818081828383838382817F7E7F7F7F7FC0
:10B480008182838282828282818180807F7D7D7DB4
:10B490007E7F81828281818283848382817F7E7D9F
:10B4A0007E7E7E7D7D7D7E7E7F81828283838382A0
:10B4B000817F7E7E7D7D7C7D7D7E7D7D7E7F7E7FAE
:10B4C0007F7F7E7D7D7D7E7E7E7D7D7D7E7F80819A
:10B4D00081818181807F7F7F7E7F7E7D7C7D7D7C81
:10B4E0007D7D7F7E7D7B7B7C7C7D7E7F7F7F7F8083
:10B4F00081807E7D7D7E7E7E7E7C7C7C7D7F7F7F6D
:10B500007D7D7D7E7F818483817E7D7C7D7D7E804F
:10B51000817F7D7B7B7C7B7C7D7F80807E7F7F7F4E
:10B520007E7E7F80807F7E7F7E7E7E7F7F7E7E7E32
:10B530007D7D7B7B7D7E7E7E7F7F7F7F7F80808029
:10B540007E7E7D7C7A7B7C7C7E7E7D7D7E7E7D7D2D
:10B550007E7E7D7E7D7E7E7E7C7D7E7F8080818006
:10B560007F7E7E7D7D7C7C7C7D7D7E7E7E7E7F7F02
:10B57000818080808080808080807F7E7E7E7E7FD4
:10B58000808180807F7F7F7F7F7F7F7D7D7E7E7ECD
:10B590007F7E7F7F7F7F7F7F8080818080808080B3
:10B5A000808081818180808180818282828181818D
:10B5B0008181828282838282828181808182828172
:10B5C0008080807F7F80818282828384848584855D
:10B5D0008583838382818282828282828282828246
:10B5E0008282838384838383828282828181818138
:10B5F0008181818181807F7F80828284858584842E
:10B600008587868684838280808182807F80818214
:10B6100081818182828282838281818181807F7F18
:10B6200080818182838382828284858584848484EC
:10B6300084858585848381818081818282828181E4
:10B6400080828283848484838282828281818182D7
:10B6500081818181818182828484848484828282C6
:10B6600082828180808080808081818181828281CC
:10B67000807F8081818180808180818181818181C1
:10B6800081818181818181818180818181808081AD
:10B6900080818081808080818280818081818180A1
:10B6A0007F7E7D7C7D7E7F7E7E7E7E7F80808282AF
:10B6B00081818182828182827F7E7D7E7D7D7D7C93
:10B6C0007B7D7D7E7E7F7F808081817F7E7E7F808F
:10B6D000807E7D7B7B7C7D7D7D7C7C7E807F7F8092
:10B6E0007F7F7F807F7E7D7E7F7F7D7C7C7D7F7F77
:10B6F0007F7C7C7B7D7E7F7E7C7B7C7D7C7B7B7D81
:10B700007D7F7F80807F7D7E7F807F7E7E7F7F7F4D
:10B710007F7F7E7D7D7E7E7E7D7D7E7E7E7D7D7D4E
:10B720007E7D7E7E7F7E7E7E7E7D7D7C7D7E7F7E3D
:10B730007E7D7D7D7D7D7D7D7C7D7E7E7F7F7F7F2F
:10B740007F7E7E7E7E7D7C7B7A7B7C7C7C7E7E7F2A
:10B750008081807F7F7F808181807F7E7D7C7C7EF9
:10B760007E7F7F80807F808284838381807F7F7FD4
:10B77000807F7E7D7D7E80818282818080808080CE
:10B780007F7F7E7F7E7D7D7E7F7F7F8082828282C3
:10B790008281807F7F7F81818180807F7F808183A4
:10B7A000828280807E7F7E7F7F7E7E7E7E7E7F7FA8
:10B7B0008082838384848382807F7F808081818272
:10B7C0008282838484838283828180807F7F7E7E65
:10B7D0007F7F7F7F7F81818182828383828281815B
:10B7E0008081818282828182838384848584838232
:10B7F000828181808181818081808081818282813A
:10B80000808081828282828181818182828283841E
:10B8100084858685858483828282828181828383F6
:10B82000838383838181828384827F7D7C7C7B7D13
:10B830008081807E7F8083858686858482828081E8
:10B8400081818180808081838485858787878685C3
:10B8500082807E7D7D7D7C7D7E80818283848485E7
:10B8600085858482828180808181808082838585B4
:10B87000858585848381807F7E7D7D7E7F7F8080BE
:10B880008182828282818080807F7F7F80807F80B2
:10B89000828282838384838381807F7F7F7F7F7F97
:10B8A0007E7F808080828382828281817F7E7E7E95
:10B8B0007E7D7D7E7F80818182828181838484827E
:10B8C000807F7D7D7E7F7E7D7D7E7F7F808080808E
:10B8D0007F7F7F7E7D7C7B7B7C7D7E7F7E7E7D7F90
:10B8E00080807F807F807F7E7E7D7C7C7D7D7E7E74
:10B8F0007F7F7F7F7F7F7F7E7E7E7E7E7E7E7E7D62
:10B900007C7C7C7D7E7F8081807E7D7D7D7C7D7D5D
:10B910007E7E7F80807F7F7E7E7F7F7F7D7D7C7B44
:10B920007A7A7A7A7B7B7D7E7E7F7F80807F7F7F45
:10B930007E7D7C7C7D7C7C7C7D7E7F808181807E29
:10B940007F8080807F7F7D7C7B7B7B7C7D7D7D7E1F
:10B950007F7F7F808080807F7F7F7E7E7E7E7E7EF9
:10B960007E7E7F7F7F7F7F807F7F7D7E7E7D7D7FF0
:10B970007F7F7F7F808080807F7F7E7F80807F7FD2
:10B980007E7F7E7D7D7E80818080807F80808180C3
:10B99000807F7F7E7F7F7F7E7E7E7F7E7F7F7F80BA
:10B9A0008081818181807F7E7E7F8082828282828F
:10B9B00081817F7F7F7E7E7E7E7F80807F80808092
:10B9C000818383828180807F7D7E7F808181818170
:10B9D00082828384838282828181817F7F7F807F54
:10B9E0007F7F808081818180808183848384838341
:10B9F0008283828382828282828485848281808122
:10BA000081828382807F7E7E7F8082828382828227
:10BA1000828181807F7E7F80828384848584848408
:10BA200084848383838383838281808283858686E3
:10BA300085828283848482807F7F7E7F80828383ED
:10BA400084848485858584838282828281808080CB
:10BA50008283838484858485838381807F7F7E7DC8
:10BA60007F808282828181828283838383838281B9
:10BA700080808080808081818282828383838382B0
:10BA800082828282817F7F7E7E7E808282818182AD
:10BA9000828281807F7E7E7F818182828383838395
:10BAA000848383818180808081807F7E7F7F7F808F
:10BAB00080807F80808181807F7E7D7D7D7E7E7F96
:10BAC0007F808082828281807E7E7E7F7F7E7E7D7F
:10BAD0007E7F7F7F808081818282817F7E7D7C7C72
:10BAE0007C7D7E7E7D7E7E8080808080807F7E7F6C
:10BAF0007E7E7D7C7C7D7E7E7F7F7F7F818182815B
:10BB0000807F7F7F7F7F7D7D7B7C7D7E7D7E7D7E58
:10BB10007E7E7F8080807F7F7E7E7E7E7E7E7D7D3E
:10BB20007C7D7D7D7D7D7E7E7D7D7E7E7C7C7D7D44
:10BB30007C7C7D7D7C7B7C7D7E7E7E7E7E7E7D7D35
:10BB40007D7D7E7D7D7D7D7D7D7C7C7C7D7D7D7D27
:10BB50007D7D7D7D7D7D7D7D7D7E7E7E7E7F7F7E0C
:10BB60007E7F7F7F7E7E7F7E7E7E7E7E7E7F7F80ED
:10BB700080808080808180807F7F7E7D7D7C7C7CDA
:10BB80007D7D7E7F808181818181828182828180B1
:10BB90007F7E7F80807F7F7F7E7F808180808080AE
:10BBA0008081818180807F7F7E7F7F807F80808198
:10BBB0008181808180807F7F7F7F7F7F8080808187
:10BBC00082838383828281807F8080818181818161
:10BBD0008181808081818181818181818180818059
:10BBE000808181828282828181818182828282823D
:10BBF000828182828182828282838384848584831B
:10BC0000848382828283828282828383828383820C
:10BC10008182838382818180818182828282828209
:10BC200083828282828282818283838383828282F0
:10BC300082828484848382808081818180807F7FEE
:10BC400080818181818283838283838281808080DD
:10BC5000808083838585868686868686868685839C
:10BC600082818180808182838383838282807F7EC0
:10BC70007E7F7F80808080808283848485858585A7
:10BC80008483838282818182818181818182828297
:10BC90008281818181818180808080807F7F7F7FA0
:10BCA0007F7F80807F7F8080807F7E7F8081818397
:10BCB0008383838383838381807F7F7E7E7E7D7D7C
:10BCC0007D7D7D7E7E7F8080808182828181807F7C
:10BCD0007E7E7E7E7F807F7F7E7E7E7E7E7F7F807B
:10BCE00080807E7E7D7D7D7D7D7E7E7F808080806C
:10BCF0007F7F7F7F7F7E7C7C7A7A7A7C7C7D7E7F73
:10BD00008081818181807F7F7F7F7E7D7C7B7B7C4A
:10BD10007D7D7E7F7F7F7F7F7F7E7C7B7B7D7E7F47
:10BD20007F7F7F7E7E7E7F7F7F7E7E7D7D7D7E7D31
:10BD30007D7C7B7C7D7E7D7D7D7D7D7D7E7E7E7D33
:10BD40007D7D7D7C7C7A7A797B7B7D7D7D7E7E7F2F
:10BD50007F80807F7E7E7D7D7C7C7C7D7C7C7C7D0D
:10BD60007E7F7F7F7F807F7F807F7F7E7E7E7E7EE7
:10BD70007E7E7E7F7F7F8080808080808081807FCC
:10BD80007E7E7D7E7D7D7D7E7E7F818182818181C3
:10BD9000807F7E7E7D7E7F7F7F7E7E7E7F808181B5
:10BDA00081807F7F7E7E7E7E7F7F80808181838495
:10BDB000848382817F7E7E8081818180807F7F807D
:10BDC000807F808080808081818080818283848464
:10BDD00083807F7D7C7D8083848384858484838449
:10BDE0008686858381807F7E7F7F7F7E8083858539
:10BDF0008584828181818180808080807F7F808135
:10BE0000828484858584838383828180808181810B
:10BE1000818180808182848483828281818180800B
:10BE20008181818283848483838484848382807FEC
:10BE30007F7F8081838486868685858484838383CF
:10BE400082828282818282818283848585858484C4
:10BE50008484848382808080807F808081818283CB
:10BE600083828384848485838281818080808081B1
:10BE7000818283838384848484838382818080819C
:10BE80008180807F7F8080818283838382818080A4
:10BE90007F7F7F7E7E7F808181828384848585878A
:10BEA0008686858482807F7F8080818080807F7E7F
:10BEB0007E7E7D7D7D7E7E7E7F7F7F7E7F7F80819B
:10BEC00081807E7E7F7F80818181807F7F80818273
:10BED00082838281807F7E7E7F7F80817F7E7D7D69
:10BEE0007C7B7B7B7C7C7C7B7B7B7C7D7F81818086
:10BEF0007E7D7E7F7F8080807F7F807F7F7E7D7C58
:10BF00007C7D7D7C7B7C7E7F7F7F7F7F7D7C7B7B60
:10BF10007B7B7B7B7B7B7C7D7F8081807F7F7F7F4A
:10BF20007E7D7C7C7C7C7B7B7D7D7D7C7C7D7E7E48
:10BF30007D7D7D7F7F7E7D7D7C7B7B7B7C7C7C7C37
:10BF40007E7E7F808283838282817F7D7C7B7B7B00
:10BF50007C7D7E7E7F808181807F7D7C7C7C7C7B04
:10BF60007B7A7A7A7C7D7F7E7F7F818181807F7DF5
:10BF70007C7D7E7F7F7E7E7F80818181807F7F7FD1
:10BF800080807F7E7E7D7D7C7D7D7E7F80818282C4
:10BF90008281807F7F7E7D7C7C7D7D7E7F808283B1
:10BFA00083838384848383817F7E7C7E7F7F7F7F86
:10BFB0008080818282828180808080807F7F7E7E7F
:10BFC0007F80818182828282808080818181818064
:10BFD000808080808182828182828383838281814A
:10BFE0008282828281807F80808283838383838236
:10BFF00082828281808080807F7F7F808081828337
:10C00000838484838282828182818182828282830C
:10C010008485858584828180808081808081818201
:10C02000828383848484848484828080807F7F7FF1
:10C0300080808081828485848484848382818281DB
:10C0400080808182818182838484848483838281CD
:10C0500082818181818182838484848484848484B4
:10C0600083828182828281828282828283838383AD
:10C0700083838282828282818080818282828283A3
:10C08000838382828282828281807F80808081819C
:10C0900082818180808080807F7F7F7F7E7F7F7FA5
:10C0A00080808081808180807F7F7F7F8080808092
:10C0B00081818181828282828282828282807F7E6D
:10C0C0007D7D7D7E7D7D7D7D7D7F7F807F7F80818D
:10C0D000838382817F7E7D7D7E7E7E7F807F7F7F6A
:10C0E000808081808080807E7F7F8080807F7E7D59
:10C0F0007D7D7E7E7E7E7D7B7B7C7D7D7D7D7C7C73
:10C100007D7F81817F7E7D7E7E8080807E7D7A7B4B
:10C110007A7C7E8080818180808080807F7E7C7A36
:10C120007B7C7D7B7C7D7E7E82848381807C7B7931
:10C130007B7C7D7D7E7E7F7F7F7F7F818282817F12
:10C140007E7E7D7E7D7C7B7B7C7D7D7D7D7E7E7F1E
:10C150007F8181807E7D7D7D7D7C7D7C7C7B7D7E05
:10C160007F808181807F7E7D7C7C7C7C7D7E8081E8
:10C1700081818182818281817E7D7D7E7E7E7B7BCD
:10C180007B7D7E7F818281818282848383828180A4
:10C190007F7E7D7D7C7B7C7D7E7F808082838381B2
:10C1A0007F7E7D7D7E7E7E7D7D7F81838584838293
:10C1B0008180807F7E7D7C7B7C7D7E7F8081828292
:10C1C000838383838383817F7E7E7E7F7F7F7F7F68
:10C1D0008181828383828282828181807F8081814A
:10C1E00081818282848585848382828180807F7F31
:10C1F0007F7F7F7F8080818284848483817F7F7F33
:10C20000807F7F7F7F808182838383848584838214
:10C210008180818180808080818182838484858700
:10C2200087878684817F7D7D7E7F7E7F80838687F2
:10C2300088878685838483838181818181828281CD
:10C24000828283858586868583828180807F7F7DCB
:10C250007E7E808284848483828283848483817FBF
:10C260007E7F8081838485868484848483828280A7
:10C270007F7E808080808282848688888784828096
:10C2800080808181807F7F80818282828485858495
:10C29000838281818182828282838484838281817C
:10C2A000818181818281817F7F7E7E7C7C7D7F8098
:10C2B00082838585858482817F7E7D7E7E7E7D7F73
:10C2C000808182838283838281807E7E7E7E7E7D6A
:10C2D0007D7E7E7E7E7F8081818281817F7E7D7B6F
:10C2E0007B7B7C7D7E808081808181828283828154
:10C2F000807E7B7A797B7C7D7D7E7F7F8181818062
:10C300007F7D7C7D7D7E7C7C7B7B7B7D7F82838251
:10C31000807E7D7D7C7D7D7D7E7F80818180807E35
:10C320007D7E7F8181807D7B797A7C7C7B7B7B7B42
:10C330007C7D7F7F7E7D7E7E7E7E7E7D7D7D7D7C25
:10C340007B7C7C7D7E8183828282807E7D7B7B7A0A
:10C35000797A7B7A7A7B7D7F82838383817F7D7C00
:10C360007C7B79797A7B7D7F80807F7F7F808180F5
:10C370007F7E7F7E7D7C7D7E7F8081828282807FCA
:10C380007E7C7B7C7D7E7F7F7E7E7D7D7E7F7F80D1
:10C3900081838382818081807F7D7C7C7E7F8080A1
:10C3A00082817F7E7F8081818181807F8081828187
:10C3B0007F7D7C7D7F81838484848281817F7E7E7A
:10C3C0007F808080807E7E7E808283848383838161
:10C3D000807F7E7D7D7D7E7E808284858583828157
:10C3E00080807F7F80818181818081828384848538
:10C3F000848381807E7E7F7F7F7F7F7E7D7E7F8145
:10C40000828283848483838282828180808182820B
:10C4100083838483828384858483838382828181EE
:10C42000807F7F7F818182828281818081828282FE
:10C4300081808181818182838383838484848384D6
:10C4400083828181808082828384858483838485C2
:10C4500086858381807F7F7F7F7E7D7D7D7F8083DA
:10C4600084838284868787868583817F7E7F80819F
:10C470008181818182828182838483838484828199
:10C480008281807F818181807F7E7D7E7F808283AB
:10C4900084858483838383838281818181807F7F7C
:10C4A000808081828383828180807F7F8183858475
:10C4B00083838382828181807E7D7D7C7C7D7F8081
:10C4C0008182838382818181818282828181808055
:10C4D0007F8080818081818282808180817F808055
:10C4E00081807F7F7F7E7D7D7F7F80808181818055
:10C4F000807F7F7D7D7E7F7F7E7D7D7F7F8181824E
:10C500008281818281807F7E7C7C7C7D7D7E7E7E3F
:10C510007D7E7F7F7E7D7D7D7C7B7B7C7D7F808142
:10C5200082828281807F7F8080808081807F7E7D0B
:10C530007D7D7E7E7D7C7C7C7C7C7C7D7E7F808026
:10C540007F7F7F7E7E7F7F7D7D7D7D7C7B79797A1D
:10C550007B7C7C7C7C7B7C7E818281807E7E7E7FFE
:10C560007F7F7D7C79787879797A7B7D7E7F7F7E0D
:10C570007E7D7C7C7D7E7E7F7F7F808081828281CC
:10C5800081807F7D7C7C7C7E7E7E7E7E7F7F7F7FC8
:10C590007F7E7C7B7B7B7C7D7E7F7F8081818080BA
:10C5A0007F7E7E7E7F7E7D7D7D7D7D7E80818282A1
:10C5B00082807F7E7E7F7F7F7F7F7F808081818082
:10C5C0007E7E7E7E7F7F808080808181818281816E
:10C5D0008181818282838281808181807F7F7E7E52
:10C5E0007E7E7F8080808182848485848381807F39
:10C5F0007F80828282818181818182828281818128
:10C600008080807F7F808082858685848381808012
:10C6100080808082828282828180818284858584FA
:10C6200084838382828282818282828282818282E8
:10C630008383848485858685858484828180807FC8
:10C6400080818282828180808181828382828181D5
:10C6500081828284848584848281808080808081BC
:10C66000818182828484858484848383828282829D
:10C670008283848483838383848484858382818189
:10C680008181828282828282828384848483828185
:10C69000818181808080807F808283848383828285
:10C6A000828384848482817F7F7F7E7D7E7F80827F
:10C6B0008486868584838281807F7E7D7C7C7D7F6D
:10C6C00081838586868583838281807F7D7B7B7C59
:10C6D0007D7E7F7F7F80838586858381807F7F7E4F
:10C6E0007D7D7C7C7C7D7D7E7F8081828282807F5F
:10C6F0007F7F7F7E7D7D7D7D7D7D7D7E808283834E
:10C7000082807F7D7D7D7E7D7C7C7C7D7D7E7F804B
:10C7100080807F7F7D7C7C7B7B7B7B7B7C7D7E7D4B
:10C720007D7E7E807F7F7E7E7D7D7D7E7E7D7C7B2F
:10C730007A7B7B7C7D7D7D7D7D7D7C7B7B7B7B7B3C
:10C740007C7C7C7C7C7D7E7F808080807F7D7D7D0D
:10C750007D7C7B7B7B7B7B7B7D7F818282838280F8
:10C760007F7D7C7B7A7A7A7B7C7D7D7D7E7F8080FD
:10C7700080807F7E7D7D7E7E7D7D7C7C7C7C7E7FDF
:10C78000808080808080807F7E7D7D7D7C7D7E7EC0
:10C790007F7F7F80807F7E7F7F80808080807E7EA5
:10C7A0008080808080807F7F7F7E7D7D7F80818094
:10C7B0007F7F7F80818181817F7E7E7E7F7E7D7D88
:10C7C0007D7E7F80807F7E7E7D7D7D7E7F8081817E
:10C7D0008181818181807F7F7F8181818180808053
:10C7E0008080807F7E7F7F7F808181818180818248
:10C7F000838282817F7E7E7F81828382818081832A
:10C80000858687858381807F807F7F808081838408
:10C8100084848382828384858482807E7E7E7F80FE
:10C8200081828484848484838383838383838382D7
:10C8300081808081828383838384838382828282D6
:10C8400082838383838384848382828383838382BA
:10C8500082818182828383838282808081838484B7
:10C860008484858484838281807F8182838383849E
:10C87000848382818282817F7E7E7E7F80818182AD
:10C880008283848484838282818080818181818289
:10C89000838485858483828182838482818181806F
:10C8A0007F80808080808181828383838483828172
:10C8B000818181807F7F7E7E7F7F8081828484846E
:10C8C0008483828282838382828180808080808050
:10C8D0007F7F7F7F7E7E7E7E7E7E7F807F7F7F7F6D
:10C8E0007F80818181818080807F7D7D7C7D7D7D59
:10C8F0007E80818384848483817F7F7F7F807F7E2D
:10C900007D7C7C7D7D7E7E7E7E7E808081807F7E44
:10C910007D7C7C7C7D7D7D7D7D7E80818382817F31
:10C920007E7D7D7E7D7C7B7A7A7A7B7C7C7C7D7E45
:10C930007F808181807F7F7E7E7E7D7D7B7C7C7D14
:10C940007D7E7D7D7C7D7D7E7E7D7D7D7D7D7D7E14
:10C950007D7D7C7D7C7C7C7C7C7D7D7D7D7D7D7C0E
:10C960007C7C7C7D7E7F7F7F7E7E7E7E7E7E7D7DED
:10C970007C7C7B7A7A7A7A7B7C7D7E7E7E7F7F80F0
:10C9800080807F7F7F7E7E7D7C7B7A7B7B7C7D7ED3
:10C990007E7F8081807F7E7D7D7D7D7D7C7B7A7BBF
:10C9A0007C7E7F8080807F807F7F7E7E7F7F7E7E9B
:10C9B0007F808181838484858483827F7E7D7D7D69
:10C9C0007D7E8081818182838382818180807F7F5F
:10C9D0007F7E7E7E7E7E7F8081828281818081815A
:10C9E0008281828282818181808182838484838228
:10C9F00081807F7F7F7F7E7D7D7E80818384848434
:10CA00008382818180807F7F80807F7F808081831F
:10CA100084848483848485868684838281818080E3
:10CA200080818283828282817F80818383838283EB
:10CA300082828181818181828281818384858584D2
:10CA400084848383838484848383848483828282B2
:10CA500080807F81828384848383828282828182B8
:10CA6000828385858483828181818282838383839B
:10CA70008382838485868787858584848282828376
:10CA80008384848483818181828383838282808181
:10CA90008183838383838484838382818180808173
:10CAA0008282838383818182838282818282828166
:10CAB00081808080808284838381807F7F80818168
:10CAC00080807E7E7F7E7E7F80818180818181806B
:10CAD0007F7E7E7E7E7E7E80807F80828385858352
:10CAE00083828181817F7E7D7C7D7D7F808180804E
:10CAF0007F7E7E7E7E7E7E7D7D7C7D7F818281804D
:10CB00007F7E7D7E7D7C7B797A7A7D7D7D7D7D7E5D
:10CB10008081848584817E7B7B7B7B7B7B7D7C7C31
:10CB20007D7F7F7F7F7E7E7E7E7E7F7D7B7A7B7C2E
:10CB30007D7C7C7D7E7E7F8181817F7C7A7A797924
:10CB40007B7C7C7B7B7C7D7E808181807F7E7F7F08
:10CB50007E7D7C7C7E7E7E7D7D7C7C7D80808080F9
:10CB60007E7C7B7B7A7A7A7B7C7D7F8181818180F0
:10CB70007F7E7E7E7D7D7C7B7C7D7C7C7D7D7E7EE4
:10CB800080818180808080808080807F7F7F7F7FA8
:10CB9000807F7F7F7F7E7E7D7C7C7B7C7C7C7D7DBF
:10CBA0007D7E7E7F8082828281818181807E7D7B8D
:10CBB0007A7A7C7E7F80818284858483807E7E7F7A
:10CBC000807E7D7B7C7C7D7F8080818080807F7E7D
:10CBD0007F7E7E7E7E7E7E7F808182828282838453
:10CBE000838381808081807F7E7F81818283838235
:10CBF0008181818282818080807F7E7E7F7F808232
:10CC000081818180818182817F7F7F7E7D7E7E7F29
:10CC100081828484848485848483828180808080EE
:10CC200083848482818080828384848281808080E6
:10CC300081808080828181818080818383838283DF
:10CC4000838485868685848382838383848686869F
:10CC500087878583828383838180807F7E7F8082B4
:10CC60008383838484858788878684838280808089
:10CC70007F7F7F8081828283838586868585858488
:10CC80008382838383818182818283838382828280
:10CC9000807E7D7E80838586878584838282828371
:10CCA0008281818180807F807F7F80818383848473
:10CCB000838281818181828282828281807E7D7D68
:10CCC0007E7F7F8181808181828383838281807E58
:10CCD0007F7F7F7F7F7E7E7D7D7E80808080828261
:10CCE000828281807E7D7E7F7F7F7D7D7D7F7F8054
:10CCF00081807F7E7E7E7F8181807F7E7E7F7E8041
:10CD0000807F7E7E7D7E7E7E7D7B7B7B7B7B7C7C55
:10CD10007C7E7F8081848483807F7E7D7D7F808018
:10CD20007C7B7B797B7D7D7E7F807E7E7D7E7D7E34
:10CD30007D7E7D7E7E7E7E7D7D7D7E7E7F7E7D7C1A
:10CD40007B7A797B7D7E7F80807F7D7C7C7D7F8010
:10CD50008181807D7C7B7D7E7D7B7C7B7A797A7B0B
:10CD60007C7B7A7D7F7E7E7D7E7D7C7D7D7E7D7DF4
:10CD70007D7E7E7E7E7E7E7E7E7F80807F7E7D7ECF
:10CD80007D7E7E7F7F7F7F808181807E7C7B7D7DBD
:10CD90007D7D7D7C7C7B7D7E7F7F7E7F7E7F7F80B7
:10CDA000818080807F7F7E7C7D7C7D7D7F80807F99
:10CDB0007F7E7F7F7E7E7E8081818182817F7E7F7C
:10CDC000808081818181817F7E7F7F7F7E7F7F7F69
:10CDD0007F8081828281828384838281818080803E
:10CDE000818180808181828182828384838281812A
:10CDF0008081818080808282828281808081828322
:10CE000083838483827F7D7F81838583817F7F7F0E
:10CE100082828280807F80808283848382828283F8
:10CE200084878887858280818385848383838282C7
:10CE300082828281838483828181808081828385D2
:10CE4000848380807F7E7E808183838383838483C9
:10CE5000848484848586858382828484838181829C
:10CE6000828281817F807F7F7F80828283848483AE
:10CE70008283848483848383828281828283848484
:10CE80008483838283848483828281828181807F80
:10CE90007E7D7F818282818180807F818282807F8E
:10CEA0008081828180807F80818484858484838264
:10CEB000818080808182838282817F7F7F80818167
:10CEC0007F7F7F808182848484848382808181804B
:10CED000807E7E7D7E7F7F7E7D7D7E7F7F80818167
:10CEE00082828180807F7E7C7D7E808081807F7D4C
:10CEF0007E7E7E7F80828482828180807F7D7D7F36
:10CF000080807F80807F8080807F7D7D7E7E7E7E32
:10CF10007F7F7E7D7D7D7D7E7F808080807F7F7E28
:10CF20007F7F7F7E7E7D7D7D7D7D7D7E7E7E7D7E25
:10CF30007E7E7E7D7C7C7C7C7D7E7E7D7C7D7D7C22
:10CF40007C7C7B7B7C7C7D7F8080808080807F7F01
:10CF50007F7E7D7D7C7E7E7D7C7C7D7D7D7D7E7EFD
:10CF60007D7D7D7D7D7C7C7C7D7E7E7E807F7E7EEA
:10CF70007F7E7E7D7E7E7E7D7C7C7C7C7C7D7D7DDF
:10CF80007C7D7C7E7D7C7C7C7C7B7B7C7C7C7B7CE0
:10CF90007D7F7F7F808181817F7E7C7C7D7D7D7CAC
:10CFA0007C7D7E7E7F80818181807F807F7F7F7F8F
:10CFB0007D7C7D7F81828281818281828384838066
:10CFC0007E7D7E7E7F7F7E7E7F808182828180816A
:10CFD00081807F7F7F7F807F818181818283838148
:10CFE00080808180807F807E7E7E7F80818282843F
:10CFF0008484838282828281808180807F8080801D
:10D000008182838484838282818182828280808201
:10D0100083838282838382848483818182828081EC
:10D0200081818180818384848484858584848483D0
:10D03000818080807F8081808180818284858585D8
:10D0400085858584848383828181828181828283B4
:10D0500083838485858484848484828181807F7FA6
:10D06000818282817F7E7F7F8081828281818182B5
:10D07000838383838281808081808180808080809F
:10D0800081818283858585858584828180807F7F7B
:10D090007F808181828384848382828181807F7F7B
:10D0A0007F7F80818384848586858585858583814E
:10D0B0008080808080808081808081807F7E7F7F73
:10D0C0007F808181828281818180807F7F7E7D7D62
:10D0D0007D7E7F807F80818181828484848383813F
:10D0E00081808080808080808180807F7F7F7F7F43
:10D0F0007F7F7F7F7E7F7E7E7E7D7E7E8080808143
:10D10000817F7F8080807F7F7E7D7D7F8081818128
:10D11000807F7F7F7F7F7E7D7C7D7E7E8080808024
:10D120008080807F7F7F7E7E7D7C7B7B7B7B7B7B2B
:10D130007C7D7E7F818281818080807F7F7E7E7CFE
:10D140007B7D7E7F7E7E7E7E7E7D7D7F7F7F7E7E01
:10D150007E7E7D7D7D7C7B7B7C7D7D7C7C7D7E7E03
:10D160007D7D7E7E7C7C7D7E7E7D7D7D7E7E8080E5
:10D17000807F7D7D7D7E7D7D7B7C7C7D7D7E7E7EDA
:10D180007E7F8080807F7E7D7D7D7D7C7B7A7A7BCB
:10D190007D7E7F7F7F7F8081818080818180808094
:10D1A0007F7F7F80807F7F7E7E7D7E7F7F7E7E7F94
:10D1B0007F808080807F7F7F80807F7F7F7F7E7E7B
:10D1C0007E7E7E7D7C7C7E7E7E7F807F7F80818276
:10D1D000828281807F7F7F7F7F7F7F7F8080807F53
:10D1E0007F7F8082838382807F7E7F7F807F7F7F3F
:10D1F000808181818181808080807F808181818028
:10D200007F7F7F808081808081818180808081811B
:10D210008180828382818282838586868483807FE7
:10D220007E7E7F8080807F808081818383848584EF
:10D2300083828282828282828282838383838484C5
:10D2400084848383838484838383828281818182B3
:10D2500082828283828282838484848584838281A1
:10D260008080818181828383838384848483838398
:10D27000828181838382828484858685858483817B
:10D280008081828282828281818182828281828384
:10D29000848382818081818283848583828181816C
:10D2A0008080818282828282828383838484848359
:10D2B000838281807F7E7E7E7F8181818181828267
:10D2C000828282828384838483828080808181823F
:10D2D0008281818080818181818183838382828137
:10D2E00081807F7E7E7D7D7D7D7D7D7D7E7F7E805C
:10D2F000808180807F7F7F80807F7F7F7F7F7F7F37
:10D300007F8080807F7F7F7E7E7D7E7E7E7E7E7F33
:10D310008080807F7F7E7D7D7D7D7D7E7E7E7E7F29
:10D320007E7F807F808182828181807F7F7E7D7D04
:10D330007C7C7C7C7C7C7D7D7E7E7E7E7E7E7E7D1C
:10D340007C7C7B7C7D7D7D7D7D7D7E7E7F7F7F8007
:10D35000807F7E7E7D7C7C7D7D7D7D7D7C7D7D7FF7
:10D360007F7F7F7E7E7D7D7D7D7C7C7C7D7E7E7EE5
:10D370007F7E7E7E7F7E7E7E7E7E7E7E7D7D7D7DCF
:10D380007E7E7E7F7F7F7F7F7F7F7E7E7D7C7C7CBD
:10D390007D7E7E7F7E7E7E7E7E7F7E7D7D7D7E7EAF
:10D3A0007E7D7D7C7C7D7E7F7F7E7E7E808080809A
:10D3B0007F7E7E7E7E7F7F7F7F7E7F7E7F80808080
:10D3C0007F7F7E7D7D7E7E7D7E7D7D7D7E7F80807C
:10D3D000818181828281807F7E7E7E7F7E7E7E7F54
:10D3E0007F7F7F8080818080807F7F7F7F807F7F45
:10D3F000808080808080808080808080808080812C
:10D400008181818181828283838282818181808006
:10D4100081808181828282828282828181828283F2
:10D4200083828281808080808181828282828183E6
:10D4300082828283838383828282828383828181C8
:10D4400080818080808081828382828282828383C5
:10D4500083838384848583828282818182828283A2
:10D460008282818181828383838282828382838498
:10D470008383838282838383838383838485858478
:10D48000838383838383838384838383848382826C
:10D490008282818383838181818182828483848368
:10D4A0008483848483828281818182828382828256
:10D4B000828080808180817F7F7E7F7F8181828268
:10D4C0008282818181808081808180807F80818251
:10D4D000848483828180808080808080818081813B
:10D4E0008181838384838281807E7F7F8080807F2F
:10D4F0007F80818283848483838283828282807F0F
:10D500007E7F7F807E7F7F8080808081807F7F8024
:10D51000807F7F7E7D7D7D7E8081818080807F7F1A
:10D520007F7F7F7E7D7D7D7D7D7D7E7F7F80808016
:10D530007F7F7E7E7E7E7D7D7C7C7B7C7C7D7D7D19
:10D540007E7E7F7E7E7E7F7E7C7C7C7C7D7E7F7F00
:10D550007F7F7E7E7F7F7F7F7E7D7C7B7B7A7A7AFA
:10D560007B7C7D7D7F80807F7E7E7D7C7D7C7D7CE5
:10D570007C7B7B7C7E808181807E7D7D7D7D7C7AD5
:10D580007A7A7B7B7C7C7D7D7F81828382817F7EBA
:10D590007D7C7B7B7A7A7A7B7D7E7E7F81828383B2
:10D5A0008281807E7E7E7D7C7B7B7C7D7E7F808198
:10D5B0008180807F7F7D7C7D7C7C7C7D7D7F808089
:10D5C0008182838281807F7E7C7B7B7A79797B7E7E
:10D5D00080828484838382828381807F7E7C7B7B44
:10D5E0007B7C7E80828384848280807F7F7E7E7E3F
:10D5F0007C7C7B7E7F818282838382828283828124
:10D600008080807F80818181828283838384838301
:10D6100082828282807F7E7F7F8080818181818102
:10D6200081828182828281807F80808181828485E3
:10D63000858686868484858482817F7E7E7E7F81C6
:10D640008283838484848381808080818080807FC2
:10D65000808283858586868686858584838281818E
:10D660008283828283848485868686878686858473
:10D6700082817E7D7E7E7F81828181828385868696
:10D680008687868584838281808181818183848469
:10D690008483838383838382828181818282828166
:10D6A000818283838281808080828383838282825D
:10D6B0008383838384848484838282828181808043
:10D6C000808080818181818283848484838382823B
:10D6D00081807F7F7E7E7E7E7E8081828383838346
:10D6E00083828181807F7E7F7F7F7F808080808139
:10D6F0008283838280807E7C7C7D7E7E7F80808032
:10D700008181808080808080807F7D7D7C7C7D7E2B
:10D710007E7E7E7E7F80807F7F7F7F7E7E7E7E7E20
:10D720007E7D7E7D7E7F80818181817F7E7D7C7B11
:10D730007B7B7B7B7C7C7C7C7E8081828383817F06
:10D740007E7D7A797A7B7C7D7D7F7F7F80818282FE
:10D75000817F7E7B7A7B7D7D7E7E7D7C7D7E8081F0
:10D76000807D7B7A7A7C7C7B7B7B7C7E81838281E3
:10D770007F7F7F7F7F7E7C7A797A7C7F7F807F7FCF
:10D780007E7D7C7D7D7D7E7D7D7D7D7D7D7D7E7FC5
:10D790007F7F7F7E7E7C7D7E7E7E7F80807E7E7EA4
:10D7A0007E7E7F7F80807F7E7F7F7E7E7D7E7D7C94
:10D7B0007B7B7A7A7B7C7D7E7F7F7F8080807F7F92
:10D7C0007E7E7E7E7E7E7D7E7F80807F7E7E7F8071
:10D7D0007F7F7E7E7D7E7E7F7F7F8080807F7F805B
:10D7E000808080818180807F7E7E7E7F8082828239
:10D7F00082838282828181807F7E7D7E7F81828220
:10D80000828281818182828383817F7D7D7E80800F
:10D8100080808080818282838383848483818180ED
:10D820008181828281808080808181807F7F8082EF
:10D8300083858685858586858383838281818281B0
:10D8400081818080808283848484848483828384B1
:10D8500084848482828282828282818180808081AB
:10D86000828282838585868686858584848281817D
:10D870008282838383838485868686868584838368
:10D880008282828282838384858584838384848464
:10D890008383838383838484848485868685848349
:10D8A000838281818181807F7E7E7F7F8080818273
:10D8B000838384848583828181817F7F7F7E7E7E56
:10D8C0008081818384848484838383828181828133
:10D8D0008181818181818080808081818180807F40
:10D8E000808081828282818080808081818180802D
:10D8F00080808180808080808080807F7F7F7F7F2C
:10D900007F7D7D7C7B7B7C7E7F808081818181812E
:10D9100081807F7F7E7D7D7F8080807F7E7B7B7D21
:10D920007F8182807E7D7D7D7D7D7D7C7C7D7F8114
:10D9300081807D7C7B7C7C7C7E7F7F7C7B7A7B7D19
:10D940007F7F7E7D7E7E7E7E7E7E7C7B7B7C7B7C05
:10D950007F807F7F7E7F8082817F7C7A79787A7BEF
:10D960007D7D7D7C7D7E7F8080808080807F7E7CD1
:10D970007B7B7B7B7B7C7D7F7F80807F7E7D7C7DD6
:10D980007E7F7E7E7D7B7A7A7B7C7C7C7D7D7F80CA
:10D990008181807F7D7C7C7B7B7A7A7A7A7B7D7EBD
:10D9A0007E7D7C7D7E7E7D7D7E7F7F807F7E7F7E97
:10D9B0007E7F7F807F7F7F7F7F7E7E7E7D7D7E807E
:10D9C0008180807F7F7F8080807F7F7E7D7D7D7D69
:10D9D0007E7F8081808081828282828181807F7F40
:10D9E0007F7E7E7D7D7E7F7F7F80807F7F7F7F7F4C
:10D9F0007E7E7F7F7F7F7F8081818181807F80812C
:10DA000082828182828281807F7F7E7F8083838306
:10DA100082828180808081818080808080818283F9
:10DA200084848383838382828282818183848381CD
:10DA3000808181818183838180808181807E7E7EDF
:10DA400080808284858482828383828384848281AD
:10DA50008080808182838486868686868583828292
:10DA60008181808181808081838484848585848490
:10DA70008382818080808182818282838484858682
:10DA8000868685848382817F7F8081828181818176
:10DA9000828384838384858484828181818181825D
:10DAA0008384848585868686868584838382828234
:10DAB000818081818181828384838383828180804C
:10DAC0007F7E7F7F8081828181838384848584843B
:10DAD000828281807F7F7D7D7D7E7E808182828249
:10DAE000818282828281807D7B7B7C7E7D7D7E8047
:10DAF0008282838383807F7F808282807F7E7F7F1C
:10DB0000808282818080808181828180807F7F7E0F
:10DB10007E7E7D7B7A7A797A7C7C7B7B7E80807F3F
:10DB2000807F7F7E7D7F8081807E7C7C7D7F80800A
:10DB30007E7D7D7E7D7D7C7E7E7F7F807F807F7F02
:10DB40007E7C7B7A797C7C7B7A7B7B7B7C7E7F7F17
:10DB50007E7D7D7E7E7F7D7D7D7E80818282817FD8
:10DB60007D7B7A7A7A7C7D7D7D7C7D7E7E7D7D7DF0
:10DB70007E7D7D7D7C7B7D7D7E7D7D7E80807F7FCB
:10DB800080807F7F7D7C7C7D7D7D7E8080818080AC
:10DB90007F7E7D7E7F7E7F7E7F7E7E7F7F7E7D7CA3
:10DBA0007B7B7C7D7D7E7E808080807E7D7C7D7D9C
:10DBB0007F7F7F7F7F7F7F7F808282828180807F67
:10DBC0008080807F808181807F7F80808080808056
:10DBD000807F7F7F7F7E7F7F80808080818181804A
:10DBE0007F7F7F7E7E7E7F8081808080808080823C
:10DBF000838383838382807F7E7E7E7E7F8080811D
:10DC000081818180818182818181817F7F7F7E7D11
:10DC10007D7F828384838382818180807F7F7F80F8
:10DC200080808081828384848483828281808080DA
:10DC30007F8081828181807F7F80828485848382CE
:10DC400082808181808081838586858483838280B0
:10DC500080828283838382818080808080807F80B5
:10DC60008082838587858483848383828283817F86
:10DC70007E7F8183848686868585858584817F7E77
:10DC80007E7D7E7F8080818384878685828280817D
:10DC90008284858483828383828385868583818051
:10DCA0008081818182807F8082828282838382815F
:10DCB0008082818180818283838282828281828448
:10DCC000858585858584828180807F7F7F80818135
:10DCD00081818281807F7E7E7D7E7E7E7C7B7C7E5C
:10DCE000808082838485858586858382807E7C7D15
:10DCF0007D7E7F808182838282808080807F7E7D26
:10DD00007D7D7D7D7D7D7D7D7E7E7F80818182812B
:10DD1000818082818180807F7F7F818282838382F4
:10DD2000817F7E7E7E7D7D7C7D7D7D7C7C7D7E7F1A
:10DD30007F7F7E7E7D7E7D7D7E7F807F7E7D7F80FE
:10DD400081818080807F7E7D7C7C7C7D7E7F7F7EEC
:10DD50007D7D7D7E7E80817F7D7C7C7D7D7B7A7AF2
:10DD60007C7D7F8283838281828281818282807DA9
:10DD70007A78797A7B7C7D7E7E7F7F7F7D7B7A7BE4
:10DD80007D7F7E7F7D7C7B7D7F8182807F7E7E7DAF
:10DD90007D7D7E7E7F7F807F7E7E7E7E7D7C7C7DA6
:10DDA0007D7D7D7E7F7E7D7D7D7D7C7A7A7C8081A0
:10DDB000807F7E7D7E818485827F7D7D7D7C7B7B77
:10DDC0007B7B7C7D8081818282827F7D7B7B7C7C72
:10DDD0007C7D7D7D7D7E818484838181807F7F7E4B
:10DDE0007D7C7D7F8282817F7E7D7E7F8083848437
:10DDF0008381807F7E7D7D7D7D7D7E80808181822F
:10DE000081817F808181807E7E7D7D7C7E7F80821E
:10DE10008283838382838382807F7F7E7E7F8081F3
:10DE200083838383828282828281807F7F7F7F7EE1
:10DE30007E7F808080818384858584838281807FCA
:10DE400080808182838383838484838485868584A0
:10DE5000828181818282838383838383828282829F
:10DE600082807E7E7D7D7D7E7F80818183838384B1
:10DE70008484838381818182828384858484848570
:10DE80008586868686858382817F7E7F808181826A
:10DE90008282818281828182828282828282838363
:10DEA0008484858485858687878786858484838422
:10DEB0008381808081818283838382828181818248
:10DEC000818180808081828281818182828383813D
:10DED0008180818182828384858687868582807F16
:10DEE0007F7F7F7E7E7E7E7F80818282838384852A
:10DEF00085838181807F80818281807F807F7E8019
:10DF0000818384848382807F7F80807F7F7F7F7F07
:10DF10007F7E7F808183848482807E7E7D7B7B7C0C
:10DF20007E80807F8080808180807F7F7E80807FF8
:10DF30007F7E7D7B7B7C7D7E7F7E7D7D7E7D7D7D0E
:10DF40007E7D7F808180807E7D7D7D7D7F80807FE6
:10DF50007D7D7D7D7D7C7C7C7C7D7D7F7F7E7D7DF0
:10DF60007D7D7D7E7E7C7C7C7C7E7F7F7F7F7D7DDA
:10DF70007D7E7E7D7D7C7C7C7C7D7F7F7E7D7D7DCE
:10DF80007D7D7E7E7F7F808081807E7D7E7D7C7BAF
:10DF90007A7979797A7B7C7D7F808282807F7E7DB1
:10DFA0007C7C7C7C7C7B7B7C7E7E7F7F8080808099
:10DFB00080807F7F7F8081817F7E7D7C7C7D7E7F76
:10DFC00080808181808080807F807F7E7F80808054
:10DFD0007F7E7E7E7E7D7C7B7A7A7B7C7D7D7D7F75
:10DFE0008181828384838281817F7E7D7E7E7E7E2D
:10DFF0007E807F80808180807F7F7F7E7E7E7E7D31
:10E000007D7E7F808080818080808181818281800F
:10E01000807F7F7F7F8080818282838483838181F0
:10E0200081818383828180808081818282828282D9
:10E030008282807F7F8081818282828182818282CE
:10E0400083838382807F7F808182818180808183BE
:10E050008484848483838383838282808080828299
:10E060008381818080818183838382818180807F9D
:10E070008081828384868788868584838382828266
:10E080008180808080818283848585858483848368
:10E090008483838180808182828281838485868655
:10E0A000868483828282818081828282848687863E
:10E0B00086858584838281807F7F7F808182828341
:10E0C000828282838483828282828181807F7E7E3B
:10E0D0007E7F808182848586868686858685858307
:10E0E00082807F7E7F81818182818281807F7F7E2D
:10E0F0007E7E7F7F7F7F7F8082838485858482810F
:10E100007F7E7E7F81818182818180808182838305
:10E110008383817F7E7D7D7C7D7E7E7F808081810B
:10E12000807F7F8081807F7E7C7A797A7B7D7E7F15
:10E1300081838585858483817F7D7C7B7A7A7A7AE9
:10E140007B7D7F80807F7F7E80818281807E7C7BE3
:10E150007C7C7D7E7F7F7F7F7E7C7C7C7E7F7F7EE4
:10E160007D7C7C7A7A7A7C7C7E7F807F7E7E7E7EE0
:10E170007E7E7E7E7C7A7878787A7B7D7E7F8080DA
:10E18000808180807E7D7C7B7B7B7C7D7D7E7E7EB6
:10E190007E7F7F7D7D7E7E7D7C7C7B7A7A7B7D7EB3
:10E1A0007E7E7E7D7D7D7D7F7F7F7F7F7E7D7B7C94
:10E1B0007C7C7C7C7D7E7E7F7F8080807F7F7E7D7F
:10E1C0007C7B7B7A7A7B7D7E7F80808080807F7E77
:10E1D0007E7E7F7F7F7F7E7D7C7D7E80818283824D
:10E1E00081818182848482807E7C7C7C7D7D7E7E38
:10E1F0007E7E7E7E7F7E7F7F7F7F7E7E7E7E7E7E3A
:10E200007F7F8081828282828282807F7E7E808107
:10E210008383848382828181818180807F7E7D7DF2
:10E220007D7D7F80818383848585858583838282CC
:10E2300082828282828281818283848586868684AC
:10E2400083828282838486868583817F7F7F8080AC
:10E25000807F7F80818080818282828282838384AA
:10E260008483828282838282838483828281828188
:10E270008181818180808181818283848484838281
:10E280008281818182828282828282838585858564
:10E29000858484848484838383838281828384834A
:10E2A000848384828281818182828282818182824E
:10E2B0008383838282838485858483828180808135
:10E2C00081838283838586868583828182807F7F26
:10E2D0007F7F7F8081818282828383828180807F31
:10E2E0007F7D7E7F8081818283838384858687870B
:10E2F000868583817F7E7E8080807F7E7D7D7E7F20
:10E300008080807E7E7D7D7C7E7F8080808181811B
:10E31000828282807F7F7F7F7F7E7D7E7E7F7F8007
:10E320008281808080807E7D7C7B7A7B7B7C7C7E12
:10E330007E7F8081807E7E7E7E7E7E7D7C7D7D7DFB
:10E340007D7D7D7D7D7E7E7F81818180807E7C7BE9
:10E350007D7D7D7D7C7A78787B7E7F8080807F80EC
:10E360007F7E7D7B7B7C7C7D7D7D7E7F81828383C8
:10E370008382807F7D7C7B7C7D7D7D7C7D7E7F7EBE
:10E380007E7D7E7D7C7B7B7B7D7D7D7C7C7D7F7FC0
:10E390007E7C7D7D7D7E7E7F7E7D7D7D7D7E7E7DA6
:10E3A0007C7C7B7C7C7C7B7A7B7C7D7D7D7D7C7CAE
:10E3B0007C7C7C7C7C7D7E7F7F7F7F7F7E7C7C7D88
:10E3C0007E7E7E7F7E7E7E7E7F7E7F7F807F7F7E65
:10E3D0007E7D7D7D7E7E7F7F807F7F7E7E80818152
:10E3E000818181817F7F7F808181817F7F7F7F7F2E
:10E3F0007F7E7E7D7E7F808182828281818080801F
:10E400008181807F7E7D7C7C7C7D7E7F8080808022
:10E4100081828181818181818080818182838586E1
:10E4200086858483818182848484828080808282C4
:10E430008283838281807F7F7F80818180808080D2
:10E4400080807F80818283838383838585858483A5
:10E450008281807F808284848483828182818181A1
:10E4600080807F7F7E7F8081838383838383838398
:10E470008283848685848384858585858484848459
:10E48000848483838383838383838382828282825F
:10E490008180818283838282808181818181808168
:10E4A00082828282848585858485848381807E7E44
:10E4B0007E7F80828282828283838384848381823E
:10E4C000828381807F808181828585858483838228
:10E4D000828181818283828282838382828383821A
:10E4E0008282818080807F7E7D7F80818282818028
:10E4F0007F7E7D7E7F8081838382817F7E7D7E7E25
:10E5000080818283838382807F7D7D7E8080808105
:10E51000818080808080808281807E7F8080807FFB
:10E520007E7E8083838381807F7F818282807E7DE7
:10E530007D7C7D7E7F7F7E7F7F80807E7E7D7D7DFA
:10E540007E7F7E7D7E7E7E7E7E7F7F7F7E7E7E7FE7
:10E550007F7F7F7E7D7D7E7F7F7F7F808181817FCA
:10E560007E7D7C7C7D7E7F8181817F7C7A7A7B7BD6
:10E570007D7E807F7D7B7B7D7D7D7C7B7A7B7E7FCE
:10E58000807E7D7B7E7F807F7E7E7E7E7F807F7DA6
:10E5900079787B7F838482807E7C7D7C7B787676B5
:10E5A000787A7A7A7A7B7D7F81828282818081808B
:10E5B0007D7B7B7C7E7E7F8081807F7E7E7D7D7E7D
:10E5C0007F7F7F7D7B7D7D7D7E80838484827F7C59
:10E5D0007A7A7B7D7F807E7C7C7D7E7F81817F7F60
:10E5E0008081807F7E7D7D7C7C7C7C7F7F807F7F47
:10E5F0007F7F7F80818181818281807E7D7D7D7E24
:10E60000818384848584848382807F7E7D7E7E7FF7
:10E610007F7F8080808081828383828280807F7FF1
:10E620007E7F7F81808182828282828282818282D9
:10E630008180808181818181818182838382817FC8
:10E640007E7E7E7D7D7D7E7E7F81828182838485CC
:10E650008584848382828382828281828384858787
:10E660008687858481817F7E7E80818281807F7F95
:10E670008081818282838281818080808282807F8A
:10E680008082838484848384848586878887878541
:10E6900083807E7E7F8284858482807E7F81838367
:10E6A000828182828384858584848486868785842A
:10E6B000817E7B7B7D808283838384848484858543
:10E6C0008686848281817F7E7D7E7F828281817F3A
:10E6D0007F7E80808383858483828281807F808126
:10E6E0008181818282838383838283838383848401
:10E6F000838382838180818182828282807F7E7E09
:10E700007D7F7F80828282828281828180807F7F02
:10E710007F7F7F7F7F7E7E7F7E8081818181818000
:10E720008080807F7E7E7E7E7F7E7E7E7E7E7F80FE
:10E730008180807F818182807F7C7B7A7C7D8081EB
:10E74000818281807F7D7D7C7C7D7E7E7F7E7D7CE5
:10E750007C7C7D7E7F8080818282817F7C7B7B7CD4
:10E760007E80828382807D7D7D7E7F807F7D7C7CBC
:10E770007B7A7B7A7B7C7D7F80828181807F7E7EBD
:10E780007E7E7E7D7E7E7E7C7D7E7F7F7F808080A4
:10E790007F7E7E7D7C7A7B7D7E7E7D7C7C7C7B7DAE
:10E7A0007F8081807F7D7C7B7C7C7D7D7C7D7C7E91
:10E7B0007D7D7E7F7F7E7F7F81807F7E7D7E7D7C75
:10E7C0007D7E7E7E808181807E7D7E7D7D7D7D7D66
:10E7D0007C7C7D7E7E7D7D7E808181838384828141
:10E7E0007F7E7C7B7B7C7D7D7F7F80808080818144
:10E7F000817F7F7F7E7D7D7E7E7D7D7D7E7F808132
:10E800008282817F7D7C7D7C7D7D7E7D7C7C7D7D2B
:10E810007E808284848482817F7F7E7E7F7F7F7FF3
:10E820007F818282838382828282838281818080CF
:10E8300080808081828384848482818180817F80C2
:10E8400080818081828283838484848483828282A3
:10E85000818282838181807F8080828283838281A2
:10E86000818080808080807F7F7F81828484868792
:10E87000878787858482828181818181808182826C
:10E88000848485858584838281807F7F8080808267
:10E89000828485868686858585848481807F7E7F47
:10E8A0008081818384858585868584838282828038
:10E8B0007F7F7F7F7E7F8081828487888885848335
:10E8C0008382828282818181828383838383828324
:10E8D000838482828282818383838382838384840C
:10E8E00084848383828281807F7F7F7F8081828214
:10E8F0008282828282818181807F7F807F7F7F7E12
:10E900007F80818283848381807F7D7D7D7E7D7E0B
:10E910007F808183858584838281807F7F7E7D7CEB
:10E920007B7C7C7D7D7E7F818285858583817E7DEC
:10E930007D7F807F7D7C7C7C7D7E7F7F80808081F1
:10E940007F7E7E7E7E7E7E7E7E7F7E7E7E808284D9
:10E950008483817F7C7B7A7A7B7B7C7C7D7D7E7FE0
:10E96000808080818181807E7C7B7A7A7A7B7B7CCF
:10E970007C7D7E7F7F8080808080807F7F7E7D7DAC
:10E980007C7E7F80808080807F807F7E7C7B7A7BA6
:10E990007A7A797A7A7B7D7D7F7F8080807E7D7BAD
:10E9A0007B7B7B7A7A7A7A7C7D7F80807F7F7E7E9C
:10E9B0007F7D7C7B7B7A7B7D7D7D7D7D7D80808086
:10E9C0007F7E7E7D7E7D7E7D7C7B7C7D7F80818267
:10E9D0008282818180807F7F7D7D7D7D7E7E7F8044
:10E9E00080808081818181818080807F7F7E7E7D2B
:10E9F0007E7F7F7E7E7E7E7D7D7D7E7D7C7D7D7D3E
:10EA00007D7E7F7F7F7E7F7F7F808181828282810A
:10EA100081808181818181808080818181818282E8
:10EA200082818081818080807F7D7D7D7E7F8080EE
:10EA3000818181807F7F7F808081818181818283CC
:10EA4000838586878584838281807E7E7F7E7D7DAF
:10EA50007E7F808183848484838382817E7F7F80A4
:10EA60008080818181828384848483848483818182
:10EA70008181818081818282838384848383828176
:10EA800080807F807F7F7F8183838486868787865F
:10EA900085848484838281807F808080808182835A
:10EAA00084838280807F7F7E7E7F7F7F808183835F
:10EAB0008485878786848483828181818181838420
:10EAC00083848485858585838282817F7E7D7D7D2B
:10EAD0007D7E808283858586858483838382818110
:10EAE00080807F8081828484848585838281818007
:10EAF0007F7F7F7F808080818384848585858483F8
:10EB0000828181807E7E7D7D7D7E7F7F818282830A
:10EB100083848383818180807F7F7F7E7E7E7E7FF2
:10EB20007F7F808080808080808080807F7F7F7FEB
:10EB300081818181828281807F7E7D7C7C7B7B7BE9
:10EB40007C7D7E7E7E7F7F8080818181807F7E7DD7
:10EB50007C7C7C7C7D7E7F808181818081818181C4
:10EB6000807F7E7D7C7C7C7D7E8080807F7F7F7EC1
:10EB70007E7E7E7D7D7C7D7D7C7B7B7C7E7E8081C0
:10EB80008282807F7E7E7E7E7D7D7C7C7C7D7D7EA4
:10EB90007D7D7D7E7D7D7D7E7D7C7C7D7D7E7E7FA1
:10EBA0007F7E7E7E7F8080807F7E7E7D7D7C7B7B86
:10EBB0007C7D7E7F80808080807F80807F7F7E7D67
:10EBC0007D7D7D7C7C7D7D7D7E7F8080818182815D
:10EBD00081807F7F7F7F7E7D7C7C7C7D7D7E7E7E55
:10EBE0007E7F7F7F7F7F7D7C7C7B7D7E7F7F7F7F45
:10EBF0008080818181818180807F7F7E7E7E7F7F1A
:10EC00007F7F7E7D7E7E7E7F7F7F7F7E7D7C7B7C27
:10EC10007D7E8081828182828383828181807F7EEA
:10EC20007E7D7D7D7E7F80818181818182828282E5
:10EC30008181807F7E7E7F7F8080818181818282D1
:10EC40008281807F7E7E7E7F8080818182838383BC
:10EC5000848383838281808080808081828282829B
:10EC60008283858584828281818181818181808185
:10EC700082838383838483838382807F7F7F80807A
:10EC8000818181828282838485858584838181815B
:10EC9000808080807F7F818385858584858484844E
:10ECA0008382818181818180808182828385848445
:10ECB000848484858686858584828180818283841C
:10ECC000848484838383838282828282828282821A
:10ECD000818283848383838383838382818181810F
:10ECE0008181828282838384848383828181818102
:10ECF000807F7F8080818181818181808080808010
:10ED000080818182828282828384848383828180E3
:10ED1000807F7F80808081818181828382818181E7
:10ED200081807F7F7E7D7D7E7F80808081828382E7
:10ED3000828281807E7E7D7D7E7F7E7D7D7C7C7DEE
:10ED40007E7F7F8080808080807F7F7E7C7B7C7EDA
:10ED50007F7F7E7D7C7C7D7E7F7F7F7D7E7F8182CD
:10ED600082807E7C7C7C7C7D7F7F7E7C7C7D7E7EC9
:10ED70007D7C7C7E7E7F7E7E7E7E7E7F80807E7EB2
:10ED80007E7F7F7F8080807F7D7C7D7E7E7F7F7F9A
:10ED90007E7E7E7E7E7E7E7E7E7E7D7C7B7A797AA6
:10EDA0007B7B7B7B7C7D7E7E7F7F7F7F7E7E7E7E8E
:10EDB0007D7C7D7D7F7F7F807F7F7F8080807F7E69
:10EDC0007E7E7D7C7A7A7B7D7E7E7E7E7D7D7E7F73
:10EDD0007F7E7E7E7F7F7E7D7D7E7D7E7E7F7F7E51
:10EDE0007E7E7F7F7F7F7F7E7D7D7E7F7E7C7C7C45
:10EDF0007D7C7C7D7E7E7E7E7F7E7F7F80807F7F30
:10EE00007E7F80807F7F7E7F7E7F7F80807F80810E
:10EE100081807F7F7F7F8080818181818180807FF1
:10EE200080807F7F7E7F80818080808080807F80E7
:10EE3000818281817F7E7E7F7F80808181838383C9
:10EE400083828382828182828382828281808080A7
:10EE5000807F807F808081818181828282828281A5
:10EE60008180807F8081828283828281818183848C
:10EE70008382818182838384848483838383828168
:10EE80008182828281807F7F808284848483838365
:10EE9000838688888583807D7C7E7F808182828551
:10EEA00089898785858686858483807E7C7D7F8130
:10EEB0008284848483848687878786847F7D7D7F20
:10EEC000807F808183858788898988868583817D05
:10EED0007C7C7C7D7D7E7E818286888A8B8988860B
:10EEE00085837F7E7D7E7E7E808283838586868508
:10EEF00085858583817F7D7C7C7D7F8385878787F2
:10EF00008685838280807D7C7B7D7D7E7E808385FF
:10EF1000878888878482828282807F7E7D7B7A7ADE
:10EF20007C7E8082838484838281807F7E7E7D7DDF
:10EF30007C7D7D7E80828384838382828181807ECA
:10EF40007C7C7C7C7D7D7D7E808182828281807ED6
:10EF50007F7E7E7C7A7A7B7C7D80818282838383C4
:10EF600082817F7F7F7E7D7C7B7C7C7D7D7E7F7FC1
:10EF70008080807E7C7B797776777779797A7C7DE3
:10EF80007F7F8181807F7E7D7C7B7A7A79797A7BB5
:10EF90007C7D7F807F7F80807F7E7D7C7C7C7B7B97
:10EFA0007B7B7B7C7E81828280808080807F7D7C79
:10EFB0007C7C7D7D7D7D7D7E7F8080807F7E7E7F71
:10EFC0007F7D7D7C7C7B7B7C7D7D7E7E7E7E7F806D
:10EFD0008180807F7E7C7C7D7E7E7F7E7D7C7C7D53
:10EFE0007E7F7E7F7E7D7D7F7F7F7D7C7D7D7D7D45
:10EFF0007F8080807F808081818283838281818005
:10F000007F7F7E7E7D7D7D7D7E7E7F80828483820C
:10F01000807E7C7C7D7E7E7E7F7F7F7F7F7F818107
:10F02000818180807F80808180807F8080808182DC
:10F0300082828383817F7F7E7E7F8080807F7E7FD0
:10F040007F808182828281818080808081818080B6
:10F050008080808181818281828282818281807FA1
:10F060007F80818282818182828282838382828286
:10F07000828282818181828181818181818181817C
:10F080008181818180818081818282818183848468
:10F090008484838382838485848383848584848534
:10F0A0008584838382828181808283838384838138
:10F0B000818183848584838180808182828282832E
:10F0C0008384848585858585858584848382818004
:10F0D000808081828383838383828282817F808018
:10F0E0007F7F8082828181818284858585848484FA
:10F0F00084848382818182838382828282828180EE
:10F100008181838484827F7D7D7F808282828080F2
:10F1100080818282828282828281807F7D7D7E80E8
:10F1200080818384848382818080817F7E7D7E80D4
:10F13000808080807F8081828282807F7E7E7F81CE
:10F14000818180818080808181818281817F7F7EB9
:10F150007D7E7E7E7E7E7E7F7E7F7F8081818080C1
:10F16000807E7C7B7C7D7D7D7E7E7E7E80818282BA
:10F1700082828281807E7D7C7C7C7C7C7C7C7C7DB0
:10F180007E7E7E7F7F7F7D7B7B7B7C7D7E7E7F7FA7
:10F190007F7F7F7F7F7E7D7E7E7D7D7E7F807F8087
:10F1A000807F7D7D7E7E7E7C7A79797A7A7B7B7AA0
:10F1B0007A7B7D7F807F7E7E7D7C7B7B7B7A797A8C
:10F1C0007C7E7F7F80807E7E7D7E7F80807F7F7E55
:10F1D0007C7C7B7C7C7C7D7F807F7E7F80807F7F52
:10F1E0007F7E7D7C7C7C7C7B7C7E808080807F7F42
:10F1F0007F808181807E7D7D7D7E7E7F7F8080811E
:10F20000818181807E7E7F7E7D7D7D7D7E7E7F7F14
:10F210008080818080808180807F7F7E7D7D7D7EFB
:10F220007F7F80807F808081807F7F7F7F7E7D7DEC
:10F230007E80807F80808080818182828181807FCA
:10F240007E7E7E7F808282828282828383838281AD
:10F25000807F7F7F7E7E7E7F7F81818181818181B2
:10F260008081818080808081808281828284858784
:10F2700087868583828181828181807F7F80808172
:10F28000828485868686868584828180818181804C
:10F290008080818180818283848382818182848550
:10F2A0008584838484858585848382838484848320
:10F2B0008381818182838383828182838383838329
:10F2C000828181808080808181828383848485841F
:10F2D00085868786848485858584848484858483E3
:10F2E00082818180807F7F7F818180808081828216
:10F2F00083838484838382828282818180808182ED
:10F3000082838384858585848484838281807F7ED3
:10F310007D7D7D7D7E7F80818282828282828282EB
:10F3200081807F7E7E7F7F7F8081818182828180DC
:10F330007F7F7F7F807F7E7F8081818180808080D2
:10F340008080807F7E7D7D7D7D7D7D7E7E7F8080D7
:10F350007F7F7F7F7F7F7F807F7F7F7E7E7E7E80BF
:10F36000818181807F7E7F7F7F7E7D7C7C7C7C7CB9
:10F370007D7F808181807F7E7D7C7C7D7E7E7D7CAB
:10F380007C7B7B7C7C7C7C7E7E7F7F7E7D7D7D7DAF
:10F390007C7C7D7E7E7D7E7F808181807F7E7D7E88
:10F3A0007D7D7C7B7B7B7B7B7B7C7D7D7E7E7E7F96
:10F3B0007F7E7F7F7F7E7D7D7D7D7E7F7E7E7E7E6C
:10F3C0007E7F7F7F7E7E7F7E7F7F7E7D7D7D7D7E5B
:10F3D0007D7C7C7C7D7D7D7D7C7B7C7D7E7E7E7E60
:10F3E0007E7E7E7F80807F7E7E7E7E7E7D7D7E7E39
:10F3F0007F7F7F7F80808080808080807F7E7E7E18
:10F400007D7D7D7D7D7E7D7D7E7F80807F80808017
:10F410007F7F80807F7F7F7F7E7E7E7F7F808080FA
:10F4200080818181818281818081808181818181CE
:10F43000818181818281807F7E7F7F80807F7E7ECF
:10F440007F80807F7F7E7F818182818180807F7FBE
:10F45000808183838383838283848484848383827F
:10F4600081818282818080818281807F808181828E
:10F470008282817F7F808182828282828181828377
:10F48000838283828382828283848484848383834D
:10F49000838383828281817F7F7F7F808080808061
:10F4A0008080818283848485868687868584838222
:10F4B0008282828181818181818283838485858426
:10F4C0008381818081818282818080808181828329
:10F4D00083848485868685848483828282828282F4
:10F4E0008181818182828383828282828281818002
:10F4F000807F8080828282828384848383838282ED
:10F5000082828282818181828282828282838282DD
:10F510008282828182818080807F7F7F80818181E1
:10F52000807F7F80808081828281818283838282CA
:10F53000818181818282828180807F7E7E7D7E7ECC
:10F540007F80818180818181818080807E7E7E7FBD
:10F55000807F808080807F7F7F7F7F7E7E7E7D7DBD
:10F560007D7F808081818182828281807F7E7D7D9E
:10F570007D7C7C7B7B7B7C7D7D7C7C7C7D7F8080BF
:10F58000817F7F7E7D7C7C7B7C7C7D7C7D7D7E7EA7
:10F59000807F7F7E7E7E7C7B7A7B7A7C7C7E7E7F9A
:10F5A0007E7E7D7E7E7E7D7D7B7B7A7A7A7B7C7C97
:10F5B0007E80818182818180807D7D7C7C7C7D7D5F
:10F5C0007D7E7E7E7F8080807F7E7E7D7C7C7C7C5D
:10F5D0007A7A7A7B7C7C7D7E7F7F8081818180804E
:10F5E0007E7D7C7B7C7C7C7C7D7E808181807E7D41
:10F5F0007D7D7D7E7D7C7C7B7B7B7D7E8080828231
:10F600008282817F7E7E7E7D7E7F7F7F7F7F808105
:10F61000828385868683807E7D7D7D7D7D7C7C7CEE
:10F620007D7D7D7E7F8081838382807D7D7C7D7DED
:10F630007E80818181828282838484838282817FB1
:10F640007F808181818181818281818182818181AB
:10F650008180807F7E7F7F80818283838484848495
:10F660008382818182828282828383848586878667
:10F670008685838281807F7E7D7E7E7E7F81828281
:10F6800082828383838282817F7E7F80808080816B
:10F690008282838484838182828383838180808049
:10F6A0008182828181828282838282818180818043
:10F6B000807F7F7F8082838585868584848585851C
:10F6C000838382828282828283838484848383820E
:10F6D000828382828181807F7F807F80808182831C
:10F6E00084848382828485868583828181828282EA
:10F6F00083848485868685858383828280807F7EDD
:10F700007E7E7F7F7F807F80807F7F808080808003
:10F7100081818182828282818180808181828283D3
:10F7200083838181808181818181807F7E7E7F7FD3
:10F73000807F7E7D7B7B7C7E7E7F808180808080E1
:10F74000808081828283828181818282838382819F
:10F75000817F7E7E7E7E7E7E7E7E7E7F7E7E7D7DC6
:10F760007D7D7D7E7E7E7E7E7D7D7E7E7E7F7E7EBD
:10F770007E7F7F80818080808080807F7E7E7D7D97
:10F780007D7D7D7C7D7C7D7E7F7F7E7E7E7E7D7DA2
:10F790007D7D7D7E7E7E7F7F807F7F807F7F7F7E81
:10F7A0007F80807E7E7D7D7D7C7C7D7F7F7F808075
:10F7B000807E7D7B7B7B7A797A7B7C7D7F8081817B
:10F7C000807F7D7D7C7D7C7C7C7C7B7C7D7D7C7C6E
:10F7D0007C7C7E7F807F7E7D7D7D7E7F8181817F41
:10F7E0007E7D7D7D7C7C7D7C7B7B7C7E8081818140
:10F7F0008282818080808082828382827F7F7C7906
:10F80000797A7C7D7E7F80807F807F808081817F10
:10F810007D7B7A7C7F8080818281807F80808181F6
:10F820007F7D7C7D7E7E7F80828485858381807FD5
:10F830007E7E7E7F807F7F7F7F7F80818080807ED5
:10F840007D7E7E7F7F80818181807F8081818182BA
:10F85000818281828485858485848482817F7F7E84
:10F860007E7E7F808182838383828281807E80818D
:10F8700081807F7F7E7E7F8080818283838382837D
:10F88000848485868787858484858585848484832C
:10F89000818180807F808182828182828483828252
:10F8A0008383818281828382838384838485868625
:10F8B0008485848584848382818182828384858314
:10F8C00082817E7D7E808081828180808081818234
:10F8D0008181818182838483828284848384838200
:10F8E000838282828484827F808285858381807FF7
:10F8F000808283827E7E80828384868786868685D8
:10F90000828080808080807F8184858381808181E6
:10F91000817F7E7D7E7E8080807F808284858585DC
:10F9200084817E7C7B7A7A7C7F82848382818181E0
:10F930008384848381807E7C7C7D7E7F7E7E7D7ED1
:10F940007F828281807F7F7E7D7E7F7F7F818384B7
:10F950008482807F7E7F7F8080807F7F7F807F7EAC
:10F960007D7C7B7A7B7E7F808181807F7E7E7E7DB9
:10F970007D7D7D7E7F7F7F80808080808081807F95
:10F9800080807F7E7D7D7C7B7B7C7D7E7E7F808199
:10F990008181807E7C7B7C7D7D7C7C7D7E7E7F808A
:10F9A000807F7D7E7F7F7F7F7F7D7B7B7B7A7A7A86
:10F9B0007A7B7D7F808181807E7D7B7A7B7D7F806D
:10F9C00081818181828281807F7F7F807F7E7B7A3F
:10F9D0007A7B7C7D7C7C7C7D7F81828181807F7E47
:10F9E0007E7F7E7F7F7F7E7C7A7C7F828383838223
:10F9F000817F7E7E7D7C7C7B7B7A7B7B7C7C7E7F3B
:10FA00008080807E7C7B7C7D7E7E7F80807F7F7F10
:10FA1000808081828281818080807F7E7E7C7C7EEE
:10FA2000828483817F7F8080807F7F7E7E7E7E7EDA
:10FA30007E7E7D7F7F828283838383828280807EBD
:10FA40007E7D7C7C7D7F80828282828282828181B7
:10FA50008180807F7F7F7F7F7F7F7E7E7F808081B0
:10FA60008182818181807F7F7F808081808181818F
:10FA7000828383838181818180807F7F8081818176
:10FA8000828284848485868584838281808081814A
:10FA9000818080828282828383848382828181804A
:10FAA000818181807F808182828384848383838437
:10FAB0008483838281808081818281828384858521
:10FAC000858585838281807F7F7F80828383838316
:10FAD00084848382818181818283828383838383FF
:10FAE00083838383828282828281808181828485F2
:10FAF00084848382818183838382818181818181E6
:10FB000081818283838484848383848482828181CB
:10FB100081808080808182828283848484828080CC
:10FB20007F7F7F80808080818081828382838281C9
:10FB30007F7E7E7F7F807F7E7E7F818284848382C2
:10FB400081807F7E7E7E7F808080807F80808181BB
:10FB500083838281807F7F7F7F7E7E7D7C7C7E7FB2
:10FB6000808081828180818281807E7D7C7B7B7CA4
:10FB70007D7E7F808081828181807E7D7D7C7C7B9B
:10FB80007B7B7C7C7E808282838281807F7F7E7D86
:10FB90007C7C7B7B7B7D7D7D7D7D7D7E7E80807F93
:10FBA0007E7E7D7D7D7D7D7C7C7C7D7E7E7E80807D
:10FBB0008080807F7F7E7D7D7C7B7A7A7C7D7D7E70
:10FBC0007E7F7F7E7D7D7D7C7C7C7D7C7C7C7C7C67
:10FBD0007C7D7F81828381807D7C7B7C7C7B7A794C
:10FBE0007A7B7C7E7F7F8080808181807F7E7D7D2F
:10FBF0007C7D7C7C7B7A7A7D8083848584827F7E19
:10FC00007C7A7A7A7A7A7B7D7F7F7F81828181811B
:10FC10008181807F7C7A78787A7C7E7F808080800A
:10FC2000818281807F7E7D7C7C7D7D7D7E808283E4
:10FC3000858483807E7D7D7E7E7E7E7E7E7D7E7FD2
:10FC40008081818181817F7E7E7E7D7C7D7E7E7FC5
:10FC5000808181828282828382818081828282818C
:10FC6000817F7D7D7E808182838382828181817F8D
:10FC70007F7F7F7F7F7E7F7F808081818282828481
:10FC80008484858685838281818181828483838245
:10FC90008283838281818282828383838281818243
:10FCA000828281828282828282838180808182823A
:10FCB0008383838382838383828282838384848415
:10FCC000848383838383828182828281828382820E
:10FCD000828382828180818181808181818183820E
:10FCE00082818283848687878786858483838282D4
:10FCF0008283848584848483838383838281807FD9
:10FD0000808180807F8080818284858585858585CE
:10FD100084828181818282828484848484838181BB
:10FD200081818282807F7E7D7E80828282818284C8
:10FD300085858483817F7E7E7D7D7D7D7E7F8080C5
:10FD400081828283848585848381807F7E7D7C7DA2
:10FD50007D7C7B7B7C7D7F81838483807D7B7B7EC0
:10FD600080838383807F7E7F808182838282818083
:10FD70007F7C7A7A7B7D80828382807E7E7F7F7F9C
:10FD80007F7F7F7E7E7E7D7D7C7D7E7E7E7E7E7D96
:10FD90007E7E7F7E7D7C7C7C7C7D7D7E7F7F807F88
:10FDA0007E7C7C7C7D7E7E7E7D7D7C7C7C7C7C7C88
:10FDB0007D7D7E7F7F808180807F7F7E7D7C7C7C5F
:10FDC0007D7D7E7D7E7D7D7C7C7D7E7D7D7C7C7D64
:10FDD0007D7E7F7F7E7D7D7D7D7C7C7C7C7C7D7D52
:10FDE0007D7C7C7C7D7F807F7F7D7B7B7C7C7C7C45
:10FDF0007C7D7D7C7C7B7B7A7C7D7F80807E7D7D35
:10FE00007D7D7E7F7E7C7C7E7F7F7F7F7E7F7F800F
:10FE10008181807F7E7C7C7C7B7D7F8182818281F1
:10FE20008080818180807E7D7C7C7A7A7A7B7C7EFA
:10FE300080828382807F7E7D7D7F80807E7D7D7DD0
:10FE40007E7F81838484848484827F7D7C7D7E80A8
:10FE500081807F7F7F80808181828282817E7D7EA2
:10FE60007E7E808080808182838383828384858577
:10FE70008686868482818080818284858482807E59
:10FE80007C7C7D7E80818283838483828283838362
:10FE90008382818181818080818283828283848543
:10FEA00085848584848382828383817F7F7F80822F
:10FEB0008587858483838182818282828383838410
:10FEC000838383848382818180808182838382840F
:10FED00086868484848382808081838382807F7FFE
:10FEE0007F818485848382838484858686858483D8
:10FEF00081818081828281818383838284838483E0
:10FF000083838281808081828383838180818384D3
:10FF10008686858382818282828282817F7E7D7EC7
:10FF20007F818285858583827F7E7F808282807FBC
:10FF30007E7C7C7E818282828384858585848381A8
:10FF400080808180807F80807F7E7E7F807F7F7FBA
:10FF50008080807F7F808080818181807F7E7E7FA6
:10FF600081818282808080807F80818281807D7C8F
:10FF70007C7C7C7D7E7E7C7B7D7D7E7D7D7D7D7EB3
:10FF80007E7E7D7E7E7F807F7D7C7B7B7B7D7E8099
:10FF90008081818180807F7F7E7E7E7E7D7C7C7C77
:10FFA0007D7E7E7E7D7B7B7B7D7F818181807E7D72
:10FFB0007C7D7D7D7E7D7D7C7D7D7F7E7E7D7D7D6E
:10FFC0007D7D7D7D7C7B7A7B7B7D7D7E8080807F5F
:10FFD0007E7E7D7E7E7D7C7B797A7B7B7B7C7D7E5D
:10FFE0007F8082818180807F7E7E7D7D7D7E7E7E22
:10FFF0007E7E7E7E7F7F807F7E7D7D7B7B7B7D7E28
:020000041004E6
:100000007F7F7F7F7E7D7D7F80807F7E7D7C7B7B11
:100010007B7C7D7E808080807F80807F7F80807EF3
:100020007C7C7C7D7F7F7E7F8081818283828180DA
:100030007E7D7C7C7D7E7F7F7F7F7F7F80818284D1
:1000400082817F7F7E7D7D808181818181818181AF
:10005000838382807F7F7F7E7D7E7D7E7E7F8081A9
:100060008181828382818080807F7E7F7F7E7C7C95
:100070007D7F818284848483838382828182828162
:10008000808081818181818281818283838280805D
:100090007F7F7F8080818284868687878685848231
:1000A0008182828281818281818283858684848427
:1000B0008382818181818180807F7F7E7F81828335
:1000C0008485848483838383838384838381818100
:1000D000838485858685837F7E7E7E8081828383FF
:1000E00083848687878685848382818181818181DB
:1000F00082828283838586878787868482818282C3
:1001000084838382807F7E7F8081828281817F7FE2
:100110007F818385858483817E7D7E8081828283C9
:100120008282818383838384858382807F7E7D7CBA
:100130007C7D7E8080828384848483838281807FAF
:100140007D7D7D7E7F81828383818180807F8080B1
:10015000807F7F7D7D7E7F7F8081828182818280A2
:10016000807F807F7F7E7D7D7E7F8080818080809C
:100170007F7E7D7D7D7D7D7E7F807F8080807F7F97
:100180007E7E7D7B7B7C7C7D7C7C7D7E7E81828394
:10019000848584838281807E7E7D7C7B7B7A797975
:1001A000797B7C7D7E7F807F7E7E7E7D7D7C7C7D7D
:1001B0007C7D7E7F7E7E7F80818181807F7E7E7E52
:1001C0007E7E7E7D7D7D7D7D7D7C7D7C7D7D7D7E5D
:1001D0007C7B7B7C7D7E7E7E7E7F7E7E7F7E7D7C4B
:1001E0007B7C7C7C7D7E7D7E7E7F7E7E7E7E7E7E39
:1001F0007F7D7E7C7D7D7D7D7D7C7A7A797B7D7E39
:100200007E7F808081818181807F808081807F7EF0
:100210007D7C7D7D7D7D7C7D7D7F8081817F7F7EFE
:100220007D7D7D7D7D7E7F7F7F7E7F7F80818281E2
:100230008181818181817F7F7F7E7E7F7F808081C0
:100240008282828181807F7E7E7E7E7C7C7C7D7DC1
:100250007F80808180818181808080828383818191
:10026000818181828282828181818180808080807F
:10027000807F808182828282828181818080808071
:100280008182818181818181818283838282828353
:100290008283828181818181818081818383838343
:1002A00082828282828282828281807F8081818238
:1002B000828282828283838281808080808080812A
:1002C00083848585858584838282838383838383F6
:1002D0008384848483828180818182817F7F7E7E0A
:1002E0007E7F8082838485858585858584848382DD
:1002F00081807F7F808080828384868687878585D2
:100300008382807E7D7D7D7D7D7E7F8183858686E7
:1003100085868685858381818181828283838383AB
:10032000848585868585838280807F807F7F7F80AE
:1003300081828384858483838382817E7D7D7D7DAC
:100340007E7F808080818283838382818180807FA1
:100350007F7E7D7E7E80828283828281807F7E7EA0
:100360007D7D7D7E7E7F808181818283838382818A
:10037000807F7E7E7D7C7D7C7D7D7E7E7F7E7E7EA1
:100380007F8081807F7D7D7E7E7D7D7E7E7E7F7F86
:100390007F7F7E7F80807F7E7E7F7F807F7F7D7C72
:1003A0007C7D7F7F7F7E7D7C7C7C7C7C7B7B7C7E80
:1003B0007E807F7F7D7E7F8081807F7F7E7D7E7F50
:1003C0007F7F7F7D7C7C7B7D7E7F7C7B7B7B7C7D60
:1003D0007E7D7D7C7D7E7F7F7E7D7D7E7F7E7D7C44
:1003E0007C7C7D7E7F808080807F7E7D7D7D7E7F2A
:1003F0007F7F7E7D7C7C7D7D7C7D7C7C7C7C7C7E2F
:10040000808080808180808080807F7E7C7C7D7CFD
:100410007D7E807E7E7E7F7F7F7E7E7E7F807F7FF3
:100420007D7C7C7F82817F7C7C7E80818181807FDE
:100430007E7F7F7F7F7F80808080807F7F81807FC5
:100440007D7D7E8080807D7E7F8180807F807F80BB
:100450007F80807F7E7E7F8081818181807F7E7FA3
:100460007F8081828281807E7F7F8181807F80808A
:10047000807F80818181818180807F808081808078
:100480007F7E7F8081828181818181808181818065
:100490008182828282828282818181818182818144
:1004A000818180808081808182828281818182823B
:1004B000828282828283828282828382828281811C
:1004C0008181818183838383838384838484848300
:1004D00082828281818080818283838484858585F4
:1004E00084838384838382818182828383838383E1
:1004F00083838282828282828282818181828384DA
:1005000084848484848485848482817F7F7E7E7ECB
:1005100080828282828283838485858483838181B1
:10052000818180807F8081828484848484848384A8
:1005300084838280807F8080807F7F7F7D7E8082B9
:10054000828181828486878785827F7E7F81818286
:10055000807F7E7F7F807F7E7E808182838382809A
:100560007E7D7E8081807F7F7F7E7E7F807F7E7D9F
:100570007D7D7E7F80808181828281807F7F7F7F81
:1005800080807F7F7E7E7F808181818080807F7F71
:100590007F7D7D7C7E7E7F7F7F7F7F80808182816B
:1005A0007F7C7C7B7D7D7E7E7F7E7E7E7F7F80806C
:1005B0007F7F7E7F7E7D7C7D7E7E7F7F7F80808053
:1005C0007F7F7F7F7F7E7E7C7B7A7A7A7B7C7E805A
:1005D00081818081818181807F7D7B7A7B7A7A7A3B
:1005E0007A7A7A7B7E7F80807F7F7F7E7D7C7B7A3C
:1005F0007A7B7C7E7F7F808081807F7E7E7D7C7B1E
:100600007A7A7978787A7C7D7E7F80828382817F16
:100610007D7B7B7B7B7A7A7B7C7D7F8183848382FD
:10062000818180807E7D7C7B7C7C7C7D7D7D7E7FEE
:1006300080807F7F7E7F7E7D7C7C7A7B7C7E7F80DE
:10064000818281808080807F7F7E7D7B7B7B7C7DC3
:100650007E7E7F7F8081828282818180807F7D7C9F
:100660007C7E7F8283838283838382828181818077
:100670007F7E7C7C7D7E8183828282838383828273
:1006800083828280807F7F7F81828484858483824D
:1006900082828180807F7F7E7E7F81828282828350
:1006A00082838383838382818180807E7F80818334
:1006B00085878787878685858483828181818384F6
:1006C00084848483848383828282838483838282FA
:1006D000838484848486868583817F7F80828281EF
:1006E000807F8081838586868686858482818080DE
:1006F0007F7F7E7F808283848382838485858586D5
:1007000084838282828281828384858687858584B0
:1007100083818181818181818080818383838383BF
:1007200083838383838281818180807F80818383AF
:100730008384858585848483838280807E7D7C7D9F
:100740007D7F7F8080818182838483838382818196
:1007500080807F7F80808181828384838382828185
:100760008180807F80807F7F808080818182818086
:100770007F7E7C7B7B7B7C7C7C7D7D7E808183829D
:10078000807F7F7E7F807F7F7E7D7D7E7E7D7D7B87
:100790007C7F828383807E7D7E8080807F7E7F8061
:1007A000818182817F7F7F7E7F7F80807E7B797A5F
:1007B0007B7C7D7E7E7E8080807D7D7D7D7E7E7D5E
:1007C0007C7A7A7A7B7C7D7E7F7F7F7E7C7C7E7E5E
:1007D0007D7C7D7D7E7D7D7D7D7C7B7C7C7C7C7B52
:1007E0007B7C7D7E7F7D7D7C7D7E7E7F7F7F7E7E30
:1007F0007F808181807F807F7F7F7E7D7C7C7D7E0E
:100800007F7E7E7F7F807F7E7D7D7D7D7C7D7D7C0C
:100810007D7D7E7F80807F7F7D7C7B7B7C7B7C7C05
:100820007E7E7F7F808181807F7E7E7E7D7D7D7CE0
:100830007D7E7F7F7E7D7C7D7E7E7F808081807FD0
:1008400080807F7F808080808180808182818181A3
:1008500080807F807F7E7E7D7D7D7D7E7F7F8081AD
:10086000828281807E7E80818282817F7F7E7F8086
:10087000818180808080808081818181818182846A
:1008800084827F7D7D7F8182817F7E7E7F80828169
:10089000818181828383838382828284858585842A
:1008A00084838280807F8182838280808081818234
:1008B0008484838281808080818282838484838314
:1008C00083828281818082828383848586868685F5
:1008D00083838282818080818181828282828283FD
:1008E00083848586858586858381818182828384D0
:1008F00083848484858786868585858586858381AE
:100900007F7E7F7F808182828180818384858384D2
:1009100081817F7F808080818484858584828283B9
:100920008484848382828282828383838484838397
:1009300082818080808080808080808284848382A5
:1009400081808180807F7F7F7F7F808181818080A7
:100950008081828383838282828281807F7F7E7F87
:1009600080807E7E7D7E7F7E7E7D7E7E8080807E9E
:100970007E7D7D7F80818180807F8080818181807C
:100980007F7E7D7D7C7C7E7E7F7F7F807F7F7F8082
:10099000807F7D7D7C7D7D7C7C7C7B7C7D7E7E7E86
:1009A0007F8080808080807F7E7E7D7C7B7C7C7E63
:1009B0007F807F7D7D7C7D7D7F7F7F7E7E7D7C7C5B
:1009C0007D7D7C7C7D7D7D7D7D7D7E7F7E7E7F804F
:1009D000807F7E7D7E7E7E7E7E7C7C7C7C7C7C7C43
:1009E0007B7B7B7B7C7D7D7C7C7C7D7D7D7C7D7D44
:1009F0007E7E7E7D7D7C7C7C7D7E7E7F7F7F7F7F1B
:100A00007F7E7E7D7D7E7D7D7D7C7D7D7C7C7D7E13
:100A10007D7C7C7C7E7E7E7E7E7D7D7D7C7C7D7C07
:100A20007D7E7F808080808081828281807F7E7ECB
:100A30007E7E7F7F7F7F7F7F7F7F7E7D7D7C7D7DD4
:100A40007E7E7F7F7F7F7F7F8080818281818081AA
:100A5000818180807F808282828181808081828288
:100A60008382828281808180807F7F7E7E7D7E7E88
:100A70007E7F7F7F7F808182828282828282838367
:100A8000838383838383838282818180808080804B
:100A90008081808080818283838282818181818143
:100AA0008181808181818181818284848383838229
:100AB0008283838484838283838383838383838207
:100AC00081817F7F7F80818283828383838382820F
:100AD00083828281818181818181818282838484F8
:100AE00084838383838383828282838383828181DD
:100AF00081818283848483828383838282828282CF
:100B000081818181828383838484858484848383B7
:100B100082838384838383838382828281828282AD
:100B200082828181808180808080808081828383B5
:100B30008383828282828282818282828382828293
:100B400082818282828181807F7F7F7F7F7F7F7FA2
:100B50008081818281818080808081818281818188
:100B6000807F7F807F8080808081818181807F7F86
:100B70008080807F7F7E7E7F808081807F7E7D7E83
:100B80007F8181817F7E7E7E7E7E7F7F7E7F808172
:100B90008180808080807F7F7F7E7D7C7C7C7C7D6F
:100BA0007C7C7D7E7F807F7F7F7F7F807F7E7D7C62
:100BB0007C7B7C7D7E7E7E7E7E7E7D7E7F7F7E7D5D
:100BC0007D7E7D7D7C7C7C7C7C7D7D7D7E7E7F7F53
:100BD0007E7E7E7E7D7E7E7E7D7C7B7B7C7C7D7E44
:100BE0007E7E7E7D7D7C7C7C7C7D7D7D7C7C7D7D38
:100BF0007D7D7C7D7D7D7D7C7B7C7B7C7C7D7C7D2F
:100C00007E7F8181807E7D7D7C7C7C7B7B7C7C7D0E
:100C10007D7E7E7F7F818181807F7F7F7E7E7E7DE6
:100C20007C7C7E7F808080818080808181807F7DD0
:100C30007D7E7F7F7F7F808080818181807F7E7FBE
:100C40007E7E7E7E7E7E7D7E7F8183848483817FA7
:100C50007F7E7D7C7C7C7C7D7D7D7E8081828384AB
:100C600084848281807F7D7D7E7E7E7F8081818184
:100C7000818282828181807F7E7E7D7C7D7E80817B
:100C80008283838282828181818283828282818047
:100C90008081828282818181818080808080808148
:100CA000818180818282828282828181828382812B
:100CB0008180818181828282828283838384848411
:100CC0008382828282828282828181828383838301
:100CD00082838383848484848585858484848484D6
:100CE00084858484848382828283838382818181D8
:100CF00081828283848484848382818182828281CE
:100D000081807F80828383838383848585848383BA
:100D1000838383838281817F7F80818383838382B6
:100D200083828282828180808181818182828283AA
:100D3000848585848382828181818181828283838B
:100D40008283848485848382817F7E7D7D7C7D7F98
:100D5000808283838484848484858382807F7D7B76
:100D60007B7C7D7E7F80818180818283848484837B
:100D7000807E7C7B7B7B7B7C7E808181838281818A
:100D8000818282817F7C7B7B7C7E8182828180816B
:100D9000828383817F7D7B7C7C7C7B7B7C7D7D7E75
:100DA0007E7F8081828282807E7D7D7C7C7C7D7D59
:100DB0007E7F81818180807F80807F7D7C7B79794F
:100DC0007A7C7C7D7D7E7E7F8080807E7D7D7D7C4B
:100DD0007C7B7B7B7C7D7E7F808080807F7F7E7C38
:100DE0007B79787A7C7D7C7B7A7B7D7E7F7F7E7E43
:100DF0007F7F807E7C7B7A797A7B7C7D7E7E808122
:100E000082817F7E7D7C7C7C7B7B7A7B7C7E7F7F0E
:100E1000808080808181807F7E7E7E7D7E7E7E7FE1
:100E20007F808080807F7D7D7C7C7C7D7D7D7D7EE4
:100E30007E7F8080807F7F7F7F7F7F7F7E7E7E7EC4
:100E40007F80808181818181818181818181818097
:100E50007F80807F7F7E7E7E7E7F80818181818298
:100E60008281807F7F7E7E7F7F808182828282837B
:100E700083838282818180807F808282828281815D
:100E80008282838281807F7F7F8080808081818158
:100E90008283838282818180818181818080808040
:100EA00081818283848484848382807F7F80808127
:100EB0008281807F8082828484848482838383830E
:100EC00084848483838383838382818181828282F9
:100ED00081807F7F7E7E7E7F808283838384838206
:100EE000838384848381807F7F7F808182838384E6
:100EF00085878786858483828282828181818180C1
:100F0000818182828283848381807F7E7F818384CA
:100F100084838282828383828283848384848483A1
:100F20008383838484848483838282818182818099
:100F3000807F7D7D7D7E7F808182848584838281A8
:100F40008181808181818080808081828485878683
:100F500085828180807F7F7F7E7E7F7F7F807F7F95
:100F60007F7F808081818182828281808080808178
:100F70008182807F7F808182838282807E7D7D7E70
:100F80007F7F8080808081807F7E7E7F7E7E7D7D72
:100F90007C7C7B7C7C7E7F8080807F8080807E7E6E
:100FA0007D7E7E80808281828181807F7F7F7F7F46
:100FB0007E7B7A79797A7B7B7C7D7E7F8182828160
:100FC0007F7E7D7E7D7E7D7E7D7E7E7F7F8180813A
:100FD000808181817F7E7D7D7C7C7C7C7C7D7E7F31
:100FE0007F7F7E7F81807E7D7C7C7D7C7D7E807F1F
:100FF0007F7F807F807F807F7E7C7C7C7C7C7D7F10
:10100000807F7E7E7E7D7C7B7D7D7D7C7C7C7C7D0F
:101010007D7F80807F807F7F7F7D7D7C7E7D7D7DED
:101020007D7D7D7D7E7F7F7E7F80818181818180CE
:101030007F7F7F7E7D7C7D7E7F7F7F7F7F808081C5
:1010400081807F7F7F7F7F7F7F7E7E7E7E7E7F7FB2
:101050007E7D7D7E7F808080808081828281818193
:1010600081817F7F7E7E7E7C7D7D7E7F7E7F807F97
:101070007F7F7F8080818182828181807F7F807F6E
:101080007F808080808080808080808080807E7E65
:101090007F8181807F7D7D7E808082838384848345
:1010A0008280808081828282818081848588868519
:1010B000848380807E7E7E7E7E7D8083848484881F
:1010C000888888848380837F827F808677868F80EC
:1010D00085897D887F7F8D8B8A887F8181818186CC
:1010E0007A86828388837B81787A7F817F8B7883FD
:1010F0007B7E7F8D7C8E7FA3857C95534D5D8E504E
:10110000D39B9784288DC3ABEF8D453F367CB7CBFF
:10111000B3275C21B199C47D6975A26B94787595EC
:1011200091938C6778546C84989C8A746F799E7ABA
:10113000A191A69BAD8A65496E92B3B8A5896A5FF5
:10114000636C94978E75817B9A7089807D7097907F
:101150008465828D9B818D7D7A8A897D8E8091A127
:10116000A28E7C7F8D8F97847E677C827B7A796E5E
:1011700075688895907A727C8A818874858489796B
:101180008582938B9DA0A28985778797918A7D8898
:101190008585767267616F717B6A826F785E706138
:1011A00074737E66776E71717B7C8E81818F897599
:1011B00086688B769B849F837E6469758383A27D1A
:1011C00081778C7C8671759C617D6559668C3A8CC3
:1011D0006958866E6A7159946C657A9F84A36C70A5
:1011E000707A78A18097757C779180A27F808A8AB7
:1011F0008082727E909C7F81577C5C67737761747C
:101200006C725A4F556B71857B816369769F8F9D98
:101210009AA0828C94918C96918E878A8A8D858DE6
:101220007C887F7970776B74746F68676A787D816A
:10123000716D6C79798B89877F898B91929896995A
:101240009799928E8584818581807878767C7D825D
:1012500080827E7F7A7A767B7C817E7B7373737BE0
:101260007D827F818187898C888681848489888832
:10127000838482868587827F797875787779777895
:10128000787B7B7C7878777B7D7F7D7C7A7A7C7AB3
:10129000797979797D8186857F807E877F837E7C61
:1012A000757D8084848586847C7A7A7673817C855A
:1012B000767F797F787C7983787A7C7F85817B7E65
:1012C0007E7A7F858B88908F94909096959796964E
:1012D000908B909484817A737B797B807D7B7B7704
:1012E000757C7E807E868584807F7F798082868AF9
:1012F0008586858B898F8E908C8B8C8A8A87858951
:1013000080817E7D767577777574757573767A7C56
:101310007F7E7C7D7673757A7E8586847B7D787A08
:101320007F83888E8985827E7F807E827C7E7E819F
:101330008081817F817F7E7E807E7B78797A7A7DD5
:101340007D777E8487878184848685848184838475
:10135000827F7F7E7B7B7C8081828281818382828F
:101360007F817F8584838483807C7B7B7F8283866F
:1013700084807E7E80818689898C8A8C8A8B89870D
:1013800084858382847E7E7B8082817E808183814E
:101390007C7F7F81818081808082868986878A891F
:1013A0008B8A8C898A8988888988868684868584C0
:1013B000858282828181818181817F7E7E7F808022
:1013C0008080807F80808181818181808080808118
:1013D0008080808080808080808080807F8080800E
:1013E0007F7F7F7F7F8080807F7F7F7F7F7F7F7F0A
:1013F00050404240504059404B405940F0B50124C4
:10140000E407634000E0F0B50C0DCF0F661E360513
:10141000891B640503D3C943404200D30131640DE5
:1014200003D0661CF60A07D0E41B00207F00791C5D
:1014300089078912803C24031D0DDF0F6E1E3605BF
:101440009B1B6D0503D3DB43524200D301336D0D6B
:1014500003D06E1CF60A07D0ED1B00227F007B1C18
:101460009B079B12803D2D032F1B661B58D4A4465F
:10147000202E46DA20371400BC401D00BD40F2404B
:1014800033412A4380185941CB0F05D0C943C0438B
:10149000002264425041514162464D0D28D10D0D4C
:1014A00007D100281FD0241940414941013A0D0DB0
:1014B000F9D0640006D3013000D30131002C01D1F2
:1014C00040084000013A0BD4941CE40A04D11205F0
:1014D0001144DB071944F0BDD907214B194300E043
:1014E000D9070020F0BD0029DDD1002CDBD1F0BDF3
:1014F0000132C6074008CD0728434908002EE1D035
:10150000D9E73C2E29DA203E40371400BC4000D0F9
:101510000124F24014431A00BB401C43D317ACE72C
:10152000AC46202F08DA20360400B4400D00B54048
:10153000F84039412843A5E73C2F0CDA203F4036DC
:101540000400B44000D00124F84004430800B14036
:101550000C43C117EAE710001900002494E70000CB
:101560000000F07F02000B00F0B50C0D661E360582
:10157000891BE60A6405640D02D0651CED0A04D0DF
:10158000002001210905803C2403A4461C0D671E90
:101590003F05DB1BE70A6405640D02D0651CED0AFC
:1015A00004D0002201231B05803C240377406444BF
:1015B00097B484B296B27443070C7E43150C6F4304
:1015C00080B26843361802D3012000043F1830046B
:1015D000350C00197D41844688B29AB250430C0CF8
:1015E00062431F0C7C438EB27E43921902D30126C4
:1015F0003604A4191604170C3618674101BC81B2D1
:101600009AB25143040C62431B0C5C4380B25843B2
:10161000121802D30120000424181004130C4018DF
:1016200063412D185E410020474106BC88B293B249
:1016300058430C0C6343120C544389B251435B185A
:1016400002D301210904641819041A0C0918624113
:101650006D1856410020474118BCF902720D114324
:10166000F0026A0D1043ED020A0D03D16D194041DD
:101670004941013B124E9B1B7600B3420ED26D00D6
:1016800007D30130002671416646354301D1400839
:1016900040001B05C918E4072144F0BD0BDA0133F3
:1016A00006D1013004D101314F0D01D04908F2E7D4
:1016B000E1070020F0BD013631050020EBE7000016
:1016C000FF0300003FB550404240504059404B405E
:1016D000594000E03FB5124D4C00640D01D0AC42C2
:1016E00002D10020090D09055C00640D01D0AC4257
:1016F00002D100221B0D1B054B4009D44B4003D5E2
:101700008B4200D182423FBD9942FCD190423FBD05
:101710000B43DB1803431343F5D0C94349183FBDBE
:10172000FF07000000B5FFF7D5FF01D0002000BD86
:10173000012000BD00B5FFF7CDFF8041404200BD54
:1017400000B5FFF7BFFF01D9002000BD012000BD9B
:101750000021002805D17047C1174840401AFAD02F
:10176000C90713B5064B1B6898470CBC441CA24024
:101770001005120B0349091B09051943114310BD3C
:10178000647802201F040000002200B5203200F01F
:1017900004F8080000BD000000220B150AD410B5A3
:1017A000944600F00DF81414013400DA0021CB1730
:1017B000024C20470020002170470000BD0400209B
:1017C0000A0DCC0F531E1B05C91A520503D3C9437A
:1017D000404200D30131520D03D0531CDB0A07D025
:1017E000121B00206400611C89078912803A1203D1
:1017F000014BD21A70470000FF030000014B1B6829
:1018000018470000F46D02200100014B9B68184747
:10181000F46D02200100054810B5EFF3108472B694
:10182000034BDB68984784F3108810BD0000803FAD
:10183000F46D0220491A002806D17047C10FC9076C
:1018400000D540420028F8D003B50B4B1B689847E1
:101850000EBC9E4681409E384042803107D20B0626
:1018600007D04900490AC0051043084370470130BA
:10187000F8E7490A8902F5E76478022041000A0E78
:1018800080231B067E2A0BDD9E3A0BDAC11740022D
:10189000400818435242D040490001314843704744
:1018A00000207047C00FC018013870476244343AB6
:1018B0000CD40C2A07DA04009140904052422032A6
:1018C000D440214310BDD843D94310BD203207D4A2
:1018D0000C469440524220321141D040204310BD6A
:1018E0000800C917203203D452422032104110BDE3
:1018F0001800190010BD0000012806D8034B1A5C1F
:1019000001239340D022120693617047AA0F002052
:10191000F0B5C3B005000E00140000F0F9FB019013
:10192000002805D08021FC22490503A800F0E8FB2F
:10193000EFF3108772B6244B1B689847234B1B6844
:101940009847234B1A6880239B005340C022920083
:101950001340204A1360C02223005205210019437E
:1019600014D1C0221C4B92001A601C4B1B68984774
:10197000019B002B24D0039B013B033320D802ABF7
:101980000533984787F3108843B0F0BD0820916A6B
:10199000084084460220014208D0002C06D0191BC2
:1019A0000D2903D82978013C1166013561460029CB
:1019B000D4D0002BD2D0116E013B31700136CDE76F
:1019C000074B1B68DDE7C046AC140020A4140020C0
:1019D0000C8001400C9001400CA00140A814002094
:1019E000A014002010B50400E36A008998472389F9
:1019F00001331B051B0D238123682033236010BD99
:101A00000023F0B583B08374837C0500002B31D1B3
:101A1000CB4E2800FFF7E6FF0400FD281CD84F2816
:101A200035D90200603AD3B29D2B00D9CDE19B009D
:101A3000F3589F467034E3B2EB18187D0F23012151
:101A40000F2258402B7C4B40E97B5B181B181A4037
:101A5000EA73DBB21B092B742A68696892B20B68BF
:101A6000B848D31A1BB2834206DA0B682B60AB7CF2
:101A7000002BCED003B0F0BD0B68D31A1BB2002BE5
:101A8000F5DD0B68D31A1BB2002BF5DCEFE730282D
:101A900026D81F2800D87EE007000123203FFFB290
:101AA000BB40A94A134200D085E1A84A134200D0A6
:101AB000BDE0F0222B89120113402A7D687D1201BE
:101AC00013431843EB6A98470F212A68303CE4B26D
:101AD0002C190140203200092A6020756175BCE78D
:101AE00003000122313BDBB29A4099490A427DD181
:101AF00096490A4200D18FE1F021EB181A7D5B7DF7
:101B0000120113432A8909010A4013432B812A68D1
:101B1000A3E730342A68EC739FE70323AA7B4034A1
:101B2000013A1340AB735B00EC73EB189B8C2B8179
:101B300092E75034E3B2EB18EA7B197DE9731A752A
:101B40008AE76034E3B2EB181B7D2A68EB7384E705
:101B5000803CE2B2AA18EB7B287C117D1B180F2277
:101B60005B1874E7703CE3B20F24EB181A7D280071
:101B7000013214401C75FFF735FF2A68002C00D194
:101B80006BE7287269E70F23D2B2AA18117D0131E1
:101B90000B40137560E70300103BDBB20F2B00D93D
:101BA0005AE701231F000740034204D02B6C9847DB
:101BB00043425841C7B2A30703D52B7C5A1E934119
:101BC0001F430823234028000193640700D40EE13B
:101BD000EB7B002B00D00AE1FFF704FF019B002BF9
:101BE00000D039E72B681A00287236E72800FFF783
:101BF000F9FE403C240204432A682C812DE703228D
:101C00006B899B08934302401343524AEB189B187D
:101C10001B782A689AE703226B894E499B089343F5
:101C200002401343EB18EA7B5B181A7014E7280094
:101C3000FFF7D8FE0F23EF19034000097B753875B5
:101C40000AE70023EB7300232A682B7405E72A7C3C
:101C5000EB7B002A00D1DBE00F210633DAB20B4028
:101C6000EB730F2A00D8F7E601232A68EDE73A4A1A
:101C7000EB7BD35C2A6869E70723EA7B1340EB72AE
:101C80002A68EAE66B89E97BEB18287C44331B78E9
:101C900009180F225B18DAE60F2201210F206B8949
:101CA000EB1844331B7853402A7C4A40E97B521896
:101CB0009B181840E873CCE6A87AEB6B00099847AC
:101CC0002A68E873C9E66B892A68EB1844331B78E5
:101CD000EB73C2E6F022A87A1201EB6A80189847EB
:101CE0006B7CE97B002B00D18DE00F2290430143F8
:101CF000012253406B74F023A87A1B01C018C9B2AB
:101D00002B6B9847A8E6A87AE97BAB6B000998474C
:101D1000A2E6A87AEB7A80099B001843E97B6B6BFB
:101D2000C0B2984798E66B89EA7BEB1844331A7087
:101D300092E600212B7C2A680933EB7329748CE628
:101D4000300D0020E0B1FFFFAAAA000055550000A9
:101D50000080FF7F44080000F00F0020EB7B0F3372
:101D60000F21DAB212090B402A74EB732A6874E669
:101D70002A7C0023EA732A6867E701212A7CEB7B2F
:101D800012011343DAB252080B40EA732B742A682B
:101D900063E6EB7B2A7C5B001343E1E70F22EB7BDE
:101DA00053402A68D2E601222B7C53402A684CE734
:101DB000EB7B0133D4E7213CE3B2EB181A7D5B7D6A
:101DC00012011343AB722A6847E62800FFF70AFEA8
:101DD0000327A97B503C240220434B002C8901316E
:101DE0003940EB182A689C84A973288135E6FFF7EF
:101DF000F9FD2A68019C1300002C12D1002F00D19C
:101E00002BE61A00F0E60F220901024011436FE7AA
:101E1000092B00D920E71FE6044B1A4200D048E600
:101E20001AE6002F00D018E6287216E6AA2A00004B
:101E3000014B185C7047C04680E802107047C046EE
:101E4000F0B5002865D1CB0768D43B4C257802203B
:101E50003A4B1A78197010424FD108424DD0384B86
:101E60001B68D8075FD437489E0705D50678364FDC
:101E7000BE5D364F2E437E740078354E305C28436D
:101E80001D0701D5314D2870DD0601D52F4D687035
:101E90009D0601D52D4DA8705D0601D52B4DE8702E
:101EA0001D0601D5294D2871DD0501D5274D687125
:101EB0009D0501D5254DA8715D0501D5234DE8711E
:101EC0001D0501D5214D2872DD0401D51F4D687215
:101ED0009D0401D51D4DA8725D0401D51B4DE8720E
:101EE0001D0401D5194D28731D14DB0301D5174BB3
:101EF0005873AD0701D5154B98730823180010408F
:101F0000134205D10B4203D00122124B20701A70EC
:101F1000F0BD0128FCD1104B1970F9E78023064C65
:101F20008025237093E707480C4E0778F65D074F2E
:101F30002E433E7498E7C0465C840220478402200A
:101F4000C06C02205E840220181801104A8402200E
:101F500032180110498402204584022025180110FE
:101F600030B500281BD10E4A013013781170184289
:101F700008D1084206D00B4C226852008D0700D5CC
:101F80000243226004221A4209D10A4207D0064ABB
:101F900013685B00890701D501210B43136030BD35
:101FA00048840220BC6C0220C06C0220030001287F
:101FB00003D00020022B37D07047214A21491268F4
:101FC00000200968134201D10F300840930702D462
:101FD0000B061B0F1843530702D40B051B0F1843A6
:101FE000130702D40B041B0F1843D30602D40B03B0
:101FF0001B0F1843930602D40B021B0F1843530602
:1020000002D40B011B0F1843130601D4090F084318
:102010001312D20502D40C4A127810439B07CBD47A
:102020000A4B1B781843C7E7094A0A4B10781B78FC
:10203000421E9041C000002BBED101331843BBE7C4
:10204000BC6C0220C86C0220428402205D84022005
:10205000418402205E84022030B50F4B0F499C6AF8
:102060000F4A0B680F4D1078E31AAB4211DD0123C4
:1020700043400C60137001280CD00C2400220A4944
:1020800018000B780133DBB29C425241524213409C
:102090000B7030BD0020FCE700400540C46C0220FE
:1020A00060840220AF3600005E84022002B47146D4
:1020B00049084900095649008E4402BC7047C04691
:1020C00002B4714649084900095C49008E4402BCCB
:1020D0007047C04603B47146490840004900095A98
:1020E00049008E4403BC70479140030090409C46D9
:1020F000203A9340194352426346D34019437047F4
:1021000001B40248844601BC604700BF85830010CB
:1021100001B40248844601BC604700BF458D0010F1
:1021200096070020960700209607002096070020BB
:1021300096070020960700209607002096070020AB
:10214000960700209607002096070020960700209B
:10215000960700209607002096070020960700208B
:102160007407002074070020740700207407002003
:1021700074070020740700207407002074070020F3
:1021800074070020740700207407002074070020E3
:1021900074070020740700207407002074070020D3
:1021A0006007002060070020600700206007002013
:1021B0006007002060070020600700206007002003
:1021C00060070020600700206007002060070020F3
:1021D00060070020600700206007002060070020E3
:1021E0004406002044060020440600204406002047
:1021F0004406002044060020440600204406002037
:102200004406002044060020440600204406002026
:102210004406002044060020440600204406002016
:1022200052070020520700205207002052070020CA
:1022300052070020520700205207002052070020BA
:1022400052070020520700205207002052070020AA
:10225000520700205207002052070020520700209A
:1022600042070020420700204207002042070020CA
:1022700042070020420700204207002042070020BA
:1022800042070020420700204207002042070020AA
:10229000420700204207002042070020420700209A
:1022A0002A0700202A0700202A0700202A070020EA
:1022B0002A0700202A0700202A0700202A070020DA
:1022C0002A0700202A0700202A0700202A070020CA
:1022D0002A0700202A0700202A0700202A070020BA
:1022E00022070020220700202207002022070020CA
:1022F00022070020220700202207002022070020BA
:1023000022070020220700202207002022070020A9
:102310002207002022070020220700202207002099
:10232000360900202209002016090020E4080020B8
:102330002608002026080020260800202608002065
:10234000A8080020D6080020C80800209408002013
:102350000E0800200E0800200E0800200E080020A5
:102360005208002056080020C0090020B6090020AD
:10237000AC090020A20900208A0900208009002061
:102380006C09002042090020780800205E08002027
:102390007E080020880800200100161900000000B7
:1023A000155FD0AC4B9BB6010F2800000800000061
:1023B00010000000F00501100700000001000000FF
:1023C00001000000FFFFFFFF0F0000000000000001
:1023D000155FD0AC4B9BB601789BD5831B28C202FE
:1023E0000001020F030F0F0F040F0F0F0F0F0F0F3E
:0823F0001500000015000000BB
:0400000510008189DD
:00000001FF
